fWAR,bWAR,Off,Def,BsR,Barrel%,HardHit%,EV,maxEV,wRC+,wOBA,xwOBA,wOBA-xwOBA,xBA,xSLG,OPS,SLG,OBP,AVG,ISO,BABIP,G,PA,AB,R,RBI,HR,XBH,TB,H,1B,2B,3B,SB,BB,IBB,SO,K%,BB%,Chase%,Whiff%,WPA,Clutch,FRV,OAA,DRS,FRM,TZ,Swing%,Z-Swing%,O-Contact%,Z-Contact%,Zone%,BatSpd,Squared-Up%
,8.85,44.52593995665602,23.61910343170166,0.292532536201179,,,,,154.61108256652153,0.4149943269631653,,,,,0.966922804,0.573529411,0.393393393,0.273897058,0.299632353,0.282442748,154,667,544,114,101,38,76,312,149,73,27,11,15,104,4,122,0.182908545,0.155922038,,,3.443894386291504,-1.043675503396393,,,,,20.0,,,,,,,
,8.4,54.35353308349891,10.372675895690918,0.078874547034502,,,,,164.86853681137055,0.4299956828750813,,,,,1.012606934,0.630894308,0.381712626,0.320325203,0.310569105,0.3125,158,689,615,124,149,52,85,388,197,112,31,2,6,61,10,107,0.155297532,0.088534107,,,5.4952778816223145,0.0065803614925501,,,,,17.0,,,,,,,
,9.66,61.50449501027218,-1.1002273559570312,-0.0042997132986783,,,,,174.9043469046998,0.4400911468320188,,,,,1.018578642,0.569805194,0.448773448,0.387987012,0.181818182,0.407608695,155,694,616,128,100,14,68,351,239,171,38,16,23,69,15,55,0.07925072,0.099423631,,,5.805118560791016,-0.6930739385032396,,,,,8.0,,,,,,,
,7.39,35.41377947799828,17.2076096534729,-3.749961561523378,,,,,145.68100955355953,0.401291534154102,,,,,0.92721281,0.530612244,0.396600566,0.337519623,0.193092621,0.378167641,159,706,637,107,88,21,73,338,215,142,44,8,17,58,13,107,0.151558073,0.082152974,,,3.171802043914795,-0.2204930328275325,,,,,25.0,,,,,,,
,6.98,31.904057562809463,21.028325080871586,-0.4538787328638136,,,,,143.2706094923413,0.4030483581803061,,,,,0.922109689,0.520522388,0.401587301,0.315298507,0.205223881,0.328735632,152,632,536,106,102,26,55,279,169,114,26,3,7,75,3,85,0.13449367,0.118670886,,,3.581413745880127,0.3361785132092802,,,,,12.0,,,,,,,
,7.62,29.968250733032917,18.93106961250305,-1.6086032027378678,,,,,142.56283941638196,0.3910011784596877,,,,,0.905312328,0.531914893,0.373397435,0.312056737,0.219858156,0.295585412,139,627,564,105,88,22,67,300,176,109,32,13,14,55,8,24,0.038277511,0.087719298,,,3.6469335556030273,0.2232634633555483,,,,,16.0,,,,,,,
,6.08,49.69309215804283,-6.138088226318359,-0.0829707612283527,,,,,167.97660251935653,0.430047897215422,,,,,1.002729971,0.575819672,0.426910299,0.307377049,0.268442623,0.30490956,148,603,488,104,87,32,63,281,150,87,27,4,7,104,11,76,0.126036484,0.172470978,,,4.5421142578125,-1.5633955080900837,,,,,0.0,,,,,,,
,6.06,46.92691154495368,-6.035225868225098,6.892862248700112,,,,,157.15274421089555,0.4044583957015034,,,,,0.925719987,0.520958083,0.404761904,0.307385229,0.213572854,0.342783505,145,592,501,85,75,21,57,261,154,97,28,8,42,78,6,95,0.160472972,0.131756756,,,3.645838022232056,-0.4724340148117889,,,,,1.0,,,,,,,
,5.82,41.125588170821025,-5.585267543792725,6.386967335827649,,,,,144.35157856615612,0.3987219328086817,,,,,0.894981326,0.477927063,0.417054263,0.287907869,0.190019194,0.286995515,153,645,521,113,78,22,49,249,150,101,21,6,49,117,2,58,0.08992248,0.181395348,,,4.4246344566345215,0.2471128413641734,,,,,-9.0,,,,,,,
,5.46,35.71254368770232,-1.8362817764282229,-0.995365059003234,,,,,147.8755650437002,0.3971575692554974,,,,,0.896502976,0.476190476,0.4203125,0.304761904,0.171428572,0.31277533,153,648,525,98,69,18,50,250,160,110,28,4,2,103,7,59,0.091049382,0.158950617,,,2.132243394851685,-0.8507818936378828,,,,,7.0,,,,,,,
,5.19,26.339917116954123,9.385939598083496,-1.5263800309039652,,,,,138.18220595716784,0.3889119423304994,,,,,0.90765391,0.5,0.40765391,0.317829457,0.182170543,0.309523809,150,601,516,82,95,21,49,258,164,115,25,3,2,79,25,37,0.061564059,0.131447587,,,4.116797924041748,0.6088027394177171,,,,,1.0,,,,,,,
,5.67,51.11248194307342,-18.966734886169434,0.269520029425621,,,,,166.0053486676544,0.4140597006370281,,,,,0.945250704,0.507462686,0.437788018,0.328358208,0.179104478,0.364508393,152,651,536,90,99,24,48,272,176,128,24,0,0,107,13,101,0.155145929,0.164362519,,,5.997021675109863,0.5717192072892336,,,,,-12.0,,,,,,,
,5.68,35.24599320863794,-4.1403844356536865,3.959321713540703,,,,,139.28923503290667,0.384404887801073,,,,,0.871736481,0.478664192,0.393072289,0.263450834,0.215213358,0.258426966,159,673,539,90,87,27,57,258,142,85,25,5,27,109,7,73,0.108469539,0.161961367,,,3.073023796081543,-0.300157834495522,,,,,-8.0,,,,,,,
,5.5,18.30734707974238,12.676145076751707,-1.1856809272430835,,,,,124.81078484171444,0.3585137487729875,,,,,0.828586842,0.495755517,0.332831325,0.25466893,0.241086587,0.236897274,158,664,589,99,107,37,64,292,150,86,23,4,2,68,8,79,0.118975903,0.102409638,,,2.798097848892212,-0.3983798295542486,,,,,9.0,,,,,,,
,5.35,24.66124987580893,7.710538864135742,-0.6007853522896767,,,,,134.9629118145258,0.3810232209590671,,,,,0.881323132,0.524904214,0.356418918,0.283524904,0.24137931,0.296202531,154,595,522,86,84,31,62,274,148,86,29,2,5,58,5,103,0.173109243,0.097478991,,,3.135808229446411,-0.0040189951230638,,,,,-1.0,,,,,,,
,5.76,29.77183876979285,0.9163239002227784,0.2796617695130408,,,,,139.9447287639736,0.3822019774977578,,,,,0.872870188,0.49168207,0.381188118,0.310536044,0.181146026,0.325112107,152,608,541,75,81,23,50,266,168,118,25,2,11,61,8,74,0.121710526,0.100328947,,,3.861196279525757,0.5895272041680255,,,,,3.0,,,,,,,
,5.86,33.5245083378182,-5.904892683029175,0.9208373599685729,,,,,141.74955409698413,0.3908486286859965,,,,,0.896646282,0.507588532,0.38905775,0.335581787,0.172006745,0.350378787,153,660,593,104,90,14,62,301,199,137,36,12,16,51,5,59,0.089393939,0.077272727,,,4.07004451751709,0.4352233888322914,,,,,-2.0,,,,,,,
,5.31,27.955724416623394,-0.7198209762573242,-1.594615602400154,,,,,137.7824658170942,0.3839012205419017,,,,,0.885358535,0.524752475,0.36060606,0.311881188,0.212871287,0.316793893,162,661,606,98,112,23,69,318,189,120,32,14,16,41,4,64,0.096822995,0.062027231,,,3.9508755207061768,1.1489321556606864,,,,,6.0,,,,,,,
,5.85,12.38066000144764,16.214444518089294,-0.3837768621742725,,,,,117.20534533212115,0.3538023442317435,,,,,0.802812036,0.459312839,0.343499197,0.273056057,0.186256782,0.292035398,150,627,553,99,67,19,61,254,151,90,38,4,8,52,1,89,0.141945773,0.082934609,,,0.5177729725837708,0.4711049524280558,,,,,18.0,,,,,,,
,5.2,42.50011863285584,-17.672608375549316,-0.1030001351609826,,,,,150.7121845579475,0.4141008143765586,,,,,0.969224039,0.593167701,0.376056338,0.319875776,0.273291925,0.340816326,160,710,644,104,114,39,83,382,206,123,29,15,5,53,10,120,0.169014084,0.074647887,,,3.3902525901794434,0.0030160168603297,,,,,-3.0,,,,,,,
,5.21,23.69479000918736,3.4538002014160156,2.321496609132737,,,,,128.09245861690536,0.3805053016080212,,,,,0.877071522,0.505376344,0.371695178,0.295698924,0.20967742,0.273453093,150,643,558,99,102,28,58,282,165,107,27,3,11,73,6,40,0.062208398,0.113530326,,,1.0661741495132446,-1.0765944981772866,,,,,11.0,,,,,,,
,5.06,29.20165034326051,-3.65132999420166,1.148445195518434,,,,,134.91740727440074,0.3711866763867382,,,,,0.86245316,0.52027027,0.34218289,0.263513513,0.256756757,0.280660377,158,679,592,103,115,37,69,308,156,87,23,9,40,74,5,141,0.207658321,0.108983799,,,3.99247407913208,0.4214507628917299,,,,,5.0,,,,,,,
,4.98,20.95620390649685,8.893484115600586,-0.8661280311644077,,,,,131.91897868604468,0.3797710719315902,,,,,0.888700114,0.540485829,0.348214285,0.275303643,0.265182186,0.28,142,563,494,67,109,31,67,267,136,69,34,2,2,58,8,95,0.168738898,0.103019538,,,2.2557103633880615,-0.3664554871858825,,,,,2.0,,,,,,,
,5.11,17.38947954503817,9.149635076522827,0.0626532793976366,,,,,122.73853228235603,0.3601084700011908,,,,,0.818612938,0.470175438,0.3484375,0.278947368,0.19122807,0.278586278,152,644,570,86,83,25,56,268,159,103,28,3,8,57,2,70,0.108695652,0.088509316,,,0.8736680150032043,-0.6842008477746424,,,,,8.0,,,,,,,
,4.18,45.23692958299358,-18.80565071105957,0.2780873305164277,,,,,157.39996512456656,0.4192453867470972,,,,,0.987661264,0.593862815,0.393798449,0.308664259,0.285198556,0.344647519,149,645,554,99,130,39,77,329,171,94,35,3,3,80,14,140,0.217054263,0.124031007,,,6.016733646392822,0.7252340233225061,,,,,-12.0,,,,,,,
,4.5,40.58311237788523,-13.74416971206665,2.63165723066777,,,,,152.9279512358272,0.4002742292081003,,,,,0.925063648,0.55047619,0.374587458,0.285714285,0.264761905,0.320652173,146,606,525,93,110,32,73,289,150,77,39,2,17,74,4,129,0.212871287,0.122112211,,,4.576240062713623,0.1347415844845079,,,,,-6.0,,,,,,,
,4.64,16.00996922873886,12.01234531402588,5.054835518356413,,,,,115.31646743644816,0.3497786934005803,,,,,0.778587193,0.406374501,0.372212692,0.282868525,0.123505976,0.306074766,134,589,502,85,53,11,35,204,142,107,19,5,47,73,3,69,0.117147707,0.123938879,,,4.043781757354736,2.518469245953705,,,,,9.0,,,,,,,
,4.75,27.433327693135592,-0.7676944732666016,1.4440703741274774,,,,,134.35279252937994,0.3709610904492255,,,,,0.858323562,0.498194945,0.360128617,0.288808664,0.209386281,0.295503211,151,623,554,77,110,22,66,276,160,94,38,6,5,57,11,69,0.110754414,0.091492776,,,3.619096279144287,0.1892530612980407,,,,,8.0,,,,,,,
,5.39,9.190844306219574,16.486844539642334,1.2276474805548787,,,,,110.9076592267584,0.3422516983737597,,,,,0.771006938,0.410351201,0.360655737,0.286506469,0.123844732,0.331818181,152,617,541,87,62,9,43,222,155,112,28,6,28,65,7,96,0.155591572,0.10534846,,,2.0655627250671387,0.8104602294044767,,,,,13.0,,,,,,,
,5.03,5.948146097052986,22.3264741897583,-0.3441757196560502,,,,,109.9772991148412,0.3408698989169175,,,,,0.753043388,0.388520971,0.364522417,0.291390728,0.097130243,0.336,149,533,453,61,65,6,29,176,132,103,20,3,2,53,0,77,0.14446529,0.099437148,,,0.5165336728096008,-0.171331765088307,,,,,14.0,,,,,,,
,4.71,24.596104801606977,1.867854356765747,0.3434300064109266,,,,,134.37476477915683,0.3737117490994699,,,,,0.824118755,0.409610983,0.414507772,0.23340961,0.176201373,0.283387622,147,581,437,66,61,15,43,179,102,59,24,4,5,125,10,119,0.204819277,0.215146299,,,1.3848838806152344,-1.704658788119941,,,,,-2.0,,,,,,,
,4.73,18.385725452504857,10.082784175872805,0.8267322639003396,,,,,128.2966442180899,0.3617297771917396,,,,,0.813854186,0.434679334,0.379174852,0.256532066,0.178147268,0.279635258,132,511,421,59,61,16,40,183,108,68,21,3,6,85,7,79,0.154598825,0.166340508,,,2.349120616912842,0.1853147319034587,,,,,3.0,,,,,,,
,4.83,23.73494793286175,-0.3625779151916504,-0.0480763302184641,,,,,129.62933085493012,0.3637611752332643,,,,,0.842737977,0.474956822,0.367781155,0.298791018,0.176165804,0.308910891,157,661,579,87,87,17,58,275,173,115,31,10,44,69,13,67,0.101361573,0.104387291,,,3.73015570640564,0.7267911942624306,,,,,7.0,,,,,,,
,4.9,21.5925645519472,3.3749383687973022,6.92572463536635,,,,,120.19721980698684,0.3493839230116438,,,,,0.802241356,0.456603773,0.345637583,0.279245283,0.17735849,0.282700421,141,598,530,92,71,14,58,242,148,90,36,8,61,47,7,50,0.08361204,0.078595317,,,2.1516478061676025,-0.4311089390074247,,,,,5.0,,,,,,,
,5.14,31.00055888238412,-7.874485015869141,0.5966513841412961,,,,,141.44450798565762,0.3903955648179914,,,,,0.902072723,0.532967032,0.369105691,0.302197802,0.23076923,0.326968973,141,620,546,95,119,28,67,291,165,98,36,3,21,56,5,106,0.170967741,0.09032258,,,3.1616616249084473,-0.2217244769323101,,,,,-3.0,,,,,,,
,5.33,11.532274812344587,12.349684715270996,-0.7957324241288006,,,,,117.54024724451116,0.3477153226860568,,,,,0.788683384,0.438938053,0.349745331,0.325663716,0.113274337,0.337254901,138,594,565,79,69,12,35,248,184,149,18,5,22,18,4,45,0.075757575,0.03030303,,,1.937779664993286,0.6693439466388389,,,,,14.0,,,,,,,
,4.89,16.203753518919147,4.866734981536865,-0.944505342748016,,,,,122.71583090795107,0.3554022587480999,,,,,0.813282051,0.462184873,0.351097178,0.307563025,0.154621848,0.314885496,149,638,595,85,100,18,51,275,183,132,28,5,5,39,8,55,0.086206896,0.061128526,,,1.2780081033706665,-0.6299381879036392,,,,,-2.0,,,,,,,
,4.8,30.15164572430973,-12.32681655883789,-1.58062800206244,,,,,137.24757219837528,0.3831067800856239,,,,,0.881115856,0.514820592,0.366295264,0.297971918,0.216848674,0.292096219,162,720,641,104,92,21,86,330,191,105,54,11,18,59,5,43,0.059722222,0.081944444,,,2.4456183910369873,-0.9259708789103032,,,,,2.0,,,,,,,
,3.54,12.516181363082955,7.711028575897217,-0.5150836883112788,,,,,116.04045505080164,0.3508822589209585,,,,,0.797201455,0.450354609,0.346846846,0.241134751,0.209219858,0.24367816,153,669,564,77,110,30,55,254,136,81,22,3,3,93,6,106,0.15844544,0.139013452,,,2.733803987503052,0.6449376929093442,,,,,4.0,,,,,,,
,4.21,26.171845662228893,-5.866007328033447,0.7408667309209704,,,,,131.87527443725998,0.3797044540763995,,,,,0.855386178,0.466666666,0.388719512,0.317948717,0.148717949,0.354378818,154,657,585,117,57,12,55,273,186,131,35,8,17,69,2,84,0.127853881,0.105022831,,,2.820953845977783,0.2785778473098856,,,,,1.0,,,,,,,
,4.45,9.999168636420285,11.431069612503052,-1.2192402961663902,,,,,115.98843105924593,0.3397730360445415,,,,,0.771904659,0.432950191,0.338954468,0.258620689,0.174329502,0.274881516,150,593,522,63,69,19,50,226,135,85,28,3,8,64,6,86,0.145025295,0.107925801,,,2.3511884212493896,0.9753764710689437,,,,,8.0,,,,,,,
,4.63,4.661534598995821,15.486968278884888,0.6766408886760473,,,,,105.39711196015524,0.3296799646291564,,,,,0.733836753,0.386569872,0.347266881,0.274047186,0.112522686,0.294,147,624,551,91,40,4,43,213,151,108,28,11,13,64,1,53,0.084935897,0.102564102,,,0.218227207660675,0.0844358504510996,,,,,12.0,,,,,,,
,4.31,28.50094199659167,-5.979560375213623,-0.6026894054375589,,,,,147.57577958850612,0.3960408033676518,,,,,0.904465867,0.526558891,0.377906976,0.263279445,0.263279446,0.264615384,131,517,433,77,70,28,53,228,114,61,20,5,3,70,1,82,0.15860735,0.135396518,,,1.8234996795654297,-1.52781371735363,,,,,2.0,,,,,,,
,4.17,13.172717550013909,6.9542741775512695,-1.3884458346292377,,,,,120.4972894003646,0.3546321805894684,,,,,0.786670283,0.403508771,0.383161512,0.304093567,0.099415204,0.343181818,136,585,513,78,27,5,34,207,156,122,22,7,33,65,3,70,0.119658119,0.111111111,,,0.1554877907037735,-1.508751196000944,,,,,4.0,,,,,,,
,5.29,14.764459507433678,1.4316606521606443,0.821148095652461,,,,,116.93528295707378,0.3471289589376506,,,,,0.801474925,0.466666666,0.334808259,0.274796747,0.191869919,0.276923076,157,678,615,104,92,25,61,287,169,108,29,7,16,58,10,75,0.110619469,0.085545722,,,2.7833456993103027,-0.2910400856040449,,,,,9.0,,,,,,,
,3.2,22.17941109816112,1.246912568807602,4.688229136168957,,,,,132.2953892358335,0.3810268662143456,,,,,0.88394544,0.519900497,0.364044943,0.315920398,0.203980099,0.319088319,128,446,402,76,61,15,46,209,127,81,25,6,36,32,4,44,0.098654708,0.071748878,,,1.5057099759578705,-0.8166574891776657,,,,,4.0,,,,,,,
,3.86,18.143055917607736,-2.711933135986328,0.1063921423628926,,,,,122.8196522701427,0.3644643717699938,,,,,0.834484876,0.487179487,0.347305389,0.27008547,0.217094017,0.269067796,158,668,585,87,105,31,60,285,158,98,24,5,0,73,2,91,0.136227544,0.109281437,,,3.178462266921997,0.760261559425385,,,,,7.0,,,,,,,
,4.39,16.248413647269302,3.652606010437012,-0.8449818235822022,,,,,127.996769006148,0.3698300986252505,,,,,0.850194552,0.5,0.350194552,0.280434782,0.219565218,0.265984654,130,516,460,77,67,25,48,230,129,81,20,3,2,47,5,47,0.091085271,0.091085271,,,0.2838078737258911,-1.2908191853354003,,,,,1.0,,,,,,,
,3.82,18.322695407950977,-3.721055030822754,-0.1596097648143768,,,,,121.86770071105816,0.359764658649821,,,,,0.833720517,0.498452012,0.335268505,0.297213622,0.20123839,0.301707779,162,696,646,91,115,33,61,322,192,131,25,3,9,38,10,90,0.129310344,0.054597701,,,0.3287679255008697,-1.9720119010013537,,,,,6.0,,,,,,,
,3.75,16.1978687124839,3.0612902641296387,0.9297342752106488,,,,,123.24047147636789,0.363154847639677,,,,,0.835418488,0.503937007,0.331481481,0.293307086,0.210629921,0.290398126,127,541,508,63,76,25,55,256,149,94,28,2,13,30,3,58,0.107208872,0.055452865,,,-0.274884283542633,-1.9671736747276931,,,,,9.0,,,,,,,
,4.07,18.02104297687233,-2.2249650955200195,-0.9305177424103022,,,,,124.19588383157244,0.3675927615203495,,,,,0.837433243,0.458928571,0.378504672,0.291071428,0.167857143,0.322440087,161,645,560,90,91,15,60,257,163,103,41,4,7,79,11,88,0.136434108,0.12248062,,,3.695858001708984,1.2524486694293606,,,,,7.0,,,,,,,
,3.38,7.81204184433275,11.883858680725098,-1.013198519591242,,,,,113.9490632474717,0.344650799059309,,,,,0.766693936,0.39675174,0.369942196,0.250580046,0.146171694,0.27665706,139,521,431,52,55,12,38,171,108,70,25,1,9,77,7,76,0.14587332,0.147792706,,,0.1167617067694664,-1.2715625129896235,,,,,5.0,,,,,,,
,3.52,24.612487654211108,-7.984910488128662,-1.5716933328658342,,,,,135.6991832102253,0.3808478192995058,,,,,0.875982496,0.512195121,0.363787375,0.290806754,0.221388367,0.298329355,153,604,533,86,86,30,57,273,155,98,26,1,2,58,6,89,0.147350993,0.09602649,,,2.0197412967681885,-0.4660325932970188,,,,,-1.0,,,,,,,
,4.1,5.87562126876006,7.705528259277344,-0.6022318000905216,,,,,108.24503092438464,0.340593838528411,,,,,0.778178772,0.453936348,0.324242424,0.262981574,0.190954774,0.289760348,160,664,597,85,76,24,58,271,157,99,26,8,13,55,3,120,0.180722891,0.082831325,,,-0.5504024028778076,-1.545819456055319,,,,,10.0,,,,,,,
,3.73,18.20622471782377,1.84591007232666,-0.4853701796382665,,,,,134.56682055317032,0.3776762075886327,,,,,0.860741758,0.5025,0.358241758,0.2725,0.23,0.291390728,109,457,400,50,49,21,46,201,109,63,21,4,6,52,1,78,0.170678336,0.113785557,,,2.4821438789367676,0.0622237188111474,,,,,7.0,,,,,,,
,3.0999999999999996,29.27803763891834,-5.4399861097335815,-0.5182703202590346,,,,,173.37808346317274,0.4304916214872185,,,,,0.990995729,0.583916083,0.407079646,0.297202797,0.286713286,0.298578199,107,339,286,46,54,22,38,167,85,47,16,0,0,43,2,53,0.156342182,0.126843657,,,1.571218192577362,-0.5744956830166397,,,,,-1.0,,,,,,,
,2.89,18.417669071882695,-7.446283102035523,2.21783536951989,,,,,118.2245032467934,0.3588967494779932,,,,,0.808773396,0.432061068,0.376712328,0.311450381,0.120610687,0.320723684,162,732,655,95,64,9,54,283,204,150,38,7,16,66,7,42,0.057377049,0.090163934,,,1.8678816556930544,0.400993499816046,,,,,-11.0,,,,,,,
,3.69,5.483182787551965,7.834474325180054,3.1675593885593116,,,,,102.92916047243796,0.3361254102550447,,,,,0.765559802,0.441025641,0.324534161,0.259829059,0.181196582,0.267326732,153,651,585,99,77,17,62,258,152,90,35,10,32,55,4,65,0.09984639,0.084485407,,,1.521941900253296,-0.2099787893416034,,,,,4.0,,,,,,,
,3.75,3.5158199456319625,11.347503542900084,2.367888990789652,,,,,101.56507463379624,0.3341369418536915,,,,,0.771719336,0.448336252,0.323383084,0.292469352,0.1558669,0.30417495,139,604,571,85,74,14,51,256,167,116,27,10,22,24,8,58,0.09602649,0.039735099,,,1.85014009475708,0.5173809840530377,,,,,13.0,,,,,,,
,3.87,10.605205595609384,5.091902375221252,1.7305215066298842,,,,,112.91197556125684,0.3474112468607285,,,,,0.79994943,0.474285714,0.325663716,0.281904761,0.192380953,0.309352517,139,566,525,64,65,19,54,249,148,94,26,9,21,34,4,93,0.164310954,0.060070671,,,1.5786762237548828,0.7041153467210872,,,,,7.0,,,,,,,
,3.54,34.55636079975561,-17.28383445739746,-0.2397272605448961,,,,,162.56937811485784,0.4211784011546753,,,,,0.974162799,0.588235294,0.385927505,0.296568627,0.291666667,0.277777777,137,470,408,75,83,31,55,240,121,66,22,2,1,54,2,54,0.114893617,0.114893617,,,3.802485227584839,0.7322647830992817,,,,,-7.0,,,,,,,
,3.61,10.98335483148966,2.142679214477539,-3.44327943213284,,,,,119.09988979173694,0.360774256398752,,,,,0.833859608,0.480633802,0.353225806,0.308098591,0.172535211,0.300578034,154,622,568,75,82,19,54,273,175,121,29,6,13,40,9,38,0.061093247,0.064308681,,,2.8283579349517822,0.804959025096283,,,,,8.0,,,,,,,
,3.69,4.769389782560291,10.256963968276978,-2.6252820906229317,,,,,111.6162488490356,0.3426326021694001,,,,,0.776830661,0.425887265,0.350943396,0.292275574,0.133611691,0.314634146,129,538,479,64,64,11,38,204,140,102,23,4,1,45,5,63,0.117100371,0.083643122,,,0.3952258825302124,-0.0137269544832598,,,,,8.0,,,,,,,
,3.62,1.3160713818635874,7.651577353477478,0.5082962014712393,,,,,101.0250511824348,0.327858939947504,,,,,0.73117751,0.394827586,0.336349924,0.25,0.144827586,0.267223382,159,666,580,65,82,17,47,229,145,98,27,3,4,75,3,89,0.133633633,0.112612612,,,-0.0133625864982604,-0.4704627585990653,,,,,7.0,,,,,,,
,2.55,10.409868128090476,-0.2697670459747314,-0.0233402447775006,,,,,113.50880677311252,0.3647666567847842,,,,,0.812666828,0.423076923,0.389589905,0.298534798,0.124542125,0.324840764,156,636,546,54,68,10,45,231,163,118,32,3,3,81,4,69,0.108490566,0.12735849,,,1.7107782363891602,0.2104254417812938,,,,,-4.0,,,,,,,
,2.74,12.680801941049106,0.6017413139343262,1.9791853125207128,,,,,116.50305533804432,0.3532764565670627,,,,,0.809163211,0.450672645,0.358490566,0.255605381,0.195067264,0.289552238,145,534,446,63,71,17,47,201,114,67,24,6,16,75,8,102,0.191011235,0.140449438,,,1.1118977069854736,-0.5070822533258665,,,,,5.0,,,,,,,
,3.19,-15.284148589469565,24.22956085205078,5.719262992497534,,,,,74.37627326499825,0.2926933824112921,,,,,0.65243241,0.339743589,0.312688821,0.280448717,0.059294872,0.287878787,154,675,624,93,41,4,26,212,175,149,19,3,32,32,2,32,0.047407407,0.047407407,,,-1.8723198175430296,-0.4476379999529327,,,,,15.0,,,,,,,
,3.27,8.777936712279201,5.7764058113098145,-1.2757219346240165,,,,,116.89601473314735,0.3574149164353838,,,,,0.806233596,0.430463576,0.37577002,0.335540838,0.094922738,0.344262295,116,490,453,53,51,5,29,195,152,123,20,4,28,29,4,24,0.048979591,0.059183673,,,2.0827105045318604,0.541270466044544,,,,,3.0,,,,,,,
,2.99,-15.586526546610935,24.053497314453125,0.8422943032346666,,,,,79.92744200521206,0.2958356320947903,,,,,0.663838318,0.359621451,0.304216867,0.277602523,0.082018928,0.291032148,153,674,634,84,51,4,38,228,176,138,28,6,16,24,1,43,0.063798219,0.035608308,,,-1.1508442163467407,0.0820808937021577,,,,,15.0,,,,,,,
,3.24,17.905758559621283,-10.483195304870604,0.0701415007933974,,,,,122.63305533443764,0.3496418364120252,,,,,0.8030551,0.469721767,0.333333333,0.283142389,0.186579378,0.300411522,160,666,611,81,88,27,58,287,173,115,29,2,0,48,6,104,0.156156156,0.072072072,,,3.311500072479248,0.1535852898611431,,,,,4.0,,,,,,,
,2.93,2.615225332945113,12.956995487213137,-0.7314707040786743,,,,,106.292140085899,0.3360230209122241,,,,,0.778540553,0.444444444,0.334096109,0.255813953,0.188630491,0.286206896,125,438,387,53,55,16,39,172,99,60,21,2,1,43,11,84,0.191780821,0.098173515,,,0.2797357141971588,-0.1899665140059303,,,,,6.0,,,,,,,
,4.37,-17.56909575804922,25.808846473693848,-2.2628511828370392,,,,,80.03713279359395,0.2964018429130856,,,,,0.654724446,0.34057971,0.314144736,0.253623188,0.086956522,0.28969957,150,648,552,77,46,5,31,188,140,109,19,7,27,47,1,86,0.132716049,0.072530864,,,-1.602154016494751,-0.2940439406852702,,,,,17.0,,,,,,,
,2.51,9.870064912789726,3.1187925338745117,0.5776108526624739,,,,,116.15933292344964,0.3517858784233603,,,,,0.804342024,0.451764705,0.352577319,0.275294117,0.176470588,0.292753623,130,486,425,61,60,16,40,192,117,77,21,3,1,53,6,70,0.144032921,0.109053497,,,0.9316192865371704,-0.6804934927188393,,,,,-4.0,,,,,,,
,3.77,-3.7671132094344584,12.555554389953612,-0.3109459648840129,,,,,95.26588437287634,0.3218096525368104,,,,,0.71461706,0.370300751,0.344316309,0.261278195,0.109022556,0.276824034,144,617,532,76,79,10,35,197,139,104,22,3,2,68,5,61,0.098865478,0.110210696,,,1.545503854751587,1.4498028108160412,,,,,4.0,,,,,,,
,3.38,9.259511496204755,7.347962379455566,-1.0963369021192193,,,,,122.97153325661068,0.3623664639097579,,,,,0.808787913,0.434782608,0.374005305,0.273291925,0.161490683,0.279569892,114,381,322,50,44,10,30,140,88,58,18,2,1,52,1,35,0.091863517,0.136482939,,,0.4370436370372772,-0.4261277934435412,,,,,1.0,,,,,,,
,3.65,7.848444814039977,1.0589852333068848,-0.3833192568272352,,,,,111.48020294973163,0.3387147584876301,,,,,0.762483808,0.404624277,0.357859531,0.267822736,0.136801541,0.277161862,143,606,519,72,52,14,41,210,139,98,25,2,18,75,9,58,0.09570957,0.123762376,,,0.6647219657897949,-0.8617947757047453,,,,,8.0,,,,,,,
,3.66,2.6448742253581,4.66940975189209,-3.66429765149951,,,,,108.06756950168956,0.3430085680294484,,,,,0.78572396,0.449275362,0.336448598,0.322061191,0.127214171,0.350364963,153,644,621,94,79,8,45,279,200,155,19,18,28,15,3,70,0.108695652,0.023291925,,,1.996752142906189,0.5832691004417607,,,,,-4.0,,,,,,,
,2.84,11.654401694612922,-3.84999942779541,0.0346780787222087,,,,,115.1163978008466,0.350771420885444,,,,,0.815618049,0.46332737,0.352290679,0.282647584,0.180679786,0.317351598,154,633,559,71,91,19,57,259,158,101,32,6,4,63,15,111,0.17535545,0.099526066,,,2.7982378005981445,1.473465875393014,,,,,5.0,,,,,,,
,3.04,15.931858802136269,-7.3543689250946045,1.0532610197551548,,,,,122.02191948320367,0.3487341586467439,,,,,0.782022921,0.411196911,0.37082601,0.316602316,0.094594595,0.372093023,133,571,518,74,41,4,38,213,164,126,31,3,19,45,4,88,0.154115586,0.078809106,,,1.7490580081939695,0.155355719199788,,,,,-5.0,,,,,,,
,2.44,13.39024893594586,-7.410150527954102,0.252016182988882,,,,,117.0040763104632,0.3640364951189653,,,,,0.837423312,0.5,0.337423312,0.268835616,0.231164384,0.279279279,157,653,584,103,95,33,64,292,157,93,26,5,1,57,4,112,0.171516079,0.087289433,,,0.7065457701683044,-1.1551345860095323,,,,,2.0,,,,,,,
,2.14,3.0023870526937264,8.221330165863037,-0.6642239750362933,,,,,106.09980378997716,0.3410491743861282,,,,,0.77985957,0.436363636,0.343495934,0.284090909,0.152272727,0.29765013,132,495,440,55,66,11,41,192,125,84,26,4,5,42,5,54,0.109090909,0.084848484,,,-0.031246168538928,-0.5484981600051823,,,,,1.0,,,,,,,
,2.33,20.023439510389696,-12.591700553894045,1.4144471026957035,,,,,125.20435009898144,0.3695360451936721,,,,,0.843283582,0.468283582,0.375,0.300373134,0.167910448,0.328018223,151,608,536,75,91,17,52,251,161,109,31,4,31,64,8,85,0.139802631,0.105263157,,,2.65054988861084,1.919501044460076,,,,,-4.0,,,,,,,
,2.62,9.149045138593952,-0.8479644060134888,0.0206904783844947,,,,,113.25324772459057,0.3479807163987841,,,,,0.784987993,0.436853002,0.348134991,0.250517598,0.186335404,0.283746556,148,568,483,66,67,18,49,211,121,72,26,5,2,71,3,107,0.188380281,0.125,,,1.0113278925418854,0.0689749986458093,,,,,1.0,,,,,,,
,2.75,-20.284278283397526,25.183813095092773,0.460877223405987,,,,,75.4196470764113,0.3067078136386927,,,,,0.681052474,0.352564102,0.328488372,0.266025641,0.086538461,0.304672897,155,695,624,91,40,3,41,220,166,125,31,7,24,56,4,90,0.129496402,0.080575539,,,-2.175720453262329,-0.7735113714365336,,,,,16.0,,,,,,,
,2.83,-8.81382680606025,15.186076164245604,3.427189907990396,,,,,83.9995143162129,0.3067280148611099,,,,,0.690996502,0.368881118,0.322115384,0.27097902,0.097902098,0.298174442,156,630,572,59,64,8,37,211,155,118,26,3,29,46,6,77,0.122222222,0.073015873,,,-0.821304202079773,-0.3674900759129831,,,,,6.0,,,,,,,
,2.99,17.227289122022857,-7.670894145965576,-0.0506939711049199,,,,,128.91551566786958,0.3712942783101146,,,,,0.852283056,0.511013215,0.341269841,0.275330396,0.235682819,0.311111111,133,505,454,56,90,27,52,232,125,73,24,1,0,42,2,115,0.227722772,0.083168316,,,3.252962112426758,0.9632225609240072,,,,,0.0,,,,,,,
,2.36,11.95341896538793,-7.302674293518066,1.2803210127167404,,,,,113.81359087396456,0.3421803780095839,,,,,0.78088957,0.445,0.33588957,0.286666666,0.158333334,0.300970873,157,653,600,90,90,17,55,267,172,117,32,6,4,45,5,73,0.11179173,0.06891271,,,1.9194095134735107,1.5052049203062954,,,,,2.0,,,,,,,
,2.69,-12.328267592562552,21.037516593933105,0.1795148998498916,,,,,80.4243660383942,0.2925896742044746,,,,,0.652581485,0.352201257,0.300380228,0.247379454,0.104821803,0.244444444,158,540,477,54,49,8,30,168,118,88,18,4,1,39,0,28,0.051851851,0.072222222,,,-1.8333240747451784,-1.3780125993423322,,,,,12.0,,,,,,,
,2.96,-1.420869278596507,11.722452878952026,-1.275392320472747,,,,,99.76601906363484,0.3303546156033431,,,,,0.740816507,0.386609071,0.354207436,0.287257019,0.099352052,0.335038363,145,512,463,73,38,2,32,179,133,101,20,10,22,47,6,70,0.13671875,0.091796875,,,1.331504225730896,0.6348208921653786,,,,,15.0,,,,,,,
,2.98,22.217706249327833,-19.842249512672424,0.6560802776366472,,,,,126.10690330484022,0.3693466981252034,,,,,0.83844434,0.475460122,0.362984218,0.325153374,0.150306748,0.377649325,154,698,652,100,57,16,56,310,212,156,30,10,39,37,1,121,0.173352435,0.053008595,,,1.479143500328064,-0.7446256286858608,,,,,-18.0,,,,,,,
,2.66,-20.18782438898645,31.469135284423828,0.0720077999867498,,,,,62.61480580015124,0.2605008859942379,,,,,0.560298506,0.27363184,0.286666666,0.206467661,0.067164179,0.24251497,144,458,402,39,30,2,19,110,83,64,13,4,15,43,1,68,0.148471615,0.093886462,,,-2.544624090194702,-0.3448996940677586,,,,,24.0,,,,,,,
,2.84,3.95979691271563,6.941473007202148,-0.0718401786871254,,,,,107.170619291192,0.3295276341857491,,,,,0.747847872,0.411622276,0.336225596,0.263922518,0.147699758,0.291066282,125,463,413,44,58,8,38,170,109,71,23,7,0,41,6,60,0.129589632,0.088552915,,,2.1051323413848877,1.2552615182536595,,,,,4.0,,,,,,,
,2.64,16.341961679932307,-3.4673080444335938,0.3168634995818138,,,,,133.15689477204512,0.373929063178072,,,,,0.851859296,0.48,0.371859296,0.297142857,0.182857143,0.349809885,99,398,350,67,65,12,34,168,104,70,16,6,6,43,2,79,0.198492462,0.108040201,,,3.6633458137512207,1.4068478618487092,,,,,1.0,,,,,,,
,2.7,1.519649501113606,7.545500874519348,-1.757285884115845,,,,,105.79387680497732,0.334656551416884,,,,,0.748906061,0.412735849,0.336170212,0.268867924,0.143867925,0.278820375,123,478,424,56,50,10,35,175,114,79,19,6,26,43,0,43,0.089958158,0.089958158,,,-1.3362722396850586,-1.0883958077839886,,,,,9.0,,,,,,,
,1.9,15.251644282702705,-5.482852935791016,-1.4645536011084914,,,,,129.53981771419657,0.376778502693844,,,,,0.864272365,0.483627204,0.380645161,0.28463476,0.198992444,0.281899109,118,466,397,67,62,18,39,192,113,74,17,4,7,61,8,46,0.098712446,0.130901287,,,1.736299753189087,0.6196470527485423,,,,,0.0,,,,,,,
,2.67,9.021490111356687,-6.969135284423828,-0.1769478661008179,,,,,111.44915896260969,0.3433411454765308,,,,,0.789411268,0.463452566,0.325958702,0.30015552,0.163297046,0.332692307,160,679,643,86,78,20,58,298,193,135,31,7,13,28,4,110,0.162002945,0.041237113,,,0.4935976266860962,-0.3021249747442632,,,,,3.0,,,,,,,
,2.32,-3.307171462319868,8.94835376739502,5.720799677539617,,,,,86.4477613011424,0.3076573382981502,,,,,0.688209255,0.368209255,0.32,0.261569416,0.106639839,0.301204819,154,563,497,72,60,5,37,183,130,93,26,6,53,41,2,84,0.14920071,0.072824156,,,-0.3804940581321716,0.2036111030336017,,,,,0.0,,,,,,,
,2.3,5.623303001463736,-2.6794700622558594,-0.1194607797078788,,,,,107.16528123908084,0.3295194974578008,,,,,0.751469908,0.4384,0.313069908,0.2816,0.1568,0.287253141,150,660,625,101,68,16,59,274,176,117,36,7,42,27,2,55,0.083333333,0.04090909,,,1.0332698822021484,-1.1856903706515365,,,,,-6.0,,,,,,,
,2.67,20.81506337405453,-17.134885787963867,-1.1694596596062183,,,,,131.01840774351805,0.3743179294260222,,,,,0.868639343,0.514124293,0.35451505,0.290018832,0.224105461,0.300970873,141,599,531,78,101,30,53,273,154,101,17,6,0,55,7,98,0.16360601,0.091819699,,,2.8539817333221436,0.780273677296281,,,,,-9.0,,,,,,,
,2.67,-0.3088916005186282,6.7832653522491455,-1.2746051009744406,,,,,101.57865429260924,0.3277244579697412,,,,,0.723872583,0.363636363,0.36023622,0.270454545,0.093181818,0.303896103,133,517,440,59,37,2,31,160,119,88,23,6,26,64,4,57,0.11025145,0.123791102,,,-0.0562544912099838,0.091278084192413,,,,,10.0,,,,,,,
,2.2,-11.061170600174515,10.327845573425291,-1.6938095074146986,,,,,89.01977417413396,0.3224733487665238,,,,,0.720038904,0.381598793,0.338440111,0.292609351,0.088989442,0.319932998,154,721,663,80,52,3,46,253,194,148,36,7,13,47,1,69,0.095700416,0.065187239,,,-0.8995422124862671,1.155063619766321,,,,,1.0,,,,,,,
,3.36,-3.382946218953414,4.053497314453125,0.8755240580067039,,,,,94.57163093256533,0.318274121680018,,,,,0.709681589,0.376859504,0.332822085,0.287603305,0.089256199,0.323809523,154,663,605,66,49,4,42,228,174,132,34,4,16,41,1,80,0.12066365,0.06184012,,,-1.0021041631698608,-1.179745844817706,,,,,-5.0,,,,,,,
,2.3600000000000003,10.581412820516396,-2.124600887298584,0.7855566823855042,,,,,119.2085420846012,0.3595131389411962,,,,,0.804277969,0.430446194,0.373831775,0.30183727,0.128608924,0.358361774,103,431,381,41,44,10,28,164,115,87,17,1,4,44,2,80,0.185614849,0.102088167,,,1.6167803704738617,0.7862301320790621,,,,,-3.0,,,,,,,
,1.94,18.133101565312156,-13.086423397064207,0.3195547722280025,,,,,126.96545317440224,0.3727636390558168,,,,,0.861691869,0.524654832,0.337037037,0.303747534,0.220907298,0.324873096,137,544,507,74,104,26,59,266,154,95,32,1,12,25,3,92,0.169117647,0.045955882,,,3.18078351020813,0.7833091067114215,,,,,-7.0,,,,,,,
,2.37,12.552674824532607,-9.06126832962036,6.827647564001381,,,,,107.97712325080442,0.3334741449851923,,,,,0.753803864,0.39047619,0.363327674,0.289523809,0.100952381,0.332579185,146,591,525,79,32,5,32,205,152,120,16,11,56,60,12,80,0.13536379,0.101522842,,,0.827293336391449,-0.6287620523333142,,,,,-4.0,,,,,,,
,2.46,1.6201798103598262,6.017833232879639,1.1308511118404567,,,,,100.86101567578328,0.3294334856412744,,,,,0.738685442,0.406779661,0.331905781,0.25181598,0.154963681,0.276595744,136,468,413,64,51,13,34,168,104,70,17,4,12,49,2,74,0.158119658,0.104700854,,,0.7306998372077942,0.0973464308594983,,,,,11.0,,,,,,,
,2.25,14.852257915841374,-1.656951665878296,-0.3484791852533817,,,,,146.54626534846847,0.407913463019626,,,,,0.931350113,0.521929824,0.409420289,0.289473684,0.23245614,0.359154929,86,276,228,36,34,15,22,119,66,44,6,1,1,47,3,72,0.260869565,0.170289855,,,1.1582939624786377,-0.1882665635713034,,,,,2.0,,,,,,,
,2.6,8.653039182521201,4.700162172317505,0.3752114372327924,,,,,125.72034300272205,0.3575269136213718,,,,,0.829201101,0.495867768,0.333333333,0.264462809,0.231404959,0.278688524,64,272,242,48,53,13,28,120,64,36,13,2,1,22,4,48,0.176470588,0.080882352,,,1.6211700439453125,0.5938948622260414,,,,,8.0,,,,,,,
,2.23,1.8004754115850226,9.86968457698822,-1.1846018475480378,,,,,107.42649351663256,0.3420313836978032,,,,,0.765041428,0.397260273,0.367781155,0.29109589,0.106164383,0.338842975,95,331,292,38,41,3,22,116,85,63,16,3,13,33,4,48,0.145015105,0.099697885,,,-0.2073660492897033,-0.5589669777047579,,,,,11.0,,,,,,,
,2.54,0.9708949242817928,-2.467421531677246,-0.2395615153945982,,,,,101.52006925898122,0.33282957588957,,,,,0.745232815,0.396747967,0.348484848,0.308943089,0.087804878,0.333935018,151,673,615,83,51,5,34,244,190,156,19,10,4,38,1,61,0.09063893,0.056463595,,,-0.8820534348487854,-0.2734050654928202,,,,,-6.0,,,,,,,
,2.11,-3.4911703153567184,1.7274894714355469,-0.1179765779525041,,,,,96.08211869800252,0.3217577006135668,,,,,0.718647026,0.375384615,0.343262411,0.289230769,0.086153846,0.304207119,153,709,650,91,43,0,49,244,188,139,42,7,21,52,5,33,0.046544428,0.073342736,,,-0.1124401465058326,0.1147370245735003,,,,,-2.0,,,,,,,
,1.86,7.313204142129521,0.376314640045166,-1.9389589433558283,,,,,118.53777819803932,0.3600082275908468,,,,,0.828119329,0.479338842,0.348780487,0.283746556,0.195592286,0.277602523,112,411,363,64,59,15,37,174,103,66,18,4,3,38,3,38,0.09245742,0.09245742,,,1.0581618547439575,-0.8604010402323363,,,,,5.0,,,,,,,
,1.3,20.192946972194125,-17.40281105041504,1.0108406133949757,,,,,128.8251755101843,0.3720589145681912,,,,,0.866788321,0.5,0.366788321,0.280334728,0.219665272,0.305475504,141,548,478,54,86,28,49,239,134,85,21,0,3,67,16,106,0.193430656,0.122262773,,,1.2105520963668823,-0.8501854708912866,,,,,-10.0,,,,,,,
,1.97,10.755353720582358,0.9417028427124025,0.1941239745356142,,,,,133.682001547184,0.3888070627068921,,,,,0.889021318,0.526086956,0.362934362,0.286956521,0.239130435,0.327044025,73,265,230,39,36,14,25,121,66,41,9,2,4,28,0,58,0.218867924,0.105660377,,,0.2442581951618194,-0.6743155162756572,,,,,4.0,,,,,,,
,2.26,10.952605100437015,-10.555089235305786,-0.1634178711101412,,,,,116.14193990356708,0.3435478876190452,,,,,0.768826451,0.416494845,0.352331606,0.23298969,0.183505155,0.238219895,146,582,485,66,63,22,44,202,113,69,21,1,5,86,6,84,0.144329896,0.147766323,,,0.2191883325576782,-1.9214226936844092,,,,,-14.0,,,,,,,
,1.52,5.586851258137342,1.475534439086914,-0.7174831037409604,,,,,113.4148091296947,0.3629834520752015,,,,,0.83973874,0.445482866,0.394255874,0.289719626,0.15576324,0.293103448,113,387,321,46,44,8,33,143,93,60,24,1,3,57,15,27,0.069767441,0.147286821,,,0.6355158090591431,-0.0426168196800381,,,,,-4.0,,,,,,,
,1.65,-13.925855093873896,14.40651512145996,7.118236416950822,,,,,71.11747516946028,0.2876352450236399,,,,,0.637142927,0.330882352,0.306260575,0.251838235,0.079044117,0.286315789,147,600,544,72,29,1,31,180,137,106,20,10,70,38,2,71,0.118333333,0.063333333,,,-1.7590123414993286,-0.0886934347166221,,,,,6.0,,,,,,,
,1.76,10.794488347084494,2.226792335510254,-1.2484980756416917,,,,,148.37673564308352,0.4054913877272138,,,,,0.936383315,0.526627218,0.409756097,0.319526627,0.207100591,0.303797468,93,205,169,28,30,6,21,89,54,33,13,2,3,28,1,11,0.053658536,0.136585365,,,0.937388002872467,-0.3998104399970733,,,,,0.0,,,,,,,
,2.36,10.713767721075438,-8.839279174804688,-1.229877395555377,,,,,119.1175503768704,0.3597669392999825,,,,,0.826603963,0.465065502,0.361538461,0.279475982,0.18558952,0.286089238,132,528,458,60,64,19,45,213,128,83,24,2,0,58,11,60,0.113636363,0.109848484,,,0.8034738302230835,-0.775214168145289,,,,,1.0,,,,,,,
,2.04,-1.1928155168700925,0.6698763370513916,-0.3527807747013867,,,,,98.79873439536186,0.3175421123874598,,,,,0.699888762,0.354527938,0.345360824,0.277456647,0.077071291,0.311258278,149,591,519,58,45,3,32,184,144,112,27,2,12,52,2,69,0.116751269,0.087986463,,,-0.6498984694480896,-0.087912012316788,,,,,-3.0,,,,,,,
,1.9,-1.1393880262360847,1.2513723373413086,1.3112793462350965,,,,,96.26144409622783,0.3204986891325782,,,,,0.738609503,0.420345489,0.318264014,0.284069097,0.136276392,0.339152119,129,554,521,63,68,12,45,219,148,103,31,2,21,25,9,112,0.202166064,0.045126353,,,-1.5368419885635376,-1.5685667778544818,,,,,6.0,,,,,,,
,1.68,12.104690520541732,0.2281664609909057,-0.0379889495670795,,,,,153.75982062575358,0.4136967587340724,,,,,0.952480489,0.544871794,0.407608695,0.32051282,0.224358974,0.320610687,78,186,156,23,36,8,18,85,50,32,9,1,1,23,1,20,0.107526881,0.123655913,,,2.814487934112549,0.7002222822490665,,,,,2.0,,,,,,,
,1.79,4.501245351890109,-2.8456783294677734,-1.5260881707072258,,,,,110.24939215817378,0.3457946347804204,,,,,0.789041218,0.464444444,0.324596774,0.262222222,0.202222222,0.275568181,132,497,450,63,61,21,47,209,118,71,24,2,9,40,2,80,0.160965794,0.080482897,,,-0.0613266117870807,-0.6990071712540162,,,,,3.0,,,,,,,
,2.0,8.448037511016036,-11.041590213775637,1.674407236278057,,,,,108.89631539199004,0.3560959669938041,,,,,0.799437837,0.437837837,0.3616,0.282882882,0.154954955,0.311804008,148,627,555,89,64,17,47,243,157,110,25,5,22,67,3,90,0.143540669,0.106858054,,,1.4119501113891602,-0.2393006197620122,,,,,-4.0,,,,,,,
,1.4,6.175065858468347,-5.949707508087158,-0.195860406383872,,,,,109.7335225111304,0.3429577399637097,,,,,0.767787015,0.4164859,0.351301115,0.253796095,0.162689805,0.250626566,144,539,461,64,72,17,38,192,117,79,18,3,9,69,3,50,0.092764378,0.128014842,,,3.5491979122161865,1.792868783577843,,,,,-2.0,,,,,,,
,1.74,6.532118757588158,-3.72062349319458,0.7421474335715175,,,,,110.52529882731028,0.3394319965700397,,,,,0.768149336,0.414948453,0.353200883,0.255154639,0.159793814,0.267692307,131,453,388,43,57,12,35,161,99,64,20,3,6,61,7,55,0.121412803,0.134657836,,,0.3384243249893188,-1.1851041658636217,,,,,2.0,,,,,,,
,1.25,-7.408948893018417,14.109738826751707,-0.5737631162628531,,,,,81.60287538748689,0.2887025510335897,,,,,0.628730671,0.314814814,0.313915857,0.225925925,0.088888889,0.245762711,91,314,270,27,34,3,14,85,61,47,7,4,2,34,1,34,0.108280254,0.108280254,,,-0.2887217700481415,0.4575184084837669,,,,,9.0,,,,,,,
,2.69,-1.802100811580706,8.542749881744385,0.025449673179537,,,,,94.9025141427024,0.3117553262173519,,,,,0.694127212,0.365313653,0.328813559,0.269372693,0.09594096,0.301724137,78,303,271,36,21,3,18,99,73,55,13,2,1,23,2,36,0.118811881,0.07590759,,,0.4002719521522522,0.4333106151503125,,,,,4.0,,,,,,,
,1.37,-19.413717006319548,22.009601831436157,-0.7265457641333342,,,,,66.32686206463336,0.2793837150478579,,,,,0.640777829,0.342105263,0.298672566,0.246411483,0.09569378,0.263013698,138,457,418,42,57,7,24,143,103,79,15,2,3,30,11,48,0.105032822,0.065645514,,,-0.7600200176239014,0.8061085987257529,,,,,19.0,,,,,,,
,1.4,17.11404422546814,-12.96376085281372,-0.124312087893486,,,,,139.48196527902928,0.3803038372557579,,,,,0.875709098,0.510324483,0.365384615,0.33038348,0.179941003,0.333333333,103,369,339,47,45,12,34,173,112,78,19,3,2,20,3,31,0.08401084,0.054200542,,,0.6381598711013794,-0.3772707631726482,,,,,-6.0,,,,,,,
,2.46,7.863137689472903,-10.620479941368105,2.1758348145522177,,,,,108.5678680785489,0.3405108013161699,,,,,0.775348299,0.433054393,0.342293906,0.251046025,0.182008368,0.269633507,142,561,478,85,78,17,45,207,120,75,20,8,23,71,5,88,0.156862745,0.126559714,,,2.257936477661133,0.4364279119856165,,,,,-9.0,,,,,,,
,1.66,0.1989133459169789,10.09739363193512,-0.2391057861968875,,,,,101.86892552478824,0.3305784599201099,,,,,0.743907232,0.358490566,0.385416666,0.270440251,0.088050315,0.290780141,68,193,159,17,22,2,9,57,43,34,6,1,2,30,7,18,0.093264248,0.155440414,,,0.4372196793556213,0.3332449962535658,,,,,9.0,,,,,,,
,1.8,11.899869489759942,-10.457705974578856,0.3451683144085109,,,,,122.50081578031264,0.3647918691491306,,,,,0.824074073,0.458333333,0.36574074,0.255555555,0.202777778,0.287878787,120,434,360,50,61,16,38,165,92,54,19,3,4,65,1,86,0.198156682,0.149769585,,,0.9241200089454652,-0.6972069074739431,,,,,-4.0,,,,,,,
,1.87,-16.34275839552772,15.5390944480896,2.9025463238358498,,,,,68.35603117188616,0.2807869441940581,,,,,0.626066385,0.341772151,0.284294234,0.244725738,0.097046413,0.274752475,152,514,474,59,50,5,31,162,116,85,21,5,23,25,0,67,0.130350194,0.048638132,,,-1.462592840194702,0.5305532396575192,,,,,12.0,,,,,,,
,1.5,-13.805762388804425,12.415637969970703,4.43890610197559,,,,,71.81195269713223,0.2886938286775892,,,,,0.652282676,0.357723577,0.294559099,0.239837398,0.117886179,0.288311688,150,533,492,69,34,7,35,176,118,83,19,9,53,38,5,102,0.191369606,0.071294559,,,-1.354990005493164,-0.1698718868570095,,,,,14.0,,,,,,,
,1.63,-4.255941519085888,-1.5098485946655271,1.2497825305908918,,,,,93.15122852613077,0.3172901803500031,,,,,0.716373411,0.39516129,0.321212121,0.282258064,0.112903226,0.294117647,155,662,620,64,50,5,53,245,175,122,41,7,10,33,3,40,0.06042296,0.049848942,,,-0.8426620960235596,-0.5141421479123517,,,,,6.0,,,,,,,
,2.13,5.713505350147283,-9.048243790864944,0.0577283394522964,,,,,108.65929381387092,0.33702983201762,,,,,0.752764825,0.394308943,0.358455882,0.300813008,0.093495935,0.314732142,137,552,492,64,51,7,31,194,148,117,23,1,6,47,3,42,0.076086956,0.085144927,,,-1.1395317316055298,-1.7451336798198491,,,,,-3.0,,,,,,,
,1.47,-0.1670074416104006,-3.607791304588318,-0.4317814367823303,,,,,100.39675782399698,0.3393707948484369,,,,,0.774050384,0.44668008,0.327370304,0.259557344,0.187122736,0.261792452,129,564,497,81,76,18,52,222,129,77,29,5,2,51,2,63,0.111702127,0.090425531,,,-0.4302797317504883,-0.2957830064754564,,,,,-2.0,,,,,,,
,1.59,-0.0888669976508689,2.962963104248047,-1.15373375127092,,,,,102.419254755145,0.331378691671976,,,,,0.749237222,0.412280701,0.336956521,0.29239766,0.119883041,0.30529595,106,372,342,43,33,2,31,141,100,69,23,6,1,19,2,21,0.056451612,0.051075268,,,0.6330336332321167,0.7978875890591667,,,,,7.0,,,,,,,
,2.07,-0.4954820769869592,-2.063441812992096,0.982993403915316,,,,,97.61085937637928,0.3278245402629985,,,,,0.737848629,0.403225806,0.334622823,0.31048387,0.092741936,0.318376068,122,523,496,62,32,5,31,200,154,123,21,5,15,17,1,25,0.047801147,0.03250478,,,-0.4545596837997436,0.431591640454477,,,,,-3.0,,,,,,,
,1.6400000000000001,-14.739907081866727,9.705965653061869,-0.1581633170135319,,,,,80.66366835049286,0.2982341685915381,,,,,0.656568161,0.339416058,0.317152103,0.233576642,0.105839416,0.265086206,145,621,548,59,38,5,42,186,128,86,31,6,1,67,3,81,0.130434782,0.107890499,,,-1.204048007726669,-0.5277196214730637,,,,,1.0,,,,,,,
,1.22,0.360412354635377,6.364423751831055,0.2144829626195132,,,,,100.50134529220988,0.3167711398681673,,,,,0.696389666,0.351851851,0.344537815,0.287037037,0.064814814,0.333333333,80,246,216,22,24,1,11,76,62,51,9,1,0,20,0,34,0.138211382,0.081300813,,,-0.5822100043296814,-0.252069957711198,,,,,2.0,,,,,,,
,1.31,-15.175302759243074,11.571110963821411,-2.4225908149965107,,,,,81.92481954746485,0.3041995397559157,,,,,0.700014049,0.354527938,0.345486111,0.281310211,0.073217727,0.296450939,152,581,519,64,47,4,27,184,146,119,20,3,8,52,21,40,0.068846815,0.08950086,,,1.033028244972229,1.920243930962739,,,,,8.0,,,,,,,
,2.02,2.1045639248346735,2.183126211166382,1.7918903310783207,,,,,100.82838036706195,0.3295784009785591,,,,,0.749588417,0.43097643,0.318611987,0.282828282,0.148148148,0.329004329,99,319,297,39,34,8,27,128,84,57,18,1,16,14,1,61,0.19122257,0.043887147,,,0.6773577928543091,0.3065174931035979,,,,,6.0,,,,,,,
,1.23,-8.38459794631974,11.52583646774292,-0.1382996882311999,,,,,81.34419992125572,0.2996842406165432,,,,,0.681414473,0.365625,0.315789473,0.25,0.115625,0.25,108,364,320,28,50,9,19,117,80,61,10,0,0,34,6,34,0.093406593,0.093406593,,,0.3669419288635254,0.9649562699145032,,,,,6.0,,,,,,,
,0.88,0.7158524910813142,-8.131687641143799,-0.2782115694135427,,,,,101.31887675932305,0.3407403542563008,,,,,0.788879295,0.489038785,0.29984051,0.26475548,0.224283305,0.314356435,159,637,593,77,112,30,68,290,157,89,33,5,5,27,4,162,0.254317111,0.042386185,,,0.2281004041433334,0.4417262308444823,,,,,-12.0,,,,,,,
,1.17,-6.811512805828826,2.837680399417877,-1.8369080205447972,,,,,92.78782142043065,0.3171276137687573,,,,,0.707403629,0.37944664,0.327956989,0.266798418,0.112648222,0.293981481,148,568,506,75,44,8,31,192,135,104,13,10,15,46,1,70,0.123239436,0.080985915,,,-1.2219960689544678,-0.9202446116184096,,,,,2.0,,,,,,,
,2.32,-6.9936464130301665,5.576932430267334,-1.0933160153217614,,,,,89.25299067049181,0.3128791178485988,,,,,0.711847988,0.39088729,0.320960698,0.263788968,0.127098322,0.278236914,129,464,417,60,55,9,30,163,110,80,16,5,1,37,6,49,0.105603448,0.079741379,,,-0.8612557053565979,-0.2776322330207765,,,,,3.0,,,,,,,
,1.16,9.8636655737245,-4.458618879318237,1.8405541339889169,,,,,124.93177361020962,0.3566007458246671,,,,,0.786362108,0.401746724,0.384615384,0.301310043,0.100436681,0.348484848,60,265,229,40,10,0,18,92,69,51,13,5,10,30,0,31,0.116981132,0.113207547,,,0.2319438159465789,-0.3449502566733408,,,,,-2.0,,,,,,,
,1.57,-4.06427875506478,6.887976169586182,-1.1903140069916844,,,,,93.17962606369842,0.3212643134628922,,,,,0.72979234,0.395498392,0.334293948,0.263665594,0.131832798,0.283018867,104,347,311,40,38,7,24,123,82,58,14,3,7,32,6,41,0.118155619,0.09221902,,,1.935826063156128,1.1526415418794589,,,,,2.0,,,,,,,
,0.87,7.464443007361291,-16.851850509643555,0.3063921453431248,,,,,108.70440822274992,0.3434999771145847,,,,,0.784052401,0.447833065,0.336219336,0.277688603,0.170144462,0.267730496,158,695,623,84,101,22,59,279,173,114,34,3,1,59,4,47,0.067625899,0.084892086,,,1.1554219722747805,0.5116245983811674,,,,,,,,,,,,
,1.2,-12.318678673983586,11.675808906555176,0.2990677929483354,,,,,75.65347619874254,0.2944117161993668,,,,,0.668531427,0.377833753,0.290697674,0.249370277,0.128463476,0.240997229,115,438,397,32,46,12,24,150,99,75,9,3,0,26,2,31,0.070776255,0.05936073,,,-0.7971002459526062,0.3146565998556732,,,,,5.0,,,,,,,
,1.84,-6.5209934667185205,9.605623960494995,0.4265665127895772,,,,,82.15298116352426,0.2895195850538551,,,,,0.642262191,0.34868421,0.293577981,0.243421052,0.105263158,0.25367647,96,329,304,38,25,5,21,106,74,53,15,1,1,20,0,28,0.085106382,0.060790273,,,-1.9030015468597412,-0.8193878470527374,,,,,8.0,,,,,,,
,1.23,5.61547406309916,-13.220849990844728,-0.1169877354986965,,,,,107.61751518732228,0.3418856901446665,,,,,0.765408535,0.422101449,0.343307086,0.257246376,0.164855073,0.276785714,151,636,552,75,88,18,51,233,142,91,29,4,3,71,0,93,0.146226415,0.11163522,,,2.135622024536133,0.8243572418687783,,,,,-6.0,,,,,,,
,1.44,1.5541748287507606,0.9812512397766112,-0.5707422294653952,,,,,104.97113484204186,0.3356984903272721,,,,,0.761086765,0.432515337,0.328571428,0.285276073,0.147239264,0.312727272,114,352,326,41,36,7,31,141,93,62,21,3,2,20,1,46,0.130681818,0.056818181,,,0.707481861114502,0.3075050588082005,,,,,4.0,,,,,,,
,1.46,2.8199284186526237,3.166440010070801,-1.0465940195135772,,,,,114.52336632808428,0.340896819436222,,,,,0.761634562,0.392265193,0.369369369,0.243093922,0.149171271,0.270072992,52,225,181,24,23,7,13,71,44,31,6,0,6,37,4,40,0.177777777,0.164444444,,,0.7768885493278503,0.1700965278011161,,,,,0.0,,,,,,,
,1.61,-21.34727873304303,12.09005355834961,-0.5010960879735649,,,,,74.09122371584706,0.2903603951794555,,,,,0.630857966,0.315068493,0.315789473,0.231164383,0.08390411,0.26060606,150,680,584,93,56,6,32,184,135,103,21,5,5,74,1,89,0.130882352,0.108823529,,,-3.778512716293335,-1.4921855971509514,,,,,3.0,,,,,,,
,1.54,6.06209977115269,-0.2261114120483398,-0.3907716004177928,,,,,125.48405360797,0.3660981364227368,,,,,0.804280738,0.402366863,0.401913875,0.284023668,0.118343195,0.297297297,69,214,169,28,25,4,10,68,48,38,4,2,1,34,0,21,0.098130841,0.158878504,,,0.7880902886390686,0.081359649704884,,,,,-3.0,,,,,,,
,1.34,8.909401752748156,-13.39677619934082,-0.1913930717855692,,,,,114.7628727138397,0.3473060647260795,,,,,0.786756653,0.431670281,0.355086372,0.279826464,0.151843817,0.285714285,127,521,461,50,80,15,39,199,129,90,23,1,1,56,6,51,0.097888675,0.107485604,,,-1.332311987876892,-2.2142575684077195,,,,,0.0,,,,,,,
,1.21,6.736001681969289,2.3810014128685,-0.3376782168634236,,,,,157.48325324527107,0.4114272033126608,,,,,0.969551281,0.604166666,0.365384615,0.333333333,0.270833333,0.3375,39,104,96,13,28,5,14,58,32,18,7,2,0,6,1,13,0.125,0.057692307,,,0.5871757864952087,-0.2842669387150582,,,,,3.0,,,,,,,
,1.29,-3.5456663923706735,5.27434778213501,1.490005150437355,,,,,87.47188805578318,0.3125640777958597,,,,,0.691919191,0.322222222,0.369696969,0.24074074,0.081481482,0.280542986,94,331,270,27,19,3,15,87,65,50,11,1,6,54,11,49,0.148036253,0.163141993,,,-0.3064961731433868,-0.2419875982571407,,,,,0.0,,,,,,,
,0.71,23.452657828029963,-33.38545894622803,0.9366010222584008,,,,,127.632872909301,0.3846558738717049,,,,,0.88200788,0.51986183,0.36214605,0.271157167,0.248704663,0.277511961,154,671,579,91,114,41,61,301,157,96,19,1,4,86,2,126,0.187779433,0.128166915,,,2.4650678634643555,0.0280997203016371,,,,,-26.0,,,,,,,
,1.14,12.539607498380487,-13.778236389160156,0.0919091827236116,,,,,126.2345703886738,0.3672128270319358,,,,,0.846993478,0.505347593,0.341645885,0.302139037,0.203208556,0.310457516,118,401,374,52,65,18,35,189,113,78,12,5,1,24,3,53,0.132169576,0.059850374,,,0.7217358350753784,-0.238830707549476,,,,,-4.0,,,,,,,
,1.02,5.156606270391917,-6.305212020874023,-0.7224080436863005,,,,,112.87201354490892,0.3384441794857146,,,,,0.765624999,0.416666666,0.348958333,0.24074074,0.175925926,0.270042194,116,386,324,40,53,14,29,135,78,49,15,0,1,56,6,77,0.199481865,0.14507772,,,0.1951998472213745,-0.745812749032521,,,,,-1.0,,,,,,,
,1.07,6.051879563976238,-13.871522903442385,-1.0033486397005618,,,,,109.93142171791663,0.3432593953191188,,,,,0.785480222,0.425891181,0.359589041,0.302063789,0.123827392,0.304081632,140,585,533,70,46,12,41,227,161,120,28,1,13,43,14,33,0.056410256,0.073504273,,,1.0096580982208252,0.6028302616141761,,,,,-17.0,,,,,,,
,0.98,-15.068566488423995,14.14082956314087,0.4163870187476277,,,,,66.61873680910688,0.2932926930946575,,,,,0.672960337,0.378223495,0.294736842,0.237822349,0.140401146,0.271062271,110,382,349,40,43,9,31,132,83,52,22,0,3,28,7,69,0.180628272,0.073298429,,,-0.981987476348877,0.2189205097417469,,,,,8.0,,,,,,,
,1.09,10.872343293453833,-2.921353578567505,0.1087519247084856,,,,,193.3017566515651,0.472930003467359,,,,,1.089663918,0.626506024,0.463157894,0.397590361,0.228915663,0.4,49,95,83,10,21,5,8,52,33,25,2,1,0,11,0,9,0.094736842,0.115789473,,,1.8464120626449585,0.5080914052228684,,,,,-2.0,,,,,,,
,0.9,1.6675811456199368,-12.348422050476074,-0.6071567400358617,,,,,102.99450889813848,0.3327956017047639,,,,,0.76177003,0.441580756,0.320189274,0.273195876,0.16838488,0.264990328,159,642,582,75,90,22,50,257,159,109,24,4,11,43,4,51,0.079439252,0.066978193,,,0.5736098289489746,0.4334939565465276,,,,,-3.0,,,,,,,
,1.02,1.292083217913795,-0.8129873275756836,0.9949112059548496,,,,,100.75763775123588,0.3224695709921558,,,,,0.727554178,0.411764705,0.315789473,0.24567474,0.166089965,0.255230125,118,323,289,43,48,10,27,119,71,44,16,1,12,31,1,43,0.133126934,0.095975232,,,1.2781420946121216,0.5430601586228012,,,,,2.0,,,,,,,
,0.58,-12.907594461851398,3.729300022125244,-1.677424370776862,,,,,85.0840517240271,0.3079750712491486,,,,,0.703322668,0.412265758,0.29105691,0.260647359,0.151618399,0.273092369,157,620,587,58,79,17,54,242,153,99,36,1,2,19,4,74,0.119354838,0.030645161,,,-1.1058517694473269,0.278790476656604,,,,,0.0,,,,,,,
,1.64,-16.57549113976407,4.626885890960693,-1.7108179945498705,,,,,81.49816238541044,0.2979002936971423,,,,,0.656495091,0.332786885,0.323708206,0.27704918,0.055737705,0.301075268,148,679,610,62,50,1,24,203,169,145,15,8,11,37,1,55,0.081001472,0.054491899,,,-0.9862633347511292,0.4023246490574466,,,,,1.0,,,,,,,
,2.08,-8.10126919090448,-3.4398629665374756,1.7948753400705757,,,,,87.30858954262146,0.3004765958061038,,,,,0.662744565,0.340869565,0.321875,0.252173913,0.088695652,0.273255813,154,659,575,74,44,4,33,196,145,112,19,10,41,59,2,59,0.08952959,0.08952959,,,-0.5519031882286072,0.1193274965405961,,,,,-7.0,,,,,,,
,0.92,9.021557070539853,-3.9218106269836426,-0.4421266759745776,,,,,146.9470550845469,0.3928755383938551,,,,,0.876543209,0.444444444,0.432098765,0.285714285,0.158730159,0.333333333,107,166,126,23,17,4,11,56,36,25,6,1,1,33,2,28,0.168674698,0.19879518,,,-0.369360089302063,-1.3876658437444322,,,,,-3.0,,,,,,,
,0.81,10.28484636155742,-7.020116329193115,-0.2561142733320594,,,,,139.1006017465929,0.3912610985198111,,,,,0.931269978,0.548387096,0.382882882,0.274193548,0.274193548,0.316666666,63,222,186,29,35,13,25,102,51,26,12,0,0,31,10,55,0.247747747,0.139639639,,,2.141887903213501,0.7456178797909025,,,,,-4.0,,,,,,,
,1.18,-1.7849600818053757,3.5324652194976807,0.3601070032455027,,,,,93.13301296885906,0.3161374420272798,,,,,0.716384433,0.419087136,0.297297297,0.248962655,0.170124481,0.270408163,94,264,241,27,28,7,24,101,60,36,14,3,1,16,0,39,0.147727272,0.06060606,,,-0.0602560527622699,0.2114407643674551,,,,,6.0,,,,,,,
,0.86,1.1465890887442995,1.5267493724822998,-0.2745692082680762,,,,,104.91724357957295,0.3392466122316102,,,,,0.774242719,0.446511627,0.327731092,0.260465116,0.186046511,0.297619047,116,238,215,34,28,6,25,96,56,31,16,3,6,18,2,42,0.176470588,0.075630252,,,0.8587459325790405,0.0793206670076946,,,,,4.0,,,,,,,
,0.77,-0.8328220740922414,-10.469615936279297,-0.5381339490413666,,,,,99.61146165922128,0.3272084709959438,,,,,0.737410796,0.401473296,0.3359375,0.230202578,0.171270718,0.231292517,153,641,543,73,82,23,46,218,125,79,22,1,1,83,9,86,0.134165366,0.129485179,,,0.2982137799263,-0.5946059811322508,,,,,-1.0,,,,,,,
,0.73,-12.789675408554515,4.303154706954956,-0.9705764902755618,,,,,82.77369454923802,0.3179174988119452,,,,,0.715665052,0.376984126,0.338680926,0.279761904,0.097222222,0.299776286,152,565,504,51,57,7,30,190,141,111,18,5,3,44,6,58,0.102654867,0.077876106,,,-2.641038179397583,-1.5540900699889622,,,,,1.0,,,,,,,
,0.67,-8.953729568589594,1.371289610862732,0.739913766272366,,,,,85.16249136186943,0.3085007266356395,,,,,0.709036897,0.388211382,0.320825515,0.266260162,0.12195122,0.307106598,149,538,492,54,52,10,36,191,131,95,22,4,10,35,13,89,0.165427509,0.065055762,,,-1.885879635810852,-1.20312426059311,,,,,3.0,,,,,,,
,0.8,1.7996837464458633,3.642432600259781,-0.305565295740962,,,,,113.90025552800208,0.336671613511585,,,,,0.740320427,0.38317757,0.357142857,0.261682242,0.121495328,0.265306122,49,128,107,14,9,2,9,41,28,19,7,0,2,13,0,9,0.0703125,0.1015625,,,0.1403439342975616,0.2703895930975525,,,,,4.0,,,,,,,
,1.06,-2.974303122900588,8.936797142028809,0.0664595095440745,,,,,77.64262964512305,0.2976722497384525,,,,,0.683615253,0.402061855,0.281553398,0.268041237,0.134020618,0.298701298,36,112,97,7,15,3,7,39,26,19,4,0,0,2,0,20,0.178571428,0.017857142,,,0.0475040003657341,0.1790962224427568,,,,,0.0,,,,,,,
,1.56,-10.787382456863034,9.413464903831482,1.040554122067988,,,,,69.98115151270717,0.2837631477985853,,,,,0.625926859,0.321311475,0.304615384,0.259016393,0.062295082,0.274647887,91,333,305,39,17,1,16,98,79,63,14,1,6,19,1,20,0.06006006,0.057057057,,,-0.6665641665458679,-0.3275572358022021,,,,,8.0,,,,,,,
,0.65,3.53841577679204,-4.7841808795928955,-1.400163889862597,,,,,112.28655967398169,0.3464579330257812,,,,,0.798966209,0.453287197,0.345679012,0.273356401,0.179930796,0.281512605,113,331,289,33,40,12,27,131,79,52,14,1,2,33,7,41,0.123867069,0.099697885,,,0.6808019876480103,-0.3468513867765673,,,,,-2.0,,,,,,,
,0.87,4.914240839039256,-1.618539333343506,0.1238563586957752,,,,,122.7446702320895,0.3643530061405696,,,,,0.831460674,0.5,0.331460674,0.274390243,0.225609757,0.262773722,53,178,164,26,25,9,18,82,45,27,8,1,0,14,0,18,0.101123595,0.078651685,,,0.1512980312108993,-0.4110146226662758,,,,,-3.0,,,,,,,
,2.03,-16.975805897069897,4.2227020263671875,0.8340188623405993,,,,,78.11023659070842,0.2879484126858057,,,,,0.639129125,0.336052202,0.303076923,0.261011419,0.075040783,0.317907444,155,670,613,75,43,2,31,206,160,129,18,11,20,37,1,114,0.170149253,0.05522388,,,-1.8529419898986816,-0.9822118774850752,,,,,-5.0,,,,,,,
,1.47,3.5488722203316696,-11.992112159729004,-0.0480026984587311,,,,,105.96052391172044,0.3376936601555865,,,,,0.76396605,0.426048565,0.337917485,0.267108167,0.158940398,0.298913043,144,510,453,66,60,11,43,193,121,78,25,7,6,41,3,79,0.15490196,0.080392156,,,-0.2401176840066909,-0.5393099487185264,,,,,-6.0,,,,,,,
,0.62,-8.537127484178647,6.897577285766602,-0.3726462796330452,,,,,77.81305638273174,0.2976191911190451,,,,,0.671179639,0.353146853,0.318032786,0.276223776,0.076923077,0.312757201,94,311,286,21,27,3,13,101,79,66,7,3,1,16,4,41,0.131832797,0.051446945,,,-0.9117445349693298,-0.0013659011828019,,,,,5.0,,,,,,,
,1.13,-8.252195909792455,4.100935935974121,-0.1344915819354355,,,,,81.99315905736127,0.2993069932889686,,,,,0.661345646,0.35,0.311345646,0.24117647,0.10882353,0.255972696,120,381,340,46,42,7,22,119,82,60,14,1,4,32,1,43,0.112860892,0.083989501,,,0.4944681823253631,0.6214026299609046,,,,,9.0,,,,,,,
,0.87,7.359476917151939,-10.016576766967772,0.4677420943044126,,,,,117.9215047912528,0.3554584768872276,,,,,0.80320619,0.43283582,0.37037037,0.253731343,0.179104477,0.28,115,325,268,34,45,12,24,116,68,44,12,0,3,49,5,60,0.184615384,0.15076923,,,1.5341360569000244,0.4804422100295384,,,,,0.0,,,,,,,
,1.37,8.963754627350465,-10.564128398895264,-0.5635836222209036,,,,,127.76533140402864,0.3700788309765194,,,,,0.844263554,0.468401486,0.375862068,0.338289962,0.130111524,0.360169491,95,290,269,32,49,6,23,126,91,68,17,0,0,18,3,30,0.103448275,0.062068965,,,0.3208980858325958,-0.477977290142937,,,,,-4.0,,,,,,,
,0.67,0.4880682100440925,-9.465476989746094,0.4157655443996191,,,,,100.11191773206468,0.3443459416607602,,,,,0.776681449,0.432048681,0.344632768,0.298174442,0.133874239,0.302013422,138,532,493,74,62,12,41,213,147,106,28,1,2,35,2,36,0.067669172,0.065789473,,,0.5426622629165649,0.3300435535459199,,,,,-3.0,,,,,,,
,0.8799999999999999,4.2305718786146445,-15.277091529220344,-0.3774054744280875,,,,,106.79649480341422,0.3361703857359752,,,,,0.767034059,0.430210325,0.336823734,0.288718929,0.141491396,0.34085213,140,573,523,55,75,15,41,225,151,110,23,3,2,42,5,117,0.204188481,0.073298429,,,0.3991533685475588,-0.7399190960554398,,,,,-1.0,,,,,,,
,1.1,-11.565881532015393,-0.8425836563110352,-0.6298773866146803,,,,,84.59588717228249,0.3054694027611703,,,,,0.69254261,0.393884892,0.298657718,0.258992805,0.134892087,0.278723404,151,600,556,53,67,13,44,219,144,100,26,5,3,29,2,79,0.131666666,0.048333333,,,-2.0186619758605957,-1.247009674007287,,,,,-4.0,,,,,,,
,0.61,4.815118576649962,0.3510507047176361,0.0694803963415324,,,,,153.4764581264277,0.4010888885145318,,,,,0.913097712,0.507692307,0.405405405,0.323076923,0.184615384,0.352941176,25,75,65,8,10,3,6,33,21,15,3,0,0,9,1,11,0.146666666,0.12,,,0.0718897730112075,-0.2310931733532114,,,,,0.0,,,,,,,
,0.49,-2.2466259787383693,3.792752861976623,-0.0874399719759821,,,,,90.02832208361812,0.3068537651482275,,,,,0.699712249,0.396341463,0.303370786,0.262195121,0.134146342,0.265306122,83,183,164,20,25,4,11,65,43,32,4,3,3,9,1,16,0.087431693,0.049180327,,,-0.4992760419845581,-0.2463019009679175,,,,,5.0,,,,,,,
,0.96,-7.41747651388724,10.433470249176024,-0.7399118901230395,,,,,59.3993885071044,0.2557252493217913,,,,,0.568451551,0.312977099,0.255474452,0.221374045,0.091603054,0.275510204,65,139,131,20,10,2,8,41,29,21,6,0,2,6,0,31,0.223021582,0.043165467,,,-0.9237321615219116,-0.2577734351396277,,,,,8.0,,,,,,,
,0.43,10.147078571201696,-24.711585998535156,0.7853550594300032,,,,,112.26663297437604,0.3375450496403676,,,,,0.767525219,0.43315508,0.334370139,0.251336898,0.181818182,0.247863247,154,645,561,87,75,25,52,243,141,89,27,0,26,62,7,76,0.117829457,0.096124031,,,0.2548119723796844,-0.2354295150175036,,,,,-14.0,,,,,,,
,1.15,-5.47790412391599,5.1695252656936646,0.7654895544983447,,,,,77.05848155406927,0.2942746160803614,,,,,0.632805281,0.296482412,0.336322869,0.256281407,0.040201005,0.295857988,60,230,199,25,7,1,5,59,51,46,3,1,15,24,1,29,0.126086956,0.104347826,,,-0.5704680681228638,-0.0610981856184144,,,,,4.0,,,,,,,
,0.59,5.022501666157509,-1.6392316818237305,-1.1066821413114667,,,,,145.84093606078184,0.3934641603950982,,,,,0.887144352,0.462365591,0.424778761,0.301075268,0.161290323,0.356164383,34,113,93,8,14,2,8,43,28,20,3,3,0,19,2,18,0.159292035,0.168141592,,,0.4682618677616119,-0.1290332334647096,,,,,0.0,,,,,,,
,0.42,1.779976548383456,-6.657634258270264,-0.9224080466665328,,,,,106.56292116934132,0.3380955173771762,,,,,0.753588515,0.393939393,0.359649122,0.269360269,0.124579124,0.298755186,105,348,297,27,32,8,20,117,80,60,11,1,0,37,4,50,0.14367816,0.106321839,,,0.0005494633223861,-0.0029316702171508,,,,,-12.0,,,,,,,
,1.0,-16.79283328781388,10.323730945587158,0.0636043678969144,,,,,65.33802921098457,0.2645455011725425,,,,,0.580822047,0.29972752,0.281094527,0.215258855,0.084468665,0.253424657,109,411,367,44,29,5,19,110,79,60,12,2,3,33,2,71,0.172749391,0.08029197,,,-1.5767223834991455,0.1139418342646889,,,,,8.0,,,,,,,
,0.68,-4.3304908123795745,8.124361038208008,0.254375965334475,,,,,62.61808279805617,0.2616167443521907,,,,,0.592018597,0.344827586,0.247191011,0.229885057,0.114942529,0.315789473,36,101,87,10,7,2,4,30,20,16,0,2,1,1,0,28,0.277227722,0.00990099,,,0.0197779051959514,0.3599444127470057,,,,,0.0,,,,,,,
,0.65,6.154984121418664,-13.76234531402588,2.5123961977660656,,,,,107.2265284950413,0.3267595888330386,,,,,0.728080568,0.375,0.353080568,0.255555555,0.119444445,0.292857142,120,426,360,50,49,10,23,135,92,69,13,0,25,53,6,75,0.176056338,0.124413145,,,2.4851181507110596,1.2076617936359044,,,,,-9.0,,,,,,,
,0.52,-11.040590740739042,4.923183917999268,-0.3666045060381293,,,,,76.98717968254628,0.285394033306975,,,,,0.653822578,0.380165289,0.273657289,0.239669421,0.140495868,0.285714285,118,392,363,26,53,13,23,138,87,64,8,2,1,20,2,99,0.25255102,0.051020408,,,-0.4684961438179016,-0.1221151832508074,,,,,7.0,,,,,,,
,0.9,1.2251855831887517,-2.471193313598633,0.1891990345902741,,,,,103.67880217523776,0.333249410244986,,,,,0.752794695,0.40825688,0.344537815,0.302752293,0.105504587,0.324742268,88,238,218,25,29,3,16,89,66,50,12,1,2,15,1,25,0.105042016,0.06302521,,,0.9001017808914185,0.698892784179812,,,,,2.0,,,,,,,
,0.74,-3.5124169166946206,-0.5605828762054443,-0.0058760284446179,,,,,90.79651495727322,0.3056569699233262,,,,,0.691351396,0.390410958,0.300940438,0.243150684,0.147260274,0.258196721,106,322,292,38,28,8,25,114,71,46,15,2,3,24,2,42,0.130434782,0.074534161,,,-0.8647940754890442,-0.7910366949064119,,,,,3.0,,,,,,,
,0.7,-0.8794107067073528,-1.4314106851816175,-0.0088969152420759,,,,,97.26922046830934,0.3162410207823211,,,,,0.708014168,0.381165919,0.326848249,0.242152466,0.139013453,0.269005847,85,260,223,21,32,8,14,85,54,40,5,1,3,28,2,48,0.184615384,0.107692307,,,0.1162619292736053,-0.1037924811654109,,,,,2.0,,,,,,,
,1.19,-0.6744398702961576,-10.407861232757568,0.1783980662003159,,,,,98.68728951903982,0.3193137643472203,,,,,0.720525722,0.394683026,0.325842696,0.27198364,0.122699386,0.290398126,134,535,489,66,66,9,40,193,133,93,29,2,3,39,4,57,0.106542056,0.072897196,,,2.681851625442505,2.4448354491694793,,,,,-5.0,,,,,,,
,0.64,4.595474350942519,-0.0219478718936443,-0.1467408742755651,,,,,178.1029576441471,0.4454833772447374,,,,,1.020833333,0.5,0.520833333,0.394736842,0.105263158,0.378378378,49,50,38,5,4,1,2,19,15,13,1,0,1,10,3,0,0.0,0.2,,,1.1244299411773682,0.1249392521039991,,,,,0.0,,,,,,,
,1.23,-8.077801415602607,-5.774114966392517,-1.1938283769413829,,,,,90.82709470406128,0.3094062634596699,,,,,0.679310804,0.338919925,0.340390879,0.24953445,0.089385475,0.277657266,159,618,537,66,46,6,33,182,134,101,24,3,22,72,6,72,0.116504854,0.116504854,,,1.5964500904083252,1.286944814618259,,,,,-4.0,,,,,,,
,1.21,-0.7884152446110779,-5.177639961242676,0.8749007075093687,,,,,95.99505172560036,0.3194315196811289,,,,,0.721214948,0.397515527,0.323699421,0.285714285,0.111801242,0.303886925,105,351,322,43,38,6,20,128,92,72,10,4,3,19,1,37,0.105413105,0.054131054,,,0.0629520490765571,-0.0937336654491221,,,,,-8.0,,,,,,,
,0.84,3.655725749535799,-1.303955078125,0.4936474966816604,,,,,125.20750815786016,0.3682053235231661,,,,,0.84292649,0.464285714,0.378640776,0.273809523,0.190476191,0.275362318,49,103,84,14,21,4,7,39,23,16,2,1,2,16,1,14,0.13592233,0.155339805,,,1.78108798712492,0.3089514280673016,,,,,0.0,,,,,,,
,0.44,-3.869557292049071,6.824462890625,0.0362506415694952,,,,,61.709783558816426,0.2680666767633878,,,,,0.615384614,0.384615384,0.23076923,0.23076923,0.153846154,0.241935483,32,84,78,8,12,3,6,30,18,12,3,0,0,0,0,13,0.154761904,0.0,,,-0.5278500914573669,-0.4868884144401993,,,,,0.0,,,,,,,
,0.04,1.3381243494422863,-5.68403959274292,-1.2232141476124525,,,,,106.8259754453932,0.3337931629048278,,,,,0.778495663,0.448398576,0.330097087,0.28113879,0.167259786,0.26953125,108,309,281,28,40,10,27,126,79,52,17,0,1,23,7,20,0.064724919,0.074433656,,,1.6705679893493652,0.7440206813395949,,,,,-2.0,,,,,,,
,0.58,-14.13532266545073,9.062641859054564,-0.0349680627696216,,,,,63.21978195064125,0.2759448110316851,,,,,0.626246989,0.369281045,0.256965944,0.218954248,0.150326797,0.218390804,96,324,306,30,32,10,25,113,67,42,14,1,1,16,1,36,0.111111111,0.049382716,,,-0.9769435524940492,0.0840416851518007,,,,,7.0,,,,,,,
,0.4,-23.118658208117427,13.370850086212158,-0.4789987918920815,,,,,58.31435950176972,0.2694601698573929,,,,,0.580971181,0.28030303,0.300668151,0.209595959,0.070707071,0.234782608,124,459,396,25,29,2,21,111,83,62,16,3,0,50,3,50,0.108932461,0.108932461,,,-3.663373470306397,-0.6839975871975277,,,,,6.0,,,,,,,
,0.92,-3.3828275264928003,4.745314061641693,0.2725012861192226,,,,,76.66579744375058,0.287820370178523,,,,,0.64957429,0.373983739,0.275590551,0.25203252,0.121951219,0.287128712,40,129,123,16,11,2,11,46,31,20,9,0,1,4,0,20,0.155038759,0.031007751,,,-0.4013820886611938,-0.5338693953997877,,,,,4.0,,,,,,,
,0.62,-5.44346663387839,6.318243980407715,0.0925306570716202,,,,,67.6679694589389,0.2788377287595168,,,,,0.606625258,0.309523809,0.297101449,0.23015873,0.079365079,0.233333333,61,141,126,12,15,1,8,39,29,21,7,0,2,12,0,5,0.035460992,0.085106382,,,-0.4037120938301086,-0.257463850642651,,,,,4.0,,,,,,,
,0.47,-10.422948697089373,-0.6589159965515137,-0.4933160063810646,,,,,83.01226373480362,0.3061422569516264,,,,,0.691594772,0.382022471,0.309572301,0.24494382,0.137078651,0.264150943,129,494,445,44,64,11,36,170,109,73,22,3,4,39,5,66,0.133603238,0.078947368,,,-0.8934298157691956,0.1229093545348901,,,,,7.0,,,,,,,
,0.51,-0.5562757719651081,-15.390376091003418,-0.0034766159951686,,,,,99.25724428688244,0.3149233627855108,,,,,0.721819368,0.425641025,0.296178343,0.252991452,0.172649573,0.272522522,150,629,585,75,99,27,45,249,148,103,16,2,2,38,5,119,0.189189189,0.060413354,,,1.7403839826583862,1.5412107342310015,,,,,-5.0,,,,,,,
,0.37,-0.8396210226712854,3.2985849380493164,0.0543759623542428,,,,,91.6341590016288,0.3165772448886524,,,,,0.715207631,0.419753086,0.295454545,0.234567901,0.185185185,0.258064516,33,88,81,7,11,3,8,34,19,11,4,1,0,7,0,16,0.181818181,0.079545454,,,-0.2362980842590332,0.0450358912409924,,,,,2.0,,,,,,,
,0.4,6.863293282089813,-10.884317755699158,-0.1443414618261158,,,,,120.60960413150998,0.3755903158869062,,,,,0.857362959,0.460251046,0.397111913,0.322175732,0.138075314,0.327272727,115,280,239,43,32,5,19,110,77,58,10,4,0,33,4,19,0.067857142,0.117857142,,,0.7115482091903687,-0.5630489687369483,,,,,-9.0,,,,,,,
,0.44,-3.228965478542633,6.012026786804199,-0.5690039214678109,,,,,70.39944428968442,0.2865407592813733,,,,,0.64400898,0.36231884,0.28169014,0.260869565,0.101449275,0.346938775,35,74,69,8,7,1,5,25,18,13,4,0,1,2,0,19,0.256756756,0.027027027,,,-0.0472162067890167,0.1900124842221866,,,,,0.0,,,,,,,
,0.01,-5.490639001805776,-1.9466185569763184,0.6356291761621833,,,,,86.1562522560291,0.2990122219411338,,,,,0.678439005,0.390804597,0.287634408,0.24137931,0.149425287,0.255395683,100,374,348,39,38,13,26,136,84,58,13,0,2,18,3,58,0.155080213,0.048128342,,,-2.0024380683898926,-1.228559262203453,,,,,2.0,,,,,,,
,0.5,-6.804826475338611,8.449335098266602,0.0513550755567848,,,,,45.7118310424116,0.2426936515084989,,,,,0.544722718,0.313953488,0.23076923,0.197674418,0.11627907,0.274509803,33,104,86,11,9,3,4,27,17,13,1,0,0,4,0,33,0.317307692,0.038461538,,,-0.6433260142803192,-0.1989444737557781,,,,,0.0,,,,,,,
,0.31,-3.859726906021807,-0.0277774333953857,0.1771154874004423,,,,,87.22209050316498,0.3070731631183989,,,,,0.694030312,0.37704918,0.316981132,0.258196721,0.118852459,0.287128712,75,267,244,23,23,5,19,92,63,44,14,0,2,18,4,37,0.138576779,0.06741573,,,-1.467985987663269,-0.7447589485658754,,,,,3.0,,,,,,,
,0.56,-0.0567279042387965,-1.024348497390747,0.1268772454932332,,,,,99.13311577053594,0.3269609129706094,,,,,0.747906698,0.401315789,0.346590909,0.256578947,0.144736842,0.256944444,59,179,152,26,20,2,15,61,39,24,10,3,0,21,4,8,0.044692737,0.117318435,,,-0.4717199802398681,-0.4166479762777386,,,,,-2.0,,,,,,,
,0.54,5.78700978237541,-12.394148588180542,-0.1386293023824691,,,,,114.06248089741167,0.3448236802045036,,,,,0.765989652,0.407166123,0.358823529,0.293159609,0.114006514,0.348178137,127,347,307,41,44,4,26,125,90,64,21,1,6,31,0,57,0.164265129,0.089337175,,,0.9833043217658995,0.3096607258578898,,,,,-9.0,,,,,,,
,0.1,2.384827580258124,-6.154549598693848,-0.582825776655227,,,,,109.91338390269463,0.3401034547696038,,,,,0.748043052,0.378995433,0.369047619,0.287671232,0.091324201,0.308080808,78,253,219,29,32,2,14,83,63,49,10,2,2,28,0,22,0.086956521,0.110671936,,,0.769727885723114,1.162115152503879,,,,,-3.0,,,,,,,
,0.16,-4.635684260825306,-0.2592589855194092,-2.6295855562202632,,,,,94.54787388523552,0.315077801938891,,,,,0.708080485,0.397849462,0.310231023,0.261648745,0.136200717,0.300925925,108,303,279,29,35,8,21,111,73,52,12,1,0,19,0,58,0.191419141,0.06270627,,,-0.980384111404419,-0.2229553828562728,,,,,3.0,,,,,,,
,0.24,-1.6733800899074802,2.495654344558716,0.0925306570716202,,,,,88.27255814101183,0.3085559911844207,,,,,0.682497012,0.351851851,0.330645161,0.24074074,0.111111111,0.303797468,79,124,108,10,11,2,7,38,26,19,4,1,2,15,1,28,0.225806451,0.120967741,,,-0.1544397324323654,-0.3937674900132728,,,,,4.0,,,,,,,
,0.41,0.1333729769295444,-1.3456792831420898,-0.0470516099594533,,,,,100.8300397916209,0.3198627659252712,,,,,0.706703106,0.354430379,0.352272727,0.29113924,0.063291139,0.319148936,56,179,158,7,17,1,8,56,46,38,7,0,1,15,1,18,0.100558659,0.083798882,,,0.7309880256652832,0.6290891922852112,,,,,-4.0,,,,,,,
,0.47,2.2593970333227325,0.7098764777183533,0.0362506415694952,,,,,139.9760130935503,0.378699873356109,,,,,0.863152803,0.522727272,0.340425531,0.295454545,0.227272727,0.322580645,52,47,44,5,9,3,4,23,13,9,1,0,0,2,0,10,0.212765957,0.042553191,,,-0.1229840517044067,-0.2271204294270995,,,,,0.0,,,,,,,
,0.48,-1.3625850123465573,4.224667549133301,0.0332297547720372,,,,,77.89550135207985,0.3088418029724283,,,,,0.69787234,0.4,0.29787234,0.266666666,0.133333334,0.379310344,25,52,45,4,3,1,3,18,12,9,1,1,0,2,0,15,0.288461538,0.038461538,,,-0.3317281901836395,-0.0149860420249157,,,,,0.0,,,,,,,
,0.47,-0.1388662222604019,-3.2898929119110107,-0.4232141356915235,,,,,101.02261335129457,0.3208450858211104,,,,,0.709527893,0.363207547,0.346320346,0.297169811,0.066037736,0.346153846,58,235,212,19,19,0,12,77,63,51,10,2,5,16,0,32,0.136170212,0.068085106,,,1.0200520753860474,0.9562927669948352,,,,,-2.0,,,,,,,
,0.46,7.820918571122055,-8.203477501869202,0.3287813016213476,,,,,143.14454690355436,0.393885758328945,,,,,0.901392724,0.495798319,0.405594405,0.302521008,0.193277311,0.373493975,51,143,119,17,20,5,11,59,36,25,4,2,3,20,2,33,0.23076923,0.139860139,,,0.652155876159668,-0.2861255792210969,,,,,-10.0,,,,,,,
,0.58,-5.549967947917796,7.149437427520752,-0.3558035376481712,,,,,51.39407145263094,0.2575711004790805,,,,,0.574404761,0.3125,0.261904761,0.225,0.0875,0.29032258,33,88,80,5,11,0,5,25,18,13,3,2,0,4,0,18,0.204545454,0.045454545,,,-0.5726620554924011,0.0104737579856727,,,,,0.0,,,,,,,
,0.99,2.998471068748416,-2.9883402585983276,0.4996892702765763,,,,,116.62853113818252,0.3524827460447947,,,,,0.813123358,0.466666666,0.346456692,0.325,0.141666666,0.330357142,55,127,120,18,21,2,10,56,39,29,5,3,2,5,1,8,0.062992125,0.039370078,,,0.9215440154075624,-0.0758814708402704,,,,,-4.0,,,,,,,
,0.21,-6.447031881110844,4.324643850326538,1.9257604386657476,,,,,65.35237528398737,0.2657845931527502,,,,,0.59689728,0.320855614,0.276041666,0.256684491,0.064171123,0.296774193,87,199,187,22,13,2,8,60,48,40,6,0,11,5,1,30,0.150753768,0.025125628,,,-0.5566839575767517,0.3527840246797459,,,,,6.0,,,,,,,
,0.63,-15.021191423734884,-0.9910836219787598,-1.1856809272430835,,,,,80.54415976447855,0.2906769695402193,,,,,0.655935606,0.353765323,0.302170283,0.274956217,0.078809106,0.282771535,152,601,571,42,58,6,28,202,157,129,17,5,2,22,4,35,0.058236272,0.036605657,,,-0.6453681588172913,0.7075715768469819,,,,,2.0,,,,,,,
,0.54,-7.139386333273961,5.9574761390686035,-0.7036612485535443,,,,,68.64065352095284,0.2829105992402349,,,,,0.623376622,0.337662337,0.285714285,0.22077922,0.116883117,0.25210084,94,169,154,18,17,4,9,52,34,25,4,1,2,14,0,31,0.183431952,0.082840236,,,-0.6554456949234009,-0.1649728468558522,,,,,8.0,,,,,,,
,0.54,1.4695959167537094,1.6616367995738983,0.0241670943796634,,,,,143.62826619351787,0.3925835830824716,,,,,0.895604395,0.538461538,0.357142857,0.307692307,0.230769231,0.352941176,9,28,26,5,7,2,2,14,8,6,0,0,0,2,0,7,0.25,0.071428571,,,0.0274599809199571,-0.1298191277134404,,,,,2.0,,,,,,,
,0.11,4.808920462830242,-22.274786472320557,0.8604196240194142,,,,,105.01006963189826,0.3518121350638874,,,,,0.810360508,0.454873646,0.355486862,0.26534296,0.189530686,0.260869565,154,649,554,90,89,27,48,252,147,99,18,3,16,80,13,77,0.118644067,0.123266563,,,0.1714439690113067,-0.7337518030299941,,,,,-15.0,,,,,,,
,0.57,0.5473926178394084,0.6034524440765381,-0.7569203772582114,,,,,113.77910816785293,0.3468016577072633,,,,,0.807142857,0.457142857,0.35,0.271428571,0.185714286,0.293103448,22,80,70,11,11,2,7,32,19,12,3,2,0,8,2,11,0.1375,0.1,,,0.3071240782737732,0.1371080138701504,,,,,2.0,,,,,,,
,0.37,0.8267778819593243,2.1495198756456375,-0.3920541792176664,,,,,157.2269552290601,0.4066592421796586,,,,,0.922222221,0.533333333,0.388888888,0.266666666,0.266666667,0.23076923,5,18,15,3,4,1,2,8,4,2,1,0,0,2,0,1,0.055555555,0.111111111,,,0.0794959589838981,-0.0292346459808723,,,,,2.0,,,,,,,
,0.14,-8.746246222375321,-2.326932907104492,-0.9295666539110244,,,,,85.66386136030013,0.3058772775892262,,,,,0.699473484,0.385572139,0.313901345,0.246268656,0.139303483,0.27244582,123,449,402,50,46,11,32,155,99,67,19,2,2,37,9,71,0.158129175,0.082405345,,,-2.135242223739624,-1.5511648578853388,,,,,-5.0,,,,,,,
,0.36,2.837034745606643,-1.4043209552764893,0.0573968491517007,,,,,137.8901050805793,0.3950570675193286,,,,,0.893442622,0.5,0.393442622,0.362068965,0.137931035,0.392156862,13,62,58,11,6,1,5,29,21,16,3,1,0,3,0,6,0.096774193,0.048387096,,,0.6951159834861755,0.4753240031046171,,,,,,,,,,,,
,0.29,-4.00429436756348,3.303154945373535,-0.7116070752963424,,,,,78.48030228541599,0.2905861978530883,,,,,0.642246641,0.324786324,0.317460317,0.264957264,0.05982906,0.303030303,66,126,117,6,5,1,5,38,31,26,4,0,0,9,1,17,0.134920634,0.071428571,,,-1.5906341075897217,-0.8749017767594622,,,,,2.0,,,,,,,
,0.42,-7.6537981182813155,5.1984429359436035,0.4815639494918287,,,,,60.025990216885106,0.2602027529727913,,,,,0.59589947,0.351851851,0.244047619,0.222222222,0.129629629,0.237037037,94,172,162,17,15,4,13,57,36,23,9,0,2,4,1,24,0.139534883,0.023255813,,,-0.9619039297103882,-0.5131332490500419,,,,,2.0,,,,,,,
,0.58,-0.5641255502718632,1.072702407836914,0.4483341947197914,,,,,89.02985324859426,0.3097581079561416,,,,,0.689429564,0.388059701,0.301369863,0.23880597,0.149253731,0.24137931,23,78,67,13,6,2,6,26,16,10,4,0,2,4,0,7,0.089743589,0.051282051,,,0.6633699536323547,0.5575580934522033,,,,,2.0,,,,,,,
,0.44,-1.2325420134694074,0.7855485677719116,-0.1316364402882754,,,,,91.05364749785409,0.3150606670425933,,,,,0.696732435,0.376344086,0.320388349,0.247311827,0.129032259,0.265822784,35,104,93,6,6,2,8,35,23,15,6,0,1,10,0,12,0.115384615,0.096153846,,,-0.2204381972551345,-0.2158003567223937,,,,,-1.0,,,,,,,
,0.3,2.2001612793990883,-1.0946502685546875,0.0573968491517007,,,,,133.53589829205714,0.3786494544258824,,,,,0.826012058,0.418604651,0.407407407,0.255813953,0.162790698,0.28125,17,54,43,12,7,2,3,18,11,8,1,0,0,11,0,9,0.166666666,0.203703703,,,0.6301180124282837,0.4778367756324549,,,,,-2.0,,,,,,,
,0.35,-7.863234982879233,7.718142509460449,0.0392715283669531,,,,,32.21246317013586,0.2247933314906226,,,,,0.505228758,0.294117647,0.211111111,0.176470588,0.117647059,0.236363636,37,96,85,7,5,2,6,25,15,9,4,0,0,4,0,29,0.302083333,0.041666666,,,-0.8252959847450256,-0.7340617283309028,,,,,0.0,,,,,,,
,0.16,1.5738628037206914,-0.2615432739257812,0.0392715283669531,,,,,128.19448513411186,0.3806568345297937,,,,,0.869565217,0.5,0.369565217,0.3,0.2,0.333333333,17,46,40,6,7,2,4,20,12,8,2,0,0,4,0,9,0.195652173,0.086956521,,,-0.1333761513233184,-0.1375700218906045,,,,,-1.0,,,,,,,
,-0.13,-5.147429440028049,-7.690212965011597,-1.1952389469370246,,,,,93.34344903274408,0.3119700329716195,,,,,0.72034197,0.444191343,0.276150627,0.220956719,0.223234624,0.259124087,132,481,439,47,78,26,46,195,97,51,20,0,5,28,4,143,0.297297297,0.058212058,,,0.4443658515810966,1.1138504081223095,,,,,-2.0,,,,,,,
,0.3,2.285302695470644,-0.1646090447902679,0.0151044339872896,,,,,198.39350012802285,0.4816405428083319,,,,,1.143274853,0.722222222,0.421052631,0.444444444,0.277777778,0.411764705,10,19,18,3,5,1,3,13,8,5,2,0,0,0,0,1,0.052631578,0.0,,,0.3115860223770141,0.0845583987723732,,,,,0.0,,,,,,,
,0.53,-0.6970420589259172,1.7155898213386536,0.0271879811771214,,,,,87.99849711462271,0.3127469210063709,,,,,0.709292411,0.434782608,0.274509803,0.195652173,0.239130435,0.193548387,12,51,46,10,7,3,5,20,9,4,2,0,0,5,0,12,0.235294117,0.098039215,,,-0.2418120056390762,-0.4104990102090177,,,,,1.0,,,,,,,
,0.19,-2.635712537283822,3.818449497222901,0.0332297547720372,,,,,53.23751846475086,0.2594317877015402,,,,,0.571752693,0.292682926,0.279069767,0.243902439,0.048780487,0.344827586,27,47,41,3,2,0,1,12,10,9,0,1,0,2,0,12,0.255319148,0.042553191,,,-0.5723079442977905,-0.1892841356575255,,,,,0.0,,,,,,,
,0.63,-23.050580431273502,10.55603551864624,-0.9348212080076336,,,,,58.92101241869583,0.2673362889974155,,,,,0.596320346,0.319047619,0.277272727,0.247619047,0.071428572,0.253164556,135,455,420,41,28,4,19,134,104,85,12,3,6,15,1,23,0.05054945,0.032967032,,,-1.4856500625610352,0.7999038322280343,,,,,3.0,,,,,,,
,0.26,1.5888870270287447,0.7311924695968628,0.0120835471898317,,,,,244.27506690227932,0.5624521523714066,,,,,1.291666666,0.666666666,0.625,0.5,0.166666666,0.6,5,9,6,1,0,0,1,4,3,2,1,0,0,2,0,1,0.111111111,0.222222222,,,0.0446739755570888,-0.021910502677253,,,,,0.0,,,,,,,
,0.26,-4.595552740856462,1.6543207168579102,0.3268772484734654,,,,,76.2950162644066,0.2902987696907737,,,,,0.666173569,0.352564102,0.313609467,0.269230769,0.083333333,0.270833333,60,171,156,18,11,3,7,55,42,35,4,0,1,11,4,11,0.064327485,0.064327485,,,-0.8907899260520935,-0.6224638777466622,,,,,-1.0,,,,,,,
,0.3,0.0807622852324505,1.5281206965446472,0.0302088679745793,,,,,101.42415919546708,0.3284517074453419,,,,,0.699310344,0.32,0.379310344,0.28,0.04,0.318181818,10,30,25,4,2,0,1,8,7,6,1,0,0,4,0,3,0.1,0.133333333,,,-0.0105179287493228,-0.0841242883378097,,,,,1.0,,,,,,,
,0.12,-0.1583019818480764,-3.1874721497297287,0.9268772574141622,,,,,95.03538933838732,0.3188644925753275,,,,,0.719756738,0.414201183,0.305555555,0.266272189,0.147928994,0.272727272,75,180,169,28,21,6,13,70,45,32,7,0,4,10,0,21,0.116666666,0.055555555,,,0.3539657294750213,0.2809497408990081,,,,,-3.0,,,,,,,
,0.3,-2.1839271548302763,3.3309879302978516,0.0392715283669531,,,,,55.34699982052408,0.2626472444910752,,,,,0.480036297,0.137931034,0.342105263,0.137931034,0.0,0.173913043,41,41,29,2,1,0,0,4,4,4,0,0,0,9,0,6,0.146341463,0.219512195,,,-0.218203991651535,-0.2144243241628787,,,,,0.0,,,,,,,
,0.23,-0.5078852068307153,2.1123337745666504,0.0241670943796634,,,,,83.14855287423913,0.3054309046786764,,,,,0.666007904,0.318181818,0.347826086,0.318181818,0.0,0.411764705,17,26,22,1,0,0,0,7,7,7,0,0,0,1,0,5,0.192307692,0.038461538,,,-0.0266538988798856,0.071778676722284,,,,,0.0,,,,,,,
,0.21000000000000002,-4.376824056615855,4.87461656332016,0.0392715283669531,,,,,39.39011797126317,0.2343264786260468,,,,,0.487857142,0.22,0.267857142,0.18,0.04,0.45,34,60,50,2,5,0,2,11,9,7,2,0,0,6,0,30,0.5,0.1,,,-0.4951479882001877,0.0136782364291738,,,,,0.0,,,,,,,
,0.37,-4.776747536331204,-0.1418626308441162,0.3454601746052503,,,,,80.3227782476688,0.3095563028899716,,,,,0.674454828,0.333333333,0.341121495,0.253968253,0.07936508,0.301886792,86,220,189,34,24,0,12,63,48,36,9,3,11,22,1,30,0.136363636,0.1,,,0.9692121744155884,1.014453803947618,,,,,2.0,,,,,,,
,0.18,-8.387784879042904,7.718142509460449,0.045313301961869,,,,,26.8995963013245,0.2327492900109023,,,,,0.523569675,0.298850574,0.224719101,0.206896551,0.091954023,0.25,41,95,87,9,8,1,5,26,18,13,3,1,0,1,0,18,0.189473684,0.010526315,,,-0.4807898998260498,0.3621625709890126,,,,,0.0,,,,,,,
,0.29,1.7848589498449725,-0.222908079624176,0.0211462075822055,,,,,164.8081003602847,0.412281510622605,,,,,0.936758892,0.545454545,0.391304347,0.363636363,0.181818182,0.388888888,18,23,22,3,9,1,2,12,8,6,1,0,0,1,0,3,0.130434782,0.04347826,,,-0.0543680042028427,-0.0918076824409543,,,,,0.0,,,,,,,
,0.02,1.6716177243705914,-1.966163456439972,0.2604177389293909,,,,,115.48913315590433,0.3507904771127199,,,,,0.794405593,0.43076923,0.363636363,0.261538461,0.169230769,0.3125,34,77,65,8,8,2,7,28,17,10,5,0,1,11,1,16,0.207792207,0.142857142,,,0.259950041770935,0.0031707707755946,,,,,-1.0,,,,,,,
,0.19,0.8502172287359888,0.974923312664032,0.0181253207847476,,,,,157.10133692473917,0.418790191411972,,,,,0.9,0.4,0.5,0.4,0.0,0.571428571,45,12,10,1,1,0,0,4,4,4,0,0,0,2,0,3,0.25,0.166666666,,,0.0013659475371241,-0.0448834010498117,,,,,0.0,,,,,,,
,-0.2,-4.427831061661023,0.2400537133216858,-0.4915776983834803,,,,,83.54594128744212,0.3065798048573638,,,,,0.717587009,0.397790055,0.319796954,0.276243093,0.121546962,0.289308176,80,197,181,17,27,4,14,72,50,36,10,0,3,13,6,21,0.106598984,0.065989847,,,-0.8203182220458984,-0.3582746396823302,,,,,0.0,,,,,,,
,0.35,-2.2447808353850243,-2.887972354888916,-0.648498066700995,,,,,93.78302147907269,0.3185518923528951,,,,,0.720153366,0.374358974,0.345794392,0.297435897,0.076923077,0.323699421,105,217,195,26,23,2,9,73,58,49,5,2,6,16,3,23,0.105990783,0.073732718,,,0.5039799213409424,0.499945841969275,,,,,0.0,,,,,,,
,0.08,-0.7537169315347154,-0.2524005174636841,-0.316532009281218,,,,,96.24983681107442,0.338459018657082,,,,,0.7375,0.3625,0.375,0.25,0.1125,0.339622641,56,96,80,14,8,2,5,29,20,15,3,0,0,16,1,25,0.260416666,0.166666666,,,-0.1268661171197891,-0.2793504781619347,,,,,0.0,,,,,,,
,0.71,-7.510311913594469,-4.611457347869873,-0.3270769952796399,,,,,85.44161199414947,0.2979508162412828,,,,,0.636189052,0.293956043,0.342233009,0.26098901,0.032967033,0.300632911,133,417,364,56,20,0,8,107,95,87,4,4,33,43,0,50,0.119904076,0.103117505,,,-0.4055079519748688,0.1285776771392293,,,,,-8.0,,,,,,,
,0.28,-7.0799651961389936,-0.8087588399648666,-2.237531377002597,,,,,86.03228552183863,0.3053284681306711,,,,,0.691292568,0.386029411,0.305263157,0.275735294,0.110294117,0.288702928,89,293,272,28,32,6,17,105,75,58,10,1,0,9,2,28,0.095563139,0.030716723,,,-1.1582658886909485,-0.3663077106387504,,,,,-5.0,,,,,,,
,0.73,1.3018333941194045,-20.702332258224487,-0.3513343269005418,,,,,102.24985532379438,0.3315899904285158,,,,,0.751077005,0.416666666,0.334410339,0.281914893,0.134751773,0.28962818,144,621,564,71,84,11,46,235,159,113,27,8,4,46,3,49,0.078904991,0.074074074,,,1.710485816001892,1.6103013859696105,,,,,-24.0,,,,,,,
,0.14,-4.406068580635901,-6.170095682144165,-1.390643624123186,,,,,93.1493014125698,0.30915140074033,,,,,0.690633688,0.365497076,0.325136612,0.277777777,0.087719299,0.311258278,104,372,342,41,26,1,24,125,95,71,19,4,12,23,2,39,0.104838709,0.061827956,,,-0.7958043813705444,-0.1638902701078539,,,,,-3.0,,,,,,,
,0.14,-6.784232301663857,6.255757808685303,0.0392715283669531,,,,,27.02519577009904,0.2329407397544745,,,,,0.519347318,0.276923076,0.242424242,0.23076923,0.046153846,0.294117647,35,77,65,3,3,0,3,18,15,12,3,0,0,1,0,14,0.181818181,0.012987012,,,-0.7003120183944702,-0.109537992504931,,,,,0.0,,,,,,,
,0.41,-7.4861394549296545,6.743219375610352,0.0392715283669531,,,,,25.3364982538005,0.2303666786567585,,,,,0.505092047,0.275362318,0.229729729,0.173913043,0.101449275,0.239130434,40,83,69,4,8,1,4,19,12,8,2,1,0,4,0,22,0.26506024,0.048192771,,,-0.4732221066951751,0.0049123907547712,,,,,0.0,,,,,,,
,0.19,-0.1272735160094868,1.4623849391937256,0.0151044339872896,,,,,93.48631946725128,0.3217318024900224,,,,,0.722222221,0.388888888,0.333333333,0.333333333,0.055555555,0.428571428,49,18,18,1,3,0,1,7,6,5,1,0,0,0,0,4,0.222222222,0.0,,,-0.093717984855175,-0.0774816848741279,,,,,0.0,,,,,,,
,0.17,-4.928007109343013,4.621399104595184,0.2513550785370171,,,,,40.76205153955942,0.2374339946678706,,,,,0.528571428,0.271428571,0.257142857,0.257142857,0.014285714,0.3,53,72,70,10,5,0,1,19,18,17,1,0,1,0,0,10,0.138888888,0.0,,,0.3402740359306335,0.8193813060219527,,,,,4.0,,,,,,,
,0.14,-4.435884871719333,3.082762062549591,0.2513550785370171,,,,,62.885802764216024,0.2711569597420183,,,,,0.618956069,0.376237623,0.242718446,0.227722772,0.148514851,0.24691358,74,104,101,14,8,3,8,38,23,15,4,1,1,2,0,17,0.163461538,0.019230769,,,-0.3698798716068268,0.0814991392931998,,,,,4.0,,,,,,,
,0.33,-15.765345622133758,6.287153244018555,0.0375332203693687,,,,,60.602760968342025,0.2608122777148902,,,,,0.566027266,0.282894736,0.28313253,0.226973684,0.055921052,0.27125506,123,339,304,17,34,2,13,86,69,56,11,0,1,21,0,58,0.171091445,0.061946902,,,-0.7850679159164429,0.4396355956133109,,,,,0.0,,,,,,,
,0.13,-2.8974830556732067,3.4122314453125,0.0241670943796634,,,,,42.715761495574895,0.243799692246972,,,,,0.533376123,0.289473684,0.243902439,0.184210526,0.105263158,0.222222222,22,42,38,3,2,1,2,11,7,5,1,0,0,3,0,10,0.238095238,0.071428571,,,-0.1148800998926162,0.041684094169596,,,,,0.0,,,,,,,
,0.2,1.285887311870576,0.406218022108078,0.0030208867974579,,,,,311.2845100909067,0.6531757712364197,,,,,1.6,1.0,0.6,0.5,0.5,0.5,14,5,4,1,0,0,2,4,2,0,2,0,0,1,0,0,0.0,0.2,,,-0.0075999912805855,-0.0028768202187072,,,,,0.0,,,,,,,
,0.19,-1.9204006957008848,0.0709877014160156,-0.3225737828761339,,,,,87.83433010020248,0.3125030951066451,,,,,0.713373567,0.398058252,0.315315315,0.281553398,0.116504854,0.279569892,55,111,103,13,15,3,6,41,29,23,3,0,0,6,1,9,0.081081081,0.054054054,,,-0.0516639202833175,0.0013187863924422,,,,,1.0,,,,,,,
,0.32,-0.0626086466613679,0.6833562552928925,0.0087330462411046,,,,,98.37043772580505,0.325365264075143,,,,,0.725210083,0.382352941,0.342857142,0.323529411,0.05882353,0.423076923,13,37,34,10,1,0,2,13,11,9,2,0,6,1,0,8,0.216216216,0.027027027,,,0.0233781207352876,0.0243493442654379,,,,,1.0,,,,,,,
,0.78,-10.749299354317635,3.2117051482200623,-0.0454771709628403,,,,,68.03448355486879,0.2779036237444688,,,,,0.618890034,0.337301587,0.281588447,0.226190476,0.111111111,0.24074074,68,283,252,33,18,5,15,85,57,42,7,3,9,21,0,35,0.123674911,0.074204946,,,-0.4805099964141845,-0.1363956416616316,,,,,4.0,,,,,,,
,0.23,-5.037298367766041,4.874616622924805,0.0332297547720372,,,,,30.408184013158824,0.2125195871506418,,,,,0.458557951,0.226415094,0.232142857,0.188679245,0.037735849,0.384615384,26,60,53,6,2,0,2,12,10,8,2,0,0,3,0,27,0.45,0.05,,,-0.5223720669746399,0.0225762403519147,,,,,0.0,,,,,,,
,0.3,1.5888643962386528,-0.8436214178800583,0.0332297547720372,,,,,145.33554937639695,0.3927135445453502,,,,,0.853535353,0.409090909,0.444444444,0.318181818,0.090909091,0.318181818,7,29,22,2,3,0,1,9,7,6,0,1,0,4,0,0,0.0,0.137931034,,,0.179861918091774,0.0058100311200245,,,,,-1.0,,,,,,,
,-0.07,1.7344122841154492,-3.1687241792678833,-0.1195528930984437,,,,,116.07067770216268,0.3562476562929677,,,,,0.813370107,0.419753086,0.393617021,0.308641975,0.111111111,0.328571428,107,95,81,12,11,2,5,34,25,20,3,0,1,12,3,10,0.105263157,0.126315789,,,-0.1433980464935302,-0.2472709020219556,,,,,-2.0,,,,,,,
,0.86,3.985508402531506,-21.97917604446411,-0.0271861050277948,,,,,105.9081767636813,0.3370234419639358,,,,,0.767372029,0.434622467,0.332749562,0.300184162,0.134438305,0.312244897,134,574,543,78,54,10,46,236,163,117,29,7,12,27,4,44,0.076655052,0.047038327,,,0.1172835305333137,0.0067192033090316,,,,,-16.0,,,,,,,
,0.24,-2.273400016651466,-2.762345552444458,-0.8492852891795337,,,,,93.9821098319121,0.3106354263424873,,,,,0.680877192,0.350877192,0.33,0.239766081,0.111111111,0.268656716,54,200,171,19,31,5,9,60,41,32,4,0,1,24,0,36,0.18,0.12,,,0.9663802981376648,0.4660512809044344,,,,,0.0,,,,,,,
,0.46,-6.621302579472065,-10.013716697692873,0.864886958617717,,,,,88.36969259159486,0.3110743746552128,,,,,0.665602143,0.314855875,0.350746268,0.235033259,0.079822616,0.258974358,139,544,451,51,31,5,25,142,106,81,19,1,8,80,2,59,0.108455882,0.147058823,,,-0.4232378900051117,-0.1240356392645329,,,,,-2.0,,,,,,,
,-0.01,0.4391864757568679,0.8591676354408264,0.0090626603923738,,,,,132.20008576516062,0.375514187596061,,,,,0.863636363,0.5,0.363636363,0.3,0.2,0.5,11,11,10,1,2,0,1,5,3,2,0,1,0,1,0,4,0.363636363,0.09090909,,,-0.1375040411949157,-0.0883592973769242,,,,,1.0,,,,,,,
,0.59,-5.103382934552018,-9.641062259674072,-0.8543740981258452,,,,,92.59585064231612,0.3203760950254793,,,,,0.717935091,0.381818181,0.33611691,0.284090909,0.097727272,0.298994974,122,485,440,58,35,6,27,168,125,98,17,4,8,36,3,39,0.080412371,0.074226804,,,-1.4906420707702637,-0.493910760692785,,,,,-4.0,,,,,,,
,0.33,-1.468125127858341,1.7849794179201126,0.5974367274902761,,,,,56.35771423084016,0.2547545166392075,,,,,0.499999999,0.166666666,0.333333333,0.133333333,0.033333333,0.235294117,41,40,30,11,0,0,1,5,4,3,1,0,13,8,1,13,0.325,0.2,,,-0.3690260946750641,-0.1272418169987231,,,,,2.0,,,,,,,
,0.22,-5.78073532596499,5.280834674835205,0.042292415164411,,,,,26.227971296618257,0.2156712432702382,,,,,0.45,0.2,0.25,0.181818181,0.018181819,0.27027027,27,65,55,4,4,0,1,11,10,9,1,0,0,5,0,18,0.276923076,0.076923076,,,-0.6778879165649414,-0.2354884298337072,,,,,0.0,,,,,,,
,0.13,0.2596841970562484,0.425240010023117,0.2211462105624377,,,,,101.2526938560237,0.3296460795402527,,,,,0.71,0.35,0.36,0.2,0.15,0.25,10,26,20,0,1,0,2,7,4,2,1,1,1,5,0,4,0.153846153,0.192307692,,,0.110224112868309,0.2385775940697494,,,,,0.0,,,,,,,
,0.25,-1.5126795525149876,2.193577289581299,0.0241670943796634,,,,,53.1269737300171,0.2498667287826538,,,,,0.47,0.15,0.32,0.15,0.0,0.25,56,27,20,2,2,0,0,3,3,3,0,0,0,5,0,8,0.296296296,0.185185185,,,-0.2530820071697235,-0.1213522655676212,,,,,0.0,,,,,,,
,0.16,0.2836954589516959,0.893679678440094,0.0090626603923738,,,,,120.55966061782088,0.375514187596061,,,,,0.863636363,0.5,0.363636363,0.3,0.2,0.6,27,11,10,0,1,0,1,5,3,2,0,1,0,1,0,5,0.454545454,0.09090909,,,0.0189880058169364,0.0031682536650242,,,,,0.0,,,,,,,
,0.14,-1.0975864949622909,1.868602991104126,0.2181253237649798,,,,,52.892596846200526,0.2707301795482635,,,,,0.615789473,0.315789473,0.3,0.315789473,0.0,0.3,33,23,19,3,3,0,0,6,6,6,0,0,1,0,0,0,0.0,0.0,,,-0.2270800024271011,-0.0532534741959619,,,,,0.0,,,,,,,
,0.24,-0.4388722432681828,1.3811413049697876,0.0090626603923738,,,,,78.30187497613264,0.2950468616826193,,,,,0.670329669,0.384615384,0.285714285,0.23076923,0.153846154,0.6,44,17,13,4,0,0,1,5,3,2,0,1,0,1,0,8,0.470588235,0.058823529,,,-0.053895991295576,-0.1174909856161729,,,,,0.0,,,,,,,
,-0.13,-9.043103407298116,2.7128491401672363,-0.6220973050221801,,,,,69.84347785774831,0.2865835710846144,,,,,0.603667979,0.273195876,0.330472103,0.206185567,0.067010309,0.253246753,89,236,194,19,13,1,10,53,40,30,8,1,2,37,1,41,0.173728813,0.156779661,,,-1.1479140520095823,0.0437923320422983,,,,,5.0,,,,,,,
,0.21,1.3945412285501089,-3.1746708750724792,0.2876057201065123,,,,,109.49526981599054,0.357008945941925,,,,,0.801829268,0.426829268,0.375,0.280487804,0.146341464,0.294117647,62,96,82,13,9,3,6,35,23,17,3,0,1,13,1,12,0.125,0.135416666,,,0.4412179887294769,-0.2135541643244944,,,,,-4.0,,,,,,,
,0.31,0.5099044756922997,-0.0018289873842149,0.0211462075822055,,,,,114.9068738817154,0.3543828932138589,,,,,0.807692307,0.461538461,0.346153846,0.346153846,0.115384615,0.409090909,36,27,26,2,1,0,2,12,9,7,1,1,0,0,0,4,0.148148148,0.0,,,-0.2094959765672683,-0.1682973442353301,,,,,0.0,,,,,,,
,0.13,-2.2127133693099803,2.6355740129947662,0.0181253207847476,,,,,38.51260117616128,0.2308140129878603,,,,,0.542528734,0.275862068,0.266666666,0.24137931,0.034482758,0.318181818,22,30,29,3,2,0,1,8,7,6,1,0,0,1,1,7,0.233333333,0.033333333,,,0.02410189807415,0.2711257265446926,,,,,2.0,,,,,,,
,0.16,-1.0467080643048938,-2.633859157562256,0.0996892643161118,,,,,93.58365816469896,0.3168067541343486,,,,,0.709047525,0.404411764,0.304635761,0.227941176,0.176470588,0.265306122,63,151,136,15,19,5,13,55,31,18,7,1,0,15,0,33,0.218543046,0.099337748,,,-0.4626378715038299,0.1391483666234454,,,,,1.0,,,,,,,
,0.09,-8.986649647463299,7.393168449401856,0.0513550755567848,,,,,18.212412917263297,0.2017641634116938,,,,,0.412650092,0.178082191,0.234567901,0.150684931,0.02739726,0.211538461,33,91,73,3,8,0,2,13,11,9,2,0,0,8,0,21,0.23076923,0.087912087,,,-0.6356580257415771,0.4360571469701937,,,,,0.0,,,,,,,
,0.13,-0.2711749541482413,1.1374105215072632,0.0151044339872896,,,,,83.1609235466883,0.3171575665473938,,,,,0.657342656,0.272727272,0.384615384,0.272727272,0.0,0.6,64,14,11,0,1,0,0,3,3,3,0,0,0,2,0,6,0.428571428,0.142857142,,,-0.0103920772671699,0.0503952631015996,,,,,0.0,,,,,,,
,0.21,-4.848493794083792,4.387154579162598,0.0302088679745793,,,,,25.601048580817448,0.2143242621421814,,,,,0.475319148,0.255319148,0.22,0.191489361,0.063829787,0.216216216,47,54,47,2,5,1,1,12,9,8,0,0,0,2,0,10,0.185185185,0.037037037,,,-0.4481998085975647,0.1537679297374178,,,,,0.0,,,,,,,
,0.22,-0.2122692448542058,0.7677185386419296,-0.3860124056227505,,,,,106.22065486001064,0.328079614950263,,,,,0.728778466,0.38095238,0.347826086,0.285714285,0.095238095,0.352941176,6,23,21,1,6,0,1,8,6,5,0,1,0,2,0,4,0.173913043,0.086956521,,,0.1894159317016601,0.1167707620777626,,,,,1.0,,,,,,,
,0.13,-7.814865194889543,6.499488353729248,0.0483341887593269,,,,,19.059566673773176,0.2082840078755428,,,,,0.436842105,0.2,0.236842105,0.171428571,0.028571429,0.272727272,35,80,70,3,6,0,2,14,12,10,2,0,0,6,0,26,0.325,0.075,,,-0.715796172618866,-0.3732957813632254,,,,,0.0,,,,,,,
,0.43,-9.141657005779136,3.909924268722534,0.101593317463994,,,,,62.31837968118762,0.263877077151071,,,,,0.590257412,0.322580645,0.267676767,0.220430107,0.102150538,0.261437908,82,202,186,15,23,1,16,60,41,25,14,1,2,11,1,32,0.158415841,0.054455445,,,-0.7486921548843384,0.1218752696331683,,,,,1.0,,,,,,,
,0.13,-0.6938399020292714,1.3811413049697876,0.0060417735949158,,,,,66.09748430965008,0.2908582290013631,,,,,0.666666666,0.4,0.266666666,0.266666666,0.133333334,0.333333333,23,17,15,0,1,0,2,6,4,2,2,0,0,0,0,3,0.176470588,0.0,,,-0.2609340250492096,-0.0971059487592338,,,,,0.0,,,,,,,
,0.29000000000000004,-15.305011051622952,2.5171473138034344,-0.7224080436863005,,,,,70.51588840854045,0.2758315440512051,,,,,0.604968149,0.312997347,0.291970802,0.23342175,0.079575597,0.276527331,116,418,377,32,23,2,21,118,88,67,14,5,1,29,0,66,0.157894736,0.06937799,,,-0.930326325353235,0.0185539519270163,,,,,0.0,,,,,,,
,0.09,-0.100561459491811,0.4320987164974212,0.0181253207847476,,,,,96.14203506798262,0.3225184679031372,,,,,0.742474915,0.434782608,0.307692307,0.260869565,0.173913043,0.25,7,26,23,3,4,1,2,10,6,4,1,0,0,2,0,3,0.115384615,0.076923076,,,-0.1796519756317138,-0.0759722625756826,,,,,0.0,,,,,,,
,0.02,0.2411533864272857,0.2510287761688232,0.4241671003401279,,,,,93.14958033746608,0.3159899768375215,,,,,0.658730157,0.277777777,0.38095238,0.277777777,0.0,0.3125,15,22,18,6,0,0,0,5,5,5,0,0,2,3,0,2,0.09090909,0.136363636,,,0.0096600037068128,-0.0173193948855327,,,,,0.0,,,,,,,
,0.09,-0.1251142814365613,0.7119341790676117,0.0151044339872896,,,,,93.20775587459384,0.3177677147528704,,,,,0.686274509,0.333333333,0.352941176,0.266666666,0.066666667,0.333333333,10,17,15,3,3,0,1,5,4,3,1,0,0,2,0,3,0.176470588,0.117647058,,,0.3161420226097107,0.1668039495044759,,,,,1.0,,,,,,,
,0.1,-11.329787351353884,-1.848628520965576,-2.3510424965061247,,,,,81.8461549623552,0.2993738533232206,,,,,0.665623471,0.36,0.305623471,0.248,0.112,0.264264264,138,418,375,42,45,5,26,135,93,67,15,6,1,31,0,39,0.093301435,0.074162679,,,-0.4520900249481201,0.3688830446702847,,,,,-9.0,,,,,,,
,0.06,-0.3103030468011231,0.974923312664032,0.0030208867974579,,,,,78.49851040728356,0.2983429014682769,,,,,0.7,0.5,0.2,0.2,0.3,0.142857142,14,12,10,1,1,1,1,5,2,1,0,0,0,0,0,2,0.166666666,0.0,,,-0.120663896203041,-0.0146913650781322,,,,,0.0,,,,,,,
,0.13,-2.89293501488022,1.4798809587955477,-0.772024811245501,,,,,75.77745134585584,0.2928648323252581,,,,,0.659085841,0.369230769,0.289855072,0.246153846,0.123076923,0.285714285,32,74,65,6,11,0,6,24,16,10,4,2,0,4,0,9,0.121621621,0.054054054,,,-0.5223420262336731,-0.2024353819927798,,,,,1.0,,,,,,,
,0.08,-1.5906235496626775,1.868602991104126,0.0120835471898317,,,,,42.6170926837766,0.2389639201371566,,,,,0.535573122,0.318181818,0.217391304,0.181818181,0.136363637,0.157894736,70,23,22,1,2,1,1,7,4,3,0,0,0,1,0,2,0.086956521,0.04347826,,,-0.3933199942111969,-0.1571890896259974,,,,,0.0,,,,,,,
,-0.02,-7.505584007632296,6.093270778656006,0.2483341917395591,,,,,14.863424800397167,0.2018878798227052,,,,,0.429729729,0.2,0.229729729,0.185714285,0.014285715,0.302325581,30,75,70,4,5,0,1,14,13,12,1,0,1,4,0,27,0.36,0.053333333,,,-0.8799059987068176,-0.1904908396338256,,,,,0.0,,,,,,,
,0.2,-2.723731353217127,-0.509376049041748,0.2906266069039702,,,,,80.75750696467531,0.3013801716622852,,,,,0.677944861,0.368421052,0.309523809,0.263157894,0.105263158,0.273584905,66,129,114,15,16,1,9,42,30,21,7,1,1,9,0,10,0.077519379,0.069767441,,,0.5447199940681458,0.3292452383591518,,,,,-2.0,,,,,,,
,0.01,-5.388491246047799,4.549642086029053,0.0271879811771214,,,,,20.361855993384676,0.2103598627177151,,,,,0.463464836,0.245283018,0.218181818,0.188679245,0.056603773,0.243902439,36,56,53,4,2,0,3,13,10,7,3,0,0,2,0,12,0.214285714,0.035714285,,,-0.5960638523101807,-0.1547887176571394,,,,,0.0,,,,,,,
,0.1,-0.0684400394776581,0.9561042562127112,0.0030208867974579,,,,,80.38430904472415,0.3008113106091817,,,,,0.666666666,0.333333333,0.333333333,0.333333333,0.0,0.5,1,3,3,0,0,0,0,1,1,1,0,0,0,0,0,1,0.333333333,0.0,,,-0.0014359999913722,0.0060703789954258,,,,,1.0,,,,,,,
,-0.049999999999999996,-1.4042402661773428,-0.5829903483390808,0.0694803963415324,,,,,86.77183362554578,0.3099312735928429,,,,,0.68119658,0.358974358,0.322222222,0.23076923,0.128205128,0.266666666,64,90,78,8,10,2,6,28,18,12,4,0,0,11,0,17,0.188888888,0.122222222,,,-0.4443200975656509,0.0186695233282685,,,,,0.0,,,,,,,
,0.26,0.6184781635705041,0.063100129365921,0.0120835471898317,,,,,162.4196851965956,0.4268968850374222,,,,,0.928571428,0.428571428,0.5,0.428571428,0.0,0.5,5,8,7,3,1,0,0,3,3,3,0,0,0,1,0,1,0.125,0.125,,,0.0709239989519119,-0.1204743596739374,,,,,0.0,,,,,,,
,0.0,-9.164460486488752,7.2306809425354,0.045313301961869,,,,,14.785170264931525,0.1965400590954056,,,,,0.432667378,0.227848101,0.204819277,0.177215189,0.050632912,0.2,31,89,79,3,4,1,2,18,14,12,1,0,0,3,0,14,0.15730337,0.033707865,,,-0.3750837743282318,0.2531326986579434,,,,,0.0,,,,,,,
,0.09,-1.946057881653926,2.031090259552002,0.0151044339872896,,,,,35.400410990507396,0.2331921582420667,,,,,0.510869565,0.260869565,0.25,0.217391304,0.043478261,0.333333333,72,25,23,0,2,0,1,6,5,4,1,0,0,1,0,8,0.32,0.04,,,-0.1736699938774109,-0.0638498222354898,,,,,0.0,,,,,,,
,0.08,-2.5515115691302483,0.7526296675205231,-0.1558035346679389,,,,,75.00356086835721,0.2822007887065411,,,,,0.638401559,0.342105263,0.296296296,0.25,0.092105263,0.311475409,23,81,76,6,5,0,6,26,19,13,5,1,1,5,1,15,0.185185185,0.061728395,,,-0.136786088347435,0.0981620134292849,,,,,1.0,,,,,,,
,0.27,-8.038504796965018,-4.186556652188301,-0.252140421885997,,,,,84.12880665430741,0.3183431544778298,,,,,0.706388888,0.338888888,0.3675,0.3,0.038888888,0.326219512,100,404,360,41,45,1,12,122,108,96,11,0,7,37,8,32,0.07920792,0.091584158,,,0.4323483407497406,0.2717153652557266,,,,,-4.0,,,,,,,
,0.09,-0.0276644650660313,0.6499488353729248,0.0090626603923738,,,,,96.2194657614665,0.3384127244353294,,,,,0.75,0.375,0.375,0.375,0.0,0.5,11,8,8,0,2,0,0,3,3,3,0,0,0,0,0,2,0.25,0.0,,,0.2361198961734771,0.1758209416813374,,,,,0.0,,,,,,,
,0.08,0.3026239591683755,0.406218022108078,0.0060417735949158,,,,,148.84625597478492,0.4025768041610718,,,,,0.833333333,0.333333333,0.5,0.333333333,0.0,1.0,3,5,3,0,0,0,0,1,1,1,0,0,0,1,0,2,0.4,0.2,,,-0.0313759818673133,-0.0282907314226651,,,,,0.0,,,,,,,
,0.12,0.4133889013282218,0.3249744176864624,0.0060417735949158,,,,,183.86116496419737,0.4512169659137726,,,,,1.0,0.5,0.5,0.5,0.0,1.0,40,4,4,1,0,0,0,2,2,2,0,0,0,0,0,2,0.5,0.0,,,0.0495679974555969,0.0357312658677299,,,,,0.0,,,,,,,
,0.08,-2.46194667974054,2.356064558029175,0.0211462075822055,,,,,29.48992248727379,0.2111198922683452,,,,,0.455665024,0.214285714,0.24137931,0.214285714,0.0,0.285714285,33,29,28,1,1,0,0,6,6,6,0,0,0,1,0,7,0.24137931,0.034482758,,,-0.4400179088115692,-0.1882355053235103,,,,,0.0,,,,,,,
,0.18,-2.8741196802309954,1.1774141788482666,0.2483341917395591,,,,,64.81447438850402,0.269405382953278,,,,,0.586178694,0.298507462,0.287671232,0.223880597,0.074626865,0.277777777,27,75,67,10,7,0,5,20,15,10,5,0,1,6,0,13,0.173333333,0.08,,,-0.46477010846138,-0.2500159874469951,,,,,0.0,,,,,,,
,-0.17,-11.217377316875952,-4.313215494155884,-0.9686724371276796,,,,,83.15436115211018,0.3024434473779466,,,,,0.648206838,0.302752293,0.345454545,0.263761467,0.038990826,0.282555282,127,501,436,60,25,0,14,132,115,101,11,3,5,56,0,32,0.063872255,0.111776447,,,-1.3865479230880735,-0.7712456673891355,,,,,-7.0,,,,,,,
,0.18,1.356520259011858,-2.1625514030456543,-0.5882460759021342,,,,,136.52449242978852,0.3759113076058301,,,,,0.863636363,0.5,0.363636363,0.325,0.175,0.333333333,22,45,40,10,4,1,5,20,13,8,4,0,3,3,0,4,0.088888888,0.066666666,,,-0.0549220219254493,-0.2291513206159909,,,,,-1.0,,,,,,,
,0.08,-1.6638361163934217,1.70611572265625,0.0181253207847476,,,,,34.04420435429867,0.2207790953772408,,,,,0.403361343,0.117647058,0.285714285,0.117647058,0.0,0.4,76,21,17,1,1,0,0,2,2,2,0,0,0,4,0,12,0.571428571,0.19047619,,,0.0135879535228014,0.133983621193716,,,,,0.0,,,,,,,
,0.26,-3.3897241870187593,1.8920896649360657,-0.7659830376505852,,,,,66.40254923243167,0.2778855727269099,,,,,0.614888337,0.322580645,0.292307692,0.258064516,0.064516129,0.296296296,54,66,62,11,5,0,3,20,16,13,2,1,0,2,0,8,0.121212121,0.03030303,,,-0.367408275604248,-0.2379777158455142,,,,,1.0,,,,,,,
,0.27,-8.180962431984304,-2.099679946899414,0.4284705659374594,,,,,77.81650439394399,0.2866257718790357,,,,,0.640445651,0.340136054,0.300309597,0.244897959,0.095238095,0.29004329,96,328,294,32,26,5,17,100,72,55,11,1,3,25,2,62,0.18902439,0.076219512,,,0.3892463743686676,1.1093331398293873,,,,,2.0,,,,,,,
,0.0,-9.39080527248426,7.149437427520752,0.0332297547720372,,,,,11.811807062351898,0.1973271270593007,,,,,0.436243935,0.256756756,0.179487179,0.135135135,0.121621621,0.212121212,34,88,74,4,13,3,3,19,10,7,0,0,0,4,0,38,0.431818181,0.045454545,,,-0.4832620024681091,0.3226211560309219,,,,,0.0,,,,,,,
,0.06,1.0056596989233562,-0.9341563805937768,0.0151044339872896,,,,,154.380560017659,0.4136028965314229,,,,,0.983333333,0.583333333,0.4,0.333333333,0.25,0.272727272,8,15,12,2,2,1,1,7,4,3,0,0,0,2,0,1,0.066666666,0.133333333,,,0.0785380005836486,-0.0333000450769395,,,,,-1.0,,,,,,,
,0.33,-0.7398326228834815,-6.862027168273926,0.1178145851008594,,,,,96.99239422039912,0.3115595377981662,,,,,0.724930101,0.463519313,0.261410788,0.244635193,0.21888412,0.260355029,77,241,233,32,44,13,23,108,57,34,8,2,0,5,1,53,0.219917012,0.020746887,,,2.3667004108428955,1.1009523944866442,,,,,-4.0,,,,,,,
,0.04,-4.9860741132628315,3.980936765670776,0.0030208867974579,,,,,16.154083218196806,0.1935094011866528,,,,,0.463768115,0.333333333,0.130434782,0.133333333,0.2,0.19047619,39,49,45,2,4,2,5,15,6,1,3,0,0,0,0,23,0.469387755,0.0,,,-0.4214780628681183,-0.1704546080219537,,,,,0.0,,,,,,,
,0.06,0.4490735137433685,0.0812436044216156,0.0030208867974579,,,,,467.31809686911544,0.9024339318275452,,,,,2.0,1.0,1.0,1.0,0.0,1.0,4,1,1,0,1,0,0,1,1,1,0,0,0,0,0,0,0.0,0.0,,,0.0383200012147426,5.885621526952046e-08,,,,,0.0,,,,,,,
,0.02,-0.069335890579103,-1.1028806492686272,0.0634386227466166,,,,,97.93701973834747,0.3232874125242233,,,,,0.658996778,0.243902439,0.415094339,0.243902439,0.0,0.3125,50,53,41,0,5,0,0,10,10,10,0,0,0,12,1,9,0.16981132,0.226415094,,,-0.0929559618234634,0.0382196937823611,,,,,-1.0,,,,,,,
,0.04,-0.1226280719477174,0.487461656332016,0.0060417735949158,,,,,82.3403637694922,0.3008113106091817,,,,,0.666666666,0.333333333,0.333333333,0.333333333,0.0,0.4,6,6,6,0,1,0,0,2,2,2,0,0,0,0,0,1,0.166666666,0.0,,,0.1524460017681121,0.1335329098058669,,,,,0.0,,,,,,,
,0.07,-1.2710904361362048,1.2998976707458496,0.0120835471898317,,,,,33.957761226732345,0.230043888092041,,,,,0.452380951,0.166666666,0.285714285,0.166666666,0.0,0.285714285,41,16,12,1,0,0,0,2,2,2,0,0,0,2,0,5,0.3125,0.125,,,-0.0619860105216503,0.0526640550607401,,,,,0.0,,,,,,,
,0.05,0.3644671608382568,-0.0274348407983779,0.2030208897776901,,,,,122.74081595037757,0.3635727862517039,,,,,0.833333333,0.5,0.333333333,0.333333333,0.166666667,0.666666666,5,6,6,0,0,0,1,3,2,1,1,0,1,0,0,3,0.5,0.0,,,-0.0777720026671886,-0.0448994550855486,,,,,0.0,,,,,,,
,0.11,-0.3985149137270007,0.6499488353729248,0.0060417735949158,,,,,58.35665359707099,0.2578382662364414,,,,,0.57142857,0.285714285,0.285714285,0.285714285,0.0,0.4,76,8,7,1,0,0,0,2,2,2,0,0,0,0,0,2,0.25,0.0,,,-0.0045219813473522,0.0204971430027111,,,,,0.0,,,,,,,
,0.02,-0.5397920632551109,0.9807956125587224,0.0,,,,,-100.0,0.0,,,,,0.0,0.0,0.0,0.0,0.0,0.0,3,2,2,0,0,0,0,0,0,0,0,0,0,0,0,2,1.0,0.0,,,-0.0034960038028657,-0.0278922780441645,,,,,1.0,,,,,,,
,0.06,0.928072395803128,-0.835390955209732,0.0060417735949158,,,,,177.9246069017586,0.4317625496122572,,,,,0.999999999,0.666666666,0.333333333,0.333333333,0.333333333,0.285714285,7,10,9,1,1,1,1,6,3,2,0,0,0,0,0,1,0.1,0.0,,,0.2124218791723251,-0.043854290730014,,,,,-1.0,,,,,,,
,0.03,0.1933695492025096,0.1624872088432312,0.0030208867974579,,,,,178.37473001216492,0.4512169659137726,,,,,1.0,0.5,0.5,0.5,0.0,0.5,2,2,2,0,0,0,0,1,1,1,0,0,0,0,0,0,0.0,0.0,,,-0.0691480040550232,-0.1003617734272279,,,,,0.0,,,,,,,
,0.04,-0.0623166436309276,0.3249744176864624,0.0030208867974579,,,,,86.54886448298355,0.3008113106091817,,,,,0.666666666,0.333333333,0.333333333,0.333333333,0.0,0.5,8,4,3,0,0,0,0,1,1,1,0,0,0,0,0,1,0.25,0.0,,,-0.0662399977445602,-0.029780893490884,,,,,0.0,,,,,,,
,0.05,-3.749513981912156,-0.9951988458633424,-0.9006403647363186,,,,,84.3655813293594,0.3021590725168005,,,,,0.654477101,0.32330827,0.331168831,0.240601503,0.082706767,0.280701754,50,154,133,17,14,0,11,43,32,21,11,0,1,17,0,21,0.136363636,0.11038961,,,-0.2482158243656158,-0.0190985445788441,,,,,1.0,,,,,,,
,0.05,-1.0047952107531175,0.974923312664032,0.0090626603923738,,,,,30.425185798742465,0.2256084829568863,,,,,0.5,0.25,0.25,0.25,0.0,0.375,72,12,12,0,0,0,0,3,3,3,0,0,0,0,0,4,0.333333333,0.0,,,-0.0795280039310455,-0.0160026887203627,,,,,0.0,,,,,,,
,0.04,-4.532532199178468,3.4934751987457275,0.0241670943796634,,,,,12.735392829550918,0.1882983329819469,,,,,0.381674357,0.162162162,0.219512195,0.135135135,0.027027027,0.217391304,33,43,37,4,1,0,1,6,5,4,1,0,0,4,0,14,0.325581395,0.093023255,,,-0.7056121230125427,-0.1904165761755667,,,,,0.0,,,,,,,
,-0.02,-1.260863075680205,1.1374105215072632,0.0120835471898317,,,,,25.124733418301183,0.230043888092041,,,,,0.452380951,0.166666666,0.285714285,0.166666666,0.0,0.4,13,14,12,0,0,0,0,2,2,2,0,0,0,2,0,7,0.5,0.142857142,,,-0.113242007791996,-0.005862967443199,,,,,0.0,,,,,,,
,0.15,0.7452899681923004,-1.1925011277198792,0.0120835471898317,,,,,128.16649802290237,0.3700821853819347,,,,,0.889610389,0.571428571,0.318181818,0.285714285,0.285714286,0.25,16,22,21,3,5,2,2,12,6,4,0,0,0,1,1,3,0.136363636,0.045454545,,,-0.3419660031795501,-0.418211072947318,,,,,-1.0,,,,,,,
,-0.019999999999999997,-0.7786214238688343,1.0219478718936443,0.0,,,,,-100.0,0.0,,,,,0.0,0.0,0.0,0.0,0.0,0.0,3,3,3,0,0,0,0,0,0,0,0,0,0,0,0,0,0.0,0.0,,,-0.1419899994507432,-0.0029994147200496,,,,,1.0,,,,,,,
,-0.01,-1.7628734075102956,-0.9818243384361268,0.8502382538281381,,,,,75.73133700701615,0.2927963418906994,,,,,0.654392851,0.373493975,0.280898876,0.228915662,0.144578313,0.253968253,39,91,83,15,9,3,6,31,19,13,3,0,6,6,0,17,0.186813186,0.065934065,,,-0.4254100322723388,-0.1888798834440094,,,,,0.0,,,,,,,
,-0.03,0.385441774222506,-0.3446501791477203,0.2019040561281144,,,,,122.1593268312476,0.3589630212102617,,,,,0.761904761,0.333333333,0.428571428,0.333333333,0.0,0.4,17,7,6,7,1,0,0,2,2,2,0,0,3,1,0,1,0.142857142,0.142857142,,,0.4567579925060272,0.1786453124198228,,,,,0.0,,,,,,,
,-0.01,-1.738283614350693,0.6584361791610718,-0.1860124026425182,,,,,67.20279102889683,0.2796366413434346,,,,,0.634788634,0.378378378,0.256410256,0.216216216,0.162162162,0.233333333,14,40,37,5,3,1,3,14,8,5,1,1,1,2,0,6,0.15,0.05,,,-0.3388600945472717,-0.1515655636169683,,,,,0.0,,,,,,,
,0.03,-0.0966997713068245,0.243730828166008,0.0030208867974579,,,,,72.6271444663393,0.3008113106091817,,,,,0.666666666,0.333333333,0.333333333,0.333333333,0.0,0.5,15,3,3,0,1,0,0,1,1,1,0,0,0,0,0,1,0.333333333,0.0,,,0.0429159998893737,0.0872693469340594,,,,,0.0,,,,,,,
,-0.08999999999999997,-6.081052194635664,0.4938273131847381,0.3348230752162635,,,,,69.64373684207645,0.282251523222242,,,,,0.609615597,0.287581699,0.322033898,0.222222222,0.065359477,0.2578125,70,178,153,15,13,1,8,44,34,26,7,0,3,22,2,25,0.140449438,0.123595505,,,-0.2277261391282081,0.4665114576187054,,,,,3.0,,,,,,,
,0.04,-1.919055689729103,1.5436285734176636,0.0120835471898317,,,,,16.30178210476692,0.2005408737394544,,,,,0.444444444,0.222222222,0.222222222,0.222222222,0.0,0.266666666,55,19,18,0,1,0,0,4,4,4,0,0,0,0,0,3,0.157894736,0.0,,,-0.3170540034770965,-0.0890482744928515,,,,,0.0,,,,,,,
,-0.01,-4.193919294743143,3.1685006618499756,0.0120835471898317,,,,,11.190141344634489,0.2071636335269825,,,,,0.453895071,0.264705882,0.189189189,0.117647058,0.147058824,0.125,16,39,34,2,3,1,3,9,4,1,2,0,0,3,0,9,0.23076923,0.076923076,,,-0.251399964094162,0.1335505769738957,,,,,0.0,,,,,,,
,-0.08000000000000002,-4.9004599365183505,-0.0105194747447967,-0.271218707319349,,,,,75.8726874855586,0.2874970237414042,,,,,0.631849159,0.302816901,0.329032258,0.267605633,0.035211268,0.304,60,158,142,11,11,0,4,43,38,34,3,1,0,11,2,17,0.107594936,0.069620253,,,-0.5834559202194214,-0.1357490239225633,,,,,-2.0,,,,,,,
,-0.09,-3.0205534108727248,-1.3165292739868164,0.0834679966792464,,,,,80.85155922836506,0.2998085828388439,,,,,0.66791388,0.361344537,0.306569343,0.210084033,0.151260504,0.229166666,56,137,119,18,13,3,11,43,25,14,7,1,2,17,1,21,0.153284671,0.124087591,,,-0.1529539823532104,0.0339762950864947,,,,,1.0,,,,,,,
,-0.05,-6.033931360934145,4.468398571014404,0.0302088679745793,,,,,9.204824988660429,0.1801995647196867,,,,,0.391581632,0.1875,0.204081632,0.1875,0.0,0.264705882,24,55,48,4,1,0,0,9,9,9,0,0,0,1,0,14,0.254545454,0.018181818,,,-0.9422562122344972,-0.1390494579395809,,,,,0.0,,,,,,,
,0.13,-0.3985928751219829,0.406218022108078,0.0030208867974579,,,,,33.85533733328572,0.2256084829568863,,,,,0.5,0.25,0.25,0.25,0.0,0.333333333,45,5,4,1,0,0,0,1,1,1,0,0,0,0,0,1,0.2,0.0,,,0.0861980319023132,0.0343575451498869,,,,,0.0,,,,,,,
,-0.14,-2.976797814507155,-1.3525378704071045,0.3046142072416842,,,,,78.83010303243215,0.2878840868361294,,,,,0.627330043,0.307017543,0.3203125,0.254385964,0.052631579,0.298969072,80,131,114,11,14,0,4,35,29,25,2,2,3,12,0,19,0.145038167,0.091603053,,,-0.996240496635437,-0.7585816121282156,,,,,-4.0,,,,,,,
,0.01,0.5799094885581924,-0.86282579600811,0.0030208867974579,,,,,144.32293879454156,0.3874938000332225,,,,,0.909090908,0.636363636,0.272727272,0.272727272,0.363636364,0.25,10,11,11,1,5,1,2,7,3,1,1,0,0,0,0,2,0.181818181,0.0,,,0.6386539936065674,0.2946720467940375,,,,,-1.0,,,,,,,
,0.0,-1.64136146587405,1.292638510465622,0.0090626603923738,,,,,9.393255045879233,0.180486786365509,,,,,0.4,0.2,0.2,0.2,0.0,0.23076923,13,15,15,0,0,0,0,3,3,3,0,0,0,0,0,2,0.133333333,0.0,,,-0.2436899989843368,-0.0368679570415087,,,,,1.0,,,,,,,
,-0.66,1.0557018563881684,-20.038408279418945,0.2036819942295551,,,,,101.20554370196464,0.3443730171892104,,,,,0.785899282,0.457720588,0.328178694,0.286764705,0.170955883,0.291220556,136,582,544,70,68,20,52,249,156,104,31,1,1,35,3,60,0.103092783,0.060137457,,,1.8199939727783203,1.4364317293780198,,,,,-12.0,,,,,,,
,0.0,0.8845850813113288,-1.0438957437872889,0.0090626603923738,,,,,247.9880143685275,0.5414603590965271,,,,,1.2,0.6,0.6,0.6,0.0,0.6,1,5,5,1,2,0,0,3,3,3,0,0,0,0,0,0,0.0,0.0,,,0.1706880033016204,0.0493575064542069,,,,,-1.0,,,,,,,
,0.02,-1.5531854872001318,1.1374105215072632,0.0030208867974579,,,,,8.4632733095323,0.1817863931258519,,,,,0.416666666,0.25,0.166666666,0.166666666,0.083333334,0.333333333,30,14,12,2,0,0,1,3,2,1,1,0,0,0,0,6,0.428571428,0.0,,,-0.2252240031957626,-0.0294254314437593,,,,,0.0,,,,,,,
,-0.04,0.0988322275512147,-2.04617977142334,-0.149761761073023,,,,,103.75173254536082,0.327236196509114,,,,,0.696457326,0.326086956,0.37037037,0.260869565,0.065217391,0.282051282,48,56,46,6,7,1,1,15,12,11,0,0,1,8,0,6,0.107142857,0.142857142,,,0.2949622273445129,0.2956613468457429,,,,,-3.0,,,,,,,
,-0.02,-2.0401473199511875,1.4623849391937256,0.0090626603923738,,,,,6.250236382948153,0.180486786365509,,,,,0.4,0.2,0.2,0.2,0.0,0.214285714,63,18,15,1,1,0,0,3,3,3,0,0,0,0,0,1,0.055555555,0.0,,,-0.3740260303020477,-0.1076246981887926,,,,,0.0,,,,,,,
,0.0,0.0,0.0,0.0,,,,,,0.0,,,,,0.0,0.0,0.0,0.0,0.0,0.0,22,0,0,0,0,0,0,0,0,0,0,0,0,0,0,0,0.0,0.0,,,,,,,,,0.0,,,,,,,
,0.01,0.0,0.0,0.0,,,,,,0.0,,,,,0.0,0.0,0.0,0.0,0.0,0.0,36,0,0,3,0,0,0,0,0,0,0,0,0,0,0,0,0.0,0.0,,,,,,,,,0.0,,,,,,,
,-0.06,0.0,0.0,0.0,,,,,,0.0,,,,,0.0,0.0,0.0,0.0,0.0,0.0,8,0,0,0,0,0,0,0,0,0,0,0,0,0,0,0,0.0,0.0,,,,,,,,,0.0,,,,,,,
,-0.01,0.0,0.0,0.0,,,,,,0.0,,,,,0.0,0.0,0.0,0.0,0.0,0.0,3,0,0,1,0,0,0,0,0,0,0,0,0,0,0,0,0.0,0.0,,,,,,,,,0.0,,,,,,,
,0.05,-9.431629140862512,6.743219375610352,0.0302088679745793,,,,,6.124202350793957,0.1876175326186341,,,,,0.403138527,0.208333333,0.194805194,0.138888888,0.069444445,0.222222222,34,83,72,4,3,0,5,15,10,5,5,0,0,5,0,27,0.325301204,0.060240963,,,-1.1500300168991089,-0.6218123373446052,,,,,0.0,,,,,,,
,-0.01,-0.700800374321981,0.487461656332016,0.0030208867974579,,,,,3.4021732889370013,0.180486786365509,,,,,0.4,0.2,0.2,0.2,0.0,0.25,56,6,5,0,0,0,0,1,1,1,0,0,0,0,0,1,0.166666666,0.0,,,-0.1185799613595008,0.0139142947008142,,,,,0.0,,,,,,,
,-0.04,0.1800023780252586,-1.0617283917963505,0.0090626603923738,,,,,106.01950827318989,0.3395122811198234,,,,,0.791666666,0.541666666,0.25,0.25,0.291666666,0.235294117,15,24,24,2,2,2,3,13,6,3,1,0,0,0,0,5,0.208333333,0.0,,,-0.4659019112586975,-0.2630545261461255,,,,,-1.0,,,,,,,
,0.11,-2.075539386941566,1.140832096338272,0.0151044339872896,,,,,34.559658025037095,0.2316468977928161,,,,,0.549230769,0.28,0.269230769,0.24,0.04,0.24,8,27,25,3,6,0,1,7,6,5,1,0,0,1,1,0,0.0,0.037037037,,,-0.0097139980643987,0.004879842937154,,,,,1.0,,,,,,,
,0.02,0.4884971822351452,-0.8559670895338058,0.0060417735949158,,,,,149.6619097782575,0.4074503630399704,,,,,0.946428571,0.571428571,0.375,0.285714285,0.285714286,0.333333333,6,8,7,1,1,0,1,4,2,1,0,1,0,0,0,1,0.125,0.0,,,0.1610759049654007,0.046885337890447,,,,,-1.0,,,,,,,
,-0.3,-4.513637158926556,0.6566077172756195,0.0551631818525493,,,,,68.11573600516034,0.279520253863251,,,,,0.636059034,0.357798165,0.278260869,0.23853211,0.119266055,0.284090909,49,118,109,13,5,1,8,39,26,18,4,3,4,5,1,20,0.169491525,0.042372881,,,-0.7349178791046143,-0.4327594086415034,,,,,1.0,,,,,,,
,0.02,-0.196820511700633,-0.0109739359468221,0.0030208867974579,,,,,43.701933371923474,0.2359577616055806,,,,,0.333333333,0.0,0.333333333,0.0,0.0,0.0,3,3,2,0,1,0,0,0,0,0,0,0,0,1,0,1,0.333333333,0.333333333,,,0.0999099984765052,0.0769836218750353,,,,,0.0,,,,,,,
,-0.03,-2.561632280096976,1.7379972636699677,0.0151044339872896,,,,,5.317114535239965,0.1877221309620401,,,,,0.399209485,0.181818181,0.217391304,0.181818181,0.0,0.285714285,13,23,22,4,2,0,0,4,4,4,0,0,0,1,0,8,0.347826086,0.04347826,,,-0.2909400165081024,-0.0932125684008231,,,,,2.0,,,,,,,
,-0.01,0.0,-0.1080246865749359,0.0,,,,,,0.0,,,,,0.0,0.0,0.0,0.0,0.0,0.0,41,0,0,0,0,0,0,0,0,0,0,0,0,0,0,0,0.0,0.0,,,,,,,,,0.0,,,,,,,
,-0.01,0.0,-0.1080246865749359,0.0,,,,,,0.0,,,,,0.0,0.0,0.0,0.0,0.0,0.0,34,0,0,0,0,0,0,0,0,0,0,0,0,0,0,0,0.0,0.0,,,,,,,,,0.0,,,,,,,
,-0.02,0.0,-0.1080246865749359,0.0,,,,,,0.0,,,,,0.0,0.0,0.0,0.0,0.0,0.0,42,0,0,0,0,0,0,0,0,0,0,0,0,0,0,0,0.0,0.0,,,,,,,,,0.0,,,,,,,
,-0.25,-3.452375535707253,-2.4054620265960693,-2.921328996773809,,,,,97.39064354287244,0.3215042955776643,,,,,0.711133043,0.375838926,0.335294117,0.241610738,0.134228188,0.275862068,81,172,149,24,12,4,11,56,36,25,6,1,1,21,1,29,0.168604651,0.122093023,,,0.1066278368234634,-0.0583126825902987,,,,,1.0,,,,,,,
,-0.1,-2.857441149252218,1.949846625328064,0.0090626603923738,,,,,1.644759270898046,0.1811956627802415,,,,,0.409090908,0.227272727,0.181818181,0.181818181,0.045454546,0.235294117,73,24,22,0,0,0,1,5,4,3,1,0,0,0,0,5,0.208333333,0.0,,,-0.2728580236434936,-0.2240004673204283,,,,,0.0,,,,,,,
,-0.08,-0.227106153368956,-0.6481481194496155,0.0181253207847476,,,,,90.57930804471164,0.305334367535331,,,,,0.671122994,0.352941176,0.318181818,0.176470588,0.176470588,0.166666666,14,22,17,3,3,1,1,6,3,2,0,0,0,4,0,5,0.227272727,0.181818181,,,-0.1604120135307312,-0.084832994926803,,,,,,,,,,,,
,-0.02,-0.2545935449098545,0.0812436044216156,0.0,,,,,-100.0,0.0,,,,,0.0,0.0,0.0,0.0,0.0,0.0,38,1,1,0,0,0,0,0,0,0,0,0,0,0,0,1,1.0,0.0,,,-0.0012999799801036,-6.100051158641762e-10,,,,,0.0,,,,,,,
,-0.02,-0.2545935449098545,0.0812436044216156,0.0,,,,,-100.0,0.0,,,,,0.0,0.0,0.0,0.0,0.0,0.0,17,1,1,0,0,0,0,0,0,0,0,0,0,0,0,1,1.0,0.0,,,-0.0392200015485286,2.3464465571942927e-08,,,,,0.0,,,,,,,
,0.14,-9.896269828220108,6.986950397491455,0.0302088679745793,,,,,4.94981035572585,0.185827421175467,,,,,0.411411411,0.222222222,0.189189189,0.166666666,0.055555556,0.279069767,35,86,72,6,4,0,4,16,12,8,4,0,0,2,0,29,0.337209302,0.023255813,,,-0.3067160844802856,0.5386351743744209,,,,,0.0,,,,,,,
,-0.02,-1.3900410682870177,0.893679678440094,0.0060417735949158,,,,,-4.514062318945748,0.1640788966959173,,,,,0.363636362,0.181818181,0.181818181,0.181818181,0.0,0.25,44,11,11,0,2,0,0,2,2,2,0,0,0,0,0,3,0.272727272,0.0,,,-0.0694119855761528,0.0262760130719396,,,,,0.0,,,,,,,
,-0.02,-0.2559808057640987,0.0812436044216156,0.0,,,,,-100.0,0.0,,,,,0.0,0.0,0.0,0.0,0.0,0.0,15,1,1,0,0,0,0,0,0,0,0,0,0,0,0,1,1.0,0.0,,,-0.0064999898895621,-3.6296286753945146e-08,,,,,0.0,,,,,,,
,0.0,-0.257632852802177,0.0812436044216156,0.0,,,,,-100.0,0.0,,,,,0.0,0.0,0.0,0.0,0.0,0.0,25,1,1,1,0,0,0,0,0,0,0,0,0,0,0,0,0.0,0.0,,,-0.063740000128746,4.031944884214101e-08,,,,,0.0,,,,,,,
,-0.02,-0.2611358997320133,0.0812436044216156,0.0,,,,,-100.0,0.0,,,,,0.0,0.0,0.0,0.0,0.0,0.0,48,1,1,0,0,0,0,0,0,0,0,0,0,0,0,1,1.0,0.0,,,-0.159060001373291,-1.9032869575524858e-08,,,,,0.0,,,,,,,
,-0.02,-0.2600575697516399,0.0812436044216156,0.0,,,,,-100.0,0.0,,,,,0.0,0.0,0.0,0.0,0.0,0.0,6,1,1,0,0,0,0,0,0,0,0,0,0,0,0,0,0.0,0.0,,,-0.0184259992092847,4.2108883279573523e-08,,,,,0.0,,,,,,,
,-0.02,-0.2600575697516399,0.0812436044216156,0.0,,,,,-100.0,0.0,,,,,0.0,0.0,0.0,0.0,0.0,0.0,12,1,1,0,0,0,0,0,0,0,0,0,0,0,0,0,0.0,0.0,,,-0.0026080000679939,-4.5660273034764394e-08,,,,,0.0,,,,,,,
,-0.02,-0.2600575697516399,0.0812436044216156,0.0,,,,,-100.0,0.0,,,,,0.0,0.0,0.0,0.0,0.0,0.0,25,1,1,0,0,0,0,0,0,0,0,0,0,0,0,1,1.0,0.0,,,-0.0518440008163452,2.9201626224745203e-08,,,,,0.0,,,,,,,
,-0.02,-0.2610913974141078,0.0812436044216156,0.0,,,,,-100.0,0.0,,,,,0.0,0.0,0.0,0.0,0.0,0.0,13,1,1,0,0,0,0,0,0,0,0,0,0,0,0,1,1.0,0.0,,,-0.0178120005875825,6.644070016381676e-10,,,,,0.0,,,,,,,
,-0.02,-0.2634667319153743,0.0812436044216156,0.0,,,,,-100.0,0.0,,,,,0.0,0.0,0.0,0.0,0.0,0.0,14,1,1,0,0,0,0,0,0,0,0,0,0,0,0,0,0.0,0.0,,,-0.0123239997774362,-2.3595923260427695e-08,,,,,0.0,,,,,,,
,-0.02,-0.2637902510260539,0.0812436044216156,0.0,,,,,-100.0,0.0,,,,,0.0,0.0,0.0,0.0,0.0,0.0,7,1,1,0,0,0,0,0,0,0,0,0,0,0,0,0,0.0,0.0,,,-0.0008800150244496,3.761052434075873e-08,,,,,0.0,,,,,,,
,-0.11,-0.2175538979787855,-0.0366941019892692,0.0030208867974579,,,,,37.86105369991585,0.2359577616055806,,,,,0.333333333,0.0,0.333333333,0.0,0.0,0.0,7,3,2,1,0,0,0,0,0,0,0,0,0,1,0,1,0.333333333,0.333333333,,,-0.0350721031427383,-0.0549467494158968,,,,,0.0,,,,,,,
,-0.02,-0.2728866425250965,0.0812436044216156,0.0,,,,,-100.0,0.0,,,,,0.0,0.0,0.0,0.0,0.0,0.0,16,1,1,0,0,0,0,0,0,0,0,0,0,0,0,1,1.0,0.0,,,-0.0088560096919536,2.3424326773408e-08,,,,,0.0,,,,,,,
,-0.02,-0.2728866425250965,0.0812436044216156,0.0,,,,,-100.0,0.0,,,,,0.0,0.0,0.0,0.0,0.0,0.0,3,1,1,0,0,0,0,0,0,0,0,0,0,0,0,1,1.0,0.0,,,-0.0187560003250837,-4.667409056469118e-09,,,,,0.0,,,,,,,
,-0.02,-0.2741931167339282,0.0812436044216156,0.0,,,,,-100.0,0.0,,,,,0.0,0.0,0.0,0.0,0.0,0.0,6,1,1,0,0,0,0,0,0,0,0,0,0,0,0,0,0.0,0.0,,,-9.40156023716e-05,,,,,,0.0,,,,,,,
,-0.03,-1.5431436899758253,0.974923312664032,0.0060417735949158,,,,,-6.311046014215896,0.180486786365509,,,,,0.4,0.2,0.2,0.2,0.0,0.285714285,14,12,10,1,2,0,0,2,2,2,0,0,0,0,0,3,0.25,0.0,,,-0.0576099939644336,0.0179256755527167,,,,,0.0,,,,,,,
,-0.03,-1.4547972416875432,0.893679678440094,0.0060417735949158,,,,,-9.361862563518455,0.1610307216644287,,,,,0.311111111,0.111111111,0.2,0.111111111,0.0,0.142857142,12,11,9,1,0,0,0,1,1,1,0,0,0,1,0,2,0.181818181,0.09090909,,,0.0077400002628564,0.1049090241505071,,,,,0.0,,,,,,,
,-0.01,0.0469971243814397,-0.321330577135086,0.0030208867974579,,,,,118.58306516188723,0.3539366424083709,,,,,0.5,0.0,0.5,0.0,0.0,0.0,5,2,1,1,0,0,0,0,0,0,0,0,0,1,0,0,0.0,0.5,,,0.0638139992952346,0.0312998979458884,,,,,0.0,,,,,,,
,-0.03,-0.2698960316275554,0.0274348407983779,0.0,,,,,-100.0,0.0,,,,,0.0,0.0,0.0,0.0,0.0,0.0,2,1,1,0,0,0,0,0,0,0,0,0,0,0,0,1,1.0,0.0,,,-0.000668000022415,3.295230366004431e-08,,,,,0.0,,,,,,,
,0.01,-0.2728866425250965,0.0251486264169216,0.0,,,,,-100.0,0.0,,,,,0.0,0.0,0.0,0.0,0.0,0.0,6,1,1,2,0,0,0,0,0,0,0,0,0,0,0,0,0.0,0.0,,,-0.0088560096919536,2.3424326773408e-08,,,,,0.0,,,,,,,
,-0.03,-0.2559808057640987,0.0,0.0,,,,,-100.0,0.0,,,,,0.0,0.0,0.0,0.0,0.0,0.0,1,1,1,0,0,0,0,0,0,0,0,0,0,0,0,1,1.0,0.0,,,-0.0007420000038109,2.6160201584829457e-08,,,,,,,,,,,,
,0.02,0.3000031268635338,-1.1947873681783676,0.0211462075822055,,,,,111.4817385552157,0.3408898860216141,,,,,0.7125,0.3125,0.4,0.25,0.0625,0.285714285,7,20,16,2,0,0,1,5,4,3,1,0,0,4,0,2,0.1,0.2,,,-0.0232519432902336,-0.0264697064041562,,,,,-1.0,,,,,,,
,-0.06,-9.26879916599546,5.806124687194824,0.0573968491517007,,,,,26.15392383596154,0.2087520366907119,,,,,0.46933667,0.234042553,0.235294117,0.180851063,0.05319149,0.228571428,48,104,94,9,10,1,3,22,17,14,2,0,0,5,2,24,0.23076923,0.048076923,,,-0.4218797981739044,0.386313380797794,,,,,4.0,,,,,,,
,0.01,-7.372131552422006,5.11834716796875,0.0332297547720372,,,,,3.202993389410807,0.1966288462281227,,,,,0.432467532,0.218181818,0.214285714,0.2,0.018181818,0.268292682,34,63,55,4,2,0,1,12,11,10,1,0,0,1,0,14,0.222222222,0.015873015,,,-0.6934661269187927,-0.0753328716083745,,,,,0.0,,,,,,,
,-0.04,-0.3748123106672482,0.0192043874412775,0.0030208867974579,,,,,22.21491218594598,0.2256084829568863,,,,,0.5,0.25,0.25,0.25,0.0,0.5,3,4,4,0,0,0,0,1,1,1,0,0,0,0,0,2,0.5,0.0,,,-0.0670399591326713,-0.0156682199527716,,,,,0.0,,,,,,,
,-0.03,-0.2615046736692386,0.0,0.0,,,,,-100.0,0.0,,,,,0.0,0.0,0.0,0.0,0.0,0.0,1,1,1,0,0,0,0,0,0,0,0,0,0,0,0,0,0.0,0.0,,,-0.0704680010676384,-4.7112372229124455e-08,,,,,,,,,,,,
,0.02,-0.2698960316275554,0.005486967973411,0.0,,,,,-100.0,0.0,,,,,0.0,0.0,0.0,0.0,0.0,0.0,1,1,0,0,0,0,0,0,0,0,0,0,0,0,0,0,0.0,0.0,,,-0.0023899900261312,-2.6234371077425706e-10,,,,,0.0,,,,,,,
,-0.14,-6.810810256620391,4.71212911605835,0.0271879811771214,,,,,2.913864350270769,0.1837641011391367,,,,,0.400132274,0.203703703,0.196428571,0.166666666,0.037037037,0.209302325,33,58,54,2,5,0,2,11,9,7,2,0,0,2,0,11,0.189655172,0.034482758,,,-0.4540920853614807,0.1716740980640638,,,,,0.0,,,,,,,
,-0.02,-2.7324478532831664,1.787359356880188,0.0151044339872896,,,,,-2.844130148199079,0.1874112893234599,,,,,0.377272727,0.15,0.227272727,0.15,0.0,0.3,62,22,20,4,0,0,0,3,3,3,0,0,0,2,0,10,0.454545454,0.09090909,,,-0.0600020699203014,0.1985959135806892,,,,,0.0,,,,,,,
,0.1,-1.4874454649500048,0.893679678440094,0.0060417735949158,,,,,-11.805985747538166,0.1573051744037204,,,,,0.222222222,0.0,0.222222222,0.0,0.0,0.0,8,11,7,1,0,0,0,0,0,0,0,0,0,2,0,4,0.363636363,0.181818181,,,-0.0871999487280845,0.0080550154836699,,,,,0.0,,,,,,,
,-0.03,-0.369586413831921,0.0,0.0030208867974579,,,,,23.290775415992307,0.2256084829568863,,,,,0.5,0.25,0.25,0.25,0.0,1.0,4,4,4,1,1,0,0,1,1,1,0,0,0,0,0,3,0.75,0.0,,,-0.0169399976730346,-0.0080450413342965,,,,,,,,,,,,
,0.15,-2.036461843922722,-1.574759989976883,-0.1316364402882754,,,,,84.77090226701259,0.3079038321381748,,,,,0.693094628,0.369565217,0.323529411,0.260869565,0.108695652,0.302631578,80,103,92,8,13,1,7,34,24,17,5,1,1,9,1,16,0.155339805,0.08737864,,,0.2984001934528351,0.3213283342970416,,,,,-2.0,,,,,,,
,-0.03,-1.099456242991949,0.5687052607536316,0.0030208867974579,,,,,-13.484311237190653,0.1504056553045908,,,,,0.333333332,0.166666666,0.166666666,0.166666666,0.0,0.333333333,59,8,6,0,1,0,0,1,1,1,0,0,0,0,0,3,0.375,0.0,,,-0.1015519946813583,-0.0844808801041776,,,,,0.0,,,,,,,
,0.04,-2.551599845934878,1.624872088432312,0.0060417735949158,,,,,-5.30910428567527,0.1711391389369964,,,,,0.4,0.25,0.15,0.15,0.1,0.25,47,20,20,4,0,0,1,5,3,2,0,1,0,0,0,8,0.4,0.0,,,-0.2405780255794525,-0.1203586649598391,,,,,0.0,,,,,,,
,-0.03,-0.515265705604354,0.1624872088432312,0.0,,,,,-100.0,0.0,,,,,0.0,0.0,0.0,0.0,0.0,0.0,1,2,2,0,0,0,0,0,0,0,0,0,0,0,0,1,0.5,0.0,,,-0.0234880000352859,1.6216257523e-06,,,,,0.0,,,,,,,
,-0.03,-0.5201151395032798,0.1624872088432312,0.0,,,,,-100.0,0.0,,,,,0.0,0.0,0.0,0.0,0.0,0.0,25,2,1,0,0,0,0,0,0,0,0,0,0,0,0,0,0.0,0.0,,,-0.0024080199655145,0.0089030456652467,,,,,0.0,,,,,,,
,-0.03,-0.5221827948282157,0.1624872088432312,0.0,,,,,-100.0,0.0,,,,,0.0,0.0,0.0,0.0,0.0,0.0,4,2,2,0,0,0,0,0,0,0,0,0,0,0,0,1,0.5,0.0,,,-0.078355997800827,-0.0003432162916724,,,,,0.0,,,,,,,
,-0.03,-0.5228063786218559,0.1624872088432312,0.0,,,,,-100.0,0.0,,,,,0.0,0.0,0.0,0.0,0.0,0.0,28,2,1,0,0,0,0,0,0,0,0,0,0,0,0,1,0.5,0.0,,,-0.0238620005548,0.0135359361324954,,,,,0.0,,,,,,,
,-0.02,-1.2058632656361428,0.6499488353729248,0.0030208867974579,,,,,-24.437398017215852,0.1289191331182207,,,,,0.285714284,0.142857142,0.142857142,0.142857142,0.0,0.25,4,8,7,0,0,0,0,1,1,1,0,0,0,0,0,3,0.375,0.0,,,-0.1410719901323318,-0.0475448551253375,,,,,0.0,,,,,,,
,0.12,-0.5275805020521079,0.1624872088432312,0.0,,,,,-100.0,0.0,,,,,0.0,0.0,0.0,0.0,0.0,0.0,24,2,1,0,0,0,0,0,0,0,0,0,0,0,0,0,0.0,0.0,,,-0.0010500000789761,-0.0251531237047496,,,,,0.0,,,,,,,
,-0.03,-0.5284459465930854,0.1624872088432312,0.0,,,,,-100.0,0.0,,,,,0.0,0.0,0.0,0.0,0.0,0.0,3,2,2,0,0,0,0,0,0,0,0,0,0,0,0,1,0.5,0.0,,,-0.0512080006301403,-0.0001803931455879,,,,,0.0,,,,,,,
,0.02,-2.3473098060867494,1.4623849391937256,0.0120835471898317,,,,,-7.940411803107974,0.1780031638986924,,,,,0.306722688,0.071428571,0.235294117,0.071428571,0.0,0.125,17,18,14,2,1,0,0,1,1,1,0,0,0,3,0,6,0.333333333,0.166666666,,,-0.1392540037631988,0.0468319065934154,,,,,0.0,,,,,,,
,-0.04,-0.545773285050193,0.1624872088432312,0.0,,,,,-100.0,0.0,,,,,0.0,0.0,0.0,0.0,0.0,0.0,17,2,1,0,0,0,0,0,0,0,0,0,0,0,0,1,0.5,0.0,,,-0.015302020125091,-0.0080136450524006,,,,,0.0,,,,,,,
,-0.06,-0.5483862334678565,0.1624872088432312,0.0,,,,,-100.0,0.0,,,,,0.0,0.0,0.0,0.0,0.0,0.0,20,2,2,0,0,0,0,0,0,0,0,0,0,0,0,1,0.5,0.0,,,-0.1141600012779235,0.0067776178623517,,,,,0.0,,,,,,,
,-0.04,-0.5483862334678565,0.1624872088432312,0.0,,,,,-100.0,0.0,,,,,0.0,0.0,0.0,0.0,0.0,0.0,20,2,1,0,0,0,0,0,0,0,0,0,0,0,0,0,0.0,0.0,,,-0.00152204092592,0.0253732760526217,,,,,0.0,,,,,,,
,-0.04,-6.087714111030862,2.3429355025291443,0.0845848303288221,,,,,52.937020260100795,0.2468600184003883,,,,,0.534459717,0.24742268,0.287037037,0.216494845,0.030927835,0.244186046,72,108,97,7,12,0,2,24,21,19,1,1,0,10,1,12,0.111111111,0.092592592,,,-1.2329720258712769,-0.2713186267289016,,,,,2.0,,,,,,,
,-0.12,-3.9258667521299855,-11.349337339401243,-1.0812324681319296,,,,,94.86290234837873,0.3186015727530633,,,,,0.713049536,0.382653061,0.330396475,0.229591836,0.153061225,0.277777777,118,456,392,47,48,15,29,150,90,61,13,1,1,60,6,109,0.239035087,0.131578947,,,-0.2041001319885254,-0.4904335532246252,,,,,-10.0,,,,,,,
,-0.05,-0.4569631000274644,-0.0027434839867055,0.0030208867974579,,,,,5.3024058014979,0.1769683212041854,,,,,0.25,0.0,0.25,0.0,0.0,0.0,8,4,3,1,0,0,0,0,0,0,0,0,0,1,0,1,0.25,0.25,,,-0.0052759982645511,0.0521266369276329,,,,,0.0,,,,,,,
,-0.03,-1.3106072915166602,0.8038408905267715,0.2000000029802322,,,,,-100.0,0.0,,,,,0.0,0.0,0.0,0.0,0.0,0.0,25,6,5,8,0,0,0,0,0,0,0,0,1,0,0,1,0.166666666,0.0,,,-0.0174859948456287,0.1026202205909808,,,,,1.0,,,,,,,
,0.04,-3.221904353074544,-1.799725890159607,-0.9229034059680998,,,,,86.76087334951352,0.3062517484315007,,,,,0.68891456,0.379562043,0.309352517,0.299270072,0.080291971,0.344827586,67,143,137,21,10,1,8,52,41,33,6,1,3,2,0,20,0.139860139,0.013986013,,,-0.4240040183067322,-0.1767682176340764,,,,,-3.0,,,,,,,
,0.01,0.5290160770679229,-1.83173306286335,0.0211462075822055,,,,,115.8971019382723,0.3524517714977264,,,,,0.804487179,0.458333333,0.346153846,0.291666666,0.166666667,0.333333333,10,27,24,6,0,0,2,11,7,5,0,2,0,2,0,3,0.111111111,0.074074074,,,0.1674659848213195,0.1442313835375903,,,,,-2.0,,,,,,,
,-0.05,-1.855689364185256,1.0561668872833252,0.0060417735949158,,,,,-17.93150319738989,0.13883598951193,,,,,0.307692306,0.153846153,0.153846153,0.153846153,0.0,0.285714285,54,13,13,1,1,0,0,2,2,2,0,0,0,0,0,6,0.461538461,0.0,,,-0.1799360066652298,-0.0541032179148911,,,,,0.0,,,,,,,
,0.05,-2.0094967786708233,1.1374105215072632,0.0060417735949158,,,,,-18.55484251675201,0.1504056553045908,,,,,0.333333332,0.166666666,0.166666666,0.166666666,0.0,0.285714285,61,14,12,1,0,0,0,2,2,2,0,0,0,0,0,5,0.357142857,0.0,,,-0.0525740161538124,0.0833163042614147,,,,,0.0,,,,,,,
,-0.05,-1.3362856460480022,0.6499488353729248,0.0030208867974579,,,,,-37.86252368289018,0.1179788808027903,,,,,0.166666666,0.0,0.166666666,0.0,0.0,0.0,56,8,5,0,0,0,0,0,0,0,0,0,0,1,0,2,0.25,0.125,,,-0.025348000228405,0.0375664113284107,,,,,0.0,,,,,,,
,-0.12,-0.5593352312256012,-0.063100129365921,0.0030208867974579,,,,,4.945934808984781,0.180486786365509,,,,,0.45,0.25,0.2,0.25,0.0,0.2,5,5,4,1,1,0,0,1,1,1,0,0,0,0,0,0,0.0,0.0,,,-0.129283994436264,-0.1025760194910961,,,,,0.0,,,,,,,
,-0.1,-5.218798214168951,3.412231534719467,0.0211462075822055,,,,,-2.73859312008774,0.1748153261649302,,,,,0.356643356,0.151515151,0.205128205,0.121212121,0.03030303,0.142857142,33,42,33,4,3,0,1,5,4,3,1,0,0,4,0,7,0.166666666,0.095238095,,,-0.3266620151698589,0.0326628781361078,,,,,0.0,,,,,,,
,-0.05,-0.5228063786218559,0.0,0.0,,,,,-100.0,0.0,,,,,0.0,0.0,0.0,0.0,0.0,0.0,2,2,2,0,0,0,0,0,0,0,0,0,0,0,0,0,0.0,0.0,,,-0.0321180000901222,-3.03206352796e-05,,,,,,,,,,,,
,-0.05,-0.5285906070659553,0.0,0.0,,,,,-100.0,0.0,,,,,0.0,0.0,0.0,0.0,0.0,0.0,2,2,2,0,0,0,0,0,0,0,0,0,0,0,0,1,0.5,0.0,,,-0.0472500026226043,-0.0014400664521758,,,,,,,,,,,,
,-0.04,-1.7264032707048715,0.4160952866077423,-0.3980959528125822,,,,,57.92913500552205,0.2669892525672913,,,,,0.665551838,0.434782608,0.23076923,0.173913043,0.260869565,0.105263157,10,26,23,3,4,2,2,10,4,2,0,0,0,2,1,3,0.115384615,0.076923076,,,0.0412320159375667,-0.0758372825884534,,,,,0.0,,,,,,,
,-0.05,-0.5230093473384773,-0.0219478718936443,0.0,,,,,-100.0,0.0,,,,,0.0,0.0,0.0,0.0,0.0,0.0,4,2,2,1,0,0,0,0,0,0,0,0,0,0,0,0,0.0,0.0,,,-0.0327079594135284,-0.0261136483302453,,,,,0.0,,,,,,,
,-0.09,-0.5195085877368842,-0.0274348407983779,0.0,,,,,-100.0,0.0,,,,,0.0,0.0,0.0,0.0,0.0,0.0,1,2,2,0,0,0,0,0,0,0,0,0,0,0,0,1,0.5,0.0,,,-0.0027960001025348,-0.0310730031580373,,,,,0.0,,,,,,,
,-0.07,-6.605725966746492,4.387154579162598,0.0271879811771214,,,,,-1.1502189746039009,0.1692063622176647,,,,,0.375,0.1875,0.1875,0.1875,0.0,0.25,26,54,48,3,0,0,0,9,9,9,0,0,0,0,0,12,0.222222222,0.0,,,-0.5803242325782776,0.0303900534475303,,,,,0.0,,,,,,,
,-0.07,-0.5483862334678565,-0.0109739359468221,0.0,,,,,-100.0,0.0,,,,,0.0,0.0,0.0,0.0,0.0,0.0,2,2,2,0,0,0,0,0,0,0,0,0,0,0,0,1,0.5,0.0,,,-0.0728899985551834,0.0040760895457175,,,,,0.0,,,,,,,
,-0.06,-9.702166833089338,6.580732345581055,0.045313301961869,,,,,0.9023024820356844,0.1753785724823291,,,,,0.360057782,0.154929577,0.205128205,0.14084507,0.014084507,0.163934426,32,81,71,4,2,0,1,11,10,9,1,0,0,5,0,11,0.135802469,0.061728395,,,-0.8424180150032043,-0.0444739997371312,,,,,0.0,,,,,,,
,0.02,-1.8918677688919083,-7.42523980140686,-0.381708940025419,,,,,95.37697150715834,0.3371285206841347,,,,,0.755698494,0.397489539,0.358208955,0.292887029,0.10460251,0.313084112,101,269,239,27,41,3,17,95,70,53,12,2,1,25,2,25,0.092936802,0.092936802,,,0.5262359380722046,0.1431035069547537,,,,,-5.0,,,,,,,
,-0.05,-0.7721425431200208,-0.0192043874412775,0.0060417735949158,,,,,19.89701299758703,0.2012884020805359,,,,,0.392857142,0.142857142,0.25,0.142857142,0.0,0.333333333,8,8,7,1,2,0,0,1,1,1,0,0,0,1,0,4,0.5,0.125,,,-0.1220420002937316,-0.0422493887803108,,,,,0.0,,,,,,,
,-0.03,-9.960165080136749,6.743219375610352,0.0332297547720372,,,,,0.8503516468657074,0.1752993844557499,,,,,0.382435647,0.19402985,0.188405797,0.164179104,0.029850746,0.211538461,32,83,67,1,3,0,2,13,11,9,2,0,0,2,0,15,0.180722891,0.024096385,,,-0.9013621807098388,-1.1229927652290683,,,,,0.0,,,,,,,
,-0.06,0.4918330796473428,-1.6936442703008652,0.0211462075822055,,,,,122.17349395942574,0.3601456985754125,,,,,0.786764705,0.375,0.411764705,0.375,0.0,0.428571428,6,18,16,1,2,0,0,6,6,6,0,0,0,1,0,2,0.111111111,0.055555555,,,0.1228942782618105,0.132693523770631,,,,,-2.0,,,,,,,
,-0.08,-2.4865652310192874,1.3811413049697876,0.0090626603923738,,,,,-20.889096961141725,0.1468475796282291,,,,,0.264423076,0.076923076,0.1875,0.076923076,0.0,0.09090909,12,17,13,0,1,0,0,1,1,1,0,0,0,1,0,3,0.176470588,0.058823529,,,-0.1951059997081756,0.0094868713056771,,,,,0.0,,,,,,,
,-0.14,-0.9293360340264024,-0.1234567835927009,0.0120835471898317,,,,,43.16910877474769,0.2439410771642412,,,,,0.516483515,0.23076923,0.285714285,0.23076923,0.0,0.272727272,9,14,13,1,1,0,0,3,3,3,0,0,0,1,0,2,0.142857142,0.071428571,,,-0.3246060013771057,-0.0619653168465283,,,,,0.0,,,,,,,
,0.07,-2.856898267918914,1.624872088432312,0.0060417735949158,,,,,-17.87955321545128,0.1520689474908929,,,,,0.324561402,0.166666666,0.157894736,0.111111111,0.055555555,0.125,60,20,18,2,2,0,1,3,2,1,1,0,0,1,0,2,0.1,0.05,,,-0.0955020189285278,-0.1274822454924017,,,,,0.0,,,,,,,
,-0.06,-1.0443655896564314,0.3249744176864624,0.0,,,,,-100.0,0.0,,,,,0.0,0.0,0.0,0.0,0.0,0.0,11,4,2,0,0,0,0,0,0,0,0,0,0,0,0,0,0.0,0.0,,,-0.0549359992146492,0.0343247711674578,,,,,0.0,,,,,,,
,-0.06,-1.0456127572437115,0.3249744176864624,0.0,,,,,-100.0,0.0,,,,,0.0,0.0,0.0,0.0,0.0,0.0,64,4,3,0,0,0,0,0,0,0,0,0,0,0,0,0,0.0,0.0,,,-0.0624359995126724,0.0757656125581217,,,,,0.0,,,,,,,
,-0.07,-1.0568918931861708,0.3249744176864624,0.0,,,,,-100.0,0.0,,,,,0.0,0.0,0.0,0.0,0.0,0.0,5,4,4,0,0,0,0,0,0,0,0,0,0,0,0,2,0.5,0.0,,,-0.1088540032505989,-0.0001296557343907,,,,,0.0,,,,,,,
,-0.04,-3.066516587861712,1.70611572265625,0.0060417735949158,,,,,-20.486134175415916,0.1444655001163482,,,,,0.307894736,0.157894736,0.15,0.105263157,0.052631579,0.181818181,21,21,19,1,2,0,1,3,2,1,1,0,0,1,0,8,0.38095238,0.047619047,,,0.003581996075809,0.2358590377041964,,,,,0.0,,,,,,,
,-0.06,-0.784514021007716,-0.0205761305987834,0.0,,,,,-100.0,0.0,,,,,0.0,0.0,0.0,0.0,0.0,0.0,3,3,3,0,0,0,0,0,0,0,0,0,0,0,0,1,0.333333333,0.0,,,-0.1789319962263107,0.0055833101676515,,,,,0.0,,,,,,,
,-0.08,-2.426687476403301,1.2186541557312012,0.0060417735949158,,,,,-33.554566483255485,0.1150219440460205,,,,,0.219780218,0.076923076,0.142857142,0.076923076,0.0,0.125,42,15,13,1,0,0,0,1,1,1,0,0,0,1,0,5,0.333333333,0.066666666,,,-0.1964620053768158,0.0654704573838087,,,,,0.0,,,,,,,
,-0.03,0.237371235393188,-1.684499353170395,-0.1829915158450603,,,,,117.30814218455691,0.3528145790100098,,,,,0.768421052,0.368421052,0.4,0.368421052,0.0,0.411764705,10,20,19,4,1,0,0,7,7,7,0,0,1,0,0,2,0.1,0.0,,,-0.1938800066709518,-0.2539528347788196,,,,,-2.0,,,,,,,
,-0.1,-0.8096880948826664,-0.0411522611975669,0.0,,,,,-100.0,0.0,,,,,0.0,0.0,0.0,0.0,0.0,0.0,2,3,3,0,0,0,0,0,0,0,0,0,0,0,0,1,0.333333333,0.0,,,-0.0646499916911125,-0.024843328757,,,,,0.0,,,,,,,
,-0.08,-1.7828624536980406,0.7311924695968628,0.0030208867974579,,,,,-63.40554908971699,0.0786525872018602,,,,,0.111111111,0.0,0.111111111,0.0,0.0,0.0,69,9,8,0,0,0,0,0,0,0,0,0,0,1,0,3,0.333333333,0.111111111,,,-0.2330140173435211,-0.0281709949021529,,,,,0.0,,,,,,,
,0.08,-7.135854871358275,4.549642086029053,0.0241670943796634,,,,,-5.288891101874184,0.1676304730085226,,,,,0.356750392,0.183673469,0.173076923,0.122448979,0.06122449,0.208333333,26,56,49,1,4,1,1,9,6,5,0,0,0,3,0,24,0.428571428,0.053571428,,,-0.7905220985412598,-0.063085523757099,,,,,0.0,,,,,,,
,-0.06,-1.0239232230563948,0.1097393631935119,0.0,,,,,-100.0,0.0,,,,,0.0,0.0,0.0,0.0,0.0,0.0,7,4,3,1,0,0,0,0,0,0,0,0,0,0,0,0,0.0,0.0,,,-0.0837500020861625,0.0054823172140307,,,,,0.0,,,,,,,
,0.08,-1.0594028726167568,-1.3145859837532043,0.0392715283669531,,,,,81.15118758466734,0.2977009726067384,,,,,0.666666666,0.354166666,0.3125,0.3125,0.041666666,0.357142857,24,48,48,3,4,0,2,17,15,13,2,0,0,0,0,6,0.125,0.0,,,0.0460860878229141,-0.0234020905590678,,,,,-1.0,,,,,,,
,-0.1,-6.365593505997908,3.980936765670776,0.0181253207847476,,,,,-7.283737331596376,0.1641983826955159,,,,,0.344444443,0.166666666,0.177777777,0.119047619,0.047619047,0.208333333,23,49,42,0,7,0,2,7,5,3,2,0,0,3,0,18,0.367346938,0.061224489,,,-0.1746138334274292,0.2510289412461011,,,,,0.0,,,,,,,
,-0.16,-0.1895611128725925,-1.5709876418113708,-0.3950750660151243,,,,,106.43290035329812,0.3356056488477267,,,,,0.794871794,0.461538461,0.333333333,0.307692307,0.153846154,0.363636363,11,27,26,3,3,0,4,12,8,4,4,0,0,1,1,4,0.148148148,0.037037037,,,-0.1755599826574325,-0.1199838837165348,,,,,-1.0,,,,,,,
,-0.09,-2.102675096612572,0.893679678440094,0.0030208867974579,,,,,-54.55353126679217,0.0786525872018602,,,,,0.111111111,0.0,0.111111111,0.0,0.0,0.0,20,11,8,0,0,0,0,0,0,0,0,0,0,1,0,6,0.545454545,0.09090909,,,-0.236575998365879,-0.0262028256221193,,,,,0.0,,,,,,,
,-0.14,-4.82797105931836,2.8435263633728027,0.0211462075822055,,,,,-14.090863362828571,0.1686281053458943,,,,,0.33491461,0.129032258,0.205882352,0.129032258,0.0,0.181818181,18,35,31,2,1,0,0,4,4,4,0,0,0,3,0,9,0.257142857,0.085714285,,,-0.4156659543514251,-0.0489002560702749,,,,,0.0,,,,,,,
,-0.08,-1.5665483844846473,0.487461656332016,0.0,,,,,-100.0,0.0,,,,,0.0,0.0,0.0,0.0,0.0,0.0,6,6,5,1,0,0,0,0,0,0,0,0,0,0,0,2,0.333333333,0.0,,,-0.1831360012292862,0.003171924333803,,,,,0.0,,,,,,,
,-0.11,-1.096772466935713,0.0754458084702491,0.0,,,,,-100.0,0.0,,,,,0.0,0.0,0.0,0.0,0.0,0.0,2,4,4,0,0,0,0,0,0,0,0,0,0,0,0,1,0.25,0.0,,,-0.1107520014047622,-0.0002403388213083,,,,,0.0,,,,,,,
,-0.08,-2.385196657594949,1.0826474502682686,0.2030208897776901,,,,,-68.26225314948395,0.069417994755965,,,,,0.153846152,0.076923076,0.076923076,0.076923076,0.0,0.1,25,13,13,6,0,0,0,1,1,1,0,0,1,0,0,3,0.23076923,0.0,,,0.0931579992175102,0.2052618727223365,,,,,1.0,,,,,,,
,-0.11,-1.0538669276614974,0.0137174203991889,0.0,,,,,-100.0,0.0,,,,,0.0,0.0,0.0,0.0,0.0,0.0,4,4,4,0,0,0,0,0,0,0,0,0,0,0,0,2,0.5,0.0,,,-0.0653560012578964,-0.0001318458726968,,,,,0.0,,,,,,,
,0.03,-4.207665477496949,2.356064558029175,0.0151044339872896,,,,,-19.91006671449628,0.1488830693836869,,,,,0.315270935,0.142857142,0.172413793,0.142857142,0.0,0.235294117,34,29,28,2,1,0,0,4,4,4,0,0,0,1,0,11,0.379310344,0.034482758,,,-0.2189899832010269,0.0284830912729416,,,,,0.0,,,,,,,
,-0.11,-1.637319855150579,0.487461656332016,0.0,,,,,-100.0,0.0,,,,,0.0,0.0,0.0,0.0,0.0,0.0,54,6,6,0,0,0,0,0,0,0,0,0,0,0,0,3,0.5,0.0,,,-0.1520380079746246,0.0056800333942349,,,,,0.0,,,,,,,
,-0.11,-1.637319855150579,0.487461656332016,0.0,,,,,-100.0,0.0,,,,,0.0,0.0,0.0,0.0,0.0,0.0,16,6,6,0,0,0,0,0,0,0,0,0,0,0,0,4,0.666666666,0.0,,,-0.0916559994220733,-0.0012888638522125,,,,,0.0,,,,,,,
,-0.15,-15.728398802713691,1.3955206871032717,-0.3375124717131257,,,,,69.31191395742012,0.2718200698238626,,,,,0.602691597,0.315926892,0.286764705,0.245430809,0.070496083,0.274336283,110,413,383,34,27,1,22,121,94,72,18,3,3,19,1,45,0.108958837,0.046004842,,,-0.2545298933982849,0.8403065006568067,,,,,-3.0,,,,,,,
,-0.13,-1.6451587004035697,0.487461656332016,0.0,,,,,-100.0,0.0,,,,,0.0,0.0,0.0,0.0,0.0,0.0,22,6,6,0,0,0,0,0,0,0,0,0,0,0,0,2,0.333333333,0.0,,,-0.1612700223922729,-0.0175928545972796,,,,,0.0,,,,,,,
,-0.11,-2.3660455774683316,0.974923312664032,0.0030208867974579,,,,,-62.57442366699265,0.0707873284816742,,,,,0.1,0.0,0.1,0.0,0.0,0.0,46,12,9,0,0,0,0,0,0,0,0,0,0,1,0,8,0.666666666,0.083333333,,,-0.1976899951696396,-0.0294103797189104,,,,,0.0,,,,,,,
,-0.11,-1.8034299696152392,0.5687052607536316,0.0,,,,,-100.0,0.0,,,,,0.0,0.0,0.0,0.0,0.0,0.0,4,7,6,0,0,0,0,0,0,0,0,0,0,0,0,1,0.142857142,0.0,,,-0.1627299934625625,0.0046404311639179,,,,,0.0,,,,,,,
,-0.010000000000000009,-13.304996393636404,3.0004568099975586,0.2194079025648534,,,,,60.18557113199824,0.2695409988844267,,,,,0.589143049,0.280632411,0.308510638,0.23715415,0.043478261,0.27027027,98,283,253,26,18,0,9,71,60,51,7,2,2,27,3,33,0.116607773,0.09540636,,,-1.377237617969513,-0.4208188433885449,,,,,0.0,,,,,,,
,-0.1,-1.8204029882614792,0.5687052607536316,0.0,,,,,-100.0,0.0,,,,,0.0,0.0,0.0,0.0,0.0,0.0,49,7,7,0,0,0,0,0,0,0,0,0,0,0,0,2,0.285714285,0.0,,,-0.296420007944107,-0.0447862977572152,,,,,0.0,,,,,,,
,-0.12,-1.8204029882614792,0.5687052607536316,0.0,,,,,-100.0,0.0,,,,,0.0,0.0,0.0,0.0,0.0,0.0,5,7,7,1,1,0,0,0,0,0,0,0,0,0,0,4,0.571428571,0.0,,,-0.035981997847557,0.0398014923055647,,,,,0.0,,,,,,,
,-0.11,-1.3199694142217424,0.1234567835927009,0.0,,,,,-100.0,0.0,,,,,0.0,0.0,0.0,0.0,0.0,0.0,3,5,5,0,0,0,0,0,0,0,0,0,0,0,0,1,0.2,0.0,,,-0.2204360067844391,-0.0090035690028948,,,,,0.0,,,,,,,
,-0.12,-1.8500671247308436,0.5687052607536316,0.0,,,,,-100.0,0.0,,,,,0.0,0.0,0.0,0.0,0.0,0.0,46,7,6,0,0,0,0,0,0,0,0,0,0,0,0,3,0.428571428,0.0,,,-0.0923839807510376,0.023363898617832,,,,,0.0,,,,,,,
,-0.16,-1.3079202235216882,0.0685871019959449,0.0,,,,,-100.0,0.0,,,,,0.0,0.0,0.0,0.0,0.0,0.0,2,5,5,0,0,0,0,0,0,0,0,0,0,0,0,0,0.0,0.0,,,-0.1647000014781952,-0.0414535762277345,,,,,0.0,,,,,,,
,-0.19,-5.37959481351104,1.3854594230651855,-0.3588244244456291,,,,,50.079294996424814,0.2536417734192078,,,,,0.565512048,0.3125,0.253012048,0.225,0.0875,0.253731343,29,85,80,3,9,1,5,25,18,13,4,0,0,3,0,12,0.14117647,0.035294117,,,-0.8488439321517944,-0.1365315686033447,,,,,0.0,,,,,,,
,-0.49,-5.06489499527971,-1.8216733932495115,-0.7085861884988844,,,,,79.84629580648695,0.2974010035816559,,,,,0.682466526,0.407185628,0.275280898,0.239520958,0.16766467,0.239130434,73,178,167,17,26,7,13,68,40,27,5,1,0,8,1,24,0.13483146,0.04494382,,,-1.5058438777923584,-0.5399824954326871,,,,,0.0,,,,,,,
,-0.12,-7.416834983189824,4.468398571014404,0.0271879811771214,,,,,-11.455431821331118,0.1487073863928134,,,,,0.313076923,0.14,0.173076923,0.14,0.0,0.189189189,44,55,50,2,2,0,0,7,7,7,0,0,0,2,0,13,0.236363636,0.036363636,,,-0.524885892868042,0.0649032034490504,,,,,0.0,,,,,,,
,-0.05,-2.7704997443274104,1.1374105215072632,0.0030208867974579,,,,,-63.13967364719441,0.0820394483479586,,,,,0.18181818,0.09090909,0.09090909,0.09090909,0.0,0.111111111,51,14,11,0,0,0,0,1,1,1,0,0,0,0,0,2,0.142857142,0.0,,,-0.24434395134449,-0.0684600052357651,,,,,0.0,,,,,,,
,-0.14,-1.3615343147394132,-2.9067214727401733,-0.1316364402882754,,,,,89.69901617905545,0.314708179105883,,,,,0.710795901,0.37037037,0.340425531,0.24691358,0.12345679,0.260869565,51,94,81,9,11,2,5,30,20,15,2,1,1,12,2,11,0.117021276,0.127659574,,,-0.8281659334897995,-0.4277693638600234,,,,,-2.0,,,,,,,
,-0.05,-2.1077338553229947,0.6499488353729248,0.0,,,,,-100.0,0.0,,,,,0.0,0.0,0.0,0.0,0.0,0.0,65,8,8,0,0,0,0,0,0,0,0,0,0,0,0,1,0.125,0.0,,,-0.0993799865245819,-0.0429811320504327,,,,,0.0,,,,,,,
,-0.13,-4.240510361687522,1.2752619683742523,0.0241670943796634,,,,,30.687410874511805,0.2130813369384178,,,,,0.466857609,0.255319148,0.211538461,0.14893617,0.106382978,0.139534883,24,52,47,3,4,1,3,12,7,4,2,0,0,4,0,4,0.076923076,0.076923076,,,-0.310545951128006,0.2892687677983261,,,,,1.0,,,,,,,
,0.11,-0.2720107680518994,-2.7119341790676117,0.0351338079199194,,,,,94.70243803362516,0.3184684004102434,,,,,0.709509335,0.382978723,0.326530612,0.29787234,0.085106383,0.31707317,14,49,47,4,2,1,2,18,14,12,1,0,2,2,0,5,0.102040816,0.040816326,,,0.2340440899133682,0.0644822858973905,,,,,-3.0,,,,,,,
,-0.22,-1.7429578600976732,-2.588477313518524,0.2634386257268488,,,,,82.23398460815964,0.31545490026474,,,,,0.724604679,0.423529411,0.301075268,0.270588235,0.152941176,0.303030303,56,93,85,6,21,3,7,36,23,16,4,0,1,5,0,19,0.204301075,0.05376344,,,0.2078658938407898,0.0390548397365201,,,,,-2.0,,,,,,,
,-0.1,-3.3484710711417915,1.4623849391937256,0.0060417735949158,,,,,-53.46635496656392,0.0894615120357937,,,,,0.16993464,0.058823529,0.111111111,0.058823529,0.0,0.111111111,19,18,17,0,0,0,0,1,1,1,0,0,0,1,0,8,0.444444444,0.055555555,,,-0.4242720007896423,-0.0785887997383446,,,,,0.0,,,,,,,
,-0.05,-2.348742808784542,0.731192484498024,0.0,,,,,-100.0,0.0,,,,,0.0,0.0,0.0,0.0,0.0,0.0,75,9,7,0,0,0,0,0,0,0,0,0,0,0,0,6,0.666666666,0.0,,,-0.0589540172368288,0.1594600147379654,,,,,0.0,,,,,,,
,-0.17,-8.485163891690846,5.11834716796875,0.0271879811771214,,,,,-11.266708851761814,0.1615148688617505,,,,,0.354010024,0.178571428,0.175438596,0.160714285,0.017857143,0.23076923,36,63,56,3,3,0,1,10,9,8,1,0,0,1,0,17,0.269841269,0.015873015,,,-0.7636639475822449,-0.2082418007435009,,,,,0.0,,,,,,,
,-0.2,-3.0123560455624623,-1.5807064771652222,0.0936474907211959,,,,,72.656129537768,0.2789614244053761,,,,,0.564102563,0.23076923,0.333333333,0.192307692,0.038461538,0.215384615,39,96,78,5,10,1,1,18,15,14,0,0,0,16,0,13,0.135416666,0.166666666,,,0.1212860941886901,0.1979781451153133,,,,,-1.0,,,,,,,
,0.06,-1.981637465570892,-1.2217654287815094,0.8351338198408484,,,,,55.91538014813455,0.2505506929361595,,,,,0.533018867,0.25,0.283018867,0.208333333,0.041666667,0.25,46,54,48,4,0,0,1,12,10,9,0,1,6,5,0,8,0.148148148,0.092592592,,,-0.1194079294800758,0.0298375720922649,,,,,-1.0,,,,,,,
,-0.15,-3.0852817784109803,1.253772258758545,0.0030208867974579,,,,,-69.54493543467598,0.0601622621218363,,,,,0.133333332,0.066666666,0.066666666,0.066666666,0.0,0.1,6,15,15,0,0,0,0,1,1,1,0,0,0,0,0,5,0.333333333,0.0,,,-0.2811619937419891,0.0160430313936792,,,,,1.0,,,,,,,
,-0.23,-1.6193761897653327,0.0301783233880996,0.0,,,,,-100.0,0.0,,,,,0.0,0.0,0.0,0.0,0.0,0.0,5,6,6,0,0,0,0,0,0,0,0,0,0,0,0,0,0.0,0.0,,,-0.3337840139865875,0.0028038068155139,,,,,0.0,,,,,,,
,-0.2,-1.8245895347467775,-0.6630089282989502,0.0181253207847476,,,,,51.33267970894904,0.2559662349522114,,,,,0.571428571,0.321428571,0.25,0.178571428,0.142857143,0.2,9,32,28,4,6,1,2,9,5,3,1,0,0,3,0,8,0.25,0.09375,,,-0.1300920099020004,0.0590122172916963,,,,,-1.0,,,,,,,
,-0.06,-2.978629627504385,1.1374105215072632,0.0030208867974579,,,,,-75.38196268470172,0.0752028276522954,,,,,0.166666666,0.083333333,0.083333333,0.083333333,0.0,0.25,65,14,12,1,1,0,0,1,1,1,0,0,0,0,0,8,0.571428571,0.0,,,-0.1586160063743591,0.0545962300245329,,,,,0.0,,,,,,,
,-0.09,-2.3899079699180503,-1.1795836687088013,0.0513550755567848,,,,,68.25827713136773,0.2791927191946242,,,,,0.595518867,0.283018867,0.3125,0.16981132,0.113207547,0.205882352,35,65,53,8,3,2,2,15,9,7,0,0,0,10,1,17,0.261538461,0.153846153,,,-0.2282140105962753,-0.2698613602833143,,,,,0.0,,,,,,,
,-0.15,-2.9908991493956822,0.6218566298484802,0.0181253207847476,,,,,17.40368175933484,0.2166348576545715,,,,,0.474712643,0.24137931,0.233333333,0.206896551,0.034482759,0.260869565,27,30,29,4,1,0,1,7,6,5,1,0,0,1,0,6,0.2,0.033333333,,,-0.1120260134339332,0.1756272168670223,,,,,0.0,,,,,,,
,-0.15,-2.5381612897862964,0.812436044216156,0.0,,,,,-100.0,0.0,,,,,0.0,0.0,0.0,0.0,0.0,0.0,9,10,7,0,0,0,0,0,0,0,0,0,0,0,0,2,0.2,0.0,,,-0.1490900069475174,0.0045075645620652,,,,,0.0,,,,,,,
,0.26,-7.018570982684037,-11.626774787902832,0.3747179540805518,,,,,87.70005294442322,0.307111532330513,,,,,0.689081706,0.355748373,0.333333333,0.290672451,0.065075922,0.320293398,134,508,461,65,45,3,21,164,134,113,15,3,16,32,4,58,0.114173228,0.062992125,,,-1.369288206100464,-0.1695605248149276,,,,,-8.0,,,,,,,
,0.12,-0.4730289542604182,-8.650777697563171,-1.6725371847860515,,,,,104.5459812943714,0.3263252131916858,,,,,0.702233744,0.326086956,0.376146788,0.260869565,0.065217391,0.297468354,56,223,184,32,9,1,7,60,48,41,3,3,17,32,2,25,0.112107623,0.143497757,,,0.3013281226158142,0.3856020713917853,,,,,-8.0,,,,,,,
,-0.2,-2.3856026860508375,0.126200258731842,0.2120835501700639,,,,,14.433669310732464,0.2013235998153686,,,,,0.460869565,0.260869565,0.2,0.173913043,0.086956522,0.210526315,12,25,23,3,2,0,1,6,4,3,0,1,1,1,0,5,0.2,0.04,,,-0.152984008193016,0.0705548351791005,,,,,0.0,,,,,,,
,-0.07,-23.923079817314864,12.871968269348145,-0.4292559092864394,,,,,36.56775328072547,0.2266994088587134,,,,,0.481799356,0.226765799,0.255033557,0.178438661,0.048327138,0.195020746,107,305,269,25,12,1,9,61,48,39,6,2,5,27,1,28,0.091803278,0.08852459,,,-1.8670295476913452,-0.2569711011854199,,,,,8.0,,,,,,,
,-0.21,-1.804240464209439,0.052126195281744,0.0030208867974579,,,,,-65.36160381448505,0.0786525872018602,,,,,0.111111111,0.0,0.111111111,0.0,0.0,0.0,9,9,8,2,0,0,0,0,0,0,0,0,0,1,0,2,0.222222222,0.111111111,,,-0.079500027000904,-0.068292227610513,,,,,0.0,,,,,,,
,-0.14,-2.6109139741410785,0.812436044216156,0.0,,,,,-100.0,0.0,,,,,0.0,0.0,0.0,0.0,0.0,0.0,14,10,10,0,0,0,0,0,0,0,0,0,0,0,0,4,0.4,0.0,,,-0.2417339980602264,-0.0012021134196491,,,,,0.0,,,,,,,
,-0.14,-2.6109139741410785,0.812436044216156,0.0,,,,,-100.0,0.0,,,,,0.0,0.0,0.0,0.0,0.0,0.0,66,10,8,0,0,0,0,0,0,0,0,0,0,0,0,5,0.5,0.0,,,-0.1599960029125213,0.053626188869548,,,,,0.0,,,,,,,
,-0.06,-2.6346673191537433,0.812436044216156,0.0,,,,,-100.0,0.0,,,,,0.0,0.0,0.0,0.0,0.0,0.0,11,10,8,0,0,0,0,0,0,0,0,0,0,0,0,4,0.4,0.0,,,-0.2875899970531463,-0.0509319207088456,,,,,0.0,,,,,,,
,-0.17,-2.6429530353297763,0.812436044216156,0.0,,,,,-100.0,0.0,,,,,0.0,0.0,0.0,0.0,0.0,0.0,64,10,10,0,0,0,0,0,0,0,0,0,0,0,0,5,0.5,0.0,,,-0.0686579868197441,0.0300213919345125,,,,,0.0,,,,,,,
,-0.41,-4.355433458677358,0.2114767432212829,-0.5701207551173866,,,,,59.50476289823373,0.2558817546088974,,,,,0.54808959,0.275362318,0.272727272,0.188405797,0.086956521,0.196721311,67,79,69,15,4,1,4,19,13,9,3,0,3,8,0,7,0.088607594,0.101265822,,,-0.3901160657405853,0.0234510836169753,,,,,1.0,,,,,,,
,-0.22,-5.391041411369743,1.9807955026626587,-0.3769497452303767,,,,,24.3282953325465,0.2181819787731877,,,,,0.472222222,0.25,0.222222222,0.145833333,0.104166667,0.166666666,22,56,48,4,3,1,2,12,7,5,0,1,0,4,0,12,0.214285714,0.071428571,,,-0.4442740082740783,-0.0047874235931651,,,,,1.0,,,,,,,
,-0.07,-4.262607649793325,-0.3923192024230957,0.0755221699364483,,,,,62.39590310547941,0.2868558790094109,,,,,0.624026984,0.304878048,0.319148936,0.219512195,0.085365853,0.246376811,56,95,82,18,9,1,4,25,18,14,2,1,0,12,1,12,0.126315789,0.126315789,,,-0.4253478944301605,0.0413619142092073,,,,,-1.0,,,,,,,
,-0.32,-7.098939649224684,1.255144119262695,0.2725012861192226,,,,,54.699414441182284,0.2734842896461487,,,,,0.617996603,0.354838709,0.263157894,0.209677419,0.14516129,0.2,83,134,124,12,17,4,10,44,26,16,6,0,1,9,1,10,0.074626865,0.067164179,,,-0.6135299801826477,-0.1819232047076795,,,,,2.0,,,,,,,
,0.1,-5.30702268122687,1.294469177722931,-0.7591540445573628,,,,,50.72228702703845,0.2555978509940599,,,,,0.534515635,0.231884057,0.302631578,0.231884057,0.0,0.275862068,41,76,69,12,3,0,0,16,16,16,0,0,4,6,0,11,0.144736842,0.078947368,,,-0.0355000272393226,0.1407273321346561,,,,,2.0,,,,,,,
,-0.2,-1.8442671234076204,-0.0219478718936443,0.0,,,,,-100.0,0.0,,,,,0.0,0.0,0.0,0.0,0.0,0.0,5,7,7,0,0,0,0,0,0,0,0,0,0,0,0,2,0.285714285,0.0,,,-0.1967799961566925,0.0104724626335646,,,,,0.0,,,,,,,
,-0.22,-3.917122136121472,-3.4439852237701416,-0.7066821353510022,,,,,84.44851518623095,0.3188304823069345,,,,,0.716387244,0.402777777,0.313609467,0.208333333,0.194444444,0.216981132,54,170,144,16,16,7,14,58,30,16,7,0,2,22,1,33,0.194117647,0.129411764,,,-0.1341859549283981,0.1710795105070352,,,,,-6.0,,,,,,,
,-0.16,-3.666615541911652,1.3811413049697876,0.0030208867974579,,,,,-77.75848537716841,0.0601622621218363,,,,,0.133333332,0.066666666,0.066666666,0.066666666,0.0,0.09090909,14,17,15,2,0,0,0,1,1,1,0,0,0,0,0,4,0.235294117,0.0,,,-0.289975993335247,0.0119854204177475,,,,,0.0,,,,,,,
,-0.36,-0.977967339884143,-3.784636437892914,-1.3764921547845006,,,,,103.60636932621594,0.3366145056285215,,,,,0.760155574,0.423076923,0.337078651,0.256410256,0.166666667,0.333333333,65,91,78,12,5,1,8,33,20,12,4,3,5,10,0,21,0.23076923,0.109890109,,,-0.5637540221214294,-0.4895877810572864,,,,,-3.0,,,,,,,
,-0.22,-6.521166085233521,3.4122314453125,0.0211462075822055,,,,,-28.27387212849781,0.147009117481036,,,,,0.29059829,0.111111111,0.179487179,0.111111111,0.0,0.148148148,45,42,36,1,2,0,0,4,4,4,0,0,0,3,0,9,0.214285714,0.071428571,,,-0.490801990032196,0.2085394073862994,,,,,0.0,,,,,,,
,-0.11,-9.942127444207175,5.849539756774902,0.0302088679745793,,,,,-14.056658534822308,0.1495332332757803,,,,,0.314392059,0.14516129,0.169230769,0.129032258,0.016129032,0.170212765,32,72,62,1,5,0,1,9,8,7,1,0,0,3,0,15,0.208333333,0.041666666,,,-0.7106839418411255,0.1340240101094242,,,,,0.0,,,,,,,
,-0.17,-2.0719178927142563,0.0603566467761993,-0.8112963396124542,,,,,-48.30060137842783,0.1056077224867684,,,,,0.142857142,0.0,0.142857142,0.0,0.0,0.0,7,7,6,1,0,0,0,0,0,0,0,0,0,0,0,3,0.428571428,0.0,,,-0.2060320973396301,-0.1384665743950608,,,,,0.0,,,,,,,
,0.12,-5.188410122594638,-6.456446647644043,-0.1896547637879848,,,,,85.67913858931317,0.3075711228030776,,,,,0.690840145,0.367816091,0.323024054,0.264367816,0.103448275,0.268292682,108,295,261,31,36,3,20,96,69,49,16,1,0,23,2,17,0.057627118,0.077966101,,,-1.1710119247436523,-0.3795123022632258,,,,,1.0,,,,,,,
,-0.25,-8.398767305142126,4.71212911605835,0.0271879811771214,,,,,-19.63200478531148,0.1410348007553502,,,,,0.255438596,0.08,0.175438596,0.06,0.02,0.130434782,26,58,50,1,0,0,1,4,3,2,1,0,0,7,0,27,0.465517241,0.120689655,,,-0.5973381996154785,0.1857990813848786,,,,,0.0,,,,,,,
,-0.2,-3.2996096767221856,1.0561668872833252,0.0,,,,,-100.0,0.0,,,,,0.0,0.0,0.0,0.0,0.0,0.0,41,13,13,0,0,0,0,0,0,0,0,0,0,0,0,6,0.461538461,0.0,,,-0.1718539595603943,-0.0253702297784499,,,,,0.0,,,,,,,
,-0.27,-1.801286453723058,-3.3308184146881104,-0.339911884162575,,,,,87.26734163531692,0.3071403714918321,,,,,0.67068273,0.337349397,0.333333333,0.26506024,0.072289157,0.3,69,97,83,21,11,1,4,28,22,18,3,0,4,8,0,13,0.134020618,0.082474226,,,0.0987458750605583,0.3412625386801793,,,,,-1.0,,,,,,,
,-0.19,-5.270874425618957,2.437308117747307,0.0030208867974579,,,,,-43.04320841980358,0.1065510362386703,,,,,0.249999999,0.178571428,0.071428571,0.071428571,0.107142857,0.083333333,38,30,28,1,2,1,1,5,2,1,0,0,0,0,0,15,0.5,0.0,,,-0.4745380729436874,-0.04966926561217,,,,,0.0,,,,,,,
,0.28,-6.570402400375863,-1.84876549243927,0.5465770112350583,,,,,68.83496093359747,0.2825536320084019,,,,,0.601754385,0.280701754,0.321052631,0.245614035,0.035087719,0.284722222,73,193,171,22,13,1,3,48,42,39,1,1,10,17,0,26,0.134715025,0.088082901,,,-0.2395520508289337,0.5123397834288268,,,,,-3.0,,,,,,,
,-0.2,-7.463066911654077,3.980936765670776,-0.3890332924202084,,,,,-18.88505513380553,0.1400996685028076,,,,,0.295090438,0.139534883,0.155555555,0.116279069,0.023255814,0.217391304,28,49,43,2,1,0,1,6,5,4,1,0,0,2,0,20,0.408163265,0.040816326,,,-0.7878400683403015,-0.1467328296179618,,,,,0.0,,,,,,,
,-0.13,-1.5522485094347442,-1.2853223383426666,-0.3920541792176664,,,,,63.68414697579313,0.2744106429594534,,,,,0.629629629,0.37037037,0.259259259,0.259259259,0.111111111,0.333333333,21,27,27,1,4,0,2,10,7,5,1,1,0,0,0,6,0.222222222,0.0,,,0.560558021068573,0.5627567224057701,,,,,-1.0,,,,,,,
,-0.24,-3.274639710301158,0.974923312664032,0.0,,,,,-100.0,0.0,,,,,0.0,0.0,0.0,0.0,0.0,0.0,40,12,11,0,0,0,0,0,0,0,0,0,0,0,0,6,0.5,0.0,,,-0.3020899891853332,0.014458581081855,,,,,0.0,,,,,,,
,-0.17,-3.2903174008071394,0.974923312664032,0.0,,,,,-100.0,0.0,,,,,0.0,0.0,0.0,0.0,0.0,0.0,69,12,11,0,0,0,0,0,0,0,0,0,0,0,0,3,0.25,0.0,,,-0.275719940662384,0.0229289048419733,,,,,0.0,,,,,,,
,-0.19,-10.29309813270026,1.079104781150818,-1.6787069495767355,,,,,68.74964492570635,0.2766804705725776,,,,,0.612249649,0.315789473,0.296460176,0.244019138,0.071770335,0.309090909,95,227,209,17,12,0,14,66,51,37,13,1,1,16,1,45,0.198237885,0.070484581,,,-1.9183018803596497,-0.6751771407543288,,,,,1.0,,,,,,,
,-0.11,-8.443108281214387,2.2505712509155273,0.08760571712628,,,,,47.18102548079316,0.2636640259852776,,,,,0.591157475,0.303278688,0.287878787,0.229508196,0.073770492,0.254545454,63,133,122,14,11,0,7,37,28,21,5,2,0,9,2,12,0.090225563,0.067669172,,,0.2661522924900055,0.8547733328391499,,,,,1.0,,,,,,,
,-0.11,-5.148455046077307,0.4979424476623535,0.0362506415694952,,,,,49.172231113804955,0.2536412104066596,,,,,0.580200501,0.342105263,0.238095238,0.171052631,0.171052632,0.172413793,59,84,76,11,6,3,7,26,13,6,4,0,0,6,1,16,0.19047619,0.071428571,,,-0.8927119970321655,-0.383562403847294,,,,,1.0,,,,,,,
,-0.25,-10.887068951089397,-8.393689155578613,-0.288061449304223,,,,,82.60648942150407,0.3024150591447533,,,,,0.700194931,0.4,0.300194931,0.24680851,0.15319149,0.24078624,128,515,470,56,69,18,35,188,116,81,16,1,1,36,11,50,0.097087378,0.069902912,,,-0.4816640019416809,0.3314188258439053,,,,,-1.0,,,,,,,
,-0.25,-7.474122477981894,-3.0945337414741516,0.1842740946449339,,,,,74.3157678949937,0.2811792574254384,,,,,0.636262295,0.344262295,0.292,0.282786885,0.06147541,0.296943231,86,252,244,17,28,1,11,84,69,58,8,2,0,4,1,16,0.063492063,0.015873015,,,-0.3242977559566498,0.5650297669161096,,,,,-3.0,,,,,,,
,-0.23,-3.659644650352991,1.1374105215072632,0.0,,,,,-100.0,0.0,,,,,0.0,0.0,0.0,0.0,0.0,0.0,73,14,14,0,0,0,0,0,0,0,0,0,0,0,0,8,0.571428571,0.0,,,-0.2322819977998733,-0.0036552201702436,,,,,0.0,,,,,,,
,0.03,-2.484154358889513,-0.1371742039918899,-0.2071586102247238,,,,,-10.298478706591586,0.150470915962668,,,,,0.352941175,0.235294117,0.117647058,0.117647058,0.117647059,0.166666666,9,17,17,3,1,0,2,4,2,0,2,0,1,0,0,5,0.294117647,0.0,,,-0.2197860032320022,-0.0558884633454941,,,,,0.0,,,,,,,
,-0.07,-6.190881429444456,-7.271605134010315,-2.3865059185773134,,,,,90.28630061953248,0.316945880288031,,,,,0.69580295,0.357388316,0.338414634,0.257731958,0.099656358,0.288537549,72,331,291,37,28,2,19,104,75,56,11,6,5,36,0,37,0.111782477,0.108761329,,,-0.0259021148085594,0.3170851831404239,,,,,-9.0,,,,,,,
,-0.25,-0.9458081356134715,-2.433470457792282,0.0362506415694952,,,,,78.14292806789531,0.2973948008305317,,,,,0.609415867,0.258064516,0.351351351,0.225806451,0.032258065,0.269230769,13,37,31,3,2,0,1,8,7,6,1,0,0,4,0,5,0.135135135,0.108108108,,,-0.0336939580738544,0.0839844912381401,,,,,-2.0,,,,,,,
,-0.2,-4.213515944942245,1.4623849391937256,0.0030208867974579,,,,,-92.90328226486368,0.0501352184348636,,,,,0.114379084,0.058823529,0.055555555,0.058823529,0.0,0.076923076,17,18,17,0,1,0,0,1,1,1,0,0,0,0,0,5,0.277777777,0.0,,,-0.3612820208072662,0.0170578340813416,,,,,0.0,,,,,,,
,-0.22,-4.352907948650358,1.5436285734176636,0.0030208867974579,,,,,-88.79191817733478,0.0564021207392215,,,,,0.125,0.0625,0.0625,0.0625,0.0,0.142857142,67,19,16,0,0,0,0,1,1,1,0,0,0,0,0,9,0.47368421,0.0,,,-0.2885760068893432,-0.0569410329072092,,,,,0.0,,,,,,,
,-0.23,-3.4596717059336104,-0.6162551045417786,-0.9852251950651408,,,,,61.977150903363544,0.271312834999778,,,,,0.582575756,0.291666666,0.29090909,0.1875,0.104166666,0.243243243,27,55,48,8,4,0,4,14,9,5,3,1,1,7,0,11,0.2,0.127272727,,,0.1664458811283111,0.3834428091497893,,,,,0.0,,,,,,,
,-0.23,-4.617689801304058,1.70611572265625,0.0030208867974579,,,,,-81.19479028819626,0.0451216965913772,,,,,0.1,0.05,0.05,0.05,0.0,0.09090909,78,21,20,0,2,0,0,1,1,1,0,0,0,0,0,9,0.428571428,0.0,,,-0.4913898408412933,-0.055709323276041,,,,,0.0,,,,,,,
,-0.16,-1.6492404309699042,-0.9643347077071668,0.0030208867974579,,,,,-51.17934175620119,0.1002704368697272,,,,,0.222222222,0.111111111,0.111111111,0.111111111,0.0,0.166666666,9,9,9,0,1,0,0,1,1,1,0,0,0,0,0,3,0.333333333,0.0,,,0.0710320025682449,0.1888916614014052,,,,,-1.0,,,,,,,
,-0.22,-8.995080319641728,0.6497460603713989,-0.0772604779340326,,,,,60.72887777292419,0.2672003587727906,,,,,0.58978084,0.306358381,0.283422459,0.225433526,0.080924855,0.263888888,86,187,173,22,12,1,9,53,39,30,5,3,1,11,1,28,0.14973262,0.058823529,,,-0.2464462341740727,0.3758645912915203,,,,,-1.0,,,,,,,
,-0.39,0.9951115953058928,-5.943758606910706,-0.3678870848380029,,,,,114.76855712170328,0.3650469536844052,,,,,0.842105262,0.526315789,0.315789473,0.315789473,0.210526316,0.333333333,18,76,76,5,14,2,11,40,24,13,8,1,0,0,0,8,0.105263157,0.0,,,-0.520962119102478,-0.4607304129446712,,,,,-7.0,,,,,,,
,-0.24,3.830388116022415,-10.688385844230652,0.2815639465115964,,,,,123.4316994292082,0.3630499168643801,,,,,0.838963677,0.516129032,0.322834645,0.314516129,0.201612903,0.321100917,52,128,124,16,22,4,14,64,39,25,7,3,1,2,0,12,0.09375,0.015625,,,0.951008141040802,0.2973663563172501,,,,,-9.0,,,,,,,
,-0.02,-7.555922537147071,1.704620122909546,-0.3527826508507132,,,,,47.03852762540659,0.2378690177744085,,,,,0.523243243,0.28,0.243243243,0.16,0.12,0.264150943,34,112,100,5,9,2,8,28,16,8,6,0,0,10,1,45,0.401785714,0.089285714,,,-0.459821879863739,-0.0458207736694978,,,,,3.0,,,,,,,
,-0.18,-4.726363118449875,0.7434842586517334,2.4241671301424503,,,,,-20.170645009163707,0.1484858730564946,,,,,0.310276679,0.136363636,0.173913043,0.136363636,0.0,0.146341463,29,49,44,5,0,0,0,6,6,6,0,0,12,2,0,3,0.061224489,0.040816326,,,-0.3614780008792877,0.1402595539002502,,,,,1.0,,,,,,,
,-0.28,-5.490346920547387,1.6052811741828918,-0.3901501260697841,,,,,2.0366715203775207,0.1798816431652415,,,,,0.375277161,0.170731707,0.204545454,0.146341463,0.024390244,0.166666666,14,44,41,5,3,0,1,7,6,5,1,0,2,3,0,5,0.113636363,0.068181818,,,-0.5840060114860535,-0.0535480646412271,,,,,1.0,,,,,,,
,0.56,-17.90868106228892,4.065728187561035,-1.1869635060429573,,,,,58.67774126494102,0.2674678169122945,,,,,0.582871446,0.294117647,0.288753799,0.238562091,0.055555556,0.258865248,103,342,306,36,22,0,15,90,73,58,13,2,1,15,0,25,0.073099415,0.043859649,,,-2.105074167251587,-0.2930343276637996,,,,,2.0,,,,,,,
,-0.26,-3.4407100882150963,-1.508459210395813,-0.1618453082628548,,,,,63.99867644588418,0.2768749377212008,,,,,0.637142857,0.357142857,0.28,0.242857142,0.114285715,0.285714285,53,75,70,5,13,1,5,25,17,12,3,1,1,4,1,14,0.186666666,0.053333333,,,-0.0623801462352275,0.2575583002540089,,,,,-1.0,,,,,,,
,-0.33,-12.945340237019712,7.474411964416504,0.0332297547720372,,,,,-16.170334616768802,0.1510440209243871,,,,,0.322451698,0.157894736,0.164556962,0.131578947,0.026315789,0.185185185,44,92,76,2,9,0,2,12,10,8,2,0,0,2,0,22,0.239130434,0.02173913,,,-0.7258301377296448,0.1516840090291618,,,,,0.0,,,,,,,
,-0.15,-2.089209992027351,-1.164609044790268,0.2151044369675219,,,,,13.746786863388998,0.1962549550966783,,,,,0.417748917,0.19047619,0.227272727,0.19047619,0.0,0.222222222,16,22,21,4,1,0,0,4,4,4,0,0,1,1,0,3,0.136363636,0.045454545,,,-0.1512839943170547,0.1134210330142716,,,,,-1.0,,,,,,,
,-0.28,-2.1480197616007537,-1.3337905704975128,0.0181253207847476,,,,,36.293208377988115,0.2262809234006064,,,,,0.5,0.25,0.25,0.208333333,0.041666667,0.217391304,9,28,24,1,3,0,1,6,5,4,1,0,0,1,0,3,0.107142857,0.035714285,,,-0.2801619172096252,-0.1490228718358072,,,,,-1.0,,,,,,,
,-0.34,-2.3405225149013664,-1.7169637978076937,0.2241670973598957,,,,,52.000317974809874,0.2545643475922671,,,,,0.575581395,0.325581395,0.25,0.232558139,0.093023256,0.294117647,13,44,43,5,4,0,3,14,10,7,2,1,1,1,0,9,0.204545454,0.022727272,,,-0.0181299038231372,0.2068206857574667,,,,,-2.0,,,,,,,
,-0.36,-4.932016185968194,-0.6387747824192047,0.0604177359491586,,,,,54.82198376112569,0.2524504119699651,,,,,0.56252608,0.265822784,0.296703296,0.189873417,0.075949367,0.24137931,47,91,79,9,11,1,4,21,15,11,3,0,0,12,3,20,0.219780219,0.131868131,,,-0.5411540865898132,-0.0510606589658552,,,,,-1.0,,,,,,,
,-0.22,-10.560067170628484,5.687052488327026,0.0302088679745793,,,,,-24.58491618075314,0.1358427487886869,,,,,0.294471153,0.140625,0.153846153,0.140625,0.0,0.225,31,70,64,0,1,0,0,9,9,9,0,0,0,1,0,24,0.342857142,0.014285714,,,-1.2382899820804596,-0.2737995377026774,,,,,0.0,,,,,,,
,-0.47,-6.368911936745318,-1.046067476272583,0.4729588944464922,,,,,59.56400738967999,0.2595166018668641,,,,,0.552684902,0.261904761,0.290780141,0.214285714,0.047619047,0.247706422,64,143,126,19,5,0,5,33,27,22,4,1,12,11,0,18,0.125874125,0.076923076,,,-0.7984461784362793,-0.2940963469434901,,,,,1.0,,,,,,,
,-0.34,-4.682336583992248,-0.1897574067115783,-0.7690039244480431,,,,,52.609195771044725,0.2595140907694311,,,,,0.564705882,0.3,0.264705882,0.183333333,0.116666667,0.18,46,68,60,13,5,2,3,18,11,8,1,0,0,6,0,9,0.132352941,0.088235294,,,-0.6490921378135681,-0.1682859729527088,,,,,-1.0,,,,,,,
,-0.18,-4.801146190906088,0.6104251742362976,0.0181253207847476,,,,,9.489668406033966,0.1969442367553711,,,,,0.443902439,0.243902439,0.2,0.170731707,0.073170732,0.225806451,23,45,41,4,6,0,3,10,7,4,3,0,0,2,0,12,0.266666666,0.044444444,,,-0.6018521189689636,-0.0091845933309641,,,,,0.0,,,,,,,
,-0.08,-11.82145352970666,6.499488353729248,0.0271879811771214,,,,,-21.964881141423913,0.1354051271551533,,,,,0.29338549,0.148648648,0.144736842,0.121621621,0.027027027,0.225,39,80,74,5,2,0,2,11,9,7,2,0,0,2,0,34,0.425,0.025,,,-0.8438182473182678,0.1632251912075479,,,,,0.0,,,,,,,
,-0.28,-2.237582928946293,-1.2654320783913136,0.0060417735949158,,,,,11.30660419898854,0.2077558778581165,,,,,0.476190475,0.285714285,0.19047619,0.19047619,0.095238095,0.333333333,15,21,21,3,1,0,2,6,4,2,2,0,0,0,0,9,0.428571428,0.0,,,-0.3658019825816154,0.0541496554706033,,,,,-1.0,,,,,,,
,-0.36,-1.9606652406674197,-2.392775297164917,-0.7659830376505852,,,,,77.56277435663178,0.2949239783816867,,,,,0.625825825,0.27027027,0.355555555,0.27027027,0.0,0.27027027,20,45,37,4,7,0,0,10,10,10,0,0,0,6,0,2,0.044444444,0.133333333,,,0.1069500297307968,0.287325783322012,,,,,-2.0,,,,,,,
,-0.28,-10.162059239431432,5.199590682983398,0.0241670943796634,,,,,-31.065857100761168,0.1215326201240971,,,,,0.232576049,0.081632653,0.150943396,0.081632653,0.0,0.129032258,30,64,49,2,1,0,0,4,4,4,0,0,0,4,0,18,0.28125,0.0625,,,-0.7035600543022156,0.075180879194633,,,,,0.0,,,,,,,
,-0.34,-2.4422980834773633,-1.2217647433280945,0.0120835471898317,,,,,3.754812868696715,0.1718921774909609,,,,,0.38095238,0.19047619,0.19047619,0.19047619,0.0,0.25,13,21,21,0,1,0,0,4,4,4,0,0,0,0,0,5,0.238095238,0.0,,,-0.6334080696105957,-0.1578520305041643,,,,,-1.0,,,,,,,
,-0.3,-9.9131561921925,4.955860137939453,0.0241670943796634,,,,,-34.15158488261936,0.123244049256308,,,,,0.265350877,0.125,0.140350877,0.125,0.0,0.21875,42,61,56,2,1,0,0,7,7,7,0,0,0,1,0,24,0.393442622,0.016393442,,,-0.9936841130256652,-0.013061785609687,,,,,0.0,,,,,,,
,-0.45,-10.942234701383631,3.371740698814392,0.090626603923738,,,,,36.465685965873135,0.221752963747297,,,,,0.486079265,0.232558139,0.253521126,0.186046511,0.046511628,0.216981132,58,143,129,6,9,1,4,30,24,20,3,0,0,12,2,23,0.16083916,0.083916083,,,-1.3532280921936035,-0.0048715113195501,,,,,2.0,,,,,,,
,-0.22,-12.568519363683256,6.824462890625,0.0362506415694952,,,,,-23.569663407724565,0.1427616247764,,,,,0.289954337,0.123287671,0.166666666,0.109589041,0.01369863,0.170212765,35,84,73,4,2,0,1,9,8,7,1,0,0,5,0,26,0.309523809,0.059523809,,,-0.6564279794692993,0.3600125524667825,,,,,0.0,,,,,,,
,0.07,-23.744998912839964,8.380884170532227,0.5869653732515872,,,,,44.271150238992405,0.2426095901245481,,,,,0.53461616,0.287425149,0.247191011,0.200598802,0.086826347,0.221830985,122,369,334,30,31,4,19,96,67,48,13,2,8,21,0,47,0.127371273,0.056910569,,,-0.6729602217674255,1.4756270393694235,,,,,2.0,,,,,,,
,-0.14,-1.587220458998477,-2.7969821840524673,-0.3810874656774103,,,,,72.44992733401001,0.2896537068817351,,,,,0.614583333,0.28125,0.333333333,0.25,0.03125,0.307692307,11,37,32,5,2,0,1,9,8,7,1,0,2,4,0,6,0.162162162,0.108108108,,,-0.0720560029149055,0.0461018538457341,,,,,-3.0,,,,,,,
,-0.39,-3.7869276218759462,-1.6140829175710678,-0.3497617640532553,,,,,58.97886972251139,0.2686505274496216,,,,,0.578541374,0.274193548,0.304347826,0.241935483,0.032258065,0.267857142,42,69,62,5,6,0,2,17,15,13,2,0,0,6,0,7,0.101449275,0.086956521,,,0.1900759041309356,0.272171752215621,,,,,-1.0,,,,,,,
,-0.67,-2.469844919538407,-2.3133287727832794,-0.4609489790163934,,,,,63.876580183927935,0.2659217676390772,,,,,0.566252587,0.261904761,0.304347826,0.238095238,0.023809523,0.277777777,90,47,42,24,2,0,1,11,10,9,1,0,26,4,0,6,0.127659574,0.085106382,,,0.3797280490398407,0.3635220161174062,,,,,-2.0,,,,,,,
,-0.48,-8.933529643776485,0.1822139769792556,-0.9157447987236084,,,,,59.179757064632874,0.2671580596204184,,,,,0.605361304,0.32051282,0.284848484,0.25,0.07051282,0.278571428,64,166,156,8,10,0,10,50,39,29,9,1,1,8,2,17,0.102409638,0.048192771,,,-1.3222099542617798,0.0516536974937651,,,,,0.0,,,,,,,
,0.1,-28.88726276422616,9.083676099777222,-0.8721698047593236,,,,,52.64658128263984,0.2684507638155073,,,,,0.596310193,0.307692307,0.288617886,0.239560439,0.068131868,0.262899262,137,500,455,54,49,2,21,140,109,88,13,6,2,29,3,50,0.1,0.058,,,-2.1886019706726074,0.6552369623407226,,,,,6.0,,,,,,,
,-0.39,-3.0797836430347316,-4.5243483781814575,0.0694803963415324,,,,,79.04273387410109,0.2949249310493469,,,,,0.678422549,0.394957983,0.283464566,0.235294117,0.159663866,0.269662921,49,127,119,7,15,4,11,47,28,17,7,0,0,8,2,26,0.204724409,0.062992125,,,0.2705799639225006,0.3589381762583679,,,,,-3.0,,,,,,,
,-0.54,-4.4332699086290175,-2.5628724694252014,0.0845848303288221,,,,,67.07619326415075,0.2711293545636263,,,,,0.591879963,0.300970873,0.29090909,0.242718446,0.058252427,0.275862068,80,113,103,5,11,1,4,31,25,21,3,0,0,7,0,15,0.132743362,0.061946902,,,-1.7830181121826172,-0.5569678306421681,,,,,-3.0,,,,,,,
,-0.28,-9.864464977764948,4.71212911605835,0.2211462105624377,,,,,-43.19585672425773,0.112439566063431,,,,,0.230114686,0.098039215,0.132075471,0.098039215,0.0,0.138888888,26,58,51,4,2,0,0,5,5,5,0,0,1,1,0,15,0.258620689,0.017241379,,,-0.8990678191184998,-0.2001719089920184,,,,,0.0,,,,,,,
,-0.49,-9.99963841347826,4.793372631072998,0.0211462075822055,,,,,-39.86399862631632,0.1185583245754242,,,,,0.244166666,0.104166666,0.14,0.104166666,0.0,0.192307692,25,59,48,1,1,0,0,5,5,5,0,0,0,2,0,22,0.372881355,0.033898305,,,-0.9461100101470948,-0.0456247201464969,,,,,0.0,,,,,,,
,-0.28,-4.757460389878278,-1.4700506329536438,0.2441964712925255,,,,,53.72141079595288,0.2571877884593876,,,,,0.58783873,0.329411764,0.258426966,0.223529411,0.105882353,0.268656716,55,89,85,9,6,1,5,28,19,14,2,2,3,4,1,17,0.191011235,0.04494382,,,-0.8485959768295288,-0.2764673417357305,,,,,-2.0,,,,,,,
,-0.32,-12.28222342133888,-1.0887041091918943,-0.0108009683899581,,,,,64.72420159443915,0.2789802645053063,,,,,0.628094626,0.345864661,0.282229965,0.240601503,0.105263158,0.254310344,91,294,266,33,26,5,15,92,64,49,7,3,1,16,1,33,0.112244897,0.054421768,,,-1.2948321104049685,-0.5197401871179279,,,,,-5.0,,,,,,,
,-0.29,-4.1953398656861145,-1.745884656906128,0.042292415164411,,,,,52.87634680770496,0.2563470031174136,,,,,0.564480633,0.296875,0.267605633,0.203125,0.09375,0.232142857,31,76,64,9,3,0,5,19,13,8,4,1,0,6,0,9,0.118421052,0.078947368,,,-0.5999720692634583,-0.2076942293178871,,,,,0.0,,,,,,,
,-0.38,-10.629657720696388,2.663463592529297,0.0966683775186538,,,,,33.34367544379768,0.2273364787671103,,,,,0.497825831,0.244094488,0.253731343,0.228346456,0.015748032,0.292929292,63,136,127,7,10,0,2,31,29,27,2,0,0,5,0,30,0.220588235,0.036764705,,,-0.9586200714111328,-0.0441445747277375,,,,,0.0,,,,,,,
,-0.52,-5.035887179364641,0.2642888724803924,0.0211462075822055,,,,,0.8477087314983032,0.1805238941820656,,,,,0.395121951,0.2,0.195121951,0.175,0.025,0.21875,17,42,40,0,3,0,1,8,7,6,1,0,0,1,0,8,0.19047619,0.023809523,,,-0.4496518671512604,-0.0384123953540839,,,,,0.0,,,,,,,
,-0.48,-17.386033191436212,9.992963790893556,0.0573968491517007,,,,,-16.78390699249803,0.1645231316755483,,,,,0.363666418,0.183486238,0.18018018,0.174311926,0.009174312,0.2,44,123,109,2,7,0,1,20,19,18,1,0,0,0,0,15,0.121951219,0.0,,,-1.8050121068954468,0.2135217578426989,,,,,0.0,,,,,,,
,-0.32,-1.976548314899776,-7.857796311378479,0.1348230722360313,,,,,90.80060955659916,0.3140985308795846,,,,,0.701247771,0.369696969,0.331550802,0.26060606,0.109090909,0.315384615,69,189,165,28,14,2,14,61,43,29,12,0,2,19,1,36,0.19047619,0.1005291,,,-0.5341241359710693,-0.2380330004767938,,,,,-9.0,,,,,,,
,-0.33,-2.9416882881292903,-1.0580703914165497,0.0030208867974579,,,,,-91.43808106320486,0.0544517911397493,,,,,0.076923076,0.0,0.076923076,0.0,0.0,0.0,11,13,12,1,0,0,0,0,0,0,0,0,0,1,0,3,0.23076923,0.076923076,,,-0.3460579812526703,-0.0559874606812663,,,,,-1.0,,,,,,,
,-0.36,-3.5336365200751234,-0.6481481194496155,0.0060417735949158,,,,,-57.4488405489709,0.094993045455531,,,,,0.210526314,0.105263157,0.105263157,0.105263157,0.0,0.142857142,9,19,19,0,0,0,0,2,2,2,0,0,0,0,0,5,0.263157894,0.0,,,-0.2785100042819977,0.0550816056930039,,,,,,,,,,,,
,-0.47,-12.557604565966928,6.4182448387146,0.0241670943796634,,,,,-31.150796342082288,0.1234768467980462,,,,,0.274399398,0.152777777,0.121621621,0.111111111,0.041666666,0.166666666,32,79,72,2,7,1,1,11,8,7,0,0,0,0,0,30,0.379746835,0.0,,,-1.2298121452331543,-0.0539116754977069,,,,,0.0,,,,,,,
,-0.39,-8.08303784746472,3.1685006618499756,0.0090626603923738,,,,,-70.8649112556287,0.0706700533628463,,,,,0.142156862,0.058823529,0.083333333,0.058823529,0.0,0.09090909,22,39,34,1,2,0,0,2,2,2,0,0,0,0,0,13,0.333333333,0.0,,,-0.8121179342269897,-0.0197228579292537,,,,,0.0,,,,,,,
,-0.52,-4.041218429253828,-0.3040692508220672,0.0060417735949158,,,,,-58.7077212138215,0.0766812960306803,,,,,0.145238095,0.05,0.095238095,0.05,0.0,0.058823529,7,21,20,0,1,0,0,1,1,1,0,0,0,1,0,3,0.142857142,0.047619047,,,-0.5436540842056274,-0.0377344563063902,,,,,0.0,,,,,,,
,-0.63,-5.570270132611589,-3.391975164413452,-0.3135111224837601,,,,,71.70252463476496,0.2775451010697848,,,,,0.637286324,0.368055555,0.269230769,0.222222222,0.145833333,0.228070175,51,157,144,8,19,6,9,53,32,23,3,0,0,10,2,26,0.165605095,0.063694267,,,-1.2344120740890503,-0.3394500115015963,,,,,-1.0,,,,,,,
,-0.4,-4.921547763055563,0.2892091870307922,-0.4011168396100402,,,,,-46.938554905801375,0.1123342605737539,,,,,0.235384615,0.12,0.115384615,0.08,0.04,0.095238095,14,26,25,2,1,0,1,3,2,1,1,0,0,0,0,4,0.153846153,0.0,,,-0.3796359598636627,-0.1173446904953207,,,,,0.0,,,,,,,
,-0.39,-8.094817028483881,0.6918175220489502,0.0634386227466166,,,,,35.561887912579685,0.2356674991688638,,,,,0.515283018,0.27,0.245283018,0.2,0.07,0.218390804,31,107,100,7,10,1,5,27,20,15,4,0,0,6,0,12,0.112149532,0.056074766,,,-0.94852215051651,-0.3485249228798671,,,,,-1.0,,,,,,,
,-0.35,-7.737569517799745,-0.0658438205718994,-1.553112282883376,,,,,55.705596391348394,0.2625606542048247,,,,,0.588342296,0.321100917,0.267241379,0.220183486,0.100917431,0.223404255,42,118,109,10,15,3,5,35,24,19,2,0,0,7,1,12,0.101694915,0.059322033,,,-0.5326763987541199,0.1137295541983157,,,,,-2.0,,,,,,,
,-0.16,-5.572463989977768,-0.7219960689544678,0.0362506415694952,,,,,34.16450236750039,0.2282704011253688,,,,,0.511295821,0.279411764,0.231884057,0.220588235,0.058823529,0.25,37,72,68,3,5,0,4,19,15,11,4,0,0,1,0,8,0.111111111,0.013888888,,,-0.3250141739845276,0.0236174314228065,,,,,-2.0,,,,,,,
,-0.47,-13.448825668950484,-3.7677175998687744,-0.9004746195860207,,,,,74.67306003548816,0.3039298748428171,,,,,0.666722627,0.343490304,0.323232323,0.260387811,0.083102493,0.271341463,112,408,361,41,34,5,17,124,94,77,9,3,4,33,0,29,0.071078431,0.080882352,,,-0.7240042090415955,0.3473055388575666,,,,,-6.0,,,,,,,
,-0.58,-2.7706405212598213,-3.116369247436523,0.0392715283669531,,,,,56.022732421860354,0.2610201118169007,,,,,0.591503267,0.31372549,0.277777777,0.274509803,0.039215687,0.311111111,22,54,51,7,6,0,2,16,14,12,2,0,0,1,0,8,0.148148148,0.018518518,,,0.0317241176962852,0.3794150672268881,,,,,-2.0,,,,,,,
,-0.65,-16.997273507689595,5.6008241176605225,0.135939905885607,,,,,38.92224455212584,0.2494353413581848,,,,,0.556562611,0.296650717,0.259911894,0.200956937,0.09569378,0.239263803,74,231,209,22,15,3,12,62,42,30,7,2,0,17,2,44,0.19047619,0.073593073,,,-1.9136801958084104,-0.1616737026347041,,,,,3.0,,,,,,,
,-0.39,-3.529932231049545,-1.8919753283262253,0.0241670943796634,,,,,22.981646703688067,0.2144508792294396,,,,,0.45777027,0.1875,0.27027027,0.15625,0.03125,0.185185185,15,39,32,2,5,0,1,6,5,4,1,0,0,5,1,5,0.128205128,0.128205128,,,-0.3784221708774566,-0.0855082509300817,,,,,-2.0,,,,,,,
,-0.38,-5.931943531571424,-0.9016920551657676,0.0332297547720372,,,,,39.35510205897947,0.2352893986763098,,,,,0.571237904,0.324324324,0.24691358,0.202702702,0.121621622,0.222222222,65,81,74,3,9,1,6,24,15,9,4,1,0,5,3,12,0.148148148,0.061728395,,,-0.7762461304664612,0.0352241683358476,,,,,-1.0,,,,,,,
,-0.43,-4.949880890383069,-2.484567880630493,0.045313301961869,,,,,56.024537212020874,0.2540125589621694,,,,,0.579670329,0.329670329,0.25,0.208791208,0.120879121,0.253521126,35,96,91,5,8,1,8,30,19,11,6,1,0,5,1,19,0.197916666,0.052083333,,,-0.2934080064296722,0.352644143569524,,,,,,,,,,,,
,-0.52,-4.839666031932408,-2.453589826822281,-0.3558035376481712,,,,,57.42138268149328,0.2560871968215162,,,,,0.561688311,0.311688311,0.25,0.155844155,0.155844156,0.157894736,58,89,77,9,10,3,5,24,12,7,1,1,0,10,0,18,0.202247191,0.11235955,,,-0.7482240200042725,-0.6514096345237819,,,,,-2.0,,,,,,,
,-0.41,-5.6469001646257695,-0.3443073034286499,0.0271879811771214,,,,,10.143611672777748,0.1941503601915696,,,,,0.415686274,0.2,0.215686274,0.155555555,0.044444445,0.175,33,52,45,5,3,0,2,9,7,5,2,0,0,4,0,7,0.134615384,0.076923076,,,-0.4401299953460693,-0.057380858349575,,,,,-1.0,,,,,,,
,-0.68,1.4168173343748336,-23.639227271080017,-0.819697895552963,,,,,103.42330668635404,0.3493934515933419,,,,,0.794522418,0.446938775,0.347583643,0.289795918,0.157142857,0.321867321,136,538,490,56,69,11,50,219,142,92,34,5,0,43,4,75,0.139405204,0.07992565,,,2.05515193939209,0.9846878161775504,,,,,-22.0,,,,,,,
,-0.35,-3.5330378491518952,-4.273890942335129,-0.1225737798959016,,,,,72.1933718822913,0.2892752213053184,,,,,0.632621156,0.315789473,0.316831683,0.27368421,0.042105263,0.333333333,35,101,95,2,11,0,4,30,26,22,4,0,1,6,0,17,0.168316831,0.05940594,,,-0.0782482400536537,0.2829830833832766,,,,,-4.0,,,,,,,
,-0.48,-7.284166226029279,-1.7083879709243774,-0.5267115063033998,,,,,57.06012474210015,0.2522509028203785,,,,,0.580412895,0.279661016,0.300751879,0.228813559,0.050847457,0.259615384,120,133,118,14,7,0,6,33,27,21,6,0,1,13,5,16,0.120300751,0.09774436,,,-0.4158099889755249,0.3009553912135653,,,,,0.0,,,,,,,
,-0.65,-10.750864060671866,1.8623684644699097,0.4694804023019969,,,,,32.06031864817623,0.2275577302332277,,,,,0.508588235,0.288,0.220588235,0.16,0.128,0.170454545,81,136,125,14,16,5,6,36,20,14,1,0,2,9,1,33,0.242647058,0.06617647,,,-0.905569851398468,0.17869859011904,,,,,3.0,,,,,,,
,-0.54,-13.15461122962525,6.093270778656006,0.0181253207847476,,,,,-44.634189718352815,0.0981334090232849,,,,,0.215942028,0.115942028,0.1,0.086956521,0.028985507,0.136363636,35,75,69,2,1,0,1,8,6,5,0,1,0,0,0,25,0.333333333,0.0,,,-1.3125040531158447,0.0114569104457815,,,,,0.0,,,,,,,
,-0.51,-5.980328760842443,-0.1390032917261123,0.2151044369675219,,,,,-30.90039660755071,0.1319192067572945,,,,,0.270396269,0.09090909,0.179487179,0.06060606,0.03030303,0.083333333,30,40,33,5,2,0,1,3,2,1,1,0,1,5,1,10,0.25,0.125,,,-0.5071460008621216,-0.2080874351895119,,,,,0.0,,,,,,,
,-0.36000000000000004,-11.185148742348648,1.204272747039795,-0.1135111195035278,,,,,38.84250237326864,0.2378457788680051,,,,,0.510488099,0.253731343,0.256756756,0.186567164,0.067164179,0.210526315,58,153,134,19,9,1,7,34,25,18,6,0,1,13,0,20,0.130718954,0.08496732,,,-0.6227398812770844,0.1777111650666959,,,,,-1.0,,,,,,,
,-0.45,-8.244404068449503,0.601737380027771,0.0483341887593269,,,,,20.593559091584694,0.2106222538720993,,,,,0.460758377,0.234567901,0.226190476,0.197530864,0.037037037,0.225352112,70,86,81,5,4,0,3,19,16,13,3,0,0,3,0,10,0.116279069,0.03488372,,,-0.8042880296707153,0.0633948246003029,,,,,-1.0,,,,,,,
,-0.45,-2.363960452093494,-6.35185170173645,-0.7236906224861741,,,,,87.28202186591739,0.3064906597137451,,,,,0.668469338,0.347368421,0.321100917,0.231578947,0.115789474,0.25,32,109,95,13,11,3,5,33,22,17,2,0,0,11,0,17,0.155963302,0.100917431,,,-0.2424140274524688,-0.0841738083165811,,,,,-5.0,,,,,,,
,-0.47,-2.348568611741116,-11.804640769958496,0.0073243523947894,,,,,92.51480370962342,0.3202557216279755,,,,,0.723648942,0.385245901,0.338403041,0.286885245,0.098360656,0.333333333,97,266,244,24,34,4,14,94,70,56,8,2,1,19,4,42,0.157894736,0.071428571,,,-0.9130761623382568,-0.7365052795056939,,,,,-7.0,,,,,,,
,-0.51,-5.35518914257638,-2.3302468061447144,0.0513550755567848,,,,,45.602395090059055,0.2564468757311503,,,,,0.572090436,0.295774647,0.276315789,0.225352112,0.070422535,0.238095238,36,78,71,5,5,1,3,21,16,13,2,0,0,4,1,7,0.089743589,0.051282051,,,-0.7090779840946198,0.0100124202706647,,,,,-1.0,,,,,,,
,-0.15,-17.34390465041968,2.201645851135254,0.5933367609977722,,,,,51.885774220628136,0.2452576168404773,,,,,0.535463698,0.26394052,0.271523178,0.185873605,0.078066915,0.203252032,97,307,269,24,16,0,15,71,50,35,9,6,2,32,3,24,0.078175895,0.104234527,,,-2.253514051437378,-0.6072552061696794,,,,,-3.0,,,,,,,
,-0.6,-2.6868369828840013,-3.382258951663971,-0.1890332894399762,,,,,17.72374436527971,0.2010192918777466,,,,,0.413913043,0.173913043,0.24,0.173913043,0.0,0.235294117,29,25,23,2,1,0,0,4,4,4,0,0,1,2,0,6,0.24,0.08,,,-0.3655419051647186,-0.2608574546323124,,,,,-3.0,,,,,,,
,-0.6,-2.964278317058191,-3.557956039905548,-0.1829915158450603,,,,,36.47080885550113,0.2316957984651838,,,,,0.507142857,0.25,0.257142857,0.21875,0.03125,0.225806451,25,37,32,5,3,0,1,8,7,6,1,0,1,2,0,2,0.054054054,0.054054054,,,-0.3266960084438324,0.0276747539490755,,,,,-3.0,,,,,,,
,-0.86,-6.937526384798546,-6.614311933517456,0.1480234530754387,,,,,75.45782740956558,0.2941211325993676,,,,,0.671338004,0.387387387,0.283950617,0.229729729,0.157657658,0.229946524,75,244,222,30,23,8,18,86,51,33,9,1,0,18,2,30,0.122950819,0.073770491,,,-0.8812161087989807,-0.0012184320792756,,,,,-4.0,,,,,,,
,-0.7,-5.09597117583577,-1.2652032673358915,0.0090626603923738,,,,,-50.14014041467011,0.0897407553025654,,,,,0.181216931,0.074074074,0.107142857,0.074074074,0.0,0.105263157,19,28,27,1,2,0,0,2,2,2,0,0,0,1,0,8,0.285714285,0.035714285,,,-0.9585319757461548,-0.2855069794669497,,,,,-1.0,,,,,,,
,-0.45,-4.853314514191393,-2.5514402985572815,0.0181253207847476,,,,,25.711804811866156,0.2101518185633533,,,,,0.49782135,0.294117647,0.203703703,0.176470588,0.117647059,0.195121951,26,54,51,2,9,1,4,15,9,5,3,0,0,2,1,10,0.185185185,0.037037037,,,-0.3636839985847473,0.0305244113551211,,,,,-2.0,,,,,,,
,0.01,-13.632057402968789,-3.064013838768006,0.0375332203693687,,,,,66.89200998332538,0.2729223047544856,,,,,0.609055169,0.315286624,0.293768545,0.248407643,0.066878981,0.249180327,91,340,314,40,21,2,15,99,78,63,11,2,1,18,3,9,0.026470588,0.052941176,,,-1.020354151725769,-0.6789588354231171,,,,,-5.0,,,,,,,
,-0.26,-12.657132872180863,-2.033380150794983,-0.6674106069840491,,,,,64.35607033065371,0.2669831042396091,,,,,0.603689482,0.325301204,0.278388278,0.216867469,0.108433735,0.239436619,81,277,249,25,24,3,21,81,54,33,18,0,2,21,4,35,0.12635379,0.075812274,,,-0.1092197000980377,1.0396489738697856,,,,,-4.0,,,,,,,
,-0.79,-8.559699707485787,0.6314584612846375,0.0392715283669531,,,,,-1.1590355864542532,0.1644020580193575,,,,,0.356744703,0.153846153,0.20289855,0.153846153,0.0,0.2,66,70,65,7,3,0,0,10,10,10,0,0,0,3,1,15,0.214285714,0.042857142,,,-0.9059818983078004,0.0723830468469832,,,,,1.0,,,,,,,
,-0.5,-4.0843990656081095,-4.405121445655823,0.2532591316848993,,,,,55.90122431479028,0.2561691837546266,,,,,0.550617283,0.266666666,0.283950617,0.226666666,0.04,0.278688524,36,81,75,6,6,0,3,20,17,14,3,0,3,5,0,14,0.172839506,0.061728395,,,0.2003200352191925,0.4300936235128706,,,,,-5.0,,,,,,,
,-0.4,-18.401310531827605,7.15317690372467,-0.930849232710898,,,,,12.63309659890438,0.1965764899926683,,,,,0.422874671,0.214285714,0.208588957,0.162337662,0.051948052,0.176923076,53,169,154,13,12,2,4,33,25,21,2,0,1,9,0,22,0.130177514,0.053254437,,,-0.6731001734733582,0.8339574175790689,,,,,6.0,,,,,,,
,-0.65,-4.427185264204077,-3.0877915620803833,0.0362506415694952,,,,,21.411800213223188,0.213850310508241,,,,,0.441365659,0.186046511,0.255319148,0.186046511,0.0,0.258064516,19,48,43,6,0,0,0,8,8,8,0,0,0,4,0,12,0.25,0.083333333,,,-0.3180200159549713,0.0616918961482811,,,,,-4.0,,,,,,,
,-0.69,-7.876661718336584,-12.820760726928713,-0.3246417050249874,,,,,86.39172251898623,0.3234324148685463,,,,,0.739168343,0.424882629,0.314285714,0.284037558,0.140845071,0.275689223,122,457,426,40,60,11,38,181,121,83,27,0,7,21,2,23,0.050328227,0.045951859,,,0.4642321169376373,0.9481051051511772,,,,,-7.0,,,,,,,
,-0.65,-7.212685086813286,-2.0833332538604736,-0.5478577138856053,,,,,44.2304928512783,0.2364956814833361,,,,,0.518985963,0.241758241,0.277227722,0.197802197,0.043956044,0.264705882,42,101,91,5,6,0,4,22,18,14,4,0,1,10,2,23,0.227722772,0.0990099,,,-0.0994099304080009,0.613612181453716,,,,,0.0,,,,,,,
,-0.67,-5.199267923078452,-1.6342023611068726,0.0090626603923738,,,,,-64.96105221455971,0.0927272200584411,,,,,0.16347826,0.04347826,0.12,0.04347826,0.0,0.066666666,8,26,23,0,2,0,0,1,1,1,0,0,0,2,0,8,0.307692307,0.076923076,,,-0.470848023891449,0.0432844957224381,,,,,-2.0,,,,,,,
,-0.7,-15.589239916324292,4.4334710207767785,0.08760571712628,,,,,21.75961806152335,0.2031525004129468,,,,,0.439512195,0.22,0.219512195,0.153333333,0.066666667,0.161538461,86,165,150,13,13,2,6,33,23,17,4,0,0,13,1,19,0.115151515,0.078787878,,,-1.6068960130214691,0.2460047999554631,,,,,4.0,,,,,,,
,-0.8,-7.466156129630163,-1.844533555209637,-0.1588244214653968,,,,,37.964067903586106,0.2369181352357069,,,,,0.529166666,0.3,0.229166666,0.188888888,0.111111112,0.2,64,97,90,8,10,2,6,27,17,11,4,0,1,5,0,14,0.144329896,0.051546391,,,-0.2743619978427887,0.2570697942960714,,,,,-1.0,,,,,,,
,-0.6,-8.319843888077749,-0.1220850348472595,-0.3769497452303767,,,,,5.204895867189408,0.1819369632806351,,,,,0.430171277,0.227272727,0.20289855,0.166666666,0.060606061,0.181818181,61,69,66,3,5,1,2,15,11,9,1,0,0,3,2,10,0.144927536,0.04347826,,,-0.8558040261268616,-0.1148887170843735,,,,,0.0,,,,,,,
,-0.71,-19.02853511202835,9.099284172058104,-0.364866198040545,,,,,-37.22562676829504,0.1185583245754242,,,,,0.244166666,0.104166666,0.14,0.104166666,0.0,0.144927536,40,112,96,1,3,0,0,10,10,10,0,0,0,4,0,27,0.241071428,0.035714285,,,-1.7231240272521973,-0.0294038491897328,,,,,0.0,,,,,,,
,-0.43,-6.350739454803032,-3.4277552366256714,0.4785430626943707,,,,,40.49785525051978,0.2414845265840229,,,,,0.501077995,0.216867469,0.284210526,0.192771084,0.024096385,0.231884057,39,97,83,11,2,0,1,18,16,15,0,1,2,11,0,15,0.154639175,0.113402061,,,-0.7595441192388535,-0.4699948162050534,,,,,-5.0,,,,,,,
,-0.64,-14.999511468226467,-3.401577949523926,-0.1715294430032372,,,,,63.781102418996475,0.2715863712440581,,,,,0.608106975,0.324921135,0.28318584,0.249211356,0.075709779,0.260273972,103,346,317,18,39,3,17,103,79,62,13,1,0,16,1,27,0.078034682,0.046242774,,,-2.7176623344421387,-0.795418226169625,,,,,-9.0,,,,,,,
,-0.74,-4.019267370792088,-3.5884773954749107,0.0060417735949158,,,,,-32.59143023994579,0.1256221740142158,,,,,0.303030302,0.136363636,0.166666666,0.09090909,0.045454546,0.133333333,17,25,22,4,0,0,1,3,2,1,1,0,0,2,1,7,0.28,0.08,,,-0.4699739813804626,-0.0529722850071238,,,,,-4.0,,,,,,,
,-0.87,-14.671544698947926,-8.949244976043701,-2.370028668548912,,,,,80.55637942176952,0.3010735953933701,,,,,0.670481887,0.353783231,0.316698656,0.27198364,0.081799591,0.317191283,141,521,489,69,46,2,30,173,133,103,22,6,35,30,2,74,0.142034548,0.057581573,,,-0.5226002335548401,0.6468522678131844,,,,,-4.0,,,,,,,
,-0.89,-8.983460793633668,-2.6291715502738953,0.0725012831389904,,,,,45.719385237266025,0.2507537266482477,,,,,0.553623188,0.3,0.253623188,0.207692307,0.092307693,0.247706422,41,141,130,10,9,0,11,39,27,16,10,1,0,5,0,21,0.14893617,0.035460992,,,-0.7633040547370911,0.2813971086061196,,,,,-3.0,,,,,,,
,-0.6699999999999999,-10.28652832218908,-6.122770547866821,0.2084411890245974,,,,,69.39675546510193,0.2740305338768249,,,,,0.606620209,0.3,0.306620209,0.216,0.084,0.231818181,101,289,250,21,34,3,14,75,54,40,10,1,0,34,5,30,0.103806228,0.117647058,,,-0.5069960057735443,0.1430171410796525,,,,,-2.0,,,,,,,
,-0.98,-6.441111335657123,-13.29446506500244,-0.1224080347456038,,,,,86.69216431348494,0.3104262977224035,,,,,0.683410302,0.356932153,0.326478149,0.2359882,0.120943953,0.264285714,118,391,339,50,42,6,27,121,80,53,19,2,4,46,1,56,0.143222506,0.117647058,,,-0.1380341947078704,0.2393046663657354,,,,,-9.0,,,,,,,
,-0.72,-9.151671356741588,-6.337905645370483,-0.4322767960838973,,,,,72.16938211628936,0.301753474267449,,,,,0.664926714,0.340707964,0.32421875,0.238938053,0.101769911,0.262886597,100,258,226,33,18,3,16,77,54,38,12,1,5,28,2,30,0.116279069,0.108527131,,,0.2944200336933136,0.7412553714669313,,,,,-4.0,,,,,,,
,-1.04,-7.565509843760784,-7.1186553835868835,0.1691696606576442,,,,,71.07567991511243,0.2787509196484251,,,,,0.622668899,0.311557788,0.311111111,0.236180904,0.075376884,0.257142857,76,226,199,21,17,2,10,62,47,37,7,1,0,22,4,25,0.110619469,0.097345132,,,-0.8123718127608299,0.2767301416343769,,,,,-1.0,,,,,,,
,-0.37,-15.81253604440159,-6.336076259613037,1.2758159241639078,,,,,67.6911178174847,0.2803619193111688,,,,,0.612752562,0.313432835,0.299319727,0.23880597,0.074626865,0.272455089,120,447,402,46,28,5,17,126,96,79,9,3,25,33,0,66,0.147651006,0.073825503,,,-0.2722116708755493,0.8784407501691854,,,,,1.0,,,,,,,
,-0.59,-10.041786965665626,-2.4080933332443237,-0.3217865633778274,,,,,46.65731928157247,0.259555327657022,,,,,0.581793579,0.312056737,0.269736842,0.241134751,0.070921986,0.251908396,66,154,141,22,13,1,8,44,34,26,7,0,4,7,0,13,0.084415584,0.045454545,,,-1.2207099199295044,-0.2645384996607125,,,,,-3.0,,,,,,,
,-0.59,-9.96885347751538,-2.84407639503479,0.2906266069039702,,,,,48.48452260325201,0.264011005560557,,,,,0.610582217,0.348387096,0.262195121,0.238709677,0.109677419,0.311926605,72,164,155,20,15,3,11,54,37,26,8,0,1,6,2,46,0.280487804,0.036585365,,,-0.9023499488830566,-0.0952052682242241,,,,,-1.0,,,,,,,
,-0.96,-12.603942472880432,0.1330587863922119,-0.1286155534908175,,,,,23.901798842359263,0.2151217976612831,,,,,0.449572649,0.205128205,0.244444444,0.136752136,0.068376069,0.180722891,51,135,117,10,7,1,6,24,16,10,5,0,1,17,1,34,0.251851851,0.125925925,,,-0.3634858727455139,0.444892865149039,,,,,-2.0,,,,,,,
,-0.96,-11.232482860757829,-3.010404586791992,1.2872761208564043,,,,,41.862834265078305,0.2332262750399314,,,,,0.510069659,0.253086419,0.25698324,0.179012345,0.074074074,0.224,90,182,162,19,9,1,8,41,29,21,5,2,12,17,2,36,0.197802197,0.093406593,,,-0.8060938119888306,0.2419381752770765,,,,,-1.0,,,,,,,
,-0.68,-13.623973890299723,2.4874279499053955,0.0332297547720372,,,,,-44.27831893352751,0.1162853248707659,,,,,0.226190475,0.083333333,0.142857142,0.083333333,0.0,0.095238095,61,80,72,10,2,0,0,6,6,6,0,0,0,5,0,9,0.1125,0.0625,,,-0.9053779244422911,0.1660319693331813,,,,,1.0,,,,,,,
,-0.98,-9.30434551743897,-7.836880445480347,0.3570861164480448,,,,,67.97931783816271,0.2784932052332257,,,,,0.624422187,0.351694915,0.272727272,0.224576271,0.127118644,0.265895953,79,255,236,24,30,7,16,83,53,37,9,0,1,13,1,57,0.223529411,0.050980392,,,-1.3188616037368774,-0.353739077684807,,,,,-4.0,,,,,,,
,-0.76,-12.259316880079774,-4.4259257316589355,0.9721905593760312,,,,,50.953981967256944,0.2516264004329228,,,,,0.526587086,0.237113402,0.289473684,0.175257731,0.061855671,0.222972972,66,228,194,17,13,1,8,46,34,26,5,2,4,32,1,47,0.20614035,0.140350877,,,-1.2025859355926514,-0.0954132803372942,,,,,0.0,,,,,,,
,-0.66,-8.420419775407927,-5.173868179321289,0.2604177389293909,,,,,41.77354398673817,0.2423611831280493,,,,,0.547840349,0.322033898,0.225806451,0.194915254,0.127118644,0.229885057,54,126,118,14,22,3,8,38,23,15,4,1,1,5,0,29,0.23015873,0.039682539,,,-0.8222879767417908,-0.4018376019938946,,,,,-3.0,,,,,,,
,-0.92,-7.516841117231177,-7.7119340896606445,0.6820215578190982,,,,,61.419150344134685,0.2676236680869398,,,,,0.599526627,0.319526627,0.28,0.254437869,0.065088758,0.287671232,83,175,169,16,13,1,9,54,43,34,8,0,13,5,1,22,0.125714285,0.028571428,,,-0.379213809967041,0.1582636127793932,,,,,-7.0,,,,,,,
,-1.01,-16.027524355363873,-1.4550753831863403,0.5284516904503107,,,,,40.45898932800148,0.2404087661121385,,,,,0.529513034,0.26635514,0.263157894,0.224299065,0.042056075,0.242268041,93,235,214,32,20,1,7,57,48,41,6,0,10,11,1,21,0.089361702,0.04680851,,,-1.294054388999939,0.5388190319015578,,,,,-2.0,,,,,,,
,-1.05,-20.69832963847112,3.4727911949157715,0.0996892643161118,,,,,22.150556596399134,0.2255103865139921,,,,,0.526918773,0.297560975,0.229357798,0.190243902,0.107317073,0.219354838,74,220,205,21,15,5,12,61,39,27,7,0,0,9,5,47,0.213636363,0.04090909,,,-2.1566321849823,-0.088681654213282,,,,,0.0,,,,,,,
,-0.39,-15.077731943120002,-5.725423812866211,-0.6311599654145539,,,,,61.48456398507784,0.2711437546407071,,,,,0.612884302,0.35409836,0.258785942,0.24262295,0.11147541,0.245421245,89,317,305,32,30,7,18,108,74,56,9,2,2,5,0,26,0.082018927,0.01577287,,,-1.654596209526062,-0.2981897829482218,,,,,0.0,,,,,,,
,-0.59,-19.421053408522024,0.3638544082641601,0.3408648488111794,,,,,36.495774279533315,0.2340296354948305,,,,,0.524339652,0.285123966,0.239215686,0.219008264,0.066115702,0.226666666,86,263,242,24,21,2,12,69,53,41,10,0,3,6,0,20,0.076045627,0.022813688,,,-1.2604403495788574,0.5567457785287304,,,,,-2.0,,,,,,,
,-0.42,-11.333303908617138,-21.057613849639893,0.1313464562408626,,,,,84.62024063751204,0.30540594439537,,,,,0.672428229,0.3375,0.334928229,0.275,0.0625,0.290384615,139,630,560,87,57,3,26,189,154,128,20,3,4,54,1,48,0.076190476,0.085714285,,,-1.877003192901611,-0.5986642826220832,,,,,-29.0,,,,,,,
,-1.1,-6.7807045142910605,-7.090534925460815,0.0483341887593269,,,,,30.463831529342343,0.2160490126144595,,,,,0.470693584,0.229729729,0.240963855,0.162162162,0.067567567,0.183333333,59,83,74,6,4,1,3,17,12,9,2,0,0,8,1,14,0.168674698,0.096385542,,,-0.1957338750362396,0.5169688843291577,,,,,-6.0,,,,,,,
,-0.52,-19.40015715874257,0.312300443649292,-0.4836318716406822,,,,,33.10822203835902,0.2320232391357422,,,,,0.510079891,0.26431718,0.245762711,0.21585903,0.04845815,0.260638297,60,239,227,21,17,0,10,60,49,39,9,1,5,7,0,39,0.163179916,0.029288702,,,-0.7174521088600159,0.8508640550383078,,,,,1.0,,,,,,,
,-1.2,-16.513438734199347,0.4572494029998779,0.0653426758944988,,,,,10.181615055799591,0.1912119774982847,,,,,0.424465509,0.201492537,0.222972972,0.149253731,0.052238806,0.185185185,68,152,134,13,8,0,6,27,20,14,5,1,2,13,3,27,0.177631578,0.085526315,,,-1.6046881675720217,-0.0570398055791567,,,,,-2.0,,,,,,,
,-1.26,-30.65610062067348,4.574759244918823,-1.005088823847473,,,,,45.129902649561,0.2443723486664614,,,,,0.557556561,0.32,0.237556561,0.22117647,0.09882353,0.221130221,117,445,425,32,30,4,30,136,94,64,22,4,2,11,1,20,0.04494382,0.024719101,,,-3.124451756477356,-0.1111022792698892,,,,,-2.0,,,,,,,
,-1.56,-18.46018592496121,-9.239141464233398,-2.7170255281962454,,,,,71.99941188007702,0.2998544654581281,,,,,0.669069786,0.348894348,0.320175438,0.243243243,0.105651105,0.282608695,128,463,407,47,43,8,25,142,99,74,15,2,3,45,6,79,0.170626349,0.097192224,,,-1.5702403783798218,0.5317137245140444,,,,,-12.0,,,,,,,
,-1.57,-13.425666704782383,-7.458849906921387,-0.2923649149015546,,,,,48.850255895540975,0.243604208584185,,,,,0.539141414,0.303030303,0.236111111,0.176767676,0.126262627,0.19205298,86,217,198,13,21,6,13,60,35,22,7,0,0,16,0,43,0.198156682,0.073732718,,,-0.4679478108882904,0.1789178285738282,,,,,-4.0,,,,,,,
,-1.5,-13.395718206029922,-7.983195781707764,-0.2923649149015546,,,,,52.47131433299721,0.255745436426854,,,,,0.581398993,0.330316742,0.251082251,0.21719457,0.113122172,0.263157894,93,233,221,16,13,3,18,73,48,30,14,1,0,8,2,47,0.201716738,0.034334763,,,-1.7123119831085205,-0.2692236452940355,,,,,-2.0,,,,,,,
,-1.12,-21.461981744456818,-6.376430034637451,-2.8215117412619293,,,,,62.66865109438893,0.2708908346631258,,,,,0.604382089,0.319693094,0.284688995,0.248081841,0.071611253,0.275362318,129,422,391,41,36,2,21,125,97,76,16,3,17,21,1,49,0.116113744,0.049763033,,,-1.440873622894287,0.1675812310677882,,,,,-1.0,,,,,,,
,-1.2,-33.048588178902044,6.721535682678223,-0.1956965373829007,,,,,25.56211164758382,0.22001448071746,,,,,0.484638017,0.254285714,0.230352303,0.197142857,0.057142857,0.218241042,125,373,350,31,28,2,15,89,69,54,12,1,0,16,0,44,0.117962466,0.042895442,,,-1.8028956651687624,0.7297318913795603,,,,,0.0,,,,,,,
,-1.43,-15.725067439964189,-9.630316853523254,-1.0971618755720556,,,,,49.948802824776735,0.2570353877494938,,,,,0.570281195,0.30472103,0.265560165,0.240343347,0.064377683,0.282722513,79,247,233,26,15,2,11,71,56,45,9,0,10,8,0,40,0.161943319,0.032388663,,,-1.621840000152588,-0.3487345702575517,,,,,-8.0,,,,,,,
,-1.63,-39.12799522684958,6.812070846557617,-1.196026166435331,,,,,28.1213678159783,0.2128170263712052,,,,,0.475349155,0.257756563,0.217592592,0.200477326,0.057279237,0.224657534,148,446,419,35,22,2,17,108,84,67,12,3,1,9,0,55,0.123318385,0.020179372,,,-4.391064643859863,-1.2167134036889893,,,,,-1.0,,,,,,,
,-2.41,-16.018421163236663,-23.54824411869049,-0.9140046145766972,,,,,77.44635199886251,0.2928391306203753,,,,,0.670805226,0.384328358,0.286476868,0.261194029,0.123134329,0.2860262,144,566,536,58,49,9,41,206,140,99,25,7,12,21,4,74,0.130742049,0.037102473,,,-1.3596022129058838,0.0436066414274285,,,,,-22.0,,,,,,,
,-2.59,-28.24341140726038,-7.191586971282959,-0.899357785936445,,,,,51.155215740381706,0.2680819106467983,,,,,0.593023374,0.310747663,0.282275711,0.240654205,0.070093458,0.266304347,124,461,428,42,39,5,19,133,103,84,13,1,2,23,1,58,0.125813449,0.04989154,,,-2.509158134460449,-0.2598782465473812,,,,,-6.0,,,,,,,
,-1.86,-25.94811784166623,-4.726797103881836,0.1529483930207789,,,,,24.713015322798,0.2195544198785029,,,,,0.488254342,0.266423357,0.221830985,0.197080291,0.069343066,0.23076923,95,293,274,18,22,3,10,73,54,44,4,3,2,7,0,51,0.174061433,0.023890784,,,-3.084213972091675,-0.4903361148014511,,,,,-7.0,,,,,,,
,-2.53,-12.270821802998109,-19.235480785369873,-0.3605627324432134,,,,,66.97666097806297,0.2921983473104973,,,,,0.632962275,0.303030303,0.329931972,0.253787878,0.049242425,0.285714285,93,297,264,27,24,1,11,80,67,56,10,0,1,27,2,32,0.107744107,0.09090909,,,-0.8011557459831238,0.7819054674559578,,,,,-24.0,,,,,,,
,-1.95,-30.863212364357423,-11.598984956741331,-0.2559485281817615,,,,,54.006106761076666,0.2512067805759008,,,,,0.556518443,0.285996055,0.270522388,0.228796844,0.057199211,0.273159144,150,548,507,35,43,1,21,145,116,95,14,6,3,27,3,85,0.155109489,0.049270072,,,-2.066197633743286,0.8648151770837793,,,,,-15.0,,,,,,,
,-2.11,-32.8340444198552,-2.571560502052307,-0.834180855192244,,,,,20.866546891004216,0.2036463413501809,,,,,0.455045051,0.232484076,0.222560975,0.197452229,0.035031847,0.215277777,126,333,314,14,19,0,9,73,62,53,7,2,1,11,2,29,0.087087087,0.033033033,,,-2.4981340765953064,0.4791634347991338,,,,,-7.0,,,,,,,
,-4.05,-31.14527978674552,-21.897573947906498,1.8727950463071463,,,,,44.62337552459043,0.2581255060013894,,,,,0.565990964,0.287640449,0.278350515,0.215730337,0.071910112,0.241286863,140,491,445,64,28,6,18,128,96,78,10,2,28,38,3,67,0.136456211,0.077393075,,,-4.5936760902404785,-0.8253819146029029,,,,,-26.0,,,,,,,
