Name,PlayerId,MLBAMID,Pos,Team,fWAR,fWAR,bWAR,Off,Def,BsR,Barrel%,HardHit%,EV,maxEV,wRC+,wOBA,xwOBA,wOBA-xwOBA,xBA,xSLG,OPS,SLG,OBP,AVG,ISO,BABIP,G,PA,AB,R,RBI,HR,XBH,TB,H,1B,2B,3B,SB,BB,IBB,SO,K%,BB%,Chase%,Whiff%,WPA,Clutch,FRV,OAA,DRS,FRM,TZ,Swing%,Z-Swing%,O-Contact%,Z-Contact%,Zone%,BatSpd,Squared-Up%,Inn
Willie Mays,1008315,118495,CF,SFG,8.483689688499025,,8.96,38.66555178635786,18.759259283542633,0.9064515212085098,,,,,151.37912885692523,0.3973142875651293,,,,,0.923993814,0.55615942,0.367834394,0.288043478,0.268115942,0.278538812,152,629,552,99,103,37,70,307,159,89,29,4,5,70,11,81,0.128775834,0.111287758,,,,,,,,,19.0,,,,,,,,1286.0
Ron Santo,1011447,121697,3B,CHC,8.474354089161476,,8.88,43.754688946378955,10.959313869476318,-0.6669367074500769,,,,,156.577130833194,0.4119295978618064,,,,,0.950264718,0.53832442,0.411940298,0.311942959,0.226381461,0.314533622,155,672,561,93,94,30,59,302,175,116,21,8,4,95,7,78,0.116071428,0.141369047,,,,,,,,,7.0,,,,,,,,1387.2
Frank Robinson,1011066,121311,RF,BAL,8.177058498904639,,7.65,71.19486711210466,-16.501368522644043,0.0831035919254645,,,,,195.03294445387135,0.4465781192786668,,,,,1.047446894,0.637152777,0.410294117,0.315972222,0.321180555,0.299549549,155,680,576,122,122,49,85,367,182,97,34,2,8,87,11,90,0.132352941,0.127941176,,,,,,,,,-8.0,,,,,,,,1374.1
Dick Allen,1000137,110157,3B,PHI,7.4471952674892465,,7.54,54.47848420210588,-8.096480078995228,0.0490889149950817,,,,,177.77185030297608,0.437053850282988,,,,,1.027338821,0.631679389,0.395659432,0.316793893,0.314885496,0.357954545,141,599,524,112,110,40,75,331,166,91,25,10,10,68,13,136,0.227045075,0.113522537,,,,,,,,,-8.0,,,,,,,,1180.1
Roberto Clemente,1002340,112391,RF,PIT,7.147961281035773,,8.23,34.67381344995146,8.51648235321045,-0.1520532458089292,,,,,143.19849207629346,0.3848165064697434,,,,,0.8959921,0.536050156,0.359941944,0.31661442,0.219435736,0.342574257,154,690,638,105,119,29,71,342,202,131,31,11,7,46,13,109,0.157971014,0.066666666,,,,,,,,,17.0,,,,,,,,1382.1
Hank Aaron,1000001,110001,RF,ATL,6.897477879287998,,7.88,36.79948477274846,3.70162582397461,3.38645098102279,,,,,141.56647692599736,0.3834287474626595,,,,,0.895076458,0.538971807,0.356104651,0.278606965,0.260364842,0.263269639,158,688,603,117,127,44,68,325,168,100,23,1,21,76,15,96,0.139534883,0.110465116,,,,,,,,,12.0,,,,,,,,1357.4
Joe Torre,1013133,123406,C,ATL,6.872878101168449,,6.38,39.92772795003805,1.2935523986816406,-1.175399735220708,,,,,157.2957282264834,0.4078159874046085,,,,,0.942792501,0.56043956,0.382352941,0.315018315,0.245421245,0.30022075,148,614,546,83,101,36,59,306,172,113,20,3,0,60,8,61,0.099348534,0.097719869,,,,,,,,,-3.0,,,,,,,,1258.4
Tommie Agee,1000080,110084,CF,CHW,6.373320118512917,,6.4,23.109651379640415,17.72839507460594,2.4217646251199767,,,,,127.2859172360364,0.3395940269317571,,,,,0.772764249,0.446740858,0.326023391,0.27344992,0.173290938,0.309917355,160,689,629,98,86,22,57,281,172,115,27,8,44,41,3,127,0.184325108,0.059506531,,,,,,,,,18.0,,,,,,,,1435.1
Jim Ray Hart,1005448,115554,3B,SFG,6.11369450689781,,6.55,24.252093461853043,10.516239166259766,-1.1761079371208325,,,,,134.2195482190347,0.370709409664391,,,,,0.852651915,0.510380622,0.342271293,0.285467128,0.224913494,0.278481012,156,636,578,88,93,33,60,295,165,105,23,4,2,48,6,75,0.117924528,0.075471698,,,,,,,,,8.0,,,,,,,,1334.4
Felipe Alou,1000177,110186,1B,ATL,6.06581043421143,,6.25,36.267420226568895,-4.847280979156494,-1.2665027604671195,,,,,145.50247315878042,0.3895312683459339,,,,,0.893828487,0.533033033,0.360795454,0.327327327,0.205705706,0.319112627,154,706,666,122,74,31,69,355,218,149,32,6,5,24,6,51,0.07223796,0.033994334,,,,,,,,,2.0,,,,,,,,1362.4
Harmon Killebrew,1006905,117051,3B,MIN,6.0139873906212555,,5.9,43.15060759073852,-7.736168086528778,-0.4091401542536914,,,,,158.47070584662455,0.3995938434043676,,,,,0.929218379,0.537785588,0.391432791,0.281195079,0.256590509,0.278160919,162,677,569,89,110,39,67,306,160,93,27,1,0,103,18,98,0.144756277,0.152141802,,,,,,,,,-7.0,,,,,,,,1402.3
Willie McCovey,1008423,118605,1B,SFG,5.946576510942857,,5.88,45.12483310960695,-11.376748085021973,0.3101522317156195,,,,,165.23170449932144,0.4187918569389924,,,,,0.976813832,0.58565737,0.391156462,0.294820717,0.290836653,0.302702702,150,588,502,85,96,36,68,294,148,80,26,6,2,76,10,100,0.170068027,0.1292517,,,,,,,,,-3.0,,,,,,,,1221.1
Tony Oliva,1009772,119980,RF,MIN,5.809199233999002,,6.36,28.371340857080327,7.409444808959961,0.3057418675161898,,,,,137.67274761403516,0.3692235213473327,,,,,0.854200309,0.501607717,0.352592592,0.307073954,0.194533763,0.312617702,159,677,622,99,87,25,64,312,191,127,32,7,13,42,10,72,0.10635155,0.062038404,,,,,,,,,15.0,,,,,,,,1398.2
Al Kaline,1006678,116822,CF,DET,5.687602911921958,,5.64,38.76877596113983,-2.798351764678955,-0.5631554101128131,,,,,162.4871753058728,0.4014864227873214,,,,,0.926740984,0.534446764,0.39229422,0.288100208,0.246346556,0.279487179,142,572,479,85,88,29,59,256,138,79,29,1,5,81,7,66,0.115384615,0.141608391,,,,,,,,,0.0,,,,,,,,1129.3000000000002
Dick McAuliffe,1008331,118514,SS,DET,5.642796917882419,,5.99,27.40996618210625,10.312297344207764,-1.3423675091471523,,,,,151.6373840073604,0.385642961025238,,,,,0.881812285,0.509302325,0.37250996,0.274418604,0.234883721,0.287878787,124,506,430,83,56,23,47,219,118,71,16,8,5,66,2,80,0.158102766,0.130434782,,,,,,,,,4.0,,,,,,,,992.1
Tom Tresh,1013179,123461,LF,NYY,5.241174084780017,,5.38,15.180035404409557,16.95495843887329,-0.1716990008717402,,,,,121.9007841595223,0.3380850901127617,,,,,0.762051578,0.42085661,0.341194968,0.232774674,0.188081936,0.228971962,151,637,537,76,68,27,43,226,125,82,12,4,5,86,5,89,0.139717425,0.135007849,,,,,,,,,19.0,,,,,,,,1272.3000000000002
Carl Yastrzemski,1014326,124650,LF,BOS,5.085836674360208,,5.5,15.426866057329727,14.569938659667969,-1.4013062171870845,,,,,122.4889762517354,0.3520230639336714,,,,,0.798623488,0.43097643,0.367647058,0.277777777,0.153198653,0.287090558,160,680,594,81,80,16,57,256,165,108,39,2,8,84,10,60,0.088235294,0.123529411,,,,,,,,,23.0,,,,,,,,1374.2
Jim Lefebvre,1007473,117624,2B,LAD,5.05554483006385,,5.27,19.067973305711263,6.539086103439331,0.0953493509441614,,,,,126.62032225287184,0.3461988514119928,,,,,0.792892156,0.459558823,0.333333333,0.273897058,0.185661765,0.275938189,152,610,544,69,74,24,50,250,149,99,23,3,1,48,6,72,0.118032786,0.078688524,,,,,,,,,3.0,,,,,,,,1289.3
Jim Fregosi,1004330,114414,SS,CAL,5.014654302793536,,5.54,8.84599042011227,18.679903030395508,0.745741585502401,,,,,110.57622715363136,0.3189374544324666,,,,,0.716234915,0.391162029,0.325072886,0.252045826,0.139116203,0.273786407,162,696,611,78,67,13,52,239,154,102,32,7,17,67,1,89,0.127873563,0.096264367,,,,,,,,,9.0,,,,,,,,1433.1
Gene Alley,1000160,110166,SS,PIT,4.91784457705902,,5.28,5.71989988558075,18.55740737915039,-1.0727620385587215,,,,,109.16993984552428,0.3320573221782908,,,,,0.751838224,0.417962003,0.333876221,0.298791018,0.119170985,0.337398373,147,634,579,88,43,7,45,242,173,128,28,10,8,27,0,83,0.130914826,0.04258675,,,,,,,,,10.0,,,,,,,,1247.2
Rico Carty,1002025,112071,LF,ATL,4.81222385227206,,4.51,24.094815766827395,0.3520808219909668,-1.091699591721408,,,,,136.66118546538632,0.3758233937462102,,,,,0.859486596,0.468330134,0.391156462,0.326295585,0.142034549,0.35307517,151,588,521,73,76,15,42,244,170,128,25,2,4,60,7,74,0.12585034,0.102040816,,,,,,,,,6.0,,,,,,,,1188.3
Willie Stargell,1012426,122685,LF,PIT,4.810687550990587,,4.83,37.631358190936616,-13.113168239593506,-0.4764613062143326,,,,,159.40971919370523,0.4099510203708302,,,,,0.961958003,0.581443298,0.380514705,0.315463917,0.265979381,0.344827586,140,549,485,84,102,33,63,282,153,90,30,0,2,48,16,109,0.198542805,0.087431693,,,,,,,,,-6.0,,,,,,,,1140.0
Brooks Robinson,1011055,121301,3B,BAL,4.5603717984472665,,4.57,15.275999363936675,7.926830768585205,-0.4228008742211386,,,,,120.7962005396506,0.3381735443715172,,,,,0.776395102,0.443548387,0.332846715,0.269354838,0.174193549,0.254867256,157,686,620,91,100,23,60,275,167,107,35,2,2,56,11,36,0.052478134,0.081632653,,,,,,,,,4.0,,,,,,,,1431.1
Bill White,1013855,124191,1B,PHI,4.325284114929255,,5.28,17.56881802311001,0.5509605407714844,1.2823954079067337,,,,,121.1522236666672,0.3492685899533645,,,,,0.802827105,0.450606585,0.35222052,0.275563258,0.175043327,0.303769401,159,659,577,85,103,22,51,260,159,108,23,6,16,68,12,109,0.165402124,0.103186646,,,,,,,,,10.0,,,,,,,,1377.2
Boog Powell,1010482,120719,1B,BAL,4.3135232307334785,,4.06,34.411098643542005,-10.917214393615724,-1.2105565699748695,,,,,157.2937563862688,0.3914692820088557,,,,,0.903454348,0.531568228,0.37188612,0.287169042,0.244399186,0.319402985,140,565,491,78,109,34,52,261,141,89,18,0,0,67,9,125,0.221238938,0.11858407,,,,,,,,,-3.0,,,,,,,,1154.1
Joe Foy,1004286,114368,3B,BOS,4.1154762191892456,,4.17,12.715484269491338,7.128483772277832,-1.1039439078886062,,,,,119.08560048857429,0.3470532675309482,,,,,0.777829069,0.4133574,0.364471669,0.261732851,0.151624549,0.279569892,151,658,554,97,63,15,46,229,145,99,23,8,2,91,2,80,0.121580547,0.138297872,,,,,,,,,3.0,,,,,,,,1348.1
Norm Cash,1002043,112090,1B,DET,4.036993547264382,,3.74,27.748486227990934,-9.46961498260498,0.3638126637088135,,,,,136.65046113090727,0.3637582322787107,,,,,0.828644388,0.47761194,0.351032448,0.278606965,0.199004975,0.280412371,160,679,603,98,93,32,53,288,168,115,18,3,2,66,4,91,0.134020618,0.097201767,,,,,,,,,0.0,,,,,,,,1380.2
Don Buford,1001636,111674,3B,CHW,3.861296767412324,,4.49,3.8163392339693134,13.38112449645996,2.3614095132797956,,,,,101.89421051067067,0.3025156607670066,,,,,0.67231298,0.349258649,0.323054331,0.243822075,0.105436574,0.264150943,163,698,607,85,52,8,41,212,148,107,26,7,51,69,3,71,0.101719197,0.098853868,,,,,,,,,10.0,,,,,,,,1425.4
Donn Clendenon,1002345,112398,1B,PIT,3.842876714731888,,3.82,29.20356954155386,-16.13806438446045,-0.7053603057283908,,,,,140.69733520675493,0.3809386160638597,,,,,0.878420359,0.520140105,0.358280254,0.299474605,0.2206655,0.353960396,155,629,571,80,98,28,60,297,171,111,22,10,8,52,7,142,0.225755166,0.082670906,,,,,,,,,-7.0,,,,,,,,1332.1
Luis Aparicio,1000278,110290,SS,BAL,3.795982349872579,,4.18,-2.998200030444776,19.36899757385254,1.2416860511293637,,,,,94.55025196587792,0.2998477672945713,,,,,0.67649698,0.365705614,0.310791366,0.276176024,0.08952959,0.287112561,151,707,659,97,41,6,39,241,182,143,25,8,25,33,2,42,0.05940594,0.046676096,,,,,,,,,10.0,,,,,,,,1366.0
Pete Rose,1011217,121454,2B,CIN,3.721389652625088,,4.06,12.79180113007672,-3.167344570159912,-2.2050069485558197,,,,,118.336504030331,0.3564549407233363,,,,,0.810893998,0.460244648,0.35064935,0.313455657,0.146788991,0.326989619,156,700,654,97,70,16,59,301,205,146,38,5,4,37,3,61,0.087142857,0.052857142,,,,,,,,,-7.0,,,,,,,,1396.3
Ed Charles,1002158,112211,3B,KCA,3.681189260317959,,4.06,10.585743635121537,12.376770734786987,0.7350748259341344,,,,,121.31366211428288,0.3426920084849648,,,,,0.780694305,0.444155844,0.336538461,0.285714285,0.158441559,0.311728395,118,420,385,52,42,9,35,171,110,75,18,8,12,30,2,53,0.126190476,0.071428571,,,,,,,,,10.0,,,,,,,,889.1
John Roseboro,1011199,121456,C,LAD,3.591082170983071,,3.69,6.206158237131536,9.76405954360962,0.0853893504245206,,,,,110.47735650679114,0.3211701725827487,,,,,0.740494743,0.397752808,0.342741935,0.276404494,0.121348314,0.293059125,142,500,445,47,53,9,34,177,123,89,23,2,3,44,13,51,0.102,0.088,,,,,,,,,2.0,,,,,,,,1132.0
Billy Williams,1013975,124290,RF,CHC,3.5641288389644696,,4.47,14.277465473750604,-5.956768989562988,0.4179070516256615,,,,,116.31663983555369,0.3495081745287202,,,,,0.808049739,0.461419753,0.346629986,0.276234567,0.185185186,0.265957446,162,727,648,100,91,29,57,299,179,122,23,5,6,69,16,61,0.083906464,0.094910591,,,,,,,,,3.0,,,,,,,,1450.3
Fred Valentine,1013328,123612,RF,WAS,3.4660366611545976,,3.51,22.04873621410525,-6.423868179321289,0.9628287819214164,,,,,133.15172310652804,0.3562024005031419,,,,,0.80612301,0.454724409,0.351398601,0.275590551,0.179133858,0.287037037,146,578,508,77,59,16,52,231,140,88,29,7,22,51,1,63,0.108996539,0.088235294,,,,,,,,,-2.0,,,,,,,,1157.5
Mickey Mantle,1008082,118258,CF,NYY,3.401054403131446,,3.55,28.41271440958871,-9.160493820905684,0.0361378397792577,,,,,165.6159012855824,0.4019203075428599,,,,,0.926850514,0.537537537,0.389312977,0.288288288,0.249249249,0.308016877,108,393,333,40,56,23,36,179,96,60,12,1,1,57,5,76,0.193384223,0.145038167,,,,,,,,,-9.0,,,,,,,,703.1
Tom Haller,1005244,115359,C,SFG,3.3978218189223925,,3.34,8.08590882816659,4.453154563903809,-0.7042167050531134,,,,,114.03608638108727,0.3394161893261803,,,,,0.783423556,0.460721868,0.322701688,0.239915074,0.220806794,0.230563002,142,536,471,74,67,27,48,217,113,65,19,2,1,53,11,74,0.138059701,0.098880597,,,,,,,,,-3.0,,,,,,,,1156.2
Tim McCarver,1008378,118563,C,STL,3.3825726284116886,,3.36,1.4987332545184522,9.65109634399414,-0.1805168435676023,,,,,102.45263832883433,0.3206388094565934,,,,,0.742685371,0.423572744,0.319112627,0.274401473,0.149171271,0.275100401,150,586,543,50,68,12,44,230,149,105,19,13,9,36,10,38,0.064846416,0.061433447,,,,,,,,,1.0,,,,,,,,1261.1
Adolfo Phillips,1010280,120512,CF,- - -,3.378512101578765,,3.58,11.052444738939188,4.0,1.046254679444246,,,,,118.01787868005609,0.3520331297963541,,,,,0.794678911,0.44868735,0.345991561,0.260143198,0.188544152,0.347014925,118,476,419,69,36,16,46,188,109,63,29,1,32,43,3,135,0.283613445,0.090336134,,,,,,,,,4.0,,,,,,,,948.2
Lou Brock,1001458,111495,LF,STL,3.2948061164008204,,3.36,13.85419587777243,-6.436190605163574,8.416213635355234,,,,,106.86473593355367,0.3274794963321515,,,,,0.749296944,0.429237947,0.320058997,0.284603421,0.144634526,0.339393939,156,678,643,94,46,15,51,276,183,132,24,12,74,31,6,134,0.197640117,0.045722713,,,,,,,,,2.0,,,,,,,,1366.1999999999998
Mike Shannon,1011797,122057,RF,STL,3.2815224446505105,,3.13,14.026437267147427,-0.4725441932678222,0.3505858996650204,,,,,123.36320345047176,0.353059358864903,,,,,0.801231067,0.461873638,0.339357429,0.287581699,0.174291939,0.34218289,137,501,459,61,64,16,42,212,132,90,20,6,8,37,0,106,0.211576846,0.073852295,,,,,,,,,6.0,,,,,,,,1090.2
Joe Morgan,1009179,119371,2B,HOU,3.255404079458993,,3.6,18.87066025043877,-8.151358366012573,-0.4302037559682503,,,,,131.2866146288013,0.3622538605632708,,,,,0.800992859,0.390588235,0.410404624,0.284705882,0.105882353,0.306068601,122,528,425,60,42,5,27,166,121,94,14,8,11,89,3,43,0.081439393,0.168560606,,,,,,,,,-11.0,,,,,,,,1038.1
George Scott,1011682,121932,1B,BOS,3.239452991907836,,3.42,6.15476984116375,6.50251579284668,1.086805769125931,,,,,106.76282368016236,0.3290588713444031,,,,,0.756618203,0.432612312,0.324005891,0.244592346,0.188019966,0.281030444,162,681,601,73,90,27,52,260,147,95,18,7,4,65,13,152,0.223201174,0.09544787,,,,,,,,,16.0,,,,,,,,1434.2
Mack Jones,1006574,116708,CF,ATL,3.188113419103186,,3.06,11.38526442636881,1.951989009976387,-0.2982331068487838,,,,,121.2760380285577,0.351969665751375,,,,,0.803095984,0.467625899,0.335470085,0.263788968,0.203836931,0.277955271,118,470,417,60,66,23,38,195,110,72,14,1,16,39,4,85,0.180851063,0.082978723,,,,,,,,,2.0,,,,,,,,943.2
Clete Boyer,1001282,111319,3B,NYY,3.185635574133258,,4.05,0.1911291401595714,14.546864986419678,1.429444623645395,,,,,97.98331181713692,0.3031594820456071,,,,,0.687249097,0.384,0.303249097,0.24,0.144,0.238738738,144,558,500,59,57,14,40,192,120,80,22,4,6,46,4,48,0.086021505,0.082437275,,,,,,,,,9.0,,,,,,,,1253.1
Bob Bailey,1000420,110451,3B,PIT,3.1146521457781464,,2.84,12.334173866706417,1.365110993385315,0.1013343860395252,,,,,124.17993478719316,0.3553293992261417,,,,,0.806997191,0.447368421,0.35962877,0.278947368,0.168421053,0.305921052,126,433,380,51,46,13,35,170,106,71,19,3,5,47,4,65,0.150115473,0.108545034,,,,,,,,,0.0,,,,,,,,949.1
Orlando Cepeda,1002103,112157,1B,- - -,3.093575004464614,,2.75,17.173426217716344,-7.963167667388916,-1.271619883715175,,,,,128.04058660860267,0.3603772160139951,,,,,0.834263856,0.473053892,0.361209964,0.301397205,0.171656687,0.318734793,142,563,501,70,73,20,46,237,151,105,26,0,9,38,12,79,0.140319715,0.067495559,,,,,,,,,0.0,,,,,,,,1166.1
Curt Blefary,1001068,111096,LF,BAL,3.089254012696124,,3.11,23.134666701536855,-9.140145301818848,-1.0198083656141534,,,,,143.20913184634466,0.3709021389005653,,,,,0.839037914,0.467780429,0.371257485,0.255369928,0.212410501,0.244897959,131,508,419,73,64,23,40,196,107,67,14,3,1,73,3,56,0.11023622,0.143700787,,,,,,,,,-3.0,,,,,,,,979.3000000000001
Bobby Knoop,1007049,117202,2B,CAL,3.087652400786245,,2.99,-7.787854516275773,19.903072595596313,-1.4205165734747425,,,,,91.09802863513012,0.2904943180686866,,,,,0.668811971,0.386440677,0.282371294,0.232203389,0.154237288,0.275229357,161,650,590,54,72,17,46,228,137,91,18,11,1,43,8,144,0.221538461,0.066153846,,,,,,,,,16.0,,,,,,,,1422.2
Eddie Mathews,1008236,118416,3B,ATL,3.0678756652745687,,2.66,6.794205169441337,3.806584119796753,0.0675939550856128,,,,,111.13580272229426,0.3362478525030846,,,,,0.761439253,0.420353982,0.341085271,0.25,0.170353982,0.273239436,134,517,452,72,53,16,41,190,113,72,21,4,1,63,6,82,0.15860735,0.121856866,,,,,,,,,1.0,,,,,,,,1023.0
Wes Parker,1010009,120232,1B,LAD,3.01065162915072,,3.21,9.8687216608782,-0.7347726821899414,0.5660969823366031,,,,,114.11699107104778,0.3268132028658745,,,,,0.736712432,0.385263157,0.351449275,0.252631578,0.132631579,0.281984334,156,564,475,67,51,12,34,183,120,86,17,5,7,69,9,83,0.14716312,0.122340425,,,,,,,,,7.0,,,,,,,,1184.1
Rico Petrocelli,1010245,120475,SS,BOS,2.9713587961580137,,2.78,-7.7658365501146385,20.605828762054443,0.0638932356378063,,,,,87.56080160158317,0.3010190230020335,,,,,0.677878604,0.383141762,0.294736842,0.237547892,0.14559387,0.259168704,139,572,522,58,59,18,39,200,124,85,20,1,1,41,2,99,0.173076923,0.071678321,,,,,,,,,13.0,,,,,,,,1138.1
Jimmy Wynn,1014313,124634,CF,HOU,2.8883655026009873,,3.38,6.041093656389634,5.0,-0.9167367130285128,,,,,112.75183546918474,0.3335168216539466,,,,,0.761312076,0.440191387,0.321120689,0.255980861,0.184210526,0.275541795,105,467,418,62,62,18,40,184,107,67,21,1,13,41,4,81,0.173447537,0.087794432,,,,,,,,,5.0,,,,,,,,925.0
Russ Snyder,1012256,122513,CF,BAL,2.8434546423484623,,2.77,12.651612157232364,2.045265436172486,0.2546414399985224,,,,,126.75932342819652,0.3468812242584321,,,,,0.780907372,0.412868632,0.36803874,0.305630026,0.107238606,0.331343283,117,421,373,66,41,3,29,154,114,85,21,5,2,38,1,37,0.087885985,0.090261282,,,,,,,,,3.0,,,,,,,,805.4000000000001
Bill Mazeroski,1008316,118497,2B,PIT,2.84014878190707,,2.94,-8.35851865336031,12.98444390296936,-0.052406623843126,,,,,89.22866350252966,0.3011395956040898,,,,,0.694098154,0.397745571,0.296352583,0.262479871,0.1352657,0.268248175,162,660,621,56,82,16,45,247,163,118,22,7,4,31,9,62,0.093939393,0.046969696,,,,,,,,,9.0,,,,,,,,1452.1
Jim Northrup,1009641,119850,RF,DET,2.8341964305189227,,2.86,9.78456680839778,4.4691362380981445,-1.616381901083514,,,,,122.47406929840648,0.3430570855245485,,,,,0.787833881,0.465393794,0.322440087,0.264916467,0.200477327,0.268361581,123,461,419,53,58,16,46,195,111,65,24,6,4,33,4,52,0.112798264,0.071583514,,,,,,,,,10.0,,,,,,,,957.0
Manny Mota,1009259,119453,CF,PIT,2.8116255353321984,,2.78,14.427019950833948,-0.9060333967208862,-0.9997286546276882,,,,,136.77864275275212,0.3748629236288663,,,,,0.85514828,0.472049689,0.383098591,0.332298136,0.139751553,0.348122866,116,359,322,54,46,5,28,152,107,79,16,7,7,25,1,28,0.077994428,0.069637883,,,,,,,,,1.0,,,,,,,,676.3
Matty Alou,1000179,110188,CF,PIT,2.765996169205953,,3.32,12.976453985370586,-8.012345678173006,-0.6371726847719401,,,,,120.15866384635846,0.3490946651353531,,,,,0.793352266,0.420560747,0.372791519,0.342056074,0.078504673,0.367886178,141,578,535,86,27,2,29,225,183,154,18,9,23,24,4,44,0.076124567,0.041522491,,,,,,,,,-8.0,,,,,,,,1111.2
John Bateman,1000653,110670,C,HOU,2.7492020553806986,,2.32,7.635318197091481,1.016460418701172,0.1720834543230012,,,,,113.64887930427624,0.334907633131677,,,,,0.781167874,0.466512702,0.314655172,0.279445727,0.187066975,0.298850574,131,468,433,39,70,17,44,202,121,77,24,3,0,20,9,74,0.158119658,0.042735042,,,,,,,,,-6.0,,,,,,,,1023.0
Clay Dalrymple,1002950,113014,C,PHI,2.718588249438273,,2.91,-0.3402287238696186,12.037948608398438,0.2109410085249692,,,,,98.8323310288679,0.3146629646226957,,,,,0.702925542,0.33836858,0.364556962,0.24471299,0.09365559,0.284132841,114,404,331,30,39,4,20,112,81,61,13,3,0,60,10,57,0.141089108,0.148514851,,,,,,,,,6.0,,,,,,,,880.1
Rusty Staub,1012440,122699,RF,HOU,2.711928849679908,,3.57,7.225905768756727,-3.0967092514038086,0.3194040303351357,,,,,109.41270019973923,0.3283396971068884,,,,,0.756157821,0.411552346,0.344605475,0.279783393,0.131768953,0.290983606,153,628,554,60,81,13,44,228,155,111,28,3,2,58,13,61,0.097133757,0.092356687,,,,,,,,,5.0,,,,,,,,1312.2
Cesar Tovar,1013142,123421,2B,MIN,2.7037727229234503,,3.28,-5.650889723396638,17.37951421737671,1.2361364148091525,,,,,88.12420300291609,0.2968700123889827,,,,,0.66048387,0.33548387,0.325,0.260215053,0.075268817,0.283333333,134,527,465,57,41,2,26,156,121,95,19,5,16,44,1,50,0.09487666,0.083491461,,,,,,,,,14.0,,,,,,,,1089.1
Don Mincher,1008973,119166,1B,MIN,2.7027438839770244,,2.43,6.718215740796854,5.697736740112305,0.0705864726332947,,,,,112.15491851455772,0.3319609843578535,,,,,0.757714381,0.41763341,0.340080971,0.250580046,0.167053364,0.267045454,139,497,431,53,62,14,44,180,108,64,30,0,3,58,9,68,0.136820925,0.116700201,,,,,,,,,13.0,,,,,,,,1064.2
Joe Pepitone,1010167,120391,1B,NYY,2.695367555236243,,2.68,9.411663433995216,-1.0589842796325684,-0.0949648974929004,,,,,113.91158341604913,0.3264188199508481,,,,,0.753102935,0.463247863,0.289855072,0.254700854,0.208547009,0.235528942,152,621,585,85,83,31,56,271,149,93,21,4,4,29,6,58,0.093397745,0.046698872,,,,,,,,,6.0,,,,,,,,1300.0
Jose Cardenal,1001937,111981,CF,CAL,2.6550622502359604,,2.21,7.0841458253803165,0.8024691492319107,1.0028284939471632,,,,,109.11940893927748,0.3168101283818184,,,,,0.719353321,0.399286987,0.320066334,0.276292335,0.122994652,0.289583333,154,606,561,67,48,16,34,224,155,121,15,3,24,34,5,69,0.113861386,0.05610561,,,,,,,,,1.0,,,,,,,,1211.2
John Romano,1011165,121419,C,CHW,2.6074348483926,,2.53,9.337136237544994,3.4252395629882812,0.1868863321142271,,,,,121.05123158429652,0.3304897961678443,,,,,0.748643074,0.404255319,0.344387755,0.231003039,0.17325228,0.247967479,122,395,329,33,47,15,27,133,76,49,12,0,0,58,7,72,0.182278481,0.146835443,,,,,,,,,-2.0,,,,,,,,791.0
Johnny Callison,1001851,111895,RF,PHI,2.5978829511444532,,3.22,7.494282374723605,-6.312777519226074,-1.061659880215302,,,,,110.81670338708123,0.3332439993248611,,,,,0.75607843,0.418300653,0.337777777,0.27614379,0.142156863,0.302681992,155,677,612,93,55,11,58,256,169,111,40,7,8,56,4,83,0.122599704,0.082717872,,,,,,,,,2.0,,,,,,,,1346.2
Vada Pinson,1010360,120590,CF,CIN,2.5291995629758826,,2.68,3.510997383516941,-3.084364175796509,0.1720805686200037,,,,,104.2716457195721,0.3346482400850551,,,,,0.768031559,0.441747572,0.326283987,0.288025889,0.153721683,0.308571428,156,669,618,70,76,16,57,273,178,121,35,6,18,33,6,83,0.124065769,0.049327354,,,,,,,,,-2.0,,,,,,,,1361.3
Willie Horton,1006038,116164,LF,DET,2.516373282749299,,2.32,17.34129352458449,-10.360060691833496,0.0620428759139031,,,,,127.16681436809736,0.349909689876583,,,,,0.802169148,0.480988593,0.321180555,0.262357414,0.218631179,0.278195488,146,578,526,72,100,27,55,253,138,83,22,6,1,44,4,103,0.178200692,0.076124567,,,,,,,,,-3.0,,,,,,,,1192.1
Rocky Colavito,1002404,112455,RF,CLE,2.5078882734119228,,1.97,15.032030107514183,-8.882715225219727,0.3231047497829422,,,,,121.7697891201346,0.3409350265244968,,,,,0.767024584,0.431519699,0.335504885,0.238273921,0.193245778,0.228773584,151,614,533,68,72,30,43,230,127,84,13,0,2,76,4,81,0.131921824,0.123778501,,,,,,,,,-1.0,,,,,,,,1277.0
Joe Adcock,1000067,110071,1B,CAL,2.4955657582551183,,2.16,18.104697610762248,-2.593964099884033,-0.2367343943333253,,,,,162.89686734133872,0.3953389297581087,,,,,0.930474556,0.575757575,0.354716981,0.272727272,0.303030303,0.267857142,83,265,231,33,48,18,31,133,63,32,10,3,2,31,6,48,0.181132075,0.116981132,,,,,,,,,1.0,,,,,,,,524.0
Willie Davis,1003088,113146,CF,LAD,2.4727582073037477,,2.69,3.347648766137336,-3.0,0.7591280594933778,,,,,103.392768339936,0.3101859529136504,,,,,0.707917852,0.405448717,0.302469135,0.283653846,0.121794871,0.301818181,153,653,624,74,61,11,48,253,177,129,31,6,21,15,2,68,0.104134762,0.022970903,,,,,,,,,-3.0,,,,,,,,1333.0
Don Lock,1007686,117848,CF,WAS,2.454505505791999,,2.8,4.100077699479248,6.8086419850587845,-1.6156736991833895,,,,,111.62003556655318,0.3247606465719404,,,,,0.729706389,0.396373056,0.333333333,0.233160621,0.163212435,0.300813008,138,447,386,52,48,16,30,153,90,60,13,1,2,57,5,126,0.281879194,0.127516778,,,,,,,,,7.0,,,,,,,,976.0
Paul Schaal,1011502,121753,3B,CAL,2.454437278901038,,2.08,9.738486218308154,-0.2062277793884277,-0.0272097896086052,,,,,119.25058470323371,0.3316042282317569,,,,,0.727540939,0.365284974,0.362255965,0.243523316,0.121761658,0.26993865,138,461,386,59,24,6,28,141,94,66,15,7,6,68,0,56,0.121475054,0.147505422,,,,,,,,,-3.0,,,,,,,,1018.1
Bert Campaneris,1001868,111916,SS,KCA,2.4486957383269132,,3.61,2.1607624472218836,3.2670087814331055,6.944325274089351,,,,,92.82667500683604,0.301093743731644,,,,,0.681187889,0.378708551,0.302479338,0.267015706,0.111692845,0.297188755,142,606,573,82,42,5,44,217,153,109,29,10,52,25,1,72,0.118811881,0.041254125,,,,,,,,,-5.0,,,,,,,,1205.1
Leo Cardenas,1001938,111982,SS,CIN,2.3719092260646635,,1.93,-7.280623888449343,7.780520439147949,0.5450348234735429,,,,,89.26623559519666,0.3113832715153694,,,,,0.728075572,0.419014084,0.309061488,0.25528169,0.163732394,0.268817204,160,624,568,59,81,20,49,238,145,96,25,4,9,45,18,87,0.139423076,0.072115384,,,,,,,,,-2.0,,,,,,,,1426.0
Curt Flood,1004165,114248,CF,STL,2.3599376674180785,,2.71,-10.724811681419135,11.0,0.5001907913247123,,,,,85.59622409168789,0.2945039724761789,,,,,0.6627021,0.364217252,0.298484848,0.266773162,0.09744409,0.275438596,160,667,626,64,78,10,36,228,167,131,21,5,14,26,0,50,0.074962518,0.038980509,,,,,,,,,11.0,,,,,,,,1397.2
Maury Wills,1014053,124371,SS,LAD,2.3455903799302273,,2.31,-12.219679582375717,12.456789016723633,-0.9715436313999816,,,,,85.02781004217196,0.281712210840649,,,,,0.622366522,0.308080808,0.314285714,0.272727272,0.035353536,0.302063789,143,643,594,60,39,1,17,183,162,145,14,2,38,34,0,60,0.093312597,0.052877138,,,,,,,,,4.0,,,,,,,,1251.0
Denis Menke,1008766,118951,SS,ATL,2.335211082185126,,1.75,5.475453541603333,-3.496115207672119,-2.331265365704894,,,,,112.25992418646835,0.3379907339249017,,,,,0.76691286,0.411894273,0.355018587,0.251101321,0.160792952,0.275766016,138,545,454,55,60,15,39,187,114,75,20,4,0,71,8,87,0.159633027,0.130275229,,,,,,,,,-10.0,,,,,,,,1167.4
Frank Howard,1006080,116205,LF,WAS,2.3272007898639977,,2.57,16.363020532020727,-10.413579940795898,0.0953493509441614,,,,,126.92741664253111,0.3471133259998061,,,,,0.790095951,0.442190669,0.347905282,0.277890466,0.164300203,0.319034852,146,549,493,52,71,18,41,218,137,96,19,4,1,53,6,104,0.189435336,0.096539162,,,,,,,,,-4.0,,,,,,,,1039.0
Lou Johnson,1006484,116609,LF,LAD,2.296652493764118,,2.34,5.671754942044254,-3.526752471923828,-1.861225936212577,,,,,111.27162627773866,0.3224016391740502,,,,,0.730612079,0.414448669,0.31616341,0.271863117,0.142585552,0.288990825,152,572,526,71,73,17,39,218,143,104,20,2,8,21,4,75,0.131118881,0.036713286,,,,,,,,,4.0,,,,,,,,1234.4
Tony Conigliaro,1002502,112557,RF,BOS,2.2914335927633553,,2.51,15.603046457631097,-12.074073791503906,-0.4905559821054339,,,,,123.28816525268913,0.3531900836512786,,,,,0.81703719,0.487455197,0.329581993,0.265232974,0.222222223,0.282352941,150,628,558,77,93,28,61,272,148,87,26,7,0,52,8,112,0.178343949,0.082802547,,,,,,,,,-4.0,,,,,,,,1308.0
Rick Reichardt,1010791,121023,LF,CAL,2.2569722516610513,,2.15,19.186958432345257,-8.975308418273926,0.3080276260152459,,,,,147.5238746825292,0.3728904406897494,,,,,0.84629049,0.479623824,0.366666666,0.288401253,0.191222571,0.312757201,89,361,319,48,44,16,25,153,92,67,5,4,8,27,3,61,0.168975069,0.074792243,,,,,,,,,-5.0,,,,,,,,758.1
Ed Brinkman,1001438,111475,SS,WAS,2.256502067314619,,2.83,-24.67223684181996,30.476473808288578,-1.7104774438776076,,,,,66.61381513859158,0.2590400891171561,,,,,0.589447493,0.326460481,0.262987012,0.228522336,0.097938145,0.265263157,158,625,582,42,48,7,34,190,133,99,18,9,7,29,4,105,0.168,0.0464,,,,,,,,,21.0,,,,,,,,1381.2
Joe Azcue,1000391,110410,C,CLE,2.2431329254889216,,2.2,0.7063687234522336,11.30864143371582,-0.5941761266440153,,,,,103.581401762561,0.3143753433301125,,,,,0.723122445,0.403973509,0.319148936,0.274834437,0.129139072,0.268115942,98,330,302,22,37,9,20,122,83,63,10,1,0,20,5,22,0.066666666,0.06060606,,,,,,,,,6.0,,,,,,,,774.0
Paul Casanova,1002030,112076,C,WAS,2.2396566232554527,,2.28,-3.360777882914317,12.082784175872805,-0.3793732458725571,,,,,93.96584820920285,0.298981031587532,,,,,0.68362131,0.405594405,0.278026905,0.254079254,0.151515151,0.282352941,122,449,429,45,44,13,34,174,109,75,16,5,1,14,2,78,0.173719376,0.0311804,,,,,,,,,5.0,,,,,,,,1032.2
Jerry Adair,1000038,110042,SS,- - -,2.172592371387566,,2.05,-9.583008381729863,18.212615370750427,0.0465317962225526,,,,,80.97654624299422,0.2729973495006561,,,,,0.613975776,0.331753554,0.282222222,0.248815165,0.082938389,0.271505376,122,460,422,30,39,4,25,140,105,80,19,2,3,21,0,52,0.113043478,0.045652173,,,,,,,,,13.0,,,,,,,,1030.3
Dal Maxvill,1008285,118465,SS,STL,2.1725300622303605,,2.03,-15.042510738893652,21.473455905914307,0.8016892188461497,,,,,69.10974175404692,0.2689426922292079,,,,,0.606194533,0.294416243,0.31177829,0.243654822,0.050761421,0.288288288,134,439,394,25,24,0,17,116,96,79,14,3,3,37,9,61,0.138952164,0.08428246,,,,,,,,,14.0,,,,,,,,1099.1
Randy Hundley,1006189,116315,C,CHC,2.158764433989592,,2.15,-11.2956601762691,11.868311882019045,-0.7005159856053069,,,,,84.3381142209684,0.2999274308395048,,,,,0.68204842,0.397338403,0.284710017,0.235741444,0.161596959,0.263157894,149,579,526,50,63,19,44,209,124,80,22,3,1,35,3,113,0.195164075,0.06044905,,,,,,,,,3.0,,,,,,,,1293.0
Dick Groat,1005075,115176,SS,PHI,2.1442101667554128,,2.46,-16.695388355927328,15.52126121520996,0.3323565484024584,,,,,77.22843358566614,0.2811674459509112,,,,,0.631421908,0.320205479,0.311216429,0.260273972,0.059931507,0.273722627,155,640,584,58,53,2,27,187,152,125,21,4,2,40,6,38,0.059375,0.0625,,,,,,,,,7.0,,,,,,,,1330.0
Ken Boyer,1001283,111321,3B,NYM,2.101778308944371,,2.58,-1.653686171194547,2.9007678031921387,-0.1042166961124166,,,,,97.51653803764364,0.3129103700771476,,,,,0.719262542,0.41532258,0.303939962,0.266129032,0.149193548,0.277647058,136,534,496,62,61,14,44,206,132,88,28,2,4,30,5,64,0.119850187,0.056179775,,,,,,,,,0.0,,,,,,,,1099.1
Mickey Stanley,1012415,122672,CF,DET,2.0988036241756785,,2.15,4.036796527474662,9.0,0.1380687773926183,,,,,113.94860711466232,0.3306077369245659,,,,,0.761500293,0.425531914,0.335968379,0.289361702,0.136170212,0.305164319,92,254,235,28,19,3,22,100,68,46,15,4,2,17,4,20,0.078740157,0.066929133,,,,,,,,,9.0,,,,,,,,571.0
Ken Berry,1000908,110929,LF,CHW,2.0937629937983293,,2.58,0.4601958133246935,6.769543647766113,-2.0963827739469707,,,,,104.78040318488088,0.3067302379891624,,,,,0.695021978,0.379232505,0.315789473,0.270880361,0.108352144,0.29946524,147,486,443,50,34,8,30,168,120,90,20,2,7,28,4,63,0.129629629,0.057613168,,,,,,,,,13.0,,,,,,,,1092.4
Leon Wagner,1013487,123786,LF,CLE,2.0160045550908205,,1.74,13.700654133304036,-11.97944402694702,0.5316483494825661,,,,,119.97872712461808,0.3383196193282887,,,,,0.774691273,0.440801457,0.333889816,0.278688524,0.162112933,0.282608695,150,599,549,70,66,23,43,242,153,110,20,0,5,46,9,69,0.115191986,0.076794657,,,,,,,,,-5.0,,,,,,,,1130.2
Ron Fairly,1003907,113984,RF,LAD,2.009821108935653,,1.83,20.60110841444473,-17.251938343048096,0.0742871920811012,,,,,142.95504086043158,0.3715248312985543,,,,,0.844289424,0.464387464,0.37990196,0.287749287,0.176638177,0.28807947,117,409,351,53,61,14,34,163,101,67,20,0,3,52,4,38,0.092909535,0.127139364,,,,,,,,,-12.0,,,,,,,,884.2
Don Pavletich,1010086,120314,C,CIN,1.916955342988575,,1.93,9.024221900343468,-0.5468659400939941,0.3073208669666201,,,,,129.14324414712172,0.373210128823759,,,,,0.862898936,0.519148936,0.34375,0.293617021,0.225531915,0.303191489,83,256,235,29,38,12,27,122,69,42,13,2,1,18,3,37,0.14453125,0.0703125,,,,,,,,,-3.0,,,,,,,,503.2
Dick Green,1004991,115093,2B,KCA,1.894348709259222,,1.81,-7.130481128983032,10.343401670455933,1.052791092195548,,,,,86.40493396811102,0.2917163644075836,,,,,0.659420052,0.362919132,0.29650092,0.250493096,0.112426036,0.295739348,140,547,507,58,62,9,36,184,127,91,24,3,6,27,4,101,0.18464351,0.049360146,,,,,,,,,7.0,,,,,,,,1218.2
Ron Hunt,1006212,116325,2B,NYM,1.8142503082442492,,2.5,-0.0230244050459029,-2.1161317825317383,-1.807565504219383,,,,,102.8128234208804,0.3211219359027913,,,,,0.711378849,0.354906054,0.356472795,0.288100208,0.066805846,0.304054054,132,543,479,63,33,3,24,170,138,114,19,2,8,41,2,34,0.062615101,0.075506445,,,,,,,,,-5.0,,,,,,,,1049.2
Earl Battey,1000670,110690,C,MIN,1.7866468363950945,,1.16,-4.666458220879925,10.195699214935305,0.6416889278916642,,,,,88.29187402260953,0.2971148548302827,,,,,0.664301716,0.326923076,0.33737864,0.255494505,0.071428571,0.268072289,115,412,364,30,34,4,17,119,93,76,12,1,4,43,7,30,0.072815533,0.104368932,,,,,,,,,4.0,,,,,,,,903.1
Jim Pagliaroni,1009958,120177,C,PIT,1.758872365332377,,1.86,-4.074558386846277,5.410609722137451,-1.6667755695525557,,,,,95.26255917199676,0.3104947809631943,,,,,0.70570905,0.377005347,0.328703703,0.235294117,0.14171123,0.260135135,123,435,374,37,49,11,31,141,88,57,20,0,0,50,9,71,0.16321839,0.114942528,,,,,,,,,-1.0,,,,,,,,934.2
Paul Blair,1001031,111058,CF,BAL,1.7556092111867465,,2.01,1.7682125943658529,5.993827160913497,-1.095239158370532,,,,,108.00660047779162,0.3194974672049284,,,,,0.725216584,0.415841584,0.309375,0.277227722,0.138613862,0.296577946,133,325,303,35,33,6,28,126,84,56,20,2,5,15,0,36,0.11076923,0.046153846,,,,,,,,,6.0,,,,,,,,787.2
Ken McMullen,1008650,118834,3B,WAS,1.7322103042489383,,1.63,-7.984107679689615,8.734786987304688,0.4675939610460773,,,,,86.78066300175244,0.2884888291150904,,,,,0.647977231,0.358778625,0.289198606,0.232824427,0.125954198,0.254672897,147,581,524,48,54,13,36,188,122,86,19,4,3,44,1,89,0.153184165,0.075731497,,,,,,,,,6.0,,,,,,,,1236.1
Zoilo Versalles,1013417,123713,SS,MIN,1.7237116880866938,,1.33,-11.995486343369477,12.070438385009766,-2.181226518121548,,,,,85.03581940397308,0.2923601848623272,,,,,0.653138673,0.346224677,0.306913996,0.248618784,0.097605893,0.281938325,137,596,543,73,36,7,33,188,135,102,20,6,10,40,2,85,0.142617449,0.067114093,,,,,,,,,4.0,,,,,,,,1176.2
Elston Howard,1006079,116204,C,NYY,1.6862596464866688,,1.58,-3.731875996405389,7.1211724281311035,0.1979884904576465,,,,,92.08150435499766,0.2945413383153769,,,,,0.67317073,0.35609756,0.31707317,0.25609756,0.1,0.289473684,126,451,410,38,35,6,27,146,105,78,19,2,0,37,9,65,0.144124168,0.082039911,,,,,,,,,2.0,,,,,,,,956.2
John Briggs,1001429,111465,CF,PHI,1.683443972860575,,1.61,14.34470218556782,-10.026748949661853,0.0095246017444878,,,,,141.3106827458667,0.3805230450467998,,,,,0.870667458,0.490196078,0.38047138,0.282352941,0.207843137,0.324607329,81,297,255,43,23,10,28,125,72,44,13,5,3,41,3,55,0.185185185,0.138047138,,,,,,,,,-10.0,,,,,,,,552.1
Tony Gonzalez,1004845,114925,LF,PHI,1.6250918274386452,,2.66,2.095024873707775,-1.0329196453094482,-1.626775857526809,,,,,107.6572976821425,0.3283455344501901,,,,,0.741189759,0.40625,0.334939759,0.286458333,0.119791667,0.325,132,416,384,53,40,6,30,156,110,80,20,4,2,26,1,60,0.144230769,0.0625,,,,,,,,,2.0,,,,,,,,859.2
Sonny Jackson,1006313,116440,SS,HOU,1.6157983210611502,,2.3,0.4780931176060798,-10.008231163024902,4.983889557537623,,,,,94.244109683534,0.3048217273425908,,,,,0.674483596,0.333892617,0.340590979,0.291946308,0.041946309,0.315498154,150,670,596,80,25,3,14,199,174,160,6,5,49,42,0,53,0.079104477,0.062686567,,,,,,,,,-19.0,,,,,,,,1311.0
Don Demeter,1003193,113255,CF,- - -,1.580827078903699,,1.35,2.123975890173498,3.4398718029260635,0.5147223088424653,,,,,104.28856260648584,0.3227111481417534,,,,,0.742485206,0.458461538,0.284023668,0.267692307,0.190769231,0.287401574,105,341,325,43,41,14,33,149,87,54,18,1,2,8,1,61,0.17888563,0.02346041,,,,,,,,,4.0,,,,,,,,678.4000000000001
Earl Wilson,1014073,124420,P,- - -,1.541166290866862,,1.8,2.890178188597975,7.972325801849365,0.0425582736497744,,,,,122.90051384611418,0.3467553079685318,,,,,0.79906542,0.5,0.29906542,0.239583333,0.260416667,0.29090909,45,113,96,20,22,7,9,48,23,14,0,2,0,8,0,36,0.31858407,0.07079646,,,,,,,,,0.0,,,,,,,,264.0
Don Wert,1013790,124098,3B,DET,1.522322333184998,,0.64,4.695770304684723,-9.361234903335571,0.4197574113495648,,,,,106.0526509198788,0.319077627579118,,,,,0.712617901,0.370304114,0.342313787,0.268336314,0.1019678,0.286597938,150,642,559,56,70,11,33,207,150,117,20,2,6,64,3,69,0.107476635,0.099688473,,,,,,,,,-13.0,,,,,,,,1326.1
Bill Freehan,1004315,114399,C,DET,1.5048567154240544,,1.19,-10.331007098875755,9.61776351928711,0.4705864785937592,,,,,81.95609292248699,0.2838905087926171,,,,,0.645853204,0.351626016,0.294227188,0.233739837,0.117886179,0.251219512,136,544,492,47,46,12,34,173,115,81,22,0,5,40,9,72,0.132352941,0.073529411,,,,,,,,,2.0,,,,,,,,1202.2
Tony Taylor,1012892,123122,2B,PHI,1.4809261927263764,,2.2,-10.35486567275201,8.636488199234009,0.3191297843586653,,,,,80.68558238171711,0.2865275432367693,,,,,0.639613535,0.345622119,0.293991416,0.241935483,0.103686636,0.268096514,125,473,434,47,40,5,27,150,105,78,14,8,8,31,0,56,0.118393234,0.065539112,,,,,,,,,6.0,,,,,,,,960.3000000000001
Max Alvis,1000201,110210,3B,CLE,1.4413341161435418,,1.01,-5.626637098722929,0.8911654949188232,-1.5201631954405457,,,,,94.30269569819204,0.3008260666032324,,,,,0.681197759,0.377516778,0.303680981,0.244966442,0.132550336,0.265979381,157,655,596,67,55,17,42,225,146,104,22,3,4,50,6,98,0.14961832,0.076335877,,,,,,,,,-3.0,,,,,,,,1418.1
Jimmie Hall,1005253,115344,LF,MIN,1.431487399944536,,1.04,3.3287275285512985,-0.537036657333374,-0.3904754042159766,,,,,108.64400018337336,0.3268341483847465,,,,,0.751228483,0.449438202,0.301790281,0.238764044,0.210674158,0.238970588,120,391,356,52,47,20,31,160,85,54,7,4,1,33,5,66,0.168797953,0.084398976,,,,,,,,,3.0,,,,,,,,788.0
Charley Smith,1012112,122364,3B,STL,1.4295613407329126,,1.47,-4.604474454931869,3.575673341751098,-0.5664207307854667,,,,,91.82952190547826,0.3041683186367514,,,,,0.697854843,0.396419437,0.301435406,0.265984654,0.130434783,0.308196721,116,423,391,34,43,10,27,155,104,77,13,4,0,22,4,81,0.191489361,0.052009456,,,,,,,,,1.0,,,,,,,,925.1
Buck Rodgers,1011098,121343,C,CAL,1.4273903343105727,,1.03,-13.16573274767899,13.565156936645508,-0.6993738277815282,,,,,76.92722751613472,0.2698013351817555,,,,,0.620266111,0.339207048,0.281059063,0.235682819,0.103524229,0.252525252,133,491,454,45,48,7,30,154,107,77,20,3,3,29,8,57,0.116089613,0.059063136,,,,,,,,,6.0,,,,,,,,1103.0
Chuck Hiller,1005812,115948,2B,NYM,1.40929011248686,,1.5,-1.6707039811426878,5.755829870700836,0.1461784181883558,,,,,94.34529610099752,0.3079935538507726,,,,,0.682510488,0.3503937,0.332116788,0.279527559,0.070866141,0.3,108,275,254,25,14,2,12,89,71,59,8,2,0,15,0,22,0.08,0.054545454,,,,,,,,,5.0,,,,,,,,464.0
Art Shamsky,1011786,122043,LF,CIN,1.3435996335314002,,1.18,7.361547993557361,-4.337444067001343,-0.6330336808459833,,,,,125.24888460530477,0.367172163077508,,,,,0.842263043,0.521367521,0.320895522,0.23076923,0.290598291,0.194117647,96,271,234,41,47,21,26,122,54,28,5,0,0,32,1,45,0.16605166,0.11808118,,,,,,,,,-1.0,,,,,,,,540.2
Andy Etchebarren,1003845,113920,C,BAL,1.3150893814197144,,1.34,-8.469808553555659,8.233675956726074,-0.2027197174029424,,,,,83.5967926164473,0.2838529237449971,,,,,0.656654088,0.364077669,0.292576419,0.220873786,0.143203883,0.268456375,121,458,412,49,50,11,31,150,91,60,14,6,0,38,12,106,0.231441048,0.082969432,,,,,,,,,1.0,,,,,,,,1054.2
Eddie Bressoud,1001397,111435,SS,NYM,1.3073025726515104,,2.05,-7.668484370091785,3.98307991027832,-0.1479171275859698,,,,,86.12770349532241,0.2952526802521931,,,,,0.664651376,0.360493827,0.304157549,0.224691358,0.135802469,0.27739726,133,464,405,48,49,10,30,146,91,61,15,5,2,47,4,107,0.230603448,0.101293103,,,,,,,,,-1.0,,,,,,,,987.4
Jim Gosger,1004892,114986,CF,- - -,1.2888902626100935,,1.19,-1.7920437061781058,1.6213994771242142,-0.2679177065147087,,,,,96.97589377026968,0.3095212510201783,,,,,0.683799793,0.359296482,0.324503311,0.233668341,0.125628141,0.262658227,128,458,398,50,44,10,29,143,93,64,18,1,5,52,1,73,0.159388646,0.113537117,,,,,,,,,4.0,,,,,,,,881.1
Larry Brown,1001536,111568,SS,CLE,1.2876781131635548,,1.31,-10.468678107420438,12.554181098937988,-0.1879168396117165,,,,,75.67035908155789,0.2736181042929913,,,,,0.599883594,0.29117647,0.308707124,0.229411764,0.061764706,0.268817204,105,384,340,29,17,3,15,99,78,63,12,0,0,36,3,58,0.151041666,0.09375,,,,,,,,,7.0,,,,,,,,850.3000000000001
Jake Gibbs,1004660,114745,C,NYY,1.2455937041438885,,1.32,-0.7679708107014667,7.008689641952515,0.3595648951595649,,,,,94.927517196528,0.2986972427368164,,,,,0.667392013,0.34065934,0.326732673,0.258241758,0.082417582,0.268292682,62,202,182,19,20,3,9,62,47,38,6,0,5,19,2,16,0.07920792,0.094059405,,,,,,,,,4.0,,,,,,,,438.2
Jim Davenport,1003017,113081,SS,SFG,1.2178329996629034,,1.25,-5.194056160722596,5.238224267959595,-0.0230736713856458,,,,,86.82806635149996,0.297231822115619,,,,,0.670491803,0.370491803,0.3,0.249180327,0.121311476,0.259689922,111,336,305,42,30,9,17,113,76,59,6,2,1,22,2,40,0.119047619,0.06547619,,,,,,,,,2.0,,,,,,,,665.4
Jim King,1006932,117080,RF,WAS,1.211124867847193,,1.28,5.737235336593383,-4.139919281005859,0.9609813079005108,,,,,112.40112319414462,0.3259012336689731,,,,,0.732738699,0.403225806,0.329512893,0.248387096,0.15483871,0.257692307,117,350,310,41,30,10,26,125,77,51,14,2,4,38,2,41,0.117142857,0.108571428,,,,,,,,,0.0,,,,,,,,670.2
Bob Saverine,1011471,121722,2B,WAS,1.1504410993361256,,1.7,-8.337838782544056,7.340878486633301,-0.1079174155602231,,,,,83.23118103172233,0.28330568039636,,,,,0.632283482,0.332512315,0.299771167,0.251231527,0.081280788,0.284457478,120,446,406,54,24,5,19,135,102,83,10,4,4,27,1,62,0.139013452,0.060538116,,,,,,,,,5.0,,,,,,,,852.4
Tony Cloninger,1002359,112412,P,ATL,1.1314061414140597,,1.19,-1.9457910180107911,8.254531860351562,-0.1340952548198402,,,,,86.74697089927567,0.2984344637912253,,,,,0.675283979,0.414414414,0.260869565,0.234234234,0.18018018,0.25,47,117,111,12,23,5,10,46,26,16,5,0,1,2,0,22,0.188034188,0.017094017,,,,,,,,,0.0,,,,,,,,257.2
Tommy Helms,1005616,115731,3B,CIN,1.1312997137900511,,1.34,-9.448732129067574,0.208951711654663,-0.6161076402058825,,,,,86.92090562887364,0.3077469811707682,,,,,0.695310227,0.3800738,0.315236427,0.284132841,0.095940959,0.287128712,138,578,542,72,49,9,33,206,154,121,23,1,3,24,2,31,0.053633217,0.041522491,,,,,,,,,-3.0,,,,,,,,1169.2
Tito Fuentes,1004385,114470,SS,SFG,1.1311824676831317,,0.76,-15.297143859624596,6.920892715454102,0.3068854681914672,,,,,76.32045252763203,0.2809404109960007,,,,,0.636616907,0.360443622,0.276173285,0.260628465,0.099815157,0.277310924,133,564,541,63,40,9,33,195,141,108,21,3,6,9,1,57,0.101063829,0.015957446,,,,,,,,,1.0,,,,,,,,1155.2
Phil Gagliano,1004425,114511,3B,STL,1.1235381009856436,,1.0,-2.805653238146598,5.411522597074509,0.151021295459941,,,,,89.54307725931689,0.3006233263714044,,,,,0.667194835,0.338028169,0.329166666,0.253521126,0.084507043,0.282608695,90,242,213,23,15,2,12,72,54,42,8,2,2,24,1,29,0.11983471,0.099173553,,,,,,,,,5.0,,,,,,,,427.0
Davey Johnson,1006440,116576,2B,BAL,1.050461691774896,,1.0,-9.219524109609967,4.397814035415649,-0.6475637555122375,,,,,85.6012584038166,0.2867799548907431,,,,,0.649445553,0.351297405,0.298148148,0.257485029,0.093812376,0.279176201,131,541,501,47,56,7,30,176,129,99,20,3,3,31,3,64,0.118299445,0.057301293,,,,,,,,,1.0,,,,,,,,1183.3
Ed Kranepool,1007140,117293,1B,NYM,1.0490754340760144,,0.77,-1.6916481907190692,-5.603085517883301,0.0509407175704836,,,,,97.0869983605472,0.3122443951384921,,,,,0.715113146,0.398706896,0.31640625,0.254310344,0.144396552,0.264248704,146,512,464,51,57,16,33,185,118,85,15,2,1,41,9,66,0.12890625,0.080078125,,,,,,,,,2.0,,,,,,,,1117.1
Bill Heath,1005558,115680,C,HOU,1.0243774200837532,,1.08,0.3895264625420427,4.728394865989685,0.2740143919363618,,,,,100.743346793709,0.3148983960801905,,,,,0.702976953,0.349593495,0.353383458,0.300813008,0.048780487,0.330357142,55,133,123,12,8,0,6,43,37,31,6,0,1,9,1,11,0.082706766,0.067669172,,,,,,,,,3.0,,,,,,,,252.0
Ray Sadecki,1011360,121609,P,- - -,0.9570503891140598,,0.96,3.946617804037343,3.1748200058937073,0.0185035972390323,,,,,174.71147952851243,0.4315872831004007,,,,,0.991289198,0.634146341,0.357142857,0.341463414,0.292682927,0.354838709,32,45,41,7,7,3,5,26,14,9,1,1,0,1,0,7,0.155555555,0.022222222,,,,,,,,,0.0,,,,,,,,129.1
Jose Pagan,1009950,120169,3B,PIT,0.8970207435028383,,1.14,-9.138233480440658,4.477367401123047,-0.5830739683005959,,,,,81.27304794187906,0.2888049013546887,,,,,0.661872909,0.369565217,0.292307692,0.263586956,0.105978261,0.280966767,109,391,368,44,54,4,25,136,97,72,15,6,0,13,3,38,0.0971867,0.033248081,,,,,,,,,2.0,,,,,,,,786.3
Mike Hershberger,1005740,115858,RF,KCA,0.8912392797180221,,1.31,-8.392983358523296,1.4012165069580078,1.0164906567661092,,,,,85.72486664341797,0.2907232927108133,,,,,0.65275374,0.340148698,0.312605042,0.252788104,0.087360594,0.264822134,146,599,538,55,57,2,36,183,136,100,27,7,13,47,3,37,0.061769616,0.078464106,,,,,,,,,9.0,,,,,,,,1250.3
Wayne Causey,1002091,112144,2B,- - -,0.869102245935725,,0.6099999999999999,-5.133497134688158,5.808869540691376,0.7443280674051493,,,,,81.19211434462393,0.2758212268993418,,,,,0.605922985,0.288065843,0.317857142,0.238683127,0.049382716,0.252173913,106,284,243,24,18,0,10,70,58,48,8,2,3,31,1,19,0.066901408,0.109154929,,,,,,,,,4.0,,,,,,,,551.1
Eddie Kasko,1006711,116856,SS,BOS,0.8494055592419507,,1.0,-5.81095031024411,10.317787051200868,0.2666129530407488,,,,,63.66480046336663,0.2661247683676663,,,,,0.578155433,0.286764705,0.291390728,0.213235294,0.073529411,0.24137931,58,152,136,11,12,1,8,39,29,21,7,0,1,15,0,19,0.125,0.09868421,,,,,,,,,9.0,,,,,,,,272.4
Tommy Harper,1005383,115495,RF,CIN,0.8425684765982907,,0.4,-2.021856324715653,-11.438271045684814,2.4183395945001394,,,,,93.88035431922904,0.3185371797525746,,,,,0.71143945,0.363471971,0.347967479,0.278481012,0.084990959,0.320430107,149,621,553,85,31,5,32,201,154,122,22,5,29,57,4,85,0.136876006,0.091787439,,,,,,,,,-5.0,,,,,,,,1231.5
Bob Allison,1000166,110176,LF,MIN,0.83700215821552,,0.74,4.702708264285709,-2.565845489501953,1.298069083248265,,,,,115.24111373719916,0.3364676162971193,,,,,0.755541871,0.410714285,0.344827586,0.220238095,0.19047619,0.2265625,70,203,168,34,19,8,15,69,37,22,6,1,6,30,2,34,0.167487684,0.147783251,,,,,,,,,0.0,,,,,,,,416.2
George Thomas,1012978,123248,CF,BOS,0.8143727329876739,,0.96,-1.369142787119917,3.8840898275375366,0.3036201475188136,,,,,92.39943197550592,0.3080846570958995,,,,,0.6784791,0.346820809,0.331658291,0.236994219,0.10982659,0.264705882,69,200,173,25,20,5,9,60,41,32,4,0,1,23,1,33,0.165,0.115,,,,,,,,,5.0,,,,,,,,398.4
Chuck Hinton,1005852,115973,CF,CLE,0.8051481565716618,,0.38,3.557295499583237,-7.150207757949829,-0.0434290712000802,,,,,108.41166464813318,0.321428758757455,,,,,0.725296266,0.40229885,0.322997416,0.255747126,0.146551724,0.282051282,123,389,348,46,50,12,24,140,89,65,9,3,10,35,2,66,0.169665809,0.089974293,,,,,,,,,-5.0,,,,,,,,809.4
Duke Sims,1012000,122263,C,CLE,0.7994467288136902,,0.67,3.803037617731606,-0.8440811634063721,-0.2989384230459109,,,,,125.18680345437308,0.3459247387185388,,,,,0.781446859,0.443609022,0.337837837,0.263157894,0.180451128,0.302083333,52,148,133,12,19,6,10,59,35,25,2,2,0,11,1,31,0.209459459,0.074324324,,,,,,,,,-3.0,,,,,,,,314.1
Juan Marichal,1008106,118283,P,SFG,0.7961917775723769,,0.67,-5.168652101257581,8.395634651184082,0.0444086333736777,,,,,62.50601788071315,0.259521976897591,,,,,0.584586465,0.321428571,0.263157894,0.25,0.071428571,0.310344827,37,119,112,10,15,1,6,36,28,22,5,0,0,2,0,24,0.201680672,0.016806722,,,,,,,,,0.0,,,,,,,,307.1
Norm Siebern,1011949,122209,1B,CAL,0.7867255297704278,,0.53,3.3406640767420814,-7.19661808013916,-0.1509096451336518,,,,,107.85383006906402,0.3149620605355847,,,,,0.700671852,0.339285714,0.361386138,0.247023809,0.092261905,0.283636363,125,404,336,29,41,5,20,114,83,63,14,1,0,63,7,61,0.150990099,0.155940594,,,,,,,,,-2.0,,,,,,,,757.2
Julian Javier,1006371,116505,2B,STL,0.7864973733070328,,1.06,-19.59260682060564,11.067215204238892,0.5387755424017087,,,,,65.26177163915247,0.2629766504457392,,,,,0.592752146,0.323913043,0.268839103,0.228260869,0.095652174,0.248730964,147,496,460,52,31,7,25,149,105,80,13,5,11,26,2,63,0.127016129,0.052419354,,,,,,,,,8.0,,,,,,,,1118.0
Steve Whitaker,1013848,124155,CF,NYY,0.7513562555949544,,0.91,4.179081328103922,-0.7139919400215149,0.0481093528214842,,,,,130.2741677288712,0.3503123651589117,,,,,0.797679682,0.49122807,0.306451612,0.245614035,0.245614035,0.253012048,31,124,114,15,15,7,12,56,28,16,3,2,0,9,0,24,0.193548387,0.072580645,,,,,,,,,0.0,,,,,,,,271.4
Jerry Grote,1005092,115194,C,NYM,0.747235174661893,,0.67,-8.519961538419711,2.9026060104370117,-0.1412238905904814,,,,,80.29878760213697,0.2862153034710006,,,,,0.642327219,0.315457413,0.326869806,0.236593059,0.078864354,0.307692307,120,364,317,26,31,3,17,100,75,58,12,2,4,40,8,81,0.222527472,0.109890109,,,,,,,,,-3.0,,,,,,,,866.0
Bill Skowron,1012043,122303,1B,CHW,0.7260711727953889,,1.28,-1.2419017824639558,-1.7279353141784668,-0.0119715130422264,,,,,96.97102441343937,0.2953265537571973,,,,,0.666952352,0.359050445,0.307901907,0.24925816,0.109792285,0.271777003,120,369,337,27,29,6,23,121,84,61,15,2,1,26,4,45,0.121951219,0.070460704,,,,,,,,,3.0,,,,,,,,689.1
Tommy Davis,1003084,113112,LF,LAD,0.6899799915506224,,0.46,3.5566836178590755,-8.76543378829956,-0.3375231741229072,,,,,110.09998699707174,0.3205850842905922,,,,,0.728841126,0.383386581,0.345454545,0.313099041,0.07028754,0.345454545,100,330,313,27,27,3,15,120,98,83,11,1,3,16,4,36,0.109090909,0.048484848,,,,,,,,,-5.0,,,,,,,,618.2
Roger Repoz,1010841,121078,CF,- - -,0.6835851916566508,,0.62,0.8682420087147344,-6.124368876218796,-0.3264210157794878,,,,,102.59723226644104,0.3147086973597364,,,,,0.707649397,0.3839779,0.323671497,0.232044198,0.151933702,0.275471698,138,418,362,44,43,11,29,139,84,55,14,4,3,48,4,88,0.210526315,0.114832535,,,,,,,,,-3.0,,,,,,,,875.3
Dave Nicholson,1009558,119769,RF,HOU,0.6807733155236119,,0.98,6.1825184235253925,-11.874487400054932,-0.0045700741466134,,,,,115.902222993075,0.3384013043917142,,,,,0.767209753,0.410714285,0.356495468,0.246428571,0.164285714,0.327777777,100,333,280,36,31,10,22,115,69,47,8,4,1,46,6,92,0.276276276,0.138138138,,,,,,,,,-8.0,,,,,,,,671.2
Eddie Watt,1013684,123991,P,BAL,0.6741097390985961,,0.73,1.305587792145479,3.457026243209839,0.0222043166868388,,,,,123.80137310369456,0.3425618625701742,,,,,0.775670675,0.456521739,0.319148936,0.304347826,0.152173913,0.342857142,43,49,46,4,2,2,3,21,14,11,1,0,0,1,0,9,0.183673469,0.020408163,,,,,,,,,0.0,,,,,,,,145.2
Bernie Allen,1000132,110140,2B,MIN,0.6561541746701712,,0.27,-8.215690761987915,5.121626615524292,-0.5745303715812042,,,,,80.16039959801202,0.2852408288171618,,,,,0.646812956,0.347962382,0.298850574,0.238244514,0.109717868,0.258181818,101,350,319,34,30,5,24,111,76,52,18,1,2,26,5,40,0.114285714,0.074285714,,,,,,,,,3.0,,,,,,,,773.1
Orlando McFarlane,1008495,118678,C,DET,0.6441371137628871,,0.45,0.7621051914429544,1.0004594326019287,0.0592115111649036,,,,,104.31588210133197,0.3165415022648921,,,,,0.717097532,0.413043478,0.304054054,0.253623188,0.15942029,0.344827586,49,148,138,16,13,5,12,57,35,23,7,0,0,9,1,46,0.31081081,0.06081081,,,,,,,,,-1.0,,,,,,,,291.2
Gates Brown,1001518,111601,LF,DET,0.6413401358620416,,0.5,4.416854760210084,-3.9753085374832153,0.6925179951358587,,,,,117.53611094301152,0.3358464072512082,,,,,0.768740226,0.431952662,0.336787564,0.266272189,0.165680473,0.258503401,88,193,169,27,27,7,13,73,45,32,5,1,3,18,2,19,0.098445595,0.093264248,,,,,,,,,-2.0,,,,,,,,320.0
Bobby Richardson,1010903,121161,2B,NYY,0.6266167357790162,,1.02,-17.783491423701413,6.507077693939209,-0.7546118163736537,,,,,76.11898846515717,0.271231995013814,,,,,0.609633391,0.329508196,0.280125195,0.250819672,0.078688524,0.252595155,149,648,610,71,42,7,31,201,153,122,21,3,6,25,1,28,0.043209876,0.038580246,,,,,,,,,3.0,,,,,,,,1278.1
Gary Peters,1010228,120455,P,CHW,0.6167762641518846,,0.76,-2.609298122950433,5.92633056640625,0.0240546764107421,,,,,71.51138015068692,0.2581489814652337,,,,,0.592592592,0.358024691,0.234567901,0.234567901,0.12345679,0.295081967,38,84,81,12,9,1,6,29,19,13,3,2,0,0,0,19,0.226190476,0.0,,,,,,,,,0.0,,,,,,,,204.2
Claude Osteen,1009878,120095,P,LAD,0.6116907812105062,,0.85,-3.097974194445655,5.85577917098999,-0.1396463339915499,,,,,69.4940920244831,0.2576281332675321,,,,,0.575048732,0.315789473,0.259259259,0.210526315,0.105263158,0.263157894,39,83,76,8,6,1,4,24,16,12,1,2,1,5,0,18,0.216867469,0.060240963,,,,,,,,,0.0,,,,,,,,240.1
Smoky Burgess,1001665,111705,C,CHW,0.6074590406171014,,0.65,3.3051839245971477,0.0342935509979724,0.0481093528214842,,,,,136.99809508419284,0.3537762829890618,,,,,0.800559701,0.388059701,0.4125,0.313432835,0.074626866,0.35,79,80,67,0,15,0,5,26,21,16,5,0,0,11,2,8,0.1,0.1375,,,,,,,,,0.0,,,,,,,,5.0
Floyd Robinson,1011064,121310,RF,CHW,0.5979327377033972,,0.99,-0.0606082453274328,-5.106993675231934,1.0576339694671333,,,,,97.44031203966723,0.2960118333498637,,,,,0.654510641,0.324561403,0.329949238,0.236842105,0.087719298,0.246753246,127,397,342,44,35,5,18,111,81,63,11,2,8,44,4,32,0.080604534,0.110831234,,,,,,,,,0.0,,,,,,,,827.1
Ernie Banks,1000512,110533,1B,CHC,0.5948231565973499,,0.35,-0.9851512918460824,-12.48785924911499,-0.152760004857555,,,,,98.71402209889014,0.3222163947644057,,,,,0.747030776,0.432485322,0.314545454,0.272015655,0.160469667,0.280542986,141,554,511,52,75,15,45,221,139,94,23,7,0,29,10,59,0.106498194,0.05234657,,,,,,,,,-5.0,,,,,,,,1160.1
Joe Nossek,1009650,119857,CF,KCA,0.5766771703609282,,0.45,-6.224670701938016,5.612482666969299,0.1558641727315262,,,,,75.94077169136769,0.2764360193444901,,,,,0.627997088,0.34347826,0.284518828,0.260869565,0.082608695,0.28229665,87,241,230,13,27,1,14,79,60,46,10,3,4,8,1,21,0.087136929,0.03319502,,,,,,,,,6.0,,,,,,,,534.2
Aaron Pointer,1010414,120645,LF,HOU,0.5718843391625912,,0.55,2.713107684331689,1.5740741193294523,-0.1470477728871628,,,,,176.49893783975742,0.4323527961969375,,,,,0.96875,0.5,0.46875,0.346153846,0.153846154,0.421052631,11,32,26,5,5,1,2,13,9,7,1,0,1,5,0,6,0.1875,0.15625,,,,,,,,,2.0,,,,,,,,69.0
Vern Law,1007410,117552,P,PIT,0.5647290532583302,,0.56,-2.4842053312579875,5.15026330947876,0.0277553958585485,,,,,70.54861454544218,0.2721773247787918,,,,,0.608695651,0.333333333,0.275362318,0.242424242,0.090909091,0.277777777,34,73,66,11,3,1,4,22,16,12,3,0,0,3,0,11,0.150684931,0.04109589,,,,,,,,,0.0,,,,,,,,177.2
Chuck Harrison,1005407,115540,1B,HOU,0.5644364649459259,,1.23,-1.2111710454831988,-9.78783893585205,0.6072402950376272,,,,,96.73720718857696,0.3086871221978614,,,,,0.696640027,0.380184331,0.316455696,0.255760368,0.124423963,0.285714285,119,477,434,52,52,9,34,165,111,77,23,2,2,37,4,69,0.144654088,0.077568134,,,,,,,,,-3.0,,,,,,,,989.2
Jim Perry,1010213,120442,P,MIN,0.5519772489583832,,0.55,-1.638356308405834,4.797505855560303,0.0259050361346453,,,,,77.75900243740122,0.2817341766574166,,,,,0.626861837,0.33898305,0.287878787,0.220338983,0.118644067,0.292682926,33,68,59,5,7,1,5,20,13,8,4,0,0,5,0,18,0.264705882,0.073529411,,,,,,,,,0.0,,,,,,,,184.0
Dave Giusti,1004748,114835,P,HOU,0.5469640789760226,,0.66,-3.680260441311534,5.85577917098999,0.0259050361346453,,,,,61.7824837779623,0.2544919662661367,,,,,0.570551069,0.31081081,0.259740259,0.229729729,0.081081081,0.34,41,83,74,5,9,0,6,23,17,11,6,0,0,3,0,24,0.289156626,0.036144578,,,,,,,,,0.0,,,,,,,,210.0
Doug Clemens,1002335,112386,LF,PHI,0.5292460345223121,,0.55,-1.4373564601350386,1.902604341506958,0.2869669100036844,,,,,89.3825638315248,0.3000116798517515,,,,,0.641774183,0.289256198,0.352517985,0.256198347,0.033057851,0.315789473,79,139,121,10,15,1,2,35,31,29,1,0,1,16,0,25,0.179856115,0.115107913,,,,,,,,,3.0,,,,,,,,180.39999999999998
Al Ferrara,1004003,114081,RF,LAD,0.5241522502580082,,0.39,3.499216172000107,-3.2510308027267456,0.0629122306127101,,,,,122.79909480924609,0.3402742725010066,,,,,0.768115941,0.434782608,0.333333333,0.269565217,0.165217391,0.337662337,63,129,115,15,23,5,9,50,31,22,4,0,0,9,0,35,0.271317829,0.069767441,,,,,,,,,-2.0,,,,,,,,202.2
Tim Talton,1012815,123081,1B,KCA,0.5238683223564344,,0.54,3.272211955182427,-0.0205761305987834,-0.3451974161434918,,,,,159.7690866135641,0.3988467335700988,,,,,0.910806174,0.547169811,0.363636363,0.339622641,0.20754717,0.347826086,37,55,53,8,6,2,6,29,18,12,3,1,0,1,0,5,0.09090909,0.018181818,,,,,,,,,0.0,,,,,,,,85.2
Jerry Zimmerman,1014445,124770,C,MIN,0.5118959454322934,,0.34,-2.1548841900382154,3.24737286567688,0.0666129500605166,,,,,85.15608361621287,0.2925358012770161,,,,,0.665966386,0.327731092,0.338235294,0.25210084,0.075630252,0.302083333,60,136,119,11,15,1,6,39,30,24,4,1,0,15,4,23,0.169117647,0.110294117,,,,,,,,,1.0,,,,,,,,327.2
Bob Uecker,1013262,123546,C,PHI,0.5084977532320851,,0.75,-8.782599895351073,5.719704866409302,0.0851165472995489,,,,,67.97573313853076,0.266821701096018,,,,,0.617134208,0.338164251,0.278969957,0.207729468,0.130434783,0.214285714,78,237,207,15,30,7,13,70,43,30,6,0,0,22,6,36,0.151898734,0.092827004,,,,,,,,,2.0,,,,,,,,542.1
Woody Woodward,1014250,124571,2B,ATL,0.4936342663451138,,0.45,-12.69517697095769,-0.5317769050598145,-0.1090595733840018,,,,,79.12349367793934,0.2866147296769278,,,,,0.650117817,0.327472527,0.32264529,0.263736263,0.063736264,0.297029702,144,516,455,46,43,0,26,149,120,94,23,3,2,37,9,54,0.104651162,0.071705426,,,,,,,,,-6.0,,,,,,,,1156.2
Horace Clarke,1002287,112355,SS,NYY,0.4831183909788537,,0.54,1.0519804643223187,-6.948787689208984,0.0476739540463313,,,,,102.65307473916928,0.3099785266021008,,,,,0.705025416,0.381410256,0.32361516,0.266025641,0.115384615,0.270175438,96,344,312,37,28,6,20,119,83,63,10,4,5,27,4,24,0.069767441,0.078488372,,,,,,,,,-11.0,,,,,,,,690.2
Pedro Gonzalez,1004843,114938,2B,CLE,0.4588924220056054,,0.34,-17.149615749643466,12.346137046813965,-0.0982316610170528,,,,,58.56859280401409,0.2486451649407384,,,,,0.554499385,0.286931818,0.267567567,0.232954545,0.053977273,0.269360269,110,374,352,21,17,2,13,101,82,69,9,2,8,15,1,54,0.144385026,0.040106951,,,,,,,,,10.0,,,,,,,,861.2
Hank Allen,1000143,110145,LF,WAS,0.4566203980433101,,0.38,2.78455113837302,0.493827223777771,0.0259050361346453,,,,,171.6258179682025,0.4123843890779158,,,,,0.925047437,0.483870967,0.44117647,0.387096774,0.096774193,0.458333333,9,35,31,2,6,1,1,15,12,11,0,0,0,3,0,6,0.171428571,0.085714285,,,,,,,,,1.0,,,,,,,,82.0
Cleon Jones,1006540,116674,CF,NYM,0.4555466078524946,,1.03,-3.919199326132497,-10.646092414855955,0.4883804310811683,,,,,92.97507586077688,0.3058691113624933,,,,,0.689386343,0.371717171,0.317669172,0.274747474,0.096969697,0.298368298,139,537,495,74,57,8,28,184,136,108,16,4,16,30,2,62,0.115456238,0.055865921,,,,,,,,,-9.0,,,,,,,,1087.3
Del Crandall,1002729,112788,C,CLE,0.4555295314093648,,0.33,-1.3972898699420515,2.2542316913604736,0.0518100722692906,,,,,89.20605607292302,0.2933836732155237,,,,,0.680783242,0.361111111,0.319672131,0.231481481,0.12962963,0.221052631,50,122,108,10,8,4,6,39,25,19,2,0,0,14,5,9,0.073770491,0.114754098,,,,,,,,,0.0,,,,,,,,328.2
Gary Geiger,1004601,114685,CF,ATL,0.4468226895122881,,0.27,4.021694536927153,-5.497942537069321,-0.2933873438742012,,,,,124.45838846186756,0.3569037050208789,,,,,0.81111111,0.444444444,0.366666666,0.261904761,0.182539683,0.305263157,78,151,126,23,10,4,12,56,33,21,5,3,0,21,1,29,0.19205298,0.139072847,,,,,,,,,-5.0,,,,,,,,276.4
Jim Kaat,1006660,116803,P,MIN,0.4456815231872731,,0.45,-8.033176390157283,8.748393058776855,0.0425582736497744,,,,,40.81631460856416,0.2277884328268407,,,,,0.507303292,0.279661016,0.227642276,0.194915254,0.084745762,0.28,47,124,118,12,13,2,5,33,23,18,2,1,0,5,0,41,0.330645161,0.04032258,,,,,,,,,0.0,,,,,,,,304.1
Moe Drabowsky,1003474,113539,P,BAL,0.441061734248665,,0.38,1.5398887862156705,1.763788819313049,0.0148028777912259,,,,,155.43651858919648,0.3887572412689526,,,,,0.87121212,0.454545454,0.416666666,0.363636363,0.090909091,0.5,44,25,22,3,4,0,2,10,8,6,2,0,0,1,0,6,0.24,0.04,,,,,,,,,0.0,,,,,,,,96.0
Mike McCormick,1008420,118598,P,WAS,0.4278426121283875,,0.56,-3.3377853036962293,5.220815181732178,0.0277553958585485,,,,,58.67005985665773,0.2474401809167171,,,,,0.549407114,0.303030303,0.246376811,0.212121212,0.090909091,0.292682926,41,74,66,5,5,2,2,20,14,12,0,0,0,3,0,23,0.31081081,0.04054054,,,,,,,,,0.0,,,,,,,,216.0
Don Drysdale,1003516,113581,P,LAD,0.4277392021598252,,0.39,-7.65428749680042,7.831222534179688,0.0351568347541615,,,,,40.70914364685739,0.2129988353186791,,,,,0.475160117,0.264150943,0.211009174,0.188679245,0.075471698,0.236842105,46,111,106,6,8,2,4,28,20,16,2,0,0,3,0,28,0.252252252,0.027027027,,,,,,,,,0.0,,,,,,,,273.2
Fritz Peterson,1010227,120466,P,NYY,0.4232180545284609,,0.68,-3.6707404354239337,5.432469844818115,0.0222043166868388,,,,,56.416336331419565,0.2424610991408859,,,,,0.544884273,0.298507462,0.246376811,0.223880597,0.074626865,0.3125,34,77,67,4,0,0,5,20,15,10,5,0,0,2,0,19,0.246753246,0.025974025,,,,,,,,,0.0,,,,,,,,215.0
Byron Browne,1001500,111603,LF,CHC,0.4212062613932698,,0.15,1.490811233489266,-14.117281913757324,-0.3134684977121651,,,,,103.3138565009216,0.3293481560359741,,,,,0.743336669,0.427207637,0.316129032,0.243436754,0.183770883,0.329501915,120,466,419,46,51,16,38,179,102,64,15,7,3,40,1,143,0.306866952,0.085836909,,,,,,,,,-10.0,,,,,,,,1011.4000000000001
Charlie Lau,1007379,117535,,BAL,0.4210002666658765,,0.4,3.335730086705464,0.0,0.0129525180673226,,,,,277.6208719804015,0.5671775516341714,,,,,1.421568627,0.833333333,0.588235294,0.5,0.333333333,0.5,18,17,12,1,5,0,3,10,6,3,2,1,0,4,0,1,0.058823529,0.235294117,,,,,,,,,,,,,,,,,
Al Spangler,1012302,122560,RF,CAL,0.4037639703731668,,0.39,2.5618581895284263,0.8786006271839142,0.0148028777912259,,,,,310.42015695469826,0.6107605478980325,,,,,1.393939393,0.666666666,0.727272727,0.666666666,0.0,0.857142857,6,11,9,2,0,0,0,6,6,6,0,0,0,2,0,2,0.181818181,0.181818181,,,,,,,,,1.0,,,,,,,,19.2
Jim Maloney,1008039,118216,P,CIN,0.4007481513938793,,0.29,-5.513749405290834,6.208536624908447,0.031456115306355,,,,,46.06747922699173,0.2444062478402081,,,,,0.542774146,0.283950617,0.258823529,0.222222222,0.061728395,0.272727272,35,88,81,8,5,0,5,23,18,13,5,0,0,4,0,15,0.170454545,0.045454545,,,,,,,,,0.0,,,,,,,,224.2
Tom McCraw,1008428,118610,1B,CHW,0.396188646506476,,0.52,-9.445678266777362,2.3040695190429688,0.0862558194203302,,,,,80.17828430426718,0.270804871405874,,,,,0.617105049,0.329048843,0.288056206,0.228791773,0.10025707,0.24137931,151,437,389,49,48,5,25,128,89,64,16,4,20,29,7,40,0.09153318,0.066361556,,,,,,,,,9.0,,,,,,,,1000.5
Bobby Bolin,1001146,111175,P,SFG,0.3949243517995782,,0.33,-5.048021180787593,5.85577917098999,0.0277553958585485,,,,,47.65922492185054,0.2365029345198375,,,,,0.521181001,0.289473684,0.231707317,0.171052631,0.118421053,0.224489795,36,83,76,7,7,2,4,22,13,9,1,1,0,6,0,25,0.301204819,0.072289156,,,,,,,,,0.0,,,,,,,,224.1
Jack Hiatt,1005762,115882,1B,SFG,0.3755023230503183,,0.36,0.9545874407807536,1.6982167661190033,0.0166532375151291,,,,,128.67015802327586,0.3621054203421981,,,,,0.798711754,0.391304347,0.407407407,0.304347826,0.086956521,0.388888888,18,28,23,2,1,0,2,9,7,5,2,0,0,4,0,5,0.178571428,0.142857142,,,,,,,,,2.0,,,,,,,,44.0
Fred Whitfield,1013898,124210,1B,CLE,0.3743672524680669,,0.69,0.6253368480061643,-11.951508045196531,-0.3590192889096215,,,,,101.66269130913332,0.3115735368377094,,,,,0.722766924,0.440239043,0.282527881,0.241035856,0.199203187,0.232673267,137,538,502,59,78,27,44,221,121,77,15,2,1,27,9,76,0.14126394,0.050185873,,,,,,,,,-4.0,,,,,,,,1159.1
Pete Ward,1013621,123925,LF,CHW,0.3735733821887363,,0.76,-7.089197179499482,3.507539987564087,0.3602730970596894,,,,,76.16315893423476,0.2649417645939668,,,,,0.580589303,0.290836653,0.28975265,0.219123505,0.071713148,0.25490196,84,284,251,22,28,3,11,73,55,44,7,1,3,24,0,49,0.172535211,0.084507042,,,,,,,,,6.0,,,,,,,,551.6
Jesse Gonder,1004828,114918,C,PIT,0.3706610207806156,,0.18,-4.094799909826078,1.5743002891540527,0.0592115111649036,,,,,79.56690366293759,0.2861596292364383,,,,,0.674856321,0.3875,0.287356321,0.225,0.1625,0.254385964,59,174,160,13,16,7,11,62,36,25,3,1,0,12,7,39,0.224137931,0.068965517,,,,,,,,,-1.0,,,,,,,,375.1
Dick Stuart,1012639,122897,1B,- - -,0.3656724817256456,,0.41000000000000003,-0.7642846749098098,-2.5605826377868652,-0.6404351197415963,,,,,99.4699947152379,0.3100328659168397,,,,,0.690168539,0.365168539,0.325,0.241573033,0.123595506,0.28125,69,200,178,11,22,7,8,65,43,35,1,0,0,20,2,43,0.215,0.1,,,,,,,,,0.0,,,,,,,,373.1
Rich Rollins,1011162,121413,3B,MIN,0.3608327538166381,,0.26,-4.171748583008799,-0.566757321357727,-0.6237818822264671,,,,,88.99592443662381,0.2981429479526401,,,,,0.676541468,0.390334572,0.286206896,0.245353159,0.144981413,0.244541484,90,293,269,30,40,10,18,105,66,48,7,1,0,13,1,34,0.116040955,0.0443686,,,,,,,,,-2.0,,,,,,,,551.2
Ernie Broglio,1001463,111501,P,CHC,0.3603027613372072,,0.31,0.9615831217173544,1.5521341562271118,0.0148028777912259,,,,,136.8334374503188,0.3813182115554809,,,,,0.849624059,0.421052631,0.428571428,0.368421052,0.052631579,0.583333333,15,22,19,2,0,0,1,8,7,6,1,0,0,2,0,7,0.318181818,0.09090909,,,,,,,,,0.0,,,,,,,,62.1
Gerry Arrigo,1000326,110339,P,- - -,0.3597056153871671,,0.43,1.888826896108026,0.9171702042222024,0.0092517986195161,,,,,224.6362082738736,0.5094883120976962,,,,,1.174825174,0.636363636,0.538461538,0.454545454,0.181818182,0.5,20,13,11,2,3,0,2,7,5,3,2,0,0,2,0,1,0.076923076,0.153846153,,,,,,,,,0.0,,,,,,,,50.2
Jimmie Coker,1002403,112454,C,CIN,0.3546782077310311,,0.31,-2.6244942831951934,1.813442945480347,-0.3192923800088465,,,,,83.69430390169342,0.3027443329827124,,,,,0.687387387,0.387387387,0.3,0.252252252,0.135135135,0.233009708,50,121,111,9,14,4,7,43,28,21,3,0,0,8,1,5,0.041322314,0.066115702,,,,,,,,,0.0,,,,,,,,272.0
Bob Gibson,1004662,114756,P,STL,0.3538478037802844,,0.28,-8.319020034574791,7.831222534179688,-0.1088984205853194,,,,,36.69436694413688,0.2186846406413958,,,,,0.491153846,0.27,0.221153846,0.2,0.07,0.292307692,46,111,100,11,8,1,5,27,20,15,4,0,3,3,0,35,0.315315315,0.027027027,,,,,,,,,0.0,,,,,,,,280.1
Lee Maye,1008294,118481,LF,HOU,0.3509264335191747,,0.71,2.423706061982612,-12.736623287200928,-0.1412238905904814,,,,,105.73181915955756,0.3226327166912403,,,,,0.741829058,0.418994413,0.322834645,0.287709497,0.131284916,0.288343558,115,383,358,38,36,9,25,150,103,78,12,4,4,20,5,26,0.067885117,0.052219321,,,,,,,,,-8.0,,,,,,,,767.1
Vern Fuller,1004398,114481,2B,CLE,0.3427765036015965,,0.39,2.152626397172671,-0.6570644974708557,0.0277553958585485,,,,,134.48150331392304,0.3594973704644612,,,,,0.803951367,0.44680851,0.357142857,0.234042553,0.212765957,0.23076923,16,56,47,7,2,2,5,21,11,6,2,1,0,7,0,6,0.107142857,0.125,,,,,,,,,-1.0,,,,,,,,125.0
Jim Barbieri,1000533,110555,LF,LAD,0.3363891102822391,,0.46,0.8559464963096248,-0.8724277019500732,0.4481093587819487,,,,,103.79415166630706,0.3108082731564839,,,,,0.693111765,0.341463414,0.351648351,0.280487804,0.06097561,0.306666666,39,92,82,9,3,0,5,28,23,18,5,0,2,9,1,7,0.076086956,0.097826086,,,,,,,,,0.0,,,,,,,,141.1
Bud Harrelson,1005387,115502,SS,NYM,0.3299729451367129,,0.39,-2.350800453549139,1.5820780992507937,0.3385027362965047,,,,,79.63065480477061,0.2851794045250695,,,,,0.635732323,0.323232323,0.3125,0.222222222,0.101010101,0.289473684,33,113,99,20,4,0,6,32,22,16,2,4,7,13,1,23,0.203539823,0.115044247,,,,,,,,,0.0,,,,,,,,230.2
Deron Johnson,1006444,116579,LF,CIN,0.3293420814779692,,-0.05,2.3689387938375237,-19.033377170562744,-0.3312638930510729,,,,,104.1715969858585,0.3344931206563963,,,,,0.770608561,0.461386138,0.309222423,0.257425742,0.203960396,0.264339152,142,554,505,75,81,24,52,233,130,78,25,3,1,39,5,87,0.157039711,0.070397111,,,,,,,,,-13.0,,,,,,,,1160.5
Jim Gentile,1004612,114696,1B,- - -,0.3141967144975379,,0.09999999999999998,1.3588426273217653,-5.83721986413002,0.0925179861951619,,,,,104.01509910908908,0.3201306053020987,,,,,0.724408329,0.403141361,0.321266968,0.214659685,0.188481676,0.256,82,222,191,18,22,9,17,77,41,24,7,1,0,26,4,57,0.256756756,0.117117117,,,,,,,,,-3.0,,,,,,,,413.2
Jerry Lumpe,1007832,118001,2B,DET,0.2975705046143694,,0.64,-18.60999477204179,11.08596134185791,-0.9393735427875072,,,,,61.58355395312618,0.2541414073327692,,,,,0.565848262,0.29090909,0.274939172,0.231168831,0.059740259,0.257309941,113,418,385,30,26,1,18,112,89,71,14,3,0,24,1,44,0.105263157,0.057416267,,,,,,,,,9.0,,,,,,,,760.1
Doug Camilli,1001861,111906,C,WAS,0.2960549388959284,,0.31,-5.832328573633614,5.895287990570068,0.0370071944780647,,,,,52.79889555499908,0.2388667840141433,,,,,0.533299654,0.29906542,0.234234234,0.205607476,0.093457944,0.232558139,44,113,107,5,8,2,6,32,22,16,4,0,0,3,0,19,0.168141592,0.026548672,,,,,,,,,4.0,,,,,,,,276.1
Bob Shaw,1011819,122080,P,- - -,0.2911723694733956,,0.33999999999999997,-4.427021947478137,4.797505676746368,0.031456115306355,,,,,44.45726069228404,0.2348844096308849,,,,,0.510831381,0.232142857,0.278688524,0.232142857,0.0,0.333333333,39,68,56,1,2,0,0,13,13,13,0,0,0,4,0,18,0.264705882,0.058823529,,,,,,,,,0.0,,,,,,,,199.1
Roy McMillan,1008643,118828,SS,NYM,0.2907332075181505,,0.91,-11.991470871893812,6.772290468215942,-0.0693326644832268,,,,,58.52037804135842,0.2524492144584656,,,,,0.561223344,0.277272727,0.283950617,0.213636363,0.063636364,0.235897435,76,246,220,24,12,1,11,61,47,36,9,1,1,20,3,25,0.101626016,0.081300813,,,,,,,,,3.0,,,,,,,,550.0
Ken Harrelson,1005389,115503,1B,- - -,0.2866073149422496,,0.29000000000000004,-2.5689974812928593,-8.740739583969116,1.730940165463835,,,,,92.47101469878916,0.2985010097912112,,,,,0.664946708,0.347826086,0.317120622,0.236956521,0.110869565,0.288690476,134,519,460,49,50,12,26,160,109,83,13,1,13,53,5,112,0.215799614,0.10211946,,,,,,,,,-1.0,,,,,,,,1130.1
Al Jackson,1006288,116419,P,STL,0.2734404260262245,,0.18,-6.244523465784221,5.92633056640625,0.4222043226473033,,,,,32.071944731654725,0.2115178583543512,,,,,0.471946629,0.256756756,0.215189873,0.175675675,0.081081081,0.288888888,51,84,74,6,5,0,5,19,13,8,4,1,2,3,0,30,0.357142857,0.035714285,,,,,,,,,0.0,,,,,,,,232.2
Ken Hamlin,1005279,115387,2B,WAS,0.2648143535802792,,0.14,-7.888001576986547,5.990397751331329,0.2684633127646521,,,,,58.82144381860956,0.2476612401008606,,,,,0.558184694,0.29113924,0.267045454,0.215189873,0.075949367,0.234042553,66,180,158,13,16,1,9,46,34,25,7,1,1,13,1,21,0.116666666,0.072222222,,,,,,,,,5.0,,,,,,,,361.0
Ossie Chavarria,1002167,112220,SS,KCA,0.2545709757494476,,0.31,-4.376319772868797,1.1348878592252731,-0.0478365496965125,,,,,81.44583019734759,0.2844748084361737,,,,,0.630827424,0.324607329,0.306220095,0.240837696,0.083769633,0.301369863,86,212,191,26,10,2,12,62,46,34,10,0,3,18,1,43,0.202830188,0.08490566,,,,,,,,,1.0,,,,,,,,452.4
Phil Roof,1011182,121434,C,KCA,0.2535868970140918,,0.07,-14.877501555219707,5.927297115325928,-1.2945309594506398,,,,,70.54070246527321,0.268550541371475,,,,,0.604454729,0.319783197,0.284671532,0.208672086,0.111111111,0.260223048,127,419,369,33,44,7,24,118,77,53,14,3,2,37,6,95,0.22673031,0.088305489,,,,,,,,,-1.0,,,,,,,,1024.0
Johnny Podres,1010406,120637,P,DET,0.2525552432885768,,0.25,-0.8357515982292286,2.2576496601104736,0.0111021583434194,,,,,75.95083017165966,0.2751212939620018,,,,,0.614583333,0.333333333,0.28125,0.233333333,0.1,0.28,36,32,30,5,2,0,3,10,7,4,3,0,0,2,0,5,0.15625,0.0625,,,,,,,,,0.0,,,,,,,,109.1
Jerry Buchek,1001616,111654,SS,STL,0.2398843742150162,,-0.16,-11.503662233384064,3.310012102127075,-1.7296878001652658,,,,,73.27346819506387,0.2753982948405402,,,,,0.630010833,0.341549295,0.288461538,0.235915492,0.105633803,0.294392523,100,313,284,23,25,4,18,97,67,49,10,4,0,23,4,71,0.22683706,0.073482428,,,,,,,,,0.0,,,,,,,,698.3
Dave McNally,1008655,118841,P,BAL,0.2307863598426228,,0.27,-5.9845748633716624,5.85577917098999,0.0222043166868388,,,,,34.23342524211856,0.2117698207686219,,,,,0.474930132,0.259740259,0.215189873,0.194805194,0.064935065,0.3,34,83,77,6,3,0,5,20,15,10,5,0,0,2,0,27,0.325301204,0.024096385,,,,,,,,,0.0,,,,,,,,213.0
Sal Bando,1000505,110526,3B,KCA,0.2203985034618026,,0.36,0.237851858362092,1.1545495092868805,0.0111021583434194,,,,,107.92528743837607,0.3231415677070617,,,,,0.736666666,0.416666666,0.32,0.291666666,0.125,0.333333333,11,26,24,1,1,0,2,10,7,5,1,1,0,1,0,3,0.115384615,0.038461538,,,,,,,,,1.0,,,,,,,,56.1
Jay Johnstone,1006463,116650,LF,CAL,0.2188054089394547,,0.52,-1.5685259693071874,-3.68312931060791,-0.4041361241834238,,,,,96.051744360509,0.297728006119998,,,,,0.674945236,0.377952755,0.296992481,0.263779527,0.114173228,0.297674418,61,268,254,35,17,3,19,96,67,48,12,4,3,11,1,36,0.134328358,0.041044776,,,,,,,,,-1.0,,,,,,,,530.3
Jackie Warner,1013635,123943,RF,CAL,0.2139635551973606,,0.24,0.204330757097546,-1.8127590417861936,0.0425582736497744,,,,,101.10533688039489,0.30510753975775,,,,,0.694052202,0.430894308,0.263157894,0.211382113,0.219512195,0.306451612,45,133,123,22,16,7,12,53,26,14,4,1,0,9,0,55,0.413533834,0.067669172,,,,,,,,,0.0,,,,,,,,293.2
Mudcat Grant,1004952,115046,P,MIN,0.211101521568535,,0.36,-7.0357179371192275,6.490743160247803,0.0240546764107421,,,,,30.266006804792028,0.2123822933290063,,,,,0.475922451,0.256410256,0.219512195,0.192307692,0.064102564,0.267857142,35,92,78,5,10,0,5,20,15,10,5,0,0,3,0,23,0.25,0.032608695,,,,,,,,,0.0,,,,,,,,249.0
Larry Sherry,1011883,122143,P,DET,0.2106738725122057,,0.11,0.9240636489321576,0.7055155634880066,0.0055510791717097,,,,,183.46929649448384,0.4321256697177887,,,,,1.0,0.6,0.4,0.4,0.2,0.444444444,55,10,10,0,1,0,1,6,4,3,0,1,0,0,0,1,0.1,0.0,,,,,,,,,0.0,,,,,,,,77.2
Jim Landis,1007296,117451,CF,CLE,0.2102503384668572,,0.03,-2.2525686206895665,-0.6378598213195801,0.1158644607057794,,,,,88.04277882362382,0.2916849918205645,,,,,0.639451476,0.32278481,0.316666666,0.221518987,0.101265823,0.246153846,85,180,158,23,14,3,9,51,35,26,5,1,2,20,1,25,0.138888888,0.111111111,,,,,,,,,0.0,,,,,,,,349.1
Darrell Brandon,1001346,111386,P,BOS,0.2054784292681742,,0.23,-3.492958999267262,3.880335569381714,0.0166532375151291,,,,,42.012004661948495,0.2345061654947242,,,,,0.517625231,0.272727272,0.244897959,0.181818181,0.090909091,0.333333333,41,55,44,4,2,0,3,12,8,5,2,1,0,2,0,21,0.381818181,0.036363636,,,,,,,,,0.0,,,,,,,,157.2
Mike Ferraro,1004006,114083,3B,NYY,0.2043432061979481,,0.22,-1.9154903307287536,3.204846903681755,0.0166532375151291,,,,,45.13049219561859,0.2259808890521526,,,,,0.459821428,0.178571428,0.28125,0.178571428,0.0,0.2,10,32,28,4,0,0,0,5,5,5,0,0,0,3,0,3,0.09375,0.09375,,,,,,,,,3.0,,,,,,,,74.2
Jim Hickman,1005777,115896,RF,NYM,0.2043289882993286,,0.03,-2.723681815357188,-1.0923681259155271,0.10476230236236,,,,,86.08721419269142,0.2951899040704486,,,,,0.655100574,0.35625,0.298850574,0.2375,0.11875,0.278688524,58,174,160,15,16,4,11,57,38,27,7,0,2,13,0,34,0.195402298,0.074712643,,,,,,,,,1.0,,,,,,,,382.4
Ken Henderson,1005634,115748,RF,SFG,0.1926470836799748,,0.18,1.8027525809811524,-1.2283950448036194,0.0166532375151291,,,,,147.77177488957165,0.3917213063687086,,,,,0.892241379,0.517241379,0.375,0.310344827,0.206896552,0.32,11,32,29,4,1,1,3,15,9,6,1,1,0,2,0,3,0.09375,0.0625,,,,,,,,,-1.0,,,,,,,,70.0
Bob Humphreys,1006184,116311,P,WAS,0.1839494883390151,,0.17,-0.3846425296862163,1.4815826416015625,0.0111021583434194,,,,,82.87472916291914,0.2827851697802543,,,,,0.541666666,0.166666666,0.375,0.166666666,0.0,0.285714285,58,21,12,0,0,0,0,2,2,2,0,0,0,4,0,5,0.238095238,0.19047619,,,,,,,,,0.0,,,,,,,,111.2
Pat Corrales,1002636,112696,C,STL,0.1813479778676349,,0.17,-6.7997160719212095,6.353449821472168,0.2277553988387808,,,,,22.888307905694557,0.1972791924105062,,,,,0.429112553,0.208333333,0.22077922,0.180555555,0.027777778,0.232142857,28,78,72,5,3,0,2,15,13,11,2,0,1,2,0,17,0.217948717,0.025641025,,,,,,,,,5.0,,,,,,,,197.1
Fred Talbot,1012813,123078,P,- - -,0.1808054524206953,,0.31,-5.268797654878249,5.009160399436951,0.2240546793909743,,,,,29.695807498318292,0.205771529866803,,,,,0.423753664,0.181818181,0.241935483,0.145454545,0.036363636,0.235294117,34,71,55,6,5,0,2,10,8,6,2,0,1,6,0,21,0.295774647,0.084507042,,,,,,,,,0.0,,,,,,,,192.0
Danny Cater,1002079,112132,1B,- - -,0.1787542885121203,,0.41999999999999993,-2.84528595615338,-10.069496989250185,-0.8057136867428198,,,,,96.46288271335632,0.3055171247384723,,,,,0.690503568,0.373195876,0.317307692,0.278350515,0.094845361,0.293577981,137,524,485,50,56,7,28,181,135,107,17,4,4,28,2,47,0.089694656,0.053435114,,,,,,,,,-6.0,,,,,,,,1100.2
Dan Schneider,1011592,121846,P,ATL,0.1778304789476744,,0.17,0.7707844827279863,0.5644124150276184,0.0074014388956129,,,,,181.67107402594456,0.4456084668636322,,,,,1.0,0.5,0.5,0.5,0.0,0.666666666,14,8,8,2,2,0,0,4,4,4,0,0,0,0,0,2,0.25,0.0,,,,,,,,,0.0,,,,,,,,26.1
Vic Roznovsky,1011274,121524,C,BAL,0.1743016650809664,,-0.07,-3.042872252414646,1.6620917320251465,0.0425582736497744,,,,,74.73993624549877,0.2709196551332196,,,,,0.627998842,0.319587628,0.308411214,0.237113402,0.082474226,0.258823529,41,111,97,4,10,1,6,31,23,17,5,0,0,9,4,11,0.099099099,0.081081081,,,,,,,,,0.0,,,,,,,,242.1
Jerry May,1008302,118473,C,PIT,0.1696925965895158,,0.25,-1.3771548215384763,1.051666498184204,-0.3525988550391048,,,,,84.34102234412903,0.2935616075992584,,,,,0.675524474,0.384615384,0.29090909,0.25,0.134615384,0.333333333,42,56,52,6,2,1,5,20,13,8,4,0,0,2,1,15,0.267857142,0.035714285,,,,,,,,,0.0,,,,,,,,153.1
Denny McLain,1008603,118787,P,DET,0.1672843381894989,,0.22,-8.498191915800815,7.266809940338135,0.237007197458297,,,,,22.931441959520637,0.1976994683547895,,,,,0.42879087,0.204301075,0.224489795,0.182795698,0.021505377,0.314814814,38,103,93,10,5,0,2,19,17,15,2,0,1,5,0,39,0.378640776,0.048543689,,,,,,,,,0.0,,,,,,,,264.1
Bob Johnson,1006429,116621,2B,BAL,0.1603131818662434,,0.38,-8.209371823220684,5.6314553916454315,-0.2970880633220076,,,,,58.67677052530601,0.2474633374157742,,,,,0.543986511,0.267515923,0.276470588,0.216560509,0.050955414,0.25,71,174,157,13,10,1,6,42,34,28,5,0,0,12,1,24,0.137931034,0.068965517,,,,,,,,,6.0,,,,,,,,315.29999999999995
Buddy Booker,1001178,111209,C,CLE,0.1599802304694219,,0.03,0.2969965493286947,0.3452215194702148,0.0092517986195161,,,,,108.716212385981,0.3218734761079152,,,,,0.73095238,0.464285714,0.266666666,0.214285714,0.25,0.2,18,30,28,6,5,2,3,13,6,3,1,0,0,2,0,6,0.2,0.066666666,,,,,,,,,0.0,,,,,,,,50.1
Bob Locker,1007688,117853,P,CHW,0.1570573226275854,,0.16,-0.335214194426493,1.269927978515625,0.0111021583434194,,,,,82.51594583949093,0.2742184533013238,,,,,0.583333333,0.25,0.333333333,0.25,0.0,0.444444444,56,18,16,3,0,0,0,4,4,4,0,0,0,2,0,7,0.388888888,0.111111111,,,,,,,,,0.0,,,,,,,,95.0
Ted Uhlaender,1013264,123549,CF,MIN,0.1566038054489047,,0.44,-16.27186269051499,7.777777791023254,1.4317289392929524,,,,,60.07931486929935,0.255917324863299,,,,,0.565700519,0.286103542,0.279596977,0.226158038,0.059945504,0.24251497,105,403,367,39,22,2,16,105,83,67,12,2,10,27,1,33,0.081885856,0.066997518,,,,,,,,,8.0,,,,,,,,883.2
Al Worthington,1014260,124584,P,MIN,0.1532313657749914,,0.14,0.3101891863834933,0.7760670781135559,0.0,,,,,125.62569292613745,0.3516317497600209,,,,,0.818181817,0.545454545,0.272727272,0.272727272,0.272727273,0.6,65,11,11,2,3,0,3,6,3,0,3,0,0,0,0,6,0.545454545,0.0,,,,,,,,,0.0,,,,,,,,91.1
Steve Blass,1001058,111086,P,PIT,0.1514920074987635,,0.11,-4.2328612748636285,3.809783935546875,0.0203539569629356,,,,,32.58766887577172,0.2133212055151279,,,,,0.48076923,0.25,0.23076923,0.23076923,0.01923077,0.324324324,34,54,52,3,6,0,1,13,12,11,1,0,0,0,0,15,0.277777777,0.0,,,,,,,,,0.0,,,,,,,,155.2
Ron Perranoski,1010201,120430,P,LAD,0.1505545214143242,,0.14,0.4217839363271249,0.6349639892578125,0.0,,,,,140.11097980529948,0.3671152889728546,,,,,0.875,0.625,0.25,0.25,0.375,0.666666666,55,9,8,1,1,0,2,5,2,0,1,1,0,0,0,5,0.555555555,0.0,,,,,,,,,0.0,,,,,,,,82.0
Mark Belanger,1000786,110806,SS,BAL,0.1481910958610362,,0.24,-2.1987848262547387,3.3017832338809967,0.0037007194478064,,,,,-0.0747976083806106,0.1616710675390143,,,,,0.368421051,0.210526315,0.157894736,0.157894736,0.052631579,0.1875,8,20,19,2,0,0,1,4,3,2,1,0,0,0,0,3,0.15,0.0,,,,,,,,,3.0,,,,,,,,44.0
Duane Josephson,1006627,116770,C,CHW,0.1450755830527094,,0.07,-1.3467061335335706,1.6630088686943054,0.0203539569629356,,,,,69.6998068249843,0.2555036224970003,,,,,0.55584082,0.263157894,0.292682926,0.236842105,0.026315789,0.257142857,11,41,38,3,3,0,1,10,9,8,1,0,0,3,0,3,0.073170731,0.073170731,,,,,,,,,1.0,,,,,,,,96.2
Tommy John,1006515,116550,P,CHW,0.1438499767074501,,0.12,-6.0868387857734145,5.361917972564697,0.0185035972390323,,,,,26.99744153504034,0.1931472809778319,,,,,0.426932366,0.246376811,0.180555555,0.144927536,0.101449275,0.173913043,34,76,69,6,8,2,3,17,10,7,1,0,0,3,0,21,0.276315789,0.039473684,,,,,,,,,0.0,,,,,,,,223.0
Wade Blasingame,1001057,111085,P,ATL,0.1426681295584457,,0.11,-1.3071462050275766,1.763788819313049,0.0111021583434194,,,,,54.86920573809597,0.2490099430084228,,,,,0.540869565,0.260869565,0.28,0.217391304,0.043478261,0.25,18,25,23,1,2,0,1,6,5,4,1,0,0,2,0,3,0.12,0.08,,,,,,,,,0.0,,,,,,,,67.2
Charlie Vinson,1013432,123729,1B,CAL,0.1404774767664581,,0.14,0.9771491605655982,-0.4572475850582123,0.0129525180673226,,,,,131.29314645737674,0.3491894389901842,,,,,0.766233766,0.409090909,0.357142857,0.181818181,0.227272728,0.25,13,28,22,3,6,1,3,9,4,1,2,0,0,5,0,9,0.321428571,0.178571428,,,,,,,,,0.0,,,,,,,,66.2
Fred Klages,1006985,117135,P,CHW,0.138699811939626,,0.14,0.6650493334014279,0.423309326171875,0.0055510791717097,,,,,199.88586825446052,0.4456084668636322,,,,,1.0,0.5,0.5,0.5,0.0,0.75,3,6,6,1,1,0,0,3,3,3,0,0,0,0,0,2,0.333333333,0.0,,,,,,,,,0.0,,,,,,,,15.2
Marcelino Lopez,1007757,117923,P,CAL,0.1373811461393881,,0.02,-4.979623803781713,4.515299320220947,-0.3488981355912983,,,,,34.24773335512001,0.2074783913424757,,,,,0.453646127,0.224137931,0.229508196,0.189655172,0.034482759,0.354838709,55,64,58,10,2,0,2,13,11,9,2,0,0,3,0,27,0.421875,0.046875,,,,,,,,,0.0,,,,,,,,199.0
Chris Short,1011931,122188,P,PHI,0.1348343763435152,,0.06,-9.978409255887536,7.61956787109375,0.0407079139258712,,,,,20.59982772916912,0.1933682638908101,,,,,0.431934403,0.216981132,0.214953271,0.207547169,0.009433963,0.293333333,42,108,106,6,4,0,1,23,22,21,1,0,0,1,0,31,0.287037037,0.009259259,,,,,,,,,0.0,,,,,,,,272.0
Steve Carlton,1001964,112008,P,STL,0.1343137416575022,,0.13,-0.6569351123729692,1.269927978515625,0.0092517986195161,,,,,68.32334350371043,0.2677234299480915,,,,,0.579166666,0.266666666,0.3125,0.266666666,0.0,0.333333333,9,18,15,0,0,0,0,4,4,4,0,0,0,0,0,3,0.166666666,0.0,,,,,,,,,0.0,,,,,,,,52.0
Cam Carreon,1001988,112035,C,BAL,0.1334779715470729,,0.23,0.7150923403689065,0.1668950468301773,0.0055510791717097,,,,,153.73262513016468,0.3862691223621368,,,,,0.86111111,0.444444444,0.416666666,0.222222222,0.222222222,0.285714285,4,12,9,2,2,0,2,4,2,0,2,0,0,3,0,2,0.166666666,0.25,,,,,,,,,0.0,,,,,,,,24.1
Pete Richert,1010922,121166,P,WAS,0.1323395327783192,,0.45,-7.938501196197252,6.631845951080322,0.0240546764107421,,,,,23.022059370801205,0.195385010724657,,,,,0.435197281,0.244186046,0.191011235,0.162790697,0.081395349,0.25,43,94,86,12,6,1,4,21,14,10,2,1,0,2,0,33,0.351063829,0.021276595,,,,,,,,,0.0,,,,,,,,245.2
Don Sutton,1012745,123006,P,LAD,0.132215484717169,,0.06,-7.722241694310887,6.067433834075928,0.0277553958585485,,,,,22.87079892641211,0.1853415753160204,,,,,0.409698025,0.207317073,0.202380952,0.182926829,0.024390244,0.272727272,38,86,82,4,2,0,2,17,15,13,2,0,0,1,0,27,0.313953488,0.011627906,,,,,,,,,0.0,,,,,,,,225.2
Jeff Torborg,1013123,123401,C,LAD,0.129575220455982,,0.06,-6.354793234493117,3.222222089767456,0.0555107917170971,,,,,58.74821635870734,0.2409673117674314,,,,,0.553195488,0.275,0.278195488,0.225,0.05,0.262626262,46,133,120,4,13,1,4,33,27,23,3,0,0,10,3,23,0.17293233,0.075187969,,,,,,,,,1.0,,,,,,,,324.0
Dave Morehead,1009156,119351,P,BOS,0.1289322663356931,,0.12,0.5771797637421948,0.423309326171875,0.0055510791717097,,,,,186.57737471066852,0.4456084668636322,,,,,1.0,0.5,0.5,0.5,0.0,0.5,12,6,6,1,0,0,0,3,3,3,0,0,0,0,0,0,0.0,0.0,,,,,,,,,0.0,,,,,,,,28.0
Fred Newman,1009542,119745,P,CAL,0.1274606955997089,,0.11,-2.2524637570759096,2.469304323196411,0.2148028807714581,,,,,35.93959336136543,0.2099489383399486,,,,,0.45,0.2,0.25,0.2,0.0,0.272727272,21,35,30,0,3,0,0,6,6,6,0,0,1,2,0,8,0.228571428,0.057142857,,,,,,,,,0.0,,,,,,,,102.2
Ralph Terry,1012929,123200,P,- - -,0.120849580132607,,0.13,-1.1855682215800256,1.622685790061951,0.0092517986195161,,,,,54.53999016382853,0.2424559837037866,,,,,0.522727272,0.25,0.272727272,0.2,0.05,0.363636363,26,23,20,2,1,0,1,5,4,3,1,0,0,2,0,9,0.391304347,0.086956521,,,,,,,,,0.0,,,,,,,,88.2
Lou Clinton,1002358,112411,RF,NYY,0.1197503984717929,,-0.05,-0.3648193842684892,-3.4135799407958984,0.0610618708888068,,,,,97.8378931956146,0.3029471337795257,,,,,0.690651316,0.402515723,0.288135593,0.220125786,0.182389937,0.232558139,80,179,159,18,21,5,17,64,35,18,10,2,0,16,1,27,0.150837988,0.089385474,,,,,,,,,-1.0,,,,,,,,395.0
Jay Ritchie,1010988,121233,P,ATL,0.1110412092099635,,0.11,0.4808151218430397,0.3527577817440033,0.0037007194478064,,,,,181.67107402594456,0.4456084668636322,,,,,1.0,0.5,0.5,0.5,0.0,0.5,22,5,4,0,1,0,0,2,2,2,0,0,0,0,0,0,0.0,0.0,,,,,,,,,0.0,,,,,,,,35.1
Ernie Fazio,1003963,114042,2B,KCA,0.1091059871223796,,0.03,-2.052615129826486,2.225422829389572,0.2148028807714581,,,,,45.77623808822142,0.2323881089687347,,,,,0.554179566,0.264705882,0.289473684,0.205882352,0.05882353,0.291666666,27,38,34,3,2,0,1,9,7,6,0,1,1,4,2,10,0.263157894,0.105263157,,,,,,,,,2.0,,,,,,,,69.2
Camilo Pascual,1010039,120266,P,MIN,0.1051330359651814,,0.11,-2.8417948182566595,2.7515106201171875,0.0148028777912259,,,,,33.43803663946616,0.2170142656878421,,,,,0.480085348,0.243243243,0.236842105,0.216216216,0.027027027,0.25,21,39,37,3,1,0,1,9,8,7,1,0,0,0,0,5,0.128205128,0.0,,,,,,,,,0.0,,,,,,,,103.0
Darrell Sutherland,1012737,122998,P,NYM,0.1046751773499781,,0.1,0.6307937851500786,0.2116546630859375,0.0037007194478064,,,,,278.90665192321757,0.5941446224848429,,,,,1.333333332,0.666666666,0.666666666,0.666666666,0.0,1.0,31,3,3,1,0,0,0,2,2,2,0,0,0,0,0,1,0.333333333,0.0,,,,,,,,,0.0,,,,,,,,44.1
Hal Reniff,1010833,121069,P,NYY,0.1045656130247239,,0.1,-0.6131986500333244,1.1288248300552368,0.0074014388956129,,,,,64.75207952187955,0.2546334096363613,,,,,0.57142857,0.285714285,0.285714285,0.285714285,0.0,0.666666666,56,16,14,1,2,0,0,4,4,4,0,0,0,0,0,8,0.5,0.0,,,,,,,,,0.0,,,,,,,,95.1
Dick Howser,1006110,116236,2B,CLE,0.104154730660205,,0.11,-3.22586341597741,-0.3150426149368286,-1.019647212815471,,,,,87.54729089767777,0.2909614531097898,,,,,0.649363057,0.35,0.299363057,0.228571428,0.121428572,0.256410256,67,161,140,18,4,2,12,49,32,20,9,1,2,15,0,23,0.142857142,0.093167701,,,,,,,,,-2.0,,,,,,,,351.2
Larry Jaster,1006367,116501,P,STL,0.1033286038402497,,0.13,-4.2516468686209805,3.527577638626098,0.0166532375151291,,,,,26.93646383694413,0.2035556100308895,,,,,0.452777777,0.244444444,0.208333333,0.177777777,0.066666667,0.189189189,26,50,45,4,3,1,1,11,8,7,0,0,0,2,0,8,0.16,0.04,,,,,,,,,0.0,,,,,,,,151.2
Tug McGraw,1008545,118724,P,NYM,0.0963248095464858,,0.1,-1.2059343736395354,1.4110311269760132,0.0092517986195161,,,,,47.99697969101555,0.2361333303981357,,,,,0.513071894,0.235294117,0.277777777,0.235294117,0.0,0.25,15,20,17,3,0,0,0,4,4,4,0,0,0,1,0,1,0.05,0.05,,,,,,,,,0.0,,,,,,,,62.1
Don Bryant,1001605,111643,C,CHC,0.0914052694191058,,0.07,0.4049218223583662,-0.6090535223484039,0.2148028807714581,,,,,105.8114312065139,0.3332204925162451,,,,,0.741758241,0.384615384,0.357142857,0.307692307,0.076923077,0.363636363,13,28,26,2,4,0,2,10,8,6,2,0,1,1,0,4,0.142857142,0.035714285,,,,,,,,,-1.0,,,,,,,,57.0
Dick Hughes,1006152,116283,P,STL,0.0894528170017169,,0.08,0.1829803676366822,0.423309326171875,0.0037007194478064,,,,,125.57381301890535,0.3564867734909057,,,,,0.8,0.4,0.4,0.4,0.0,0.4,6,6,5,0,0,0,0,2,2,2,0,0,0,0,0,0,0.0,0.0,,,,,,,,,0.0,,,,,,,,21.0
Dennis Bennett,1000838,110867,P,BOS,0.0870118679724019,,0.08,-1.839405133893652,1.9048919677734375,0.0055510791717097,,,,,37.90395381755901,0.2285073637962341,,,,,0.504347826,0.304347826,0.2,0.130434782,0.173913044,0.181818181,16,27,23,2,1,1,2,7,3,1,1,0,0,2,0,11,0.407407407,0.074074074,,,,,,,,,0.0,,,,,,,,75.0
Sam McDowell,1008476,118659,P,CLE,0.08675234705185,,0.08,-5.5322020011178275,4.585851192474365,0.0222043166868388,,,,,22.345623188019047,0.1957503932137643,,,,,0.443010752,0.233333333,0.209677419,0.2,0.033333333,0.352941176,36,65,60,2,1,0,1,14,12,11,0,1,0,1,0,27,0.415384615,0.015384615,,,,,,,,,0.0,,,,,,,,194.1
Chris Zachary,1014404,124730,P,HOU,0.0852314214385757,,0.03,-1.2021072663117718,1.3404794931411743,0.0037007194478064,,,,,45.68243416118734,0.2295298262646323,,,,,0.543859648,0.333333333,0.210526315,0.222222222,0.111111111,0.444444444,10,19,18,0,3,0,2,6,4,2,2,0,0,0,0,10,0.526315789,0.0,,,,,,,,,0.0,,,,,,,,55.0
Joe Hoerner,1005895,116017,P,STL,0.0836749915813219,,0.09,-0.3871172398908974,0.7760670781135559,0.0,,,,,69.87926452218207,0.2701357901096344,,,,,0.625,0.5,0.125,0.125,0.375,0.0,57,11,8,1,3,1,1,4,1,0,0,0,0,0,0,5,0.454545454,0.0,,,,,,,,,0.0,,,,,,,,76.0
Ed Spiezio,1012340,122595,3B,STL,0.0834525252777674,,-0.18,-1.4077266462015876,-0.5546420216560364,0.2222043196670711,,,,,82.34133514947573,0.2894574666952157,,,,,0.666491042,0.397260273,0.269230769,0.219178082,0.178082191,0.233333333,26,79,73,4,10,2,8,29,16,8,5,1,1,5,1,11,0.139240506,0.063291139,,,,,,,,,-1.0,,,,,,,,162.1
Joe Moeller,1009023,119218,P,LAD,0.0831799362284963,,0.07,-1.013314708553844,1.1993764638900757,0.0074014388956129,,,,,48.610805723077696,0.2252498779978071,,,,,0.452380951,0.166666666,0.285714285,0.166666666,0.0,0.285714285,29,17,12,1,0,0,0,2,2,2,0,0,0,2,0,5,0.294117647,0.117647058,,,,,,,,,0.0,,,,,,,,78.2
Arlo Brunsberg,1001595,111634,C,DET,0.0808477733663743,,0.11,0.5798968746002056,0.0411522611975669,0.0018503597239032,,,,,231.324103573228,0.5020058900117874,,,,,1.166666666,0.666666666,0.5,0.333333333,0.333333333,0.333333333,2,4,3,1,0,0,1,2,1,0,1,0,0,0,0,0,0.0,0.0,,,,,,,,,0.0,,,,,,,,6.0
Bobby Wine Sr.,1014124,124445,SS,PHI,0.0799128888060656,,0.14,-5.0112745481315315,2.622544527053833,-0.3340952578000724,,,,,58.73061201812472,0.2524877075226076,,,,,0.583801497,0.292134831,0.291666666,0.235955056,0.056179775,0.276315789,46,97,89,8,5,0,5,26,21,16,5,0,0,6,3,13,0.134020618,0.06185567,,,,,,,,,1.0,,,,,,,,240.29999999999998
Don Wilson,1014071,124385,P,HOU,0.0784771277322924,,0.08,0.4987381550666332,0.1411031037569046,0.0,,,,,313.4314148636197,0.6446582078933716,,,,,1.5,1.0,0.5,0.5,0.5,0.5,1,2,2,0,0,0,1,2,1,0,1,0,0,0,0,0,0.0,0.0,,,,,,,,,0.0,,,,,,,,6.0
Lee May,1008303,118474,1B,CIN,0.076565361696757,,0.12,1.894832783611516,-3.987654268741608,-0.3396463369717821,,,,,125.4994481757316,0.3675606465339661,,,,,0.839999999,0.506666666,0.333333333,0.333333333,0.173333333,0.389830508,25,75,75,14,10,2,8,38,25,17,5,1,0,0,0,14,0.186666666,0.0,,,,,,,,,-3.0,,,,,,,,144.0
Phil Regan,1010785,121017,P,LAD,0.0658690120820821,,0.07,-2.101660856097362,1.834340453147888,0.0111021583434194,,,,,30.450632898759288,0.1970936432480812,,,,,0.392857142,0.142857142,0.25,0.142857142,0.0,0.176470588,65,26,21,2,0,0,0,3,3,3,0,0,0,3,0,4,0.153846153,0.115384615,,,,,,,,,0.0,,,,,,,,116.2
Mickey Lolich,1007712,117875,P,DET,0.0633040128094172,,0.31,-6.520084025678968,5.15026330947876,0.0277553958585485,,,,,18.488889616613505,0.1912122091776888,,,,,0.397227112,0.171875,0.225352112,0.140625,0.03125,0.25,40,73,64,12,3,0,1,11,9,8,0,1,0,7,0,28,0.383561643,0.09589041,,,,,,,,,0.0,,,,,,,,203.2
Joe Sparma,1012307,122564,P,DET,0.062992860177906,,0.1,-1.8612470377903203,1.763788819313049,0.0074014388956129,,,,,32.075061842586365,0.2110514848128609,,,,,0.478260869,0.260869565,0.217391304,0.217391304,0.043478261,0.277777777,29,25,23,0,1,0,1,6,5,4,1,0,0,0,0,5,0.2,0.0,,,,,,,,,0.0,,,,,,,,91.2
Dennis Ribant,1010890,121133,P,NYM,0.0617329918434279,,0.27,-6.283827790859937,4.656402587890625,0.0222043166868388,,,,,18.223600220105897,0.1899715306297425,,,,,0.422792173,0.213114754,0.209677419,0.196721311,0.016393443,0.24,40,66,61,3,5,0,1,13,12,11,1,0,0,1,0,11,0.166666666,0.015151515,,,,,,,,,0.0,,,,,,,,188.1
Bob Hendley,1005637,115753,P,CHC,0.0601961927870181,,0.03,-1.5309501079668506,1.4110311269760132,0.0074014388956129,,,,,34.16734936579554,0.2221407353878021,,,,,0.472222222,0.222222222,0.25,0.166666666,0.055555556,0.3,43,20,18,2,2,0,1,4,3,2,1,0,0,2,0,8,0.4,0.1,,,,,,,,,0.0,,,,,,,,89.2
Don Lee,1007453,117602,P,HOU,0.0600979070523936,,0.06,0.4370212865398251,0.0705515518784523,0.0018503597239032,,,,,472.45655129564295,0.8912169337272644,,,,,2.0,1.0,1.0,1.0,0.0,1.0,9,1,1,0,0,0,0,1,1,1,0,0,0,0,0,0,0.0,0.0,,,,,,,,,0.0,,,,,,,,37.0
Cecil Upshaw,1013292,123576,P,ATL,0.0596592498930791,,0.06,0.433075093977245,0.0705515518784523,0.0018503597239032,,,,,469.0790617115816,0.8912169337272644,,,,,2.0,1.0,1.0,1.0,0.0,1.0,1,1,1,0,1,0,0,1,1,1,0,0,0,0,0,0,0.0,0.0,,,,,,,,,0.0,,,,,,,,3.0
Darold Knowles,1007058,117210,P,PHI,0.0595803547260205,,0.03,-1.1219942509225145,1.1288248300552368,0.0074014388956129,,,,,39.5854022872604,0.2228042334318161,,,,,0.5,0.25,0.25,0.25,0.0,0.307692307,69,16,16,0,2,0,0,4,4,4,0,0,0,0,0,3,0.1875,0.0,,,,,,,,,0.0,,,,,,,,100.1
Dom Zanni,1014417,124742,P,CIN,0.0589017517758176,,0.06,0.4262605843470418,0.0705515518784523,0.0018503597239032,,,,,463.246620711427,0.8912169337272644,,,,,2.0,1.0,1.0,1.0,0.0,1.0,5,1,1,1,0,0,0,1,1,1,0,0,0,0,0,0,0.0,0.0,,,,,,,,,0.0,,,,,,,,7.1
Jose Tartabull,1012830,123097,CF,- - -,0.0575472685010218,,0.22999999999999998,-6.817079291900598,-2.084362342953682,2.472870824043639,,,,,75.6709272881533,0.2805702591643614,,,,,0.629356959,0.332298136,0.297058823,0.260869565,0.071428571,0.280936454,105,347,322,41,15,0,16,107,84,68,9,7,19,17,0,24,0.069164265,0.048991354,,,,,,,,,-2.0,,,,,,,,654.2
Dan Osinski,1009875,120093,P,BOS,0.0540713862864533,,0.05,-0.0962743035302987,0.423309326171875,0.0037007194478064,,,,,84.85804638620121,0.2970723112424214,,,,,0.666666666,0.333333333,0.333333333,0.333333333,0.0,0.4,44,6,6,0,1,0,0,2,2,2,0,0,0,0,0,1,0.166666666,0.0,,,,,,,,,0.0,,,,,,,,67.1
Dick Bosman,1001215,111252,P,WAS,0.0520847916829664,,-0.03,-0.8910852136348119,0.9877217411994934,0.0055510791717097,,,,,41.799069623198825,0.2228042334318161,,,,,0.5,0.25,0.25,0.25,0.0,0.3,13,14,12,1,1,0,0,3,3,3,0,0,0,0,0,2,0.142857142,0.0,,,,,,,,,0.0,,,,,,,,39.0
Hank Aguirre,1000087,110091,P,DET,0.0508693953006925,,0.05,-2.553015284798964,2.187098264694214,0.0111021583434194,,,,,24.834618085338622,0.200478590767959,,,,,0.40137931,0.16,0.24137931,0.12,0.04,0.333333333,30,31,25,0,0,0,1,4,3,2,1,0,0,4,0,16,0.516129032,0.129032258,,,,,,,,,0.0,,,,,,,,103.1
Jose Santiago,1011443,121695,P,BOS,0.0503425648472433,,0.09,-5.5683948545731425,4.374196529388428,0.0222043166868388,,,,,18.057668738340364,0.1995267271995544,,,,,0.438423645,0.214285714,0.224137931,0.196428571,0.017857143,0.25,38,62,56,5,1,0,1,12,11,10,1,0,0,2,0,12,0.193548387,0.032258064,,,,,,,,,0.0,,,,,,,,172.0
Jim Hicks,1005779,115899,RF,CHW,0.049327250197697,,0.04,-1.7063037238114334,1.6069961190223694,0.0092517986195161,,,,,44.32138854985782,0.2184446608578717,,,,,0.491452991,0.269230769,0.222222222,0.192307692,0.076923077,0.238095238,18,28,26,3,1,0,1,7,5,4,0,1,0,1,0,5,0.178571428,0.035714285,,,,,,,,,2.0,,,,,,,,62.1
Ted Savage,1011470,121721,RF,STL,0.0487748561203478,,0.04,-0.4735953274175331,-0.1790123283863067,0.8111021702643484,,,,,66.68017720971179,0.2651758013349591,,,,,0.583072099,0.310344827,0.272727272,0.172413793,0.137931034,0.227272727,16,33,29,4,3,0,3,9,5,2,2,1,4,4,0,7,0.212121212,0.121212121,,,,,,,,,0.0,,,,,,,,51.0
Arnold Umbach,1013275,123559,P,ATL,0.048094055496592,,0.04,-0.2927101051466448,0.4938608705997467,0.0037007194478064,,,,,63.75803270061265,0.2627915243307749,,,,,0.533333333,0.2,0.333333333,0.2,0.0,0.5,22,7,5,0,0,0,0,1,1,1,0,0,0,1,0,3,0.428571428,0.142857142,,,,,,,,,0.0,,,,,,,,40.2
Jim Bunning,1001653,111691,P,PHI,0.0471342086977839,,-0.01,-11.389110367306577,8.042877197265625,0.0351568347541615,,,,,14.229242516692429,0.1834910620342601,,,,,0.407547169,0.207547169,0.2,0.179245283,0.028301886,0.279411764,43,114,106,10,5,0,3,22,19,16,3,0,0,3,0,39,0.342105263,0.026315789,,,,,,,,,0.0,,,,,,,,314.0
Dick Selma,1011737,121992,P,NYM,0.0457864125589073,,-0.01,-1.5569575118090129,1.3404794931411743,0.0055510791717097,,,,,29.61427999596276,0.2076320813761817,,,,,0.436507936,0.214285714,0.222222222,0.071428571,0.142857143,0.125,31,19,14,1,1,0,1,3,1,0,0,1,0,2,0,7,0.368421052,0.105263157,,,,,,,,,0.0,,,,,,,,80.2
Larry Miller,1008914,119094,P,NYM,0.0448298243314365,,0.05,0.1960445010092213,0.1411031037569046,0.0018503597239032,,,,,183.1039893613385,0.4456084668636322,,,,,1.0,0.5,0.5,0.5,0.0,1.0,4,2,2,0,0,0,0,1,1,1,0,0,0,0,0,1,0.5,0.0,,,,,,,,,0.0,,,,,,,,8.1
Guido Grilli,1005058,115157,P,BOS,0.042977421559762,,0.04,0.1923932545807316,0.1411031037569046,0.0018503597239032,,,,,186.57737471066852,0.4456084668636322,,,,,1.0,0.5,0.5,0.5,0.0,1.0,6,2,2,1,0,0,0,1,1,1,0,0,0,0,0,1,0.5,0.0,,,,,,,,,0.0,,,,,,,,20.1
Darrell Osteen,1009879,120097,P,CIN,0.0429426235023955,,0.04,0.17906710142159,0.1411031037569046,0.0018503597239032,,,,,175.83863302579,0.4456084668636322,,,,,1.0,0.5,0.5,0.5,0.0,1.0,16,2,2,1,0,0,0,1,1,1,0,0,0,0,0,1,0.5,0.0,,,,,,,,,0.0,,,,,,,,15.0
Tom Cheney,1002177,112231,P,WAS,0.0426436115611076,,0.06,0.2865076944925177,0.0705515518784523,0.0018503597239032,,,,,358.68070026878104,0.6855322122573853,,,,,1.0,0.0,1.0,0.0,0.0,0.0,3,1,0,1,0,0,0,0,0,0,0,0,0,1,0,0,0.0,1.0,,,,,,,,,0.0,,,,,,,,5.1
Jack Sanford,1011432,121684,P,CAL,0.0420369618529267,,0.02,-2.146885365579097,1.834340453147888,0.0055510791717097,,,,,24.768687605400594,0.1936365675926208,,,,,0.427272727,0.227272727,0.2,0.136363636,0.090909091,0.272727272,50,26,22,1,1,0,2,5,3,1,2,0,0,2,0,12,0.461538461,0.076923076,,,,,,,,,0.0,,,,,,,,108.0
Bill Connors,1002522,112594,P,CHC,0.0419915966259133,,0.04,0.2741355658270704,0.0705515518784523,0.0018503597239032,,,,,333.0450004462442,0.6855322122573853,,,,,1.0,0.0,1.0,0.0,0.0,0.0,11,1,0,0,0,0,0,0,0,0,0,0,0,1,0,0,0.0,1.0,,,,,,,,,0.0,,,,,,,,16.0
Joe Gibbon,1004658,114743,P,SFG,0.0407681001941866,,0.1,-1.2912306975244752,1.1288248300552368,0.0074014388956129,,,,,30.532461912184704,0.2099489383399486,,,,,0.45,0.2,0.25,0.2,0.0,0.333333333,37,16,15,1,1,0,0,3,3,3,0,0,0,1,0,6,0.375,0.0625,,,,,,,,,0.0,,,,,,,,81.0
Deacon Jones,1006550,116689,,CHW,0.0389403262355993,,0.04,0.2174807441982764,0.0,0.0037007194478064,,,,,138.85427125978012,0.3564867734909057,,,,,0.8,0.4,0.4,0.4,0.0,0.4,5,5,5,0,0,0,0,2,2,2,0,0,0,0,0,0,0.0,0.0,,,,,,,,,,,,,,,,,
Hal Woodeshick,1014215,124552,P,STL,0.0328938906445029,,0.03,-0.2222039917411473,0.3527577817440033,0.0,,,,,61.96375844609607,0.2578632831573486,,,,,0.6,0.4,0.2,0.2,0.2,1.0,59,5,5,0,0,0,1,2,1,0,1,0,0,0,0,4,0.8,0.0,,,,,,,,,0.0,,,,,,,,70.1
Tom Phoebus,1010301,120531,P,BAL,0.0314514813522704,,0.04,-0.4939994817675837,0.5644124150276184,0.0037007194478064,,,,,43.46472897011335,0.2252498779978071,,,,,0.452380951,0.166666666,0.285714285,0.166666666,0.0,0.333333333,3,8,6,1,0,0,0,1,1,1,0,0,0,1,0,3,0.375,0.125,,,,,,,,,0.0,,,,,,,,22.0
Bo Belinsky,1000791,110812,P,PHI,0.0298865373516423,,0.02,-0.0420104052298481,0.2116546630859375,0.0018503597239032,,,,,87.48673356819991,0.2970723112424214,,,,,0.666666666,0.333333333,0.333333333,0.333333333,0.0,0.5,9,3,3,1,0,0,0,1,1,1,0,0,0,0,0,1,0.333333333,0.0,,,,,,,,,0.0,,,,,,,,15.1
Frank Kreutzer,1007163,117317,P,WAS,0.0298215043677159,,0.03,-0.5086628764416344,0.5644124150276184,0.0037007194478064,,,,,41.799069623198825,0.2228042334318161,,,,,0.5,0.25,0.25,0.25,0.0,1.0,9,8,8,0,0,0,0,2,2,2,0,0,0,0,0,6,0.75,0.0,,,,,,,,,0.0,,,,,,,,31.1
Jimy Williams,1014007,124318,SS,STL,0.0293419591466137,,-0.1,-0.3263222271721556,0.1934156268835067,0.0074014388956129,,,,,76.19755861242733,0.2799319177865982,,,,,0.606060605,0.272727272,0.333333333,0.272727272,0.0,0.5,13,12,11,1,1,0,0,3,3,3,0,0,0,1,0,5,0.416666666,0.083333333,,,,,,,,,0.0,,,,,,,,30.0
Ron Clark,1002306,112342,3B,MIN,0.0287353262711123,,-0.02,0.1998864375975086,0.005486967973411,0.0018503597239032,,,,,189.982067991447,0.4456084668636322,,,,,1.5,1.0,0.5,1.0,0.0,0.5,5,2,1,1,1,0,0,1,1,1,0,0,0,0,0,0,0.0,0.0,,,,,,,,,0.0,,,,,,,,2.0
Ron Kline,1007004,117155,P,WAS,0.0275793006404782,,0.04,-0.4317164964749548,0.4938608705997467,0.0037007194478064,,,,,43.47387614779602,0.2252498779978071,,,,,0.452380951,0.166666666,0.285714285,0.166666666,0.0,0.5,63,7,6,1,1,0,0,1,1,1,0,0,0,1,0,4,0.571428571,0.142857142,,,,,,,,,0.0,,,,,,,,90.1
Bob Heffner,1005578,115694,P,CLE,0.0274293787615867,,0.03,0.0525219004947164,0.1411031037569046,0.0018503597239032,,,,,123.02373423988313,0.3427661061286926,,,,,0.5,0.0,0.5,0.0,0.0,0.0,5,2,1,0,0,0,0,0,0,0,0,0,0,1,0,0,0.0,0.5,,,,,,,,,0.0,,,,,,,,13.0
Jack Baldschun,1000475,110496,P,CIN,0.0269834960571769,,0.03,-0.0681263815038616,0.2116546630859375,0.0018503597239032,,,,,80.03597046391094,0.2970723112424214,,,,,0.666666666,0.333333333,0.333333333,0.333333333,0.0,1.0,42,3,3,1,1,0,0,1,1,1,0,0,0,0,0,2,0.666666666,0.0,,,,,,,,,0.0,,,,,,,,57.1
Johnny Lewis,1007584,117739,RF,NYM,0.0266933987201607,,-0.02,-4.9058937937346565,-0.9711930751800536,0.4758647546404972,,,,,75.49909622307004,0.278773676207725,,,,,0.613240194,0.331325301,0.281914893,0.192771084,0.138554217,0.226890756,65,188,166,21,20,5,12,55,32,20,6,1,2,21,0,43,0.228723404,0.111702127,,,,,,,,,1.0,,,,,,,,382.1
Cal Koonce,1007101,117253,P,CHC,0.0266394616921284,,-0.04,-2.7654446287897896,2.045994997024536,0.0092517986195161,,,,,18.109556770791997,0.1972441123082087,,,,,0.404682273,0.173913043,0.23076923,0.130434782,0.043478261,0.214285714,45,29,23,2,1,0,1,4,3,2,1,0,0,3,0,9,0.310344827,0.103448275,,,,,,,,,0.0,,,,,,,,108.2
Dennis Higgins,1005788,115908,P,CHW,0.0245652990508925,,0.03,-1.5271223325648315,1.269927978515625,0.0074014388956129,,,,,22.528357335097223,0.1866212785243988,,,,,0.39869281,0.176470588,0.222222222,0.176470588,0.0,0.23076923,42,18,17,1,1,0,0,3,3,3,0,0,0,1,0,4,0.222222222,0.055555555,,,,,,,,,0.0,,,,,,,,93.0
Fergie Jenkins,1006388,116522,P,CHC,0.0228222771107782,,0.17,-5.701255705108462,4.0214385986328125,0.0148028777912259,,,,,14.17030680342778,0.1911365467089193,,,,,0.420479302,0.235294117,0.185185185,0.137254901,0.098039216,0.24,60,57,51,6,2,1,2,12,7,5,0,1,0,3,0,25,0.438596491,0.052631578,,,,,,,,,0.0,,,,,,,,184.1
George Kernek,1006867,117015,1B,STL,0.0225759123210518,,-0.05,-1.6650160274723578,0.1495199799537658,0.229605758562684,,,,,70.51673458730178,0.2711241483688354,,,,,0.589090909,0.28,0.309090909,0.24,0.04,0.292682926,20,55,50,5,3,0,1,14,12,11,0,1,1,4,0,9,0.163636363,0.072727272,,,,,,,,,1.0,,,,,,,,124.0
Jerry McNertney,1008669,118855,C,CHW,0.0221462315504549,,-0.16,-2.889505614335642,1.202558159828186,-0.1340952548198402,,,,,64.73291314824698,0.2482506912766081,,,,,0.523369286,0.220338983,0.303030303,0.220338983,0.0,0.245283018,44,71,59,3,1,0,0,13,13,13,0,0,1,7,0,6,0.084507042,0.098591549,,,,,,,,,0.0,,,,,,,,175.1
Vic Davalillo,1003012,113077,CF,CLE,0.0219382399307225,,0.65,-11.457793810652172,2.0,-0.4582319549517706,,,,,73.05717527326605,0.2698021896265365,,,,,0.614157762,0.316860465,0.297297297,0.25,0.066860465,0.27124183,121,371,344,42,19,3,13,109,86,73,6,4,8,24,6,37,0.099730458,0.064690026,,,,,,,,,2.0,,,,,,,,748.2
Ron Davis,1003074,113134,CF,HOU,0.0213976401382102,,-0.14,-4.186180992489323,-3.0,-0.249686912400648,,,,,84.25612713983163,0.2893359726695923,,,,,0.648263057,0.340206185,0.308056872,0.24742268,0.092783505,0.277108433,48,214,194,21,19,2,13,66,48,35,10,1,2,13,2,26,0.121495327,0.060747663,,,,,,,,,-3.0,,,,,,,,415.0
Ed Sadowski,1011364,121611,C,ATL,0.0203487784931066,,0.03,-1.2118815948141457,1.164609044790268,0.0037007194478064,,,,,-4.03994584350942,0.1576749145984649,,,,,0.311111111,0.111111111,0.2,0.111111111,0.0,0.125,3,10,9,1,1,0,0,1,1,1,0,0,0,1,0,1,0.1,0.1,,,,,,,,,1.0,,,,,,,,24.0
Dick Hall,1005241,115350,P,BAL,0.0197909390958231,,0.01,-1.4729554489186474,1.1993764638900757,0.0055510791717097,,,,,20.965633924223585,0.1923954624396104,,,,,0.397435896,0.166666666,0.23076923,0.166666666,0.0,0.285714285,32,17,12,0,2,0,0,2,2,2,0,0,0,0,0,5,0.294117647,0.0,,,,,,,,,0.0,,,,,,,,66.0
Brock Davis,1003038,113098,CF,HOU,0.0195987971061044,,0.11,-1.7816127077864776,1.0,0.2148028807714581,,,,,46.603017110153466,0.2309571336954832,,,,,0.466435185,0.185185185,0.28125,0.148148148,0.037037037,0.173913043,10,32,27,2,1,0,1,5,4,3,1,0,1,5,0,4,0.125,0.15625,,,,,,,,,1.0,,,,,,,,58.2
Greg Goossen,1004870,114963,C,NYM,0.0189054118975923,,-0.06,-1.4619323454220312,0.5075445175170898,0.0092517986195161,,,,,62.9657236322783,0.2593414502985337,,,,,0.579044117,0.34375,0.235294117,0.1875,0.15625,0.25,13,34,32,1,5,1,3,11,6,3,2,0,0,1,0,11,0.323529411,0.029411764,,,,,,,,,0.0,,,,,,,,74.0
Larry Dierker,1003288,113352,P,HOU,0.0181374998605574,,-0.1,-7.194136129688973,5.00916051864624,0.0166532375151291,,,,,13.075899433808354,0.1789753929428432,,,,,0.39779364,0.223880597,0.173913043,0.149253731,0.074626866,0.2,29,71,67,6,4,1,3,15,10,7,2,0,0,2,0,21,0.295774647,0.028169014,,,,,,,,,0.0,,,,,,,,187.0
Bill Robinson,1011054,121326,LF,ATL,0.0164122610685304,,0.04,-0.0556568875109427,-0.1604938209056854,0.0037007194478064,,,,,95.38151600196194,0.3118217966773293,,,,,0.727272726,0.454545454,0.272727272,0.272727272,0.181818182,0.3,6,11,11,1,3,0,1,5,3,2,0,1,0,0,0,1,0.09090909,0.0,,,,,,,,,0.0,,,,,,,,26.0
Catfish Hunter,1006199,116334,P,KCA,0.0159467394506164,,0.03,-6.169174534614449,4.585851192474365,0.2185036002192646,,,,,10.695916637211166,0.1811618949136426,,,,,0.396938217,0.20338983,0.193548387,0.152542372,0.050847458,0.236842105,30,65,59,5,4,0,2,12,9,7,1,1,1,3,0,21,0.323076923,0.046153846,,,,,,,,,0.0,,,,,,,,176.2
Bill Hepler,1005681,115798,P,NYM,0.0153472681513595,,-0.02,-1.4162944649680769,1.0582733154296875,0.0055510791717097,,,,,18.87085354097451,0.1909750572272709,,,,,0.428571428,0.214285714,0.214285714,0.214285714,0.0,0.428571428,37,15,14,0,0,0,0,3,3,3,0,0,0,0,0,7,0.466666666,0.0,,,,,,,,,0.0,,,,,,,,69.0
Charlie Vaughan,1013379,123669,P,ATL,0.0140543594245974,,0.01,-0.2880618259085003,0.2822062075138092,0.0018503597239032,,,,,37.967080183126015,0.2228042334318161,,,,,0.5,0.25,0.25,0.25,0.0,0.333333333,1,4,4,0,0,0,0,1,1,1,0,0,0,0,0,1,0.25,0.0,,,,,,,,,0.0,,,,,,,,7.0
Jim Dickson,1003279,113343,P,KCA,0.0136454593067155,,0.02,-0.2657141074312512,0.2822062075138092,0.0018503597239032,,,,,39.2130859837149,0.2228042334318161,,,,,0.5,0.25,0.25,0.25,0.0,0.333333333,24,4,4,0,0,0,0,1,1,1,0,0,0,0,0,1,0.25,0.0,,,,,,,,,0.0,,,,,,,,37.0
Ken Sanders,1011417,121670,P,- - -,0.0136232245274055,,0.049999999999999996,-1.819792876367834,1.4110310673713684,0.0074014388956129,,,,,16.97738872885729,0.1970936432480812,,,,,0.392857142,0.142857142,0.25,0.142857142,0.0,0.153846153,62,20,14,2,1,0,0,2,2,2,0,0,0,2,0,1,0.05,0.1,,,,,,,,,0.0,,,,,,,,112.2
Bob Priddy,1010532,120765,P,SFG,0.0133663825571104,,0.02,-1.7449865867672092,1.269927978515625,0.0074014388956129,,,,,16.675346481314424,0.1884643303023444,,,,,0.39869281,0.176470588,0.222222222,0.176470588,0.0,0.3,39,18,17,0,0,0,0,3,3,3,0,0,0,0,0,7,0.388888888,0.0,,,,,,,,,0.0,,,,,,,,91.0
Chris Krug,1007178,117333,C,CHC,0.0123285832304583,,0.04,-2.2279085223641895,1.480109691619873,0.0111021583434194,,,,,33.91940998415044,0.2217563205751879,,,,,0.49137931,0.25,0.24137931,0.214285714,0.035714286,0.3,11,29,28,1,1,0,1,7,6,5,1,0,0,1,0,8,0.275862068,0.034482758,,,,,,,,,1.0,,,,,,,,70.0
Billy Hoeft,1005893,116015,P,CHC,0.0123026924430809,,0.03,-0.3038199528826061,0.2822062075138092,0.0018503597239032,,,,,34.595291498505894,0.2228042334318161,,,,,0.5,0.25,0.25,0.25,0.0,0.333333333,36,4,4,0,0,0,0,1,1,1,0,0,0,0,0,1,0.25,0.0,,,,,,,,,0.0,,,,,,,,44.2
Rich Nye,1009667,119874,P,CHC,0.0123026924430809,,0.01,-0.3038199528826061,0.2822062075138092,0.0018503597239032,,,,,34.595291498505894,0.2228042334318161,,,,,0.5,0.25,0.25,0.25,0.0,0.25,3,4,4,0,0,0,0,1,1,1,0,0,0,0,0,0,0.0,0.0,,,,,,,,,0.0,,,,,,,,17.0
Gene Oliver,1009777,119986,C,ATL,0.0098970170400581,,-0.07,-6.460129588870618,-0.6641497611999512,0.4592115171253681,,,,,71.66428346463888,0.2750496814890605,,,,,0.631771042,0.37696335,0.254807692,0.193717277,0.183246073,0.205673758,76,209,191,19,24,8,18,72,37,19,9,1,2,16,3,43,0.205741626,0.076555023,,,,,,,,,-3.0,,,,,,,,407.2
Jimmie Schaffer,1011511,121762,C,PHI,0.0095297997037162,,-0.04,-0.6972002102074292,0.2537722587585449,0.0018503597239032,,,,,62.605790562151185,0.2584959343075752,,,,,0.5875,0.4,0.1875,0.133333333,0.266666667,0.142857142,8,16,15,2,4,1,2,6,2,0,1,0,0,1,0,7,0.4375,0.0625,,,,,,,,,0.0,,,,,,,,37.0
Robin Roberts,1011046,121283,P,- - -,0.0081162661939825,,0.11,-3.6574485880361185,2.53985595703125,0.0129525180673226,,,,,12.737676826743122,0.1805259883403778,,,,,0.348717948,0.115384615,0.233333333,0.115384615,0.0,0.176470588,24,36,26,2,0,0,0,3,3,3,0,0,0,4,0,9,0.25,0.111111111,,,,,,,,,0.0,,,,,,,,112.0
Ted Abernathy,1000020,110021,P,- - -,0.007980047098939,,-0.010000000000000009,-1.275322574401503,0.9171701967716216,0.0055510791717097,,,,,18.473340815067104,0.1898435445932241,,,,,0.397435896,0.166666666,0.23076923,0.166666666,0.0,0.285714285,58,13,12,0,0,0,0,2,2,2,0,0,0,1,0,5,0.384615384,0.076923076,,,,,,,,,0.0,,,,,,,,93.0
Ron Taylor,1012885,123154,P,HOU,0.0057082811258847,,-0.03,-1.1921355849875566,0.84661865234375,0.0018503597239032,,,,,14.84038036185016,0.1817111124595006,,,,,0.416666666,0.25,0.166666666,0.166666666,0.083333334,0.285714285,36,12,12,0,0,0,1,3,2,1,1,0,0,0,0,5,0.416666666,0.0,,,,,,,,,0.0,,,,,,,,64.2
Rene Lachemann,1007235,117389,C,KCA,0.0052323827955735,,-0.03,-0.2023565018477108,0.1165980696678161,0.0,,,,,63.22194076294835,0.2578632831573486,,,,,0.6,0.4,0.2,0.2,0.2,0.25,7,5,5,0,0,0,1,2,1,0,1,0,0,0,0,1,0.2,0.0,,,,,,,,,0.0,,,,,,,,17.0
Ruben Amaro Sr.,1000206,110216,SS,NYY,0.004056283864674,,-0.11,-1.9382380839350448,1.4641062915325165,0.0092517986195161,,,,,23.053472879551347,0.1937428116798401,,,,,0.434782608,0.217391304,0.217391304,0.217391304,0.0,0.238095238,14,23,23,0,3,0,0,5,5,5,0,0,0,0,0,2,0.086956521,0.0,,,,,,,,,1.0,,,,,,,,67.2
Barry Latman,1007377,117533,P,HOU,0.0013425666529873,,-0.04,-2.8893934496930487,1.9754434823989868,0.0111021583434194,,,,,11.339551176733492,0.1762832914079938,,,,,0.368131867,0.153846153,0.214285714,0.153846153,0.0,0.222222222,31,28,26,1,1,0,0,4,4,4,0,0,0,2,0,8,0.285714285,0.071428571,,,,,,,,,0.0,,,,,,,,103.0
Dooley Womack,1014203,124524,P,NYY,0.0006302517540709,,-0.02,-0.479917328444357,0.3527577817440033,0.0018503597239032,,,,,12.439282097867796,0.1782433867454528,,,,,0.4,0.2,0.2,0.2,0.0,0.2,42,5,5,0,0,0,0,1,1,1,0,0,0,0,0,0,0.0,0.0,,,,,,,,,0.0,,,,,,,,75.0
Willie Crawford,1002750,112808,,LAD,0.0,,-0.01,0.0,0.0,0.0,,,,,,0.0,,,,,0.0,0.0,0.0,0.0,0.0,0.0,6,0,0,1,0,0,0,0,0,0,0,0,0,0,0,0,0.0,0.0,,,,,,,,,,,,,,,,,
Jose Vidal,1013426,123722,RF,CLE,-0.0025110080725104,,0.08,-1.491553580001049,0.5864197909832001,-0.354449214763008,,,,,72.07197324445458,0.268363543458887,,,,,0.578547297,0.28125,0.297297297,0.1875,0.09375,0.285714285,17,37,32,4,3,0,2,9,6,4,1,1,0,5,0,11,0.297297297,0.135135135,,,,,,,,,1.0,,,,,,,,82.0
Mel Stottlemyre Sr.,1012579,122839,P,NYY,-0.0058337198160681,,0.16,-8.69593130236971,6.279088497161865,0.0222043166868388,,,,,10.982526664243297,0.1761161523706772,,,,,0.388970588,0.2125,0.176470588,0.1375,0.075,0.204081632,37,89,80,8,7,1,3,17,11,8,1,1,0,4,0,31,0.348314606,0.04494382,,,,,,,,,0.0,,,,,,,,251.0
Hoyt Wilhelm,1013945,124261,P,CHW,-0.0065073660933489,,-0.01,-0.8354801080227666,0.5644124150276184,0.0,,,,,5.095287822267639,0.1611645519733429,,,,,0.375,0.25,0.125,0.125,0.125,0.25,46,8,8,0,0,0,1,2,1,0,1,0,0,0,0,4,0.5,0.0,,,,,,,,,0.0,,,,,,,,81.1
Marv Staehle,1012374,122631,2B,CHW,-0.0069025422228434,,0.08,-0.671099662328899,0.104252390563488,0.2111021613236516,,,,,57.80548498751864,0.238134879814951,,,,,0.449122806,0.133333333,0.315789473,0.133333333,0.0,0.153846153,8,19,15,2,0,0,0,2,2,2,0,0,1,4,0,2,0.105263157,0.210526315,,,,,,,,,0.0,,,,,,,,38.0
Lew Krausse Jr.,1007146,117298,P,KCA,-0.0079605624051237,,-0.03,-6.190011404334972,4.4447479248046875,0.0203539569629356,,,,,10.41851642702886,0.1807568198756168,,,,,0.383603238,0.173076923,0.210526315,0.153846153,0.01923077,0.275862068,40,63,52,5,3,0,1,9,8,7,1,0,0,3,0,24,0.38095238,0.047619047,,,,,,,,,0.0,,,,,,,,177.2
Juan Pizarro,1010382,120612,P,CHW,-0.0117902813137434,,0.02,-3.116706414828628,2.187098264694214,0.0074014388956129,,,,,8.418875041857444,0.1660178367580686,,,,,0.37087912,0.192307692,0.178571428,0.153846153,0.038461539,0.181818181,34,31,26,2,2,0,1,5,4,3,1,0,0,1,0,5,0.161290322,0.032258064,,,,,,,,,0.0,,,,,,,,88.2
Rich Reese,1010778,121012,,MIN,-0.0124720808301611,,-0.02,-0.1918973736466319,0.0,0.0018503597239032,,,,,41.31095739547283,0.2285107374191284,,,,,0.333333333,0.0,0.333333333,0.0,0.0,0.0,3,3,2,0,0,0,0,0,0,0,0,0,0,1,0,2,0.666666666,0.333333333,,,,,,,,,,,,,,,,,
J.C. Martin,1008173,118344,C,CHW,-0.0135790967649618,,-0.03,-1.2677120403837077,-4.206221103668213,0.0721640292322263,,,,,93.04225943411942,0.289589555135795,,,,,0.679149278,0.363057324,0.316091954,0.25477707,0.108280254,0.285714285,67,175,157,13,20,2,10,57,40,30,5,3,0,14,6,24,0.137142857,0.08,,,,,,,,,-7.0,,,,,,,,407.1
Harvey Kuenn,1007200,117354,LF,- - -,-0.0136370610229931,,-0.09000000000000001,-1.6581787226021714,-4.685642311349511,0.0888172667473554,,,,,91.64676649812974,0.303647965709598,,,,,0.685185184,0.351851851,0.333333333,0.296296296,0.055555555,0.326530612,89,179,162,15,15,0,9,57,48,39,9,0,0,10,1,17,0.094972067,0.055865921,,,,,,,,,-3.0,,,,,,,,270.1
Greg Bollo,1001150,111179,P,CHW,-0.0143138049774167,,-0.02,-0.225885478069342,0.0705515518784523,0.0,,,,,-100.0,0.0,,,,,0.0,0.0,0.0,0.0,0.0,0.0,3,1,1,0,0,0,0,0,0,0,0,0,0,0,0,1,1.0,0.0,,,,,,,,,0.0,,,,,,,,7.0
Dick Egan,1003699,113770,P,CAL,-0.0146274174866236,,-0.02,-0.2287067596216568,0.0705515518784523,0.0,,,,,-100.0,0.0,,,,,0.0,0.0,0.0,0.0,0.0,0.0,11,1,1,0,0,0,0,0,0,0,0,0,0,0,0,0,0.0,0.0,,,,,,,,,0.0,,,,,,,,14.1
Bill Kelso,1006820,116965,P,CAL,-0.0146274174866236,,-0.02,-0.2287067596216568,0.0705515518784523,0.0,,,,,-100.0,0.0,,,,,0.0,0.0,0.0,0.0,0.0,0.0,5,1,1,0,0,0,0,0,0,0,0,0,0,0,0,0,0.0,0.0,,,,,,,,,0.0,,,,,,,,11.1
Ed Sukla,1012676,122934,P,CAL,-0.0146274174866236,,-0.02,-0.2287067596216568,0.0705515518784523,0.0,,,,,-100.0,0.0,,,,,0.0,0.0,0.0,0.0,0.0,0.0,12,1,1,0,0,0,0,0,0,0,0,0,0,0,0,1,1.0,0.0,,,,,,,,,0.0,,,,,,,,16.2
Don Arlich,1000302,110316,P,HOU,-0.0147629729968461,,-0.02,-0.2364327807326683,0.0705515518784523,0.0,,,,,-100.0,0.0,,,,,0.0,0.0,0.0,0.0,0.0,0.0,7,1,1,0,0,0,0,0,0,0,0,0,0,0,0,1,1.0,0.0,,,,,,,,,0.0,,,,,,,,4.0
Danny Coombs,1002582,112638,P,HOU,-0.0147629729968461,,-0.02,-0.2364327807326683,0.0705515518784523,0.0,,,,,-100.0,0.0,,,,,0.0,0.0,0.0,0.0,0.0,0.0,2,1,1,0,0,0,0,0,0,0,0,0,0,0,0,0,0.0,0.0,,,,,,,,,0.0,,,,,,,,2.2
Aurelio Monteagudo,1009063,119259,P,HOU,-0.0147629729968461,,-0.02,-0.2364327807326683,0.0705515518784523,0.0,,,,,-100.0,0.0,,,,,0.0,0.0,0.0,0.0,0.0,0.0,10,1,1,0,0,0,0,0,0,0,0,0,0,0,0,0,0.0,0.0,,,,,,,,,0.0,,,,,,,,28.0
Dave Eilers,1003715,113783,P,NYM,-0.0150155278589016,,-0.02,-0.238704783131636,0.0705515518784523,0.0,,,,,-100.0,0.0,,,,,0.0,0.0,0.0,0.0,0.0,0.0,23,1,1,0,0,0,0,0,0,0,0,0,0,0,0,0,0.0,0.0,,,,,,,,,0.0,,,,,,,,34.2
Gordie Richardson,1010908,121156,P,NYM,-0.0150155278589016,,-0.02,-0.238704783131636,0.0705515518784523,0.0,,,,,-100.0,0.0,,,,,0.0,0.0,0.0,0.0,0.0,0.0,15,1,1,0,0,0,0,0,0,0,0,0,0,0,0,1,1.0,0.0,,,,,,,,,0.0,,,,,,,,18.2
Dennis Aust,1000370,110386,P,STL,-0.0150218371132184,,-0.02,-0.2387615416546234,0.0705515518784523,0.0,,,,,-100.0,0.0,,,,,0.0,0.0,0.0,0.0,0.0,0.0,9,1,1,0,0,0,0,0,0,0,0,0,0,0,0,1,1.0,0.0,,,,,,,,,0.0,,,,,,,,9.2
Bill Edgerton,1003673,113741,P,KCA,-0.015303855185631,,0.01,-0.2347920436759361,0.0705515518784523,0.0,,,,,-100.0,0.0,,,,,0.0,0.0,0.0,0.0,0.0,0.0,6,1,0,0,0,0,0,0,0,0,0,0,0,0,0,0,0.0,0.0,,,,,,,,,0.0,,,,,,,,8.1
Joe Grzenda,1005112,115214,P,KCA,-0.015303855185631,,-0.01,-0.2347920436759361,0.0705515518784523,0.0,,,,,-100.0,0.0,,,,,0.0,0.0,0.0,0.0,0.0,0.0,21,1,1,0,0,0,0,0,0,0,0,0,0,0,0,1,1.0,0.0,,,,,,,,,0.0,,,,,,,,22.0
Ron Keller,1006781,116921,P,MIN,-0.0155252596573787,,-0.02,-0.2367838148374924,0.0705515518784523,0.0,,,,,-100.0,0.0,,,,,0.0,0.0,0.0,0.0,0.0,0.0,3,1,1,0,0,0,0,0,0,0,0,0,0,0,0,0,0.0,0.0,,,,,,,,,0.0,,,,,,,,5.1
Len Church,1002227,112279,P,CHC,-0.0156395469015397,,-0.02,-0.2443185050387749,0.0705515518784523,0.0,,,,,-100.0,0.0,,,,,0.0,0.0,0.0,0.0,0.0,0.0,4,1,1,0,0,0,0,0,0,0,0,0,0,0,0,0,0.0,0.0,,,,,,,,,0.0,,,,,,,,6.0
Frank Linzy,1007643,117803,P,SFG,-0.0162412564044968,,-0.05,-2.529459036043576,1.622685790061951,0.0037007194478064,,,,,5.734996419570959,0.1715019881725311,,,,,0.4,0.25,0.15,0.15,0.1,0.176470588,51,23,20,0,1,0,1,5,3,2,0,1,0,0,0,3,0.130434782,0.0,,,,,,,,,0.0,,,,,,,,100.1
George Banks,1000514,110534,,CLE,-0.01691257666313,,0.0,-0.2584102734697643,0.0,0.0018503597239032,,,,,40.8724151604425,0.2228042334318161,,,,,0.5,0.25,0.25,0.25,0.0,0.333333333,4,4,4,0,1,0,0,1,1,1,0,0,0,0,0,1,0.25,0.0,,,,,,,,,,,,,,,,,
Jim Campanis,1001870,111918,C,LAD,-0.0203417832921816,,-0.03,-0.2297860432763466,0.0137174203991889,0.0,,,,,-96.67057687146958,0.0,,,,,0.0,0.0,0.0,0.0,0.0,0.0,1,1,1,0,0,0,0,0,0,0,0,0,0,0,0,0,0.0,0.0,,,,,,,,,0.0,,,,,,,,2.0
Bob Allen,1000136,110161,P,CLE,-0.0204096164964762,,-0.03,-1.251898057033817,0.7760670781135559,0.0037007194478064,,,,,-3.728918018349741,0.1576749145984649,,,,,0.311111111,0.111111111,0.2,0.111111111,0.0,0.25,36,11,9,0,0,0,0,1,1,1,0,0,0,1,0,5,0.454545454,0.09090909,,,,,,,,,0.0,,,,,,,,51.1
Billy McCool,1008409,118591,P,CIN,-0.0210096526916443,,-0.03,-2.1578599029002565,1.3404794931411743,0.0074014388956129,,,,,2.462310019330753,0.176799105970483,,,,,0.377192981,0.166666666,0.210526315,0.166666666,0.0,0.272727272,57,19,18,1,0,0,0,3,3,3,0,0,0,1,0,7,0.368421052,0.052631578,,,,,,,,,0.0,,,,,,,,105.1
Mike Epstein,1003800,113871,1B,BAL,-0.0225256935947957,,-0.05,-0.3499654829624276,-0.1714677512645721,0.0037007194478064,,,,,73.21732432691242,0.2686962534983952,,,,,0.613636363,0.363636363,0.25,0.181818181,0.181818182,0.25,6,12,11,1,3,0,1,4,2,1,0,1,0,1,0,3,0.25,0.083333333,,,,,,,,,0.0,,,,,,,,25.0
Bob Watson,1013677,123988,,HOU,-0.0226054547920054,,-0.03,-0.2364327807326683,0.0,0.0,,,,,-100.0,0.0,,,,,0.0,0.0,0.0,0.0,0.0,0.0,1,1,1,0,0,0,0,0,0,0,0,0,0,0,0,0,0.0,0.0,,,,,,,,,,,,,,,,,
Ty Cline,1002355,112407,1B,- - -,-0.0230781805380023,,0.05,-3.4348210232734706,0.2187929153442382,0.2825579886557534,,,,,66.15264521625359,0.2675614767177131,,,,,0.584555228,0.272727272,0.311827956,0.272727272,0.0,0.32,49,94,88,15,8,0,0,24,24,24,0,0,3,3,0,13,0.138297872,0.031914893,,,,,,,,,1.0,,,,,,,,167.0
Willie Montanez,1009062,119258,1B,CAL,-0.0234702910588231,,-0.06,-0.2574135162630814,-0.0068587101995944,0.2000000029802322,,,,,-100.0,0.0,,,,,0.0,0.0,0.0,0.0,0.0,0.0,8,2,2,2,0,0,0,0,0,0,0,0,1,0,0,2,1.0,0.0,,,,,,,,,0.0,,,,,,,,1.0
Woodie Held,1005609,115723,LF,BAL,-0.0254098127783675,,-0.02,-1.734768727010996,-1.117969810962677,0.0444086333736777,,,,,82.9808726688408,0.2829535235749914,,,,,0.613388686,0.304878048,0.308510638,0.207317073,0.097560975,0.31372549,56,95,82,6,7,1,5,25,17,12,3,1,0,12,0,30,0.315789473,0.126315789,,,,,,,,,-1.0,,,,,,,,135.0
Jim McGlothlin,1008532,118717,P,CAL,-0.0259610989693778,,-0.07,-2.175896466168817,1.4110311269760132,0.0037007194478064,,,,,0.9651856086060492,0.1588773852900455,,,,,0.334365324,0.176470588,0.157894736,0.058823529,0.117647059,0.142857142,19,20,17,0,0,0,1,3,1,0,0,1,0,2,0,10,0.5,0.1,,,,,,,,,0.0,,,,,,,,67.2
Gaylord Perry,1010210,120438,P,SFG,-0.0262172154117247,,-0.15,-9.872881766750885,6.5612945556640625,0.0296057555824518,,,,,8.866699315295147,0.1763575015396907,,,,,0.393076716,0.197674418,0.195402298,0.186046511,0.011627907,0.262295081,36,93,86,4,2,0,1,17,16,15,1,0,0,1,0,25,0.268817204,0.010752688,,,,,,,,,0.0,,,,,,,,255.2
Larry Bearnarth,1000723,110742,P,NYM,-0.0271366745195194,,0.03,-1.1767393316527548,0.6349639892578125,0.0,,,,,-11.906034115576118,0.1432573795318603,,,,,0.333333333,0.222222222,0.111111111,0.111111111,0.111111111,0.166666666,29,9,9,1,0,0,1,2,1,0,1,0,0,0,0,3,0.333333333,0.0,,,,,,,,,0.0,,,,,,,,54.2
Bart Shirley,1011910,122170,SS,LAD,-0.0276104478462357,,-0.04,-0.4754761491092397,0.0617283917963504,0.0018503597239032,,,,,18.292618202785235,0.1782433867454528,,,,,0.4,0.2,0.2,0.2,0.0,0.333333333,12,5,5,2,0,0,0,1,1,1,0,0,0,0,0,2,0.4,0.0,,,,,,,,,0.0,,,,,,,,9.0
Greg Sims,1012001,122264,LF,HOU,-0.0284908410903772,,-0.01,-0.4631213269903395,-0.0246913563460111,0.0037007194478064,,,,,42.92195851891612,0.2252498779978071,,,,,0.452380951,0.166666666,0.285714285,0.166666666,0.0,0.333333333,7,7,6,1,0,0,0,1,1,1,0,0,0,1,0,3,0.428571428,0.142857142,,,,,,,,,0.0,,,,,,,,4.0
Stan Bahnsen,1000414,110434,P,NYY,-0.0290620022142477,,-0.01,-0.9412658867310972,0.4938608705997467,0.0018503597239032,,,,,-22.43591618480669,0.1273167048181806,,,,,0.285714284,0.142857142,0.142857142,0.142857142,0.0,0.5,4,7,7,0,0,0,0,1,1,1,0,0,0,0,0,5,0.714285714,0.0,,,,,,,,,0.0,,,,,,,,23.0
Cookie Rojas,1011152,121406,2B,PHI,-0.0292970014306204,,0.93,-16.55419244771053,-6.968679904937744,-1.0954003111692143,,,,,80.51405250862291,0.2862615966832781,,,,,0.639418309,0.329073482,0.310344827,0.268370607,0.060702875,0.28125,156,679,626,77,55,6,25,206,168,143,18,1,4,35,3,46,0.067746686,0.051546391,,,,,,,,,-8.0,,,,,,,,1351.4
John Boozer,1001194,111226,P,PHI,-0.0299828956838673,,-0.01,-0.476976315001561,0.1411031037569046,0.0,,,,,-100.0,0.0,,,,,0.0,0.0,0.0,0.0,0.0,0.0,2,2,2,0,0,0,0,0,0,0,0,0,0,0,0,1,0.5,0.0,,,,,,,,,0.0,,,,,,,,5.1
Bill Henry,1005665,115793,P,SFG,-0.0301807104351232,,-0.04,-0.4787558712759751,0.1411031037569046,0.0,,,,,-100.0,0.0,,,,,0.0,0.0,0.0,0.0,0.0,0.0,35,2,2,0,0,0,0,0,0,0,0,0,0,0,0,0,0.0,0.0,,,,,,,,,0.0,,,,,,,,21.2
George Culver,1002870,112933,P,CLE,-0.0302017647658662,,-0.03,-0.4659321703711289,0.1411031037569046,0.0,,,,,-100.0,0.0,,,,,0.0,0.0,0.0,0.0,0.0,0.0,5,2,2,0,0,0,0,0,0,0,0,0,0,0,0,2,1.0,0.0,,,,,,,,,0.0,,,,,,,,9.2
Luke Walker,1013525,123827,P,PIT,-0.0302118376357328,,-0.03,-0.4790358938971298,0.1411031037569046,0.0,,,,,-100.0,0.0,,,,,0.0,0.0,0.0,0.0,0.0,0.0,10,2,2,0,0,0,0,0,0,0,0,0,0,0,0,2,1.0,0.0,,,,,,,,,0.0,,,,,,,,10.0
Fred Gladding,1004751,114839,P,DET,-0.0303849865713276,,-0.03,-0.4675804474154251,0.1411031037569046,0.0,,,,,-100.0,0.0,,,,,0.0,0.0,0.0,0.0,0.0,0.0,51,2,2,0,0,0,0,0,0,0,0,0,0,0,0,1,0.5,0.0,,,,,,,,,0.0,,,,,,,,74.0
Ron Reed,1010773,121001,P,ATL,-0.0304032603123211,,-0.03,-0.4807579465904968,0.1411031037569046,0.0,,,,,-100.0,0.0,,,,,0.0,0.0,0.0,0.0,0.0,0.0,2,2,2,0,0,0,0,0,0,0,0,0,0,0,0,1,0.5,0.0,,,,,,,,,0.0,,,,,,,,8.1
Wes Stock,1012553,122810,P,KCA,-0.030607710371262,,-0.03,-0.4695840873518723,0.1411031037569046,0.0,,,,,-100.0,0.0,,,,,0.0,0.0,0.0,0.0,0.0,0.0,35,2,2,0,0,0,0,0,0,0,0,0,0,0,0,2,1.0,0.0,,,,,,,,,0.0,,,,,,,,44.0
Jim Ollom,1009783,119994,P,MIN,-0.0310505193147574,,-0.03,-0.4735676296749848,0.1411031037569046,0.0,,,,,-100.0,0.0,,,,,0.0,0.0,0.0,0.0,0.0,0.0,3,2,2,0,0,0,0,0,0,0,0,0,0,0,0,1,0.5,0.0,,,,,,,,,0.0,,,,,,,,10.0
Arnold Earley,1003626,113696,P,CHC,-0.0312790938030794,,-0.03,-0.4886370100775498,0.1411031037569046,0.0,,,,,-100.0,0.0,,,,,0.0,0.0,0.0,0.0,0.0,0.0,13,2,1,0,0,0,0,0,0,0,0,0,0,0,0,1,0.5,0.0,,,,,,,,,0.0,,,,,,,,17.2
Ed Bailey,1000421,110449,,CAL,-0.0322484535996789,,-0.03,-0.396372967620782,0.0,0.0018503597239032,,,,,9.52921583364282,0.1713830530643463,,,,,0.25,0.0,0.25,0.0,0.0,0.0,5,4,3,0,0,0,0,0,0,0,0,0,0,1,0,1,0.25,0.25,,,,,,,,,,,,,,,,,
George Mitterwald,1009012,119206,C,MIN,-0.032828889998644,,-0.01,-0.5104650069149685,0.0823045223951339,0.0018503597239032,,,,,6.887277007405865,0.1782433867454528,,,,,0.4,0.2,0.2,0.2,0.0,0.2,3,5,5,1,0,0,0,1,1,1,0,0,0,0,0,0,0.0,0.0,,,,,,,,,0.0,,,,,,,,12.0
Gil Blanco,1001042,111071,P,KCA,-0.036785819048074,,0.03,-1.5934544819840848,0.917170226573944,0.0037007194478064,,,,,-11.646578178518752,0.1485361556212107,,,,,0.333333332,0.166666666,0.166666666,0.166666666,0.0,0.2,11,13,12,0,2,0,0,2,2,2,0,0,0,0,0,2,0.153846153,0.0,,,,,,,,,0.0,,,,,,,,38.1
Roy White,1013890,124186,LF,NYY,-0.0383501218233929,,0.2,-2.5291228765021914,-7.674896717071533,0.3614138120319694,,,,,92.62146507462047,0.2953298186445371,,,,,0.652846312,0.344936708,0.307909604,0.224683544,0.120253164,0.240601503,115,356,316,39,20,7,22,109,71,49,13,2,14,37,1,43,0.120786516,0.103932584,,,,,,,,,-4.0,,,,,,,,696.0
Pete Mikkelsen,1008852,119041,P,PIT,-0.038423191441526,,-0.06,-2.7290093801062665,1.622685790061951,0.0074014388956129,,,,,-1.8284674275113808,0.1599610958780561,,,,,0.34047619,0.15,0.19047619,0.15,0.0,0.428571428,71,23,20,2,0,0,0,3,3,3,0,0,0,1,0,13,0.565217391,0.04347826,,,,,,,,,0.0,,,,,,,,126.0
Paul Lindblad,1007614,117778,P,KCA,-0.0385074973259454,,0.03,-3.84264351610496,2.53985595703125,0.0074014388956129,,,,,2.8137222293579076,0.1696518812860761,,,,,0.377310923,0.205882352,0.171428571,0.147058823,0.058823529,0.208333333,38,36,34,0,0,0,2,7,5,3,2,0,0,1,0,10,0.277777777,0.027777777,,,,,,,,,0.0,,,,,,,,121.0
Bob Lee,1007449,117611,P,CAL,-0.0388562915341409,,-0.06,-2.0005503152365245,1.1993764638900757,0.0055510791717097,,,,,-7.237234992510149,0.1468997597694397,,,,,0.214285714,0.0,0.214285714,0.0,0.0,0.0,61,17,11,1,0,0,0,0,0,0,0,0,0,3,0,8,0.470588235,0.176470588,,,,,,,,,0.0,,,,,,,,101.2
Bill Monbouquette,1009048,119243,P,DET,-0.0389131010506972,,0.05,-3.3607053266198825,2.187098264694214,0.2092518015997484,,,,,-4.650897204124562,0.1574222202654238,,,,,0.339031338,0.153846153,0.185185185,0.153846153,0.0,0.333333333,30,31,26,0,1,0,0,4,4,4,0,0,1,1,0,14,0.451612903,0.032258064,,,,,,,,,0.0,,,,,,,,102.2
Ron Campbell,1001890,111937,SS,CHC,-0.0391255850056106,,-0.2,-5.0721192318864645,2.7050753831863403,-0.1414966937154531,,,,,37.01419294024148,0.2265545918391301,,,,,0.516915422,0.233333333,0.283582089,0.216666666,0.016666667,0.232142857,24,67,60,4,4,0,1,14,13,12,1,0,1,6,2,5,0.074626865,0.089552238,,,,,,,,,2.0,,,,,,,,134.0
Eddie Fisher,1004085,114166,P,- - -,-0.0406161116828698,,-0.05,-1.822146919734504,1.0582733303308487,0.0018503597239032,,,,,-9.800180283928432,0.1453688899676005,,,,,0.333333333,0.2,0.133333333,0.133333333,0.066666667,0.333333333,67,15,15,0,1,0,1,3,2,1,1,0,0,0,0,9,0.6,0.0,,,,,,,,,0.0,,,,,,,,107.0
Lew Burdette,1001662,111701,P,CAL,-0.0421584598437497,,-0.04,-1.1562000097007612,0.5644124150276184,0.0018503597239032,,,,,-31.546443706077493,0.111402116715908,,,,,0.25,0.125,0.125,0.125,0.0,0.2,54,8,8,0,1,0,0,1,1,1,0,0,0,0,0,3,0.375,0.0,,,,,,,,,0.0,,,,,,,,79.2
Ken Johnson,1006477,116604,P,ATL,-0.042947691079707,,-0.17,-8.779902666963096,5.7146759033203125,0.0129525180673226,,,,,7.09038802376025,0.1749318149727834,,,,,0.397786719,0.242857142,0.154929577,0.142857142,0.1,0.219512195,32,81,70,3,2,1,4,17,10,6,2,1,0,1,0,28,0.345679012,0.012345679,,,,,,,,,0.0,,,,,,,,215.2
Pedro Ramos,1010681,120913,P,NYY,-0.0432778741315221,,-0.1,-1.6518574943188242,0.917170226573944,0.0037007194478064,,,,,-15.729147284292369,0.1371102974965022,,,,,0.307692306,0.153846153,0.153846153,0.153846153,0.0,0.4,52,13,13,0,0,0,0,2,2,2,0,0,0,0,0,8,0.615384615,0.0,,,,,,,,,0.0,,,,,,,,89.2
Don Nottebart,1009651,119858,P,CIN,-0.0436208102875147,,0.04,-3.0866394744524728,1.834340453147888,0.0092517986195161,,,,,-1.91265048882096,0.1700159978866577,,,,,0.366666666,0.166666666,0.2,0.166666666,0.0,0.235294117,59,26,24,2,0,0,0,4,4,4,0,0,0,1,0,7,0.269230769,0.038461538,,,,,,,,,0.0,,,,,,,,111.1
Gary Kroll,1007171,117325,P,HOU,-0.0442889181623349,,-0.05,-0.709298342198005,0.2116546630859375,0.0,,,,,-100.0,0.0,,,,,0.0,0.0,0.0,0.0,0.0,0.0,10,3,3,0,0,0,0,0,0,0,0,0,0,0,0,2,0.666666666,0.0,,,,,,,,,0.0,,,,,,,,23.2
Carroll Sembera,1011740,121996,P,HOU,-0.0442889181623349,,-0.05,-0.709298342198005,0.2116546630859375,0.0,,,,,-100.0,0.0,,,,,0.0,0.0,0.0,0.0,0.0,0.0,24,3,3,0,0,0,0,0,0,0,0,0,0,0,0,2,0.666666666,0.0,,,,,,,,,0.0,,,,,,,,33.0
Jack Cullen,1002859,112922,P,NYY,-0.0445383776396641,,-0.05,-0.6920228374301103,0.2116546630859375,0.0,,,,,-100.0,0.0,,,,,0.0,0.0,0.0,0.0,0.0,0.0,5,3,3,0,0,0,0,0,0,0,0,0,0,0,0,2,0.666666666,0.0,,,,,,,,,0.0,,,,,,,,11.1
Carl Warwick,1013646,123952,CF,CHC,-0.0448161911756318,,-0.09,-2.0077367744905805,0.9773662351071836,0.0092517986195161,,,,,21.531292058249665,0.2025493031198328,,,,,0.454545454,0.227272727,0.227272727,0.227272727,0.0,0.3125,16,22,22,3,0,0,0,5,5,5,0,0,0,0,0,6,0.272727272,0.0,,,,,,,,,1.0,,,,,,,,37.400000000000006
Joe Coleman,1002428,112480,P,WAS,-0.0449625950708328,,-0.05,-0.695839129119983,0.2116546630859375,0.0,,,,,-100.0,0.0,,,,,0.0,0.0,0.0,0.0,0.0,0.0,1,3,3,0,0,0,0,0,0,0,0,0,0,0,0,2,0.666666666,0.0,,,,,,,,,0.0,,,,,,,,9.0
Jim Cosman,1002652,112712,P,STL,-0.0450655105114518,,-0.05,-0.7162846249638704,0.2116546630859375,0.0,,,,,-100.0,0.0,,,,,0.0,0.0,0.0,0.0,0.0,0.0,1,3,3,0,0,0,0,0,0,0,0,0,0,0,0,3,1.0,0.0,,,,,,,,,0.0,,,,,,,,9.0
Paul Dicken,1003276,113335,,CLE,-0.0458867283561849,,-0.05,-0.4659321703711289,0.0,0.0,,,,,-100.0,0.0,,,,,0.0,0.0,0.0,0.0,0.0,0.0,2,2,2,0,0,0,0,0,0,0,0,0,0,0,0,1,0.5,0.0,,,,,,,,,,,,,,,,,
Don Bosch,1001210,111247,CF,PIT,-0.0458968012260514,,-0.07,-0.4790358938971298,0.0,0.0,,,,,-100.0,0.0,,,,,0.0,0.0,0.0,0.0,0.0,0.0,3,2,2,0,0,0,0,0,0,0,0,0,0,0,0,0,0.0,0.0,,,,,,,,,0.0,,,,,,,,2.0
Vern Handrahan,1005302,115412,P,KCA,-0.0459115647286896,,-0.05,-0.7043761310278085,0.2116546630859375,0.0,,,,,-100.0,0.0,,,,,0.0,0.0,0.0,0.0,0.0,0.0,16,3,3,0,0,0,0,0,0,0,0,0,0,0,0,2,0.666666666,0.0,,,,,,,,,0.0,,,,,,,,25.1
Russ Nixon,1009609,119814,C,MIN,-0.0462449561917909,,-0.1,-3.6744208422565134,0.3420232534408569,0.0499597125453874,,,,,68.07066787111316,0.26758673787117,,,,,0.616369047,0.302083333,0.314285714,0.260416666,0.041666667,0.297619047,51,106,96,5,7,0,3,29,25,22,2,1,0,7,3,13,0.122641509,0.066037735,,,,,,,,,-1.0,,,,,,,,195.2
Johnny Klippstein,1007013,117165,P,MIN,-0.0465757781439327,,-0.05,-0.7103514445124772,0.2116546630859375,0.0,,,,,-100.0,0.0,,,,,0.0,0.0,0.0,0.0,0.0,0.0,26,3,3,0,0,0,0,0,0,0,0,0,0,0,0,3,1.0,0.0,,,,,,,,,0.0,,,,,,,,40.0
Chuck Estrada,1003841,113917,P,CHC,-0.0469186398764156,,-0.05,-0.7329555151163247,0.2116546630859375,0.0,,,,,-100.0,0.0,,,,,0.0,0.0,0.0,0.0,0.0,0.0,9,3,3,0,0,0,0,0,0,0,0,0,0,0,0,0,0.0,0.0,,,,,,,,,0.0,,,,,,,,12.1
Bill Voss,1013458,123759,LF,CHW,-0.0475147035580227,,-0.05,-0.4517709561386841,-0.0288066007196903,0.0,,,,,-100.0,0.0,,,,,0.0,0.0,0.0,0.0,0.0,0.0,2,2,2,0,0,0,0,0,0,0,0,0,0,0,0,2,1.0,0.0,,,,,,,,,0.0,,,,,,,,4.2
Bill Davis,1003034,113097,1B,CLE,-0.0477454401239768,,-0.14,-2.0787769001261407,0.554183840751648,0.0185035972390323,,,,,57.6468561043383,0.2472991943359375,,,,,0.52982456,0.263157894,0.266666666,0.157894736,0.105263158,0.172413793,23,45,38,2,4,1,2,10,6,4,1,0,0,6,0,9,0.2,0.133333333,,,,,,,,,1.0,,,,,,,,65.0
Pete Magrini,1007975,118148,P,BOS,-0.047825186906013,,-0.05,-0.7215912190376428,0.2116546630859375,0.0,,,,,-100.0,0.0,,,,,0.0,0.0,0.0,0.0,0.0,0.0,3,3,3,0,0,0,0,0,0,0,0,0,0,0,0,2,0.666666666,0.0,,,,,,,,,0.0,,,,,,,,7.1
Terry Fox,1004284,114364,P,- - -,-0.0485472076530011,,-0.060000000000000005,-1.2462064599757094,0.5644124448299408,0.0018503597239032,,,,,-33.48760366119933,0.0979331731796264,,,,,0.142857142,0.0,0.142857142,0.0,0.0,0.0,42,8,6,1,0,0,0,0,0,0,0,0,0,1,0,5,0.625,0.125,,,,,,,,,0.0,,,,,,,,54.1
Tom Hutton,1006246,116374,1B,LAD,-0.0490700923646025,,-0.05,-0.4595720865526932,-0.0480109713971614,0.0,,,,,-96.67057687146958,0.0,,,,,0.0,0.0,0.0,0.0,0.0,0.0,3,2,2,0,0,0,0,0,0,0,0,0,0,0,0,0,0.0,0.0,,,,,,,,,0.0,,,,,,,,7.0
Don Landrum,1007299,117458,LF,SFG,-0.0509248604112104,,-0.31,-6.828566219710785,3.067901313304901,-0.1266938159242272,,,,,48.78538915645641,0.2382489831319877,,,,,0.513830531,0.25490196,0.258928571,0.186274509,0.068627451,0.216867469,72,112,102,9,7,1,5,26,19,14,4,0,1,9,0,18,0.160714285,0.080357142,,,,,,,,,4.0,,,,,,,,242.0
Don McMahon,1008629,118814,P,- - -,-0.0558682951364808,,-0.07,-1.8622392591238848,0.9877217561006546,0.0018503597239032,,,,,-19.326247406488935,0.1410606162888663,,,,,0.296703295,0.153846153,0.142857142,0.076923076,0.076923077,0.166666666,61,14,13,0,1,0,1,2,1,0,1,0,0,1,0,7,0.5,0.071428571,,,,,,,,,0.0,,,,,,,,90.1
Shaun Fitzmaurice,1004120,114200,CF,NYM,-0.0563403489989764,,0.11,-0.9967554677176312,-0.0061728390865027,0.2074014418758452,,,,,31.29195876394559,0.2102332194646199,,,,,0.420512819,0.153846153,0.266666666,0.153846153,0.0,0.285714285,9,15,13,2,0,0,0,2,2,2,0,0,1,2,0,6,0.4,0.133333333,,,,,,,,,0.0,,,,,,,,30.0
Jerry Lynch,1007865,118030,LF,PIT,-0.0568760067292429,,-0.13,-3.296848125739485,0.9012345746159554,0.0240546764107421,,,,,52.62811581006965,0.2443926900120104,,,,,0.552380951,0.285714285,0.266666666,0.214285714,0.071428571,0.244444444,64,60,56,5,6,1,2,16,12,10,1,0,0,4,1,10,0.166666666,0.066666666,,,,,,,,,1.0,,,,,,,,16.0
Ron Swoboda,1012796,123062,LF,NYM,-0.0568808272455576,,-0.25,-9.108614367968295,-3.903289794921875,0.2187764033442363,,,,,79.0467718964168,0.2842741298675537,,,,,0.637619774,0.342105263,0.295514511,0.222222222,0.119883041,0.262548262,112,381,342,34,50,8,21,117,76,55,9,4,4,31,4,76,0.199475065,0.081364829,,,,,,,,,1.0,,,,,,,,794.1
Minnie Rojas,1011154,121405,P,CAL,-0.0573758937312378,,-0.07,-2.0700365380371,1.1288248300552368,0.0018503597239032,,,,,-17.67594931863097,0.1316565752029418,,,,,0.276190475,0.142857142,0.133333333,0.071428571,0.071428571,0.111111111,47,16,14,0,0,0,1,2,1,0,1,0,0,1,0,5,0.3125,0.0625,,,,,,,,,0.0,,,,,,,,84.1
Pete Cimino,1002240,112292,P,MIN,-0.0583672968324959,,-0.06,-1.3020159176709594,0.5644124150276184,0.0018503597239032,,,,,-48.110113677343,0.0979331731796264,,,,,0.142857142,0.0,0.142857142,0.0,0.0,0.0,35,8,6,0,0,0,0,0,0,0,0,0,0,1,0,4,0.5,0.125,,,,,,,,,0.0,,,,,,,,64.2
Jim Owens,1009923,120143,P,HOU,-0.0590518919873845,,-0.06,-0.9457311229306732,0.2822062075138092,0.0,,,,,-100.0,0.0,,,,,0.0,0.0,0.0,0.0,0.0,0.0,40,4,4,0,0,0,0,0,0,0,0,0,0,0,0,3,0.75,0.0,,,,,,,,,0.0,,,,,,,,50.0
Rob Gardner,1004531,114613,P,NYM,-0.0599244326864226,,-0.02,-4.8912916503416985,2.963165283203125,0.0111021583434194,,,,,0.0978926539001744,0.161868732150008,,,,,0.365853658,0.195121951,0.170731707,0.170731707,0.024390244,0.24137931,43,42,41,1,1,0,1,8,7,6,1,0,0,0,0,12,0.285714285,0.0,,,,,,,,,0.0,,,,,,,,133.2
Roger Craig,1002723,112783,P,PHI,-0.0599657913677346,,-0.07,-0.953952630003122,0.2822062075138092,0.0,,,,,-100.0,0.0,,,,,0.0,0.0,0.0,0.0,0.0,0.0,14,4,4,0,0,0,0,0,0,0,0,0,0,0,0,4,1.0,0.0,,,,,,,,,0.0,,,,,,,,22.2
Bob Purkey,1010572,120807,P,PIT,-0.0604236752714656,,-0.07,-0.9580717877942596,0.2822062075138092,0.0,,,,,-100.0,0.0,,,,,0.0,0.0,0.0,0.0,0.0,0.0,11,4,4,0,0,0,0,0,0,0,0,0,0,0,0,3,0.75,0.0,,,,,,,,,0.0,,,,,,,,19.2
Ed Stroud,1012631,122887,RF,CHW,-0.0604847913100275,,-0.23,-1.992147738978954,0.5123457312583923,0.6129525270080194,,,,,39.298211752028536,0.2111095419296851,,,,,0.452991452,0.222222222,0.23076923,0.166666666,0.055555556,0.214285714,12,39,36,3,1,0,2,8,6,4,2,0,3,2,0,8,0.205128205,0.051282051,,,,,,,,,1.0,,,,,,,,79.0
Chi-Chi Olivo,1009781,119993,P,ATL,-0.061953788871595,,-0.04,-1.4899566923847425,0.6349639892578125,0.0018503597239032,,,,,-41.86847195177316,0.0990241037474738,,,,,0.222222222,0.111111111,0.111111111,0.111111111,0.0,0.125,47,9,9,1,1,0,0,1,1,1,0,0,0,0,0,1,0.111111111,0.0,,,,,,,,,0.0,,,,,,,,66.0
Dave Dowling,1003446,113511,P,CHC,-0.0625581876061588,,-0.07,-0.9772740201550996,0.2822062075138092,0.0,,,,,-100.0,0.0,,,,,0.0,0.0,0.0,0.0,0.0,0.0,1,4,2,0,0,0,0,0,0,0,0,0,0,0,0,2,0.5,0.0,,,,,,,,,0.0,,,,,,,,9.0
Claude Raymond,1010732,120962,P,HOU,-0.0644738233038502,,-0.06,-1.6162511058821245,0.7055155634880066,0.0018503597239032,,,,,-38.49098236771181,0.0990241037474738,,,,,0.222222222,0.111111111,0.111111111,0.111111111,0.0,0.25,62,10,9,1,0,0,0,1,1,1,0,0,0,0,0,5,0.5,0.0,,,,,,,,,0.0,,,,,,,,92.0
Curt Simmons,1011980,122241,P,- - -,-0.0659152367350613,,0.05,-3.9089456537799183,2.257649779319763,-0.361850653658621,,,,,5.127884136113771,0.1768395489659802,,,,,0.360742704,0.153846153,0.206896551,0.115384615,0.038461538,0.2,29,32,26,0,0,0,1,4,3,2,1,0,0,3,0,11,0.34375,0.09375,,,,,,,,,0.0,,,,,,,,110.2
Larry Jackson,1006304,116434,P,- - -,-0.0665732875386786,,0.18,-10.9612956761345,7.055155277252197,0.4240546823712066,,,,,2.827681218543763,0.1653524750157406,,,,,0.364073225,0.195652173,0.168421052,0.141304347,0.054347826,0.210526315,39,100,92,9,6,1,3,18,13,10,2,0,2,3,0,34,0.34,0.03,,,,,,,,,0.0,,,,,,,,255.0
Gary Sutherland,1012739,122999,SS,PHI,-0.0669769660421445,,-0.09,-0.7154644725023416,0.0137174203991889,0.0,,,,,-100.0,0.0,,,,,0.0,0.0,0.0,0.0,0.0,0.0,3,3,3,0,0,0,0,0,0,0,0,0,0,0,0,0,0.0,0.0,,,,,,,,,0.0,,,,,,,,2.0
Don Pepper,1010171,120394,1B,DET,-0.0698673366770366,,-0.06,-0.7013706711231378,-0.0068587101995944,0.0,,,,,-100.0,0.0,,,,,0.0,0.0,0.0,0.0,0.0,0.0,4,3,3,0,0,0,0,0,0,0,0,0,0,0,0,1,0.333333333,0.0,,,,,,,,,0.0,,,,,,,,1.0
Albie Pearson,1010108,120336,LF,CAL,-0.0701543789683808,,-0.09,-0.6861202788649705,-0.0246913563460111,0.0,,,,,-100.0,0.0,,,,,0.0,0.0,0.0,0.0,0.0,0.0,2,3,3,0,0,0,0,0,0,0,0,0,0,0,0,1,0.333333333,0.0,,,,,,,,,0.0,,,,,,,,4.0
Adrian Garrett,1004543,114631,RF,ATL,-0.0705046764154756,,-0.08,-0.7211369198857454,-0.0123456781730055,0.0,,,,,-100.0,0.0,,,,,0.0,0.0,0.0,0.0,0.0,0.0,4,3,3,0,0,0,0,0,0,0,0,0,0,0,0,2,0.666666666,0.0,,,,,,,,,0.0,,,,,,,,2.0
Mike Hegan,1005583,115698,1B,NYY,-0.0716379908024057,,0.04,-1.2428960833227332,-0.6767262816429138,-0.1451974131632596,,,,,79.21818138876112,0.2757576069106226,,,,,0.582497212,0.256410256,0.326086956,0.205128205,0.051282051,0.285714285,13,48,39,7,2,0,1,10,8,7,0,1,1,7,0,11,0.229166666,0.145833333,,,,,,,,,0.0,,,,,,,,98.2
Larry Stahl,1012383,122640,LF,KCA,-0.0721186860780427,,0.21,-6.207579700808139,-3.187246799468994,0.0199185581877827,,,,,83.00539673751427,0.2867521732411486,,,,,0.654541241,0.365384615,0.289156626,0.25,0.115384615,0.296747967,119,333,312,37,34,5,21,114,78,57,11,5,5,17,3,63,0.189189189,0.051051051,,,,,,,,,1.0,,,,,,,,677.4
Dick Rusteck,1011325,121576,P,NYM,-0.0750776368098976,,-0.08,-1.1935239156581805,0.3527577817440033,0.0,,,,,-100.0,0.0,,,,,0.0,0.0,0.0,0.0,0.0,0.0,8,5,5,0,0,0,0,0,0,0,0,0,0,0,0,3,0.6,0.0,,,,,,,,,0.0,,,,,,,,24.0
Ron Piche,1010308,120540,P,STL,-0.0751091830814817,,-0.08,-1.193807708273117,0.3527577817440033,0.0,,,,,-100.0,0.0,,,,,0.0,0.0,0.0,0.0,0.0,0.0,20,5,4,0,0,0,0,0,0,0,0,0,0,0,0,2,0.4,0.0,,,,,,,,,0.0,,,,,,,,25.1
Jim Duckworth,1003521,113586,P,- - -,-0.0755703054420949,,-0.08,-1.1654232164718552,0.3527577668428421,0.0,,,,,-100.0,0.0,,,,,0.0,0.0,0.0,0.0,0.0,0.0,13,5,5,0,0,0,0,0,0,0,0,0,0,0,0,2,0.4,0.0,,,,,,,,,0.0,,,,,,,,26.1
Al McBean,1008337,118518,P,PIT,-0.0761983031602032,,-0.07,-1.721725402213156,0.7055155634880066,0.0018503597239032,,,,,-47.518376028687754,0.0891216933727264,,,,,0.2,0.1,0.1,0.1,0.0,0.25,50,10,10,3,0,0,0,1,1,1,0,0,0,0,0,6,0.6,0.0,,,,,,,,,0.0,,,,,,,,86.2
Ray Herbert,1005684,115802,P,PHI,-0.0773882445539713,,-0.1,-2.1469260668725885,0.9877217411994934,0.0037007194478064,,,,,-31.477900258284475,0.1126249389989035,,,,,0.219780218,0.076923076,0.142857142,0.076923076,0.0,0.166666666,23,14,13,0,0,0,0,1,1,1,0,0,0,1,0,7,0.5,0.071428571,,,,,,,,,0.0,,,,,,,,50.1
Diego Segui,1011725,121978,P,WAS,-0.0774102029064273,,-0.13,-2.5416189456823934,1.3404794931411743,0.0055510791717097,,,,,-21.827682704244715,0.1298929515637849,,,,,0.269005847,0.111111111,0.157894736,0.111111111,0.0,0.285714285,21,19,18,0,0,0,0,2,2,2,0,0,0,1,0,11,0.578947368,0.052631578,,,,,,,,,0.0,,,,,,,,72.0
Wally Bunker,1001652,111690,P,BAL,-0.0795612889458912,,-0.12,-6.05719759009341,3.880335569381714,0.0111021583434194,,,,,-0.2642211678817804,0.1613944608431596,,,,,0.339743589,0.166666666,0.173076923,0.104166666,0.0625,0.192307692,30,55,48,4,2,0,3,8,5,2,3,0,0,4,0,22,0.4,0.072727272,,,,,,,,,0.0,,,,,,,,142.2
Turk Farrell,1003950,114028,P,HOU,-0.0800877967922517,,-0.05,-5.798050688864819,3.457026243209839,0.0111021583434194,,,,,-1.4687868789241776,0.1564247484008471,,,,,0.354166666,0.208333333,0.145833333,0.145833333,0.0625,0.193548387,32,49,48,2,3,1,1,10,7,6,0,0,0,0,0,16,0.326530612,0.0,,,,,,,,,0.0,,,,,,,,152.2
George Spriggs,1012359,122615,,PIT,-0.0857779242419403,,-0.07,-1.003171561367461,0.0,0.0018503597239032,,,,,-22.883405655633133,0.1273167048181806,,,,,0.285714284,0.142857142,0.142857142,0.142857142,0.0,0.25,9,7,7,0,0,0,0,1,1,1,0,0,0,0,0,3,0.428571428,0.0,,,,,,,,,,,,,,,,,
Tony Martinez,1008201,118368,2B,CLE,-0.0857821847593964,,-0.08,-0.4787675754097523,-0.8715135157108307,-0.1600002909544855,,,,,83.906782277425,0.2856453822718726,,,,,0.62745098,0.294117647,0.333333333,0.294117647,0.0,0.454545454,17,18,17,2,0,0,0,5,5,5,0,0,1,1,0,6,0.333333333,0.055555555,,,,,,,,,-1.0,,,,,,,,34.1
Jim Coates,1002374,112427,P,CAL,-0.0860407114754172,,-0.02,-1.842320288565732,0.7760670781135559,0.0018503597239032,,,,,-52.352669954263995,0.0810197212479331,,,,,0.18181818,0.09090909,0.09090909,0.09090909,0.0,0.5,9,11,11,1,0,0,0,1,1,1,0,0,0,0,0,9,0.818181818,0.0,,,,,,,,,0.0,,,,,,,,31.2
Dwight Siebler,1011952,122213,P,MIN,-0.0865660826935928,,-0.1,-2.0412814511557107,0.917170226573944,0.0037007194478064,,,,,-42.95120573083438,0.1054664941934438,,,,,0.153846153,0.0,0.153846153,0.0,0.0,0.0,23,13,11,0,0,0,0,0,0,0,0,0,0,2,0,6,0.461538461,0.153846153,,,,,,,,,0.0,,,,,,,,50.0
Dick Ellsworth,1003754,113824,P,CHC,-0.0882102700601465,,0.08,-11.155943586672045,7.055155277252197,0.0333064750302583,,,,,4.232814446975578,0.1757290739762155,,,,,0.377777777,0.177777777,0.2,0.155555555,0.022222222,0.259259259,38,100,90,7,5,0,1,16,14,13,0,1,0,4,0,36,0.36,0.04,,,,,,,,,0.0,,,,,,,,269.1
Jim French,1004337,114423,C,WAS,-0.0899144279461861,,-0.12,-1.1263647216459864,-0.5267490148544312,-0.3562995744869113,,,,,75.00742030242718,0.2712968928473336,,,,,0.571428571,0.25,0.321428571,0.208333333,0.041666667,0.263157894,10,28,24,0,3,0,1,6,5,4,1,0,0,4,0,5,0.178571428,0.142857142,,,,,,,,,-1.0,,,,,,,,69.0
John O'Donoghue,1009732,119939,P,CLE,-0.0908825156036111,,0.0,-4.022460825501684,2.3282012939453125,0.0074014388956129,,,,,-10.973149565140648,0.1470964894150242,,,,,0.333333332,0.181818181,0.151515151,0.151515151,0.03030303,0.208333333,32,33,33,2,1,0,1,6,5,4,1,0,0,0,0,9,0.272727272,0.0,,,,,,,,,0.0,,,,,,,,108.0
Frank Bertaina,1000912,110940,P,BAL,-0.0924201038212951,,-0.05,-2.7737666367434497,1.4110311269760132,0.0055510791717097,,,,,-26.284441889890235,0.1233983039855957,,,,,0.255263157,0.105263157,0.15,0.105263157,0.0,0.153846153,16,20,19,1,0,0,0,2,2,2,0,0,0,1,0,6,0.3,0.05,,,,,,,,,0.0,,,,,,,,63.1
Dick Radatz,1010630,120866,P,- - -,-0.0929305174020256,,-0.09,-1.9043015120893485,0.7760670930147171,0.0018503597239032,,,,,-54.094838726320184,0.0810197212479331,,,,,0.18181818,0.09090909,0.09090909,0.09090909,0.0,0.5,55,11,11,0,0,0,0,1,1,1,0,0,0,0,0,9,0.818181818,0.0,,,,,,,,,0.0,,,,,,,,75.2
Billy O'Dell,1009724,119931,P,- - -,-0.0961998683676026,,-0.030000000000000002,-3.456020611804266,1.763788878917694,0.0074014388956129,,,,,-18.57172923968075,0.1343673205375671,,,,,0.285,0.125,0.16,0.125,0.0,0.1875,63,25,24,2,2,0,0,3,3,3,0,0,0,1,0,8,0.32,0.04,,,,,,,,,0.0,,,,,,,,112.2
Norm Miller,1008916,119100,LF,HOU,-0.09770563938935,,-0.19,-3.5327123564774676,1.6639230251312256,0.0092517986195161,,,,,15.791214138367229,0.1831853219441005,,,,,0.429738561,0.235294117,0.194444444,0.147058823,0.088235294,0.16,11,36,34,1,3,1,1,8,5,4,0,0,0,2,1,8,0.222222222,0.055555555,,,,,,,,,2.0,,,,,,,,74.2
Don Cardwell,1001941,111985,P,PIT,-0.0983969787135216,,-0.07,-4.2011537110321076,2.2576496601104736,0.0074014388956129,,,,,-12.56381117219698,0.1433166034760013,,,,,0.299221356,0.137931034,0.161290322,0.103448275,0.034482759,0.176470588,32,32,29,1,3,0,1,4,3,2,1,0,0,2,0,12,0.375,0.0625,,,,,,,,,0.0,,,,,,,,101.2
Ray Barker,1000547,110567,1B,NYY,-0.1002913831118702,,0.01,-2.661081221782903,-0.3191561698913574,0.0185035972390323,,,,,70.30418113672098,0.2627408936619758,,,,,0.598333333,0.373333333,0.225,0.186666666,0.186666667,0.207547169,61,82,75,11,13,3,8,28,14,6,5,0,0,4,0,20,0.243902439,0.048780487,,,,,,,,,1.0,,,,,,,,192.1
Sam Bowens,1001249,111288,RF,BAL,-0.1008912023545666,,-0.54,-6.661700288579132,-1.1913578510284424,0.7884624548023567,,,,,74.83162774021676,0.2710535480948908,,,,,0.604689804,0.329218106,0.275471698,0.209876543,0.119341563,0.243243243,89,269,243,26,20,6,16,80,51,35,9,1,9,17,2,52,0.19330855,0.063197026,,,,,,,,,2.0,,,,,,,,544.3
Mike Andrews,1000258,110270,2B,BOS,-0.1017613609634869,,-0.07,-2.4377815674961587,1.117969810962677,0.0055510791717097,,,,,-16.861281938266064,0.1485361556212107,,,,,0.333333332,0.166666666,0.166666666,0.166666666,0.0,0.1875,5,19,18,1,0,0,0,3,3,3,0,0,0,0,0,2,0.105263157,0.0,,,,,,,,,1.0,,,,,,,,43.0
Howie Reed,1010766,120991,P,- - -,-0.1017886276294918,,-0.11,-1.6020266010062876,0.4938608780503273,0.0,,,,,-99.52436812449568,0.0,,,,,0.0,0.0,0.0,0.0,0.0,0.0,20,7,7,0,0,0,0,0,0,0,0,0,0,0,0,5,0.714285714,0.0,,,,,,,,,0.0,,,,,,,,44.2
Art Mahaffey,1007979,118152,P,STL,-0.1051528589643257,,-0.12,-1.671330791582364,0.4938608705997467,0.0,,,,,-100.0,0.0,,,,,0.0,0.0,0.0,0.0,0.0,0.0,12,7,7,0,0,0,0,0,0,0,0,0,0,0,0,3,0.428571428,0.0,,,,,,,,,0.0,,,,,,,,35.0
Don Dennis,1003207,113270,P,STL,-0.1054011619965677,,-0.12,-2.1916844325829876,0.84661865234375,0.0018503597239032,,,,,-56.45124584866475,0.0742680778106053,,,,,0.166666666,0.083333333,0.083333333,0.083333333,0.0,0.111111111,38,12,12,0,0,0,0,1,1,1,0,0,0,0,0,3,0.25,0.0,,,,,,,,,0.0,,,,,,,,59.2
Bill Short,1011929,122190,P,- - -,-0.105956007929414,,-0.12000000000000001,-2.118597202258243,0.8466186299920082,0.0018503597239032,,,,,-59.03031670885243,0.0742680778106053,,,,,0.166666666,0.083333333,0.083333333,0.083333333,0.0,0.25,14,12,12,0,0,0,0,1,1,1,0,0,0,0,0,8,0.666666666,0.0,,,,,,,,,0.0,,,,,,,,46.0
Felix Mantilla,1008081,118257,3B,HOU,-0.1061204190659074,,0.02,-2.5934005859670175,-4.2528586983680725,0.2647625933168456,,,,,85.2634888627827,0.2908978252699881,,,,,0.649648805,0.370860927,0.278787878,0.218543046,0.152317881,0.236842105,77,166,151,16,22,6,11,56,33,22,5,0,1,11,0,32,0.192771084,0.06626506,,,,,,,,,-4.0,,,,,,,,273.1
Lee Elia,1003725,113794,SS,CHW,-0.1079143044148745,,-0.48,-8.675249511971556,1.7654318809509275,-0.2896866244263947,,,,,64.72068709251256,0.2482328381178514,,,,,0.562552176,0.297435897,0.265116279,0.205128205,0.092307692,0.237179487,80,216,195,16,22,3,10,58,40,30,5,2,0,15,3,39,0.180555555,0.069444444,,,,,,,,,-2.0,,,,,,,,549.0
Julio Gotay,1004897,114991,3B,HOU,-0.1124173448330786,,-0.12,-1.1821639036633416,0.005486967973411,0.0,,,,,-100.0,0.0,,,,,0.0,0.0,0.0,0.0,0.0,0.0,4,5,5,0,0,0,0,0,0,0,0,0,0,0,0,0,0.0,0.0,,,,,,,,,0.0,,,,,,,,2.0
Tony Curry,1002896,112958,,CLE,-0.113308728702918,,-0.06,-1.5240852713832016,0.0,0.0092517986195161,,,,,26.662570531134033,0.2020542370645623,,,,,0.388157894,0.125,0.263157894,0.125,0.0,0.25,19,19,16,4,3,0,0,2,2,2,0,0,0,3,0,8,0.421052631,0.157894736,,,,,,,,,,,,,,,,,
Bob Barton,1000630,110648,C,SFG,-0.1142079386243357,,-0.33,-9.441099964093029,5.607222080230713,0.0296057555824518,,,,,16.434627679249314,0.1880911105557492,,,,,0.436275064,0.219780219,0.216494845,0.175824175,0.043956044,0.183908045,43,97,91,1,3,0,3,20,16,13,2,1,0,5,2,5,0.051546391,0.051546391,,,,,,,,,4.0,,,,,,,,234.1
Lou Klimchock,1007000,117151,,NYM,-0.1142900482703047,,-0.15,-1.1935239156581805,0.0,0.0,,,,,-100.0,0.0,,,,,0.0,0.0,0.0,0.0,0.0,0.0,5,5,5,0,0,0,0,0,0,0,0,0,0,0,0,3,0.6,0.0,,,,,,,,,,,,,,,,,
Frank Thomas,1012976,123246,,CHC,-0.1174101434834951,,-0.13,-1.2215925251938744,0.0,0.0,,,,,-100.0,0.0,,,,,0.0,0.0,0.0,0.0,0.0,0.0,5,5,5,0,0,0,0,0,0,0,0,0,0,0,0,1,0.2,0.0,,,,,,,,,,,,,,,,,
Gene Brabender,1001293,111331,P,BAL,-0.119991575454021,,-0.13,-2.34197968012779,0.917170226573944,0.0018503597239032,,,,,-63.84168773758449,0.0685551487482511,,,,,0.153846152,0.076923076,0.076923076,0.076923076,0.0,0.25,31,13,13,0,0,0,0,1,1,1,0,0,0,0,0,9,0.692307692,0.0,,,,,,,,,0.0,,,,,,,,71.0
Tom Kelley,1006782,116929,P,CLE,-0.1233811832123546,,-0.1,-3.8292341161058303,1.9754434823989868,0.0074014388956129,,,,,-24.51858161957218,0.1273167048181806,,,,,0.285714284,0.142857142,0.142857142,0.142857142,0.0,0.444444444,31,28,28,2,3,0,0,4,4,4,0,0,0,0,0,19,0.678571428,0.0,,,,,,,,,0.0,,,,,,,,95.1
Bob Miller,1008877,119112,P,LAD,-0.1240155667151164,,-0.17,-2.6700129345575383,1.0582733154296875,0.0018503597239032,,,,,-52.45396338137159,0.0685551487482511,,,,,0.153846152,0.076923076,0.076923076,0.076923076,0.0,0.111111111,46,15,13,0,1,0,0,1,1,1,0,0,0,0,0,4,0.266666666,0.0,,,,,,,,,0.0,,,,,,,,84.1
Woodie Fryman,1004381,114466,P,PIT,-0.1254278847758339,,-0.18,-8.278412940516215,4.8680572509765625,0.0222043166868388,,,,,-2.9620172689866258,0.158203596335191,,,,,0.343345542,0.158730158,0.184615384,0.158730158,0.0,0.263157894,36,69,63,1,2,0,0,10,10,10,0,0,0,2,0,25,0.36231884,0.028985507,,,,,,,,,0.0,,,,,,,,181.2
Jim Merritt,1008789,118977,P,MIN,-0.1255211578432366,,-0.12,-5.596599204177932,3.245371580123902,0.0129525180673226,,,,,-10.818425193336324,0.1523885469545017,,,,,0.310023309,0.128205128,0.181818181,0.102564102,0.025641026,0.166666666,31,46,39,2,1,0,1,5,4,3,1,0,0,4,0,16,0.347826086,0.086956521,,,,,,,,,0.0,,,,,,,,144.0
Blue Moon Odom,1009726,119935,P,KCA,-0.1265046846644882,,-0.03,-4.53715528318182,2.469304323196411,0.0111021583434194,,,,,-18.091501231301898,0.1391249246457044,,,,,0.273244781,0.096774193,0.176470588,0.096774193,0.0,0.2,17,35,31,1,2,0,0,3,3,3,0,0,0,3,0,16,0.457142857,0.085714285,,,,,,,,,0.0,,,,,,,,90.1
Bob Sadowski,1011363,121613,P,BOS,-0.1275338339579108,,-0.12,-1.9242432507670473,0.5644124150276184,0.0,,,,,-100.0,0.0,,,,,0.0,0.0,0.0,0.0,0.0,0.0,11,8,7,0,0,0,0,0,0,0,0,0,0,0,0,1,0.125,0.0,,,,,,,,,0.0,,,,,,,,33.1
Joey Jay,1006373,116507,P,- - -,-0.1283377015960751,,-0.1,-5.092246603692279,2.6809590458869934,0.0092517986195161,,,,,-14.902612446049396,0.1481675455967585,,,,,0.313725489,0.147058823,0.166666666,0.117647058,0.029411765,0.222222222,21,38,34,2,2,0,1,5,4,3,1,0,0,2,0,16,0.421052631,0.052631578,,,,,,,,,0.0,,,,,,,,103.1
Dave Adlesh,1000078,110082,C,HOU,-0.1302958487100624,,-0.15,-1.41859668439601,0.0480109713971614,0.0,,,,,-100.0,0.0,,,,,0.0,0.0,0.0,0.0,0.0,0.0,3,6,6,0,0,0,0,0,0,0,0,0,0,0,0,4,0.666666666,0.0,,,,,,,,,0.0,,,,,,,,7.0
Jack Kralick,1007135,117288,P,CLE,-0.1308087643619284,,-0.06,-2.5364093016678253,0.9877217411994934,0.0018503597239032,,,,,-64.75919502265815,0.0685551487482511,,,,,0.153846152,0.076923076,0.076923076,0.076923076,0.0,0.111111111,27,14,13,0,0,0,0,1,1,1,0,0,0,0,0,4,0.285714285,0.0,,,,,,,,,0.0,,,,,,,,68.1
Jorge Rubio,1011277,121527,P,CAL,-0.1316467548950026,,-0.16,-2.0583608365949115,0.6349639892578125,0.0,,,,,-100.0,0.0,,,,,0.0,0.0,0.0,0.0,0.0,0.0,7,9,8,0,0,0,0,0,0,0,0,0,0,0,0,5,0.555555555,0.0,,,,,,,,,0.0,,,,,,,,27.1
Gary Bell,1000806,110822,P,CLE,-0.1326555858655435,,-0.19,-9.836830279965604,6.279088497161865,0.0259050361346453,,,,,-0.7045332145899631,0.16209128756582,,,,,0.343079921,0.157894736,0.185185185,0.131578947,0.026315789,0.196078431,40,89,76,2,2,0,1,12,10,9,0,1,0,4,0,25,0.280898876,0.04494382,,,,,,,,,0.0,,,,,,,,254.1
Casey Cox,1002694,112760,P,WAS,-0.1348877852124985,,-0.14,-2.087517387359949,0.6349639892578125,0.0,,,,,-100.0,0.0,,,,,0.0,0.0,0.0,0.0,0.0,0.0,66,9,8,0,0,0,0,0,0,0,0,0,0,0,0,5,0.555555555,0.0,,,,,,,,,0.0,,,,,,,,113.0
Jerry Stephenson,1012494,122753,P,BOS,-0.1356051665315076,,-0.13,-3.065145184250611,1.3404794931411743,0.0037007194478064,,,,,-46.77873144546232,0.1048490510267369,,,,,0.235294116,0.117647058,0.117647058,0.117647058,0.0,0.166666666,15,19,17,2,0,0,0,2,2,2,0,0,0,0,0,5,0.263157894,0.0,,,,,,,,,0.0,,,,,,,,66.1
Dick Stigman,1012534,122793,P,BOS,-0.1356051665315076,,-0.14,-3.065145184250611,1.3404794931411743,0.0037007194478064,,,,,-46.77873144546232,0.1048490510267369,,,,,0.235294116,0.117647058,0.117647058,0.117647058,0.0,0.285714285,34,19,17,1,2,0,0,2,2,2,0,0,0,0,0,10,0.526315789,0.0,,,,,,,,,0.0,,,,,,,,81.0
Orlando Pena,1010150,120375,P,DET,-0.1375380523840542,,-0.17,-3.1796510712651336,1.4110311269760132,0.0037007194478064,,,,,-44.64262287372037,0.0990241037474738,,,,,0.222222222,0.111111111,0.111111111,0.111111111,0.0,0.222222222,54,20,18,0,0,0,0,2,2,2,0,0,0,0,0,9,0.45,0.0,,,,,,,,,0.0,,,,,,,,108.0
Giraldo Ruiz,1011298,121549,3B,CIN,-0.1420778114083149,,-0.1,-6.356022284605679,1.3749437630176544,-0.486694109858945,,,,,56.31761950995546,0.2602984620177228,,,,,0.577865611,0.29090909,0.286956521,0.254545454,0.036363636,0.291666666,82,115,110,13,5,0,3,32,28,25,2,1,1,5,0,14,0.12173913,0.04347826,,,,,,,,,1.0,,,,,,,,186.2
Barry Moore,1009089,119316,P,WAS,-0.1421704277304765,,-0.15,-3.2213242658111887,1.4110311269760132,0.0037007194478064,,,,,-46.53613655331225,0.0938123088133962,,,,,0.210526314,0.105263157,0.105263157,0.105263157,0.0,0.133333333,12,20,19,2,1,0,0,2,2,2,0,0,0,0,0,4,0.2,0.0,,,,,,,,,0.0,,,,,,,,62.1
Jack Aker,1000097,110100,P,KCA,-0.1451228458645688,,-0.05,-3.4421192044908673,1.5521341562271118,0.0018503597239032,,,,,-42.25851572791577,0.1038349214054289,,,,,0.238095237,0.142857142,0.095238095,0.095238095,0.047619047,0.222222222,66,22,21,1,2,0,1,3,2,1,1,0,0,0,0,12,0.545454545,0.0,,,,,,,,,0.0,,,,,,,,113.0
Ken Suarez,1012662,122920,C,KCA,-0.1492053448307279,,-0.21,-4.298833154823396,0.5980794429779053,0.4444086393341422,,,,,49.28948892372301,0.2375183509928839,,,,,0.47153209,0.173913043,0.297619047,0.144927536,0.028985507,0.232558139,35,85,69,5,2,0,1,12,10,9,0,1,2,15,0,26,0.305882352,0.176470588,,,,,,,,,-1.0,,,,,,,,233.0
Tim Cullen,1002862,112923,3B,WAS,-0.1492769151578935,,-0.03,-1.6273792202686814,-0.772290825843811,0.0166532375151291,,,,,58.49986247599413,0.2471916493442323,,,,,0.542483659,0.264705882,0.277777777,0.235294117,0.029411765,0.307692307,18,36,34,8,0,0,1,9,8,7,1,0,0,2,0,8,0.222222222,0.055555555,,,,,,,,,-1.0,,,,,,,,83.0
Stu Miller,1008935,119121,P,BAL,-0.1493230192400277,,-0.05,-3.382786895496254,1.4815826416015625,0.0037007194478064,,,,,-46.545283730994925,0.0938123088133962,,,,,0.210526314,0.105263157,0.105263157,0.105263157,0.0,0.181818181,51,21,19,2,3,0,0,2,2,2,0,0,0,0,0,8,0.38095238,0.0,,,,,,,,,0.0,,,,,,,,92.0
Randy Schwartz,1011660,121908,1B,KCA,-0.150600900234762,,-0.19,-1.625596385972895,-0.0480109713971614,0.0037007194478064,,,,,-23.38452374639546,0.1313957621653874,,,,,0.257575756,0.09090909,0.166666666,0.09090909,0.0,0.125,10,12,11,0,1,0,0,1,1,1,0,0,0,1,0,3,0.25,0.083333333,,,,,,,,,0.0,,,,,,,,7.0
Jake Wood,1014220,124533,2B,DET,-0.154104092502987,,-0.25,-0.451657268094628,-8.95198905467987,-0.1782310850685462,,,,,99.0588088775375,0.3088648349161774,,,,,0.679385595,0.34347826,0.335907335,0.252173913,0.091304347,0.311111111,98,264,230,39,27,2,14,79,58,44,9,3,4,28,0,48,0.181818181,0.106060606,,,,,,,,,-10.0,,,,,,,,417.0
Bruce Howard,1006071,116197,P,CHW,-0.1550929423515226,,-0.19,-6.445333718358093,3.668680906295776,-0.3562995744869113,,,,,-6.4110466481134205,0.1443623697757721,,,,,0.273023255,0.093023255,0.18,0.069767441,0.023255814,0.096774193,27,52,43,2,2,0,1,4,3,2,1,0,0,5,0,13,0.25,0.096153846,,,,,,,,,0.0,,,,,,,,149.0
Ron Stone,1012572,122826,1B,KCA,-0.1574440329283949,,-0.14,-0.9976533572740628,-1.1035665422677994,-0.1618506506783887,,,,,65.47587013627265,0.261154594746503,,,,,0.59090909,0.318181818,0.272727272,0.272727272,0.045454546,0.3,26,22,22,2,0,0,1,7,6,5,1,0,1,0,0,2,0.09090909,0.0,,,,,,,,,-1.0,,,,,,,,19.2
Jack Hamilton,1005274,115381,P,NYM,-0.1576419242344948,,-0.13,-5.563117629604185,2.8220622539520264,0.0111021583434194,,,,,-19.27236807694142,0.1318363302793258,,,,,0.2854251,0.131578947,0.153846153,0.131578947,0.0,0.2,57,40,38,2,0,0,0,5,5,5,0,0,0,1,0,13,0.325,0.025,,,,,,,,,0.0,,,,,,,,148.2
John Buzhardt,1001788,111830,P,CHW,-0.1580210558897971,,-0.2,-5.888970713983871,3.245371580123902,0.0129525180673226,,,,,-16.594314585639484,0.1294922020700242,,,,,0.271834624,0.116279069,0.155555555,0.116279069,0.0,0.2,34,46,43,0,2,0,0,5,5,5,0,0,0,2,0,18,0.391304347,0.04347826,,,,,,,,,0.0,,,,,,,,150.1
Nate Colbert,1002407,112458,,HOU,-0.1582381835440383,,-0.18,-1.6550294651286783,0.0,0.0,,,,,-100.0,0.0,,,,,0.0,0.0,0.0,0.0,0.0,0.0,19,7,7,3,0,0,0,0,0,0,0,0,0,0,0,4,0.571428571,0.0,,,,,,,,,,,,,,,,,
Ron Hansen,1005329,115440,SS,CHW,-0.1585854410430268,,-0.19,-4.561996505315337,0.5112000703811646,-0.3248434591805562,,,,,59.46854494698295,0.2405633714007235,,,,,0.511411411,0.189189189,0.322222222,0.175675675,0.013513514,0.203125,23,95,74,3,4,0,1,14,13,12,1,0,0,15,3,10,0.105263157,0.157894736,,,,,,,,,-1.0,,,,,,,,220.1
Denny Lemaster,1007512,117664,P,ATL,-0.1590213728967493,,-0.15,-8.269750541228909,4.656402587890625,0.0148028777912259,,,,,-7.433793681592626,0.1524129615676018,,,,,0.330781847,0.169491525,0.161290322,0.118644067,0.050847458,0.184210526,27,66,59,5,5,0,2,10,7,5,1,1,0,3,0,21,0.318181818,0.045454545,,,,,,,,,0.0,,,,,,,,171.0
Phil Niekro,1009583,119786,P,ATL,-0.1672179308895629,,-0.18,-2.644168706247733,0.7760670781135559,0.0,,,,,-100.0,0.0,,,,,0.0,0.0,0.0,0.0,0.0,0.0,28,11,8,0,0,0,0,0,0,0,0,0,0,0,0,6,0.545454545,0.0,,,,,,,,,0.0,,,,,,,,50.1
Ed Kirkpatrick,1006969,117120,RF,CAL,-0.1706073050382474,,-0.77,-4.916894540196164,-6.834018707275391,0.0784218674525618,,,,,87.95897935553144,0.2859105057296017,,,,,0.639591539,0.326923076,0.312668463,0.192307692,0.134615384,0.213389121,117,377,312,31,44,9,20,102,60,40,7,4,7,51,8,67,0.177718832,0.135278514,,,,,,,,,-2.0,,,,,,,,780.3000000000001
Joe Christopher,1002213,112273,LF,BOS,-0.1735017014054317,,-0.25,-1.8975938861840296,-0.0617283917963504,0.0055510791717097,,,,,-15.298129181975344,0.1508187572161356,,,,,0.276923076,0.076923076,0.2,0.076923076,0.0,0.111111111,12,15,13,1,0,0,0,1,1,1,0,0,0,2,0,4,0.266666666,0.133333333,,,,,,,,,0.0,,,,,,,,10.0
John Wyatt,1014303,124626,P,BOS,-0.175359020863924,,-0.12,-2.64583446980469,0.7760670781135559,0.0,,,,,-100.0,0.0,,,,,0.0,0.0,0.0,0.0,0.0,0.0,42,11,11,0,0,0,0,0,0,0,0,0,0,0,0,7,0.636363636,0.0,,,,,,,,,0.0,,,,,,,,95.1
Roger Maris,1008110,118287,RF,NYY,-0.1755767811778082,,0.17,0.0222822628849201,-12.792178630828856,0.1720834543230012,,,,,99.65183896935228,0.3055959571268141,,,,,0.689089278,0.382183908,0.30690537,0.23275862,0.149425288,0.243727598,119,391,348,37,43,13,24,133,81,57,9,2,0,36,3,60,0.153452685,0.092071611,,,,,,,,,-8.0,,,,,,,,778.1
Tony Perez,1010188,120404,1B,CIN,-0.1764242367275376,,-0.46,-5.436090766661367,-5.545953035354614,0.3184230253100395,,,,,82.2834324683684,0.3005568633114334,,,,,0.685670783,0.381322957,0.304347826,0.264591439,0.116731518,0.301886792,99,278,257,25,39,4,18,98,68,50,10,4,1,14,2,44,0.158273381,0.050359712,,,,,,,,,-2.0,,,,,,,,517.0
Wes Covington,1002687,112747,LF,- - -,-0.1777612874939437,,-0.04000000000000001,-3.2038440128813224,-0.1481481343507766,0.0203539569629356,,,,,47.93311748683023,0.2314028957715401,,,,,0.49142367,0.227272727,0.264150943,0.113636363,0.113636364,0.111111111,46,53,44,1,6,1,2,10,5,3,0,1,0,7,1,7,0.132075471,0.132075471,,,,,,,,,0.0,,,,,,,,24.0
Dick Lines,1007634,117794,P,WAS,-0.1798503802833312,,-0.21,-2.783356516479932,0.84661865234375,0.0,,,,,-100.0,0.0,,,,,0.0,0.0,0.0,0.0,0.0,0.0,53,12,10,0,0,0,0,0,0,0,0,0,0,0,0,6,0.5,0.0,,,,,,,,,0.0,,,,,,,,83.0
Jim Gilliam,1004724,114810,3B,LAD,-0.1799287635215291,,-0.12,-7.434250345201615,-3.715135931968689,0.1621234538033604,,,,,76.18451530399972,0.2680012244410282,,,,,0.58289992,0.268085106,0.314814814,0.217021276,0.05106383,0.229357798,88,273,235,30,16,1,10,63,51,41,9,0,2,34,3,17,0.062271062,0.124542124,,,,,,,,,-5.0,,,,,,,,482.1
Roy Face,1003891,113968,P,PIT,-0.1812710225015829,,-0.14,-2.8742153633827794,0.84661865234375,0.0,,,,,-100.0,0.0,,,,,0.0,0.0,0.0,0.0,0.0,0.0,54,12,11,0,0,0,0,0,0,0,0,0,0,0,0,6,0.5,0.0,,,,,,,,,0.0,,,,,,,,70.0
George Kopacz,1007104,117256,1B,ATL,-0.1834837360696869,,-0.23,-1.8853356620866388,-0.0960219427943229,0.0018503597239032,,,,,-61.52154338063682,0.0685532212257385,,,,,0.1,0.0,0.1,0.0,0.0,0.0,6,10,9,1,0,0,0,0,0,0,0,0,0,1,0,5,0.5,0.1,,,,,,,,,0.0,,,,,,,,14.0
Chuck Dobson,1003343,113408,P,KCA,-0.1866971798566698,,-0.08,-4.3988295501359795,1.9754434823989868,0.0055510791717097,,,,,-42.944833047585576,0.1028327231223766,,,,,0.23076923,0.115384615,0.115384615,0.115384615,0.0,0.15,14,28,26,1,3,0,0,3,3,3,0,0,0,0,0,6,0.214285714,0.0,,,,,,,,,0.0,,,,,,,,83.2
Tommie Sisk,1012018,122278,P,PIT,-0.1900973442968874,,-0.11,-7.720320336130334,4.091989994049072,0.0185035972390323,,,,,-14.199109444223105,0.1407811737486294,,,,,0.276610643,0.098039215,0.178571428,0.098039215,0.0,0.277777777,34,58,51,4,2,0,0,5,5,5,0,0,0,5,0,33,0.568965517,0.086206896,,,,,,,,,0.0,,,,,,,,150.0
Ted Davidson,1003029,113090,P,CIN,-0.1915095359682513,,-0.19,-2.9663217951054204,0.84661865234375,0.0,,,,,-100.0,0.0,,,,,0.0,0.0,0.0,0.0,0.0,0.0,54,12,12,0,0,0,0,0,0,0,0,0,0,0,0,6,0.5,0.0,,,,,,,,,0.0,,,,,,,,85.1
Joe Gaines,1004434,114520,RF,HOU,-0.1938280074393309,,-0.17,-1.2559585625931875,-1.1172839403152466,0.0055510791717097,,,,,32.518250065004594,0.2091195657849311,,,,,0.403846153,0.153846153,0.25,0.076923076,0.076923077,0.125,11,16,13,4,0,0,1,2,1,0,1,0,0,3,0,5,0.3125,0.1875,,,,,,,,,-1.0,,,,,,,,19.0
Reggie Smith,1012201,122360,CF,BOS,-0.1968199588892376,,-0.28,-3.3874929437901904,1.0,0.0055510791717097,,,,,-14.20033541003783,0.1524218160372514,,,,,0.346153845,0.192307692,0.153846153,0.153846153,0.038461539,0.19047619,6,27,26,1,0,0,1,5,4,3,1,0,0,0,0,5,0.185185185,0.0,,,,,,,,,1.0,,,,,,,,51.2
Dave Roberts,1011029,121277,1B,PIT,-0.197271450006728,,-0.27,-2.187229367372576,-0.1165980696678161,0.0018503597239032,,,,,-17.10012023770417,0.1362833343446254,,,,,0.3125,0.1875,0.125,0.125,0.0625,0.222222222,14,16,16,3,0,0,1,3,2,1,1,0,0,0,0,7,0.4375,0.0,,,,,,,,,0.0,,,,,,,,17.0
Bill Stafford,1012375,122636,P,KCA,-0.198950111615779,,-0.24,-3.05229656778717,0.917170226573944,0.0,,,,,-100.0,0.0,,,,,0.0,0.0,0.0,0.0,0.0,0.0,9,13,11,0,0,0,0,0,0,0,0,0,0,0,0,3,0.23076923,0.0,,,,,,,,,0.0,,,,,,,,39.2
Ray Oyler,1009929,120148,SS,DET,-0.1990729035972572,,-0.24,-13.7613714737059,5.875171184539795,0.0851165472995489,,,,,46.907529125447915,0.2327106690098499,,,,,0.515092816,0.252380952,0.262711864,0.171428571,0.080952381,0.238095238,71,237,210,16,9,1,12,53,36,24,8,3,0,23,4,62,0.261603375,0.097046413,,,,,,,,,2.0,,,,,,,,565.0
Mike Brumley,1001585,111626,C,WAS,-0.1998670729233836,,-0.23,-2.5299769909154346,0.2537722587585449,0.0018503597239032,,,,,-27.82130029258679,0.1211407416396671,,,,,0.277777777,0.166666666,0.111111111,0.111111111,0.055555555,0.125,9,18,18,1,0,0,1,3,2,1,1,0,0,0,0,2,0.111111111,0.0,,,,,,,,,0.0,,,,,,,,37.0
Chico Salmon,1011386,121639,SS,CLE,-0.2013105963145384,,-0.17,-7.694905558801558,-7.1277971267700195,1.8231853485340253,,,,,80.8639162596971,0.2812020220198072,,,,,0.635209231,0.345971563,0.289237668,0.25592417,0.090047393,0.267904509,126,452,422,46,40,7,22,146,108,86,13,2,10,21,2,41,0.090707964,0.046460176,,,,,,,,,-10.0,,,,,,,,944.4
Bob Raudman,1010716,120947,LF,CHC,-0.2031787473175338,,-0.15,-1.500623310870995,-1.4197530448436737,0.0111021583434194,,,,,56.87119550248504,0.2573416570822397,,,,,0.577011493,0.310344827,0.266666666,0.24137931,0.068965517,0.28,8,30,29,1,2,0,2,9,7,5,2,0,0,1,0,4,0.133333333,0.033333333,,,,,,,,,-1.0,,,,,,,,68.0
Bill Faul,1003957,114036,P,CHC,-0.2033141039225917,,-0.19,-3.1761405655040735,0.917170226573944,0.0,,,,,-100.0,0.0,,,,,0.0,0.0,0.0,0.0,0.0,0.0,17,13,13,0,1,0,0,0,0,0,0,0,0,0,0,5,0.384615384,0.0,,,,,,,,,0.0,,,,,,,,51.1
Jack Fisher,1004090,114173,P,NYM,-0.2080551813657744,,-0.3,-10.16159816248482,5.644124507904053,0.0203539569629356,,,,,-8.93233377327153,0.1478679196254627,,,,,0.29507866,0.119402985,0.175675675,0.089552238,0.029850747,0.146341463,38,80,67,2,0,0,2,8,6,4,2,0,0,7,0,26,0.325,0.0875,,,,,,,,,0.0,,,,,,,,230.0
Choo-Choo Coleman,1002418,112472,C,NYM,-0.2098866459141022,,-0.14,-1.7989143282886968,-0.7187928855419159,0.0055510791717097,,,,,3.4739970578153736,0.167103175073862,,,,,0.375,0.1875,0.1875,0.1875,0.0,0.25,6,16,16,2,0,0,0,3,3,3,0,0,0,0,0,4,0.25,0.0,,,,,,,,,-1.0,,,,,,,,41.0
Tracy Stallard,1012392,122648,P,STL,-0.2103057179286514,,-0.23,-3.342661583164728,0.9877217411994934,0.0,,,,,-100.0,0.0,,,,,0.0,0.0,0.0,0.0,0.0,0.0,20,14,14,0,0,0,0,0,0,0,0,0,0,0,0,7,0.5,0.0,,,,,,,,,0.0,,,,,,,,52.1
Bob Buhl,1001637,111675,P,- - -,-0.2128255521343324,,-0.19,-6.888545311196521,3.3864745274186134,0.0129525180673226,,,,,-22.87050518860285,0.125658651192983,,,,,0.25079365,0.095238095,0.155555555,0.095238095,0.0,0.2,33,48,42,0,1,0,0,4,4,4,0,0,0,2,0,22,0.458333333,0.041666666,,,,,,,,,0.0,,,,,,,,134.1
John Orsino,1009851,120067,1B,WAS,-0.213089710131915,,-0.18,-2.342800738237086,-0.1851851642131805,0.0055510791717097,,,,,7.215170448240641,0.1723029224768928,,,,,0.391304347,0.217391304,0.173913043,0.173913043,0.043478261,0.25,14,23,23,1,0,0,1,5,4,3,1,0,0,0,0,7,0.304347826,0.0,,,,,,,,,0.0,,,,,,,,35.0
Bob Schroder,1011619,121868,SS,SFG,-0.2134345880034629,,-0.35,-2.6649691691260573,-0.5130316019058228,0.0148028777912259,,,,,34.46918746839414,0.2160525899944883,,,,,0.484848484,0.242424242,0.242424242,0.242424242,0.0,0.258064516,10,35,33,0,2,0,0,8,8,8,0,0,0,0,0,2,0.057142857,0.0,,,,,,,,,-1.0,,,,,,,,71.0
Lindy McDaniel,1008441,118624,P,SFG,-0.215480120394054,,-0.11,-4.632698662025021,1.834340453147888,0.0037007194478064,,,,,-52.62414213331408,0.0810197212479331,,,,,0.18181818,0.09090909,0.09090909,0.09090909,0.0,0.166666666,64,26,22,1,0,0,0,2,2,2,0,0,0,0,0,10,0.384615384,0.0,,,,,,,,,0.0,,,,,,,,121.2
Clyde Wright,1014272,124594,P,CAL,-0.2203258658608533,,-0.19,-5.089825369250113,2.2576496601104736,0.0055510791717097,,,,,-44.6998051273448,0.0921948552131652,,,,,0.20689655,0.103448275,0.103448275,0.103448275,0.0,0.157894736,24,32,29,0,1,0,0,3,3,3,0,0,0,0,0,10,0.3125,0.0,,,,,,,,,0.0,,,,,,,,91.1
Joe Cunningham,1002881,112944,1B,WAS,-0.223789869754608,,-0.18,-1.182116943714128,-1.1440329104661942,0.0018503597239032,,,,,-34.49042662015164,0.111402116715908,,,,,0.25,0.125,0.125,0.125,0.0,0.142857142,3,8,8,0,0,0,0,1,1,1,0,0,0,0,0,1,0.125,0.0,,,,,,,,,-1.0,,,,,,,,21.0
Whitey Ford,1004227,114299,P,NYY,-0.2244452526075049,,-0.24,-3.864357232858186,1.3404794931411743,0.0018503597239032,,,,,-84.9154580424254,0.0360806427503887,,,,,0.052631578,0.0,0.052631578,0.0,0.0,0.0,22,19,18,0,0,0,0,0,0,0,0,0,0,1,0,6,0.315789473,0.052631578,,,,,,,,,0.0,,,,,,,,73.0
Mel Queen,1010592,120826,RF,CIN,-0.2257000755133538,,-0.48,-7.089856179953315,3.179014503955841,0.0277553958585485,,,,,11.712150641961234,0.191140416842788,,,,,0.395454545,0.145454545,0.25,0.127272727,0.018181818,0.152173913,56,69,55,4,5,0,1,8,7,6,1,0,0,10,1,12,0.173913043,0.144927536,,,,,,,,,4.0,,,,,,,,139.29999999999998
Jim Hannan,1005316,115430,P,WAS,-0.2280819398432673,,-0.21,-5.353834593080146,2.3987529277801514,0.0074014388956129,,,,,-43.293885796059165,0.0985468216240406,,,,,0.191666666,0.066666666,0.125,0.066666666,0.0,0.111111111,30,34,30,3,0,0,0,2,2,2,0,0,0,2,0,12,0.352941176,0.058823529,,,,,,,,,0.0,,,,,,,,114.0
Steve Hamilton,1005277,115384,P,NYY,-0.229049321868898,,-0.15,-4.100010667627901,1.4815826416015625,0.0018503597239032,,,,,-77.50201873639803,0.0469061544066981,,,,,0.105263156,0.052631578,0.052631578,0.052631578,0.0,0.058823529,44,21,19,1,1,0,0,1,1,1,0,0,0,0,0,2,0.095238095,0.0,,,,,,,,,0.0,,,,,,,,90.0
Jim O'Toole,1009897,120115,P,CIN,-0.2308356349928792,,-0.28,-7.154189498640665,3.457026243209839,0.0111021583434194,,,,,-25.156536794733984,0.133977777014176,,,,,0.294769503,0.14893617,0.145833333,0.127659574,0.021276596,0.214285714,25,49,47,1,1,0,1,7,6,5,1,0,0,1,0,19,0.387755102,0.020408163,,,,,,,,,0.0,,,,,,,,142.0
Dick Schofield,1011601,121853,SS,- - -,-0.2316567786500759,,-0.38,-8.26310334001959,0.90534970164299,-0.0841355422744527,,,,,57.43629949660695,0.2422457796981535,,,,,0.503514055,0.208333333,0.295180722,0.194444444,0.013888889,0.22047244,56,170,144,19,6,0,2,30,28,26,2,0,1,19,0,18,0.105882352,0.111764705,,,,,,,,,-1.0,,,,,,,,372.0
Frank Johnson,1006459,116589,RF,SFG,-0.2318376980380676,,-0.31,-2.82958378181785,-0.4135802090167999,-0.354449214763008,,,,,39.47336696389726,0.2238112635472241,,,,,0.483455882,0.21875,0.264705882,0.21875,0.0,0.28,15,35,32,2,0,0,0,7,7,7,0,0,0,2,0,7,0.2,0.057142857,,,,,,,,,0.0,,,,,,,,79.0
Dave Boswell,1001222,111259,P,MIN,-0.2334465899912375,,-0.23,-8.509852813222999,4.656402587890625,0.0166532375151291,,,,,-17.400194988817326,0.1427774848416447,,,,,0.314980158,0.158730158,0.15625,0.142857142,0.015873016,0.2,32,66,63,4,3,0,1,10,9,8,1,0,0,0,0,18,0.272727272,0.0,,,,,,,,,0.0,,,,,,,,169.1
Don Schwall,1011657,121906,P,- - -,-0.2343928530567422,,-0.19,-4.699215021838077,1.763788878917694,0.0037007194478064,,,,,-58.02312862816592,0.0656978810826937,,,,,0.126811593,0.04347826,0.083333333,0.04347826,0.0,0.066666666,22,25,23,1,0,0,0,1,1,1,0,0,0,1,0,8,0.32,0.04,,,,,,,,,0.0,,,,,,,,87.0
Felix Millan,1008867,119056,2B,ATL,-0.2344690612931655,,-0.11,-3.0925239155556907,-2.393690049648285,0.264054391416721,,,,,69.1091698493758,0.2710881344564668,,,,,0.63098192,0.34065934,0.29032258,0.274725274,0.065934066,0.294117647,37,93,91,20,5,0,6,31,25,19,6,0,3,2,2,6,0.064516129,0.021505376,,,,,,,,,-3.0,,,,,,,,209.0
John Miller,1008907,119086,P,BAL,-0.2349933547957112,,-0.26,-5.804479727450884,2.6809589862823486,0.0074014388956129,,,,,-38.98719122391375,0.1048490510267369,,,,,0.235294116,0.117647058,0.117647058,0.117647058,0.0,0.173913043,23,38,34,3,1,0,0,4,4,4,0,0,0,0,0,11,0.289473684,0.0,,,,,,,,,0.0,,,,,,,,100.2
Mike Cuellar,1002853,112915,P,HOU,-0.2366142437588457,,-0.21,-10.107645693396467,5.432469844818115,0.0148028777912259,,,,,-12.515045049582527,0.1392982022403037,,,,,0.306000385,0.169014084,0.136986301,0.112676056,0.056338028,0.212121212,38,77,71,4,1,1,2,12,8,6,1,0,0,2,0,37,0.48051948,0.025974025,,,,,,,,,0.0,,,,,,,,227.1
Paul Popovich,1010440,120671,2B,CHC,-0.2369276328032651,,-0.28,-1.4659110302326497,-0.9643347077071668,0.0,,,,,-100.0,0.0,,,,,0.0,0.0,0.0,0.0,0.0,0.0,2,6,6,0,0,0,0,0,0,0,0,0,0,0,0,2,0.333333333,0.0,,,,,,,,,-1.0,,,,,,,,13.0
Jimmy Stewart,1012522,122779,CF,CHC,-0.2371708076946101,,-0.51,-7.176963235769922,1.936899870634079,-0.1340952548198402,,,,,39.721103645217134,0.2307514909541968,,,,,0.496969696,0.244444444,0.252525252,0.177777777,0.066666667,0.205128205,57,100,90,4,4,0,5,22,16,11,4,1,1,7,0,12,0.12,0.07,,,,,,,,,2.0,,,,,,,,135.1
Jim Bouton,1001241,111279,P,NYY,-0.2390744511112717,,-0.03,-6.229663342424471,2.963165283203125,0.0092517986195161,,,,,-34.98995027817249,0.1089846140299087,,,,,0.233468285,0.105263157,0.128205128,0.105263157,0.0,0.266666666,24,42,38,1,4,0,0,4,4,4,0,0,0,1,0,23,0.547619047,0.023809523,,,,,,,,,0.0,,,,,,,,120.1
Ray Washburn,1013652,123960,P,STL,-0.2433952625289145,,-0.23,-8.510664315716006,4.30364465713501,0.0092517986195161,,,,,-19.542195677187987,0.1314932975852698,,,,,0.289473683,0.166666666,0.122807017,0.092592592,0.074074074,0.137931034,27,61,54,2,6,1,2,9,5,3,1,0,0,2,0,25,0.409836065,0.032786885,,,,,,,,,0.0,,,,,,,,170.0
Luis Tiant,1013054,123331,P,CLE,-0.245482060802369,,-0.19,-6.578658943916461,3.1748199462890625,0.0092517986195161,,,,,-33.03834751762334,0.1148756742477417,,,,,0.246246246,0.111111111,0.135135135,0.111111111,0.0,0.166666666,46,45,36,0,3,0,0,4,4,4,0,0,0,1,0,12,0.266666666,0.022222222,,,,,,,,,0.0,,,,,,,,155.0
George Brunet,1001590,111632,P,CAL,-0.2488453333326722,,-0.3,-9.133968327547606,5.00916051864624,0.0129525180673226,,,,,-17.073397352363333,0.1325364547116415,,,,,0.290336133,0.161764705,0.128571428,0.102941176,0.058823529,0.181818181,41,71,68,5,3,1,2,11,7,5,1,0,0,2,0,34,0.478873239,0.028169014,,,,,,,,,0.0,,,,,,,,212.0
Bob Skinner,1012037,122299,,STL,-0.2584781795834767,,-0.19,-3.912765229489468,0.0,0.0148028777912259,,,,,29.96772541577521,0.2082553952932357,,,,,0.452777777,0.244444444,0.208333333,0.155555555,0.088888889,0.222222222,49,48,45,2,5,1,2,11,7,5,1,0,0,2,0,17,0.354166666,0.041666666,,,,,,,,,,,,,,,,,
Don Blasingame,1001056,111084,2B,- - -,-0.2618235617259166,,0.09,-11.010909007671358,2.3004113733768463,-0.2385847540572285,,,,,59.71486781049666,0.2492024599258869,,,,,0.540990809,0.264840182,0.276150627,0.210045662,0.05479452,0.231958762,80,243,219,19,12,1,10,58,46,36,9,0,2,20,0,24,0.098765432,0.082304526,,,,,,,,,1.0,,,,,,,,471.0
Nate Oliver,1009779,119988,2B,LAD,-0.2656270728504384,,0.06,-8.879265559668912,2.0260629653930664,-0.452245477004908,,,,,47.73503220351392,0.2238920448404369,,,,,0.486203435,0.210084033,0.276119402,0.19327731,0.016806723,0.22330097,80,138,119,17,3,0,2,25,23,21,2,0,3,13,2,17,0.123188405,0.094202898,,,,,,,,,1.0,,,,,,,,371.0
Dick Kenworthy,1006855,117001,3B,CHW,-0.2657777186577736,,-0.27,-2.2798666153710845,-0.8756288141012192,0.0092517986195161,,,,,16.791077270419386,0.1782433867454528,,,,,0.4,0.2,0.2,0.2,0.0,0.2,9,25,25,1,0,0,0,5,5,5,0,0,0,0,0,0,0.0,0.0,,,,,,,,,-1.0,,,,,,,,45.1
Dick Phillips,1010288,120526,1B,WAS,-0.2658009417837774,,-0.32,-4.044765357030428,0.6913580596446991,0.0148028777912259,,,,,7.77227340495447,0.1731164348431122,,,,,0.387162162,0.162162162,0.225,0.162162162,0.0,0.1875,25,40,37,3,4,0,0,6,6,6,0,0,0,2,1,5,0.125,0.05,,,,,,,,,1.0,,,,,,,,45.0
Nelson Briles,1001432,111468,P,STL,-0.2675799794288909,,-0.3,-6.655752400667148,2.892613649368286,0.0092517986195161,,,,,-39.13369383723086,0.101117880642414,,,,,0.203947368,0.078947368,0.125,0.078947368,0.0,0.136363636,49,41,38,2,0,0,0,3,3,3,0,0,0,2,0,16,0.390243902,0.048780487,,,,,,,,,0.0,,,,,,,,154.0
Mike Ryan,1011347,121598,C,BOS,-0.2788921504693039,,-0.49,-20.48893541295474,7.454046249389648,0.3572805795120075,,,,,52.64030562159149,0.2500261948867278,,,,,0.557939563,0.287262872,0.270676691,0.21409214,0.073170732,0.256666666,116,400,369,27,32,2,20,106,79,59,15,3,1,29,3,68,0.17,0.0725,,,,,,,,,1.0,,,,,,,,941.0
Steve Hargan,1005356,115468,P,CLE,-0.2801952613181993,,-0.22,-8.639055085295215,4.4447479248046875,0.0166532375151291,,,,,-24.85436006138856,0.1268263826767603,,,,,0.270689655,0.120689655,0.15,0.120689655,0.0,0.2,38,63,58,2,4,0,0,7,7,7,0,0,0,2,0,23,0.365079365,0.031746031,,,,,,,,,0.0,,,,,,,,192.0
Hank Fischer,1004068,114147,P,- - -,-0.2807783621838262,,-0.27,-6.191300702384179,2.53985595703125,0.0074014388956129,,,,,-45.78223515245798,0.0987995003952699,,,,,0.208556148,0.09090909,0.117647058,0.09090909,0.0,0.142857142,31,36,33,1,1,0,0,3,3,3,0,0,0,1,0,12,0.333333333,0.027777777,,,,,,,,,0.0,,,,,,,,117.1
Lee Bales,1000489,110511,2B,ATL,-0.2815446836305847,,-0.3,-3.1726095054514816,0.1106537654995918,0.0018503597239032,,,,,-69.81091519898787,0.055701058357954,,,,,0.125,0.0625,0.0625,0.0625,0.0,0.09090909,12,16,16,4,0,0,0,1,1,1,0,0,0,0,0,5,0.3125,0.0,,,,,,,,,0.0,,,,,,,,40.1
Roberto Pena,1010152,120377,SS,CHC,-0.2831678834160585,,-0.24,-1.5367530853227402,-1.773662567138672,0.0018503597239032,,,,,22.53714066323309,0.2041088097235735,,,,,0.470588235,0.294117647,0.176470588,0.176470588,0.117647059,0.23076923,6,17,17,0,1,0,2,5,3,1,2,0,0,0,0,4,0.235294117,0.0,,,,,,,,,-2.0,,,,,,,,33.0
Ray Culp,1002869,112931,P,PHI,-0.2862995691417467,,-0.24,-5.78791562969129,2.187098264694214,0.0037007194478064,,,,,-59.90197806546013,0.0685551487482511,,,,,0.153846152,0.076923076,0.076923076,0.076923076,0.0,0.222222222,34,31,26,0,1,0,0,2,2,2,0,0,0,0,0,17,0.548387096,0.0,,,,,,,,,0.0,,,,,,,,110.2
Tom Egan,1003702,113771,C,CAL,-0.2914225403629337,,-0.33,-2.226027044594036,-0.8148148357868195,0.0018503597239032,,,,,-68.71422135507102,0.0571276843547821,,,,,0.083333333,0.0,0.083333333,0.0,0.0,0.0,7,12,11,0,0,0,0,0,0,0,0,0,0,1,0,5,0.416666666,0.083333333,,,,,,,,,-1.0,,,,,,,,27.0
Jim Nash,1009458,119659,P,KCA,-0.2930907135045198,,-0.22,-7.6867719728429,3.668680906295776,0.0037007194478064,,,,,-34.39754632170799,0.1153139411186685,,,,,0.265306122,0.163265306,0.102040816,0.102040816,0.06122449,0.217391304,18,52,49,2,3,0,3,8,5,2,3,0,0,0,0,26,0.5,0.0,,,,,,,,,0.0,,,,,,,,127.0
Clay Carroll,1001997,112041,P,ATL,-0.2933551482776937,,-0.22,-6.576755817363089,2.6809589862823486,0.0055510791717097,,,,,-48.25531612256512,0.0891216933727264,,,,,0.2,0.1,0.1,0.1,0.0,0.157894736,73,38,30,2,0,0,0,3,3,3,0,0,0,0,0,11,0.289473684,0.0,,,,,,,,,0.0,,,,,,,,144.1
Andre Rodgers,1011095,121342,SS,PIT,-0.2940235145276555,,-0.4,-3.815150033948647,-0.881572850048542,-0.3414966966956854,,,,,49.60932131648051,0.2397122342011024,,,,,0.49718508,0.204081632,0.293103448,0.183673469,0.020408163,0.209302325,36,59,49,6,4,0,1,10,9,8,1,0,0,8,0,7,0.118644067,0.13559322,,,,,,,,,-1.0,,,,,,,,77.2
Marty Keough,1006857,117005,1B,- - -,-0.2983858540305315,,-0.29,-3.278507079313948,-1.1598079446703196,0.2240546793909743,,,,,40.04415309209912,0.2293703687191009,,,,,0.466046511,0.186046511,0.28,0.162790697,0.023255814,0.25,50,50,43,4,6,0,1,8,7,6,1,0,1,6,0,15,0.3,0.12,,,,,,,,,-1.0,,,,,,,,35.0
Al Downing,1003450,113515,P,NYY,-0.3000265176359707,,-0.18,-10.371337142248851,5.573572635650635,0.0185035972390323,,,,,-19.51528416787085,0.1315815722620165,,,,,0.277220076,0.128571428,0.148648648,0.1,0.028571428,0.175,30,79,70,4,7,0,1,9,7,6,0,1,0,4,0,30,0.379746835,0.050632911,,,,,,,,,0.0,,,,,,,,200.0
Hal Lanier,1007324,117481,2B,SFG,-0.300212739595434,,-0.61,-28.74283834803822,10.637405395507812,0.3776345364749431,,,,,48.50455610444365,0.2378135686998428,,,,,0.546062869,0.289760348,0.256302521,0.230936819,0.058823529,0.25245098,149,484,459,37,37,3,19,133,106,87,14,2,1,16,7,49,0.101239669,0.033057851,,,,,,,,,6.0,,,,,,,,1208.4
John Miller,1008908,119083,LF,NYY,-0.3026960982544402,,-0.36,-3.0035018306177745,-0.3305898308753967,0.0018503597239032,,,,,-18.743319743098553,0.1327088371567104,,,,,0.304347825,0.217391304,0.086956521,0.086956521,0.130434783,0.076923076,6,23,23,1,2,1,1,5,2,1,0,0,0,0,0,9,0.391304347,0.0,,,,,,,,,0.0,,,,,,,,51.0
Jim Lonborg,1007724,117886,P,BOS,-0.3031468648975342,,-0.01,-8.748412161915395,4.374196529388428,0.0074014388956129,,,,,-28.33539958138338,0.1317810182060514,,,,,0.291666666,0.166666666,0.125,0.092592592,0.074074074,0.161290322,46,62,54,5,0,0,3,9,5,2,2,1,0,2,0,23,0.370967741,0.032258064,,,,,,,,,0.0,,,,,,,,181.2
Pat Jarvis,1006363,116499,P,ATL,-0.3047112145385311,,-0.35,-5.228180257300903,1.6932373046875,0.0018503597239032,,,,,-86.51283962532051,0.0298057483590167,,,,,0.04347826,0.0,0.04347826,0.0,0.0,0.0,10,24,22,1,1,0,0,0,0,0,0,0,0,1,0,14,0.583333333,0.041666666,,,,,,,,,0.0,,,,,,,,62.1
Bubba Morton,1009229,119429,RF,CAL,-0.3051179928683463,,-0.31,-3.442797698867173,-0.7366234064102173,-0.1488981326110661,,,,,44.56829432100041,0.2225490418764261,,,,,0.49,0.24,0.25,0.22,0.02,0.25,15,54,50,4,4,0,1,12,11,10,1,0,1,2,0,6,0.111111111,0.037037037,,,,,,,,,0.0,,,,,,,,119.1
Jim Palmer,1009973,120196,P,BAL,-0.3109218519147076,,-0.26,-10.372235119920694,5.503021240234375,0.0148028777912259,,,,,-21.014877871095205,0.1310932110798986,,,,,0.282263878,0.150684931,0.131578947,0.09589041,0.054794521,0.153846153,36,78,73,11,5,1,2,11,7,5,1,0,0,3,0,33,0.423076923,0.038461538,,,,,,,,,0.0,,,,,,,,208.1
Joe Nuxhall,1009665,119872,P,CIN,-0.3134393263976913,,-0.38,-7.068306510614626,2.892613649368286,0.0055510791717097,,,,,-47.66861456003899,0.0990741804242134,,,,,0.225,0.125,0.1,0.1,0.025,0.153846153,35,41,40,2,2,0,1,5,4,3,1,0,0,0,0,14,0.341463414,0.0,,,,,,,,,0.0,,,,,,,,130.0
John Boccabella,1001104,111132,LF,CHC,-0.3272725827526599,,-0.06,-8.040613366574853,-2.477139711380005,-0.2878362647024914,,,,,71.02405823384174,0.2792848031800072,,,,,0.6327659,0.3592233,0.2735426,0.228155339,0.131067961,0.25,75,229,206,22,25,6,15,74,47,32,9,0,0,14,1,39,0.170305676,0.061135371,,,,,,,,,0.0,,,,,,,,461.2
Milt Pappas,1009989,120213,P,CIN,-0.3289920545225577,,-0.33,-11.456802938034292,5.785227298736572,0.0166532375151291,,,,,-19.75568889773774,0.1423514606077459,,,,,0.312573839,0.173333333,0.139240506,0.106666666,0.066666667,0.189189189,36,82,75,6,4,1,2,13,8,6,0,1,0,2,0,38,0.463414634,0.024390243,,,,,,,,,0.0,,,,,,,,209.2
Larry Elliot,1003742,113801,RF,NYM,-0.3340869223763197,,-0.06,-0.3123346481910185,-10.639919519424438,-0.2896866244263947,,,,,99.91025871052176,0.3166216872459234,,,,,0.717615856,0.412060301,0.305555555,0.246231155,0.165829146,0.297297297,65,216,199,24,32,5,21,82,49,28,14,2,0,17,1,46,0.212962962,0.078703703,,,,,,,,,-8.0,,,,,,,,427.2
Jack Lamabe,1007266,117422,P,CHW,-0.3422286258244882,,-0.36,-6.963411236669615,2.8220622539520264,0.0055510791717097,,,,,-58.32510107933329,0.0685546133253309,,,,,0.14047619,0.057142857,0.083333333,0.057142857,0.0,0.105263157,34,40,35,2,0,0,0,2,2,2,0,0,0,1,0,16,0.4,0.025,,,,,,,,,0.0,,,,,,,,121.1
Tony Horton,1006037,116161,1B,BOS,-0.3463283597036449,,-0.45,-3.420254820381155,-0.3063559234142303,0.0055510791717097,,,,,-35.35570526998739,0.1215295818718996,,,,,0.272727272,0.136363636,0.136363636,0.136363636,0.0,0.176470588,6,23,22,0,2,0,0,3,3,3,0,0,0,0,0,5,0.217391304,0.0,,,,,,,,,0.0,,,,,,,,44.2
Glenn Beckert,1000743,110774,2B,CHC,-0.3490339852352543,,0.45,-13.627505895722656,-14.238683462142944,0.8616074890596792,,,,,82.10530415802117,0.2964655957076438,,,,,0.66442144,0.347560975,0.316860465,0.286585365,0.06097561,0.301127214,153,693,656,73,59,1,31,228,188,157,23,7,10,26,0,36,0.051948051,0.037518037,,,,,,,,,-18.0,,,,,,,,1362.0
Bob Veale,1013391,123684,P,PIT,-0.351939904857799,,-0.35,-13.32122744223442,6.914052486419678,0.0240546764107421,,,,,-16.551382168115186,0.1371341190840068,,,,,0.306942889,0.159574468,0.147368421,0.138297872,0.021276596,0.236363636,38,98,94,5,2,0,1,15,13,12,0,1,0,1,0,39,0.397959183,0.010204081,,,,,,,,,0.0,,,,,,,,268.1
Bobby Murcer,1009338,119535,SS,NYY,-0.3540310120202572,,-0.23,-6.159862919149738,1.0356651544570925,-0.3162998624611646,,,,,27.256109583368985,0.1998797328504797,,,,,0.436569386,0.217391304,0.219178082,0.173913043,0.043478261,0.1875,21,73,69,3,5,0,2,15,12,10,1,1,2,4,0,5,0.06849315,0.05479452,,,,,,,,,0.0,,,,,,,,151.0
Rollie Sheldon,1011855,122114,P,- - -,-0.3571204662534847,,-0.46,-7.3887314922432274,3.0337167978286743,0.0074014388956129,,,,,-56.306810690693034,0.0869479935343672,,,,,0.19512195,0.097560975,0.097560975,0.097560975,0.0,0.19047619,37,43,41,1,0,0,0,4,4,4,0,0,0,0,0,20,0.465116279,0.0,,,,,,,,,0.0,,,,,,,,148.2
Sammy Ellis,1003753,113821,P,CIN,-0.3574237785333525,,-0.19,-11.81620114399808,5.85577917098999,0.0203539569629356,,,,,-22.05708011066266,0.1387832946068531,,,,,0.29073359,0.128571428,0.162162162,0.114285714,0.014285714,0.19047619,43,83,70,3,1,0,1,9,8,7,1,0,0,4,0,28,0.337349397,0.048192771,,,,,,,,,0.0,,,,,,,,221.0
Bob Tillman,1013066,123344,C,BOS,-0.3616054061468383,,-0.88,-7.4986385848831025,-2.4403295516967773,0.1017697848146781,,,,,69.8391835000866,0.2751409419377645,,,,,0.616357068,0.31372549,0.302631578,0.230392156,0.083333334,0.261904761,78,229,204,12,24,3,11,64,47,36,8,0,0,22,3,35,0.152838427,0.096069868,,,,,,,,,-6.0,,,,,,,,519.0
Bob Bruce,1001573,111615,P,HOU,-0.3624025105561444,,-0.36,-8.130526825839237,3.315922975540161,0.0074014388956129,,,,,-48.19438335302168,0.0839795753359794,,,,,0.176923076,0.076923076,0.1,0.076923076,0.0,0.12,25,47,39,2,1,0,0,3,3,3,0,0,0,1,0,14,0.29787234,0.021276595,,,,,,,,,0.0,,,,,,,,129.2
Al Weis,1013743,124049,2B,CHW,-0.3628235440273389,,-0.07,-18.276673440419454,10.157296180725098,-1.1814978634938598,,,,,27.065063135962212,0.1932460257572493,,,,,0.420175483,0.187165775,0.233009708,0.155080213,0.032085562,0.211678832,129,213,187,20,9,0,5,35,29,24,4,1,3,17,3,50,0.234741784,0.079812206,,,,,,,,,8.0,,,,,,,,598.4
Joey Amalfitano,1000204,110213,2B,CHC,-0.3630411656995954,,-0.49,-4.039174236088801,-0.7823502719402313,0.0148028777912259,,,,,21.1422537557857,0.2019461230798201,,,,,0.437799042,0.210526315,0.227272727,0.157894736,0.052631579,0.2,41,44,38,8,3,0,2,8,6,4,2,0,0,4,0,10,0.227272727,0.09090909,,,,,,,,,-1.0,,,,,,,,76.1
Dick Kelley,1006769,116928,P,ATL,-0.3633201383499294,,-0.4,-6.2735503115915465,2.045994997024536,0.0018503597239032,,,,,-85.207771682147,0.0318291762045451,,,,,0.07142857,0.035714285,0.035714285,0.035714285,0.0,0.09090909,20,29,28,0,0,0,0,1,1,1,0,0,0,0,0,17,0.586206896,0.0,,,,,,,,,0.0,,,,,,,,81.0
Dick Nen,1009515,119717,1B,WAS,-0.3648901422122985,,-0.59,-6.5425156588616975,-3.806584119796753,-0.6274826016742736,,,,,79.79228590820617,0.2782840166708362,,,,,0.617743877,0.323404255,0.294339622,0.212765957,0.110638298,0.237837837,94,266,235,20,30,6,14,76,50,36,8,0,0,28,2,46,0.17293233,0.105263157,,,,,,,,,0.0,,,,,,,,555.0
Rick Monday,1009051,119246,CF,KCA,-0.3653696614881882,,-0.34,-4.535488541603072,0.0,-0.156299571506679,,,,,15.328456355632222,0.1879265841017378,,,,,0.383497664,0.170731707,0.212765957,0.097560975,0.073170732,0.16,17,47,41,4,2,0,2,7,4,2,1,1,1,6,0,16,0.340425531,0.127659574,,,,,,,,,0.0,,,,,,,,107.0
Larry Haney,1005306,115418,C,BAL,-0.382556292349857,,-0.36,-5.077230808635819,-0.0054870247840881,0.0166532375151291,,,,,20.18900772110056,0.19126139015987,,,,,0.421798029,0.232142857,0.189655172,0.160714285,0.071428572,0.2,20,58,56,3,3,1,2,13,9,7,1,0,0,1,0,15,0.258620689,0.017241379,,,,,,,,,-1.0,,,,,,,,145.0
Ron Brand,1001351,111383,C,HOU,-0.3867117616128706,,-0.27,-7.48410347806537,-0.7926360368728638,-0.6755919544957578,,,,,58.076925850623695,0.2487467258496392,,,,,0.561633189,0.260162601,0.301470588,0.243902439,0.016260162,0.267857142,56,139,123,12,10,0,2,32,30,28,2,0,0,9,3,13,0.093525179,0.064748201,,,,,,,,,-2.0,,,,,,,,245.39999999999998
Dick Dietz,1003290,113355,C,SFG,-0.3874161525425119,,-0.34,-4.528162335140122,0.2491995841264724,0.0037007194478064,,,,,-61.61485639353845,0.0670801699161529,,,,,0.126811593,0.04347826,0.083333333,0.04347826,0.0,0.071428571,13,24,23,1,0,0,0,1,1,1,0,0,0,0,0,9,0.375,0.0,,,,,,,,,0.0,,,,,,,,36.1
Sonny Siebert,1011951,122212,P,CLE,-0.3875667087013921,,-0.12,-12.421382043083772,6.490743160247803,0.0185035972390323,,,,,-22.876889678984163,0.1297139936480029,,,,,0.29087221,0.152941176,0.137931034,0.129411764,0.023529412,0.169230769,34,92,85,4,3,0,2,13,11,9,2,0,0,1,0,21,0.228260869,0.010869565,,,,,,,,,0.0,,,,,,,,241.0
Phil Ortega,1009855,120070,P,WAS,-0.3892104037813136,,-0.25,-10.202467980190018,4.8680572509765625,0.0166532375151291,,,,,-34.58792862359867,0.1112597389299361,,,,,0.203096538,0.055555555,0.147540983,0.055555555,0.0,0.085714285,33,69,54,3,2,0,0,3,3,3,0,0,0,6,0,20,0.289855072,0.086956521,,,,,,,,,0.0,,,,,,,,197.1
Alex Johnson,1006418,116560,LF,STL,-0.4011867123610557,,-0.49,-6.401019610948709,-0.117283821105957,-0.1396463339915499,,,,,41.10967545876266,0.2255303058359358,,,,,0.509838997,0.279069767,0.23076923,0.186046511,0.093023256,0.212121212,25,91,86,7,6,2,3,24,16,13,0,1,1,5,1,18,0.197802197,0.054945054,,,,,,,,,1.0,,,,,,,,181.0
Tom Satriano,1011454,121706,C,CAL,-0.4121671165156176,,-0.85,-5.475535172135272,-5.8097875118255615,-0.3819318074965849,,,,,81.84791182556268,0.2769867889434693,,,,,0.607768721,0.287610619,0.320158102,0.238938053,0.048672566,0.278350515,103,255,226,16,24,0,8,65,54,46,5,3,3,27,2,32,0.125490196,0.105882352,,,,,,,,,-8.0,,,,,,,,580.1
Gene Michael,1008837,119025,SS,PIT,-0.4169574035682709,,-0.45,-3.3723729975019134,-1.670781910419464,0.0037007194478064,,,,,12.4383925564637,0.1820809877280033,,,,,0.424242423,0.272727272,0.151515151,0.151515151,0.121212121,0.192307692,30,33,33,9,2,0,3,9,5,2,2,1,0,0,0,7,0.212121212,0.0,,,,,,,,,-2.0,,,,,,,,51.0
Danny Napoleon,1009448,119650,LF,NYM,-0.4212588350493994,,-0.43,-2.6581332384615113,-2.4567900896072388,-0.3600002939347178,,,,,42.14885271699356,0.227066168013741,,,,,0.508021389,0.272727272,0.235294117,0.212121212,0.06060606,0.304347826,12,34,33,2,0,0,2,9,7,5,2,0,0,1,0,10,0.294117647,0.029411764,,,,,,,,,-2.0,,,,,,,,74.0
Hector Lopez,1007755,117918,LF,NYY,-0.4234393513404071,,-0.47,-2.222223384493617,-5.415635704994202,0.0462589930975809,,,,,84.01961093044139,0.2827689183039928,,,,,0.635237902,0.367521367,0.267716535,0.213675213,0.153846154,0.223404255,54,129,117,14,16,4,9,43,25,16,4,1,0,8,0,20,0.155038759,0.062015503,,,,,,,,,-4.0,,,,,,,,229.1
Dave Wickersham,1013917,124231,P,DET,-0.4247834409681693,,-0.45,-8.483019815702892,3.386474609375,0.0055510791717097,,,,,-60.70707326291753,0.0755659100857186,,,,,0.151773048,0.066666666,0.085106382,0.044444444,0.022222222,0.071428571,38,48,45,1,1,0,1,3,2,1,1,0,0,2,0,17,0.354166666,0.041666666,,,,,,,,,0.0,,,,,,,,141.0
Ken Holtzman,1005989,116115,P,CHC,-0.4248043392726711,,-0.43,-12.111489773086715,5.644124507904053,0.0166532375151291,,,,,-29.753794457295715,0.1230349202413816,,,,,0.272121436,0.136986301,0.135135135,0.123287671,0.01369863,0.1875,34,80,73,2,2,0,1,10,9,8,1,0,0,1,0,25,0.3125,0.0125,,,,,,,,,0.0,,,,,,,,220.2
Jackie Hernandez,1005703,115823,SS,CAL,-0.4278240886275269,,-0.43,-4.8780417645750225,0.3385917544364929,-0.1674017298500985,,,,,-64.64487622626449,0.0630699658393859,,,,,0.12347826,0.04347826,0.08,0.04347826,0.0,0.05,58,26,23,19,2,0,0,1,1,1,0,0,1,1,0,4,0.153846153,0.038461538,,,,,,,,,0.0,,,,,,,,81.2
Tito Francona,1004293,114377,1B,STL,-0.4327079123771404,,-0.48,-7.504938138155086,-1.8116116523742676,0.0573611514410004,,,,,60.53375952198272,0.255646157484113,,,,,0.576923076,0.326923076,0.25,0.211538461,0.115384615,0.232,83,164,156,14,17,4,9,51,33,24,4,1,0,7,1,27,0.164634146,0.042682926,,,,,,,,,0.0,,,,,,,,270.1
Ozzie Virgil Sr.,1013438,123736,C,SFG,-0.4341449978064289,,-0.43,-5.69271032943942,-1.5555555820465088,-0.1377959742676466,,,,,49.95398441884774,0.240060818451707,,,,,0.548051637,0.303370786,0.244680851,0.213483146,0.08988764,0.22368421,42,95,89,7,9,2,4,27,19,15,2,0,1,4,1,12,0.126315789,0.042105263,,,,,,,,,-2.0,,,,,,,,196.0
Bobby Tolan,1013100,123377,RF,STL,-0.4346348665135929,,-0.46,-7.849564236977597,0.7338821887969971,-0.5144495057174936,,,,,39.04835499853456,0.222334354820818,,,,,0.5125796,0.279569892,0.233009708,0.17204301,0.107526882,0.189873417,43,103,93,10,6,1,7,26,16,9,5,1,1,6,2,15,0.145631067,0.058252427,,,,,,,,,2.0,,,,,,,,205.0
Frank Malzone,1008048,118223,3B,CAL,-0.4397454145878172,,-0.64,-8.168641060925045,-0.2976680994033813,0.0629122306127101,,,,,54.93749239870255,0.2376907149950663,,,,,0.530431402,0.277419354,0.253012048,0.206451612,0.070967742,0.209790209,82,166,155,6,12,2,7,43,32,25,5,0,0,10,1,11,0.06626506,0.060240963,,,,,,,,,-1.0,,,,,,,,256.0
Bob Burda,1001660,111699,1B,SFG,-0.4492841290076144,,-0.5,-4.365849478929853,-1.2976680099964142,0.0111021583434194,,,,,18.56151968613308,0.191388726234436,,,,,0.428210312,0.232558139,0.195652173,0.162790697,0.069767442,0.179487179,37,46,43,3,2,0,3,10,7,4,3,0,0,2,0,5,0.108695652,0.04347826,,,,,,,,,-1.0,,,,,,,,46.0
Ron Herbel,1005685,115799,P,SFG,-0.4560318191415642,,-0.46,-8.143831351743176,2.7515106201171875,0.0037007194478064,,,,,-78.8039943004459,0.0404294652816576,,,,,0.07759784,0.026315789,0.051282051,0.026315789,0.0,0.071428571,32,39,38,0,1,0,0,1,1,1,0,0,0,1,0,24,0.615384615,0.025641025,,,,,,,,,0.0,,,,,,,,129.2
Al Luplow,1007842,118011,RF,NYM,-0.4582404308106358,,-0.61,-4.928355515791556,-12.565845251083374,-1.634177296422422,,,,,92.5213796697416,0.3051656832297643,,,,,0.677972055,0.347305389,0.330666666,0.251497005,0.095808384,0.273049645,111,377,334,31,31,7,17,116,84,67,9,1,2,38,3,46,0.122015915,0.100795755,,,,,,,,,-9.0,,,,,,,,757.2
John Donaldson,1003378,113442,2B,KCA,-0.4601440668752385,,-0.5,-3.4053805165680213,-1.8381344377994535,0.2129525210475549,,,,,3.2900252904704503,0.170347405202461,,,,,0.345454545,0.133333333,0.212121212,0.133333333,0.0,0.153846153,15,34,30,4,1,0,0,4,4,4,0,0,1,3,0,4,0.117647058,0.088235294,,,,,,,,,-2.0,,,,,,,,59.0
Dalton Jones,1006546,116695,2B,BOS,-0.4617150488490132,,-0.42,-5.645184824172452,-6.670323848724365,-0.4311833181418478,,,,,82.894607955063,0.2942051904978769,,,,,0.668328462,0.365079365,0.303249097,0.234126984,0.130952381,0.248868778,115,277,252,26,23,4,20,92,59,39,11,5,1,22,4,27,0.097472924,0.079422382,,,,,,,,,-8.0,,,,,,,,484.2
Rick Wise,1014155,124473,P,PHI,-0.4647348657076695,,-0.56,-7.3931328825241955,2.187098264694214,0.0,,,,,-100.0,0.0,,,,,0.0,0.0,0.0,0.0,0.0,0.0,23,31,30,0,0,0,0,0,0,0,0,0,0,0,0,16,0.516129032,0.0,,,,,,,,,0.0,,,,,,,,99.1
Lee Stange,1012400,122658,P,- - -,-0.4667174575860954,,-0.51,-9.83143551185492,4.091990083456039,0.0111021583434194,,,,,-54.21291314916171,0.0914061511004412,,,,,0.188034187,0.076923076,0.111111111,0.076923076,0.0,0.133333333,36,58,52,1,1,0,0,4,4,4,0,0,0,2,0,22,0.379310344,0.034482758,,,,,,,,,0.0,,,,,,,,169.1
Don Mason,1008217,118397,2B,SFG,-0.4853067359957293,,-0.56,-3.5005977244134057,-1.9259259328246117,-0.3674017328303307,,,,,-3.140672536065426,0.1577408075332641,,,,,0.36,0.24,0.12,0.12,0.12,0.09090909,42,26,25,8,1,1,1,6,3,2,0,0,0,0,0,2,0.076923076,0.0,,,,,,,,,-2.0,,,,,,,,27.0
John Herrnstein,1005735,115855,LF,- - -,-0.485746964543412,,-0.51,-4.655078444320292,-1.4026062786579132,0.0203539569629356,,,,,16.63259381303258,0.1913819188872973,,,,,0.406944443,0.177777777,0.229166666,0.177777777,0.0,0.347826086,30,48,45,5,2,0,0,8,8,8,0,0,0,3,0,22,0.458333333,0.0625,,,,,,,,,-1.0,,,,,,,,62.0
Andy Kosco,1007115,117267,LF,MIN,-0.4899583865936311,,-0.58,-9.818423985203546,1.1957018375396729,-0.3081902216654271,,,,,49.162531077593904,0.2399760369794914,,,,,0.542636245,0.29113924,0.251497005,0.221518987,0.069620253,0.259842519,57,170,158,11,13,2,7,46,35,28,5,0,0,7,1,31,0.182352941,0.04117647,,,,,,,,,3.0,,,,,,,,339.2
Bill Hands,1005303,115413,P,CHC,-0.4927545706243942,,-0.46,-10.23579947365352,3.9508869647979736,0.0074014388956129,,,,,-56.55372615928483,0.0814832689670416,,,,,0.157378335,0.061224489,0.096153846,0.040816326,0.020408163,0.076923076,41,56,49,2,1,0,1,3,2,1,1,0,0,3,0,23,0.410714285,0.053571428,,,,,,,,,0.0,,,,,,,,159.0
Joe Horlen,1006025,116151,P,CHW,-0.4958350353025539,,-0.61,-10.96743612462318,4.726953983306885,0.2111021613236516,,,,,-51.61838455938926,0.0783481295146639,,,,,0.161904761,0.066666666,0.095238095,0.066666666,0.0,0.081632653,64,67,60,6,1,0,0,4,4,4,0,0,1,2,0,12,0.179104477,0.029850746,,,,,,,,,0.0,,,,,,,,211.0
Steve Barber,1000530,110550,P,BAL,-0.5042076516716791,,-0.57,-9.48887821252775,3.5981292724609375,0.0055510791717097,,,,,-69.1766175448118,0.0607647909359498,,,,,0.136363636,0.068181818,0.068181818,0.068181818,0.0,0.214285714,25,51,44,1,1,0,0,3,3,3,0,0,0,0,0,30,0.588235294,0.0,,,,,,,,,0.0,,,,,,,,133.1
Lee Thomas,1012986,123252,1B,- - -,-0.508048117874377,,-0.7,-10.142158514463675,-4.648833751678467,-0.0341758297290653,,,,,71.72785188170953,0.2780024579029209,,,,,0.61639952,0.323636363,0.292763157,0.221818181,0.101818182,0.225941422,114,306,275,26,24,7,13,89,61,48,5,1,1,24,2,30,0.098039215,0.078431372,,,,,,,,,-1.0,,,,,,,,555.0
Billy Bryan,1001602,111640,C,- - -,-0.5140550436270642,,-0.8800000000000001,-8.408998104279593,-0.5871057510375977,0.0481093528214842,,,,,51.04874331071305,0.237511796936108,,,,,0.525851087,0.296551724,0.229299363,0.172413793,0.124137931,0.198113207,59,157,145,5,12,4,10,43,25,15,6,0,0,11,0,36,0.229299363,0.070063694,,,,,,,,,-2.0,,,,,,,,298.0
Derrell Griffith,1005039,115152,LF,LAD,-0.5173016967689438,,-0.51,-3.3283739701920276,-2.121399372816086,0.0018503597239032,,,,,-58.34951184671796,0.0594144622484843,,,,,0.243137254,0.066666666,0.176470588,0.066666666,0.0,0.083333333,23,18,15,3,2,0,0,1,1,1,0,0,0,2,2,3,0.166666666,0.111111111,,,,,,,,,-2.0,,,,,,,,23.2
Phil Linz,1007642,117802,3B,PHI,-0.5268655684196377,,-0.72,-5.81143330873117,-1.510288089513779,0.0240546764107421,,,,,30.63179967083956,0.2089222214288181,,,,,0.465079364,0.242857142,0.222222222,0.2,0.042857142,0.25,40,72,70,4,6,0,3,17,14,11,3,0,0,2,0,14,0.194444444,0.027777777,,,,,,,,,-2.0,,,,,,,,140.3
Bob Chance,1002129,112184,1B,WAS,-0.560311192558758,,-0.68,-4.295786365029855,-2.539552092552185,0.0148028777912259,,,,,34.71295087650909,0.2124566932519277,,,,,0.480701754,0.280701754,0.2,0.175438596,0.105263158,0.264705882,37,60,57,1,8,1,4,16,10,6,3,0,0,2,0,23,0.383333333,0.033333333,,,,,,,,,-2.0,,,,,,,,78.2
Cap Peterson,1010224,120465,LF,SFG,-0.5771999294135541,,-0.97,-7.934329582157856,-4.205763101577759,0.4869669129839167,,,,,64.66829990445224,0.2628744626280122,,,,,0.589938079,0.310526315,0.279411764,0.236842105,0.07368421,0.272151898,89,204,190,13,19,2,9,59,45,36,6,1,2,11,1,32,0.156862745,0.053921568,,,,,,,,,-2.0,,,,,,,,355.2
Jim Piersall,1010340,120568,RF,CAL,-0.5898567612139174,,-0.85,-6.619106384107489,-2.613166570663452,-0.479292670963332,,,,,61.253332885723616,0.2469134525112483,,,,,0.534641215,0.25203252,0.282608695,0.211382113,0.040650407,0.245283018,75,144,123,14,14,0,5,31,26,21,5,0,1,13,0,19,0.131944444,0.090277777,,,,,,,,,-1.0,,,,,,,,327.1
Lenny Green,1005005,115092,CF,BOS,-0.5916174020410415,,-0.75,-3.904622045475022,-6.111111104488373,-0.2952377035981044,,,,,78.70125282579836,0.288081822792689,,,,,0.632773987,0.308270676,0.324503311,0.240601503,0.067669173,0.271929824,85,154,133,18,12,1,7,41,32,25,6,0,0,15,1,19,0.123376623,0.097402597,,,,,,,,,-6.0,,,,,,,,187.0
Buddy Bradford,1001299,111336,RF,CHW,-0.5943551603830876,,-0.66,-3.0458399312585973,-3.399177104234695,0.0111021583434194,,,,,7.400720816118024,0.1645310719807942,,,,,0.342857142,0.142857142,0.2,0.142857142,0.0,0.181818181,14,30,28,3,0,0,0,4,4,4,0,0,0,2,0,6,0.2,0.066666666,,,,,,,,,-3.0,,,,,,,,64.2
Miguel de la Hoz,1003159,113223,3B,ATL,-0.5990612634390974,,-0.7,-7.088886024251026,-2.470964729785919,-0.3285441786283627,,,,,50.54632845579029,0.2423075867735821,,,,,0.55,0.3,0.25,0.218181818,0.081818182,0.241758241,71,117,110,11,7,2,5,33,24,19,3,0,0,5,1,18,0.153846153,0.042735042,,,,,,,,,-3.0,,,,,,,,189.4
Bob Friend,1004355,114442,P,- - -,-0.6306412281469217,,-0.6699999999999999,-10.556154724529524,3.3864746689796448,0.0018503597239032,,,,,-89.00862010426368,0.0222804233431816,,,,,0.05,0.025,0.025,0.025,0.0,0.055555555,34,48,40,1,1,0,0,1,1,1,0,0,0,0,0,22,0.458333333,0.0,,,,,,,,,0.0,,,,,,,,130.2
Dick Simpson,1011993,122258,RF,CIN,-0.6486349531520023,,-0.49,0.0673758272585609,-10.080246806144714,-0.322993099456653,,,,,103.37486022570964,0.3332578291495641,,,,,0.738095237,0.404761904,0.333333333,0.238095238,0.166666666,0.333333333,92,99,84,26,14,4,6,34,20,14,2,0,0,10,0,32,0.323232323,0.101010101,,,,,,,,,-9.0,,,,,,,,235.0
Sandy Alomar Sr.,1000176,110185,2B,ATL,-0.6511098972868841,,-0.63,-7.757214815409964,0.4115225970745086,0.0055510791717097,,,,,-47.64533175077607,0.0900674367492849,,,,,0.224747474,0.113636363,0.111111111,0.09090909,0.022727273,0.117647058,31,45,44,4,2,0,1,5,4,3,1,0,0,1,1,10,0.222222222,0.022222222,,,,,,,,,0.0,,,,,,,,123.0
Billy Murphy,1009345,119574,CF,NYM,-0.6651911732080887,,-0.71,-5.305984482493811,-6.109053693711758,-0.4848437501350418,,,,,71.73736187301863,0.272941337691413,,,,,0.611574073,0.34074074,0.270833333,0.229629629,0.111111111,0.282828282,84,146,135,15,13,3,8,46,31,23,4,1,1,7,0,34,0.232876712,0.047945205,,,,,,,,,-6.0,,,,,,,,294.4
Gordy Coleman,1002422,112476,1B,CIN,-0.6747582715998521,,-0.78,-7.406827914149879,-7.200733661651611,0.1380687773926183,,,,,73.74972030707895,0.2873258657199292,,,,,0.647197948,0.348017621,0.299180327,0.251101321,0.0969163,0.292134831,91,246,227,20,37,5,12,79,57,45,7,0,2,16,2,45,0.182926829,0.06504065,,,,,,,,,-4.0,,,,,,,,466.2
Sandy Koufax,1007124,117277,P,LAD,-0.6776611327236831,,-0.56,-18.94566345870688,8.748393058776855,0.0203539569629356,,,,,-30.909210743921715,0.1019589670242801,,,,,0.21459814,0.101694915,0.112903225,0.076271186,0.025423729,0.14516129,41,124,118,5,5,0,3,12,9,6,3,0,0,5,0,57,0.459677419,0.04032258,,,,,,,,,0.0,,,,,,,,323.0
Manny Jimenez,1006413,116548,LF,KCA,-0.6934492648688321,,-0.7,-3.2537834795090266,-4.47530859708786,0.0166532375151291,,,,,27.512429789018604,0.2057182919688341,,,,,0.41533101,0.171428571,0.243902439,0.114285714,0.057142857,0.129032258,13,41,35,1,1,0,1,6,4,3,0,1,0,6,0,4,0.097560975,0.146341463,,,,,,,,,-4.0,,,,,,,,77.0
Bob Aspromonte,1000341,110356,3B,HOU,-0.7085848483868376,,-0.42,-17.27912670114003,-10.44352102279663,-1.2179580088704824,,,,,77.20311144904677,0.2784007041892555,,,,,0.630595237,0.333928571,0.296666666,0.251785714,0.082142857,0.270325203,152,603,560,55,52,8,27,187,141,114,16,3,0,35,7,63,0.104477611,0.058043117,,,,,,,,,-14.0,,,,,,,,1298.4
Ollie Brown,1001551,111581,RF,SFG,-0.7125962349347088,,-0.79,-13.316009125913936,-5.960906982421875,-1.2815784413833171,,,,,73.31581212039411,0.276281900228338,,,,,0.621837579,0.318965517,0.302872062,0.23275862,0.086206897,0.269090909,115,386,348,32,33,7,15,111,81,66,7,1,2,33,7,66,0.170984455,0.085492227,,,,,,,,,-1.0,,,,,,,,896.3000000000001
John Stephenson,1012497,122754,C,NYM,-0.7911366498405348,,-1.11,-10.609179541472033,-1.969595432281494,0.0647625903366133,,,,,40.28971311707812,0.2241836860288981,,,,,0.48612825,0.237762237,0.248366013,0.195804195,0.041958042,0.236842105,63,153,143,17,11,1,3,34,28,25,1,1,0,8,0,28,0.183006535,0.052287581,,,,,,,,,-4.0,,,,,,,,309.1
Sandy Valdespino,1013319,123599,LF,MIN,-0.8044615776740722,,-0.89,-9.146165999081813,-1.1193393468856812,-0.3051977041177451,,,,,29.524749053029133,0.2112998680064552,,,,,0.469785574,0.259259259,0.210526315,0.175925925,0.083333334,0.204819277,52,114,108,11,9,2,4,28,19,15,1,1,2,4,0,24,0.210526315,0.035087719,,,,,,,,,0.0,,,,,,,,181.1
Hawk Taylor,1012876,123151,C,NYM,-0.8100569235714485,,-1.09,-8.988704738555814,-2.336989045143127,-0.3377959772478789,,,,,34.476206521872456,0.2151702004196369,,,,,0.47876918,0.275229357,0.203539823,0.174311926,0.100917431,0.183908045,53,113,109,5,12,3,5,30,19,14,2,0,0,3,0,19,0.168141592,0.026548672,,,,,,,,,-3.0,,,,,,,,208.2
Johnny Edwards,1003689,113757,C,CIN,-0.8384626938986861,,-0.85,-21.35091370081317,3.0571532249450684,-0.7967346912482753,,,,,44.85258040946308,0.2425226216966455,,,,,0.552675284,0.283687943,0.268987341,0.191489361,0.092198582,0.202531645,98,319,282,24,39,6,14,80,54,40,8,0,1,31,8,42,0.131661442,0.097178683,,,,,,,,,-2.0,,,,,,,,737.1
George Altman,1000189,110199,LF,CHC,-0.8393982394325507,,-0.95,-8.555836555517345,-6.04457950592041,-0.2663401499157771,,,,,64.70218400863028,0.2694831247232398,,,,,0.611517044,0.335135135,0.276381909,0.221621621,0.113513514,0.251748251,88,201,185,19,17,5,11,62,41,30,6,0,2,14,3,37,0.184079601,0.069651741,,,,,,,,,-4.0,,,,,,,,328.1
Dean Chance,1002130,112185,P,CAL,-0.8660082890967589,,-0.95,-16.337008222494372,6.208536624908447,0.0111021583434194,,,,,-68.82102718758848,0.0569717206060886,,,,,0.101315789,0.026315789,0.075,0.026315789,0.0,0.09090909,41,88,76,1,0,0,0,2,2,2,0,0,0,3,0,54,0.613636363,0.034090909,,,,,,,,,0.0,,,,,,,,259.2
John Kennedy,1006844,116980,3B,LAD,-0.8695454658715074,,-1.06,-16.10856414294372,-1.9391863346099856,-0.440435116761364,,,,,54.38732385585786,0.2342060152634617,,,,,0.522401207,0.281021897,0.24137931,0.200729927,0.08029197,0.25,125,294,274,15,24,3,14,77,55,41,9,2,1,10,1,64,0.217687074,0.034013605,,,,,,,,,-5.0,,,,,,,,797.2
Willie Kirkland,1006968,117119,LF,WAS,-0.8721684108295081,,-1.1,-6.329135511582762,-6.853907227516174,0.4647625962970778,,,,,66.07738757912158,0.2582567681026997,,,,,0.586264485,0.325153374,0.261111111,0.190184049,0.134969325,0.231481481,124,182,163,21,17,6,9,53,31,22,2,1,2,16,3,50,0.274725274,0.087912087,,,,,,,,,-5.0,,,,,,,,300.1
Dick Tracewski,1013151,123430,2B,DET,-0.966131425410955,,-0.99,-9.658410306718748,-3.074074149131775,-0.1118909381330013,,,,,36.67632080493302,0.2177704961211593,,,,,0.469593786,0.217741935,0.251851851,0.193548387,0.024193548,0.258064516,81,137,124,15,7,0,2,27,24,22,1,1,1,10,0,32,0.233576642,0.0729927,,,,,,,,,-4.0,,,,,,,,312.0
Gene Freese,1004328,114411,3B,- - -,-0.9721805046771248,,-1.09,-7.473002895393488,-6.287380047142506,0.2899594275513664,,,,,55.407341160207224,0.2357323957901252,,,,,0.513894765,0.258992805,0.25490196,0.179856115,0.07913669,0.209523809,69,153,139,9,10,3,5,36,25,20,2,0,3,13,1,31,0.202614379,0.08496732,,,,,,,,,-7.0,,,,,,,,276.0
Len Gabrielson,1004419,114504,LF,SFG,-0.9898108756822008,,-1.07,-12.675591342326756,-5.2599427700042725,-0.2619312285678461,,,,,60.20721517665691,0.2559578242210241,,,,,0.573399872,0.295833333,0.277566539,0.216666666,0.079166667,0.256684491,94,267,240,27,16,4,11,71,52,41,7,0,0,21,3,51,0.191011235,0.078651685,,,,,,,,,-2.0,,,,,,,,523.1
Don Kessinger,1006877,117024,SS,CHC,-0.9964304580065516,,-0.32,-23.460881030252644,-6.124829292297363,0.2909389897249639,,,,,64.8289932489442,0.2696797346769695,,,,,0.607570005,0.302063789,0.305506216,0.2739212,0.028142589,0.295918367,150,578,533,50,43,1,11,161,146,135,8,2,13,26,5,46,0.079584775,0.044982698,,,,,,,,,-15.0,,,,,,,,1294.0
Jackie Brandt,1001349,111388,CF,PHI,-1.0674688786344764,,-0.9,-5.358968838419571,-11.53292155265808,-0.653387637808919,,,,,78.46289079323387,0.2830813961793046,,,,,0.63401306,0.31707317,0.31693989,0.25,0.06707317,0.310077519,82,187,164,16,15,1,8,52,41,33,6,1,0,17,2,36,0.192513368,0.09090909,,,,,,,,,-11.0,,,,,,,,401.29999999999995
George Smith,1012146,122393,2B,BOS,-1.1673935026512474,,-1.11,-14.07112120041234,-9.610883712768556,0.9646820273483172,,,,,69.43244097020144,0.2745469941334291,,,,,0.622461582,0.339950372,0.28251121,0.213399503,0.126550869,0.25,128,447,403,41,37,8,31,137,86,55,19,4,4,37,6,86,0.192393736,0.082774049,,,,,,,,,-13.0,,,,,,,,1037.1
Willie Smith,1012216,122471,LF,CAL,-1.4867662213214257,,-1.24,-14.282961077762703,-5.10493803024292,0.2795654711080715,,,,,38.44831882701038,0.213612317191481,,,,,0.475334054,0.235897435,0.239436619,0.184615384,0.051282051,0.21875,90,215,195,18,20,1,6,46,36,30,3,2,1,12,2,37,0.172093023,0.055813953,,,,,,,,,-3.0,,,,,,,,341.0
Frank Bolling,1001147,111176,2B,ATL,-1.5034798091312025,,-1.42,-18.532956463088773,-3.597166061401367,-0.0822851825505495,,,,,35.544225425648925,0.2190477456507822,,,,,0.499308259,0.255506607,0.243801652,0.211453744,0.044052863,0.217592592,75,245,227,16,18,1,8,58,48,40,7,0,1,10,3,14,0.057142857,0.040816326,,,,,,,,,-5.0,,,,,,,,511.1
Bob Lillis,1007606,117768,2B,HOU,-1.5220252356909931,,-1.64,-10.352668699522413,-10.431185364723206,-0.0989384200656786,,,,,50.69651348902595,0.2373038489005469,,,,,0.528408288,0.268292682,0.260115606,0.231707317,0.036585365,0.234567901,68,178,164,14,11,0,6,44,38,32,6,0,1,7,0,4,0.02247191,0.039325842,,,,,,,,,-12.0,,,,,,,,387.1
Jesus Alou,1000178,110187,RF,SFG,-1.7563886023386872,,-1.84,-17.226242649157207,-12.076135158538818,-0.6871295116143301,,,,,63.4222491262474,0.2609425372790291,,,,,0.587481476,0.308108108,0.279373368,0.259459459,0.048648649,0.272206303,110,387,370,41,20,1,15,114,96,81,13,1,5,9,1,22,0.056847545,0.023255813,,,,,,,,,-7.0,,,,,,,,821.4
