Name,PlayerId,MLBAMID,Pos,Team,fWAR,fWAR,bWAR,Off,Def,BsR,Barrel%,HardHit%,EV,maxEV,wRC+,wOBA,xwOBA,wOBA-xwOBA,xBA,xSLG,OPS,SLG,OBP,AVG,ISO,BABIP,G,PA,AB,R,RBI,HR,XBH,TB,H,1B,2B,3B,SB,BB,IBB,SO,K%,BB%,Chase%,Whiff%,WPA,Clutch,FRV,OAA,DRS,FRM,TZ,Swing%,Z-Swing%,O-Contact%,Z-Contact%,Zone%,BatSpd,Squared-Up%,Inn
Johnny Bench,1000826,110849,C,CIN,9.189874846305225,,8.58,39.43771856778203,19.957955837249756,-0.7779351864010096,,,,,156.32876547321553,0.4018963398160161,,,,,0.919726548,0.540892193,0.378834355,0.269516728,0.271375465,0.246478873,147,652,538,87,125,40,64,291,145,81,22,2,6,100,23,84,0.128834355,0.153374233,,,,,,,,,13.0,,,,,,,,1338.2
Joe Morgan,1009179,119371,2B,CIN,8.748638828952895,,9.29,43.1820232573716,10.669876337051392,5.846419700537808,,,,,150.1414581603753,0.392336048141739,,,,,0.851326182,0.434782608,0.416543574,0.291666666,0.143115942,0.292338709,149,680,552,122,73,16,43,240,161,118,23,4,58,115,1,44,0.064705882,0.169117647,,,,,,,,,7.0,,,,,,,,1337.2
Dick Allen,1000137,110157,1B,CHW,7.951734694309065,,8.6,61.38352443491927,-10.195677757263184,1.1326819186797366,,,,,198.75443303981595,0.4504529301070845,,,,,1.023128045,0.602766798,0.420361247,0.308300395,0.294466403,0.343930635,148,609,506,90,113,37,70,305,156,86,28,5,19,99,16,126,0.206896551,0.162561576,,,,,,,,,-2.0,,,,,,,,1217.1
Cesar Cedeno,1002100,112153,CF,HOU,7.824247686459302,,8.02,46.665525991274265,0.3301373720169067,3.8038103558355942,,,,,162.62853157640436,0.4125890380346332,,,,,0.921288013,0.536672629,0.384615384,0.320214669,0.21645796,0.327766179,139,625,559,103,82,22,69,300,179,110,39,8,55,56,5,62,0.0992,0.0896,,,,,,,,,2.0,,,,,,,,1217.1
Bobby Murcer,1009338,119535,CF,NYY,7.437822862592554,,8.18,46.004143133782314,0.1778739690780639,-0.8231127838953398,,,,,171.47130778394595,0.4015321884494292,,,,,0.897608405,0.536752136,0.360856269,0.292307692,0.244444444,0.282208588,153,654,585,102,96,33,70,314,171,101,30,7,11,63,7,67,0.102446483,0.096330275,,,,,,,,,2.0,,,,,,,,1328.1
Carlton Fisk,1004101,114182,C,BOS,6.582681383847532,,7.3,33.65839028812166,8.841768741607666,0.3904214167851023,,,,,164.60616107623,0.4068554228344377,,,,,0.908663586,0.538293216,0.37037037,0.29321663,0.245076586,0.318181818,131,514,457,74,61,22,59,246,134,75,28,9,5,52,6,83,0.161478599,0.101167315,,,,,,,,,1.0,,,,,,,,1143.1
Billy Williams,1013975,124290,LF,CHC,6.478158697485309,,6.17,50.126533355799126,-17.179258823394775,0.3642588088987395,,,,,169.9148712356474,0.4406356979930211,,,,,1.004733315,0.606271777,0.398461538,0.332752613,0.273519164,0.316872427,150,650,574,95,122,37,77,348,191,114,34,6,3,62,20,59,0.09076923,0.095384615,,,,,,,,,-10.0,,,,,,,,1297.2
Pete Rose,1011217,121454,LF,CIN,6.197840940011877,,6.08,26.97764900789813,4.274349212646484,1.1123492362676188,,,,,132.40206460535526,0.3649260993650181,,,,,0.79944766,0.417054263,0.382393397,0.306976744,0.110077519,0.322689075,154,729,645,107,57,6,48,269,198,150,31,11,10,73,4,46,0.063100137,0.100137174,,,,,,,,,12.0,,,,,,,,1408.0
Chris Speier,1012316,122573,SS,SFG,6.0174655142421765,,6.05,13.494577673621349,18.055760383605957,0.5405936874449253,,,,,117.97877751131249,0.3499785663525751,,,,,0.76121214,0.400355871,0.360856269,0.268683274,0.131672597,0.294372294,150,658,562,74,71,15,42,225,151,109,25,2,9,82,2,92,0.139817629,0.12462006,,,,,,,,,9.0,,,,,,,,1320.1
Richie Hebner,1005571,115686,3B,PIT,5.628494809897763,,5.31,27.67339167657051,4.855966806411743,0.0916014981921762,,,,,151.1964730667018,0.3953612095301913,,,,,0.886245501,0.508196721,0.37804878,0.299765807,0.208430914,0.301939058,124,492,427,63,72,19,47,217,128,81,24,4,0,52,7,54,0.109756097,0.105691056,,,,,,,,,2.0,,,,,,,,1041.0
Willie Davis,1003088,113146,CF,LAD,5.473405055564958,,5.65,16.432353427348936,11.192044019699097,3.0623848125105724,,,,,118.66961384469768,0.3406112505001918,,,,,0.757573482,0.440650406,0.316923076,0.289430894,0.151219512,0.293357933,149,654,615,81,79,19,48,271,178,130,22,7,20,27,4,61,0.093272171,0.041284403,,,,,,,,,13.0,,,,,,,,1318.0
Bobby Grich,1005033,115130,SS,BAL,5.432340224453839,,5.96,19.085172464836557,14.54640769958496,0.6144313762779348,,,,,134.91894922818275,0.3530818536820539,,,,,0.773312629,0.415217391,0.358095238,0.278260869,0.136956522,0.324929971,133,528,460,66,50,12,36,191,128,92,21,3,13,53,3,96,0.181818181,0.100378787,,,,,,,,,10.0,,,,,,,,1098.2
Joe Rudi,1011283,121533,LF,OAK,5.3300073088158175,,6.11,32.584592483246674,-4.211723327636719,-0.6857764587039128,,,,,150.85752298035783,0.3716685936986645,,,,,0.83049369,0.485666104,0.344827586,0.305227655,0.180438449,0.312741312,147,653,593,94,75,19,60,288,181,121,32,9,3,37,6,62,0.094946401,0.056661562,,,,,,,,,3.0,,,,,,,,1314.4
Ron Santo,1011447,121697,3B,CHC,5.294954594951876,,4.95,22.833330304377924,5.085962295532227,-1.0809188094572164,,,,,139.92566131961547,0.3942979973775369,,,,,0.877894653,0.487068965,0.390825688,0.301724137,0.185344828,0.32368421,133,547,464,68,74,17,47,226,140,93,25,5,1,69,5,75,0.137111517,0.126142595,,,,,,,,,2.0,,,,,,,,1148.1
Jimmy Wynn,1014313,124634,RF,HOU,5.219651603799273,,5.5,35.47976274551741,-12.746227264404297,1.0954160988912918,,,,,148.16104221620637,0.3902346581590842,,,,,0.859710473,0.470479704,0.389230769,0.27306273,0.197416974,0.293838862,145,652,542,117,90,24,56,255,148,92,29,3,17,103,6,99,0.15184049,0.15797546,,,,,,,,,-6.0,,,,,,,,1297.0
Roy White,1013890,124186,LF,NYY,5.126819197399664,,5.35,25.69021257939727,1.4810433387756348,2.305131427187007,,,,,135.04898298641257,0.350043830056132,,,,,0.75958508,0.37589928,0.3836858,0.269784172,0.106115108,0.286298568,155,666,556,76,54,10,39,209,150,111,29,0,23,99,10,59,0.088588588,0.148648648,,,,,,,,,9.0,,,,,,,,1370.1
Nate Colbert,1002407,112458,1B,SDP,4.956291888815169,,5.4,28.4432048504296,-6.346158981323242,1.0026342195924371,,,,,138.9730918682901,0.3737298707230784,,,,,0.840805395,0.507992895,0.3328125,0.250444049,0.257548846,0.255583126,151,643,563,87,111,38,67,286,141,74,27,2,15,70,14,127,0.197511664,0.108864696,,,,,,,,,3.0,,,,,,,,1362.2
John Mayberry Sr.,1008289,118480,1B,KCR,4.936536169658879,,4.94,39.155979708437386,-13.568791389465332,-0.5811266176169738,,,,,167.45741281520887,0.4022851167863254,,,,,0.900484655,0.50695825,0.393526405,0.298210735,0.208747515,0.307125307,149,588,503,65,100,25,52,255,150,98,24,3,0,78,13,74,0.12585034,0.132653061,,,,,,,,,-5.0,,,,,,,,1249.1
Mike Epstein,1003800,113871,1B,OAK,4.904624951467132,,5.24,34.12201253915202,-6.55603551864624,-0.246150461200159,,,,,163.88410313744163,0.390083596900557,,,,,0.866273763,0.49010989,0.376163873,0.27032967,0.21978022,0.266483516,138,537,455,63,70,26,46,223,123,77,18,2,0,68,9,68,0.126629422,0.126629422,,,,,,,,,1.0,,,,,,,,1101.2
Ted Simmons,1011986,122247,C,STL,4.883850844041472,,4.52,15.912220359296995,5.281686782836914,-0.7438608008087613,,,,,124.18270503776657,0.3584259924388701,,,,,0.800633725,0.464646464,0.335987261,0.303030303,0.161616161,0.312977099,152,629,594,70,96,16,58,276,180,122,36,6,1,29,8,57,0.090620031,0.046104928,,,,,,,,,-2.0,,,,,,,,1325.2
Willie Stargell,1012426,122685,1B,PIT,4.813992232485948,,3.87,37.66813039365061,-16.17329454421997,-0.0551718178903684,,,,,160.54525773427866,0.4098064445416419,,,,,0.930159236,0.557575757,0.372583479,0.292929292,0.264646465,0.329411764,138,569,495,75,112,33,63,276,145,82,28,2,1,65,15,129,0.226713532,0.1142355,,,,,,,,,-9.0,,,,,,,,1099.1
Bobby Bonds,1001157,111189,RF,SFG,4.8096027110662805,,5.02,20.53360900498771,-0.9798798561096193,6.824146779079456,,,,,117.96264707049284,0.3499536424702991,,,,,0.771836325,0.4456869,0.326149425,0.258785942,0.186900958,0.29059829,153,697,626,118,80,26,60,279,162,102,29,5,44,60,4,137,0.196556671,0.086083213,,,,,,,,,6.0,,,,,,,,1362.1
Reggie Jackson,1006308,116439,CF,OAK,4.756546899732989,,5.64,28.416828374759387,-3.20119047164917,-0.8881366334389895,,,,,151.13943749940898,0.3720671216859325,,,,,0.823298003,0.472945891,0.350352112,0.264529058,0.208416833,0.304843304,135,572,499,72,75,25,52,236,132,80,25,2,9,59,7,125,0.218531468,0.103146853,,,,,,,,,0.0,,,,,,,,1176.2
Dusty Baker Jr.,1000450,110481,CF,ATL,4.753995673692307,,5.14,23.38559904263652,1.4769136905670166,-1.5371996248140931,,,,,145.24926403124903,0.3998421028047382,,,,,0.887717836,0.504484304,0.383233532,0.320627802,0.183856502,0.34332425,127,503,446,62,76,17,46,225,143,97,27,2,4,45,2,68,0.135188866,0.08946322,,,,,,,,,3.0,,,,,,,,1044.1
Sal Bando,1000505,110526,3B,OAK,4.581170215626324,,5.63,9.913981603768596,13.689071416854858,0.361483005923219,,,,,115.11118045154667,0.3211358365063604,,,,,0.709024299,0.368224299,0.3408,0.235514018,0.132710281,0.237179487,152,631,535,64,77,15,38,197,126,88,20,3,3,78,17,55,0.087163232,0.123613312,,,,,,,,,10.0,,,,,,,,1344.2
Tony Perez,1010188,120404,1B,CIN,4.5185004085624545,,4.72,23.948707164264313,-3.143551826477051,0.1904214138048701,,,,,137.6682386997824,0.373063105950381,,,,,0.846045711,0.497087378,0.348958333,0.283495145,0.213592233,0.329815303,136,576,515,64,90,21,61,256,146,85,33,7,4,55,15,121,0.210069444,0.095486111,,,,,,,,,5.0,,,,,,,,1187.1
Bobby Tolan,1013100,123377,CF,CIN,4.436174177679321,,4.91,8.88022929417393,9.184266209602356,3.299023197090719,,,,,107.64161092853293,0.3266675892944743,,,,,0.720103495,0.385761589,0.334341906,0.283112582,0.102649007,0.316504854,149,667,604,88,82,8,41,233,171,130,28,5,42,44,5,88,0.131934032,0.065967016,,,,,,,,,11.0,,,,,,,,1323.2
Darrell Evans,1003864,113935,3B,ATL,4.293174938444738,,3.88,14.354925643329867,5.9986279010772705,0.218179443560075,,,,,124.77960810202826,0.3682135006906447,,,,,0.802537446,0.418660287,0.383877159,0.253588516,0.165071771,0.248571428,125,521,418,67,71,19,31,175,106,75,12,0,4,90,4,58,0.111324376,0.172744721,,,,,,,,,3.0,,,,,,,,1093.0
Rod Carew,1001942,111986,2B,MIN,4.2917190366386775,,5.42,12.371480708949743,9.249190330505373,0.4352498956141062,,,,,120.1599985147022,0.3384020247384515,,,,,0.748855059,0.379439252,0.369415807,0.317757009,0.061682243,0.356394129,142,591,535,61,51,0,27,203,170,143,21,6,12,43,9,60,0.101522842,0.072758037,,,,,,,,,6.0,,,,,,,,1184.1
Hank Aaron,1000001,110001,1B,ATL,4.251119974237271,,3.92,29.26873481125655,-11.039780139923096,0.9061744757345878,,,,,147.61340372534266,0.4034950432344736,,,,,0.904182496,0.514476614,0.389705882,0.265033407,0.249443207,0.234806629,129,544,449,75,77,34,44,231,119,75,10,0,4,92,15,55,0.101102941,0.169117647,,,,,,,,,-4.0,,,,,,,,1050.0
George Scott,1011682,121932,1B,MIL,4.166290156678044,,4.93,16.59417860488065,3.669891357421875,1.9107538263197057,,,,,123.30169351319245,0.3390407245576286,,,,,0.746179698,0.425605536,0.320574162,0.266435986,0.15916955,0.311627906,152,629,578,71,88,20,48,246,154,106,24,4,16,43,4,130,0.206677265,0.06836248,,,,,,,,,11.0,,,,,,,,1312.1
Bert Campaneris,1001868,111916,SS,OAK,4.140107450504411,,5.44,-4.941082288334075,24.172358512878414,5.629141728102695,,,,,84.50656023761366,0.2778716664451334,,,,,0.603166111,0.3248,0.278366111,0.24,0.0848,0.267419962,149,681,625,85,32,8,35,203,150,115,25,2,52,32,0,88,0.129221732,0.04698972,,,,,,,,,15.0,,,,,,,,1337.1
Graig Nettles,1009517,119720,3B,CLE,4.036293498136568,,4.77,6.315122678260707,12.70735216140747,-0.5390031426213682,,,,,110.98183196584785,0.3291485665680526,,,,,0.720254873,0.39497307,0.325281803,0.253141831,0.141831239,0.251521298,150,623,557,65,70,17,45,220,141,96,28,0,2,57,5,50,0.080256821,0.091492776,,,,,,,,,9.0,,,,,,,,1351.1
Roberto Clemente,1002340,112391,RF,PIT,3.9885693606552706,,4.81,15.851604100899475,6.542754650115967,0.0721708773635327,,,,,134.89185379470595,0.3701681961566944,,,,,0.834768181,0.478835978,0.355932203,0.312169312,0.166666666,0.332307692,102,413,378,68,60,10,36,181,118,82,19,7,0,29,7,49,0.118644067,0.070217917,,,,,,,,,11.0,,,,,,,,812.1
Carlos May,1008291,118468,LF,CHW,3.728061775492814,,4.35,30.018346874851403,-16.053936004638672,-0.1396305748494342,,,,,148.94832836170056,0.380044613721565,,,,,0.842736556,0.437858508,0.404878048,0.307839388,0.13001912,0.33483146,148,615,523,83,68,12,41,229,161,120,26,3,23,79,14,70,0.113821138,0.128455284,,,,,,,,,-9.0,,,,,,,,1279.1
Manny Sanguillen,1011434,121686,C,PIT,3.719941426344684,,3.38,1.4005106703380503,13.66892910003662,-0.4047209399286657,,,,,103.01389625623978,0.3209121051564145,,,,,0.72560118,0.403846153,0.321755027,0.298076923,0.10576923,0.307692307,136,547,520,55,71,7,33,210,155,122,18,8,1,21,11,38,0.069469835,0.038391224,,,,,,,,,6.0,,,,,,,,1143.1
Brooks Robinson,1011055,121301,3B,BAL,3.699601788700265,,3.51,-3.8634336232794375,21.630534648895264,0.3020107623306103,,,,,93.20607596341152,0.2941145203168818,,,,,0.644358196,0.341726618,0.302631578,0.25,0.091726618,0.256862745,153,612,556,48,64,8,33,190,139,106,23,2,1,43,4,45,0.073529411,0.070261437,,,,,,,,,18.0,,,,,,,,1323.1
Lou Piniella,1010356,120586,LF,KCR,3.6810588017557713,,3.49,23.41312692401068,-9.063538074493408,0.8174855017568916,,,,,136.14521837124545,0.3580206856009613,,,,,0.797218162,0.44076655,0.356451612,0.311846689,0.128919861,0.330708661,151,624,574,65,72,11,48,253,179,131,33,4,7,34,9,59,0.094551282,0.054487179,,,,,,,,,-2.0,,,,,,,,1287.1
Doug Rader,1010638,120874,3B,HOU,3.632056395370818,,3.08,5.474029770288473,5.723813056945801,-0.6492045896593481,,,,,108.93283360843444,0.32962135786747,,,,,0.734249663,0.424954792,0.309294871,0.236889692,0.1880651,0.259523809,152,626,553,70,90,22,53,235,131,78,24,7,5,57,8,120,0.19169329,0.091054313,,,,,,,,,2.0,,,,,,,,1357.1
Ken McMullen,1008650,118834,3B,CAL,3.508447737688761,,3.71,9.316979933461743,7.154101371765137,-0.3956995802582241,,,,,118.5373708464625,0.3241125620328463,,,,,0.703893109,0.368644067,0.335249042,0.269067796,0.099576271,0.290640394,137,523,472,36,34,9,28,174,127,99,18,1,1,48,2,59,0.112810707,0.091778202,,,,,,,,,4.0,,,,,,,,1149.2
Bill Freehan,1004315,114399,C,DET,3.50540596856209,,4.2,11.533363734847978,6.969361782073975,-0.2634992297971621,,,,,127.38475421609942,0.3496668155376727,,,,,0.755381872,0.401069518,0.354312354,0.262032085,0.139037433,0.280254777,111,430,374,51,56,10,30,150,98,68,18,2,0,48,0,51,0.118604651,0.111627906,,,,,,,,,1.0,,,,,,,,894.1
Thurman Munson,1009334,119531,C,NYY,3.4750668110317764,,3.51,8.167180050717043,5.956103801727295,-1.1247085054637864,,,,,116.3580564246184,0.3236214330546745,,,,,0.706798566,0.363992172,0.342806394,0.279843444,0.084148728,0.303571428,140,567,511,54,46,7,26,186,143,117,16,3,6,47,5,58,0.102292768,0.082892416,,,,,,,,,-2.0,,,,,,,,1160.0
Harmon Killebrew,1006905,117051,1B,MIN,3.427024770381669,,3.07,21.77397089370611,-6.826700687408447,-0.2496202149195596,,,,,141.32256499537868,0.3683184513678917,,,,,0.816887773,0.45034642,0.366541353,0.230946882,0.219399538,0.23125,139,532,433,53,74,26,41,195,100,59,13,2,0,94,12,91,0.171052631,0.176691729,,,,,,,,,0.0,,,,,,,,995.1
Reggie Smith,1012201,122360,RF,BOS,3.4078957944057153,,4.0,24.683018110279967,-10.928668975830078,1.701732463669032,,,,,142.24596740998462,0.375245972541766,,,,,0.840015615,0.475374732,0.364640883,0.26980728,0.205567452,0.271317829,131,543,467,75,74,21,50,222,126,76,25,4,15,68,12,63,0.116022099,0.125230202,,,,,,,,,-5.0,,,,,,,,1115.0
Joe Torre,1013133,123406,3B,STL,3.3584337966762767,,2.69,12.14187731203744,-3.889334797859192,0.7131139801931567,,,,,117.02634623635028,0.3473683749636014,,,,,0.776377027,0.419117647,0.35725938,0.288602941,0.130514706,0.306722689,149,613,544,71,81,11,43,228,157,114,26,6,3,54,13,64,0.104404567,0.088091353,,,,,,,,,-5.0,,,,,,,,1252.3
Ellie Rodriguez,1011104,121352,C,MIL,3.2898266389815074,,3.85,8.603213184974841,8.42203664779663,-1.0975736273103394,,,,,122.94590958275668,0.3385377712007882,,,,,0.733974251,0.352112676,0.381861575,0.284507042,0.067605634,0.314285714,116,422,355,31,35,2,18,125,101,83,14,2,1,52,5,43,0.101895734,0.123222748,,,,,,,,,2.0,,,,,,,,936.1
Ken Berry,1000908,110929,CF,CAL,3.2869634382950768,,3.93,11.05942541410134,5.681755900382996,0.0457299499539658,,,,,123.95141339670135,0.3317661142081357,,,,,0.723284269,0.376528117,0.346756152,0.288508557,0.08801956,0.315642458,119,459,409,41,39,5,23,154,118,95,15,3,5,35,2,47,0.102396514,0.076252723,,,,,,,,,7.0,,,,,,,,961.0
Amos Otis,1009893,120111,CF,KCR,3.264165527402532,,3.1,19.201360895573384,-8.632372975349426,1.537955211068038,,,,,129.142703479143,0.3481215921624395,,,,,0.765216718,0.412962962,0.352253756,0.292592592,0.12037037,0.308823529,143,605,540,75,54,11,41,223,158,117,28,2,28,50,3,59,0.097520661,0.082644628,,,,,,,,,-7.0,,,,,,,,1190.0
Al Oliver,1009773,119983,CF,PIT,3.2071790426452806,,3.15,16.382630567017713,-9.82898473739624,-0.8760611512698233,,,,,125.75367109419412,0.3560483718821794,,,,,0.789050301,0.437168141,0.35188216,0.311504424,0.125663717,0.317829457,140,612,565,88,89,12,43,247,176,133,27,4,2,34,4,44,0.071895424,0.055555555,,,,,,,,,-8.0,,,,,,,,1245.1
Bob Watson,1013677,123988,LF,HOU,3.2018601968980684,,2.9,28.196484934519297,-22.99133014678955,-0.0232500836718827,,,,,141.8364586094244,0.3804622546009634,,,,,0.841353811,0.463503649,0.377850162,0.312043795,0.151459854,0.341409691,147,616,548,74,86,16,47,254,171,124,27,4,1,53,5,83,0.134740259,0.086038961,,,,,,,,,-16.0,,,,,,,,1271.2
John Briggs,1001429,111465,LF,MIL,3.156223893441694,,3.58,18.787010529199993,-4.633285045623779,-0.4088846443919465,,,,,139.8358475495314,0.3624142036939922,,,,,0.801100777,0.454545454,0.346555323,0.265550239,0.188995215,0.267857142,135,481,418,58,65,21,36,190,111,75,14,1,1,54,4,67,0.139293139,0.112266112,,,,,,,,,1.0,,,,,,,,1033.1
Danny Thompson,1013003,123277,SS,MIN,3.1504387442121944,,2.93,-1.327453375558877,11.884292602539062,-0.6809188034967519,,,,,98.96576809416308,0.3084408364335044,,,,,0.673533216,0.356020942,0.317512274,0.27574171,0.080279232,0.299610894,144,624,573,54,48,4,32,204,158,126,22,6,3,34,1,57,0.091346153,0.054487179,,,,,,,,,3.0,,,,,,,,1295.1
Bobby Darwin,1002995,113059,CF,MIN,3.145006082207391,,2.87,15.159238631768725,-3.4238667488098145,-0.5508003052673303,,,,,127.9030523742764,0.3493479798469338,,,,,0.768698334,0.442495126,0.326203208,0.26705653,0.175438596,0.33045977,145,562,513,48,80,22,44,227,137,93,20,2,2,38,4,145,0.258007117,0.067615658,,,,,,,,,0.0,,,,,,,,1192.3000000000002
Leron Lee,1007458,117606,LF,SDP,3.094524483754623,,3.03,17.964130999183002,-4.556014060974121,-1.2734928746358491,,,,,143.3789566256659,0.380537573982058,,,,,0.850383716,0.497297297,0.353086419,0.3,0.197297297,0.326732673,101,405,370,50,47,12,42,184,111,69,23,7,2,29,4,58,0.143209876,0.071604938,,,,,,,,,0.0,,,,,,,,829.4000000000001
Don Kessinger,1006877,117024,SS,CHC,3.0675009458991926,,2.91,-8.969770844499232,14.847736358642578,-0.7038899771869183,,,,,88.56258440948147,0.3149345567528631,,,,,0.685338811,0.334488734,0.350850077,0.273830155,0.060658579,0.294559099,149,660,577,77,39,1,27,193,158,131,20,6,8,67,8,44,0.066666666,0.101515151,,,,,,,,,6.0,,,,,,,,1290.0
Bob Oliver,1009774,119989,1B,- - -,3.04966124462204,,3.08,13.232819244197197,-2.6922929883003235,0.0464239006978459,,,,,121.61322467208916,0.3293865820929135,,,,,0.735488649,0.43006993,0.305418719,0.269230769,0.160839161,0.299107142,150,609,572,54,76,20,47,246,154,107,22,5,5,29,8,109,0.178981937,0.047619047,,,,,,,,,6.0,,,,,,,,1308.3
Ed Kirkpatrick,1006969,117120,C,KCR,3.041665283655293,,3.51,10.034083233248584,4.259718418121338,-1.057532004546374,,,,,126.17370460951952,0.3439244718874915,,,,,0.760533304,0.395604395,0.364928909,0.274725274,0.120879121,0.294498381,113,423,364,43,43,9,25,144,100,75,15,1,3,51,9,50,0.118203309,0.120567375,,,,,,,,,-2.0,,,,,,,,916.2
Lee May,1008303,118474,1B,HOU,2.995321057391779,,2.83,26.596287103757348,-24.000890731811523,0.3545434984844178,,,,,137.04001066310812,0.3730510433827798,,,,,0.832986966,0.489864864,0.343122102,0.283783783,0.206081081,0.331742243,148,647,592,87,98,29,62,290,168,106,31,2,3,52,12,145,0.224111282,0.080370942,,,,,,,,,-15.0,,,,,,,,1312.1
Steve Braun,1001366,111404,3B,MIN,2.9890670586427337,,2.36,5.85757576147566,8.302696704864502,-0.8443469374324195,,,,,114.70275722238785,0.3306874047338435,,,,,0.715544792,0.355721393,0.359823399,0.288557213,0.06716418,0.311475409,121,455,402,40,50,2,23,143,116,93,21,0,4,45,1,38,0.083516483,0.098901098,,,,,,,,,6.0,,,,,,,,929.1
Ron Hunt,1006212,116325,2B,MON,2.9884664475163287,,3.58,-2.012001921572045,11.794696569442747,1.2181794584612362,,,,,94.44460320299328,0.3144283092530199,,,,,0.661429935,0.297968397,0.363461538,0.25282167,0.045146727,0.2705314,129,531,443,56,18,0,20,132,112,92,20,0,9,51,4,29,0.054613935,0.096045197,,,,,,,,,9.0,,,,,,,,1018.2
Dave Cash,1002041,112089,2B,PIT,2.951798161800284,,3.51,-1.9502468711149297,14.395061492919922,-1.25572847481817,,,,,98.59677273435037,0.3140870054651584,,,,,0.690375998,0.374117647,0.316258351,0.282352941,0.091764706,0.297709923,99,452,425,58,30,3,29,159,120,91,22,4,9,22,1,31,0.06858407,0.048672566,,,,,,,,,12.0,,,,,,,,873.0
Vic Davalillo,1003012,113077,LF,PIT,2.9111066180359044,,3.04,12.7188905265653,-0.2240490913391113,2.5316431567189284,,,,,123.08524572316642,0.3519252657282109,,,,,0.779877648,0.413043478,0.36683417,0.317934782,0.095108696,0.352024922,117,403,368,59,28,4,25,152,117,92,19,2,14,26,6,44,0.109181141,0.064516129,,,,,,,,,4.0,,,,,,,,790.1
Ken Henderson,1005634,115748,LF,SFG,2.8405978817263655,,2.9,6.570731346272508,3.3113856315612793,0.4364302767207846,,,,,111.574504853045,0.3400830315942524,,,,,0.754785015,0.43735763,0.317427385,0.257403189,0.179954441,0.265363128,130,484,439,60,51,18,41,192,113,72,21,2,14,38,6,66,0.136363636,0.078512396,,,,,,,,,8.0,,,,,,,,1012.0
Ken Singleton,1012011,122272,LF,MON,2.8398938938655047,,2.14,10.46721303954703,-4.71238899230957,-2.36572241637623,,,,,120.0333159148645,0.3539666002616286,,,,,0.773423363,0.41025641,0.363166953,0.274161735,0.136094675,0.315656565,142,585,507,77,50,14,39,208,139,100,23,2,5,70,5,99,0.169230769,0.119658119,,,,,,,,,2.0,,,,,,,,1223.1
Manny Mota,1009259,119453,LF,LAD,2.7695589229947792,,2.73,14.754181685337866,-4.278918743133545,-0.5093707810156047,,,,,133.9980855930853,0.3642959736642383,,,,,0.809270905,0.433962264,0.375308641,0.323450134,0.11051213,0.325779036,118,410,371,57,48,5,26,161,120,94,16,5,4,27,6,15,0.036585365,0.065853658,,,,,,,,,0.0,,,,,,,,787.1
Freddie Patek,1010052,120280,SS,KCR,2.7137450716210836,,3.62,-15.810584568266249,26.106995582580566,4.25100329896668,,,,,65.29434385841608,0.2578624656170974,,,,,0.556271933,0.276061776,0.280210157,0.212355212,0.063706564,0.240700218,136,577,518,59,32,0,29,143,110,81,25,4,33,47,4,64,0.110918544,0.081455805,,,,,,,,,18.0,,,,,,,,1182.0
Frank Robinson,1011066,121311,RF,LAD,2.692728925900563,,1.97,14.422809383368309,-4.442616939544678,-0.5632914186571725,,,,,133.7921887309398,0.3639778330002302,,,,,0.794606886,0.441520467,0.353086419,0.251461988,0.190058479,0.264822134,103,405,342,41,59,19,26,151,86,60,6,1,2,55,0,76,0.18765432,0.135802469,,,,,,,,,0.0,,,,,,,,809.2
Richie Scheinblum,1011541,121792,RF,KCR,2.6924822937547743,,2.76,21.396189075853467,-13.514402866363524,-0.2364351507858373,,,,,141.68599911947018,0.3658534010173753,,,,,0.800302048,0.417777777,0.382524271,0.3,0.117777777,0.313580246,134,518,450,60,66,8,33,188,135,102,21,4,0,58,3,40,0.077220077,0.111969111,,,,,,,,,-8.0,,,,,,,,1005.0
Davey Johnson,1006440,116576,2B,BAL,2.6448211454695296,,2.72,-1.2636471094582449,13.73159646987915,-0.0780721924384124,,,,,97.28572853134249,0.2998817143305926,,,,,0.655382879,0.335106382,0.320276497,0.22074468,0.114361702,0.255737704,118,436,376,31,32,5,30,126,83,53,22,3,1,52,8,68,0.155963302,0.119266055,,,,,,,,,11.0,,,,,,,,995.2
Dave Duncan,1003552,113617,C,OAK,2.5805298722343437,,2.77,1.3401961526054702,8.881549835205078,-0.6338668741518632,,,,,104.37884194042786,0.3059640841613236,,,,,0.675541695,0.392059553,0.283482142,0.218362282,0.173697271,0.214285714,121,450,403,39,59,19,32,158,88,56,13,0,0,34,5,68,0.151111111,0.075555555,,,,,,,,,2.0,,,,,,,,1003.1
Don Baylor,1000700,110719,RF,BAL,2.5560886732096177,,2.24,14.079046158158691,-1.7288501262664795,4.167521098861471,,,,,127.2549021206574,0.3422475863361622,,,,,0.745264889,0.415625,0.329639889,0.253125,0.1625,0.267175572,102,363,320,33,38,11,27,133,81,54,13,3,24,29,0,50,0.137741046,0.079889807,,,,,,,,,2.0,,,,,,,,733.1
Dave Kingman,1006939,117092,3B,SFG,2.552684680313528,,1.57,10.61166514855736,-6.455880403518677,1.1866733554634266,,,,,116.20948270670463,0.3472447479830347,,,,,0.765065912,0.461864406,0.303201506,0.224576271,0.237288135,0.250814332,135,531,472,65,83,29,50,218,106,56,17,4,16,51,2,140,0.263653483,0.096045197,,,,,,,,,-4.0,,,,,,,,1104.5
Ron Fairly,1003907,113984,RF,MON,2.551972413371761,,2.11,9.776720091606506,-3.57247543334961,-0.7003494243253954,,,,,119.17440850567787,0.3526394631181444,,,,,0.778581804,0.430493273,0.348088531,0.278026905,0.152466368,0.277202072,140,499,446,51,68,17,33,192,124,91,15,1,3,46,7,45,0.09018036,0.092184368,,,,,,,,,3.0,,,,,,,,1072.2
Boog Powell,1010482,120719,1B,BAL,2.548558074433651,,2.44,18.308673874084626,-11.631481170654297,0.8902136086253449,,,,,132.25757869070293,0.3493196116831466,,,,,0.780133509,0.434408602,0.345724907,0.251612903,0.182795699,0.269662921,140,539,465,53,81,21,42,202,117,75,20,1,4,65,14,92,0.170686456,0.120593692,,,,,,,,,-4.0,,,,,,,,1112.2
Greg Luzinski,1007855,118023,LF,PHI,2.4994581435066503,,1.58,12.097219883828188,-10.962029457092283,-1.2934099258272909,,,,,120.01439605093243,0.3547461184088441,,,,,0.785172953,0.452930728,0.332242225,0.280639431,0.172291297,0.322580645,150,611,563,66,68,18,56,255,158,102,33,5,0,42,4,114,0.186579378,0.06873977,,,,,,,,,-4.0,,,,,,,,1267.1
Al Kaline,1006678,116822,RF,DET,2.493029592500963,,2.59,15.41093766729215,-2.4293549060821533,0.2617616191855632,,,,,148.15818745472768,0.3790331446118169,,,,,0.848622059,0.474820143,0.373801916,0.31294964,0.161870503,0.320833333,106,314,278,46,32,10,23,132,87,64,11,2,1,28,5,33,0.105095541,0.089171974,,,,,,,,,1.0,,,,,,,,614.0
Bill Buckner,1001625,111663,RF,LAD,2.4838977547399455,,2.25,10.31993115979292,-1.6808390617370603,1.036014654440805,,,,,120.93432193307709,0.3441105546057224,,,,,0.758180377,0.409921671,0.348258706,0.318537859,0.091383812,0.319672131,105,405,383,47,37,5,22,157,122,100,14,3,10,17,2,13,0.032098765,0.041975308,,,,,,,,,3.0,,,,,,,,784.1
Earl Williams,1013995,124304,C,ATL,2.4802701203253243,,1.42,13.210612685554748,-15.716509342193604,0.1068684145575389,,,,,118.78618835607767,0.3589527935687033,,,,,0.792586932,0.456637168,0.335949764,0.258407079,0.198230089,0.27895981,151,637,565,72,87,28,54,258,146,92,24,2,0,62,6,118,0.185243328,0.09733124,,,,,,,,,-22.0,,,,,,,,1303.2
Bill Russell,1011311,121574,SS,LAD,2.4653465751173087,,2.14,0.2058279537453753,5.23090934753418,0.4440637349034659,,,,,99.54388820157878,0.3110592165724505,,,,,0.692630633,0.366359447,0.326271186,0.2718894,0.094470047,0.309782608,129,477,434,47,34,4,28,159,118,90,19,5,14,34,9,64,0.134171907,0.071278825,,,,,,,,,-2.0,,,,,,,,1068.2
Carl Yastrzemski,1014326,124650,LF,BOS,2.416419068948655,,2.7,10.121443585831209,-3.4362096786499023,-0.284388551255688,,,,,119.41483938776932,0.3429707866862304,,,,,0.748218136,0.391208791,0.357009345,0.263736263,0.127472528,0.264705882,125,535,455,70,68,12,32,178,120,88,18,2,5,67,3,44,0.08224299,0.125233644,,,,,,,,,3.0,,,,,,,,1081.2
Rico Petrocelli,1010245,120475,3B,BOS,2.4155663063484787,,2.71,2.5163108188393704,1.4933602809906006,-0.2343532985541969,,,,,104.52334423276837,0.3219194495237913,,,,,0.70160689,0.362763915,0.338842975,0.239923224,0.122840691,0.262529832,147,607,521,62,75,15,32,189,125,93,15,2,0,78,9,91,0.149917627,0.128500823,,,,,,,,,-2.0,,,,,,,,1273.1
Horace Clarke,1002287,112355,2B,NYY,2.393270961398991,,2.98,-4.446292302622991,9.27936863899231,1.6241467015934177,,,,,90.11514294029254,0.286523182399989,,,,,0.616399436,0.301645338,0.314754098,0.24131627,0.060329068,0.256461232,147,613,547,65,37,3,25,165,132,107,20,2,18,56,4,44,0.07177814,0.091353996,,,,,,,,,6.0,,,,,,,,1195.1
Denis Menke,1008766,118951,3B,CIN,2.3915084105526287,,2.17,-2.490270085995107,6.6703338623046875,-0.2544778701267205,,,,,96.10342671565904,0.3088394128536993,,,,,0.666912837,0.344519015,0.322393822,0.232662192,0.111856823,0.256756756,140,524,447,41,50,9,30,154,104,74,19,2,0,58,2,76,0.145038167,0.110687022,,,,,,,,,4.0,,,,,,,,1138.3
Cesar Tovar,1013142,123421,RF,MIN,2.3761948427913815,,3.41,-1.511172301187639,7.534522533416748,0.8321957790758461,,,,,96.14643590102986,0.3044552922048825,,,,,0.662845259,0.333941605,0.328903654,0.26459854,0.069343065,0.281496062,141,607,548,86,31,2,28,183,145,117,20,6,21,39,6,39,0.064250411,0.064250411,,,,,,,,,14.0,,,,,,,,1194.1
Ed Herrmann,1005732,115852,C,CHW,2.295328310782742,,2.21,-1.8927208847582997,11.330589294433594,0.0673132221563719,,,,,95.16919648253172,0.3040198340934792,,,,,0.692090395,0.358757062,0.333333333,0.24858757,0.110169492,0.250803858,116,405,354,23,40,10,19,127,88,69,9,0,0,43,19,37,0.091358024,0.106172839,,,,,,,,,5.0,,,,,,,,923.0
Matty Alou,1000179,110188,RF,- - -,2.2451885703027186,,1.91,7.688934974618004,-5.867395758628845,0.975083710218314,,,,,111.03011750103356,0.3326966647999991,,,,,0.729490096,0.379047619,0.350442477,0.306666666,0.072380953,0.321063394,140,567,525,57,47,4,28,199,161,133,22,2,13,35,3,35,0.061728395,0.061728395,,,,,,,,,1.0,,,,,,,,1115.1
Paul Blair,1001031,111058,CF,BAL,2.2412840333791255,,2.54,-8.555592298592789,16.513484239578247,-1.315894669154659,,,,,85.94055822885922,0.2838436333510168,,,,,0.625681135,0.358490566,0.267190569,0.232704402,0.125786164,0.258793969,142,514,477,47,49,8,36,171,111,75,20,8,7,25,0,78,0.151750972,0.048638132,,,,,,,,,18.0,,,,,,,,1083.2
Jim Hickman,1005777,115896,1B,CHC,2.232558563350741,,2.43,13.39182219138669,-8.419748306274414,0.333031025424134,,,,,128.0605863998506,0.3759647271462849,,,,,0.826022714,0.461956521,0.364066193,0.27173913,0.190217391,0.288194444,115,425,368,65,64,17,34,170,100,66,15,2,3,52,3,64,0.150588235,0.122352941,,,,,,,,,-3.0,,,,,,,,830.2
Ralph Garr,1004554,114627,LF,ATL,2.211619817544588,,1.81,14.180999394354483,-15.837217807769775,1.9879904697299935,,,,,118.74593654034663,0.358890598646203,,,,,0.788446425,0.429602888,0.358843537,0.324909747,0.104693141,0.333333333,134,594,554,87,53,12,34,238,180,146,22,0,25,25,2,41,0.069023569,0.042087542,,,,,,,,,-10.0,,,,,,,,1137.1
Frank Duffy,1003532,113597,SS,CLE,2.148927065335766,,2.35,-8.763799757298983,17.069067001342773,0.570296848192811,,,,,78.23095932668504,0.2828503503637798,,,,,0.621326041,0.324675324,0.296650717,0.238961038,0.085714286,0.270516717,130,428,385,23,27,3,23,125,92,69,16,4,6,31,5,54,0.126168224,0.072429906,,,,,,,,,10.0,,,,,,,,1030.2
Aurelio Rodriguez,1011100,121348,3B,DET,2.122493612919445,,2.92,-12.13623287392292,14.695006370544434,-0.5563519112183712,,,,,81.91102305411295,0.2853829517106341,,,,,0.628225109,0.356073211,0.272151898,0.236272878,0.119800333,0.265979381,153,639,601,65,56,13,41,214,142,101,23,5,2,28,4,104,0.162754303,0.043818466,,,,,,,,,11.0,,,,,,,,1339.1
Bernie Carbo,1001935,111979,RF,- - -,2.082434537599905,,1.99,5.188748264652286,0.6076821535825729,-0.2655810820288025,,,,,112.57850040565556,0.3401090734964841,,,,,0.741975937,0.362229102,0.379746835,0.250773993,0.111455109,0.284615384,118,396,323,44,34,7,21,117,81,60,13,1,0,63,10,59,0.148989898,0.159090909,,,,,,,,,5.0,,,,,,,,805.0
Lou Brock,1001458,111495,LF,STL,2.07380303073606,,1.72,14.282073318205818,-20.15319585800171,6.466336760669947,,,,,110.57423201589016,0.3373989180181965,,,,,0.751545605,0.392914653,0.358630952,0.310789049,0.082125604,0.359848484,153,675,621,81,42,3,37,244,193,156,26,8,63,47,12,93,0.137777777,0.069629629,,,,,,,,,-13.0,,,,,,,,1303.2
Ron Blomberg,1001081,111109,1B,NYY,1.973245034525572,,2.28,18.55323951832744,-11.906261444091797,-0.6408063815906644,,,,,156.18532772795882,0.3799231883680077,,,,,0.843133023,0.488294314,0.354838709,0.267558528,0.220735786,0.253846153,107,341,299,36,49,14,37,146,80,43,22,1,0,38,4,26,0.076246334,0.11143695,,,,,,,,,-7.0,,,,,,,,715.1
Wes Parker,1010009,120232,1B,LAD,1.960692926281873,,1.28,5.927616781125055,-5.0109734535217285,-1.0325497777666897,,,,,112.66189218405236,0.3313284448353676,,,,,0.720565459,0.353629976,0.366935483,0.278688524,0.074941452,0.297927461,130,502,427,45,59,4,21,151,119,98,14,3,3,62,5,43,0.08565737,0.123505976,,,,,,,,,2.0,,,,,,,,1046.0
Steve Garvey,1004557,114641,3B,LAD,1.8996474202241171,,1.58,4.3489905967733,1.688156247138977,0.1529480736353434,,,,,112.08824669155656,0.3304420789335943,,,,,0.734071546,0.421768707,0.312302839,0.268707482,0.153061225,0.277777777,96,317,294,36,30,9,25,124,79,54,14,2,4,19,3,36,0.113564668,0.059936908,,,,,,,,,0.0,,,,,,,,692.1
Willie Montanez,1009062,119258,CF,PHI,1.8862737090670856,,1.34,-0.7244281781527384,-2.30316162109375,-0.7598216679180041,,,,,100.05423252458957,0.3239047563219644,,,,,0.72476174,0.404896421,0.319865319,0.246704331,0.15819209,0.285024154,147,596,531,60,64,13,55,215,131,76,39,3,1,58,13,108,0.181208053,0.097315436,,,,,,,,,0.0,,,,,,,,1223.4
Jose Cardenal,1001937,111981,RF,CHC,1.8737237921497192,,1.69,14.91486609386697,-20.009162425994873,0.2374690565629862,,,,,122.60357041695504,0.3675328420256921,,,,,0.810452689,0.454033771,0.356418918,0.290806754,0.163227017,0.29934924,143,593,533,96,70,17,47,242,155,108,24,6,25,55,3,58,0.097807757,0.092748735,,,,,,,,,-14.0,,,,,,,,1198.2
Garry Maddox,1007948,118117,CF,SFG,1.8673664693308831,,1.85,1.9229267871498053,-1.307725191116333,0.5748761838767678,,,,,102.55412326300986,0.3261452272063807,,,,,0.725201439,0.43231441,0.292887029,0.266375545,0.165938865,0.313390313,125,482,458,62,58,12,45,198,122,77,26,7,13,14,3,97,0.201244813,0.029045643,,,,,,,,,1.0,,,,,,,,1027.4
Duffy Dyer,1003613,113681,C,NYM,1.8653632721761304,,1.68,-4.696501059933087,9.55281400680542,-0.2988907177350484,,,,,88.93649297168874,0.3006091349842874,,,,,0.67455359,0.375384615,0.299168975,0.23076923,0.144615385,0.269076305,94,363,325,33,36,8,28,122,75,47,17,3,0,28,9,71,0.195592286,0.077134986,,,,,,,,,4.0,,,,,,,,820.3000000000001
Willie Mays,1008315,118495,CF,- - -,1.7988163596169553,,1.81,10.101303965895712,-5.255143940448761,-0.8741868194192648,,,,,132.43755905372322,0.3687571119703975,,,,,0.801639344,0.401639344,0.4,0.25,0.151639344,0.281914893,88,309,244,35,22,8,20,98,61,41,11,1,4,60,6,48,0.155339805,0.194174757,,,,,,,,,-4.0,,,,,,,,579.0
Johnny Edwards,1003689,113757,C,HOU,1.7868154049080236,,1.47,1.8911353733046432,-0.1037936210632324,-0.919780048134271,,,,,106.54853882872072,0.3259372748926006,,,,,0.73155024,0.373493975,0.358056265,0.268072289,0.105421686,0.283783783,108,392,332,33,40,5,23,124,89,66,16,2,2,50,12,39,0.099489795,0.12755102,,,,,,,,,-6.0,,,,,,,,859.2
Bob Bailey,1000420,110451,3B,MON,1.779600696397645,,1.53,-5.6524259247472335,2.8696749210357666,-1.1420572740607895,,,,,92.64459299952128,0.3116470311150883,,,,,0.682745536,0.368098159,0.314647377,0.233128834,0.134969325,0.26849315,143,560,489,55,57,16,30,180,114,84,10,4,6,59,7,112,0.2,0.105357142,,,,,,,,,0.0,,,,,,,,1160.3
Tom McCraw,1008428,118610,1B,CLE,1.756642146122798,,1.93,1.1959008720017057,3.092820644378662,-1.00111388345249,,,,,104.9615968454266,0.3206380712821187,,,,,0.70341802,0.370843989,0.332574031,0.25831202,0.112531969,0.276470588,129,442,391,43,33,7,25,145,101,76,13,5,12,41,5,47,0.106334841,0.09276018,,,,,,,,,8.0,,,,,,,,952.5
Don Mincher,1008973,119166,1B,- - -,1.7459338498930417,,1.87,5.1925529739166265,2.3374468982219696,-0.5799462365102954,,,,,118.76879000017028,0.3306340024119518,,,,,0.697438975,0.334693877,0.362745098,0.21632653,0.118367347,0.231527093,108,307,245,25,44,6,17,82,53,36,11,0,2,56,1,39,0.12703583,0.182410423,,,,,,,,,6.0,,,,,,,,534.0
Rico Carty,1002025,112071,LF,ATL,1.733440638036762,,1.49,6.152138045315008,-1.1751272678375244,0.0659253206686116,,,,,117.64490277532856,0.3571893409900726,,,,,0.779991799,0.402214022,0.377777777,0.276752767,0.125461255,0.297413793,86,315,271,31,29,6,20,109,75,55,12,2,0,44,4,33,0.104761904,0.139682539,,,,,,,,,2.0,,,,,,,,578.2
Rennie Stennett,1012484,122740,2B,PIT,1.705255313584948,,1.84,-1.8748748493624277,4.93461250513792,-0.1792522798059508,,,,,95.93568922385074,0.3099752435558721,,,,,0.682762289,0.375675675,0.307086614,0.286486486,0.089189189,0.317901234,109,381,370,43,30,3,22,139,106,84,14,5,4,9,1,43,0.112860892,0.023622047,,,,,,,,,5.0,,,,,,,,725.2
Ted Sizemore,1012027,122287,2B,STL,1.704502277650846,,2.55,-5.431784420390045,4.579788446426392,0.6478118111263029,,,,,88.6460082636749,0.3035166160134244,,,,,0.658563276,0.334851936,0.32371134,0.264236902,0.070615034,0.280788177,120,489,439,53,38,2,23,147,116,93,17,4,8,37,1,36,0.073619631,0.075664621,,,,,,,,,2.0,,,,,,,,940.1
Joe Hague,1005200,115304,1B,- - -,1.6866882088525792,,1.45,4.065256230750895,3.025148391723633,-0.4539914427441545,,,,,116.18484924482216,0.3422039235651734,,,,,0.76628155,0.41588785,0.3503937,0.242990654,0.172897196,0.258620689,96,255,214,25,31,7,21,89,52,31,12,2,1,37,7,36,0.14117647,0.145098039,,,,,,,,,6.0,,,,,,,,462.29999999999995
Norm Cash,1002043,112090,1B,DET,1.667733656584835,,1.8,13.292286314019917,-13.40281105041504,-0.6151302040670998,,,,,127.70891396707913,0.3501250634262384,,,,,0.783482714,0.445454545,0.338028169,0.259090909,0.186363636,0.257703081,137,501,440,51,61,22,38,196,114,76,16,0,0,50,13,64,0.12774451,0.099800399,,,,,,,,,-6.0,,,,,,,,1079.1
Leroy Stanton,1012420,122678,RF,CAL,1.6574624131294695,,1.99,3.6094597466808103,-0.3388199806213379,-0.5799462365102954,,,,,109.68009167304086,0.3115914841772805,,,,,0.688383662,0.393034825,0.295348837,0.251243781,0.141791044,0.30479452,127,432,402,44,39,12,30,158,101,71,15,3,2,22,4,100,0.231481481,0.050925925,,,,,,,,,5.0,,,,,,,,985.0
Ray Fosse,1004243,114326,C,CLE,1.6567561585581327,,2.09,-5.109343520064796,5.304526329040527,0.7295612776651978,,,,,88.52696151601131,0.2974052765989691,,,,,0.666122856,0.354485776,0.31163708,0.240700218,0.113785558,0.248138957,134,508,457,42,41,10,31,162,110,79,20,1,5,45,15,46,0.090551181,0.088582677,,,,,,,,,-2.0,,,,,,,,1107.0
Vada Pinson,1010360,120590,LF,CAL,1.6345650657214714,,2.46,6.228984800563833,-6.5866498947143555,1.3963886688579803,,,,,109.15336235419296,0.3108468741586763,,,,,0.697256766,0.376033057,0.321223709,0.274793388,0.101239669,0.295081967,136,527,484,56,49,7,33,182,133,100,24,2,17,30,12,54,0.102466793,0.056925996,,,,,,,,,-1.0,,,,,,,,1096.2
Johnny Oates,1009674,119881,C,BAL,1.621185716124367,,1.54,0.0471247072211742,6.3415632247924805,-1.38924592762487,,,,,104.97834280476536,0.3107563656026667,,,,,0.69579184,0.363636363,0.332155477,0.260869565,0.102766798,0.281818181,85,288,253,20,21,4,17,92,66,49,12,1,5,28,8,31,0.107638888,0.097222222,,,,,,,,,2.0,,,,,,,,633.0
Wayne Garrett,1004547,114632,3B,NYM,1.6180364507475498,,1.53,2.066146882640828,-0.7969822883605957,-0.014436244382523,,,,,105.03995220258813,0.3254913267727466,,,,,0.689092154,0.315436241,0.373655913,0.231543624,0.083892617,0.276859504,111,377,298,41,29,2,18,94,69,51,13,3,3,70,3,58,0.153846153,0.185676392,,,,,,,,,-3.0,,,,,,,,802.3000000000001
Joe Lahoud,1007256,117411,RF,MIL,1.60359104167202,,1.83,5.621365013086625,-1.2505674362182615,-0.7308832570561208,,,,,117.46753439183976,0.3307932752958485,,,,,0.730225889,0.398734177,0.331491712,0.237341772,0.161392405,0.250996015,111,363,316,35,34,12,24,126,75,51,9,3,3,45,7,54,0.14876033,0.123966942,,,,,,,,,3.0,,,,,,,,774.2
Gene Clines,1002353,112408,RF,PIT,1.594941768680337,,1.54,10.12545727949137,-7.967533349990845,0.3804277868475765,,,,,126.64522468724962,0.3574259521383228,,,,,0.789801924,0.421221864,0.36858006,0.334405144,0.08681672,0.390977443,107,334,311,52,17,0,21,131,104,83,15,6,12,16,1,47,0.140718562,0.047904191,,,,,,,,,-5.0,,,,,,,,626.1
Willie Crawford,1002750,112808,LF,LAD,1.5704186305527448,,1.34,6.626427786207822,-2.1604936122894287,0.1571117780986242,,,,,120.87635272327722,0.3440209837268582,,,,,0.752046629,0.403292181,0.348754448,0.251028806,0.152263375,0.292817679,96,283,243,28,27,8,18,98,61,43,7,3,4,35,3,55,0.194346289,0.123674911,,,,,,,,,1.0,,,,,,,,576.0
Ted Ford,1004224,114306,RF,TEX,1.5623225292102454,,2.27,1.5931142696689229,-0.4503865242004394,-0.1716188216232694,,,,,103.66222245717624,0.3106403190453173,,,,,0.679752736,0.382284382,0.297468354,0.235431235,0.146853147,0.255882352,129,481,429,43,50,14,34,164,101,67,19,1,4,37,2,80,0.166320166,0.076923076,,,,,,,,,5.0,,,,,,,,993.1
Larry Bowa,1001243,111281,SS,PHI,1.5589339447399493,,1.73,-19.393356988987115,12.973455429077148,0.3727235295227729,,,,,71.48328167142,0.2797584726872584,,,,,0.610573317,0.319516407,0.29105691,0.250431778,0.069084629,0.27221172,152,633,579,67,31,1,25,185,145,120,11,13,17,32,1,51,0.08056872,0.050552922,,,,,,,,,4.0,,,,,,,,1308.1
John Milner,1008965,119159,LF,NYM,1.55353665266481,,1.49,10.377748324109918,-11.721991539001465,0.1281733672367409,,,,,122.128306808032,0.3518953254754595,,,,,0.762364851,0.422651933,0.339712918,0.23756906,0.185082873,0.254612546,117,423,362,52,38,17,31,153,86,55,12,2,2,51,1,74,0.174940898,0.120567375,,,,,,,,,-7.0,,,,,,,,839.1
Terry Harmon,1005373,115486,2B,PHI,1.5334982424872792,,1.39,3.470109824199575,1.5605854988098145,-0.0401124219060875,,,,,112.7715494295093,0.3435548646450043,,,,,0.738972477,0.366972477,0.372,0.284403669,0.082568808,0.317460317,73,251,218,35,13,2,12,80,62,50,8,2,3,29,0,28,0.111553784,0.115537848,,,,,,,,,0.0,,,,,,,,478.4
Felipe Alou,1000177,110186,1B,NYY,1.5209090586461893,,1.58,7.325499323316331,-3.631460666656494,0.261067668441683,,,,,120.09004362586305,0.3288971505055796,,,,,0.720776013,0.395061728,0.325714285,0.277777777,0.117283951,0.286689419,120,351,324,33,37,6,25,128,90,65,18,1,1,22,1,27,0.076923076,0.062678062,,,,,,,,,1.0,,,,,,,,695.2
Elliott Maddox,1007947,118116,CF,TEX,1.504277196797964,,2.52,0.8251774107907175,3.368084073066711,0.5961103374138474,,,,,100.65516095704196,0.3063893915965543,,,,,0.650387322,0.289115646,0.361271676,0.25170068,0.037414966,0.305785123,98,349,294,40,10,0,9,85,74,65,7,2,20,49,4,53,0.151862464,0.140401146,,,,,,,,,5.0,,,,,,,,731.2
Don Money,1009052,119248,3B,PHI,1.5013307468395378,,1.94,-18.172930418050345,13.522166967391968,-1.351078636711463,,,,,73.96218804458337,0.2835887443648077,,,,,0.621156652,0.343283582,0.27787307,0.222014925,0.121268657,0.240184757,152,590,536,54,52,15,33,184,119,86,16,2,5,41,5,92,0.155932203,0.069491525,,,,,,,,,10.0,,,,,,,,1279.1
Buddy Bell,1000799,110815,CF,CLE,1.473850400123916,,2.02,-4.427548808392853,4.611339569091797,-1.007775071368087,,,,,93.2404659042896,0.3040685141759534,,,,,0.672184753,0.362660944,0.309523809,0.255364806,0.107296138,0.256410256,132,505,466,49,36,9,31,169,119,88,21,1,5,34,8,29,0.057425742,0.067326732,,,,,,,,,8.0,,,,,,,,1082.4
Dave Rader,1010636,120872,C,SFG,1.4587015767948426,,1.57,-10.785386062752124,7.382235050201416,-0.4088846443919465,,,,,80.8174341975557,0.2925588742111846,,,,,0.639621365,0.333333333,0.306288032,0.259259259,0.074074074,0.266509433,133,494,459,44,41,6,21,153,119,98,14,1,1,29,4,31,0.062753036,0.058704453,,,,,,,,,0.0,,,,,,,,1076.1
Cookie Rojas,1011152,121406,2B,KCR,1.437577534620785,,1.97,-7.11965639609128,5.145870923995972,-2.2909124572761357,,,,,91.0906159669174,0.294329322439578,,,,,0.645893989,0.330595482,0.315298507,0.260780287,0.069815195,0.271929824,137,541,487,49,53,3,28,161,127,99,25,0,2,41,5,35,0.064695009,0.075785582,,,,,,,,,2.0,,,,,,,,1140.2
Duke Sims,1012000,122263,C,- - -,1.383809321678048,,0.9600000000000001,2.660467088097384,-0.1138548851013183,0.0541281580226495,,,,,110.9045009855416,0.3238254447638149,,,,,0.698893132,0.357429718,0.341463414,0.240963855,0.116465863,0.267326732,89,290,249,18,30,6,17,89,60,43,11,0,0,36,3,41,0.14137931,0.124137931,,,,,,,,,-4.0,,,,,,,,617.0
Gene Alley,1000160,110166,SS,PIT,1.3807748124481614,,1.9,-7.665557548215563,7.112941741943359,-0.1771704275743104,,,,,82.41989834007187,0.2890913765481178,,,,,0.641128249,0.319884726,0.321243523,0.247838616,0.07204611,0.28327645,119,389,347,30,36,3,17,111,86,69,12,2,4,38,10,52,0.133676092,0.097686375,,,,,,,,,1.0,,,,,,,,896.2
Dave May,1008292,118470,CF,MIL,1.3659087302746933,,2.46,-6.798565836813808,4.397805333137512,-2.235882237670012,,,,,91.80863401545302,0.294520613792188,,,,,0.64615942,0.34,0.30615942,0.238,0.102,0.251716247,143,556,500,49,45,9,31,170,119,88,20,2,11,47,8,56,0.100719424,0.084532374,,,,,,,,,6.0,,,,,,,,1168.0
Paul Schaal,1011502,121753,3B,KCR,1.3284346411373722,,1.59,-1.7296198745796825,-1.035665512084961,-0.7521882097353227,,,,,98.06032402034892,0.3041820385456085,,,,,0.649790074,0.326436781,0.323353293,0.227586206,0.098850575,0.249329758,127,503,435,47,41,6,28,142,99,71,19,3,1,61,1,59,0.117296222,0.121272365,,,,,,,,,-4.0,,,,,,,,1079.0
Pat Kelly,1006810,116943,RF,CHW,1.3263993101709106,,1.47,11.417775817810725,-13.88706111907959,3.3616203623241745,,,,,117.33088042475086,0.335348661447554,,,,,0.723137557,0.368159203,0.354978354,0.261194029,0.106965174,0.303951367,119,464,402,57,24,5,26,148,105,79,14,7,32,55,1,69,0.148706896,0.118534482,,,,,,,,,-9.0,,,,,,,,890.2
Dick McAuliffe,1008331,118514,2B,DET,1.2861991310869918,,1.83,2.559342408623478,-5.385917901992798,0.0867438429850153,,,,,105.2512962971323,0.3183778898540513,,,,,0.691960365,0.352941176,0.339019189,0.240196078,0.112745098,0.263929618,122,470,408,47,30,8,27,144,98,71,16,3,0,59,7,59,0.125531914,0.125531914,,,,,,,,,-8.0,,,,,,,,945.1
Rick Monday,1009051,119246,CF,CHC,1.2819423277841682,,1.23,4.380198054084616,-11.593968629837036,-0.6356038943049498,,,,,108.8088604911602,0.3462180044421513,,,,,0.760319638,0.398617511,0.361702127,0.248847926,0.149769585,0.298461538,138,520,434,68,42,11,38,173,108,70,22,5,12,78,8,102,0.196153846,0.15,,,,,,,,,-10.0,,,,,,,,1106.3
Claude Osteen,1009878,120095,P,LAD,1.2461561255187692,,1.18,0.8317533618731536,6.591731071472168,0.0159608671092428,,,,,107.45010513179736,0.3232754741577392,,,,,0.705512572,0.386363636,0.319148936,0.272727272,0.113636364,0.338235294,36,100,88,9,11,1,7,34,24,17,5,1,0,5,0,19,0.19,0.05,,,,,,,,,0.0,,,,,,,,252.0
Chris Chambliss,1002119,112180,1B,CLE,1.231938285197816,,1.95,4.35595251424246,-7.249656677246094,-0.7059010302764364,,,,,110.12557741186156,0.3279381237531963,,,,,0.723608611,0.396995708,0.326612903,0.291845493,0.105150215,0.324189526,121,499,466,51,44,6,35,185,136,101,27,2,3,26,2,63,0.126252505,0.052104208,,,,,,,,,0.0,,,,,,,,1057.0
Leo Cardenas,1001938,111982,SS,CAL,1.203379602295144,,1.27,-18.338183047395216,13.021466255187988,-0.4012511862092651,,,,,70.25852963249591,0.2558632590831854,,,,,0.554768456,0.283121597,0.271646859,0.22323049,0.059891107,0.247357293,150,602,551,25,42,6,19,156,123,104,11,2,1,35,4,73,0.121262458,0.058139534,,,,,,,,,4.0,,,,,,,,1315.1
Terry Crowley,1002829,112886,RF,BAL,1.1894147894773002,,0.74,4.834232832778889,-2.141744613647461,0.0444128476083278,,,,,116.8944292560614,0.3276015212389536,,,,,0.724007235,0.404858299,0.319148936,0.23076923,0.174089069,0.216981132,97,283,247,30,29,11,21,100,57,36,10,0,0,32,5,26,0.091872791,0.113074204,,,,,,,,,1.0,,,,,,,,555.1
John Ellis,1003750,113818,C,NYY,1.1881945148633706,,0.78,6.0750668160869985,0.0470938682556152,0.0256761775235645,,,,,141.9333835266482,0.3597759513391388,,,,,0.789215685,0.455882352,0.333333333,0.294117647,0.161764705,0.321100917,52,144,136,13,25,5,11,62,40,29,5,1,0,8,0,22,0.152777777,0.055555555,,,,,,,,,-1.0,,,,,,,,273.3
Tommy Harper,1005383,115495,CF,BOS,1.187862943446252,,1.39,12.47450837805729,-22.642427802085876,2.681537107855547,,,,,115.24990784656654,0.3370830381949117,,,,,0.729684176,0.388489208,0.341194968,0.253597122,0.134892086,0.287330316,144,641,556,92,49,14,45,216,141,96,29,2,25,67,1,104,0.162246489,0.10452418,,,,,,,,,-21.0,,,,,,,,1182.1
Steve Yeager,1014332,124656,C,LAD,1.1798168447817448,,1.02,3.9887971369968858,2.0987653732299805,0.0270640790113247,,,,,129.17737519191547,0.3568472734167556,,,,,0.779644116,0.405660377,0.373983739,0.273584905,0.132075472,0.328947368,35,124,106,18,15,4,5,43,29,24,0,1,0,16,2,26,0.209677419,0.129032258,,,,,,,,,0.0,,,,,,,,306.0
Tito Fuentes,1004385,114470,2B,SFG,1.174683329191337,,1.17,-2.8782254215438083,-9.348422765731812,1.559122852049768,,,,,93.60829158763649,0.3123226133032261,,,,,0.689660018,0.379370629,0.310289389,0.263986013,0.115384616,0.27852998,152,634,572,64,53,7,46,217,151,105,33,6,16,39,3,56,0.088328075,0.061514195,,,,,,,,,-13.0,,,,,,,,1331.0
Lee Lacy,1007243,117397,2B,LAD,1.1660344983859252,,1.49,-4.253221349453847,6.401920318603516,0.0054808068089187,,,,,85.37895792929821,0.2891723345894324,,,,,0.624544273,0.312757201,0.311787072,0.259259259,0.053497942,0.304347826,60,266,243,34,12,0,10,76,63,53,7,3,5,19,0,37,0.139097744,0.071428571,,,,,,,,,5.0,,,,,,,,511.0
Ron Theobald,1012949,123221,2B,MIL,1.1527937912405657,,1.61,-7.979929336565156,5.523091793060303,-2.336505685991142,,,,,88.11565965672834,0.2893000467807118,,,,,0.597689958,0.255754475,0.341935483,0.219948849,0.035805626,0.240793201,125,474,391,45,19,1,12,100,86,74,11,0,0,68,2,38,0.080168776,0.143459915,,,,,,,,,3.0,,,,,,,,919.2
Mike Lum,1007831,117998,RF,ATL,1.1185501216877975,,0.9,-6.82158759197058,3.936898231506348,-1.117698198882863,,,,,87.71463866181668,0.3109427202315558,,,,,0.672706702,0.349593495,0.323113207,0.227642276,0.121951219,0.241935483,123,424,369,40,38,9,25,129,84,59,14,2,1,50,4,52,0.122641509,0.117924528,,,,,,,,,8.0,,,,,,,,872.4000000000001
Tony Taylor,1012892,123122,2B,DET,1.1149261292854638,,1.15,5.900119718365919,-3.7572017908096313,0.6990274449344724,,,,,121.01882207465596,0.3406676262374816,,,,,0.749037226,0.403508771,0.345528455,0.302631578,0.100877193,0.348717948,78,247,228,33,20,1,17,92,69,52,12,4,5,14,0,34,0.137651821,0.056680161,,,,,,,,,-5.0,,,,,,,,467.0
Luis Aparicio,1000278,110290,SS,BOS,1.0663592521461993,,2.02,-6.639663668745554,2.417468547821045,-0.3695369723718613,,,,,86.79590187287123,0.2968590803492044,,,,,0.649424893,0.350917431,0.298507462,0.256880733,0.094036698,0.265853658,110,474,436,47,39,3,32,153,112,80,26,3,3,26,0,28,0.059071729,0.05485232,,,,,,,,,-4.0,,,,,,,,935.2
Bobby Valentine,1013324,123616,2B,LAD,1.0599624181463343,,0.78,-4.555700279517708,-0.7649767398834229,-0.6589199000736699,,,,,91.8002823867084,0.2990942168629394,,,,,0.654287189,0.335038363,0.319248826,0.273657289,0.061381074,0.288088642,119,434,391,42,32,3,16,131,107,91,11,2,5,27,2,33,0.076036866,0.062211981,,,,,,,,,-3.0,,,,,,,,892.2
Milt May,1008304,118476,C,PIT,1.0528585451931656,,0.95,-1.229112823229892,5.954732298851013,0.0256761775235645,,,,,92.4111415620475,0.3045293036723296,,,,,0.677021296,0.352517985,0.324503311,0.280575539,0.071942446,0.3046875,57,151,139,12,14,0,10,49,39,29,10,0,0,10,2,13,0.086092715,0.066225165,,,,,,,,,4.0,,,,,,,,285.0
Jim Northrup,1009641,119850,RF,DET,1.051634287622588,,0.71,-0.9684542749491324,-2.363966941833496,-1.553854442667216,,,,,101.24592175246924,0.3127156988434169,,,,,0.685536681,0.361502347,0.324034334,0.26056338,0.100938967,0.277628032,134,469,426,40,42,8,25,154,111,86,15,2,4,38,6,47,0.100213219,0.081023454,,,,,,,,,2.0,,,,,,,,1001.1
Steve Brye,1001610,111648,LF,MIN,1.0337258939075529,,1.45,-6.807648307700744,10.229536533355711,0.2976395374862477,,,,,73.92504660453929,0.2730420624768293,,,,,0.591908171,0.300395256,0.291512915,0.241106719,0.059288537,0.28372093,100,272,253,18,12,0,12,76,61,49,9,3,3,17,1,38,0.139705882,0.0625,,,,,,,,,13.0,,,,,,,,625.2
Ed Goodson,1004860,114953,1B,SFG,1.0124452162678177,,1.13,1.285058884467256,2.9218108654022217,0.028451980499085,,,,,107.1278124070784,0.3332122436052636,,,,,0.73875,0.42,0.31875,0.28,0.14,0.270676691,58,161,150,15,30,6,8,63,42,34,1,1,0,8,2,12,0.074534161,0.04968944,,,,,,,,,5.0,,,,,,,,303.0
Ed Kranepool,1007140,117293,1B,NYM,1.0068119590841549,,1.12,1.4006662693607952,-4.470047473907471,0.2596797669539228,,,,,102.83149229372069,0.3220789343034241,,,,,0.730560985,0.394495412,0.336065573,0.269113149,0.125382263,0.277777777,122,368,327,28,34,8,24,129,88,64,15,1,1,34,13,35,0.095108695,0.092391304,,,,,,,,,1.0,,,,,,,,799.1
Ike Brown,1001521,111551,LF,DET,1.002790258841548,,1.05,1.7974501348899463,4.925925970077515,-0.474116014316678,,,,,122.44991923001103,0.3426906943321228,,,,,0.73338048,0.357142857,0.376237623,0.25,0.107142857,0.322033898,51,101,84,12,10,2,5,30,21,16,3,0,1,17,1,23,0.227722772,0.168316831,,,,,,,,,6.0,,,,,,,,215.0
Eric Soderholm,1012260,122517,3B,MIN,0.999174687293808,,1.2,-7.747398618786149,8.892090320587158,-0.4090921647730283,,,,,76.59749885455297,0.2768199701200832,,,,,0.604046307,0.358885017,0.24516129,0.18815331,0.170731707,0.18061674,93,313,287,28,39,13,23,103,54,31,10,0,3,19,2,48,0.153354632,0.060702875,,,,,,,,,7.0,,,,,,,,689.2
Merv Rettenmund,1010846,121083,RF,BAL,0.993945945167827,,0.84,1.6631435692375254,-2.330589532852173,-0.1281074451399035,,,,,105.1676265272975,0.3110239462197176,,,,,0.663431834,0.338870431,0.324561403,0.232558139,0.106312292,0.248062015,102,346,301,40,21,6,18,102,70,52,10,2,6,41,0,37,0.106936416,0.118497109,,,,,,,,,1.0,,,,,,,,712.0
Angel Mangual,1008055,118230,RF,OAK,0.9875868346324216,,1.29,-1.169823107362388,2.4860520362854004,-0.3058302251738496,,,,,97.04649247557172,0.2955987206319483,,,,,0.64869281,0.363970588,0.284722222,0.246323529,0.117647059,0.281818181,91,292,272,19,32,5,20,99,67,47,13,2,0,14,1,48,0.164383561,0.047945205,,,,,,,,,5.0,,,,,,,,598.5
Mike Jorgensen,1006622,116766,1B,MON,0.9533206927546856,,0.91,-0.8675171587824408,-5.050754070281982,-2.0511491510551423,,,,,102.46788705779991,0.3268254523007375,,,,,0.716195144,0.384408602,0.331786542,0.231182795,0.153225807,0.255244755,113,438,372,48,47,13,28,143,86,58,12,3,12,53,7,75,0.171232876,0.121004566,,,,,,,,,0.0,,,,,,,,908.0
Jerry Grote,1005092,115194,C,NYM,0.9263593315549776,,0.99,-8.574101868376477,9.626885890960692,0.238167293893639,,,,,66.6071561221657,0.2661070547770204,,,,,0.591602346,0.287804878,0.303797468,0.209756097,0.078048781,0.224719101,64,241,205,15,21,3,9,59,43,34,5,1,1,26,8,27,0.112033195,0.107883817,,,,,,,,,6.0,,,,,,,,554.0
Steve Hovley,1006068,116194,RF,KCR,0.92199756478942,,0.81,2.410809058476544,-0.4686760902404785,-0.3979889528709464,,,,,112.40574466384554,0.324461418390274,,,,,0.703392167,0.352040816,0.351351351,0.270408163,0.081632653,0.303030303,105,226,196,24,24,3,9,69,53,44,5,1,3,24,2,29,0.128318584,0.10619469,,,,,,,,,1.0,,,,,,,,403.2
Joe Lis,1007653,117811,1B,PHI,0.9130810791363354,,0.65,5.114644646329868,-2.989485502243042,-0.3120757818687707,,,,,128.8132134963114,0.36834157389753,,,,,0.794402673,0.414285714,0.380116959,0.242857142,0.171428572,0.28,62,172,140,13,18,6,12,58,34,22,6,0,0,30,1,34,0.197674418,0.174418604,,,,,,,,,-1.0,,,,,,,,308.2
Bob Heise,1005599,115716,2B,MIL,0.9045517105491222,,1.13,-5.491367073665101,5.925470352172852,-0.0968088625231757,,,,,81.62196679518789,0.2801202487527278,,,,,0.610662399,0.309963099,0.3006993,0.265682656,0.044280443,0.279069767,95,293,271,23,12,0,11,84,72,61,10,1,1,12,1,14,0.047781569,0.040955631,,,,,,,,,4.0,,,,,,,,597.4
Sandy Alomar Sr.,1000176,110185,2B,CAL,0.9025721414227984,,1.83,-14.838832890070606,4.796076536178589,-0.0641266650054603,,,,,77.85603463417495,0.2666034592926957,,,,,0.579309487,0.286885245,0.292424242,0.239344262,0.047540983,0.260323159,155,666,610,65,25,1,24,175,146,122,20,3,20,47,5,55,0.082582582,0.07057057,,,,,,,,,1.0,,,,,,,,1338.2
Clyde Wright,1014272,124594,P,CAL,0.8843700243618471,,0.97,-1.0834355239444144,6.13031005859375,0.0097153104143217,,,,,88.26703134481248,0.281320947340165,,,,,0.614319346,0.361445783,0.252873563,0.216867469,0.144578314,0.285714285,35,93,83,7,13,2,8,30,18,10,6,0,0,4,0,25,0.268817204,0.043010752,,,,,,,,,0.0,,,,,,,,251.0
Tom Hutton,1006246,116374,1B,PHI,0.8833208220047898,,0.55,-1.8865991250502097,-4.642434120178223,-1.6957701035425998,,,,,99.60660993019364,0.3232131141671387,,,,,0.697713298,0.34383202,0.353881278,0.259842519,0.083989501,0.268361581,134,443,381,40,38,4,22,131,99,77,16,2,5,56,4,24,0.054176072,0.126410835,,,,,,,,,1.0,,,,,,,,911.2
Billy Conigliaro,1002501,112558,RF,MIL,0.8755287303304266,,1.24,-0.844600015910957,3.796069622039795,0.2256761805037967,,,,,94.684910553734,0.2985866572988692,,,,,0.653976689,0.392670157,0.261306532,0.230366492,0.162303665,0.284615384,52,201,191,22,16,7,15,75,44,29,6,2,1,8,0,54,0.268656716,0.039800995,,,,,,,,,6.0,,,,,,,,429.20000000000005
Willie Horton,1006038,116164,LF,DET,0.866686360301016,,0.99,-0.9284568999655878,-1.0951051712036133,0.0534342072787694,,,,,97.32940500408768,0.3071791215075387,,,,,0.680538071,0.387387387,0.293150684,0.231231231,0.156156156,0.238267148,108,367,333,44,36,11,25,129,77,52,9,5,0,27,5,47,0.128065395,0.073569482,,,,,,,,,3.0,,,,,,,,746.1
Andy Kosco,1007115,117267,LF,- - -,0.8518977661224139,,0.9199999999999999,2.2676343389875004,-0.1051669716835022,0.2235943282721564,,,,,110.15088957886942,0.3167168519005703,,,,,0.704153439,0.439153439,0.265,0.232804232,0.206349207,0.233333333,66,201,189,20,19,9,18,83,44,26,6,3,1,7,1,32,0.15920398,0.03482587,,,,,,,,,2.0,,,,,,,,383.2
Carmen Fanzone,1003928,114005,3B,CHC,0.8277395963380927,,0.83,-2.2579573243695323,0.9972564950585364,-0.6007647588266991,,,,,94.26739860219097,0.3237493262272473,,,,,0.716216215,0.382882882,0.333333333,0.225225225,0.157657657,0.242774566,86,264,222,26,42,8,19,85,50,31,11,0,2,35,6,45,0.170454545,0.132575757,,,,,,,,,1.0,,,,,,,,544.3
Mike Hegan,1005583,115698,1B,OAK,0.8093373137369394,,0.96,4.068167857954827,0.7128463983535767,0.2187366730649955,,,,,142.69380078222437,0.3601279614985674,,,,,0.805379746,0.430379746,0.375,0.329113924,0.101265822,0.416666666,98,90,79,13,5,1,5,34,26,21,3,1,1,7,1,20,0.222222222,0.077777777,,,,,,,,,2.0,,,,,,,,191.2
Tim McCarver,1008378,118563,C,- - -,0.8065114045813908,,0.6799999999999999,-8.818471678531404,1.3996360301971436,-1.013326677319128,,,,,83.50015271415268,0.2978414083532203,,,,,0.650095907,0.337595907,0.3125,0.245524296,0.092071611,0.249299719,122,432,391,33,34,7,21,132,96,75,13,1,5,36,5,29,0.067129629,0.083333333,,,,,,,,,-3.0,,,,,,,,840.2
Larvell Blanks,1001051,111082,2B,ATL,0.7999463824424076,,0.82,2.3190293400222908,1.6369457840919497,0.0201245715725235,,,,,122.33447885764863,0.364435419600497,,,,,0.799873497,0.423529411,0.376344086,0.329411764,0.094117647,0.369863013,33,94,85,10,7,1,6,36,28,22,5,0,0,7,0,12,0.127659574,0.074468085,,,,,,,,,1.0,,,,,,,,187.2
Hal King,1006930,117079,C,TEX,0.7921673917773415,,0.97,0.7309592905236575,1.9981685876846311,0.0277580297552049,,,,,104.67949675082968,0.312078387145228,,,,,0.653005464,0.319672131,0.333333333,0.180327868,0.139344263,0.216867469,50,150,122,12,12,4,9,39,22,13,5,0,0,25,1,35,0.233333333,0.166666666,,,,,,,,,0.0,,,,,,,,291.1
Bill Melton,1008754,118941,3B,CHW,0.7848836171652779,,0.78,0.822662967091254,-0.6520357131958008,-0.1065241729374975,,,,,103.99784520173014,0.3165004385554272,,,,,0.689157824,0.370192307,0.318965517,0.245192307,0.125,0.257309941,57,232,208,22,30,7,12,77,51,39,5,0,1,23,2,31,0.133620689,0.099137931,,,,,,,,,-2.0,,,,,,,,491.1
Ron Woods,1014243,124564,CF,MON,0.7825339179488424,,0.58,2.2488204668466425,-4.001371383666992,-0.4021526573342271,,,,,109.7227400288334,0.3380352576247981,,,,,0.746477577,0.425339366,0.321138211,0.257918552,0.167420814,0.259668508,97,249,221,21,31,10,16,94,57,41,5,1,3,22,2,33,0.13253012,0.088353413,,,,,,,,,-3.0,,,,,,,,472.3
Gene Michael,1008837,119025,SS,NYY,0.7791837699989436,,0.75,-11.795929841617816,6.893003463745117,0.178624251158908,,,,,72.20276088135927,0.261201373529884,,,,,0.568492004,0.278772378,0.289719626,0.232736572,0.046035806,0.257879656,126,430,391,29,32,1,12,109,91,79,7,4,4,32,4,45,0.104651162,0.074418604,,,,,,,,,0.0,,,,,,,,1005.0
Cesar Geronimo,1004639,114723,RF,CIN,0.7773204579191979,,0.55,2.552922202599647,-5.35802435874939,-1.988551985821687,,,,,114.55240209022725,0.3373457689718767,,,,,0.755736336,0.411764705,0.343971631,0.274509803,0.137254902,0.352941176,120,285,255,32,29,4,20,105,70,50,9,7,2,24,7,64,0.224561403,0.084210526,,,,,,,,,-2.0,,,,,,,,654.0
Johnny Callison,1001851,111895,RF,NYY,0.7709707166521942,,0.87,3.420574172983695,-5.195242643356323,0.6478826102684252,,,,,109.22552467027732,0.3135385414968035,,,,,0.69138499,0.392727272,0.298657718,0.258181818,0.134545454,0.261603375,92,300,275,28,34,9,19,108,71,52,10,0,3,18,1,34,0.113333333,0.06,,,,,,,,,-2.0,,,,,,,,582.1
Tim Foli,1004202,114286,SS,MON,0.770238345041562,,1.07,-27.194350394554657,15.801553726196287,-0.1378935546963475,,,,,58.26197332144387,0.2585208720238782,,,,,0.560995369,0.281481481,0.279513888,0.24074074,0.040740741,0.256,149,592,540,45,35,2,16,152,130,114,12,2,11,25,2,43,0.072635135,0.042229729,,,,,,,,,7.0,,,,,,,,1283.2
Rusty Staub,1012440,122699,RF,NYM,0.7619190741489594,,0.72,9.312182417260376,-13.198902368545532,-0.2954209640156477,,,,,131.5611606759013,0.3664704596554791,,,,,0.823724,0.451882845,0.371841155,0.292887029,0.158995816,0.274774774,66,278,239,32,38,9,20,108,70,50,11,0,0,31,7,13,0.046762589,0.111510791,,,,,,,,,-10.0,,,,,,,,583.0
Dick Green,1004991,115093,2B,OAK,0.7618645924280952,,0.86,0.548763195055729,5.395975261926651,-0.3384459101362154,,,,,118.44996392158092,0.3258557021617889,,,,,0.704968943,0.357142857,0.347826086,0.285714285,0.071428572,0.324324324,26,48,42,1,3,0,2,15,12,10,1,1,0,3,0,5,0.104166666,0.0625,,,,,,,,,5.0,,,,,,,,144.1
Bernie Allen,1000132,110140,3B,NYY,0.7589902350300732,,0.76,1.061695846539822,-1.6886146068572998,-0.3127697326126508,,,,,105.53213737218054,0.3083173907342761,,,,,0.686455648,0.39090909,0.295546558,0.227272727,0.163636363,0.236994219,84,248,220,26,21,9,18,86,50,32,9,0,0,23,4,42,0.169354838,0.092741935,,,,,,,,,-3.0,,,,,,,,478.0
Glenn Borgmann,1001201,111236,C,MIN,0.7553681012685882,,0.74,-3.968112883052692,5.253312587738037,0.0353914879378862,,,,,80.31411075008438,0.2820739522958413,,,,,0.63369458,0.308571428,0.325123152,0.234285714,0.074285714,0.253333333,56,203,175,11,14,3,7,54,41,34,4,0,0,25,8,25,0.123152709,0.123152709,,,,,,,,,2.0,,,,,,,,474.1
Sonny Siebert,1011951,122212,P,BOS,0.7516542244117781,,0.78,-1.0095747553331305,5.273385047912598,0.0131850641337223,,,,,87.2387140804713,0.2974850610841679,,,,,0.637130801,0.333333333,0.303797468,0.236111111,0.097222222,0.32,33,80,72,11,9,1,5,24,17,12,4,0,0,5,0,21,0.2625,0.0625,,,,,,,,,0.0,,,,,,,,196.1
Bob Gibson,1004662,114756,P,STL,0.7481595987562097,,0.72,-4.0049019119198555,6.987235069274902,-0.3412217131117359,,,,,68.43582898051973,0.2722889431394063,,,,,0.599981328,0.398058252,0.201923076,0.194174757,0.203883495,0.205479452,34,106,103,12,12,5,11,41,20,9,6,0,0,1,0,25,0.235849056,0.009433962,,,,,,,,,0.0,,,,,,,,278.0
Mickey Stanley,1012415,122672,CF,DET,0.7479438747015688,,1.51,-4.0184511101378355,-2.506625294685364,0.2603737176978029,,,,,91.00830295469989,0.2982433061918308,,,,,0.67294467,0.395402298,0.277542372,0.234482758,0.16091954,0.231578947,142,475,435,45,55,14,36,172,102,66,16,6,1,29,8,49,0.103157894,0.061052631,,,,,,,,,-1.0,,,,,,,,1098.1
Gene Tenace,1012911,123183,C,OAK,0.7448758687321699,,0.54,-0.0907135242803218,-0.8715159893035889,0.0437188968644477,,,,,99.47582678673976,0.2990329450085049,,,,,0.646293662,0.339207048,0.307086614,0.224669603,0.114537445,0.255555555,82,256,227,22,32,5,13,77,51,38,5,3,0,24,2,42,0.1640625,0.09375,,,,,,,,,-3.0,,,,,,,,534.1
Steve Dunning,1003572,113644,P,CLE,0.7421796388591639,,0.86,2.7135333770275003,2.570775270462036,0.0055516059510409,,,,,169.30936148739616,0.4116031808985604,,,,,0.909090908,0.575757575,0.333333333,0.272727272,0.303030303,0.285714285,20,39,33,6,4,3,4,19,9,5,1,0,0,3,0,9,0.23076923,0.076923076,,,,,,,,,0.0,,,,,,,,105.0
Toby Harrah,1005384,115497,SS,TEX,0.7220352913308558,,1.57,-2.7774874044858615,-3.786008834838867,0.8405939871445298,,,,,91.38063885186656,0.2932784789699619,,,,,0.637280734,0.320855614,0.31642512,0.259358288,0.061497326,0.275862068,116,419,374,47,31,1,18,120,97,79,14,3,16,34,1,31,0.07398568,0.081145584,,,,,,,,,-10.0,,,,,,,,906.0
Glenn Beckert,1000743,110774,2B,CHC,0.7073427359604713,,0.84,-13.118639312809988,2.791961431503296,0.1385826283949427,,,,,76.26085644940859,0.2959265939267983,,,,,0.648056806,0.343881856,0.30417495,0.270042194,0.073839662,0.272925764,120,510,474,51,43,3,27,163,128,101,22,2,2,23,1,17,0.033333333,0.045098039,,,,,,,,,0.0,,,,,,,,1017.2
Jerry Morales,1009138,119333,CF,SDP,0.7056513704636966,,0.7,-4.190268386733654,-2.397345781326294,-1.2272056951769628,,,,,93.11457129644296,0.302871771997667,,,,,0.664640369,0.357348703,0.307291666,0.239193083,0.11815562,0.271477663,115,393,347,38,18,4,26,124,83,57,15,7,4,35,3,54,0.13740458,0.089058524,,,,,,,,,0.0,,,,,,,,800.2
Dan Monzon,1009078,119274,2B,MIN,0.689077863135957,,0.63,0.3169673081665148,4.403292149305344,0.2152669193455949,,,,,101.56178060446749,0.3121106851668584,,,,,0.655988455,0.29090909,0.365079365,0.272727272,0.018181818,0.348837209,55,65,55,13,5,0,1,16,15,14,1,0,1,8,0,12,0.184615384,0.123076923,,,,,,,,,4.0,,,,,,,,126.0
Gates Brown,1001518,111601,LF,DET,0.6684600649762402,,0.55,-0.0250212690294092,-1.7270231246948242,0.6471886595245451,,,,,97.6290125477915,0.307602661209447,,,,,0.672934544,0.369047619,0.303886925,0.23015873,0.138888889,0.221198156,103,283,252,33,31,10,15,93,58,43,5,0,3,26,3,28,0.098939929,0.091872791,,,,,,,,,1.0,,,,,,,,497.0
Jim Kaat,1006660,116803,P,MIN,0.66666300964796,,0.57,1.3270300814094629,3.098113536834717,-0.341915663855616,,,,,135.44501211809987,0.36000965859579,,,,,0.793236714,0.488888888,0.304347826,0.288888888,0.2,0.407407407,24,47,45,3,4,2,5,22,13,8,3,0,0,1,0,16,0.340425531,0.021276595,,,,,,,,,0.0,,,,,,,,113.1
Ollie Brown,1001551,111581,RF,- - -,0.6650192288137603,,1.13,-5.400656615482269,2.5331525802612305,-0.7868857469293289,,,,,88.00857803071803,0.2874178400880298,,,,,0.633880104,0.323432343,0.310447761,0.247524752,0.075907591,0.278431372,109,336,303,29,32,4,15,98,75,60,11,0,1,28,6,47,0.139880952,0.083333333,,,,,,,,,6.0,,,,,,,,687.1
Tommie Agee,1000080,110084,CF,NYM,0.6606897118356295,,0.08,-1.8805045275559005,-9.005943536758423,-1.4564224285422824,,,,,99.19816408312904,0.3164649126159043,,,,,0.691834967,0.374407582,0.317427385,0.227488151,0.146919431,0.259375,114,483,422,52,47,13,36,158,96,60,23,0,8,53,6,92,0.19047619,0.109730848,,,,,,,,,-7.0,,,,,,,,958.1
John Lowenstein,1007790,117960,RF,CLE,0.6540730912145519,,0.71,0.3447796564331571,1.055782437324524,-0.9669686987181194,,,,,107.61259718088768,0.3243856534623263,,,,,0.70144456,0.397350993,0.304093567,0.211920529,0.185430464,0.25490196,68,172,151,16,21,6,15,60,32,17,8,1,2,20,0,43,0.25,0.116279069,,,,,,,,,3.0,,,,,,,,375.3
Rick Miller,1008928,119109,CF,BOS,0.651860529975271,,0.71,-1.6192238114079869,5.0800206661224365,-0.6796676232479513,,,,,91.55089812023496,0.3035809728232297,,,,,0.658256028,0.367346938,0.29090909,0.214285714,0.153061224,0.260869565,89,111,98,13,15,3,8,36,21,13,4,1,0,11,0,27,0.243243243,0.099099099,,,,,,,,,6.0,,,,,,,,285.2
Del Unser,1013286,123570,CF,CLE,0.6455787310866787,,1.55,-18.27796354747047,14.946503639221191,-2.06197404343402,,,,,61.64325263974132,0.2594011666126621,,,,,0.56522394,0.276762402,0.288461538,0.237597911,0.039164491,0.264705882,132,422,383,29,17,1,13,106,91,78,12,0,5,28,4,46,0.109004739,0.06635071,,,,,,,,,17.0,,,,,,,,877.3000000000001
Dave Roberts,1011031,121276,P,HOU,0.6413409218204421,,0.58,-2.2702686184727794,5.207467555999756,-0.336364057904575,,,,,77.64417805025488,0.2812758243247254,,,,,0.617256184,0.343283582,0.273972602,0.23880597,0.104477612,0.274509803,35,79,67,7,9,2,3,23,16,13,1,0,0,4,0,16,0.202531645,0.050632911,,,,,,,,,0.0,,,,,,,,192.0
Gary Matthews Sr.,1008255,118433,LF,SFG,0.634839458989103,,0.8,3.126564810479578,0.1586645245552063,-0.336364057904575,,,,,144.5418158347237,0.3910223324509227,,,,,0.889400921,0.532258064,0.357142857,0.29032258,0.241935484,0.304347826,20,71,62,11,14,4,6,33,18,12,1,1,0,7,2,13,0.183098591,0.098591549,,,,,,,,,1.0,,,,,,,,152.4
Davey Nelson,1009499,119699,3B,TEX,0.6340083183863514,,0.77,-3.1395476906992874,-8.646538972854614,4.392985472397413,,,,,87.03645357725138,0.2871373287388976,,,,,0.606558124,0.28256513,0.323992994,0.226452905,0.056112225,0.266826923,145,580,499,68,28,2,21,141,113,92,16,3,51,67,3,81,0.139655172,0.115517241,,,,,,,,,-11.0,,,,,,,,1144.4
Brock Davis,1003038,113098,LF,MIL,0.6226547452573701,,0.84,1.823652805238108,-1.0242356061935425,-0.1517017704318277,,,,,111.73671474487897,0.3226919117088089,,,,,0.696438292,0.331168831,0.365269461,0.318181818,0.012987013,0.371212121,85,168,154,17,12,0,2,51,49,47,2,0,6,12,0,23,0.136904761,0.071428571,,,,,,,,,0.0,,,,,,,,264.5
Bob Robertson,1011024,121296,1B,PIT,0.615965313108821,,0.21,-5.2087746449775345,-0.3054385185241699,-0.0940330595476552,,,,,86.8051903229712,0.2958672918717969,,,,,0.637365679,0.346405228,0.290960451,0.192810457,0.153594771,0.219626168,115,354,306,25,41,12,23,106,59,36,11,0,1,41,2,84,0.237288135,0.115819209,,,,,,,,,4.0,,,,,,,,794.1
Rich Coggins,1002397,112448,CF,BAL,0.6132853276817403,,0.63,0.9119630354063776,3.752629384398461,-0.689382933662273,,,,,137.17298904743672,0.356268273293972,,,,,0.785897435,0.435897435,0.35,0.333333333,0.102564102,0.393939393,16,43,39,5,1,0,4,17,13,9,4,0,0,1,0,6,0.139534883,0.023255813,,,,,,,,,4.0,,,,,,,,86.1
Tommy Helms,1005616,115731,2B,HOU,0.6052081834974703,,0.87,-12.768466360177474,-0.5889441967010498,-0.1584337574895471,,,,,79.39905714926917,0.2839873683278578,,,,,0.636926751,0.345559845,0.291366906,0.258687258,0.086872587,0.260080645,139,559,518,45,60,5,30,179,134,104,20,5,4,24,8,27,0.048300536,0.04293381,,,,,,,,,-4.0,,,,,,,,1243.1
Terry Forster,1004236,114317,P,CHW,0.5927718446099786,,0.71,3.016102450005473,1.4501808881759644,0.2076334611629136,,,,,227.4259031320398,0.4909843057394027,,,,,1.076315789,0.526315789,0.55,0.526315789,0.0,0.588235294,63,22,19,1,3,0,0,10,10,10,0,0,1,1,0,2,0.09090909,0.045454545,,,,,,,,,0.0,,,,,,,,100.0
Roger Freed,1004314,114398,RF,PHI,0.5793694334312214,,0.43,1.4526418029586168,-1.5144014358520508,-0.319709240051452,,,,,110.37547151973088,0.3398525750166491,,,,,0.739504681,0.395348837,0.344155844,0.224806201,0.170542636,0.270588235,73,156,129,10,18,6,10,51,29,19,4,0,0,23,2,39,0.25,0.147435897,,,,,,,,,0.0,,,,,,,,275.3
Andy Etchebarren,1003845,113920,C,BAL,0.5642659994003565,,0.59,-7.691740720729603,7.452215194702148,-0.6637067561387084,,,,,66.59393472921217,0.2564943114725443,,,,,0.55278622,0.276595744,0.276190476,0.202127659,0.074468085,0.248275862,71,210,188,11,21,2,9,52,38,29,6,1,0,17,2,43,0.204761904,0.08095238,,,,,,,,,4.0,,,,,,,,503.1
Dick Billings,1000968,111000,C,TEX,0.5624399599578541,,0.61,-10.323434485357131,1.182443141937256,-1.454756207531318,,,,,82.57366908548191,0.2808285209233175,,,,,0.618404307,0.32196162,0.296442687,0.253731343,0.068230277,0.290076335,133,508,469,41,58,5,21,151,119,98,15,1,1,29,5,77,0.151574803,0.057086614,,,,,,,,,-2.0,,,,,,,,1056.3
Jim Palmer,1009973,120196,P,BAL,0.5527148468125896,,0.83,-5.119083866199673,6.987235069274902,0.0138790148776024,,,,,51.66374191175033,0.2353882694244384,,,,,0.515510204,0.275510204,0.24,0.224489795,0.051020409,0.354838709,36,106,98,12,8,0,4,27,22,18,3,1,0,2,0,36,0.339622641,0.018867924,,,,,,,,,0.0,,,,,,,,274.1
Don Durham,1003588,113654,P,STL,0.5455040911285278,,0.51,3.2819975097126335,0.9228423833847046,0.0034697537194006,,,,,313.86195120903284,0.6515080758503505,,,,,1.428571428,0.928571428,0.5,0.5,0.428571428,0.625,14,14,14,3,4,2,2,13,7,5,0,0,0,0,0,4,0.285714285,0.0,,,,,,,,,0.0,,,,,,,,47.2
Jack Hiatt,1005762,115882,C,- - -,0.541574189752474,,0.38,1.1580911250119084,1.1568360030651093,0.0145729656214825,,,,,115.01660375166556,0.3258744157277621,,,,,0.721428571,0.371428571,0.35,0.257142857,0.114285714,0.320754716,32,80,70,6,5,1,5,26,18,13,3,1,0,10,2,16,0.2,0.125,,,,,,,,,0.0,,,,,,,,168.2
Ken Reitz,1010823,121056,3B,STL,0.5400956091854101,,0.33,1.531894625193345,0.4773662090301513,-0.3301185012096539,,,,,120.9932856511926,0.3534978745896139,,,,,0.78062678,0.41025641,0.37037037,0.358974358,0.051282052,0.373333333,21,81,78,5,10,0,4,32,28,24,4,0,0,2,0,4,0.049382716,0.024691358,,,,,,,,,0.0,,,,,,,,174.0
Fritz Peterson,1010227,120466,P,NYY,0.5323358826878701,,0.61,-4.736272911631862,6.591731071472168,0.0145729656214825,,,,,52.57779866178329,0.2334585785865783,,,,,0.502725968,0.243902439,0.258823529,0.231707317,0.012195122,0.279411764,35,100,82,6,9,0,1,20,19,18,1,0,0,3,0,14,0.14,0.03,,,,,,,,,0.0,,,,,,,,250.1
Joe Ferguson,1003990,114067,C,LAD,0.5307953343610762,,0.43,1.7008502458519548,2.2551440000534058,0.0034697537194006,,,,,157.41140009942384,0.4004729573543255,,,,,0.887820512,0.541666666,0.346153846,0.291666666,0.25,0.315789473,8,27,24,2,5,1,4,13,7,3,3,0,0,2,0,4,0.148148148,0.074074074,,,,,,,,,2.0,,,,,,,,66.0
Darrel Chaney,1002134,112188,SS,CIN,0.518009419008387,,0.75,-2.0442117632452868,-1.6492891311645508,-0.8028466140385717,,,,,95.07105004834658,0.3072442404211384,,,,,0.681867436,0.336734693,0.345132743,0.25,0.086734693,0.281437125,83,230,196,29,19,2,11,66,49,38,7,2,1,29,7,28,0.12173913,0.126086956,,,,,,,,,-5.0,,,,,,,,544.4
Steve Carlton,1001964,112008,P,PHI,0.5118184226430806,,0.43,-8.373212451526582,8.569250106811523,0.0166548178531229,,,,,41.06213038252371,0.2327533596899451,,,,,0.500729621,0.264957264,0.235772357,0.196581196,0.068376068,0.258823529,41,130,117,6,8,1,5,31,23,18,3,1,0,5,0,31,0.238461538,0.038461538,,,,,,,,,0.0,,,,,,,,346.1
Jim Ray Hart,1005448,115554,3B,SFG,0.5073030257274709,,0.53,5.36021909096664,-4.52537727355957,-0.3335882549290545,,,,,160.46262704512174,0.415622306424518,,,,,0.917427141,0.556962025,0.360465116,0.303797468,0.253164557,0.296875,24,86,79,10,8,5,10,44,24,14,5,0,0,6,0,10,0.116279069,0.069767441,,,,,,,,,-5.0,,,,,,,,173.0
Paul Splittorff,1012346,122602,P,KCR,0.5036365883441288,,0.7,-3.403877919166309,5.471137046813965,0.0138790148776024,,,,,58.896968950528915,0.2488188273028323,,,,,0.529836915,0.253521126,0.276315789,0.225352112,0.028169014,0.253968253,35,83,71,9,3,0,1,18,16,15,0,1,0,4,0,8,0.096385542,0.048192771,,,,,,,,,0.0,,,,,,,,216.0
Jack Brohamer,1001465,111503,2B,CLE,0.4820817610359144,,1.7,-21.13817828396259,11.195253610610962,-0.0054148847120814,,,,,62.79648275989045,0.2610314284387882,,,,,0.564726965,0.294117647,0.270609318,0.233396584,0.060721063,0.246346555,136,567,527,49,35,5,20,155,123,103,13,2,3,27,0,46,0.081128747,0.047619047,,,,,,,,,8.0,,,,,,,,1164.2
Rick Reichardt,1010791,121023,CF,CHW,0.4784462067516467,,0.12,4.94722707887982,-11.144489645957949,-0.2428882278618402,,,,,115.79479273103568,0.3331771736543614,,,,,0.729922361,0.408934707,0.320987654,0.250859106,0.158075601,0.292792792,101,328,291,31,43,8,26,119,73,47,14,4,2,28,1,63,0.19207317,0.085365853,,,,,,,,,-10.0,,,,,,,,651.1
Orlando Cepeda,1002103,112157,1B,- - -,0.4750689676370934,,0.24,2.2602214464554495,-1.2071329355239868,0.0166548178531229,,,,,121.60568809933952,0.3625138792940365,,,,,0.800195645,0.459770114,0.340425531,0.287356321,0.172413793,0.318181818,31,94,87,6,9,4,7,40,25,18,3,0,0,7,1,17,0.180851063,0.074468085,,,,,,,,,0.0,,,,,,,,176.0
Mel Stottlemyre Sr.,1012579,122839,P,NYY,0.4566881272474612,,0.64,-4.824988433210243,6.196227073669434,0.0131850641337223,,,,,48.623519149932335,0.2278686179834253,,,,,0.484558823,0.2375,0.247058823,0.2,0.0375,0.258064516,37,94,80,3,7,0,2,19,16,14,1,1,0,3,0,18,0.191489361,0.031914893,,,,,,,,,0.0,,,,,,,,260.0
John Stephenson,1012497,122754,C,CAL,0.4529777461815107,,0.38,1.432491036745428,-2.6268863677978516,0.0305338327307254,,,,,108.69199862575114,0.3101946680973738,,,,,0.690929974,0.349315068,0.341614906,0.273972602,0.075342466,0.279411764,66,161,146,14,17,2,6,51,40,34,3,1,0,11,5,8,0.04968944,0.068322981,,,,,,,,,-5.0,,,,,,,,346.0
Chris Cannizzaro,1001915,111959,C,LAD,0.4513125381366821,,-0.04,-2.9595923918666767,-1.399177312850952,-0.302360471454449,,,,,89.58507287164684,0.2956713952682092,,,,,0.640517241,0.3,0.340517241,0.24,0.06,0.285714285,73,233,200,14,18,2,8,60,48,40,6,0,0,31,5,38,0.163090128,0.13304721,,,,,,,,,-5.0,,,,,,,,525.0
Celerino Sanchez,1011406,121658,3B,NYY,0.4510618892755071,,0.19,-4.973358459528681,1.5957940816879272,0.0458007490960881,,,,,81.3752925300055,0.2741681075185761,,,,,0.596134831,0.304,0.292134831,0.248,0.056,0.280542986,71,269,250,18,22,0,11,76,62,51,8,3,0,12,1,30,0.111524163,0.044609665,,,,,,,,,0.0,,,,,,,,581.2
Tim Cullen,1002862,112923,2B,OAK,0.4415080211862663,,0.47,-2.222334224082757,2.133517026901245,-0.325260846002493,,,,,87.2910804787501,0.2818079988161723,,,,,0.6167002,0.330985915,0.285714285,0.26056338,0.070422535,0.296,72,149,142,10,15,0,9,47,37,28,8,1,0,5,0,17,0.114093959,0.033557046,,,,,,,,,1.0,,,,,,,,408.2
Joe Lovitto,1007781,117948,CF,TEX,0.4338379697974444,,0.87,-10.415477467466337,5.125287175178528,-1.1603783129248768,,,,,75.23245204613795,0.2704506217621327,,,,,0.572899728,0.266666666,0.306233062,0.224242424,0.042424242,0.265454545,117,373,330,23,19,1,11,88,74,63,9,1,13,37,2,54,0.144772117,0.09919571,,,,,,,,,7.0,,,,,,,,804.5
Hal McRae,1008687,118872,3B,CIN,0.4310551802288182,,0.28,2.1067859343374957,-2.0914496406912804,0.0152669163653627,,,,,118.19094306813584,0.342967845144726,,,,,0.769464899,0.474226804,0.295238095,0.278350515,0.195876289,0.255813953,61,105,97,9,26,5,9,46,27,18,4,0,0,2,0,10,0.095238095,0.019047619,,,,,,,,,-2.0,,,,,,,,121.2
Tom Griffin,1005054,115146,P,HOU,0.4269139704328308,,0.42,0.8982658425024503,1.8456847667694092,0.0020818522316403,,,,,129.2295309154015,0.3609827136993408,,,,,0.8,0.52,0.28,0.28,0.24,0.4,39,28,25,3,2,1,4,13,7,3,3,0,0,0,0,9,0.321428571,0.0,,,,,,,,,0.0,,,,,,,,94.1
Jerry Moses,1009242,119436,C,CLE,0.4189895441483949,,0.49,-3.5671580492078063,3.071330308914185,0.0242882760358043,,,,,77.16607889228514,0.2813449839228077,,,,,0.616563714,0.326241134,0.29032258,0.219858156,0.106382978,0.25,52,157,141,9,14,4,7,46,31,24,3,0,0,11,3,29,0.184713375,0.070063694,,,,,,,,,1.0,,,,,,,,338.0
Ed Brinkman,1001438,111475,SS,DET,0.4120540593106377,,0.71,-27.19335845033275,16.398695945739746,0.0770285325706936,,,,,52.327715848801326,0.2435625590719618,,,,,0.537935015,0.279069767,0.258865248,0.203488372,0.075581395,0.212446351,156,571,516,42,49,6,26,144,105,79,19,1,0,38,9,51,0.089316987,0.066549912,,,,,,,,,7.0,,,,,,,,1370.1
Tom Seaver,1011708,121961,P,NYM,0.4110319640744931,,0.38,-6.2931202533487935,6.591731071472168,0.0076334581826813,,,,,42.45929220756485,0.2287950851815812,,,,,0.494860147,0.303370786,0.191489361,0.146067415,0.157303371,0.222222222,36,100,89,5,4,3,7,27,13,6,3,1,0,5,0,41,0.41,0.05,,,,,,,,,0.0,,,,,,,,262.0
Dave Concepcion,1002494,112549,SS,CIN,0.397822251669688,,0.67,-20.205123983574698,10.680383682250977,0.5721003809012473,,,,,54.92994069533738,0.2452203754116507,,,,,0.541475884,0.269841269,0.271634615,0.208994708,0.060846561,0.244444444,119,421,378,40,29,2,17,102,79,62,13,2,13,32,8,65,0.154394299,0.076009501,,,,,,,,,4.0,,,,,,,,992.0
Jerry Kenney,1006840,116996,SS,NYY,0.3958686951091001,,0.79,-4.150407842912124,4.168269157409668,0.6256761864642613,,,,,64.94549659570731,0.2509421540382213,,,,,0.530594459,0.226890756,0.303703703,0.210084033,0.016806723,0.235849056,50,136,119,16,7,0,2,27,25,23,2,0,3,16,2,13,0.095588235,0.117647058,,,,,,,,,2.0,,,,,,,,317.4
Jim Nettles,1009518,119721,CF,MIN,0.3778296485473191,,0.13,-6.130660734060245,2.7425705194473267,-0.1979889498907141,,,,,77.90335712372986,0.2786659944732234,,,,,0.595855826,0.293617021,0.302238805,0.204255319,0.089361702,0.245810055,102,268,235,28,15,4,11,69,48,37,5,2,4,32,3,52,0.19402985,0.119402985,,,,,,,,,4.0,,,,,,,,572.2
John Boccabella,1001104,111132,C,MON,0.3708506540162731,,0.14,-12.611456487759597,9.6813006401062,-0.4657886053901166,,,,,50.03669912842642,0.2458116244610553,,,,,0.548945981,0.289855072,0.259090909,0.22705314,0.062801932,0.255555555,83,222,207,14,10,1,10,60,47,37,8,1,1,9,3,29,0.13063063,0.04054054,,,,,,,,,7.0,,,,,,,,512.4
Damaso Blanco,1001041,111070,SS,SFG,0.3693594222812457,,0.19,1.1443918789836025,1.351623296737671,0.0587782928487286,,,,,139.65682646567123,0.3834743118286133,,,,,0.84,0.4,0.44,0.35,0.05,0.388888888,39,25,20,5,2,0,1,8,7,6,1,0,2,4,0,3,0.12,0.16,,,,,,,,,1.0,,,,,,,,75.2
Davey Lopes,1007750,117912,2B,LAD,0.3679153394982849,,0.32,0.4448861105648292,1.2688614428043363,0.8083274208474904,,,,,93.22637881113104,0.3012977437097199,,,,,0.636054421,0.309523809,0.326530612,0.214285714,0.095238095,0.25,11,49,42,6,1,0,4,13,9,5,4,0,4,7,0,6,0.122448979,0.142857142,,,,,,,,,1.0,,,,,,,,98.0
Bill Robinson,1011054,121326,CF,PHI,0.3675478421176705,,0.2,-2.5736008516435662,-0.3996336460113525,-0.6222772318869829,,,,,90.86144803089212,0.3097005643180965,,,,,0.683263872,0.425531914,0.257731958,0.239361702,0.186170212,0.245033112,82,195,188,19,21,8,18,80,45,27,9,1,2,5,0,30,0.153846153,0.025641025,,,,,,,,,1.0,,,,,,,,432.1
Mark Belanger,1000786,110806,SS,BAL,0.3516129198173024,,0.45,-17.502915591996043,13.269773483276367,0.1971534008625894,,,,,43.55293180031522,0.2239224363070029,,,,,0.481859989,0.245614035,0.236245954,0.185964912,0.059649123,0.217948717,113,313,285,36,16,2,12,70,53,41,9,1,6,18,1,53,0.169329073,0.057507987,,,,,,,,,8.0,,,,,,,,768.1
Reggie Cleveland,1002347,112400,P,STL,0.345090566432923,,0.18,-5.287724938902369,5.537054061889648,0.0131850641337223,,,,,42.36930716028388,0.2320123674118355,,,,,0.499710591,0.239436619,0.260273972,0.239436619,0.0,0.293103448,33,84,71,3,7,0,0,17,17,17,0,0,0,1,0,13,0.154761904,0.011904761,,,,,,,,,0.0,,,,,,,,230.2
Phil Roof,1011182,121434,C,MIN,0.3447486591032233,,0.47,-4.954430304566356,3.798353672027588,-0.3335882549290545,,,,,70.80726364493032,0.2686346138224882,,,,,0.5914585,0.356164383,0.235294117,0.205479452,0.150684931,0.23076923,61,158,146,16,12,3,15,52,30,15,11,1,0,6,0,27,0.170886075,0.037974683,,,,,,,,,1.0,,,,,,,,408.0
Dal Maxvill,1008285,118465,SS,- - -,0.3323598381385022,,0.13,-15.441258131650743,7.481483042240143,-0.6345608248957433,,,,,61.267735407931966,0.259363828516426,,,,,0.558472685,0.262820512,0.295652173,0.224358974,0.038461538,0.271653543,132,352,312,24,24,1,9,82,70,61,7,1,0,32,4,58,0.164772727,0.09090909,,,,,,,,,2.0,,,,,,,,912.0
Rollie Fingers,1004051,114129,P,OAK,0.3181342597001868,,0.45,0.8585860888456049,1.3183462619781494,0.0034697537194006,,,,,142.67818832653575,0.3601058909767552,,,,,0.789473683,0.47368421,0.315789473,0.315789473,0.157894737,0.333333333,65,20,19,2,2,1,1,9,6,5,0,0,0,0,0,3,0.15,0.0,,,,,,,,,0.0,,,,,,,,111.1
Ron Swoboda,1012796,123062,RF,NYY,0.3161335598935804,,0.37,1.145449042839424,-2.1678097248077393,-0.3238729445147328,,,,,111.02747558690396,0.3160858663893838,,,,,0.686041833,0.345132743,0.34090909,0.24778761,0.097345133,0.317647058,63,133,113,9,12,1,9,39,28,19,8,0,0,17,1,29,0.218045112,0.127819548,,,,,,,,,-1.0,,,,,,,,239.2
Mike Corkins,1002630,112689,P,SDP,0.31576450436732,,0.5,-1.5199842890841606,2.834444522857666,0.0062455566949211,,,,,67.58588398078028,0.2634262289756384,,,,,0.572199729,0.315789473,0.256410256,0.236842105,0.078947368,0.307692307,47,43,38,3,3,1,1,12,9,8,0,0,0,1,0,11,0.255813953,0.023255813,,,,,,,,,0.0,,,,,,,,140.0
Jesus Alou,1000178,110187,RF,HOU,0.3106422762190244,,0.16,0.1717534722434006,-0.7937809824943542,-0.6768918202724308,,,,,107.59816517816247,0.3275591005984041,,,,,0.742680719,0.376344086,0.366336633,0.311827956,0.06451613,0.329545454,52,102,93,8,11,0,5,35,29,24,4,1,0,7,4,5,0.049019607,0.06862745,,,,,,,,,0.0,,,,,,,,144.2
Ken Rudolph,1011288,121537,C,CHC,0.3037945451506567,,0.32,-4.781477508983984,3.9455896615982056,-0.4768918172921985,,,,,66.11120986566551,0.2802439105194226,,,,,0.603940556,0.320754716,0.28318584,0.235849056,0.08490566,0.255555555,42,116,106,10,9,2,4,34,25,21,1,1,1,6,0,14,0.120689655,0.051724137,,,,,,,,,2.0,,,,,,,,283.2
Bob Moose,1009134,119329,P,PIT,0.3021424900854181,,0.14,-5.850134328701749,5.668889045715332,0.2131850671139545,,,,,35.61351886116775,0.2167686976492405,,,,,0.447183098,0.197183098,0.25,0.169014084,0.028169014,0.255319148,32,86,71,7,6,0,1,14,12,11,0,1,1,7,0,25,0.290697674,0.081395348,,,,,,,,,0.0,,,,,,,,226.0
Jim McGlothlin,1008532,118717,P,CIN,0.3019351065829425,,0.27,-2.5199560291102254,3.4277002811431885,0.0076334581826813,,,,,55.60992359430168,0.2462710481063992,,,,,0.515771525,0.260869565,0.25490196,0.173913043,0.086956522,0.291666666,31,52,46,6,1,1,2,12,8,6,1,0,0,5,0,21,0.403846153,0.096153846,,,,,,,,,0.0,,,,,,,,145.0
Bernie Williams,1013974,124289,LF,SFG,0.299891578118113,,0.21,-0.891307838090391,1.3374485969543457,0.0090213596704415,,,,,89.03716779353124,0.3052595607439677,,,,,0.663725489,0.397058823,0.266666666,0.19117647,0.205882353,0.232558139,46,75,68,12,9,3,7,27,13,6,3,1,0,7,0,22,0.293333333,0.093333333,,,,,,,,,2.0,,,,,,,,126.0
Steve Arlin,1000303,110317,P,SDP,0.2937130951338095,,0.31,-5.824051197176506,5.60297155380249,0.0124911133898422,,,,,37.29251134327382,0.2166185526200282,,,,,0.441358024,0.194444444,0.24691358,0.152777777,0.041666667,0.229166666,38,85,72,6,4,0,2,14,11,9,1,1,0,8,0,24,0.282352941,0.094117647,,,,,,,,,0.0,,,,,,,,250.0
Andy Messersmith,1008799,118990,P,CAL,0.2931961126581195,,0.35,-2.8797775713374425,3.823204040527344,0.2069395104190334,,,,,46.87736606420631,0.2228105163999966,,,,,0.477425875,0.245283018,0.232142857,0.188679245,0.056603773,0.25,26,58,53,2,0,0,3,13,10,7,3,0,1,3,0,13,0.224137931,0.051724137,,,,,,,,,0.0,,,,,,,,169.2
Carl Taylor,1012862,123128,C,KCR,0.2899365236533474,,0.29,0.7327334212288734,-2.3260151147842407,0.4823726241011172,,,,,101.85115730660128,0.3095409436659379,,,,,0.66178721,0.300884955,0.360902255,0.265486725,0.03539823,0.303030303,63,135,113,17,11,0,3,34,30,27,2,1,4,17,1,16,0.118518518,0.125925925,,,,,,,,,-3.0,,,,,,,,236.2
Jim Howarth,1006083,116217,CF,SFG,0.2885307697285572,,-0.05,-3.0581230114209577,1.4503892064094543,-0.0699523038929328,,,,,79.93453671111864,0.2911946689015004,,,,,0.620043572,0.294117647,0.325925925,0.235294117,0.05882353,0.27,74,136,119,16,7,1,5,35,28,23,4,0,3,16,1,18,0.132352941,0.117647058,,,,,,,,,2.0,,,,,,,,186.4
Dick Dietz,1003290,113355,C,LAD,0.2875926271006188,,0.09,-1.6808959433296806,2.0356651544570923,0.4131850700941868,,,,,72.68016104472831,0.2695508423973532,,,,,0.560714285,0.232142857,0.328571428,0.160714285,0.071428572,0.181818181,27,70,56,4,6,1,2,13,9,7,1,0,2,14,2,11,0.157142857,0.2,,,,,,,,,1.0,,,,,,,,151.0
Coco Laboy,1007231,117385,3B,MON,0.2859558245291298,,0.41,1.0261036102475627,-1.4787371158599854,0.0138790148776024,,,,,111.41233634309256,0.3406459302097172,,,,,0.770289855,0.420289855,0.35,0.260869565,0.15942029,0.294117647,28,81,69,6,14,3,5,29,18,13,2,0,0,10,3,16,0.197530864,0.12345679,,,,,,,,,-2.0,,,,,,,,184.29999999999998
Bobby Brooks,1001470,111514,CF,OAK,0.2761182045032767,,0.5,-2.180854641830277,3.861454054713249,-0.3384459101362154,,,,,60.870986964877794,0.2444592779097349,,,,,0.498636115,0.179487179,0.319148936,0.179487179,0.0,0.225806451,15,47,39,4,5,0,0,7,7,7,0,0,0,8,1,8,0.170212765,0.170212765,,,,,,,,,4.0,,,,,,,,101.0
Sonny Jackson,1006313,116440,SS,ATL,0.2744742763957337,,0.29,-4.523500771971773,2.89208722114563,0.2194306238088756,,,,,67.4329892386668,0.2796046155735962,,,,,0.611528821,0.333333333,0.278195488,0.238095238,0.095238095,0.256410256,60,133,126,20,8,0,9,42,30,21,6,3,1,7,0,9,0.067669172,0.052631578,,,,,,,,,2.0,,,,,,,,209.5
Bill Fahey,1003897,113976,C,TEX,0.2658350278760781,,0.47,-6.891451429625315,6.174211025238037,0.8208185342373326,,,,,42.118290287580955,0.2236388425032297,,,,,0.460084033,0.210084033,0.25,0.168067226,0.042016807,0.2,39,133,119,8,10,1,3,25,20,17,2,0,4,12,0,23,0.17293233,0.090225563,,,,,,,,,4.0,,,,,,,,317.0
Catfish Hunter,1006199,116334,P,OAK,0.2649944080451868,,0.22,-8.50156517421825,7.646408081054688,0.0159608671092428,,,,,26.706366999700332,0.1961625201679835,,,,,0.43400089,0.219047619,0.214953271,0.219047619,0.0,0.252747252,39,116,105,5,5,0,0,23,23,23,0,0,0,0,0,16,0.137931034,0.0,,,,,,,,,0.0,,,,,,,,295.1
Dwight Evans,1003865,113936,LF,BOS,0.2585693218982252,,0.4,1.282447503568798,-0.7956103682518005,0.011797162645962,,,,,119.81786436515908,0.3435405222699046,,,,,0.747258771,0.403508771,0.34375,0.263157894,0.140350877,0.325581395,18,64,57,2,6,1,5,23,15,10,3,1,0,7,0,13,0.203125,0.109375,,,,,,,,,0.0,,,,,,,,145.0
George Stone,1012565,122824,P,ATL,0.2567255872511471,,0.2,-1.5336831922634944,2.5048577785491943,0.0076334581826813,,,,,62.95829495820852,0.2726905606687069,,,,,0.54375,0.2,0.34375,0.2,0.0,0.25,33,38,25,2,2,0,0,5,5,5,0,0,0,6,0,6,0.157894736,0.157894736,,,,,,,,,0.0,,,,,,,,111.0
Mike Anderson,1000237,110248,RF,PHI,0.2527336333717221,,0.32,-2.038068633333152,0.4778236150741577,0.2208185252966359,,,,,83.49683585404478,0.2983211650223028,,,,,0.637461519,0.320388349,0.31707317,0.194174757,0.126213592,0.272727272,36,125,103,8,5,2,8,33,20,12,5,1,1,19,1,36,0.288,0.152,,,,,,,,,2.0,,,,,,,,287.2
Dave Hamilton,1005271,115379,P,OAK,0.2464737566621926,,0.22,-0.958914004267992,2.1752712726593018,0.0062455566949211,,,,,70.80584256384995,0.25850366987288,,,,,0.504807692,0.192307692,0.3125,0.153846153,0.038461539,0.285714285,25,33,26,2,0,0,1,5,4,3,1,0,0,5,0,12,0.363636363,0.151515151,,,,,,,,,0.0,,,,,,,,101.1
Ken Brett,1001402,111439,P,MIL,0.2451994175916039,,0.31,-2.2686925254251684,3.098113536834717,0.0076334581826813,,,,,51.655467349592776,0.2377581570459448,,,,,0.510869565,0.25,0.260869565,0.227272727,0.022727273,0.294117647,31,47,44,6,1,0,1,11,10,9,1,0,0,2,0,10,0.212765957,0.042553191,,,,,,,,,0.0,,,,,,,,133.0
Bud Harrelson,1005387,115502,SS,NYM,0.2422897086589835,,0.54,-14.541574971847098,-0.1390266418457031,1.0989566517528149,,,,,70.85002903814224,0.2726629118829779,,,,,0.578179638,0.265550239,0.312629399,0.215311004,0.050239235,0.244505494,115,490,418,54,24,1,15,111,90,75,10,4,12,58,4,57,0.11632653,0.118367346,,,,,,,,,-7.0,,,,,,,,1000.1
Tom Haller,1005244,115359,C,DET,0.2416971205186839,,0.18,-3.6264703126442552,1.9547322988510132,-0.3294245504657738,,,,,76.32331243755615,0.2774838939645236,,,,,0.622549314,0.330578512,0.291970802,0.20661157,0.123966942,0.216981132,59,139,121,7,13,2,9,40,25,16,5,2,0,15,4,14,0.100719424,0.107913669,,,,,,,,,0.0,,,,,,,,285.0
Jim Lefebvre,1007473,117624,2B,LAD,0.2413205614063538,,-0.1,-5.732755156108744,1.907178819179535,0.0222064238041639,,,,,72.0444992987204,0.268568652344274,,,,,0.608554701,0.337278106,0.271276595,0.201183431,0.136094675,0.213235294,70,188,169,11,24,5,13,57,34,21,8,0,0,17,6,30,0.159574468,0.090425531,,,,,,,,,1.0,,,,,,,,330.2
Buddy Bradford,1001299,111336,CF,CHW,0.2392489464078155,,0.12,1.6989177616564706,-1.2551439702510834,-0.0866071217460557,,,,,133.00524155487386,0.3575066957833632,,,,,0.777122641,0.4375,0.339622641,0.270833333,0.166666667,0.333333333,35,54,48,13,8,2,4,21,13,9,2,0,3,4,0,13,0.24074074,0.074074074,,,,,,,,,-1.0,,,,,,,,120.3
Curt Blefary,1001068,111096,C,- - -,0.2357531214033974,,0.31,-0.570732354496601,-1.947873804718256,0.022900374548044,,,,,96.7684697568397,0.3063554672794488,,,,,0.673490951,0.345132743,0.328358208,0.221238938,0.123893805,0.236559139,82,134,113,11,10,3,8,39,25,17,5,0,0,19,3,19,0.141791044,0.141791044,,,,,,,,,-2.0,,,,,,,,151.0
Rod Gilbreath,1004700,114785,2B,ATL,0.2337938284694373,,0.38,-2.106045816515248,3.2258801013231277,-0.1405277593876235,,,,,56.21998791678131,0.2622788940987935,,,,,0.55584082,0.263157894,0.292682926,0.236842105,0.026315789,0.321428571,18,41,38,2,1,0,1,10,9,8,1,0,1,2,0,10,0.243902439,0.048780487,,,,,,,,,3.0,,,,,,,,82.1
Bruce Kison,1006978,117128,P,PIT,0.233661815432027,,0.25,-3.4944244005128824,3.6913695335388184,0.0041637044632807,,,,,42.94581788737653,0.2280981684172595,,,,,0.505590495,0.301886792,0.203703703,0.188679245,0.113207547,0.384615384,32,56,53,3,9,0,5,16,10,5,4,1,0,1,0,27,0.482142857,0.017857142,,,,,,,,,0.0,,,,,,,,152.0
Phil Gagliano,1004425,114511,LF,BOS,0.2268447339362554,,0.39,-0.3144107231080111,-0.2752628028392792,0.2180427223211154,,,,,94.34588605438404,0.3075321028309484,,,,,0.662601625,0.329268292,0.333333333,0.25609756,0.073170732,0.3,52,94,82,9,10,0,5,27,21,16,4,1,1,10,0,13,0.138297872,0.106382978,,,,,,,,,0.0,,,,,,,,125.2
Rich Reese,1010778,121012,1B,MIN,0.224499301467423,,0.23,-3.4463725537119614,-0.1879284381866455,-0.3106878803810105,,,,,85.96416388707799,0.2900611404414591,,,,,0.634881973,0.329949238,0.304932735,0.218274111,0.111675127,0.228915662,132,223,197,23,26,5,10,65,43,33,3,2,0,25,4,27,0.121076233,0.112107623,,,,,,,,,3.0,,,,,,,,484.0
Milt Pappas,1009989,120213,P,CHC,0.2211360768137426,,0.26,-5.561256781914512,5.009715557098389,0.0104092611582018,,,,,33.049445064023175,0.2291586647431055,,,,,0.486111111,0.25,0.236111111,0.19117647,0.05882353,0.352941176,29,76,68,5,8,1,2,17,13,11,1,0,0,2,0,33,0.434210526,0.026315789,,,,,,,,,0.0,,,,,,,,195.0
Dave Campbell,1001876,111925,3B,SDP,0.2190667256457013,,0.09,-4.245307529387826,2.782806515693665,-1.373214261373505,,,,,76.78852220672074,0.2776456464321241,,,,,0.605315315,0.29,0.315315315,0.24,0.05,0.272727272,33,113,100,6,3,0,5,29,24,19,5,0,0,11,2,12,0.10619469,0.097345132,,,,,,,,,2.0,,,,,,,,285.1
Frank Reberger,1010745,120974,P,SFG,0.2166420582915228,,0.31,-1.6796595963530312,2.373023271560669,0.0048576552071608,,,,,57.26776007856133,0.2561711950434578,,,,,0.564285714,0.314285714,0.25,0.228571428,0.085714286,0.38095238,22,36,35,3,5,0,2,11,8,6,1,1,0,1,0,14,0.388888888,0.027777777,,,,,,,,,0.0,,,,,,,,99.1
Gil Garrido,1004551,114633,2B,ATL,0.2124732887200932,,0.37,-1.583277980717736,0.6049374938011169,-0.1273426952539011,,,,,84.71710903297495,0.306311100028282,,,,,0.647816091,0.28,0.367816091,0.266666666,0.013333334,0.289855072,40,87,75,11,7,0,1,21,20,19,1,0,1,11,1,6,0.068965517,0.126436781,,,,,,,,,0.0,,,,,,,,181.3
Don Buford,1001636,111674,LF,BAL,0.2095651621069426,,0.04,-7.9897743846139555,-2.956559181213379,0.648505761870183,,,,,82.22145094989334,0.2785861235806497,,,,,0.592883003,0.267156862,0.325726141,0.205882352,0.06127451,0.246105919,125,485,408,46,22,5,13,109,84,71,6,2,8,69,10,83,0.17113402,0.142268041,,,,,,,,,2.0,,,,,,,,903.1
Dave McNally,1008655,118841,P,BAL,0.2087458142452552,,0.15,-6.012521481069127,5.537054061889648,0.0076334581826813,,,,,28.461611791382275,0.2025886170747803,,,,,0.436091385,0.253164556,0.182926829,0.151898734,0.101265822,0.256410256,36,84,79,4,6,2,4,20,12,8,2,0,0,3,0,38,0.452380952,0.035714285,,,,,,,,,0.0,,,,,,,,241.0
Doug Griffin,1005040,115138,2B,BOS,0.2087216601235924,,0.65,-8.905486188645693,-4.859616041183472,1.206382295815274,,,,,81.13362776280418,0.288854616045488,,,,,0.627127659,0.302127659,0.325,0.259574468,0.042553191,0.283687943,129,535,470,43,35,2,15,142,122,107,12,1,9,45,6,48,0.089719626,0.084112149,,,,,,,,,-8.0,,,,,,,,1144.2
Al Bumbry,1001649,111687,RF,BAL,0.2003779101234195,,0.2,0.6432010585592892,0.917695477604866,-0.1460793653386645,,,,,171.6224898613428,0.4049677523699673,,,,,0.909090908,0.545454545,0.363636363,0.363636363,0.181818182,0.363636363,9,11,11,5,0,0,1,6,4,3,0,1,1,0,0,0,0.0,0.0,,,,,,,,,1.0,,,,,,,,15.0
Dave Marshall,1008136,118315,RF,NYM,0.1991860937948297,,-0.05,0.9692765527811176,-5.631917476654053,-0.4083982140291482,,,,,106.98967358328,0.3285039305017235,,,,,0.705343073,0.358974358,0.346368715,0.25,0.108974358,0.282258064,72,180,156,21,11,4,9,56,39,30,5,0,3,22,1,28,0.155555555,0.122222222,,,,,,,,,-4.0,,,,,,,,314.2
Billy Parker,1009997,120235,3B,CAL,0.1949889229178621,,0.35,-1.9362586967206237,1.302240639925003,-0.6810555247357115,,,,,86.23160223448107,0.2784435663904462,,,,,0.598214285,0.3125,0.285714285,0.2125,0.1,0.238095238,36,91,80,11,8,2,4,25,17,13,2,0,0,9,0,17,0.186813186,0.098901098,,,,,,,,,1.0,,,,,,,,215.2
Danny Cater,1002079,112132,1B,BOS,0.192961315094042,,0.96,-6.815359784277213,0.0091433525085449,-0.3037483729422092,,,,,80.99476964298339,0.2886583194971788,,,,,0.642034468,0.372239747,0.269794721,0.236593059,0.135646688,0.236749116,92,342,317,32,39,8,26,118,75,49,17,1,0,15,2,33,0.096491228,0.043859649,,,,,,,,,5.0,,,,,,,,727.2
Don Gullett,1005134,115239,P,CIN,0.1921767646178597,,0.39,-2.7703716328456296,2.9662790298461914,0.0062455566949211,,,,,43.65100301416632,0.2277927726507186,,,,,0.486842105,0.236842105,0.25,0.210526315,0.02631579,0.333333333,31,45,38,7,3,0,1,9,8,7,1,0,0,2,0,14,0.311111111,0.044444444,,,,,,,,,0.0,,,,,,,,134.2
Jim Holt,1005985,116110,RF,MIN,0.1907658704772256,,0.11,2.886679924659777,-2.3049837946891785,0.0069395074388012,,,,,202.6611391165313,0.4550296238490513,,,,,1.02116402,0.592592592,0.428571428,0.444444444,0.148148148,0.423076923,10,28,27,6,6,1,2,16,12,10,1,0,0,0,0,1,0.035714285,0.0,,,,,,,,,-2.0,,,,,,,,54.1
Bill Bonham,1001165,111196,P,CHC,0.1907543850742801,,0.17,-0.2345468497364135,1.2524288892745972,0.0041637044632807,,,,,88.52637329718324,0.3148786053061485,,,,,0.660714285,0.285714285,0.375,0.285714285,0.0,0.363636363,19,19,14,3,1,0,0,4,4,4,0,0,0,2,0,3,0.157894736,0.105263157,,,,,,,,,0.0,,,,,,,,57.2
Lindy McDaniel,1008441,118624,P,NYY,0.1903859688827798,,0.2,0.8820482488532181,0.5273385047912598,0.0006939507438801,,,,,209.9692614092112,0.4559547560555594,,,,,0.999999999,0.714285714,0.285714285,0.285714285,0.428571429,0.333333333,37,8,7,1,2,1,1,5,2,1,0,0,0,0,0,3,0.375,0.0,,,,,,,,,0.0,,,,,,,,68.0
Fergie Jenkins,1006388,116522,P,CHC,0.1861274167734296,,0.03,-9.877870501697052,7.712325572967529,0.0152669163653627,,,,,22.779808265250697,0.2132905789634637,,,,,0.457830355,0.23853211,0.219298245,0.183486238,0.055045872,0.256756756,36,117,109,8,8,1,3,26,20,17,1,1,0,5,0,34,0.29059829,0.042735042,,,,,,,,,0.0,,,,,,,,289.1
Don Rose,1011204,121452,P,CAL,0.185807729903595,,0.28,0.4718727671298873,0.7910077571868896,0.0013879014877602,,,,,139.1358868882172,0.3532316197048534,,,,,0.772727272,0.5,0.272727272,0.2,0.3,0.166666666,16,12,10,1,1,1,1,5,2,1,0,0,0,1,0,3,0.25,0.083333333,,,,,,,,,0.0,,,,,,,,42.2
Bob Montgomery,1009070,119269,C,BOS,0.185113756229506,,0.3,-0.1567741166612003,-0.7334225177764893,0.0152669163653627,,,,,97.87989294532775,0.3125279457480819,,,,,0.685265351,0.376623376,0.308641975,0.285714285,0.090909091,0.33898305,24,81,77,7,7,2,3,29,22,19,1,0,0,3,0,17,0.209876543,0.037037037,,,,,,,,,-2.0,,,,,,,,184.2
Buzz Capra,1001928,111972,P,NYM,0.1772551235999649,,0.14,0.0422777708034455,0.988759696483612,0.0041637044632807,,,,,102.32047408343875,0.3212893366813659,,,,,0.65,0.25,0.4,0.25,0.0,0.333333333,14,15,12,1,1,0,0,3,3,3,0,0,0,3,0,3,0.2,0.2,,,,,,,,,0.0,,,,,,,,53.0
Bill Stein,1012463,122720,3B,STL,0.1740389192214869,,0.28,2.0049567497639065,-2.0329218097031116,0.2055516089312732,,,,,143.24421880352176,0.3878788096564157,,,,,0.857142856,0.542857142,0.314285714,0.314285714,0.228571428,0.346153846,14,38,35,2,3,2,3,19,11,8,0,1,1,0,0,7,0.184210526,0.0,,,,,,,,,-2.0,,,,,,,,66.0
Tony Muser,1009403,119600,1B,CHW,0.1708627995294495,,0.18,0.66940741692435,-0.9039779901504515,-0.1384459071559831,,,,,112.7997867822017,0.3289432885154845,,,,,0.727816809,0.426229508,0.301587301,0.278688524,0.147540984,0.296296296,44,63,61,6,9,1,5,26,17,12,2,2,1,2,0,6,0.095238095,0.031746031,,,,,,,,,0.0,,,,,,,,132.0
Milt Wilcox,1013939,124253,P,CLE,0.1684255474203848,,0.29,-3.294806057515567,3.3617827892303467,0.0062455566949211,,,,,35.39101666478477,0.2222897372347243,,,,,0.478486997,0.244444444,0.234042553,0.2,0.044444444,0.272727272,32,51,45,3,4,0,2,11,9,7,2,0,0,2,0,12,0.235294117,0.039215686,,,,,,,,,0.0,,,,,,,,156.0
Phil Niekro,1009583,119786,P,ATL,0.1660991648574732,,0.13,-9.166755541358729,7.119069576263428,0.0131850641337223,,,,,22.375500744573724,0.2099842281685662,,,,,0.453053984,0.236559139,0.216494845,0.193548387,0.043010752,0.239436619,38,108,93,7,4,1,2,22,18,16,1,0,0,1,0,22,0.203703703,0.009259259,,,,,,,,,0.0,,,,,,,,282.1
Pete Richert,1010922,121166,P,LAD,0.1646872341330696,,0.16,0.7190422850919983,0.4614211916923523,0.0020818522316403,,,,,193.53622633262552,0.4562910795211792,,,,,1.0,0.5,0.5,0.5,0.0,1.0,37,7,6,0,0,0,0,3,3,3,0,0,0,0,0,3,0.428571428,0.0,,,,,,,,,0.0,,,,,,,,52.0
Bill Lee,1007448,117617,P,BOS,0.1624650238494245,,0.18,-0.0983920312946312,1.0546770095825195,0.0006939507438801,,,,,93.818370044739,0.3067863807082176,,,,,0.6875,0.5,0.1875,0.1875,0.3125,0.25,47,16,16,3,1,1,2,8,3,1,0,1,0,0,0,7,0.4375,0.0,,,,,,,,,0.0,,,,,,,,84.1
Chuck Seelbach,1011718,121971,P,DET,0.1609994761575114,,0.18,-1.038685799714021,1.7138501405715942,0.0034697537194006,,,,,59.98986953097089,0.2543941497802734,,,,,0.518095238,0.238095238,0.28,0.142857142,0.095238096,0.3,61,26,21,1,0,0,2,5,3,1,2,0,0,4,0,11,0.423076923,0.153846153,,,,,,,,,0.0,,,,,,,,112.0
Frank Howard,1006080,116205,1B,- - -,0.1598767078138956,,0.14,4.622641361473506,-14.612253308296204,0.2673132251366041,,,,,111.81364267358232,0.3227106597688463,,,,,0.708423913,0.36875,0.339673913,0.24375,0.125,0.274193548,109,368,320,29,38,10,20,118,78,58,10,0,1,46,8,63,0.171195652,0.125,,,,,,,,,-10.0,,,,,,,,705.3
Ken Reynolds,1010871,121109,P,PHI,0.1561444395776263,,0.06,-2.979783528862467,2.9003617763519287,0.0069395074388012,,,,,38.00952402718264,0.2280366379161213,,,,,0.480813953,0.225,0.255813953,0.2,0.025,0.235294117,48,44,40,3,0,0,1,9,8,7,1,0,0,3,0,6,0.136363636,0.068181818,,,,,,,,,0.0,,,,,,,,154.1
Jim Hardin,1005344,115455,P,ATL,0.1559851938055798,,0.13,-1.5111652493159462,1.911602020263672,0.0041637044632807,,,,,52.28096864400227,0.256192535161972,,,,,0.507326007,0.238095238,0.269230769,0.095238095,0.142857143,0.125,26,29,21,3,1,1,1,5,2,1,0,0,0,5,0,12,0.413793103,0.172413793,,,,,,,,,0.0,,,,,,,,80.0
Johnny Grubb,1005103,115205,CF,SDP,0.1521664677295572,,0.14,0.6568971204633931,-0.0644718706607818,-0.3439975160872563,,,,,141.5478329689732,0.3777082210237329,,,,,0.839826839,0.476190476,0.363636363,0.333333333,0.142857143,0.388888888,7,22,21,4,1,0,2,10,7,5,1,1,0,1,0,3,0.136363636,0.045454545,,,,,,,,,0.0,,,,,,,,47.0
Ken Holtzman,1005989,116115,P,OAK,0.1521377579727362,,0.44,-8.165496565499724,6.723565578460693,0.0090213596704415,,,,,20.003175635432424,0.1866865649328127,,,,,0.409035408,0.222222222,0.186813186,0.177777777,0.044444445,0.246153846,40,102,90,6,6,0,4,20,16,12,4,0,0,1,0,25,0.245098039,0.009803921,,,,,,,,,0.0,,,,,,,,265.1
Gonzalo Marquez,1008119,118297,1B,OAK,0.1475061242790414,,0.2,1.502360263783492,-1.0891632288694382,-0.1398338086437434,,,,,163.04663337139476,0.3888997091696812,,,,,0.842490841,0.38095238,0.461538461,0.38095238,0.0,0.444444444,23,26,21,2,4,0,0,8,8,8,0,0,1,3,0,4,0.153846153,0.115384615,,,,,,,,,-1.0,,,,,,,,13.0
Pat Bourque,1001240,111278,1B,CHC,0.144527366090548,,0.22,-1.0195309109149515,1.615912228822708,0.0055516059510409,,,,,67.71925683673032,0.2827285774822893,,,,,0.606641123,0.296296296,0.310344827,0.259259259,0.037037037,0.28,11,29,27,3,5,0,1,8,7,6,1,0,0,2,0,2,0.068965517,0.068965517,,,,,,,,,2.0,,,,,,,,56.0
Rich Chiles,1002192,112245,RF,HOU,0.142415288333822,,0.22,0.0482235131214714,0.9286694154143332,0.0020818522316403,,,,,103.5115161718143,0.3212446322043736,,,,,0.696969696,0.363636363,0.333333333,0.272727272,0.090909091,0.3,9,12,11,0,2,0,1,4,3,2,1,0,0,1,0,1,0.083333333,0.083333333,,,,,,,,,1.0,,,,,,,,13.0
Dave Leonhard,1007540,117694,P,BAL,0.1399782172970319,,0.14,1.0086680585465515,0.1318346261978149,0.0006939507438801,,,,,603.0720035856325,1.0148856341838837,,,,,3.0,2.0,1.0,1.0,1.0,1.0,16,2,1,1,0,0,1,2,1,0,1,0,0,1,0,0,0.0,0.5,,,,,,,,,0.0,,,,,,,,20.0
Al Fitzmorris,1004119,114201,P,KCR,0.1396732004419067,,0.09,-1.313410206275388,1.779767394065857,0.0055516059510409,,,,,51.23825647141821,0.2379921012454562,,,,,0.470209339,0.173913043,0.296296296,0.173913043,0.0,0.2,39,27,23,1,0,0,0,4,4,4,0,0,0,4,0,3,0.111111111,0.148148148,,,,,,,,,0.0,,,,,,,,101.0
Joe Niekro,1009582,119785,P,DET,0.1357217460798811,,0.26,-0.1409945989740638,0.9228423833847046,0.0020818522316403,,,,,89.79880868866431,0.296533506650191,,,,,0.64102564,0.333333333,0.307692307,0.25,0.083333333,0.375,18,14,12,2,1,0,1,4,3,2,1,0,0,1,0,4,0.285714285,0.071428571,,,,,,,,,0.0,,,,,,,,47.0
Bob Boone,1001183,111221,C,PHI,0.1343189133302368,,0.07,-0.6434325259099846,-0.1860974431037902,0.210409264138434,,,,,86.32002678568212,0.3026834065263921,,,,,0.686274509,0.352941176,0.333333333,0.274509803,0.078431373,0.295454545,16,57,51,4,4,1,2,18,14,12,1,0,1,5,2,7,0.122807017,0.087719298,,,,,,,,,-1.0,,,,,,,,118.2
Rich Hand,1005301,115407,P,TEX,0.1323808431295185,,0.34,-4.251775321716969,3.823204040527344,0.0055516059510409,,,,,26.731082268540856,0.2018867416815324,,,,,0.43076923,0.23076923,0.2,0.153846153,0.076923077,0.205128205,30,58,52,2,3,0,3,12,8,5,2,1,0,1,0,13,0.224137931,0.017241379,,,,,,,,,0.0,,,,,,,,170.2
Chuck Goggin,1004801,114889,2B,PIT,0.1323058583101889,,0.11,-0.0057226050134329,1.0246913563460112,0.0020818522316403,,,,,99.10908675696324,0.3148786053061485,,,,,0.660714285,0.285714285,0.375,0.285714285,0.0,0.333333333,5,8,7,0,0,0,0,2,2,2,0,0,0,1,0,1,0.125,0.125,,,,,,,,,1.0,,,,,,,,9.0
Joe Pepitone,1010167,120391,1B,CHC,0.132000258101795,,-0.12,-3.040561790143556,-3.3081822395324707,-0.4581551472074352,,,,,89.8783479171128,0.3169676031608248,,,,,0.706209136,0.397196261,0.309012875,0.261682242,0.135514019,0.256684491,66,233,214,23,21,8,13,85,56,43,5,0,1,13,4,22,0.0944206,0.055793991,,,,,,,,,0.0,,,,,,,,482.1
Steve Barber,1000530,110550,P,- - -,0.1286206011382927,,0.13,-0.5060123079803542,1.120594322681427,0.0034697537194006,,,,,72.69494595418085,0.2604505260785421,,,,,0.499999999,0.166666666,0.333333333,0.166666666,0.0,0.285714285,39,17,12,0,0,0,0,2,2,2,0,0,0,3,0,5,0.294117647,0.176470588,,,,,,,,,0.0,,,,,,,,73.2
Tom Burgmeier,1001668,111707,P,KCR,0.128102470166815,,0.19,-0.0204404738702015,0.7910077571868896,0.0027758029755204,,,,,98.06882292938444,0.3041940530141194,,,,,0.666666666,0.333333333,0.333333333,0.333333333,0.0,0.5,51,12,12,2,0,0,0,4,4,4,0,0,0,0,0,4,0.333333333,0.0,,,,,,,,,0.0,,,,,,,,55.1
Vince Colbert,1002408,112459,P,CLE,0.1256203236161927,,0.05,-1.062186353003206,1.516098141670227,0.0034697537194006,,,,,53.75124881100637,0.2482446486299688,,,,,0.522727272,0.25,0.272727272,0.2,0.05,0.4,23,23,20,1,0,0,1,5,4,3,1,0,0,2,0,10,0.434782608,0.086956521,,,,,,,,,0.0,,,,,,,,74.2
Duane Josephson,1006627,116770,1B,BOS,0.1243758914736289,,-0.04,-0.685431502776053,-0.6172860264778137,-0.6817494754795916,,,,,99.9582347485879,0.3154659901542225,,,,,0.688393607,0.37804878,0.310344827,0.268292682,0.109756098,0.3,26,88,82,11,7,1,6,31,22,16,4,1,0,4,0,11,0.125,0.045454545,,,,,,,,,0.0,,,,,,,,180.39999999999998
Ron Clark,1002306,112342,2B,- - -,0.1238911118527746,,0.15000000000000002,-0.7021156843728417,-0.5098307654261589,0.0104092611582018,,,,,90.99707254311762,0.2914354576692953,,,,,0.635046112,0.36231884,0.272727272,0.20289855,0.15942029,0.226415094,36,79,69,9,6,2,6,25,14,8,3,1,0,7,0,15,0.189873417,0.088607594,,,,,,,,,-1.0,,,,,,,,178.2
Skip Jutze,1006657,116800,C,STL,0.1237693841135825,,0.05,-4.8605264022241155,4.01508903503418,-0.3370580086484551,,,,,43.4110812596197,0.2336220602466635,,,,,0.514180975,0.267605633,0.246575342,0.239436619,0.028169014,0.303571428,21,73,71,1,5,0,2,19,17,15,2,0,0,1,0,16,0.219178082,0.01369863,,,,,,,,,3.0,,,,,,,,148.0
Mike Strahler,1012591,122848,P,LAD,0.123180774932523,,0.05,-0.3210598457997992,0.9228423833847046,0.0034697537194006,,,,,78.83057928932008,0.2790541350841522,,,,,0.538961038,0.181818181,0.357142857,0.181818181,0.0,0.4,19,14,11,2,0,0,0,2,2,2,0,0,0,3,0,6,0.428571428,0.214285714,,,,,,,,,0.0,,,,,,,,47.0
Rick Auerbach,1000362,110376,SS,MIL,0.1144732508259116,,0.85,-20.920203682874085,5.058093070983887,2.111863411264494,,,,,61.99958751867369,0.2523811051825515,,,,,0.545619734,0.268953068,0.276666666,0.218411552,0.050541516,0.242362525,153,605,554,50,30,2,21,149,121,100,16,3,24,43,5,62,0.102479338,0.07107438,,,,,,,,,-4.0,,,,,,,,1320.2
Darold Knowles,1007058,117210,P,OAK,0.1109364092157998,,0.11,-0.3524510515833133,0.9228423833847046,0.0027758029755204,,,,,74.67272166913934,0.2639700770378113,,,,,0.557692307,0.25,0.307692307,0.25,0.0,0.333333333,54,14,12,0,1,0,0,3,3,3,0,0,0,1,0,3,0.214285714,0.071428571,,,,,,,,,0.0,,,,,,,,65.2
Tom Paciorek,1009938,120157,1B,LAD,0.1103158294712043,,0.09,0.0212936061052851,-0.6200273633003235,0.2055516089312732,,,,,96.49435594519174,0.3063472447295983,,,,,0.675088652,0.404255319,0.270833333,0.255319148,0.148936171,0.282051282,11,48,47,4,6,1,5,19,12,7,4,0,1,1,0,7,0.145833333,0.020833333,,,,,,,,,0.0,,,,,,,,100.0
Ron Cey,1002108,112162,3B,LAD,0.1067644263704743,,0.06,1.7632905958500933,-2.736625522375107,0.0111032119020819,,,,,135.55909759135355,0.36670796473821,,,,,0.778378378,0.378378378,0.4,0.27027027,0.108108108,0.346153846,11,45,37,3,3,1,2,14,10,8,1,0,0,7,0,10,0.222222222,0.155555555,,,,,,,,,-3.0,,,,,,,,96.0
Roric Harrison,1005430,115543,P,BAL,0.1051640522738116,,0.2,-0.8655931507718906,1.2524288892745972,0.0006939507438801,,,,,54.48872363033217,0.2393818000952402,,,,,0.519607842,0.352941176,0.166666666,0.117647058,0.235294118,0.142857142,39,19,17,2,1,1,2,6,2,0,1,0,0,1,0,9,0.47368421,0.052631578,,,,,,,,,0.0,,,,,,,,94.0
Larry Gowell,1004905,114999,P,NYY,0.0968819070838133,,0.09,0.7337703201354189,0.0659173130989074,0.0,,,,,832.4380701145186,1.335906744003296,,,,,3.0,2.0,1.0,1.0,1.0,1.0,2,1,1,0,0,0,1,2,1,0,1,0,0,0,0,0,0.0,0.0,,,,,,,,,0.0,,,,,,,,7.0
Doug Rau,1010717,120944,P,LAD,0.095672299082136,,0.08,-0.0657565214174816,0.5932558178901672,0.0006939507438801,,,,,93.2572313719858,0.3013454154133796,,,,,0.678571428,0.428571428,0.25,0.142857142,0.285714286,0.2,7,9,7,0,1,0,1,3,1,0,0,1,0,1,0,2,0.222222222,0.111111111,,,,,,,,,0.0,,,,,,,,32.2
Mike Schmidt,1011586,121836,3B,PHI,0.0953529928560538,,0.06,-0.7001929299700936,0.2304526567459106,0.0083274089265614,,,,,83.8238551878184,0.2988264575600624,,,,,0.619117647,0.294117647,0.325,0.205882352,0.088235295,0.333333333,13,40,34,2,3,1,1,10,7,6,0,0,0,5,0,15,0.375,0.125,,,,,,,,,0.0,,,,,,,,84.0
Tommy Davis,1003084,113112,LF,- - -,0.0945752008649691,,-0.07,-2.224709733986117,-0.08367620408535,0.0740452092140913,,,,,80.79719937730687,0.2827285774822893,,,,,0.606641123,0.296296296,0.310344827,0.259259259,0.037037037,0.32183908,41,116,108,12,12,0,4,32,28,24,4,0,2,8,0,21,0.181034482,0.068965517,,,,,,,,,1.0,,,,,,,,189.0
Sparky Lyle,1007859,118026,P,NYY,0.094277181289043,,0.15,-1.4223699181870768,1.5820155143737793,0.0027758029755204,,,,,40.72674190430737,0.2167053520679474,,,,,0.465367965,0.238095238,0.227272727,0.19047619,0.047619048,0.363636363,59,24,21,2,1,0,1,5,4,3,1,0,0,1,0,10,0.416666666,0.041666666,,,,,,,,,0.0,,,,,,,,107.2
Juan Marichal,1008106,118283,P,SFG,0.0940951449347243,,0.12,-4.391144002106197,3.493617534637451,0.0062455566949211,,,,,24.22921841353392,0.2051218323982679,,,,,0.446832578,0.235294117,0.211538461,0.196078431,0.039215686,0.243902439,25,53,51,3,0,0,2,12,10,8,2,0,0,1,0,10,0.188679245,0.018867924,,,,,,,,,0.0,,,,,,,,165.0
Steve Blass,1001058,111086,P,PIT,0.0936380769801079,,0.32,-8.60897711561441,6.328062057495117,0.0104092611582018,,,,,18.00491662670288,0.1895608405272165,,,,,0.409698025,0.207317073,0.202380952,0.182926829,0.024390244,0.25,35,96,82,8,3,0,2,17,15,13,2,0,0,2,0,22,0.229166666,0.020833333,,,,,,,,,0.0,,,,,,,,249.2
Archie Reynolds,1010861,121101,P,MIL,0.0935649302115864,,0.06,0.4271343566991177,0.2636692523956299,0.0013879014877602,,,,,206.24336507490332,0.4562910795211792,,,,,1.0,0.5,0.5,0.5,0.0,0.5,5,4,4,0,0,0,0,2,2,2,0,0,0,0,0,0,0.0,0.0,,,,,,,,,0.0,,,,,,,,18.2
Gary Peters,1010228,120455,P,BOS,0.0924939535183097,,0.06,-2.179815893195291,2.109354019165039,0.0034697537194006,,,,,31.89619924938656,0.2192502077668905,,,,,0.485416666,0.266666666,0.21875,0.2,0.066666666,0.25,33,32,30,2,1,0,2,8,6,4,2,0,0,1,0,7,0.21875,0.03125,,,,,,,,,0.0,,,,,,,,85.1
Chris Coletta,1002438,112492,LF,CAL,0.0920274434478602,,0.01,1.0415108570515303,-1.235939621925354,0.0055516059510409,,,,,133.3573658067339,0.3450628230648656,,,,,0.755913978,0.433333333,0.322580645,0.3,0.133333333,0.32,14,31,30,5,7,1,2,13,9,7,1,0,0,1,0,4,0.129032258,0.032258064,,,,,,,,,-1.0,,,,,,,,43.0
Rick Renick,1010832,121068,LF,MIN,0.0911384183632058,,-0.1,-2.2919384504460636,0.2615454792976379,-0.330812451953534,,,,,82.20395151191445,0.2847455225207589,,,,,0.604398826,0.322580645,0.281818181,0.17204301,0.150537635,0.181818181,55,110,93,10,8,4,6,30,16,10,2,0,0,15,0,25,0.227272727,0.136363636,,,,,,,,,1.0,,,,,,,,184.1
Carl Morton,1009230,119423,P,MON,0.0908823651996619,,0.07,-5.20254151926839,4.020956039428711,0.0062455566949211,,,,,22.01888051602076,0.2025200107641387,,,,,0.422064776,0.211538461,0.210526315,0.134615384,0.076923077,0.21875,35,61,52,5,2,0,3,11,7,4,2,1,0,4,0,20,0.327868852,0.06557377,,,,,,,,,0.0,,,,,,,,172.0
Dan McGinn,1008523,118708,P,CHC,0.0893682710720352,,0.03,-0.0215409705329568,0.5273385047912598,0.0006939507438801,,,,,97.46178559233968,0.3286851197481155,,,,,0.75,0.5,0.25,0.25,0.25,0.285714285,43,8,8,0,1,0,1,4,2,1,0,1,0,0,0,1,0.125,0.0,,,,,,,,,0.0,,,,,,,,62.2
Chris Zachary,1014404,124730,P,DET,0.0887389497266006,,0.08,0.4787404785702313,0.1977519392967224,0.0013879014877602,,,,,258.828628308811,0.5354822278022766,,,,,1.166666666,0.5,0.666666666,0.5,0.0,1.0,25,3,2,0,0,0,0,1,1,1,0,0,0,1,0,1,0.333333333,0.333333333,,,,,,,,,0.0,,,,,,,,38.1
Juan Beniquez,1000833,110858,SS,BOS,0.0845798408101012,,-0.04,-2.030097062953007,-0.4430727958679199,0.4173487745574675,,,,,77.37960926493203,0.2835477540890376,,,,,0.62037037,0.333333333,0.287037037,0.242424242,0.090909091,0.258426966,33,108,99,10,8,1,6,33,24,18,4,1,2,7,0,11,0.101851851,0.064814814,,,,,,,,,-2.0,,,,,,,,227.0
Jeff Torborg,1013123,123401,C,CAL,0.0834372960215764,,-0.1,-7.751928470734169,4.097852945327759,0.0277580297552049,,,,,53.77641949174487,0.2325633517125757,,,,,0.508520073,0.228758169,0.279761904,0.209150326,0.019607843,0.242424242,59,168,153,5,8,0,3,35,32,29,3,0,0,14,4,21,0.125,0.083333333,,,,,,,,,1.0,,,,,,,,451.2
Lynn McGlothen,1008534,118715,P,BOS,0.0826688934658602,,0.18,-4.675893524580718,3.823204040527344,0.0055516059510409,,,,,19.43197598847424,0.2016301794485612,,,,,0.445283018,0.245283018,0.2,0.188679245,0.056603773,0.25,22,58,53,6,4,0,3,13,10,7,3,0,0,1,0,14,0.24137931,0.017241379,,,,,,,,,0.0,,,,,,,,145.0
Curt Motton,1009262,119457,LF,- - -,0.0801284820496248,,0.11,-2.0542705544249107,1.6616367883980274,0.0076334581826813,,,,,59.6439142557185,0.2419824670342838,,,,,0.499346404,0.244444444,0.25490196,0.155555555,0.088888889,0.2,48,51,45,7,3,1,2,11,7,5,1,0,0,6,0,14,0.274509803,0.117647058,,,,,,,,,2.0,,,,,,,,61.2
Dick Selma,1011737,121992,P,PHI,0.0761415357287191,,0.02,-1.5063634228434435,1.4501808881759644,0.0027758029755204,,,,,37.35458040085231,0.2270246545473734,,,,,0.488095238,0.25,0.238095238,0.2,0.05,0.333333333,47,22,20,1,2,0,1,5,4,3,1,0,0,1,0,8,0.363636363,0.045454545,,,,,,,,,0.0,,,,,,,,98.2
Ray Culp,1002869,112931,P,BOS,0.0754158535284942,,0.08,-2.882192082521334,2.5048577785491943,0.0055516059510409,,,,,24.144720115957043,0.2082923422841464,,,,,0.447415329,0.212121212,0.235294117,0.212121212,0.0,0.388888888,16,38,33,3,2,0,0,7,7,7,0,0,0,1,0,15,0.394736842,0.026315789,,,,,,,,,0.0,,,,,,,,105.0
Jim Fregosi,1004330,114414,3B,NYM,0.0751471674232567,,0.37,-4.502645485557957,-8.726566076278687,-0.2843177521135658,,,,,89.91537737643371,0.3021216540740281,,,,,0.654643962,0.344117647,0.310526315,0.232352941,0.111764706,0.279245283,101,382,340,31,32,5,24,117,79,55,15,4,0,38,2,71,0.185863874,0.099476439,,,,,,,,,-11.0,,,,,,,,799.1
Ralph LaCock,1007238,117393,RF,CHC,0.075019891018497,,0.15,0.4922828183797876,-0.07681754976511,0.2020818552118726,,,,,137.86025243335416,0.3911066395895822,,,,,0.928571428,0.5,0.428571428,0.5,0.0,0.5,5,7,6,3,4,0,0,3,3,3,0,0,1,0,0,1,0.142857142,0.0,,,,,,,,,0.0,,,,,,,,14.0
Jim Strickland,1012616,122873,P,MIN,0.0741335500370277,,0.07,0.2613552614402406,0.2636692523956299,0.0013879014877602,,,,,164.87383933068477,0.4016116708517074,,,,,0.833333333,0.333333333,0.5,0.333333333,0.0,1.0,25,4,3,0,2,0,0,1,1,1,0,0,0,1,0,2,0.5,0.25,,,,,,,,,0.0,,,,,,,,36.0
Craig Robinson,1011058,121305,SS,PHI,0.0735611419604345,,0.19,-0.937764357094124,1.19890259206295,0.0020818522316403,,,,,46.356203383982745,0.2409334741532802,,,,,0.516666666,0.266666666,0.25,0.2,0.066666666,0.23076923,5,16,15,0,0,0,1,4,3,2,1,0,0,1,0,2,0.125,0.0625,,,,,,,,,1.0,,,,,,,,29.0
Mickey Scott,1011690,121943,P,BAL,0.0723741226541694,,0.07,0.3391237245484224,0.1977519392967224,0.0013879014877602,,,,,212.3742074156743,0.4625763495763142,,,,,0.666666666,0.0,0.666666666,0.0,0.0,0.0,15,3,1,0,0,0,0,0,0,0,0,0,0,2,0,1,0.333333333,0.666666666,,,,,,,,,0.0,,,,,,,,23.0
Denny Lemaster,1007512,117664,P,MON,0.0722249284194878,,0.07,0.2241941794108979,0.2636692523956299,0.0013879014877602,,,,,150.8686401629687,0.4016116708517074,,,,,0.833333333,0.333333333,0.5,0.333333333,0.0,1.0,13,4,3,0,1,0,0,1,1,1,0,0,0,1,0,2,0.5,0.25,,,,,,,,,0.0,,,,,,,,19.2
Rich Hinton,1005854,115975,P,- - -,0.0713597251009658,,0.06999999999999999,0.1449112919470446,0.3295865654945373,0.0,,,,,136.47064855208626,0.3433797597885132,,,,,0.8,0.6,0.2,0.2,0.4,0.5,12,5,5,0,0,0,1,3,1,0,0,1,0,0,0,3,0.6,0.0,,,,,,,,,0.0,,,,,,,,28.0
Monty Montgomery,1009072,119267,P,KCR,0.066805768261545,,0.05,-1.3784054797789418,1.384263515472412,0.0020818522316403,,,,,34.38186247962203,0.2141630881362491,,,,,0.457516339,0.235294117,0.222222222,0.176470588,0.058823529,0.428571428,9,21,17,2,3,0,1,4,3,2,1,0,0,1,0,10,0.476190476,0.047619047,,,,,,,,,0.0,,,,,,,,56.1
Vic Correll,1002639,112699,C,BOS,0.0667634600147955,,0.07,0.4004180945969907,0.0617283917963504,0.0013879014877602,,,,,199.5764262120912,0.4562910795211792,,,,,1.0,0.5,0.5,0.5,0.0,0.666666666,1,4,4,1,1,0,0,2,2,2,0,0,0,0,0,1,0.25,0.0,,,,,,,,,0.0,,,,,,,,9.0
Rowland Office,1009741,119949,CF,ATL,0.0660100204984058,,0.02,0.3843959930897035,-0.0137174203991889,0.0020818522316403,,,,,158.19046226106883,0.419838140408198,,,,,0.9,0.4,0.5,0.4,0.0,0.666666666,2,6,5,1,0,0,0,2,2,2,0,0,0,1,0,2,0.333333333,0.166666666,,,,,,,,,0.0,,,,,,,,10.0
Oscar Gamble,1004473,114558,RF,PHI,0.0655016426801311,,-0.04,-2.183514258676019,-2.441245436668396,-0.3176273878198117,,,,,89.1465364460542,0.307050775950122,,,,,0.657136116,0.325925925,0.331210191,0.237037037,0.088888888,0.258333333,74,157,135,17,13,1,8,44,32,24,5,2,0,19,0,16,0.101910828,0.121019108,,,,,,,,,-1.0,,,,,,,,262.2
Paul Popovich,1010440,120671,2B,CHC,0.065478884489877,,-0.02,-9.360953074796434,6.098307847976685,-0.3280366489780135,,,,,41.90719544334837,0.2428451802049364,,,,,0.531881209,0.271317829,0.26056338,0.193798449,0.07751938,0.198347107,58,142,129,8,11,1,6,35,25,19,3,2,0,12,2,8,0.056338028,0.084507042,,,,,,,,,5.0,,,,,,,,296.1
Mike Paul,1010082,120308,P,TEX,0.0632358557005538,,0.17,-4.28501262429447,3.4277002811431885,0.0041637044632807,,,,,17.665599941922558,0.1890713377874724,,,,,0.412840135,0.229166666,0.183673469,0.166666666,0.0625,0.275862068,49,52,48,2,1,0,3,11,8,5,3,0,0,1,0,19,0.365384615,0.019230769,,,,,,,,,0.0,,,,,,,,161.2
Jon Matlack,1008246,118428,P,NYM,0.0628922780446946,,0.01,-8.577289909726682,6.13031005859375,0.0131850641337223,,,,,15.643816238834589,0.1873612661253322,,,,,0.368298368,0.141025641,0.227272727,0.128205128,0.012820513,0.294117647,34,93,78,6,2,0,1,11,10,9,1,0,0,10,0,44,0.473118279,0.107526881,,,,,,,,,0.0,,,,,,,,244.0
Horacio Piña,1010354,120584,P,TEX,0.0620942703729008,,0.08,-0.2124741945930988,0.5273385047912598,0.0013879014877602,,,,,73.31577459837811,0.2677411139011383,,,,,0.533333333,0.2,0.333333333,0.2,0.0,0.333333333,60,8,5,1,0,0,0,1,1,1,0,0,0,1,0,2,0.25,0.125,,,,,,,,,0.0,,,,,,,,76.0
Steve Lawson,1007407,117564,P,TEX,0.0613869618020421,,0.06,0.4309446915792123,0.0659173130989074,0.0006939507438801,,,,,529.4695678405394,0.9125821590423584,,,,,2.0,1.0,1.0,1.0,0.0,1.0,13,1,1,0,0,0,0,1,1,1,0,0,0,0,0,0,0.0,0.0,,,,,,,,,0.0,,,,,,,,16.0
Ray Newman,1009544,119747,P,MIL,0.0613340406294679,,0.06,0.4304931938456193,0.0659173130989074,0.0006939507438801,,,,,529.0188898564628,0.9125821590423584,,,,,2.0,1.0,1.0,1.0,0.0,1.0,4,1,1,0,1,0,0,1,1,1,0,0,0,0,0,0,0.0,0.0,,,,,,,,,0.0,,,,,,,,7.0
Casey Cox,1002694,112760,P,- - -,0.0609686890419613,,0.09,-0.6859723214261383,0.8569250702857971,0.0027758029755204,,,,,48.08236415231114,0.2495146443446477,,,,,0.444444444,0.111111111,0.333333333,0.111111111,0.0,0.166666666,40,13,9,0,0,0,0,1,1,1,0,0,0,3,0,3,0.23076923,0.23076923,,,,,,,,,0.0,,,,,,,,77.0
Phil Regan,1010785,121017,P,CHW,0.0609395976007804,,0.05,0.4271279975579873,0.0659173130989074,0.0006939507438801,,,,,525.6598034954678,0.9125821590423584,,,,,2.0,1.0,1.0,1.0,0.0,1.0,10,1,1,0,0,0,0,1,1,1,0,0,0,0,0,0,0.0,0.0,,,,,,,,,0.0,,,,,,,,17.1
Jim Willoughby,1014047,124366,P,SFG,0.0606678363088035,,0.07,-2.8143588514650215,2.2411885261535645,0.0048576552071608,,,,,24.276233381812553,0.2051944773772667,,,,,0.426564495,0.185185185,0.24137931,0.185185185,0.0,0.263157894,11,34,27,1,0,0,0,5,5,5,0,0,0,2,0,8,0.235294117,0.058823529,,,,,,,,,0.0,,,,,,,,87.2
Fred Norman,1009632,119837,P,SDP,0.0597225691700019,,0.27,-7.0363570432298115,5.0756330490112305,0.0104092611582018,,,,,16.4239503641626,0.1843735840585496,,,,,0.362847222,0.140625,0.222222222,0.125,0.015625,0.16,43,77,64,5,3,0,1,9,8,7,1,0,0,8,0,14,0.181818181,0.103896103,,,,,,,,,0.0,,,,,,,,211.2
Cliff Johnson,1006437,116573,C,HOU,0.0596962767538771,,0.05,0.2893779376839222,0.0274348407983779,0.0020818522316403,,,,,143.7281550212668,0.3833852012952168,,,,,0.75,0.25,0.5,0.25,0.0,0.25,5,6,4,0,0,0,0,1,1,1,0,0,0,2,0,0,0.0,0.333333333,,,,,,,,,0.0,,,,,,,,4.0
Hal Breeden,1001379,111416,1B,MON,0.0592998018535838,,0.03,-2.3666673386632424,-0.0603566169738769,0.0145729656214825,,,,,77.34757571515324,0.288010909682826,,,,,0.637571839,0.356321839,0.28125,0.229885057,0.126436782,0.239436619,42,96,87,6,10,3,5,31,20,15,2,0,0,7,1,15,0.15625,0.072916666,,,,,,,,,1.0,,,,,,,,155.0
Jim Breazeale,1001374,111411,1B,ATL,0.0587529129842939,,0.01,0.1089314782720825,-2.820761263370514,-0.3349761564168148,,,,,104.45485853955262,0.3368088000350528,,,,,0.743762119,0.447058823,0.296703296,0.247058823,0.2,0.235294117,52,91,85,10,17,5,7,38,21,14,2,0,0,6,1,12,0.131868131,0.065934065,,,,,,,,,-2.0,,,,,,,,119.2
Roy Foster,1004257,114338,RF,CLE,0.0572735020525304,,-0.07,-1.6486951306769877,-2.549156069755554,-0.6650946576264687,,,,,94.19044600152256,0.3054114519479032,,,,,0.661108121,0.335664335,0.325443786,0.223776223,0.111888112,0.235294117,73,169,143,19,13,4,8,48,32,24,4,0,0,21,2,23,0.136094674,0.124260355,,,,,,,,,-1.0,,,,,,,,281.4
Jim Wohlford,1014179,124499,2B,KCR,0.0564319615114203,,0.06,-0.4041946627878325,0.1335163116455078,0.0055516059510409,,,,,85.39277413827635,0.2862745778901236,,,,,0.601428571,0.28,0.321428571,0.24,0.04,0.315789473,15,28,25,3,0,0,1,7,6,5,1,0,0,2,0,6,0.214285714,0.071428571,,,,,,,,,0.0,,,,,,,,48.2
Bob Didier,1003284,113348,C,ATL,0.0563750370016124,,-0.04,0.1515544222729127,-1.375857412815094,0.0083274089265614,,,,,102.97272650379416,0.3345186900008808,,,,,0.74090909,0.4,0.34090909,0.3,0.1,0.324324324,13,44,40,5,5,0,3,16,12,9,2,1,0,2,0,4,0.09090909,0.045454545,,,,,,,,,-2.0,,,,,,,,91.0
John Knox,1007063,117216,2B,DET,0.0559736576129743,,0.06,-1.6459792569532936,2.041152261197567,0.0006939507438801,,,,,-17.40596217905039,0.144983662026269,,,,,0.296703295,0.153846153,0.142857142,0.076923076,0.076923077,0.09090909,14,14,13,1,0,0,1,2,1,0,1,0,0,1,0,2,0.142857142,0.071428571,,,,,,,,,2.0,,,,,,,,15.0
Gaylord Perry,1010210,120438,P,CLE,0.0526873568305384,,0.2,-11.70455172888344,8.635168075561523,0.0138790148776024,,,,,10.708744310257934,0.187397684296991,,,,,0.396581196,0.2,0.196581196,0.154545454,0.045454546,0.23880597,41,131,110,5,9,1,3,22,17,14,2,0,0,5,0,43,0.328244274,0.038167938,,,,,,,,,0.0,,,,,,,,342.2
Gary Thomasson,1012977,123271,1B,SFG,0.0508140920220201,,0.06,0.7944362167811994,-1.4060356318950653,0.0055516059510409,,,,,125.72990297893703,0.3619551850216729,,,,,0.801587301,0.444444444,0.357142857,0.333333333,0.111111111,0.45,10,28,27,5,1,0,2,12,9,7,1,1,0,1,0,7,0.25,0.035714285,,,,,,,,,-1.0,,,,,,,,61.0
Don Carrithers,1001992,112040,P,SFG,0.048981669906297,,0.0,-2.5220658442371287,1.977519392967224,0.0034697537194006,,,,,23.11972370572813,0.2034075013522444,,,,,0.448275861,0.24137931,0.206896551,0.206896551,0.034482759,0.315789473,26,30,29,2,5,0,1,7,6,5,1,0,0,0,0,10,0.333333333,0.0,,,,,,,,,0.0,,,,,,,,90.0
Danny Frisella,1004365,114449,P,NYM,0.047445671760326,,0.04,-0.2812057653443882,0.4614211916923523,0.0013879014877602,,,,,63.13221208662336,0.2607377597263881,,,,,0.57142857,0.285714285,0.285714285,0.285714285,0.0,0.333333333,39,7,7,0,1,0,0,2,2,2,0,0,0,0,0,1,0.142857142,0.0,,,,,,,,,0.0,,,,,,,,67.1
Jim Bibby,1000945,110973,P,STL,0.0473470125731516,,0.13,-0.7720397534316324,0.7910077571868896,0.0020818522316403,,,,,41.08706785115944,0.2300311207771301,,,,,0.425,0.125,0.3,0.125,0.0,0.2,6,12,8,0,0,0,0,1,1,1,0,0,0,2,0,3,0.25,0.166666666,,,,,,,,,0.0,,,,,,,,40.1
Bob Locker,1007688,117853,P,OAK,0.0469184169493095,,0.04,-0.4347262458369324,0.5932558178901672,0.0020818522316403,,,,,51.55388673473402,0.2312881747881571,,,,,0.333333333,0.0,0.333333333,0.0,0.0,0.0,56,9,6,0,0,0,0,0,0,0,0,0,0,3,0,4,0.444444444,0.333333333,,,,,,,,,0.0,,,,,,,,78.0
Dave LaRoche,1007354,117509,P,MIN,0.0437923423629463,,0.1,-1.0180706519734064,0.988759696483612,0.0027758029755204,,,,,32.06713446717688,0.2138696951525552,,,,,0.376623375,0.09090909,0.285714285,0.09090909,0.0,0.2,62,15,11,2,0,0,0,1,1,1,0,0,0,3,0,6,0.4,0.2,,,,,,,,,0.0,,,,,,,,95.1
Steve Busby,1001745,111787,P,KCR,0.0434392689699009,,0.08,-1.0210829026284411,0.988759696483612,0.0013879014877602,,,,,31.95904113636904,0.2107380708058675,,,,,0.466666666,0.266666666,0.2,0.2,0.066666666,0.25,5,15,15,0,4,0,1,4,3,2,1,0,0,0,0,3,0.2,0.0,,,,,,,,,0.0,,,,,,,,40.0
Bob Gebhard,1004587,114671,P,MIN,0.0428502454057265,,0.05,0.272798433019821,0.0659173130989074,0.0006939507438801,,,,,371.6104432118748,0.6938645243644714,,,,,1.0,0.0,1.0,0.0,0.0,0.0,13,1,0,0,0,0,0,0,0,0,0,0,0,1,0,0,0.0,1.0,,,,,,,,,0.0,,,,,,,,21.0
Jim Barr,1000606,110604,P,SFG,0.0428401402568281,,0.21,-4.8284268006855875,3.493617534637451,0.0041637044632807,,,,,16.73033403883936,0.1935349629849803,,,,,0.428571428,0.244897959,0.183673469,0.183673469,0.06122449,0.23076923,44,53,49,4,2,0,3,12,9,6,3,0,0,0,0,10,0.188679245,0.0,,,,,,,,,0.0,,,,,,,,179.0
Ron Bryant,1001608,111646,P,SFG,0.0418185018233838,,-0.03,-7.385102638582817,5.207467555999756,0.0090213596704415,,,,,14.5243653954052,0.1901264198838848,,,,,0.405479452,0.2,0.205479452,0.171428571,0.028571429,0.25,35,79,70,5,3,0,2,14,12,10,2,0,0,3,0,22,0.278481012,0.037974683,,,,,,,,,0.0,,,,,,,,214.0
Bucky Guth,1005153,115258,SS,MIN,0.0394540300811547,,0.03,-0.6588623809212603,1.0617283917963505,0.0,,,,,-100.0,0.0,,,,,0.0,0.0,0.0,0.0,0.0,0.0,3,3,3,1,0,0,0,0,0,0,0,0,0,0,0,0,0.0,0.0,,,,,,,,,1.0,,,,,,,,9.0
Rick Dempsey,1003203,113264,C,MIN,0.0388755332172372,,-0.11,-1.7058683801118164,0.7750342488288879,0.0090213596704415,,,,,63.579230912546606,0.2584167174671007,,,,,0.529347826,0.225,0.304347826,0.2,0.025,0.25,25,47,40,0,0,0,1,9,8,7,1,0,0,6,0,8,0.170212765,0.127659574,,,,,,,,,0.0,,,,,,,,113.0
Wayne Granger,1004945,115041,P,MIN,0.0381792741344811,,0.03,-0.6020634093281706,0.6591731309890747,0.0006939507438801,,,,,39.83370198497286,0.2248488903045654,,,,,0.5,0.3,0.2,0.2,0.1,0.4,63,10,10,0,0,0,1,3,2,1,1,0,0,0,0,5,0.5,0.0,,,,,,,,,0.0,,,,,,,,89.2
Larry Biittner,1000962,110991,1B,TEX,0.038013716779139,,0.24,-4.094700600063137,-7.210331916809082,-0.7730067320517264,,,,,92.1429788498741,0.294356159630193,,,,,0.647578534,0.335078534,0.3125,0.259162303,0.075916231,0.278260869,137,422,382,34,31,3,22,128,99,77,18,1,1,29,5,37,0.087677725,0.068720379,,,,,,,,,-2.0,,,,,,,,894.5
Larry Johnson,1006480,116607,C,CLE,0.0332955681572218,,-0.01,0.2029033113527937,0.0274348407983779,0.0006939507438801,,,,,200.92111235580515,0.4562910795211792,,,,,1.0,0.5,0.5,0.5,0.0,1.0,1,2,2,0,0,0,0,1,1,1,0,0,0,0,0,1,0.5,0.0,,,,,,,,,0.0,,,,,,,,4.0
Tommy Moore,1009129,119321,P,NYM,0.0311746616334458,,0.04,-0.0280282980987836,0.1977519392967224,0.0006939507438801,,,,,91.25660937583496,0.3041940530141194,,,,,0.666666666,0.333333333,0.333333333,0.333333333,0.0,0.5,3,3,3,1,0,0,0,1,1,1,0,0,0,0,0,1,0.333333333,0.0,,,,,,,,,0.0,,,,,,,,12.1
Fred Holdsworth,1005944,116066,P,DET,0.0310212671469269,,0.03,-0.0136787480900098,0.1977519392967224,0.0006939507438801,,,,,95.2177988546022,0.3041940530141194,,,,,0.666666666,0.333333333,0.333333333,0.333333333,0.0,0.5,2,3,3,1,0,0,0,1,1,1,0,0,0,0,0,1,0.333333333,0.0,,,,,,,,,0.0,,,,,,,,7.0
Rick Wise,1014155,124473,P,STL,0.0300675925362137,,0.31,-9.54332318654918,6.591731071472168,0.0097153104143217,,,,,12.758279112285416,0.1862590129071093,,,,,0.406657514,0.225806451,0.180851063,0.17204301,0.053763441,0.241935483,35,100,93,8,9,1,3,21,16,13,2,0,0,1,0,30,0.3,0.01,,,,,,,,,0.0,,,,,,,,269.0
Jim Brewer,1001406,111442,P,LAD,0.028897181849276,,0.05,0.0505398060225436,0.1318346261978149,0.0006939507438801,,,,,122.76049758939432,0.3469322621822357,,,,,0.5,0.0,0.5,0.0,0.0,0.0,51,2,1,1,0,0,0,0,0,0,0,0,0,1,0,0,0.0,0.5,,,,,,,,,0.0,,,,,,,,78.1
Dave Downs,1003452,113517,P,PHI,0.0284770552042479,,0.05,-0.541035241402678,0.5273385047912598,0.0013879014877602,,,,,38.08000400850717,0.2281455397605896,,,,,0.5,0.25,0.25,0.25,0.0,0.5,4,8,8,1,2,0,0,2,2,2,0,0,0,0,0,4,0.5,0.0,,,,,,,,,0.0,,,,,,,,23.0
George Culver,1002870,112933,P,HOU,0.0280427082704398,,0.02,-1.9167192507576305,1.4501808881759644,0.0020818522316403,,,,,20.34923076176809,0.1927467793226242,,,,,0.410526315,0.210526315,0.2,0.157894736,0.052631579,0.333333333,45,22,19,3,1,0,1,4,3,2,1,0,0,1,0,10,0.454545454,0.045454545,,,,,,,,,0.0,,,,,,,,97.1
Jerry McNertney,1008669,118855,C,STL,0.0279448686925693,,-0.09,-1.9880182388291625,0.3978051841259002,0.0076334581826813,,,,,68.02632281715569,0.2716561964264622,,,,,0.60340909,0.3125,0.29090909,0.208333333,0.104166667,0.303030303,39,57,48,3,9,0,4,15,10,6,3,1,0,6,1,16,0.280701754,0.105263157,,,,,,,,,0.0,,,,,,,,58.0
Mickey Lolich,1007712,117875,P,DET,0.0275984847114614,,-0.24,-10.990807011670974,7.97599458694458,0.0187366700847633,,,,,9.17723549781427,0.1825629548593001,,,,,0.312870275,0.06741573,0.245454545,0.06741573,0.0,0.12,41,121,89,3,0,0,0,6,6,6,0,0,0,20,0,39,0.322314049,0.165289256,,,,,,,,,0.0,,,,,,,,327.1
Fred Kendall,1006828,116973,C,SDP,0.0241656272360062,,-0.18,-11.849148788589188,2.490170955657959,0.0381672909134067,,,,,62.43627403360392,0.2554693309884322,,,,,0.568872099,0.322344322,0.246527777,0.216117216,0.106227106,0.23245614,91,289,273,18,18,6,13,88,59,46,3,4,0,11,3,42,0.145328719,0.038062283,,,,,,,,,-2.0,,,,,,,,658.2
Ken Sanders,1011417,121670,P,MIL,0.0226158001629347,,0.07,-0.6420643652641543,0.5932558178901672,0.0013879014877602,,,,,28.635111084955895,0.2052154690027237,,,,,0.392857142,0.142857142,0.25,0.142857142,0.0,0.2,62,9,7,0,1,0,0,1,1,1,0,0,0,0,0,2,0.222222222,0.0,,,,,,,,,0.0,,,,,,,,92.1
Wade Blasingame,1001057,111085,P,NYY,0.0205853063272189,,0.02,-0.195492338430031,0.2636692523956299,0.0006939507438801,,,,,51.042477774602126,0.2312881747881571,,,,,0.333333333,0.0,0.333333333,0.0,0.0,0.0,12,4,2,0,0,0,0,0,0,0,0,0,0,1,0,2,0.5,0.25,,,,,,,,,0.0,,,,,,,,25.1
Norm Miller,1008916,119100,RF,HOU,0.0189557673656875,,-0.15,1.9952239497548736,-6.72473680973053,0.2222064267843961,,,,,112.95345768089882,0.335833808114706,,,,,0.723101876,0.392523364,0.330578512,0.242990654,0.14953271,0.275,67,125,107,18,13,4,8,42,26,18,4,0,1,13,0,23,0.184,0.104,,,,,,,,,-6.0,,,,,,,,185.1
Brant Alyea,1000203,110212,RF,- - -,0.0185632924836151,,0.07,-2.6757086616005337,1.6049383133649826,0.0062455566949211,,,,,52.827385349949104,0.2360000216735983,,,,,0.506415094,0.28,0.226415094,0.18,0.1,0.210526315,33,53,50,3,3,1,3,14,9,6,2,0,0,3,0,11,0.207547169,0.056603773,,,,,,,,,2.0,,,,,,,,72.0
Don McMahon,1008629,118814,P,SFG,0.0184515807345518,,0.01,-0.332572353379214,0.3295865654945373,0.0006939507438801,,,,,39.12988857978792,0.2281455397605896,,,,,0.5,0.25,0.25,0.25,0.0,0.5,44,5,4,0,0,0,0,1,1,1,0,0,0,0,0,2,0.4,0.0,,,,,,,,,0.0,,,,,,,,63.0
Ron Schueler,1011622,121874,P,ATL,0.0160596851819856,,-0.02,-4.27291699124182,2.9662790298461914,0.0055516059510409,,,,,13.172253274461116,0.1957638693410296,,,,,0.423588039,0.214285714,0.209302325,0.19047619,0.023809524,0.32,37,45,42,1,0,0,1,9,8,7,1,0,0,1,0,17,0.377777777,0.022222222,,,,,,,,,0.0,,,,,,,,144.2
Allan Lewis,1007575,117730,LF,OAK,0.0157919841892422,,0.02,0.0252343050244371,-0.1591220647096634,0.5562103129341267,,,,,46.99880441624966,0.2248488903045654,,,,,0.5,0.3,0.2,0.2,0.1,0.222222222,24,10,10,5,2,0,1,3,2,1,1,0,8,0,0,1,0.1,0.0,,,,,,,,,0.0,,,,,,,,29.0
Bill Champion,1002127,112181,P,PHI,0.0126999058314979,,-0.07,-3.8115887801417,2.636692523956299,0.0034697537194006,,,,,12.898845773730311,0.189236979825156,,,,,0.406722688,0.235294117,0.171428571,0.147058823,0.088235294,0.235294117,32,40,34,1,1,1,1,8,5,4,0,0,0,1,0,16,0.4,0.025,,,,,,,,,0.0,,,,,,,,132.2
Dwain Anderson,1000224,110233,SS,- - -,0.0123487076884954,,-0.03,-4.103927086752552,-1.0658437833189964,-0.3210971415392123,,,,,76.59725839552199,0.2847493342216441,,,,,0.619532986,0.316901408,0.302631578,0.253521126,0.063380282,0.307017543,60,152,142,14,8,1,6,45,36,30,4,1,0,9,1,27,0.177631578,0.059210526,,,,,,,,,-3.0,,,,,,,,339.0
Ken Tatum,1012843,123111,P,BOS,0.0117143463500904,,0.0,-0.1783960164045357,0.1977519392967224,0.0006939507438801,,,,,40.41173088474057,0.2312881747881571,,,,,0.333333333,0.0,0.333333333,0.0,0.0,0.0,22,3,2,0,0,0,0,0,0,0,0,0,0,1,0,0,0.0,0.333333333,,,,,,,,,0.0,,,,,,,,29.1
Bill Plummer,1010399,120630,C,CIN,0.011620201902308,,-0.17,-7.736000555752625,4.714677453041077,0.0104092611582018,,,,,36.26761276444181,0.2163843584951953,,,,,0.495322899,0.284313725,0.211009174,0.186274509,0.098039216,0.204819277,38,111,102,8,9,2,6,29,19,13,4,0,0,4,2,20,0.18018018,0.036036036,,,,,,,,,3.0,,,,,,,,267.0
Paul Lindblad,1007614,117778,P,TEX,0.0115014280883379,,0.01,-1.479119070497788,1.1205942630767822,0.0020818522316403,,,,,13.028728190044356,0.1825164318084716,,,,,0.4,0.2,0.2,0.2,0.0,0.272727272,66,17,15,0,0,0,0,3,3,3,0,0,0,0,0,4,0.235294117,0.0,,,,,,,,,0.0,,,,,,,,99.2
Roger Repoz,1010841,121078,,CAL,0.0110935860483147,,0.01,0.0140598975827883,0.0,0.0006939507438801,,,,,104.44722644098243,0.3041940530141194,,,,,0.666666666,0.333333333,0.333333333,0.333333333,0.0,1.0,3,3,3,0,0,0,0,1,1,1,0,0,0,0,0,2,0.666666666,0.0,,,,,,,,,,,,,,,,,
Frank Coggins,1002396,112447,,CHC,0.0099818313707741,,0.01,0.0209978516243884,0.0,0.0006939507438801,,,,,109.2711196239404,0.3469322621822357,,,,,0.5,0.0,0.5,0.0,0.0,0.0,6,2,1,1,0,0,0,0,0,0,0,0,0,1,0,0,0.0,0.5,,,,,,,,,,,,,,,,,
Mike Marshall,1008144,118320,P,MON,0.0099044053064717,,-0.03,-2.2674633498079455,1.5820155143737793,0.0027758029755204,,,,,13.614059993210809,0.1895333379507064,,,,,0.390151514,0.181818181,0.208333333,0.136363636,0.045454545,0.166666666,65,24,22,0,2,0,1,4,3,2,1,0,0,2,0,4,0.166666666,0.083333333,,,,,,,,,0.0,,,,,,,,116.0
Ramon Hernandez,1005710,115831,P,PIT,0.0094538451154227,,-0.01,-1.0953258484595203,0.7910077571868896,0.0006939507438801,,,,,16.589668093642757,0.1873740752538045,,,,,0.416666666,0.25,0.166666666,0.166666666,0.083333334,0.222222222,53,12,12,1,0,0,1,3,2,1,1,0,0,0,0,3,0.25,0.0,,,,,,,,,0.0,,,,,,,,70.0
Nolan Ryan Jr.,1011348,121597,P,CAL,0.0080103696698488,,0.16,-9.116784709747584,6.525814056396484,0.2062455596751533,,,,,5.9989579353506866,0.165022823275352,,,,,0.361394557,0.208333333,0.153061224,0.135416666,0.072916667,0.270833333,39,99,96,4,3,0,6,20,13,7,5,1,1,2,0,48,0.484848484,0.02020202,,,,,,,,,0.0,,,,,,,,284.0
Fran Healy,1005546,115661,C,SFG,0.0068637874019986,,0.0,-8.019068745126892,4.893003940582275,-0.3328943041851744,,,,,37.88242556811714,0.226218027574522,,,,,0.47885939,0.222222222,0.256637168,0.151515151,0.070707071,0.189189189,45,113,99,12,8,1,5,22,15,10,4,0,0,13,2,24,0.21238938,0.115044247,,,,,,,,,3.0,,,,,,,,276.0
Willie McCovey,1008423,118605,1B,SFG,0.0063090132590352,,-0.54,1.230162248977229,-12.103792667388916,0.0478826013277284,,,,,103.55164316596372,0.3276865408572066,,,,,0.718831298,0.403041825,0.315789473,0.212927756,0.190114069,0.204878048,81,304,263,30,35,14,22,106,56,34,8,0,0,38,5,45,0.148026315,0.125,,,,,,,,,-8.0,,,,,,,,598.1
Jim Panther,1009980,120204,P,TEX,0.0040996529684989,,0.15,-1.0783722656429688,0.7910077571868896,0.0013879014877602,,,,,10.1833558247256,0.1784940759340922,,,,,0.347222222,0.125,0.222222222,0.125,0.0,0.25,58,12,8,2,0,0,0,1,1,1,0,0,0,1,0,4,0.333333333,0.083333333,,,,,,,,,0.0,,,,,,,,93.2
Jose Pagan,1009950,120169,3B,PIT,0.0033572166696792,,0.06,-0.7554963740099265,-4.345220863819122,0.0180427193408831,,,,,94.8436261680811,0.3082878469531215,,,,,0.677282876,0.393700787,0.283582089,0.251968503,0.141732284,0.268518518,53,137,127,11,8,3,12,50,32,20,9,0,0,5,0,17,0.124087591,0.03649635,,,,,,,,,-5.0,,,,,,,,256.2
Doug Howard,1006077,116202,LF,CAL,0.0025867107213803,,-0.01,-0.6614541493137587,-0.390946477651596,0.0076334581826813,,,,,83.30318007814112,0.2743038073182106,,,,,0.589473684,0.289473684,0.3,0.263157894,0.02631579,0.285714285,11,40,38,4,2,0,1,11,10,9,1,0,0,1,0,3,0.075,0.025,,,,,,,,,0.0,,,,,,,,81.0
Chuck Taylor,1012864,123129,P,- - -,0.0020715105860963,,0.0,-0.4618803290909046,0.3295865654945373,0.0006939507438801,,,,,22.497346029961328,0.1825164318084716,,,,,0.4,0.2,0.2,0.2,0.0,0.25,25,5,5,0,1,0,0,1,1,1,0,0,0,0,0,1,0.2,0.0,,,,,,,,,0.0,,,,,,,,42.2
Blue Moon Odom,1009726,119935,P,OAK,-0.0018570985894073,,0.15,-6.695934941086834,4.746046543121338,0.1078412752831354,,,,,5.674678804250009,0.1664311094070548,,,,,0.361601085,0.227272727,0.134328358,0.121212121,0.106060606,0.171428571,59,72,66,16,2,2,3,15,8,5,1,0,4,1,0,29,0.402777777,0.013888888,,,,,,,,,0.0,,,,,,,,194.1
Adolfo Phillips,1010280,120512,LF,CLE,-0.0051612042947818,,0.01,-1.0154830876295051,0.876543216407299,0.0013879014877602,,,,,-12.780526122948425,0.1541921165254381,,,,,0.222222222,0.0,0.222222222,0.0,0.0,0.0,12,9,7,2,0,0,0,0,0,0,0,0,0,2,0,2,0.222222222,0.222222222,,,,,,,,,1.0,,,,,,,,24.0
Bill Parsons,1010026,120259,P,MIL,-0.0052189859674467,,0.21,-7.281291306605728,5.141550540924072,0.0090213596704415,,,,,6.704151161582682,0.1742128042711151,,,,,0.373548921,0.179104477,0.194444444,0.164179104,0.014925373,0.282051282,33,78,67,4,7,0,1,12,11,10,1,0,0,3,0,30,0.384615384,0.038461538,,,,,,,,,0.0,,,,,,,,214.0
Mel Queen,1010592,120826,P,CAL,-0.0070743475251541,,0.02,-0.1409400850986504,0.0,0.0006939507438801,,,,,52.87437270748495,0.2312881747881571,,,,,0.333333333,0.0,0.333333333,0.0,0.0,0.0,17,3,2,0,0,0,0,0,0,0,0,0,0,1,0,1,0.333333333,0.333333333,,,,,,,,,0.0,,,,,,,,31.0
Clay Carroll,1001997,112041,P,CIN,-0.010455443356955,,0.08,-1.2651822251321427,0.7910077571868896,0.0013879014877602,,,,,3.610286309766463,0.1659240289167924,,,,,0.363636362,0.181818181,0.181818181,0.181818181,0.0,0.25,65,12,11,2,1,0,0,2,2,2,0,0,0,0,0,3,0.25,0.0,,,,,,,,,0.0,,,,,,,,96.0
Joe Horlen,1006025,116151,P,OAK,-0.0107863500186581,,-0.03,-1.669267565186088,1.1205942630767822,0.0020818522316403,,,,,1.863830732840341,0.1610439104192397,,,,,0.352941176,0.176470588,0.176470588,0.176470588,0.0,0.23076923,32,17,17,1,0,0,0,3,3,3,0,0,0,0,0,4,0.235294117,0.0,,,,,,,,,0.0,,,,,,,,84.0
Mike Torrez,1013134,123416,P,MON,-0.0116613295237545,,-0.05,-9.017348277832095,5.998475551605225,0.0104092611582018,,,,,9.401461874457198,0.1830242598193815,,,,,0.395402298,0.2,0.195402298,0.176470588,0.023529412,0.272727272,34,91,85,6,2,0,2,17,15,13,2,0,0,2,0,30,0.329670329,0.021978021,,,,,,,,,0.0,,,,,,,,243.1
Terry Humphrey,1006188,116309,C,MON,-0.0117532986029588,,-0.03,-16.496397131903127,9.67398452758789,0.4830665748449974,,,,,34.57280240711703,0.2219176499739937,,,,,0.485072549,0.237209302,0.247863247,0.186046511,0.051162791,0.220338983,69,237,215,13,9,1,9,51,40,31,8,0,4,16,4,38,0.160337552,0.067510548,,,,,,,,,6.0,,,,,,,,535.2
Mike Hedlund,1005575,115690,P,KCR,-0.0137463743860683,,0.05,-3.364543943763011,2.3071060180664062,0.0041637044632807,,,,,3.925961534762963,0.1711091548204422,,,,,0.375,0.1875,0.1875,0.1875,0.0,0.4,29,35,32,1,0,0,0,6,6,6,0,0,0,0,0,17,0.485714285,0.0,,,,,,,,,0.0,,,,,,,,113.0
Steve Blateric,1001059,111087,P,NYY,-0.0140861226369968,,-0.02,-0.2129549975989314,0.0659173130989074,0.0,,,,,-100.0,0.0,,,,,0.0,0.0,0.0,0.0,0.0,0.0,1,1,1,0,0,0,0,0,0,0,0,0,0,0,0,0,0.0,0.0,,,,,,,,,0.0,,,,,,,,4.0
Al Closter,1002361,112414,P,NYY,-0.0140861226369968,,-0.02,-0.2129549975989314,0.0659173130989074,0.0,,,,,-100.0,0.0,,,,,0.0,0.0,0.0,0.0,0.0,0.0,2,1,1,0,0,0,0,0,0,0,0,0,0,0,0,1,1.0,0.0,,,,,,,,,0.0,,,,,,,,2.1
Jim Roland,1011156,121408,P,NYY,-0.0140861226369968,,-0.01,-0.2129549975989314,0.0659173130989074,0.0,,,,,-100.0,0.0,,,,,0.0,0.0,0.0,0.0,0.0,0.0,16,1,1,0,0,0,0,0,0,0,0,0,0,0,0,0,0.0,0.0,,,,,,,,,0.0,,,,,,,,30.2
Al Severinsen,1011760,122017,P,SDP,-0.0145553484675113,,-0.02,-0.222177616834447,0.0659173130989074,0.0,,,,,-100.0,0.0,,,,,0.0,0.0,0.0,0.0,0.0,0.0,17,1,1,0,0,0,0,0,0,0,0,0,0,0,0,1,1.0,0.0,,,,,,,,,0.0,,,,,,,,21.1
Jim York,1014351,124676,P,HOU,-0.0147470694949583,,-0.02,-0.2238132874963733,0.0659173130989074,0.0,,,,,-100.0,0.0,,,,,0.0,0.0,0.0,0.0,0.0,0.0,26,1,1,0,0,0,0,0,0,0,0,0,0,0,0,0,0.0,0.0,,,,,,,,,0.0,,,,,,,,36.0
Gene Garber,1004493,114577,P,PIT,-0.0147833167298775,,-0.02,-0.2241225312946292,0.0659173130989074,0.0,,,,,-100.0,0.0,,,,,0.0,0.0,0.0,0.0,0.0,0.0,4,1,1,0,0,0,0,0,0,0,0,0,0,0,0,0,0.0,0.0,,,,,,,,,0.0,,,,,,,,6.1
Bart Johnson,1006422,116571,P,CHW,-0.0149460185523622,,-0.02,-0.2202912117836925,0.0659173130989074,0.0,,,,,-100.0,0.0,,,,,0.0,0.0,0.0,0.0,0.0,0.0,9,1,1,0,0,0,0,0,0,0,0,0,0,0,0,0,0.0,0.0,,,,,,,,,0.0,,,,,,,,13.2
Dan Neumeier,1009523,119727,P,CHW,-0.0149460185523622,,-0.02,-0.2202912117836925,0.0659173130989074,0.0,,,,,-100.0,0.0,,,,,0.0,0.0,0.0,0.0,0.0,0.0,3,1,1,0,0,0,0,0,0,0,0,0,0,0,0,1,1.0,0.0,,,,,,,,,0.0,,,,,,,,3.0
Bill Gilbreth,1004699,114786,P,DET,-0.0149547830020719,,-0.02,-0.2203659858105632,0.0659173130989074,0.0,,,,,-100.0,0.0,,,,,0.0,0.0,0.0,0.0,0.0,0.0,2,1,1,0,0,0,0,0,0,0,0,0,0,0,0,0,0.0,0.0,,,,,,,,,0.0,,,,,,,,5.0
Ron Perranoski,1010201,120430,P,DET,-0.0149547830020719,,-0.02,-0.2203659858105632,0.0659173130989074,0.0,,,,,-100.0,0.0,,,,,0.0,0.0,0.0,0.0,0.0,0.0,17,1,1,0,0,0,0,0,0,0,0,0,0,0,0,0,0.0,0.0,,,,,,,,,0.0,,,,,,,,35.1
Bill Butler,1001771,111823,P,CLE,-0.0151765447136123,,-0.02,-0.222257948994443,0.0659173130989074,0.0,,,,,-100.0,0.0,,,,,0.0,0.0,0.0,0.0,0.0,0.0,6,1,1,0,0,0,0,0,0,0,0,0,0,0,0,0,0.0,0.0,,,,,,,,,0.0,,,,,,,,11.2
Marcelino Lopez,1007757,117923,P,CLE,-0.0151765447136123,,-0.02,-0.222257948994443,0.0659173130989074,0.0,,,,,-100.0,0.0,,,,,0.0,0.0,0.0,0.0,0.0,0.0,4,1,1,0,0,0,0,0,0,0,0,0,0,0,0,1,1.0,0.0,,,,,,,,,0.0,,,,,,,,8.1
Lance Clemons,1002343,112396,P,STL,-0.0151824467654992,,0.03,-0.2275277148483249,0.0659173130989074,0.0,,,,,-100.0,0.0,,,,,0.0,0.0,0.0,0.0,0.0,0.0,3,1,1,1,0,0,0,0,0,0,0,0,0,0,0,0,0.0,0.0,,,,,,,,,0.0,,,,,,,,5.1
Rich Folkers,1004203,114287,P,STL,-0.0151824467654992,,-0.04,-0.2275277148483249,0.0659173130989074,0.0,,,,,-100.0,0.0,,,,,0.0,0.0,0.0,0.0,0.0,0.0,9,1,1,0,0,0,0,0,0,0,0,0,0,0,0,0,0.0,0.0,,,,,,,,,0.0,,,,,,,,13.1
Joe Grzenda,1005112,115214,P,STL,-0.0151824467654992,,-0.02,-0.2275277148483249,0.0659173130989074,0.0,,,,,-100.0,0.0,,,,,0.0,0.0,0.0,0.0,0.0,0.0,30,1,1,0,0,0,0,0,0,0,0,0,0,0,0,0,0.0,0.0,,,,,,,,,0.0,,,,,,,,35.0
Dennis Higgins,1005788,115908,P,STL,-0.0151824467654992,,-0.02,-0.2275277148483249,0.0659173130989074,0.0,,,,,-100.0,0.0,,,,,0.0,0.0,0.0,0.0,0.0,0.0,15,1,1,0,0,0,0,0,0,0,0,0,0,0,0,0,0.0,0.0,,,,,,,,,0.0,,,,,,,,22.2
Al Hrabosky,1006116,116242,P,STL,-0.0151824467654992,,-0.02,-0.2275277148483249,0.0659173130989074,0.0,,,,,-100.0,0.0,,,,,0.0,0.0,0.0,0.0,0.0,0.0,5,1,1,0,0,0,0,0,0,0,0,0,0,0,0,1,1.0,0.0,,,,,,,,,0.0,,,,,,,,7.0
Don Shaw,1011820,122076,P,STL,-0.0151824467654992,,-0.02,-0.2275277148483249,0.0659173130989074,0.0,,,,,-100.0,0.0,,,,,0.0,0.0,0.0,0.0,0.0,0.0,8,1,1,0,0,0,0,0,0,0,0,0,0,0,0,1,1.0,0.0,,,,,,,,,0.0,,,,,,,,8.1
Roger Moret,1009168,119362,P,BOS,-0.015334445409861,,-0.02,-0.2236050810215922,0.0659173130989074,0.0,,,,,-100.0,0.0,,,,,0.0,0.0,0.0,0.0,0.0,0.0,3,1,1,0,0,0,0,0,0,0,0,0,0,0,0,1,1.0,0.0,,,,,,,,,0.0,,,,,,,,5.0
Dave Rosello,1011206,121459,SS,CHC,-0.0156420458043512,,-0.08,0.8515805213355792,-1.7599451541900637,0.0034697537194006,,,,,151.63498007728427,0.4123906016349792,,,,,0.9,0.5,0.4,0.25,0.25,0.222222222,5,15,12,2,3,1,1,6,3,2,0,0,0,3,0,2,0.133333333,0.2,,,,,,,,,-2.0,,,,,,,,35.0
Ike Blessitt,1001070,111098,RF,DET,-0.0156565703135439,,-0.08,-1.101829929052816,0.9807956125587224,0.0,,,,,-100.0,0.0,,,,,0.0,0.0,0.0,0.0,0.0,0.0,4,5,5,0,0,0,0,0,0,0,0,0,0,0,0,2,0.4,0.0,,,,,,,,,1.0,,,,,,,,5.0
Tom House,1006064,116180,P,ATL,-0.0159188413144349,,-0.02,-0.2338102753756495,0.0659173130989074,0.0,,,,,-100.0,0.0,,,,,0.0,0.0,0.0,0.0,0.0,0.0,8,1,1,0,0,0,0,0,0,0,0,0,0,0,0,1,1.0,0.0,,,,,,,,,0.0,,,,,,,,9.1
Larry Jaster,1006367,116501,P,ATL,-0.0159188413144349,,-0.02,-0.2338102753756495,0.0659173130989074,0.0,,,,,-100.0,0.0,,,,,0.0,0.0,0.0,0.0,0.0,0.0,5,1,1,0,0,0,0,0,0,0,0,0,0,0,0,0,0.0,0.0,,,,,,,,,0.0,,,,,,,,12.1
Larry Gura,1005150,115255,P,CHC,-0.016141593349408,,-0.02,-0.2357106875179263,0.0659173130989074,0.0,,,,,-100.0,0.0,,,,,0.0,0.0,0.0,0.0,0.0,0.0,7,1,1,0,0,0,0,0,0,0,0,0,0,0,0,1,1.0,0.0,,,,,,,,,0.0,,,,,,,,12.1
Steve Hamilton,1005277,115384,P,CHC,-0.016141593349408,,-0.02,-0.2357106875179263,0.0659173130989074,0.0,,,,,-100.0,0.0,,,,,0.0,0.0,0.0,0.0,0.0,0.0,22,1,1,0,0,0,0,0,0,0,0,0,0,0,0,1,1.0,0.0,,,,,,,,,0.0,,,,,,,,17.0
Diego Segui,1011725,121978,P,- - -,-0.017605972098762,,-0.06,-1.4856480858315315,0.9228423833847046,0.0006939507438801,,,,,-2.054925994339865,0.1606063502175467,,,,,0.357142856,0.214285714,0.142857142,0.142857142,0.071428572,0.25,40,14,14,1,0,0,1,3,2,1,1,0,0,0,0,6,0.428571428,0.0,,,,,,,,,0.0,,,,,,,,78.1
Tommie Reynolds,1010875,121115,LF,MIL,-0.0182599120077884,,0.02,-4.310769524702152,0.6611781120300293,0.0201245715725235,,,,,69.34020690203619,0.26275815946836,,,,,0.562411347,0.3,0.262411347,0.2,0.1,0.233009708,72,141,130,13,13,2,8,39,26,18,5,1,0,10,0,25,0.177304964,0.070921985,,,,,,,,,2.0,,,,,,,,244.29999999999998
Phil Hennigan,1005658,115772,P,CLE,-0.021150644678083,,0.06,-1.4793536232600408,0.9228423833847046,0.0020818522316403,,,,,-5.624696262299172,0.1643079434122358,,,,,0.297619047,0.083333333,0.214285714,0.083333333,0.0,0.166666666,38,14,12,1,0,0,0,1,1,1,0,0,0,2,0,6,0.428571428,0.142857142,,,,,,,,,0.0,,,,,,,,67.1
Larry Stahl,1012383,122640,RF,SDP,-0.0214522789274937,,0.12,-4.997338002658751,-6.245086193084717,-0.7917434021364897,,,,,88.39668430335294,0.2955819489034407,,,,,0.644673686,0.346801346,0.29787234,0.225589225,0.121212121,0.267857142,107,331,297,31,20,7,19,103,67,48,9,3,1,31,3,67,0.202416918,0.093655589,,,,,,,,,-3.0,,,,,,,,649.2
Ted Kubiak,1007190,117344,2B,- - -,-0.0218019142858193,,0.16999999999999998,-10.164237493610765,3.986286580562592,-0.3106878803810105,,,,,57.96726801168888,0.2434083316233251,,,,,0.525396824,0.247619047,0.277777777,0.204761904,0.042857143,0.227513227,97,234,210,19,15,0,8,52,43,35,7,1,0,21,3,23,0.098290598,0.089743589,,,,,,,,,2.0,,,,,,,,569.3000000000001
Charlie Sands,1011427,121680,,PIT,-0.0225096489849192,,-0.03,-0.2241225312946292,0.0,0.0,,,,,-100.0,0.0,,,,,0.0,0.0,0.0,0.0,0.0,0.0,1,1,1,0,0,0,0,0,0,0,0,0,0,0,0,0,0.0,0.0,,,,,,,,,,,,,,,,,
John Strohmayer,1012626,122883,P,MON,-0.0228226043129994,,-0.03,-0.7827021030430211,0.3955038785934448,0.0006939507438801,,,,,-19.23748988474148,0.1387729048728943,,,,,0.2,0.0,0.2,0.0,0.0,0.0,48,6,4,0,0,0,0,0,0,0,0,0,0,1,0,1,0.166666666,0.166666666,,,,,,,,,0.0,,,,,,,,76.2
Chris Ward,1013605,123912,,CHC,-0.0238679256044497,,-0.03,-0.2357106875179263,0.0,0.0,,,,,-100.0,0.0,,,,,0.0,0.0,0.0,0.0,0.0,0.0,1,1,1,0,0,0,0,0,0,0,0,0,0,0,0,0,0.0,0.0,,,,,,,,,,,,,,,,,
Frank Taveras,1012852,123121,SS,PIT,-0.0242816485065349,,-0.07,-0.4040708985182757,0.0685871019959449,0.0006939507438801,,,,,7.588611686974896,0.1734661310911178,,,,,0.25,0.0,0.25,0.0,0.0,0.0,4,4,3,0,0,0,0,0,0,0,0,0,0,1,0,1,0.25,0.25,,,,,,,,,0.0,,,,,,,,10.0
Steve Renko,1010835,121071,P,MON,-0.0246466895098013,,0.17,-0.9619310741543784,-0.0182899162173271,0.0048576552071608,,,,,63.21226639428341,0.2661697963873545,,,,,0.583333332,0.291666666,0.291666666,0.291666666,0.0,0.368421052,32,24,24,0,0,0,0,7,7,7,0,0,0,0,0,5,0.208333333,0.0,,,,,,,,,0.0,,,,,,,,99.2
Don Stanhouse,1012401,122659,P,TEX,-0.0258984977277219,,-0.08,-3.468219956221007,2.3071060180664062,0.0034697537194006,,,,,0.9889591019276964,0.1654964324199792,,,,,0.343108503,0.161290322,0.181818181,0.129032258,0.032258064,0.19047619,26,35,31,0,1,0,1,5,4,3,1,0,0,2,0,10,0.285714285,0.057142857,,,,,,,,,0.0,,,,,,,,104.2
Sergio Robles,1011082,121329,C,BAL,-0.0272794442625744,,-0.02,-0.4287720052784198,0.0617283917963504,0.0006939507438801,,,,,14.262758419880532,0.1825164318084716,,,,,0.4,0.2,0.2,0.2,0.0,0.2,2,5,5,0,0,0,0,1,1,1,0,0,0,0,0,0,0.0,0.0,,,,,,,,,0.0,,,,,,,,9.0
Jim Nash,1009458,119659,P,- - -,-0.0274245343061137,,-0.02,-2.193941906313867,1.3183462619781494,0.0027758029755204,,,,,-0.3060090901132284,0.1715805500745773,,,,,0.357894736,0.157894736,0.2,0.157894736,0.0,0.23076923,20,20,19,1,1,0,0,3,3,3,0,0,0,1,0,6,0.3,0.05,,,,,,,,,0.0,,,,,,,,68.2
Jim Shellenback,1011859,122117,P,TEX,-0.0282495880852379,,-0.03,-1.354360274010038,0.7910077571868896,0.0013879014877602,,,,,-12.77388736569348,0.146040607582439,,,,,0.281818181,0.1,0.181818181,0.1,0.0,0.125,22,12,10,0,2,0,0,1,1,1,0,0,0,1,0,2,0.166666666,0.083333333,,,,,,,,,0.0,,,,,,,,57.0
Bob Reynolds,1010863,121111,P,BAL,-0.0287074950034519,,0.04,-0.4304764858480399,0.1318346261978149,0.0,,,,,-100.0,0.0,,,,,0.0,0.0,0.0,0.0,0.0,0.0,3,2,2,0,0,0,0,0,0,0,0,0,0,0,0,1,0.5,0.0,,,,,,,,,0.0,,,,,,,,9.2
Eddie Watt,1013684,123991,P,BAL,-0.0287074950034519,,-0.03,-0.4304764858480399,0.1318346261978149,0.0,,,,,-100.0,0.0,,,,,0.0,0.0,0.0,0.0,0.0,0.0,38,2,2,0,0,0,0,0,0,0,0,0,0,0,0,1,0.5,0.0,,,,,,,,,0.0,,,,,,,,45.2
Hoyt Wilhelm,1013945,124261,P,LAD,-0.0288205007303976,,-0.03,-0.4418794206376975,0.1318346261978149,0.0,,,,,-100.0,0.0,,,,,0.0,0.0,0.0,0.0,0.0,0.0,16,2,1,0,0,0,0,0,0,0,0,0,0,0,0,1,0.5,0.0,,,,,,,,,0.0,,,,,,,,25.1
Gerry Janeski,1006356,116489,P,TEX,-0.0289973087022009,,-0.03,-0.432949035524935,0.1318346261978149,0.0,,,,,-100.0,0.0,,,,,0.0,0.0,0.0,0.0,0.0,0.0,4,2,2,0,0,0,0,0,0,0,0,0,0,0,0,1,0.5,0.0,,,,,,,,,0.0,,,,,,,,12.2
Norm Angelini,1000268,110280,P,KCR,-0.0292399990742926,,-0.03,-0.4350195518728201,0.1318346261978149,0.0,,,,,-100.0,0.0,,,,,0.0,0.0,0.0,0.0,0.0,0.0,21,2,2,0,0,0,0,0,0,0,0,0,0,0,0,0,0.0,0.0,,,,,,,,,0.0,,,,,,,,16.0
Ken Wright,1014286,124607,P,KCR,-0.0292399990742926,,-0.03,-0.4350195518728201,0.1318346261978149,0.0,,,,,-100.0,0.0,,,,,0.0,0.0,0.0,0.0,0.0,0.0,17,2,2,0,0,0,0,0,0,0,0,0,0,0,0,2,1.0,0.0,,,,,,,,,0.0,,,,,,,,18.1
Jim Merritt,1008789,118977,P,CIN,-0.0293348785638754,,-0.03,-0.446267842411608,0.1318346261978149,0.0,,,,,-100.0,0.0,,,,,0.0,0.0,0.0,0.0,0.0,0.0,4,2,2,0,0,0,0,0,0,0,0,0,0,0,0,0,0.0,0.0,,,,,,,,,0.0,,,,,,,,8.0
Jim Geddes,1004589,114673,P,CHW,-0.0298920371047245,,0.14,-0.440582423567385,0.1318346261978149,0.0,,,,,-100.0,0.0,,,,,0.0,0.0,0.0,0.0,0.0,0.0,6,2,1,1,0,0,0,0,0,0,0,0,0,0,0,0,0.0,0.0,,,,,,,,,0.0,,,,,,,,10.1
Phil Meeler,1008726,118912,P,DET,-0.0299095660041438,,-0.03,-0.4407319716211264,0.1318346261978149,0.0,,,,,-100.0,0.0,,,,,0.0,0.0,0.0,0.0,0.0,0.0,7,2,2,0,0,0,0,0,0,0,0,0,0,0,0,2,1.0,0.0,,,,,,,,,0.0,,,,,,,,8.1
Tom Timmermann,1013071,123349,P,DET,-0.0299451997197288,,-0.01,-4.8944299140680885,3.295865535736084,0.0069395074388012,,,,,2.1505923176536346,0.1726297525068124,,,,,0.344696969,0.136363636,0.208333333,0.136363636,0.0,0.315789473,35,50,44,3,1,0,0,6,6,6,0,0,0,3,0,25,0.5,0.06,,,,,,,,,0.0,,,,,,,,149.2
Bob Veale,1013391,123684,P,- - -,-0.0301177621397386,,-0.04,-0.4477276123162215,0.1318346261978149,0.0,,,,,-100.0,0.0,,,,,0.0,0.0,0.0,0.0,0.0,0.0,11,2,2,0,0,0,0,0,0,0,0,0,0,0,0,1,0.5,0.0,,,,,,,,,0.0,,,,,,,,17.0
Moe Drabowsky,1003474,113539,P,- - -,-0.0301284653178615,,-0.04,-0.4478189266320174,0.1318346261978149,0.0,,,,,-100.0,0.0,,,,,0.0,0.0,0.0,0.0,0.0,0.0,37,2,2,0,0,0,0,0,0,0,0,0,0,0,0,0,0.0,0.0,,,,,,,,,0.0,,,,,,,,35.0
Charlie Williams,1013980,124292,P,SFG,-0.030554041813443,,-0.03,-0.4566691509481375,0.1318346261978149,0.0,,,,,-100.0,0.0,,,,,0.0,0.0,0.0,0.0,0.0,0.0,3,2,2,0,0,0,0,0,0,0,0,0,0,0,0,0,0.0,0.0,,,,,,,,,0.0,,,,,,,,9.1
Bobby Bolin,1001146,111175,P,BOS,-0.0306688908197221,,-0.03,-0.4472101620431845,0.1318346261978149,0.0,,,,,-100.0,0.0,,,,,0.0,0.0,0.0,0.0,0.0,0.0,21,2,2,0,0,0,0,0,0,0,0,0,0,0,0,0,0.0,0.0,,,,,,,,,0.0,,,,,,,,30.2
Don Newhauser,1009534,119738,P,BOS,-0.0306688908197221,,-0.03,-0.4472101620431845,0.1318346261978149,0.0,,,,,-100.0,0.0,,,,,0.0,0.0,0.0,0.0,0.0,0.0,31,2,2,0,0,0,0,0,0,0,0,0,0,0,0,0,0.0,0.0,,,,,,,,,0.0,,,,,,,,37.0
Chris Arnold,1000318,110331,3B,SFG,-0.0311540744053982,,-0.2,-3.001124431767752,-0.3950617909431457,-0.3335882549290545,,,,,73.80550288456979,0.281724418257619,,,,,0.614906831,0.321428571,0.29347826,0.226190476,0.095238095,0.253521126,51,93,84,8,4,1,5,27,19,14,3,1,0,8,1,12,0.129032258,0.086021505,,,,,,,,,-1.0,,,,,,,,173.3
Les Cain,1001821,111864,P,DET,-0.0329234655119944,,0.05,-1.0231193544859971,0.5273385047912598,0.0006939507438801,,,,,-27.744305824087085,0.130368879863194,,,,,0.285714284,0.142857142,0.142857142,0.142857142,0.0,0.2,5,8,7,0,0,0,0,1,1,1,0,0,0,0,0,2,0.25,0.0,,,,,,,,,0.0,,,,,,,,23.2
Denny McLain,1008603,118787,P,- - -,-0.0335253928498958,,0.03,-2.4106719032618944,1.4501808881759644,0.0027758029755204,,,,,-1.8174929040631325,0.1784940759340922,,,,,0.347222222,0.125,0.222222222,0.125,0.0,0.222222222,20,22,16,0,0,0,0,2,2,2,0,0,0,2,0,7,0.318181818,0.09090909,,,,,,,,,0.0,,,,,,,,76.1
Tom Shopay,1011925,122184,LF,BAL,-0.0342643128311844,,0.15,-1.396851914204572,-0.104252390563488,0.0097153104143217,,,,,68.79970157128346,0.2596124900711907,,,,,0.536111111,0.225,0.311111111,0.225,0.0,0.321428571,49,45,40,3,2,0,0,9,9,9,0,0,0,5,0,12,0.266666666,0.111111111,,,,,,,,,0.0,,,,,,,,19.0
Ed Farmer,1003935,114011,P,CLE,-0.0346975592043181,,-0.04,-1.0382550599570362,0.5273385047912598,0.0006939507438801,,,,,-29.632833916737297,0.130368879863194,,,,,0.285714284,0.142857142,0.142857142,0.142857142,0.0,0.25,46,8,7,0,0,0,0,1,1,1,0,0,0,0,0,3,0.375,0.0,,,,,,,,,0.0,,,,,,,,61.1
Julian Javier,1006371,116505,3B,CIN,-0.0352531931338445,,-0.18,-3.961094008290271,0.4522166848182678,0.2145729686017148,,,,,61.866334671021114,0.2559381151685909,,,,,0.551805336,0.296703296,0.25510204,0.208791208,0.087912088,0.215189873,44,100,91,3,12,2,4,27,19,15,2,0,1,6,0,11,0.11,0.06,,,,,,,,,0.0,,,,,,,,168.1
Marty Pattin,1010074,120300,P,BOS,-0.0364049004774061,,0.0,-9.031818585281268,6.196227073669434,0.0055516059510409,,,,,4.032321945520851,0.1798604843260228,,,,,0.393611333,0.244186046,0.149425287,0.139534883,0.104651163,0.175438596,38,94,86,4,9,2,5,21,12,7,3,0,0,1,0,27,0.287234042,0.010638297,,,,,,,,,0.0,,,,,,,,253.0
Cecil Cooper,1002592,112651,1B,BOS,-0.0366937149628955,,0.03,-0.6793929020215047,-0.1440329104661941,0.0027758029755204,,,,,64.1615713664267,0.2648620969719357,,,,,0.60990712,0.294117647,0.315789473,0.235294117,0.05882353,0.333333333,12,19,17,0,2,0,1,5,4,3,1,0,0,2,1,5,0.263157894,0.105263157,,,,,,,,,0.0,,,,,,,,21.0
Gary Ross,1011230,121478,P,SDP,-0.040341449860402,,-0.04,-1.716152023368468,0.9228423833847046,0.0013879014877602,,,,,-12.037007750721244,0.1403972552372859,,,,,0.307692306,0.153846153,0.153846153,0.153846153,0.0,0.2,60,14,13,0,1,0,0,2,2,2,0,0,0,0,0,3,0.214285714,0.0,,,,,,,,,0.0,,,,,,,,91.2
Cecil Upshaw,1013292,123576,P,ATL,-0.0406359320108984,,0.04,-1.1306736710066885,0.5273385047912598,0.0006939507438801,,,,,-29.15060782694137,0.130368879863194,,,,,0.285714284,0.142857142,0.142857142,0.142857142,0.0,0.2,42,8,7,0,0,0,0,1,1,1,0,0,0,0,0,2,0.25,0.0,,,,,,,,,0.0,,,,,,,,53.2
Dick Lange,1007316,117475,P,CAL,-0.0416130333397028,,-0.03,-0.6333593117588915,0.1977519392967224,0.0,,,,,-100.0,0.0,,,,,0.0,0.0,0.0,0.0,0.0,0.0,2,3,3,0,0,0,0,0,0,0,0,0,0,0,0,0,0.0,0.0,,,,,,,,,0.0,,,,,,,,7.2
Gary Waslewski,1013661,123969,P,OAK,-0.0420782102632372,,-0.05,-0.6373279752725519,0.1977519392967224,0.0,,,,,-100.0,0.0,,,,,0.0,0.0,0.0,0.0,0.0,0.0,8,3,3,0,0,0,0,0,0,0,0,0,0,0,0,1,0.333333333,0.0,,,,,,,,,0.0,,,,,,,,17.2
Mark Schaeffer,1011509,121760,P,SDP,-0.0436660454025341,,-0.05,-0.6665328505033411,0.1977519392967224,0.0,,,,,-100.0,0.0,,,,,0.0,0.0,0.0,0.0,0.0,0.0,41,3,3,0,0,0,0,0,0,0,0,0,0,0,0,1,0.333333333,0.0,,,,,,,,,0.0,,,,,,,,41.0
Bill Slayback,1012062,122322,P,DET,-0.0439604125699601,,-0.02,-2.6945248918633435,1.647932767868042,0.0027758029755204,,,,,-7.69613658299644,0.1587099407030188,,,,,0.347826086,0.173913043,0.173913043,0.173913043,0.0,0.235294117,23,25,23,1,0,0,0,4,4,4,0,0,0,0,0,6,0.24,0.0,,,,,,,,,0.0,,,,,,,,81.2
Mike Cosgrove,1002651,112711,P,HOU,-0.044241208484875,,-0.05,-0.6714398624891199,0.1977519392967224,0.0,,,,,-100.0,0.0,,,,,0.0,0.0,0.0,0.0,0.0,0.0,7,3,2,0,0,0,0,0,0,0,0,0,0,0,0,1,0.333333333,0.0,,,,,,,,,0.0,,,,,,,,13.2
Fernando Gonzalez,1004832,114930,3B,PIT,-0.0446977273866159,,-0.08,-0.4482450625892584,0.0027434839867055,0.0,,,,,-100.0,0.0,,,,,0.0,0.0,0.0,0.0,0.0,0.0,3,2,2,0,0,0,0,0,0,0,0,0,0,0,0,2,1.0,0.0,,,,,,,,,0.0,,,,,,,,1.0
Bob Rauch,1010715,120946,P,NYM,-0.0447109545196968,,-0.05,-0.6754475074404634,0.1977519392967224,0.0,,,,,-100.0,0.0,,,,,0.0,0.0,0.0,0.0,0.0,0.0,19,3,3,0,0,0,0,0,0,0,0,0,0,0,0,2,0.666666666,0.0,,,,,,,,,0.0,,,,,,,,27.0
Steve Kealey,1006727,116872,P,CHW,-0.0448380556570867,,-0.07,-0.6608736353510775,0.1977519392967224,0.0,,,,,-100.0,0.0,,,,,0.0,0.0,0.0,0.0,0.0,0.0,40,3,3,0,0,0,0,0,0,0,0,0,0,0,0,2,0.666666666,0.0,,,,,,,,,0.0,,,,,,,,57.1
Ray Sadecki,1011360,121609,P,NYM,-0.0452176924071615,,-0.08,-1.7577537557417056,0.9228423833847046,0.0013879014877602,,,,,-14.750734252731965,0.1403972552372859,,,,,0.307692306,0.153846153,0.153846153,0.153846153,0.0,0.25,34,14,13,1,1,0,0,2,2,2,0,0,0,0,0,5,0.357142857,0.0,,,,,,,,,0.0,,,,,,,,75.2
Steve Mingori,1008978,119171,P,CLE,-0.0455267415557562,,-0.06,-1.1306443826138646,0.5273385047912598,0.0006939507438801,,,,,-41.16053123036442,0.1140727698802948,,,,,0.25,0.125,0.125,0.125,0.0,0.166666666,42,8,8,0,0,0,0,1,1,1,0,0,0,0,0,2,0.25,0.0,,,,,,,,,0.0,,,,,,,,57.0
Steve Hargan,1005356,115468,P,CLE,-0.0455296341408371,,-0.05,-0.6667738469833292,0.1977519392967224,0.0,,,,,-100.0,0.0,,,,,0.0,0.0,0.0,0.0,0.0,0.0,12,3,3,0,0,0,0,0,0,0,0,0,0,0,0,0,0.0,0.0,,,,,,,,,0.0,,,,,,,,20.0
Tony Cloninger,1002359,112412,P,STL,-0.0455473402964977,,-0.05,-0.6825831445449747,0.1977519392967224,0.0,,,,,-100.0,0.0,,,,,0.0,0.0,0.0,0.0,0.0,0.0,17,3,3,0,0,0,0,0,0,0,0,0,0,0,0,2,0.666666666,0.0,,,,,,,,,0.0,,,,,,,,26.0
Joe Gilbert,1004692,114777,P,MON,-0.0460337777349963,,-0.05,-0.6867331924432672,0.1977519392967224,0.0,,,,,-100.0,0.0,,,,,0.0,0.0,0.0,0.0,0.0,0.0,22,3,3,0,0,0,0,0,0,0,0,0,0,0,0,0,0.0,0.0,,,,,,,,,0.0,,,,,,,,33.0
Tom Walker,1013536,123840,P,MON,-0.0460337777349963,,-0.05,-0.6867331924432672,0.1977519392967224,0.0,,,,,-100.0,0.0,,,,,0.0,0.0,0.0,0.0,0.0,0.0,46,3,3,0,0,0,0,0,0,0,0,0,0,0,0,1,0.333333333,0.0,,,,,,,,,0.0,,,,,,,,74.2
Jimmy Freeman,1004321,114404,P,ATL,-0.0474616384040334,,-0.08,-1.8748964679725817,0.988759696483612,0.0020818522316403,,,,,-14.274858744749077,0.1533540805180867,,,,,0.276923076,0.076923076,0.2,0.076923076,0.0,0.142857142,8,15,13,0,0,0,0,1,1,1,0,0,0,2,0,6,0.4,0.133333333,,,,,,,,,0.0,,,,,,,,36.0
Pat Jarvis,1006363,116499,P,ATL,-0.0475429971751465,,-0.09,-3.149570498649623,1.8456847667694092,0.0013879014877602,,,,,-2.770231302757968,0.1711304068565368,,,,,0.368333333,0.208333333,0.16,0.125,0.083333333,0.214285714,37,28,24,2,1,0,2,5,3,1,2,0,0,1,0,10,0.357142857,0.035714285,,,,,,,,,0.0,,,,,,,,98.2
Bobby Wine Sr.,1014124,124445,3B,MON,-0.0538738408194006,,-0.12,-1.2314162089002134,0.1943302154541015,0.0020818522316403,,,,,37.41811187496483,0.2263140678405761,,,,,0.499999999,0.277777777,0.222222222,0.222222222,0.055555555,0.25,34,18,18,2,0,0,1,5,4,3,1,0,0,0,0,2,0.111111111,0.0,,,,,,,,,0.0,,,,,,,,50.400000000000006
Jack Aker,1000097,110100,P,CHC,-0.0552734708661828,,-0.08,-1.157555585965243,0.4614211916923523,0.0006939507438801,,,,,-51.107768085696,0.0991235034806387,,,,,0.142857142,0.0,0.142857142,0.0,0.0,0.0,48,7,6,0,0,0,0,0,0,0,0,0,0,1,0,3,0.428571428,0.142857142,,,,,,,,,0.0,,,,,,,,73.0
Ed Acosta,1000034,110038,P,SDP,-0.0556162313448313,,-0.06,-1.7484705828458902,0.8569250702857971,0.0013879014877602,,,,,-22.925581403526035,0.1235728218005253,,,,,0.237179486,0.083333333,0.153846153,0.083333333,0.0,0.333333333,46,13,12,1,0,0,0,1,1,1,0,0,0,1,0,9,0.692307692,0.076923076,,,,,,,,,0.0,,,,,,,,89.0
Grant Jackson,1006298,116428,P,BAL,-0.0574149900069039,,-0.06,-0.8609529716960798,0.2636692523956299,0.0,,,,,-100.0,0.0,,,,,0.0,0.0,0.0,0.0,0.0,0.0,32,4,4,0,0,0,0,0,0,0,0,0,0,0,0,3,0.75,0.0,,,,,,,,,0.0,,,,,,,,41.0
Pete Mikkelsen,1008852,119041,P,LAD,-0.0575643203419168,,-0.07,-1.2750984558905487,0.5273385047912598,0.0006939507438801,,,,,-45.63733450572391,0.0867330655455589,,,,,0.125,0.0,0.125,0.0,0.0,0.0,33,8,7,0,0,0,0,0,0,0,0,0,0,1,0,6,0.75,0.125,,,,,,,,,0.0,,,,,,,,57.2
Lew Krausse Jr.,1007146,117298,P,BOS,-0.0584974806838246,,-0.01,-1.983536769269446,1.0546770095825195,0.0006939507438801,,,,,-23.789256609640432,0.1405305564403534,,,,,0.3125,0.1875,0.125,0.125,0.0625,0.25,24,16,16,0,0,0,1,3,2,1,1,0,0,0,0,8,0.5,0.0,,,,,,,,,0.0,,,,,,,,60.2
Cy Acosta,1000033,110037,P,CHW,-0.059784074209449,,-0.06,-0.88116484713477,0.2636692523956299,0.0,,,,,-100.0,0.0,,,,,0.0,0.0,0.0,0.0,0.0,0.0,26,4,4,0,0,0,0,0,0,0,0,0,0,0,0,3,0.75,0.0,,,,,,,,,0.0,,,,,,,,34.2
John Hiller,1005817,115951,P,DET,-0.0598191320082876,,-0.06,-0.8814639432422529,0.2636692523956299,0.0,,,,,-100.0,0.0,,,,,0.0,0.0,0.0,0.0,0.0,0.0,24,4,4,0,0,0,0,0,0,0,0,0,0,0,0,3,0.75,0.0,,,,,,,,,0.0,,,,,,,,44.1
Denny Riddleberger,1010944,121190,P,CLE,-0.0607061788544494,,-0.06,-0.8890317959777723,0.2636692523956299,0.0,,,,,-100.0,0.0,,,,,0.0,0.0,0.0,0.0,0.0,0.0,38,4,4,0,0,0,0,0,0,0,0,0,0,0,0,3,0.75,0.0,,,,,,,,,0.0,,,,,,,,54.0
Elias Sosa,1012284,122542,P,SFG,-0.061108083626886,,-0.07,-0.9133383018962752,0.2636692523956299,0.0,,,,,-100.0,0.0,,,,,0.0,0.0,0.0,0.0,0.0,0.0,8,4,4,0,0,0,0,0,0,0,0,0,0,0,0,3,0.75,0.0,,,,,,,,,0.0,,,,,,,,15.2
Frank Linzy,1007643,117803,P,MIL,-0.0612074416991526,,-0.05,-1.4499825835525026,0.6591731309890747,0.0006939507438801,,,,,-44.80426531075399,0.1013980176713731,,,,,0.222222222,0.111111111,0.111111111,0.111111111,0.0,0.2,47,10,9,0,0,0,0,1,1,1,0,0,0,0,0,4,0.4,0.0,,,,,,,,,0.0,,,,,,,,77.1
Bob Johnson,1006430,116619,P,PIT,-0.0616483968997197,,-0.13,-4.151896953138806,2.4389405250549316,0.0034697537194006,,,,,-2.5629083639851795,0.1577805529038111,,,,,0.338095237,0.171428571,0.166666666,0.142857142,0.028571429,0.263157894,31,37,35,2,2,0,1,6,5,4,1,0,0,1,0,16,0.432432432,0.027027027,,,,,,,,,0.0,,,,,,,,115.2
John Gamble,1004471,114556,SS,DET,-0.062415860373913,,-0.04,-0.6610979574316896,0.0480109713971614,0.0,,,,,-100.0,0.0,,,,,0.0,0.0,0.0,0.0,0.0,0.0,6,3,3,0,0,0,0,0,0,0,0,0,0,0,0,0,0.0,0.0,,,,,,,,,0.0,,,,,,,,7.0
Hugh Yancy,1014319,124644,3B,CHW,-0.0625429720343988,,-0.12,-1.6833629172620894,1.054869681596756,-0.347467269806657,,,,,-48.16335167174884,0.1013980176713731,,,,,0.222222222,0.111111111,0.111111111,0.111111111,0.0,0.111111111,3,9,9,0,0,0,0,1,1,1,0,0,0,0,0,0,0.0,0.0,,,,,,,,,1.0,,,,,,,,20.0
Billy Cowan,1002688,112749,,CAL,-0.0647920301048279,,-0.07,-0.6333593117588915,0.0,0.0,,,,,-100.0,0.0,,,,,0.0,0.0,0.0,0.0,0.0,0.0,3,3,3,0,0,0,0,0,0,0,0,0,0,0,0,2,0.666666666,0.0,,,,,,,,,,,,,,,,,
Gary Neibauer,1009486,119688,P,- - -,-0.0653556789700505,,-0.09000000000000001,-1.439568997579587,0.5932558178901672,0.0006939507438801,,,,,-38.63110932955237,0.1140727698802948,,,,,0.25,0.125,0.125,0.125,0.0,0.333333333,17,9,8,1,0,0,0,1,1,1,0,0,0,0,0,5,0.555555555,0.0,,,,,,,,,0.0,,,,,,,,36.0
Tug McGraw,1008545,118724,P,NYM,-0.0662191079016393,,-0.14,-2.9169121812445633,1.5820155143737793,0.0027758029755204,,,,,-11.098423588607716,0.146040607582439,,,,,0.281818181,0.1,0.181818181,0.1,0.0,0.125,54,24,20,1,0,0,0,2,2,2,0,0,0,2,0,4,0.166666666,0.083333333,,,,,,,,,0.0,,,,,,,,106.0
Juan Pizarro,1010382,120612,P,CHC,-0.0697405226478761,,-0.06,-2.7509582707090985,1.4501808881759644,0.0027758029755204,,,,,-14.30941795103626,0.1559823182496157,,,,,0.324675323,0.142857142,0.181818181,0.142857142,0.0,0.166666666,16,22,21,2,0,0,0,3,3,3,0,0,0,1,0,3,0.136363636,0.045454545,,,,,,,,,0.0,,,,,,,,59.1
Frank Fernandez,1003997,114075,C,CHC,-0.0699959238426557,,-0.09,-0.707132062553779,0.0137174203991889,0.0,,,,,-100.0,0.0,,,,,0.0,0.0,0.0,0.0,0.0,0.0,3,3,3,0,0,0,0,0,0,0,0,0,0,0,0,2,0.666666666,0.0,,,,,,,,,0.0,,,,,,,,2.0
Ron Hansen,1005329,115440,3B,KCR,-0.0733770391782318,,-0.06,-3.491733828144833,2.272976666688919,0.0041637044632807,,,,,-5.743948540267821,0.1574393026530742,,,,,0.345454545,0.133333333,0.212121212,0.133333333,0.0,0.166666666,16,33,30,2,2,0,0,4,4,4,0,0,0,3,1,6,0.181818181,0.09090909,,,,,,,,,2.0,,,,,,,,59.0
Bob Miller,1008877,119112,P,PIT,-0.0739165836493875,,-0.08,-1.120612656473146,0.3295865654945373,0.0,,,,,-100.0,0.0,,,,,0.0,0.0,0.0,0.0,0.0,0.0,36,5,4,0,0,0,0,0,0,0,0,0,0,0,0,1,0.2,0.0,,,,,,,,,0.0,,,,,,,,54.1
Clyde Mashore,1008210,118390,RF,MON,-0.074346098513017,,-0.24,-5.757946793677938,-1.2098801136016846,0.8809847285738215,,,,,69.98561040790878,0.2766356001863825,,,,,0.607895969,0.329545454,0.278350515,0.227272727,0.102272727,0.272058823,93,202,176,23,23,3,11,58,40,29,7,1,6,14,1,41,0.202970297,0.06930693,,,,,,,,,1.0,,,,,,,,414.6
Hank Webb,1013710,124014,P,NYM,-0.074518257532828,,-0.01,-1.1257458457341056,0.3295865654945373,0.0,,,,,-100.0,0.0,,,,,0.0,0.0,0.0,0.0,0.0,0.0,6,5,5,1,0,0,0,0,0,0,0,0,0,0,0,0,0.0,0.0,,,,,,,,,0.0,,,,,,,,18.1
Lowell Palmer,1009974,120197,P,STL,-0.0759122338274962,,-0.1,-1.1376385742416244,0.3295865654945373,0.0,,,,,-100.0,0.0,,,,,0.0,0.0,0.0,0.0,0.0,0.0,17,5,5,1,0,0,0,0,0,0,0,0,0,0,0,3,0.6,0.0,,,,,,,,,0.0,,,,,,,,36.2
Balor Moore,1009090,119286,P,MON,-0.0759673685213871,,-0.08,-6.430025356857859,3.8891212940216064,0.0069395074388012,,,,,0.3650234951478484,0.1690616453516072,,,,,0.353291535,0.163636363,0.189655172,0.145454545,0.018181818,0.216216216,22,59,55,1,4,0,1,9,8,7,1,0,0,3,0,18,0.305084745,0.050847457,,,,,,,,,0.0,,,,,,,,147.2
Jim Perry,1010213,120442,P,MIN,-0.0769564133924309,,-0.06,-8.078878151337639,5.273385047912598,0.0090213596704415,,,,,-0.9151867172423104,0.1672442921002706,,,,,0.35568075,0.169014084,0.186666666,0.154929577,0.014084507,0.189655172,35,80,71,3,1,0,1,12,11,10,1,0,0,3,0,14,0.175,0.0375,,,,,,,,,0.0,,,,,,,,217.2
Jim Tyrone,1013256,123540,LF,CHC,-0.0771480247576389,,-0.1,-1.6856854971631785,0.917695477604866,0.2000000029802322,,,,,-100.0,0.0,,,,,0.0,0.0,0.0,0.0,0.0,0.0,13,8,8,1,0,0,0,0,0,0,0,0,1,0,0,3,0.375,0.0,,,,,,,,,1.0,,,,,,,,15.0
Ron Allen,1000157,110163,1B,STL,-0.0788888657682349,,-0.16,-0.0929855924554343,-1.176040455698967,0.0020818522316403,,,,,93.79864660896392,0.3114781933171408,,,,,0.649350648,0.363636363,0.285714285,0.09090909,0.272727273,0.0,7,14,11,2,1,1,1,4,1,0,0,0,0,3,0,5,0.357142857,0.214285714,,,,,,,,,-1.0,,,,,,,,25.2
Tony Oliva,1009772,119980,LF,MIN,-0.079054381534068,,-0.13,0.522293636575669,-2.2962962687015533,0.0069395074388012,,,,,117.1472813500594,0.3341431021690368,,,,,0.723809523,0.357142857,0.366666666,0.321428571,0.035714286,0.391304347,10,30,28,1,1,0,1,10,9,8,1,0,0,2,0,5,0.166666666,0.066666666,,,,,,,,,-2.0,,,,,,,,54.0
Larry Haney,1005306,115418,C,OAK,-0.0794527010202004,,-0.08,-0.8497706336967359,0.0644718706607818,0.0,,,,,-100.0,0.0,,,,,0.0,0.0,0.0,0.0,0.0,0.0,5,4,4,0,0,0,0,0,0,0,0,0,0,0,0,1,0.25,0.0,,,,,,,,,0.0,,,,,,,,10.0
Larry Dierker,1003288,113352,P,HOU,-0.0805948784580899,,-0.09,-9.115463610971684,5.668889045715332,0.0104092611582018,,,,,3.0922167876785887,0.166082177311182,,,,,0.354166666,0.166666666,0.1875,0.166666666,0.0,0.24074074,31,86,78,2,4,0,0,13,13,13,0,0,0,1,0,24,0.279069767,0.011627906,,,,,,,,,0.0,,,,,,,,214.2
Joe Decker,1003127,113188,P,CHC,-0.0807079667470404,,0.13,-1.1785534375896316,0.3295865654945373,0.0,,,,,-100.0,0.0,,,,,0.0,0.0,0.0,0.0,0.0,0.0,5,5,2,1,0,0,0,0,0,0,0,0,0,0,0,0,0.0,0.0,,,,,,,,,0.0,,,,,,,,12.2
Tom Matchick,1008233,118413,3B,BAL,-0.0810053460060513,,-0.12,-0.9904669881833568,0.0576131641864776,-0.3467733190627768,,,,,28.60833729906095,0.2027960353427463,,,,,0.444444444,0.222222222,0.222222222,0.222222222,0.0,0.25,3,9,9,0,0,0,0,2,2,2,0,0,0,0,0,1,0.111111111,0.0,,,,,,,,,0.0,,,,,,,,21.0
Ron Stone,1012572,122826,RF,PHI,-0.0813290433021132,,-0.19,-4.0185135821982865,1.565157771110535,0.0111032119020819,,,,,42.50018205151848,0.2349753591322129,,,,,0.489417988,0.203703703,0.285714285,0.166666666,0.037037037,0.209302325,41,64,54,3,3,0,1,11,9,8,0,1,0,9,1,11,0.171875,0.140625,,,,,,,,,2.0,,,,,,,,80.0
Jim Lonborg,1007724,117886,P,MIL,-0.0816215859500018,,-0.02,-8.304237103402883,5.405219554901123,0.0097153104143217,,,,,-1.205578212386316,0.163031228601116,,,,,0.336708357,0.144927536,0.191780821,0.144927536,0.0,0.25,33,82,69,1,3,0,0,10,10,10,0,0,0,4,0,29,0.353658536,0.048780487,,,,,,,,,0.0,,,,,,,,223.0
Ron Klimkowski,1007001,117152,P,NYY,-0.084516735821981,,-0.09,-1.2777299855935886,0.3955038785934448,0.0,,,,,-100.0,0.0,,,,,0.0,0.0,0.0,0.0,0.0,0.0,16,6,6,0,0,0,0,0,0,0,0,0,0,0,0,3,0.5,0.0,,,,,,,,,0.0,,,,,,,,31.1
Ivan Murrell,1009401,119598,RF,SDP,-0.0858744195118958,,-0.08,-0.9078241084994492,-0.0493827126920223,0.0006939507438801,,,,,-18.52725327900084,0.130368879863194,,,,,0.285714284,0.142857142,0.142857142,0.142857142,0.0,0.25,5,7,7,0,1,0,0,1,1,1,0,0,0,0,0,3,0.428571428,0.0,,,,,,,,,0.0,,,,,,,,9.0
Jimmy Rosario,1011195,121446,CF,SFG,-0.0871371197104293,,-0.18,-0.8048303714986746,-0.0027434839867055,-0.3481612205505371,,,,,-100.0,0.0,,,,,0.0,0.0,0.0,0.0,0.0,0.0,7,2,2,1,0,0,0,0,0,0,0,0,0,0,0,0,0.0,0.0,,,,,,,,,0.0,,,,,,,,2.0
Ted Abernathy,1000020,110021,P,KCR,-0.0877199972228778,,-0.09,-1.3050586556184605,0.3955038785934448,0.0,,,,,-100.0,0.0,,,,,0.0,0.0,0.0,0.0,0.0,0.0,45,6,6,0,0,0,0,0,0,0,0,0,0,0,0,3,0.5,0.0,,,,,,,,,0.0,,,,,,,,58.1
Mike Jackson,1006306,116437,P,KCR,-0.0877199972228778,,-0.09,-1.3050586556184605,0.3955038785934448,0.0,,,,,-100.0,0.0,,,,,0.0,0.0,0.0,0.0,0.0,0.0,7,6,5,0,0,0,0,0,0,0,0,0,0,0,0,4,0.666666666,0.0,,,,,,,,,0.0,,,,,,,,19.2
Mike Adams,1000059,110065,LF,MIN,-0.0902227961504224,,-0.04,-0.0228863431591608,-1.054869681596756,0.0013879014877602,,,,,95.96163803695474,0.3041940530141194,,,,,0.666666666,0.333333333,0.333333333,0.333333333,0.0,0.4,3,6,6,0,0,0,0,2,2,2,0,0,0,0,0,1,0.166666666,0.0,,,,,,,,,-1.0,,,,,,,,10.0
Rafael Robles,1011081,121328,SS,SDP,-0.0908607641249239,,-0.11,-2.7425859666600094,1.3443072438240051,0.0027758029755204,,,,,-4.46505463439504,0.1520970265070597,,,,,0.333333332,0.166666666,0.166666666,0.166666666,0.0,0.19047619,18,24,24,1,0,0,0,4,4,4,0,0,0,0,0,3,0.125,0.0,,,,,,,,,1.0,,,,,,,,52.0
Joe Staton,1012438,122697,1B,DET,-0.0917985587153354,,-0.11,-0.7888931921716635,-0.0480109713971614,-0.3481612205505371,,,,,-100.0,0.0,,,,,0.0,0.0,0.0,0.0,0.0,0.0,6,2,2,1,0,0,0,0,0,0,0,0,0,0,0,1,0.5,0.0,,,,,,,,,0.0,,,,,,,,7.0
Mac Scarce,1011498,121749,P,PHI,-0.092470632826528,,-0.1,-1.3769052450645285,0.3955038785934448,0.0,,,,,-100.0,0.0,,,,,0.0,0.0,0.0,0.0,0.0,0.0,31,6,6,0,0,0,0,0,0,0,0,0,0,0,0,3,0.5,0.0,,,,,,,,,0.0,,,,,,,,36.2
Joe Hoerner,1005895,116017,P,- - -,-0.0944989095332489,,-0.1,-1.3942095165241075,0.3955038785934448,0.0,,,,,-100.0,0.0,,,,,0.0,0.0,0.0,0.0,0.0,0.0,40,6,5,0,0,0,0,0,0,0,0,0,0,0,0,5,0.833333333,0.0,,,,,,,,,0.0,,,,,,,,45.0
Ben Oglivie,1009746,119954,RF,BOS,-0.0972884529952402,,0.05,-0.989419950937743,-7.908092975616455,-0.1079120744252577,,,,,96.77689600426224,0.3109686959713587,,,,,0.68434464,0.391304347,0.293040293,0.241106719,0.150197628,0.286486486,94,273,253,27,30,8,20,99,61,41,10,2,1,18,2,61,0.223443223,0.065934065,,,,,,,,,-5.0,,,,,,,,529.3
Lloyd Allen,1000152,110154,P,CAL,-0.0988945394430824,,-0.09,-2.6993010194198304,1.3183462619781494,0.0013879014877602,,,,,-34.78927444518041,0.1073626069461598,,,,,0.235294116,0.117647058,0.117647058,0.117647058,0.0,0.222222222,42,20,17,0,0,0,0,2,2,2,0,0,0,0,0,8,0.4,0.0,,,,,,,,,0.0,,,,,,,,85.1
Nelson Briles,1001432,111468,P,PIT,-0.1004224578272307,,-0.07,-8.500635243937868,5.141550540924072,0.0083274089265614,,,,,0.3758312830502707,0.1623213340158331,,,,,0.349510762,0.171428571,0.178082191,0.157142857,0.014285714,0.282051282,28,78,70,6,4,0,1,12,11,10,1,0,0,2,0,32,0.41025641,0.025641025,,,,,,,,,0.0,,,,,,,,195.2
Gary Sutherland,1012739,122999,3B,HOU,-0.1013290331810779,,-0.1,-1.1430870906293065,0.0219478718936443,0.0006939507438801,,,,,-30.567654469120686,0.1140727698802948,,,,,0.25,0.125,0.125,0.125,0.0,0.125,5,8,8,0,1,0,0,1,1,1,0,0,0,0,0,0,0.0,0.0,,,,,,,,,0.0,,,,,,,,8.0
Dave Schneck,1011593,121844,RF,NYM,-0.1021363587020526,,-0.07,-5.863293535855674,0.9867398738861084,-0.3315064026974141,,,,,62.299825773051374,0.2594516015414035,,,,,0.570804513,0.31707317,0.253731343,0.186991869,0.130081301,0.212765957,37,134,123,7,10,3,8,39,23,15,3,2,0,10,2,26,0.19402985,0.074626865,,,,,,,,,2.0,,,,,,,,280.2
Ed Sprague Sr.,1012355,122613,P,CIN,-0.102672074973564,,-0.11,-1.561937448440628,0.4614211916923523,0.0,,,,,-100.0,0.0,,,,,0.0,0.0,0.0,0.0,0.0,0.0,33,7,7,0,0,0,0,0,0,0,0,0,0,0,0,5,0.714285714,0.0,,,,,,,,,0.0,,,,,,,,56.2
Fred Gladding,1004751,114839,P,HOU,-0.1032294864647084,,-0.12,-1.5666930124746132,0.4614211916923523,0.0,,,,,-100.0,0.0,,,,,0.0,0.0,0.0,0.0,0.0,0.0,42,7,5,0,2,0,0,0,0,0,0,0,0,0,0,4,0.571428571,0.0,,,,,,,,,0.0,,,,,,,,48.2
Richie Zisk,1014455,124780,LF,PIT,-0.1041924389133756,,-0.12,-0.9846039997722268,-1.4627341032028198,0.0076334581826813,,,,,79.40576626989302,0.2844341031529687,,,,,0.588452088,0.27027027,0.318181818,0.189189189,0.081081081,0.259259259,17,44,37,4,4,0,3,10,7,4,3,0,0,7,0,10,0.227272727,0.159090909,,,,,,,,,-1.0,,,,,,,,84.1
Brent Strom,1012627,122884,P,NYM,-0.1043255605459593,,-0.12,-1.5760441840277482,0.4614211916923523,0.0,,,,,-100.0,0.0,,,,,0.0,0.0,0.0,0.0,0.0,0.0,11,7,6,0,0,0,0,0,0,0,0,0,0,0,0,0,0.0,0.0,,,,,,,,,0.0,,,,,,,,30.1
Jim Slaton,1012054,122313,P,MIL,-0.1071625475982851,,-0.08,-2.2131653916219487,0.9228423833847046,0.0006939507438801,,,,,-57.84570065546346,0.0829620144583962,,,,,0.18181818,0.09090909,0.09090909,0.09090909,0.0,0.166666666,9,14,11,1,0,0,0,1,1,1,0,0,0,0,0,5,0.357142857,0.0,,,,,,,,,0.0,,,,,,,,44.0
Skip Lockwood,1007696,117858,P,MIL,-0.1086869310856398,,-0.14,-6.494006657543887,3.955038785934448,-0.3405277623678557,,,,,-2.3717749908756054,0.1613826364801641,,,,,0.325057927,0.132075471,0.192982456,0.132075471,0.0,0.170731707,31,60,53,3,0,0,0,7,7,7,0,0,0,3,0,12,0.2,0.05,,,,,,,,,0.0,,,,,,,,170.0
Jerry May,1008302,118473,C,KCR,-0.1097041283067148,,-0.16,-4.764986733060768,0.0164606571197509,0.0187366700847633,,,,,63.54932849974944,0.2553956275805831,,,,,0.552785144,0.275862068,0.276923076,0.189655172,0.086206896,0.205882352,53,131,116,10,4,1,7,32,22,15,5,1,0,14,2,13,0.099236641,0.106870229,,,,,,,,,-2.0,,,,,,,,294.0
Ray Lamb,1007278,117431,P,CLE,-0.1100943892619975,,-0.12,-3.4443059364879183,1.779767394065857,0.0034697537194006,,,,,-27.46354927909536,0.133435485454706,,,,,0.192307692,0.0,0.192307692,0.0,0.0,0.0,34,27,21,0,0,0,0,0,0,0,0,0,0,5,0,8,0.296296296,0.185185185,,,,,,,,,0.0,,,,,,,,107.2
Dave Lemonds,1007519,117672,P,CHW,-0.111187129021903,,-0.14,-3.5464077635881273,1.8456847667694092,0.0027758029755204,,,,,-26.52641387334391,0.1319850385189056,,,,,0.273846153,0.12,0.153846153,0.12,0.0,0.333333333,34,28,25,1,2,0,0,3,3,3,0,0,0,1,0,16,0.571428571,0.035714285,,,,,,,,,0.0,,,,,,,,94.2
Bob Gallagher,1004447,114541,,BOS,-0.1153038883245139,,-0.13,-1.1180254051079612,0.0,0.0,,,,,-100.0,0.0,,,,,0.0,0.0,0.0,0.0,0.0,0.0,7,5,5,0,0,0,0,0,0,0,0,0,0,0,0,3,0.6,0.0,,,,,,,,,,,,,,,,,
Bert Blyleven,1001098,111126,P,MIN,-0.1153760471679438,,0.16,-10.911690015129333,7.053152561187744,0.0104092611582018,,,,,-1.8903632274802016,0.1658657354613145,,,,,0.357934396,0.180851063,0.177083333,0.159574468,0.021276595,0.258620689,39,107,94,9,6,0,2,17,15,13,2,0,0,2,0,36,0.336448598,0.018691588,,,,,,,,,0.0,,,,,,,,287.1
Ken Boswell,1001223,111260,2B,NYM,-0.1165633217915063,,-0.5,-12.620073985586956,-1.794238805770874,-0.235948720423039,,,,,71.7259487605608,0.2740163355301588,,,,,0.591967148,0.318309859,0.273657289,0.211267605,0.107042254,0.209523809,100,400,355,35,33,9,19,113,75,56,9,1,2,32,1,35,0.0875,0.08,,,,,,,,,-4.0,,,,,,,,804.0
Mike Ryan,1011347,121598,C,PHI,-0.1172800387989792,,-0.38,-6.846048022578601,2.059896945953369,0.0152669163653627,,,,,46.89834672503142,0.2417711646392427,,,,,0.527822193,0.273584905,0.254237288,0.179245283,0.094339622,0.2125,46,118,106,6,10,2,6,29,19,13,4,0,0,10,2,25,0.211864406,0.084745762,,,,,,,,,0.0,,,,,,,,300.1
Enos Cabell,1001804,111847,1B,BAL,-0.1176357371519598,,-0.11,-1.0761912146200996,-0.0617283917963504,0.0,,,,,-100.0,0.0,,,,,0.0,0.0,0.0,0.0,0.0,0.0,3,5,5,0,1,0,0,0,0,0,0,0,0,0,0,0,0.0,0.0,,,,,,,,,0.0,,,,,,,,9.0
Bill Gogolewski,1004802,114890,P,TEX,-0.1195395327579539,,-0.09,-5.10213109843294,2.9003617763519287,0.0048576552071608,,,,,-15.857190662083063,0.1416819010462079,,,,,0.291666666,0.125,0.166666666,0.125,0.0,0.208333333,36,44,40,1,3,0,0,5,5,5,0,0,0,2,0,16,0.363636363,0.045454545,,,,,,,,,0.0,,,,,,,,150.2
Jim Beauchamp,1000732,110751,1B,NYM,-0.1215911363412998,,-0.23,-1.899021843631004,-3.6346614360809326,0.0208185223164036,,,,,86.61628996280506,0.2970240831375122,,,,,0.657442748,0.375,0.282442748,0.241666666,0.133333334,0.282352941,58,131,120,10,19,5,6,45,29,23,1,0,0,7,1,33,0.251908396,0.053435114,,,,,,,,,-2.0,,,,,,,,244.29999999999998
Sonny Ruberto,1011276,121526,C,CIN,-0.1216917507780267,,-0.13,-0.3751164391547978,-0.9382716082036496,0.0006939507438801,,,,,14.199170366933451,0.1822853982448578,,,,,0.25,0.0,0.25,0.0,0.0,0.0,2,4,3,0,0,0,0,0,0,0,0,0,0,0,0,1,0.25,0.0,,,,,,,,,-1.0,,,,,,,,9.0
Ken Forsch,1004234,114315,P,HOU,-0.1241646991330046,,-0.1,-5.861237133361445,3.2299482822418213,0.0048576552071608,,,,,-9.329079638357223,0.1468894637766338,,,,,0.313008129,0.146341463,0.166666666,0.146341463,0.0,0.3,30,49,41,2,0,0,0,6,6,6,0,0,0,1,0,21,0.428571428,0.020408163,,,,,,,,,0.0,,,,,,,,156.1
Tom Phoebus,1010301,120531,P,- - -,-0.1254977213579245,,-0.15,-2.834657780792649,1.1865116357803345,0.0013879014877602,,,,,-43.56534289756266,0.1073626069461598,,,,,0.235294116,0.117647058,0.117647058,0.117647058,0.0,0.2,39,18,17,0,0,0,0,2,2,2,0,0,0,0,0,7,0.388888888,0.0,,,,,,,,,0.0,,,,,,,,89.0
Fred Beene,1000774,110793,P,NYY,-0.1267751037329715,,-0.2,-1.9165949783903828,0.5932558178901672,0.0,,,,,-100.0,0.0,,,,,0.0,0.0,0.0,0.0,0.0,0.0,30,9,9,0,0,0,0,0,0,0,0,0,0,0,0,4,0.444444444,0.0,,,,,,,,,0.0,,,,,,,,57.2
Dave Goltz,1004818,114906,P,MIN,-0.1292375498985623,,-0.14,-4.257079322335911,2.2411885261535645,0.0034697537194006,,,,,-25.082750782538337,0.1330798556727747,,,,,0.264738597,0.103448275,0.161290322,0.103448275,0.0,0.25,15,34,29,0,1,0,0,3,3,3,0,0,0,2,0,17,0.5,0.058823529,,,,,,,,,0.0,,,,,,,,91.0
Bill Voss,1013458,123759,RF,- - -,-0.1292810475320555,,-0.45,-6.180844998977682,0.7379973419010639,-0.325260846002493,,,,,65.37685621133502,0.2547054592429137,,,,,0.559232884,0.283783783,0.275449101,0.195945945,0.087837838,0.22047244,78,169,148,12,9,1,10,42,29,19,8,1,0,16,3,22,0.130177514,0.094674556,,,,,,,,,2.0,,,,,,,,308.0
Mike Ferraro,1004006,114083,3B,MIL,-0.1299038027556997,,-0.6,-10.263242634305453,-2.4851386547088623,-1.6769626343157142,,,,,78.88992474026686,0.2762581020816603,,,,,0.606416734,0.322834645,0.283582089,0.254593175,0.06824147,0.277777777,124,406,381,19,29,2,21,123,97,76,18,1,0,17,1,41,0.100985221,0.041871921,,,,,,,,,-5.0,,,,,,,,913.2
Vicente Romo,1011177,121428,P,CHW,-0.1345141669712602,,-0.14,-1.9826209060532325,0.5932558178901672,0.0,,,,,-100.0,0.0,,,,,0.0,0.0,0.0,0.0,0.0,0.0,28,9,9,0,0,0,0,0,0,0,0,0,0,0,0,2,0.222222222,0.0,,,,,,,,,0.0,,,,,,,,51.2
Russ Gibson,1004673,114751,C,SFG,-0.135007433759279,,-0.22,-0.9489174033135588,-0.7668038606643677,0.0006939507438801,,,,,33.290875319353674,0.2191234131654103,,,,,0.499999999,0.333333333,0.166666666,0.166666666,0.166666667,0.25,5,13,12,0,3,0,1,4,2,1,0,1,0,0,0,4,0.307692307,0.0,,,,,,,,,-1.0,,,,,,,,34.0
Tom Hilgendorf,1005806,115928,P,CLE,-0.1365860098374304,,-0.14,-2.464192076580523,0.9228423833847046,0.0006939507438801,,,,,-75.7436231712458,0.065184439931597,,,,,0.148351647,0.076923076,0.071428571,0.076923076,0.0,0.333333333,19,14,13,0,1,0,0,1,1,1,0,0,0,0,0,11,0.785714285,0.0,,,,,,,,,0.0,,,,,,,,47.0
Jerry Bell,1000812,110827,P,MIL,-0.136973425526259,,-0.1,-2.5602763617708133,0.988759696483612,0.0006939507438801,,,,,-70.42137045214761,0.065184439931597,,,,,0.142857142,0.071428571,0.071428571,0.071428571,0.0,0.25,25,15,14,0,0,0,0,1,1,1,0,0,0,0,0,10,0.666666666,0.0,,,,,,,,,0.0,,,,,,,,70.2
Gary Gentry,1004614,114698,P,NYM,-0.1371236383735976,,-0.16,-6.559787118883648,3.625452041625977,0.0055516059510409,,,,,-9.012711933084525,0.149263336108281,,,,,0.298076923,0.125,0.173076923,0.104166666,0.020833334,0.25,32,55,48,2,3,0,1,6,5,4,1,0,0,4,0,28,0.509090909,0.072727272,,,,,,,,,0.0,,,,,,,,164.0
Tom Hall,1005262,115354,P,CIN,-0.1381413872170048,,-0.03,-4.608501192642669,2.3071060180664062,0.0034697537194006,,,,,-20.33756355490165,0.1289211101830005,,,,,0.25625,0.1,0.15625,0.1,0.0,0.1875,47,35,30,5,0,0,0,3,3,3,0,0,0,2,0,14,0.4,0.057142857,,,,,,,,,0.0,,,,,,,,124.1
Fred Scherman,1011554,121804,P,DET,-0.1403282729982566,,-0.13,-3.4239096752789613,1.5820155143737793,0.0020818522316403,,,,,-42.49046748576215,0.1095229931499647,,,,,0.221343872,0.09090909,0.130434782,0.09090909,0.0,0.142857142,57,24,22,1,0,0,0,2,2,2,0,0,0,1,0,8,0.333333333,0.041666666,,,,,,,,,0.0,,,,,,,,94.0
Marvin Lane,1007310,117466,CF,DET,-0.1410710356645018,,-0.21,-1.3221959148633793,-0.0425240024924278,0.0,,,,,-100.0,0.0,,,,,0.0,0.0,0.0,0.0,0.0,0.0,8,6,6,2,0,0,0,0,0,0,0,0,0,0,0,2,0.333333333,0.0,,,,,,,,,0.0,,,,,,,,13.0
Al Montreuil,1009076,119272,2B,CHC,-0.1429502996460535,,-0.13,-1.6886898142131952,0.0841336026787757,0.0013879014877602,,,,,-28.619887447848395,0.1338705569505691,,,,,0.257575756,0.09090909,0.166666666,0.09090909,0.0,0.142857142,5,12,11,0,0,0,0,1,1,1,0,0,0,1,0,4,0.333333333,0.083333333,,,,,,,,,0.0,,,,,,,,30.2
Pedro Borbon Sr.,1001195,111227,P,CIN,-0.14309981473639,,-0.06,-3.4748225060631523,1.516098141670227,0.0020818522316403,,,,,-38.0535580499602,0.10154731636462,,,,,0.178053829,0.047619047,0.130434782,0.047619047,0.0,0.09090909,62,23,21,0,1,0,0,1,1,1,0,0,0,1,0,10,0.434782608,0.04347826,,,,,,,,,0.0,,,,,,,,122.0
Pepe Mangual,1008058,118231,LF,MON,-0.148363939472001,,-0.1,-0.6604171356383252,-1.13717420399189,-0.3453854175750166,,,,,76.02515923180505,0.2859675834576289,,,,,0.606060605,0.272727272,0.333333333,0.272727272,0.0,0.5,8,12,11,2,0,0,0,3,3,3,0,0,0,1,0,5,0.416666666,0.083333333,,,,,,,,,-1.0,,,,,,,,25.0
Dock Ellis,1003747,113815,P,PIT,-0.1487628523671924,,-0.23,-7.24707808818208,4.020956039428711,0.0069395074388012,,,,,-8.600410155637586,0.1484517325957616,,,,,0.319209038,0.152542372,0.166666666,0.152542372,0.0,0.243243243,36,61,59,6,1,0,0,9,9,9,0,0,0,1,0,22,0.360655737,0.016393442,,,,,,,,,0.0,,,,,,,,163.1
Mike Tyson,1013258,123544,2B,STL,-0.1493977059072063,,-0.26,-3.670554584342213,1.3237311244010923,-0.3433035653433762,,,,,20.037812599975563,0.1975069532268925,,,,,0.426742531,0.216216216,0.210526315,0.189189189,0.027027027,0.25,13,38,37,1,0,0,1,8,7,6,1,0,0,1,0,9,0.236842105,0.026315789,,,,,,,,,1.0,,,,,,,,91.0
Gary Nolan,1009616,119822,P,CIN,-0.1504622509073128,,-0.09,-7.947565538257615,4.482377052307129,0.0069395074388012,,,,,-6.828454327284204,0.149794653058052,,,,,0.305208333,0.133333333,0.171875,0.116666666,0.016666667,0.194444444,25,68,60,5,2,0,1,8,7,6,1,0,0,4,0,24,0.352941176,0.058823529,,,,,,,,,0.0,,,,,,,,176.0
Luis Melendez,1008746,118932,CF,STL,-0.1507127493348446,,-0.1,-8.284250796792325,-4.991314053535461,-0.3329651033272967,,,,,79.82945869967484,0.2898937618167951,,,,,0.626816457,0.334337349,0.292479108,0.237951807,0.096385542,0.25170068,118,360,332,32,28,5,19,111,79,60,11,3,5,25,0,34,0.094444444,0.069444444,,,,,,,,,-3.0,,,,,,,,765.2
Scipio Spinks,1012345,122601,P,STL,-0.1523690952602932,,-0.19,-5.611871122285807,2.9003617763519287,-0.3433035653433762,,,,,-9.35095306134066,0.1520970265070597,,,,,0.333333332,0.166666666,0.166666666,0.166666666,0.0,0.333333333,21,44,42,4,1,0,0,7,7,7,0,0,0,0,0,21,0.477272727,0.0,,,,,,,,,0.0,,,,,,,,118.0
John Cumberland,1002871,112934,P,- - -,-0.1527022526003464,,-0.16,-2.7727582590148883,0.988759696483612,0.0006939507438801,,,,,-65.7397621082476,0.065184439931597,,,,,0.142857142,0.071428571,0.071428571,0.071428571,0.0,0.166666666,23,15,14,0,2,0,0,1,1,1,0,0,0,0,0,8,0.533333333,0.0,,,,,,,,,0.0,,,,,,,,46.2
Jerry Johnson,1006464,116596,P,SFG,-0.152770209067215,,-0.2,-2.2833457547406875,0.6591731309890747,0.0,,,,,-100.0,0.0,,,,,0.0,0.0,0.0,0.0,0.0,0.0,48,10,9,0,0,0,0,0,0,0,0,0,0,0,0,4,0.4,0.0,,,,,,,,,0.0,,,,,,,,73.1
Randy Moffitt,1009027,119222,P,SFG,-0.152770209067215,,-0.17,-2.2833457547406875,0.6591731309890747,0.0,,,,,-100.0,0.0,,,,,0.0,0.0,0.0,0.0,0.0,0.0,40,10,8,0,0,0,0,0,0,0,0,0,0,0,0,6,0.6,0.0,,,,,,,,,0.0,,,,,,,,70.2
Rick Reuschel,1010852,121089,P,CHC,-0.1545841483762616,,-0.08,-6.414756520661624,3.4277002811431885,0.0048576552071608,,,,,-12.742660623709238,0.1584031866944354,,,,,0.333003952,0.159090909,0.173913043,0.136363636,0.022727273,0.206896551,21,52,44,3,3,0,1,7,6,5,1,0,0,2,0,15,0.288461538,0.038461538,,,,,,,,,0.0,,,,,,,,129.0
Jim Rooker,1011183,121435,P,KCR,-0.1552487649601957,,-0.2,-3.272866875981252,1.384263515472412,0.0013879014877602,,,,,-55.633807918977176,0.0869125865754627,,,,,0.195238095,0.1,0.095238095,0.1,0.0,0.125,18,21,20,1,2,0,0,2,2,2,0,0,0,0,0,5,0.238095238,0.0,,,,,,,,,0.0,,,,,,,,72.0
Mike Kilkenny,1006901,117050,P,CLE,-0.156109916913217,,-0.15,-2.8163186519125807,1.0546770095825195,0.0006939507438801,,,,,-75.7436231712458,0.065184439931597,,,,,0.142857142,0.071428571,0.071428571,0.071428571,0.0,0.25,22,16,14,0,0,0,0,1,1,1,0,0,0,0,0,10,0.625,0.0,,,,,,,,,0.0,,,,,,,,64.1
Stan Bahnsen,1000414,110434,P,CHW,-0.1589477747198411,,-0.04,-10.355632040903105,6.393979072570801,0.0097153104143217,,,,,-6.665234966820308,0.1600617607857318,,,,,0.344125808,0.173913043,0.170212765,0.152173913,0.02173913,0.259259259,44,97,92,5,2,0,2,16,14,12,2,0,0,1,0,38,0.391752577,0.010309278,,,,,,,,,0.0,,,,,,,,252.1
Jerry Reuss,1010853,121090,P,HOU,-0.1593133638246091,,-0.25,-8.415072992598045,4.746046543121338,0.0069395074388012,,,,,-6.823322361228515,0.1507612240146583,,,,,0.30537772,0.136363636,0.169014084,0.106060606,0.03030303,0.269230769,33,72,66,5,1,0,2,9,7,5,2,0,0,5,0,40,0.555555555,0.069444444,,,,,,,,,0.0,,,,,,,,192.0
Johnny Jeter,1006405,116540,CF,SDP,-0.1600527794962565,,-0.19,-11.476157921919366,-1.0214909315109253,0.5105462850769982,,,,,68.45336728567035,0.2647666171280264,,,,,0.581846873,0.31595092,0.265895953,0.220858895,0.095092025,0.286343612,110,347,326,25,21,7,14,103,72,58,4,3,11,18,4,92,0.265129682,0.051873198,,,,,,,,,0.0,,,,,,,,744.2
Bill McNulty,1008672,118858,3B,OAK,-0.162311723659749,,-0.23,-0.9170542384280456,-0.936899870634079,0.0020818522316403,,,,,23.544392804556207,0.1916926006476084,,,,,0.35,0.1,0.25,0.1,0.0,0.111111111,4,12,10,0,0,0,0,1,1,1,0,0,0,2,0,1,0.083333333,0.166666666,,,,,,,,,-1.0,,,,,,,,23.0
Dave Giusti,1004748,114835,P,PIT,-0.1626164840286526,,-0.12,-2.4653478442409216,0.7250904440879822,0.0,,,,,-100.0,0.0,,,,,0.0,0.0,0.0,0.0,0.0,0.0,54,11,10,0,0,0,0,0,0,0,0,0,0,0,0,4,0.363636363,0.0,,,,,,,,,0.0,,,,,,,,74.2
Rickey Clark,1002304,112338,P,CAL,-0.1634610560507005,,-0.11,-4.456278666796595,2.1752712726593018,0.0027758029755204,,,,,-34.87753058884933,0.1072378437966108,,,,,0.221774193,0.096774193,0.125,0.096774193,0.0,0.176470588,27,33,31,0,0,0,0,3,3,3,0,0,0,1,0,14,0.424242424,0.03030303,,,,,,,,,0.0,,,,,,,,109.2
J.C. Martin,1008173,118344,C,CHC,-0.1635218750523775,,-0.51,-2.212425100377027,-1.3049863576889038,0.2090213626506738,,,,,61.20437867974896,0.2726621411063454,,,,,0.603571428,0.3,0.303571428,0.24,0.06,0.285714285,25,57,50,3,7,0,3,15,12,9,3,0,1,5,1,9,0.157894736,0.087719298,,,,,,,,,-2.0,,,,,,,,101.1
Tommy John,1006515,116550,P,LAD,-0.1656343762151549,,-0.41,-8.273004008238392,4.6142120361328125,0.0069395074388012,,,,,-8.02195424005788,0.1448543109591045,,,,,0.317460316,0.158730158,0.158730158,0.158730158,0.0,0.188679245,29,70,63,3,2,0,0,10,10,10,0,0,0,0,0,10,0.142857142,0.0,,,,,,,,,0.0,,,,,,,,186.2
Luke Walker,1013525,123827,P,PIT,-0.1665075242585869,,-0.1,-3.968521136592281,1.7138501405715942,0.0020818522316403,,,,,-39.46518684041579,0.1007611536979675,,,,,0.203333333,0.083333333,0.12,0.083333333,0.0,0.166666666,26,26,24,0,0,0,0,2,2,2,0,0,0,1,0,12,0.461538461,0.038461538,,,,,,,,,0.0,,,,,,,,92.2
Rudy May,1008310,118477,P,CAL,-0.1671936488480307,,-0.19,-7.642610907914595,4.416460037231445,0.0062455566949211,,,,,-13.954761604251232,0.1368152810977055,,,,,0.282878411,0.129032258,0.153846153,0.112903225,0.016129033,0.212121212,35,67,62,3,1,0,1,8,7,6,1,0,0,3,0,29,0.43283582,0.044776119,,,,,,,,,0.0,,,,,,,,205.1
Woodie Fryman,1004381,114466,P,- - -,-0.1678911369153076,,0.020000000000000018,-9.140586275904138,5.33930230140686,0.0076334581826813,,,,,-9.580115269270127,0.158400928179423,,,,,0.338082191,0.178082191,0.16,0.136986301,0.04109589,0.152542372,39,81,73,3,8,1,1,13,10,9,0,0,0,2,0,13,0.160493827,0.024691358,,,,,,,,,0.0,,,,,,,,233.1
Larry Howard,1006084,116209,C,HOU,-0.1681579044709631,,-0.58,-4.798245502906679,-3.1316874027252197,0.0277580297552049,,,,,74.81556091388757,0.2769051985433924,,,,,0.604583058,0.305732484,0.298850574,0.222929936,0.082802548,0.264,54,175,157,16,13,2,9,48,35,26,7,0,0,17,3,30,0.171428571,0.097142857,,,,,,,,,-6.0,,,,,,,,420.0
Jim Ray,1010726,120953,P,HOU,-0.1700768049688035,,-0.2,-3.1169863494343035,1.1205942630767822,0.0006939507438801,,,,,-67.48092591121096,0.0570363849401474,,,,,0.125,0.0625,0.0625,0.0625,0.0,0.142857142,54,17,16,0,0,0,0,1,1,1,0,0,0,0,0,9,0.529411764,0.0,,,,,,,,,0.0,,,,,,,,90.1
Mike Kekich,1006764,116909,P,NYY,-0.1733176640658048,,-0.21,-7.5092995873764465,4.284625053405762,0.0048576552071608,,,,,-15.392528744904558,0.1373724391904928,,,,,0.305084745,0.169491525,0.13559322,0.13559322,0.033898305,0.177777777,29,65,59,3,4,0,1,10,8,7,0,1,0,0,0,14,0.215384615,0.0,,,,,,,,,0.0,,,,,,,,175.1
Ken Suarez,1012662,122920,C,TEX,-0.1737403214602494,,-0.22,-3.76426125768752,1.4618195593357086,0.0034697537194006,,,,,-4.469173155656453,0.1577805529038111,,,,,0.348484847,0.181818181,0.166666666,0.151515151,0.03030303,0.161290322,25,36,33,2,4,0,1,6,5,4,1,0,0,1,0,4,0.111111111,0.027777777,,,,,,,,,1.0,,,,,,,,67.1
Frank Tepedino,1012917,123189,,NYY,-0.1744996391363083,,-0.18,-1.7036399807914515,0.0,0.0,,,,,-100.0,0.0,,,,,0.0,0.0,0.0,0.0,0.0,0.0,8,8,8,0,0,0,0,0,0,0,0,0,0,0,0,1,0.125,0.0,,,,,,,,,,,,,,,,,
Jimmy Stewart,1012522,122779,1B,HOU,-0.1749803729180732,,-0.27,-5.294765730293351,0.5802468657493591,-0.3356701071606949,,,,,56.868369173466554,0.2491741712810923,,,,,0.569642857,0.3125,0.257142857,0.21875,0.09375,0.233333333,68,105,96,14,9,0,7,30,21,14,5,2,0,6,2,9,0.085714285,0.057142857,,,,,,,,,1.0,,,,,,,,140.3
Burt Hooton,1006005,116131,P,CHC,-0.175283096567721,,-0.22,-9.43330479222978,5.339302062988281,0.0076334581826813,,,,,-6.441952903442129,0.1681386985276874,,,,,0.351608186,0.180555555,0.171052631,0.125,0.055555555,0.235294117,33,81,72,4,6,1,2,13,9,7,1,0,0,4,0,37,0.456790123,0.049382716,,,,,,,,,0.0,,,,,,,,218.1
Jim Driscoll,1003505,113569,2B,TEX,-0.1761380759328605,,-0.22,-3.8111908509093,2.0649289339780807,0.0006939507438801,,,,,-90.24819286138856,0.0365191854928669,,,,,0.1,0.0,0.1,0.0,0.0,0.0,15,20,18,0,0,0,0,0,0,0,0,0,0,2,1,3,0.15,0.1,,,,,,,,,2.0,,,,,,,,23.2
Joe Keough,1006856,117003,LF,KCR,-0.1799630750662186,,-0.05,-1.381864408676993,-2.4618200063705444,0.414572971581947,,,,,76.09099029542632,0.2731251267537679,,,,,0.574324324,0.25,0.324324324,0.21875,0.03125,0.245614035,56,75,64,8,5,0,2,16,14,12,2,0,2,8,1,7,0.093333333,0.106666666,,,,,,,,,-2.0,,,,,,,,91.2
Doyle Alexander,1000122,110124,P,BAL,-0.1826261278266498,,-0.01,-4.248669577170828,1.911602020263672,0.0020818522316403,,,,,-46.31150582009461,0.0968857247095841,,,,,0.195384615,0.08,0.115384615,0.08,0.0,0.111111111,35,29,25,1,0,0,0,2,2,2,0,0,0,1,0,7,0.24137931,0.034482758,,,,,,,,,0.0,,,,,,,,106.1
Joe Azcue,1000391,110410,C,- - -,-0.1828737816983388,,-0.11000000000000001,-2.288902032273313,0.2720623686909675,0.0013879014877602,,,,,-33.21521870379921,0.1140727698802948,,,,,0.301470588,0.125,0.176470588,0.125,0.0,0.2,14,17,16,0,0,0,0,2,2,2,0,0,0,1,1,6,0.352941176,0.058823529,,,,,,,,,0.0,,,,,,,,39.2
Ron Reed,1010773,121001,P,ATL,-0.183870591780163,,-0.07,-9.408570972156928,5.273385047912598,0.0083274089265614,,,,,-7.498051595258319,0.1638252353668212,,,,,0.365114154,0.191780821,0.173333333,0.178082191,0.01369863,0.24074074,31,80,73,5,5,0,1,14,13,12,1,0,0,0,0,21,0.2625,0.0,,,,,,,,,0.0,,,,,,,,213.0
Eddie Fisher,1004085,114166,P,- - -,-0.1886580934716418,,-0.12,-3.8362361637695392,1.5820154547691343,0.0013879014877602,,,,,-53.80906939866946,0.0760485132535298,,,,,0.166666666,0.083333333,0.083333333,0.083333333,0.0,0.125,49,24,24,1,1,0,0,2,2,2,0,0,0,0,0,8,0.333333333,0.0,,,,,,,,,0.0,,,,,,,,103.2
Rob Gardner,1004531,114613,P,NYY,-0.1965757717299834,,-0.23,-4.738797332776591,2.1752712726593018,0.0020818522316403,,,,,-43.40216779784391,0.0977766598973955,,,,,0.214285714,0.107142857,0.107142857,0.107142857,0.0,0.25,20,33,28,0,1,0,0,3,3,3,0,0,0,0,0,16,0.484848484,0.0,,,,,,,,,0.0,,,,,,,,97.0
Darrell Brandon,1001346,111386,P,PHI,-0.1967235877279202,,-0.26,-3.540320664403246,1.2524288892745972,0.0006939507438801,,,,,-70.19892555495761,0.0608388106028238,,,,,0.133333332,0.066666666,0.066666666,0.066666666,0.0,0.142857142,42,19,15,0,0,0,0,1,1,1,0,0,0,0,0,8,0.421052631,0.0,,,,,,,,,0.0,,,,,,,,104.1
Gary Ryerson,1011354,121603,P,MIL,-0.2014249054863048,,-0.29,-4.3162726319636455,1.8456847667694092,0.0020818522316403,,,,,-53.946927926334105,0.0884735079912038,,,,,0.157051281,0.041666666,0.115384615,0.041666666,0.0,0.052631578,20,28,24,0,0,0,0,1,1,1,0,0,0,2,0,5,0.178571428,0.071428571,,,,,,,,,0.0,,,,,,,,102.0
Mike Cuellar,1002853,112915,P,BAL,-0.2022942406163682,,-0.25,-10.447105840961434,6.196227073669434,0.0062455566949211,,,,,-11.003958042337713,0.1467981804376361,,,,,0.321839079,0.195402298,0.126436781,0.126436781,0.068965517,0.191489361,35,94,87,5,7,2,2,17,11,9,0,0,0,0,0,38,0.404255319,0.0,,,,,,,,,0.0,,,,,,,,248.1
Steve Stone,1012573,122830,P,SFG,-0.2032371257594265,,-0.22,-5.75185702007142,2.7026097774505615,0.0034697537194006,,,,,-28.19433267769434,0.124119804586683,,,,,0.2605042,0.117647058,0.142857142,0.117647058,0.0,0.210526315,27,41,34,2,0,0,0,4,4,4,0,0,0,1,0,15,0.365853658,0.024390243,,,,,,,,,0.0,,,,,,,,123.2
Adrian Garrett,1004543,114631,LF,OAK,-0.2058837101995552,,-0.13,-2.0568926744299665,-0.0219478718936443,0.0006939507438801,,,,,-71.15423535592255,0.0578220436970392,,,,,0.083333333,0.0,0.083333333,0.0,0.0,0.0,14,12,11,0,0,0,0,0,0,0,0,0,0,1,0,4,0.333333333,0.083333333,,,,,,,,,0.0,,,,,,,,4.0
Winston Llenas,1007679,117839,3B,CAL,-0.2082549647610871,,-0.33,-1.1859616064872118,-2.8847736716270447,0.011797162645962,,,,,82.6726943308692,0.2734125221984974,,,,,0.602355072,0.3125,0.289855072,0.265625,0.046875,0.293103448,44,69,64,3,7,0,3,20,17,14,3,0,0,3,0,8,0.115942028,0.04347826,,,,,,,,,-3.0,,,,,,,,84.0
Lee Richard,1010915,121146,CF,CHW,-0.2102524855818048,,-0.25,-1.656510673355091,-1.063100129365921,0.2048576581873931,,,,,35.931421068274275,0.2202784521826382,,,,,0.48275862,0.24137931,0.24137931,0.24137931,0.0,0.318181818,11,29,29,5,1,0,0,7,7,7,0,0,1,0,0,7,0.24137931,0.0,,,,,,,,,-1.0,,,,,,,,52.0
Bobby Knoop,1007049,117202,2B,KCR,-0.2105090332704129,,-0.43,-2.7554303885753275,-2.3552812337875366,0.0180427193408831,,,,,74.12675208137416,0.270348384695233,,,,,0.587725213,0.288659793,0.29906542,0.237113402,0.051546391,0.280487804,44,107,97,8,7,0,5,28,23,18,5,0,0,9,1,16,0.14953271,0.084112149,,,,,,,,,-3.0,,,,,,,,235.0
Jim Colborn,1002409,112460,P,MIL,-0.211439741319457,,-0.24,-5.515062858788953,2.636692523956299,0.0020818522316403,,,,,-37.67819145153888,0.1114717800366251,,,,,0.240398292,0.135135135,0.105263157,0.081081081,0.054054054,0.15,39,40,37,0,0,0,1,5,3,2,0,1,0,1,0,17,0.425,0.025,,,,,,,,,0.0,,,,,,,,147.2
Wayne Comer,1002483,112537,LF,DET,-0.2127972521771292,,-0.27,-1.9044018693144893,-0.1796981990337371,-0.347467269806657,,,,,-55.41077937679218,0.0912582159042358,,,,,0.211111111,0.111111111,0.1,0.111111111,0.0,0.111111111,27,10,9,1,1,0,0,1,1,1,0,0,0,0,0,1,0.1,0.0,,,,,,,,,0.0,,,,,,,,35.0
Tom Murphy,1009376,119572,P,- - -,-0.2133489185519639,,-0.22,-3.675770116747718,1.3183462023735046,0.0006939507438801,,,,,-82.95262696365607,0.0462576349576314,,,,,0.066666666,0.0,0.066666666,0.0,0.0,0.0,27,20,14,3,0,0,0,0,0,0,0,0,0,1,0,4,0.2,0.05,,,,,,,,,0.0,,,,,,,,80.1
Pat Dobson,1003345,113410,P,BAL,-0.2142200624183111,,-0.29,-10.548851158627198,6.196227073669434,0.0076334581826813,,,,,-12.0991279162076,0.1452499953813331,,,,,0.315868672,0.164705882,0.15116279,0.14117647,0.023529412,0.260869565,38,94,85,3,3,0,2,14,12,10,2,0,0,1,0,39,0.414893617,0.010638297,,,,,,,,,0.0,,,,,,,,268.1
Tom Silverio,1011975,122235,LF,CAL,-0.2143106556250186,,-0.24,-1.2385988283522062,-1.0589849054813385,0.0013879014877602,,,,,-3.1446151528706765,0.1520970265070597,,,,,0.333333332,0.166666666,0.166666666,0.166666666,0.0,0.285714285,13,12,12,1,0,0,0,2,2,2,0,0,0,0,0,5,0.416666666,0.0,,,,,,,,,-1.0,,,,,,,,13.0
Mike McQueen,1008680,118865,P,ATL,-0.2143621249121263,,-0.19,-4.082797914956581,1.516098141670227,0.0013879014877602,,,,,-62.16620464471156,0.0793549703515094,,,,,0.173913042,0.086956521,0.086956521,0.086956521,0.0,0.133333333,23,23,23,2,2,0,0,2,2,2,0,0,0,0,0,8,0.347826086,0.0,,,,,,,,,0.0,,,,,,,,78.0
Don Sutton,1012745,123006,P,LAD,-0.2145837350866891,,-0.28,-12.12056167056098,6.9213175773620605,0.0111032119020819,,,,,-5.514902471486361,0.1487280713750961,,,,,0.313069907,0.142857142,0.170212765,0.142857142,0.0,0.19402985,33,105,91,4,1,0,0,13,13,13,0,0,0,2,0,24,0.228571428,0.019047619,,,,,,,,,0.0,,,,,,,,272.2
Al Downing,1003450,113515,P,LAD,-0.2167324170984813,,-0.28,-9.002942616248516,4.8119635581970215,0.0048576552071608,,,,,-12.68823682175574,0.1376442242024549,,,,,0.300995024,0.166666666,0.134328358,0.121212121,0.045454545,0.205128205,31,73,66,2,2,0,2,11,8,6,1,1,0,1,0,27,0.369863013,0.01369863,,,,,,,,,0.0,,,,,,,,202.2
Eddie Leon,1007539,117682,SS,CLE,-0.2199154989111167,,-0.43,-11.904669763104552,3.433012008666992,-0.6560732979560271,,,,,55.26624199798144,0.2503863162090701,,,,,0.536171351,0.271111111,0.26506024,0.2,0.071111111,0.231638418,89,251,225,14,16,4,7,61,45,38,2,1,0,20,1,47,0.187250996,0.079681274,,,,,,,,,1.0,,,,,,,,501.1
Joe Goddard,1004794,114882,C,SDP,-0.2199568013875743,,-0.25,-1.3595319261664949,-2.304986357688904,0.0069395074388012,,,,,70.28785796429331,0.2676011726260185,,,,,0.557142857,0.257142857,0.3,0.2,0.057142857,0.269230769,12,42,35,0,2,0,2,9,7,5,2,0,0,5,0,9,0.214285714,0.119047619,,,,,,,,,-3.0,,,,,,,,101.1
Mike Caldwell,1001830,111875,P,SDP,-0.227726839465414,,-0.2,-7.332769612645212,3.625452041625977,0.0048576552071608,,,,,-21.836005901261032,0.1252563747705198,,,,,0.277254901,0.14,0.137254901,0.14,0.0,0.225806451,42,55,50,1,3,0,0,7,7,7,0,0,0,0,0,20,0.363636363,0.0,,,,,,,,,0.0,,,,,,,,163.2
Paul Jata,1006368,116502,1B,DET,-0.2294582108893356,,-0.19,-3.180864047321502,-0.979423761367798,-0.3328943041851744,,,,,65.33172067397516,0.261945648693744,,,,,0.553053052,0.256756756,0.296296296,0.229729729,0.027027027,0.283333333,32,82,74,8,3,0,2,19,17,15,2,0,0,7,0,14,0.170731707,0.085365853,,,,,,,,,0.0,,,,,,,,158.0
Gail Hopkins,1006015,116140,1B,KCR,-0.2369032648956294,,-0.15,-3.5292529015869833,-0.5871055722236633,0.0131850641337223,,,,,54.666586729789266,0.2428385545681049,,,,,0.521487901,0.239436619,0.282051282,0.211267605,0.028169014,0.223880597,53,78,71,1,5,0,2,17,15,13,2,0,0,7,1,4,0.051282051,0.089743589,,,,,,,,,0.0,,,,,,,,87.0
Sam McDowell,1008476,118659,P,SFG,-0.2409840661416953,,-0.24,-8.327860105174736,4.218708038330078,0.0041637044632807,,,,,-18.892161879516543,0.1384930143753687,,,,,0.302824858,0.169491525,0.133333333,0.118644067,0.050847458,0.184210526,28,64,59,3,4,0,2,10,7,5,1,1,0,1,0,21,0.328125,0.015625,,,,,,,,,0.0,,,,,,,,164.1
Chico Salmon,1011386,121639,3B,BAL,-0.241670105221028,,-0.25,-2.4970865690499684,0.005486967973411,0.0,,,,,-55.7845501306104,0.083494171500206,,,,,0.1875,0.125,0.0625,0.0625,0.0625,0.083333333,17,16,16,2,0,0,1,2,1,0,1,0,0,0,0,4,0.25,0.0,,,,,,,,,0.0,,,,,,,,9.0
Dennis Paepke,1009947,120166,C,KCR,-0.2419536458090732,,-0.28,-1.5225684315548706,-0.876543216407299,0.0,,,,,-100.0,0.0,,,,,0.142857142,0.0,0.142857142,0.0,0.0,0.0,2,7,6,0,0,0,0,0,0,0,0,0,0,1,1,2,0.285714285,0.142857142,,,,,,,,,-1.0,,,,,,,,18.0
Tom Kelley,1006782,116929,P,ATL,-0.2427856861273797,,-0.24,-5.795270698061044,2.5048577785491943,0.0034697537194006,,,,,-39.35827746140136,0.1145965423848894,,,,,0.227124182,0.088235294,0.138888888,0.088235294,0.0,0.142857142,27,38,34,1,0,0,0,3,3,3,0,0,0,2,0,13,0.342105263,0.052631578,,,,,,,,,0.0,,,,,,,,116.1
Bruce Dal Canton,1002936,113002,P,KCR,-0.2436525334466657,,-0.18,-6.43933987165782,3.098113536834717,0.0027758029755204,,,,,-36.81743028579544,0.1135123272736867,,,,,0.240998838,0.121951219,0.119047619,0.097560975,0.024390244,0.148148148,35,47,41,3,0,0,1,5,4,3,1,0,0,1,0,14,0.29787234,0.021276595,,,,,,,,,0.0,,,,,,,,132.1
Mickey Rivers,1011005,121253,CF,CAL,-0.2442197164101503,,0.12,-6.933698148577421,0.2693183422088623,-0.2208893244387582,,,,,61.9282903618102,0.2440872303026165,,,,,0.532681939,0.276729559,0.25595238,0.213836477,0.062893082,0.255639097,58,176,159,18,7,0,8,44,34,26,6,2,4,8,1,26,0.147727272,0.045454545,,,,,,,,,1.0,,,,,,,,352.2
Rich Morales,1009140,119334,SS,CHW,-0.2448833981737975,,-0.16,-15.871708099517427,5.602194309234619,-0.5966010543634184,,,,,50.81492511399996,0.2413184927268461,,,,,0.519130043,0.257839721,0.261290322,0.205574912,0.052264809,0.240506329,110,310,287,24,20,2,10,74,59,49,7,1,2,19,2,49,0.158064516,0.061290322,,,,,,,,,1.0,,,,,,,,752.0
Gene Hiser,1005857,115978,RF,CHC,-0.2484638810303598,,-0.29,-3.3427074417625606,-0.4773662090301513,0.210409264138434,,,,,38.77676146858193,0.2380082034147702,,,,,0.484113711,0.195652173,0.288461538,0.195652173,0.0,0.236842105,32,53,46,2,4,0,0,9,9,9,0,0,1,6,0,8,0.150943396,0.113207547,,,,,,,,,0.0,,,,,,,,99.0
Lute Barnes,1000569,110584,2B,NYM,-0.250803501768547,,-0.31,-2.7347169649980705,-2.3799726366996765,-0.3356701071606949,,,,,72.2671606983801,0.2748525868623684,,,,,0.610583684,0.319444444,0.29113924,0.236111111,0.083333333,0.246376811,24,79,72,5,6,0,4,23,17,13,2,2,0,6,1,4,0.050632911,0.075949367,,,,,,,,,-3.0,,,,,,,,160.0
Jim Qualls,1010587,120822,CF,CHW,-0.2508429265332353,,-0.21,-2.4232033296206175,-0.0123456781730055,0.0,,,,,-100.0,0.0,,,,,0.0,0.0,0.0,0.0,0.0,0.0,11,11,10,0,0,0,0,0,0,0,0,0,0,0,0,2,0.181818181,0.0,,,,,,,,,0.0,,,,,,,,9.0
Don Mason,1008217,118397,2B,SDP,-0.2517814127580322,,-0.3,-0.8788737566697633,-1.947873804718256,0.0020818522316403,,,,,32.95668583118681,0.209919070204099,,,,,0.431818181,0.181818181,0.25,0.181818181,0.0,0.2,9,12,11,1,0,0,0,2,2,2,0,0,0,1,0,1,0.083333333,0.083333333,,,,,,,,,-2.0,,,,,,,,19.0
Mike Fiore,1004062,114142,1B,- - -,-0.2536163835480401,,-0.32,-2.7449979640046474,-0.0603566467761993,0.0020818522316403,,,,,-24.421358801093284,0.1277950670984056,,,,,0.273026315,0.0625,0.210526315,0.0625,0.0,0.1,24,20,16,0,1,0,0,1,1,1,0,0,0,3,1,6,0.3,0.15,,,,,,,,,0.0,,,,,,,,9.0
Rich Gossage,1004894,114989,P,CHW,-0.254082322376567,,-0.28,-3.744950600322772,1.1205942630767822,0.0,,,,,-100.0,0.0,,,,,0.0,0.0,0.0,0.0,0.0,0.0,36,17,16,0,0,0,0,0,0,0,0,0,0,0,0,11,0.647058823,0.0,,,,,,,,,0.0,,,,,,,,80.0
Cleon Jones,1006540,116674,LF,NYM,-0.2568582258040701,,-0.76,-9.757077138693704,-5.894834995269775,-1.818878295191098,,,,,82.5314614587629,0.2907124276849052,,,,,0.635751411,0.330666666,0.305084745,0.245333333,0.085333333,0.298969072,106,415,375,39,52,5,21,124,92,71,15,1,1,30,4,83,0.2,0.072289156,,,,,,,,,-1.0,,,,,,,,878.2
Byron Browne,1001500,111603,RF,PHI,-0.2578004269408218,,-0.34,-1.9665565012096429,-1.0855052024126053,0.0034697537194006,,,,,18.22283905290788,0.1974633254788138,,,,,0.417748917,0.19047619,0.227272727,0.19047619,0.0,0.307692307,21,22,21,2,0,0,0,4,4,4,0,0,0,1,0,8,0.363636363,0.045454545,,,,,,,,,-1.0,,,,,,,,23.1
Terrance McDermott,1008451,118633,1B,LAD,-0.2581439112466859,,-0.25,-2.7003913338395007,-0.3360767960548401,0.0034697537194006,,,,,5.028406811675205,0.1650190210342407,,,,,0.330434782,0.130434782,0.2,0.130434782,0.0,0.2,9,26,23,2,0,0,0,3,3,3,0,0,0,2,0,8,0.307692307,0.076923076,,,,,,,,,0.0,,,,,,,,49.0
Randy Elliott,1003743,113812,RF,SDP,-0.2582701277569029,,-0.4,-2.4048034757144117,-1.58161860704422,0.0055516059510409,,,,,56.83879658549866,0.2468204124301087,,,,,0.541416565,0.306122448,0.235294117,0.204081632,0.102040816,0.263157894,14,51,49,5,6,0,4,15,10,6,3,1,0,2,0,11,0.215686274,0.039215686,,,,,,,,,-1.0,,,,,,,,106.0
Art Shamsky,1011786,122043,1B,- - -,-0.2617502983574977,,-0.21000000000000002,-2.913529004909748,-0.1440329104661941,0.0041637044632807,,,,,-2.4867722483999284,0.1703934227978741,,,,,0.309178743,0.086956521,0.222222222,0.086956521,0.0,0.111111111,23,27,23,1,1,0,0,2,2,2,0,0,0,4,0,5,0.185185185,0.148148148,,,,,,,,,0.0,,,,,,,,21.0
Earl Stephenson,1012492,122750,P,MIL,-0.2619283594261449,,-0.18,-3.9046682789290887,1.1865116357803345,0.0,,,,,-100.0,0.0,,,,,0.0,0.0,0.0,0.0,0.0,0.0,35,18,18,0,0,0,0,0,0,0,0,0,0,0,0,11,0.611111111,0.0,,,,,,,,,0.0,,,,,,,,80.1
Bill Sudakis,1012668,122926,1B,NYM,-0.2669201550895513,,-0.17,-4.000617249087788,-0.0731597915291786,0.0083274089265614,,,,,34.623038856030725,0.2166869315234097,,,,,0.440445268,0.204081632,0.236363636,0.142857142,0.06122449,0.176470588,18,56,49,3,7,1,1,10,7,6,0,0,0,6,0,14,0.25,0.107142857,,,,,,,,,0.0,,,,,,,,106.2
Al Santorini,1011444,121699,P,STL,-0.269653237031055,,-0.36,-6.808479230583985,3.032196283340454,0.0041637044632807,,,,,-35.25100203913302,0.112077675586523,,,,,0.214534883,0.075,0.139534883,0.075,0.0,0.111111111,30,46,40,2,1,0,0,3,3,3,0,0,0,3,0,13,0.282608695,0.065217391,,,,,,,,,0.0,,,,,,,,133.2
Walt Williams,1014044,124344,RF,CHW,-0.2702647418118287,,0.0,-4.62607582321851,-4.3127570152282715,0.8913939897320233,,,,,76.66333826385988,0.2778590586450364,,,,,0.606103783,0.316742081,0.289361702,0.248868778,0.067873303,0.265,77,236,221,22,11,2,10,70,55,45,7,1,6,13,1,20,0.084745762,0.055084745,,,,,,,,,-2.0,,,,,,,,423.0
Al Gallagher,1004445,114531,3B,SFG,-0.2725114012281879,,-0.7,-9.287382291283317,-2.4151798486709595,0.1045790419448167,,,,,68.6968221352139,0.2738307618469781,,,,,0.587729439,0.270386266,0.317343173,0.223175965,0.047210301,0.25510204,82,274,233,19,18,2,6,63,52,46,3,1,2,33,4,39,0.142335766,0.120437956,,,,,,,,,-4.0,,,,,,,,577.2
Joe Nolan,1009617,119823,C,NYM,-0.2735257569936778,,-0.31,-1.9842216339547916,-0.8491083830595016,0.0006939507438801,,,,,-64.79045477710267,0.0630785931240428,,,,,0.09090909,0.0,0.09090909,0.0,0.0,0.0,4,11,10,0,0,0,0,0,0,0,0,0,0,1,0,3,0.272727272,0.09090909,,,,,,,,,-1.0,,,,,,,,22.0
Jack Heidemann,1005586,115701,SS,CLE,-0.2747903722842916,,-0.32,-1.6674174998582505,-1.588477402925491,0.0041637044632807,,,,,27.45451114747991,0.2110703095145847,,,,,0.410869565,0.15,0.260869565,0.15,0.0,0.176470588,10,23,20,0,0,0,0,3,3,3,0,0,0,2,0,3,0.130434782,0.086956521,,,,,,,,,-2.0,,,,,,,,60.0
Ernie McAnally,1008325,118506,P,MON,-0.2761474198871605,,-0.33,-8.333861330735935,4.020956039428711,0.0048576552071608,,,,,-24.8395513394825,0.1301169033561434,,,,,0.274932613,0.132075471,0.142857142,0.113207547,0.018867924,0.162162162,29,61,53,4,3,0,1,7,6,5,1,0,0,2,0,17,0.278688524,0.032786885,,,,,,,,,0.0,,,,,,,,170.0
Elrod Hendricks,1005641,115757,C,- - -,-0.2764487487600631,,-0.41000000000000003,-10.004635316525777,3.363964021205902,-0.6768918202724308,,,,,41.315176129501,0.2280816320715279,,,,,0.509392207,0.228346456,0.281045751,0.141732283,0.086614173,0.161616161,50,154,127,13,10,2,7,29,18,11,5,0,0,25,8,27,0.175324675,0.162337662,,,,,,,,,1.0,,,,,,,,344.2
Mike Andrews,1000258,110270,2B,CHW,-0.2817540574841424,,-0.4,-10.59653069935327,-9.887050867080688,-0.1887600698391907,,,,,82.74273414399835,0.2864531864397702,,,,,0.610385866,0.297029702,0.313356164,0.21980198,0.077227722,0.243559718,148,602,505,58,50,7,25,150,111,86,18,0,2,70,3,78,0.129568106,0.116279069,,,,,,,,,-13.0,,,,,,,,1232.2
Dave Hilton,1005836,115959,3B,SDP,-0.2859985431939951,,-0.28,-1.829441782593186,-2.687242835760117,0.2069395104190334,,,,,63.535386181999584,0.2571676194667816,,,,,0.55787234,0.29787234,0.26,0.212765957,0.085106383,0.243902439,13,51,47,2,5,0,3,14,10,7,2,1,1,3,0,6,0.117647058,0.058823529,,,,,,,,,-3.0,,,,,,,,114.0
Roger Metzger,1008812,119001,SS,HOU,-0.2889159529172826,,-0.1,-27.99696725905589,1.419271469116211,1.5949299712083302,,,,,62.20368463111539,0.2574180113508346,,,,,0.546505768,0.258970358,0.28753541,0.221528861,0.037441497,0.244755244,153,715,641,84,38,2,17,166,142,125,12,3,23,60,1,71,0.099300699,0.083916083,,,,,,,,,-8.0,,,,,,,,1373.1
Jeff Burroughs,1001731,111773,LF,TEX,-0.2902906015484401,,-0.38,-4.351380404581054,0.1412895321846008,-0.6859131799428724,,,,,47.73125543880703,0.2315736012799399,,,,,0.489010988,0.246153846,0.242857142,0.184615384,0.061538462,0.261904761,22,70,65,4,3,1,2,16,12,10,1,0,0,5,0,22,0.314285714,0.071428571,,,,,,,,,1.0,,,,,,,,155.0
Mick Kelleher,1006779,116918,SS,STL,-0.2973572611029345,,-0.2,-5.25095488846154,0.2894375324249267,0.0090213596704415,,,,,32.3437176321101,0.2165213702381521,,,,,0.454106279,0.222222222,0.231884057,0.158730158,0.063492064,0.208333333,23,71,63,5,1,0,3,14,10,7,2,1,0,6,0,15,0.211267605,0.084507042,,,,,,,,,-1.0,,,,,,,,188.0
Luis Tiant,1013054,123331,P,BOS,-0.2982630411113225,,-0.32,-8.20415690924927,4.020956039428711,0.0048576552071608,,,,,-34.32967363265833,0.1256301135852419,,,,,0.262931034,0.125,0.137931034,0.107142857,0.017857143,0.157894736,43,61,56,3,4,0,1,7,6,5,1,0,0,2,0,18,0.295081967,0.032786885,,,,,,,,,0.0,,,,,,,,179.0
Roger Nelson,1009511,119713,P,KCR,-0.3005068915837301,,-0.36,-8.22330035134501,4.020956039428711,0.0055516059510409,,,,,-34.65428634773458,0.1165702520755299,,,,,0.232943469,0.092592592,0.140350877,0.092592592,0.0,0.142857142,34,61,54,2,0,0,0,5,5,5,0,0,0,3,0,19,0.311475409,0.049180327,,,,,,,,,0.0,,,,,,,,173.1
George Hendrick,1005642,115754,CF,OAK,-0.301464710886373,,-0.2,-6.193877107070217,0.3036121129989624,-0.082443417282775,,,,,52.71056098998744,0.2329233054100997,,,,,0.510509532,0.305785123,0.204724409,0.181818181,0.123966942,0.18556701,58,129,121,10,15,4,6,37,22,16,1,1,3,3,0,22,0.170542635,0.023255813,,,,,,,,,1.0,,,,,,,,259.2
Wayne Twitchell,1013244,123528,P,PHI,-0.3053540506911777,,-0.24,-5.54508606466702,1.977519392967224,0.0013879014877602,,,,,-68.84119603065086,0.0629367006236109,,,,,0.140394088,0.071428571,0.068965517,0.071428571,0.0,0.2,49,30,28,0,1,0,0,2,2,2,0,0,0,0,0,19,0.633333333,0.0,,,,,,,,,0.0,,,,,,,,139.2
Barry Lersch,1007555,117707,P,PHI,-0.3121648487264382,,-0.31,-5.0152017535978715,1.5820155143737793,0.0006939507438801,,,,,-90.862211527063,0.0289110218485196,,,,,0.041666666,0.0,0.041666666,0.0,0.0,0.0,37,24,23,1,0,0,0,0,0,0,0,0,0,1,0,11,0.458333333,0.041666666,,,,,,,,,0.0,,,,,,,,100.2
Vida Blue,1001094,111119,P,OAK,-0.3122132314676795,,-0.21,-7.488161830752442,3.4277002811431885,-0.3433035653433762,,,,,-37.15165190068735,0.1058897387981414,,,,,0.184444444,0.044444444,0.14,0.044444444,0.0,0.181818181,27,52,45,4,0,0,0,2,2,2,0,0,0,5,0,34,0.653846153,0.096153846,,,,,,,,,0.0,,,,,,,,151.0
Ray Corbin,1002614,112669,P,MIN,-0.3161235987729169,,-0.21,-7.614302167965902,3.493617534637451,0.0034697537194006,,,,,-43.47058344077634,0.1070859268599865,,,,,0.219687874,0.102040816,0.117647058,0.081632653,0.020408163,0.133333333,34,53,49,1,2,0,1,5,4,3,1,0,0,2,0,19,0.358490566,0.037735849,,,,,,,,,0.0,,,,,,,,161.2
Cito Gaston,1004566,114650,RF,SDP,-0.3185601748203254,,-0.49,-1.911586023108784,-15.350249290466309,-0.6248455144814216,,,,,97.084126874985,0.3090053139779335,,,,,0.674132658,0.361477572,0.312655086,0.269129287,0.092348285,0.320945945,111,403,379,30,44,7,21,137,102,81,14,0,0,22,2,76,0.188585607,0.05459057,,,,,,,,,-11.0,,,,,,,,827.1
Dick Drago,1003475,113540,P,KCR,-0.327159475337672,,-0.25,-10.58460505173714,5.537054061889648,0.0090213596704415,,,,,-25.88562360996776,0.1289660574553849,,,,,0.227654697,0.058823529,0.168831168,0.058823529,0.0,0.125,35,84,68,4,5,0,0,4,4,4,0,0,0,8,0,36,0.428571428,0.095238095,,,,,,,,,0.0,,,,,,,,239.1
Darrell Porter,1010450,120678,C,MIL,-0.3277429487296431,,-0.41,-4.746392206743077,0.111111044883728,0.0076334581826813,,,,,24.676283361912205,0.1996190788284425,,,,,0.40610599,0.196428571,0.209677419,0.125,0.071428571,0.176470588,18,63,56,2,2,1,2,11,7,5,1,0,0,5,0,21,0.333333333,0.079365079,,,,,,,,,-1.0,,,,,,,,162.0
Hank Allen,1000143,110145,3B,CHW,-0.3320624183696402,,-0.37,-2.6838578194325025,-0.8600823134183884,0.0020818522316403,,,,,-27.66966755863396,0.130368879863194,,,,,0.285714284,0.142857142,0.142857142,0.142857142,0.0,0.157894736,9,21,21,1,0,0,0,3,3,3,0,0,0,0,0,2,0.095238095,0.0,,,,,,,,,-1.0,,,,,,,,51.0
Syd O'Brien,1009702,119906,3B,- - -,-0.3357570436279518,,-0.22,-3.851645878527272,-2.381344377994538,-0.3335882549290545,,,,,67.78284258297633,0.2577010708035163,,,,,0.553686053,0.298969072,0.254716981,0.195876288,0.103092784,0.232876712,67,109,97,15,6,2,6,29,19,13,4,0,0,8,0,23,0.211009174,0.073394495,,,,,,,,,-3.0,,,,,,,,186.3
Bill Mazeroski,1008316,118497,2B,PIT,-0.3471503708005727,,-0.56,-5.600778625307127,0.3292180895805359,0.0069395074388012,,,,,28.872691437752664,0.2063531367217793,,,,,0.467391304,0.25,0.217391304,0.1875,0.0625,0.196721311,34,72,64,3,3,0,4,16,12,8,4,0,0,3,1,5,0.069444444,0.041666666,,,,,,,,,0.0,,,,,,,,120.0
Bob Barton,1000630,110648,C,SDP,-0.3515555687644476,,-0.52,-7.61514896286792,1.6643825769424438,0.4124911193503067,,,,,20.313865302997087,0.1903840696418678,,,,,0.413336662,0.204545454,0.208791208,0.193181818,0.011363636,0.242857142,29,92,88,1,9,0,1,18,17,16,1,0,2,2,0,19,0.206521739,0.02173913,,,,,,,,,0.0,,,,,,,,242.2
Pete Broberg,1001454,111491,P,TEX,-0.3535386234361377,,-0.38,-8.304625151977127,3.757286787033081,0.0020818522316403,,,,,-45.46710804801951,0.0998238909703034,,,,,0.213800904,0.117647058,0.096153846,0.078431372,0.039215686,0.148148148,39,57,51,1,2,0,2,6,4,2,2,0,0,1,0,24,0.421052631,0.017543859,,,,,,,,,0.0,,,,,,,,176.1
Wilbur Wood,1014248,124543,P,CHW,-0.3536637286126707,,-0.38,-16.37746926761156,9.492093086242676,0.0159608671092428,,,,,-13.636568413080116,0.1502067469458543,,,,,0.311572519,0.136,0.175572519,0.136,0.0,0.283333333,49,144,125,8,7,0,0,17,17,17,0,0,0,6,0,65,0.451388888,0.041666666,,,,,,,,,0.0,,,,,,,,376.2
Jorge Orta,1009853,120069,SS,CHW,-0.3583429030366447,,-0.39,-5.3488269498043906,-1.72153639793396,-0.4271348841139115,,,,,63.061983984604474,0.2586315269688614,,,,,0.558790938,0.314516129,0.244274809,0.201612903,0.112903226,0.261904761,51,133,124,20,11,3,7,39,25,18,3,1,3,6,0,37,0.278195488,0.045112781,,,,,,,,,-3.0,,,,,,,,271.0
Steve Kline,1007005,117156,P,NYY,-0.3655518216012366,,-0.41,-11.747161461403248,6.13031005859375,0.0083274089265614,,,,,-26.173605788716348,0.1221317877004176,,,,,0.240253411,0.092105263,0.148148148,0.092105263,0.0,0.129629629,32,93,76,5,1,0,0,7,7,7,0,0,0,4,0,22,0.236559139,0.043010752,,,,,,,,,0.0,,,,,,,,236.1
John Curtis,1002905,112970,P,BOS,-0.3675729071975073,,-0.12,-8.517137825869558,3.823204040527344,0.0048576552071608,,,,,-46.66418539599824,0.1081934517080133,,,,,0.221612349,0.094339622,0.127272727,0.094339622,0.0,0.166666666,27,58,53,2,1,0,0,5,5,5,0,0,0,2,0,23,0.396551724,0.034482758,,,,,,,,,0.0,,,,,,,,154.1
Tom Bradley,1001316,111352,P,CHW,-0.3695321456748845,,-0.46,-12.52335199464777,6.65764856338501,0.0076334581826813,,,,,-23.843900115671968,0.135777169595594,,,,,0.2951505,0.153846153,0.141304347,0.131868131,0.021978022,0.210526315,43,101,91,1,3,0,2,14,12,10,2,0,0,1,0,34,0.336633663,0.00990099,,,,,,,,,0.0,,,,,,,,260.0
Ross Grimsley Jr.,1005071,115171,P,CIN,-0.370231129254726,,-0.35,-10.802511746812966,5.141550540924072,0.0062455566949211,,,,,-26.550498004916907,0.1193212208463185,,,,,0.255540479,0.121212121,0.134328358,0.121212121,0.0,0.216216216,30,78,66,5,1,0,0,8,8,8,0,0,0,1,0,29,0.371794871,0.012820512,,,,,,,,,0.0,,,,,,,,197.2
Jose Cruz,1002841,112902,CF,STL,-0.3729873811048715,,-0.34,-7.646476982935615,-8.561957359313965,0.8193598336074501,,,,,79.32807186270078,0.2891190460703883,,,,,0.628416892,0.319277108,0.309139784,0.234939759,0.084337349,0.272401433,117,374,332,33,23,2,20,106,78,58,14,4,9,36,3,54,0.144385026,0.096256684,,,,,,,,,-7.0,,,,,,,,805.2
Charlie Spikes,1012341,122597,RF,NYY,-0.3738207626034071,,-0.41,-3.7727647547518264,-0.3566529154777527,-0.3446914668311365,,,,,2.2328799892284223,0.1622885687010629,,,,,0.347899159,0.176470588,0.171428571,0.147058823,0.029411765,0.238095238,14,35,34,2,3,0,1,6,5,4,1,0,0,1,0,13,0.371428571,0.028571428,,,,,,,,,0.0,,,,,,,,65.0
Denny Doyle,1003460,113533,2B,PHI,-0.3791283532189901,,-0.81,-18.973276273559804,-0.2290811538696289,-1.1524665352189911,,,,,66.37480839904539,0.2718651368587959,,,,,0.591359169,0.29638009,0.294979079,0.248868778,0.047511312,0.263922518,123,484,442,33,26,1,17,131,110,93,14,2,6,31,2,33,0.068181818,0.064049586,,,,,,,,,-3.0,,,,,,,,1010.0
Jim McAndrew,1008328,118509,P,NYM,-0.3820030490287597,,-0.26,-8.844976309830086,3.757286787033081,0.0041637044632807,,,,,-41.778019975360046,0.0986361592373949,,,,,0.174171201,0.046511627,0.127659574,0.046511627,0.0,0.068965517,28,57,43,2,1,0,0,2,2,2,0,0,0,3,0,14,0.245614035,0.052631578,,,,,,,,,0.0,,,,,,,,160.2
Dick Bosman,1001215,111252,P,TEX,-0.3855950054053839,,-0.31,-9.505905175647255,4.416460037231445,0.0034697537194006,,,,,-41.673276011297446,0.1051870352692074,,,,,0.224318658,0.113207547,0.111111111,0.094339622,0.018867925,0.147058823,29,67,53,1,3,0,1,6,5,4,1,0,0,1,0,19,0.283582089,0.014925373,,,,,,,,,0.0,,,,,,,,173.1
George Mitterwald,1009012,119206,C,MIN,-0.3885925702528481,,-0.66,-12.439583928320156,4.770918846130371,-0.3266487474902533,,,,,30.110158027575547,0.2111032186892994,,,,,0.464697329,0.239263803,0.225433526,0.184049079,0.055214724,0.23015873,64,173,163,12,8,1,6,39,30,24,4,1,0,9,2,37,0.213872832,0.052023121,,,,,,,,,2.0,,,,,,,,404.0
Chuck Brinkman,1001437,111474,C,CHW,-0.3896721080099178,,-0.56,-5.834696487854056,1.0059465169906616,0.0076334581826813,,,,,-4.137901417787794,0.1636345216206141,,,,,0.331043955,0.134615384,0.196428571,0.134615384,0.0,0.155555555,35,56,52,1,0,0,0,7,7,7,0,0,0,4,0,7,0.125,0.071428571,,,,,,,,,0.0,,,,,,,,146.2
Lou Camilli,1001862,111907,SS,CLE,-0.3897640535638548,,-0.27,-3.9058696542608633,-0.7750343084335327,0.0048576552071608,,,,,13.252735458986727,0.1909939931197599,,,,,0.399667405,0.195121951,0.204545454,0.146341463,0.048780488,0.181818181,39,45,41,2,3,0,2,8,6,4,2,0,0,3,0,8,0.177777777,0.066666666,,,,,,,,,-1.0,,,,,,,,34.0
Don Hahn,1005202,115306,RF,NYM,-0.3921314872989055,,-0.4,-3.3769237723286234,-1.4307269752025604,0.0069395074388012,,,,,24.627721053514342,0.2012427085783423,,,,,0.406064601,0.162162162,0.243902439,0.162162162,0.0,0.24,17,41,37,0,1,0,0,6,6,6,0,0,0,4,0,12,0.292682926,0.097560975,,,,,,,,,-1.0,,,,,,,,80.0
Don Wilson,1014071,124385,P,HOU,-0.3981242392934482,,-0.3,-11.824469851626464,5.668889045715332,0.0062455566949211,,,,,-25.630547357022376,0.1217013200124104,,,,,0.259784075,0.131578947,0.128205128,0.105263157,0.02631579,0.195121951,33,86,76,5,2,0,1,10,8,7,0,1,0,2,0,35,0.406976744,0.023255813,,,,,,,,,0.0,,,,,,,,228.1
Wayne Simpson,1011999,122261,P,CIN,-0.3982475871945872,,-0.41,-8.199579176006445,3.2299482822418213,0.0020818522316403,,,,,-52.85809112229718,0.0786721548255609,,,,,0.164965986,0.083333333,0.081632653,0.0625,0.020833333,0.176470588,24,49,48,2,0,0,1,4,3,2,1,0,0,1,0,31,0.632653061,0.020408163,,,,,,,,,0.0,,,,,,,,130.1
Bill Singer,1012007,122268,P,LAD,-0.4060325459035654,,-0.42,-9.637974914653864,4.152790546417236,0.0034697537194006,,,,,-39.76044009950345,0.0958137240326195,,,,,0.196172247,0.09090909,0.105263157,0.072727272,0.018181818,0.117647058,26,63,55,1,0,0,1,5,4,3,1,0,0,2,0,21,0.333333333,0.031746031,,,,,,,,,0.0,,,,,,,,169.1
Bill Greif,1005027,115123,P,SDP,-0.4144316640215618,,-0.23,-7.357669424289432,2.570775270462036,0.0013879014877602,,,,,-72.3218207742703,0.0472484318649067,,,,,0.089126559,0.03030303,0.058823529,0.03030303,0.0,0.055555555,34,39,33,0,0,0,0,1,1,1,0,0,0,1,0,15,0.384615384,0.025641025,,,,,,,,,0.0,,,,,,,,125.1
Bob Stinson,1012544,122804,C,HOU,-0.4206273271157136,,-0.52,-3.3112450880907764,-1.7901234775781631,0.0048576552071608,,,,,20.30573362718158,0.1926795699094471,,,,,0.410526315,0.2,0.210526315,0.171428571,0.028571429,0.2,27,38,35,3,2,0,1,7,6,5,1,0,0,1,0,6,0.157894736,0.026315789,,,,,,,,,-2.0,,,,,,,,45.0
Hal Lanier,1007324,117481,3B,NYY,-0.4236523334990459,,-0.53,-6.639108551522637,0.0036590099334716,-0.4810555217554793,,,,,42.5525950547547,0.2192864663132997,,,,,0.476363305,0.242718446,0.233644859,0.213592233,0.029126213,0.241758241,60,107,103,5,6,0,3,25,22,19,3,0,1,2,0,13,0.121495327,0.018691588,,,,,,,,,-1.0,,,,,,,,284.4
Joe Coleman,1002428,112480,P,DET,-0.427323964626885,,-0.5,-13.109182461547867,6.723565578460693,-0.3384459101362154,,,,,-24.975977575848887,0.1342823224506159,,,,,0.270675637,0.109756097,0.16091954,0.109756097,0.0,0.173076923,40,102,82,5,5,0,0,9,9,9,0,0,0,5,0,30,0.294117647,0.049019607,,,,,,,,,0.0,,,,,,,,280.0
Jorge Roque,1011190,121442,CF,STL,-0.4278369503852672,,-0.7,-7.460702258483436,1.6982167661190033,-0.1419156608753837,,,,,10.88300854390001,0.1833614465352651,,,,,0.384630898,0.208955223,0.175675675,0.104477611,0.104477612,0.125,32,75,67,3,5,1,4,14,7,3,2,1,1,6,0,19,0.253333333,0.08,,,,,,,,,2.0,,,,,,,,169.0
Pat Corrales,1002636,112696,C,- - -,-0.4300164922452114,,-0.35,-8.613871086295955,0.3205279447138309,0.0242882760358043,,,,,41.56539142849019,0.2223563713557792,,,,,0.467786068,0.191666666,0.276119402,0.191666666,0.0,0.244680851,46,135,120,6,6,0,0,23,23,23,0,0,0,13,2,26,0.192592592,0.096296296,,,,,,,,,-2.0,,,,,,,,338.1
Garry Jestadt,1006403,116537,2B,SDP,-0.4313870124641399,,-0.59,-5.714124809904537,-8.417465209960938,0.0430249461205676,,,,,81.2227412445204,0.2844971611873427,,,,,0.625231481,0.34375,0.281481481,0.24609375,0.09765625,0.247826086,92,280,256,15,22,6,12,88,63,51,5,1,0,13,2,21,0.075,0.046428571,,,,,,,,,-10.0,,,,,,,,559.4
Rudy Hernandez,1005712,115833,SS,CHW,-0.4339884310462651,,-0.4,-2.0364386100908227,-2.670781910419464,0.0027758029755204,,,,,3.07085861103836,0.1738251731509254,,,,,0.38095238,0.19047619,0.19047619,0.19047619,0.0,0.222222222,8,21,21,0,1,0,0,4,4,4,0,0,0,0,0,3,0.142857142,0.0,,,,,,,,,-3.0,,,,,,,,48.0
John Felske,1003978,114057,C,MIL,-0.4453232713318107,,-0.34,-6.233031415171357,-0.1037929058074951,0.0104092611582018,,,,,29.97634894429645,0.20711150765419,,,,,0.42840909,0.2125,0.21590909,0.1375,0.075,0.178571428,37,89,80,6,5,1,4,17,11,7,3,0,0,8,0,23,0.258426966,0.08988764,,,,,,,,,-1.0,,,,,,,,200.2
Tom Grieve,1005035,115133,LF,TEX,-0.4484090181544946,,-0.4,-5.494616432653005,-2.721993327140808,-0.8201953826355748,,,,,70.46877173902584,0.2637164530816016,,,,,0.566742388,0.295774647,0.270967741,0.204225352,0.091549295,0.26,64,158,142,12,11,3,6,42,29,23,2,1,1,11,1,39,0.246835443,0.069620253,,,,,,,,,-1.0,,,,,,,,318.1
Jim Fairey,1003905,113983,LF,MON,-0.4569683391333563,,-0.33,-6.739903537158963,-2.213991641998291,-0.821583284123335,,,,,64.67438535557531,0.2684289833043246,,,,,0.58973275,0.304964539,0.284768211,0.234042553,0.070921986,0.268907563,86,153,141,9,15,1,8,43,33,25,7,0,1,10,2,21,0.137254901,0.065359477,,,,,,,,,-1.0,,,,,,,,221.3
Jim Lyttle,1007893,118061,CF,CHW,-0.4577029787468364,,-0.56,-3.2383188664074014,-3.363511621952057,-0.3391398608800955,,,,,65.54862868538349,0.2621467680816191,,,,,0.582427269,0.341463414,0.240963855,0.231707317,0.109756097,0.351851851,44,84,82,8,5,0,7,28,19,12,5,2,0,1,0,28,0.333333333,0.011904761,,,,,,,,,-3.0,,,,,,,,142.0
Kurt Bevacqua,1000935,110963,LF,CLE,-0.4614689132242647,,-0.64,-3.780891756811936,-1.3237311244010923,0.0034697537194006,,,,,0.5923542627109984,0.1730966664649345,,,,,0.384210526,0.2,0.184210526,0.114285714,0.085714286,0.125,19,38,35,2,1,1,1,7,4,3,0,0,0,3,1,10,0.263157894,0.078947368,,,,,,,,,-1.0,,,,,,,,71.0
Bobby Fenwick,1003982,114061,2B,HOU,-0.4665038105553525,,-0.54,-4.352582371118891,-1.6213991940021515,-0.3426096145994961,,,,,30.90474113356756,0.2090565814421727,,,,,0.466415094,0.24,0.226415094,0.18,0.06,0.243243243,36,53,50,7,4,0,3,12,9,6,3,0,0,3,1,13,0.245283018,0.056603773,,,,,,,,,-2.0,,,,,,,,119.3
John Kennedy,1006844,116980,SS,BOS,-0.4726692658286762,,-0.63,-4.190115716388638,-7.677184581756592,-0.3099939296371303,,,,,83.65790316578202,0.2924230537373266,,,,,0.645543957,0.33490566,0.310638297,0.245283018,0.089622642,0.290697674,71,237,212,22,22,2,14,71,52,38,11,1,0,18,4,40,0.168776371,0.075949367,,,,,,,,,-10.0,,,,,,,,516.2
Jerry Koosman,1007103,117255,P,NYM,-0.4729991697005847,,-0.48,-9.52331260699312,3.6913695335388184,0.0027758029755204,,,,,-55.34929138707674,0.0776665667270092,,,,,0.170212764,0.085106382,0.085106382,0.085106382,0.0,0.137931034,34,56,47,1,1,0,0,4,4,4,0,0,0,0,0,18,0.321428571,0.0,,,,,,,,,0.0,,,,,,,,163.0
Felix Millan,1008867,119056,2B,ATL,-0.483442456393743,,-0.57,-19.85517147592878,-2.134897470474243,-0.102431267616339,,,,,66.21928865233942,0.2777292712559718,,,,,0.605473125,0.313253012,0.292220113,0.257028112,0.0562249,0.269067796,125,534,498,46,38,1,23,156,128,105,19,3,6,23,1,28,0.052434456,0.043071161,,,,,,,,,-5.0,,,,,,,,1044.1
Randy Hundley,1006189,116315,C,CHC,-0.5104185610617862,,-1.26,-23.750308494032513,7.127111911773682,0.2506584072834812,,,,,43.36297031652857,0.2450945645810452,,,,,0.555214252,0.294117647,0.261096605,0.218487394,0.075630253,0.248299319,114,387,357,23,30,5,17,105,78,61,12,0,1,22,10,62,0.160206718,0.056847545,,,,,,,,,1.0,,,,,,,,893.1
Paul Ratliff,1010712,120942,C,MIL,-0.5128107475646168,,-0.51,-6.201113873350248,0.6172838807106018,0.0020818522316403,,,,,-37.59851250787772,0.1115844180417615,,,,,0.256493505,0.142857142,0.113636363,0.071428571,0.071428571,0.111111111,22,45,42,1,4,1,1,6,3,2,0,0,0,2,1,23,0.511111111,0.044444444,,,,,,,,,0.0,,,,,,,,90.0
Rich McKinney,1008599,118782,3B,NYY,-0.5254784297398427,,-0.6,-5.212067917293575,-3.296754479408264,0.2208185252966359,,,,,57.63263772771347,0.2406043433584273,,,,,0.514010847,0.256198347,0.2578125,0.214876033,0.041322314,0.233644859,37,128,121,10,7,1,3,31,26,23,2,0,1,7,0,13,0.1015625,0.0546875,,,,,,,,,-4.0,,,,,,,,256.1
Dick Tidrow,1013056,123333,P,CLE,-0.5267503228438135,,-0.64,-12.38019641656229,5.60297155380249,0.0062455566949211,,,,,-45.45826904148921,0.1079972800281312,,,,,0.225,0.1,0.125,0.1,0.0,0.194444444,39,85,70,5,6,0,0,7,7,7,0,0,0,2,0,34,0.4,0.023529411,,,,,,,,,0.0,,,,,,,,237.1
Rusty Torres,1013137,123414,RF,NYY,-0.5298796882206845,,-0.44,-7.190847225321442,-3.35939621925354,-1.3593352464959023,,,,,73.42043765510809,0.2629227402598358,,,,,0.571273799,0.291457286,0.279816513,0.211055276,0.08040201,0.256578947,80,219,199,15,13,3,10,58,42,32,7,0,0,18,3,44,0.200913242,0.08219178,,,,,,,,,-1.0,,,,,,,,436.0
Dave Roberts,1011032,121278,3B,SDP,-0.547887774892754,,-0.58,-12.033371954619271,-8.468220710754395,0.7709908019169234,,,,,73.60407175583087,0.2727252063127832,,,,,0.595173704,0.320574162,0.274599542,0.244019138,0.076555024,0.277142857,100,443,418,38,33,5,22,134,102,80,17,0,7,18,1,64,0.144469525,0.040632054,,,,,,,,,-11.0,,,,,,,,904.4000000000001
Pete Koegel,1007072,117225,1B,PHI,-0.5514015374085717,,-0.63,-4.536569370952963,-2.2258806377649307,0.0076334581826813,,,,,24.546791149676,0.2072347532619129,,,,,0.420037105,0.183673469,0.236363636,0.142857142,0.040816327,0.212121212,41,55,49,3,1,0,2,9,7,5,2,0,0,6,0,16,0.29090909,0.109090909,,,,,,,,,-2.0,,,,,,,,73.3
Charlie Manuel,1008085,118261,LF,MIN,-0.5618649335871853,,-0.62,-7.194249925700747,-1.0644718408584597,0.0166548178531229,,,,,44.20300417443274,0.231025547020195,,,,,0.503049942,0.270491803,0.232558139,0.204918032,0.065573771,0.224299065,63,129,122,6,8,1,6,33,25,19,5,0,0,4,0,16,0.124031007,0.031007751,,,,,,,,,0.0,,,,,,,,194.0
Clay Kirby,1006960,117110,P,SDP,-0.5654607378362795,,-0.56,-13.056106291770767,5.537054061889648,0.0062455566949211,,,,,-42.011916201569726,0.094081652470124,,,,,0.182952182,0.067567567,0.115384615,0.067567567,0.0,0.113636363,35,84,74,3,2,0,0,5,5,5,0,0,0,4,0,30,0.357142857,0.047619047,,,,,,,,,0.0,,,,,,,,238.2
Ron Lolich,1007713,117876,RF,CLE,-0.5721302997090771,,-0.52,-5.308945377646671,-2.002287983894348,0.0104092611582018,,,,,37.53298002372957,0.2253177201464062,,,,,0.498529411,0.275,0.223529411,0.1875,0.0875,0.220338983,24,85,80,4,8,2,3,22,15,12,1,0,0,4,1,20,0.235294117,0.047058823,,,,,,,,,-1.0,,,,,,,,182.2
Tom Ragland,1010652,120888,2B,TEX,-0.5750307325011024,,-0.55,-4.516425483943003,-2.5491538047790527,-0.3391398608800955,,,,,34.84841799021952,0.2133617997169494,,,,,0.444991789,0.206896551,0.238095238,0.172413793,0.034482758,0.212765957,25,64,58,3,2,0,2,12,10,8,2,0,0,5,0,11,0.171875,0.078125,,,,,,,,,-3.0,,,,,,,,132.4
Jack Billingham,1000970,110997,P,CIN,-0.5778501561876317,,-0.66,-12.57381641659292,5.141550540924072,0.0041637044632807,,,,,-47.26481532701442,0.0873145812178311,,,,,0.180397452,0.084507042,0.09589041,0.070422535,0.014084507,0.119047619,36,78,71,2,2,0,1,6,5,4,1,0,0,2,0,29,0.371794871,0.025641025,,,,,,,,,0.0,,,,,,,,217.2
Ed Spiezio,1012340,122595,3B,- - -,-0.581739029801245,,-0.28,-13.220877126667098,-1.1015090495347977,-0.1009725669864565,,,,,60.66413364499007,0.2541706968690747,,,,,0.559549745,0.294117647,0.265432098,0.228758169,0.065359478,0.264591439,94,326,306,22,26,2,15,90,70,55,12,1,1,14,3,49,0.150306748,0.042944785,,,,,,,,,-3.0,,,,,,,,692.0
Paul Casanova,1002030,112076,C,ATL,-0.6003655223369035,,-1.03,-10.817848328361627,1.0576128959655762,-0.330812451953534,,,,,31.59191802393898,0.2242249362710593,,,,,0.500630251,0.272058823,0.228571428,0.205882352,0.066176471,0.245283018,49,140,136,8,10,2,5,37,28,23,3,0,0,4,2,28,0.2,0.028571428,,,,,,,,,-1.0,,,,,,,,300.0
Donn Clendenon,1002345,112398,1B,STL,-0.6046221673595087,,-0.88,-6.4789555718806175,-3.913580060005188,-0.4748099650605581,,,,,64.39481958242914,0.2660449945926666,,,,,0.588044308,0.308823529,0.279220779,0.19117647,0.117647059,0.229166666,61,154,136,13,9,4,8,42,26,18,4,0,1,17,4,37,0.24025974,0.11038961,,,,,,,,,-2.0,,,,,,,,279.0
Bob Burda,1001660,111699,1B,BOS,-0.6072968029179033,,-0.78,-5.694134575043436,-1.8902605772018433,0.0097153104143217,,,,,32.22031135293854,0.2197083882987499,,,,,0.501237827,0.260273972,0.240963855,0.164383561,0.095890411,0.161290322,45,84,73,4,9,2,3,19,12,9,1,0,0,8,3,11,0.13095238,0.095238095,,,,,,,,,-1.0,,,,,,,,131.0
Bill North,1009638,119845,CF,CHC,-0.6406303959970763,,-0.59,-8.310122281691058,-1.857795774936676,1.2215124909416772,,,,,38.69982076118137,0.2378893188067845,,,,,0.506505835,0.244094488,0.262411347,0.181102362,0.062992126,0.244680851,66,142,127,22,4,0,5,31,23,18,2,3,6,13,1,33,0.232394366,0.091549295,,,,,,,,,-1.0,,,,,,,,273.1
Derrel Thomas,1012971,123242,2B,SDP,-0.6421671017214367,,-0.44,-14.788745496645898,-10.537269115447998,-1.2418494599405676,,,,,77.50635668422443,0.2787548053330479,,,,,0.600441176,0.31,0.290441176,0.23,0.08,0.260047281,130,550,500,48,36,5,25,155,115,90,15,5,9,41,1,73,0.132727272,0.074545454,,,,,,,,,-15.0,,,,,,,,1123.2
Ed Crosby,1002799,112858,2B,STL,-0.6425872927970318,,-0.82,-16.196806188785523,0.7965238094329834,-0.1002786162425763,,,,,51.00027542051824,0.2453484714433953,,,,,0.526606645,0.257246376,0.269360269,0.217391304,0.039855072,0.24,101,300,276,27,19,0,10,71,60,50,9,1,1,18,1,27,0.09,0.06,,,,,,,,,-2.0,,,,,,,,632.1
Tom Egan,1003702,113771,C,CHW,-0.645877882819824,,-0.96,-9.064604704624204,-0.8349316120147705,0.0194306208286434,,,,,38.31603982948008,0.2236494644969499,,,,,0.479808943,0.255319148,0.224489795,0.191489361,0.063829787,0.274725274,50,147,141,8,9,2,5,36,27,22,3,0,0,4,0,48,0.326530612,0.027210884,,,,,,,,,-3.0,,,,,,,,315.2
George Foster,1004250,114333,RF,CIN,-0.6533823368696667,,-0.58,-8.735080443456807,-1.7155938148498535,0.0705754554946906,,,,,47.094500598878874,0.233113478351113,,,,,0.513021777,0.28275862,0.230263157,0.2,0.08275862,0.27,59,152,145,15,12,2,7,41,29,22,4,1,2,5,1,44,0.289473684,0.032894736,,,,,,,,,0.0,,,,,,,,318.2
Billy Grabarkewitz,1004907,115001,3B,LAD,-0.6592321615657546,,-1.05,-5.882094363136012,-6.09556382894516,0.624288284976501,,,,,64.20567237818136,0.2564565221468607,,,,,0.542838017,0.277777777,0.26506024,0.166666666,0.111111111,0.224719101,53,166,144,17,16,4,8,40,24,16,4,0,3,18,1,53,0.319277108,0.108433734,,,,,,,,,-7.0,,,,,,,,326.2
Fred Stanley,1012411,122667,2B,- - -,-0.6745867635684609,,-0.54,-4.466398646720683,-5.895746976137161,0.2208185252966359,,,,,62.02456252411679,0.2554812178955422,,,,,0.530375551,0.226804123,0.303571428,0.195876288,0.030927835,0.253333333,45,114,97,16,2,0,3,22,19,16,3,0,1,14,1,22,0.192982456,0.122807017,,,,,,,,,-7.0,,,,,,,,260.29999999999995
Bill Hands,1005303,115413,P,CHC,-0.6773881788278491,,-0.75,-12.247044766560924,4.3505425453186035,0.0041637044632807,,,,,-69.51873008877068,0.0706758835623341,,,,,0.114318052,0.017543859,0.096774193,0.017543859,0.0,0.037037037,32,66,57,1,0,0,0,1,1,1,0,0,0,5,0,30,0.454545454,0.075757575,,,,,,,,,0.0,,,,,,,,189.0
Jim Mason,1008220,118400,SS,TEX,-0.6811822717312316,,-0.71,-9.641501620668452,-0.881575345993042,0.0249822267796844,,,,,39.31488578410969,0.2196758144263979,,,,,0.464522517,0.217687074,0.246835443,0.197278911,0.020408163,0.266055045,46,159,147,10,10,0,3,32,29,26,3,0,0,9,0,39,0.245283018,0.056603773,,,,,,,,,-3.0,,,,,,,,357.20000000000005
Deron Johnson,1006444,116579,1B,PHI,-0.6871488092571247,,-1.17,-5.042306518158426,-10.253312587738035,-0.3065241759177297,,,,,83.49281044610721,0.2983149451802867,,,,,0.654231662,0.356521739,0.297709923,0.213043478,0.143478261,0.258064516,96,262,230,19,31,9,14,82,49,35,4,1,0,26,4,69,0.263358778,0.099236641,,,,,,,,,-7.0,,,,,,,,474.1
Art Kusnyer,1007220,117374,C,CAL,-0.7046352437300619,,-0.72,-6.910325745032,-5.714677810668945,0.0319217342184856,,,,,64.82414732278279,0.2481809536410119,,,,,0.538080036,0.262569832,0.275510204,0.20670391,0.055865922,0.243055555,64,197,179,13,13,2,5,47,37,32,2,1,0,16,3,33,0.16751269,0.081218274,,,,,,,,,-9.0,,,,,,,,479.0
Bill Stoneman,1012560,122833,P,MON,-0.7140139140881846,,-0.66,-14.91148066984364,5.932558059692383,0.0055516059510409,,,,,-51.36400687727255,0.0891327532854947,,,,,0.183896103,0.08,0.103896103,0.08,0.0,0.166666666,40,90,75,4,1,0,0,6,6,6,0,0,0,2,0,39,0.433333333,0.022222222,,,,,,,,,0.0,,,,,,,,250.2
Luis Alvarado,1000196,110203,SS,CHW,-0.7424743857658715,,-0.72,-13.472803156794257,-0.8216757774353027,-0.2588490949710831,,,,,50.9666821286519,0.2415330237762103,,,,,0.537195909,0.283464566,0.253731343,0.212598425,0.070866141,0.233644859,103,269,254,30,29,4,9,72,54,45,4,1,2,13,5,36,0.133828996,0.048327137,,,,,,,,,-5.0,,,,,,,,638.3000000000001
Dick Woodson,1014236,124566,P,MIN,-0.7529606124777463,,-0.57,-15.516240203647389,6.459896564483643,0.0062455566949211,,,,,-58.10513044333948,0.086397824022505,,,,,0.179545454,0.079545454,0.1,0.079545454,0.0,0.14,36,98,88,4,2,0,0,7,7,7,0,0,0,2,0,38,0.387755102,0.020408163,,,,,,,,,0.0,,,,,,,,251.2
Enzo Hernandez,1005700,115818,SS,SDP,-0.7576791904967268,,-0.18,-20.21694526742599,1.180610179901123,3.8013171589700505,,,,,40.55738381642358,0.2216632564862569,,,,,0.492177974,0.249240121,0.242937853,0.194528875,0.054711246,0.205882352,114,369,329,33,15,1,14,82,64,50,11,2,24,22,6,25,0.067750677,0.059620596,,,,,,,,,-5.0,,,,,,,,908.1
Maury Wills,1014053,124371,SS,LAD,-0.7763802219027571,,-1.05,-15.109398826321575,3.903063535690307,-0.132200350461062,,,,,10.01508870117672,0.1727241714235762,,,,,0.356807511,0.166666666,0.190140845,0.128787878,0.037878788,0.149122807,71,152,132,16,4,0,4,22,17,13,3,1,1,10,0,18,0.118421052,0.065789473,,,,,,,,,2.0,,,,,,,,318.2
Ted Uhlaender,1013264,123549,RF,CIN,-0.7894446199047682,,-0.77,-10.72395947450207,0.0292639136314392,-0.330812451953534,,,,,25.84852453175245,0.2002853484657721,,,,,0.431872453,0.185840707,0.246031746,0.159292035,0.026548672,0.176470588,73,128,113,9,6,0,3,21,18,15,3,0,0,13,3,11,0.0859375,0.1015625,,,,,,,,,1.0,,,,,,,,189.2
Larry Brown,1001536,111568,2B,OAK,-0.8187557831934207,,-0.91,-9.71210905554933,-1.9309548139572144,0.0249822267796844,,,,,38.092914657651825,0.2122590941767538,,,,,0.447183098,0.197183098,0.25,0.183098591,0.014084507,0.192592592,47,157,142,11,4,0,2,28,26,24,2,0,0,13,1,8,0.050955414,0.082802547,,,,,,,,,-3.0,,,,,,,,389.2
Ted Martinez,1008199,118383,2B,NYM,-0.8407332395562028,,-0.85,-18.426724748309763,-0.3187048435211181,0.0587074937066063,,,,,51.35000151550043,0.2425325269922832,,,,,0.532432192,0.278787878,0.253644314,0.224242424,0.054545454,0.260714285,103,347,330,22,19,1,11,92,74,63,5,5,7,12,2,49,0.141210374,0.034582132,,,,,,,,,-3.0,,,,,,,,800.7
Jackie Hernandez,1005703,115823,SS,PIT,-0.8577377602530691,,-1.06,-12.436144402452566,-1.5829927921295166,0.0222064238041639,,,,,38.831151079617975,0.2217404084361117,,,,,0.482708845,0.255681818,0.227027027,0.1875,0.068181818,0.242424242,72,186,176,12,14,1,9,45,33,24,7,1,0,9,1,43,0.231182795,0.048387096,,,,,,,,,-5.0,,,,,,,,500.3
John Bateman,1000653,110670,C,- - -,-0.9083068154943688,,-1.33,-17.64806259578277,-0.3635119795799255,-0.3092999788932502,,,,,46.68562194719212,0.2414618724379046,,,,,0.545193324,0.291814946,0.253378378,0.224199288,0.067615658,0.25210084,100,297,281,10,20,3,13,82,63,50,10,0,0,11,6,43,0.144781144,0.037037037,,,,,,,,,-5.0,,,,,,,,676.0
Lenny Randle,1010693,120926,2B,TEX,-0.9374037317017784,,-0.96,-15.086022988113394,-0.3772292137145996,-0.9095783073571512,,,,,47.00110259720084,0.2305414219393985,,,,,0.503924789,0.269076305,0.234848484,0.192771084,0.076305221,0.233502538,74,267,249,23,21,2,15,67,48,33,13,0,4,13,2,51,0.191011235,0.048689138,,,,,,,,,-2.0,,,,,,,,578.0
Jay Johnstone,1006463,116650,CF,CHW,-0.9675602766080028,,-0.79,-13.171457345997792,-3.166895627975464,0.0927818792988546,,,,,54.344288372469585,0.246307771180717,,,,,0.526940491,0.268199233,0.258741258,0.187739463,0.08045977,0.209302325,113,290,261,27,17,4,13,70,49,36,9,0,2,25,2,42,0.144827586,0.086206896,,,,,,,,,-2.0,,,,,,,,613.2
Marty Martinez,1008181,118374,SS,- - -,-0.9728367068485804,,-1.04,-8.309126667233311,-3.166438017040491,-0.336364057904575,,,,,15.9178386027522,0.1858841922688991,,,,,0.395309477,0.193181818,0.202127659,0.159090909,0.034090909,0.189189189,57,95,88,6,6,0,2,17,14,12,1,1,0,5,0,15,0.157894736,0.052631578,,,,,,,,,-4.0,,,,,,,,185.1
Jim Spencer,1012325,122584,1B,CAL,-1.0076428182571224,,-1.2,-9.369675429933272,-5.7114784717559814,-0.3120757818687707,,,,,59.81709126714223,0.2411027372415576,,,,,0.521656184,0.259433962,0.262222222,0.221698113,0.037735849,0.245989304,82,225,212,13,14,1,6,55,47,41,5,0,0,12,1,25,0.111111111,0.053333333,,,,,,,,,-3.0,,,,,,,,427.2
Oscar Brown,1001552,111582,RF,ATL,-1.03547400065357,,-1.42,-9.083247820740509,-5.727939486503601,-0.6741160172969103,,,,,54.28859462475519,0.259294609938349,,,,,0.56721835,0.323170731,0.244047619,0.225609756,0.097560975,0.257575757,76,168,164,19,16,3,9,53,37,28,5,1,0,4,0,29,0.172619047,0.023809523,,,,,,,,,-4.0,,,,,,,,333.2
Bobby Floyd,1004177,114262,3B,KCR,-1.0702646428802172,,-1.06,-11.217465571600677,-2.26154887676239,0.2180427223211154,,,,,18.466101957656615,0.1916637999548328,,,,,0.41012563,0.201492537,0.208633093,0.179104477,0.02238806,0.228571428,61,140,134,9,5,0,3,27,24,21,3,0,1,5,0,29,0.207142857,0.035714285,,,,,,,,,-4.0,,,,,,,,382.2
Dalton Jones,1006546,116695,3B,- - -,-1.1357908975391575,,-1.1099999999999999,-12.388524349617246,-2.3891167640686035,0.2187366730649955,,,,,28.065839285838965,0.2027028094319736,,,,,0.439336738,0.240506329,0.198830409,0.151898734,0.088607595,0.161290322,79,173,158,14,19,4,6,38,24,18,2,0,1,10,1,33,0.190751445,0.057803468,,,,,,,,,-3.0,,,,,,,,293.5
Alex Johnson,1006418,116560,LF,CLE,-1.1592281220489016,,-0.93,-11.82571922115948,-9.113399028778076,-1.5304676377563735,,,,,73.23812684548987,0.2757922410964966,,,,,0.622610153,0.33988764,0.282722513,0.238764044,0.101123596,0.247588424,108,384,356,31,37,8,19,121,85,66,10,1,6,22,10,40,0.104166666,0.057291666,,,,,,,,,-5.0,,,,,,,,749.2
Boots Day,1003095,113154,CF,MON,-1.2283328078750733,,-1.45,-20.74630636226152,-3.757658362388611,-1.415408535511233,,,,,58.75313434376911,0.2592797873961146,,,,,0.560482263,0.272020725,0.288461538,0.233160621,0.038860104,0.263157894,128,428,386,32,30,0,11,105,90,79,7,4,3,29,3,44,0.102803738,0.067757009,,,,,,,,,-2.0,,,,,,,,909.1
Hector Torres,1013132,123412,2B,MON,-1.3518472727807975,,-1.56,-17.099046441491055,-1.1947884559631348,-0.67272811580915,,,,,23.852315050459335,0.20535293436542,,,,,0.43637909,0.220994475,0.215384615,0.154696132,0.066298343,0.16993464,83,197,181,14,7,2,7,40,28,21,4,1,0,13,1,26,0.131979695,0.065989847,,,,,,,,,-3.0,,,,,,,,506.5
Vic Harris,1005434,115536,2B,TEX,-1.7370577707680586,,-1.58,-18.0677716087422,-2.6579781770706177,0.3770288322702981,,,,,7.013577558778366,0.1740131242021086,,,,,0.369338545,0.177419354,0.191919191,0.139784946,0.037634408,0.176870748,61,198,186,8,10,0,6,33,26,20,5,1,7,12,1,39,0.196969696,0.06060606,,,,,,,,,-4.0,,,,,,,,475.2
Marty Perez,1010182,120410,SS,ATL,-1.9600545738654125,,-2.48,-29.61514307816516,-5.781002044677734,-0.9570458679227158,,,,,49.475702053147835,0.2518579893770848,,,,,0.540863854,0.265135699,0.275728155,0.227557411,0.037578288,0.253521126,141,518,479,33,28,1,15,127,109,94,13,1,0,30,1,55,0.106177606,0.057915057,,,,,,,,,-14.0,,,,,,,,1198.1
