Name,Team,G,PA,HR,R,RBI,SB,BB%,K%,ISO,BABIP,AVG,OBP,SLG,wOBA,xwOBA,wRC+,BsR,Off,Def,fWAR,NameASCII,PlayerId,MLBAMID,AB,H,1B,2B,3B,BB,IBB,SO,HBP,SF,SH,GDP,CS,BB/K,OPS,Spd,UBR,wGDP,XBR,wSB,wRC,wRAA,WPA,-WPA,+WPA,RE24,REW,pLI,phLI,PH,WPA/LI,Clutch,GS,Inn,PO,A,E,FE,TE,DP,DPS,DPT,DPF,Scp,PB,WP,FP,TZ,Pos,Year,bWAR,TB,XBH,BatSpd,Squared-Up%,EV,Barrel%,HardHit%,xBA,xSLG,maxEV,FRV,OAA,Chase%,Z-Swing%,Swing%,O-Contact%,Z-Contact%,Whiff%,Zone%,DRS
Barry Bonds,SFG,153,664,73,129,137,13,0.266566265,0.14006024,0.535714286,0.266025641,0.327731092,0.51506024,0.863445378,0.536696215217936,,234.5899112490663,1.2500643939711154,118.0307510804766,-11.983898162841797,12.47550378671356,Barry Bonds,1109,111188,476,156,49,32,2,177,35,93,9,2,0,5,3,1.903225806,1.378505618,4.107697179167038,,,,1.2500643939711154,200.07072038458745,117.67847717808644,11.634218215942385,-7.461602210998535,19.0958194732666,118.9280014038086,12.107121467590332,0.969545841217041,1.336319923400879,5,13.042961120605469,-1.0433034238241523,141.0,1231.2,246.0,9.0,6.0,0.0,0.0,1.0,0.0,0.0,0.0,0.0,0.0,0.0,0.97701149,-5.0,LF,2001,11.85,411,107,,,,,,,,,,,,,,,,,,
Sammy Sosa,CHC,160,711,64,146,160,0,0.163150492,0.215189873,0.409012132,0.336021505,0.327556325,0.437412095,0.736568457,0.4646690257048395,,185.80542861651185,-0.9099528338410892,78.8114265130796,-1.1244845390319824,9.880381949489667,Sammy Sosa,302,122544,577,189,86,34,5,116,37,153,6,12,0,6,2,0.758169934,1.173980552,3.606926435798144,,,,-0.9099528338410892,170.9130432379977,82.68881896115704,6.628605365753174,-10.187204360961914,16.81580924987793,90.65599822998048,9.111332893371582,0.9776947498321532,,0,8.474437713623047,-1.6946065169319056,160.0,1385.0,326.0,8.0,6.0,0.0,0.0,1.0,0.0,0.0,0.0,0.0,0.0,0.0,0.98235294,6.0,RF,2001,10.28,425,103,,,,,,,,,,,,,,,,,,
Jason Giambi,OAK,154,671,38,109,120,2,0.192250372,0.123695976,0.317307692,0.343137254,0.342307692,0.476900149,0.659615384,0.4651920673836143,,193.11076789160532,0.3445369324763305,79.11888519029262,-7.921552658081055,9.241804113323646,Jason Giambi,818,114739,520,178,91,47,2,129,24,83,13,9,0,17,0,1.554216867,1.136515533,2.8394171779626163,,,,0.3445369324763305,161.59455759707734,78.3337214652066,8.730937957763672,-8.464130401611328,17.195068359375,90.5989990234375,8.986571311950684,0.9696227312088012,0.5600000023841858,1,7.875961780548096,1.12850735651417,136.0,1176.1,1224.0,75.0,11.0,0.0,0.0,107.0,0.0,0.0,0.0,0.0,0.0,0.0,0.99160305,4.0,1B,2001,9.15,343,87,,,,,,,,,,,,,,,,,,
Luis Gonzalez,ARI,162,728,57,128,142,1,0.137362637,0.114010989,0.362889984,0.297468354,0.325123152,0.428571428,0.688013136,0.4535765896805308,,173.30375439114195,-0.2821772035676986,69.45237818121575,-2.28739595413208,8.904481233140132,Luis Gonzalez,55,114935,609,198,98,36,7,100,24,83,14,5,0,14,1,1.204819277,1.116584564,3.5361559544109777,,,,-0.2821772035676986,168.16873713460416,77.83507289615125,4.696549892425537,-10.786416053771973,15.482966423034668,74.73100280761719,7.232418060302734,0.9496182799339294,2.438199996948242,1,7.454499244689941,-2.5087752715243195,161.0,1416.2,280.0,8.0,0.0,0.0,0.0,1.0,0.0,0.0,0.0,0.0,0.0,0.0,1.0,5.0,LF,2001,7.94,419,100,,,,,,,,,,,,,,,,,,
Alex Rodriguez,TEX,162,732,52,133,135,18,0.102459016,0.178961748,0.303797469,0.32532751,0.318037974,0.398907103,0.621835443,0.4246432550518309,,158.90517067170384,2.250329782429617,56.61626833557858,-1.930402755737305,7.805667182145294,Alex Rodriguez,1274,121347,632,201,114,34,1,75,6,131,16,9,0,17,3,0.572519083,1.020742546,4.741736128667344,,,,2.250329782429617,151.17740235620187,60.34739930325196,5.227695465087891,-11.738714218139648,16.96640968322754,58.59199905395508,5.383103847503662,0.990307629108429,,0,5.964098930358887,-0.6852387949539223,161.0,1395.1,280.0,451.0,18.0,0.0,0.0,117.0,0.0,0.0,0.0,0.0,0.0,0.0,0.97596796,-9.0,SS,2001,8.34,393,87,,,,,,,,,,,,,,,,,,
Bret Boone,SEA,158,690,37,118,141,5,0.057971014,0.159420289,0.247191012,0.345603271,0.330658105,0.372262773,0.577849117,0.3965375921305488,,148.73954372845938,-1.2073444993584417,41.1952997459734,14.133058071136476,7.774183019451971,Bret Boone,1067,111214,623,206,129,37,3,40,5,110,9,13,5,11,5,0.363636363,0.95011189,4.006726615906152,,,,-1.2073444993584417,126.09896355718908,40.4805180564576,4.498337745666504,-10.578782081604004,15.077119827270508,39.270999908447266,3.885003089904785,0.992553174495697,1.493066668510437,3,4.124713897705078,0.4073735120722865,152.0,1370.0,286.0,411.0,10.0,0.0,0.0,90.0,0.0,0.0,0.0,0.0,0.0,0.0,0.98585573,12.0,2B,2001,8.82,360,77,,,,,,,,,,,,,,,,,,
Larry Walker,COL,142,601,38,107,123,14,0.136439267,0.171381031,0.311871227,0.373626373,0.350100603,0.449251247,0.66197183,0.4607895781012142,,162.70480920817369,0.5886749241035432,49.8340853435495,7.816873550415039,7.588997565727449,Larry Walker,455,123833,497,174,98,35,3,82,6,103,14,8,0,9,5,0.796116504,1.111223077,5.032269235353567,,,,0.5886749241035432,142.49856001083228,67.92365313265893,5.698607921600342,-9.050618171691896,14.749225616455078,61.12799835205078,5.270542144775391,1.0273948907852173,3.045466661453247,9,5.908682823181152,-0.3620249872199377,126.0,1097.0,243.0,8.0,4.0,0.0,0.0,4.0,0.0,0.0,0.0,0.0,0.0,0.0,0.98431373,14.0,RF,2001,7.82,329,76,,,,,,,,,,,,,,,,,,
Albert Pujols,STL,161,676,37,112,130,1,0.102071005,0.137573964,0.281355932,0.336188436,0.328813559,0.402962962,0.610169491,0.422913487983926,,158.63438629635357,-1.1440974235301835,50.65110305403749,0.917123317718506,7.21643980680966,Albert Pujols,1177,405395,590,194,106,47,4,69,6,93,9,7,1,21,3,0.741935483,1.013132453,3.2390642807819905,,,,-1.1440974235301835,138.6227962181244,54.7415365681324,4.031454086303711,-10.8057222366333,14.837176322937012,53.9739990234375,5.304696083068848,0.961173951625824,0.8514000177383423,2,5.713623046875,-1.5193207777753075,154.0,1329.4,451.0,136.0,20.0,0.0,0.0,44.0,0.0,0.0,0.0,0.0,0.0,0.0,3.84495161,6.0,3B,2001,6.59,360,88,,,,,,,,,,,,,,,,,,
Rich Aurilia,SFG,156,689,37,114,97,1,0.068214804,0.120464441,0.248427673,0.325626204,0.323899371,0.368804664,0.572327044,0.3968291470879002,,144.04991166226367,-1.1425051821861416,38.51767676286946,11.754114151000977,7.129097641646646,Rich Aurilia,1106,110383,636,206,127,37,5,47,2,83,0,3,3,14,3,0.56626506,0.941131708,3.394507850007007,,,,-1.1425051821861416,126.08613558658944,40.59177478948224,3.208101272583008,-11.703770637512209,14.911871910095217,36.03099822998047,3.8954830169677734,0.9744045734405518,1.0879111289978027,9,4.120734691619873,-0.828363781192559,146.0,1313.0,246.0,423.0,17.0,0.0,0.0,108.0,0.0,0.0,0.0,0.0,0.0,0.0,0.97521866,5.0,SS,2001,6.73,364,79,,,,,,,,,,,,,,,,,,
Todd Helton,COL,159,697,49,132,146,7,0.140602582,0.149210903,0.34923339,0.33712984,0.33560477,0.431654676,0.68483816,0.4573685946709969,,160.49030766396194,-0.8092021082993597,54.28539480865315,-4.745541572570801,7.087790767825634,Todd Helton,432,115732,587,197,92,54,2,98,15,104,5,5,1,14,5,0.942307692,1.116492836,3.73539021550815,,,,-0.8092021082993597,163.24342431328571,76.75638588718452,5.135921955108643,-11.80573558807373,16.94165802001953,68.55899810791016,5.885027885437012,1.047622561454773,2.107599973678589,2,7.171285629272461,-2.2688311155240317,157.0,1370.0,1306.0,119.0,2.0,0.0,0.0,139.0,0.0,0.0,0.0,0.0,0.0,0.0,0.99859846,7.0,1B,2001,7.76,402,105,,,,,,,,,,,,,,,,,,
Lance Berkman,HOU,156,688,34,110,126,7,0.13372093,0.175872093,0.289428076,0.366822429,0.33102253,0.430232558,0.620450606,0.4397075563712839,,164.43374587985008,-2.542861369845923,55.38563511959836,-7.805686950683594,6.84452095143653,Lance Berkman,548,204020,577,191,97,55,5,92,5,121,13,6,0,8,9,0.760330578,1.050683164,3.994349340915008,,,,-2.542861369845923,150.85727406493714,65.48699797145417,7.029001712799072,-11.255616188049316,18.284618377685547,71.88379669189453,6.94564962387085,1.0591446161270142,0.7945333123207092,3,5.934811592102051,0.7016775197456786,153.0,1367.3000000000002,306.0,7.0,6.0,0.0,0.0,1.0,0.0,0.0,0.0,0.0,0.0,0.0,2.84547409,-3.0,LF,2001,6.5,358,94,,,,,,,,,,,,,,,,,,
Shawn Green,LAD,161,701,49,121,125,20,0.102710413,0.152639087,0.300484653,0.288461538,0.297253634,0.372325249,0.597738287,0.4021524822315155,,149.3931263308967,2.2265347644570284,47.471991033184224,-2.266819953918457,6.672490767783804,Shawn Green,651,115094,619,184,100,31,4,72,10,107,5,5,0,10,4,0.672897196,0.970063536,5.785299893016972,,,,2.2265347644570284,131.43870403402985,44.45532679343165,5.903514862060547,-10.906399726867676,16.80991554260254,66.99800109863281,6.936394691467285,1.0139985084533691,0.5691999793052673,1,6.62606143951416,-0.8040461082834902,160.0,1414.2,317.0,8.0,6.0,0.0,0.0,1.0,0.0,0.0,0.0,0.0,0.0,0.0,2.9814814800000002,5.0,RF,2001,6.98,370,84,,,,,,,,,,,,,,,,,,
Roberto Alomar,CLE,157,677,20,113,100,30,0.118168389,0.104874446,0.205217392,0.350912778,0.335652173,0.414670658,0.540869565,0.4057081919809632,,150.9714521501766,3.3516112699871883,46.86050746050914,-2.7297675609588623,6.596992261112054,Roberto Alomar,860,110183,575,193,127,34,12,80,5,71,4,9,9,9,6,1.126760563,0.955540223,7.464355657980698,,,,3.3516112699871883,128.9749096667745,44.96956531315827,4.552149295806885,-10.088895797729492,14.641045570373535,57.73999786376953,5.407022953033447,0.992809534072876,,0,3.546746253967285,1.0383721797087755,156.0,1324.0,269.0,424.0,5.0,0.0,0.0,89.0,0.0,0.0,0.0,0.0,0.0,0.0,0.99283668,-5.0,2B,2001,7.31,311,66,,,,,,,,,,,,,,,,,,
Cliff Floyd,FLA,149,629,31,123,103,18,0.093799682,0.160572337,0.261261261,0.338785046,0.317117117,0.389507154,0.578378378,0.3997878986303924,,145.86711754755402,2.2641292074113153,39.96423182644666,5.441359043121338,6.4776348313782295,Cliff Floyd,518,114260,555,176,97,44,4,59,19,101,10,5,0,9,3,0.584158415,0.967885532,6.484795702648117,,,,2.2641292074113153,116.68046411047708,38.63118553082476,3.533322334289551,-9.449545860290527,12.982868194580078,49.97800064086914,5.0924482345581055,0.9842109084129332,2.6338000297546387,4,3.735619306564331,-0.145614050488549,140.0,1212.0,269.0,8.0,8.0,0.0,0.0,2.0,0.0,0.0,0.0,0.0,0.0,0.0,0.97192982,12.0,LF,2001,6.61,321,79,,,,,,,,,,,,,,,,,,
Jim Edmonds,STL,150,608,30,95,110,5,0.152960526,0.22368421,0.26,0.354651162,0.304,0.410214168,0.564,0.4063758557584105,,147.92909851929952,-1.20601763157174,36.873661335063034,6.96273934841156,6.241010048405329,Jim Edmonds,1153,113744,500,152,83,38,1,93,12,136,4,10,1,8,5,0.683823529,0.974214168,2.967634830166982,,,,-1.20601763157174,116.17313785754968,40.7296380540066,3.7892098426818848,-8.839482307434082,12.628692626953123,54.26900100708008,5.369840145111084,0.9319911003112792,1.412200093269348,5,4.018714904785156,0.0469997156831203,142.0,1228.2,325.0,14.0,6.0,0.0,0.0,3.0,0.0,0.0,0.0,0.0,0.0,0.0,1.98176292,5.0,CF,2001,5.85,282,69,,,,,,,,,,,,,,,,,,
Chipper Jones Jr.,ATL,159,677,38,113,102,9,0.144756277,0.121122599,0.274475524,0.330415754,0.33041958,0.426883308,0.604895104,0.4272777488968325,,161.23904479163764,-2.5740868474240415,51.601985344834745,-11.218450665473938,6.083223408906513,Chipper Jones Jr.,97,116706,572,189,113,33,5,98,20,82,2,5,0,13,10,1.195121951,1.031778412,4.131428002535369,,,,-2.5740868474240415,141.32713904685494,57.32179469323869,5.089315891265869,-9.837584495544434,14.926899909973145,64.85199737548828,6.608615398406982,0.993793487548828,1.565500020980835,2,6.05145788192749,-0.930357819359596,156.0,1362.0,91.0,233.0,18.0,0.0,0.0,12.0,0.0,0.0,0.0,0.0,0.0,0.0,1.94478528,-13.0,3B,2001,5.91,346,76,,,,,,,,,,,,,,,,,,
Ichiro Suzuki,SEA,157,738,8,127,69,56,0.040650406,0.071815718,0.106936416,0.368503937,0.349710982,0.381471389,0.456647398,0.3602718572590233,,124.40912701145304,5.089600295526907,27.80241716535663,7.810340404510498,6.01763431442322,Ichiro Suzuki,1101,400085,692,242,192,34,8,30,10,53,8,4,4,3,14,0.566037735,0.838118787,7.494287903580583,,,,5.089600295526907,112.23148882946832,20.65697755477292,3.8064658641815186,-10.952356338500977,14.758822441101074,40.7677001953125,4.116710662841797,0.9476143717765808,1.3025000095367432,4,2.9954745769500732,1.0214187686470213,148.0,1313.2,335.0,8.0,1.0,0.0,0.0,2.0,0.0,0.0,0.0,0.0,0.0,0.0,0.99709302,15.0,RF,2001,7.71,316,50,,,,,,,,,,,,,,,,,,
Corey Koskie,MIN,153,649,26,100,103,27,0.104776579,0.181818181,0.211743772,0.303529411,0.275800711,0.362095531,0.487544483,0.360587249789387,,118.5404459620908,2.7635530711268075,17.93500911822197,18.026748180389404,5.752092875962385,Corey Koskie,738,136731,562,155,90,37,2,68,9,118,12,7,0,16,6,0.576271186,0.849640014,5.832259422295838,,,,2.7635530711268075,98.86994272539744,18.33897007326017,1.2855035066604614,-12.56106948852539,13.84657382965088,22.32900047302246,2.1485280990600586,1.0622564554214478,5.264400005340576,2,1.1285583972930908,0.0816046477038359,147.0,1308.0,95.0,306.0,15.0,0.0,0.0,19.0,0.0,0.0,0.0,0.0,0.0,0.0,0.96394231,16.0,3B,2001,6.29,274,65,,,,,,,,,,,,,,,,,,
Scott Rolen,PHI,151,653,25,96,107,16,0.113323124,0.194486983,0.209386281,0.326086956,0.288808664,0.378254211,0.498194945,0.3728285634536095,,126.44847755956329,0.991859412752092,23.56044270706584,12.27937150001526,5.615270891389498,Scott Rolen,970,121409,554,160,95,39,1,74,6,127,13,12,0,6,5,0.582677165,0.876449156,4.623004501435481,,,,0.991859412752092,106.24102253423294,25.213711067598663,4.3084516525268555,-10.862915992736816,15.171367645263672,46.17100143432617,4.759672164916992,1.08725905418396,,0,3.657508611679077,0.3051639785809827,151.0,1329.1,104.0,325.0,12.0,0.0,0.0,22.0,0.0,0.0,0.0,0.0,0.0,0.0,0.97278912,10.0,3B,2001,5.57,276,65,,,,,,,,,,,,,,,,,,
Phil Nevin,SDP,149,624,41,97,126,4,0.113782051,0.235576923,0.282051282,0.34903047,0.305860805,0.387820512,0.587912087,0.4084673827239335,,153.96129005008646,-0.972403788997326,43.02806990593921,-6.0012524127960205,5.59706000937655,Phil Nevin,1049,119732,546,167,95,31,0,71,7,147,4,3,0,13,4,0.482993197,0.975732599,2.2655231034989343,,,,-0.972403788997326,120.33431156171967,42.90545650018861,3.7481091022491455,-10.617484092712402,14.365593910217283,48.74100112915039,4.821341037750244,1.0541431903839111,1.0924667119979858,3,4.058745384216309,-0.5031476851180372,144.0,1228.2,96.0,265.0,27.0,0.0,0.0,26.0,0.0,0.0,0.0,0.0,0.0,0.0,0.93041237,-8.0,3B,2001,5.84,321,72,,,,,,,,,,,,,,,,,,
J.D. Drew,STL,109,443,27,80,73,13,0.128668171,0.169300225,0.290666667,0.33935018,0.322666666,0.413636363,0.613333333,0.4286730070726587,,162.36268962669314,1.2691712900996208,37.370152187750115,5.169983386993408,5.5952858465415085,J.D. Drew,1152,136770,375,121,71,18,5,57,4,75,4,4,3,6,3,0.76,1.026969696,6.425210798004851,,,,1.2691712900996208,93.00131360928752,38.03178990374543,3.1402297019958496,-6.0584564208984375,9.198685646057127,37.56700134277344,3.6884067058563232,0.8908815979957581,1.198533296585083,3,3.902564764022827,-0.3777083644064083,104.0,899.2,209.0,7.0,6.0,0.0,0.0,1.0,0.0,0.0,0.0,0.0,0.0,0.0,1.9406249999999998,9.0,RF,2001,5.54,230,50,,,,,,,,,,,,,,,,,,
Eric Chavez,OAK,151,604,32,91,114,8,0.067880794,0.163907284,0.251811594,0.296728971,0.288043478,0.337748344,0.539855072,0.3643750443178065,,125.47336327127084,0.7035812414251268,20.10286152725505,15.118774890899658,5.520226169911532,Eric Chavez,906,136767,552,159,84,43,0,41,9,99,4,7,0,7,2,0.414141414,0.877603416,3.812396500491833,,,,0.7035812414251268,93.94981149434508,19.002650505298995,4.379397869110107,-9.684755325317385,14.064153671264648,45.23600006103515,4.519753456115723,1.0030570030212402,0.9200000166893004,3,2.8560590744018555,1.5099917641040506,146.0,1302.2,100.0,321.0,12.0,0.0,0.0,27.0,0.0,0.0,0.0,0.0,0.0,0.0,0.97228637,13.0,3B,2001,6.05,298,75,,,,,,,,,,,,,,,,,,
Brian Giles,PIT,160,674,37,116,95,13,0.133531157,0.099406528,0.28125,0.296218487,0.309027777,0.40356083,0.590277777,0.4131719832167481,,150.45524063112873,-0.0406929475138895,44.39752317665831,-9.965477705001833,5.50821441846699,Brian Giles,990,114789,576,178,97,37,7,90,14,67,4,4,0,10,6,1.343283582,0.993838607,5.447758033647245,,,,-0.0406929475138895,132.65872684537885,49.02563660263537,5.336977958679199,-10.343135833740234,15.680113792419434,46.250999450683594,4.61256217956543,0.962588667869568,,0,5.561233997344971,-0.0168325963902198,159.0,1359.1,307.0,7.0,10.0,0.0,0.0,2.0,0.0,0.0,0.0,0.0,0.0,0.0,1.94019542,-6.0,LF,2001,5.36,340,81,,,,,,,,,,,,,,,,,,
Mike Cameron,SEA,150,633,25,99,110,34,0.109004739,0.244865718,0.212962963,0.319034852,0.266666666,0.352848101,0.479629629,0.3544064794322076,,120.47408785576886,4.596105443313718,20.9368056673872,13.073610305786133,5.495676404297547,Mike Cameron,1070,111904,540,144,84,30,5,69,3,155,10,13,1,13,5,0.44516129,0.83247773,7.394386907197895,,,,4.596105443313718,93.12297576669032,14.57735837254102,2.976653575897217,-10.675406455993652,13.652060508728027,21.23430061340332,2.004579782485962,0.9946040511131288,0.6636000275611877,1,1.9574110507965088,1.0353915348815232,140.0,1272.1,411.0,8.0,6.0,0.0,0.0,2.0,0.0,0.0,0.0,0.0,0.0,0.0,0.98588235,11.0,CF,2001,5.89,259,60,,,,,,,,,,,,,,,,,,
Jim Thome,CLE,156,644,49,101,124,0,0.172360248,0.28726708,0.33269962,0.352542372,0.290874524,0.416149068,0.623574144,0.4293559507718162,,166.83656084969604,-0.4795234709745273,53.79079276769033,-20.627829551696777,5.404262956440771,Jim Thome,409,123272,526,153,77,26,1,111,14,185,4,3,0,9,1,0.6,1.039723212,1.6471010824317407,,,,-0.4795234709745273,135.57033496644425,55.659785832428206,5.012890338897705,-9.891561508178713,14.904452323913574,52.98099899291992,4.800329208374023,0.9663999676704408,1.6647332906723022,6,4.913971900939941,0.273207845124773,144.0,1280.2,1176.0,78.0,10.0,0.0,0.0,105.0,0.0,0.0,0.0,0.0,0.0,0.0,0.99208861,-9.0,1B,2001,5.58,328,76,,,,,,,,,,,,,,,,,,
Carlos Beltrán,KCR,155,680,24,106,101,31,0.076470588,0.176470588,0.20745543,0.345188284,0.306320907,0.362297496,0.513776337,0.3725904920956937,,121.7356392090738,5.721007368527353,24.356621935139817,6.946158289909363,5.376801131428801,Carlos Beltran,589,136860,617,189,121,32,12,52,2,120,5,5,1,7,1,0.433333333,0.876073833,8.079939295989838,,,,5.721007368527353,110.49689625959418,26.1192977951052,2.029327869415283,-11.586270332336426,13.61559772491455,40.169700622558594,3.713594436645508,0.9817339777946472,,0,2.8178598880767822,-0.7507745927568266,152.0,1324.0,404.0,14.0,5.0,0.0,0.0,6.0,0.0,0.0,0.0,0.0,0.0,0.0,0.98817967,5.0,CF,2001,6.46,317,68,,,,,,,,,,,,,,,,,,
Bobby Abreu,PHI,162,704,31,118,110,36,0.150568181,0.194602272,0.25340136,0.324009324,0.289115646,0.393465909,0.542517006,0.3926102284229163,,139.25372158228186,1.0994190575438552,37.21078659407646,-6.2599263191223145,5.28021471608071,Bobby Abreu,945,110029,588,170,87,48,4,106,11,137,1,9,0,13,14,0.773722627,0.935982915,6.056608389332474,,,,1.0994190575438552,126.31871397589418,38.96308262442323,3.775445699691773,-11.158487319946287,14.933934211730955,42.44700241088867,4.327148914337158,1.0077378749847412,2.1518666744232178,3,4.112790584564209,-0.3663344937390635,159.0,1411.1,308.0,11.0,8.0,0.0,0.0,4.0,0.0,0.0,0.0,0.0,0.0,0.0,0.97553517,1.0,RF,2001,5.19,319,83,,,,,,,,,,,,,,,,,,
Troy Glaus,ANA,161,708,41,100,108,10,0.151129943,0.223163841,0.280612244,0.267676767,0.25,0.367231638,0.530612244,0.3779155097572337,,132.96201128863046,0.6574948446359485,30.08201245500367,-0.8092086315155029,5.255083864172076,Troy Glaus,15,136267,588,147,66,38,2,107,7,158,6,7,0,16,3,0.677215189,0.897843882,4.01962228310094,,,,0.6574948446359485,118.23588041335006,30.383910247382115,1.9250776767730713,-12.722262382507324,14.647339820861816,23.6929988861084,2.332836866378784,1.0748224258422852,,0,3.328806161880493,-1.537740372325085,158.0,1395.2,103.0,286.0,19.0,0.0,0.0,21.0,0.0,0.0,0.0,0.0,0.0,0.0,1.95331695,-3.0,3B,2001,5.24,312,81,,,,,,,,,,,,,,,,,,
Jeff Bagwell,HOU,161,717,39,126,130,11,0.147838214,0.188284518,0.28,0.310904872,0.288333333,0.397489539,0.568333333,0.4067673559269208,,143.11060116469056,0.851656629354693,41.2434999616703,-11.128515243530272,5.240167431214889,Jeff Bagwell,547,110432,600,173,87,43,4,106,5,135,6,5,0,20,3,0.785185185,0.965822872,5.113194418862646,,,,0.851656629354693,137.2376769393336,48.268944440747426,5.089565277099609,-11.666755676269531,16.756322860717773,66.26200103759766,6.2160749435424805,1.0230669975280762,3.6754000186920166,1,4.60345458984375,0.3713567269096627,159.0,1414.2,1291.0,143.0,12.0,0.0,0.0,123.0,0.0,0.0,0.0,0.0,0.0,0.0,0.99170124,1.0,1B,2001,5.85,341,86,,,,,,,,,,,,,,,,,,
Manny Ramirez,BOS,142,620,41,93,125,0,0.130645161,0.237096774,0.302457467,0.352769679,0.306238185,0.404838709,0.608695652,0.4150395098854513,,155.72410115792613,-0.4720930113689974,43.088837846036355,-11.877571105957031,5.152824137607153,Manny Ramirez,210,120903,529,162,86,33,2,81,25,147,8,2,0,9,1,0.551020408,1.013534361,2.2602763057197097,,,,-0.4720930113689974,123.0097141060683,46.07719785903423,5.933139324188232,-10.019231796264648,15.95237159729004,54.4379997253418,5.301932334899902,1.0536775588989258,,0,4.624102592468262,1.006784460292221,55.0,482.0,98.0,1.0,0.0,0.0,0.0,0.0,0.0,0.0,0.0,0.0,0.0,0.0,1.0,0.0,LF,2001,5.23,322,76,,,,,,,,,,,,,,,,,,
Paul Lo Duca,LAD,125,519,25,71,90,2,0.075144508,0.057803468,0.223913043,0.29468599,0.319565217,0.373540856,0.54347826,0.3870280053233728,,139.6026148736841,-1.365504082466941,25.49299000067672,9.791374683380129,5.120506349435068,Paul Lo Duca,662,134001,460,147,94,28,0,39,2,30,6,9,5,11,4,1.3,0.917019116,1.9192774790127176,,,,-1.365504082466941,90.67346639440196,26.273505213417003,3.2609360218048096,-8.904095649719238,12.165032386779783,30.585100173950195,3.1682870388031006,1.0439940690994265,2.054280042648315,5,2.1256940364837646,0.9978256446364252,115.0,1041.5,837.0,70.0,9.0,0.0,0.0,25.0,0.0,0.0,0.0,0.0,4.0,27.0,3.83879193,5.0,C,2001,4.63,250,53,,,,,,,,,,,,,,,,,,
Ivan Rodriguez,TEX,111,470,25,70,65,10,0.04893617,0.155319148,0.233031674,0.32173913,0.307692307,0.34680851,0.540723981,0.3745104369310546,,125.27142905865084,0.6742133787483908,15.650013997411786,18.792978286743164,4.987252343469455,Ivan Rodriguez,1275,121358,442,136,85,24,2,23,3,73,4,1,0,13,3,0.315068493,0.887532491,5.053815106898947,,,,0.6742133787483908,77.13616672171649,18.81635601831969,0.452417641878128,-8.27946662902832,8.731884002685547,11.079999923706056,1.0773831605911257,0.9561169147491456,1.25,2,1.292275071144104,-0.8190927281700463,101.0,855.1,631.0,52.0,7.0,0.0,0.0,11.0,0.0,0.0,0.0,0.0,2.0,38.0,0.98985507,12.0,C,2001,5.03,239,51,,,,,,,,,,,,,,,,,,
Andruw Jones,ATL,161,693,34,104,104,11,0.08080808,0.204906204,0.2096,0.268558951,0.2512,0.311688311,0.4608,0.3278710877549821,,96.8902371771038,0.4305153409950435,-2.385603254943496,29.461127281188965,4.926076042161109,Andruw Jones,96,116662,625,157,96,25,2,56,3,142,3,9,0,10,4,0.394366197,0.772488311,4.8240509714613475,,,,0.4305153409950435,86.3946485092832,0.4039488976789948,1.5147181749343872,-11.602062225341797,13.116780281066896,20.70800018310547,2.13619613647461,0.9822625517845154,,0,1.9275954961776731,-0.3855249243305245,161.0,1435.1,461.0,10.0,6.0,0.0,0.0,6.0,0.0,0.0,0.0,0.0,0.0,0.0,0.98742138,27.0,CF,2001,4.92,288,61,,,,,,,,,,,,,,,,,,
Jeff Kent,SFG,159,696,22,84,106,7,0.093390804,0.137931034,0.209225701,0.316733067,0.298187808,0.369252873,0.507413509,0.3715114112017472,,127.66100877527438,-1.2404275918379426,23.91708464303868,3.178900241851806,4.882560949961098,Jeff Kent,1119,116999,607,181,104,49,6,65,4,96,11,13,0,11,6,0.677083333,0.876666382,4.076507377305298,,,,-1.2404275918379426,112.461523460577,26.098569738100043,1.208629846572876,-12.147198677062988,13.355828285217283,22.9060001373291,2.3006036281585693,1.0265257358551023,2.5399999618530273,1,2.1320316791534424,-0.9546331937992688,156.0,1384.1,461.0,404.0,11.0,0.0,0.0,110.0,0.0,0.0,0.0,0.0,0.0,0.0,1.97691157,3.0,2B,2001,5.2,308,77,,,,,,,,,,,,,,,,,,
Bernie Williams,NYY,146,633,26,102,94,11,0.123222748,0.105845181,0.214814815,0.307017543,0.307407407,0.394944707,0.522222222,0.3870924413204193,,140.69551964446768,-0.0078752285917289,32.47187633141581,-4.936094760894775,4.821743551758991,Bernie Williams,857,124288,540,166,102,38,0,78,11,67,6,9,0,15,5,1.164179104,0.917166929,3.647344195484406,,,,-0.0078752285917289,110.6246838300576,32.07906643590828,3.8622353076934814,-9.424690246582031,13.28692626953125,29.589000701904297,2.8965697288513184,0.957037389278412,3.7263998985290527,1,4.287900447845459,-0.2522845451004949,143.0,1266.2,348.0,3.0,2.0,0.0,0.0,1.0,0.0,0.0,0.0,0.0,0.0,0.0,0.99433428,-7.0,CF,2001,5.24,282,64,,,,,,,,,,,,,,,,,,
Vladimir Guerrero,MON,159,671,34,107,108,37,0.089418777,0.13114754,0.258764607,0.3125,0.307178631,0.37704918,0.565943238,0.3880349651002073,,130.03987816670704,0.4446639266097918,26.784382209898013,-0.0387330055236816,4.777478882531802,Vladimir Guerrero,778,115223,599,184,101,45,4,60,24,88,9,3,0,24,16,0.681818181,0.942992418,6.163858983745014,,,,0.4446639266097918,117.80063117402052,34.53979504214976,2.857947587966919,-12.494370460510254,15.352317810058594,32.17599868774414,3.1019043922424316,1.047956466674805,,0,2.953495502471924,-0.2263329925298203,158.0,1368.1,320.0,15.0,12.0,0.0,0.0,5.0,0.0,0.0,0.0,0.0,0.0,0.0,0.96541787,7.0,RF,2001,4.92,339,83,,,,,,,,,,,,,,,,,,
Aramis Ramirez,PIT,158,655,34,83,112,5,0.061068702,0.152671755,0.235489221,0.310782241,0.300165837,0.34961832,0.535655058,0.3735717297882162,,124.82085094246264,-0.7692193033290096,20.475373189822292,6.306806325912476,4.722932820642603,Aramis Ramirez,1002,133380,603,181,107,40,0,40,4,100,8,4,0,9,4,0.4,0.885273378,2.3826292612350404,,,,-0.7692193033290096,106.97817487058508,25.70269399670231,2.909939765930176,-11.068181991577148,13.978121757507324,33.547000885009766,3.1928319931030273,0.9830890893936156,2.6308000087738037,2,2.972311496734619,-0.0123155031618793,155.0,1345.1,92.0,335.0,25.0,0.0,0.0,33.0,0.0,0.0,0.0,0.0,0.0,0.0,0.94469027,4.0,3B,2001,4.13,323,74,,,,,,,,,,,,,,,,,,
Edgar Martinez,SEA,132,581,23,80,116,4,0.160068846,0.154905335,0.236170213,0.330601092,0.306382978,0.423407917,0.542553191,0.4082499171470429,,156.59725705995083,0.3218034087331034,41.782243392994026,-13.762001991271973,4.708740925342676,Edgar Martinez,1086,118365,470,144,80,40,1,93,9,90,9,9,0,11,1,1.033333333,0.965961108,3.078110355289895,,,,0.3218034087331034,111.93516682511462,39.84195401942623,4.137421607971191,-8.498658180236816,12.636079788208008,49.15700149536133,4.9626288414001465,0.993182361125946,1.7749000787734983,4,3.811861276626587,0.3539614060081506,1.0,5.0,8.0,0.0,0.0,0.0,0.0,0.0,0.0,0.0,0.0,0.0,0.0,0.0,1.0,0.0,1B,2001,4.81,255,64,,,,,,,,,,,,,,,,,,
Mike Piazza,NYM,141,573,36,81,94,0,0.116928446,0.15183246,0.272365805,0.30183727,0.300198807,0.383944153,0.572564612,0.3951565356461149,,142.87220969442615,-0.9006647593341768,31.200510206884836,-2.23516845703125,4.639255995182514,Mike Piazza,893,120536,503,151,86,29,0,67,19,87,2,1,0,20,2,0.770114942,0.956508765,1.328659626739659,,,,-0.9006647593341768,104.04757184607082,32.94703666937644,5.401824474334717,-9.929218292236328,15.331042289733888,41.95899963378906,4.595101356506348,1.0900224447250366,1.9464571475982664,7,5.0233893394470215,-0.0676891146710509,127.0,1085.1,920.0,57.0,9.0,0.0,0.0,5.0,0.0,0.0,0.0,0.0,7.0,39.0,0.99087221,-11.0,C,2001,4.46,288,65,,,,,,,,,,,,,,,,,,
John Olerud,SEA,159,679,21,91,95,3,0.13843888,0.103092783,0.16958042,0.311475409,0.302447552,0.401179941,0.472027972,0.3716983156609427,,132.07505451859208,0.1149036932620219,27.574842666318773,-4.554098129272461,4.568818970547029,John Olerud,1093,119976,572,173,119,32,1,94,19,70,5,7,1,21,1,1.342857142,0.873207913,2.5749672092285607,,,,0.1149036932620219,109.82196913646408,25.568455375599346,2.9039928913116455,-10.58061408996582,13.484607696533203,42.66999816894531,4.194300651550293,1.0042152404785156,1.4459199905395508,5,3.1743297576904297,-0.2825265124739236,149.0,1347.2,1210.0,121.0,9.0,0.0,0.0,116.0,0.0,0.0,0.0,0.0,0.0,0.0,0.99328358,7.0,1B,2001,5.22,270,54,,,,,,,,,,,,,,,,,,
Gary Sheffield,LAD,143,618,36,98,100,10,0.152103559,0.108414239,0.27184466,0.29736211,0.310679611,0.417475728,0.582524271,0.417501795883021,,159.32918111666638,0.2233502519666217,48.13567764518889,-21.3991756439209,4.556375573688497,Gary Sheffield,114,122111,515,160,94,28,2,94,13,67,4,5,0,12,4,1.402985074,0.999999999,3.962932980893755,,,,0.2233502519666217,123.9000978910212,47.215751051235614,5.274863243103027,-9.797648429870604,15.07251262664795,42.00699996948242,4.447620391845703,1.0124059915542605,,0,5.068307876586914,0.1419173562813558,141.0,1202.0,196.0,17.0,6.0,0.0,0.0,0.0,0.0,0.0,0.0,0.0,0.0,0.0,1.9724770600000001,-15.0,LF,2001,4.4,300,66,,,,,,,,,,,,,,,,,,
Juan Gonzalez,CLE,140,595,35,97,140,1,0.068907563,0.157983193,0.265037594,0.329355608,0.325187969,0.369747899,0.590225563,0.3970719510215824,,145.17746115138414,0.1615208371658809,34.05383138252852,-10.314813613891602,4.331056680146749,Juan Gonzalez,1251,114932,532,173,103,34,1,41,5,94,6,16,0,18,0,0.436170212,0.959973462,2.840046801914985,,,,0.1615208371658809,109.00645828298492,35.17605962655704,3.3083078861236572,-10.470392227172852,13.77869987487793,33.17100143432617,3.052516222000122,1.0610835552215576,,0,3.0561163425445557,0.0617416902593475,119.0,981.0,214.0,10.0,3.0,0.0,0.0,3.0,0.0,0.0,0.0,0.0,0.0,0.0,0.98678414,-3.0,RF,2001,4.44,314,70,,,,,,,,,,,,,,,,,,
Derek Jeter,NYY,150,686,21,110,74,27,0.081632653,0.144314868,0.169381108,0.343434343,0.311074918,0.377386196,0.480456026,0.3709598534402594,,129.87228423400305,4.483678281249013,30.32144298000119,-10.249332904815674,4.2493563033136725,Derek Jeter,826,116539,614,191,132,35,3,56,3,99,10,1,5,13,2,0.565656565,0.857842222,6.350766016185004,,,,4.483678281249013,110.5256375854099,25.403530899175426,2.1864118576049805,-11.268094062805176,13.454505920410156,34.76969909667969,3.4995791912078857,0.9847527146339417,,0,2.8007876873016357,-0.5805228176407007,150.0,1312.1,211.0,344.0,15.0,0.0,0.0,68.0,0.0,0.0,0.0,0.0,0.0,0.0,0.97368421,-17.0,SS,2001,5.19,295,59,,,,,,,,,,,,,,,,,,
Rafael Palmeiro,TEX,160,714,47,98,123,1,0.141456582,0.12605042,0.29,0.24946695,0.273333333,0.38095238,0.563333333,0.395546452604002,,139.3843383710207,-0.2811157093383372,35.174428520243836,-16.511085510253906,4.238858978241305,Rafael Palmeiro,1266,120191,600,164,84,33,0,101,8,90,7,6,0,8,1,1.122222222,0.944285713,1.4204992814416402,,,,-0.2811157093383372,129.88639826698625,41.2899198792728,3.784236192703247,-11.54616355895996,15.330400466918944,41.6349983215332,3.944361686706543,1.005526065826416,1.850600004196167,1,3.8810818195343018,-0.1176426394737824,113.0,996.1,905.0,83.0,8.0,0.0,0.0,112.0,0.0,0.0,0.0,0.0,0.0,0.0,0.99196787,-3.0,1B,2001,4.68,338,80,,,,,,,,,,,,,,,,,,
Torii Hunter,MIN,148,603,27,82,92,9,0.048092868,0.207296849,0.218085107,0.2905569,0.260638297,0.30564784,0.478723404,0.3338409820664365,,100.59657024498944,-0.8255666666664183,-0.3719998322290183,22.22107243537903,4.226365328793599,Torii Hunter,731,116338,564,147,83,32,5,29,0,125,8,1,1,12,6,0.232,0.784371244,5.21540045118731,,,,-0.8255666666664183,78.21964921812966,3.396572932707816,0.0096498299390077,-11.837446212768556,11.84709644317627,-3.506000280380249,-0.3334410488605499,1.03051495552063,2.1263999938964844,1,0.5292088985443115,-0.5198448132515051,147.0,1295.1,460.0,14.0,4.0,0.0,0.0,3.0,0.0,0.0,0.0,0.0,0.0,0.0,0.9916318,20.0,CF,2001,4.74,270,64,,,,,,,,,,,,,,,,,,
Brian Jordan,ATL,148,605,25,82,97,3,0.051239669,0.145454545,0.201785714,0.307692307,0.294642857,0.333884297,0.496428571,0.3508831722989827,,111.78662524729783,-0.3014608710655011,9.016809097203524,13.439661979675291,4.176963298025127,Brian Jordan,658,116747,560,165,105,32,3,31,3,88,6,8,0,18,2,0.352272727,0.830312868,3.641395779206377,,,,-0.3014608710655011,87.20068569504991,12.129440002379573,1.9383999109268188,-10.933075904846191,12.87147617340088,13.248000144958496,1.2854007482528689,1.063072681427002,2.467066764831543,3,1.1621757745742798,0.6612178134585089,141.0,1237.1,321.0,11.0,3.0,0.0,0.0,2.0,0.0,0.0,0.0,0.0,0.0,0.0,1.99099099,20.0,RF,2001,4.34,278,60,,,,,,,,,,,,,,,,,,
Mike Sweeney,KCR,147,632,29,97,99,10,0.101265822,0.101265822,0.237924865,0.298728813,0.30411449,0.374009508,0.542039355,0.3822763917129788,,128.2338385369653,0.663863810012117,23.16214784093934,-4.089617729187012,4.025912088597746,Mike Sweeney,634,123041,559,170,95,46,0,64,13,64,2,6,1,13,3,1.0,0.916048863,3.69909282730782,,,,0.663863810012117,107.87523995734551,29.453707266820473,0.7494637966156006,-10.192071914672852,10.941535949707031,29.131000518798828,2.6038942337036133,0.949191153049469,0.5022000074386597,1,1.9185054302215576,-1.128923906828934,108.0,931.1,946.0,88.0,12.0,0.0,0.0,124.0,0.0,0.0,0.0,0.0,0.0,0.0,0.98852772,8.0,1B,2001,4.55,303,75,,,,,,,,,,,,,,,,,,
Placido Polanco,STL,144,610,3,87,38,12,0.040983606,0.070491803,0.076241135,0.327552986,0.306737588,0.342281879,0.382978723,0.3199164096341037,,91.9613977515096,1.0577602241537534,-5.349919758665264,25.885801553726196,4.012213020694834,Placido Polanco,1176,135784,564,173,140,26,4,25,0,43,6,1,14,22,3,0.581395348,0.725260602,5.546545367424947,,,,1.0577602241537534,71.94266528602654,-3.749003924765047,-0.4833139181137085,-9.916704177856444,9.433389663696287,-5.26800012588501,-0.4934418201446533,0.8966901302337646,1.969314217567444,7,-0.2028435468673706,-0.3361541534727791,132.0,1184.0,132.0,344.0,4.0,0.0,0.0,42.0,0.0,0.0,0.0,0.0,0.0,0.0,2.98479087,23.0,3B,2001,4.46,216,33,,,,,,,,,,,,,,,,,,
Ryan Klesko,SDP,146,638,30,105,113,23,0.137931034,0.139498432,0.252788104,0.289719626,0.286245353,0.384012539,0.539033457,0.3879319084616357,,140.66808346413984,2.8262693998403847,36.731353303115554,-16.631001472473145,3.992702550684819,Ryan Klesko,1041,117148,538,154,84,34,6,88,7,89,3,9,0,16,4,0.988764044,0.923045996,6.552992119821832,,,,2.8262693998403847,111.95153992732588,32.785499015055336,5.450002193450928,-9.537737846374512,14.987740516662598,48.80699920654297,4.947723388671875,0.9783895015716552,1.7971999645233154,2,4.417287349700928,1.1530935514598155,143.0,1240.0,1135.0,85.0,11.0,0.0,0.0,92.0,0.0,0.0,0.0,0.0,0.0,0.0,0.99106418,-6.0,1B,2001,4.63,290,70,,,,,,,,,,,,,,,,,,
Carlos Delgado,TOR,162,704,39,102,102,3,0.157670454,0.193181818,0.261324042,0.300995024,0.278745644,0.407670454,0.540069686,0.3969153440243337,,142.82520769933754,0.5485175388166681,38.561726002258574,-22.33427619934082,3.950862176934308,Carlos Delgado,1297,113232,574,160,89,31,1,111,22,136,16,3,0,9,0,0.81617647,0.94774014,2.9168604277156787,,,,0.5485175388166681,128.88244779373366,41.52681644226271,3.9115395545959473,-10.881102561950684,14.792641639709473,41.84700012207031,4.080838680267334,1.0081969499588013,1.2151999473571775,1,4.155350208282471,-0.2756126681562212,161.0,1438.2,1520.0,103.0,9.0,0.0,0.0,167.0,0.0,0.0,0.0,0.0,0.0,0.0,0.99448529,-10.0,1B,2001,4.47,310,71,,,,,,,,,,,,,,,,,,
Cristian Guzman,MIN,118,527,10,80,51,25,0.039848197,0.14800759,0.17444219,0.343209876,0.302231237,0.337186897,0.476673427,0.3486398605482656,,110.52502975870937,1.5090633048093878,8.50259162477494,13.221192359924316,3.928731312411597,Cristian Guzman,728,150217,493,149,97,28,14,21,0,78,5,0,8,6,8,0.269230769,0.813860324,8.02757751346672,,,,1.5090633048093878,74.95824708647605,9.565608276497075,0.9503502249717712,-8.899237632751465,9.84958839416504,4.917299747467041,0.4308798909187317,1.0107474327087402,1.2519999742507937,2,0.0676333084702491,0.8726116965800153,115.0,1015.0,164.0,327.0,21.0,0.0,0.0,57.0,0.0,0.0,0.0,0.0,0.0,0.0,0.95898438,8.0,SS,2001,4.76,235,52,,,,,,,,,,,,,,,,,,
Jeff Cirillo,COL,138,586,17,72,83,12,0.073378839,0.107508532,0.160984848,0.323851203,0.3125,0.364102564,0.473484848,0.356853307528817,,95.42385436661142,1.4929663110524416,-2.0112256722615065,21.99759864807129,3.8747962914961818,Jeff Cirillo,1073,112297,528,165,118,26,4,43,6,63,5,9,1,15,2,0.682539682,0.837587412,5.060521823989622,,,,1.4929663110524416,87.42150795104942,14.707871627239792,-0.2663798630237579,-11.621098518371582,11.354718208312988,12.034000396728516,1.0852912664413452,1.062882423400879,0.3499999940395355,1,1.306109070777893,-1.5567293248709364,137.0,1165.0,77.0,309.0,7.0,0.0,0.0,25.0,0.0,0.0,0.0,0.0,0.0,0.0,0.9821883,20.0,3B,2001,4.46,250,47,,,,,,,,,,,,,,,,,,
Ray Durham,CHW,152,691,20,104,65,23,0.092619392,0.15918958,0.199672668,0.293634496,0.266775777,0.337226277,0.466448445,0.343117821251542,,108.02191979978996,0.2357320159208029,7.22479176653157,8.111333131790161,3.8564195946610345,Ray Durham,230,113660,611,163,91,42,10,64,3,110,4,6,6,10,10,0.581818181,0.803674722,7.030514717392141,,,,0.2357320159208029,95.0572134523334,9.314683247977673,0.7676537036895752,-11.784627914428713,12.552282333374023,3.04229998588562,0.2102271467447281,0.9688512086868286,2.31333327293396,3,0.403997391462326,0.3883365570394728,148.0,1294.1,280.0,447.0,10.0,0.0,0.0,88.0,0.0,0.0,0.0,0.0,0.0,0.0,0.98643148,6.0,2B,2001,4.28,285,72,,,,,,,,,,,,,,,,,,
Miguel Tejada,OAK,162,683,31,107,113,11,0.06295754,0.130307467,0.209003216,0.266798418,0.266881028,0.325513196,0.475884244,0.3404839770480484,,109.44502068986502,-0.0017716367729008,8.131888237054966,6.362807273864746,3.7309923842518096,Miguel Tejada,941,123173,622,166,101,31,3,43,5,89,13,4,1,14,5,0.483146067,0.80139744,5.241108206711139,,,,-0.0017716367729008,92.43500559471504,7.685153019353323,0.7483423948287964,-12.261588096618652,13.009929656982422,19.450000762939453,1.8872898817062376,0.9839818477630616,,0,1.0675402879714966,-0.3070156944233095,160.0,1431.1,257.0,472.0,20.0,0.0,0.0,93.0,0.0,0.0,0.0,0.0,0.0,0.0,0.97329773,-1.0,SS,2001,4.17,296,65,,,,,,,,,,,,,,,,,,
Frank Catalanotto,TEX,133,512,11,77,54,15,0.076171875,0.107421875,0.159827214,0.356783919,0.330453563,0.391389432,0.490280777,0.3806013467274313,,129.35777596590455,0.7987591222627088,19.7507789980318,-0.1598057746887207,3.660273831363632,Frank Catalanotto,1241,112131,463,153,106,31,5,39,3,55,8,1,1,5,5,0.709090909,0.881670209,5.860790932970377,,,,0.7987591222627088,86.66714209866949,23.13577384305425,0.0568240173161029,-8.655619621276855,8.712444305419922,13.975700378417969,1.3467302322387695,0.9634311199188232,1.347382664680481,23,1.7009423971176147,-1.641961514996129,102.0,909.1,217.0,44.0,4.0,0.0,0.0,8.0,0.0,0.0,0.0,0.0,0.0,0.0,4.905973749999999,4.0,LF,2001,4.23,227,47,,,,,,,,,,,,,,,,,,
Shannon Stewart,TOR,155,698,12,103,60,27,0.065902578,0.103151862,0.146875,0.341113105,0.315625,0.371060171,0.4625,0.3621271583579021,,119.48606795513123,1.025382459105458,18.17450981542125,-5.4451117515563965,3.616294904555535,Shannon Stewart,1322,122784,640,202,139,44,7,46,1,72,11,1,0,9,10,0.638888888,0.833560171,6.259170377000988,,,,1.025382459105458,107.24391294231528,20.632789812589824,1.334357976913452,-11.650047302246094,12.984405517578123,17.741100311279297,1.6208624839782717,0.9569283723831176,,0,2.064471960067749,-0.6700541379789438,142.0,1216.1,257.0,7.0,5.0,0.0,0.0,0.0,0.0,0.0,0.0,0.0,0.0,0.0,0.98141264,2.0,LF,2001,3.95,296,63,,,,,,,,,,,,,,,,,,
Magglio Ordonez,CHW,160,671,31,97,113,25,0.104321907,0.104321907,0.227655987,0.303030303,0.305227655,0.381520119,0.532883642,0.3876326084136963,,137.886565464931,1.927020110480953,33.98012814307088,-20.155331134796143,3.5972710285174294,Magglio Ordonez,248,120044,593,181,109,40,1,70,7,70,5,3,0,14,7,1.0,0.914403761,4.569698757844274,,,,1.927020110480953,117.57225583845953,34.31141970658876,2.597848892211914,-10.50469970703125,13.102547645568848,35.584999084472656,3.3736019134521484,0.94475257396698,2.7243001461029053,4,2.5324621200561523,0.2173042884159048,151.0,1329.1,286.0,11.0,5.0,0.0,0.0,0.0,0.0,0.0,0.0,0.0,0.0,0.0,1.9833887,-13.0,RF,2001,3.39,316,72,,,,,,,,,,,,,,,,,,
Fred McGriff,- - -,146,586,31,67,102,1,0.112627986,0.180887372,0.237816765,0.331578947,0.306042884,0.385665529,0.543859649,0.3890849616098986,,138.88594428805436,-0.7057068539434113,28.383483592302444,-11.598422288894652,3.587308624570989,Fred McGriff,293,118730,513,157,99,25,2,66,13,106,3,4,0,13,2,0.622641509,0.929525178,1.7784463279230305,,,,-0.7057068539434113,103.3967140395524,30.683077715742773,4.088087797164917,-8.843041896820068,12.931129455566406,38.12400150299072,3.7680702209472656,0.9468896384973412,2.2641000747680664,6,3.3516796827316284,0.9657060304043544,123.0,1022.0,922.0,82.0,13.0,0.0,0.0,82.0,0.0,0.0,0.0,0.0,0.0,0.0,0.98721731,-1.0,1B,2001,3.6799999999999997,279,58,,,,,,,,,,,,,,,,,,
Moises Alou,HOU,136,581,27,79,108,5,0.098106712,0.098106712,0.222222222,0.327231121,0.331384015,0.395869191,0.553606237,0.3959664993605706,,136.11889423804436,0.5260493886307813,27.94816876065156,-10.17628526687622,3.587306337325366,Moises Alou,261,110189,513,170,111,31,1,57,14,57,3,8,0,18,1,1.0,0.949475428,3.268062938178516,,,,0.5260493886307813,105.89831090016229,33.8050980944739,3.108232259750366,-10.146636009216309,13.254867553710938,32.17900085449219,3.0721192359924316,1.0713402032852173,2.317999839782715,2,3.258845090866089,-0.3575890283948872,130.0,1116.2,205.0,10.0,2.0,0.0,0.0,3.0,0.0,0.0,0.0,0.0,0.0,0.0,0.99078341,-4.0,RF,2001,2.95,284,59,,,,,,,,,,,,,,,,,,
Mark McLemore,SEA,125,487,5,78,57,39,0.141683778,0.172484599,0.119804401,0.343558282,0.286063569,0.38429752,0.40586797,0.3503608378497037,,117.7598964588849,4.732592996908352,15.637746443554414,3.221194908022881,3.501641595315135,Mark McLemore,1088,118808,409,117,87,16,9,69,0,84,0,6,3,6,7,0.821428571,0.79016549,8.34375380562744,,,,4.732592996908352,69.9777730189279,9.548522353918878,2.9091601371765137,-7.33128547668457,10.240446090698242,18.292400360107425,1.798373103141785,0.9933441877365112,1.1607428789138794,14,1.4913156032562256,1.4373370964746566,100.0,916.1,165.0,147.0,12.0,0.0,0.0,33.0,0.0,0.0,0.0,0.0,0.0,0.0,4.827968,3.0,LF,2001,3.46,166,30,,,,,,,,,,,,,,,,,,
Jorge Posada,NYY,138,557,22,59,95,2,0.111310592,0.236983842,0.198347107,0.334328358,0.276859504,0.362657091,0.475206611,0.3557083570761044,,119.64016668799542,-2.2311395322321914,11.561988095745823,4.8054704666137695,3.4796171113613426,Jorge Posada,841,120691,484,134,83,28,1,62,10,132,6,5,0,10,6,0.469696969,0.837863702,2.0429090093486546,,,,-2.2311395322321914,82.55572995723216,13.44055003852575,2.1661999225616455,-9.332039833068848,11.49824047088623,30.469999313354492,3.0174238681793213,1.043405294418335,3.0876400470733643,5,1.2462669610977173,0.8298198041790803,127.0,1120.2,1003.0,52.0,11.0,0.0,0.0,12.0,0.0,0.0,0.0,0.0,18.0,41.0,1.98961284,-4.0,C,2001,2.97,230,51,,,,,,,,,,,,,,,,,,
Trot Nixon,BOS,148,633,27,100,88,7,0.124802527,0.178515007,0.224299066,0.306733167,0.280373831,0.376395534,0.504672897,0.3775745194179181,,130.58911261838716,-0.3750575156300328,24.03860735377457,-10.473708629608154,3.454444486624573,Trot Nixon,204,119811,535,150,88,31,4,79,1,113,7,6,6,8,4,0.699115044,0.881068431,4.564745743947036,,,,-0.3750575156300328,105.5283097023137,26.982692308164403,2.776143789291382,-9.775460243225098,12.55160427093506,24.185800552368164,2.3748819828033447,0.9794304370880128,2.3732001781463623,3,2.854656219482422,-0.0202090916749013,137.0,1248.1,280.0,7.0,8.0,0.0,0.0,4.0,0.0,0.0,0.0,0.0,0.0,0.0,1.9458950000000002,-8.0,RF,2001,3.75,270,62,,,,,,,,,,,,,,,,,,
Kevin Millar,FLA,144,495,20,62,85,0,0.078787878,0.141414141,0.242761693,0.335180055,0.31403118,0.373737373,0.556792873,0.3933002569128969,,141.66747937486232,-0.031579453323502,26.920536510885032,-8.096020221710205,3.4171125924366517,Kevin Millar,529,132788,449,141,77,39,5,39,2,70,5,2,0,8,0,0.557142857,0.930530246,2.9084821400000003,,,,-0.031579453323502,89.10677246383278,27.684844169829777,3.839560270309448,-7.79096794128418,11.630528450012209,35.37200164794922,3.5463271141052246,1.0000524520874023,1.5643786191940308,28,2.9424891471862793,0.8968697407352106,110.0,889.5,266.0,19.0,2.0,0.0,0.0,11.0,0.0,0.0,0.0,0.0,0.0,0.0,3.97959184,-3.0,RF,2001,2.82,250,64,,,,,,,,,,,,,,,,,,
Mark Kotsay,SDP,119,460,10,67,58,13,0.104347826,0.126086956,0.150246305,0.316715542,0.290640394,0.366013071,0.440886699,0.351831234828874,,117.29907302091864,0.4048627081210725,10.80337242734362,8.395747065544128,3.3646234056892346,Mark Kotsay,1042,117276,406,118,78,29,1,48,1,58,2,3,1,11,5,0.827586206,0.80689977,4.78242139433562,,,,0.4048627081210725,66.67024917229988,9.591285505145551,1.833740472793579,-7.532192230224609,9.365931510925291,19.44700050354004,1.837250828742981,1.003216028213501,1.5612857341766355,7,1.0342402458190918,0.7936217711575038,99.0,878.0,277.0,4.0,4.0,0.0,0.0,1.0,0.0,0.0,0.0,0.0,0.0,0.0,2.98555957,7.0,CF,2001,3.47,179,40,,,,,,,,,,,,,,,,,,
Jose Valentin,CHW,124,502,28,74,68,9,0.099601593,0.227091633,0.251141553,0.284280936,0.257990867,0.336032388,0.50913242,0.3578128142327797,,117.8806832897233,-0.8234436782076955,10.49404889581512,5.704618692398071,3.2926120395394616,Jose Valentin,256,123610,438,113,61,22,2,50,2,114,3,3,8,7,6,0.438596491,0.845164808,4.57682245149836,,,,-0.8234436782076955,75.29754055993419,13.007019340561436,1.9465564489364624,-8.833450317382812,10.780006408691406,7.1431989669799805,0.7020082473754883,1.0271422863006592,1.7869999408721924,10,0.7567150592803955,1.1384035381119404,111.0,956.4,159.0,233.0,22.0,0.0,0.0,44.0,0.0,0.0,0.0,0.0,0.0,0.0,2.87834587,3.0,3B,2001,3.0,223,52,,,,,,,,,,,,,,,,,,
Mike Lowell,FLA,146,614,18,65,100,1,0.070032573,0.128664495,0.165154265,0.297413793,0.283121597,0.340390879,0.448275862,0.3383204009255879,,106.07742801448464,-0.7046453597140498,4.171522337480649,9.144495248794556,3.282868276091726,Mike Lowell,527,136780,551,156,101,37,0,43,3,79,10,10,0,9,2,0.544303797,0.788666741,1.515715317320152,,,,-0.7046453597140498,81.97305474925388,5.785046723965292,-0.3733117282390594,-11.264562606811523,10.891249656677246,12.262999534606934,1.1982197761535645,1.0402530431747437,1.170799970626831,2,0.7319439649581909,-1.0908102337842365,142.0,1250.2,108.0,260.0,9.0,0.0,0.0,35.0,0.0,0.0,0.0,0.0,0.0,0.0,0.97612732,7.0,3B,2001,2.75,247,55,,,,,,,,,,,,,,,,,,
Frank Menechino,OAK,139,578,12,82,60,2,0.1366782,0.167820069,0.13163482,0.277173913,0.242038216,0.368695652,0.373673036,0.3355898111799489,,106.1615605456035,-0.9435666734352708,3.546791139343556,9.053045749664308,3.2080140409961015,Frank Menechino,931,236427,471,114,78,22,2,79,0,97,19,6,3,13,3,0.814432989,0.742368688,3.261508179088813,,,,-0.9435666734352708,75.83176019443738,4.110801499621745,0.9124197959899902,-9.47624969482422,10.388669967651367,8.420999526977539,0.8356396555900574,0.9758734703063964,2.259999990463257,1,0.5515599846839905,0.3834175751665877,128.0,1172.4,253.0,408.0,16.0,0.0,0.0,90.0,0.0,0.0,0.0,0.0,0.0,0.0,1.47777778,7.0,2B,2001,3.31,176,36,,,,,,,,,,,,,,,,,,
Bobby Higginson,DET,147,634,17,84,71,20,0.126182965,0.102523659,0.168207024,0.284188034,0.277264325,0.367088607,0.445471349,0.3518650467331345,,118.3306861845552,-1.2346801668172702,13.41844875302857,-2.7918195724487305,3.198317641126676,Bobby Higginson,469,115915,541,150,99,28,6,80,3,65,2,9,1,8,12,1.23076923,0.812559956,5.541613468235793,,,,-1.2346801668172702,91.90712879384162,13.23742669606807,2.396090030670166,-10.33378791809082,12.729878425598145,17.20400047302246,1.6917579174041748,0.9787680506706238,,0,1.675451397895813,0.7726158730254578,142.0,1215.1,321.0,10.0,8.0,0.0,0.0,1.0,0.0,0.0,0.0,0.0,0.0,0.0,0.97640118,4.0,LF,2001,3.39,241,51,,,,,,,,,,,,,,,,,,
David Bell,SEA,135,510,15,62,64,2,0.05490196,0.115686274,0.155319149,0.2675,0.259574468,0.302970297,0.414893617,0.3091074902386892,,90.08332677394031,-0.0612126895575784,-6.437950621426578,20.86556851863861,3.1834608211496547,David Bell,1108,110816,470,122,79,28,0,28,1,59,3,4,5,8,1,0.474576271,0.717863914,2.6908384775034464,,,,-0.0612126895575784,55.48575895080808,-7.797439897558658,-0.5672199130058289,-8.377723693847656,7.810503959655762,-8.730999946594238,-0.7768893837928772,0.9037269353866576,2.3059332370758057,3,-0.4841852784156799,-0.1434599657344736,121.0,1136.0,99.0,257.0,14.0,0.0,0.0,22.0,0.0,0.0,0.0,0.0,0.0,0.0,1.9615384599999999,19.0,3B,2001,3.27,195,43,,,,,,,,,,,,,,,,,,
Orlando Cabrera,MON,162,684,14,64,96,19,0.062865497,0.078947368,0.151757188,0.281415929,0.276357827,0.323529411,0.428115015,0.321581588851081,,87.02268520929294,0.7331236844183877,-10.866165596812523,20.235955715179443,3.1351990747872622,Orlando Cabrera,766,111851,626,173,112,41,6,43,5,54,4,7,4,15,7,0.796296296,0.751644426,5.183754477797619,,,,0.7331236844183877,81.6335936058941,-3.240343673091875,1.7435119152069092,-11.930461883544922,13.67397403717041,3.766200304031372,0.4408910572528839,1.0244208574295044,,0,-0.8221637606620789,2.524112625293517,160.0,1406.2,246.0,515.0,11.0,0.0,0.0,106.0,0.0,0.0,0.0,0.0,0.0,0.0,0.9857513,13.0,SS,2001,3.56,268,61,,,,,,,,,,,,,,,,,,
Charles Johnson,FLA,128,496,18,51,75,0,0.076612903,0.268145161,0.190687361,0.326732673,0.259423503,0.320564516,0.450110864,0.3302164144120235,,100.8314830940734,-0.0283949706354178,0.5105265648183099,15.096364974975586,3.126610970717497,Charles Johnson,523,116569,451,117,67,32,0,38,2,133,4,3,0,8,0,0.285714285,0.77067538,1.02333159,,,,-0.0283949706354178,62.81914299770348,1.2731300000762256,0.2430517673492431,-9.222249984741213,9.465302467346191,15.003000259399414,1.4587419033050537,1.024060606956482,2.381924867630005,8,0.7756540179252625,-0.5383128237633316,120.0,1061.0,846.0,62.0,4.0,0.0,0.0,15.0,0.0,0.0,0.0,0.0,8.0,30.0,0.99561404,6.0,C,2001,2.45,203,50,,,,,,,,,,,,,,,,,,
Preston Wilson,FLA,123,513,23,70,71,20,0.070175438,0.208576998,0.22008547,0.307917888,0.273504273,0.331384015,0.493589743,0.3504075825564315,,113.90181036905535,0.5117170254816301,9.830928430387932,4.799261927604675,3.0787210119763224,Preston Wilson,545,133343,468,128,73,30,2,36,2,107,6,3,0,14,8,0.336448598,0.824973758,5.58830185488036,,,,0.5117170254816301,73.73403723178961,10.078584272550136,-0.532548189163208,-11.167198181152344,10.634650230407717,-7.0920000076293945,-0.6349781155586243,1.0864990949630735,2.24399995803833,2,1.290053129196167,-1.7802037345966322,120.0,1049.1,286.0,12.0,2.0,0.0,0.0,4.0,0.0,0.0,0.0,0.0,0.0,0.0,0.99333333,3.0,CF,2001,2.79,231,55,,,,,,,,,,,,,,,,,,
Jeromy Burnitz,MIL,154,651,34,104,100,0,0.122887864,0.230414746,0.252669039,0.280104712,0.250889679,0.347158218,0.503558718,0.3582618780596605,,114.88218060849616,-1.7681578240008091,10.891967297118732,-1.8586921691894531,2.97829520239121,Jeromy Burnitz,867,111742,562,141,71,32,4,80,9,150,5,4,0,8,4,0.533333333,0.850716936,3.795849655580399,,,,-1.7681578240008091,97.89409940654328,17.11495734715752,1.9766042232513428,-10.80098819732666,12.777591705322266,19.604000091552734,1.8287080526351929,0.9450891017913818,0.5852000117301941,1,1.5052921772003174,0.5861553059044624,152.0,1333.1,294.0,14.0,6.0,0.0,0.0,4.0,0.0,0.0,0.0,0.0,0.0,0.0,0.98089172,5.0,RF,2001,2.69,283,70,,,,,,,,,,,,,,,,,,
Ronnie Belliard,MIL,101,410,11,69,36,5,0.085365853,0.158536585,0.18956044,0.293103448,0.263736263,0.334975369,0.453296703,0.3385288575203112,,102.10842553258362,0.1115424392046406,1.2411629309060097,15.417466878890991,2.972406184156858,Ronnie Belliard,677,150071,364,96,52,30,3,35,2,65,5,2,4,5,2,0.538461538,0.788272072,5.650397890843819,,,,0.1115424392046406,54.81000368221403,3.9352751962721393,-0.7972782850265503,-6.689477920532227,5.892199993133545,3.61769962310791,0.3414082825183868,0.917937397956848,0.2863999903202057,5,0.1800180375576019,-1.0485721315526153,93.0,826.2,213.0,290.0,5.0,0.0,0.0,66.0,0.0,0.0,0.0,0.0,0.0,0.0,0.99015748,14.0,2B,2001,3.53,165,44,,,,,,,,,,,,,,,,,,
Reggie Sanders,ARI,126,496,33,84,90,14,0.092741935,0.254032258,0.285714286,0.29122807,0.263038548,0.337373737,0.548752834,0.3680984082280612,,117.97125463364344,-1.5502032123622485,10.097774010777734,3.754785060882568,2.96209663013063,Reggie Sanders,1129,121673,441,116,59,21,3,46,7,126,5,3,1,2,10,0.365079365,0.886126571,5.819738077565457,,,,-1.5502032123622485,78.71302412961124,17.167011131983976,1.3460278511047363,-9.909760475158691,11.25578784942627,12.624401092529297,1.1927194595336914,1.0628265142440796,1.7020221948623655,9,1.9906641244888303,-0.7242035751280727,117.0,1019.2,231.0,5.0,1.0,0.0,0.0,3.0,0.0,0.0,0.0,0.0,0.0,0.0,0.99578059,9.0,RF,2001,3.26,242,57,,,,,,,,,,,,,,,,,,
Fernando Viña,STL,154,690,9,95,56,17,0.046376811,0.050724637,0.115689382,0.308998302,0.302694136,0.356622998,0.418383518,0.3389961842382163,,104.31228783498932,0.3222433626069687,4.210431496444958,3.227931261062622,2.938142128313683,Fernando Vina,1189,123726,631,191,144,30,8,32,3,35,22,2,3,7,7,0.914285714,0.775006516,6.145847252196068,,,,0.3222433626069687,92.5139885199092,6.895543019177726,0.6273234486579895,-10.900086402893066,11.527410507202148,2.7509005069732666,0.3640778064727783,0.9105488061904908,2.3766000270843506,2,0.3679007589817047,0.3210501730200125,149.0,1299.1,315.0,383.0,9.0,0.0,0.0,100.0,0.0,0.0,0.0,0.0,0.0,0.0,0.98727016,1.0,2B,2001,2.53,264,47,,,,,,,,,,,,,,,,,,
Richie Sexson,MIL,158,667,45,94,125,2,0.089955022,0.266866566,0.275919732,0.309523809,0.27090301,0.341829085,0.546822742,0.372568293730658,,124.14313736020615,-1.3692193122697065,19.673893221801855,-11.7684326171875,2.9078461319660436,Richie Sexson,709,122027,598,162,90,24,3,60,5,178,6,3,0,20,4,0.337078651,0.888651827,3.0695117017857143,,,,-1.3692193122697065,108.37193104156412,25.60743372419035,1.925763726234436,-11.521076202392578,13.446840286254885,26.319000244140625,2.5922558307647705,0.9554636478424072,,0,2.9308810234069824,-0.9153530327993598,157.0,1372.2,1355.0,129.0,8.0,0.0,0.0,126.0,0.0,0.0,0.0,0.0,0.0,0.0,0.99463807,0.0,1B,2001,2.77,327,72,,,,,,,,,,,,,,,,,,
Shane Halter,DET,136,507,12,53,65,3,0.072978303,0.197238658,0.182222222,0.337209302,0.284444444,0.344,0.466666666,0.3464412947735154,,114.691930598471,-0.7284403776866384,8.66336788518627,2.9789669513702393,2.85751579841778,Shane Halter,468,115370,450,128,77,32,7,37,2,100,7,6,7,14,3,0.37,0.810666666,4.441880975177251,,,,-0.7284403776866384,71.17063781510612,8.259693077612136,0.3937557935714721,-8.954804420471191,9.348560333251951,3.95300030708313,0.365137368440628,0.9470679759979248,,0,-0.2904446423053741,0.7062076113325677,126.0,1112.3,222.0,326.0,26.0,0.0,0.0,68.0,0.0,0.0,0.0,0.0,0.0,0.0,2.89137987,0.0,3B,2001,3.27,210,51,,,,,,,,,,,,,,,,,,
Craig Biggio,HOU,155,717,20,118,70,7,0.092050209,0.139470013,0.1636953,0.318091451,0.291734197,0.382147838,0.455429497,0.3649285381338539,,116.02712400068248,-0.3854070843663066,14.630970887959029,-8.80234980583191,2.839748204994166,Craig Biggio,549,110987,617,180,122,35,3,66,4,100,28,6,0,11,4,0.66,0.837577335,4.682092350668395,,,,-0.3854070843663066,111.86221157934332,22.89347908075715,3.589602470397949,-10.558823585510254,14.148426055908203,31.794700622558594,2.9937448501586914,0.9372344613075256,1.8315999507904053,1,2.3019282817840576,1.528065832378298,152.0,1344.2,280.0,389.0,11.0,0.0,0.0,86.0,0.0,0.0,0.0,0.0,0.0,0.0,0.98382353,-11.0,2B,2001,3.27,281,58,,,,,,,,,,,,,,,,,,
Matt Lawton III,- - -,151,657,13,95,64,29,0.129375951,0.121765601,0.137745975,0.303418803,0.277280858,0.382039573,0.415026833,0.3515435528645317,,113.46212716332576,2.2899564206018113,13.414090398068236,-6.9821693897247314,2.8166476284598883,Matt Lawton III,390,117566,559,155,105,36,1,85,6,80,11,2,0,16,8,1.0625,0.797066406,5.072872267669508,,,,2.2899564206018113,95.12920409011204,13.605553808980783,1.971311867237091,-11.066328048706056,13.03764009475708,13.61269998550415,1.298701524734497,1.022242831810779,1.8427666425704956,6,0.928024634718895,1.0003937467973163,136.0,1210.1,289.0,3.0,4.0,0.0,0.0,2.0,0.0,0.0,0.0,0.0,0.0,0.0,0.98648649,0.0,RF,2001,2.56,232,50,,,,,,,,,,,,,,,,,,
Einar Díaz,CLE,134,478,4,54,56,1,0.035564853,0.092050209,0.109839817,0.300771208,0.276887871,0.327659574,0.386727688,0.3152219664543233,,90.26490416455306,-0.6950919116497971,-6.562286851286395,18.559927940368652,2.814516212934725,Einar Diaz,378,113330,437,121,82,34,1,17,0,44,16,0,8,11,2,0.386363636,0.714387262,2.828795461018963,,,,-0.6950919116497971,54.476607780671706,-4.83588055171908,-1.1312402486801147,-8.855634689331055,7.724393844604492,-4.684999942779541,-0.4343949854373932,0.9880334734916688,2.045599937438965,3,-0.9663503766059875,-0.1785908415112076,126.0,1116.2,959.0,93.0,8.0,0.0,0.0,11.0,0.0,0.0,0.0,0.0,7.0,43.0,1.9924457,9.0,C,2001,2.83,169,39,,,,,,,,,,,,,,,,,,
Robin Ventura,NYM,142,549,21,70,61,2,0.160291438,0.183970856,0.182017544,0.257396449,0.236842105,0.358834244,0.418859649,0.3367994717410411,,105.09599394548272,-1.8001794222509488,1.8556985088722024,7.957012176513672,2.730183834959617,Robin Ventura,854,123697,456,108,67,20,0,88,10,101,1,4,0,13,5,0.871287128,0.777693893,1.8839709231880348,,,,-1.8001794222509488,72.58881316155708,4.466310871844663,0.5130915641784668,-9.872810363769531,10.385902404785156,9.083999633789062,0.9840254187583924,1.0689274072647097,1.371649980545044,4,1.6161699295043943,-1.1361639340632048,130.0,1141.1,89.0,263.0,16.0,0.0,0.0,22.0,0.0,0.0,0.0,0.0,0.0,0.0,0.95652174,6.0,3B,2001,2.53,191,41,,,,,,,,,,,,,,,,,,
Richard Hidalgo,HOU,146,593,19,70,80,3,0.091062394,0.180438448,0.1796875,0.307304785,0.275390625,0.355817875,0.455078125,0.3488638789977057,,105.62800538759537,-1.6030985284014605,2.7580375342102013,5.569836676120758,2.7236833302300703,Richard Hidalgo,561,115902,512,141,90,29,3,54,3,107,16,11,0,15,5,0.504672897,0.810896,3.0278733266678732,,,,-1.6030985284014605,84.45817836241872,10.87594911323937,0.2152861356735229,-11.256668090820312,11.471954345703123,2.8279998302459717,0.1580219715833664,1.078309416770935,1.264699935913086,4,0.8592443466186523,-0.6595928066013067,137.0,1234.3000000000002,332.0,12.0,3.0,0.0,0.0,4.0,0.0,0.0,0.0,0.0,0.0,0.0,2.98965517,5.0,CF,2001,1.93,233,51,,,,,,,,,,,,,,,,,,
Ramon Hernandez,OAK,136,509,15,55,60,1,0.072691552,0.133595284,0.154525386,0.267379679,0.253863134,0.316,0.40838852,0.3131666741140891,,91.11804161933256,-0.2628049338818528,-5.962989348534764,15.66795253753662,2.6887928690054173,Ramon Hernandez,918,150421,453,115,75,25,0,37,3,68,6,4,9,10,1,0.544117647,0.72438852,1.9099061663902,,,,-0.2628049338818528,57.1246837726554,-6.034430372087089,-1.834456443786621,-9.389665603637695,7.555210113525391,-9.631999969482422,-0.8517297506332397,0.9488969445228576,3.003999948501587,3,-0.1548865437507629,-1.7783649588231625,127.0,1135.2,912.0,69.0,12.0,0.0,0.0,15.0,0.0,0.0,0.0,0.0,4.0,27.0,1.7888664,6.0,C,2001,2.26,185,40,,,,,,,,,,,,,,,,,,
Garret Anderson,ANA,161,704,28,83,123,13,0.038352272,0.142045454,0.188988095,0.302367941,0.288690476,0.313920454,0.477678571,0.3344744873046875,,103.8177465266568,-0.0329971143510192,3.355773247190766,-0.6389050483703613,2.6698753002818245,Garret Anderson,2,110236,672,194,125,39,2,27,4,100,0,5,0,12,6,0.27,0.791599025,3.954055587102524,,,,-0.0329971143510192,91.69837405264286,4.342742701171913,1.5461124181747437,-13.884076118469238,15.430188179016112,13.571999549865724,1.4005684852600098,1.0768519639968872,,0,1.2030704021453855,0.2327002235923716,149.0,1307.2,313.0,9.0,2.0,0.0,0.0,2.0,0.0,0.0,0.0,0.0,0.0,0.0,1.9934426200000002,7.0,LF,2001,2.71,321,69,,,,,,,,,,,,,,,,,,
Jeff Conine,BAL,139,601,14,75,97,12,0.106489184,0.124792013,0.131679389,0.336343115,0.311068702,0.386023294,0.442748091,0.3595432399701671,,123.58893942767068,-1.107920641603414,16.767047540394362,-10.279037475585938,2.6682268525933655,Jeff Conine,131,112559,524,163,124,23,2,64,6,75,5,8,0,12,8,0.853333333,0.828771385,3.85728120302278,,,,-1.107920641603414,91.02677234604978,16.451865467876434,2.5076019763946533,-9.562372207641602,12.069973945617676,36.404998779296875,3.7320303916931152,1.0200753211975098,1.60479998588562,1,2.1069140434265137,0.3513377388544976,126.0,1103.2,746.0,71.0,4.0,0.0,0.0,61.0,0.0,0.0,0.0,0.0,0.0,0.0,3.9942446,-2.0,1B,2001,2.88,232,39,,,,,,,,,,,,,,,,,,
Carlos Guillén,SEA,140,523,5,72,53,4,0.101338432,0.170172084,0.096491228,0.307065217,0.258771929,0.333333333,0.355263157,0.306855071076127,,88.57219520468766,0.3300299890106544,-7.205727128954587,15.65329122543335,2.622622851310796,Carlos Guillen,1079,136722,456,118,88,21,4,53,0,89,1,6,7,9,1,0.595505617,0.68859649,5.0494116461984735,,,,0.3300299890106544,55.90362694015263,-8.992673055329343,0.0097536547109484,-7.898762226104736,7.908515930175781,0.6040000915527344,0.1349672973155975,0.896506130695343,1.7039999961853027,5,-0.4150005578994751,0.4258801875829703,123.0,1120.0,185.0,313.0,10.0,0.0,0.0,75.0,0.0,0.0,0.0,0.0,0.0,0.0,0.98031496,10.0,SS,2001,3.31,162,30,,,,,,,,,,,,,,,,,,
Marlon Anderson,PHI,147,574,11,69,61,8,0.060975609,0.12891986,0.12835249,0.321266968,0.293103448,0.336879432,0.421455938,0.3261993711877594,,96.26405241269492,-0.599117910140194,-3.4013435706875477,11.075908184051514,2.608209186437158,Marlon Anderson,947,136724,522,153,110,30,2,35,5,74,2,5,10,12,5,0.472972972,0.75833537,4.001746791734399,,,,-0.599117910140194,70.7475141920003,-0.4771056883183495,1.5071303844451904,-10.058465957641602,11.565595626831056,12.105999946594238,1.2553982734680176,1.034784913063049,1.6066750288009644,8,1.139399170875549,0.3170681252932354,138.0,1210.2,270.0,387.0,12.0,0.0,0.0,86.0,0.0,0.0,0.0,0.0,0.0,0.0,0.98206278,9.0,2B,2001,2.91,220,43,,,,,,,,,,,,,,,,,,
Mark Grace,ARI,145,553,15,66,78,1,0.121157323,0.065099457,0.168067227,0.295348837,0.298319327,0.385869565,0.466386554,0.3674164301964826,,117.52979052402236,0.157805607363116,12.825345955323764,-4.525033950805664,2.592927085545779,Mark Grace,56,115007,476,142,94,31,2,67,6,36,4,5,1,7,0,1.861111111,0.852256119,2.5757897050705454,,,,0.157805607363116,87.43965917715138,18.820818072941957,2.893009901046753,-9.41032600402832,12.303336143493652,28.183000564575195,2.7588887214660645,1.079362392425537,2.55430006980896,10,2.2146947383880615,0.465600518653086,127.0,1111.0,995.0,62.0,5.0,0.0,0.0,99.0,0.0,0.0,0.0,0.0,0.0,0.0,0.9952919,5.0,1B,2001,2.43,222,48,,,,,,,,,,,,,,,,,,
Rey Sanchez,- - -,149,579,0,56,37,11,0.025906735,0.08462867,0.055147058,0.306,0.28125,0.300353356,0.336397058,0.2787196310220566,,60.80787429675511,1.729233889200259,-27.41275609309888,33.39060068130493,2.579221214418598,Rey Sanchez,213,121663,544,153,129,18,6,15,1,49,2,5,13,20,1,0.306122448,0.636750414,5.693661460605506,,,,1.729233889200259,48.03869629783219,-23.806347100607685,-2.7691155076026917,-10.96554398536682,8.196428060531616,-29.05289936065674,-2.8885990381240845,0.9956118206347316,1.0360000133514404,1,-2.4164472818374634,-0.3648731587307292,143.0,1242.1,217.0,479.0,6.0,0.0,0.0,130.0,0.0,0.0,0.0,0.0,0.0,0.0,0.99145299,27.0,SS,2001,3.44,183,24,,,,,,,,,,,,,,,,,,
Stan Javier,SEA,89,323,4,44,33,11,0.111455108,0.145510835,0.099644128,0.337662337,0.291814946,0.375,0.391459074,0.341271115320977,,111.66166798648946,1.741175699280575,6.490431755753769,8.15191912651062,2.5516620482040375,Stan Javier,1006372,116506,281,82,63,14,1,36,1,47,2,1,3,8,1,0.765957446,0.766459074,5.561499974514018,,,,1.741175699280575,43.92883741550202,3.8494781448697433,-0.0198776293545961,-5.8140716552734375,5.794194221496582,-4.513599872589111,-0.4456157982349396,1.045340895652771,2.15987777709961,18,0.3310855329036712,-0.3501009846450703,66.0,587.2,165.0,4.0,1.0,0.0,0.0,5.0,0.0,0.0,0.0,0.0,0.0,0.0,3.98979592,11.0,LF,2001,2.82,110,19,,,,,,,,,,,,,,,,,,
Ellis Burks,CLE,124,515,28,83,74,5,0.120388349,0.165048543,0.261958998,0.283582089,0.280182232,0.368932038,0.54214123,0.3833083401181776,,135.94355509662222,0.5332144746789709,23.87266617730784,-15.762689590454102,2.530346337679,Ellis Burks,372,111736,439,123,65,29,1,62,2,85,5,9,0,16,1,0.729411764,0.911073268,3.994825359286774,,,,0.5332144746789709,88.35421823183133,24.45059586534335,2.15819787979126,-8.434198379516602,10.592395782470703,18.972999572753903,1.7333465814590454,0.9837368726730348,1.6743333339691162,3,2.3537328243255615,-0.1598556405549156,19.0,144.2,25.0,2.0,0.0,0.0,0.0,0.0,0.0,0.0,0.0,0.0,0.0,0.0,2.0,-4.0,LF,2001,3.0,238,58,,,,,,,,,,,,,,,,,,
Darin Erstad,ANA,157,716,9,89,63,24,0.086592178,0.157821229,0.101426308,0.298449612,0.258320126,0.330985915,0.359746434,0.3038266774261659,,83.25635466600302,0.4285669328528456,-14.687034386053831,15.132824063301086,2.5047701554000197,Darin Erstad,11,113889,631,163,118,35,1,62,7,113,10,7,1,8,10,0.548672566,0.690732349,4.7479479323773015,,,,0.4285669328528456,74.69927970783817,-14.145368087123764,0.0280219949781894,-12.827563285827637,12.855586051940918,-7.940700054168701,-0.7691589593887329,1.0437514781951904,,0,-0.2444173097610473,0.2712646920772323,153.0,1340.1999999999998,463.0,17.0,1.0,0.0,0.0,11.0,0.0,0.0,0.0,0.0,0.0,0.0,1.99756098,14.0,CF,2001,2.94,227,45,,,,,,,,,,,,,,,,,,
Doug Mientkiewicz,MIN,151,626,15,77,74,2,0.107028753,0.146964856,0.158379374,0.340857787,0.305709023,0.386581469,0.464088397,0.3673075529836839,,123.0490483042497,-2.2417544745258056,15.950634011146132,-12.09850788116455,2.4978023387117054,Doug Mientkiewicz,741,137006,543,166,111,39,1,67,6,92,9,7,0,10,6,0.728260869,0.850669866,2.1596642722188326,,,,-2.2417544745258056,98.9246730166692,21.24764854788965,1.5868480205535889,-10.497482299804688,12.084330558776855,13.217000007629396,1.281415343284607,1.017824411392212,2.374039888381958,5,0.9944332838058472,0.5646254327983742,143.0,1269.1,1263.0,69.0,4.0,0.0,0.0,95.0,0.0,0.0,0.0,0.0,0.0,0.0,0.99700599,-1.0,1B,2001,2.77,252,55,,,,,,,,,,,,,,,,,,
Jose Vidro,MON,124,531,15,82,59,4,0.058380414,0.092278719,0.166666666,0.330188679,0.318930041,0.370510396,0.485596707,0.3688966176089118,,117.65107215882684,0.3294992418959737,12.5772418243304,-4.440792918205261,2.4812194332185213,Jose Vidro,802,123723,486,155,105,34,1,31,2,49,10,2,2,18,1,0.632653061,0.856107103,3.9809296331938073,,,,0.3294992418959737,84.62590166586041,18.73692404138447,2.4224965572357178,-8.148420333862305,10.570916175842283,23.7189998626709,2.310534715652466,0.961027443408966,5.036399841308594,1,1.555145502090454,0.965590584948449,121.0,1035.1,205.0,314.0,9.0,0.0,0.0,63.0,0.0,0.0,0.0,0.0,0.0,0.0,0.98295455,-6.0,2B,2001,2.25,236,50,,,,,,,,,,,,,,,,,,
Marty Cordova,CLE,122,442,20,61,69,0,0.052036199,0.183257918,0.205378973,0.332258064,0.300733496,0.348416289,0.506112469,0.3654185576676244,,123.94143067971696,-1.3265827717259526,12.015841875589828,-2.076589584350586,2.477493317470428,Marty Cordova,132,112682,409,123,81,20,2,23,0,81,8,2,0,9,3,0.283950617,0.854528758,3.0153071299309993,,,,-1.3265827717259526,69.14150582383517,14.296066821917336,0.4540019035339355,-7.423353672027588,7.877356052398682,5.21999979019165,0.4955984950065613,0.9259385466575624,1.44527268409729,11,0.8508912920951843,-0.3605759194683678,97.0,842.3000000000001,200.0,8.0,2.0,0.0,0.0,1.0,0.0,0.0,0.0,0.0,0.0,0.0,2.98684211,3.0,LF,2001,2.61,207,42,,,,,,,,,,,,,,,,,,
Bubba Trammell,SDP,142,546,25,66,92,2,0.087912087,0.142857142,0.206122449,0.263427109,0.261224489,0.329670329,0.467346938,0.3407269766663803,,110.1109654636113,-0.4990725120296702,6.714920348624936,-0.7373137474060059,2.343579840653552,Bubba Trammell,1057,123438,490,128,80,20,3,48,2,78,4,4,0,10,2,0.615384615,0.797017267,2.983982367743878,,,,-0.4990725120296702,74.00610099408985,6.255852815250173,0.9738161563873292,-9.990962028503418,10.964777946472168,26.95400047302246,2.7055916786193848,1.0133651494979858,2.068784713745117,13,1.364448070526123,-0.4034754567849153,124.0,1072.4,261.0,5.0,4.0,0.0,0.0,0.0,0.0,0.0,0.0,0.0,0.0,0.0,1.98113208,5.0,RF,2001,2.19,229,48,,,,,,,,,,,,,,,,,,
Paul Konerko,CHW,156,650,32,92,99,1,0.083076923,0.136923076,0.225085911,0.283261802,0.281786941,0.349230769,0.506872852,0.3623147115389012,,120.90097332005452,0.1591324751498177,17.288536685945843,-15.993569374084473,2.322490500129156,Paul Konerko,242,117244,582,164,97,35,0,54,6,89,9,5,0,17,0,0.606741573,0.856103621,2.157495909748882,,,,0.1591324751498177,99.97209582601992,19.31703847025838,1.2802139520645142,-10.985529899597168,12.26574420928955,12.256999015808104,1.1320780515670776,0.937644362449646,1.718400001525879,1,1.278856873512268,0.0864944295338963,144.0,1260.1,1277.0,90.0,8.0,0.0,0.0,120.0,0.0,0.0,0.0,0.0,0.0,0.0,0.99418182,-4.0,1B,2001,2.31,295,67,,,,,,,,,,,,,,,,,,
Chris Singleton,CHW,140,432,7,57,45,12,0.046296296,0.141203703,0.132653061,0.335365853,0.298469387,0.330935251,0.431122448,0.326936151607927,,97.16575579261288,-2.3824901960906573,-3.926263067124803,12.08767592906952,2.2882399282405372,Chris Singleton,170,150334,392,117,84,21,5,20,2,61,1,4,14,5,11,0.327868852,0.762057699,5.733346098802654,,,,-2.3824901960906573,53.51475447939158,-0.0898374862837798,-0.2818237245082855,-7.101838111877441,6.820013999938965,-5.314999580383301,-0.497336596250534,0.9306747317314148,0.4326666593551636,3,-0.5937560200691223,0.2909394560221062,106.0,959.3000000000001,311.0,9.0,3.0,0.0,0.0,2.0,0.0,0.0,0.0,0.0,0.0,0.0,2.99009901,11.0,CF,2001,2.21,169,33,,,,,,,,,,,,,,,,,,
Scott Brosius,NYY,120,478,13,57,49,3,0.071129707,0.173640167,0.158878505,0.326409495,0.287383177,0.343220338,0.446261682,0.3399085439266042,,109.0401874144469,0.1358682042919099,5.584252354582532,0.8530000448226929,2.248281233386954,Scott Brosius,1001477,111515,428,123,83,25,2,34,2,83,5,5,6,10,1,0.409638554,0.78948202,3.759211163507411,,,,0.1358682042919099,64.45830140950693,5.145813077116146,0.8105001449584961,-7.6439337730407715,8.45443344116211,-7.933000087738037,-0.7700548768043518,0.9380226731300354,,0,0.375152438879013,0.4888993246609699,120.0,1080.2,82.0,237.0,22.0,0.0,0.0,21.0,0.0,0.0,0.0,0.0,0.0,0.0,1.93529412,-1.0,3B,2001,2.09,191,40,,,,,,,,,,,,,,,,,,
David Eckstein,ANA,153,664,4,82,41,29,0.064759036,0.090361445,0.072164949,0.311538461,0.285223367,0.354938271,0.357388316,0.3208010208643513,,94.64431773394293,4.0183082110015675,-0.4654818866891546,0.0946316719055175,2.207230132510551,David Eckstein,10,275930,582,166,134,26,2,43,0,60,21,2,16,11,4,0.716666666,0.712326587,5.761116534702126,,,,4.0183082110015675,78.8082224745978,-3.5840207319032165,0.022717747837305,-11.238964080810549,11.26168155670166,-2.767700433731079,-0.2155496925115585,0.9896928668022156,1.1628000736236572,2,0.4407936036586761,-0.417839262368223,132.0,1167.1,200.0,367.0,18.0,0.0,0.0,75.0,0.0,0.0,0.0,0.0,0.0,0.0,1.92063543,-4.0,SS,2001,4.26,208,32,,,,,,,,,,,,,,,,,,
Dan Wilson,SEA,123,408,10,44,42,3,0.049019607,0.169117647,0.137931034,0.301003344,0.265251989,0.305,0.403183023,0.3074351711571216,,88.9613801132017,-0.2887229403131641,-5.967271344038217,14.050411224365234,2.187688199598952,Dan Wilson,1102,124383,377,100,69,20,1,20,0,69,2,1,8,6,2,0.289855072,0.708183023,3.235295147855582,,,,-0.2887229403131641,43.81144910241661,-6.81510997627678,-1.0264885425567627,-6.2852864265441895,5.258798122406006,-9.239999771118164,-1.0509371757507324,0.8340005278587341,1.5960856676101685,7,-0.5747262835502625,-0.6560745472264693,105.0,943.0,714.0,32.0,1.0,0.0,0.0,1.0,0.0,0.0,0.0,0.0,3.0,23.0,1.99865591,6.0,C,2001,2.1,152,31,,,,,,,,,,,,,,,,,,
Robert Fick,DET,124,448,19,62,61,0,0.087053571,0.138392857,0.204488778,0.277777777,0.271820448,0.339285714,0.476309226,0.3473519029242269,,115.30285095762548,-1.3252559039392509,7.318704178781712,-0.4274177551269531,2.186272293679372,Robert Fick,466,137001,401,109,67,21,2,39,3,62,4,4,0,10,3,0.629032258,0.81559494,3.059160630794179,,,,-1.3252559039392509,63.23353728074953,7.643590057086197,0.3473958969116211,-8.665184020996094,9.012579917907717,-4.000999450683594,-0.3642073571681976,1.0725377798080444,1.6515666246414185,18,0.8667438626289368,-0.5428430141443308,95.0,814.3,596.0,39.0,7.0,0.0,0.0,13.0,0.0,0.0,0.0,0.0,12.0,20.0,2.9809919799999998,-3.0,C,2001,2.43,191,42,,,,,,,,,,,,,,,,,,
Juan Pierre,COL,156,683,2,108,55,46,0.060029282,0.042459736,0.087520259,0.340715502,0.327390599,0.378176382,0.414910858,0.3495661376300686,,90.70665847166184,1.794596947322134,-6.499766084783452,6.156497955322266,2.1623292924143667,Juan Pierre,443,334393,617,202,163,26,11,41,1,29,10,1,14,6,17,1.413793103,0.79308724,7.59015546509792,,,,1.794596947322134,97.68217801767288,12.932325442311146,0.9353671669960022,-11.780189514160156,12.715558052062988,3.536200523376465,0.6016157865524292,0.9880000948905944,1.0490000247955322,6,0.1913725584745407,0.7553552524165903,140.0,1257.2,362.0,4.0,8.0,0.0,0.0,1.0,0.0,0.0,0.0,0.0,0.0,0.0,0.97860963,4.0,CF,2001,3.08,256,39,,,,,,,,,,,,,,,,,,
Vinny Castilla,- - -,146,581,25,69,91,1,0.060240963,0.185886402,0.206319702,0.281173594,0.260223048,0.3080895,0.46654275,0.3283115208767689,,93.23901295832349,-1.559931240743026,-6.475728500301516,9.184503763914108,2.1593759442387888,Vinny Castilla,84,112106,538,140,80,34,1,35,3,108,4,4,0,22,4,0.324074074,0.77463225,2.4530276597211804,,,,-1.559931240743026,72.68495192016239,0.5917391144740076,-1.7768100798130035,-12.109381556510924,10.33257246017456,-17.019999980926514,-1.518411099910736,1.035576752498872,1.3289999961853027,1,-0.9678093194961548,-0.7479592853180395,143.0,1266.2,109.0,276.0,17.0,0.0,0.0,23.0,0.0,0.0,0.0,0.0,0.0,0.0,1.9575,7.0,3B,2001,1.3599999999999999,251,60,,,,,,,,,,,,,,,,,,
Tino Martinez,NYY,154,635,34,89,113,1,0.066141732,0.14015748,0.220713073,0.279914529,0.280135823,0.329133858,0.500848896,0.3524320484337648,,117.44211514308547,-0.7035838654846884,13.26123364003512,-13.304268836975098,2.145468204062715,Tino Martinez,1168,118362,589,165,105,24,2,42,2,89,2,2,0,12,2,0.471910112,0.829982754,2.627802780622427,,,,-0.7035838654846884,92.35665319506448,13.562866393666685,2.165166139602661,-11.454946517944336,13.620112419128418,21.63599967956543,2.095036029815674,1.0296629667282104,1.4727200269699097,5,1.2386956214904783,0.8640954951819517,146.0,1293.1,1143.0,99.0,5.0,0.0,0.0,105.0,0.0,0.0,0.0,0.0,0.0,0.0,0.99599038,-2.0,1B,2001,2.26,295,60,,,,,,,,,,,,,,,,,,
Adam Dunn,CIN,66,286,19,54,43,4,0.132867132,0.258741258,0.315573771,0.298013245,0.262295081,0.37062937,0.577868852,0.397583136676063,,138.4243007201604,-0.082088598399423,14.278176067452655,-1.7726333141326904,2.139783155824628,Adam Dunn,319,276055,244,64,26,18,1,38,2,74,4,0,0,4,2,0.513513513,0.948498222,5.011954408753701,,,,-0.082088598399423,52.52005042828131,17.031825191746243,1.440832257270813,-4.684338092803955,6.12516975402832,18.381999969482425,1.826749563217163,0.9467076063156128,3.337933301925659,3,1.560259222984314,-0.0383191354020142,63.0,538.3,136.0,3.0,2.0,0.0,0.0,1.0,0.0,0.0,0.0,0.0,0.0,0.0,1.9780219799999998,1.0,RF,2001,2.15,141,38,,,,,,,,,,,,,,,,,,
Jimmy Rollins,PHI,158,720,14,97,54,46,0.066666666,0.15,0.144817074,0.307977736,0.274390243,0.323488045,0.419207317,0.3204918717295562,,92.56942289413684,5.695794689527247,-1.2953047601806311,-0.8583865165710449,2.0763439424785997,Jimmy Rollins,971,276519,656,180,125,29,12,48,2,108,2,5,9,5,8,0.444444444,0.742695362,8.268759283930716,,,,5.695794689527247,85.26641395418464,-4.0745726552742845,0.2421114444732666,-12.439153671264648,12.681265830993652,1.7843005657196045,0.1907503306865692,1.004736065864563,0.6028000116348267,1,0.4099092781543731,-0.1689390843901703,156.0,1388.1,216.0,426.0,14.0,0.0,0.0,99.0,0.0,0.0,0.0,0.0,0.0,0.0,0.97865854,-8.0,SS,2001,2.4,275,55,,,,,,,,,,,,,,,,,,
Javy Lopez,ATL,128,482,17,45,66,1,0.058091286,0.170124481,0.157534247,0.290697674,0.267123287,0.322245322,0.424657534,0.3215253093751404,,92.78243124701426,0.1686859232140705,-4.377303346910671,9.79629611968994,2.0749135748682908,Javy Lopez,103,117919,438,117,83,16,1,28,3,82,10,5,1,12,0,0.341463414,0.746902856,2.1554050097891153,,,,0.1686859232140705,57.50248077997177,-2.306346366916009,0.1917580664157867,-8.628122329711914,8.819879531860352,-2.2759995460510254,-0.129953920841217,1.0218119621276855,1.712299942970276,10,0.0311064831912517,0.1565582472318441,115.0,1026.0,826.0,50.0,10.0,0.0,0.0,7.0,0.0,0.0,0.0,0.0,5.0,27.0,0.98871332,1.0,C,2001,1.48,186,34,,,,,,,,,,,,,,,,,,
Scott Spiezio,ANA,139,503,13,57,54,5,0.067594433,0.129224652,0.166301969,0.289817232,0.271334792,0.326,0.437636761,0.3266183147507329,,98.5470977250934,0.1054388473858125,-0.8160005539999562,4.141401290893555,2.061209155467185,Scott Spiezio,37,122596,457,124,78,29,4,34,4,65,5,4,3,6,2,0.523076923,0.763636761,4.584367416339424,,,,0.1054388473858125,62.17476891768219,-0.2398370053148115,-0.1072924584150314,-8.726428031921387,8.619135856628418,-0.8659999966621399,-0.1292430460453033,0.979468822479248,1.979040026664734,10,0.0777188763022422,-0.1872603501629936,101.0,911.2,841.0,83.0,2.0,0.0,0.0,65.0,0.0,0.0,0.0,0.0,0.0,0.0,3.9155481,13.0,1B,2001,2.1,200,46,,,,,,,,,,,,,,,,,,
Alex Gonzalez,TOR,154,703,17,79,76,18,0.061166429,0.21194879,0.135220125,0.3,0.253144654,0.303160919,0.388364779,0.3004007436249448,,78.0742670300991,-1.1986779652070254,-20.63310923060716,17.069597244262695,2.0597582652646422,Alex Gonzalez,281,114924,636,161,114,25,5,43,0,149,7,10,7,16,11,0.288590604,0.691525698,5.373803101975724,,,,-1.1986779652070254,71.3057324408429,-15.925814207003798,-2.4438636302948,-13.593924522399902,11.150059700012209,-18.416000366210938,-1.828407287597656,0.98305743932724,,0,-2.220080852508545,-0.2659016878069726,153.0,1374.1,248.0,511.0,10.0,0.0,0.0,120.0,0.0,0.0,0.0,0.0,0.0,0.0,0.9869961,10.0,SS,2001,1.95,247,47,,,,,,,,,,,,,,,,,,
Jermaine Dye,- - -,158,675,26,91,106,9,0.084444444,0.165925925,0.185308848,0.302966101,0.282136894,0.345697329,0.467445742,0.3459513581798462,,107.5094025731092,1.322864917863626,7.713905130974437,-10.265088081359863,2.0338188782078124,Jermaine Dye,911,113679,599,169,111,31,1,57,6,112,7,11,1,8,1,0.508928571,0.813143071,3.9891278085514728,,,,1.322864917863626,94.48641789675034,10.729242950382597,0.8840813636779785,-11.036712169647217,11.920794010162354,14.149999618530272,1.391603410243988,0.9750567982134792,,0,0.4196710586547851,0.4870262386696499,154.0,1351.0,274.0,13.0,6.0,0.0,0.0,1.0,0.0,0.0,0.0,0.0,0.0,0.0,1.97931034,-3.0,RF,2001,2.59,280,58,,,,,,,,,,,,,,,,,,
Desi Relaford,NYM,120,340,8,43,36,13,0.079411764,0.19117647,0.169435216,0.356223175,0.302325581,0.363905325,0.471760797,0.3591456430955881,,119.56131714312274,0.4154776504146866,9.106431621308406,0.5815032720565796,2.0327855938267887,Desi Relaford,1096,121058,301,91,56,27,0,27,1,65,5,5,2,4,5,0.415384615,0.835666122,4.372794813015618,,,,0.4154776504146866,51.38166067098031,9.192861438735822,1.566313862800598,-6.051815986633301,7.618129730224609,10.344200134277344,1.004758596420288,1.0983214378356934,1.0969483852386477,31,1.2630058526992798,0.1630920170528678,69.0,655.1,115.0,174.0,11.0,0.0,0.0,31.0,0.0,0.0,0.0,0.0,0.0,0.0,2.86652818,-1.0,2B,2001,2.14,142,35,,,,,,,,,,,,,,,,,,
Doug Glanville,PHI,153,674,14,74,55,28,0.02818991,0.135014836,0.113564669,0.283582089,0.261829652,0.284638554,0.375394321,0.2846599828963186,,69.37440462765326,2.9672683039098047,-24.006080927292658,22.24737572669983,2.031968019471917,Doug Glanville,956,114844,634,166,125,24,3,19,1,91,4,7,10,7,6,0.208791208,0.660032875,5.800100302164061,,,,2.9672683039098047,59.38993414966359,-24.243156093079904,-1.9452956914901731,-12.45166015625,10.50636386871338,-17.3966007232666,-1.7983534336090088,1.031909704208374,0.8095999956130981,4,-1.6250901222229004,-0.2600512652035316,147.0,1310.2,413.0,8.0,4.0,0.0,0.0,3.0,0.0,0.0,0.0,0.0,0.0,0.0,0.99058824,20.0,CF,2001,2.13,238,41,,,,,,,,,,,,,,,,,,
Brian Daubach,BOS,122,472,22,54,71,1,0.112288135,0.228813559,0.245700246,0.300353356,0.262899262,0.350318471,0.508599508,0.3599382772527892,,118.75708652765056,0.1721357794594951,11.334849082342153,-7.368766784667969,1.9910775418729376,Brian Daubach,186,136766,407,107,54,28,3,53,7,108,5,6,1,10,0,0.49074074,0.858917979,3.251505594231189,,,,0.1721357794594951,71.64630313089702,13.078323020251736,1.1597381830215454,-7.694806098937988,8.854543685913086,11.071000099182127,1.064509391784668,0.949776530265808,1.85699999332428,5,1.0851694345474243,0.1358948327460374,113.0,1023.1,861.0,75.0,11.0,0.0,0.0,71.0,0.0,0.0,0.0,0.0,0.0,0.0,2.9881081099999998,1.0,1B,2001,2.1,207,53,,,,,,,,,,,,,,,,,,
Jose Macias,DET,137,534,8,62,51,21,0.059925093,0.101123595,0.12295082,0.286713286,0.268442622,0.315589353,0.391393442,0.3084642249141809,,89.2133917341184,1.5723103806376455,-5.690229899386427,7.368312120437622,1.989353113755685,Jose Macias,476,150197,488,131,93,24,6,32,0,54,3,3,8,7,6,0.592592592,0.706982795,6.523810131924326,,,,1.5723103806376455,57.80628611226891,-8.454945623079798,-1.377813696861267,-10.103548049926758,8.725733757019043,-7.690299987792969,-0.6949433088302612,0.9754077196121216,1.15167498588562,8,-0.7292853593826294,-0.6832662015268591,118.0,1057.0,165.0,219.0,12.0,0.0,0.0,26.0,0.0,0.0,0.0,0.0,0.0,0.0,4.95505618,6.0,3B,2001,2.99,191,38,,,,,,,,,,,,,,,,,,
Craig Counsell,ARI,141,535,4,76,38,6,0.114018691,0.142056074,0.087336244,0.317708333,0.27510917,0.358633776,0.362445414,0.32113099359829,,87.56788836575866,-2.299959452764597,-10.991347126241171,13.214447021484377,1.953017551736256,Craig Counsell,52,112736,458,126,97,22,3,61,3,76,2,6,6,9,8,0.802631578,0.72107919,4.039981663644262,,,,-2.299959452764597,63.64691896959222,-2.738397469380734,-0.3573961555957794,-8.478555679321289,8.121160507202148,-1.748899221420288,-0.1787720322608947,0.9409046173095704,1.4730000495910645,13,-0.5737833976745605,0.1939402669035365,113.0,1061.3,193.0,316.0,8.0,0.0,0.0,69.0,0.0,0.0,0.0,0.0,0.0,0.0,3.94751905,10.0,SS,2001,1.7,166,29,,,,,,,,,,,,,,,,,,
Ben Davis,SDP,138,526,11,56,57,4,0.125475285,0.212927756,0.118303572,0.289156626,0.238839285,0.337142857,0.357142857,0.3075595453381538,,88.64072762348562,-0.9665655707358384,-8.774329899266537,11.144976615905762,1.920246147794216,Ben Davis,1074,150433,448,107,76,20,0,66,5,112,4,7,1,13,4,0.589285714,0.694285714,2.303778099419831,,,,-0.9665655707358384,56.53774643737945,-8.730807668975263,-2.424978256225586,-9.60438346862793,7.179405689239502,-12.052000045776367,-1.2395031452178955,0.9947862029075624,1.52524995803833,4,-1.3116151094436646,-1.1260727566906432,123.0,1086.2,854.0,61.0,9.0,0.0,0.0,14.0,0.0,0.0,0.0,0.0,8.0,30.0,1.9901531700000001,2.0,C,2001,1.27,160,31,,,,,,,,,,,,,,,,,,
Tony Batista,- - -,156,622,25,70,87,5,0.051446945,0.181672025,0.196891192,0.252232142,0.238341968,0.279742765,0.43523316,0.3030154416142646,,82.9045461810819,0.1049081002711318,-13.302147457123356,10.8317312002182,1.8963545024477664,Tony Batista,124,110682,579,138,80,27,6,32,1,113,4,7,0,9,2,0.28318584,0.714975925,4.801795688035012,,,,0.1049081002711318,64.44221589652254,-12.738469757760033,-3.1520599722862244,-13.195586204528809,10.04352617263794,-14.12200140953064,-1.403758481144905,1.065825115670871,1.6025999784469604,1,-1.4990189778618517,-1.45837049058035,116.0,1042.3,107.0,261.0,16.0,0.0,0.0,37.0,0.0,0.0,0.0,0.0,0.0,0.0,1.93742591,12.0,3B,2001,2.12,252,58,,,,,,,,,,,,,,,,,,
Randy Velarde,- - -,93,389,9,50,32,6,0.087403598,0.221079691,0.146198831,0.346774193,0.277777777,0.355844155,0.423976608,0.3429023976449842,,104.96306102310471,0.3070310917100869,2.741261070188064,2.983195871114731,1.8881853082208813,Randy Velarde,942,123690,342,95,65,19,2,34,0,86,8,1,4,8,2,0.395348837,0.779820763,4.943942093353439,,,,0.3070310917100869,53.39761077717545,5.12866106734278,-1.025488018989563,-6.777828395366669,5.752340018749237,-6.705999732017517,-0.6695336699485779,0.943638089424919,2.0090999603271484,6,-0.1749764680862426,-0.9117622196393936,73.0,647.0,205.0,164.0,5.0,0.0,0.0,46.0,0.0,0.0,0.0,0.0,0.0,0.0,4.93234767,4.0,2B,2001,1.87,145,30,,,,,,,,,,,,,,,,,,
Terrence Long,OAK,162,687,12,90,85,9,0.075691411,0.149927219,0.128775834,0.319230769,0.282988871,0.334788937,0.411764705,0.3208190444116213,,96.25196097520326,0.4582909623277373,-2.788267526836381,-1.873802900314331,1.8774750724091624,Terrence Long,927,150239,629,178,125,37,4,52,8,103,0,6,0,17,3,0.504854368,0.746553642,4.647579507669123,,,,0.4582909623277373,81.54849935893178,-3.697692030926947,0.4974859058856964,-11.928061485290527,12.42554759979248,0.643000066280365,-0.0265132151544094,0.9976478219032288,2.851733446121216,3,-0.3001476526260376,0.7988064929136198,158.0,1424.4,332.0,5.0,7.0,0.0,0.0,3.0,0.0,0.0,0.0,0.0,0.0,0.0,2.93981994,1.0,CF,2001,1.98,259,53,,,,,,,,,,,,,,,,,,
Damian Miller,ARI,123,425,13,45,47,0,0.082352941,0.188235294,0.152631579,0.311418685,0.271052631,0.337292161,0.42368421,0.3242291404494961,,89.57340845264044,-0.45908970705932,-6.249665218181658,11.384773254394531,1.8692800851370457,Damian Miller,65,119064,380,103,71,19,0,35,9,80,4,2,4,9,1,0.4375,0.760976371,1.321887803128308,,,,-0.45908970705932,51.674434438979034,-1.0615646013265765,-0.7442238926887512,-7.195677757263184,6.451454162597656,-5.808000087738037,-0.5883923172950745,0.945285141468048,1.559899926185608,4,0.0225565880537033,-0.8098575410052704,111.0,978.0,966.0,80.0,7.0,0.0,0.0,6.0,0.0,0.0,0.0,0.0,10.0,27.0,0.99335233,3.0,C,2001,1.53,161,32,,,,,,,,,,,,,,,,,,
Carlos Lee,CHW,150,605,24,75,84,17,0.062809917,0.140495867,0.198924731,0.279379157,0.268817204,0.321192052,0.467741935,0.3369028079153295,,103.85231273385052,0.338961896719411,3.27755395889496,-5.227365016937256,1.8665798987034072,Carlos Lee,243,150324,558,150,90,33,3,38,2,85,6,2,1,15,7,0.447058823,0.788933987,5.088843962816987,,,,0.338961896719411,80.0460204117301,4.9747747190597424,0.5563143491744995,-11.131148338317873,11.687461853027344,1.944000482559204,0.1635312438011169,0.977088212966919,1.4874500036239624,4,-0.25201216340065,0.8213715536702925,129.0,1048.0,241.0,9.0,8.0,0.0,0.0,0.0,0.0,0.0,0.0,0.0,0.0,0.0,0.96899225,2.0,LF,2001,1.5,261,60,,,,,,,,,,,,,,,,,,
Derrek Lee,FLA,158,625,21,83,75,4,0.08,0.2016,0.192513369,0.326190476,0.281639928,0.3456,0.474153297,0.3515012295773396,,114.60975972514726,-0.1051760978880338,11.826831723532532,-13.228309631347656,1.8594670687677937,Derrek Lee,525,117601,561,158,96,37,4,50,1,126,8,6,0,18,2,0.396825396,0.819753297,4.101447626767165,,,,-0.1051760978880338,90.41010946236028,12.857169697204965,3.0306780338287354,-10.436262130737305,13.46693992614746,13.347000122070312,1.364410161972046,0.9842609167099,0.8750399947166443,5,1.6931548118591309,1.3859860768794134,146.0,1309.2,1271.0,115.0,8.0,0.0,0.0,142.0,0.0,0.0,0.0,0.0,0.0,0.0,0.99426112,-2.0,1B,2001,2.09,266,62,,,,,,,,,,,,,,,,,,
José Hernández,MIL,152,592,25,67,78,5,0.065878378,0.3125,0.193726938,0.327380952,0.24907749,0.299829642,0.442804428,0.3125981873798864,,85.3227525704762,-0.7596658552647568,-12.113871632997212,11.616940021514893,1.8582684112701984,Jose Hernandez,688,115825,542,135,82,26,2,39,8,185,2,4,5,9,4,0.21081081,0.74263407,3.612866492155701,,,,-0.7596658552647568,66.15503043881264,-7.303114106742464,-1.1216013431549072,-10.062155723571776,8.940553665161133,-6.538000106811523,-0.6487672328948975,0.9293362498283386,2.3512001037597656,1,-0.2930262088775635,-0.9138581059891844,147.0,1291.0,208.0,427.0,18.0,0.0,0.0,91.0,0.0,0.0,0.0,0.0,0.0,0.0,1.97235023,5.0,SS,2001,1.85,240,53,,,,,,,,,,,,,,,,,,
Johnny Damon,OAK,155,719,9,108,49,27,0.084840055,0.09735744,0.107142857,0.274165202,0.25621118,0.323529411,0.363354037,0.3041844165676272,,85.09191061884138,0.1639929862576536,-13.350920454094442,7.15900731086731,1.8549386935333236,Johnny Damon,185,113028,644,165,118,34,4,61,1,70,5,4,5,7,12,0.871428571,0.686883448,6.121544365698604,,,,0.1639929862576536,75.22984142541347,-13.9870604804212,-0.192288726568222,-12.252753257751465,12.060465812683104,-8.467299461364746,-0.9395741820335388,0.9860747456550598,5.230000019073486,1,-1.1434792280197144,0.9484750182318624,152.0,1350.1,345.0,4.0,3.0,0.0,0.0,1.0,0.0,0.0,0.0,0.0,0.0,0.0,2.9777777800000003,9.0,CF,2001,2.42,234,47,,,,,,,,,,,,,,,,,,
José Cruz Jr.,TOR,146,627,34,92,88,32,0.071770334,0.220095693,0.256499134,0.304668304,0.273830155,0.3264,0.530329289,0.3593606778964904,,117.63005641409802,4.205658885417506,18.143118855181772,-20.451080799102783,1.8511044029460035,Jose Cruz Jr.,1296,112903,577,158,82,38,4,45,4,138,1,2,2,8,5,0.326086956,0.856729289,6.6619104992936995,,,,4.205658885417506,94.86787624830536,17.06676707590154,2.5567097663879395,-10.746007919311523,13.30271816253662,19.375099182128903,1.8808306455612185,1.001575946807861,1.7928999662399292,4,2.613072395324707,-0.0603855276573375,141.0,1256.1999999999998,286.0,5.0,3.0,0.0,0.0,1.0,0.0,0.0,0.0,0.0,0.0,0.0,1.98920863,-22.0,CF,2001,2.22,306,76,,,,,,,,,,,,,,,,,,
Chris Richard,BAL,136,543,15,74,61,11,0.082872928,0.184162062,0.169772257,0.30376344,0.265010351,0.335185185,0.434782608,0.3315667790263446,,104.8197360614183,-1.7245505824685097,1.5752331397969543,-1.604708194732666,1.8484586614798555,Chris Richard,163,276537,483,128,79,31,3,45,4,100,8,4,2,15,9,0.45,0.769967793,4.997130100995742,,,,-1.7245505824685097,69.39201277564356,2.014018707676631,-1.0636838674545288,-10.200043678283691,9.136360168457031,0.5910000801086426,0.0286571402102708,1.0212870836257937,0.7596666812896729,3,0.1632950901985168,-1.2048081813836296,106.0,936.2,355.0,15.0,0.0,0.0,0.0,12.0,0.0,0.0,0.0,0.0,0.0,0.0,3.0,4.0,RF,2001,2.05,210,49,,,,,,,,,,,,,,,,,,
Ricky Gutierrez,CHC,147,606,10,76,66,4,0.0660066,0.09240924,0.111742424,0.302325581,0.289772727,0.344651952,0.401515151,0.3265667326988712,,96.4078190228656,-0.5411783054587431,-3.3857787355077087,2.297992706298828,1.824692501200372,Ricky Gutierrez,387,115263,528,153,117,23,3,40,0,56,10,11,17,13,3,0.714285714,0.746167103,3.881442745664915,,,,-0.5411783054587431,74.87994010158631,-0.3153902947082749,0.1898721605539322,-10.071211814880373,10.261083602905272,2.1549994945526123,0.294153481721878,1.0091091394424438,1.1253600120544434,5,-0.0018158254679292,0.1899740267293319,140.0,1224.1,173.0,360.0,16.0,0.0,0.0,67.0,0.0,0.0,0.0,0.0,0.0,0.0,0.9708561,-4.0,SS,2001,2.31,212,36,,,,,,,,,,,,,,,,,,
Ken Griffey Jr.,CIN,111,417,22,57,65,2,0.105515587,0.17266187,0.247252747,0.299270072,0.285714285,0.365384615,0.532967032,0.3767670436603267,,124.94944149674842,0.3729319031117484,13.968185771264714,-8.918038845062256,1.805510342297303,Ken Griffey Jr.,327,115135,364,104,60,20,2,44,6,72,4,4,1,8,0,0.611111111,0.898351647,3.5816158435611665,,,,0.3729319031117484,69.23382261966692,17.490501208355298,1.018041729927063,-7.329838275909424,8.347880363464355,16.256000518798828,1.653928518295288,1.0406112670898438,1.961105227470398,19,2.4561195373535156,-1.4778082676955369,90.0,757.0,195.0,1.0,3.0,0.0,0.0,0.0,0.0,0.0,0.0,0.0,0.0,0.0,0.98492462,-10.0,CF,2001,1.94,194,44,,,,,,,,,,,,,,,,,,
Raul Mondesi,TOR,149,653,27,88,84,30,0.11179173,0.196018376,0.201048951,0.279236276,0.251748251,0.341500765,0.452797202,0.3429249837765327,,106.60346924060056,1.2015874441131018,6.638442195079257,-10.783280849456789,1.8011807187642477,Raul Mondesi,1314,119247,572,144,87,26,4,73,3,128,6,2,0,13,11,0.5703125,0.794297967,5.860511455397079,,,,1.2015874441131018,89.7232372547737,8.695925788139427,1.3917244672775269,-11.673128128051758,13.064851760864258,4.971000671386719,0.5205618739128113,1.027074098587036,,0,0.3407093286514282,1.0143287053055634,149.0,1318.2,263.0,19.0,8.0,0.0,0.0,2.0,0.0,0.0,0.0,0.0,0.0,0.0,0.97241379,-4.0,RF,2001,2.26,259,57,,,,,,,,,,,,,,,,,,
Melvin Mora,BAL,128,503,7,49,48,11,0.081510934,0.180914512,0.112385321,0.295652173,0.25,0.329317269,0.362385321,0.3064737205784167,,87.98498637538218,0.4371496799285523,-7.182844557207165,7.940098762512207,1.7919195862070334,Melvin Mora,157,206551,436,109,74,28,0,41,2,91,14,7,5,6,4,0.45054945,0.69170259,3.7386726456642543,,,,0.4371496799285523,53.60356232612245,-8.811043596874544,0.7865458130836487,-7.904630661010742,8.691176414489746,-1.8663997650146484,-0.1739033013582229,0.977359175682068,1.059599995613098,2,-0.059841901063919,0.8646082885434692,119.0,1047.3000000000002,287.0,130.0,11.0,0.0,0.0,22.0,0.0,0.0,0.0,0.0,0.0,0.0,2.4518408,5.0,CF,2001,2.46,158,35,,,,,,,,,,,,,,,,,,
Edgar Renteria,STL,141,549,10,54,57,17,0.071038251,0.132969034,0.111561866,0.283653846,0.259634888,0.314232902,0.371196754,0.2981339045965028,,77.86095206782409,1.635292082908563,-14.247312491821283,13.816168308258057,1.733917858860578,Edgar Renteria,1178,121074,493,128,96,19,3,39,4,73,3,6,8,15,4,0.534246575,0.685429656,5.137627587623548,,,,1.635292082908563,54.63270616723115,-13.489796122481271,-0.9882200956344604,-9.79321575164795,8.8049955368042,-17.707000732421875,-1.6722862720489502,0.9617614150047302,2.0921332836151123,3,-1.2314081192016602,0.2038974702850573,133.0,1154.1,208.0,391.0,24.0,0.0,0.0,86.0,0.0,0.0,0.0,0.0,0.0,0.0,1.96135266,8.0,SS,2001,1.48,183,32,,,,,,,,,,,,,,,,,,
Tony Clark,DET,126,497,16,67,75,0,0.12474849,0.217303822,0.193925234,0.34516129,0.287383177,0.374245472,0.481308411,0.3619684941714794,,125.1090152967087,-0.4662547931075096,15.268082660268458,-14.673070907592772,1.7327464564969848,Tony Clark,182,112316,428,123,75,29,3,62,10,108,1,6,0,14,1,0.574074074,0.855553883,2.8162224021232047,,,,-0.4662547931075096,76.29464965743891,14.6245519561874,1.3052420616149902,-8.727171897888184,10.032414436340332,10.30799961090088,1.0108275413513184,1.0412395000457764,2.6251332759857178,9,0.6513658761978149,0.6021805572189036,75.0,611.2,647.0,48.0,3.0,0.0,0.0,69.0,0.0,0.0,0.0,0.0,0.0,0.0,0.99570201,-5.0,1B,2001,1.7,206,48,,,,,,,,,,,,,,,,,,
Tsuyoshi Shinjo,NYM,123,438,10,46,56,4,0.057077625,0.159817351,0.1375,0.301242236,0.2675,0.320276497,0.405,0.3139738941137309,,90.3203371981501,-1.3885029797675088,-6.928694492483382,10.012117862701416,1.7311137449214256,Tsuyoshi Shinjo,1132,400101,400,107,73,23,1,25,3,70,7,2,4,8,5,0.357142857,0.725276497,2.9950483889549764,,,,-1.3885029797675088,49.45548358916039,-4.89361659826046,1.6201543807983398,-7.529221534729004,9.149375915527344,4.4150004386901855,0.4575565457344055,1.072554111480713,0.9164222478866576,9,-0.1860690116882324,1.696626253934629,99.0,916.2,256.0,12.0,3.0,0.0,0.0,3.0,0.0,0.0,0.0,0.0,0.0,0.0,2.9594336,12.0,CF,2001,1.76,162,34,,,,,,,,,,,,,,,,,,
David Segui,BAL,82,347,10,48,46,1,0.141210374,0.175792507,0.171232876,0.349775784,0.301369863,0.406340057,0.472602739,0.3800563859312157,,137.3510592682632,-0.2606819454231299,16.080926029718412,-10.415183067321776,1.721588881504025,David Segui,169,121977,292,88,59,18,1,49,5,61,4,2,0,4,1,0.803278688,0.878942796,2.74204203103842,,,,-0.2606819454231299,58.57734182693198,15.51994966931774,0.8954079151153564,-5.354641914367676,6.250050067901611,19.08799934387207,1.966101884841919,0.9597916007041932,2.9374001026153564,1,1.4091914892196655,-0.4762723904711442,65.0,546.2,486.0,33.0,9.0,0.0,0.0,49.0,0.0,0.0,0.0,0.0,0.0,0.0,0.98295455,-4.0,1B,2001,2.09,138,29,,,,,,,,,,,,,,,,,,
Royce Clayton,CHW,135,485,9,62,60,10,0.068041237,0.148453608,0.129330254,0.292479108,0.263279445,0.31512605,0.392609699,0.3062253580566197,,83.27103562691617,-1.0562614001100885,-11.286203721821458,11.747581005096436,1.7042422222712783,Royce Clayton,226,112381,433,114,80,21,4,33,2,72,3,7,9,16,7,0.458333333,0.707735749,5.40242612512353,,,,-1.0562614001100885,51.58345065272491,-8.597630605035611,-2.1898059844970703,-8.689441680908203,6.499636173248291,-14.91100025177002,-1.4248641729354858,0.9435288310050964,0.6320000290870667,1,-1.5568290948867798,-0.764039025448636,126.0,1117.1,196.0,367.0,7.0,0.0,0.0,74.0,0.0,0.0,0.0,0.0,0.0,0.0,0.9877193,6.0,SS,2001,1.58,170,34,,,,,,,,,,,,,,,,,,
Bill Mueller,CHC,70,257,6,38,23,1,0.143968871,0.073929961,0.152380952,0.29787234,0.295238095,0.403162055,0.447619047,0.3705346987247467,,124.86955543471538,-0.2535168593749404,8.098504259114614,0.8516234755516052,1.69726456725709,Bill Mueller,295,119482,210,62,43,12,1,37,3,19,3,3,4,4,1,1.947368421,0.850781102,3.1259919912727065,,,,-0.2535168593749404,41.314408769694616,9.424639938262752,0.8333854675292969,-3.5867278575897217,4.420114040374756,7.316000461578369,0.8025750517845154,0.91021466255188,1.273550033569336,8,1.031134843826294,-0.1155426194681238,56.0,496.2,33.0,97.0,8.0,0.0,0.0,6.0,0.0,0.0,0.0,0.0,0.0,0.0,1.94160584,0.0,3B,2001,1.81,94,19,,,,,,,,,,,,,,,,,,
Rondell White,CHC,95,357,17,43,50,1,0.072829131,0.156862745,0.222910217,0.328,0.306501547,0.370786516,0.529411764,0.3820257572965188,,132.30805008717283,0.17585100926226,15.247799531422435,-9.53909397125244,1.6869452485096352,Rondell White,856,124185,323,99,62,19,1,26,4,56,7,0,1,14,0,0.464285714,0.90019828,2.706376161564037,,,,0.17585100926226,60.860167944262145,16.561928750405436,2.1360080242156982,-6.184929847717285,8.320938110351562,13.36299991607666,1.316980242729187,1.0332775115966797,3.1867198944091797,5,2.145984411239624,-0.0787681985156907,88.0,688.0,133.0,4.0,3.0,0.0,0.0,0.0,0.0,0.0,0.0,0.0,0.0,0.0,0.97857143,-6.0,LF,2001,2.11,171,37,,,,,,,,,,,,,,,,,,
Jason Varitek,BOS,51,198,7,19,25,0,0.106060606,0.176767676,0.195402299,0.330827067,0.293103448,0.370558375,0.488505747,0.3653968320679419,,122.4191910953857,-0.013534051424358,5.583365585981244,4.657981634140015,1.674634765446319,Jason Varitek,217,123660,174,51,32,11,1,21,3,35,1,1,1,6,0,0.6,0.859064122,1.67170329,,,,-0.013534051424358,30.969252997462476,6.400481679861275,0.3924340009689331,-3.3879339694976807,3.7803680896759033,2.9000000953674316,0.2067890018224716,0.993687093257904,2.59000015258789,3,0.4454519152641296,-0.0505247760957034,47.0,426.2,425.0,32.0,2.0,0.0,0.0,2.0,0.0,0.0,0.0,0.0,3.0,11.0,0.9956427,1.0,C,2001,1.4,85,19,,,,,,,,,,,,,,,,,,
A.J. Pierzynski,MIN,114,407,7,51,55,1,0.039312039,0.14004914,0.152230971,0.321875,0.28871391,0.321782178,0.440944881,0.3242001384496689,,94.12859865885132,-2.848300220211968,-5.861296303712129,8.622316360473633,1.6528234597388574,A.J. Pierzynski,746,150229,381,110,68,33,2,16,4,57,4,3,1,7,7,0.280701754,0.762727059,3.788091152815805,,,,-2.848300220211968,49.475885392723306,-1.0265889823458338,0.5269411206245422,-7.809048175811768,8.335989952087402,-1.0559996366500854,-0.1377922445535659,1.04811692237854,2.7397000789642334,10,-0.2869179546833038,0.7896682770697896,102.0,901.2,611.0,44.0,10.0,0.0,0.0,7.0,0.0,0.0,0.0,0.0,4.0,35.0,0.98496241,1.0,C,2001,1.84,168,42,,,,,,,,,,,,,,,,,,
Doug Mirabelli,- - -,77,224,11,20,29,0,0.120535714,0.254464285,0.226315789,0.258064516,0.226315789,0.331838565,0.452631578,0.3360610307611491,,102.1813095404472,-0.013534051424358,0.6025326098760484,8.416443705558777,1.6503010387553694,Doug Mirabelli,202,119182,190,43,22,10,0,27,2,57,4,2,1,3,0,0.47368421,0.784470143,0.471246965,,,,-0.013534051424358,29.56280424875234,1.7678306369206762,-0.6269002128392458,-3.7038720846176143,3.07697194814682,-1.7270002365112305,-0.0561728477478027,0.917139656278822,0.5561333298683167,3,0.1860313713550567,-0.869569814543539,59.0,540.1,413.0,49.0,3.0,0.0,0.0,12.0,0.0,0.0,0.0,0.0,6.0,25.0,0.99354839,4.0,C,2001,1.41,86,21,,,,,,,,,,,,,,,,,,
Juan Uribe,COL,72,283,8,32,53,3,0.028268551,0.194346289,0.223443223,0.352380952,0.3003663,0.325088339,0.523809523,0.3568458183014646,,95.41900637308122,0.5848737161722966,-1.1092166066290172,8.058985948562622,1.596547068209941,Juan Uribe,454,346874,273,82,48,15,11,8,1,55,2,0,0,6,0,0.145454545,0.848897862,6.033934896587752,,,,0.5848737161722966,42.217126539698405,7.101155414036073,0.2122920602560043,-6.027544021606445,6.2398362159729,9.89799976348877,0.9707309007644652,1.0790317058563232,2.6118667125701904,3,0.4014933705329895,-0.2047502543633597,67.0,594.2,108.0,185.0,5.0,0.0,0.0,45.0,0.0,0.0,0.0,0.0,0.0,0.0,0.98322148,5.0,SS,2001,1.55,143,34,,,,,,,,,,,,,,,,,,
Jason LaRue,CIN,121,403,12,39,43,3,0.066997518,0.263027295,0.167582417,0.298387096,0.236263736,0.303482587,0.403846153,0.304067465228651,,77.88890116251416,-0.7188869296223857,-12.362983820544446,15.201645851135254,1.5859578373343557,Jason LaRue,337,150178,364,86,51,21,2,27,4,106,9,2,1,11,3,0.254716981,0.70732874,3.6294211100039457,,,,-0.7188869296223857,42.12651031977368,-7.8796252407984655,-2.93526554107666,-8.356643676757812,5.421378135681152,-13.88499927520752,-1.351571798324585,1.0155781507492063,1.231472730636597,11,-1.1352919340133667,-1.7549489981209776,98.0,874.0,579.0,81.0,7.0,0.0,0.0,8.0,0.0,0.0,0.0,0.0,15.0,38.0,3.89986014,8.0,C,2001,1.01,147,35,,,,,,,,,,,,,,,,,,
Armando Rios,- - -,95,359,14,38,50,3,0.100278551,0.206128133,0.203761756,0.294871794,0.260188087,0.332402234,0.463949843,0.3355944080447609,,104.33087356164508,-0.2855384576250799,1.7461653379536126,2.4403284192085266,1.5721826483204135,Armando Rios,1006,136608,319,83,49,17,3,36,6,74,0,3,1,3,2,0.486486486,0.796352077,3.77905722241928,,,,-0.2855384576250799,47.09623918988965,2.5498305887844306,0.1192640475928783,-6.299975633621216,6.419239804148674,7.807999730110168,0.6457203179597855,1.0090398782008403,1.027763605117798,11,0.4533741883933544,-0.3351786143933148,81.0,732.0,196.0,7.0,6.0,0.0,0.0,2.0,0.0,0.0,0.0,0.0,0.0,0.0,2.96703297,6.0,RF,2001,1.3099999999999998,148,34,,,,,,,,,,,,,,,,,,
Steve Finley,ARI,140,548,14,66,73,11,0.085766423,0.122262773,0.155555556,0.292565947,0.274747474,0.336996336,0.43030303,0.3272461208551289,,91.52638715113888,-0.8605073740473017,-6.928424136140981,4.904440402984619,1.5636073599438591,Steve Finley,54,114135,495,136,91,27,4,47,9,67,1,3,2,8,7,0.701492537,0.767299366,4.654268604910394,,,,-0.8605073740473017,68.02814312650763,0.029725540419444,-1.5274958610534668,-10.229734420776367,8.702238082885742,2.0648000240325928,0.2189379036426544,1.0072895288467407,1.4801537990570068,13,-0.4937613010406494,-1.0226804143838295,124.0,1111.2,300.0,6.0,2.0,0.0,0.0,3.0,0.0,0.0,0.0,0.0,0.0,0.0,0.99350649,3.0,CF,2001,0.87,213,45,,,,,,,,,,,,,,,,,,
Aaron Boone,CIN,103,427,14,54,62,6,0.06791569,0.166276346,0.188976378,0.324503311,0.293963254,0.351415094,0.482939632,0.3565799386788767,,111.88174442469744,-0.124990512500517,6.504780371832284,-4.483081817626953,1.5508230277656112,Aaron Boone,311,111213,381,112,70,26,2,29,1,71,8,6,3,9,3,0.408450704,0.834354726,4.32949692275961,,,,-0.124990512500517,63.60259787928834,10.61842943173423,1.314526081085205,-6.9249138832092285,8.239439964294434,13.68299961090088,1.2689234018325806,0.9612001180648804,,0,0.9232197403907776,0.4443686071134363,101.0,884.2,73.0,207.0,19.0,0.0,0.0,16.0,0.0,0.0,0.0,0.0,0.0,0.0,0.93645485,-6.0,3B,2001,1.67,184,42,,,,,,,,,,,,,,,,,,
Edgardo Alfonzo,NYM,124,519,17,64,49,5,0.098265895,0.1194605,0.159737418,0.245430809,0.242888402,0.322393822,0.40262582,0.3174790188842759,,92.58930586618412,0.966032199561596,-4.059900688454426,2.7598243951797485,1.5368964072555866,Edgardo Alfonzo,859,110135,457,111,72,22,0,51,0,62,5,5,1,7,0,0.822580645,0.725019642,3.5560288040543093,,,,0.966032199561596,60.14017528064557,-4.259785900339401,0.2190261036157608,-8.790975570678711,9.010002136230469,0.5410001873970032,0.0633632391691207,0.9833950996398926,2.2441999912261963,2,0.3415924310684204,-0.1188680106437451,119.0,1026.1,211.0,302.0,7.0,0.0,0.0,61.0,0.0,0.0,0.0,0.0,0.0,0.0,0.98653846,1.0,2B,2001,1.56,184,39,,,,,,,,,,,,,,,,,,
Shane Spencer,NYY,80,311,10,40,46,4,0.067524115,0.186495176,0.169611307,0.288990825,0.25795053,0.31511254,0.427561837,0.3207029483709304,,96.155293593235,0.3486061380244791,-1.15899327826967,5.62585973739624,1.5144756874351333,Shane Spencer,848,133341,283,73,47,14,2,21,0,58,4,3,0,4,1,0.362068965,0.742674377,5.044628174747356,,,,0.3486061380244791,36.88588231512065,-1.704460512020639,-0.0968778878450393,-4.850212097167969,4.753334045410156,11.11299991607666,1.0649638175964355,0.9043899178504944,2.137733459472656,3,0.8942060470581055,-1.0013256488282063,59.0,556.1,139.0,7.0,1.0,0.0,0.0,0.0,0.0,0.0,0.0,0.0,0.0,0.0,1.98795181,10.0,LF,2001,2.07,121,26,,,,,,,,,,,,,,,,,,
Matt Williams,ARI,106,436,16,58,65,1,0.050458715,0.160550458,0.191176471,0.295384615,0.274509803,0.314220183,0.465686274,0.3304675337073434,,93.61170088658696,0.1766471299342811,-3.463024221763371,4.533492207527161,1.5073684374168046,Matt Williams,77,124326,408,112,66,30,0,22,3,70,3,3,0,15,0,0.314285714,0.779906457,2.5925590787606496,,,,0.1766471299342811,55.31266826770046,1.211737487528117,-0.5484440326690674,-8.62166976928711,8.073225975036621,-3.818000555038452,-0.4166262149810791,1.0101958513259888,2.154320001602173,5,-0.1498375684022903,-0.3930710487229697,101.0,866.1,60.0,182.0,9.0,0.0,0.0,18.0,0.0,0.0,0.0,0.0,0.0,0.0,1.96296296,3.0,3B,2001,1.06,190,46,,,,,,,,,,,,,,,,,,
Craig Wilson,PIT,88,183,13,27,32,3,0.081967213,0.289617486,0.278481012,0.382978723,0.310126582,0.39010989,0.588607594,0.4112228365892863,,149.19350162991557,0.1536482326337136,11.917492465801788,-2.4626201391220093,1.5073660468409156,Craig Wilson,1015,346852,158,49,32,3,1,15,1,53,7,2,1,4,1,0.283018867,0.978717484,4.823288105627417,,,,0.1536482326337136,35.71689091266484,13.009390149427364,1.0339521169662476,-3.3207099437713623,4.35466194152832,11.425000190734863,1.1888659000396729,1.017876386642456,1.2410930395126345,43,1.7022793292999268,-0.686485927925504,32.0,273.2,205.0,15.0,3.0,0.0,0.0,16.0,0.0,0.0,0.0,0.0,1.0,2.0,2.90178183,-1.0,1B,2001,1.09,93,17,,,,,,,,,,,,,,,,,,
Chad Kreuter,LAD,73,234,6,21,17,0,0.175213675,0.222222222,0.162303665,0.261194029,0.214659685,0.354700854,0.37696335,0.3263022627296119,,100.29308488313804,-0.0167185341124422,0.0729003877035174,7.40443229675293,1.4866209719884238,Chad Kreuter,661,117316,191,41,23,11,1,41,2,52,1,1,0,5,0,0.788461538,0.731664204,1.75140977125,,,,-0.0167185341124422,28.861687362730112,-0.1741332853440361,-0.2639301121234894,-3.566516160964966,3.302586078643799,-2.431000232696533,-0.2615005373954773,0.8805558681488037,1.4582000970840454,2,-0.0871872156858444,-0.2125440355274951,58.0,526.1,486.0,29.0,0.0,0.0,0.0,4.0,0.0,0.0,0.0,0.0,5.0,13.0,1.0,3.0,C,2001,1.25,72,18,,,,,,,,,,,,,,,,,,
Damion Easley,DET,154,658,11,77,65,10,0.079027355,0.136778115,0.126495727,0.276639344,0.249572649,0.322629969,0.376068376,0.3070388677116546,,88.25712999474082,-0.2046907488838769,-9.947014037135853,2.279371500015259,1.4831400955103726,Damion Easley,464,113702,585,146,101,27,7,52,3,90,13,4,4,10,5,0.577777777,0.698698345,5.379464865581081,,,,-0.2046907488838769,70.43611822135247,-11.211616763403038,-1.238448977470398,-11.40591812133789,10.167468070983888,-8.169500350952148,-0.8237075805664062,0.9574571251869202,,0,-0.7669650316238403,-0.5265121851534864,153.0,1329.1,278.0,496.0,14.0,0.0,0.0,113.0,0.0,0.0,0.0,0.0,0.0,0.0,0.9822335,0.0,2B,2001,2.73,220,45,,,,,,,,,,,,,,,,,,
Joe McEwing,NYM,116,319,8,41,30,8,0.053291536,0.178683385,0.166077738,0.325791855,0.282685512,0.341853035,0.44876325,0.3421120333214537,,108.53496875010384,-0.5823993760277517,2.975413126241631,1.5219457149505615,1.4676020258780715,Joe McEwing,887,136607,283,80,52,17,3,17,0,57,10,3,6,2,5,0.298245614,0.790616285,5.861652797621657,,,,-0.5823993760277517,43.61174025911533,4.028719802980061,0.2148557156324386,-5.7433576583862305,5.958213806152344,5.551400184631348,0.626166045665741,1.0473933219909668,0.7287833094596863,24,0.5549165606498718,-0.3497828146908808,66.0,600.5,101.0,58.0,3.0,0.0,0.0,10.0,0.0,0.0,0.0,0.0,0.0,0.0,5.69278997,3.0,LF,2001,1.34,127,28,,,,,,,,,,,,,,,,,,
Kenny Lofton,CLE,133,576,14,91,66,16,0.081597222,0.119791666,0.137330755,0.275626423,0.261121856,0.322241681,0.398452611,0.314176437101866,,89.56346615632673,-0.2965095667168498,-7.8760200753735266,2.8461413383483887,1.4649664530924191,Kenny Lofton,246,117863,517,135,96,21,4,47,1,69,2,5,5,8,8,0.68115942,0.720694292,6.0256187271441775,,,,-0.2965095667168498,65.13603419196588,-6.336755095601257,0.8723201155662537,-9.755595207214355,10.62791633605957,-4.573399543762207,-0.3934042751789093,0.9474760293960572,1.8935999870300293,5,-0.8714922070503235,1.792169974615895,123.0,1076.2,310.0,3.0,6.0,0.0,0.0,0.0,0.0,0.0,0.0,0.0,0.0,0.0,0.98119122,1.0,CF,2001,1.91,206,39,,,,,,,,,,,,,,,,,,
Jose Offerman,BOS,128,594,9,76,49,5,0.102693602,0.163299663,0.106870229,0.309692671,0.267175572,0.34179357,0.374045801,0.3166264249027686,,89.69948104427588,0.0916394224041141,-7.622863375189795,1.4716473817825315,1.421067072013202,Jose Offerman,205,119948,524,140,105,23,3,61,2,97,1,5,3,9,2,0.628865979,0.715839371,4.150115118825914,,,,0.0916394224041141,68.40255728257672,-5.303756670226889,-0.1114160642027854,-9.950544357299805,9.83912754058838,0.4144004583358764,0.0826955437660217,0.9859707355499268,0.3887999951839447,2,-0.8129841089248657,0.6999827183302016,126.0,1122.2,458.0,287.0,14.0,0.0,0.0,70.0,0.0,0.0,0.0,0.0,0.0,0.0,1.9649599599999998,3.0,2B,2001,1.48,196,35,,,,,,,,,,,,,,,,,,
Russ Johnson,TBD,85,288,4,32,33,2,0.118055555,0.197916666,0.141129032,0.367021276,0.294354838,0.38028169,0.43548387,0.3587720415122072,,119.63821587375188,-0.4865999548346735,6.64450630208624,-2.2066755890846252,1.403754169263178,Russ Johnson,1216,116641,248,73,48,19,2,34,0,57,1,1,4,2,2,0.596491228,0.81576556,3.69978225505189,,,,-0.4865999548346735,43.4322732681819,7.695878624398331,1.345418095588684,-4.384573936462402,5.729991912841797,15.99899959564209,1.5669710636138916,0.9908918738365172,1.688304781913757,21,0.535723865032196,0.8220611073881736,61.0,542.2,84.0,136.0,7.0,0.0,0.0,27.0,0.0,0.0,0.0,0.0,0.0,0.0,2.77922078,-3.0,2B,2001,1.62,108,25,,,,,,,,,,,,,,,,,,
Matt Stairs,CHC,128,403,17,48,61,2,0.129032258,0.188585607,0.211764705,0.272,0.25,0.358208955,0.461764705,0.3500711072849322,,111.62288067934864,-0.9231329095200635,5.197682242032597,-4.413470268249512,1.3714513934537065,Matt Stairs,1384,122644,340,85,47,21,0,52,7,76,7,3,1,4,3,0.684210526,0.81997366,1.861434301792367,,,,-0.9231329095200635,57.80891718826721,7.802781627695067,1.404585838317871,-6.597340106964111,8.00192642211914,18.676000595092773,1.819301962852478,1.0245414972305298,2.0258777141571045,18,1.3053719997406006,0.0655688963721006,93.0,780.5000000000001,547.0,52.0,4.0,0.0,0.0,38.0,0.0,0.0,0.0,0.0,0.0,0.0,1.99299475,2.0,1B,2001,1.45,157,38,,,,,,,,,,,,,,,,,,
Tomas Perez,PHI,62,145,3,11,19,0,0.048275862,0.151724137,0.133333334,0.345454545,0.303703703,0.347222222,0.437037037,0.3391862632511379,,104.67084335907371,-0.4423711729468778,0.4426501693372724,8.598422288894653,1.365945845336751,Tomas Perez,965,120416,135,41,30,7,1,7,1,22,2,0,1,2,1,0.318181818,0.784259259,2.3232503463327063,,,,-0.4423711729468778,19.464659458345835,1.4723774328298045,-0.4431119859218597,-2.6859261989593506,2.242814064025879,1.6570000648498535,0.12427868694067,0.9998411536216736,1.4284588098526,17,0.4582953751087188,-0.9014777589471894,26.0,265.0,57.0,87.0,1.0,0.0,0.0,17.0,0.0,0.0,0.0,0.0,0.0,0.0,2.96875,8.0,2B,2001,1.12,59,11,,,,,,,,,,,,,,,,,,
Sean Casey,CIN,145,588,13,69,89,3,0.073129251,0.107142857,0.148217636,0.330434782,0.30956848,0.369047619,0.457786116,0.3552298910658935,,111.00781954762758,0.1263147562276572,8.58434173535646,-13.986282348632812,1.3455565308152102,Sean Casey,314,112087,533,165,112,40,0,43,8,63,9,3,0,16,1,0.682539682,0.826833735,2.4784065088444467,,,,0.1263147562276572,86.91241169349381,13.950605962435688,2.9707679748535156,-9.701089859008787,12.671857833862305,21.39900016784668,2.0942790508270264,1.0418068170547483,2.36537504196167,8,0.9744428396224976,1.8771107557475712,134.0,1127.0,1146.0,62.0,7.0,0.0,0.0,89.0,0.0,0.0,0.0,0.0,0.0,0.0,0.99423868,-4.0,1B,2001,0.99,244,53,,,,,,,,,,,,,,,,,,
Todd Walker,- - -,151,610,17,93,75,1,0.083606557,0.134426229,0.163339383,0.32087912,0.295825771,0.354785478,0.459165154,0.3519086155024442,,100.12840514128388,-3.300755588337779,-3.198402091042852,-2.98125422000885,1.3377092861847135,Todd Walker,359,123842,551,163,109,35,2,51,1,82,1,3,4,14,8,0.621951219,0.813950632,3.383206171473673,,,,-3.300755588337779,88.46983939304783,12.778170182256249,-0.9181459695100784,-11.293683528900146,10.375538349151611,10.155301094055176,0.7498924434185028,0.9877135664556288,1.4813412077286665,17,0.6647461503744125,-1.5943131834615545,134.0,1169.1,293.0,367.0,11.0,0.0,0.0,82.0,0.0,0.0,0.0,0.0,0.0,0.0,1.98358209,-5.0,2B,2001,1.39,253,54,,,,,,,,,,,,,,,,,,
Adam Kennedy,ANA,137,532,6,48,40,12,0.050751879,0.133458646,0.102510461,0.3,0.269874476,0.318095238,0.372384937,0.3004928469886268,,81.01971216871135,-0.6605073710670695,-13.391926526653924,8.350599527359009,1.3283556693168963,Adam Kennedy,19,150456,478,129,95,25,3,27,3,71,11,9,7,7,7,0.38028169,0.690480175,4.442375737823031,,,,-0.6605073710670695,54.002542724620206,-12.010519603479995,-0.8289123177528381,-8.867311477661133,8.038399696350098,-20.2760009765625,-1.9815343618392944,0.9871699213981628,1.826900005340576,6,-1.2030973434448242,0.3634117940929751,123.0,1102.2,236.0,376.0,10.0,0.0,0.0,64.0,0.0,0.0,0.0,0.0,0.0,0.0,0.98392283,7.0,2B,2001,1.55,178,34,,,,,,,,,,,,,,,,,,
Eric Young Sr.,CHC,149,672,6,98,42,31,0.0625,0.066964285,0.11442786,0.291891891,0.278606965,0.333333333,0.393034825,0.3186149778889446,,91.26041808831708,0.1041957666748203,-7.570309151059039,-0.865792989730835,1.3203383041792691,Eric Young Sr.,716,124695,603,168,115,43,4,42,1,45,9,3,15,15,14,0.933333333,0.726368158,6.356998478684331,,,,0.1041957666748203,78.51508458269339,-4.869836252801608,-1.0415446758270264,-12.252815246582031,11.21127223968506,-10.30840015411377,-0.9441864490509032,1.0087605714797974,1.283733367919922,3,-0.583830714225769,-0.4486686768826051,145.0,1244.2,263.0,366.0,12.0,0.0,0.0,67.0,0.0,0.0,0.0,0.0,0.0,0.0,0.98127925,-3.0,2B,2001,1.23,237,53,,,,,,,,,,,,,,,,,,
Erubiel Durazo,ARI,92,207,12,34,38,0,0.1352657,0.236714975,0.268571429,0.301724137,0.268571428,0.371980676,0.537142857,0.384507845617035,,128.5935581842982,-0.0140647985390387,7.7203771884487775,-1.0887086391448977,1.3152573635211926,Erubiel Durazo,1413,220194,175,47,24,11,0,28,1,49,2,2,0,1,0,0.571428571,0.909123533,1.70039682125,,,,-0.0140647985390387,35.723282127390135,10.037748477170693,0.5437379479408264,-3.865957736968994,4.409696102142334,10.36400032043457,0.9989550709724426,1.0801883935928345,1.4398382902145386,47,0.8180640339851379,-0.3146907787585291,28.0,277.2,252.0,18.0,2.0,0.0,0.0,22.0,0.0,0.0,0.0,0.0,0.0,0.0,1.9925093600000001,2.0,1B,2001,1.15,94,23,,,,,,,,,,,,,,,,,,
Mike Darr,SDP,105,331,2,36,34,6,0.117824773,0.217522658,0.07266436,0.359447004,0.276816608,0.362537764,0.349480968,0.318648784625821,,95.81911302861825,0.308623333054129,-1.4997448570741776,3.9320974349975586,1.311152803384816,Mike Darr,1002993,150432,289,80,64,13,1,39,3,72,1,2,0,8,2,0.541666666,0.712018732,4.1633531316665575,,,,0.308623333054129,38.68281824241211,-2.389218657214145,1.426401972770691,-5.153604030609131,6.580005645751953,1.1969997882843018,0.2104706019163131,1.050188422203064,1.1694444417953491,9,-0.1875798404216766,1.5458141749598673,73.0,672.2,183.0,6.0,2.0,0.0,0.0,2.0,0.0,0.0,0.0,0.0,0.0,0.0,2.98245614,6.0,RF,2001,1.26,101,16,,,,,,,,,,,,,,,,,,
Dmitri Young,CIN,142,586,21,68,69,8,0.063139931,0.131399317,0.17962963,0.319101123,0.301851851,0.35042735,0.481481481,0.3516887347594551,,108.7155266240092,-0.5993832836975344,6.0745473498424705,-11.695361614227297,1.3108788025570792,Dmitri Young,505,124693,540,163,111,28,3,37,10,77,5,3,1,22,5,0.48051948,0.831908831,3.829540923407767,,,,-0.5993832836975344,84.8614636992167,12.14782737540707,0.1609918624162674,-10.751604080200195,10.912595748901367,5.629000663757324,0.5246017575263977,1.0200204849243164,1.7548571825027466,7,0.7540945410728455,-0.5962625516219545,135.0,1155.2,382.0,84.0,16.0,0.0,0.0,27.0,0.0,0.0,0.0,0.0,0.0,0.0,3.8464939,-7.0,LF,2001,0.95,260,52,,,,,,,,,,,,,,,,,,
Aaron Rowand,CHW,63,148,4,21,20,5,0.101351351,0.189189189,0.138211382,0.347826086,0.292682926,0.384615384,0.430894308,0.3607117704578212,,119.82557185325274,0.5555058534955606,4.255063753729621,3.868540570139885,1.3049867440039638,Aaron Rowand,254,400023,123,36,27,5,0,15,0,28,4,1,5,2,1,0.535714285,0.815509692,4.699920381792451,,,,0.5555058534955606,22.562201529546577,4.197665393157797,0.2409922033548355,-1.984969973564148,2.225961923599243,3.568000316619873,0.3303179740905761,0.8559045791625977,0.3774999976158142,4,0.1915797293186187,0.0899846053302484,34.0,341.3,103.0,3.0,1.0,0.0,0.0,0.0,0.0,0.0,0.0,0.0,0.0,0.0,2.98765432,4.0,CF,2001,1.34,53,9,,,,,,,,,,,,,,,,,,
Tony Graffanino,CHW,74,169,2,23,15,4,0.094674556,0.171597633,0.103448276,0.358974358,0.303448275,0.369696969,0.406896551,0.3418827898574598,,107.19334625555996,0.3544443562859669,1.8872251878649249,5.3315035700798035,1.2901174141323264,Tony Graffanino,235,115017,145,44,33,9,0,16,0,29,1,3,4,4,1,0.551724137,0.77659352,4.253560906086638,,,,0.3544443562859669,23.071880651537167,2.1015657390391707,-0.0295299645513296,-3.0389480590820312,3.00941801071167,-1.8961001634597776,-0.1687553226947784,1.024166226387024,1.6886285543441772,14,0.3939267694950104,-0.4227599449996383,28.0,339.1,56.0,100.0,7.0,0.0,0.0,17.0,0.0,0.0,0.0,0.0,0.0,0.0,4.76948052,5.0,3B,2001,1.31,59,11,,,,,,,,,,,,,,,,,,
Shawon Dunston,SFG,88,193,9,26,25,3,0.010362694,0.165803108,0.231182796,0.294520547,0.279569892,0.293193717,0.510752688,0.3373234633999969,,105.53016109806204,0.1586903302231803,1.5534055185812303,5.184386253356934,1.2899902868083846,Shawon Dunston,1401,113645,186,52,30,10,3,2,0,32,2,1,2,2,1,0.0625,0.803946405,6.4199561465454975,,,,0.1586903302231803,25.604017151806573,1.6556693523266133,-1.18517804145813,-4.404550075531006,3.219372034072876,-2.1798999309539795,-0.3404422402381897,1.0826475620269775,1.3808555603027344,36,0.4020308256149292,-1.4967342942480553,34.0,312.2,80.0,4.0,3.0,0.0,0.0,2.0,0.0,0.0,0.0,0.0,0.0,0.0,2.9292804,6.0,CF,2001,1.47,95,22,,,,,,,,,,,,,,,,,,
Todd Hollandsworth,COL,33,125,6,21,19,5,0.064,0.16,0.299145299,0.406593406,0.367521367,0.408,0.666666666,0.4466147030272135,,153.5290024903992,0.9928349288529716,9.736421249289144,-0.7818928956985474,1.2750855531223932,Todd Hollandsworth,433,116075,117,43,21,15,1,8,2,20,0,0,0,1,0,0.4,1.074666666,6.796127038669914,,,,0.9928349288529716,28.13900012896078,12.628412175929718,1.5811882019042969,-1.5705100297927856,3.151697874069214,7.881999969482422,0.6649541258811951,0.8547142148017883,0.7166666388511658,3,0.7927677035331726,1.0571935753616457,28.0,248.0,51.0,2.0,1.0,0.0,0.0,0.0,0.0,0.0,0.0,0.0,0.0,0.0,2.97142857,0.0,LF,2001,1.41,78,22,,,,,,,,,,,,,,,,,,
Ben Grieve,TBD,154,639,11,72,72,7,0.136150234,0.248826291,0.123616236,0.352941176,0.263837638,0.372456964,0.387453874,0.3400127308522139,,107.05273133033006,0.9164959465269932,6.598749230985507,-15.664268493652344,1.26602810468007,Ben Grieve,1209,115132,542,143,100,30,2,87,2,159,8,2,0,13,1,0.547169811,0.759910838,3.9028496138166746,,,,0.9164959465269932,86.22546759069382,6.935341974799033,0.7614756226539612,-10.109086036682127,10.870561599731444,10.579999923706056,1.0829685926437378,0.9600244760513306,1.222599983215332,2,-0.2351449877023697,1.028328538382224,118.0,1011.4000000000001,240.0,4.0,4.0,0.0,0.0,0.0,0.0,0.0,0.0,0.0,0.0,0.0,1.9671875,-7.0,RF,2001,1.33,210,43,,,,,,,,,,,,,,,,,,
Geoff Jenkins,MIL,105,446,20,60,63,4,0.080717488,0.269058295,0.20906801,0.32442748,0.264483627,0.334080717,0.473551637,0.3404350861873061,,103.3423824963602,-0.091111299348995,1.8568550287176768,-3.615909576416016,1.2583371150846594,Geoff Jenkins,690,132961,397,105,63,21,1,36,7,120,8,5,0,11,2,0.3,0.807632354,3.6007631246088883,,,,-0.091111299348995,60.3417490182341,4.999971201819266,-0.6603604555130005,-7.883255958557129,7.222896099090576,3.900999784469605,0.3779425323009491,0.9658799171447754,1.6119999885559082,1,0.0861916840076446,-0.7698796288456357,104.0,897.1,210.0,8.0,3.0,0.0,0.0,2.0,0.0,0.0,0.0,0.0,0.0,0.0,0.98642534,1.0,LF,2001,1.29,188,42,,,,,,,,,,,,,,,,,,
Calvin Murray,SFG,106,364,6,54,25,8,0.087912087,0.156593406,0.110429447,0.281368821,0.245398773,0.318559556,0.35582822,0.3007677166085494,,81.86656863385305,-1.8829755391343497,-10.508227986446574,11.21742069721222,1.2576329959245096,Calvin Murray,1262,150273,326,80,58,14,2,32,0,57,3,0,3,5,8,0.561403508,0.674387776,5.136125726497853,,,,-1.8829755391343497,37.033741929347165,-8.133090189879287,-0.6105139255523682,-6.875576019287109,6.265061855316162,-9.35580062866211,-0.9624069929122924,0.9838078022003174,0.3003999888896942,4,-0.8404422402381897,0.2198800489372726,73.0,710.0,232.0,4.0,5.0,0.0,0.0,1.0,0.0,0.0,0.0,0.0,0.0,0.0,0.97925311,10.0,CF,2001,1.5,116,22,,,,,,,,,,,,,,,,,,
Ray Lankford,- - -,131,459,19,58,58,10,0.135076252,0.315904139,0.23907455,0.346491228,0.25192802,0.358078602,0.49100257,0.3577049171473241,,117.82259122722532,1.107827224303037,11.797735294764504,-14.105511963367462,1.221082844911509,Ray Lankford,1044,117484,389,98,47,28,4,62,9,145,4,3,1,6,2,0.427586206,0.849081172,5.830932963906003,,,,1.107827224303037,68.75890032012911,11.804021356599048,0.3395776152610779,-8.432176351547241,8.771754026412964,7.514999389648437,0.6652514040470123,1.040953076110696,1.1375384330749512,13,1.3725736141204834,-1.0463556288393034,109.0,947.4,198.0,6.0,6.0,0.0,0.0,1.0,0.0,0.0,0.0,0.0,0.0,0.0,1.9664804500000002,-10.0,LF,2001,1.08,191,51,,,,,,,,,,,,,,,,,,
Tyler Houston,MIL,75,256,12,36,38,0,0.0703125,0.2421875,0.182978723,0.347826086,0.289361702,0.342519685,0.472340425,0.3503842462192882,,109.78276161653456,-0.0177800283418037,3.2548120494815596,0.7293086647987366,1.208867324851522,Tyler Houston,689,116191,235,68,49,7,0,18,1,62,1,0,2,3,0,0.29032258,0.81486011,1.544884165,,,,-0.0177800283418037,36.79009963092395,5.024415503116332,0.6736441254615784,-4.34320592880249,5.016849994659424,10.869000434875488,1.0458991527557373,0.9944459795951844,1.6830666065216064,12,0.4354834854602813,0.2419229692732408,57.0,503.1,42.0,99.0,10.0,0.0,0.0,11.0,0.0,0.0,0.0,0.0,0.0,0.0,1.9280575500000001,0.0,3B,2001,1.15,111,19,,,,,,,,,,,,,,,,,,
Mike Hampton,COL,43,86,7,20,16,0,0.023255813,0.244186046,0.291139241,0.31372549,0.29113924,0.308641975,0.582278481,0.3726736675074071,,105.66483106738082,-0.43653295468539,0.2000805583873544,9.313348770141602,1.204830325164312,Mike Hampton,430,115399,79,23,14,2,0,2,0,21,0,0,5,1,1,0.095238095,0.890920456,3.392857142857143,,,,-0.43653295468539,13.980658213337676,3.3093737016523037,0.6235761642456055,-1.0166139602661133,1.6401900053024292,4.855000019073486,0.3997052907943725,0.6881127953529358,0.595466673374176,3,0.3843804001808166,0.5218317331450443,32.0,203.0,12.0,46.0,0.0,0.0,0.0,5.0,0.0,0.0,0.0,0.0,0.0,0.0,1.0,0.0,P,2001,0.99,46,9,,,,,,,,,,,,,,,,,,
Mike Redmond,FLA,48,158,4,19,14,0,0.082278481,0.082278481,0.113475177,0.32,0.312056737,0.375796178,0.425531914,0.3440125849511888,,109.7621434104402,-0.0124725571949966,2.0030734172806244,5.100711345672607,1.204507140236753,Mike Redmond,538,133226,141,44,36,4,0,13,4,13,2,1,1,6,0,1.0,0.801328092,1.28672505875,,,,-0.0124725571949966,21.85481006930518,2.2494268966739166,0.5206359028816223,-2.061055898666382,2.5816922187805176,4.311000347137451,0.4683820009231567,0.8807043433189392,1.554800033569336,1,0.3266024589538574,0.2645560913941549,41.0,361.2,291.0,23.0,2.0,0.0,0.0,5.0,0.0,0.0,0.0,0.0,2.0,10.0,0.99367089,2.0,C,2001,1.26,60,8,,,,,,,,,,,,,,,,,,
Neifi Perez,- - -,136,623,8,83,59,9,0.041733547,0.109149277,0.117039587,0.302554027,0.278829604,0.308823529,0.395869191,0.3045656146472487,,66.08690208895526,-0.8322010055999272,-27.8730219952116,19.018520832061768,1.2013393297659354,Neifi Perez,620,120413,581,162,119,26,9,26,1,68,1,4,11,10,6,0.382352941,0.70469272,5.848089181053744,,,,-0.8322010055999272,65.20981955915398,-12.094950798752835,-1.173764180392027,-10.958013534545898,9.784249782562256,-23.56279945373535,-2.2191678881645203,0.964588177240925,,0,-2.1377503275871277,0.9208950850219308,136.0,1191.1,250.0,408.0,15.0,0.0,0.0,103.0,0.0,0.0,0.0,0.0,0.0,0.0,1.97695853,13.0,SS,2001,1.23,230,43,,,,,,,,,,,,,,,,,,
Travis Lee,PHI,157,640,20,75,90,3,0.1109375,0.1703125,0.176576577,0.28275862,0.257657657,0.341158059,0.434234234,0.333683669849149,,101.10885545868231,-1.1708115506335162,-0.2434579740622755,-8.588391304016113,1.1930015470340978,Travis Lee,958,134162,555,143,87,34,2,71,5,109,4,9,1,15,4,0.651376146,0.775392293,2.791495325539037,,,,-1.1708115506335162,82.93403215780904,3.51982183828999,1.664153814315796,-11.312607765197754,12.976761817932127,8.88700008392334,0.8897689580917358,1.0171769857406616,1.5232000350952148,4,1.2658929824829102,0.3701584005554461,150.0,1351.2,1333.0,75.0,6.0,0.0,0.0,121.0,0.0,0.0,0.0,0.0,0.0,0.0,0.99575672,3.0,1B,2001,1.07,241,56,,,,,,,,,,,,,,,,,,
Luis Castillo,FLA,134,612,2,76,45,33,0.109477124,0.147058823,0.07821229,0.310267857,0.262569832,0.34375,0.340782122,0.3085190151867114,,86.786128864813,-0.3646241598180495,-10.932116162088056,2.9838812351226807,1.1850960821084997,Luis Castillo,513,112116,537,141,113,16,10,67,0,90,1,3,4,6,16,0.744444444,0.684532122,7.1951494280756485,,,,-0.3646241598180495,66.27826512453817,-9.661573493501924,-0.5885185599327087,-10.426403999328612,9.837885856628418,2.1194000244140625,0.2203568071126938,0.9471179246902466,0.0795999988913536,1,-0.2490210384130478,-0.3723572974738829,131.0,1157.0,261.0,387.0,13.0,0.0,0.0,99.0,0.0,0.0,0.0,0.0,0.0,0.0,0.98033283,1.0,2B,2001,1.47,183,28,,,,,,,,,,,,,,,,,,
Mark Johnson,CHW,61,211,5,21,18,2,0.109004739,0.146919431,0.132947977,0.271428571,0.248554913,0.338308457,0.38150289,0.3168774238228798,,90.41742876931892,-0.0468825174611993,-2.596217477818097,7.246682167053223,1.1770829890523913,Mark Johnson,240,150322,173,43,31,6,1,23,1,31,2,3,10,5,1,0.741935483,0.719811347,3.652903373873684,,,,-0.0468825174611993,24.3426772408927,-1.8391952238237328,-0.2990037798881531,-3.2080698013305664,2.909065961837769,-4.888999938964844,-0.4539125263690948,0.8521434664726257,,0,-0.0440247096121311,-0.3068596093463341,56.0,495.1,325.0,32.0,3.0,0.0,0.0,2.0,0.0,0.0,0.0,0.0,4.0,19.0,0.99166667,3.0,C,2001,1.11,66,12,,,,,,,,,,,,,,,,,,
David Dellucci,ARI,115,241,10,28,40,2,0.091286307,0.215767634,0.202764977,0.322580645,0.276497695,0.348547717,0.479262672,0.3510928656984482,,106.963074979995,-0.0476786381332203,2.1451694821591394,1.879746437072754,1.1717192746998133,David Dellucci,1402,113240,217,60,38,10,2,22,4,52,2,0,0,2,1,0.423076923,0.827810389,3.993480278008077,,,,-0.0476786381332203,34.77888905670279,4.874475483258897,0.3634161949157715,-4.407440185546875,4.770855903625488,9.889400482177734,0.9826282262802124,1.1040847301483154,1.2459722757339478,65,0.3575896322727203,-0.0284335584748764,40.0,383.3,90.0,0.0,1.0,0.0,0.0,0.0,0.0,0.0,0.0,0.0,0.0,0.0,2.9827586200000002,3.0,RF,2001,1.03,104,22,,,,,,,,,,,,,,,,,,
Gregg Zaun,KCR,39,138,6,15,18,1,0.086956521,0.115942028,0.216,0.326923076,0.32,0.376811594,0.536,0.3890851567620816,,132.80178929157503,-0.6743927741772495,5.033016428050648,2.15877914428711,1.1708339413306876,Gregg Zaun,580,124748,125,40,25,9,0,12,0,16,0,1,0,2,2,0.75,0.912811594,1.6147810761906285,,,,-0.6743927741772495,24.34984578109772,7.226156680951424,0.6759480237960815,-2.570129871368408,3.2460780143737793,0.5139998197555542,0.0637218207120895,1.0603902339935305,1.1343333721160889,6,0.6257985830307007,0.0116535568766965,31.0,277.0,181.0,11.0,5.0,0.0,0.0,4.0,0.0,0.0,0.0,0.0,0.0,8.0,0.97461929,0.0,C,2001,1.08,67,15,,,,,,,,,,,,,,,,,,
Benji Gil,ANA,104,278,8,33,39,3,0.050359712,0.205035971,0.18076923,0.350253807,0.296153846,0.329710144,0.476923076,0.3439793914988421,,110.1945173467782,-1.1461318098008633,2.4272041950774064,-0.1840437650680542,1.1622918859481888,Benji Gil,14,114768,260,77,50,15,4,14,0,57,0,2,2,6,4,0.245614035,0.80663322,4.8315262397609775,,,,-1.1461318098008633,38.44559428062557,3.950046673084485,-0.3884538412094116,-5.296512126922607,4.908058166503906,3.2130002975463867,0.2089194059371948,0.9724375605583192,1.576311111450195,9,0.4511982798576355,-0.8506623246096535,65.0,559.3000000000001,176.0,170.0,14.0,0.0,0.0,45.0,0.0,0.0,0.0,0.0,0.0,0.0,2.90927872,0.0,SS,2001,1.36,124,27,,,,,,,,,,,,,,,,,,
Danny Bautista,ARI,100,239,5,26,26,3,0.058577405,0.129707112,0.135135135,0.333333333,0.301801801,0.345991561,0.436936936,0.3391739044149043,,99.24758652288448,-0.2812924807076342,-0.5162800589189449,4.399861097335815,1.1561004579697638,Danny Bautista,47,110712,222,67,49,11,2,14,1,31,1,0,2,7,2,0.451612903,0.782928497,4.301240447758169,,,,-0.2812924807076342,32.080629781963346,2.4243856157679526,-0.2332778871059417,-4.371377944946289,4.1381001472473145,-2.1440000534057617,-0.1900951862335205,1.0033854246139526,1.315354585647583,44,-0.1216088011860847,-0.1108820058193032,42.0,412.2,102.0,4.0,0.0,0.0,0.0,2.0,0.0,0.0,0.0,0.0,0.0,0.0,2.0,5.0,CF,2001,0.67,97,18,,,,,,,,,,,,,,,,,,
Marcus Giles,ATL,68,273,9,36,31,2,0.102564102,0.135531135,0.168032787,0.277777777,0.262295081,0.338235294,0.430327868,0.3354200446868644,,101.77689539215967,-1.7802764054504223,-1.1463848785085595,3.888202667236328,1.1488069127635954,Marcus Giles,89,279578,244,64,43,10,2,28,0,37,0,0,1,8,5,0.756756756,0.768563162,3.779535783358537,,,,-1.7802764054504223,35.777527053241336,1.9024029638214977,0.1462201327085495,-4.715497970581055,4.86171817779541,4.499000549316406,0.4467257559299469,0.9387346506118774,0.5574285387992859,7,0.1185406744480133,0.0372223333553543,59.0,518.0,104.0,166.0,6.0,0.0,0.0,31.0,0.0,0.0,0.0,0.0,0.0,0.0,0.97826087,3.0,2B,2001,0.61,105,21,,,,,,,,,,,,,,,,,,
Quilvio Veras,ATL,71,295,3,39,25,7,0.081355932,0.176271186,0.104651163,0.302439024,0.251937984,0.329896907,0.356589147,0.3054616773950642,,82.38397754176837,-0.3493162805680185,-7.140106426766661,8.956789791584015,1.140336094787798,Quilvio Veras,1013404,123700,258,65,46,14,2,24,1,52,7,2,4,4,4,0.461538461,0.686486054,5.59125605718137,,,,-0.3493162805680185,31.18493322471105,-5.420054344442261,-1.3379305601119995,-5.6242523193359375,4.286322116851807,-12.100500106811523,-1.2929551601409912,1.0127743482589722,1.461514234542847,7,-0.9230359792709352,-0.3980189649147989,64.0,558.0,132.0,181.0,3.0,0.0,0.0,37.0,0.0,0.0,0.0,0.0,0.0,0.0,0.99050633,8.0,2B,2001,0.92,92,19,,,,,,,,,,,,,,,,,,
Tim Salmon,ANA,137,581,17,63,49,9,0.165232358,0.208261617,0.155789473,0.268436578,0.227368421,0.364888123,0.383157894,0.3347854739251955,,104.02638517956642,0.4582909623277373,3.4078279145179193,-11.889556407928469,1.1308920640977322,Tim Salmon,32,121640,475,108,69,21,1,96,4,121,8,2,0,11,3,0.793388429,0.748046017,3.5454524368425844,,,,0.4582909623277373,75.83004795294262,3.73683514725425,-2.8496479988098145,-11.61228370666504,8.762636184692383,-7.947000026702881,-0.8506216406822205,1.0840919017791748,,0,-0.2063499689102172,-2.4222537446062,124.0,1087.1,253.0,13.0,3.0,0.0,0.0,5.0,0.0,0.0,0.0,0.0,0.0,0.0,0.98884758,-5.0,RF,2001,1.16,182,39,,,,,,,,,,,,,,,,,,
Craig Paquette,STL,123,370,15,47,64,3,0.048648648,0.181081081,0.182352941,0.311538461,0.282352941,0.326027397,0.464705882,0.3386046049686578,,104.05880724532642,0.1448909052414819,2.1073047066402646,-2.7377655506134033,1.1229875938198792,Craig Paquette,484,120214,340,96,64,17,0,18,1,67,5,2,5,11,1,0.268656716,0.790733279,3.0998302908231468,,,,0.1448909052414819,49.4863937185674,3.575053377595453,1.1621482372283936,-5.796710014343262,6.958858013153076,13.675800323486328,1.3727537393569946,0.9291817545890808,1.0518879890441897,25,0.1929296404123306,1.0577925476727543,79.0,726.4,218.0,52.0,5.0,0.0,0.0,23.0,0.0,0.0,0.0,0.0,0.0,0.0,4.94317315,0.0,LF,2001,0.7,158,32,,,,,,,,,,,,,,,,,,
Shawn Wooten,ANA,79,232,8,24,32,2,0.021551724,0.181034482,0.153846154,0.350574712,0.312217194,0.331896551,0.466063348,0.3413908586933695,,108.45788958876082,0.3840775925200432,2.858149890692377,0.4908523559570312,1.1211691594466706,Shawn Wooten,43,279564,221,69,52,8,1,5,0,42,3,3,0,5,0,0.119047619,0.797959899,3.916081886191068,,,,0.3840775925200432,31.576100787285185,2.7884495464595345,0.7461279034614563,-3.5720040798187256,4.318131923675537,3.740000009536743,0.3883220553398132,0.943128764629364,0.8291500210762024,8,0.0011840499937534,0.7899358176678737,36.0,294.1,231.0,22.0,2.0,0.0,0.0,19.0,0.0,0.0,0.0,0.0,8.0,4.0,1.98639456,3.0,C,2001,1.18,103,17,,,,,,,,,,,,,,,,,,
Jose Canseco,CHW,76,306,16,46,49,2,0.147058823,0.245098039,0.21875,0.295857988,0.2578125,0.366013071,0.4765625,0.3626649258566684,,121.13592954861916,-0.0553744712960906,8.099272592629237,-7.412550926208496,1.105213824198772,Jose Canseco,1001918,111962,256,66,42,8,0,45,1,75,1,4,0,4,1,0.6,0.842575571,2.6983354134923707,,,,-0.0553744712960906,47.15443727047688,9.184517961456836,0.2226960361003875,-5.2146220207214355,5.437317848205566,9.274999618530272,0.8459241986274719,0.941847562789917,2.296299934387207,6,1.3222311735153198,-1.0857852295021262,2.0,13.0,1.0,0.0,0.0,0.0,0.0,0.0,0.0,0.0,0.0,0.0,0.0,0.0,1.0,0.0,RF,2001,0.76,122,24,,,,,,,,,,,,,,,,,,
Pat Burrell,PHI,155,618,27,70,89,2,0.113268608,0.262135922,0.211502783,0.31638418,0.257884972,0.346278317,0.469387755,0.3478254850484345,,110.26326156312388,-0.0718276318511925,8.216450393893034,-16.973609924316406,1.1000080688039326,Pat Burrell,949,150100,539,139,81,29,2,70,7,162,5,4,0,12,1,0.432098765,0.815666072,2.5977036581995536,,,,-0.0718276318511925,87.47597703075198,10.791630190966394,2.534327745437622,-10.80396842956543,13.338295936584473,21.203001022338867,2.126737356185913,1.0518133640289309,1.8194665908813477,6,1.8524054288864136,0.5570788314484969,143.0,1250.2,226.0,18.0,7.0,0.0,0.0,2.0,0.0,0.0,0.0,0.0,0.0,0.0,0.97211155,-10.0,LF,2001,1.05,253,58,,,,,,,,,,,,,,,,,,
Toby Hall,TBD,49,196,4,28,30,2,0.020408163,0.081632653,0.14893617,0.307692307,0.29787234,0.321428571,0.44680851,0.3303531140697245,,100.57216496438876,-0.4759850125410594,-0.3345881664312204,4.51508903503418,1.075684515329609,Toby Hall,1210,150134,188,56,36,16,0,4,0,16,3,1,0,5,2,0.25,0.768237081,3.553051743885081,,,,-0.4759850125410594,24.84635772877356,0.5257558184208588,0.1532080918550491,-4.105102062225342,4.258309841156006,-0.0109999552369117,0.0069559914991259,1.1089861392974854,1.7381333112716677,3,-0.0710795670747757,0.2092310609718072,46.0,410.0,328.0,20.0,5.0,0.0,0.0,2.0,0.0,0.0,0.0,0.0,2.0,14.0,0.98583569,1.0,C,2001,0.99,84,20,,,,,,,,,,,,,,,,,,
Michael Tucker,- - -,149,500,12,62,61,16,0.092,0.204,0.162844037,0.298780487,0.252293577,0.322448979,0.415137614,0.3166317018707102,,87.94674963937449,-0.2888137335539795,-8.164068647101807,2.5122368931770325,1.0577749881869956,Michael Tucker,635,123494,436,110,71,19,8,46,4,102,2,6,10,8,8,0.450980392,0.737586593,6.763236166493866,,,,-0.2888137335539795,57.62329319926184,-4.419058612862421,-0.8480661809444427,-9.011595964431764,8.163530111312866,-0.6135001182556152,-0.0371795892715454,1.000314860357403,1.4197384852629442,26,0.2370171546936035,-1.084816397265524,105.0,975.4,251.0,15.0,6.0,0.0,0.0,3.0,0.0,0.0,0.0,0.0,0.0,0.0,3.83406761,4.0,CF,2001,1.1199999999999999,181,39,,,,,,,,,,,,,,,,,,
Greg Vaughn,TBD,136,562,24,74,82,11,0.126334519,0.231316725,0.2,0.266467065,0.23298969,0.332740213,0.43298969,0.3290841789932938,,99.720845687232,0.0038012079312466,-0.1940064257428626,-8.5709867477417,1.0548341478359415,Greg Vaughn,1233,123675,485,113,64,25,0,71,7,130,3,3,0,10,5,0.546153846,0.765729903,3.618822772359529,,,,0.0038012079312466,70.63988632580046,0.9042828889727949,1.3076099157333374,-10.072775840759276,11.380386352539062,11.071000099182127,1.10598623752594,0.9881037473678588,3.9848666191101074,3,0.503548264503479,0.8198045911218426,57.0,459.0,127.0,4.0,3.0,0.0,0.0,2.0,0.0,0.0,0.0,0.0,0.0,0.0,0.97761194,2.0,LF,2001,2.08,210,49,,,,,,,,,,,,,,,,,,
Eli Marrero,STL,86,224,6,37,23,6,0.066964285,0.160714285,0.172413793,0.292682926,0.266009852,0.312217194,0.438423645,0.3175711454866139,,90.44324041981196,-0.1093334726174362,-2.906698347997765,6.287034511566162,1.0543147426750743,Eli Marrero,1166,118305,203,54,34,11,3,15,2,36,0,3,3,4,3,0.416666666,0.750640839,7.046451089133578,,,,-0.1093334726174362,25.973909452851483,-1.821064158980182,-0.36844003200531,-3.653055906295776,3.284615993499756,-5.335000038146973,-0.4807494580745697,0.9036566615104676,0.521461546421051,13,-0.3232467174530029,-0.0844745418463645,50.0,497.20000000000005,382.0,24.0,7.0,0.0,0.0,6.0,0.0,0.0,0.0,0.0,1.0,11.0,3.81754386,3.0,C,2001,0.83,89,20,,,,,,,,,,,,,,,,,,
Marvin Benard,SFG,129,429,15,70,44,10,0.067599067,0.153846153,0.173469388,0.28343949,0.265306122,0.320093457,0.43877551,0.325613452655049,,97.94993236957151,-0.1877068412140943,-1.3369605636274309,-1.9708491507917645,1.0457017243523496,Marvin Benard,1382,110847,392,104,68,19,2,29,2,66,4,3,1,3,5,0.439393939,0.758868967,5.728061995047144,,,,-0.1877068412140943,52.66313250722095,-0.5692053475816602,-1.0141719579696655,-7.461913585662842,6.447741985321045,4.130000591278076,0.4066111147403717,0.9384512901306152,1.227993369102478,30,0.0384891182184219,-1.1191759568805664,85.0,780.3000000000001,213.0,5.0,8.0,0.0,0.0,2.0,0.0,0.0,0.0,0.0,0.0,0.0,2.9029251,-2.0,CF,2001,0.96,172,36,,,,,,,,,,,,,,,,,,
Jeremy Giambi,OAK,124,443,12,64,57,0,0.142212189,0.187358916,0.167115903,0.334532374,0.283018867,0.39090909,0.45013477,0.3692110732095931,,128.7178197426337,-0.4675816608942114,15.572906520942135,-20.000344276428223,1.0450590064474694,Jeremy Giambi,913,136605,371,105,67,26,0,63,1,83,4,2,3,13,1,0.759036144,0.84104386,1.771568324049792,,,,-0.4675816608942114,70.71910627020095,15.749582564658862,0.7390580177307129,-7.428614139556885,8.167672157287598,13.098999977111816,1.2048853635787964,1.0300357341766355,1.910014271736145,14,1.4016733169555664,-0.684166153651681,48.0,422.2,123.0,3.0,5.0,0.0,0.0,6.0,0.0,0.0,0.0,0.0,0.0,0.0,2.74358974,-11.0,RF,2001,0.93,167,38,,,,,,,,,,,,,,,,,,
John Vander Wal,- - -,146,527,14,58,70,8,0.129032258,0.231499051,0.172566372,0.3375,0.269911504,0.363809523,0.442477876,0.3458287275807802,,108.13851926504096,-1.0298126465640962,4.574810932696455,-11.065953254699709,1.041544653357288,John Vander Wal,853,123639,452,122,76,28,4,68,9,122,1,4,2,10,6,0.557377049,0.806287399,4.19026461726693,,,,-1.0298126465640962,73.67331636774227,8.280677557763301,2.3165124356746674,-8.46900200843811,10.785513877868652,11.2599995136261,1.1152645945549011,1.0210123939947648,2.129111170768738,18,1.3778554797172546,0.8909832232207089,119.0,969.3000000000001,301.0,7.0,4.0,0.0,0.0,13.0,0.0,0.0,0.0,0.0,0.0,0.0,2.9735613499999998,-5.0,RF,2001,0.5599999999999999,200,46,,,,,,,,,,,,,,,,,,
Tony Womack,ARI,125,518,3,66,30,28,0.044401544,0.104247104,0.079002079,0.294117647,0.266112266,0.307240704,0.345114345,0.2870840002839364,,65.52828460608367,2.540023423731327,-20.793648845314895,14.216065406799316,1.0364375293497348,Tony Womack,78,124523,481,128,101,19,5,23,2,54,6,1,7,4,7,0.425925925,0.652355049,7.15944945751985,,,,2.540023423731327,46.70603397601851,-17.56984250134221,-0.9308258891105652,-8.973633766174316,8.042808532714844,-10.19480037689209,-0.9363800287246704,0.97985178232193,1.7037999629974363,8,-1.3186229467391968,0.3686569356504475,114.0,1014.2,152.0,311.0,22.0,0.0,0.0,74.0,0.0,0.0,0.0,0.0,0.0,0.0,0.95463918,9.0,SS,2001,1.39,166,27,,,,,,,,,,,,,,,,,,
Ruben Rivera,CIN,117,290,10,37,34,6,0.072413793,0.286206896,0.171102662,0.333333333,0.254752851,0.320689655,0.425855513,0.3232421534696665,,90.30123158903432,-0.1149063173215836,-3.790309827011611,4.771375060081482,1.035795598320869,Ruben Rivera,1550,121252,263,67,43,13,1,21,1,83,5,1,0,7,3,0.253012048,0.746545168,4.885822622069874,,,,-0.1149063173215836,35.01808555011584,-0.9664785009162232,-0.7054961919784546,-6.083087921142578,5.377592086791992,-6.947999954223633,-0.6928555369377136,1.095955729484558,1.422155499458313,27,-0.1755400151014328,-0.4681868919245092,56.0,584.4,170.0,4.0,3.0,0.0,0.0,2.0,0.0,0.0,0.0,0.0,0.0,0.0,2.9565032,5.0,CF,2001,1.14,112,24,,,,,,,,,,,,,,,,,,
Mark Grudzielanek,LAD,133,586,13,83,55,4,0.047781569,0.141638225,0.122448979,0.296875,0.270871985,0.317324185,0.393320964,0.3104647822281917,,90.04102557264015,-0.9684231856372209,-8.59452627461198,-0.0121235847473144,1.0306356916054922,Mark Grudzielanek,653,115210,539,146,109,21,3,28,0,83,11,5,3,9,4,0.337349397,0.710645149,4.290853098041083,,,,-0.9684231856372209,64.42702557075043,-8.286610753059193,-0.0988037139177322,-9.571133613586426,9.472330093383787,3.570200681686402,0.3132500052452087,0.951823115348816,,0,-0.115922212600708,0.0121175115754303,131.0,1159.1,245.0,360.0,10.0,0.0,0.0,75.0,0.0,0.0,0.0,0.0,0.0,0.0,0.98373984,-2.0,2B,2001,1.53,212,37,,,,,,,,,,,,,,,,,,
Julio Lugo,HOU,140,586,10,93,37,12,0.078498293,0.197952218,0.109161794,0.317258883,0.263157894,0.325744308,0.372319688,0.3080067851706269,,79.18002654826992,-2.395758873957675,-18.338692055552674,9.540122509002686,1.0256642240565803,Julio Lugo,565,150061,513,135,102,20,3,46,0,116,5,7,15,7,11,0.396551724,0.698063996,5.318491250821866,,,,-2.395758873957675,63.208612834740485,-9.505023489069137,-2.070133924484253,-10.419307708740234,8.349173545837402,-18.49880027770996,-1.725190281867981,0.9589362740516664,1.7051249742507937,8,-0.9407531023025512,-1.218028435638015,125.0,1117.2,213.0,373.0,22.0,0.0,0.0,74.0,0.0,0.0,0.0,0.0,0.0,0.0,1.96369637,4.0,SS,2001,1.31,191,33,,,,,,,,,,,,,,,,,,
Kerry Robinson,STL,114,207,1,34,15,11,0.057971014,0.096618357,0.059139785,0.309523809,0.284946236,0.330049261,0.344086021,0.2996422530982294,,78.83734968985846,1.319769037363585,-4.404642386345938,7.848309516906738,1.0198552134516734,Kerry Robinson,1179,137005,186,53,45,6,1,12,0,20,2,3,4,1,2,0.6,0.674135282,7.109261448544024,,,,1.319769037363585,20.86332869211184,-4.822204958107602,0.4321478009223938,-2.997635841369629,3.429784059524536,0.6556001305580139,0.0731318220496177,0.927100956439972,0.937053084373474,49,-0.1289422363042831,0.5950703293890135,31.0,357.2,101.0,2.0,2.0,0.0,0.0,0.0,0.0,0.0,0.0,0.0,0.0,0.0,2.95060976,9.0,LF,2001,1.27,64,8,,,,,,,,,,,,,,,,,,
Wiki Gonzalez,SDP,64,176,8,16,27,2,0.0625,0.159090909,0.1875,0.288,0.275,0.335227272,0.4625,0.3422540828159877,,111.09950545378192,0.3883235694374889,2.941064460992765,1.724048376083374,1.0169792848823251,Wiki Gonzalez,1033,150435,160,44,30,6,0,11,1,28,4,1,0,3,0,0.392857142,0.797727272,2.7802579693216765,,,,0.3883235694374889,24.08279772577616,2.2438898879084257,0.1654579192399978,-2.985640048980713,3.1510980129241943,5.177000045776367,0.5114582777023315,0.9910580515861512,1.4532526731491089,19,0.0977255180478096,0.0692252664952236,37.0,330.1,246.0,21.0,3.0,0.0,0.0,3.0,0.0,0.0,0.0,0.0,6.0,13.0,0.98888889,-1.0,C,2001,1.01,74,14,,,,,,,,,,,,,,,,,,
Mike Lamb,TEX,76,306,4,42,35,2,0.045751633,0.088235294,0.105633802,0.325490196,0.306338028,0.347540983,0.41197183,0.3314501333393548,,96.382585800453,-0.0543129770667292,-1.449980767001469,1.087676167488098,1.0027204147780415,Mike Lamb,1258,150286,284,87,65,18,0,14,1,27,5,2,1,6,1,0.518518518,0.759512813,3.205874823621372,,,,-0.0543129770667292,39.07469822609558,1.104778917075529,-0.2475661337375641,-5.405610084533691,5.15804386138916,0.3760000765323639,-0.0084073897451162,0.98485666513443,2.4402499198913574,4,-0.032634574919939,-0.2187381806310142,71.0,634.1,52.0,139.0,18.0,0.0,0.0,14.0,0.0,0.0,0.0,0.0,0.0,0.0,0.9138756,0.0,3B,2001,1.3,117,22,,,,,,,,,,,,,,,,,,
Jacque Jones,MIN,149,520,14,57,49,12,0.075,0.176923076,0.141052632,0.31707317,0.275789473,0.334622823,0.416842105,0.3274832851678422,,96.3312378189073,-1.5256120737176389,-3.9310009287110983,-4.003085613250732,0.9935296384162202,Jacque Jones,735,150218,475,131,92,25,0,39,2,92,3,0,2,10,9,0.423913043,0.751464928,3.224734658553831,,,,-1.5256120737176389,64.65657273625028,0.1325268516410618,0.1882419884204864,-9.25467586517334,9.442917823791504,-11.298601150512695,-1.0398093461990356,0.9778397083282472,1.129871487617493,14,-0.344853401184082,0.5373614235288816,123.0,1095.0,278.0,8.0,5.0,0.0,0.0,0.0,0.0,0.0,0.0,0.0,0.0,0.0,2.98269896,2.0,LF,2001,1.34,198,39,,,,,,,,,,,,,,,,,,
Homer Bush,TOR,78,291,3,32,27,13,0.027491408,0.171821305,0.081180812,0.36036036,0.306273062,0.335640138,0.387453874,0.3153426711344056,,88.09869709192927,0.8493568695266731,-3.517308260037564,3.132830500602722,0.9542590905023954,Homer Bush,1425,111792,271,83,68,11,1,8,1,50,6,4,2,2,4,0.16,0.723094012,5.417536423550355,,,,0.8493568695266731,33.19434146861033,-2.91430728604598,-0.3531741797924042,-5.083484172821045,4.730309963226318,-6.838000297546387,-0.716980516910553,0.9664936065673828,,0,-0.3297012746334076,-0.0357167450953977,76.0,660.2,153.0,254.0,4.0,0.0,0.0,68.0,0.0,0.0,0.0,0.0,0.0,0.0,0.99026764,2.0,2B,2001,1.19,105,15,,,,,,,,,,,,,,,,,,
Greg Myers,- - -,58,182,11,24,31,0,0.115384615,0.208791208,0.223602484,0.223214285,0.223602484,0.313186813,0.447204968,0.3266518781198322,,100.71418450873588,-0.0111456894082948,0.1527411968285537,3.0190929770469666,0.9319353634146068,Greg Myers,933,119616,161,36,22,3,0,21,1,38,0,0,0,5,0,0.552631578,0.760391781,1.28416148375,,,,-0.0111456894082948,22.487468671200457,-0.0959473884127715,-0.5629621148109436,-3.4415160417556763,2.878553867340088,0.4289999008178711,0.073096364736557,1.028183639704526,1.494480013847351,10,-0.0716077014803886,-0.4759230051672338,31.0,282.2,193.0,19.0,0.0,0.0,0.0,2.0,0.0,0.0,0.0,0.0,0.0,12.0,1.0,2.0,C,2001,0.8200000000000001,72,14,,,,,,,,,,,,,,,,,,
Livan Hernandez,SFG,35,85,1,7,8,0,0.0,0.047058823,0.086419753,0.302631578,0.296296296,0.296296296,0.382716049,0.2938827519063596,,77.40973179852409,-0.0050420975894667,-2.5142159391653145,9.20505428314209,0.925852069159476,Livan Hernandez,1116,115817,81,24,19,4,0,0,0,4,0,0,4,4,0,0.0,0.679012345,1.14829192125,,,,-0.0050420975894667,8.152953966160549,-2.394245841900574,-0.5618520379066467,-1.6492040157318115,1.0873520374298096,-4.720999717712402,-0.487212210893631,0.9542398452758788,0.8100000023841858,1,-0.188778817653656,-0.4000165891700975,34.0,226.2,13.0,44.0,0.0,0.0,0.0,2.0,0.0,0.0,0.0,0.0,0.0,0.0,1.0,0.0,P,2001,0.99,31,5,,,,,,,,,,,,,,,,,,
Todd Zeile,NYM,151,612,10,66,62,1,0.119281045,0.166666666,0.107344632,0.311163895,0.265536723,0.359477124,0.372881355,0.3271701554163728,,98.86265891020405,0.1519673891016282,-0.7575952021565162,-9.916751861572266,0.9187457185060096,Todd Zeile,457,124755,531,141,105,25,1,73,3,102,6,2,0,15,0,0.715686274,0.732358479,2.3522336389531624,,,,0.1519673891016282,75.93370946889773,-0.0061291491423605,0.9632784128189088,-10.907628059387209,11.870905876159668,9.631000518798828,1.118793249130249,1.0735206604003906,1.409440040588379,5,0.85411137342453,0.0431963807267827,145.0,1273.1,1183.0,112.0,11.0,0.0,0.0,105.0,0.0,0.0,0.0,0.0,0.0,0.0,0.99157734,1.0,1B,2001,0.81,198,36,,,,,,,,,,,,,,,,,,
Bengie Molina,ANA,96,355,6,31,40,0,0.045070422,0.143661971,0.089230769,0.290441176,0.261538461,0.308781869,0.35076923,0.2882701895918165,,72.81962056965516,-0.4559052243712358,-12.621861697835936,9.593509674072266,0.9153631529941206,Bengie Molina,24,134260,325,85,68,11,0,16,3,51,8,4,2,8,1,0.31372549,0.659551099,1.4094116266852006,,,,-0.4559052243712358,32.365164705996776,-11.68490508061144,-0.3325400352478027,-6.813064098358154,6.480524063110352,-7.38100004196167,-0.714303195476532,1.0632332563400269,1.4855999946594238,5,-1.1148446798324585,0.8020816682685549,89.0,781.2,527.0,36.0,5.0,0.0,0.0,4.0,0.0,0.0,0.0,0.0,4.0,23.0,0.99119718,3.0,C,2001,0.63,114,17,,,,,,,,,,,,,,,,,,
Brad Ausmus,HOU,128,461,5,45,34,4,0.065075921,0.138828633,0.109004739,0.26197183,0.232227488,0.283516483,0.341232227,0.2692467659247213,,54.08954475418463,0.3435640404350124,-27.313301809019983,21.059242248535156,0.8924465352300599,Brad Ausmus,546,110385,422,98,66,23,4,30,6,64,1,2,6,13,1,0.46875,0.62474871,4.760161940313947,,,,0.3435640404350124,34.61081796203077,-22.592230408747792,-3.755759954452514,-9.236906051635742,5.481145858764648,-35.854000091552734,-3.3564746379852295,0.9941386580467224,,0,-2.573256731033325,-1.2046468079275368,120.0,1056.2,949.0,62.0,3.0,0.0,0.0,9.0,0.0,0.0,0.0,0.0,1.0,27.0,0.99704142,12.0,C,2001,0.03,144,32,,,,,,,,,,,,,,,,,,
Adrian Beltré,LAD,126,515,13,59,60,13,0.054368932,0.1592233,0.145263158,0.293506493,0.265263157,0.30994152,0.410526315,0.3109037124086171,,90.32515777677988,0.8392726743477397,-5.6716353273033455,-2.101852536201477,0.8801327877738706,Adrian Beltre,639,134181,475,126,87,22,4,28,1,82,5,5,2,9,4,0.341463414,0.720467835,5.671798835802678,,,,0.8392726743477397,56.81223407984801,-7.091388286639965,-0.560055673122406,-9.929101943969728,9.369046211242676,-0.4789997339248657,-0.1294258385896682,1.0406872034072876,1.0672999620437622,2,0.6705099940299988,-1.2086694633582868,122.0,1089.0,103.0,218.0,16.0,0.0,0.0,18.0,0.0,0.0,0.0,0.0,0.0,0.0,1.95151515,-4.0,3B,2001,0.83,195,39,,,,,,,,,,,,,,,,,,
Mark DeRosa,ATL,66,184,3,27,20,2,0.065217391,0.103260869,0.103658537,0.305555555,0.286585365,0.349726775,0.390243902,0.3147312470075101,,88.3844381226709,-0.0447595290024764,-2.837615144550919,5.563787341117859,0.8646340118383499,Mark DeRosa,1392,136660,164,47,36,8,0,12,6,19,5,2,1,3,1,0.631578947,0.739970677,3.7832161332531937,,,,-0.0447595290024764,20.89369726664608,-1.937888200215648,0.7871941328048706,-2.401254177093506,3.188447952270508,10.881999969482422,1.1737560033798218,0.8501752018928528,0.5843999981880188,7,0.412425547838211,0.5134943461462765,42.0,399.2,59.0,137.0,7.0,0.0,0.0,24.0,0.0,0.0,0.0,0.0,0.0,0.0,1.9602272699999999,4.0,SS,2001,0.93,64,11,,,,,,,,,,,,,,,,,,
Al Martin,SEA,100,324,7,41,42,9,0.11419753,0.182098765,0.141342756,0.278538812,0.240282685,0.330246913,0.381625441,0.3104749614372849,,91.00075321595794,0.4821745824883692,-3.1941475765378726,0.6550092697143555,0.8625853324133514,Al Martin,1167,118329,283,68,44,15,2,37,4,59,2,2,0,2,3,0.627118644,0.711872354,5.53302985254006,,,,0.4821745824883692,35.62455821349802,-4.578885760758496,-0.170481652021408,-5.2435102462768555,5.073028087615967,-1.2650001049041748,-0.0734075605869293,0.940025806427002,1.1459499597549438,8,-0.6156471967697144,0.4342887161239525,71.0,512.2,132.0,3.0,4.0,0.0,0.0,2.0,0.0,0.0,0.0,0.0,0.0,0.0,1.97101449,5.0,LF,2001,1.08,108,24,,,,,,,,,,,,,,,,,,
Brian L. Hunter,PHI,83,166,2,22,16,14,0.096385542,0.150602409,0.082758621,0.316666666,0.275862068,0.343558282,0.358620689,0.3132810095336539,,87.90162318283888,1.4904011776670814,-1.1339722604831293,4.31870037317276,0.8541046002008457,Brian L. Hunter,562,116326,145,40,32,6,0,16,0,25,0,2,3,3,3,0.64,0.702178971,5.730923796954622,,,,1.4904011776670814,18.64610881885834,-1.9519519827669096,0.4850157797336578,-2.965263843536377,3.450279951095581,-1.07729971408844,-0.0295389480888843,1.1341264247894287,1.3907579183578491,38,-0.3941825926303863,0.821838424583786,27.0,259.4,69.0,3.0,0.0,0.0,0.0,2.0,0.0,0.0,0.0,0.0,0.0,0.0,3.0,5.0,LF,2001,0.57,52,8,,,,,,,,,,,,,,,,,,
Jay Bell,ARI,129,509,13,59,46,0,0.127701375,0.155206286,0.151869159,0.273529411,0.247663551,0.349301397,0.39953271,0.3293783801147736,,92.90666025665436,-0.4678470344515517,-5.185858394194539,-2.6654103994369507,0.8533238295719259,Jay Bell,48,110826,428,106,68,24,1,65,3,79,4,4,8,9,1,0.82278481,0.748834107,2.0043023615338784,,,,-0.4678470344515517,64.10478879226078,0.9456746475182892,0.3606927692890167,-7.894278049468994,8.254969596862793,4.383999824523926,0.3788631558418274,0.9363264441490172,1.2746922969818115,13,0.3626667261123657,0.0225544449257258,111.0,967.1,175.0,224.0,7.0,0.0,0.0,46.0,0.0,0.0,0.0,0.0,0.0,0.0,1.93356709,-4.0,2B,2001,0.39,171,38,,,,,,,,,,,,,,,,,,
D'Angelo Jimenez,SDP,86,349,3,45,33,2,0.111747851,0.194842406,0.090909091,0.343096234,0.275974025,0.355300859,0.366883116,0.3190268851708674,,96.06386844996196,-0.9228675359627232,-2.717954405052108,-0.1899852752685547,0.8240504844322505,D'Angelo Jimenez,1038,150090,308,85,63,19,0,39,4,68,0,2,0,9,3,0.573529411,0.722183975,2.3992681090277093,,,,-0.9228675359627232,40.89803719422362,-2.4075243706391056,0.3862242400646209,-5.837984085083008,6.224207878112793,0.916900098323822,0.0329828858375549,0.9727482795715332,0.0,1,-0.5470632314682007,0.9441076140444836,84.0,740.2,130.0,255.0,21.0,0.0,0.0,47.0,0.0,0.0,0.0,0.0,0.0,0.0,0.94827586,-4.0,SS,2001,0.84,113,22,,,,,,,,,,,,,,,,,,
Tom Prince,MIN,64,215,7,19,23,3,0.055813953,0.181395348,0.137755102,0.238410596,0.219387755,0.28372093,0.357142857,0.2825645477272743,,66.1955848615779,0.154709726863075,-9.009062303636783,9.54961395263672,0.7936940282649597,Tom Prince,747,120771,196,43,31,4,1,12,0,39,6,1,0,5,1,0.307692307,0.640863787,4.157377290537911,,,,0.154709726863075,18.563769781264384,-8.114441497949047,-1.1678342819213867,-4.175127983093262,3.007293939590454,-7.743000030517578,-0.7430347204208374,0.9396217465400696,0.5307999849319458,1,-0.6633016467094421,-0.5795753793083727,60.0,530.2,380.0,41.0,0.0,0.0,0.0,3.0,0.0,0.0,0.0,0.0,0.0,22.0,1.0,5.0,C,2001,0.69,70,12,,,,,,,,,,,,,,,,,,
Joe Girardi,CHC,78,253,3,22,25,0,0.083003952,0.197628458,0.091703056,0.310734463,0.253275109,0.314741035,0.344978165,0.2871430685163026,,70.88774066187872,-0.4484747647657059,-10.07316744167704,9.732510089874268,0.7882002626933824,Joe Girardi,280,114833,229,58,44,10,1,21,4,50,0,1,2,2,1,0.42,0.6597192,2.1304811894241937,,,,-0.4484747647657059,22.82466170345785,-8.56876831347702,0.4643978774547577,-3.872427940368652,4.336825847625732,-2.120000123977661,-0.2300832122564315,0.9977018237113952,2.1324000358581543,9,-0.6338286399841309,1.0992962440496656,61.0,552.0,504.0,33.0,0.0,0.0,0.0,2.0,0.0,0.0,0.0,0.0,6.0,16.0,1.0,5.0,C,2001,0.94,79,14,,,,,,,,,,,,,,,,,,
Devon White,MIL,126,432,14,52,47,18,0.064814814,0.219907407,0.182051282,0.333333333,0.276923076,0.34338747,0.458974358,0.3468838317449703,,107.51684205951824,2.27500952326227,6.51836690752574,-12.449018001556396,0.7737831659434681,Devon White,1013862,124164,390,108,67,25,2,28,1,95,12,1,1,6,3,0.294736842,0.802361828,5.871840281635263,,,,2.27500952326227,60.80415138012071,7.199559414445355,-0.5806236267089844,-7.831284046173096,7.250659942626953,14.230600357055664,1.4409946203231812,1.0084147453308103,1.486032247543335,31,0.2063631266355514,-0.7821417230884531,91.0,783.3000000000001,190.0,3.0,0.0,0.0,0.0,1.0,0.0,0.0,0.0,0.0,0.0,0.0,3.0,-13.0,CF,2001,0.82,179,41,,,,,,,,,,,,,,,,,,
Raul Ibanez,KCR,104,312,13,44,54,0,0.102564102,0.163461538,0.215053763,0.300925925,0.279569892,0.352564102,0.494623655,0.3607041726189275,,113.76119426467372,-0.8855384665657766,4.527898820740855,-7.420665740966797,0.7712477248774964,Raul Ibanez,607,116380,279,78,49,11,5,32,2,51,0,1,0,6,2,0.62745098,0.847187757,4.433618532803964,,,,-0.8855384665657766,47.56155476996883,8.8471272392033,0.9117777943611144,-5.581141948699951,6.492919921875,11.878999710083008,1.1789216995239258,0.997877597808838,1.7698538303375244,26,1.1866105794906616,-0.2728935100191987,37.0,336.3,114.0,11.0,5.0,0.0,0.0,11.0,0.0,0.0,0.0,0.0,0.0,0.0,3.43610548,-2.0,RF,2001,1.07,138,29,,,,,,,,,,,,,,,,,,
Julio Franco,ATL,25,101,3,13,11,0,0.0990099,0.198019801,0.144444444,0.358208955,0.3,0.376237623,0.444444444,0.3572441560029983,,115.90427402361878,-0.0079612067202106,2.0911027052959517,2.3882030248641968,0.7701896820660993,Julio Franco,87,212297,90,27,20,4,0,10,1,20,1,0,0,3,0,0.5,0.820682067,1.35609243375,,,,-0.0079612067202106,15.100921744090329,2.5683666780412286,-0.1093599870800972,-1.6989420652389526,1.5895819664001465,0.946000337600708,0.0838473662734031,0.9303722381591796,1.0645999908447266,3,0.4855256974697113,-0.6030700335909989,22.0,188.0,181.0,16.0,1.0,0.0,0.0,20.0,0.0,0.0,0.0,0.0,0.0,0.0,0.99494949,4.0,1B,2001,0.76,40,7,,,,,,,,,,,,,,,,,,
Ruben Sierra,TEX,94,369,23,55,67,2,0.051490514,0.140921409,0.270348837,0.28,0.290697674,0.322493224,0.561046511,0.3678840952837047,,120.82586483224212,0.3806277362746186,10.069914327077292,-14.84156322479248,0.7672699455476601,Ruben Sierra,1099,122218,344,100,54,22,1,19,0,52,0,6,0,13,0,0.365384615,0.883539735,3.5986477190995134,,,,0.3806277362746186,58.49178678660393,12.704531149256232,0.3349317014217376,-7.881718158721924,8.216650009155273,0.8120001554489136,0.1036476716399192,1.1322016716003418,0.9836000204086304,10,0.7508412003517151,-0.4550178414722681,33.0,280.0,59.0,0.0,4.0,0.0,0.0,0.0,0.0,0.0,0.0,0.0,0.0,0.0,1.93548387,-8.0,RF,2001,0.97,193,46,,,,,,,,,,,,,,,,,,
Gary Matthews Jr.,- - -,152,472,14,63,44,8,0.127118644,0.211864406,0.150617284,0.267123287,0.227160493,0.327623126,0.377777777,0.3121980542777687,,86.29550734209342,-0.5932796918787062,-9.045978606914572,1.39631986618042,0.76374972734991,Gary Matthews Jr.,153,150439,405,92,61,15,2,60,2,100,1,1,5,8,5,0.6,0.705400903,4.563827776495552,,,,-0.5932796918787062,52.53277716156707,-6.035202949078223,-0.3588139563798904,-7.818599700927734,7.4597859382629395,-8.469799637794495,-0.869794949889183,0.9584474723602904,1.5689600229263303,20,-1.054594248533249,0.6802242734147705,105.0,1003.2,259.0,4.0,7.0,0.0,0.0,0.0,0.0,0.0,0.0,0.0,0.0,0.0,1.9731800800000001,0.0,CF,2001,0.64,153,31,,,,,,,,,,,,,,,,,,
Chris Stynes,BOS,96,386,8,52,33,4,0.051813471,0.14507772,0.130193906,0.312080536,0.279778393,0.322077922,0.409972299,0.3187624912757378,,91.13255237658552,-1.3866453648661263,-5.702316339813323,0.1265428066253662,0.7624538756438953,Chris Stynes,303,122918,361,101,72,19,2,20,0,56,3,1,1,12,5,0.357142857,0.732050221,4.12142394570677,,,,-1.3866453648661263,45.1476037572849,-2.7490918416750256,0.0986098796129226,-6.947405815124512,7.046016216278076,-6.964600086212158,-0.6570085883140564,1.0052071809768677,1.9920856952667236,7,-0.4631955623626709,0.5612946224162341,87.0,765.0,109.0,179.0,6.0,0.0,0.0,23.0,0.0,0.0,0.0,0.0,0.0,0.0,2.94420394,-1.0,3B,2001,1.17,148,29,,,,,,,,,,,,,,,,,,
Abraham O. Nunez,PIT,115,335,1,30,21,8,0.083582089,0.158208955,0.073089701,0.314516129,0.262458471,0.326283987,0.335548172,0.2954905918150237,,74.27667142725767,0.711277074587997,-10.54934571692295,7.105052709579468,0.7474943905317663,Abraham O. Nunez,1420,119865,301,79,63,11,4,28,1,53,1,1,4,0,2,0.528301886,0.661832159,5.74695331190765,,,,0.711277074587997,32.58785063816892,-8.980525075954326,-1.0799777507781982,-6.140091896057129,5.060113906860352,-9.33080005645752,-0.9151973724365234,1.0019701719284058,1.4249485731124878,35,-0.7261064052581787,-0.3517477874466381,64.0,613.2,145.0,235.0,4.0,0.0,0.0,51.0,0.0,0.0,0.0,0.0,0.0,0.0,1.97913043,5.0,SS,2001,0.91,101,16,,,,,,,,,,,,,,,,,,
Chuck Knoblauch,NYY,137,600,9,66,44,38,0.096666666,0.121666666,0.101727447,0.274376417,0.249520153,0.339495798,0.3512476,0.3109170089065025,,89.58997826237503,3.6645691821468063,-4.210697638709668,-9.170781135559082,0.7235181358325367,Chuck Knoblauch,609,117197,521,130,98,20,3,58,1,73,14,2,5,10,9,0.794520547,0.690743398,6.121847104820787,,,,3.6645691821468063,66.19575902753219,-8.255063147016905,-0.3347580432891845,-9.621764183044434,9.287005424499512,-3.602400302886963,-0.4210504293441772,0.9595047235488892,2.8827667236328125,6,-0.5094075202941895,0.1605212302392267,104.0,890.0,171.0,8.0,2.0,0.0,0.0,4.0,0.0,0.0,0.0,0.0,0.0,0.0,0.98895028,-2.0,LF,2001,0.95,183,32,,,,,,,,,,,,,,,,,,
Jay Gibbons,BAL,73,246,15,27,36,0,0.069105691,0.158536585,0.244444445,0.222222222,0.235555555,0.300813008,0.48,0.3328866427991448,,105.70522302909372,-0.4452902820776216,1.3242894028839365,-2.511316299438477,0.7231827999781915,Jay Gibbons,141,400158,225,53,28,10,0,17,0,39,4,0,0,7,1,0.435897435,0.780813008,1.2710334973379642,,,,-0.4452902820776216,31.71191549919915,1.1870784076340202,0.0596199668943882,-4.686493873596191,4.746114253997803,-4.914999961853027,-0.475354254245758,1.0435622930526731,1.8322908878326416,11,0.2066403478384018,-0.1495091470549916,30.0,263.0,98.0,4.0,0.0,0.0,0.0,3.0,0.0,0.0,0.0,0.0,0.0,0.0,2.0,2.0,LF,2001,0.9,108,25,,,,,,,,,,,,,,,,,,
Gabe Kapler,TEX,134,556,17,77,72,23,0.10971223,0.12589928,0.169772257,0.277915632,0.267080745,0.348375451,0.436853002,0.3401137349614199,,102.19493286805589,1.9680644096806643,3.506780246618937,-15.12529230117798,0.7120446196993129,Gabe Kapler,1256,137002,483,129,82,29,1,61,2,70,3,7,2,10,6,0.871428571,0.785228453,5.283302032661766,,,,1.9680644096806643,75.07310637586917,6.082011160786997,1.3763139247894287,-9.50790786743164,10.884222030639648,8.918000221252441,0.7758235931396484,0.982777774333954,3.224900007247925,2,0.8401894569396973,0.560243032207894,130.0,1156.1,345.0,8.0,1.0,0.0,0.0,3.0,0.0,0.0,0.0,0.0,0.0,0.0,0.99717514,-17.0,CF,2001,1.3,211,47,,,,,,,,,,,,,,,,,,
Tom Lampkin,SEA,79,231,5,28,22,1,0.077922077,0.177489177,0.122549019,0.257861635,0.225490196,0.308695652,0.348039215,0.2922680242613413,,78.78585200961635,0.1854044573265127,-5.993336164421376,5.197530746459961,0.708221661122855,Tom Lampkin,1043,117442,204,46,31,10,0,18,1,41,7,1,1,4,0,0.43902439,0.656734867,3.2377475949942696,,,,0.1854044573265127,21.841331495699965,-6.8222350415014406,0.3095740973949432,-3.447553873062134,3.7571280002593994,-5.297999858856201,-0.6163866519927979,0.9025726914405824,1.4150363206863403,11,-0.4907214343547821,0.8337121987893196,56.0,507.0,375.0,23.0,2.0,0.0,0.0,2.0,0.0,0.0,0.0,0.0,3.0,17.0,0.995,1.0,C,2001,0.91,71,15,,,,,,,,,,,,,,,,,,
Brent Abernathy,TBD,79,335,5,43,33,8,0.080597014,0.104477611,0.111842105,0.290566037,0.269736842,0.328313253,0.381578947,0.3118514159294774,,88.15951077940713,0.2805823381640948,-4.720647850457571,0.1671240329742431,0.6893113260176673,Brent Abernathy,1192,150466,304,82,59,17,1,27,1,35,0,1,3,3,3,0.771428571,0.7098922,4.680772099684722,,,,0.2805823381640948,37.22408560572705,-4.344290108396198,-0.0817378684878349,-5.855722427368164,5.773984432220459,2.303999900817871,0.226113423705101,0.9571626782417296,,0,-0.2212560176849365,0.135860013070565,78.0,680.2,151.0,209.0,7.0,0.0,0.0,56.0,0.0,0.0,0.0,0.0,0.0,0.0,0.98092643,-1.0,2B,2001,1.19,116,23,,,,,,,,,,,,,,,,,,
Benito Santiago,SFG,133,515,6,39,45,5,0.044660194,0.15145631,0.106918239,0.298245614,0.262054507,0.29527559,0.368972746,0.2887360060543525,,74.07809431198675,-0.7596658552647568,-18.204409580083507,8.190671920776367,0.6681426830172386,Benito Santiago,1130,121693,477,125,90,25,4,23,0,78,2,6,7,19,4,0.294871794,0.664248336,3.608978000371342,,,,-0.7596658552647568,47.15520711029,-16.748415256197973,-2.2217321395874023,-9.480941772460938,7.259210109710693,-26.323999404907227,-2.787202835083008,1.0455336570739746,2.785066604614258,3,-1.805838942527771,-0.3191353464923749,120.0,1088.0,837.0,63.0,5.0,0.0,0.0,12.0,0.0,0.0,0.0,0.0,8.0,42.0,1.99443207,-1.0,C,2001,0.42,176,35,,,,,,,,,,,,,,,,,,
B.J. Surhoff,ATL,141,531,10,68,58,9,0.071563088,0.09039548,0.13429752,0.279445727,0.270661157,0.320754716,0.404958677,0.3114325977507092,,86.24912702806715,0.4710288930800743,-9.070439802336672,-1.7510275840759275,0.6519332018585928,B.J. Surhoff,117,122989,484,131,87,33,1,38,5,48,1,7,1,5,3,0.791666666,0.725713393,4.464243850693286,,,,0.4710288930800743,58.8148333722207,-7.07414425225526,1.6858142614364624,-8.517955780029297,10.20376968383789,8.888999938964844,0.959279477596283,1.0253729820251465,1.7075538635253906,13,0.734767735004425,0.9093308427705832,120.0,1055.0,200.0,8.0,3.0,0.0,0.0,0.0,0.0,0.0,0.0,0.0,0.0,0.0,0.98578199,4.0,LF,2001,0.63,196,44,,,,,,,,,,,,,,,,,,
Damian Jackson,SDP,122,495,4,67,38,23,0.088888888,0.258585858,0.102272728,0.327974276,0.24090909,0.31643002,0.343181818,0.2930120437305474,,79.22370897033741,1.973637254384812,-11.465260743256817,1.859858751296997,0.6463034172441271,Damian Jackson,471,116423,440,106,75,21,6,44,2,128,6,3,2,6,6,0.34375,0.659611838,7.747811899038926,,,,1.973637254384812,47.11438684860461,-14.307541445398396,-0.8498576283454895,-8.327951431274414,7.478094100952148,-13.182199478149414,-1.387090802192688,0.9443928599357604,0.0043999999761581,1,-1.278329610824585,0.3784312058289155,118.0,1030.2,246.0,329.0,8.0,0.0,0.0,68.0,0.0,0.0,0.0,0.0,0.0,0.0,2.98603839,0.0,2B,2001,0.69,151,31,,,,,,,,,,,,,,,,,,
Bill Haselman,TEX,47,140,3,12,25,0,0.057142857,0.192857142,0.115384616,0.34,0.284615384,0.330935251,0.4,0.3208704955286259,,89.2847840445554,-0.4421057993895374,-2.3335405076400133,3.897805213928222,0.6300868804493455,Bill Haselman,1254,115587,130,37,28,6,0,8,0,27,1,0,1,5,1,0.296296296,0.730935251,1.3095237994047615,,,,-0.4421057993895374,16.62441902457385,-0.747439482820941,-0.3488181829452514,-2.353705644607544,2.00488805770874,-1.3170002698898315,-0.1639729440212249,0.9608171582221984,0.6991999745368958,1,-0.312241792678833,-0.0508014564557581,35.0,338.0,233.0,14.0,0.0,0.0,0.0,2.0,0.0,0.0,0.0,0.0,0.0,18.0,1.0,1.0,C,2001,0.4,52,9,,,,,,,,,,,,,,,,,,
Tim Raines Sr.,- - -,51,109,1,14,9,1,0.165137614,0.082568807,0.146067416,0.320987654,0.303370786,0.412844036,0.449438202,0.3782393883127685,,124.89856161247803,0.1907119284733198,3.741331851114658,-0.9156377166509628,0.6273439631205695,Tim Raines Sr.,1406,120891,89,27,17,8,1,18,0,9,0,2,0,2,0,2.0,0.862282238,4.725859453889564,,,,0.1907119284733198,18.23284395045382,4.707611255410732,0.5000222101807594,-1.9571399688720703,2.457162022590637,3.3212000727653503,0.324690293520689,1.1922122742000378,1.2661356713090623,28,0.4292402490973472,-0.0098332181503884,19.0,157.0,30.0,0.0,0.0,0.0,0.0,0.0,0.0,0.0,0.0,0.0,0.0,0.0,1.0,0.0,LF,2001,0.61,40,10,,,,,,,,,,,,,,,,,,
Joe Randa,KCR,151,636,13,59,83,3,0.066037735,0.125786163,0.13253012,0.27125506,0.253012048,0.307086614,0.385542168,0.3011123465512413,,73.7814732886466,-0.3027877388522029,-21.327390052669717,5.544701039791107,0.6271197648446412,Joe Randa,623,120922,581,147,98,34,2,42,2,80,6,6,1,15,2,0.525,0.692628782,2.9213819825096925,,,,-0.3027877388522029,64.89271409314775,-14.025157411874307,-1.4365220069885254,-11.781831741333008,10.34531021118164,-11.333999633789062,-1.0849863290786743,1.007483720779419,,0,-1.9560704231262207,0.530219089392322,137.0,1199.2,114.0,256.0,13.0,0.0,0.0,32.0,0.0,0.0,0.0,0.0,0.0,0.0,1.96569921,5.0,3B,2001,1.19,224,49,,,,,,,,,,,,,,,,,,
Mark Little,COL,51,90,3,18,13,5,0.011111111,0.222222222,0.176470588,0.419354838,0.34117647,0.377777777,0.517647058,0.3828467197632522,,112.25014210131484,0.129057093989104,1.569758813438483,1.771376222372055,0.6191759020598395,Mark Little,438,150458,85,29,20,6,0,1,1,20,4,0,0,0,2,0.05,0.895424835,5.947058413776687,,,,0.129057093989104,15.405399661587095,4.237776335404732,0.1061280220746994,-1.4413540363311768,1.5474820137023926,2.603600025177002,0.2207982689142227,0.9043200612068176,0.8095120191574097,25,0.131181463599205,-0.0138247592338597,14.0,140.4,36.0,3.0,0.0,0.0,0.0,3.0,0.0,0.0,0.0,0.0,0.0,0.0,3.0,2.0,CF,2001,0.74,44,9,,,,,,,,,,,,,,,,,,
Vernon Wells,TOR,30,103,1,14,6,5,0.048543689,0.145631067,0.114583333,0.358024691,0.3125,0.349514563,0.427083333,0.3378507523860746,,103.1992044522068,0.9928349288529716,1.4083067852032778,1.2371963858604431,0.6102033621263101,Vernon Wells,1326,150484,96,30,21,8,0,5,0,15,1,1,0,0,0,0.333333333,0.776597896,5.777266296481391,,,,0.9928349288529716,13.71026113336742,0.9295366600698268,0.1540638655424118,-1.5982500314712524,1.7523139715194702,1.7762999534606934,0.1648702174425125,0.9886023998260498,,0,-0.0091239865869283,0.1649640549192733,23.0,222.1,61.0,2.0,2.0,0.0,0.0,0.0,0.0,0.0,0.0,0.0,0.0,0.0,1.96666667,1.0,CF,2001,0.7,41,9,,,,,,,,,,,,,,,,,,
Herbert Perry Jr.,CHW,92,316,7,38,32,2,0.07278481,0.174050632,0.154385965,0.294642857,0.25614035,0.325949367,0.410526315,0.3211624103879171,,93.29219496731451,-0.48394621926127,-3.1565212333149857,-1.6058533191680908,0.6044475470528743,Herbert Perry Jr.,1270,120440,285,73,44,21,1,23,1,55,7,1,0,11,2,0.418181818,0.736475682,3.503312890939209,,,,-0.48394621926127,37.60171814042435,-1.60904820483817,-0.198283702135086,-5.687777996063232,5.4894938468933105,-3.7170000076293945,-0.358822613954544,0.9479238986968994,1.8561285734176636,14,-0.1470046192407608,-0.0621721959103968,68.0,596.2,105.0,115.0,10.0,0.0,0.0,13.0,0.0,0.0,0.0,0.0,0.0,0.0,1.94011976,-1.0,3B,2001,0.39,117,29,,,,,,,,,,,,,,,,,,
Paul O'Neill,NYY,137,563,21,77,70,22,0.085257548,0.104795737,0.192156863,0.265588914,0.266666666,0.330373001,0.458823529,0.3371379478886217,,107.1814147631438,3.0694366904790513,8.167213240952536,-21.277416229248047,0.5946424374166268,Paul O'Neill,1009818,120028,510,136,81,33,1,48,4,59,2,3,0,20,3,0.813559322,0.78919653,5.524835726686344,,,,3.0694366904790513,74.60108913821152,4.741400997759614,0.9919595718383788,-10.521188735961914,11.513148307800291,-0.082999937236309,-0.0154808573424816,1.0373398065567017,2.6335999965667725,4,0.4680277705192566,0.4882254895682398,127.0,1094.1,210.0,1.0,4.0,0.0,0.0,0.0,0.0,0.0,0.0,0.0,0.0,0.0,0.98139535,-15.0,RF,2001,0.52,234,55,,,,,,,,,,,,,,,,,,
Brian Buchanan,MIN,69,219,10,28,32,1,0.08675799,0.264840182,0.213197969,0.338461538,0.274111675,0.342465753,0.487309644,0.3559443697537461,,115.42557164796504,-0.2463517733267508,4.013041810435623,-5.544238328933716,0.5887710585531316,Brian Buchanan,720,150211,197,54,32,12,0,19,0,58,2,1,0,2,1,0.327586206,0.829775397,2.1676332153057194,,,,-0.2463517733267508,32.50279663853618,5.328246544825759,-0.1990660429000854,-3.722810029983521,3.5237441062927246,1.13200044631958,0.0846411436796188,0.9225838780403136,1.5539400577545166,10,0.5810158252716064,-0.7967859548374159,36.0,290.0,70.0,1.0,2.0,0.0,0.0,0.0,0.0,0.0,0.0,0.0,0.0,0.0,1.96774194,-2.0,RF,2001,0.67,96,22,,,,,,,,,,,,,,,,,,
Jeffrey Hammonds,MIL,49,194,6,20,21,5,0.072164948,0.216494845,0.17816092,0.2890625,0.247126436,0.314432989,0.425287356,0.3180095982675107,,88.82571539138851,-0.3080066078109666,-3.140780408150053,2.688729166984558,0.5815334333709157,Jeffrey Hammonds,687,115394,174,43,25,11,1,14,1,42,4,2,0,2,3,0.333333333,0.739720345,4.616636710645267,,,,-0.3080066078109666,22.56721239224495,-1.5052201108592589,0.2997759878635406,-3.092031955718994,3.391808032989502,5.493800163269043,0.5431214570999146,0.9406530261039734,0.2316000014543533,1,0.0928929820656776,0.2257962471660214,46.0,401.2,107.0,2.0,2.0,0.0,0.0,0.0,0.0,0.0,0.0,0.0,0.0,0.0,0.98198198,2.0,CF,2001,0.71,74,18,,,,,,,,,,,,,,,,,,
Felipe Lopez,TOR,49,192,5,21,23,4,0.0625,0.203125,0.158192091,0.303703703,0.259887005,0.303664921,0.418079096,0.3078642101664292,,83.08145223539124,-0.5082719843485393,-4.603958428841117,3.816757082939148,0.5813462941791081,Felipe Lopez,1311,150479,177,46,32,5,4,12,1,39,0,2,1,2,3,0.307692307,0.721744017,5.870282339321156,,,,-0.5082719843485393,20.686833372859716,-3.1374297229959955,-0.8399316072463989,-3.763550043106079,2.9236180782318115,-3.2740001678466797,-0.3221637308597564,0.9885466694831848,,0,-0.516589879989624,-0.3330731993321825,49.0,435.20000000000005,32.0,104.0,9.0,0.0,0.0,6.0,0.0,0.0,0.0,0.0,0.0,0.0,1.85651629,3.0,3B,2001,0.57,74,14,,,,,,,,,,,,,,,,,,
Matthew LeCroy,MIN,15,42,3,6,12,0,0.0,0.19047619,0.35,0.466666666,0.425,0.428571428,0.775,0.4969768708660489,,210.04324684081425,-0.4349407133413479,5.392462598419186,-0.9465020298957824,0.5768722582515892,Matthew LeCroy,1456,150220,40,17,9,5,0,0,0,8,1,1,0,0,1,0.0,1.203571428,1.9047619023809523,,,,-0.4349407133413479,11.24394636336099,6.032388811142553,0.5515720844268799,-0.5878880023956299,1.1394599676132202,8.484000205993652,0.8120812773704529,0.9428557753562928,1.6525334119796753,3,0.5027536749839783,0.0822478690946461,0.0,15.0,10.0,1.0,0.0,0.0,0.0,0.0,0.0,0.0,0.0,0.0,0.0,1.0,2.0,0.0,C,2001,0.62,31,8,,,,,,,,,,,,,,,,,,
Alex Ochoa,- - -,148,593,8,73,52,17,0.075885328,0.128161888,0.126865672,0.307017543,0.276119402,0.334465195,0.402985074,0.3226124625052175,,83.87340840621535,-2.260067441035062,-14.756548045278732,1.0157709121704102,0.5720947986013778,Alex Ochoa,700,119913,536,148,103,30,7,45,0,76,4,4,4,10,13,0.592105263,0.737450269,5.632834104076925,,,,-2.260067441035062,71.2768552623864,-2.305373986792957,-0.6711380481719971,-11.962855815887451,11.291718006134031,-11.967501401901243,-1.0902440547943115,1.0868121088021927,1.4389818419109692,11,-0.6413501501083374,0.0238211009411563,131.0,1162.1,266.0,12.0,3.0,0.0,0.0,5.0,0.0,0.0,0.0,0.0,0.0,0.0,2.97602858,7.0,RF,2001,0.47,216,45,,,,,,,,,,,,,,,,,,
David Justice,NYY,111,439,18,58,51,1,0.123006833,0.189066059,0.188976378,0.26056338,0.241469816,0.332574031,0.430446194,0.3275692938110246,,100.76187461171526,-0.6927035496337339,-0.2709969360285451,-9.156033515930176,0.5705712010378243,David Justice,923,116798,381,92,57,16,1,54,5,83,0,4,0,6,2,0.650602409,0.763020225,2.4152642400827062,,,,-0.6927035496337339,54.61700719267623,0.1438223016311402,-1.6374781131744385,-8.693138122558594,7.055660247802734,-1.2560001611709597,-0.1727590560913086,1.0627695322036743,2.748800039291382,3,-0.2252559810876846,-1.315509032921603,22.0,189.1,49.0,4.0,1.0,0.0,0.0,1.0,0.0,0.0,0.0,0.0,0.0,0.0,1.97560976,1.0,LF,2001,0.45,164,35,,,,,,,,,,,,,,,,,,
Rafael Furcal,ATL,79,359,4,39,30,22,0.066852367,0.155988857,0.095679012,0.314814814,0.274691358,0.32112676,0.37037037,0.3022451072426165,,80.3017986259797,1.7823945787968114,-7.458445618456322,1.5716712474822998,0.5696173494365081,Rafael Furcal,88,279577,324,89,66,19,0,24,1,56,1,6,4,5,6,0.428571428,0.69149713,5.070143397956184,,,,1.7823945787968114,36.973684176159,-7.572724424946214,0.1366500854492187,-6.43911600112915,6.575766086578369,0.0837001055479049,0.007047644816339,1.0485414266586304,,0,-0.2829371094703674,0.4132610833019778,79.0,694.1,126.0,224.0,11.0,0.0,0.0,49.0,0.0,0.0,0.0,0.0,0.0,0.0,0.96952909,-2.0,SS,2001,0.23,120,23,,,,,,,,,,,,,,,,,,
J.T. Snow,SFG,101,348,8,43,34,0,0.158045977,0.23275862,0.133333333,0.31,0.245614035,0.370689655,0.378947368,0.3266180954741303,,98.60026673090908,-0.0260066086193546,-0.6625308787355506,-4.958504676818848,0.5672533822154261,J.T. Snow,1133,122497,285,70,49,12,1,55,10,81,4,4,0,2,0,0.679012345,0.749637023,2.13751525875,,,,-0.0260066086193546,43.01548134273399,-0.1659955185044864,0.1760594993829727,-4.9310197830200195,5.107079982757568,3.7900002002716064,0.3548447489738464,0.9388945698738098,1.659013271331787,15,0.2056959867477417,-0.0181781279463688,80.0,695.0,658.0,47.0,1.0,0.0,0.0,76.0,0.0,0.0,0.0,0.0,0.0,0.0,0.99858357,1.0,1B,2001,0.85,108,21,,,,,,,,,,,,,,,,,,
Junior Spivey,ARI,72,195,5,33,21,3,0.117948717,0.241025641,0.165644172,0.330357142,0.257668711,0.354497354,0.423312883,0.3414811353204111,,100.74112383673616,0.585935210401658,0.774784707031166,-1.3227025866508484,0.5661820326748968,Junior Spivey,74,150160,163,42,28,6,3,23,0,47,2,1,6,3,0,0.489361702,0.777810237,7.4256378321606915,,,,0.585935210401658,26.5551481796172,2.3586309728887396,0.0119180213660001,-2.880918264389038,2.892835855484009,0.2125002890825271,-0.0356874652206897,0.831443190574646,1.0706499814987185,8,0.2103167921304702,-0.1959826542108811,39.0,393.0,96.0,104.0,3.0,0.0,0.0,27.0,0.0,0.0,0.0,0.0,0.0,0.0,0.98522167,-2.0,2B,2001,0.41,69,14,,,,,,,,,,,,,,,,,,
Javier Vazquez,MON,32,82,0,5,1,0,0.024390243,0.134146341,0.032258064,0.307692307,0.258064516,0.287878787,0.29032258,0.2582475055347789,,46.02470080915305,-0.004511350474786,-5.78812600220787,8.880169868469238,0.5646329439282171,Javier Vazquez,801,134320,62,16,14,2,0,2,0,11,1,1,16,1,0,0.181818181,0.578201367,1.25396824625,,,,-0.004511350474786,5.393426863974886,-4.781518833213492,-0.5393601655960083,-1.1684139966964722,0.6290540099143982,-7.629000186920166,-0.776124894618988,0.8444074392318726,,0,-0.6387530565261841,9.0799375302e-06,32.0,223.2,24.0,32.0,0.0,0.0,0.0,10.0,0.0,0.0,0.0,0.0,0.0,0.0,1.0,0.0,P,2001,0.53,18,2,,,,,,,,,,,,,,,,,,
Carl Everett,BOS,102,449,14,61,58,9,0.06013363,0.231625835,0.180929095,0.312714776,0.256723716,0.322939866,0.437652811,0.3276088268500272,,97.06749431843306,0.908888715552166,-0.7512622924317875,-8.866255521774292,0.562919169714947,Carl Everett,1249,113946,409,105,63,24,4,27,3,104,13,0,0,3,2,0.259615384,0.760592677,6.325474623465575,,,,0.908888715552166,55.876145247902606,0.1621133206150224,-0.0767823234200477,-8.17061996459961,8.09383773803711,7.40399980545044,0.7149355411529541,1.0460362434387207,2.1429333686828613,3,-0.1870231032371521,0.1136199836973979,92.0,819.0,185.0,4.0,5.0,0.0,0.0,1.0,0.0,0.0,0.0,0.0,0.0,0.0,1.97175141,-9.0,CF,2001,1.07,179,42,,,,,,,,,,,,,,,,,,
Mark McGwire,STL,97,364,29,48,64,0,0.153846153,0.324175824,0.304347826,0.170886075,0.187290969,0.315934065,0.491638795,0.3389511894321177,,104.28316139529171,-0.0209645110298879,2.0163414770657955,-8.212851524353027,0.5553630431934853,Mark McGwire,1008559,118743,299,56,23,4,0,56,3,118,3,6,0,7,0,0.474576271,0.80757286,0.9485800275,,,,-0.0209645110298879,48.790626771472375,3.623794652245922,-0.2699201703071594,-6.32174015045166,6.051820278167725,11.21399974822998,1.115873098373413,0.9208131432533264,0.5603500008583069,8,0.7734382748603821,-1.066570678850082,87.0,724.2,686.0,33.0,4.0,0.0,0.0,60.0,0.0,0.0,0.0,0.0,0.0,0.0,0.9944675,-2.0,1B,2001,0.26,147,33,,,,,,,,,,,,,,,,,,
Lou Merloni,BOS,52,159,3,21,13,2,0.037735849,0.194968553,0.130136986,0.315789473,0.267123287,0.305732484,0.397260273,0.3047959045240074,,81.76247130728865,-0.0415750463143922,-3.697737653890021,3.758115768432617,0.5499070599257797,Lou Merloni,201,134265,146,39,26,10,0,6,0,31,3,2,2,6,1,0.193548387,0.702992757,4.0255694297458735,,,,-0.0415750463143922,16.718605999742774,-3.010861876512739,-1.3574621677398682,-3.002286195755005,1.6448240280151367,-8.566999435424805,-0.8188509941101074,0.8692159056663513,2.381999969482422,3,-0.8058863282203674,-0.755822516372417,39.0,361.1,64.0,108.0,3.0,0.0,0.0,22.0,0.0,0.0,0.0,0.0,0.0,0.0,1.93454791,2.0,SS,2001,0.54,58,13,,,,,,,,,,,,,,,,,,
Henry Blanco,MIL,104,357,6,33,31,3,0.095238095,0.201680672,0.133757962,0.25210084,0.210191082,0.289772727,0.343949044,0.2737024834734856,,60.1444381702641,0.1494022557162679,-18.44351729835011,12.178780555725098,0.542362339379902,Henry Blanco,81,111072,314,66,39,18,3,34,6,72,2,2,5,10,1,0.472222222,0.633721771,4.436410787238169,,,,0.1494022557162679,28.148292150843428,-16.14994704301329,-2.5897436141967773,-6.538212299346924,3.948467969894409,-26.435998916625977,-2.6696441173553467,0.910194456577301,0.2277333289384842,3,-1.823689579963684,-1.021574523198688,94.0,837.1,645.0,68.0,6.0,0.0,0.0,9.0,0.0,0.0,0.0,0.0,6.0,29.0,0.99165508,5.0,C,2001,-0.02,108,27,,,,,,,,,,,,,,,,,,
Chris Latham,TOR,43,84,2,12,10,4,0.119047619,0.333333333,0.150684932,0.418604651,0.273972602,0.369047619,0.424657534,0.3462491200630923,,108.8336080027857,0.3613440687768161,1.296921635016625,1.1803842186927795,0.5316081817326985,Chris Latham,882,117526,73,20,14,3,1,10,1,28,1,0,0,1,1,0.357142857,0.793705153,7.4329216881005085,,,,0.3613440687768161,11.777929986331436,1.3548148818945636,-0.5914579629898071,-1.9139559268951416,1.322497844696045,0.9145997762680054,0.1102308258414268,1.084326148033142,1.7059166431427002,12,0.0135395927354693,-0.559000904410607,16.0,166.0,47.0,2.0,0.0,0.0,0.0,1.0,0.0,0.0,0.0,0.0,0.0,0.0,3.0,2.0,RF,2001,0.52,31,6,,,,,,,,,,,,,,,,,,
Dante Bichette,BOS,107,415,12,45,49,2,0.048192771,0.18313253,0.173913044,0.328947368,0.286445012,0.325301204,0.460358056,0.3366806668359876,,103.15372552346288,-0.4887229432933964,1.1614686861836097,-10.061043739318848,0.5314978034555359,Dante Bichette,1000946,110974,391,112,69,30,1,20,1,76,3,1,0,13,2,0.263157894,0.78565926,2.655321124277485,,,,-0.4887229432933964,54.82961912656592,3.3344671225027858,-1.1925978660583496,-8.987420082092285,7.794821739196777,-4.198000431060791,-0.4288370013236999,1.0966618061065674,2.66902232170105,9,-0.0902055203914642,-0.9972745572565208,52.0,427.2,80.0,4.0,4.0,0.0,0.0,1.0,0.0,0.0,0.0,0.0,0.0,0.0,1.87878788,-3.0,LF,2001,0.5,180,43,,,,,,,,,,,,,,,,,,
José Molina,ANA,15,42,2,8,4,0,0.071428571,0.19047619,0.243243243,0.296296296,0.27027027,0.325,0.513513513,0.3559247553348541,,118.20857472066106,-0.0021229884587228,0.9621225393301254,2.8830589652061462,0.5227673591900448,Jose Molina,25,150040,37,10,5,3,0,3,0,8,0,0,2,2,0,0.375,0.838513513,2.64285714,,,,-0.0021229884587228,6.232716202542037,1.0211586503236,-0.331215888261795,-0.8280400037765503,0.4968239963054657,-3.0909998416900635,-0.3145418763160705,0.8605095744132996,,0,0.1072550788521766,-0.4921617645071503,12.0,103.0,78.0,6.0,0.0,0.0,0.0,1.0,0.0,0.0,0.0,0.0,2.0,4.0,1.0,2.0,C,2001,0.54,19,5,,,,,,,,,,,,,,,,,,
Steve Cox,TBD,108,378,12,37,51,2,0.063492063,0.198412698,0.169590643,0.295719844,0.257309941,0.322751322,0.426900584,0.3260247514992164,,97.66829812104945,-0.4879268226213753,-1.5992163271905506,-6.246570587158203,0.5158221626290537,Steve Cox,1200,150132,342,88,54,22,0,24,0,75,10,2,0,11,2,0.32,0.749651906,2.0589922567495593,,,,-0.4879268226213753,46.533992197710866,-0.3700257722550654,-1.0044240951538086,-7.061954021453857,6.057529926300049,-1.8699997663497925,-0.2266999930143356,0.9908538460731506,2.018737554550171,16,-0.0794747844338417,-0.9342207258923664,79.0,703.0,580.0,49.0,1.0,0.0,0.0,64.0,0.0,0.0,0.0,0.0,0.0,0.0,2.99838188,0.0,1B,2001,0.43,146,34,,,,,,,,,,,,,,,,,,
Raul Casanova,MIL,71,208,11,21,33,0,0.057692307,0.139423076,0.223958334,0.251612903,0.260416666,0.302884615,0.484375,0.3287419772263869,,95.77309478164396,-0.0106149422936141,-1.1594992116073883,-0.5014834403991699,0.4944591804919105,Raul Casanova,680,112077,192,50,29,10,0,12,2,29,1,3,0,3,0,0.413793103,0.787259615,0.7433473337500001,,,,-0.0106149422936141,26.084090617580458,0.2744722637367628,-0.0863161832094192,-4.247039794921875,4.16072416305542,2.5369999408721924,0.2529822885990143,1.0444519519805908,0.9530235528945924,17,0.3328215479850769,-0.4154641080815353,48.0,420.2,305.0,25.0,3.0,0.0,0.0,6.0,0.0,0.0,0.0,0.0,2.0,17.0,0.99099099,-4.0,C,2001,0.17,93,21,,,,,,,,,,,,,,,,,,
Kelly Stinnett,CIN,63,211,9,27,25,2,0.08056872,0.289099526,0.203208557,0.330508474,0.256684491,0.333333333,0.459893048,0.3374891759116868,,99.52374138536774,-0.4770465067704208,-0.6083619301238892,-1.1414010524749756,0.493093169276239,Kelly Stinnett,356,122803,187,48,28,11,0,17,3,61,5,1,1,5,2,0.278688524,0.793226381,2.81266403022862,,,,-0.4770465067704208,28.021533513263904,1.8396610485474716,0.7158660292625427,-3.9552061557769775,4.671072006225586,1.0120004415512085,0.0889685377478599,1.0739924907684326,2.8162665367126465,3,0.2381976693868637,0.4283489176850316,51.0,462.2,322.0,21.0,12.0,0.0,0.0,2.0,0.0,0.0,0.0,0.0,4.0,11.0,0.96619718,-5.0,C,2001,0.31,86,20,,,,,,,,,,,,,,,,,,
Russ Ortiz,SFG,33,81,0,6,6,0,0.061728395,0.234567901,0.089552239,0.265306122,0.19402985,0.246575342,0.283582089,0.2353398375315209,,39.51320966380532,-0.0031844826880842,-6.405484138361354,8.771875381469727,0.4905326485467433,Russ Ortiz,1124,133460,67,13,7,6,0,5,0,19,0,1,8,1,0,0.263157894,0.530157431,1.60119047125,,,,-0.0031844826880842,3.7580809611108257,-6.292780032453303,-0.8168121576309204,-1.407986044883728,0.5911740064620972,-7.718999862670898,-0.7975854277610779,0.9234840273857116,,0,-0.6904973387718201,-0.1939924124404793,33.0,218.2,12.0,34.0,1.0,0.0,0.0,4.0,0.0,0.0,0.0,0.0,0.0,0.0,0.9787234,0.0,P,2001,0.43,19,6,,,,,,,,,,,,,,,,,,
Tony Gwynn,SDP,71,112,1,5,17,1,0.089285714,0.080357142,0.137254902,0.347826086,0.323529411,0.383928571,0.460784313,0.3655004259702322,,126.14753589954192,0.1917734227026812,4.018603944564855,-2.6378600001335144,0.4888874097527355,Tony Gwynn,1005166,115270,102,33,22,9,1,10,1,9,0,0,0,1,0,1.111111111,0.844712884,3.512848233024473,,,,0.1917734227026812,17.527775780002738,3.630288974086906,0.8638458847999573,-1.955178141593933,2.819023847579956,8.281999588012695,0.8292563557624817,1.160509705543518,1.3632603883743286,53,0.5836877822875977,0.1606798698514079,16.0,103.0,17.0,2.0,0.0,0.0,0.0,0.0,0.0,0.0,0.0,0.0,0.0,0.0,1.0,-2.0,RF,2001,0.59,47,11,,,,,,,,,,,,,,,,,,
Randall Simon,DET,81,274,6,28,37,0,0.054744525,0.102189781,0.140625,0.321428571,0.3046875,0.34065934,0.4453125,0.3366382379373501,,108.11513134790152,-0.4505977532244287,2.3529535418206944,-6.8487653732299805,0.4880047314285568,Randall Simon,497,122251,256,78,56,14,2,15,2,28,0,2,1,9,1,0.535714285,0.78597184,2.6293103603263144,,,,-0.4505977532244287,36.19092663491081,2.191717841866718,0.2565920054912567,-4.786276340484619,5.042868137359619,6.381000518798828,0.5088042616844177,0.9861904978752136,1.661644458770752,9,-0.0909658893942833,0.3511509206271884,38.0,342.0,353.0,26.0,3.0,0.0,0.0,39.0,0.0,0.0,0.0,0.0,0.0,0.0,0.9921466,-1.0,1B,2001,0.85,114,22,,,,,,,,,,,,,,,,,,
Darrin Fletcher,TOR,134,453,11,36,56,0,0.052980132,0.094922737,0.127403846,0.225543478,0.225961538,0.274336283,0.353365384,0.2701035310913409,,57.74808836812838,-0.4559052243712358,-24.58866306724354,13.645404815673828,0.4791127444290681,Darrin Fletcher,1302,114233,416,94,63,20,0,24,4,43,6,6,1,18,1,0.558139534,0.627701667,1.218177688070542,,,,-0.4559052243712358,34.33849985119326,-21.871870890591307,-1.5891519784927368,-8.732990264892578,7.143837928771973,-25.632999420166016,-2.4393327236175537,0.983887255191803,1.4768199920654297,10,-2.102017879486084,0.4868409675919045,114.0,1021.0,720.0,41.0,4.0,0.0,0.0,8.0,0.0,0.0,0.0,0.0,8.0,26.0,0.99477124,5.0,C,2001,-0.01,147,31,,,,,,,,,,,,,,,,,,
Russell Branyan,CLE,113,361,20,48,54,1,0.105263157,0.365650969,0.253968254,0.31547619,0.231746031,0.315789473,0.485714285,0.3386881914403703,,106.00822315996746,-0.2521899915882386,2.482547516244381,-9.969363987445831,0.4725519196607457,Russell Branyan,370,137140,315,73,35,16,2,38,1,132,3,5,0,2,1,0.287878787,0.801503758,3.647072114397467,,,,-0.2521899915882386,48.308195210826966,3.513617202473256,-0.5711218118667603,-6.412732124328613,5.841609954833984,3.4839999675750732,0.3356503248214721,0.9471879005432128,1.1891273260116575,11,-0.6061498522758484,0.0031841560932625,81.0,723.2,78.0,111.0,14.0,0.0,0.0,8.0,0.0,0.0,0.0,0.0,0.0,0.0,2.86219793,-9.0,3B,2001,0.59,153,38,,,,,,,,,,,,,,,,,,
Miguel Cairo,- - -,93,182,3,25,16,2,0.098901098,0.126373626,0.121794872,0.328244274,0.294871794,0.365714285,0.416666666,0.342354297295384,,106.18030155279877,-0.0458210232318379,1.424023817963596,-2.55932754278183,0.4648752489370603,Miguel Cairo,1412,111867,156,46,34,8,1,18,1,23,0,1,7,4,1,0.782608695,0.782380951,4.326875697357922,,,,-0.0458210232318379,24.819329158200116,2.2359130985868867,0.3561840057373047,-2.494920015335083,2.85110405087471,4.053199946880341,0.3925239592790603,0.92266360256407,1.151089996099472,40,0.3647476583719253,0.021291202104931,31.0,320.3,34.0,56.0,8.0,0.0,0.0,10.0,0.0,0.0,0.0,0.0,0.0,0.0,3.8297213599999997,-3.0,3B,2001,0.69,65,12,,,,,,,,,,,,,,,,,,
Mike Bordick,BAL,58,257,7,32,30,9,0.066147859,0.140077821,0.148471616,0.264550264,0.248908296,0.31372549,0.397379912,0.309073009124891,,89.72883008150042,0.4874820536351762,-2.840764013356435,-1.3834006786346436,0.4499824408650506,Mike Bordick,129,111234,229,57,37,13,0,17,1,36,6,3,2,4,3,0.472222222,0.711105402,4.819391425201001,,,,0.4874820536351762,27.95297468202897,-3.9367941494029006,-0.0254759471863508,-4.081892013549805,4.056416034698486,-1.0139999389648438,-0.1420523971319198,0.9603919982910156,,0,0.0563434325158596,-0.08287004584842,58.0,508.2,106.0,146.0,6.0,0.0,0.0,28.0,0.0,0.0,0.0,0.0,0.0,0.0,0.97674419,-4.0,SS,2001,0.65,91,20,,,,,,,,,,,,,,,,,,
Ed Sprague Jr.,SEA,45,107,2,9,16,0,0.102803738,0.168224299,0.138297872,0.346666666,0.29787234,0.373831775,0.436170212,0.3517381993104826,,118.6839582055837,-0.0079612067202106,2.51270335153862,-1.6678094863891602,0.4455513091285118,Ed Sprague Jr.,1012356,122612,94,28,19,7,0,11,1,18,1,1,0,3,0,0.611111111,0.810001987,0.7002895712499999,,,,-0.0079612067202106,15.499659002271471,2.222595714476882,-0.1903500407934188,-1.585667848587036,1.3953180313110352,4.060999870300293,0.4499814212322235,0.8324095606803894,0.3370222151279449,9,0.0439546629786491,-0.2726282027657605,21.0,168.1,68.0,13.0,2.0,0.0,0.0,4.0,0.0,0.0,0.0,0.0,0.0,0.0,4.92265795,0.0,1B,2001,0.52,41,9,,,,,,,,,,,,,,,,,,
Mark Quinn,KCR,118,473,17,57,60,9,0.025369978,0.145877378,0.189845474,0.285326086,0.269315673,0.298097251,0.459161147,0.3221690022086693,,87.90822981589358,-0.3853184821782633,-7.596616027453322,-4.332303524017334,0.4437713409737064,Mark Quinn,621,240494,453,122,72,31,2,12,1,69,7,1,0,16,5,0.173913043,0.757258398,4.631147120198596,,,,-0.3853184821782633,56.68632927940193,-2.0057355348676107,-0.8399538993835449,-9.131278038024902,8.2913236618042,1.3570003509521484,0.1742934435606002,0.9872443079948424,1.6069499254226685,4,-0.2937921583652496,-0.5570143670119855,96.0,852.3,197.0,8.0,5.0,0.0,0.0,1.0,0.0,0.0,0.0,0.0,0.0,0.0,1.9528613300000002,2.0,RF,2001,0.94,208,50,,,,,,,,,,,,,,,,,,
Brian Schneider,MON,27,48,1,4,6,0,0.125,0.0625,0.146341464,0.315789473,0.31707317,0.395833333,0.463414634,0.3661907759118587,,115.89950254770598,-0.0037152298027649,0.99356041405168,1.7458847761154177,0.4236256592059592,Brian Schneider,795,150411,41,13,9,3,0,6,1,3,0,1,0,0,0,2.0,0.859247967,0.5595238025,,,,-0.0037152298027649,7.539934092073745,1.583868318109816,0.6124799847602844,-0.7328619956970215,1.3453419208526611,0.7120000720024109,0.0576139613986015,1.1836800575256348,1.429092288017273,13,0.1697806566953659,0.3476564504572313,9.0,87.0,77.0,7.0,0.0,0.0,0.0,1.0,0.0,0.0,0.0,0.0,2.0,2.0,1.0,1.0,C,2001,0.41,19,4,,,,,,,,,,,,,,,,,,
Kevin Jarvis,SDP,34,74,1,8,10,0,0.067567567,0.27027027,0.098360656,0.238095238,0.180327868,0.246376811,0.278688524,0.2343502562978993,,41.250236866273944,-0.4357368340133689,-6.116782472989563,8.013812065124512,0.4222633481951403,Kevin Jarvis,1037,116496,61,11,7,3,0,5,0,20,1,2,5,2,1,0.25,0.525065335,3.3226492839909376,,,,-0.4357368340133689,3.371364620866679,-5.810903447327711,-0.4839639961719513,-1.444068193435669,0.9601039886474608,-4.960000038146973,-0.5098008513450623,1.01687753200531,2.155900001525879,2,-0.4128141403198242,-0.0631173076074017,32.0,193.1,20.0,33.0,1.0,0.0,0.0,0.0,0.0,0.0,0.0,0.0,0.0,0.0,0.98148148,0.0,P,2001,0.41,17,4,,,,,,,,,,,,,,,,,,
Greg Colbrunn,ARI,59,110,4,12,18,0,0.081818181,0.127272727,0.206185567,0.303797468,0.288659793,0.372727272,0.49484536,0.3756869646635922,,122.88354675303376,-0.0076958331628702,3.281626705999356,-2.5949931740760803,0.4146673117876556,Greg Colbrunn,51,112461,97,28,16,8,0,9,0,14,4,0,0,5,0,0.642857142,0.867572632,1.0330086525,,,,-0.0076958331628702,18.162619232129643,4.513301833462306,-0.4767561554908752,-2.3280420303344727,1.8512860536575315,6.019999980926514,0.6439976096153259,1.0808285474777222,1.4768444299697876,36,0.120129682123661,-0.5612321646621342,17.0,145.0,73.0,17.0,3.0,0.0,0.0,8.0,0.0,0.0,0.0,0.0,0.0,0.0,1.86201299,-2.0,1B,2001,0.32,48,12,,,,,,,,,,,,,,,,,,
Alex Gonzalez,FLA,145,561,9,57,48,2,0.053475935,0.190730837,0.126213593,0.298507462,0.250485436,0.302867383,0.376699029,0.2934107179011124,,77.00609094535315,-0.4956226557842456,-17.352072360855985,3.277416229248047,0.4140568099143731,Alex Gonzalez,520,136460,515,129,83,36,1,30,6,107,10,3,3,13,2,0.280373831,0.679566412,2.825274439118415,,,,-0.4956226557842456,53.58549432783575,-16.026024405367664,-1.9242355823516848,-10.05749225616455,8.133255958557129,-18.97599983215332,-1.9449071884155271,0.9673724174499512,0.3580000102519989,2,-2.225965976715088,0.2368296858292269,139.0,1220.1,219.0,397.0,26.0,0.0,0.0,101.0,0.0,0.0,0.0,0.0,0.0,0.0,0.95950156,-3.0,SS,2001,-0.07,194,46,,,,,,,,,,,,,,,,,,
Chris Wakeland,DET,10,36,2,5,6,0,0.0,0.361111111,0.222222222,0.333333333,0.25,0.25,0.472222222,0.3023219456275304,,85.0925814109342,-0.0013268677867017,-0.6779819332114178,3.562757283449173,0.4131704081654087,Chris Wakeland,1013500,276349,36,9,5,2,0,0,0,13,0,0,0,0,0,0.0,0.722222222,2.1964285649999997,,,,-0.0013268677867017,3.7100073879882935,-0.7570419424846525,-0.0460621267557144,-0.6413999795913696,0.595337986946106,-0.4820000231266022,-0.0432286038994789,0.9638113379478456,,0,-0.0591387934982776,0.0113471511486553,10.0,85.0,32.0,0.0,2.0,0.0,0.0,0.0,0.0,0.0,0.0,0.0,0.0,0.0,0.94117647,4.0,RF,2001,0.44,17,4,,,,,,,,,,,,,,,,,,
Ramon Martinez,SFG,128,446,5,48,37,1,0.085201793,0.116591928,0.099744246,0.276470588,0.25319693,0.322727272,0.352941176,0.2946924769109295,,77.93389021951153,-0.6937650438630953,-13.554064213878195,3.123910427093506,0.4111414315255991,Ramon Martinez,1120,134002,391,99,73,18,3,38,6,52,5,6,6,11,2,0.73076923,0.675668448,3.2481240838327063,,,,-0.6937650438630953,43.08451262116647,-12.257265195248369,-0.90899395942688,-7.589816093444824,6.680821895599365,-11.489999771118164,-1.0644046068191528,1.0140405893325806,1.0114500522613523,8,-1.540519952774048,0.6441120880502502,105.0,955.3000000000001,123.0,261.0,8.0,0.0,0.0,44.0,0.0,0.0,0.0,0.0,0.0,0.0,2.9324365400000003,1.0,3B,2001,0.14,138,26,,,,,,,,,,,,,,,,,,
Nick Bierbrodt,ARI,6,10,0,3,0,0,0.2,0.0,0.166666667,0.666666666,0.666666666,0.75,0.833333333,0.6638585701584816,,309.4253638602488,-0.0013268677867017,2.735326029011463,1.0829474925994873,0.4050740508564608,Nick Bierbrodt,1194,150149,6,4,3,1,0,2,0,0,0,0,2,0,0,2.0,1.583333333,2.64285714,,,,-0.0013268677867017,4.088770777977021,2.847923741734536,0.1385599374771118,-0.0758959949016571,0.2144560068845749,2.2209999561309814,0.206665500998497,0.7559201121330261,,0,0.1323933005332946,0.050906409651858,16.0,84.1,2.0,14.0,0.0,0.0,0.0,1.0,0.0,0.0,0.0,0.0,0.0,0.0,1.0,0.0,P,2001,0.35,5,1,,,,,,,,,,,,,,,,,,
Brian Bohanon,COL,21,33,0,3,3,0,0.03030303,0.212121212,0.129032258,0.416666666,0.322580645,0.34375,0.451612903,0.3435514476150274,,86.81317561856962,-0.0018576149013824,-0.5705070352810591,3.5737268924713135,0.3990769662267048,Brian Bohanon,1001126,111155,31,10,6,4,0,1,0,7,0,0,1,1,0,0.142857142,0.795362903,1.22240259,,,,-0.0018576149013824,4.55173982507082,0.4569446054706194,-0.0600260309875011,-0.5542580485343933,0.4942319989204407,-0.4790000021457672,-0.061297308653593,0.9174548387527466,0.0299999993294477,1,-0.0168599486351013,-0.0485667388180977,19.0,97.0,5.0,12.0,0.0,0.0,0.0,0.0,0.0,0.0,0.0,0.0,0.0,0.0,1.0,0.0,P,2001,0.41,14,4,,,,,,,,,,,,,,,,,,
Woody Williams,- - -,37,90,0,11,7,0,0.033333333,0.244444444,0.060975609,0.258064516,0.195121951,0.227272727,0.25609756,0.2137747312133962,,26.647967989796836,-0.0039806033601053,-8.630688585046508,9.746527671813965,0.397163726868456,Woody Williams,1190,124315,82,16,11,5,0,3,0,22,1,2,2,0,0,0.136363636,0.483370287,2.64285714,,,,-0.0039806033601053,2.5602664692594512,-8.607356856922914,-0.5675780065357685,-1.4207800924777985,0.8532020151615143,-8.797999799251556,-0.8879377394914627,0.8139140067561981,0.3564000129699707,1,-0.63803924433887,-0.0593047033317372,34.0,220.0,16.0,23.0,4.0,0.0,0.0,3.0,0.0,0.0,0.0,0.0,0.0,0.0,0.90697674,0.0,P,2001,0.5,21,5,,,,,,,,,,,,,,,,,,
Tony Eusebio,HOU,59,174,5,16,14,0,0.097701149,0.195402298,0.149350649,0.295652173,0.253246753,0.339080459,0.402597402,0.3214322042744062,,87.87068873458769,-0.0114110629656352,-2.7692940006352753,1.1321415901184082,0.3925268948154733,Tony Eusebio,1003854,113929,154,39,26,8,0,17,3,34,3,0,0,2,0,0.5,0.741677861,0.8658963525000001,,,,-0.0114110629656352,20.744453251481172,-0.8462851791380698,-0.4577780663967132,-2.892685890197754,2.434907913208008,-2.4679996967315674,-0.2707087099552154,0.9374635219573976,1.9817692041397097,13,-0.3528506755828857,-0.1354649288908601,40.0,365.1,300.0,22.0,3.0,0.0,0.0,4.0,0.0,0.0,0.0,0.0,2.0,15.0,0.99076923,-2.0,C,2001,0.11,62,13,,,,,,,,,,,,,,,,,,
Terry Shumpert,COL,114,265,4,37,24,14,0.056603773,0.166037735,0.14876033,0.338461538,0.289256198,0.33716475,0.438016528,0.3326780814461726,,79.7745311285029,1.486420574306976,-5.517398372620143,0.8131002485752106,0.3910903282199671,Terry Shumpert,449,122205,242,70,47,14,5,15,2,44,3,1,4,2,3,0.34090909,0.775181278,8.10519129153182,,,,1.486420574306976,34.11445832714505,1.2320118667191973,-0.5070939660072327,-5.359062194824219,4.851967811584473,-7.676400184631348,-0.7210992574691772,1.08159077167511,1.6067878007888794,49,-0.4350191354751587,-0.033821741580285,51.0,453.2,96.0,92.0,8.0,0.0,0.0,22.0,0.0,0.0,0.0,0.0,0.0,0.0,3.81342895,1.0,2B,2001,0.32,106,23,,,,,,,,,,,,,,,,,,
Fernando Lunar,BAL,64,180,0,8,16,0,0.038888888,0.177777777,0.041916167,0.301470588,0.245508982,0.286516853,0.287425149,0.2583243381441309,,55.68191728157231,-0.0116764365229755,-10.069774350044744,7.683701753616333,0.3867172538429813,Fernando Lunar,1459,150298,167,41,34,7,0,7,0,32,3,1,2,8,0,0.21875,0.573942002,0.5595238025,,,,-0.0116764365229755,11.850928292017937,-10.484318360346796,-0.93672376871109,-3.450428009033203,2.5137040615081787,-11.8100004196167,-1.2913533449172974,1.0217005014419556,0.4727999866008758,1,-0.8759598135948181,-0.0408683247774981,46.0,429.2,267.0,32.0,4.0,0.0,0.0,3.0,0.0,0.0,0.0,0.0,2.0,11.0,0.98679868,4.0,C,2001,0.29,48,7,,,,,,,,,,,,,,,,,,
Javier Cardona,DET,46,102,1,10,10,0,0.019607843,0.117647058,0.114583334,0.285714285,0.260416666,0.28,0.375,0.2825142180919647,,71.80372164111253,-0.437329075357411,-4.0635507658365135,4.20964503288269,0.3649067473495214,Javier Cardona,1023,276345,96,25,16,8,0,2,0,12,1,1,2,2,1,0.166666666,0.655,2.380255320417873,,,,-0.437329075357411,8.802655260857758,-3.8539845088155897,-0.6539899706840515,-1.796635985374451,1.1426459550857544,-4.844000339508057,-0.4485833346843719,0.8423100113868713,0.0099999997764825,1,-0.3035204708576202,-0.4729038406702113,30.0,270.1,132.0,15.0,3.0,0.0,0.0,1.0,0.0,0.0,0.0,0.0,8.0,8.0,0.98,2.0,C,2001,0.3,36,9,,,,,,,,,,,,,,,,,,
Vance Wilson,NYM,32,62,0,3,6,0,0.032258064,0.258064516,0.052631578,0.404761904,0.298245614,0.338709677,0.350877192,0.3067667176646571,,85.65492337740359,-0.4370637018000707,-1.5992747519637218,3.2488597631454468,0.3642614243403725,Vance Wilson,903,136300,57,17,14,3,0,2,0,16,2,1,0,1,1,0.125,0.689586869,1.2546992428571428,,,,-0.4370637018000707,6.622564877499198,-1.070686747204209,0.3919980823993683,-0.7591580152511597,1.151155948638916,-0.0469998270273208,0.0171785876154899,0.8349534273147583,0.9220799803733826,5,-0.1358094960451126,0.6052944632007645,14.0,145.2,130.0,9.0,1.0,0.0,0.0,1.0,0.0,0.0,0.0,0.0,2.0,1.0,0.99285714,2.0,C,2001,0.42,20,3,,,,,,,,,,,,,,,,,,
Jose Guillen,TBD,41,145,3,14,11,2,0.04137931,0.179310344,0.103703703,0.317757009,0.274074074,0.317241379,0.377777777,0.2999839136650512,,80.1976901653648,-0.9064143754076212,-4.526728409389531,3.098421096801758,0.3638517012306138,Jose Guillen,57,115229,135,37,29,5,0,6,2,26,3,1,0,2,3,0.23076923,0.695019156,2.4797376841271825,,,,-0.9064143754076212,14.656315190437684,-3.335966835078348,-0.767548143863678,-2.520129919052124,1.7525819540023804,-6.574000358581543,-0.6327111124992371,0.9475486874580384,0.0,1,-0.4557363092899322,-0.3542992635762572,35.0,306.2,86.0,7.0,3.0,0.0,0.0,3.0,0.0,0.0,0.0,0.0,0.0,0.0,0.96875,5.0,RF,2001,0.68,51,8,,,,,,,,,,,,,,,,,,
Luis Matos,BAL,31,112,4,16,12,7,0.098214285,0.267857142,0.193877551,0.265625,0.214285714,0.3,0.408163265,0.3088051411238584,,89.5491193955495,1.394161802600138,-0.0816578832920793,-0.1274571567773819,0.3595338044757366,Luis Matos,152,275928,98,21,10,7,0,11,0,30,1,0,2,1,0,0.366666666,0.708163265,6.615536671074823,,,,1.394161802600138,12.156463286443598,-1.7410235194722343,-0.4420459866523742,-2.1748859882354736,1.7328399419784546,-0.7827004194259644,-0.0943986400961875,1.101502776145935,0.4633333086967468,3,-0.1793585121631622,-0.2219532196139066,26.0,241.2,65.0,2.0,1.0,0.0,0.0,2.0,0.0,0.0,0.0,0.0,0.0,0.0,1.9795918399999999,0.0,CF,2001,0.49,40,11,,,,,,,,,,,,,,,,,,
Rickey Henderson,SDP,123,465,8,70,42,25,0.174193548,0.180645161,0.124010554,0.269896193,0.226912928,0.365591397,0.350923482,0.3275652735464034,,101.59101426297252,1.9363081849878656,2.9030654945037018,-14.28840970993042,0.3533833333927579,Rickey Henderson,194,115749,379,86,58,17,3,81,0,84,3,2,0,8,7,0.964285714,0.716514879,6.426341924934462,,,,1.9363081849878656,57.850146104474426,0.1507589191988733,1.412318229675293,-7.071337699890137,8.48365592956543,14.318599700927734,1.2831060886383057,0.9559240341186525,1.1025142669677734,14,0.5412833094596863,0.9361544149484348,98.0,812.2,157.0,5.0,3.0,0.0,0.0,2.0,0.0,0.0,0.0,0.0,0.0,0.0,0.98181818,-10.0,LF,2001,0.49,133,28,,,,,,,,,,,,,,,,,,
Roosevelt Brown,CHC,39,92,4,13,22,0,0.076086956,0.130434782,0.240963856,0.264705882,0.26506024,0.326086956,0.506024096,0.3517322034939475,,112.69815631133709,-0.0050420975894667,1.5215356752192415,-0.9379302859306335,0.3515658631320085,Roosevelt Brown,268,150032,83,22,11,6,1,7,0,12,1,1,0,3,0,0.583333333,0.832111052,3.5178571400000003,,,,-0.0050420975894667,13.326343002033866,1.9105502686030045,-0.1786759197711944,-2.0529298782348633,1.8742539882659912,4.771999835968018,0.5187247395515442,1.096027970314026,1.864742875099182,14,0.1054994016885757,-0.2685207155698278,14.0,128.2,20.0,0.0,1.0,0.0,0.0,0.0,0.0,0.0,0.0,0.0,0.0,0.0,1.0,0.0,LF,2001,0.25,42,11,,,,,,,,,,,,,,,,,,
Troy Mattes,MON,8,16,0,4,1,0,0.0,0.125,0.066666667,0.538461538,0.466666666,0.466666666,0.533333333,0.4376306772232056,,162.14461743920458,-0.0015922413440421,1.2977212263324007,1.732716083526611,0.3473092905489221,Troy Mattes,1008252,400111,15,7,6,1,0,0,0,2,0,0,1,1,0,0.0,0.999999999,2.64285714,,,,-0.0015922413440421,3.480199617082876,1.4948443590949,0.0576939955353736,-0.2023680508136749,0.2600620090961456,0.97599995136261,0.0799590423703193,0.8114117980003357,,0,0.1667217910289764,-0.0956185661589951,8.0,45.0,2.0,5.0,1.0,0.0,0.0,0.0,0.0,0.0,0.0,0.0,0.0,0.0,0.875,0.0,P,2001,0.31,8,1,,,,,,,,,,,,,,,,,,
Dave Martinez,ATL,120,259,2,33,20,3,0.081081081,0.169884169,0.097046413,0.345549738,0.286919831,0.347490347,0.383966244,0.324137634522206,,94.47346488987306,-0.7164985676063225,-2.586935787940268,-2.3542520999908447,0.3464392771920785,Dave Martinez,1008160,118363,237,68,52,11,3,21,0,44,1,0,0,10,3,0.477272727,0.731456591,4.756288802418047,,,,-0.7164985676063225,31.470960586668124,-0.6669776520122408,-0.3707737624645233,-5.289188385009766,4.918414115905762,-8.37399959564209,-0.8362653255462646,1.1244288682937622,1.240612506866455,64,-0.5555211305618286,0.2257770507721082,40.0,399.29999999999995,120.0,8.0,0.0,0.0,0.0,7.0,0.0,0.0,0.0,0.0,0.0,0.0,3.0,0.0,RF,2001,-0.04,91,16,,,,,,,,,,,,,,,,,,
Denny Neagle,COL,30,68,2,6,9,0,0.029411764,0.176470588,0.178571429,0.209302325,0.196428571,0.233333333,0.375,0.2584719091653824,,31.738729009632554,-0.0021229884587228,-6.067722353075739,7.364043235778809,0.3443625796903556,Denny Neagle,441,119673,56,11,5,4,0,2,0,12,1,1,8,0,0,0.166666666,0.608333333,1.79058440875,,,,-0.0021229884587228,4.485505747220372,-3.952254099228527,-0.3482517600059509,-1.2350640296936035,0.8868119716644287,-4.735000133514404,-0.4740433990955353,0.9570560455322266,,0,-0.4583124816417694,0.0944343559753824,30.0,170.2,10.0,17.0,1.0,0.0,0.0,1.0,0.0,0.0,0.0,0.0,0.0,0.0,0.96428571,0.0,P,2001,0.4,21,6,,,,,,,,,,,,,,,,,,
Rob Mackowiak,PIT,83,237,4,30,21,4,0.063291139,0.219409282,0.144859813,0.329192546,0.26635514,0.319148936,0.411214953,0.3080548675163932,,82.40989057612028,-0.5098642256925814,-5.957490748260913,1.638546347618103,0.3436896064367299,Rob Mackowiak,995,406670,214,57,36,15,2,15,5,52,3,3,2,3,3,0.288461538,0.730363889,5.242736099635846,,,,-0.5098642256925814,25.573532291861905,-3.83454246708499,-0.0778019502758979,-3.837984085083008,3.7601821422576904,-3.7190001010894775,-0.3836862444877624,0.9671105742454528,1.3111523389816284,21,-0.1766368895769119,0.0961890562600239,56.0,469.1,104.0,62.0,6.0,0.0,0.0,11.0,0.0,0.0,0.0,0.0,0.0,0.0,3.93229167,3.0,RF,2001,0.01,88,21,,,,,,,,,,,,,,,,,,
Nomar Garciaparra,BOS,21,91,4,13,8,0,0.076923076,0.098901098,0.180722892,0.285714285,0.289156626,0.351648351,0.469879518,0.3559976331480257,,116.11333717190293,-0.4389213167014532,1.409875894443493,-1.053498089313507,0.3389476738635656,Nomar Garciaparra,190,114596,83,24,17,3,0,7,0,9,1,0,0,1,1,0.777777777,0.821527869,2.1873481298176367,,,,-0.4389213167014532,13.509828300868058,2.2181202710614425,0.6421779990196228,-1.3117899894714355,1.9539680480957031,4.479899883270264,0.4399344325065613,0.9631537199020386,,0,0.1649941504001617,0.5017509243994643,21.0,184.0,34.0,56.0,3.0,0.0,0.0,13.0,0.0,0.0,0.0,0.0,0.0,0.0,0.96774194,-2.0,SS,2001,0.44,39,7,,,,,,,,,,,,,,,,,,
David Ortiz,MIN,89,347,18,46,48,1,0.115273775,0.195965417,0.240924092,0.242009132,0.234323432,0.323699421,0.475247524,0.3333072124500952,,100.23846810691154,0.1819546010810881,0.2862877148954508,-8.897461891174316,0.3358723441063949,David Ortiz,745,120074,303,71,35,17,1,40,8,68,1,2,1,6,0,0.588235294,0.798946945,3.1279282598876876,,,,0.1819546010810881,44.85529594489432,1.7979037872800914,0.6551000475883484,-6.010234355926514,6.665334224700928,-2.2259998321533203,-0.2750221788883209,1.0178914070129397,2.149899959564209,2,0.1344616711139679,0.509123728148589,7.0,55.0,60.0,2.0,0.0,0.0,0.0,2.0,0.0,0.0,0.0,0.0,0.0,0.0,1.0,0.0,1B,2001,0.35,144,36,,,,,,,,,,,,,,,,,,
Randy Winn,TBD,128,480,6,54,50,12,0.079166666,0.16875,0.128205128,0.322674418,0.272727272,0.338947368,0.4009324,0.3250958650990536,,97.04511501780384,-1.9557760630268604,-3.74409184151403,-9.435983896255491,0.3246073700585762,Randy Winn,1235,133160,429,117,80,25,6,38,0,81,6,2,5,10,10,0.469135802,0.739879768,5.539217644029806,,,,-1.9557760630268604,58.71362924028114,-0.8470284993581412,-0.9555677175521852,-9.240511894226074,8.284943580627441,-4.955599308013916,-0.4128639996051788,0.9954783916473388,1.6690000295639038,7,-0.1027934625744819,-0.857114583215333,106.0,962.3000000000001,245.0,12.0,5.0,0.0,0.0,0.0,0.0,0.0,0.0,0.0,0.0,0.0,2.9591923099999997,-7.0,RF,2001,0.72,172,37,,,,,,,,,,,,,,,,,,
Wendell Magee,DET,90,233,5,26,17,3,0.098712446,0.188841201,0.164251208,0.245283018,0.212560386,0.293103448,0.376811594,0.2914457759815893,,77.79583861203471,0.5875274517457001,-5.935552273720037,1.0675567388534546,0.321733267177165,Wendell Magee,477,118136,207,44,24,11,4,23,1,44,1,1,1,8,0,0.522727272,0.669915042,6.536036504850125,,,,0.5875274517457001,21.868374486901796,-7.043361457548104,-1.1689441204071045,-4.228623867034912,3.0596799850463867,-6.345999717712402,-0.598641037940979,0.9136624932289124,0.8001333475112915,9,-0.5949481725692749,-0.6844565628445853,47.0,468.2,123.0,7.0,1.0,0.0,0.0,0.0,0.0,0.0,0.0,0.0,0.0,0.0,2.98611111,3.0,CF,2001,0.95,78,20,,,,,,,,,,,,,,,,,,
Mike Lieberthal,PHI,34,136,2,21,11,0,0.088235294,0.154411764,0.11570248,0.265306122,0.231404958,0.31617647,0.347107438,0.2918340786179499,,74.01840433649323,-0.0082265802775509,-4.625601787678581,3.4319872856140137,0.3210917557713277,Mike Lieberthal,959,117759,121,28,18,8,0,12,2,21,3,0,0,2,0,0.571428571,0.663283908,2.64285714,,,,-0.0082265802775509,12.809043991112,-4.066475701785795,-0.3010339736938476,-2.546109914779663,2.245075941085815,-3.380999803543091,-0.3254705965518951,1.1201550960540771,1.3688000440597534,1,-0.1820745468139648,-0.0866685716651522,33.0,283.2,243.0,9.0,2.0,0.0,0.0,3.0,0.0,0.0,0.0,0.0,0.0,5.0,0.99212598,1.0,C,2001,0.14,42,10,,,,,,,,,,,,,,,,,,
Tim Bogar,LAD,12,17,2,4,2,0,0.117647058,0.058823529,0.533333333,0.25,0.333333333,0.411764705,0.866666666,0.5142872578957501,,221.9812107030304,-0.000796120672021,2.708973062500393,-0.0102880774065852,0.3180975509796018,Tim Bogar,1001120,111148,15,5,1,2,0,2,0,1,0,0,0,0,0,2.0,1.278431371,2.01785714,,,,-0.000796120672021,4.800047659649084,2.690607698036859,0.2808519899845123,-0.387935996055603,0.6687880158424377,1.158000111579895,0.1154726520180702,1.175882339477539,1.6862857341766355,7,0.3673112988471985,-0.1284676828190006,2.0,24.0,10.0,2.0,0.0,0.0,0.0,1.0,0.0,0.0,0.0,0.0,0.0,0.0,2.0,0.0,SS,2001,0.28,13,4,,,,,,,,,,,,,,,,,,
Lou Collier,MIL,50,148,2,19,14,5,0.114864864,0.202702702,0.125984252,0.30927835,0.251968503,0.340136054,0.377952755,0.3182880659492648,,89.00597557792157,0.5573634683969431,-1.5688597252414924,-0.0611576400697231,0.3145760968878315,Lou Collier,1438,112496,127,32,21,8,1,17,0,30,1,2,1,0,1,0.566666666,0.718088809,6.269189075308713,,,,0.5573634683969431,17.251085860497838,-1.113450275890938,0.373890072107315,-2.1905441284179688,2.564434051513672,-2.5389997959136963,-0.2344652414321899,0.9650266170501708,1.5783833265304563,12,0.0235060676932334,0.3639340976881083,28.0,257.3,48.0,26.0,4.0,0.0,0.0,2.0,0.0,0.0,0.0,0.0,0.0,0.0,2.88440861,0.0,3B,2001,0.38,48,11,,,,,,,,,,,,,,,,,,
Omar Daal,PHI,32,63,0,7,5,0,0.015873015,0.158730158,0.018181818,0.288888888,0.236363636,0.25,0.254545454,0.2248397735612733,,30.651052512757808,-0.0034498562454245,-5.712592080261374,6.822569370269775,0.310148265771341,Omar Daal,646,112984,55,13,12,1,0,1,0,10,0,0,7,4,0,0.1,0.504545454,2.64285714,,,,-0.0034498562454245,2.3633901988246455,-5.45394612950301,-0.5460839867591858,-1.1765938997268677,0.6305099725723267,-7.0,-0.7437912225723267,0.9480189681053162,,0,-0.5704898834228516,-0.0055365518399088,32.0,185.2,7.0,31.0,1.0,0.0,0.0,4.0,0.0,0.0,0.0,0.0,0.0,0.0,0.97435897,0.0,P,2001,0.26,14,1,,,,,,,,,,,,,,,,,,
Jeff Liefer,CHW,83,279,18,36,39,0,0.071684587,0.247311827,0.263779528,0.278106508,0.255905511,0.31294964,0.519685039,0.3495513267465447,,112.33811165965682,-0.4468825234216638,3.8933729134013655,-10.285322189331056,0.3059286899479501,Jeff Liefer,245,150325,254,65,34,13,0,20,1,69,2,2,1,6,1,0.289855072,0.832634679,1.5401143377956985,,,,-0.4468825234216638,39.89888768397298,5.279255372807641,0.2044004052877426,-4.983255863189697,5.187655925750732,-2.4549996852874756,-0.2283883392810821,0.9737396240234376,1.496000051498413,9,0.0786364525556564,0.131276341629684,58.0,506.0,159.0,30.0,7.0,0.0,0.0,14.0,0.0,0.0,0.0,0.0,0.0,0.0,3.83988096,-7.0,LF,2001,0.08,132,31,,,,,,,,,,,,,,,,,,
Jason Kendall,PIT,157,672,10,84,53,13,0.06547619,0.071428571,0.092409241,0.274545454,0.265676567,0.334821428,0.358085808,0.3080097914277436,,82.38071151987583,-3.5016425052308477,-18.97370025972428,0.2681760787963867,0.3054979726175357,Jason Kendall,993,116974,606,161,127,22,2,44,4,48,20,2,0,18,14,0.916666666,0.692907236,4.0138126806991625,,,,-3.5016425052308477,72.48667103578977,-10.898249799705226,-0.6381142735481262,-11.82547378540039,11.187359809875488,-13.312700271606444,-1.3447046279907229,0.9632053971290588,1.5406666994094849,3,-1.1147912740707395,0.4523009314604336,154.0,1307.1,786.0,53.0,17.0,0.0,0.0,7.0,0.0,0.0,0.0,0.0,7.0,35.0,2.79414695,-8.0,C,2001,0.13,217,34,,,,,,,,,,,,,,,,,,
Brady Clark,CIN,89,157,6,22,18,4,0.140127388,0.101910828,0.162790698,0.259259259,0.263565891,0.372549019,0.426356589,0.3507332590065504,,108.0970195270222,0.355240476957988,2.016415060156227,-3.9927964210510254,0.3026595454795579,Brady Clark,1398,276054,129,34,25,3,0,22,1,16,1,1,4,6,1,1.375,0.798905608,4.041945232498377,,,,0.355240476957988,22.609029005231072,3.127730536224057,0.2106661200523376,-2.69323992729187,2.9039058685302734,1.9317002296447752,0.1715847998857498,0.9558048844337464,1.303296685218811,60,0.2803741991519928,-0.0599671647423036,18.0,213.1,52.0,0.0,1.0,0.0,0.0,0.0,0.0,0.0,0.0,0.0,0.0,0.0,2.96875,-3.0,LF,2001,0.18,55,9,,,,,,,,,,,,,,,,,,
Paul Bako,ATL,61,157,2,19,15,1,0.127388535,0.216560509,0.131386861,0.267326732,0.211678832,0.31210191,0.343065693,0.2890758414422312,,71.77695188352244,0.1909773020306602,-5.599228592250488,3.4064900875091553,0.2884105888111476,Paul Bako,676,132720,137,29,16,10,1,20,2,34,0,0,0,3,0,0.588235294,0.655167603,4.632730414101019,,,,0.1909773020306602,14.420602814982653,-5.060695654024362,0.0287922844290733,-2.0682060718536377,2.0969979763031006,-2.4589998722076416,-0.2513988316059112,0.849940836429596,0.0,1,-0.3689207732677459,0.402796406953054,46.0,397.1,319.0,29.0,3.0,0.0,0.0,1.0,0.0,0.0,0.0,0.0,4.0,13.0,0.99145299,0.0,C,2001,-0.11,47,13,,,,,,,,,,,,,,,,,,
Dave Hansen,LAD,92,175,2,13,20,0,0.182857142,0.165714285,0.114285715,0.276785714,0.235714285,0.371428571,0.35,0.3177427221747005,,94.75224665248044,-0.4450249085202813,-1.6450819831290324,-1.1642661094665527,0.2857942452255718,Dave Hansen,1403,115436,140,33,21,10,0,32,5,29,0,3,0,3,1,1.103448275,0.721428571,0.9568432733058612,,,,-0.4450249085202813,20.317515477356963,-1.397307656886526,0.9543219804763794,-2.8328280448913574,3.7871499061584473,2.983999729156494,0.3364012837409973,1.1478191614151,1.4789760112762451,50,0.0188789218664169,0.8125429715438953,29.0,266.0,173.0,46.0,6.0,0.0,0.0,16.0,0.0,0.0,0.0,0.0,0.0,0.0,1.91052492,0.0,1B,2001,0.27,49,12,,,,,,,,,,,,,,,,,,
D.T. Cromer,CIN,50,63,5,7,12,0,0.047619047,0.301587301,0.315789474,0.305555555,0.280701754,0.301587301,0.596491228,0.3626198115802946,,115.791528888688,-0.0029191091307438,1.2971162573290265,-0.4681069850921631,0.2826967414246686,D.T. Cromer,1002787,276052,57,16,8,3,0,3,0,19,0,3,0,0,0,0.157894736,0.898078529,0.4107142775,,,,-0.0029191091307438,9.705862300141735,1.8885259718140792,-0.2425160408020019,-1.1142339706420898,0.8717179894447327,0.075999915599823,-0.0087541174143552,0.944507658481598,1.1885756254196167,41,0.0156113132834434,-0.2723758176516491,4.0,42.0,32.0,4.0,1.0,0.0,0.0,3.0,0.0,0.0,0.0,0.0,0.0,0.0,0.97297297,0.0,1B,2001,0.2,34,8,,,,,,,,,,,,,,,,,,
Kevin Tapani,CHC,29,58,0,1,2,0,0.017241379,0.24137931,0.0,0.333333333,0.24,0.25490196,0.24,0.2225344613486645,,29.064720100502814,-0.0034498562454245,-5.379715494440975,6.281095504760742,0.273759691467948,Kevin Tapani,1012824,123090,50,12,12,0,0,1,0,14,0,0,7,0,0,0.071428571,0.49490196,0.14285714,,,,-0.0034498562454245,2.062716788924658,-5.134196021281755,-0.6292458772659302,-1.086150050163269,0.4569039940834045,-7.583000183105469,-0.7761590480804443,0.9618933200836182,,0,-0.6388748288154602,-0.0152994586317478,29.0,168.1,5.0,30.0,1.0,0.0,0.0,1.0,0.0,0.0,0.0,0.0,0.0,0.0,0.97222222,0.0,P,2001,0.3,12,0,,,,,,,,,,,,,,,,,,
Brandon Berger,KCR,6,18,2,4,2,0,0.111111111,0.111111111,0.5625,0.25,0.3125,0.388888888,0.875,0.5034484830167558,,209.52730980774396,-0.000796120672021,2.484953123603964,-0.3189300000667572,0.2726935868685049,Brandon Berger,590,407356,16,5,1,1,1,2,0,2,0,0,0,0,0,1.0,1.263888888,4.51785714,,,,-0.000796120672021,4.917371406737265,2.6838467415007927,-0.080262005329132,-0.3304220139980316,0.2501600086688995,1.5519999265670776,0.1457386016845703,0.8420339822769165,,0,0.2534939050674438,-0.3488131047891679,5.0,41.0,7.0,0.0,0.0,0.0,0.0,0.0,0.0,0.0,0.0,0.0,0.0,0.0,1.0,0.0,LF,2001,0.25,14,4,,,,,,,,,,,,,,,,,,
Delino DeShields,- - -,126,417,5,55,37,23,0.14148681,0.184652278,0.11965812,0.284132841,0.233618233,0.343825665,0.353276353,0.3135332125193864,,90.17941524736106,3.705173527472653,-1.3596727553433403,-9.839162647724152,0.2695099364234093,Delino DeShields,275,113291,351,82,55,17,5,59,1,77,1,2,4,8,2,0.766233766,0.697102018,7.545000901606198,,,,3.705173527472653,46.96665799059862,-4.776663420713008,-0.6930520832538605,-7.631834268569946,6.938781976699829,-2.450099855661392,-0.3168298080563545,1.0289908991919623,1.148739112460095,23,-0.2158854007720947,-0.4576405592709871,85.0,746.3,157.0,28.0,6.0,0.0,0.0,1.0,0.0,0.0,0.0,0.0,0.0,0.0,4.63659148,-6.0,LF,2001,0.39999999999999997,124,27,,,,,,,,,,,,,,,,,,
Corky Miller,CIN,17,57,3,5,7,1,0.070175438,0.280701754,0.224489796,0.1875,0.183673469,0.263157894,0.408163265,0.2852821475581119,,65.72862157084288,0.1973462674068287,-2.355336618571722,3.1917009353637695,0.2687991002170619,Corky Miller,342,280061,49,9,4,2,0,4,0,16,2,2,0,1,0,0.25,0.671321159,3.746549539549122,,,,0.1973462674068287,5.052589101638465,-2.0202390049437,-0.0227961167693138,-0.9333379864692688,0.9105419516563416,-2.865000009536743,-0.2646947801113128,0.8353310823440552,,0,-0.1551085859537124,0.1278186679186445,16.0,139.0,104.0,12.0,1.0,0.0,0.0,2.0,0.0,0.0,0.0,0.0,2.0,4.0,0.99145299,2.0,C,2001,0.21,20,5,,,,,,,,,,,,,,,,,,
Jim Brower,CIN,48,28,0,6,3,0,0.0,0.285714285,0.038461539,0.444444444,0.307692307,0.307692307,0.346153846,0.2865990469088921,,66.58108861880196,-0.0018576149013824,-1.2246163346170755,3.0322530269622803,0.2662565372549826,Jim Brower,313,150342,26,8,7,1,0,0,0,8,0,0,2,0,0,0.0,0.653846153,2.64285714,,,,-0.0018576149013824,2.513164361920736,-0.9612073395582224,0.1409261226654052,-0.3568080365657806,0.4977339804172516,-0.5339999198913574,-0.0614391304552555,0.8847931623458862,,0,-0.1320759057998657,0.2913516876015271,10.0,129.1,10.0,29.0,2.0,0.0,0.0,2.0,0.0,0.0,0.0,0.0,0.0,0.0,0.95121951,0.0,P,2001,0.23,9,1,,,,,,,,,,,,,,,,,,
Bobby Estalella,- - -,32,111,3,12,10,0,0.108108108,0.27027027,0.164948454,0.25,0.195876288,0.297297297,0.360824742,0.2852596514815584,,71.83025567138257,-0.0058382182614877,-4.0757674455395465,3.114771969616413,0.264925614714,Bobby Estalella,428,113911,97,19,10,5,1,12,2,30,2,0,0,2,0,0.4,0.658122039,3.2767857087500003,,,,-0.0058382182614877,9.841644793703727,-3.931757308587854,-0.2087042108178138,-1.4143898263573649,1.205685963621363,-0.4259999394416809,-0.0310700833797454,0.6826176829636097,0.6679999828338623,1,-0.1842446252703666,-0.1214963715226213,29.0,246.2,199.0,15.0,0.0,0.0,0.0,5.0,0.0,0.0,0.0,0.0,0.0,3.0,1.0,1.0,C,2001,0.36,35,9,,,,,,,,,,,,,,,,,,
Calvin Pickering,- - -,21,62,3,4,8,0,0.129032258,0.241935483,0.185185185,0.333333333,0.277777777,0.370967741,0.462962962,0.3641574603895987,,121.49442609153382,-0.0050420975894667,1.6613926281993725,-1.099108338356018,0.2645110220086418,Calvin Pickering,208,136730,54,15,11,1,0,8,0,15,0,0,0,4,0,0.533333333,0.833930703,0.14285714,,,,-0.0050420975894667,9.6324435528791,1.9391919281756953,0.4673239439725876,-0.8741619624197483,1.3414860218763351,-1.210999846458435,-0.0973905958235263,0.8358498550951481,1.1576856545039589,7,0.2365504391491413,0.3225499077898316,12.0,103.0,90.0,6.0,0.0,0.0,0.0,8.0,0.0,0.0,0.0,0.0,0.0,0.0,1.0,0.0,1B,2001,0.28,25,4,,,,,,,,,,,,,,,,,,
Luis Ordaz,KCR,28,63,0,8,4,0,0.047619047,0.126984126,0.053571428,0.285714285,0.25,0.295081967,0.303571428,0.2676825699259023,,51.353680251159986,-0.0039806033601053,-3.868121288241426,4.270347982645035,0.2622157367814516,Luis Ordaz,298,120042,56,14,11,3,0,3,0,8,1,1,2,1,0,0.375,0.598653395,2.45903360875,,,,-0.0039806033601053,4.6465368837331615,-3.1707994445944943,-0.0052900742739439,-0.7406960129737854,0.7354059815406799,-4.39900016784668,-0.3995212614536285,0.7479630708694458,,0,-0.3760240077972412,0.3689513668073664,17.0,154.2,27.0,66.0,3.0,0.0,0.0,17.0,0.0,0.0,0.0,0.0,0.0,0.0,1.89142857,4.0,2B,2001,0.31,17,3,,,,,,,,,,,,,,,,,,
Barry Larkin,CIN,45,185,2,29,17,3,0.145945945,0.135135135,0.115384615,0.294573643,0.256410256,0.372972972,0.371794871,0.3333032062796295,,96.8140421414794,-0.2786387451342307,-1.0488364035023214,-2.2441720962524414,0.2613683314153804,Barry Larkin,335,117501,156,40,26,12,0,27,2,25,2,0,0,2,2,1.08,0.744767843,3.8096693594246434,,,,-0.2786387451342307,23.913579845301168,0.9579096748151978,0.0972918793559074,-3.2997961044311523,3.397088050842285,7.129599571228027,0.7433887720108032,1.0605372190475464,1.0764000415802002,1,0.1808389574289322,-0.0891006595092383,42.0,341.1,65.0,108.0,9.0,0.0,0.0,23.0,0.0,0.0,0.0,0.0,0.0,0.0,0.95054945,-4.0,SS,2001,0.47,58,14,,,,,,,,,,,,,,,,,,
Dean Palmer,DET,57,246,11,34,40,4,0.109756097,0.239837398,0.203703703,0.253424657,0.222222222,0.31707317,0.425925925,0.3241221141524431,,99.71815529192972,0.3528521149419248,0.2654328033441645,-6.157407283782959,0.2589002846783536,Dean Palmer,482,120194,216,48,26,11,0,27,0,59,3,0,0,3,1,0.457627118,0.742999095,4.040793911791134,,,,0.3528521149419248,29.88810745339114,-0.6367296381739932,-0.3220260441303253,-4.972461700439453,4.650435924530029,0.4770002365112304,0.0357610024511814,1.0846613645553589,,0,-0.2223535776138305,-0.0745372812786452,,,,,,,,,,,,,,,,,,2001,0.52,92,22,,,,,,,,,,,,,,,,,,
Rob Ducey,- - -,57,93,3,10,12,0,0.17204301,0.268817204,0.164383561,0.304347826,0.232876712,0.373626373,0.397260273,0.3453378880416954,,104.65014994169418,-0.4397174373734742,0.1254021283151887,-0.5384085588157177,0.2573951052390918,Rob Ducey,1003520,113585,73,17,11,3,0,16,0,25,1,1,2,0,1,0.64,0.770886646,1.5206550799416076,,,,-0.4397174373734742,12.96374204125314,1.4238646041980318,0.6663159877061844,-1.4036979675292969,2.070013999938965,2.257599949836731,0.2416415996849537,1.075841428078327,1.3459999759991963,36,0.6468300819396973,-0.0274860314913323,12.0,101.1,28.0,1.0,0.0,0.0,0.0,0.0,0.0,0.0,0.0,0.0,0.0,0.0,3.0,0.0,LF,2001,0.27,29,6,,,,,,,,,,,,,,,,,,
Jose Ortiz,- - -,64,270,13,42,38,4,0.062962962,0.151851851,0.199186992,0.237113402,0.239837398,0.297397769,0.43902439,0.3159371525824734,,72.55786270443056,0.3523213678272441,-9.12373944501562,2.7647459246218204,0.2565097883855498,Jose Ortiz,442,276515,246,59,37,8,1,17,0,41,4,2,1,9,1,0.414634146,0.736422159,5.370943816640495,,,,0.3523213678272441,30.958210194933397,-2.5446597836137004,-0.2308223247528076,-5.674028277397156,5.443205773830414,-9.390000700950624,-0.927736520767212,1.0342586924952846,0.1387333273887634,3,-0.5544272512197495,0.3312506645227418,58.0,509.0,101.0,160.0,10.0,0.0,0.0,37.0,0.0,0.0,0.0,0.0,0.0,0.0,0.96309963,2.0,2B,2001,0.1499999999999999,108,22,,,,,,,,,,,,,,,,,,
Jeff Reboulet,LAD,94,253,3,35,22,0,0.130434782,0.18972332,0.130841121,0.331288343,0.26635514,0.366935483,0.397196261,0.3391737805204353,,108.62519072508792,-0.4508631267817691,2.400678179049237,-7.88923454284668,0.2507838061272062,Jeff Reboulet,1389,120975,214,57,37,15,2,33,1,48,1,0,5,3,1,0.6875,0.764131744,3.6007179249578956,,,,-0.4508631267817691,33.959803338101445,2.5663733211665662,0.7157620787620544,-3.606093883514404,4.3218560218811035,6.91480016708374,0.7422077655792236,0.9167711734771729,1.5019279718399048,25,0.2529138624668121,0.5278284857543676,55.0,511.4,103.0,135.0,10.0,0.0,0.0,41.0,0.0,0.0,0.0,0.0,0.0,0.0,2.65900338,-10.0,SS,2001,0.36,85,20,,,,,,,,,,,,,,,,,,
Andy Barkett,PIT,17,51,1,5,3,1,0.078431372,0.137254901,0.108695652,0.342105263,0.304347826,0.372549019,0.413043478,0.3413820910453796,,103.98356653062268,0.1960193996201269,0.4614999378501899,0.3106995224952698,0.2410238560495476,Andy Barkett,1000544,406723,46,14,11,2,0,4,1,7,1,0,0,2,0,0.571428571,0.785592497,3.7018963975903176,,,,0.1960193996201269,6.940919776778341,0.6125998919416681,0.0357540063560009,-0.7479680180549622,0.7837219834327698,-1.9010001420974731,-0.2008247077465057,0.91750568151474,0.3196000158786773,2,-0.1454825848340988,0.1844512877820451,11.0,95.2,50.0,4.0,0.0,0.0,0.0,2.0,0.0,0.0,0.0,0.0,0.0,0.0,3.0,1.0,LF,2001,0.15,19,3,,,,,,,,,,,,,,,,,,
Gene Stechschulte,STL,69,4,1,1,3,0,0.25,0.25,1.0,1.0,0.666666666,0.75,1.666666666,0.8933073580265045,,463.1339469770258,-0.0005307471146807,1.8975613456531852,0.4331790208816528,0.2405275386335341,Gene Stechschulte,1184,276536,3,2,1,0,0,1,0,1,0,0,0,0,0,1.0,2.416666666,0.14285714,,,,-0.0005307471146807,2.4118648486291483,1.9155260341321545,0.1155200004577636,-0.0133079783990979,0.1288280040025711,3.311000108718872,0.3278177082538605,0.9253000020980836,1.3645999431610107,2,0.0601376965641975,0.0647082995406618,0.0,70.0,7.0,10.0,1.0,0.0,0.0,1.0,0.0,0.0,0.0,0.0,0.0,0.0,0.94444444,0.0,P,2001,0.23,5,1,,,,,,,,,,,,,,,,,,
Mendy López,- - -,32,66,1,8,7,0,0.09090909,0.303030303,0.137931034,0.342105263,0.24137931,0.318181818,0.379310344,0.3000824139668391,,76.08804205641137,-0.0039806033601053,-2.0662695413871934,2.316072229295969,0.2403042957960799,Mendy Lopez,1458,133741,58,14,9,3,1,6,1,20,1,1,0,0,0,0.3,0.697492162,4.320488715,,,,-0.0039806033601053,6.651753561634358,-1.5378368775660438,-0.728796198964119,-1.0984880179166794,0.3696919586509466,-1.7959998846054075,-0.1635952889919281,0.7528507495993999,0.8333636251362887,11,-0.2586868330836296,-0.7093618795621629,12.0,125.4,27.0,38.0,1.0,0.0,0.0,9.0,0.0,0.0,0.0,0.0,0.0,0.0,2.975,2.0,2B,2001,0.05,22,5,,,,,,,,,,,,,,,,,,
Jay Payton,NYM,104,386,8,44,34,4,0.046632124,0.134715025,0.11634349,0.277227722,0.254847645,0.297927461,0.371191135,0.2918362276894705,,75.98998527397984,-0.5204791679861955,-12.631204919833012,2.4157521724700928,0.2400234621396128,Jay Payton,890,134341,361,92,67,16,1,18,1,52,5,2,0,11,3,0.346153846,0.669118596,3.6832961902298833,,,,-0.5204791679861955,36.35578244295738,-11.540913156002548,-1.7964739799499512,-7.428540229797363,5.632065773010254,-19.09160041809082,-2.1123008728027344,1.0640921592712402,1.906999945640564,3,-0.9753103852272034,-0.7129587785830946,90.0,825.2,236.0,6.0,4.0,0.0,0.0,1.0,0.0,0.0,0.0,0.0,0.0,0.0,0.98373984,1.0,CF,2001,0.14,134,25,,,,,,,,,,,,,,,,,,
Manny Aybar,CHC,17,4,0,1,0,0,0.0,0.0,0.0,1.0,1.0,1.0,1.0,0.8871150612831116,,459.2669689066348,-0.000796120672021,1.877083374074046,0.4331790208816528,0.2385267716429213,Manny Aybar,1107,110403,3,3,3,0,0,0,0,0,0,0,1,0,0,0.0,2.0,1.60119047125,,,,-0.000796120672021,2.390912765581944,1.8945739510849495,0.0431680008769035,-0.026027999818325,0.0691959708929061,0.5720000267028809,0.0597163997590541,0.8306999802589417,,0,0.1013474017381668,-0.0493815874818002,1.0,22.2,2.0,2.0,1.0,0.0,0.0,0.0,0.0,0.0,0.0,0.0,0.0,0.0,0.8,0.0,P,2001,0.25,3,0,,,,,,,,,,,,,,,,,,
Darren Lewis,BOS,82,180,1,18,12,5,0.044444444,0.138888888,0.085365854,0.326086956,0.280487804,0.325714285,0.365853658,0.3062826303073338,,82.75990477941858,-1.1736420575762168,-5.086324085559005,1.0961352586746216,0.227693057636896,Darren Lewis,286,117731,164,46,35,9,1,8,0,25,3,0,5,2,5,0.32,0.691567943,4.540029295410736,,,,-1.1736420575762168,19.1530937538871,-3.1821528984776304,-1.0556740760803225,-3.339487791061402,2.283813953399658,-3.8249998092651367,-0.4064984321594238,0.943583607673645,0.5737999677658081,3,-0.6384378671646118,-0.4803544343284485,41.0,414.4,101.0,4.0,0.0,0.0,0.0,2.0,0.0,0.0,0.0,0.0,0.0,0.0,3.0,3.0,RF,2001,-0.06,60,11,,,,,,,,,,,,,,,,,,
Joe Beimel,PIT,42,31,0,3,0,0,0.032258064,0.322580645,0.0,0.4375,0.269230769,0.296296296,0.269230769,0.2560623045320864,,48.75360039965477,-0.0021229884587228,-2.078066305582788,3.357137441635132,0.2242186464041124,Joe Beimel,979,346847,26,7,7,0,0,1,0,10,0,0,4,0,0,0.1,0.565527065,1.86160714,,,,-0.0021229884587228,1.981676612189594,-1.8649492001621095,-0.3580419421195984,-0.5279259085655212,0.169883981347084,-3.124000072479248,-0.3052838444709778,0.8716322779655457,,0,-0.2497246414422989,-0.1610471383216341,15.0,115.1,3.0,17.0,2.0,0.0,0.0,0.0,0.0,0.0,0.0,0.0,0.0,0.0,0.90909091,0.0,P,2001,0.18,7,0,,,,,,,,,,,,,,,,,,
Sandy Alomar Jr.,CHW,70,239,4,17,21,1,0.050209205,0.071129707,0.1,0.248756218,0.245454545,0.288135593,0.345454545,0.2766182666129254,,63.40785416497954,-0.6789041246520355,-11.705670399101342,5.672496318817139,0.2236534135676939,Sandy Alomar Jr.,221,110184,220,54,41,8,1,12,1,17,2,2,3,6,2,0.705882352,0.633590138,2.2851819919150476,,,,-0.6789041246520355,19.433854180994555,-10.22238998520084,-0.2638577818870544,-4.63717794418335,4.37332010269165,-11.613999366760254,-1.0916922092437744,1.0552606582641602,2.2975001335144043,4,-0.8733871579170227,0.6233467723301247,63.0,545.0,367.0,19.0,4.0,0.0,0.0,5.0,0.0,0.0,0.0,0.0,5.0,15.0,0.98974359,1.0,C,2001,0.22,76,13,,,,,,,,,,,,,,,,,,
Jason Jennings,COL,7,17,1,2,2,0,0.058823529,0.176470588,0.266666667,0.272727272,0.266666666,0.3125,0.533333333,0.356382142752409,,95.1188557759379,-0.000796120672021,-0.1092290024310385,1.841010808944702,0.2236278445760403,Jason Jennings,434,407298,15,4,2,1,0,1,0,3,0,0,1,0,0,0.333333333,0.845833333,1.08035714,,,,-0.000796120672021,2.5293433962003293,0.4199034345881047,-0.0744599997997284,-0.1942799985408783,0.1198199987411499,0.5470000505447388,0.0771789029240608,0.6135412454605103,,0,-0.0569952316582202,-0.0643658020956561,7.0,39.1,4.0,7.0,0.0,0.0,0.0,3.0,0.0,0.0,0.0,0.0,0.0,0.0,1.0,0.0,P,2001,0.19,8,2,,,,,,,,,,,,,,,,,,
Greg Maddux,ATL,35,81,0,3,3,0,0.024691358,0.234567901,0.0,0.266666666,0.1875,0.235294117,0.1875,0.1988234853043275,,13.35399073417828,-0.0042459769174456,-9.175400739878746,8.771875381469727,0.2199024407818303,Greg Maddux,104,118120,64,12,12,0,0,2,0,19,2,0,13,1,0,0.105263157,0.422794117,0.8571428525,,,,-0.0042459769174456,1.2560777558308522,-8.794783237733277,-0.7790261507034302,-1.377526044845581,0.5985000133514404,-10.609999656677246,-1.0993939638137815,0.9956341981887816,0.1209999993443489,1,-0.8754650354385376,0.0930228974318242,34.0,233.0,19.0,54.0,1.0,0.0,0.0,3.0,0.0,0.0,0.0,0.0,0.0,0.0,0.98648649,0.0,P,2001,0.06,12,0,,,,,,,,,,,,,,,,,,
Craig Monroe,TEX,27,58,2,8,5,2,0.103448275,0.310344827,0.134615385,0.28125,0.211538461,0.293103448,0.346153846,0.2849383826913504,,65.17819191425698,0.3962847761576995,-2.150203619472692,2.3055557012557983,0.2188359054634204,Craig Monroe,1464,407155,52,11,8,1,0,6,0,18,0,0,0,1,0,0.333333333,0.639257294,5.502581710339596,,,,0.3962847761576995,5.124365293682543,-2.07254751652387,-0.3362059891223907,-1.0733320713043213,0.7371258735656738,-0.7879999876022339,-0.0706799998879432,0.9512340426445008,0.0,1,-0.2985040843486786,-0.0549378385115602,15.0,135.0,42.0,3.0,0.0,0.0,0.0,1.0,0.0,0.0,0.0,0.0,0.0,0.0,2.0,3.0,RF,2001,0.15,18,3,,,,,,,,,,,,,,,,,,
Angel Berroa,KCR,15,56,0,8,4,2,0.053571428,0.178571428,0.037735849,0.372093023,0.301886792,0.339285714,0.339622641,0.3038353717752865,,75.60833102823588,0.3954886554856784,-1.3267444559023818,1.5795626640319824,0.2169803403224695,Angel Berroa,591,407556,53,16,14,2,0,3,0,10,0,0,0,2,0,0.3,0.678908355,5.528051247291792,,,,0.3954886554856784,5.842813616269257,-1.1059297866886584,-0.2014879137277603,-0.929002046585083,0.7275140881538391,-3.430000066757202,-0.3112766742706299,0.918176293373108,,0,-0.2906367778778076,0.0711931751819099,12.0,112.2,21.0,40.0,3.0,0.0,0.0,9.0,0.0,0.0,0.0,0.0,0.0,0.0,0.953125,1.0,SS,2001,0.2,18,2,,,,,,,,,,,,,,,,,,
Jerry Hairston Jr.,BAL,159,602,8,63,47,29,0.0730897,0.121262458,0.110902256,0.254945054,0.233082706,0.305227655,0.343984962,0.2892142031687307,,76.40570217227065,1.0068949122796766,-16.901882499118,-1.6966230869293213,0.2159888405275334,Jerry Hairston Jr.,144,150020,532,124,86,25,5,44,0,73,13,4,9,12,11,0.602739726,0.649212617,6.4081390310517365,,,,1.0068949122796766,55.364743564907336,-19.334248016890268,-0.8238341808319092,-11.178522109985352,10.35468864440918,-19.12220001220703,-1.7908512353897097,0.9970500469207764,,0,-1.2265050411224363,0.4002333977117729,154.0,1343.1,328.0,459.0,19.0,0.0,0.0,94.0,0.0,0.0,0.0,0.0,0.0,0.0,0.9764268,-4.0,2B,2001,0.8,183,38,,,,,,,,,,,,,,,,,,
Jose Nieves,ANA,29,59,2,5,3,0,0.033898305,0.33898305,0.20754717,0.354838709,0.245283018,0.298245614,0.452830188,0.3216695670495954,,95.227019027597,-0.4352060868986882,-0.7902680132038977,0.9091220125555992,0.2140692199146486,Jose Nieves,26,136303,53,13,7,3,1,2,0,20,2,0,2,1,1,0.1,0.751075802,4.507783877380952,,,,-0.4352060868986882,7.045884973943318,-0.2751125398873438,-0.2295259982347488,-0.7873280644416809,0.5578020215034485,-3.2680001258850098,-0.3291798532009125,0.7178266644477844,0.4305750131607055,8,0.0195672139525413,-0.3393184987718654,13.0,125.0,33.0,46.0,1.0,0.0,0.0,13.0,0.0,0.0,0.0,0.0,0.0,0.0,3.95652174,1.0,2B,2001,0.28,24,6,,,,,,,,,,,,,,,,,,
Andy Fox,FLA,54,98,3,8,7,1,0.153061224,0.173469387,0.135802469,0.196721311,0.185185185,0.326530612,0.320987654,0.2947121164233414,,77.84852385854853,0.1928349169320427,-2.6439028224129,1.599565505981445,0.2140164831361531,Andy Fox,1379,114353,81,15,11,0,1,15,1,17,2,0,0,2,0,0.882352941,0.647518266,4.708716417572548,,,,0.1928349169320427,9.468628597954403,-2.6916723572219494,-0.4227462112903595,-1.856895923614502,1.434149980545044,-1.343000054359436,-0.1154112741351127,1.074004054069519,1.1638599634170532,30,-0.036317128688097,-0.3572998317773014,17.0,156.5,25.0,41.0,3.0,0.0,0.0,10.0,0.0,0.0,0.0,0.0,0.0,0.0,3.9375,1.0,SS,2001,0.16,26,4,,,,,,,,,,,,,,,,,,
Brent Mayne,- - -,100,359,2,28,40,1,0.072423398,0.114206128,0.058282209,0.314878892,0.285276073,0.334261838,0.343558282,0.2959938864249967,,62.84117797951143,-0.6913766818470322,-17.67427651568617,7.724391222000122,0.2139007136414926,Brent Mayne,614,118490,326,93,79,11,1,26,5,41,1,6,0,12,2,0.634146341,0.67782012,1.8675704919835527,,,,-0.6913766818470322,35.10755436458091,-9.438854236524303,-0.5970796495676041,-6.282367944717407,5.685287952423096,-13.15200001001358,-1.2428171797655525,0.9534994971107792,1.3995777765909831,9,-1.3105712532997131,0.6843730734613085,90.0,786.1,586.0,38.0,3.0,0.0,0.0,6.0,0.0,0.0,0.0,0.0,5.0,32.0,0.99521531,1.0,C,2001,-0.2899999999999999,112,14,,,,,,,,,,,,,,,,,,
Omar Olivares,PIT,47,27,1,3,6,0,0.0,0.37037037,0.185185185,0.3125,0.222222222,0.222222222,0.407407407,0.263967494169871,,53.87085835113474,-0.000796120672021,-1.628328270273229,2.9239583015441895,0.2130301739889499,Omar Olivares,1009771,119982,27,6,3,2,0,0,0,10,0,0,0,0,0,0.0,0.629629629,2.01785714,,,,-0.000796120672021,1.906523917865528,-1.4437630799891816,0.0918919742107391,-0.4451579749584198,0.5370500087738037,0.5069999694824219,0.0497930534183979,0.8578222990036011,0.1127000004053115,2,-0.0944376438856124,0.2015600331234252,12.0,110.0,4.0,19.0,0.0,0.0,0.0,1.0,0.0,0.0,0.0,0.0,0.0,0.0,1.0,0.0,P,2001,0.25,11,3,,,,,,,,,,,,,,,,,,
Jason Tyner,TBD,105,420,0,51,21,31,0.035714285,0.1,0.045454545,0.312676056,0.28030303,0.310843373,0.325757575,0.2829751222966665,,68.7866162325891,3.5754948931280524,-12.9537316754577,0.4967972040176391,0.212377610015308,Jason Tyner,1232,150244,396,111,98,8,5,15,0,42,3,1,5,6,6,0.357142857,0.636600948,7.648278870718322,,,,3.5754948931280524,36.40997532283651,-15.705600199347852,-1.2985705137252808,-7.601137638092041,6.302567958831787,-15.67159938812256,-1.5026259422302246,0.9834922552108764,0.7409600019454956,5,-1.320540189743042,0.0001733979914928,89.0,809.3,219.0,8.0,5.0,0.0,0.0,1.0,0.0,0.0,0.0,0.0,0.0,0.0,2.68650793,2.0,LF,2001,0.85,129,13,,,,,,,,,,,,,,,,,,
Russ Davis,SFG,53,189,7,16,17,1,0.089947089,0.259259259,0.215568863,0.31858407,0.257485029,0.326203208,0.473053892,0.3372310486999718,,105.4703383891574,0.1899158078012988,1.5409502939240758,-5.465591788291931,0.2078687421085983,Russ Davis,1003076,113137,167,43,22,13,1,17,2,49,1,2,2,5,0,0.346938775,0.7992571,3.292528379295933,,,,0.1899158078012988,25.058589258619,1.6065802736360333,-0.7698861956596375,-3.629446029663086,2.859560012817383,-5.679999828338623,-0.5781696438789368,0.989403247833252,0.5918333530426025,6,-0.0087712658569216,-0.7693606003418736,46.0,374.2,20.0,61.0,10.0,0.0,0.0,9.0,0.0,0.0,0.0,0.0,0.0,0.0,0.89010989,-6.0,3B,2001,-0.06,79,21,,,,,,,,,,,,,,,,,,
F.P. Santangelo,OAK,32,89,0,16,8,1,0.123595505,0.191011235,0.056338028,0.254545454,0.197183098,0.34090909,0.253521126,0.2869094454429366,,73.50225863117453,-0.2391866872785613,-3.212640888964494,2.1989030689001083,0.2074841487523125,F.P. Santangelo,1011438,121692,71,14,10,4,0,11,0,17,5,1,1,1,1,0.647058823,0.594430216,3.9801152208892434,,,,-0.2391866872785613,8.011640628707859,-3.0318979938502584,-0.1437041163444519,-0.9550780057907104,0.8113739490509033,2.001000165939331,0.2211852520704269,0.6157143712043762,1.0242999792099,4,0.0244988538324832,-0.2578929779023138,20.0,186.29999999999998,43.0,40.0,0.0,0.0,0.0,7.0,0.0,0.0,0.0,0.0,0.0,0.0,2.0,2.0,2B,2001,0.2,18,4,,,,,,,,,,,,,,,,,,
Brad Fullmer,TOR,146,573,18,71,83,5,0.066317626,0.153577661,0.170498084,0.295508274,0.27394636,0.32635253,0.444444444,0.3264221868683806,,95.53186329648057,0.1014582440257072,-3.126615624241942,-14.651920318603516,0.2069053260098752,Brad Fullmer,13,114485,522,143,92,31,2,38,8,88,6,7,0,13,2,0.431818181,0.770796974,3.859534727448415,,,,0.1014582440257072,70.73225871164311,-0.3682764650512869,-0.7107203602790833,-11.0482816696167,10.33756160736084,5.391000270843506,0.5318659543991089,1.0650413036346436,2.221019983291626,10,-0.0300623290240764,-0.6372548518717471,1.0,8.0,12.0,1.0,0.0,0.0,0.0,1.0,0.0,0.0,0.0,0.0,0.0,0.0,1.0,0.0,1B,2001,1.11,232,51,,,,,,,,,,,,,,,,,,
Matt Blank,MON,5,8,0,0,1,0,0.0,0.25,0.125,0.666666666,0.5,0.5,0.625,0.4878893718123436,,194.6785244422685,-0.000796120672021,0.988968455704357,0.8663580417633057,0.206884330254202,Matt Blank,1001053,150397,8,4,3,1,0,0,0,2,0,0,0,0,0,0.0,1.125,0.14285714,,,,-0.000796120672021,2.0802076510795944,1.0875300220856066,0.0962799862027168,-0.0691439434885978,0.1654239892959594,1.4890000820159912,0.1687501966953277,0.7332749962806702,,0,0.0665021017193794,0.0647992336473926,4.0,22.2,1.0,7.0,0.0,0.0,0.0,0.0,0.0,0.0,0.0,0.0,0.0,0.0,1.0,0.0,P,2001,0.18,5,1,,,,,,,,,,,,,,,,,,
Brandon Duckworth,PHI,11,26,0,1,1,0,0.076923076,0.153846153,0.045454545,0.277777777,0.227272727,0.291666666,0.272727272,0.2582493176062901,,52.2780169188381,-0.0015922413440421,-1.6229627485507372,2.815663576126098,0.1997720600274911,Brandon Duckworth,954,346855,22,5,4,1,0,2,0,4,0,0,2,1,0,0.5,0.564393938,0.4107142775,,,,-0.0015922413440421,1.71015081015609,-1.5160514840743708,-0.227162018418312,-0.4941099882125854,0.2669479846954345,-2.759999990463257,-0.2794668078422546,0.9912461042404176,,0,-0.2436828464269638,0.0145147140665504,11.0,69.0,4.0,7.0,2.0,0.0,0.0,0.0,0.0,0.0,0.0,0.0,0.0,0.0,0.84615385,0.0,P,2001,0.16,6,1,,,,,,,,,,,,,,,,,,
Bernard Gilkey,ATL,69,121,2,8,14,0,0.09090909,0.256198347,0.113207547,0.355263157,0.273584905,0.338842975,0.386792452,0.3183519524976241,,90.7282255342586,-0.441044305160176,-1.9070601620143428,-0.0459530353546142,0.198872191730036,Bernard Gilkey,1004706,114792,106,29,21,6,0,11,0,31,1,3,0,4,1,0.354838709,0.725635427,0.9931874403451316,,,,-0.441044305160176,14.110467288502011,-0.9037818500320576,-0.4797980189323425,-2.3439199924468994,1.8641220331192017,-4.1479997634887695,-0.3934957087039947,0.9544842839241028,1.1348646879196167,34,-0.2496022433042526,-0.2530755136932574,18.0,182.1,40.0,0.0,0.0,0.0,0.0,0.0,0.0,0.0,0.0,0.0,0.0,0.0,2.0,1.0,LF,2001,-0.33,41,8,,,,,,,,,,,,,,,,,,
Jarrod Washburn,ANA,30,6,0,1,0,0,0.166666666,0.333333333,0.0,1.0,0.6,0.666666666,0.6,0.5608703295389811,,255.7050639647739,-0.0010614942293614,1.1768600845980808,0.6497685313224792,0.1988230560263786,Jarrod Washburn,40,132220,5,3,3,0,0,1,0,2,0,0,0,0,0,0.5,1.266666666,1.08035714,,,,-0.0010614942293614,1.9305602466493264,1.186052024903835,0.0105198994278907,-0.0443800017237663,0.0549000017344951,0.7829999923706055,0.0503881014883518,0.5766666531562805,,0,0.0704253017902374,-0.0521827011988697,30.0,193.1,6.0,26.0,2.0,0.0,0.0,0.0,0.0,0.0,0.0,0.0,0.0,0.0,0.94117647,0.0,P,2001,0.19,3,0,,,,,,,,,,,,,,,,,,
Eric Byrnes,OAK,19,43,3,9,5,1,0.093023255,0.139534883,0.263157895,0.206896551,0.236842105,0.325581395,0.5,0.3528603800507479,,117.7482590932792,0.1973462674068287,1.1595933561558898,-0.6327160000801086,0.1973571362123623,Eric Byrnes,905,291565,38,9,5,1,0,4,0,6,1,0,0,0,0,0.666666666,0.825581395,5.735981190244342,,,,0.1973462674068287,6.2696524562426905,0.9340102004000048,-0.1748161911964416,-0.7552700042724609,0.5804539918899536,1.381200075149536,0.0879212692379951,0.8759720325469971,0.0,2,0.1106005758047103,-0.3101688093796362,8.0,80.0,14.0,0.0,1.0,0.0,0.0,0.0,0.0,0.0,0.0,0.0,0.0,0.0,2.875,0.0,LF,2001,0.34,19,4,,,,,,,,,,,,,,,,,,
Mark Loretta,MIL,102,429,2,40,29,1,0.065268065,0.107226107,0.0625,0.321533923,0.2890625,0.345971563,0.3515625,0.3123588642520362,,85.16783178614604,-0.6985417678952217,-9.013352595706651,-2.934043526649475,0.1969917061269937,Mark Loretta,1383,117928,384,111,93,14,2,28,0,46,7,3,7,6,2,0.608695652,0.697534063,2.670930790927847,,,,-0.6985417678952217,47.85319987640791,-5.379137978394697,-0.5529759526252747,-7.315392017364502,6.762416362762451,-6.972999572753906,-0.6724240779876709,0.9843570590019226,1.366199970245361,2,-0.6175364255905151,0.0557728383146153,93.0,780.4000000000001,142.0,218.0,8.0,0.0,0.0,35.0,0.0,0.0,0.0,0.0,0.0,0.0,2.89442049,-4.0,2B,2001,0.43,135,18,,,,,,,,,,,,,,,,,,
Matt Herges,LAD,75,10,0,0,1,0,0.0,0.3,0.0,0.666666666,0.444444444,0.444444444,0.444444444,0.3942733605702718,,144.29274293478414,-0.0010614942293614,0.5777311650041234,1.0829474925994873,0.1942697450521119,Matt Herges,780,150382,9,4,4,0,0,0,0,3,0,0,1,0,0,0.0,0.888888888,0.14285714,,,,-0.0010614942293614,1.8083682336315257,0.5675211973890405,-0.0006439803983084,-0.0570960082113742,0.0564519986510276,0.5230000019073486,0.0440327040851116,0.4058800041675567,,0,0.0005004024133086,-0.0020870299675022,0.0,99.1,5.0,15.0,1.0,0.0,0.0,1.0,0.0,0.0,0.0,0.0,0.0,0.0,0.95238095,0.0,P,2001,0.16,4,0,,,,,,,,,,,,,,,,,,
Nelson Figueroa,PHI,19,26,0,4,1,0,0.038461538,0.423076923,0.041666666,0.461538461,0.25,0.28,0.291666666,0.2552488756179809,,50.335744016333415,-0.0015922413440421,-1.6889521269827272,2.815663576126098,0.1933246748659509,Nelson Figueroa,683,150153,24,6,5,1,0,1,0,11,0,0,1,0,0,0.09090909,0.571666666,2.64285714,,,,-0.0015922413440421,1.6441614317241,-1.582040862506361,-0.1597958952188491,-0.4266319870948791,0.2668359875679016,-0.5370000004768372,-0.0619237944483757,0.8834518790245056,,0,-0.129286989569664,-0.0515897497444154,13.0,89.0,2.0,6.0,0.0,0.0,0.0,1.0,0.0,0.0,0.0,0.0,0.0,0.0,1.0,0.0,P,2001,0.24,7,1,,,,,,,,,,,,,,,,,,
Kirk Rueter,SFG,36,74,0,5,5,0,0.067567567,0.067567567,0.0,0.185185185,0.172413793,0.234375,0.172413793,0.1936021028086543,,12.495166495494198,-0.0039806033601053,-8.465613914775671,8.013812065124512,0.1927745828124172,Kirk Rueter,1128,121541,58,10,10,0,0,5,0,5,0,1,10,0,0,1.0,0.406788793,1.60119047125,,,,-0.0039806033601053,0.8206897212020026,-8.361578346992387,-0.8024899959564209,-1.259361982345581,0.4568720161914825,-6.963000297546387,-0.6761806011199951,0.9141297340393066,3.441800117492676,1,-0.763176679611206,-0.1146965216142062,34.0,195.1,11.0,50.0,0.0,0.0,0.0,11.0,0.0,0.0,0.0,0.0,0.0,0.0,1.0,0.0,P,2001,0.27,10,0,,,,,,,,,,,,,,,,,,
Mike Rivera,DET,4,12,0,2,1,0,0.0,0.166666666,0.166666667,0.4,0.333333333,0.333333333,0.5,0.3548141419887543,,120.30921265759,-0.0005307471146807,0.3067509716582281,1.2229080945253372,0.1924600208603662,Mike Rivera,493,407576,12,4,2,2,0,0,0,2,0,0,0,0,0,0.0,0.833333333,2.64285714,,,,-0.0005307471146807,1.7695025365772452,0.2804860930862633,0.1357219964265823,-0.1261239945888519,0.2618460059165954,0.7969998717308044,0.0771408081054687,0.8361166715621948,,0,0.0726752057671547,0.0896490260568564,3.0,26.0,24.0,2.0,2.0,0.0,0.0,0.0,0.0,0.0,0.0,0.0,0.0,0.0,0.92857143,1.0,C,2001,0.25,6,2,,,,,,,,,,,,,,,,,,
Jamey Wright,MIL,34,74,0,7,4,0,0.04054054,0.27027027,0.014925373,0.276595744,0.19402985,0.228571428,0.208955223,0.1999825843742915,,12.42341474983522,-0.0039806033601053,-8.472552239630481,8.013812065124512,0.1920966850388997,Jamey Wright,715,124604,67,13,12,1,0,3,0,20,0,0,4,0,0,0.15,0.437526651,2.25223214,,,,-0.0039806033601053,1.220082890797763,-7.962185177396626,-0.9091060161590576,-1.5457700490951538,0.6366639733314514,-10.310999870300291,-0.9826192259788512,0.9656509757041932,0.2088000029325485,1,-0.8670887351036072,-0.0743549531773469,33.0,194.2,17.0,31.0,1.0,0.0,0.0,4.0,0.0,0.0,0.0,0.0,0.0,0.0,0.97959184,0.0,P,2001,0.24,14,1,,,,,,,,,,,,,,,,,,
Britt Reames,MON,41,24,1,2,2,0,0.166666666,0.333333333,0.176470589,0.125,0.117647058,0.285714285,0.294117647,0.2707076101076035,,54.09048697281391,-0.0013268677867017,-1.4411341518780176,2.599074125289917,0.1899726409618236,Britt Reames,794,337392,17,2,1,0,0,4,0,8,0,0,3,1,0,0.5,0.579831932,0.76785714,,,,-0.0013268677867017,1.8315219400183336,-1.1465109469636303,-0.1713081151247024,-0.5061520338058472,0.3348439931869507,-2.921999931335449,-0.2991096675395965,0.9662999510765076,,0,-0.0370503589510917,-0.1402321866330785,13.0,95.0,1.0,23.0,0.0,0.0,0.0,1.0,0.0,0.0,0.0,0.0,0.0,0.0,1.0,0.0,P,2001,0.18,5,1,,,,,,,,,,,,,,,,,,
Elmer Dessens,CIN,35,70,0,3,2,0,0.042857142,0.171428571,0.017543859,0.244444444,0.192982456,0.233333333,0.210526315,0.2037425130605697,,12.94565720033198,-0.0034498562454245,-7.966490268694453,7.58063268661499,0.186411228082437,Elmer Dessens,317,113296,57,11,10,1,0,3,0,12,0,0,10,0,0,0.25,0.443859648,0.8571428525,,,,-0.0034498562454245,1.376767291642044,-7.309161962055351,-0.9125319123268129,-1.4439719915390017,0.531440019607544,-10.375,-0.9637993574142456,0.9987975358963012,1.044800043106079,1,-0.7769041061401367,-0.1367264140912979,34.0,205.0,6.0,26.0,0.0,0.0,0.0,3.0,0.0,0.0,0.0,0.0,0.0,0.0,1.0,0.0,P,2001,0.19,12,1,,,,,,,,,,,,,,,,,,
Jason Grilli,FLA,6,9,1,1,2,0,0.0,0.222222222,0.428571429,0.25,0.285714285,0.285714285,0.714285714,0.4099075198173523,,152.4178411048257,-0.0002653735573403,0.6162048125431212,0.9746527671813964,0.1842464068104416,Jason Grilli,521,276351,7,2,1,0,0,0,0,2,0,0,2,0,0,0.0,0.999999999,0.14285714,,,,-0.0002653735573403,1.7465548497299932,0.6297925171117569,0.0148199964314699,-0.1938560009002685,0.2086759954690933,-0.1350000202655792,-0.0141875967383384,1.1287111043930054,,0,0.0528682991862297,-0.0397382817940115,5.0,26.2,1.0,3.0,0.0,0.0,0.0,0.0,0.0,0.0,0.0,0.0,0.0,0.0,1.0,0.0,P,2001,0.18,5,1,,,,,,,,,,,,,,,,,,
McKay Christensen,- - -,35,60,1,7,7,3,0.05,0.2,0.094339623,0.4,0.320754716,0.4,0.415094339,0.3655123958985011,,125.37458215448264,-0.2701467912993394,1.72042347443843,-1.837105669081211,0.1770563068305895,McKay Christensen,1421,150316,53,17,14,2,0,3,0,12,4,0,0,0,2,0.25,0.815094339,4.180300135828148,,,,-0.2701467912993394,9.390487398890253,1.9454051814353437,-0.250520090572536,-1.1954400464892387,0.9449199885129927,3.510200157761574,0.1816479740664363,0.9746988602538608,0.7848750092089176,8,0.066579233855009,-0.3236023009665146,11.0,112.1,23.0,0.0,2.0,0.0,0.0,0.0,0.0,0.0,0.0,0.0,0.0,0.0,0.92,-2.0,CF,2001,0.05,22,3,,,,,,,,,,,,,,,,,,
Brian Tollberg,SDP,19,47,0,4,1,0,0.042553191,0.361702127,0.0,0.347826086,0.2,0.238095238,0.2,0.2024922399293808,,20.627621211241163,-0.0026537355734035,-4.877463728836423,5.089853286743164,0.1712255829793365,Brian Tollberg,1055,328092,40,8,8,0,0,2,0,17,0,0,5,0,0,0.117647058,0.438095238,2.01785714,,,,-0.0026537355734035,0.8746938204209671,-4.957287249918712,-0.5839938521385193,-0.9373999834060668,0.353406012058258,-6.901000022888184,-0.6772379279136658,1.0015487670898438,,0,-0.6059430241584778,0.0228522438309211,19.0,117.1,6.0,20.0,2.0,0.0,0.0,1.0,0.0,0.0,0.0,0.0,0.0,0.0,0.92857143,0.0,P,2001,0.19,8,0,,,,,,,,,,,,,,,,,,
Jason Bere,CHC,32,69,0,2,2,0,0.0,0.260869565,0.064516129,0.272727272,0.193548387,0.193548387,0.258064516,0.1945806395622991,,10.96940254773884,-0.0021229884587228,-8.029595314253612,7.4723381996154785,0.1664633317225501,Jason Bere,266,110891,62,12,8,4,0,0,0,18,0,0,7,2,0,0.0,0.451612903,0.5595238025,,,,-0.0021229884587228,0.8223515961239799,-7.739492953949167,-0.7268582582473755,-1.2596720457077026,0.5328140258789062,-8.850000381469727,-0.8498560786247253,0.8679421544075012,,0,-0.8239601254463196,-0.0134899909656015,32.0,188.0,12.0,15.0,1.0,0.0,0.0,0.0,0.0,0.0,0.0,0.0,0.0,0.0,0.96428571,0.0,P,2001,0.19,16,4,,,,,,,,,,,,,,,,,,
John Thomson,COL,14,36,0,3,1,0,0.027777777,0.416666666,0.068965517,0.5,0.24137931,0.266666666,0.310344827,0.2529175420602162,,28.14322649334941,-0.0018576149013824,-3.3821996971048,3.898611068725586,0.1657121269348665,John Thomson,453,123307,29,7,6,0,1,1,0,15,0,0,6,0,0,0.066666666,0.577011493,4.36160714,,,,-0.0018576149013824,2.2055370946516697,-2.2615122358212765,-0.3009259104728699,-0.6093500256538391,0.3084239959716797,-2.9739999771118164,-0.2848577499389648,0.9130827784538268,,0,-0.3380692899227142,0.0084979546901691,14.0,93.2,17.0,8.0,1.0,0.0,0.0,3.0,0.0,0.0,0.0,0.0,0.0,0.0,0.96153846,0.0,P,2001,0.15,9,1,,,,,,,,,,,,,,,,,,
Jason Schmidt,- - -,25,56,2,5,4,0,0.017857142,0.392857142,0.122448979,0.24,0.163265306,0.18,0.285714285,0.1998208463191986,,14.533259855461448,-0.0018576149013824,-6.256112911571871,6.0645060539245605,0.1605680165412116,Jason Schmidt,1131,121834,49,8,6,0,0,1,0,22,0,0,6,1,0,0.045454545,0.465714285,2.1964285649999997,,,,-0.0018576149013824,0.922922072924085,-6.025821330033831,-0.6646838784217834,-1.1064300537109375,0.4417459964752197,-6.694000005722046,-0.6763847172260284,0.8464714288711548,,0,-0.5292056947946548,-0.2560350773696209,25.0,150.1,6.0,8.0,0.0,0.0,0.0,0.0,0.0,0.0,0.0,0.0,0.0,0.0,1.0,0.0,P,2001,0.17,14,2,,,,,,,,,,,,,,,,,,
Darren Dreifort,LAD,16,37,1,4,2,1,0.027027027,0.54054054,0.151515152,0.333333333,0.151515151,0.176470588,0.303030303,0.2042318845496458,,21.27339756332105,0.1992038823082111,-3.6071895190258463,4.006906032562256,0.1575122282481724,Darren Dreifort,647,113554,33,5,2,2,0,1,0,20,0,0,3,0,0,0.05,0.479500891,6.700498430694024,,,,0.1992038823082111,0.7430362239386932,-3.8480978101585017,-0.4977699816226959,-0.9270420074462892,0.4292720258235931,-5.35699987411499,-0.5139179229736328,1.1485999822616575,,0,-0.454321801662445,0.0209507505480623,16.0,94.2,4.0,11.0,1.0,0.0,0.0,2.0,0.0,0.0,0.0,0.0,0.0,0.0,0.9375,0.0,P,2001,0.18,10,3,,,,,,,,,,,,,,,,,,
Andy Ashby,LAD,3,5,0,1,1,0,0.2,0.0,0.0,0.5,0.5,0.666666666,0.5,0.5303306182225546,,232.36654198064988,-0.0005307471146807,0.8643150238880805,0.5414737462997437,0.1533582266137524,Andy Ashby,637,110351,2,1,1,0,0,1,0,0,0,0,2,0,0,1.0,1.166666666,2.64285714,,,,-0.0005307471146807,1.4796335582017817,0.859210040080539,0.0394559986889362,-0.022911999374628,0.0623679980635643,1.1440000534057615,0.1187216937541961,0.6279997825622559,,0,0.0843809023499488,-0.0215528572064383,2.0,11.2,0.0,1.0,0.0,0.0,0.0,0.0,0.0,0.0,0.0,0.0,0.0,0.0,1.0,0.0,P,2001,0.14,1,0,,,,,,,,,,,,,,,,,,
Mark Johnson,NYM,71,136,6,17,23,0,0.117647058,0.227941176,0.220338983,0.289156626,0.254237288,0.338235294,0.474576271,0.3447711944580078,,110.2563206839344,-0.87306590937078,0.9496582011298776,-3.796407461166382,0.1526850391509485,Mark Johnson,1376,116610,118,30,17,6,1,16,1,31,0,2,0,0,2,0.516129032,0.812811565,3.472974931170538,,,,-0.87306590937078,18.899006790535296,2.0234870976374983,-0.0164922997355461,-2.628593921661377,2.6121020317077637,5.171000003814697,0.4682209193706512,1.1577972173690796,1.4175225496292114,31,0.6337606906890869,-0.6480052401560673,23.0,212.2,111.0,7.0,1.0,0.0,0.0,10.0,0.0,0.0,0.0,0.0,0.0,0.0,2.99082569,-2.0,1B,2001,0.31,56,13,,,,,,,,,,,,,,,,,,
Chan Ho Park,LAD,36,81,0,6,4,0,0.061728395,0.271604938,0.043478261,0.212765957,0.144927536,0.202702702,0.188405797,0.1818175509169295,,6.763950951071743,-0.0031844826880842,-9.871870213977344,8.771875381469727,0.151855020735332,Chan Ho Park,1267,120221,69,10,7,3,0,5,0,22,0,0,7,1,0,0.227272727,0.391108499,2.01785714,,,,-0.0031844826880842,0.0908764213348709,-9.959984572229258,-0.8825260996818542,-1.6055179834365845,0.7229920029640198,-8.729999542236328,-0.8837955594062805,0.9933037757873536,,0,-0.8658615946769714,-0.0226139363682115,35.0,234.0,12.0,40.0,2.0,0.0,0.0,2.0,0.0,0.0,0.0,0.0,0.0,0.0,0.96296296,0.0,P,2001,0.18,13,3,,,,,,,,,,,,,,,,,,
Kurt Abbott,ATL,6,9,0,0,0,1,0.0,0.333333333,0.0,0.333333333,0.222222222,0.222222222,0.222222222,0.1971366802851359,,12.262073045600973,0.1994692558655515,-0.8323896497593812,2.0240054801106453,0.1498323841083001,Kurt Abbott,1000013,110011,9,2,2,0,0,0,0,3,0,0,0,0,0,0.0,0.444444444,5.0,,,,0.1994692558655515,0.126722485351973,-0.9900398472662636,-0.0665440037846565,-0.1202140003442764,0.0536699891090393,-0.2110000103712082,-0.0207076296210289,0.7569599747657776,0.7187600135803223,5,0.0323283821344375,-0.1202379229331395,1.0,10.0,2.0,8.0,0.0,0.0,0.0,0.0,0.0,0.0,0.0,0.0,0.0,0.0,2.0,2.0,2B,2001,0.16,2,0,,,,,,,,,,,,,,,,,,
Chris Michalak,TOR,24,5,0,0,0,0,0.0,0.2,0.666666667,0.5,0.333333333,0.333333333,1.0,0.5203197002410889,,225.61628920048693,0.0,0.7919146083722184,0.5414737462997437,0.1472392714204508,Chris Michalak,1415,136422,3,1,0,0,1,0,0,1,0,0,2,0,0,0.0,1.333333333,2.64285714,,,,0.0,1.4372927286157675,0.8168692104945252,-0.0735320001840591,-0.1055479943752288,0.0320160016417503,-0.6829999685287476,-0.0722469016909599,1.2372020483016968,,0,-0.016014801338315,-0.0434193066838922,18.0,136.2,14.0,30.0,1.0,0.0,0.0,2.0,0.0,0.0,0.0,0.0,0.0,0.0,0.97777778,0.0,P,2001,0.14,3,1,,,,,,,,,,,,,,,,,,
Karim Garcia,CLE,20,50,5,8,9,0,0.06,0.26,0.4,0.321428571,0.311111111,0.36,0.711111111,0.4360849869251251,,171.35102207028888,-0.0026537355734035,4.495482378730103,-4.6310014724731445,0.1472000919449989,Karim Garcia,1537,114588,45,14,6,3,0,3,0,13,1,1,0,1,0,0.23076923,1.071111111,1.08035714,,,,-0.0026537355734035,10.81024936956588,4.606014188353456,-0.0738060176372528,-1.040393948554993,0.9665879607200624,1.6290000677108765,0.1633301079273224,1.153533697128296,,0,0.1712865084409713,-0.2352690499315162,12.0,120.2,18.0,4.0,2.0,0.0,0.0,1.0,0.0,0.0,0.0,0.0,0.0,0.0,2.76666666,-4.0,RF,2001,0.16,32,8,,,,,,,,,,,,,,,,,,
Alex Cintron,ARI,8,7,0,0,0,0,0.0,0.0,0.285714286,0.285714285,0.285714285,0.285714285,0.571428571,0.3497248802866254,,106.07753844679168,-0.0002653735573403,0.0553271249942648,1.080590009689331,0.1356906448526784,Alex Cintron,50,400090,7,2,1,0,1,0,0,0,0,0,0,0,0,0.0,0.857142856,2.64285714,,,,-0.0002653735573403,1.0020750153768043,0.1334820900070647,0.2094200104475021,-0.0191319901496171,0.2285519987344741,-0.3269999623298645,-0.0311527028679847,0.3701142966747284,0.4744000136852264,1,0.0496338978409767,0.5161913413595209,0.0,15.2,2.0,6.0,0.0,0.0,0.0,0.0,0.0,0.0,0.0,0.0,0.0,0.0,1.0,1.0,SS,2001,0.05,4,1,,,,,,,,,,,,,,,,,,
Scott Servais,HOU,11,18,0,1,0,0,0.111111111,0.166666666,0.0,0.461538461,0.375,0.444444444,0.375,0.3739135530259874,,121.8433840788937,-0.0021229884587228,0.5116637209652858,0.2800642848014831,0.1349829961764957,Scott Servais,1011756,122011,16,6,6,0,0,2,0,3,0,0,0,0,0,0.666666666,0.819444444,0.29910714,,,,-0.0021229884587228,2.945062866922368,0.7115382016858952,-0.025321964174509,-0.1426640301942825,0.1173419952392578,0.1570000350475311,0.0189821012318134,0.4820444583892822,0.0593999996781349,2,0.071468099951744,-0.1239984500757152,2.0,32.2,38.0,1.0,0.0,0.0,0.0,0.0,0.0,0.0,0.0,0.0,1.0,0.0,1.0,0.0,C,2001,0.12,6,0,,,,,,,,,,,,,,,,,,
Vicente Padilla,PHI,23,5,0,1,0,0,0.2,0.4,0.333333333,1.0,0.333333333,0.5,0.666666666,0.4864116460084915,,199.97409288186225,-0.0002653735573403,0.6529372420353169,0.5414737462997437,0.1327059033674994,Vicente Padilla,964,218894,3,1,0,1,0,1,0,2,0,0,1,0,0,0.5,1.166666666,2.64285714,,,,-0.0002653735573403,1.2938797920085776,0.673456273887335,-0.003237989032641,-0.021885959431529,0.018648000434041,0.1849999874830246,0.0192002020776271,0.2916800081729889,,0,0.0070058014243841,-0.018106970314645,0.0,34.0,4.0,2.0,0.0,0.0,0.0,1.0,0.0,0.0,0.0,0.0,0.0,0.0,1.0,0.0,P,2001,0.13,2,1,,,,,,,,,,,,,,,,,,
Gene Kingsale,- - -,13,22,0,4,1,3,0.09090909,0.181818181,0.0,0.333333333,0.263157894,0.363636363,0.263157894,0.2989436469294808,,86.40895694197626,0.1655900427140295,-0.3003016584774016,0.8542524166405201,0.1310554744812213,Gene Kingsale,1085,117094,19,5,5,0,0,2,0,4,1,0,0,1,1,0.5,0.626794257,6.653093188813101,,,,0.1655900427140295,2.2043577907385767,-0.5255056889948904,-0.1895981356501579,-0.3916280046105385,0.2020299881696701,0.8439998626708984,0.0902716964483261,0.7515629949393096,,0,0.1706764250993728,-0.4229482066091429,4.0,51.0,13.0,0.0,0.0,0.0,0.0,0.0,0.0,0.0,0.0,0.0,0.0,0.0,3.0,1.0,LF,2001,0.32,5,0,,,,,,,,,,,,,,,,,,
Cesar Izturis,TOR,46,140,2,19,9,8,0.014285714,0.107142857,0.119402985,0.29059829,0.268656716,0.279411764,0.388059701,0.2868364505908068,,68.97408187843172,1.1602825864683837,-4.316368433397761,0.7870367765426636,0.1301286890524379,Cesar Izturis,656,285131,134,36,26,6,2,2,0,15,0,0,4,0,1,0.133333333,0.667471465,8.442107654321836,,,,1.1602825864683837,12.593936346953235,-4.777922160441554,-0.9571539163589478,-2.517564058303833,1.5604100227355957,-6.376999855041504,-0.6309826970100403,0.8839997053146362,,0,-0.5471936464309692,-0.5355600135584018,40.0,357.0,72.0,122.0,3.0,0.0,0.0,28.0,0.0,0.0,0.0,0.0,0.0,0.0,1.95245139,0.0,2B,2001,0.35,52,10,,,,,,,,,,,,,,,,,,
Jeff Abbott,FLA,28,46,0,5,5,0,0.065217391,0.152173913,0.071428572,0.314285714,0.261904761,0.326086956,0.333333333,0.2971150343832762,,79.4040021709798,-0.0031844826880842,-1.241214308582075,1.0051438370719552,0.1265045626186167,Jeff Abbott,1000011,110010,42,11,8,3,0,3,0,7,1,0,0,1,0,0.428571428,0.659420289,1.74999999625,,,,-0.0031844826880842,4.537958454879172,-1.1699379118362592,0.0731960237026214,-0.848475992679596,0.9216720461845398,-0.4359999895095825,-0.0288300104439258,1.1361650228500366,1.3666666746139526,9,-0.0208448991179466,0.0852686599542126,8.0,85.2,26.0,0.0,1.0,0.0,0.0,0.0,0.0,0.0,0.0,0.0,0.0,0.0,1.95652174,1.0,CF,2001,0.03,14,3,,,,,,,,,,,,,,,,,,
Darryl Kile,STL,34,81,1,5,4,0,0.061728395,0.407407407,0.098591549,0.216216216,0.126760563,0.184210526,0.225352112,0.1844363283169897,,4.261221645241867,-0.0023883620160631,-10.135978593674718,8.771875381469727,0.1260507399743879,Darryl Kile,1163,117046,71,9,4,4,0,5,0,33,0,0,5,0,0,0.151515151,0.409562638,1.44093405875,,,,-0.0023883620160631,0.270308074532313,-9.780552919031816,-0.965820014476776,-1.551501989364624,0.5856819748878479,-10.67199993133545,-1.049906849861145,0.8548247814178467,,0,-0.9837601184844972,-0.1460854773285165,34.0,227.1,11.0,29.0,2.0,0.0,0.0,2.0,0.0,0.0,0.0,0.0,0.0,0.0,0.95238095,0.0,P,2001,0.1,16,5,,,,,,,,,,,,,,,,,,
Mike Matheny,STL,121,424,7,40,42,0,0.066037735,0.179245283,0.086614173,0.252491694,0.217847769,0.276442307,0.304461942,0.2546840779972772,,49.73462229673676,-0.4564359714859165,-28.30643891336613,15.530521392822266,0.1252972974604903,Mike Matheny,1169,118414,381,83,64,12,0,28,5,76,4,3,8,11,1,0.368421052,0.580904249,1.7305202392355905,,,,-0.4564359714859165,26.609909179415716,-26.00200515726565,-1.4380741119384766,-6.859766006469727,5.42169189453125,-23.433000564575195,-2.2605156898498535,0.8900628685951233,,0,-2.5045557022094727,0.8888562244766973,117.0,1009.0,779.0,69.0,4.0,0.0,0.0,11.0,0.0,0.0,0.0,0.0,6.0,34.0,1.9952662700000001,7.0,C,2001,-0.45,116,19,,,,,,,,,,,,,,,,,,
Bruce Aven,LAD,21,26,1,3,2,0,0.0,0.192307692,0.208333333,0.388888888,0.333333333,0.384615384,0.541666666,0.3987775055261758,,147.20840627068333,-0.0018576149013824,1.6020639465588824,-1.1543209552764893,0.124690540863714,Bruce Aven,366,110394,24,8,5,2,0,0,0,5,2,0,0,0,0,0.0,0.92628205,1.30357142125,,,,-0.0018576149013824,4.8008180548951715,1.5746157606647098,-0.1279460340738296,-0.6067860126495361,0.4788399040699005,2.319999933242798,0.2102407664060592,1.2090307474136353,1.7543538808822632,13,0.237560898065567,-0.343386191878427,1.0,30.0,5.0,0.0,0.0,0.0,0.0,0.0,0.0,0.0,0.0,0.0,0.0,0.0,2.0,-1.0,LF,2001,0.16,13,3,,,,,,,,,,,,,,,,,,
Darren Oliver,TEX,28,8,0,0,0,0,0.0,0.25,0.166666667,0.5,0.333333333,0.333333333,0.5,0.3548141419887543,,112.05732860198268,-0.0002653735573403,0.1213541994280046,0.8663580417633057,0.1236431828353845,Darren Oliver,206,119984,6,2,1,1,0,0,0,2,0,0,2,0,0,0.0,0.833333333,0.14285714,,,,-0.0002653735573403,1.1796683577181637,0.1869907287241755,-0.1011620014905929,-0.1314219981431961,0.0302600003778934,-1.7079999446868896,-0.1763356029987335,0.9082748889923096,,0,-0.065971702337265,-0.0454064748166004,28.0,154.0,7.0,26.0,0.0,0.0,0.0,1.0,0.0,0.0,0.0,0.0,0.0,0.0,1.0,0.0,P,2001,0.12,3,1,,,,,,,,,,,,,,,,,,
Geronimo Gil,BAL,17,66,0,3,6,0,0.075757575,0.106060606,0.034482758,0.333333333,0.293103448,0.369230769,0.327586206,0.3196386483999399,,96.817240322026,-0.0058382182614877,-0.2706944361897105,-0.7139917612075806,0.1231075638993498,Geronimo Gil,142,282594,58,17,15,2,0,5,0,7,2,0,1,1,0,0.714285714,0.696816975,0.370129865,,,,-0.0058382182614877,7.768453390769668,-0.4211370484307328,0.0292120035737752,-0.8181160092353821,0.8473280072212219,0.4740000963211059,0.067323051393032,0.9649230241775512,,0,-0.248888224363327,0.2791621455382042,17.0,150.0,121.0,10.0,2.0,0.0,0.0,1.0,0.0,0.0,0.0,0.0,5.0,6.0,0.98496241,-2.0,C,2001,0.1,19,2,,,,,,,,,,,,,,,,,,
Ron Gant,- - -,93,292,10,46,35,5,0.119863013,0.273972602,0.194444445,0.333333333,0.257936507,0.344827586,0.452380952,0.3419225066900253,,93.58221432624276,0.5486061410047114,-1.9203515226753352,-6.531892538070679,0.1222156926497612,Ron Gant,1032,114567,252,65,39,13,3,35,2,80,0,3,2,0,1,0.4375,0.797208538,6.325689935340072,,,,0.5486061410047114,39.887348077093634,3.654614618813068,-0.2131020426750183,-4.6837639808654785,4.470661878585815,-1.8459994792938232,-0.2730783224105835,0.8880406804382801,1.0112923567111676,13,-0.3521247766911983,0.1121559921870416,56.0,461.0,85.0,2.0,3.0,0.0,0.0,0.0,0.0,0.0,0.0,0.0,0.0,0.0,0.96666667,-2.0,LF,2001,0.35,114,26,,,,,,,,,,,,,,,,,,
Charles Nagy,CLE,15,2,0,1,0,0,0.0,0.0,0.0,1.0,1.0,1.0,1.0,0.8871150612831116,,473.9438055863991,-0.0002653735573403,0.9427064790231364,0.2165895104408264,0.1200522240439129,Charles Nagy,397,119640,1,1,1,0,0,0,0,0,0,0,1,0,0,0.0,2.0,2.64285714,,,,-0.0002653735573403,1.195456382790972,0.9472869755424748,0.0150239998474717,-0.0235959999263286,0.0386199988424778,0.0649999976158142,0.0059442101046442,1.263700008392334,,0,0.0236620996147394,-0.0117732021329825,13.0,70.1,9.0,12.0,1.0,0.0,0.0,1.0,0.0,0.0,0.0,0.0,0.0,0.0,0.95454545,0.0,P,2001,0.11,1,0,,,,,,,,,,,,,,,,,,
Yorvit Torrealba,SFG,3,4,0,0,2,0,0.0,0.0,0.5,0.5,0.5,0.5,1.0,0.6120185405015945,,283.3482314972546,-0.0002653735573403,0.9580912640553052,0.1028806567192077,0.1164668726549272,Yorvit Torrealba,1135,150275,4,2,1,0,1,0,0,0,0,0,0,0,0,0.0,1.5,2.64285714,,,,-0.0002653735573403,1.4601038285649466,0.9637650140679526,0.1707800030708313,-0.0410399995744228,0.2118199914693832,1.6649999618530271,0.1761907935142517,0.9675024747848512,,0,0.1181527972221374,0.0583635503032873,1.0,12.0,8.0,0.0,0.0,0.0,0.0,0.0,0.0,0.0,0.0,0.0,0.0,0.0,1.0,0.0,C,2001,0.11,4,1,,,,,,,,,,,,,,,,,,
Randy Wolf,PHI,28,53,0,2,2,0,0.056603773,0.245283018,0.0,0.25,0.177777777,0.229166666,0.177777777,0.1918448098003864,,9.29245791849718,-0.0029191091307438,-6.2850894350302715,5.739622116088867,0.1163899049514675,Randy Wolf,976,150116,45,8,8,0,0,3,0,13,0,0,5,1,0,0.23076923,0.406944443,0.6542207712499999,,,,-0.0029191091307438,0.5090077441092273,-6.067481547975944,-0.9732778668403624,-1.175529956817627,0.2022520005702972,-12.097000122070312,-1.2005096673965454,1.0195738077163696,,0,-0.721138596534729,-0.2334542534133289,25.0,163.0,4.0,19.0,1.0,0.0,0.0,2.0,0.0,0.0,0.0,0.0,0.0,0.0,0.95833333,0.0,P,2001,0.1,8,0,,,,,,,,,,,,,,,,,,
Orlando Merced,HOU,94,153,6,19,29,5,0.091503267,0.209150326,0.189781022,0.3,0.262773722,0.333333333,0.452554744,0.3367926274475298,,97.81393503510176,0.5578942155116238,0.1208303188559134,-3.9173523783683777,0.112019319026261,Orlando Merced,1393,118958,137,36,23,6,1,14,1,32,1,1,0,3,1,0.4375,0.785888077,5.612415721525357,,,,0.5578942155116238,20.22878344208035,1.2438237875703255,0.4270540475845337,-3.362800121307373,3.789854049682617,0.0480001978576183,0.00313327065669,1.1282724142074585,1.572049260139465,65,-0.2428110837936401,0.6213136884899649,20.0,183.0,39.0,1.0,1.0,0.0,0.0,0.0,0.0,0.0,0.0,0.0,0.0,0.0,2.96551724,-3.0,RF,2001,-0.06,62,13,,,,,,,,,,,,,,,,,,
Carlos Pena,TEX,22,72,3,6,12,0,0.138888888,0.236111111,0.241935484,0.309523809,0.258064516,0.361111111,0.5,0.3695894363853667,,121.96996572513902,-0.0047767240321263,1.9896783865296168,-3.325445771217346,0.1091610166200458,Carlos Pena,934,150289,62,16,8,4,1,10,0,17,0,0,0,1,0,0.588235294,0.861111111,2.8330745275,,,,-0.0047767240321263,11.516894173157109,2.5827955122112183,-0.4284981787204742,-1.4097659587860107,0.981268048286438,1.768000245094299,0.1748203188180923,0.975700318813324,1.525879979133606,5,0.0999206006526947,-0.539090467114998,16.0,142.0,139.0,15.0,2.0,0.0,0.0,13.0,0.0,0.0,0.0,0.0,0.0,0.0,0.98717949,-2.0,1B,2001,0.25,31,8,,,,,,,,,,,,,,,,,,
Pat Borders,SEA,5,7,0,1,0,0,0.0,0.142857142,0.0,0.6,0.5,0.5,0.5,0.4435575306415558,,180.28487714121349,-0.000796120672021,0.7077925060245636,0.1628943681716919,0.1088168641186158,Pat Borders,1068,111232,6,3,3,0,0,0,0,1,0,0,1,0,0,0.0,1.0,1.60119047125,,,,-0.000796120672021,1.5576817211647014,0.6890887957949619,-0.0841099917888641,-0.0878539979457855,0.00374402012676,-0.1269999891519546,-0.0141738057136535,0.6839156746864319,0.0900000035762786,1,0.0062226988375186,-0.1292056847552309,1.0,19.0,10.0,2.0,1.0,0.0,0.0,0.0,0.0,0.0,0.0,0.0,0.0,0.0,0.92307692,0.0,C,2001,0.11,3,0,,,,,,,,,,,,,,,,,,
Chad Meyers,CHC,18,23,0,1,0,0,0.086956521,0.217391304,0.0,0.166666666,0.117647058,0.347826086,0.117647058,0.2659003941909126,,57.13674301563313,-0.4344099662266671,-1.7226697296558997,2.034865040332079,0.1087321923935363,Chad Meyers,1787,150039,17,2,2,0,0,2,0,5,4,0,0,0,1,0.4,0.465473144,2.7232142857142856,,,,-0.4344099662266671,1.6616815438770571,-1.1922666394806585,-0.0883398428559303,-0.2194260209798813,0.1310860216617584,-2.0209999084472656,-0.2096794098615646,0.4816666841506958,0.5522000193595886,8,-0.1319456994533538,-0.0514588119292354,2.0,28.1,6.0,10.0,0.0,0.0,0.0,1.0,0.0,0.0,0.0,0.0,0.0,0.0,3.0,2.0,2B,2001,0.07,2,0,,,,,,,,,,,,,,,,,,
Kyle Lohse,MIN,19,5,0,0,1,0,0.0,0.4,0.2,0.666666666,0.4,0.4,0.6,0.4257769703865051,,162.27575350272022,-0.0002653735573403,0.3923356120320374,0.5414737462997437,0.1081990538417702,Kyle Lohse,739,346798,5,2,1,1,0,0,0,2,0,0,0,0,0,0.0,1.0,0.14285714,,,,-0.0002653735573403,1.0374275393513368,0.4170040212300943,-0.072220042347908,-0.0752239972352981,0.003004000056535,0.6449999809265137,0.0614938996732234,0.3984000086784363,,0,0.0051506981253623,-0.1864259008731604,16.0,90.1,9.0,12.0,1.0,0.0,0.0,2.0,0.0,0.0,0.0,0.0,0.0,0.0,0.95454545,0.0,P,2001,0.11,3,1,,,,,,,,,,,,,,,,,,
Mario Valdez,OAK,32,67,1,7,8,0,0.179104477,0.268656716,0.074074074,0.4,0.277777777,0.417910447,0.351851851,0.3520087762312455,,117.17692430909,-0.0066343389335088,1.4444163871274354,-2.647805094718933,0.1074287573993201,Mario Valdez,1013314,123603,54,15,13,1,0,12,1,18,1,0,0,0,0,0.666666666,0.769762298,0.9601648275,,,,-0.0066343389335088,9.720728856806833,1.4070537139821822,0.4650039672851562,-1.019948124885559,1.4849519729614258,4.205000400543213,0.4443936347961426,1.1107468605041504,1.1034666299819946,9,0.1576350629329681,0.2610057487764598,5.0,59.0,25.0,1.0,0.0,0.0,0.0,3.0,0.0,0.0,0.0,0.0,0.0,0.0,2.0,-1.0,LF,2001,0.16,19,2,,,,,,,,,,,,,,,,,,
Danny Graves,CIN,66,4,1,1,2,0,0.0,0.5,0.75,0.0,0.25,0.25,1.0,0.4955593943595886,,201.84716679422183,0.0,0.5323526031433045,0.4331790208816528,0.1071420332989957,Danny Graves,326,115056,4,1,0,0,0,0,0,2,0,0,0,0,0,0.0,1.25,0.14285714,,,,0.0,1.0660559005199373,0.5697170860229431,0.0368000194430351,-0.0836899951100349,0.1204899996519088,0.2089999616146087,0.0045303981751203,1.0984500646591189,,0,0.0273812003433704,0.0061205678543994,0.0,80.1,6.0,21.0,0.0,0.0,0.0,0.0,0.0,0.0,0.0,0.0,0.0,0.0,1.0,0.0,P,2001,0.11,4,1,,,,,,,,,,,,,,,,,,
Josh Beckett,FLA,4,9,0,1,0,0,0.0,0.111111111,0.142857143,0.333333333,0.285714285,0.285714285,0.428571428,0.3041264074189322,,83.94266677758341,-0.0002653735573403,-0.1891107550392756,0.9746527671813964,0.1055643557870457,Josh Beckett,510,277417,7,2,1,1,0,0,0,1,0,0,2,0,0,0.0,0.714285713,2.64285714,,,,-0.0002653735573403,0.9412392821475968,-0.1755230504706399,-0.0585339963436126,-0.0958020091056823,0.0372679978609085,-0.9490000009536744,-0.0973744019865989,0.678466796875,,0,-0.0538975335657596,-0.0323763955538652,4.0,24.0,0.0,6.0,0.0,0.0,0.0,0.0,0.0,0.0,0.0,0.0,0.0,0.0,1.0,0.0,P,2001,0.12,3,1,,,,,,,,,,,,,,,,,,
Alfonso Soriano,NYY,158,614,18,77,73,43,0.04723127,0.203583061,0.163763067,0.311926605,0.268292682,0.304418985,0.432055749,0.3159090649281703,,92.93911219588271,2.5132185033871792,-2.953038818411706,-16.842370748519897,0.1053084846554942,Alfonso Soriano,847,150093,574,154,99,34,3,29,0,125,3,5,3,7,14,0.232,0.736474734,6.583181503163582,,,,2.5132185033871792,70.3330924630522,-5.854915562236393,-2.490990161895752,-11.82310962677002,9.332119941711426,-13.026800155639648,-1.3174883127212524,0.9660038948059082,,0,-0.6205199956893921,-1.9581343713266413,156.0,1384.1,319.0,366.0,19.0,0.0,0.0,93.0,0.0,0.0,0.0,0.0,0.0,0.0,0.97301136,-19.0,2B,2001,-0.02,248,55,,,,,,,,,,,,,,,,,,
Wayne Gomes,PHI,42,2,0,0,1,0,0.5,0.0,0.0,1.0,1.0,1.0,1.0,0.7954959273338318,,400.0532900626169,-0.0005307471146807,0.7836547883027342,0.2165895104408264,0.1041304126620662,Wayne Gomes,191,114908,1,1,1,0,0,1,0,0,0,0,0,0,0,1.0,2.0,0.14285714,,,,-0.0005307471146807,1.0404564059837829,0.792286998735286,0.0094579802826046,0.0,0.0094579998403787,0.9819999933242798,0.1022858992218971,0.0786000043153762,,0,0.1034009009599685,0.0169296303801481,0.0,63.0,2.0,5.0,0.0,0.0,0.0,0.0,0.0,0.0,0.0,0.0,0.0,0.0,1.0,0.0,P,2001,0.1,1,0,,,,,,,,,,,,,,,,,,
Elvis Pena,MIL,15,48,0,5,6,2,0.125,0.125,0.05,0.257142857,0.225,0.333333333,0.275,0.2843757731219132,,67.05356734039891,0.3962847761576995,-1.6702374150067911,1.1388888359069824,0.1040580603663493,Elvis Pena,1010143,341392,40,9,7,2,0,6,0,6,1,1,0,3,0,1.0,0.608333333,5.234162864099034,,,,0.3962847761576995,4.2180104750418685,-1.7380552989220592,0.1034700199961662,-0.5765220522880554,0.6799920201301575,-0.5459998250007629,0.0080397091805934,0.7511079907417297,0.4799499809741974,4,-0.1056942045688629,0.2434507206378613,8.0,81.0,14.0,36.0,1.0,0.0,0.0,7.0,0.0,0.0,0.0,0.0,0.0,0.0,0.98039216,1.0,2B,2001,0.14,11,2,,,,,,,,,,,,,,,,,,
Andres Galarraga,- - -,121,445,17,50,69,1,0.069662921,0.262921348,0.203007519,0.317164179,0.255639097,0.325842696,0.458646616,0.336163879382691,,101.3408130918033,-1.122602165385615,-0.1825378979322511,-13.75743293762207,0.102989832762797,Andres Galarraga,1390,114526,399,102,56,28,1,31,2,117,12,3,0,12,3,0.264957264,0.784489312,2.4188119011251357,,,,-1.122602165385615,58.60746965670269,3.389776543912104,-0.0933622121810913,-9.154004096984863,9.060641765594482,-2.371000289916992,-0.0719807147979736,1.0704818606901798,1.7130000392595928,18,0.1076003313064575,-0.1948154590068906,61.0,542.2,482.0,29.0,6.0,0.0,0.0,64.0,0.0,0.0,0.0,0.0,0.0,0.0,0.98839458,-5.0,1B,2001,0.07,183,46,,,,,,,,,,,,,,,,,,
Pete Harnisch,CIN,8,12,0,2,0,0,0.0,0.416666666,0.090909091,0.5,0.272727272,0.272727272,0.363636363,0.2741818102923306,,58.54305212340996,-0.0005307471146807,-0.6506140478628493,1.2995370626449585,0.1018209676004911,Pete Harnisch,1005374,115487,11,3,2,1,0,0,0,5,0,0,1,0,0,0.0,0.636363635,2.64285714,,,,-0.0005307471146807,0.9510265913817294,-0.5379898521092525,-0.1217099949717521,-0.2117000073194503,0.0899900048971176,-1.305999994277954,-0.1295682191848755,0.9152000546455384,,0,-0.0830584838986396,-0.0499288278415143,7.0,35.1,3.0,1.0,0.0,0.0,0.0,0.0,0.0,0.0,0.0,0.0,0.0,0.0,1.0,0.0,P,2001,0.1,4,1,,,,,,,,,,,,,,,,,,
Rusty Greer,TEX,62,279,7,38,29,1,0.096774193,0.11469534,0.179591837,0.284360189,0.273469387,0.341726618,0.453061224,0.3404110233275899,,102.39438146215323,-0.6815578602254391,0.1607288239613677,-8.695472717285156,0.0988670405820875,Rusty Greer,1252,115114,245,67,37,23,0,27,1,32,1,5,1,5,2,0.84375,0.794787842,2.375248461414677,,,,-0.6815578602254391,37.74173805174386,3.122105740578523,-1.1071977615356443,-5.148761749267578,4.041563987731934,-4.3094000816345215,-0.380585104227066,0.9795311093330384,0.2437999993562698,1,-0.4193753898143768,-0.7109590640750298,59.0,503.0,124.0,2.0,5.0,0.0,0.0,0.0,0.0,0.0,0.0,0.0,0.0,0.0,0.96183206,-6.0,LF,2001,0.28,111,30,,,,,,,,,,,,,,,,,,
Wally Joyner,ANA,53,161,3,14,14,1,0.080745341,0.111801242,0.108108108,0.259842519,0.243243243,0.304347826,0.351351351,0.2908014022045254,,74.51779262889295,-0.2429019170813262,-5.415697445860791,0.735828161239624,0.0981472130426749,Wally Joyner,1006637,116780,148,36,27,5,1,13,0,18,0,0,0,3,1,0.722222222,0.655699177,2.995191430248783,,,,-0.2429019170813262,15.023008724441096,-4.9546285590629155,-1.262109875679016,-3.5879619121551514,2.3258519172668457,-8.39799976348877,-0.8683868646621704,1.0810861587524414,1.0905427932739258,7,-0.5675873756408691,-0.5998587760474232,31.0,267.1,270.0,18.0,1.0,0.0,0.0,27.0,0.0,0.0,0.0,0.0,0.0,0.0,0.99653979,4.0,1B,2001,-0.07,52,9,,,,,,,,,,,,,,,,,,
Kerry Wood,CHC,29,62,0,3,2,0,0.016129032,0.241935483,0.020833333,0.272727272,0.1875,0.204081632,0.208333333,0.1845421851897726,,4.471220617624336,-0.0023883620160631,-7.741949880422754,6.714274883270264,0.0980908339818221,Kerry Wood,304,134268,48,9,8,1,0,1,0,15,0,0,13,0,0,0.066666666,0.412414965,1.39285714,,,,-0.0023883620160631,0.2124541795493939,-7.480797445154013,-0.6027259826660156,-1.1533939838409424,0.5506680011749268,-7.416999816894531,-0.7606319785118103,1.0232748985290527,,0,-0.6673656105995178,0.0783489313743867,28.0,174.1,11.0,22.0,1.0,0.0,0.0,1.0,0.0,0.0,0.0,0.0,0.0,0.0,0.97058824,0.0,P,2001,0.21,10,1,,,,,,,,,,,,,,,,,,
Erick Almonte,NYY,8,4,0,0,0,2,0.0,0.25,0.25,0.666666666,0.5,0.5,0.75,0.5322212129831314,,238.0613528390816,0.3997346324031241,1.0960316038279172,-0.2726337313652038,0.094018933650357,Erick Almonte,808,400095,4,2,1,1,0,0,0,1,0,0,0,0,0,0.0,1.25,5.0,,,,0.3997346324031241,1.1901038104140509,0.6937649959170569,0.0561099983751773,-0.0121200233697891,0.0682300254702568,0.8330000042915344,0.0778452605009079,0.5391333103179932,,0,0.0827495008707046,0.0213249410184125,0.0,10.0,4.0,3.0,1.0,0.0,0.0,1.0,0.0,0.0,0.0,0.0,0.0,0.0,0.875,0.0,SS,2001,0.08,3,1,,,,,,,,,,,,,,,,,,
LeJon Powell,SFG,13,6,0,5,0,0,0.0,0.0,0.0,0.333333333,0.333333333,0.333333333,0.333333333,0.2957050204277038,,78.58933893103479,-0.0005307471146807,-0.1684002350030168,0.902263566851616,0.0932070472184097,LeJon Powell,1010483,120720,6,2,2,0,0,0,0,0,0,0,0,0,0,0.0,0.666666666,2.64285714,,,,-0.0005307471146807,0.5847512985401155,-0.1597569232053755,0.0180240198969841,-0.0275940001010894,0.0456180199980735,-0.2360000163316726,-0.0262180995196104,0.3184998631477356,0.0099999997764825,1,0.0002405899576842,0.0563497637048028,1.0,20.1,8.0,0.0,0.0,0.0,0.0,0.0,0.0,0.0,0.0,0.0,0.0,0.0,2.0,1.0,RF,2001,0.13,2,0,,,,,,,,,,,,,,,,,,
Odalis Perez,ATL,24,29,0,1,1,0,0.0,0.206896551,0.038461538,0.25,0.192307692,0.222222222,0.23076923,0.2045800509276213,,17.080382200894775,-0.0013268677867017,-3.1436129949243887,3.140547752380371,0.09254642540888,Odalis Perez,668,136602,26,5,4,1,0,0,0,6,1,0,2,1,0,0.0,0.452991452,0.76785714,,,,-0.0013268677867017,0.590920577121232,-3.007535827981975,-0.344868004322052,-0.6270099878311157,0.2821420133113861,-2.6579999923706055,-0.281137466430664,1.0487380027770996,,0,-0.184073269367218,-0.1447676836723666,16.0,95.1,5.0,11.0,0.0,0.0,0.0,0.0,0.0,0.0,0.0,0.0,0.0,0.0,1.0,0.0,P,2001,0.15,6,1,,,,,,,,,,,,,,,,,,
Brad Radke,MIN,33,4,0,0,0,0,0.0,0.0,0.0,0.5,0.5,0.5,0.5,0.4435575306415558,,174.20460154619087,-0.0005307471146807,0.3737118505412957,0.4331790208816528,0.0924061438939723,Brad Radke,748,120878,4,2,2,0,0,0,0,0,0,0,0,0,0,0.0,1.0,0.14285714,,,,-0.0005307471146807,0.8901038406655437,0.3937650261685496,0.0607479996979236,-0.0313720181584358,0.0921199992299079,0.4320000112056732,0.043589599430561,0.9053000211715698,,0,0.0200908295810222,0.0470117864327366,33.0,226.0,13.0,44.0,1.0,0.0,0.0,4.0,0.0,0.0,0.0,0.0,0.0,0.0,0.98275862,0.0,P,2001,0.09,2,0,,,,,,,,,,,,,,,,,,
Scott Schoeneweis,ANA,32,2,0,0,0,0,1.0,0.0,0.0,0.0,0.0,1.0,0.0,0.703876793384552,,351.6470563417198,-0.0005307471146807,0.6340461261212853,0.2165895104408264,0.0898950650201145,Scott Schoeneweis,33,150011,0,0,0,0,0,2,0,0,0,0,0,0,0,2.0,1.0,0.14285714,,,,-0.0005307471146807,0.8854564291765941,0.637287021928097,0.0542800016701221,0.0,0.0542800016701221,0.4490000009536743,0.0475132018327713,0.9110000133514404,,0,0.0629310011863708,-0.0033481242658385,32.0,205.1,11.0,36.0,0.0,0.0,0.0,5.0,0.0,0.0,0.0,0.0,0.0,0.0,1.0,0.0,P,2001,0.08,0,0,,,,,,,,,,,,,,,,,,
Trey Moore,ATL,2,1,0,0,0,0,0.0,0.0,1.0,1.0,1.0,1.0,2.0,1.241769790649414,,688.4833068589037,0.0,0.7689968954798925,0.1082947552204132,0.0889159405557424,Trey Moore,1009130,134340,1,1,0,1,0,0,0,0,0,0,0,0,0,0.0,3.0,0.14285714,,,,0.0,0.8977281611439931,0.7736434575197446,0.0026499999221414,0.0,0.002649979898706,0.2150000035762787,0.0225722007453441,0.0439999997615814,,0,0.0602273009717464,-2.9687638875008915e-08,0.0,4.0,0.0,0.0,0.0,0.0,0.0,0.0,0.0,0.0,0.0,0.0,0.0,0.0,0.0,0.0,P,2001,0.09,2,1,,,,,,,,,,,,,,,,,,
Ruben Quevedo,MIL,10,20,0,1,1,0,0.0,0.4,0.0,0.5,0.25,0.25,0.25,0.2217787653207779,,26.532713244989445,-0.0010614942293614,-1.9211198807786265,2.1658949851989746,0.0879470165059321,Ruben Quevedo,705,275935,16,4,4,0,0,0,0,8,0,0,4,0,0,0.0,0.5,1.08035714,,,,-0.0010614942293614,0.6984968910367182,-1.783197181448252,-0.283686101436615,-0.4397180080413818,0.156031996011734,-3.174999952316284,-0.3068011105060577,1.1474515199661257,,0,-0.2619587779045105,0.014727329341882,10.0,56.2,6.0,4.0,0.0,0.0,0.0,0.0,0.0,0.0,0.0,0.0,0.0,0.0,1.0,0.0,P,2001,0.11,4,0,,,,,,,,,,,,,,,,,,
Eric Gagne,LAD,33,51,1,3,2,0,0.019607843,0.25490196,0.159090909,0.166666666,0.136363636,0.155555555,0.295454545,0.1889965150091383,,11.41110209702958,-0.4330830984399654,-6.336995613944607,5.5230326652526855,0.0837538088377047,Eric Gagne,650,150378,44,6,2,2,1,1,0,13,0,0,6,2,1,0.076923076,0.4510101,6.020298577324823,,,,-0.4330830984399654,0.3669229139253666,-5.9613969709113075,-0.9451220631599426,-1.2951359748840332,0.3500140011310577,-11.121999740600586,-1.1226311922073364,1.114222526550293,,0,-0.6237661838531494,-0.2244683838737331,24.0,151.2,10.0,11.0,1.0,0.0,0.0,0.0,0.0,0.0,0.0,0.0,0.0,0.0,0.95454545,0.0,P,2001,0.06,13,4,,,,,,,,,,,,,,,,,,
Juan Acevedo,FLA,20,4,0,1,0,0,0.0,0.0,0.333333333,0.333333333,0.333333333,0.333333333,0.666666666,0.4139232635498047,,155.0173481992256,0.0,0.2875743081894058,0.4331790208816528,0.0832263671076652,Juan Acevedo,458,110032,3,1,0,1,0,0,0,0,0,0,1,0,0,0.0,0.999999999,2.64285714,,,,0.0,0.7898341586914199,0.2934953441944259,-0.0331399999558925,-0.0525999888777732,0.0194600000977516,-0.1340000033378601,-0.0128924995660781,0.7631999850273132,,0,0.0034604016691446,-0.0468828343290542,0.0,60.1,3.0,6.0,1.0,0.0,0.0,1.0,0.0,0.0,0.0,0.0,0.0,0.0,0.9,0.0,P,2001,0.09,2,1,,,,,,,,,,,,,,,,,,
Luke Prokopec,LAD,30,43,0,1,0,0,0.0,0.302325581,0.027777778,0.304347826,0.194444444,0.194444444,0.222222222,0.1823461155096689,,7.1061061034464235,-0.0015922413440421,-5.221298480866101,4.656674385070801,0.0825023921277855,Luke Prokopec,1320,150389,36,7,6,1,0,0,0,13,0,0,7,0,0,0.0,0.416666666,0.4107142775,,,,-0.0015922413440421,0.0674687303895165,-5.268173525453169,-0.3520980477333069,-0.6238839626312256,0.2717860043048858,-5.014999866485596,-0.5090488195419312,0.8509718179702759,,0,-0.419869989156723,0.006110049875625,22.0,138.1,8.0,15.0,2.0,0.0,0.0,2.0,0.0,0.0,0.0,0.0,0.0,0.0,0.92,0.0,P,2001,0.17,8,1,,,,,,,,,,,,,,,,,,
Jason Johnson,BAL,32,4,0,0,0,0,0.25,0.5,0.0,1.0,0.333333333,0.5,0.333333333,0.3977479636669159,,149.2202095892419,-0.0005307471146807,0.2477058677316806,0.4331790208816528,0.0800949337699176,Jason Johnson,147,116595,3,1,1,0,0,1,0,2,0,0,0,0,0,0.5,0.833333333,0.14285714,,,,-0.0005307471146807,0.7351038638583547,0.2387650493613607,0.0304200015962123,-0.0245880000293254,0.0550080016255378,0.0680000185966491,0.006792701780796,0.6226000189781189,,0,0.0200748965144157,0.0287847255044545,32.0,196.0,4.0,16.0,4.0,0.0,0.0,1.0,0.0,0.0,0.0,0.0,0.0,0.0,0.83333333,0.0,P,2001,0.07,1,0,,,,,,,,,,,,,,,,,,
Aaron Fultz,SFG,66,5,0,1,0,0,0.0,0.0,0.0,0.4,0.4,0.4,0.4,0.3548460245132446,,116.87302183836296,-0.0005307471146807,0.1097128337977726,0.5414737462997437,0.0796310438631507,Aaron Fultz,1113,150269,5,2,2,0,0,0,0,0,0,0,0,0,0,0.0,0.8,2.64285714,,,,-0.0005307471146807,0.7374275696028296,0.1170040514815871,0.0243560299277305,-0.0177839994430542,0.0421399995684623,-0.5690000057220459,-0.056140698492527,0.3052000105381012,,0,-0.0126756019890308,0.092479104894513,0.0,71.0,4.0,14.0,0.0,0.0,0.0,1.0,0.0,0.0,0.0,0.0,0.0,0.0,1.0,0.0,P,2001,0.06,2,0,,,,,,,,,,,,,,,,,,
Curtis Pride,MON,36,87,1,8,9,3,0.103448275,0.252873563,0.105263157,0.339622641,0.25,0.344827586,0.355263157,0.3159755255984164,,83.39371828115267,-0.2712082855287008,-2.159121787309357,0.0860752463340759,0.0782907031607413,Curtis Pride,1762,120766,76,19,14,3,1,9,0,22,2,0,0,4,2,0.409090909,0.700090743,5.515919120999814,,,,-0.2712082855287008,9.970654935616825,-0.8247142796927964,-0.2133198976516723,-1.6708619594573977,1.4575419425964355,-3.2625999450683594,-0.3120612204074859,0.9543274641036988,0.9801999926567078,15,-0.0371106602251529,-0.1864183753266235,13.0,139.2,32.0,1.0,0.0,0.0,0.0,0.0,0.0,0.0,0.0,0.0,0.0,0.0,3.0,1.0,LF,2001,-0.15,27,5,,,,,,,,,,,,,,,,,,
Wilton Guerrero,CIN,60,147,1,16,8,5,0.020408163,0.115646258,0.070422535,0.379032258,0.338028169,0.351724137,0.408450704,0.3326578863735857,,96.3963078970449,0.1237496228422969,-0.568488401668122,-3.3587107062339783,0.0777456090512974,Wilton Guerrero,1378,115224,142,48,41,5,1,3,0,17,0,0,2,1,2,0.176470588,0.760174841,5.214811278775076,,,,0.1237496228422969,18.92135815408083,0.6809067213163023,0.2726479768753052,-2.321755886077881,2.5944039821624756,0.2603001594543457,0.0082532316446304,0.9749355316162108,0.8221777677536011,27,-0.1153300255537033,0.3949874675420158,26.0,242.0,50.0,59.0,5.0,0.0,0.0,14.0,0.0,0.0,0.0,0.0,0.0,0.0,3.81616162,-4.0,SS,2001,-0.05,58,7,,,,,,,,,,,,,,,,,,
Jeff Suppan,KCR,34,5,0,0,0,0,0.0,0.4,0.0,0.666666666,0.4,0.4,0.4,0.3548460245132446,,109.83100547610692,-0.0005307471146807,0.0614462218044598,0.5414737462997437,0.0758700427894378,Jeff Suppan,633,122987,5,2,2,0,0,0,0,2,0,0,0,0,0,0.0,0.8,0.14285714,,,,-0.0005307471146807,0.7374275696028296,0.1170040514815871,-0.0107500199228525,-0.0519060008227825,0.0411560013890266,-0.2520000040531158,-0.0260061994194984,0.6222401857376099,,0,-0.0091205900534987,-0.0081557289134437,34.0,218.1,18.0,33.0,1.0,0.0,0.0,1.0,0.0,0.0,0.0,0.0,0.0,0.0,0.98076923,0.0,P,2001,0.06,2,0,,,,,,,,,,,,,,,,,,
J.C. Romero,MIN,14,2,0,1,0,0,0.0,0.0,0.5,0.5,0.5,0.5,1.0,0.620884895324707,,293.1722356877277,0.0,0.4871212685764954,0.2165895104408264,0.0755400101778877,J.C. Romero,754,240694,2,1,0,1,0,0,0,0,0,0,0,0,0,0.0,1.5,2.64285714,,,,0.0,0.745051890081279,0.496882482832782,0.0139159997925162,-0.0118760000914335,0.0257920008152723,0.1140000000596046,0.0117284003645181,0.4643999934196472,,0,0.0291303005069494,0.0008352464131627,11.0,65.0,9.0,11.0,2.0,0.0,0.0,0.0,0.0,0.0,0.0,0.0,0.0,0.0,0.90909091,0.0,P,2001,0.08,2,1,,,,,,,,,,,,,,,,,,
Jesus Sanchez,FLA,17,19,0,2,1,0,0.0,0.157894736,0.0,0.285714285,0.235294117,0.235294117,0.235294117,0.2087329555960262,,22.19172565826469,-0.0010614942293614,-1.932895572727661,2.057600259780884,0.0730141480718199,Jesus Sanchez,1476,133260,17,4,4,0,0,0,0,3,0,0,2,0,0,0.0,0.470588234,2.64285714,,,,-0.0010614942293614,0.4539002113862676,-1.903709157474454,-0.2635441124439239,-0.3371360898017883,0.0735920295119285,-2.6570000648498535,-0.260367602109909,0.7474731206893921,,0,-0.2222072929143905,-0.1303727599988942,9.0,62.2,2.0,5.0,1.0,0.0,0.0,0.0,0.0,0.0,0.0,0.0,0.0,0.0,0.875,0.0,P,2001,0.07,4,0,,,,,,,,,,,,,,,,,,
Brian Reith,CIN,9,12,0,0,2,1,0.0,0.333333333,0.0,0.375,0.25,0.25,0.25,0.2217787653207779,,24.621045081262565,0.1992038823082111,-0.982807875199656,1.2995370626449585,0.0693645086366608,Brian Reith,347,367944,12,3,3,0,0,0,0,4,0,0,0,0,0,0.0,0.5,4.5619652460748235,,,,0.1992038823082111,0.4190981346220309,-1.0699183088689512,-0.1386779099702835,-0.2652359902858734,0.1265580058097839,-0.9300000071525574,-0.0925394967198371,1.1078342199325562,,0,-0.0928965061902999,-0.0322827918266235,8.0,40.1,1.0,3.0,0.0,0.0,0.0,0.0,0.0,0.0,0.0,0.0,0.0,0.0,1.0,0.0,P,2001,0.06,3,0,,,,,,,,,,,,,,,,,,
Chuck Smith,FLA,15,29,0,1,3,0,0.034482758,0.275862068,0.0,0.277777777,0.192307692,0.222222222,0.192307692,0.1903500777703744,,10.29195702086562,-0.0015922413440421,-3.401129605697971,3.140547752380371,0.0673861827364498,Chuck Smith,1012114,276540,26,5,5,0,0,1,0,8,0,0,2,0,0,0.125,0.414529914,0.5595238025,,,,-0.0015922413440421,0.2418465517856736,-3.356609853317533,-0.2882660031318664,-0.4815320074558258,0.1932660043239593,-3.121000051498413,-0.3278129994869232,0.747546374797821,,0,-0.3096020817756653,-0.0760141326161574,15.0,88.0,10.0,9.0,1.0,0.0,0.0,1.0,0.0,0.0,0.0,0.0,0.0,0.0,0.95,0.0,P,2001,0.04,5,0,,,,,,,,,,,,,,,,,,
Andy Benes,STL,27,35,0,1,4,0,0.028571428,0.428571428,0.09375,0.294117647,0.15625,0.181818181,0.25,0.1879823117545156,,6.556639310463284,-0.000796120672021,-4.274524653424033,3.790316343307495,0.0647466211884241,Andy Benes,1144,110854,32,5,2,3,0,1,0,15,0,0,2,0,0,0.066666666,0.431818181,0.5595238025,,,,-0.000796120672021,0.2217830810342085,-4.121181545814489,-0.2239300012588501,-0.7080460786819458,0.4841159880161285,-5.0329999923706055,-0.463443785905838,0.9962800145149232,,0,-0.426329642534256,0.2015635145417367,19.0,107.1,7.0,9.0,0.0,0.0,0.0,1.0,0.0,0.0,0.0,0.0,0.0,0.0,1.0,0.0,P,2001,0.0,8,3,,,,,,,,,,,,,,,,,,
Roy Oswalt,HOU,28,51,0,3,3,0,0.019607843,0.235294117,0.021276596,0.257142857,0.191489361,0.208333333,0.212765957,0.1883868140478929,,1.746558607435151,-0.0023883620160631,-6.550384059674641,5.5230326652526855,0.0629050369393323,Roy Oswalt,571,400061,47,9,8,1,0,1,0,12,0,0,3,0,0,0.083333333,0.42109929,1.39285714,,,,-0.0023883620160631,0.3406200819201072,-5.987699802916566,-0.3590761721134186,-0.7028180360794067,0.3437419831752777,-6.3420000076293945,-0.5967617630958557,0.6797422766685486,,0,-0.4633246958255768,-0.0649287090873398,20.0,141.2,19.0,15.0,1.0,0.0,0.0,1.0,0.0,0.0,0.0,0.0,0.0,0.0,0.97142857,0.0,P,2001,0.13,10,1,,,,,,,,,,,,,,,,,,
Ryan Rupe,TBD,28,3,0,1,0,0,0.0,0.333333333,0.333333333,0.5,0.333333333,0.333333333,0.666666666,0.4139232635498047,,156.6387680307815,0.0,0.214238462651263,0.3248842656612396,0.0628517467950532,Ryan Rupe,1223,150142,3,1,0,1,0,0,0,1,0,0,0,0,0,0.0,0.999999999,2.64285714,,,,0.0,0.592375619018565,0.2201215081458195,0.062619999051094,-0.0246300008147954,0.0872500017285347,0.2349999994039535,0.0246718991547822,0.7553330063819885,,0,0.0189027991145849,0.0640010307485387,26.0,143.1,5.0,12.0,2.0,0.0,0.0,0.0,0.0,0.0,0.0,0.0,0.0,0.0,0.89473684,0.0,P,2001,0.05,2,1,,,,,,,,,,,,,,,,,,
Giovanni Carrara,LAD,47,12,0,1,0,0,0.0,0.166666666,0.0,0.3,0.25,0.25,0.25,0.2217787653207779,,32.63200112174374,-0.000796120672021,-1.0571886753276392,1.2995370626449585,0.0620972532321734,Giovanni Carrara,643,112030,12,3,3,0,0,0,0,2,0,0,0,0,0,0.0,0.5,1.60119047125,,,,-0.000796120672021,0.4190981346220309,-1.0699183088689512,-0.0499520599842071,-0.0973900035023689,0.0474379993975162,-1.559000015258789,-0.1744920015335083,0.4374499917030334,,0,-0.1382495015859604,0.0240603121205791,3.0,85.1,5.0,10.0,0.0,0.0,0.0,1.0,0.0,0.0,0.0,0.0,0.0,0.0,1.0,0.0,P,2001,0.05,3,0,,,,,,,,,,,,,,,,,,
Ricky Bottalico,PHI,66,3,0,1,1,0,0.0,0.0,0.333333333,0.333333333,0.333333333,0.333333333,0.666666666,0.4139232635498047,,153.05026581089135,0.0,0.2079693131690128,0.3248842656612396,0.0616663437483456,Ricky Bottalico,948,111262,3,1,0,1,0,0,0,0,0,0,0,0,0,0.0,0.999999999,2.64285714,,,,0.0,0.592375619018565,0.2201215081458195,-0.0014280090108513,-0.0022160001099109,0.0007880000048317,0.481000006198883,0.0497932992875576,0.0325333327054977,,0,0.0282995011657476,-0.0721932216086602,0.0,67.0,3.0,10.0,1.0,0.0,0.0,0.0,0.0,0.0,0.0,0.0,0.0,0.0,0.92857143,0.0,P,2001,0.05,2,1,,,,,,,,,,,,,,,,,,
Michael Cuddyer,MIN,8,20,0,1,1,1,0.1,0.3,0.111111111,0.333333333,0.222222222,0.3,0.333333333,0.2832761645317078,,66.67300337952675,0.1989385087508708,-0.6414663669194102,0.5541838109493256,0.0616197236492473,Michael Cuddyer,1534,150212,18,4,2,2,0,2,0,6,0,0,0,1,0,0.333333333,0.633333333,4.661840412056506,,,,0.1989385087508708,1.7389013393775554,-0.7427927331074148,-0.1203080117702484,-0.3755079805850982,0.2551999986171722,-2.613999843597412,-0.2385435998439788,0.904209554195404,,0,-0.143426701426506,0.010373460380737,5.0,43.0,37.0,2.0,1.0,0.0,0.0,4.0,0.0,0.0,0.0,0.0,0.0,0.0,0.975,1.0,1B,2001,0.0,6,2,,,,,,,,,,,,,,,,,,
Juan Rincon,MIN,4,1,0,0,0,0,0.0,0.0,0.0,1.0,1.0,1.0,1.0,0.8871150612831116,,471.784110046618,-0.0002653735573403,0.4684975070857537,0.1082947552204132,0.0597470973183023,Juan Rincon,752,346799,1,1,1,0,0,0,0,0,0,0,0,0,0,0.0,2.0,0.14285714,,,,-0.0002653735573403,0.5977281913954859,0.4736434877712374,0.0191520005464553,0.0,0.0191520005464553,0.2599999904632568,0.0267489999532699,0.4388000071048736,,0,0.0436462983489036,1.0302768804759664e-08,0.0,5.2,0.0,1.0,0.0,0.0,0.0,0.0,0.0,0.0,0.0,0.0,0.0,0.0,1.0,0.0,P,2001,0.06,1,0,,,,,,,,,,,,,,,,,,
Omar Vizquel,CLE,155,693,2,84,50,13,0.088023088,0.103896103,0.078559739,0.28465804,0.255319148,0.323008849,0.333878887,0.2943883730774432,,76.28779849255005,-1.3391461221617649,-22.05808464633431,-1.2064309120178225,0.0596390199808953,Omar Vizquel,411,123744,611,156,120,26,8,61,0,72,2,4,15,14,9,0.847222222,0.656887736,5.490262481906981,,,,-1.3391461221617649,66.76695119376397,-19.223748417840245,-2.48085355758667,-12.408745765686035,9.927891731262209,-23.79290008544922,-2.209404706954956,0.9487947821617126,1.4853999614715576,2,-2.806211471557617,0.1914694807402255,152.0,1320.2,219.0,414.0,7.0,0.0,0.0,88.0,0.0,0.0,0.0,0.0,0.0,0.0,0.9890625,-8.0,SS,2001,-0.15,204,36,,,,,,,,,,,,,,,,,,
Pat Mahomes,TEX,56,1,0,1,0,0,0.0,0.0,0.0,1.0,1.0,1.0,1.0,0.8871150612831116,,469.1741285553732,-0.0002653735573403,0.4652067197465432,0.1082947552204132,0.059425576280148,Pat Mahomes,291,118163,1,1,1,0,0,0,0,0,0,0,0,0,0,0.0,2.0,2.64285714,,,,-0.0002653735573403,0.5977281913954859,0.4736434877712374,0.0017280100146308,0.0,0.0017280000029131,0.2569999992847442,0.0278139002621173,0.0531999990344047,,0,0.0324813984334468,-6.5914406502387565e-09,4.0,107.1,15.0,14.0,1.0,0.0,0.0,2.0,0.0,0.0,0.0,0.0,0.0,0.0,0.96666667,0.0,P,2001,0.06,1,0,,,,,,,,,,,,,,,,,,
Josh Paul,CHW,57,154,3,20,18,6,0.084415584,0.162337662,0.143884892,0.303571428,0.26618705,0.326797385,0.410071942,0.3213086611305187,,93.39031352261952,0.325872614281252,-0.9575331063828094,-3.6392319202423096,0.05725611820945,Josh Paul,251,150331,139,37,23,11,0,13,0,25,0,1,1,3,2,0.52,0.736869327,4.774482757885728,,,,0.325872614281252,18.343939677404368,-0.7651046807299032,-0.0772341564297676,-2.8105180263519287,2.7332839965820312,-2.23799991607666,-0.2185068428516388,0.93620365858078,,0,-0.3877111673355102,0.3052139930061028,43.0,392.0,266.0,24.0,6.0,0.0,0.0,3.0,0.0,0.0,0.0,0.0,4.0,23.0,0.97972973,-7.0,C,2001,-0.13,57,14,,,,,,,,,,,,,,,,,,
Joe Davenport,COL,7,1,0,0,0,0,0.0,0.0,0.0,1.0,1.0,1.0,1.0,0.8871150612831116,,438.6776281654287,-0.0002653735573403,0.4422995073699486,0.1082947552204132,0.0569965022694004,Joe Davenport,1003018,220094,1,1,1,0,0,0,0,0,0,0,0,0,0,0.0,2.0,0.14285714,,,,-0.0002653735573403,0.5977281913954859,0.4736434877712374,0.00010001299961,0.0,9.99999974737e-05,0.2070000022649765,0.0213291998952627,0.0093999998643994,,0,0.0106397001072764,-1.914421358592544e-08,0.0,10.1,0.0,2.0,0.0,0.0,0.0,0.0,0.0,0.0,0.0,0.0,0.0,0.0,1.0,0.0,P,2001,0.06,1,0,,,,,,,,,,,,,,,,,,
Jack Cust,ARI,3,3,0,0,0,0,0.333333333,0.0,0.0,0.5,0.5,0.666666666,0.5,0.5303306182225546,,222.98885757797237,-0.0005307471146807,0.4816140234527314,-0.0102880643680691,0.0556548874807064,Jack Cust,1564,400091,2,1,1,0,0,1,0,0,0,0,0,0,0,1.0,1.166666666,0.14285714,,,,-0.0005307471146807,0.887780134921069,0.5155260240483234,-0.0086079882457852,-0.0089080100879073,0.0003000159922521,0.3709999918937683,0.0356718972325325,0.1186666712164878,0.1744000017642974,2,0.0022388007491827,-0.0747780247582675,0.0,2.0,0.0,0.0,0.0,0.0,0.0,0.0,0.0,0.0,0.0,0.0,0.0,0.0,0.0,0.0,LF,2001,0.04,1,0,,,,,,,,,,,,,,,,,,
Luis Lopez,MIL,92,247,4,22,18,0,0.056680161,0.178137651,0.117117117,0.32,0.27027027,0.32644628,0.387387387,0.3107493412991365,,84.12594101486734,-0.4487401383230462,-5.572342079416259,-1.887747049331665,0.0550252537210869,Luis Lopez,695,117922,222,60,45,8,3,14,2,44,5,1,5,6,1,0.318181818,0.713833667,3.447103245170718,,,,-0.4487401383230462,27.21555573709368,-3.4333660580957006,-0.8600677251815796,-3.7406179904937744,2.8805501461029053,-2.9070003032684326,-0.269540935754776,0.9028230309486388,1.2299768924713137,26,-0.2902372479438782,-0.662405402607322,51.0,476.40000000000003,69.0,115.0,8.0,0.0,0.0,20.0,0.0,0.0,0.0,0.0,0.0,0.0,2.89871542,-3.0,3B,2001,0.03,86,15,,,,,,,,,,,,,,,,,,
John Wasdin,COL,18,3,0,1,1,0,0.0,0.0,0.333333333,0.333333333,0.333333333,0.333333333,0.666666666,0.4139232635498047,,132.36688794586078,0.0,0.1268856876139744,0.3248842656612396,0.053744199659866,John Wasdin,1768,123955,3,1,0,1,0,0,0,0,0,0,0,0,0,0.0,0.999999999,2.64285714,,,,0.0,0.592375619018565,0.2201215081458195,0.0244999825954437,-0.0071000298485159,0.031599998474121,0.9019999504089355,0.0707450956106185,0.236666664481163,,0,0.0380674004554748,0.0654536537206774,0.0,74.0,5.0,6.0,0.0,0.0,0.0,0.0,0.0,0.0,0.0,0.0,0.0,0.0,1.0,0.0,P,2001,0.05,2,1,,,,,,,,,,,,,,,,,,
Tom Glavine,ATL,35,78,0,4,2,0,0.051282051,0.269230769,0.035087719,0.222222222,0.140350877,0.196721311,0.175438596,0.1741268380743558,,-2.6328634974281835,-0.0026537355734035,-10.463612430137092,8.446990966796875,0.0526927535569907,Tom Glavine,90,114849,57,8,6,2,0,4,0,21,0,0,17,0,0,0.19047619,0.372159907,1.60119047125,,,,-0.0026537355734035,-0.4199199727638392,-10.098526855455225,-0.8084760308265686,-1.1923340559005735,0.3838579952716827,-9.5600004196167,-0.9946355819702148,0.8994620442390442,,0,-0.9504528641700744,0.0516088984855089,35.0,219.1,12.0,40.0,0.0,0.0,0.0,2.0,0.0,0.0,0.0,0.0,0.0,0.0,1.0,0.0,P,2001,0.01,10,2,,,,,,,,,,,,,,,,,,
Bobby Witt,ARI,14,13,0,0,0,0,0.0,0.538461538,0.0,0.6,0.25,0.25,0.25,0.2217787653207779,,23.25431671906621,-0.000796120672021,-1.304526387030667,1.407831788063049,0.0517138669362274,Bobby Witt,1014170,124492,12,3,3,0,0,0,0,7,0,0,1,0,0,0.0,0.5,0.14285714,,,,-0.000796120672021,0.4540229791738668,-1.1590781679413638,-0.227567970752716,-0.2864560186862945,0.0588879995048046,-3.2179999351501465,-0.3127783536911011,0.9065538644790648,,0,-0.1931607723236084,-0.0578645441737008,7.0,43.1,1.0,6.0,0.0,0.0,0.0,0.0,0.0,0.0,0.0,0.0,0.0,0.0,1.0,0.0,P,2001,0.05,3,0,,,,,,,,,,,,,,,,,,
Chris Holt,DET,30,4,0,0,0,0,0.0,0.75,0.25,1.0,0.25,0.25,0.5,0.3104424476623535,,90.54056693110832,0.0,-0.0477075913122613,0.4331790208816528,0.0512320410193499,Chris Holt,1005983,116108,4,1,0,1,0,0,0,3,0,0,0,0,0,0.0,0.75,0.14285714,,,,0.0,0.4396993479558508,-0.0566394665411431,-0.0383040010929107,-0.0810099989175796,0.0427060015499591,-0.2559999823570251,-0.024192901328206,0.9203999638557434,,0,-0.0185578987002372,-0.0230587925178365,22.0,151.1,9.0,17.0,1.0,0.0,0.0,1.0,0.0,0.0,0.0,0.0,0.0,0.0,0.96296296,0.0,P,2001,0.05,2,1,,,,,,,,,,,,,,,,,,
Todd Van Poppel,CHC,59,7,0,1,0,0,0.0,0.428571428,0.0,0.5,0.285714285,0.285714285,0.285714285,0.253461446080889,,49.08465204240458,-0.0005307471146807,-0.4662639436000633,0.7580632567405701,0.0509208602026751,Todd Van Poppel,1284,123650,7,2,2,0,0,0,0,3,0,0,0,0,0,0.0,0.57142857,2.64285714,,,,-0.0005307471146807,0.4320750274774012,-0.4365178978923383,-0.0732799991965293,-0.1047799885272979,0.0315000005066394,-0.9420000314712524,-0.0956505015492439,0.7000571489334106,,0,-0.0296644978225231,-0.0750126693318684,0.0,75.0,2.0,8.0,4.0,0.0,0.0,2.0,0.0,0.0,0.0,0.0,0.0,0.0,0.71428571,0.0,P,2001,0.08,2,0,,,,,,,,,,,,,,,,,,
Dustan Mohr,MIN,20,57,0,6,4,1,0.087719298,0.298245614,0.039215686,0.342857142,0.235294117,0.298245614,0.274509803,0.2609486694921527,,51.6936499903363,-0.2362675781478174,-3.707961824358385,2.166666805744171,0.0496752079908288,Dustan Mohr,744,407380,51,12,10,2,0,5,0,17,0,1,0,0,1,0.294117647,0.572755417,3.29586547688883,,,,-0.2362675781478174,3.8793284666757657,-3.193499639906399,-0.3900958895683288,-0.974022090435028,0.5839259624481201,-3.445000171661377,-0.3237504065036773,0.8138200044631958,,0,-0.2508184015750885,-0.2285208717641558,16.0,141.0,45.0,0.0,0.0,0.0,0.0,0.0,0.0,0.0,0.0,0.0,0.0,0.0,2.0,3.0,RF,2001,0.05,14,2,,,,,,,,,,,,,,,,,,
Matt Walbeck,PHI,1,1,0,0,0,0,0.0,0.0,0.0,1.0,1.0,1.0,1.0,0.8871150612831116,,459.3610060304592,-0.0002653735573403,0.4693273825549615,0.0,0.0490564535992208,Matt Walbeck,501,123803,1,1,1,0,0,0,0,0,0,0,0,0,0,0.0,2.0,0.14285714,,,,-0.0002653735573403,0.5977281913954859,0.4736434877712374,0.0039760000072419,0.0,0.0039760097861289,0.6620000004768372,0.0681070014834404,0.0595999993383884,0.0595999993383884,1,0.0667114034295082,6.828528770208564e-09,,,,,,,,,,,,,,,,,,2001,0.05,1,0,,,,,,,,,,,,,,,,,,
Courtney Duncan,CHC,36,5,0,1,1,0,0.4,0.2,0.0,0.0,0.0,0.4,0.0,0.2815507173538208,,67.26764996640765,-0.0005307471146807,-0.2143947196710744,0.5414737462997437,0.0479646411687875,Courtney Duncan,276,400131,3,0,0,0,0,2,0,1,0,0,0,0,0,2.0,0.4,2.64285714,,,,-0.0005307471146807,0.4274276159884518,-0.1929959021327907,-0.0379299558699131,-0.0616380162537097,0.0237080007791519,0.7910000085830688,0.0835129022598266,0.5773600339889526,,0,0.0189305003732442,-0.0846259999523489,0.0,42.2,2.0,2.0,3.0,0.0,0.0,0.0,0.0,0.0,0.0,0.0,0.0,0.0,0.57142857,0.0,P,2001,0.03,0,0,,,,,,,,,,,,,,,,,,
Jaret Wright,CLE,7,2,0,0,0,0,0.0,0.5,0.0,1.0,0.5,0.5,0.5,0.4435575306415558,,176.36429708597203,-0.0002653735573403,0.1923020165649364,0.2165895104408264,0.0467351734614045,Jaret Wright,415,124605,2,1,1,0,0,0,0,1,0,0,0,0,0,0.0,1.0,0.14285714,,,,-0.0002653735573403,0.4450519203327718,0.1968825130842748,-0.0370219983160495,-0.0447520017623901,0.0077300099655985,-0.3580000102519989,-0.035463098436594,1.1050000190734863,,0,0.0056561799719929,-0.0391602502679297,7.0,29.0,1.0,5.0,0.0,0.0,0.0,0.0,0.0,0.0,0.0,0.0,0.0,0.0,1.0,0.0,P,2001,0.04,1,0,,,,,,,,,,,,,,,,,,
Gary Knotts,FLA,2,2,0,0,0,0,0.0,0.0,0.0,0.5,0.5,0.5,0.5,0.4435575306415558,,174.20046661383236,-0.0002653735573403,0.1936566215244244,0.2165895104408264,0.0464855989631044,Gary Knotts,1428,276352,2,1,1,0,0,0,0,0,0,0,0,0,0,0.0,1.0,0.14285714,,,,-0.0002653735573403,0.4450519203327718,0.1968825130842748,0.0049879997968673,-0.0241960007697343,0.0291840005666017,0.0179999992251396,0.0017493000486865,0.8330000042915344,,0,0.013536799699068,-0.007548804775695,1.0,6.0,1.0,0.0,0.0,0.0,0.0,0.0,0.0,0.0,0.0,0.0,0.0,0.0,1.0,0.0,P,2001,0.05,1,0,,,,,,,,,,,,,,,,,,
Alan Benes,STL,9,2,0,1,0,0,0.0,0.0,0.0,0.5,0.5,0.5,0.5,0.4435575306415558,,171.9978723455071,-0.0002653735573403,0.1879001688447903,0.2165895104408264,0.045923174093047,Alan Benes,265,110853,2,1,1,0,0,0,0,0,0,0,0,0,0,0.0,1.0,2.64285714,,,,-0.0002653735573403,0.4450519203327718,0.1968825130842748,0.0050800098106265,-0.0515759997069835,0.0566559992730617,-0.0040000099688768,-0.0003968249948229,1.6579999923706057,,0,0.0102719003334641,-0.0072079619534867,1.0,14.2,1.0,0.0,0.0,0.0,0.0,0.0,0.0,0.0,0.0,0.0,0.0,0.0,1.0,0.0,P,2001,0.04,1,0,,,,,,,,,,,,,,,,,,
Steve Kline,STL,89,2,0,0,0,0,0.0,0.5,0.0,1.0,0.5,0.5,0.5,0.4435575306415558,,171.9978723455071,-0.0002653735573403,0.1879001688447903,0.2165895104408264,0.045923174093047,Steve Kline,1164,117157,2,1,1,0,0,0,0,1,0,0,0,0,0,0.0,1.0,0.14285714,,,,-0.0002653735573403,0.4450519203327718,0.1968825130842748,0.0047519970685243,-0.0001559999946039,0.0049080001190304,0.1019999980926513,0.010118999518454,0.1193999946117401,,0,0.0119896801188588,0.0278092921003335,0.0,75.0,3.0,10.0,0.0,0.0,0.0,0.0,0.0,0.0,0.0,0.0,0.0,0.0,1.0,0.0,P,2001,0.04,1,0,,,,,,,,,,,,,,,,,,
Al Reyes,LAD,19,4,0,1,0,0,0.0,0.25,0.0,0.5,0.333333333,0.333333333,0.333333333,0.2957050204277038,,80.48660475590394,-0.0002653735573403,-0.102261404289813,0.4331790208816528,0.0451381012715606,Al Reyes,1005,121099,3,1,1,0,0,0,0,1,0,0,1,0,0,0.0,0.666666666,2.64285714,,,,-0.0002653735573403,0.3898341990267436,-0.1065046154702503,-0.0090119391679763,-0.0101939998567104,0.0011820000363513,-0.1289999932050705,-0.0138230994343757,0.1992000043392181,,0,0.0168845001608133,-0.0621251576491029,0.0,25.2,3.0,3.0,0.0,0.0,0.0,0.0,0.0,0.0,0.0,0.0,0.0,0.0,1.0,0.0,P,2001,0.04,1,0,,,,,,,,,,,,,,,,,,
Tom Davey,SDP,39,1,0,0,0,0,1.0,0.0,0.0,0.0,0.0,1.0,0.0,0.703876793384552,,345.1883478324348,-0.0002653735573403,0.3201329726547016,0.1082947552204132,0.0450604191924605,Tom Davey,1026,150470,0,0,0,0,0,1,0,0,0,0,0,0,0,1.0,1.0,0.14285714,,,,-0.0002653735573403,0.442728214588297,0.3186435109640485,0.0192499998956918,0.0,0.0192499998956918,0.3799999952316284,0.0391550995409488,0.4063999950885772,,0,0.0473670996725559,2.6627473240226074e-08,0.0,38.0,2.0,6.0,0.0,0.0,0.0,0.0,0.0,0.0,0.0,0.0,0.0,0.0,1.0,0.0,P,2001,0.04,0,0,,,,,,,,,,,,,,,,,,
Tim Wakefield,BOS,45,4,0,0,0,0,0.0,0.5,0.0,1.0,0.333333333,0.333333333,0.333333333,0.2957050204277038,,75.66346354768753,-0.0002653735573403,-0.1230039696832609,0.4331790208816528,0.043875330528021,Tim Wakefield,219,123801,3,1,1,0,0,0,0,2,0,0,1,0,0,0.0,0.666666666,0.14285714,,,,-0.0002653735573403,0.3898341990267436,-0.1065046154702503,-0.0396080017089843,-0.0460240021347999,0.0064159999601542,-0.3860000073909759,-0.041449200361967,0.746399998664856,,0,-0.0233140997588634,-0.029751283118728,17.0,168.2,14.0,22.0,2.0,0.0,0.0,0.0,0.0,0.0,0.0,0.0,0.0,0.0,0.94736842,0.0,P,2001,0.04,1,0,,,,,,,,,,,,,,,,,,
Mike Morgan,ARI,31,1,0,0,0,0,1.0,0.0,0.0,0.0,0.0,1.0,0.0,0.703876793384552,,335.3303174908234,-0.0002653735573403,0.3072510529130711,0.1082947552204132,0.0438018121231434,Mike Morgan,67,119374,0,0,0,0,0,1,0,0,0,0,0,0,0,1.0,1.0,0.14285714,,,,-0.0002653735573403,0.442728214588297,0.3186435109640485,0.0249000005424022,0.0,0.0249000005424022,0.3120000064373016,0.0244705993682146,0.6700000166893005,,0,0.0371642000973224,-2.1109026769605688e-08,1.0,38.0,0.0,0.0,1.0,0.0,0.0,0.0,0.0,0.0,0.0,0.0,0.0,0.0,0.0,0.0,P,2001,0.04,0,0,,,,,,,,,,,,,,,,,,
Chris Gomez,- - -,98,331,8,37,43,4,0.051359516,0.114803625,0.142857143,0.269230769,0.259136212,0.298461538,0.401993355,0.3019297321026142,,83.70579377456295,0.7814238629071042,-6.440304229470447,-4.178557515144348,0.0431905384910361,Chris Gomez,1208,114909,301,78,51,19,0,17,0,38,2,5,6,9,0,0.447368421,0.700454893,3.921097603662814,,,,0.7814238629071042,34.03492352520906,-7.037113374417194,-0.1619719266891479,-5.810460329055786,5.648488283157349,-1.6389989852905271,-0.1962461471557617,0.996461011601623,0.7253000140190125,2,0.1533815860748291,-0.3159287653456052,86.0,765.3000000000001,122.0,200.0,13.0,0.0,0.0,48.0,0.0,0.0,0.0,0.0,0.0,0.0,1.95873016,-8.0,SS,2001,0.28,121,27,,,,,,,,,,,,,,,,,,
David Newhan,PHI,7,8,0,2,1,0,0.125,0.0,0.166666667,0.285714285,0.333333333,0.375,0.5,0.3540952056646347,,114.32183310243984,-0.0005307471146807,0.1491889824340525,0.012002739124,0.0413616404609356,David Newhan,2009,209315,6,2,1,1,0,1,0,0,0,1,0,0,0,1.0,0.875,2.64285714,,,,-0.0005307471146807,1.1748032118142056,0.1821255828202176,0.1636180281639099,-0.097850002348423,0.2614679932594299,0.2710000276565552,0.0275205504149198,1.7141262292861938,1.963879942893982,5,0.0309427008032798,0.0645100292048506,1.0,7.0,2.0,0.0,0.0,0.0,0.0,0.0,0.0,0.0,0.0,0.0,0.0,0.0,1.0,0.0,2B,2001,0.05,3,1,,,,,,,,,,,,,,,,,,
Midre Cummings,ARI,20,21,0,1,1,0,0.0,0.19047619,0.05,0.352941176,0.3,0.285714285,0.35,0.2703497665269034,,54.6957309699511,-0.0013268677867017,-1.2445493660815885,0.9537037126719952,0.0411132647852528,Midre Cummings,1927,112937,20,6,5,1,0,0,0,4,0,1,0,2,0,0.0,0.635714285,0.5595238025,,,,-0.0013268677867017,1.596225052180711,-1.0095537239285075,-0.349941998720169,-0.5991019010543823,0.249160036444664,-3.507999897003174,-0.3587009906768799,1.2347999811172483,1.5758588314056396,17,-0.1367093026638031,-0.1466904414822415,0.0,9.0,4.0,0.0,0.0,0.0,0.0,0.0,0.0,0.0,0.0,0.0,0.0,0.0,2.0,1.0,LF,2001,0.02,7,1,,,,,,,,,,,,,,,,,,
Sal Fasano,- - -,39,96,3,12,9,0,0.052083333,0.322916666,0.164705882,0.274509803,0.2,0.276595744,0.364705882,0.2829011336286017,,53.32961797871035,-0.0047767240321263,-5.726281444404087,2.926723178476095,0.0407053893905586,Sal Fasano,1205,114031,85,17,9,5,0,5,0,31,4,0,2,3,0,0.161290322,0.641301626,2.4783834524999997,,,,-0.0047767240321263,8.424188484925033,-3.487943063002824,-0.1258276511216536,-1.1867380497278646,1.0609100051224232,-2.5450000762939453,-0.3182891979813576,0.7151042566425643,0.0,1,-0.509283535182476,0.3333264632550648,25.0,237.1,192.0,16.0,5.0,0.0,0.0,5.0,0.0,0.0,0.0,0.0,1.0,8.0,0.97652582,1.0,C,2001,-0.08999999999999997,31,8,,,,,,,,,,,,,,,,,,
Bobby Jones,SDP,33,62,0,5,1,0,0.048387096,0.29032258,0.035087719,0.205128205,0.140350877,0.183333333,0.175438596,0.1652976721525192,,-3.4494985580634117,-0.0023883620160631,-8.383671607912646,6.714274883270264,0.0353924536974806,Bobby Jones,1039,116717,57,8,6,2,0,3,0,18,0,0,2,1,0,0.166666666,0.358771929,2.3587662275,,,,-0.0023883620160631,-0.7968314065687708,-8.490083031272178,-0.8054519891738892,-1.227921962738037,0.4224700033664703,-8.914999961853027,-0.9007347822189332,0.9308872818946838,,0,-0.8797071576118469,0.0144552577958881,33.0,195.0,7.0,28.0,0.0,0.0,0.0,0.0,0.0,0.0,0.0,0.0,0.0,0.0,1.0,0.0,P,2001,0.01,10,2,,,,,,,,,,,,,,,,,,
Ben Petrick,COL,85,282,11,41,39,3,0.109929078,0.237588652,0.221311475,0.278106508,0.237704918,0.327402135,0.459016393,0.3336302824586415,,80.39091839126682,-0.7127833378035575,-7.938764096628995,-0.7988085746765137,0.035376338234256,Ben Petrick,1471,150052,244,58,29,15,3,31,3,67,3,3,1,5,3,0.462686567,0.786418528,5.281750942517463,,,,-0.7127833378035575,36.53007279320608,1.5381863711680015,-1.3543622493743896,-5.4707841873168945,4.116422176361084,-5.6529998779296875,-0.4266536831855774,0.9952525496482848,1.7582285404205322,7,-0.5650116205215454,-0.795811066999337,70.0,610.2,459.0,29.0,8.0,0.0,0.0,9.0,0.0,0.0,0.0,0.0,11.0,18.0,1.98377282,-6.0,C,2001,-0.12,112,29,,,,,,,,,,,,,,,,,,
Gil Heredia,OAK,24,3,0,0,0,0,0.0,0.0,0.0,0.333333333,0.333333333,0.333333333,0.333333333,0.2957050204277038,,79.40314566415975,-0.0002653735573403,-0.0781738196938149,0.3248842656612396,0.0342820791448758,Gil Heredia,1005686,115804,3,1,1,0,0,0,0,0,0,0,0,0,0,0.0,0.666666666,0.14285714,,,,-0.0002653735573403,0.2923756492700577,-0.0798784616026877,-0.0342620015144348,-0.039207998663187,0.0049459999427199,-0.3470000028610229,-0.0357547998428344,0.5777999758720398,,0,-0.0226913001388311,-0.0366060396762582,18.0,109.2,15.0,17.0,2.0,0.0,0.0,0.0,0.0,0.0,0.0,0.0,0.0,0.0,0.94117647,0.0,P,2001,0.03,1,0,,,,,,,,,,,,,,,,,,
Todd Ritchie,PIT,34,70,0,1,3,0,0.042857142,0.385714285,0.033898305,0.28125,0.152542372,0.193548387,0.186440677,0.1742737966199075,,-4.190466932115254,-0.0026537355734035,-9.533170790668922,7.58063268661499,0.0333412493939357,Todd Ritchie,253,121234,59,9,7,2,0,3,0,27,0,0,8,1,0,0.111111111,0.379989064,0.14285714,,,,-0.0026537355734035,-0.3681494727743525,-9.054078726471747,-0.6877140998840332,-1.226588010787964,0.5388740301132202,-8.045000076293945,-0.783419132232666,0.8729461431503296,,0,-0.8632296323776245,0.0754214665700778,33.0,207.1,11.0,31.0,2.0,0.0,0.0,3.0,0.0,0.0,0.0,0.0,0.0,0.0,0.95454545,0.0,P,2001,-0.12,11,2,,,,,,,,,,,,,,,,,,
Brad Penny,FLA,31,66,0,5,1,0,0.015151515,0.287878787,0.048387097,0.232558139,0.161290322,0.174603174,0.209677419,0.1683099392860654,,-3.9752622462684934,-0.0023883620160631,-8.969744095277463,7.147453784942627,0.0332605663630798,Brad Penny,535,207267,62,10,8,1,1,1,0,19,0,0,3,0,0,0.052631578,0.384280593,4.8587662275,,,,-0.0023883620160631,-0.6800681999781656,-8.869658639178567,-0.9565840363502502,-1.40569806098938,0.4491139948368072,-11.444000244140623,-1.1796034574508667,0.966639757156372,,0,-0.9211365580558776,-0.0684606825586575,31.0,205.0,10.0,27.0,0.0,0.0,0.0,1.0,0.0,0.0,0.0,0.0,0.0,0.0,1.0,0.0,P,2001,0.01,13,2,,,,,,,,,,,,,,,,,,
Sean Lowe,CHW,45,3,0,0,0,0,0.0,0.333333333,0.0,0.5,0.333333333,0.333333333,0.333333333,0.2957050204277038,,76.21301792999373,-0.0002653735573403,-0.090240608665239,0.3248842656612396,0.0331031131050308,Sean Lowe,994,117957,3,1,1,0,0,0,0,1,0,0,0,0,0,0.0,0.666666666,0.14285714,,,,-0.0002653735573403,0.2923756492700577,-0.0798784616026877,-0.1469440013170242,-0.1839800029993057,0.0370360016822814,-1.7130000591278076,-0.1762350052595138,1.586300015449524,,0,-0.0656740963459014,-0.0269590751133974,11.0,127.0,8.0,21.0,0.0,0.0,0.0,0.0,0.0,0.0,0.0,0.0,0.0,0.0,1.0,0.0,P,2001,-0.02,1,0,,,,,,,,,,,,,,,,,,
Ricky Bones,FLA,61,3,0,0,1,0,0.0,0.333333333,0.0,0.5,0.5,0.333333333,0.5,0.2957050204277038,,78.49125934551199,-0.0002653735573403,-0.0845846121637932,0.3248842656612396,0.0330828370998473,Ricky Bones,1001161,111191,2,1,1,0,0,0,0,1,0,1,0,0,0,0.0,0.833333333,0.14285714,,,,-0.0002653735573403,0.2923756492700577,-0.0798784616026877,0.0037480171304196,-0.0006580000044777,0.0044060000218451,-0.0320000015199184,-0.0034179296344518,0.0471999980509281,,0,0.0025116000324487,0.0768955458402174,0.0,64.0,4.0,16.0,1.0,0.0,0.0,3.0,0.0,0.0,0.0,0.0,0.0,0.0,0.95238095,0.0,P,2001,0.04,1,0,,,,,,,,,,,,,,,,,,
Kyle Peterson,MIL,3,5,0,1,1,0,0.0,0.2,0.2,0.25,0.2,0.2,0.4,0.2483539581298828,,43.73560437672153,0.0,-0.367615742503359,0.5414737462997437,0.0329944297117574,Kyle Peterson,1010235,150081,5,1,0,1,0,0,0,1,0,0,0,0,0,0.0,0.6,2.64285714,,,,0.0,0.2870230768931368,-0.3334004412281057,0.0373240001499652,-0.0537840016186237,0.091108001768589,0.3530000150203705,0.035829696804285,0.6457599997520447,,0,-0.0230260994285345,0.0808246626165559,2.0,14.2,1.0,2.0,0.0,0.0,0.0,0.0,0.0,0.0,0.0,0.0,0.0,0.0,1.0,0.0,P,2001,0.02,2,1,,,,,,,,,,,,,,,,,,
Chris Brock,PHI,24,3,0,0,0,0,0.0,0.0,0.0,0.333333333,0.333333333,0.333333333,0.333333333,0.2957050204277038,,76.52417695717772,-0.0002653735573403,-0.0922960301368347,0.3248842656612396,0.0323294055174441,Chris Brock,130,111496,3,1,1,0,0,0,0,0,0,0,0,0,0,0.0,0.666666666,0.14285714,,,,-0.0002653735573403,0.2923756492700577,-0.0798784616026877,0.1067919954657554,-0.0014759999467059,0.1082680001854896,0.8759999871253967,0.0897327959537506,0.6313332915306091,,0,0.0810566022992134,0.0880965168192923,0.0,32.2,3.0,3.0,1.0,0.0,0.0,0.0,0.0,0.0,0.0,0.0,0.0,0.0,0.85714286,0.0,P,2001,0.11,1,0,,,,,,,,,,,,,,,,,,
Chad Zerbe,SFG,27,11,0,1,1,0,0.0,0.09090909,0.0,0.25,0.222222222,0.222222222,0.222222222,0.1971366802851359,,14.783200752154515,-0.0005307471146807,-1.225452484581097,1.1912423372268677,0.0318749671760158,Chad Zerbe,1140,345792,9,2,2,0,0,0,0,1,0,0,2,1,0,0.0,0.444444444,2.64285714,,,,-0.0005307471146807,0.1548830376524115,-1.210048702214322,-0.0507839992642402,-0.148623988032341,0.0978400036692619,-1.397999882698059,-0.1469383090734481,0.8565818071365356,,0,-0.1627983897924423,0.1035115839775886,1.0,39.0,2.0,5.0,1.0,0.0,0.0,2.0,0.0,0.0,0.0,0.0,0.0,0.0,0.875,0.0,P,2001,0.01,2,0,,,,,,,,,,,,,,,,,,
Kris Wilson,KCR,29,3,0,1,0,0,0.0,0.333333333,0.0,0.5,0.333333333,0.333333333,0.333333333,0.2957050204277038,,70.15373767604997,-0.0002653735573403,-0.1131600846974961,0.3248842656612396,0.0308638028828115,Kris Wilson,636,330892,3,1,1,0,0,0,0,1,0,0,0,0,0,0.0,0.666666666,2.64285714,,,,-0.0002653735573403,0.2923756492700577,-0.0798784616026877,-0.0193600002676248,-0.0364880003035068,0.0171280000358819,-0.1480000019073486,-0.0146607002243399,0.6368669867515564,,0,-0.0150717999786138,-0.0153270127567952,15.0,109.1,12.0,11.0,2.0,0.0,0.0,4.0,0.0,0.0,0.0,0.0,0.0,0.0,0.92,0.0,P,2001,0.02,1,0,,,,,,,,,,,,,,,,,,
Damian Moss,ATL,5,2,0,0,0,0,0.5,0.5,0.0,0.0,0.0,0.5,0.0,0.351938396692276,,112.46970252495936,-0.0002653735573403,0.0323240386400412,0.2165895104408264,0.0307228606910089,Damian Moss,107,150305,1,0,0,0,0,1,0,1,0,0,0,0,0,1.0,0.5,0.14285714,,,,-0.0002653735573403,0.2900519435255829,0.0418825362770859,-0.0117799993604421,-0.033900000154972,0.0221200007945299,-0.0820000171661377,-0.0086089000105857,1.1449999809265137,,0,0.0020145997405052,-0.0123028089603079,1.0,9.0,0.0,1.0,1.0,0.0,0.0,0.0,0.0,0.0,0.0,0.0,0.0,0.0,0.5,0.0,P,2001,0.03,0,0,,,,,,,,,,,,,,,,,,
Ryan Jensen,SFG,10,13,0,0,2,0,0.076923076,0.23076923,0.0,0.222222222,0.166666666,0.23076923,0.166666666,0.1906236089192904,,10.567101232400349,-0.000796120672021,-1.5200526045148717,1.407831788063049,0.0306562275168372,Ryan Jensen,1117,276528,12,2,2,0,0,1,0,3,0,0,0,0,0,0.333333333,0.397435896,0.14285714,,,,-0.000796120672021,0.1114218867521278,-1.5016792603631026,-0.0055740075185894,-0.2686919867992401,0.2631179988384247,-0.874000072479248,-0.073868803679943,1.2943845987319946,,0,-0.1388551294803619,0.1345488301593951,7.0,42.1,5.0,4.0,1.0,0.0,0.0,1.0,0.0,0.0,0.0,0.0,0.0,0.0,0.9,0.0,P,2001,0.05,2,0,,,,,,,,,,,,,,,,,,
David Weathers,MIL,52,2,0,0,0,0,0.5,0.5,0.0,0.0,0.0,0.5,0.0,0.351938396692276,,110.78880817962778,-0.0002653735573403,0.0279310422096442,0.2165895104408264,0.030293650101774,David Weathers,902,124000,1,0,0,0,0,1,0,1,0,0,0,0,0,1.0,0.5,0.14285714,,,,-0.0002653735573403,0.2900519435255829,0.0418825362770859,-0.0010880199261009,-0.0031039998866617,0.0020159999839961,-0.0649999976158142,-0.0063167996704578,0.0857999995350837,,0,0.0081115998327732,-0.0207924848210776,0.0,86.0,4.0,14.0,2.0,0.0,0.0,1.0,0.0,0.0,0.0,0.0,0.0,0.0,0.9,0.0,P,2001,0.03,0,0,,,,,,,,,,,,,,,,,,
Guillermo Mota,MON,53,3,0,0,0,0,0.0,0.333333333,0.0,0.5,0.333333333,0.333333333,0.333333333,0.2957050204277038,,70.27203385380552,-0.0002653735573403,-0.1168058773009888,0.3248842656612396,0.0299347106639284,Guillermo Mota,1467,150407,3,1,1,0,0,0,0,1,0,0,0,0,0,0.0,0.666666666,0.14285714,,,,-0.0002653735573403,0.2923756492700577,-0.0798784616026877,0.006567969918251,-0.0011360000353306,0.0077039999887347,-0.2489999830722808,-0.030258409678936,0.1082666665315628,,0,-0.0315002016723156,0.0921649485298932,0.0,49.2,1.0,10.0,1.0,0.0,0.0,3.0,0.0,0.0,0.0,0.0,0.0,0.0,0.91666667,0.0,P,2001,0.03,1,0,,,,,,,,,,,,,,,,,,
Nick Punto,PHI,4,5,0,0,0,0,0.0,0.0,0.0,0.4,0.4,0.4,0.4,0.3548460245132446,,114.80785986450584,-0.0005307471146807,0.0962196460722286,0.0462962873280048,0.0299322035716468,Nick Punto,1429,346857,5,2,2,0,0,0,0,0,0,0,0,0,0,0.0,0.8,0.14285714,,,,-0.0005307471146807,0.7374275696028296,0.1170040514815871,-0.0351500138640403,-0.0655279979109764,0.0303780008107423,-0.2860000133514404,-0.0285302028059959,0.6737599968910217,0.0099999997764825,1,-0.0128271989524364,-0.0393427340002997,1.0,9.0,1.0,2.0,0.0,0.0,0.0,0.0,0.0,0.0,0.0,0.0,0.0,0.0,1.0,0.0,SS,2001,0.03,2,0,,,,,,,,,,,,,,,,,,
Paul Abbott,SEA,28,5,0,0,0,0,0.0,0.2,0.0,0.333333333,0.25,0.25,0.25,0.2217787653207779,,31.495122890999927,-0.0002653735573403,-0.432136218275387,0.5414737462997437,0.0276453712470723,Paul Abbott,1061,110015,4,1,1,0,0,0,0,1,0,0,1,0,0,0.0,0.5,0.14285714,,,,-0.0002653735573403,0.1746242227591795,-0.445799295362063,-0.0613039992749691,-0.076104000210762,0.0148000000044703,-0.8660000562667847,-0.0788559019565582,0.6972799897193909,,0,-0.0623641014099121,-0.0255546689245698,27.0,163.0,16.0,13.0,0.0,0.0,0.0,3.0,0.0,0.0,0.0,0.0,0.0,0.0,1.0,0.0,P,2001,0.03,1,0,,,,,,,,,,,,,,,,,,
Willis Roberts,BAL,46,5,0,0,0,0,0.0,0.6,0.0,1.0,0.25,0.25,0.25,0.2217787653207779,,31.163759326030014,-0.0002653735573403,-0.4342252120631525,0.5414737462997437,0.0274412694981269,Willis Roberts,167,150199,4,1,1,0,0,0,0,3,0,0,1,0,0,0.0,0.5,0.14285714,,,,-0.0002653735573403,0.1746242227591795,-0.445799295362063,-0.0657560005784034,-0.083246000111103,0.0174899995326995,-0.6129999756813049,-0.0636761039495468,0.9330419898033142,,0,-0.0532874763011932,-0.0171873804544656,18.0,132.0,6.0,21.0,2.0,0.0,0.0,0.0,0.0,0.0,0.0,0.0,0.0,0.0,0.93103448,0.0,P,2001,0.03,1,0,,,,,,,,,,,,,,,,,,
Steve Torrealba,ATL,2,2,0,0,0,0,0.0,0.0,0.0,0.5,0.5,0.5,0.5,0.4435575306415558,,171.77741849280164,-0.0002653735573403,0.1873240154472301,0.0257201641798019,0.0272183021413508,Steve Torrealba,119,279576,2,1,1,0,0,0,0,0,0,0,0,1,0,0.0,1.0,0.14285714,,,,-0.0002653735573403,0.4450519203327718,0.1968825130842748,-0.207580029964447,-0.2087900042533874,0.0012100000167265,-0.915000021457672,-0.0960633009672164,2.38700008392334,0.0370000004768371,1,-0.0113742016255855,-0.0755885225747683,0.0,3.0,2.0,0.0,0.0,0.0,0.0,0.0,0.0,0.0,0.0,0.0,0.0,0.0,1.0,0.0,C,2001,0.0,1,0,,,,,,,,,,,,,,,,,,
Henry Mateo,MON,5,9,0,1,0,0,0.0,0.111111111,0.111111111,0.375,0.333333333,0.333333333,0.444444444,0.3351111014684041,,95.78073013837673,-0.0005307471146807,-0.050152288597119,0.0308641865849494,0.0269297352032655,Henry Mateo,1461,400116,9,3,2,1,0,0,0,1,0,0,0,0,0,0.0,0.777777777,1.60119047125,,,,-0.0005307471146807,1.1771269175586805,0.0603645849404437,-0.037381999194622,-0.1199659928679466,0.0825840234756469,0.164000004529953,0.0170038994401693,0.7060887813568115,0.4204000234603882,2,0.0035106986761093,-0.0564530483942131,2.0,18.0,3.0,6.0,2.0,0.0,0.0,0.0,0.0,0.0,0.0,0.0,0.0,0.0,0.81818182,0.0,2B,2001,-0.01,4,1,,,,,,,,,,,,,,,,,,
Ismael Valdez,ANA,27,5,0,0,0,1,0.0,0.4,0.0,0.333333333,0.2,0.2,0.2,0.1774230122566223,,-1.5469413109569583,0.1997346294228918,-0.4404411532840486,0.5414737462997437,0.0268339510455987,Ismael Valdez,1283,123595,5,1,1,0,0,0,0,2,0,0,0,0,0,0.0,0.4,5.0,,,,0.1997346294228918,-0.0129768928553704,-0.6334004109766129,-0.0606600381433963,-0.0992240011692047,0.0385640002787113,-0.4740000963211059,-0.0500504672527313,0.9803999662399292,,0,-0.0587695464491844,-0.0031031996057163,27.0,163.2,7.0,34.0,0.0,0.0,0.0,2.0,0.0,0.0,0.0,0.0,0.0,0.0,1.0,0.0,P,2001,0.02,1,0,,,,,,,,,,,,,,,,,,
Adam Eaton,SDP,23,44,0,3,2,1,0.09090909,0.272727272,0.02631579,0.153846153,0.105263157,0.19047619,0.131578947,0.1599671940008799,,-6.9000712775701025,0.1981423880788497,-5.948261710660662,4.764969348907471,0.025257996003569,Adam Eaton,1029,284566,38,4,3,1,0,4,0,12,0,0,2,0,0,0.333333333,0.322055137,5.099460121156746,,,,0.1981423880788497,-0.7638898901842905,-6.223616849651225,-0.5947960019111633,-0.7990760207176208,0.2042799890041351,-6.177999973297119,-0.5967608094215393,0.816351056098938,0.972000002861023,1,-0.6096060872077942,-0.1189971251816031,17.0,116.2,13.0,18.0,2.0,0.0,0.0,2.0,0.0,0.0,0.0,0.0,0.0,0.0,0.93939394,0.0,P,2001,-0.08,5,1,,,,,,,,,,,,,,,,,,
Lyle Overbay,ARI,2,2,0,0,0,0,0.0,0.5,0.0,1.0,0.5,0.5,0.5,0.4435575306415558,,166.8181276215468,-0.0002653735573403,0.1743629705396603,0.0,0.0234390173620983,Lyle Overbay,1617,407489,2,1,1,0,0,0,0,1,0,0,0,0,0,0.0,1.0,0.14285714,,,,-0.0002653735573403,0.4450519203327718,0.1968825130842748,0.0041559999808669,-0.000544030976016,0.004700010176748,0.2520000040531158,0.0165022015571594,0.0636000037193298,0.0636000037193298,2,0.0110993981361389,0.0542465096912812,,,,,,,,,,,,,,,,,,2001,0.03,1,0,,,,,,,,,,,,,,,,,,
Rob Bell,CIN,9,10,0,0,0,0,0.1,0.4,0.0,0.333333333,0.142857142,0.25,0.142857142,0.1988739818334579,,9.794116089301998,-0.0005307471146807,-1.1792905160468896,1.0829474925994873,0.022602792216851,Rob Bell,1492,150174,7,1,1,0,0,1,0,4,0,0,2,0,0,0.25,0.392857142,0.14285714,,,,-0.0005307471146807,0.1554984745093729,-1.0853485617331122,-0.1165400445461273,-0.1491460055112838,0.0326060019433498,-1.4959999322891235,-0.1467908769845962,0.8191199898719788,,0,-0.1394921988248825,-0.0027824935121235,27.0,149.2,8.0,15.0,0.0,0.0,0.0,3.0,0.0,0.0,0.0,0.0,0.0,0.0,1.0,0.0,P,2001,0.02,1,0,,,,,,,,,,,,,,,,,,
Mike Lincoln,PIT,31,5,0,0,0,0,0.0,0.0,0.0,0.25,0.25,0.25,0.25,0.2217787653207779,,26.560873637554103,-0.0002653735573403,-0.4800959781068156,0.5414737462997437,0.0220047307749251,Mike Lincoln,1457,150221,4,1,1,0,0,0,0,0,0,0,1,0,0,0.0,0.5,0.14285714,,,,-0.0002653735573403,0.1746242227591795,-0.445799295362063,-0.0351239889860153,-0.0351239889860153,0.0,-0.4830000102519989,-0.0473394393920898,0.3352800011634826,,0,-0.0922710001468658,-0.0124891670689796,0.0,40.1,1.0,11.0,1.0,0.0,0.0,1.0,0.0,0.0,0.0,0.0,0.0,0.0,0.92307692,0.0,P,2001,0.02,1,0,,,,,,,,,,,,,,,,,,
Tim Redding,HOU,13,16,0,0,1,0,0.0,0.6875,0.0,1.0,0.214285714,0.214285714,0.214285714,0.1900960845606667,,2.8530188599400548,-0.000796120672021,-2.031935520039525,1.732716083526611,0.0219905800278753,Tim Redding,573,400062,14,3,3,0,0,0,0,11,0,0,2,0,0,0.0,0.428571428,0.14285714,,,,-0.000796120672021,0.1299949628532601,-1.855360295134716,-0.156045988202095,-0.2877399921417236,0.1316940039396286,-1.6640000343322754,-0.1586773097515106,0.885987401008606,,0,-0.1845642924308776,0.0084376477128459,9.0,55.2,4.0,5.0,0.0,0.0,0.0,1.0,0.0,0.0,0.0,0.0,0.0,0.0,1.0,0.0,P,2001,0.01,3,0,,,,,,,,,,,,,,,,,,
Joe Kennedy,TBD,20,4,0,1,0,0,0.0,0.5,0.0,0.5,0.25,0.25,0.25,0.2217787653207779,,27.730427186352436,-0.0002653735573403,-0.3647488705063993,0.4331790208816528,0.020256037188996,Joe Kennedy,1217,406773,4,1,1,0,0,0,0,2,0,0,0,0,0,0.0,0.5,2.64285714,,,,-0.0002653735573403,0.1396993782073436,-0.3566394362896504,-0.049015998840332,-0.0864920020103454,0.0374759994447231,-0.402999997138977,-0.0385014005005359,1.1365000009536743,,0,-0.0354963019490242,-0.0076326015258557,20.0,117.2,8.0,14.0,0.0,0.0,0.0,2.0,0.0,0.0,0.0,0.0,0.0,0.0,1.0,0.0,P,2001,0.02,1,0,,,,,,,,,,,,,,,,,,
Jay Buhner,SEA,19,53,2,4,5,0,0.150943396,0.16981132,0.177777778,0.235294117,0.222222222,0.339622641,0.4,0.3283343292632193,,102.98247268329052,-0.0037152298027649,0.1955881825270813,-1.8076130747795105,0.0200079906538521,Jay Buhner,1001638,111676,45,10,6,2,0,8,0,9,0,0,0,3,0,0.888888888,0.739622641,0.29910714,,,,-0.0037152298027649,6.628151127588445,0.0516618355032738,-0.2282421290874481,-0.9601120948791504,0.7318699955940247,-1.1729999780654907,-0.1107402965426445,0.9759851098060608,2.077733278274536,3,0.0820119976997375,-0.3158702059799872,10.0,73.0,15.0,0.0,0.0,0.0,0.0,0.0,0.0,0.0,0.0,0.0,0.0,0.0,2.0,-1.0,LF,2001,0.1,18,4,,,,,,,,,,,,,,,,,,
Paul Rigdon,MIL,15,25,0,1,1,0,0.0,0.12,0.0,0.235294117,0.2,0.2,0.2,0.1774230122566223,,-2.1800489355066595,-0.0010614942293614,-3.3391400554886927,2.707368850708008,0.0183133969443198,Paul Rigdon,1010955,282331,20,4,4,0,0,0,0,3,0,0,5,0,0,0.0,0.4,1.08035714,,,,-0.0010614942293614,-0.0648844642768521,-3.167002054883065,-0.3555560111999511,-0.5008718967437744,0.1453160047531128,-3.190999984741211,-0.3091073036193847,1.009015440940857,,0,-0.331015795469284,-0.0213633622455005,15.0,79.1,10.0,11.0,0.0,0.0,0.0,1.0,0.0,0.0,0.0,0.0,0.0,0.0,1.0,0.0,P,2001,0.0,4,0,,,,,,,,,,,,,,,,,,
Mike Buddie,MIL,31,4,0,1,0,0,0.0,0.75,0.0,1.0,0.25,0.25,0.25,0.2217787653207779,,26.53271324498945,-0.0002653735573403,-0.3842770508671934,0.4331790208816528,0.0175842200520384,Mike Buddie,678,133322,4,1,1,0,0,0,0,3,0,0,0,0,0,0.0,0.5,2.64285714,,,,-0.0002653735573403,0.1396993782073436,-0.3566394362896504,0.0227118916809558,-0.0145399998873472,0.0372520014643669,0.0449999943375587,0.0035180002450942,0.3847199976444244,,0,0.0077133011072874,0.0513215601424967,0.0,41.2,4.0,13.0,0.0,0.0,0.0,1.0,0.0,0.0,0.0,0.0,0.0,0.0,1.0,0.0,P,2001,0.0,1,0,,,,,,,,,,,,,,,,,,
Cliff Politte,PHI,23,3,0,1,0,0,0.333333333,0.333333333,0.0,0.0,0.0,0.333333333,0.0,0.2346255977948506,,36.985699645282864,-0.0002653735573403,-0.2472960069440236,0.3248842656612396,0.0171853842483897,Cliff Politte,967,131700,2,0,0,0,0,1,0,1,0,0,0,0,0,1.0,0.333333333,2.64285714,,,,-0.0002653735573403,0.1373756724628688,-0.2348784384098766,-0.0102239530533552,-0.0103239994496107,9.99999974737e-05,-0.1410000026226043,-0.0140688102692365,0.1405333429574966,,0,-0.0467385500669479,-0.0260125340401694,0.0,26.0,4.0,4.0,2.0,0.0,0.0,0.0,0.0,0.0,0.0,0.0,0.0,0.0,0.8,0.0,P,2001,0.0,0,0,,,,,,,,,,,,,,,,,,
Robert Person,PHI,33,75,2,4,6,0,0.04,0.48,0.104477612,0.206896551,0.119402985,0.157142857,0.223880597,0.1679064376013619,,-6.2035429485072555,-0.0021229884587228,-10.41068435262359,8.122106552124023,0.0165169515383165,Robert Person,966,120447,67,8,5,1,0,3,0,36,0,0,5,0,0,0.083333333,0.381023454,0.9067460275,,,,-0.0021229884587228,-0.7984037179260633,-10.104756489744702,-0.6691439151763916,-1.4970979690551758,0.8279539942741394,-10.725000381469728,-1.0424673557281494,0.9380770325660706,,0,-0.8781000971794128,0.1647856337115498,33.0,208.1,5.0,19.0,0.0,0.0,0.0,1.0,0.0,0.0,0.0,0.0,0.0,0.0,1.0,0.0,P,2001,0.18,15,3,,,,,,,,,,,,,,,,,,
Wilson Betemit,ATL,8,5,0,1,0,1,0.4,0.6,0.0,0.0,0.0,0.4,0.0,0.2815507173538208,,66.90572135753558,0.1994692558655515,-0.0167594564664998,0.0051440321840345,0.0148730493249427,Wilson Betemit,1861,400140,3,0,0,0,0,2,0,3,0,0,0,0,0,0.666666666,0.4,7.5,,,,0.1994692558655515,0.4274276159884518,-0.1929959021327907,-0.0266579985618591,-0.0657280012965202,0.0390700027346611,-0.0600000023841857,-0.006272698752582,0.6289144158363342,0.731440007686615,5,0.0022303033620119,-0.0446176264867476,0.0,1.0,0.0,0.0,0.0,0.0,0.0,0.0,0.0,0.0,0.0,0.0,0.0,0.0,0.0,0.0,SS,2001,0.04,0,0,,,,,,,,,,,,,,,,,,
Graeme Lloyd,MON,84,3,0,0,0,0,0.333333333,0.0,0.0,0.0,0.0,0.333333333,0.0,0.2346255977948506,,30.733556541910684,-0.0002653735573403,-0.2718058541081777,0.3248842656612396,0.014790689394874,Graeme Lloyd,783,117841,2,0,0,0,0,1,0,0,0,0,0,0,0,1.0,0.333333333,0.14285714,,,,-0.0002653735573403,0.1373756724628688,-0.2348784384098766,-0.0383319519460201,-0.0420720018446445,0.0037400000728666,-0.6480000019073486,-0.0684318989515304,0.6356000304222107,,0,-0.0238758996129035,-0.0364323919404453,0.0,70.1,7.0,13.0,1.0,0.0,0.0,3.0,0.0,0.0,0.0,0.0,0.0,0.0,0.95238095,0.0,P,2001,0.02,0,0,,,,,,,,,,,,,,,,,,
Chad Curtis,TEX,38,130,3,24,10,7,0.107692307,0.161538461,0.104347826,0.285714285,0.252173913,0.338461538,0.356521739,0.3127951920032501,,83.86712187433506,0.957628847914748,-1.6867129850358635,-2.6378602385520935,0.0139122063183359,Chad Curtis,1002898,112963,115,29,23,3,0,14,0,21,1,0,0,3,1,0.666666666,0.694983277,6.179945001909174,,,,0.957628847914748,14.54895091895769,-1.5820605521946147,0.139460027217865,-2.2390379905700684,2.378498077392578,1.7371999025344849,0.1716133952140808,0.9808542132377625,1.0781333446502686,3,0.1198777109384536,0.0223045066996933,31.0,252.2,80.0,2.0,1.0,0.0,0.0,1.0,0.0,0.0,0.0,0.0,0.0,0.0,2.9411764700000003,-2.0,CF,2001,0.31,41,6,,,,,,,,,,,,,,,,,,
Ryan Freel,TOR,9,24,0,1,3,2,0.041666666,0.166666666,0.045454546,0.333333333,0.272727272,0.333333333,0.318181818,0.2964438845713933,,75.41963918360932,-0.0341445867088623,-0.7779543687090547,0.0788751393556594,0.0131186802374983,Ryan Freel,1207,150472,22,6,5,1,0,1,0,4,1,0,0,0,1,0.25,0.651515151,3.9995644545731706,,,,-0.0341445867088623,2.3540051951688445,-0.6240276918131196,0.0202759355306625,-0.1783421039581298,0.1986179649829864,-0.0819999724626541,-0.0093026962131261,0.4364297389984131,,0,-0.0124102607369422,0.058868908530273,6.0,50.0,11.0,20.0,1.0,0.0,0.0,4.0,0.0,0.0,0.0,0.0,0.0,0.0,0.96875,0.0,2B,2001,0.0,7,1,,,,,,,,,,,,,,,,,,
Kip Wells,CHW,40,6,0,1,0,1,0.0,0.833333333,0.0,1.0,0.166666666,0.166666666,0.166666666,0.1478525102138519,,-22.98015157014866,0.1997346294228918,-0.7306203032511055,0.6497685313224792,0.0124557793407449,Kip Wells,1012,150337,6,1,1,0,0,0,0,5,0,0,0,0,0,0.0,0.333333332,7.5,,,,0.1997346294228918,-0.1656531639180846,-0.9101613856635756,-0.0274119991809129,-0.1136080026626586,0.0861959978938102,-0.5509999990463257,-0.0542506985366344,1.0979986190795898,,0,-0.0920948982238769,0.0671294759504943,20.0,133.1,9.0,19.0,3.0,0.0,0.0,1.0,0.0,0.0,0.0,0.0,0.0,0.0,0.90322581,0.0,P,2001,0.0,1,0,,,,,,,,,,,,,,,,,,
Rey Ordonez,NYM,149,505,3,31,44,3,0.067326732,0.085148514,0.088937093,0.26618705,0.247288503,0.299196787,0.336225596,0.2667835988026895,,59.772693817290055,-0.2913766758865677,-26.83760147066601,10.30828046798706,0.011015463789973,Rey Ordonez,889,120045,461,114,83,24,4,34,17,43,1,2,7,17,2,0.790697674,0.635422383,3.1065413051232342,,,,-0.2913766758865677,36.86203074505505,-25.800744585190436,-1.1708101034164429,-9.589322090148926,8.418512344360352,-23.89299964904785,-2.2800986766815186,1.06619393825531,1.5800000429153442,1,-1.6757173538208008,0.5775962133720718,140.0,1226.1,215.0,385.0,12.0,0.0,0.0,80.0,0.0,0.0,0.0,0.0,0.0,0.0,0.98039216,4.0,SS,2001,-0.09,155,31,,,,,,,,,,,,,,,,,,
Jimmy Haynes,MIL,32,59,0,5,0,0,0.033898305,0.27118644,0.038461539,0.222222222,0.153846153,0.185185185,0.192307692,0.1706293247364185,,-6.577799410266394,-0.0021229884587228,-8.219045642307623,6.389390468597412,0.0101299126212299,Jimmy Haynes,329,115649,52,8,6,2,0,2,0,16,0,0,5,0,0,0.125,0.377492877,2.64285714,,,,-0.0021229884587228,-0.4921845849702513,-7.813182098800913,-0.5903581976890564,-0.9961379170417786,0.405780017375946,-6.473999977111816,-0.636367917060852,0.8364830017089844,,0,-0.644934356212616,-0.0608279802400311,29.0,172.2,12.0,24.0,0.0,0.0,0.0,1.0,0.0,0.0,0.0,0.0,0.0,0.0,1.0,0.0,P,2001,0.17,10,2,,,,,,,,,,,,,,,,,,
Jeff D'Amico,MIL,10,17,0,0,0,0,0.117647058,0.294117647,0.133333334,0.1,0.066666666,0.176470588,0.2,0.1746301580877865,,-3.987944236903152,-0.0005307471146807,-2.310585919469281,1.841010808944702,0.0085478383778656,Jeff D'Amico,871,113026,15,1,0,0,1,2,0,5,0,0,0,0,0,0.4,0.376470588,2.64285714,,,,-0.0005307471146807,-0.0842831864065144,-2.193723148018739,-0.2434980273246765,-0.3319340050220489,0.0884360000491142,-2.688999891281128,-0.2554097771644592,0.9003530144691467,,0,-0.2481118440628051,-0.0223354398486552,10.0,47.1,1.0,6.0,0.0,0.0,0.0,0.0,0.0,0.0,0.0,0.0,0.0,0.0,1.0,0.0,P,2001,0.03,3,1,,,,,,,,,,,,,,,,,,
Mark Mulder,OAK,34,5,0,0,0,0,0.0,0.2,0.0,0.25,0.2,0.2,0.2,0.1774230122566223,,0.0486100640458337,-0.0002653735573403,-0.6303824254235979,0.5414737462997437,0.0082760472032598,Mark Mulder,932,150426,5,1,1,0,0,0,0,1,0,0,0,0,0,0.0,0.4,0.14285714,,,,-0.0002653735573403,-0.0129768928553704,-0.6334004109766129,-0.0782040059566497,-0.0915240049362182,0.013319999910891,-0.918999969959259,-0.089020200073719,0.7738401889801025,,0,-0.0733534842729568,-0.0277061493184701,34.0,229.1,12.0,40.0,2.0,0.0,0.0,2.0,0.0,0.0,0.0,0.0,0.0,0.0,0.96296296,0.0,P,2001,0.0,1,0,,,,,,,,,,,,,,,,,,
Kevin Brown,MIL,17,46,4,7,12,0,0.04347826,0.391304347,0.325581395,0.238095238,0.209302325,0.260869565,0.53488372,0.3299903169922206,,96.58118122682268,-0.0018576149013824,-0.2073635411331292,-1.1740972399711609,0.007706193585555,Kevin Brown,178,111567,43,9,4,0,1,2,0,18,1,0,0,1,0,0.111111111,0.795753285,4.696428565,,,,-0.0018576149013824,5.8171712122160155,0.1092748455005835,0.1409739851951599,-0.7189761996269226,0.8599500060081482,2.4839999675750732,0.2237111628055572,0.7318478226661682,0.2168000042438507,1,-0.0471969470381736,0.239824404316905,11.0,96.1,68.0,6.0,0.0,0.0,0.0,0.0,0.0,0.0,0.0,0.0,2.0,11.0,1.0,-2.0,C,2001,-0.02,23,5,,,,,,,,,,,,,,,,,,
Wade Miller,HOU,32,78,0,6,1,0,0.025641025,0.256410256,0.03030303,0.239130434,0.166666666,0.19117647,0.196969696,0.1746371870531755,,-7.153972726095133,-0.0029191091307438,-10.924696446797778,8.446990966796875,0.0076432877508347,Wade Miller,568,150063,66,11,9,2,0,2,0,20,0,0,10,0,0,0.1,0.388146166,2.40247252125,,,,-0.0029191091307438,-0.3862473218408093,-10.064854204532192,-1.2222058773040771,-1.8362261056900024,0.6140199899673462,-14.071000099182127,-1.3304476737976074,1.0796653032302856,,0,-1.0678614377975464,-0.0641614897220466,32.0,212.0,16.0,36.0,2.0,0.0,0.0,3.0,0.0,0.0,0.0,0.0,0.0,0.0,0.96296296,0.0,P,2001,-0.06,13,2,,,,,,,,,,,,,,,,,,
Hideo Nomo,BOS,33,5,0,0,0,0,0.0,0.6,0.0,0.5,0.2,0.2,0.2,0.1774230122566223,,-3.6910720524263674,-0.0002653735573403,-0.653958260353541,0.5414737462997437,0.0059726084997889,Hideo Nomo,666,119827,5,1,1,0,0,0,0,3,0,0,0,0,0,0.0,0.4,0.14285714,,,,-0.0002653735573403,-0.0129768928553704,-0.6334004109766129,-0.1393180042505264,-0.1393180042505264,0.0,-1.680999994277954,-0.1660133004188537,1.073881983757019,,0,-0.1274628937244415,-0.0022701741152076,33.0,198.0,17.0,19.0,1.0,0.0,0.0,2.0,0.0,0.0,0.0,0.0,0.0,0.0,0.97297297,0.0,P,2001,0.0,1,0,,,,,,,,,,,,,,,,,,
Jason Conti,ARI,5,5,0,1,0,0,0.2,0.4,0.0,0.5,0.25,0.4,0.25,0.3181983709335327,,85.66951687341763,-0.0005307471146807,-0.094162094908468,-0.0102880643680691,0.0058027821531863,Jason Conti,1199,150152,4,1,1,0,0,1,0,2,0,0,0,0,0,0.5,0.65,2.64285714,,,,-0.0005307471146807,0.5824275927956406,-0.0379959253256019,-0.1038079932332038,-0.1914840042591095,0.087676003575325,-0.2139999568462371,-0.0189760997891426,1.9688400030136108,2.1011500358581543,4,-0.0043150018900632,-0.0484104573012929,0.0,2.0,0.0,0.0,0.0,0.0,0.0,0.0,0.0,0.0,0.0,0.0,0.0,0.0,0.0,0.0,RF,2001,0.0,1,0,,,,,,,,,,,,,,,,,,
Carlos Febles,KCR,79,317,8,45,25,5,0.06940063,0.182965299,0.126712329,0.268722466,0.236301369,0.29113924,0.363013698,0.2871209518818916,,64.39474876856352,0.1160537896794267,-14.114955657128098,3.113396406173706,0.0051405404116756,Carlos Febles,598,136866,292,69,50,9,2,22,0,58,1,1,1,7,2,0.379310344,0.654152938,5.602315259808959,,,,0.1160537896794267,28.592558636538364,-10.74229241234841,-1.3230761289596558,-5.894043922424316,4.570968151092529,-13.980700492858888,-1.2921818494796753,0.9231220483779908,,0,-1.270185947418213,-0.1630764595239902,73.0,649.1,128.0,224.0,7.0,0.0,0.0,62.0,0.0,0.0,0.0,0.0,0.0,0.0,0.98050139,2.0,2B,2001,-0.04,106,19,,,,,,,,,,,,,,,,,,
Mike Matthews,STL,52,18,1,2,1,0,0.0,0.222222222,0.176470589,0.083333333,0.117647058,0.117647058,0.294117647,0.1687854493365568,,-5.870045102296324,-0.0002653735573403,-2.4904757687606773,1.949305534362793,0.0047543360545127,Mike Matthews,1170,150347,17,2,1,0,0,0,0,4,0,0,1,0,0,0.0,0.411764705,2.64285714,,,,-0.0002653735573403,-0.1782329938275664,-2.4117576590640395,-0.2806300222873688,-0.3436439931392669,0.0630140006542205,-1.6030000448226929,-0.1543633192777633,0.8866222500801086,,0,-0.1466954946517944,-0.1698203859975047,10.0,89.0,4.0,7.0,1.0,0.0,0.0,0.0,0.0,0.0,0.0,0.0,0.0,0.0,0.91666667,0.0,P,2001,0.1,5,1,,,,,,,,,,,,,,,,,,
Mark Buehrle,CHW,32,4,0,0,0,0,0.25,0.5,0.0,0.0,0.0,0.25,0.0,0.175969198346138,,-4.116870807079122,-0.0002653735573403,-0.5253671513277941,0.4331790208816528,0.0045630886411138,Mark Buehrle,225,279824,3,0,0,0,0,1,0,2,0,0,0,0,0,0.5,0.25,0.14285714,,,,-0.0002653735573403,-0.0153005985998452,-0.5116394130968392,-0.0667321011424064,-0.0759840011596679,0.0092520099133253,-0.9539999961853028,-0.0981481969356536,0.8582000136375427,,0,-0.0543953999876976,-0.0233628149761517,32.0,221.1,11.0,49.0,3.0,0.0,0.0,5.0,0.0,0.0,0.0,0.0,0.0,0.0,0.95238095,0.0,P,2001,0.0,0,0,,,,,,,,,,,,,,,,,,
Donzell McDonald II,NYY,5,4,0,0,0,0,0.0,0.5,0.0,1.0,0.333333333,0.333333333,0.333333333,0.2957050204277038,,79.38436626817081,-0.0002653735573403,-0.1042380135198545,0.0068587069399654,0.0040558931988934,Donzell McDonald II,615,150092,3,1,1,0,0,0,0,2,0,0,1,0,0,0.0,0.666666666,0.14285714,,,,-0.0002653735573403,0.3898341990267436,-0.1065046154702503,0.002185990801081,-0.0538019984960556,0.055987998843193,-0.4560000300407409,-0.0439203009009361,2.0574381351470947,1.2878999710083008,2,-0.0406854227185249,0.0417479046292749,0.0,8.0,2.0,0.0,0.0,0.0,0.0,0.0,0.0,0.0,0.0,0.0,0.0,0.0,1.0,0.0,CF,2001,0.02,1,0,,,,,,,,,,,,,,,,,,
Jose Santiago,PHI,53,4,0,0,0,0,0.25,0.75,0.0,0.0,0.0,0.25,0.0,0.175969198346138,,-0.9842846609036132,-0.0002653735573403,-0.5281077132899218,0.4331790208816528,0.0035314785243316,Jose Santiago,972,121696,3,0,0,0,0,1,0,3,0,0,0,0,0,0.333333333,0.25,0.14285714,,,,-0.0002653735573403,-0.0153005985998452,-0.5116394130968392,-0.0010360043961554,-0.0096800001338124,0.0086439503356814,-0.2419999837875366,-0.0245521999895572,0.1409000009298324,,0,-0.007150201126933,-0.0002025624594305,0.0,91.2,8.0,11.0,1.0,0.0,0.0,1.0,0.0,0.0,0.0,0.0,0.0,0.0,0.95,0.0,P,2001,-0.01,0,0,,,,,,,,,,,,,,,,,,
Don Wengert,PIT,4,5,0,0,0,0,0.2,0.4,0.0,0.0,0.0,0.25,0.0,0.175969198346138,,-3.0929843463670235,-0.0002653735573403,-0.6738459491158016,0.5414737462997437,0.0030747041886072,Don Wengert,1013777,124085,3,0,0,0,0,1,0,2,0,0,1,0,0,0.5,0.25,0.14285714,,,,-0.0002653735573403,-0.0191257482498065,-0.639549266371049,-0.0387259982526302,-0.0681859999895095,0.0294599998742342,-0.4959999918937683,-0.0470004975795745,0.7689999938011169,,0,-0.0487748011946678,-0.0015841046113129,4.0,16.0,0.0,4.0,0.0,0.0,0.0,0.0,0.0,0.0,0.0,0.0,0.0,0.0,1.0,0.0,P,2001,-0.01,0,0,,,,,,,,,,,,,,,,,,
Carlos Hernández,HOU,3,6,0,0,0,0,0.0,0.333333333,0.0,0.333333333,0.2,0.2,0.2,0.1774230122566223,,-5.350627477344542,-0.0002653735573403,-0.8262630308165715,0.6497685313224792,0.0019653898757066,Carlos Hernandez,560,400056,5,1,1,0,0,0,0,2,0,0,1,0,0,0.0,0.4,0.14285714,,,,-0.0002653735573403,-0.0155722714264445,-0.7600804931719356,-0.022336009889841,-0.0580319985747337,0.0356959998607635,0.0419999957084655,-0.0008785994723439,0.5575665235519409,,0,-0.0402953997254371,0.0002355881220593,3.0,17.2,1.0,2.0,0.0,0.0,0.0,1.0,0.0,0.0,0.0,0.0,0.0,0.0,1.0,0.0,P,2001,0.08,1,0,,,,,,,,,,,,,,,,,,
Todd Dunwoody,CHC,33,64,1,6,3,0,0.046875,0.21875,0.114754098,0.260869565,0.213114754,0.25,0.327868852,0.2524666814133525,,48.44071209433915,-0.4352060868986882,-4.747191898070158,2.599337011575699,0.0019385084896251,Todd Dunwoody,381,113646,61,13,8,4,0,3,0,14,0,0,0,0,1,0.214285714,0.577868852,2.535159556500739,,,,-0.4352060868986882,3.896546522202554,-4.04487450974935,-0.225009873509407,-1.1809539794921875,0.955944001674652,-5.780999660491943,-0.5786482691764832,1.0274676084518433,1.1709429025650024,7,-0.3271489143371582,0.1081542991702187,13.0,133.39999999999998,35.0,1.0,1.0,0.0,0.0,0.0,0.0,0.0,0.0,0.0,0.0,0.0,2.93333333,3.0,LF,2001,0.07,20,5,,,,,,,,,,,,,,,,,,
John Valentin,BOS,20,70,1,8,5,0,0.128571428,0.114285714,0.083333333,0.215686274,0.2,0.314285714,0.283333333,0.2788305027144296,,64.34247282967435,-0.0050420975894667,-3.1521501344587017,0.7355948090553284,0.0013725388199797,John Valentin,1375,123608,60,12,9,2,0,9,0,8,1,0,0,4,0,1.125,0.597619047,1.70535714,,,,-0.0050420975894667,5.822915878302388,-2.863013375395007,-0.3880778849124908,-1.492658019065857,1.104580044746399,-2.973400115966797,-0.2933949828147888,1.0875324010849,,0,-0.3653711974620819,0.008528601760701,16.0,152.1,23.0,43.0,2.0,0.0,0.0,9.0,0.0,0.0,0.0,0.0,0.0,0.0,1.96969697,0.0,SS,2001,-0.01,17,3,,,,,,,,,,,,,,,,,,
Donne Wall,NYM,33,0,0,1,0,0,0.0,0.0,0.0,0.0,0.0,0.0,0.0,0.0,,,0.0,0.0,0.0,0.0,Donne Wall,39,123849,0,0,0,0,0,0,0,0,0,0,0,0,0,0.0,0.0,0.14285714,,,,0.0,0.0,0.0,,,,,,,,0,,,0.0,42.2,4.0,7.0,0.0,0.0,0.0,0.0,0.0,0.0,0.0,0.0,0.0,0.0,1.0,0.0,P,2001,0.0,0,0,,,,,,,,,,,,,,,,,,
Paul Byrd,- - -,20,8,0,0,0,0,0.0,0.25,0.0,0.25,0.166666666,0.166666666,0.166666666,0.1478525102138519,,2.087519084561791,-0.0002653735573403,-1.1559257549049944,0.8663580119609833,-0.0017242717811006,Paul Byrd,594,111838,6,1,1,0,0,0,0,2,0,0,2,0,0,0.0,0.333333332,0.14285714,,,,-0.0002653735573403,-0.0958034748144126,-1.0884811038084008,-0.1679039970040321,-0.1837321035563945,0.0158280003815889,-1.5219999253749847,-0.1555005013942718,1.1214501708745956,,0,-0.1300981007516384,-0.0196223249656159,16.0,103.1,8.0,16.0,1.0,0.0,0.0,0.0,0.0,0.0,0.0,0.0,0.0,0.0,0.96,0.0,P,2001,-0.009999999999999995,1,0,,,,,,,,,,,,,,,,,,
Bill Spiers,HOU,4,4,0,0,0,0,0.25,0.0,0.0,0.333333333,0.333333333,0.5,0.333333333,0.2957050204277038,,71.21673833731175,-0.0002653735573403,-0.1507147650857877,0.0,-0.0019190092018457,Bill Spiers,1012338,122593,3,1,1,0,0,1,1,0,0,0,0,0,0,1.0,0.833333333,0.14285714,,,,-0.0002653735573403,0.3898341990267436,-0.1065046154702503,0.0679680183529853,-0.0013160199159756,0.0692839995026588,0.1689999997615814,0.0154548995196819,0.715149998664856,0.715149998664856,4,0.0262785982340574,0.0687616289628631,,,,,,,,,,,,,,,,,,2001,-0.01,1,0,,,,,,,,,,,,,,,,,,
Luis Saturria,STL,13,5,0,0,1,1,0.0,0.2,0.2,0.25,0.2,0.2,0.4,0.2483539581298828,,45.636952574758595,0.2000000029802322,-0.1551928649532339,-0.0291495155543088,-0.0020029577086936,Luis Saturria,1011455,150462,5,1,0,1,0,0,0,1,0,0,0,0,0,0.0,0.6,2.5,,,,0.2000000029802322,0.2870230768931368,-0.3334004412281057,-0.000344039988704,-0.0006440000142902,0.0003000000142492,-0.0449999570846557,-0.0038868999108672,0.006000000052154,0.0074999998323619,4,-0.0422023013234138,-0.0151376962955047,0.0,11.0,2.0,0.0,0.0,0.0,0.0,0.0,0.0,0.0,0.0,0.0,0.0,0.0,2.0,0.0,CF,2001,0.01,2,1,,,,,,,,,,,,,,,,,,
Vladimir Nunez,FLA,52,12,0,1,0,0,0.083333333,0.333333333,0.0,0.2,0.111111111,0.2,0.111111111,0.1590991854667663,,-9.93764966271278,-0.0005307471146807,-1.7244548136422388,1.2995370626449585,-0.0030969022697092,Vladimir Nunez,532,136727,9,1,1,0,0,1,0,4,0,0,2,0,0,0.25,0.311111111,2.64285714,,,,-0.0005307471146807,-0.2171445150215156,-1.7061609585124975,-0.125511959195137,-0.1644278913736343,0.0389159992337226,-1.7020000219345093,-0.1739201992750167,0.6777334213256836,,0,-0.1752544045448303,-0.0099392944019159,3.0,92.0,7.0,11.0,0.0,0.0,0.0,1.0,0.0,0.0,0.0,0.0,0.0,0.0,1.0,0.0,P,2001,0.0,1,0,,,,,,,,,,,,,,,,,,
Dave Roberts,CLE,15,13,0,3,2,0,0.076923076,0.153846153,0.083333333,0.4,0.333333333,0.384615384,0.416666666,0.3543839821448692,,116.53841453472478,-0.4333484719973057,-0.1622671369484882,-0.3360767960548401,-0.0045867992988818,Dave Roberts,670,150353,12,4,3,1,0,1,0,2,0,0,0,0,1,0.5,0.80128205,4.285714285714286,,,,-0.4333484719973057,1.912230781417035,0.2991296343018044,0.2947559952735901,-0.2262139916419983,0.5209699869155884,-0.0229999795556068,-0.0084209889173507,1.253271460533142,2.611299991607666,2,0.0032750871032476,0.2319141791936173,0.0,34.0,8.0,0.0,0.0,0.0,0.0,0.0,0.0,0.0,0.0,0.0,0.0,0.0,2.0,0.0,LF,2001,-0.05,5,1,,,,,,,,,,,,,,,,,,
Mike Hubbard,TEX,5,11,1,1,1,0,0.0,0.363636363,0.363636364,0.333333333,0.272727272,0.272727272,0.636363636,0.37373840267008,,124.75347691026997,-0.0002653735573403,0.3430484451808798,-0.7485142350196838,-0.0045940035389078,Mike Hubbard,1006121,116247,11,3,1,1,0,0,0,4,0,0,0,0,0,0.0,0.909090908,0.14285714,,,,-0.0002653735573403,1.7981308977458457,0.4331991578791122,-0.031369999051094,-0.1923359930515289,0.1609659940004348,-0.1149999946355819,-0.0105387400835752,0.8321635723114014,,0,0.0321647152304649,-0.0698616297492792,4.0,29.1,15.0,2.0,0.0,0.0,0.0,0.0,0.0,0.0,0.0,0.0,0.0,1.0,1.0,-1.0,C,2001,-0.01,7,2,,,,,,,,,,,,,,,,,,
Aaron Sele,SEA,34,8,0,2,1,0,0.0,0.0,0.0,0.166666666,0.166666666,0.166666666,0.166666666,0.1478525102138519,,-18.101461859071264,-0.0002653735573403,-1.1915283667450152,0.8663580417633057,-0.0046298783317624,Aaron Sele,34,121986,6,1,1,0,0,0,0,0,0,0,2,0,0,0.0,0.333333332,2.64285714,,,,-0.0002653735573403,-0.2208708852241128,-1.2135485142181008,0.0022340063005685,-0.1344480067491531,0.1366820037364959,-0.4009999632835388,-0.0163450967520475,0.8352000117301941,,0,-0.0414580889046192,0.044132904839955,33.0,215.0,15.0,17.0,1.0,0.0,0.0,1.0,0.0,0.0,0.0,0.0,0.0,0.0,0.96969697,0.0,P,2001,0.09,1,0,,,,,,,,,,,,,,,,,,
Bud Smith,STL,16,28,0,0,1,0,0.035714285,0.178571428,0.0,0.2,0.16,0.192307692,0.16,0.1635514245583461,,-9.25818076276455,-0.0013268677867017,-3.998955387281414,3.0322530269622803,-0.0048057589244596,Bud Smith,1182,406873,25,4,4,0,0,1,0,5,0,0,2,0,0,0.2,0.352307692,0.14285714,,,,-0.0013268677867017,-0.401219228465736,-3.875590929944694,-0.3932821154594421,-0.5399839878082275,0.1467019915580749,-3.7720000743865967,-0.3748058974742889,0.8562856912612915,,0,-0.4075548946857452,-0.051733540789739,14.0,84.2,3.0,18.0,0.0,0.0,0.0,0.0,0.0,0.0,0.0,0.0,0.0,0.0,1.0,0.0,P,2001,-0.02,4,0,,,,,,,,,,,,,,,,,,
Turner Ward,PHI,17,17,0,1,2,0,0.058823529,0.352941176,0.066666667,0.444444444,0.266666666,0.352941176,0.333333333,0.2897841446101665,,72.6914227481959,-0.0010614942293614,-0.6077118188713971,0.0,-0.0049485846044657,Turner Ward,1013625,123930,15,4,3,1,0,1,1,6,1,0,0,1,0,0.166666666,0.686274509,0.76785714,,,,-0.0010614942293614,1.571652075172093,-0.5377878864401314,-0.1956720054149627,-0.309823989868164,0.1141520217061042,-2.7109999656677246,-0.2805998027324676,0.8607529401779175,0.8607529401779175,17,-0.134546548128128,-0.0927800124695242,,,,,,,,,,,,,,,,,,2001,-0.05,5,1,,,,,,,,,,,,,,,,,,
Eddie Pérez,ATL,5,10,0,0,0,0,0.0,0.2,0.0,0.375,0.3,0.3,0.3,0.2661345183849334,,56.92636977081715,-0.000796120672021,-0.5636581005655685,0.1800411492586136,-0.00546484084455,Eddie Perez,400,120407,10,3,3,0,0,0,0,2,0,0,0,0,0,0.0,0.6,0.14285714,,,,-0.000796120672021,0.724450676747459,-0.516396359495026,-0.1977519989013672,-0.2702719867229461,0.0725200027227401,-2.251999855041504,-0.2353383004665374,1.146579027175903,2.9149999618530273,2,-0.0950423926115036,-0.0774289279118125,2.0,21.0,10.0,1.0,0.0,0.0,0.0,0.0,0.0,0.0,0.0,0.0,0.0,1.0,1.0,0.0,C,2001,-0.03,3,0,,,,,,,,,,,,,,,,,,
Joey Hamilton,- - -,26,8,0,0,1,0,0.0,0.625,0.125,0.333333333,0.125,0.125,0.25,0.1552212238311767,,-4.661613730349316,0.0,-1.225361730161926,0.8663580119609833,-0.0088903250720379,Joey Hamilton,328,115383,8,1,0,1,0,0,0,5,0,0,0,0,0,0.0,0.375,0.14285714,,,,0.0,-0.1710057362950054,-1.1636833652889935,-0.0066919922828674,-0.1282879952341318,0.1215960010886192,-0.4259999394416809,-0.040558710694313,0.7811501324176788,,0,-0.1223825048655271,0.1138156596393021,26.0,139.2,10.0,21.0,2.0,0.0,0.0,3.0,0.0,0.0,0.0,0.0,0.0,0.0,0.93939394,0.0,P,2001,-0.020000000000000004,2,1,,,,,,,,,,,,,,,,,,
Dennys Reyes,CIN,36,11,0,0,0,0,0.0,0.545454545,0.0,0.4,0.181818181,0.181818181,0.181818181,0.1612936475060203,,-14.532721528504863,-0.0005307471146807,-1.6468448716738755,1.1912423372268677,-0.0092964923570971,Dennys Reyes,444,121096,11,2,2,0,0,0,0,6,0,0,0,0,0,0.0,0.363636362,0.14285714,,,,-0.0005307471146807,-0.178630056773455,-1.5435617966401889,-0.0748440027236938,-0.2192900031805038,0.14444600045681,-1.7949999570846558,-0.1731940060853958,0.9435627460479736,1.8594000339508057,1,-0.0953970998525619,0.0160764579162719,6.0,53.0,0.0,6.0,2.0,0.0,0.0,0.0,0.0,0.0,0.0,0.0,0.0,0.0,0.75,0.0,P,2001,0.05,2,0,,,,,,,,,,,,,,,,,,
Chris Carpenter,TOR,34,7,0,0,0,0,0.0,0.428571428,0.0,0.333333333,0.166666666,0.166666666,0.166666666,0.1478525102138519,,-24.269228875431793,-0.0002653735573403,-1.0970567664694082,0.7580632567405701,-0.0093729952625103,Chris Carpenter,1292,112020,6,1,1,0,0,0,0,3,0,0,1,0,0,0.0,0.333333332,0.14285714,,,,-0.0002653735573403,-0.1932620245710987,-1.0618549499408385,-0.0693560913205146,-0.0986479967832565,0.0292920004576444,-0.8659999966621399,-0.0859119817614555,0.7914284467697144,,0,-0.1149225085973739,0.0272884443890456,34.0,215.2,11.0,25.0,0.0,0.0,0.0,6.0,0.0,0.0,0.0,0.0,0.0,0.0,1.0,0.0,P,2001,-0.01,1,0,,,,,,,,,,,,,,,,,,
Jermaine Clark,DET,3,0,0,1,0,0,0.0,0.0,0.0,0.0,0.0,0.0,0.0,0.0,,,0.0,0.0,-0.1080246865749359,-0.0105543767474801,Jermaine Clark,1664,400075,0,0,0,0,0,0,0,0,0,0,0,0,0,0.0,0.0,0.14285714,,,,0.0,0.0,0.0,,,,,,,,0,,,,,,,,,,,,,,,,,,,,2001,-0.03,0,0,,,,,,,,,,,,,,,,,,
James Mouton,MIL,75,158,2,20,10,7,0.069620253,0.253164556,0.101449275,0.333333333,0.246376811,0.329032258,0.347826086,0.305371791701163,,80.64489758636087,0.0922587717068381,-3.9039024313393105,-1.3663698732852936,-0.0113698975083523,James Mouton,1009268,119463,138,34,24,8,0,11,0,40,6,0,3,1,3,0.275,0.676858344,5.18905799086847,,,,0.0922587717068381,16.690425489883122,-2.9149576827481445,-0.2140199989080429,-2.274969577789306,2.0609500408172607,-4.670699596405029,-0.4574620127677917,0.887561023235321,0.5290842056274414,19,-0.6313323974609375,0.390199682858508,26.0,286.2,81.0,2.0,3.0,0.0,0.0,1.0,0.0,0.0,0.0,0.0,0.0,0.0,2.90039216,-1.0,CF,2001,-0.14,48,10,,,,,,,,,,,,,,,,,,
Emil Brown,- - -,74,155,3,21,13,12,0.103225806,0.316129032,0.109489051,0.270588235,0.189781021,0.283870967,0.299270072,0.2627781602469357,,53.8056088754522,0.6615640501840971,-8.694892041511196,3.4155239909887314,-0.0126768424933162,Emil Brown,1197,111548,137,26,18,4,1,16,1,49,2,0,0,2,4,0.326530612,0.583141039,7.7963990991677345,,,,0.6615640501840971,10.803227098590868,-8.429901963167652,-0.623485803604126,-2.852317988872528,2.2288319133222103,-2.2766000032424927,-0.2169835120439529,0.9530769020824108,0.680950004607439,16,-0.456103578209877,-0.1980784738804109,30.0,323.20000000000005,88.0,4.0,1.0,0.0,0.0,1.0,0.0,0.0,0.0,0.0,0.0,0.0,1.98876404,3.0,CF,2001,0.03999999999999998,41,8,,,,,,,,,,,,,,,,,,
Nelson Cruz,HOU,66,6,0,0,0,0,0.0,0.333333333,0.0,0.25,0.166666666,0.166666666,0.166666666,0.1478525102138519,,-24.49246893100863,-0.0002653735573403,-0.9763439233082116,0.6497685313224792,-0.012698020240795,Nelson Cruz,554,112906,6,1,1,0,0,0,0,2,0,0,0,0,0,0.0,0.333333332,0.14285714,,,,-0.0002653735573403,-0.1656531639180846,-0.9101613856635756,-0.084428034722805,-0.0895180031657219,0.0050900001078844,-1.0169999599456787,-0.0937759056687355,0.5839999914169312,,0,-0.1012423038482666,-0.0433262508840054,0.0,82.1,8.0,14.0,1.0,0.0,0.0,0.0,0.0,0.0,0.0,0.0,0.0,0.0,0.95652174,0.0,P,2001,-0.02,1,0,,,,,,,,,,,,,,,,,,
Jon Lieber,CHC,35,87,0,3,2,0,0.022988505,0.252873563,0.02631579,0.222222222,0.157894736,0.179487179,0.184210526,0.1636210741140903,,-9.071619834187167,-0.0031844826880842,-12.403177884723537,9.421643257141112,-0.0127682738059633,Jon Lieber,287,117758,76,12,10,2,0,2,0,22,0,0,9,2,0,0.09090909,0.363697705,0.8571428525,,,,-0.0031844826880842,-1.24151976135514,-12.03688897666476,-1.1726999282836914,-1.6326121091842651,0.4599120020866394,-15.192999839782717,-1.5148557424545288,0.8197843432426453,1.3763999938964844,1,-1.1647051572799685,-0.2657929218186072,34.0,232.1,16.0,35.0,0.0,0.0,0.0,4.0,0.0,0.0,0.0,0.0,0.0,0.0,1.0,0.0,P,2001,0.03,14,2,,,,,,,,,,,,,,,,,,
Byung-Hyun Kim,ARI,78,6,0,0,2,0,0.0,0.333333333,0.0,0.25,0.166666666,0.166666666,0.166666666,0.1478525102138519,,-24.600286915093985,-0.0002653735573403,-0.9771892661827384,0.6497685313224792,-0.0127806130949049,Byung-Hyun Kim,61,218294,6,1,1,0,0,0,0,2,0,0,0,0,0,0.0,0.333333332,0.14285714,,,,-0.0002653735573403,-0.1656531639180846,-0.9101613856635756,-0.1870840042829513,-0.2096000015735626,0.0225159991532564,0.0350000709295272,-0.0055227931588888,0.7501999735832214,,0,-0.0780485048890113,-0.1713303419128243,0.0,98.0,4.0,19.0,1.0,0.0,0.0,0.0,0.0,0.0,0.0,0.0,0.0,0.0,0.95833333,0.0,P,2001,0.0,1,0,,,,,,,,,,,,,,,,,,
Jose Paniagua,SEA,60,1,0,0,0,0,0.0,0.0,0.0,0.0,0.0,0.0,0.0,0.0,,-100.0,0.0,-0.2739752845581593,0.1082947552204132,-0.0127950022352771,Jose Paniagua,483,120202,1,0,0,0,0,0,0,0,0,0,0,0,0,0.0,0.0,0.14285714,,,,0.0,-0.1526762710627141,-0.2767609746869626,-0.0011819599894806,-0.0011820000363513,0.0,-0.1589999943971634,-0.0163832996040582,0.0494000017642974,,0,-0.0239263996481895,8.492617461705598e-08,0.0,66.0,3.0,3.0,1.0,0.0,0.0,1.0,0.0,0.0,0.0,0.0,0.0,0.0,0.85714286,0.0,P,2001,-0.01,0,0,,,,,,,,,,,,,,,,,,
Arthur Rhodes,SEA,72,1,0,0,0,0,0.0,1.0,0.0,0.0,0.0,0.0,0.0,0.0,,-100.0,0.0,-0.2739752845581593,0.1082947552204132,-0.0127950022352771,Arthur Rhodes,1097,121125,1,0,0,0,0,0,0,1,0,0,0,0,0,0.0,0.0,0.14285714,,,,0.0,-0.1526762710627141,-0.2767609746869626,-0.006800000090152,-0.006800000090152,0.0,-0.3140000104904175,-0.02462749928236,0.209999993443489,,0,-0.0323809012770652,-5.254416378386306e-08,0.0,68.0,4.0,9.0,0.0,0.0,0.0,0.0,0.0,0.0,0.0,0.0,0.0,0.0,1.0,0.0,P,2001,-0.01,0,0,,,,,,,,,,,,,,,,,,
B.J. Ryan,BAL,61,1,0,0,0,0,0.0,0.0,0.0,0.0,0.0,0.0,0.0,0.0,,-100.0,0.0,-0.2743930833157124,0.1082947552204132,-0.0128358225850662,B.J. Ryan,168,124805,1,0,0,0,0,0,0,0,0,0,0,0,0,0.0,0.0,0.14285714,,,,0.0,-0.1526762710627141,-0.2767609746869626,0.0134800001978874,0.0,0.0134800001978874,0.125,0.0129399998113513,0.4763999879360199,,0,0.028295500203967,5.0885966544622636e-08,0.0,53.0,0.0,4.0,2.0,0.0,0.0,0.0,0.0,0.0,0.0,0.0,0.0,0.0,0.66666667,0.0,P,2001,0.07,0,0,,,,,,,,,,,,,,,,,,
Dave Maurer,SDP,3,1,0,0,0,0,0.0,1.0,0.0,0.0,0.0,0.0,0.0,0.0,,-100.0,0.0,-0.2750061394389691,0.1082947552204132,-0.0130866822281035,Dave Maurer,394,276531,1,0,0,0,0,0,0,1,0,0,0,0,0,0.0,0.0,0.14285714,,,,0.0,-0.1526762710627141,-0.2767609746869626,-0.0009759999811649,-0.0009760429966263,0.0,-0.3580000102519989,-0.03688820078969,0.0394000001251697,,0,-0.02477159909904,2.6051723264752802e-08,0.0,5.0,1.0,1.0,0.0,0.0,0.0,0.0,0.0,0.0,0.0,0.0,0.0,0.0,1.0,0.0,P,2001,-0.01,0,0,,,,,,,,,,,,,,,,,,
Jay Witasick,SDP,31,1,0,0,0,0,0.0,1.0,0.0,0.0,0.0,0.0,0.0,0.0,,-100.0,0.0,-0.2750061394389691,0.1082947552204132,-0.0130866822281035,Jay Witasick,1138,124482,1,0,0,0,0,0,0,1,0,0,0,0,0,0.0,0.0,0.14285714,,,,0.0,-0.1526762710627141,-0.2767609746869626,-0.0009820000268518,-0.0009820440318435,0.0,-0.1019999980926513,-0.0105100004002451,0.0394000001251697,,0,-0.0249237995594739,-5.8910885888247e-08,0.0,79.0,1.0,8.0,4.0,0.0,0.0,1.0,0.0,0.0,0.0,0.0,0.0,0.0,0.69230769,0.0,P,2001,-0.02,0,0,,,,,,,,,,,,,,,,,,
David Lee,SDP,41,1,0,0,0,0,0.0,1.0,0.0,0.0,0.0,0.0,0.0,0.0,,-100.0,0.0,-0.2750061394389691,0.1082947552204132,-0.0130866822281035,David Lee,1843,150049,1,0,0,0,0,0,0,1,0,0,0,0,0,0.0,0.0,0.14285714,,,,0.0,-0.1526762710627141,-0.2767609746869626,-0.0001000170013867,-9.99999974737e-05,0.0,-0.8230000138282776,-0.0790586024522781,0.0,,0,0.0,,0.0,48.2,2.0,2.0,0.0,0.0,0.0,0.0,0.0,0.0,0.0,0.0,0.0,0.0,1.0,0.0,P,2001,-0.02,0,0,,,,,,,,,,,,,,,,,,
Steve Woodard,CLE,29,1,0,0,0,0,0.0,0.0,0.0,0.0,0.0,0.0,0.0,0.0,,-100.0,0.0,-0.2789185361679616,0.1082947552204132,-0.0132779746141069,Steve Woodard,1285,124548,1,0,0,0,0,0,0,0,0,0,0,0,0,0.0,0.0,0.14285714,,,,0.0,-0.1526762710627141,-0.2767609746869626,-0.0002000329986913,-0.0001999999949475,0.0,-0.19200000166893,-0.0175583008676767,0.0,,0,0.0,,10.0,97.0,7.0,14.0,2.0,0.0,0.0,3.0,0.0,0.0,0.0,0.0,0.0,0.0,0.91304348,0.0,P,2001,-0.01,0,0,,,,,,,,,,,,,,,,,,
Alan Embree,SFG,22,1,0,0,0,0,0.0,0.0,0.0,0.0,0.0,0.0,0.0,0.0,,-100.0,0.0,-0.2781130688007893,0.1082947552204132,-0.0133902397208597,Alan Embree,1030,113833,1,0,0,0,0,0,0,0,0,0,0,0,0,0.0,0.0,0.14285714,,,,0.0,-0.1526762710627141,-0.2767609746869626,-0.0002939889964181,-0.0002939999976661,0.0,-0.7670000195503235,-0.0790314003825187,0.0099999997764825,,0,-0.0293988995254039,-7.735319502988335e-10,0.0,54.0,2.0,4.0,0.0,0.0,0.0,1.0,0.0,0.0,0.0,0.0,0.0,0.0,1.0,0.0,P,2001,-0.01,0,0,,,,,,,,,,,,,,,,,,
Robb Nen,SFG,79,1,0,0,0,0,0.0,0.0,0.0,0.0,0.0,0.0,0.0,0.0,,-100.0,0.0,-0.2781130688007893,0.1082947552204132,-0.0133902397208597,Robb Nen,1123,119718,1,0,0,0,0,0,0,0,0,0,0,0,0,0.0,0.0,0.14285714,,,,0.0,-0.1526762710627141,-0.2767609746869626,-0.0429599992930889,-0.0429599992930889,0.0,-0.1539999991655349,-0.0162962991744279,1.75600004196167,,0,-0.0244647003710269,8.875292594606732e-09,0.0,77.2,5.0,3.0,0.0,0.0,0.0,0.0,0.0,0.0,0.0,0.0,0.0,0.0,1.0,0.0,P,2001,-0.02,0,0,,,,,,,,,,,,,,,,,,
Dennis Cook,NYM,43,1,0,0,0,0,0.0,0.0,0.0,0.0,0.0,0.0,0.0,0.0,,-100.0,0.0,-0.2782371731217923,0.1082947552204132,-0.0134023651322021,Dennis Cook,8,112621,1,0,0,0,0,0,0,0,0,0,0,0,0,0.0,0.0,0.14285714,,,,0.0,-0.1526762710627141,-0.2767609746869626,-0.000195974993403,-0.0001959999935934,0.0,-0.1040000021457672,-0.0106995999813079,0.0099999997764825,,0,-0.0195975005626678,7.843226242087996e-10,0.0,45.2,2.0,3.0,1.0,0.0,0.0,0.0,0.0,0.0,0.0,0.0,0.0,0.0,0.83333333,0.0,P,2001,-0.02,0,0,,,,,,,,,,,,,,,,,,
Armando Benitez,NYM,73,1,0,0,1,0,0.0,0.0,0.0,0.0,0.0,0.0,0.0,0.0,,-100.0,0.0,-0.2782371731217923,0.1082947552204132,-0.0134023651322021,Armando Benitez,865,110859,1,0,0,0,0,0,0,0,0,0,0,0,0,0.0,0.0,0.14285714,,,,0.0,-0.1526762710627141,-0.2767609746869626,0.0043360101990401,0.0,0.0043359999544918,0.06700000166893,0.0075450399890542,0.2451999932527542,,0,0.0176835991442203,-3.3408675739060596e-08,0.0,76.1,4.0,4.0,0.0,0.0,0.0,0.0,0.0,0.0,0.0,0.0,0.0,0.0,1.0,0.0,P,2001,0.01,0,0,,,,,,,,,,,,,,,,,,
Brett Hinchliffe,NYM,1,1,0,0,0,0,0.0,1.0,0.0,0.0,0.0,0.0,0.0,0.0,,-100.0,0.0,-0.2782371731217923,0.1082947552204132,-0.0134023651322021,Brett Hinchliffe,1005840,150120,1,0,0,0,0,0,0,1,0,0,0,0,0,0.0,0.0,0.14285714,,,,0.0,-0.1526762710627141,-0.2767609746869626,-0.0592160001397132,-0.0592160001397132,0.0,-0.5929999947547913,-0.0576287992298603,1.368000030517578,,0,-0.0432865992188453,5.0374757171178786e-08,1.0,2.0,0.0,0.0,0.0,0.0,0.0,0.0,0.0,0.0,0.0,0.0,0.0,0.0,0.0,0.0,P,2001,-0.02,0,0,,,,,,,,,,,,,,,,,,
Brian Rose,NYM,3,1,0,0,0,0,0.0,0.0,0.0,0.0,0.0,0.0,0.0,0.0,,-100.0,0.0,-0.2782371731217923,0.1082947552204132,-0.0134023651322021,Brian Rose,1011201,121450,1,0,0,0,0,0,0,0,0,0,0,0,0,0.0,0.0,0.14285714,,,,0.0,-0.1526762710627141,-0.2767609746869626,0.0081759998574852,0.0,0.0081760203465819,0.2399999946355819,0.0270269997417926,0.1736000031232834,,0,0.0470968000590801,-2.753379943487566e-08,3.0,29.0,0.0,6.0,0.0,0.0,0.0,0.0,0.0,0.0,0.0,0.0,0.0,0.0,1.0,0.0,P,2001,0.06,0,0,,,,,,,,,,,,,,,,,,
Benito Baez,FLA,8,1,0,0,0,0,0.0,0.0,0.0,0.0,0.0,0.0,0.0,0.0,,-100.0,0.0,-0.2782412336882176,0.1082947552204132,-0.013402761863257,Benito Baez,1000408,407299,1,0,0,0,0,0,0,0,0,0,0,0,0,0.0,0.0,0.14285714,,,,0.0,-0.1526762710627141,-0.2767609746869626,-0.0023499999660998,-0.0023499899543821,0.0,-0.1000000014901161,-0.0104986997321248,0.0869999974966049,,0,-0.0270115006715059,6.031042696502675e-09,0.0,9.1,0.0,1.0,0.0,0.0,0.0,0.0,0.0,0.0,0.0,0.0,0.0,0.0,1.0,0.0,P,2001,-0.02,0,0,,,,,,,,,,,,,,,,,,
Joe Strong,FLA,5,1,0,0,0,0,0.0,1.0,0.0,0.0,0.0,0.0,0.0,0.0,,-100.0,0.0,-0.2782412336882176,0.1082947552204132,-0.013402761863257,Joe Strong,1012630,313392,1,0,0,0,0,0,0,1,0,0,0,0,0,0.0,0.0,0.14285714,,,,0.0,-0.1526762710627141,-0.2767609746869626,-0.0015679999487474,-0.0015680199721828,0.0,-0.257999986410141,-0.0247125998139381,0.0592000000178813,,0,-0.0264864992350339,1.3622300190641036e-08,0.0,6.2,0.0,4.0,0.0,0.0,0.0,0.0,0.0,0.0,0.0,0.0,0.0,0.0,1.0,0.0,P,2001,-0.02,0,0,,,,,,,,,,,,,,,,,,
Derek Lowe,BOS,67,1,0,0,0,0,0.0,1.0,0.0,0.0,0.0,0.0,0.0,0.0,,-100.0,0.0,-0.2808194698508801,0.1082947552204132,-0.0134637022556083,Derek Lowe,199,117955,1,0,0,0,0,0,0,1,0,0,0,0,0,0.0,0.0,0.14285714,,,,0.0,-0.1526762710627141,-0.2767609746869626,-0.0115900002419948,-0.0115900002419948,0.0,-0.1000000014901161,-0.0104986997321248,0.4550000131130218,,0,-0.0254726000130176,7.274274721122409e-08,3.0,91.2,6.0,17.0,1.0,0.0,0.0,2.0,0.0,0.0,0.0,0.0,0.0,0.0,0.95833333,0.0,P,2001,-0.01,0,0,,,,,,,,,,,,,,,,,,
Rod Beck,BOS,68,1,0,0,0,0,0.0,1.0,0.0,0.0,0.0,0.0,0.0,0.0,,-100.0,0.0,-0.2808194698508801,0.1082947552204132,-0.0134637022556083,Rod Beck,1730,110763,1,0,0,0,0,0,0,1,0,0,0,0,0,0.0,0.0,0.14285714,,,,0.0,-0.1526762710627141,-0.2767609746869626,-0.0112600000575184,-0.0112600000575184,0.0,-0.3510000109672546,-0.0368504002690315,0.4050000011920929,,0,-0.027802400290966,-6.89050225002874e-08,0.0,80.2,3.0,16.0,0.0,0.0,0.0,2.0,0.0,0.0,0.0,0.0,0.0,0.0,1.0,0.0,P,2001,-0.01,0,0,,,,,,,,,,,,,,,,,,
Scott Podsednik,SEA,5,6,0,1,3,0,0.0,0.166666666,0.333333334,0.2,0.166666666,0.166666666,0.5,0.2601598501205444,,57.24471242881691,0.0,-0.3234472569913532,-0.0240054856985807,-0.0135920359862346,Scott Podsednik,1095,325392,6,1,0,0,1,0,0,1,0,0,0,1,0,0.0,0.666666666,5.14285714,,,,0.0,0.4043468239813184,-0.3401613977641727,-0.3697839677333832,-0.3929519951343536,0.0231679994612932,-0.3799998760223388,-0.0068345014005899,1.662333369255066,0.3310000002384186,1,-0.092350997030735,-0.1300977455455466,1.0,18.0,3.0,0.0,0.0,0.0,0.0,0.0,0.0,0.0,0.0,0.0,0.0,0.0,2.0,0.0,CF,2001,-0.04,3,1,,,,,,,,,,,,,,,,,,
Rheal Cormier,PHI,60,1,0,0,0,0,0.0,0.0,0.0,0.0,0.0,0.0,0.0,0.0,,-100.0,0.0,-0.2808117063458981,0.1082947552204132,-0.0136539057240581,Rheal Cormier,952,112690,1,0,0,0,0,0,0,0,0,0,0,0,0,0.0,0.0,0.14285714,,,,0.0,-0.1526762710627141,-0.2767609746869626,-0.0205320008099079,-0.0205320008099079,0.0,-0.1019999980926513,-0.0105590000748634,0.8064000010490417,,0,-0.0254612993448972,-1.115013985308888e-08,0.0,51.1,6.0,10.0,1.0,0.0,0.0,2.0,0.0,0.0,0.0,0.0,0.0,0.0,0.94117647,0.0,P,2001,-0.02,0,0,,,,,,,,,,,,,,,,,,
Felix Heredia,CHC,48,1,0,0,0,0,0.0,1.0,0.0,0.0,0.0,0.0,0.0,0.0,,-100.0,0.0,-0.2809345887716832,0.1082947552204132,-0.0136659117521105,Felix Heredia,1304,115803,1,0,0,0,0,0,0,1,0,0,0,0,0,0.0,0.0,0.14285714,,,,0.0,-0.1526762710627141,-0.2767609746869626,-0.017052000388503,-0.017052000388503,0.0,-0.4339999854564667,-0.0449275001883506,0.6692000031471252,,0,-0.0254811998456716,2.7836839264216984e-08,0.0,35.0,3.0,1.0,0.0,0.0,0.0,0.0,0.0,0.0,0.0,0.0,0.0,0.0,1.0,0.0,P,2001,-0.01,0,0,,,,,,,,,,,,,,,,,,
Mike Timlin,STL,68,1,0,0,0,0,0.0,0.0,0.0,0.0,0.0,0.0,0.0,0.0,,-100.0,0.0,-0.2811194600280347,0.1082947552204132,-0.0136839742982857,Mike Timlin,1187,123348,1,0,0,0,0,0,0,0,0,0,0,0,0,0.0,0.0,0.14285714,,,,0.0,-0.1526762710627141,-0.2767609746869626,-0.0337600000202655,-0.0337600000202655,0.0,-0.367000013589859,-0.0364087000489234,1.184399962425232,,0,-0.0285039003938436,1.564942247664347e-08,0.0,72.2,6.0,14.0,1.0,0.0,0.0,2.0,0.0,0.0,0.0,0.0,0.0,0.0,0.95238095,0.0,P,2001,-0.01,0,0,,,,,,,,,,,,,,,,,,
Mike James,STL,40,1,0,0,0,0,0.0,0.0,0.0,0.0,0.0,0.0,0.0,0.0,,-100.0,0.0,-0.2811194600280347,0.1082947552204132,-0.0136839742982857,Mike James,1453,116480,1,0,0,0,0,0,0,0,0,0,0,0,0,0.0,0.0,0.14285714,,,,0.0,-0.1526762710627141,-0.2767609746869626,-0.0043399999849498,-0.0043399902060627,0.0,-0.1089999973773956,-0.0108134998008608,0.1632000058889389,,0,-0.0265931002795696,-3.5923521508191e-08,0.0,38.0,3.0,4.0,0.0,0.0,0.0,1.0,0.0,0.0,0.0,0.0,0.0,0.0,1.0,0.0,P,2001,-0.02,0,0,,,,,,,,,,,,,,,,,,
Chad Hutchinson,STL,3,1,0,0,0,0,0.0,0.0,0.0,0.0,0.0,0.0,0.0,0.0,,-100.0,0.0,-0.2811194600280347,0.1082947552204132,-0.0136839742982857,Chad Hutchinson,1006236,150454,1,0,0,0,0,0,0,0,0,0,0,0,0,0.0,0.0,0.14285714,,,,0.0,-0.1526762710627141,-0.2767609746869626,-0.0049999998882412,-0.0050000501796603,0.0,-0.324999988079071,-0.0254902001470327,0.1700000017881393,,0,-0.0294118002057075,3.6466596024103965e-08,0.0,4.0,0.0,0.0,0.0,0.0,0.0,0.0,0.0,0.0,0.0,0.0,0.0,0.0,0.0,0.0,P,2001,-0.02,0,0,,,,,,,,,,,,,,,,,,
Paul Hoover,TBD,3,4,0,1,0,0,0.0,0.25,0.0,0.333333333,0.25,0.25,0.25,0.2217787653207779,,27.730427186352436,-0.0002653735573403,-0.3647488705063993,0.0857338830828666,-0.0136905263204915,Paul Hoover,1212,150137,4,1,1,0,0,0,0,1,0,0,0,0,0,0.0,0.5,2.64285714,,,,-0.0002653735573403,0.1396993782073436,-0.3566394362896504,-0.0917060002684593,-0.0919060036540031,0.0001999740052269,-0.7820000052452087,-0.073183998465538,0.8438475131988525,0.0,1,-0.080926701426506,-0.0277493316648527,1.0,10.0,2.0,1.0,0.0,0.0,0.0,0.0,0.0,0.0,0.0,0.0,0.0,0.0,1.0,0.0,C,2001,-0.03,1,0,,,,,,,,,,,,,,,,,,
Jose Cabrera,ATL,55,1,0,0,0,0,0.0,1.0,0.0,0.0,0.0,0.0,0.0,0.0,,-100.0,0.0,-0.2814075367268147,0.1082947552204132,-0.0137121203647775,Jose Cabrera,679,111850,1,0,0,0,0,0,0,1,0,0,0,0,0,0.0,0.0,0.14285714,,,,0.0,-0.1526762710627141,-0.2767609746869626,-0.0002000240056077,-0.0001999999949475,0.0,-0.2029999941587448,-0.022860400378704,0.0099999997764825,,0,-0.0200024005025625,-5.052961625506834e-10,0.0,59.1,2.0,7.0,1.0,0.0,0.0,1.0,0.0,0.0,0.0,0.0,0.0,0.0,0.9,0.0,P,2001,-0.02,0,0,,,,,,,,,,,,,,,,,,
Mike Judd,TEX,4,1,0,0,0,0,0.0,1.0,0.0,0.0,0.0,0.0,0.0,0.0,,-100.0,0.0,-0.2849323691543164,0.1082947552204132,-0.0138655464094704,Mike Judd,1006639,116781,1,0,0,0,0,0,0,1,0,0,0,0,0,0.0,0.0,0.14285714,,,,0.0,-0.1526762710627141,-0.2767609746869626,-0.041092000901699,-0.041092000901699,0.0,-0.7360000014305115,-0.0796537026762962,1.6591999530792236,,0,-0.0247661005705595,-5.303584492410973e-08,3.0,29.0,3.0,1.0,0.0,0.0,0.0,0.0,0.0,0.0,0.0,0.0,0.0,0.0,1.0,0.0,P,2001,-0.02,0,0,,,,,,,,,,,,,,,,,,
Mark Petkovsek,TEX,55,1,0,0,0,0,0.0,0.0,0.0,0.0,0.0,0.0,0.0,0.0,,-100.0,0.0,-0.2849323691543164,0.1082947552204132,-0.0138655464094704,Mark Petkovsek,1010242,120472,1,0,0,0,0,0,0,0,0,0,0,0,0,0.0,0.0,0.14285714,,,,0.0,-0.1526762710627141,-0.2767609746869626,-0.02097599953413,-0.02097599953413,0.0,-0.2189999967813491,-0.0237013008445501,0.8460000157356262,,0,-0.0247942991554737,-2.6073812178784017e-08,0.0,76.2,5.0,9.0,0.0,0.0,0.0,0.0,0.0,0.0,0.0,0.0,0.0,0.0,1.0,0.0,P,2001,-0.02,0,0,,,,,,,,,,,,,,,,,,
Josias Manzanillo,PIT,71,1,0,0,0,0,0.0,0.0,0.0,0.0,0.0,0.0,0.0,0.0,,-100.0,0.0,-0.283567236524445,0.1082947552204132,-0.0139231303297065,Josias Manzanillo,996,118268,1,0,0,0,0,0,0,0,0,0,0,0,0,0.0,0.0,0.14285714,,,,0.0,-0.1526762710627141,-0.2767609746869626,-0.00549201015383,-0.0054919901303946,0.0,-0.1129999980330467,-0.0109815001487731,0.2088000029325485,,0,-0.0263027008622884,-2.9390087093184025e-08,0.0,79.2,4.0,6.0,1.0,0.0,0.0,0.0,0.0,0.0,0.0,0.0,0.0,0.0,0.90909091,0.0,P,2001,-0.01,0,0,,,,,,,,,,,,,,,,,,
Curt Leskanic,MIL,70,1,0,0,0,0,0.0,0.0,0.0,0.0,0.0,0.0,0.0,0.0,,-100.0,0.0,-0.2836040349420132,0.1082947552204132,-0.0139267256593949,Curt Leskanic,694,117710,1,0,0,0,0,0,0,0,0,0,0,0,0,0.0,0.0,0.14285714,,,,0.0,-0.1526762710627141,-0.2767609746869626,-0.0118019999936223,-0.0118019999936223,0.0,-0.125,-0.0114312004297971,0.4347999989986419,,0,-0.0271435007452964,-1.3561977391801651e-08,0.0,69.1,7.0,4.0,2.0,0.0,0.0,0.0,0.0,0.0,0.0,0.0,0.0,0.0,0.84615385,0.0,P,2001,-0.01,0,0,,,,,,,,,,,,,,,,,,
Brandon Kolb,MIL,10,1,0,0,0,0,0.0,0.0,0.0,0.0,0.0,0.0,0.0,0.0,,-100.0,0.0,-0.2836040349420132,0.1082947552204132,-0.0139267256593949,Brandon Kolb,1007084,276524,1,0,0,0,0,0,0,0,0,0,0,0,0,0.0,0.0,0.14285714,,,,0.0,-0.1526762710627141,-0.2767609746869626,-0.023684000596404,-0.023684000596404,0.0,-0.2329999953508377,-0.0241200998425483,0.9351999759674072,,0,-0.0253250002861022,-6.515982484481264e-08,0.0,9.2,0.0,1.0,0.0,0.0,0.0,0.0,0.0,0.0,0.0,0.0,0.0,0.0,1.0,0.0,P,2001,-0.02,0,0,,,,,,,,,,,,,,,,,,
Mike Kinkade,BAL,61,177,4,19,16,2,0.079096045,0.175141242,0.10625,0.32,0.275,0.344632768,0.38125,0.3233977148761857,,99.33917057266044,-0.0460863967891782,-0.1935636468266234,-6.002743244171143,-0.0141061204660831,Mike Kinkade,660,136726,160,44,35,5,0,14,0,31,3,0,0,8,1,0.451612903,0.725882768,2.8427868001187795,,,,-0.0460863967891782,21.396398518743265,-0.5665940227487222,-1.3662601709365845,-3.720479965209961,2.354219913482666,-7.309000015258789,-0.7118321657180786,1.0520763397216797,1.24164617061615,13,-0.4522121548652649,-0.8464200064644161,33.0,296.0,72.0,13.0,2.0,0.0,0.0,0.0,0.0,0.0,0.0,0.0,0.0,1.0,4.96078431,-4.0,LF,2001,-0.27,61,9,,,,,,,,,,,,,,,,,,
John Riedling,CIN,29,1,0,0,0,0,0.0,1.0,0.0,0.0,0.0,0.0,0.0,0.0,,-100.0,0.0,-0.2861020954068722,0.1082947552204132,-0.0141707946043746,John Riedling,1515,150180,1,0,0,0,0,0,0,1,0,0,0,0,0,0.0,0.0,0.14285714,,,,0.0,-0.1526762710627141,-0.2767609746869626,-0.0144260004162788,-0.0144260004162788,0.0,-0.1129999980330467,-0.0110298004001379,0.5432000160217285,,0,-0.0265574008226394,-3.6568345046505974e-08,0.0,33.2,3.0,6.0,0.0,0.0,0.0,0.0,0.0,0.0,0.0,0.0,0.0,0.0,1.0,0.0,P,2001,-0.02,0,0,,,,,,,,,,,,,,,,,,
Justin Atchley,CIN,15,1,0,0,0,0,0.0,1.0,0.0,0.0,0.0,0.0,0.0,0.0,,-100.0,0.0,-0.2861020954068722,0.1082947552204132,-0.0141707946043746,Justin Atchley,1000346,280057,1,0,0,0,0,0,0,1,0,0,0,0,0,0.0,0.0,0.14285714,,,,0.0,-0.1526762710627141,-0.2767609746869626,-0.0334040001034736,-0.0334040001034736,0.0,-0.3589999973773956,-0.0328303985297679,1.128000020980835,,0,-0.0296135004609823,2.574275693306705e-08,0.0,10.1,0.0,0.0,0.0,0.0,0.0,0.0,0.0,0.0,0.0,0.0,0.0,0.0,0.0,0.0,P,2001,-0.02,0,0,,,,,,,,,,,,,,,,,,
Frankie Rodriguez,CIN,7,1,0,0,0,0,0.0,1.0,0.0,0.0,0.0,0.0,0.0,0.0,,-100.0,0.0,-0.2861020954068722,0.1082947552204132,-0.0141707946043746,Frankie Rodriguez,1011106,121355,1,0,0,0,0,0,0,1,0,0,0,0,0,0.0,0.0,0.14285714,,,,0.0,-0.1526762710627141,-0.2767609746869626,-0.01592200063169,-0.01592200063169,0.0,-0.25,-0.0244021005928516,0.6064000129699707,,0,-0.026256600394845,3.6086597599016557e-09,0.0,8.2,0.0,3.0,0.0,0.0,0.0,0.0,0.0,0.0,0.0,0.0,0.0,0.0,1.0,0.0,P,2001,-0.02,0,0,,,,,,,,,,,,,,,,,,
Brian Powell,HOU,1,1,0,0,0,0,0.0,1.0,0.0,0.0,0.0,0.0,0.0,0.0,,-100.0,0.0,-0.2877471687015118,0.1082947552204132,-0.0143315238217355,Brian Powell,490,150064,1,0,0,0,0,0,0,1,0,0,0,0,0,0.0,0.0,0.14285714,,,,0.0,-0.1526762710627141,-0.2767609746869626,-0.0376080013811588,-0.0376080013811588,0.0,-0.3600000143051147,-0.0370370000600814,1.6327999830245972,,0,-0.0230327993631362,-2.8767774024052173e-08,1.0,3.0,0.0,0.0,0.0,0.0,0.0,0.0,0.0,0.0,0.0,0.0,0.0,0.0,0.0,0.0,P,2001,-0.02,0,0,,,,,,,,,,,,,,,,,,
Mike Jackson,HOU,67,1,0,0,0,0,0.0,0.0,0.0,0.0,0.0,0.0,0.0,0.0,,-100.0,0.0,-0.2877471687015118,0.1082947552204132,-0.0143315238217355,Mike Jackson,732,116436,1,0,0,0,0,0,0,0,0,0,0,0,0,0.0,0.0,0.14285714,,,,0.0,-0.1526762710627141,-0.2767609746869626,-0.0012880299473181,-0.0012880000285804,0.0,-0.3619999885559082,-0.0372427999973297,0.049600001424551,,0,-0.0259684007614851,5.5795257185298215e-08,0.0,69.0,7.0,4.0,0.0,0.0,0.0,0.0,0.0,0.0,0.0,0.0,0.0,0.0,1.0,0.0,P,2001,-0.02,0,0,,,,,,,,,,,,,,,,,,
Jay Powell,HOU,35,1,0,0,0,0,0.0,1.0,0.0,0.0,0.0,0.0,0.0,0.0,,-100.0,0.0,-0.2877471687015118,0.1082947552204132,-0.0143315238217355,Jay Powell,1271,120717,1,0,0,0,0,0,0,1,0,0,0,0,0,0.0,0.0,0.14285714,,,,0.0,-0.1526762710627141,-0.2767609746869626,-0.0073380097746849,-0.0073379999957978,0.0,-0.19200000166893,-0.0175583008676767,0.2773999869823456,,0,-0.0264528002589941,-1.1994208761606506e-08,0.0,75.0,9.0,8.0,1.0,0.0,0.0,2.0,0.0,0.0,0.0,0.0,0.0,0.0,0.94444444,0.0,P,2001,-0.02,0,0,,,,,,,,,,,,,,,,,,
Eric Knott,ARI,3,1,0,0,0,0,0.0,1.0,0.0,0.0,0.0,0.0,0.0,0.0,,-100.0,0.0,-0.2878880591805997,0.1082947552204132,-0.0143452892974205,Eric Knott,62,407482,1,0,0,0,0,0,0,1,0,0,0,0,0,0.0,0.0,0.14285714,,,,0.0,-0.1526762710627141,-0.2767609746869626,-0.016364000737667,-0.016364000737667,0.0,-0.1739999949932098,-0.0169095993041992,0.6416000127792358,,0,-0.0255050007253885,1.25524882398087e-08,1.0,4.2,0.0,0.0,0.0,0.0,0.0,0.0,0.0,0.0,0.0,0.0,0.0,0.0,0.0,0.0,P,2001,-0.02,0,0,,,,,,,,,,,,,,,,,,
Mike Koplove,ARI,9,1,0,0,0,0,0.0,1.0,0.0,0.0,0.0,0.0,0.0,0.0,,-100.0,0.0,-0.2878880591805997,0.1082947552204132,-0.0143452892974205,Mike Koplove,63,407377,1,0,0,0,0,0,0,1,0,0,0,0,0,0.0,0.0,0.14285714,,,,0.0,-0.1526762710627141,-0.2767609746869626,-0.0148360002785921,-0.0148360002785921,0.0,-0.1150000020861625,-0.0110152997076511,0.5591999888420105,,0,-0.0265308003872632,4.1133647342428414e-08,0.0,10.0,0.0,1.0,0.0,0.0,0.0,0.0,0.0,0.0,0.0,0.0,0.0,0.0,1.0,0.0,P,2001,-0.02,0,0,,,,,,,,,,,,,,,,,,
Troy Brohawn,ARI,59,1,0,0,0,0,0.0,0.0,0.0,0.0,0.0,0.0,0.0,0.0,,-100.0,0.0,-0.2878880591805997,0.1082947552204132,-0.0143452892974205,Troy Brohawn,1110,150151,1,0,0,0,0,0,0,0,0,0,0,0,0,0.0,0.0,0.14285714,,,,0.0,-0.1526762710627141,-0.2767609746869626,-0.0405000001192092,-0.0405000001192092,0.0,-0.324999988079071,-0.0254902001470327,1.409999966621399,,0,-0.0287234000861644,-4.9336627352958295e-09,0.0,49.1,2.0,8.0,0.0,0.0,0.0,1.0,0.0,0.0,0.0,0.0,0.0,0.0,1.0,0.0,P,2001,-0.02,0,0,,,,,,,,,,,,,,,,,,
Geraldo Guzman,ARI,4,1,0,0,0,0,0.0,1.0,0.0,0.0,0.0,0.0,0.0,0.0,,-100.0,0.0,-0.2878880591805997,0.1082947552204132,-0.0143452892974205,Geraldo Guzman,1005159,275698,1,0,0,0,0,0,0,1,0,0,0,0,0,0.0,0.0,0.14285714,,,,0.0,-0.1526762710627141,-0.2767609746869626,-0.0066039999946951,-0.0066039799712598,0.0,-0.1780000030994415,-0.0170498006045818,0.2567999958992004,,0,-0.0257165003567934,-1.0936639014552664e-08,0.0,9.1,0.0,0.0,0.0,0.0,0.0,0.0,0.0,0.0,0.0,0.0,0.0,0.0,0.0,0.0,P,2001,-0.02,0,0,,,,,,,,,,,,,,,,,,
Ugueth Urbina,MON,45,1,0,0,0,0,0.0,1.0,0.0,0.0,0.0,0.0,0.0,0.0,,-100.0,0.0,-0.2889816554006161,0.1082947552204132,-0.0144521373418966,Ugueth Urbina,216,123584,1,0,0,0,0,0,0,1,0,0,0,0,0,0.0,0.0,0.14285714,,,,0.0,-0.1526762710627141,-0.2767609746869626,-0.005392009858042,-0.0053920000791549,0.0,-0.1780000030994415,-0.0170988999307155,0.2064000070095062,,0,-0.0261240992695093,2.1387120192895015e-08,0.0,66.2,1.0,7.0,0.0,0.0,0.0,0.0,0.0,0.0,0.0,0.0,0.0,0.0,1.0,0.0,P,2001,-0.02,0,0,,,,,,,,,,,,,,,,,,
Mike Johnson,MON,10,1,0,0,0,0,0.0,1.0,0.0,0.0,0.0,0.0,0.0,0.0,,-100.0,0.0,-0.2889816554006161,0.1082947552204132,-0.0144521373418966,Mike Johnson,1006487,116611,1,0,0,0,0,0,0,1,0,0,0,0,0,0.0,0.0,0.14285714,,,,0.0,-0.1526762710627141,-0.2767609746869626,-0.0107199996709823,-0.0107199996709823,0.0,-0.1780000030994415,-0.0170988999307155,0.414000004529953,,0,-0.0258936993777751,-1.9350932613237948e-08,0.0,11.1,0.0,0.0,0.0,0.0,0.0,0.0,0.0,0.0,0.0,0.0,0.0,0.0,0.0,0.0,P,2001,-0.02,0,0,,,,,,,,,,,,,,,,,,
Jose Jimenez,COL,56,1,0,0,0,0,0.0,0.0,0.0,0.0,0.0,0.0,0.0,0.0,,-100.0,0.0,-0.3078395815309109,0.1082947552204132,-0.0162946204202179,Jose Jimenez,435,150455,1,0,0,0,0,0,0,0,0,0,0,0,0,0.0,0.0,0.14285714,,,,0.0,-0.1526762710627141,-0.2767609746869626,0.003499980084598,0.0,0.0035000001080334,1.2170000076293943,0.0954509973526001,0.0599999986588954,,0,0.0583330988883972,-9.617458526095525e-08,0.0,55.0,2.0,12.0,0.0,0.0,0.0,0.0,0.0,0.0,0.0,0.0,0.0,0.0,1.0,0.0,P,2001,0.06,0,0,,,,,,,,,,,,,,,,,,
Todd Belitz,COL,8,1,0,0,0,0,0.0,1.0,0.0,0.0,0.0,0.0,0.0,0.0,,-100.0,0.0,-0.3078395815309109,0.1082947552204132,-0.0162946204202179,Todd Belitz,1000793,277411,1,0,0,0,0,0,0,1,0,0,0,0,0,0.0,0.0,0.14285714,,,,0.0,-0.1526762710627141,-0.2767609746869626,-0.0043000001460313,-0.0043000001460313,0.0,-0.9210000038146972,-0.0722353011369705,0.1500000059604644,,0,-0.0286666993051767,3.280407851954936e-08,0.0,9.1,0.0,1.0,0.0,0.0,0.0,0.0,0.0,0.0,0.0,0.0,0.0,0.0,1.0,0.0,P,2001,-0.02,0,0,,,,,,,,,,,,,,,,,,
Michael Young,TEX,106,429,11,57,49,3,0.06060606,0.212121212,0.152849741,0.294117647,0.248704663,0.297619047,0.401554404,0.3018801083167394,,76.54427192976333,0.1432986638974398,-12.54398355372721,-2.43049955368042,-0.0168422234119365,Michael Young,1286,276545,386,96,63,18,4,26,0,91,3,5,9,9,1,0.285714285,0.699173451,5.3289776805510085,,,,0.1432986638974398,44.05058386367275,-9.18175399112986,-0.5872740149497986,-6.980835914611816,6.393561840057373,-5.556099891662598,-0.4627093374729156,0.9122601747512816,1.483799934387207,2,-0.5306652188301086,-0.113091936424326,102.0,915.1,212.0,285.0,8.0,0.0,0.0,80.0,0.0,0.0,0.0,0.0,0.0,0.0,0.98415842,-4.0,2B,2001,0.52,155,33,,,,,,,,,,,,,,,,,,
Chad Moeller,ARI,25,63,1,8,2,0,0.095238095,0.19047619,0.089285714,0.279069767,0.232142857,0.306451612,0.321428571,0.2757515790032558,,58.1924804615629,-0.0042459769174456,-3.446044067972438,1.2059928178787231,-0.017160837805845,Chad Moeller,66,150224,56,13,11,0,1,6,1,12,0,0,1,2,0,0.5,0.627880183,4.44841269,,,,-0.0042459769174456,5.0765445603718,-2.740791767955856,-0.5661479830741882,-1.143947958946228,0.5777999758720398,-5.934000015258789,-0.5603501200675964,0.8273406624794006,4.461599826812744,2,-0.1938644498586654,-0.4904340607180274,13.0,140.2,111.0,7.0,0.0,0.0,0.0,0.0,0.0,0.0,0.0,0.0,1.0,4.0,1.0,0.0,C,2001,-0.08,18,2,,,,,,,,,,,,,,,,,,
Mike Mussina,NYY,34,7,0,0,1,0,0.0,0.285714285,0.0,0.2,0.142857142,0.142857142,0.142857142,0.1267307230404445,,-33.97925601770619,-0.0002653735573403,-1.1827567767693403,0.7580632567405701,-0.0177461757330777,Mike Mussina,837,119608,7,1,1,0,0,0,0,2,0,0,0,0,0,0.0,0.285714284,0.14285714,,,,-0.0002653735573403,-0.3183294349807987,-1.1869223603505383,-0.1112719997763633,-0.214368000626564,0.1030960008502006,-0.7999999523162842,-0.0773285031318664,1.4250271320343018,,0,-0.088257797062397,0.0101736699079078,34.0,228.2,18.0,25.0,1.0,0.0,0.0,4.0,0.0,0.0,0.0,0.0,0.0,0.0,0.97727273,0.0,P,2001,-0.03,1,0,,,,,,,,,,,,,,,,,,
Brian Johnson,LAD,3,4,0,0,1,0,0.0,0.25,0.0,0.333333333,0.25,0.25,0.25,0.2217787653207779,,32.63200112174374,-0.0002653735573403,-0.352396225109213,0.0342935509979724,-0.0182733732906694,Brian Johnson,1006432,116566,4,1,1,0,0,0,0,1,0,0,0,0,0,0.0,0.5,0.14285714,,,,-0.0002653735573403,0.1396993782073436,-0.3566394362896504,-0.003689999692142,-0.0173659995198249,0.0136759998276829,0.4590000212192535,0.0515224039554595,0.2146500051021576,0.4129999876022339,1,0.0380927994847297,-0.0552835733232202,0.0,4.0,3.0,0.0,0.0,0.0,0.0,0.0,0.0,0.0,0.0,0.0,0.0,1.0,1.0,0.0,C,2001,-0.02,1,0,,,,,,,,,,,,,,,,,,
Jason Middlebrook,SDP,4,7,0,0,1,0,0.0,0.857142857,0.0,1.0,0.142857142,0.142857142,0.142857142,0.1267307230404445,,-28.41500046895693,-0.0002653735573403,-1.1749038871719244,0.7580632567405701,-0.0183156558188938,Jason Middlebrook,1048,276525,7,1,1,0,0,0,0,6,0,0,0,0,0,0.0,0.285714284,0.14285714,,,,-0.0002653735573403,-0.3183294349807987,-1.1869223603505383,-0.1213300079107284,-0.2194819897413253,0.0981519967317581,-1.3489999771118164,-0.1479196101427078,1.4125443696975708,,0,-0.0682332962751388,-0.017661356320238,3.0,19.1,0.0,2.0,0.0,0.0,0.0,0.0,0.0,0.0,0.0,0.0,0.0,0.0,1.0,0.0,P,2001,-0.02,1,0,,,,,,,,,,,,,,,,,,
Bartolo Colon,CLE,34,7,0,0,0,0,0.0,0.714285714,0.0,0.5,0.142857142,0.142857142,0.142857142,0.1267307230404445,,-36.19249470004733,-0.0002653735573403,-1.2022906642748716,0.7580632567405701,-0.0196547025209176,Bartolo Colon,375,112526,7,1,1,0,0,0,0,5,0,0,0,0,0,0.0,0.285714284,0.14285714,,,,-0.0002653735573403,-0.3183294349807987,-1.1869223603505383,-0.0944140031933784,-0.1046040058135986,0.0101899998262524,-2.6490001678466797,-0.2509270012378692,0.4662286937236786,,0,-0.1646952033042907,-0.037810572218258,34.0,222.1,12.0,27.0,1.0,0.0,0.0,4.0,0.0,0.0,0.0,0.0,0.0,0.0,0.975,0.0,P,2001,-0.03,1,0,,,,,,,,,,,,,,,,,,
Freddy Garcia,SEA,34,9,0,0,0,0,0.0,0.444444444,0.0,0.333333333,0.142857142,0.142857142,0.142857142,0.1267307230404445,,-32.27191464480589,-0.0002653735573403,-1.5012371971345173,0.9746527671813964,-0.0209161716018037,Freddy Garcia,1077,150119,7,1,1,0,0,0,0,4,0,0,2,0,0,0.0,0.285714284,0.14285714,,,,-0.0002653735573403,-0.4092807021181698,-1.5260430347364062,0.0316979996860027,-0.0641179978847503,0.0958160012960434,-0.0980000495910644,-0.0043979957699775,0.4872221946716308,,0,-0.097490094602108,0.1625487065304212,34.0,238.2,29.0,39.0,1.0,0.0,0.0,5.0,0.0,0.0,0.0,0.0,0.0,0.0,0.98550725,0.0,P,2001,-0.03,1,0,,,,,,,,,,,,,,,,,,
Adrian Brown,PIT,8,34,1,3,2,2,0.088235294,0.088235294,0.096774193,0.185185185,0.193548387,0.264705882,0.29032258,0.2508659783531637,,45.389868133134826,-0.0344099602662026,-2.4606992480825074,1.1045952960848808,-0.0213454887254905,Adrian Brown,985,111531,31,6,5,0,0,3,0,3,0,0,0,1,1,1.0,0.555028462,4.318852559884282,,,,-0.0344099602662026,2.024003537882548,-2.1948763853419013,-0.3050560057163238,-0.7815079689025879,0.4764519929885864,-3.775700092315674,-0.3653773367404938,0.9954262971878052,1.3567999601364136,1,-0.3036448955535888,-0.0028127563872353,7.0,61.0,17.0,0.0,0.0,0.0,0.0,0.0,0.0,0.0,0.0,0.0,0.0,0.0,1.0,1.0,CF,2001,-0.07,9,1,,,,,,,,,,,,,,,,,,
P.J. Forbes,PHI,3,7,0,1,1,0,0.0,0.285714285,0.0,0.4,0.285714285,0.285714285,0.285714285,0.253461446080889,,49.178689166229006,-0.0005307471146807,-0.4654037666195678,0.0154320932924747,-0.0215526706147293,P.J. Forbes,1004212,137040,7,2,2,0,0,0,0,2,0,0,0,0,0,0.0,0.57142857,2.64285714,,,,-0.0005307471146807,0.4320750274774012,-0.4365178978923383,0.0230339802801609,-0.0447360388934612,0.0677699968218803,0.132999986410141,0.0132140489295125,0.5002285838127136,0.2511000037193298,2,-0.0566128715872764,0.1026597809913677,1.0,9.0,2.0,2.0,0.0,0.0,0.0,0.0,0.0,0.0,0.0,0.0,0.0,0.0,1.0,0.0,2B,2001,0.03,2,0,,,,,,,,,,,,,,,,,,
Jesse Garcia,ATL,22,6,0,3,0,6,0.0,0.166666666,0.0,0.25,0.2,0.2,0.2,0.1774230122566223,,-0.4991545901750641,0.3351606887881644,-0.452799176622884,0.0348650962114334,-0.0216240726772611,Jesse Garcia,1418,150019,5,1,1,0,0,0,0,1,0,0,1,0,2,0.0,0.4,6.736059479553903,,,,0.3351606887881644,-0.0155722714264445,-0.7600804931719356,-0.0926640555262565,-0.4302519857883453,0.3375879824161529,-0.5439999103546143,-0.0684701576828956,2.0566117763519287,2.243000030517578,2,-0.0510661527514457,0.0060094937398813,0.0,12.1,3.0,3.0,0.0,0.0,0.0,1.0,0.0,0.0,0.0,0.0,0.0,0.0,2.0,0.0,2B,2001,-0.03,1,0,,,,,,,,,,,,,,,,,,
Kevin Brown,LAD,20,41,1,2,2,0,0.0,0.292682926,0.083333333,0.086956521,0.083333333,0.153846153,0.166666666,0.1527374799434955,,-12.060420283127993,-0.0013268677867017,-6.005131370446805,4.440084934234619,-0.0216454158071262,Kevin Brown,642,111554,36,3,2,0,0,0,0,12,3,0,2,0,0,0.0,0.320512819,2.64285714,,,,-0.0013268677867017,-0.9625446476281362,-6.050017496222325,-0.4573741555213928,-0.7247920036315918,0.2674179971218109,-4.744999885559082,-0.4967996180057525,0.8924630880355835,,0,-0.491425096988678,-0.0210601381465109,19.0,115.2,10.0,22.0,2.0,0.0,0.0,1.0,0.0,0.0,0.0,0.0,0.0,0.0,0.94117647,0.0,P,2001,0.07,6,1,,,,,,,,,,,,,,,,,,
Ken Huckaby,ARI,1,1,0,0,0,0,0.0,1.0,0.0,0.0,0.0,0.0,0.0,0.0,,-100.0,0.0,-0.2878880591805997,0.0257201641798019,-0.0224131057497936,Ken Huckaby,1306,279570,1,0,0,0,0,0,0,1,0,0,0,0,0,0.0,0.0,0.14285714,,,,0.0,-0.1526762710627141,-0.2767609746869626,-0.0523720011115074,-0.0523720011115074,0.0,-0.2450000047683715,-0.0238095000386238,1.8215999603271484,,0,-0.0287506002932786,5.008899469846617e-08,0.0,3.0,5.0,0.0,0.0,0.0,0.0,0.0,0.0,0.0,0.0,0.0,0.0,0.0,1.0,0.0,C,2001,-0.03,0,0,,,,,,,,,,,,,,,,,,
Jason Smith,CHC,2,1,0,0,0,0,0.0,1.0,0.0,0.0,0.0,0.0,0.0,0.0,,-100.0,0.0,-0.2809345887716832,0.0051440321840345,-0.0237440857993521,Jason Smith,1227,400136,1,0,0,0,0,0,0,1,0,0,0,0,0,0.0,0.0,0.14285714,,,,0.0,-0.1526762710627141,-0.2767609746869626,-0.0093440096825361,-0.0093440003693103,0.0,-0.1599999964237213,-0.0164608992636203,0.3684000074863434,0.3684000074863434,1,-0.0253637991845607,3.8346736938588144e-08,0.0,1.0,2.0,0.0,0.0,0.0,0.0,0.0,0.0,0.0,0.0,0.0,0.0,0.0,1.0,0.0,SS,2001,-0.04,0,0,,,,,,,,,,,,,,,,,,
Sandy Martinez,MON,1,1,0,0,0,0,0.0,0.0,0.0,0.0,0.0,0.0,0.0,0.0,,-100.0,0.0,-0.2889816554006161,0.0114311557263135,-0.0239160381833822,Sandy Martinez,784,118359,1,0,0,0,0,0,0,0,0,0,0,1,0,0.0,0.0,0.14285714,,,,0.0,-0.1526762710627141,-0.2767609746869626,-0.1374240070581436,-0.1374240070581436,0.0,-0.5239999890327454,-0.0539094991981983,3.036799907684326,,0,-0.045252900570631,-9.163604458573003e-10,0.0,1.1,2.0,0.0,0.0,0.0,0.0,0.0,0.0,0.0,0.0,0.0,0.0,0.0,1.0,0.0,C,2001,-0.05,0,0,,,,,,,,,,,,,,,,,,
Mark Leiter,MIL,20,7,0,0,0,0,0.0,0.571428571,0.0,0.333333333,0.142857142,0.142857142,0.142857142,0.1267307230404445,,-34.99463428464508,-0.0002653735573403,-1.2350891556932333,0.7580632567405701,-0.024195959837934,Mark Leiter,1007501,117653,7,1,1,0,0,0,0,4,0,0,0,0,0,0.0,0.285714284,0.14285714,,,,-0.0002653735573403,-0.3183294349807987,-1.1869223603505383,-0.0567599795758724,-0.0567599982023239,0.0,-1.2480000257492063,-0.1241123974323272,0.3046001493930816,,0,-0.1856684982776641,-0.0006740878601533,3.0,36.0,4.0,7.0,0.0,0.0,0.0,0.0,0.0,0.0,0.0,0.0,0.0,0.0,1.0,0.0,P,2001,-0.03,1,0,,,,,,,,,,,,,,,,,,
Andy Abad,OAK,1,1,0,0,0,0,0.0,0.0,0.0,0.0,0.0,0.0,0.0,0.0,,-100.0,0.0,-0.2761043028648915,-0.0085733877494931,-0.0244214268222447,Andy Abad,506,407577,1,0,0,0,0,0,0,0,0,0,0,0,0,0.0,0.0,0.14285714,,,,0.0,-0.1526762710627141,-0.2767609746869626,-0.0001000170013867,-9.99999974737e-05,0.0,-0.1599999964237213,-0.0164103005081415,0.0,0.0,1,0.0,,0.0,1.0,2.0,0.0,0.0,0.0,0.0,1.0,0.0,0.0,0.0,0.0,0.0,0.0,1.0,0.0,1B,2001,-0.03,0,0,,,,,,,,,,,,,,,,,,
Juan Sosa,ARI,2,1,0,0,0,0,0.0,1.0,0.0,0.0,0.0,0.0,0.0,0.0,,-100.0,0.0,-0.2878880591805997,0.001714676967822,-0.0247585229324327,Juan Sosa,1012286,150057,1,0,0,0,0,0,0,1,0,0,0,0,0,0.0,0.0,0.14285714,,,,0.0,-0.1526762710627141,-0.2767609746869626,-0.0078099998645484,-0.0078099998645484,0.0,-0.3600000143051147,-0.0370942987501621,0.2870000004768371,,0,-0.0272125005722045,-4.246463336521344e-08,0.0,1.0,0.0,1.0,0.0,0.0,0.0,0.0,0.0,0.0,0.0,0.0,0.0,0.0,1.0,0.0,3B,2001,-0.01,0,0,,,,,,,,,,,,,,,,,,
Keith Ginter,HOU,1,1,0,0,0,0,0.0,0.0,0.0,0.0,0.0,0.0,0.0,0.0,,-100.0,0.0,-0.2877471687015118,0.0,-0.024912287188075,Keith Ginter,1500,348562,1,0,0,0,0,0,0,0,0,0,0,0,0,0.0,0.0,0.14285714,,,,0.0,-0.1526762710627141,-0.2767609746869626,-0.0078320102766156,-0.0078320000320672,0.0,-0.2560000121593475,-0.0245916992425918,0.295199990272522,0.295199990272522,1,-0.0265312008559703,-1.4232668515967714e-10,,,,,,,,,,,,,,,,,,2001,-0.03,0,0,,,,,,,,,,,,,,,,,,
Tomas De La Rosa,MON,1,1,0,0,0,0,0.0,0.0,0.0,0.0,0.0,0.0,0.0,0.0,,-100.0,0.0,-0.2889816554006161,0.0,-0.0250329007082361,Tomas De La Rosa,7227,150401,1,0,0,0,0,0,0,0,0,0,0,0,0,0.0,0.0,0.14285714,,,,0.0,-0.1526762710627141,-0.2767609746869626,-0.0344039984047412,-0.0344039984047412,0.0,-0.3849999904632568,-0.036983698606491,1.2111999988555908,1.2111999988555908,1,-0.028404900804162,1.4379749790210951e-08,,,,,,,,,,,,,,,,,,2001,-0.03,0,0,,,,,,,,,,,,,,,,,,
Mark Smith,MON,80,222,6,28,18,0,0.103603603,0.171171171,0.170103093,0.269736842,0.242268041,0.325791855,0.412371134,0.3221969566733589,,87.42103060338509,-0.8783733805175871,-4.5274961388916,-2.9827401638031006,-0.0253206273947582,Mark Smith,540,122432,194,47,27,13,1,23,0,38,2,2,1,3,2,0.605263157,0.738162989,3.2377232142857144,,,,-0.8783733805175871,26.610672564640247,-0.9361316399429218,-0.0525502189993858,-3.665163993835449,3.612614154815674,-4.825000286102295,-0.5237078070640564,0.9061263203620912,1.047130823135376,26,-0.0911893844604492,0.033195021181843,48.0,431.4,100.0,2.0,0.0,0.0,0.0,1.0,0.0,0.0,0.0,0.0,0.0,0.0,4.0,-1.0,LF,2001,-0.06,80,20,,,,,,,,,,,,,,,,,,
John Halama,SEA,31,2,0,0,0,0,0.0,0.0,0.0,0.0,0.0,0.0,0.0,0.0,,-100.0,0.0,-0.5479505691163187,0.2165895104408264,-0.0255900044705542,John Halama,1080,134280,1,0,0,0,0,0,0,0,0,0,1,0,0,0.0,0.0,0.14285714,,,,0.0,-0.3053525421254282,-0.5535219493739252,-0.0031919500324875,-0.0031920000910758,0.0,-0.2460000067949295,-0.025347800925374,0.5734999775886536,,0,-0.0274669993668794,0.0219012623882863,17.0,110.1,9.0,21.0,1.0,0.0,0.0,0.0,0.0,0.0,0.0,0.0,0.0,0.0,0.96774194,0.0,P,2001,-0.03,0,0,,,,,,,,,,,,,,,,,,
Jamie Moyer,SEA,33,2,0,0,0,0,0.0,0.0,0.0,0.0,0.0,0.0,0.0,0.0,,-100.0,0.0,-0.5479505691163187,0.2165895104408264,-0.0255900044705542,Jamie Moyer,1091,119469,1,0,0,0,0,0,0,0,0,0,1,0,0,0.0,0.0,0.14285714,,,,0.0,-0.3053525421254282,-0.5535219493739252,-0.0568999983370304,-0.0568999983370304,0.0,-0.6230000257492065,-0.04886269941926,1.1449999809265137,,0,-0.0505306012928485,0.0008362787733076,33.0,209.2,17.0,27.0,0.0,0.0,0.0,0.0,0.0,0.0,0.0,0.0,0.0,0.0,1.0,0.0,P,2001,-0.03,0,0,,,,,,,,,,,,,,,,,,
Josh Towers,BAL,24,2,0,0,0,0,0.0,0.0,0.0,0.0,0.0,0.0,0.0,0.0,,-100.0,0.0,-0.5487861666314249,0.2165895104408264,-0.0256716451701324,Josh Towers,1489,346869,2,0,0,0,0,0,0,0,0,0,0,0,0,0.0,0.0,0.14285714,,,,0.0,-0.3053525421254282,-0.5535219493739252,-0.0737100020051002,-0.0737100020051002,0.0,-0.6579999923706055,-0.0690814033150672,1.212499976158142,,0,-0.0600536987185478,-0.0007380567078345,20.0,140.1,10.0,18.0,1.0,0.0,0.0,2.0,0.0,0.0,0.0,0.0,0.0,0.0,0.96551724,0.0,P,2001,-0.03,0,0,,,,,,,,,,,,,,,,,,
Adam Pettyjohn,DET,16,2,0,0,0,0,0.0,1.0,0.0,0.0,0.0,0.0,0.0,0.0,,-100.0,0.0,-0.5490560117594843,0.2165895104408264,-0.025698009950585,Adam Pettyjohn,489,282562,2,0,0,0,0,0,0,2,0,0,0,0,0,0.0,0.0,0.14285714,,,,0.0,-0.3053525421254282,-0.5535219493739252,-0.0679899975657463,-0.0679899975657463,0.0,-0.5630000233650208,-0.0549536012113094,1.350100040435791,,0,-0.0507288016378879,0.0003695722997418,9.0,65.0,3.0,8.0,0.0,0.0,0.0,1.0,0.0,0.0,0.0,0.0,0.0,0.0,1.0,0.0,P,2001,-0.03,0,0,,,,,,,,,,,,,,,,,,
Willie Blair,DET,9,2,0,0,0,0,0.0,0.5,0.0,0.0,0.0,0.0,0.0,0.0,,-100.0,0.0,-0.5490560117594843,0.2165895104408264,-0.025698009950585,Willie Blair,1001033,111060,2,0,0,0,0,0,0,1,0,0,0,0,0,0.0,0.0,0.14285714,,,,0.0,-0.3053525421254282,-0.5535219493739252,-0.0462159998714923,-0.0462159998714923,0.0,-0.4359999895095825,-0.041762501001358,0.8938000202178955,,0,-0.0516416989266872,-6.56168330792e-05,4.0,24.0,3.0,3.0,0.0,0.0,0.0,0.0,0.0,0.0,0.0,0.0,0.0,0.0,1.0,0.0,P,2001,-0.03,0,0,,,,,,,,,,,,,,,,,,
Cory Lidle,OAK,29,2,0,0,0,0,0.0,1.0,0.0,0.0,0.0,0.0,0.0,0.0,,-100.0,0.0,-0.552208605729783,0.2165895104408264,-0.0260060290298284,Cory Lidle,926,117756,2,0,0,0,0,0,0,2,0,0,0,0,0,0.0,0.0,0.14285714,,,,0.0,-0.3053525421254282,-0.5535219493739252,-0.0557399988174438,-0.0557399988174438,0.0,-0.4449999928474426,-0.0470899008214473,1.0499999523162842,,0,-0.0529397018253803,-0.0001460137448749,29.0,188.0,13.0,30.0,2.0,0.0,0.0,0.0,0.0,0.0,0.0,0.0,0.0,0.0,0.95555556,0.0,P,2001,-0.03,0,0,,,,,,,,,,,,,,,,,,
Roger Clemens,NYY,33,2,0,0,0,0,0.0,1.0,0.0,0.0,0.0,0.0,0.0,0.0,,-100.0,0.0,-0.5522559616200571,0.2165895104408264,-0.0260106558602596,Roger Clemens,815,112388,2,0,0,0,0,0,0,2,0,0,0,0,0,0.0,0.0,0.14285714,,,,0.0,-0.3053525421254282,-0.5535219493739252,-0.0386160016059875,-0.0386160016059875,0.0,-0.3379999995231628,-0.0347736999392509,0.7594000101089478,,0,-0.0510712005198001,0.0002205274990723,33.0,220.1,11.0,33.0,2.0,0.0,0.0,3.0,0.0,0.0,0.0,0.0,0.0,0.0,0.95652174,0.0,P,2001,-0.03,0,0,,,,,,,,,,,,,,,,,,
Randy Keisler,NYY,10,2,0,0,0,0,0.0,0.0,0.0,0.0,0.0,0.0,0.0,0.0,,-100.0,0.0,-0.5522559616200571,0.2165895104408264,-0.0260106558602596,Randy Keisler,830,342892,2,0,0,0,0,0,0,0,0,0,0,0,0,0.0,0.0,0.14285714,,,,0.0,-0.3053525421254282,-0.5535219493739252,-0.034511998295784,-0.034511998295784,0.0,-0.3179999887943268,-0.0329191982746124,0.7013999819755554,,0,-0.0492086000740528,4.1529929766e-06,10.0,50.2,2.0,6.0,2.0,0.0,0.0,0.0,0.0,0.0,0.0,0.0,0.0,0.0,0.8,0.0,P,2001,-0.03,0,0,,,,,,,,,,,,,,,,,,
Ramiro Mendoza,NYY,56,2,0,0,0,0,0.0,1.0,0.0,0.0,0.0,0.0,0.0,0.0,,-100.0,0.0,-0.5522559616200571,0.2165895104408264,-0.0260106558602596,Ramiro Mendoza,836,118947,2,0,0,0,0,0,0,2,0,0,0,0,0,0.0,0.0,0.14285714,,,,0.0,-0.3053525421254282,-0.5535219493739252,-0.0510440021753311,-0.0510439611971378,0.0,-0.5770000219345093,-0.0634204000234603,0.7573999762535095,,0,-0.0608554035425186,-0.0065383167845152,2.0,100.2,7.0,14.0,0.0,0.0,0.0,1.0,0.0,0.0,0.0,0.0,0.0,0.0,1.0,0.0,P,2001,-0.03,0,0,,,,,,,,,,,,,,,,,,
Rodney Myers,SDP,37,2,0,0,0,0,0.0,0.0,0.0,0.0,0.0,0.0,0.0,0.0,,-100.0,0.0,-0.5500122788779382,0.2165895104408264,-0.026173364456207,Rodney Myers,1511,119629,2,0,0,0,0,0,0,0,0,0,0,0,0,0.0,0.0,0.14285714,,,,0.0,-0.3053525421254282,-0.5535219493739252,-0.006329980213195,-0.0063299899920821,0.0,-0.6940000057220459,-0.0690221041440963,0.120399996638298,,0,-0.0539466999471187,0.0013721119908464,0.0,47.1,4.0,7.0,2.0,0.0,0.0,0.0,0.0,0.0,0.0,0.0,0.0,0.0,0.84615385,0.0,P,2001,-0.03,0,0,,,,,,,,,,,,,,,,,,
Bryan Rekar,TBD,25,2,0,0,0,0,0.0,0.5,0.0,0.0,0.0,0.0,0.0,0.0,,-100.0,0.0,-0.5574439797036295,0.2165895104408264,-0.0265175427503111,Bryan Rekar,625,121057,2,0,0,0,0,0,0,1,0,0,0,0,0,0.0,0.0,0.14285714,,,,0.0,-0.3053525421254282,-0.5535219493739252,-0.0630640015006065,-0.0630640015006065,0.0,-0.7200000286102295,-0.0691642984747886,1.1931999921798706,,0,-0.0527653992176055,-8.74351051588e-05,25.0,140.2,18.0,16.0,2.0,0.0,0.0,2.0,0.0,0.0,0.0,0.0,0.0,0.0,0.94444444,0.0,P,2001,-0.03,0,0,,,,,,,,,,,,,,,,,,
Jake Westbrook,CLE,23,2,0,0,0,0,0.0,0.5,0.0,0.0,0.0,0.0,0.0,0.0,,-100.0,0.0,-0.5578370723359232,0.2165895104408264,-0.0265559492282138,Jake Westbrook,412,150414,1,0,0,0,0,0,0,1,0,0,1,0,0,0.0,0.0,0.14285714,,,,0.0,-0.3053525421254282,-0.5535219493739252,-0.0506919994950294,-0.0506919994950294,0.0,-0.5109999775886536,-0.046730700880289,1.1478999853134155,,0,-0.0438084006309509,-0.0003522406649794,6.0,64.2,4.0,15.0,1.0,0.0,0.0,1.0,0.0,0.0,0.0,0.0,0.0,0.0,0.95,0.0,P,2001,-0.03,0,0,,,,,,,,,,,,,,,,,,
Rocky Biddle,CHW,30,2,0,0,0,0,0.0,0.5,0.0,0.0,0.0,0.0,0.0,0.0,,-100.0,0.0,-0.5602531317107324,0.2165895104408264,-0.026792006389725,Rocky Biddle,223,335092,1,0,0,0,0,0,0,1,0,0,1,0,0,0.0,0.0,0.14285714,,,,0.0,-0.3053525421254282,-0.5535219493739252,-0.0317919999361038,-0.0317919999361038,0.0,-0.4429999887943268,-0.0430514998733997,0.9449999928474426,,0,-0.0392892993986606,0.005646971169314,21.0,128.2,6.0,15.0,1.0,0.0,0.0,0.0,0.0,0.0,0.0,0.0,0.0,0.0,0.95454545,0.0,P,2001,-0.03,0,0,,,,,,,,,,,,,,,,,,
Jon Garland,CHW,35,2,0,0,0,0,0.0,0.5,0.0,0.0,0.0,0.0,0.0,0.0,,-100.0,0.0,-0.5602531317107324,0.2165895104408264,-0.026792006389725,Jon Garland,232,279782,2,0,0,0,0,0,0,1,0,0,0,0,0,0.0,0.0,0.14285714,,,,0.0,-0.3053525421254282,-0.5535219493739252,-0.0176279805600643,-0.0176279991865158,0.0,-0.9290000200271606,-0.0905025005340576,0.274399995803833,,0,-0.0794031023979187,0.0151611897534795,16.0,117.0,8.0,17.0,1.0,0.0,0.0,4.0,0.0,0.0,0.0,0.0,0.0,0.0,0.96153846,0.0,P,2001,-0.03,0,0,,,,,,,,,,,,,,,,,,
David Wells,CHW,16,2,0,0,0,0,0.0,0.5,0.0,0.0,0.0,0.0,0.0,0.0,,-100.0,0.0,-0.5602531317107324,0.2165895104408264,-0.026792006389725,David Wells,855,124071,2,0,0,0,0,0,0,1,0,0,0,0,0,0.0,0.0,0.14285714,,,,0.0,-0.3053525421254282,-0.5535219493739252,0.003571999957785,-0.025892000645399,0.0294640008360147,0.0209999997168779,0.0020833399612456,0.7982000112533569,,0,0.0147733995690941,-0.0102983307800369,16.0,100.2,4.0,10.0,4.0,0.0,0.0,1.0,0.0,0.0,0.0,0.0,0.0,0.0,0.77777778,0.0,P,2001,0.04,0,0,,,,,,,,,,,,,,,,,,
Turk Wendell,NYM,49,2,0,0,0,0,0.0,0.5,0.0,0.0,0.0,0.0,0.0,0.0,,-100.0,0.0,-0.5564743462435846,0.2165895104408264,-0.0268047302644042,Turk Wendell,975,124084,2,0,0,0,0,0,0,1,0,0,0,0,0,0.0,0.0,0.14285714,,,,0.0,-0.3053525421254282,-0.5535219493739252,-0.0480360016226768,-0.0480360016226768,0.0,-1.5380001068115234,-0.1656948924064636,0.951200008392334,,0,-0.0531140007078647,0.0026135789260518,0.0,67.0,11.0,7.0,0.0,0.0,0.0,1.0,0.0,0.0,0.0,0.0,0.0,0.0,1.0,0.0,P,2001,-0.03,0,0,,,,,,,,,,,,,,,,,,
Pete Walker,NYM,2,2,0,0,0,0,0.0,0.5,0.0,0.0,0.0,0.0,0.0,0.0,,-100.0,0.0,-0.5564743462435846,0.2165895104408264,-0.0268047302644042,Pete Walker,1325,123839,1,0,0,0,0,0,0,1,0,0,1,0,0,0.0,0.0,0.14285714,,,,0.0,-0.3053525421254282,-0.5535219493739252,-0.0377120003104209,-0.0377120003104209,0.0,-0.363999992609024,-0.0374485999345779,1.1557999849319458,,0,-0.036821998655796,0.0041935155254372,0.0,6.2,1.0,0.0,0.0,0.0,0.0,0.0,0.0,0.0,0.0,0.0,0.0,0.0,1.0,0.0,P,2001,-0.03,0,0,,,,,,,,,,,,,,,,,,
Jerrod Riggan,NYM,35,2,0,0,0,0,0.0,1.0,0.0,0.0,0.0,0.0,0.0,0.0,,-100.0,0.0,-0.5564743462435846,0.2165895104408264,-0.0268047302644042,Jerrod Riggan,1422,339492,2,0,0,0,0,0,0,2,0,0,0,0,0,0.0,0.0,0.14285714,,,,0.0,-0.3053525421254282,-0.5535219493739252,-0.0189159996807575,-0.0189159847795963,0.0,-0.3849999904632568,-0.0400445014238357,0.3989999890327453,,0,-0.046647198498249,-0.0007613233080137,0.0,47.2,3.0,5.0,0.0,0.0,0.0,0.0,0.0,0.0,0.0,0.0,0.0,0.0,1.0,0.0,P,2001,-0.03,0,0,,,,,,,,,,,,,,,,,,
Braden Looper,FLA,71,2,0,0,0,0,0.0,1.0,0.0,0.0,0.0,0.0,0.0,0.0,,-100.0,0.0,-0.5564824673764353,0.2165895104408264,-0.026805523726514,Braden Looper,526,131702,2,0,0,0,0,0,0,2,0,0,0,0,0,0.0,0.0,0.14285714,,,,0.0,-0.3053525421254282,-0.5535219493739252,-0.0172359999269247,-0.0172359999269247,0.0,-0.3600000143051147,-0.0352912992238998,0.3264000117778778,,0,-0.0264033004641532,-0.0264030699555088,0.0,71.0,4.0,8.0,0.0,0.0,0.0,1.0,0.0,0.0,0.0,0.0,0.0,0.0,1.0,0.0,P,2001,-0.03,0,0,,,,,,,,,,,,,,,,,,
Kevin Sefcik,COL,1,1,0,0,0,0,0.0,0.0,0.0,0.0,0.0,0.0,0.0,0.0,,-100.0,0.0,-0.3078395815309109,0.0,-0.0268753837865574,Kevin Sefcik,1011722,121974,1,0,0,0,0,0,0,0,0,0,0,0,0,0.0,0.0,0.14285714,,,,0.0,-0.1526762710627141,-0.2767609746869626,-0.0051000001840293,-0.0050999498926103,0.0,-0.1570000052452087,-0.0123137002810835,0.1800000071525573,0.1800000071525573,1,-0.0283333007246255,-3.2505227464535436e-08,,,,,,,,,,,,,,,,,,2001,-0.03,0,0,,,,,,,,,,,,,,,,,,
Rich Garces,BOS,62,2,0,0,0,0,0.0,0.5,0.0,0.0,0.0,0.0,0.0,0.0,,-100.0,0.0,-0.5616389397017603,0.2165895104408264,-0.0269274045112167,Rich Garces,189,114581,2,0,0,0,0,0,0,1,0,0,0,1,0,0.0,0.0,0.14285714,,,,0.0,-0.3053525421254282,-0.5535219493739252,-0.0465800017118454,-0.0465800017118454,0.0,-1.1669999361038208,-0.1154637038707733,0.5462000370025635,,0,-0.0751148983836174,-0.0101652161463396,0.0,67.0,7.0,11.0,0.0,0.0,0.0,2.0,0.0,0.0,0.0,0.0,0.0,0.0,1.0,0.0,P,2001,-0.05,0,0,,,,,,,,,,,,,,,,,,
David Cone,BOS,25,2,0,0,0,0,0.0,0.5,0.0,0.0,0.0,0.0,0.0,0.0,,-100.0,0.0,-0.5616389397017603,0.2165895104408264,-0.0269274045112167,David Cone,1680,112552,1,0,0,0,0,0,0,1,0,0,1,0,0,0.0,0.0,0.14285714,,,,0.0,-0.3053525421254282,-0.5535219493739252,-0.0245360005646944,-0.0245360005646944,0.0,-0.2639999985694885,-0.0297296997159719,0.9775999784469604,,0,-0.033652801066637,0.0085546002629986,25.0,135.2,14.0,10.0,2.0,0.0,0.0,0.0,0.0,0.0,0.0,0.0,0.0,0.0,0.92307692,0.0,P,2001,-0.03,0,0,,,,,,,,,,,,,,,,,,
Adam Johnson,MIN,7,2,0,0,0,0,0.0,0.0,0.0,0.0,0.0,0.0,0.0,0.0,,-100.0,0.0,-0.5632831636302118,0.2165895104408264,-0.0270880507426322,Adam Johnson,733,407053,2,0,0,0,0,0,0,0,0,0,0,1,0,0.0,0.0,0.14285714,,,,0.0,-0.3053525421254282,-0.5535219493739252,-0.2468159943819046,-0.2468159943819046,0.0,-2.4119999408721924,-0.2392860054969787,2.937000036239624,,0,-0.0873944982886314,0.0033577290218818,4.0,25.0,1.0,3.0,0.0,0.0,0.0,0.0,0.0,0.0,0.0,0.0,0.0,0.0,1.0,0.0,P,2001,-0.03,0,0,,,,,,,,,,,,,,,,,,
Joe Mays,MIN,34,2,0,0,0,0,0.0,0.5,0.0,0.0,0.0,0.0,0.0,0.0,,-100.0,0.0,-0.5632831636302118,0.2165895104408264,-0.0270880507426322,Joe Mays,740,150222,1,0,0,0,0,0,0,1,0,0,1,0,0,0.0,0.0,0.14285714,,,,0.0,-0.3053525421254282,-0.5535219493739252,-0.0481560006737709,-0.0481560006737709,0.0,-0.4600000083446502,-0.0456349998712539,1.444599986076355,,0,-0.0377602986991405,0.0044251186230515,34.0,233.2,17.0,28.0,1.0,0.0,0.0,2.0,0.0,0.0,0.0,0.0,0.0,0.0,0.97826087,0.0,P,2001,-0.03,0,0,,,,,,,,,,,,,,,,,,
Eric Milton,MIN,35,2,0,1,0,0,0.0,0.5,0.0,0.0,0.0,0.0,0.0,0.0,,-100.0,0.0,-0.5632831636302118,0.2165895104408264,-0.0270880507426322,Eric Milton,743,132980,2,0,0,0,0,0,0,1,0,0,0,0,0,0.0,0.0,0.14285714,,,,0.0,-0.3053525421254282,-0.5535219493739252,0.1098159998655319,-0.0123319998383522,0.1221479997038841,0.8429999947547913,0.0819242000579834,1.2805999517440796,,0,0.0319368988275527,0.0538166573208531,34.0,220.2,7.0,13.0,0.0,0.0,0.0,1.0,0.0,0.0,0.0,0.0,0.0,0.0,1.0,0.0,P,2001,0.04,0,0,,,,,,,,,,,,,,,,,,
Roy Halladay,TOR,17,2,0,0,0,0,0.0,0.0,0.0,0.0,0.0,0.0,0.0,0.0,,-100.0,0.0,-0.5635037902228479,0.2165895104408264,-0.0271096067059312,Roy Halladay,1303,136880,1,0,0,0,0,0,0,0,0,0,1,0,0,0.0,0.0,0.14285714,,,,0.0,-0.3053525421254282,-0.5535219493739252,-0.0640119984745979,-0.0640119984745979,0.0,-0.4659999907016754,-0.0524775013327598,1.5022000074386597,,0,-0.0412146002054214,-0.0013975673871897,16.0,105.1,7.0,16.0,0.0,0.0,0.0,0.0,0.0,0.0,0.0,0.0,0.0,0.0,1.0,0.0,P,2001,-0.03,0,0,,,,,,,,,,,,,,,,,,
Esteban Loaiza,TOR,36,2,0,0,0,0,0.0,0.0,0.0,0.0,0.0,0.0,0.0,0.0,,-100.0,0.0,-0.5635037902228479,0.2165895104408264,-0.0271096067059312,Esteban Loaiza,1310,117842,2,0,0,0,0,0,0,0,0,0,0,0,0,0.0,0.0,0.14285714,,,,0.0,-0.3053525421254282,-0.5535219493739252,-0.0547199994325637,-0.0547199994325637,0.0,-0.5210000276565552,-0.0500480011105537,0.9905999898910522,,0,-0.0545589998364448,-0.0006802490944803,30.0,190.0,15.0,21.0,3.0,0.0,0.0,0.0,0.0,0.0,0.0,0.0,0.0,0.0,0.92307692,0.0,P,2001,-0.03,0,0,,,,,,,,,,,,,,,,,,
Steve Parris,TOR,19,2,0,0,0,0,0.0,0.5,0.0,0.0,0.0,0.0,0.0,0.0,,-100.0,0.0,-0.5635037902228479,0.2165895104408264,-0.0271096067059312,Steve Parris,1316,120247,1,0,0,0,0,0,0,1,0,0,1,0,0,0.0,0.0,0.14285714,,,,0.0,-0.3053525421254282,-0.5535219493739252,-0.0195640008896589,-0.0195640008896589,0.0,-0.3039999902248382,-0.0314700007438659,0.7102000117301941,,0,-0.0358970984816551,0.0083499278726361,19.0,105.2,4.0,11.0,0.0,0.0,0.0,0.0,0.0,0.0,0.0,0.0,0.0,0.0,1.0,0.0,P,2001,-0.03,0,0,,,,,,,,,,,,,,,,,,
Kyle Farnsworth,CHC,76,2,0,0,0,0,0.0,1.0,0.0,0.0,0.0,0.0,0.0,0.0,,-100.0,0.0,-0.5618691775433664,0.2165895104408264,-0.0273318235042211,Kyle Farnsworth,278,150035,2,0,0,0,0,0,0,2,0,0,0,0,0,0.0,0.0,0.14285714,,,,0.0,-0.3053525421254282,-0.5535219493739252,-0.0397020056843757,-0.0397020019590854,0.0,-0.8209999799728394,-0.0769089981913566,0.641700029373169,,0,-0.05110489949584,-0.0107651392560013,0.0,82.0,3.0,4.0,0.0,0.0,0.0,0.0,0.0,0.0,0.0,0.0,0.0,0.0,1.0,0.0,P,2001,-0.03,0,0,,,,,,,,,,,,,,,,,,
Jeff Fassero,CHC,82,2,0,0,0,0,0.0,1.0,0.0,0.0,0.0,0.0,0.0,0.0,,-100.0,0.0,-0.5618691775433664,0.2165895104408264,-0.0273318235042211,Jeff Fassero,279,114032,2,0,0,0,0,0,0,2,0,0,0,0,0,0.0,0.0,0.14285714,,,,0.0,-0.3053525421254282,-0.5535219493739252,-0.0028719999827444,-0.0028720099944621,0.0,-0.5789999961853027,-0.0595678985118866,0.0644000023603439,,0,-0.042866300791502,-0.0017299705979687,0.0,73.2,3.0,9.0,0.0,0.0,0.0,2.0,0.0,0.0,0.0,0.0,0.0,0.0,1.0,0.0,P,2001,-0.03,0,0,,,,,,,,,,,,,,,,,,
Ron Mahay,CHC,17,2,0,0,0,0,0.0,0.5,0.0,0.0,0.0,0.0,0.0,0.0,,-100.0,0.0,-0.5618691775433664,0.2165895104408264,-0.0273318235042211,Ron Mahay,290,118158,2,0,0,0,0,0,0,1,0,0,0,0,0,0.0,0.0,0.14285714,,,,0.0,-0.3053525421254282,-0.5535219493739252,-0.0010380309540778,-0.001037991954945,0.0,-0.3449999988079071,-0.0345728024840354,0.0172999985516071,,0,-0.0540681034326553,-0.005933690843877,0.0,20.2,2.0,2.0,0.0,0.0,0.0,1.0,0.0,0.0,0.0,0.0,0.0,0.0,1.0,0.0,P,2001,-0.03,0,0,,,,,,,,,,,,,,,,,,
Will Ohman,CHC,11,2,0,0,0,0,0.0,0.5,0.0,0.0,0.0,0.0,0.0,0.0,,-100.0,0.0,-0.5618691775433664,0.2165895104408264,-0.0273318235042211,Will Ohman,296,349193,2,0,0,0,0,0,0,1,0,0,0,0,0,0.0,0.0,0.14285714,,,,0.0,-0.3053525421254282,-0.5535219493739252,-0.0069099999964237,-0.0069100596010684,0.0,-0.277999997138977,-0.02768350020051,0.1330000013113021,,0,-0.0523815006017684,0.0004266139228574,0.0,11.2,1.0,0.0,0.0,0.0,0.0,0.0,0.0,0.0,0.0,0.0,0.0,0.0,1.0,0.0,P,2001,-0.03,0,0,,,,,,,,,,,,,,,,,,
Carlos Zambrano,CHC,6,2,0,0,0,0,0.0,0.0,0.0,0.0,0.0,0.0,0.0,0.0,,-100.0,0.0,-0.5618691775433664,0.2165895104408264,-0.0273318235042211,Carlos Zambrano,305,407296,2,0,0,0,0,0,0,0,0,0,0,0,0,0.0,0.0,0.14285714,,,,0.0,-0.3053525421254282,-0.5535219493739252,-0.0285619981586933,-0.0285619981586933,0.0,-0.4379999935626983,-0.0437853001058101,0.5166999697685242,,0,-0.0549549013376235,-0.0003228223508232,1.0,7.2,0.0,2.0,0.0,0.0,0.0,1.0,0.0,0.0,0.0,0.0,0.0,0.0,1.0,0.0,P,2001,-0.03,0,0,,,,,,,,,,,,,,,,,,
Mike Fyhrie,CHC,15,2,0,0,0,0,0.0,0.0,0.0,0.0,0.0,0.0,0.0,0.0,,-100.0,0.0,-0.5618691775433664,0.2165895104408264,-0.0273318235042211,Mike Fyhrie,1447,114499,2,0,0,0,0,0,0,0,0,0,0,0,0,0.0,0.0,0.14285714,,,,0.0,-0.3053525421254282,-0.5535219493739252,-0.0184840001165866,-0.0184840001165866,0.0,-0.4370000064373016,-0.0432130992412567,0.3519999980926513,,0,-0.0262557007372379,-0.0262556635148761,0.0,20.0,2.0,4.0,0.0,0.0,0.0,1.0,0.0,0.0,0.0,0.0,0.0,0.0,1.0,0.0,P,2001,-0.03,0,0,,,,,,,,,,,,,,,,,,
Mike Remlinger,ATL,75,2,0,0,0,0,0.0,0.5,0.0,0.0,0.0,0.0,0.0,0.0,,-100.0,0.0,-0.5628150734536295,0.2165895104408264,-0.027424240729555,Mike Remlinger,111,121060,2,0,0,0,0,0,0,1,0,0,0,0,0,0.0,0.0,0.14285714,,,,0.0,-0.3053525421254282,-0.5535219493739252,-0.0077459895983338,-0.0094839995726943,0.0017379999626427,-0.328000009059906,-0.0333574600517749,0.6168000102043152,,0,-0.0264632198959589,0.0139048712088893,0.0,75.0,1.0,6.0,0.0,0.0,0.0,0.0,0.0,0.0,0.0,0.0,0.0,0.0,1.0,0.0,P,2001,-0.01,0,0,,,,,,,,,,,,,,,,,,
Steve Karsay,ATL,43,2,0,0,0,0,0.0,0.5,0.0,0.0,0.0,0.0,0.0,0.0,,-100.0,0.0,-0.5628150734536295,0.2165895104408264,-0.027424240729555,Steve Karsay,829,116853,2,0,0,0,0,0,0,1,0,0,0,0,0,0.0,0.0,0.14285714,,,,0.0,-0.3053525421254282,-0.5535219493739252,-0.0064399973489344,-0.0064400099217891,0.0,-0.5929999947547913,-0.0558838993310928,0.1184999942779541,,0,-0.0513222999870777,-0.0030236718264628,0.0,88.0,7.0,16.0,1.0,0.0,0.0,1.0,0.0,0.0,0.0,0.0,0.0,0.0,0.95833333,0.0,P,2001,-0.01,0,0,,,,,,,,,,,,,,,,,,
Kenny Rogers,TEX,20,2,0,0,0,0,0.0,1.0,0.0,0.0,0.0,0.0,0.0,0.0,,-100.0,0.0,-0.5698647383086328,0.2165895104408264,-0.0277310928189408,Kenny Rogers,1277,121386,2,0,0,0,0,0,0,2,0,0,0,0,0,0.0,0.0,0.14285714,,,,0.0,-0.3053525421254282,-0.5535219493739252,-0.0405520014464855,-0.0405520014464855,0.0,-0.5609999895095825,-0.0607143007218837,0.8644000291824341,,0,-0.0474640987813472,0.0005506327037947,20.0,120.2,6.0,34.0,1.0,0.0,0.0,3.0,0.0,0.0,0.0,0.0,0.0,0.0,0.97560976,0.0,P,2001,-0.03,0,0,,,,,,,,,,,,,,,,,,
Jose Silva,PIT,26,2,0,0,0,0,0.0,1.0,0.0,0.0,0.0,0.0,0.0,0.0,,-100.0,0.0,-0.5671344730488901,0.2165895104408264,-0.0278462606594131,Jose Silva,354,122231,2,0,0,0,0,0,0,2,0,0,0,0,0,0.0,0.0,0.14285714,,,,0.0,-0.3053525421254282,-0.5535219493739252,-0.0378519818186759,-0.0378520004451274,0.0,-0.6800000071525574,-0.0701557993888855,0.6830999851226807,,0,-0.0567084997892379,0.0012964332644846,0.0,32.0,1.0,4.0,0.0,0.0,0.0,0.0,0.0,0.0,0.0,0.0,0.0,0.0,1.0,0.0,P,2001,-0.03,0,0,,,,,,,,,,,,,,,,,,
Scott Sauerbeck,PIT,70,2,0,0,0,0,0.0,0.5,0.0,0.0,0.0,0.0,0.0,0.0,,-100.0,0.0,-0.5671344730488901,0.2165895104408264,-0.0278462606594131,Scott Sauerbeck,1007,150261,2,0,0,0,0,0,0,1,0,0,0,0,0,0.0,0.0,0.14285714,,,,0.0,-0.3053525421254282,-0.5535219493739252,-0.0557699985802173,-0.0557699985802173,0.0,-0.6940000057220459,-0.0697817951440811,0.9886000156402588,,0,-0.0637667030096054,0.0073535958905463,0.0,62.2,1.0,5.0,1.0,0.0,0.0,0.0,0.0,0.0,0.0,0.0,0.0,0.0,0.85714286,0.0,P,2001,-0.03,0,0,,,,,,,,,,,,,,,,,,
Ray King,MIL,82,2,0,0,0,0,0.0,0.5,0.0,0.0,0.0,0.0,0.0,0.0,,-100.0,0.0,-0.5672080698840265,0.2165895104408264,-0.0278534513187899,Ray King,693,150037,2,0,0,0,0,0,0,1,0,0,0,0,0,0.0,0.0,0.14285714,,,,0.0,-0.3053525421254282,-0.5535219493739252,-0.010879979468882,-0.0108800008893013,0.0,-0.4079999923706054,-0.0409836992621421,0.2140000015497207,,0,-0.0508778020739555,3.67768866065e-05,0.0,55.0,5.0,9.0,1.0,0.0,0.0,0.0,0.0,0.0,0.0,0.0,0.0,0.0,0.93333333,0.0,P,2001,-0.03,0,0,,,,,,,,,,,,,,,,,,
Blake Stein,KCR,36,2,0,0,0,0,0.0,0.0,0.0,0.0,0.0,0.0,0.0,0.0,,-100.0,0.0,-0.5755327823989038,0.2165895104408264,-0.0282848798712045,Blake Stein,632,133121,2,0,0,0,0,0,0,0,0,0,0,0,0,0.0,0.0,0.14285714,,,,0.0,-0.3053525421254282,-0.5535219493739252,0.0016640099929645,-0.0309200007468462,0.0325840003788471,0.1420000046491623,0.013799799606204,1.1449999809265137,,0,0.0036386400461196,-0.0021853561852605,15.0,131.0,6.0,8.0,0.0,0.0,0.0,0.0,0.0,0.0,0.0,0.0,0.0,0.0,1.0,0.0,P,2001,0.05,0,0,,,,,,,,,,,,,,,,,,
Chad Durbin,KCR,29,2,0,0,0,0,0.0,0.0,0.0,0.0,0.0,0.0,0.0,0.0,,-100.0,0.0,-0.5755327823989038,0.2165895104408264,-0.0282848798712045,Chad Durbin,1442,239795,1,0,0,0,0,0,0,0,0,0,1,0,0,0.0,0.0,0.14285714,,,,0.0,-0.3053525421254282,-0.5535219493739252,-0.0419799983501434,-0.0419799983501434,0.0,-0.3860000073909759,-0.0382368005812168,1.416200041770935,,0,-0.0363629981875419,0.0067202943943348,29.0,179.0,20.0,20.0,1.0,0.0,0.0,3.0,0.0,0.0,0.0,0.0,0.0,0.0,0.97560976,0.0,P,2001,-0.03,0,0,,,,,,,,,,,,,,,,,,
Jared Fernandez,CIN,5,2,0,0,0,0,0.0,0.0,0.0,0.0,0.0,0.0,0.0,0.0,,-100.0,0.0,-0.5722041908137445,0.2165895104408264,-0.0283415892087493,Jared Fernandez,324,220594,2,0,0,0,0,0,0,0,0,0,0,0,0,0.0,0.0,0.14285714,,,,0.0,-0.3053525421254282,-0.5535219493739252,-0.0278399996459484,-0.0278399996459484,0.0,-0.3190000057220459,-0.0329204984009265,0.5586000084877014,,0,-0.0498019978404045,-3.68836900839e-05,2.0,12.1,1.0,4.0,0.0,0.0,0.0,0.0,0.0,0.0,0.0,0.0,0.0,0.0,1.0,0.0,P,2001,-0.03,0,0,,,,,,,,,,,,,,,,,,
Hector Mercado,CIN,56,2,0,0,0,0,0.0,0.5,0.0,0.0,0.0,0.0,0.0,0.0,,-100.0,0.0,-0.5722041908137445,0.2165895104408264,-0.0283415892087493,Hector Mercado,960,280059,2,0,0,0,0,0,0,1,0,0,0,0,0,0.0,0.0,0.14285714,,,,0.0,-0.3053525421254282,-0.5535219493739252,-0.0673199966549873,-0.0673199966549873,0.0,-0.7749999761581421,-0.0717865005135536,1.104200005531311,,0,-0.0617275014519691,0.0007602887026857,0.0,53.0,0.0,5.0,1.0,0.0,0.0,0.0,0.0,0.0,0.0,0.0,0.0,0.0,0.83333333,0.0,P,2001,-0.03,0,0,,,,,,,,,,,,,,,,,,
Chris Nichting,- - -,43,2,0,1,0,0,0.0,0.5,0.0,0.0,0.0,0.0,0.0,0.0,,-100.0,0.0,-0.5939416769377832,0.2165895104408264,-0.0304654150245926,Chris Nichting,1414,119775,1,0,0,0,0,0,0,1,0,0,1,0,0,0.0,0.0,0.14285714,,,,0.0,-0.3053525421254282,-0.5535219493739252,0.053031999617815,0.0,0.053031999617815,0.0220000147819519,0.0015331991016864,0.824400007724762,,0,0.0321639999747276,0.032163995077306,0.0,42.1,3.0,9.0,0.0,0.0,0.0,0.0,0.0,0.0,0.0,0.0,0.0,0.0,1.0,0.0,P,2001,0.02,0,0,,,,,,,,,,,,,,,,,,
Jorge Velandia,NYM,9,11,0,1,0,0,0.181818181,0.09090909,0.0,0.0,0.0,0.181818181,0.0,0.1279775987971912,,-30.080445675556163,-0.0005307471146807,-1.8703306801523736,1.1663235276937485,-0.0312698402052162,Jorge Velandia,900,123689,9,0,0,0,0,2,0,1,0,0,0,0,0,2.0,0.181818181,2.64285714,,,,-0.0005307471146807,-0.4886300103878328,-1.8535617502545665,-0.0981479063630104,-0.1259920001029968,0.0278439912945032,-1.4909999370574951,-0.1679053008556366,0.5278909206390381,,0,-0.1595855057239532,-0.0263390906759952,2.0,34.1,2.0,8.0,0.0,0.0,0.0,2.0,0.0,0.0,0.0,0.0,0.0,0.0,1.0,1.0,SS,2001,-0.09,0,0,,,,,,,,,,,,,,,,,,
Sterling Hitchcock,SDP,3,8,0,1,1,0,0.0,0.75,0.0,0.5,0.125,0.125,0.125,0.1108893826603889,,-38.66955839056268,-0.0002653735573403,-1.4499100266108933,0.8663580417633057,-0.0314023351352098,Sterling Hitchcock,824,115982,8,1,1,0,0,0,0,6,0,0,0,0,0,0.0,0.25,2.64285714,,,,-0.0002653735573403,-0.4710057060435126,-1.4636833350375007,-0.1068020015954971,-0.1244181022047996,0.0176160000264644,-0.6209999322891235,-0.0608900003135204,0.6529747247695923,,0,-0.1419246047735214,-0.0216376244278969,12.0,70.1,3.0,7.0,0.0,0.0,0.0,0.0,0.0,0.0,0.0,0.0,0.0,0.0,1.0,0.0,P,2001,-0.05,1,0,,,,,,,,,,,,,,,,,,
Ryan McGuire,FLA,48,63,1,8,8,1,0.111111111,0.238095238,0.092592592,0.225,0.185185185,0.269841269,0.277777777,0.2476622244668385,,47.391767630982415,0.1962847731774673,-4.1346804632315575,1.6947874426841736,-0.0320928090650786,Ryan McGuire,155,118736,54,10,7,2,0,7,0,15,0,2,0,0,0,0.466666666,0.547619046,4.85350479276855,,,,0.1962847731774673,3.579627408997698,-4.2377089193299575,0.1732756346464157,-0.8192521333694458,0.992527961730957,-0.5869998335838318,-0.0223815850913524,0.858173131942749,0.9676210284233092,38,-0.2447435110807418,0.4466557222614287,5.0,56.0,23.0,0.0,0.0,0.0,0.0,0.0,0.0,0.0,0.0,0.0,0.0,0.0,2.0,2.0,RF,2001,0.11,15,3,,,,,,,,,,,,,,,,,,
Ryan Vogelsong,- - -,15,10,0,0,0,0,0.0,0.3,0.1,0.142857142,0.1,0.1,0.2,0.1241769790649414,,-29.879909467378457,0.0,-1.7416345912484976,1.082947552204132,-0.0323401175057707,Ryan Vogelsong,1011,285064,10,1,0,1,0,0,0,3,0,0,0,0,0,0.0,0.3,0.14285714,,,,0.0,-0.4763582784204336,-1.7172053146629187,0.0088760033249855,-0.2344640232622623,0.2433400005102157,-1.4829999208450315,-0.1439495980739593,1.180079984664917,,0,-0.1642109006643295,0.1717324275441417,2.0,34.2,4.0,6.0,1.0,0.0,0.0,2.0,0.0,0.0,0.0,0.0,0.0,0.0,0.90909091,0.0,P,2001,-0.05,2,1,,,,,,,,,,,,,,,,,,
Tanyon Sturtze,TBD,39,8,0,0,0,0,0.0,0.375,0.0,0.2,0.125,0.125,0.125,0.1108893826603889,,-46.66444993875433,-0.0002653735573403,-1.4796368299136582,0.8663580417633057,-0.0327790483116262,Tanyon Sturtze,1230,122915,8,1,1,0,0,0,0,3,0,0,0,0,0,0.0,0.25,0.14285714,,,,-0.0002653735573403,-0.4710057060435126,-1.4636833350375007,-0.107132002711296,-0.1209020018577575,0.013770000077784,-2.057999849319458,-0.2012910991907119,0.6328499913215637,,0,-0.1714501678943634,0.0021651806455286,27.0,195.1,12.0,21.0,0.0,0.0,0.0,2.0,0.0,0.0,0.0,0.0,0.0,0.0,1.0,0.0,P,2001,-0.02,1,0,,,,,,,,,,,,,,,,,,
Reggie Taylor,PHI,5,8,0,1,0,0,0.125,0.125,0.0,0.0,0.0,0.125,0.0,0.087984599173069,,-57.93926112018334,-0.0002653735573403,-1.6513545386735144,1.0257201548665762,-0.0332173052985839,Reggie Taylor,358,150114,7,0,0,0,0,1,0,1,0,0,0,0,0,1.0,0.125,2.64285714,,,,-0.0002653735573403,-0.6260056828507017,-1.6186833118446895,-0.0963981002569198,-0.1009600013494491,0.0045619998127222,-1.3240000009536743,-0.1306052058935165,0.5125249624252319,0.7516000270843506,1,-0.1576614081859588,-0.0304232849005414,1.0,15.0,4.0,0.0,0.0,0.0,0.0,0.0,0.0,0.0,0.0,0.0,0.0,0.0,1.0,1.0,CF,2001,-0.05,0,0,,,,,,,,,,,,,,,,,,
Héctor Ortiz,KCR,56,166,0,12,11,1,0.054216867,0.144578313,0.051948052,0.292307692,0.246753246,0.292682926,0.298701298,0.2657345562446408,,50.04677209657752,-1.1077412461745553,-11.562981937009525,5.407064437866211,-0.0336982023370175,Hector Ortiz,1264,136582,154,38,31,6,1,9,0,24,1,0,2,5,3,0.375,0.591384224,3.1001295536315636,,,,-1.1077412461745553,11.969719251863513,-8.62834154976174,-0.7736721038818359,-2.936552047729492,2.162879943847656,-8.098000526428223,-0.7722763419151306,0.9159088134765624,,0,-0.7354886531829834,-0.1092156366962335,46.0,410.0,280.0,28.0,3.0,0.0,0.0,1.0,0.0,0.0,0.0,0.0,1.0,23.0,0.9903537,2.0,C,2001,0.07,46,7,,,,,,,,,,,,,,,,,,
Scott Seabol,NYY,1,1,0,0,0,0,0.0,0.0,0.0,0.0,0.0,0.0,0.0,0.0,,-100.0,0.0,-0.2761279808100285,-0.1080246865749359,-0.0341404680439494,Scott Seabol,846,346867,1,0,0,0,0,0,0,0,0,0,0,0,0,0.0,0.0,0.14285714,,,,0.0,-0.1526762710627141,-0.2767609746869626,-0.0001579670060891,-0.0001579999952809,0.0,-0.4550000131130218,-0.0446734987199306,0.0099999997764825,,0,-0.0157967004925012,-4.694991027898164e-10,,,,,,,,,,,,,,,,,,2001,-0.04,0,0,,,,,,,,,,,,,,,,,,
Dave Hollins,CLE,2,7,0,0,0,0,0.142857142,0.285714285,0.0,0.333333333,0.2,0.333333333,0.2,0.2651653091112773,,56.68225826116191,-0.0005307471146807,-0.3828500608296654,-0.2160493731498718,-0.0347666819319091,Dave Hollins,1391,116083,5,1,1,0,0,1,0,2,0,0,1,0,0,0.5,0.533333333,0.14285714,,,,-0.0005307471146807,0.5013765420217478,-0.3672163833479918,-0.06649000197649,-0.0980920046567916,0.0316019989550113,-1.3269999027252195,-0.1193882972002029,0.7475712895393372,,0,-0.0584080815315246,-0.0305332714964414,,,,,,,,,,,,,,,,,,2001,-0.03,1,0,,,,,,,,,,,,,,,,,,
Tomo Ohka,- - -,22,21,0,1,1,0,0.0,0.38095238,0.0,0.3,0.166666666,0.166666666,0.166666666,0.1478525102138519,,-19.681713109300674,-0.000796120672021,-3.3434682625862324,2.2741898000240326,-0.0366659863261797,Tomo Ohka,788,219594,18,3,3,0,0,0,0,8,0,0,3,0,0,0.0,0.333333332,1.60119047125,,,,-0.000796120672021,-0.5047456274674758,-3.1105244035766946,-0.4063740670681,-0.4902380108833313,0.0838639885187149,-4.0970001220703125,-0.398586094379425,1.0289540182460435,,0,-0.3546483740210533,-0.0402906221459529,21.0,107.0,12.0,11.0,1.0,0.0,0.0,2.0,0.0,0.0,0.0,0.0,0.0,0.0,0.95833333,0.0,P,2001,0.010000000000000002,3,0,,,,,,,,,,,,,,,,,,
Brooks Kieschnick,COL,35,45,3,5,9,0,0.066666666,0.288888888,0.309523809,0.269230769,0.238095238,0.288888888,0.547619047,0.347806711991628,,89.56773135531361,-0.0018576149013824,-0.6153112079231451,-1.2126201689243317,-0.0368204523856448,Brooks Kieschnick,389,117044,42,10,4,2,1,3,0,13,0,0,0,1,0,0.23076923,0.836507935,3.26785714,,,,-0.0018576149013824,6.368895378047097,0.7850837149559138,-0.2177419811487198,-1.234902024269104,1.017159938812256,0.1479998230934143,0.0270775705575943,1.3040000200271606,1.1526814699172974,27,0.2389792054891586,-0.405959249817827,3.0,40.2,10.0,0.0,2.0,0.0,0.0,0.0,0.0,0.0,0.0,0.0,0.0,0.0,2.63333333,-1.0,LF,2001,-0.12,23,6,,,,,,,,,,,,,,,,,,
Eric Valent,PHI,22,46,0,3,1,0,0.086956521,0.239130434,0.048780488,0.133333333,0.097560975,0.195652173,0.146341463,0.1697110481884168,,-5.035366307710115,-0.0018576149013824,-6.315555904353574,4.310699641704559,-0.0371252940896859,Eric Valent,1629,346858,41,4,2,2,0,4,0,11,1,0,0,0,0,0.363636363,0.341993636,1.86160714,,,,-0.0018576149013824,-0.4194682664257248,-6.127364633141156,-0.6616960167884827,-1.185371994972229,0.5236759781837463,-5.338000297546387,-0.5464293956756592,1.23989999294281,1.301163673400879,11,-0.5586838126182556,0.0250149517789256,6.0,50.0,20.0,2.0,0.0,0.0,0.0,0.0,0.0,0.0,0.0,0.0,0.0,0.0,1.0,5.0,LF,2001,-0.11,6,2,,,,,,,,,,,,,,,,,,
Robert Ellis,ARI,19,28,0,2,1,0,0.035714285,0.428571428,0.0,0.285714285,0.153846153,0.185185185,0.153846153,0.1574939643895184,,-18.359094697713356,-0.0013268677867017,-4.331947139897318,3.0322530269622803,-0.0373401778831666,Robert Ellis,649,113819,26,4,4,0,0,1,0,12,0,0,1,0,0,0.083333333,0.339031338,2.01785714,,,,-0.0013268677867017,-0.5446902048098198,-4.019061906288778,-0.5646259188652039,-0.7984260320663452,0.2337999939918518,-5.773000240325928,-0.590061604976654,1.1730502843856812,,0,-0.430070698261261,-0.0512606874268596,17.0,92.0,8.0,12.0,0.0,0.0,0.0,0.0,0.0,0.0,0.0,0.0,0.0,0.0,1.0,0.0,P,2001,-0.05,4,0,,,,,,,,,,,,,,,,,,
Jamie Burke,ANA,9,5,0,1,0,0,0.0,0.4,0.0,0.333333333,0.2,0.2,0.2,0.1774230122566223,,-1.5469413109569583,-0.0002653735573403,-0.6404411562642809,0.0800179988145828,-0.0377925099379853,Jamie Burke,6,406550,5,1,1,0,0,0,0,2,0,0,0,0,0,0.0,0.4,2.64285714,,,,-0.0002653735573403,-0.0129768928553704,-0.6334004109766129,-0.0317720063030719,-0.0345859974622726,0.0028140000067651,0.7459999918937683,0.0701427981257438,0.2762799859046936,0.6459999680519104,2,0.0093938019126653,-0.1243931066905081,0.0,11.1,12.0,1.0,0.0,0.0,0.0,0.0,0.0,0.0,0.0,0.0,0.0,0.0,2.0,0.0,C,2001,0.04,1,0,,,,,,,,,,,,,,,,,,
Sidney Ponson,BAL,23,3,0,0,0,0,0.0,0.333333333,0.0,0.0,0.0,0.0,0.0,0.0,,-100.0,0.0,-0.8231792499471373,0.3248842656612396,-0.0385074677551986,Sidney Ponson,161,132260,3,0,0,0,0,0,0,1,0,0,0,0,0,0.0,0.0,0.14285714,,,,0.0,-0.4580288131881422,-0.8302829240608878,-0.0568379983305931,-0.0568379983305931,0.0,-0.4869999885559082,-0.0509096011519432,0.7577333450317383,,0,-0.0751988962292671,0.0001883417865133,23.0,138.1,14.0,18.0,0.0,0.0,0.0,1.0,0.0,0.0,0.0,0.0,0.0,0.0,1.0,0.0,P,2001,-0.04,0,0,,,,,,,,,,,,,,,,,,
Randy Choate,NYY,37,3,0,0,0,0,0.0,0.666666666,0.0,0.0,0.0,0.0,0.0,0.0,,-100.0,0.0,-0.8283839424300856,0.3248842656612396,-0.0390159837903894,Randy Choate,813,329092,3,0,0,0,0,0,0,2,0,0,0,0,0,0.0,0.0,0.14285714,,,,0.0,-0.4580288131881422,-0.8302829240608878,-0.0119679905474185,-0.011968039907515,0.0,-0.6669999957084656,-0.0728354007005691,0.1590666621923446,,0,-0.0760958045721054,0.0008569683353406,0.0,48.1,2.0,11.0,0.0,0.0,0.0,1.0,0.0,0.0,0.0,0.0,0.0,0.0,1.0,0.0,P,2001,-0.04,0,0,,,,,,,,,,,,,,,,,,
Ted Lilly,NYY,26,3,0,0,0,0,0.0,0.333333333,0.0,0.0,0.0,0.0,0.0,0.0,,-100.0,0.0,-0.8283839424300856,0.3248842656612396,-0.0390159837903894,Ted Lilly,833,150404,1,0,0,0,0,0,0,1,0,0,2,0,0,0.0,0.0,0.14285714,,,,0.0,-0.4580288131881422,-0.8302829240608878,-0.0489600002765655,-0.0489600002765655,0.0,-0.5670000314712524,-0.0620899014174938,1.138266682624817,,0,-0.044564101845026,0.0015513342538101,21.0,120.2,5.0,21.0,2.0,0.0,0.0,0.0,0.0,0.0,0.0,0.0,0.0,0.0,0.92857143,0.0,P,2001,-0.04,0,0,,,,,,,,,,,,,,,,,,
Jose Nunez,SDP,56,3,0,0,0,0,0.0,0.666666666,0.0,0.0,0.0,0.0,0.0,0.0,,-100.0,0.0,-0.8250184183169074,0.3248842656612396,-0.0392600466843105,Jose Nunez,1410,400308,3,0,0,0,0,0,0,2,0,0,0,0,0,0.0,0.0,0.14285714,,,,0.0,-0.4580288131881422,-0.8302829240608878,-0.0456080138683319,-0.045608002692461,0.0,-0.9479999542236328,-0.0996918976306915,0.6042667031288147,,0,-0.0502309016883373,-0.0252457274758703,0.0,59.0,0.0,6.0,2.0,0.0,0.0,0.0,0.0,0.0,0.0,0.0,0.0,0.0,0.75,0.0,P,2001,-0.01,0,0,,,,,,,,,,,,,,,,,,
Chuck McElroy,SDP,31,3,0,0,0,0,0.0,0.333333333,0.0,0.0,0.0,0.0,0.0,0.0,,-100.0,0.0,-0.8250184183169074,0.3248842656612396,-0.0392600466843105,Chuck McElroy,1008477,118660,3,0,0,0,0,0,0,1,0,0,0,0,0,0.0,0.0,0.14285714,,,,0.0,-0.4580288131881422,-0.8302829240608878,-0.0422419980168342,-0.0422419980168342,0.0,-0.4560000002384186,-0.0458161979913711,0.5420666933059692,,0,-0.0783239006996154,0.0003962240161288,5.0,75.0,4.0,21.0,0.0,0.0,0.0,1.0,0.0,0.0,0.0,0.0,0.0,0.0,1.0,0.0,P,2001,-0.04,0,0,,,,,,,,,,,,,,,,,,
Brian Boehringer,SFG,29,3,0,0,0,0,0.0,0.666666666,0.0,0.0,0.0,0.0,0.0,0.0,,-100.0,0.0,-0.834339206402368,0.3248842656612396,-0.0401707191625791,Brian Boehringer,984,111145,3,0,0,0,0,0,0,2,0,0,0,0,0,0.0,0.0,0.14285714,,,,0.0,-0.4580288131881422,-0.8302829240608878,-0.0217599924653768,-0.0217599999159574,0.0,-0.8610000014305115,-0.0830478966236114,0.2450666725635528,,0,-0.0589319989085197,-0.0298601336069036,0.0,69.0,1.0,2.0,0.0,0.0,0.0,0.0,0.0,0.0,0.0,0.0,0.0,0.0,1.0,0.0,P,2001,-0.04,0,0,,,,,,,,,,,,,,,,,,
Tim Worrell,SFG,73,3,0,0,0,0,0.0,0.666666666,0.0,0.0,0.0,0.0,0.0,0.0,,-100.0,0.0,-0.834339206402368,0.3248842656612396,-0.0401707191625791,Tim Worrell,1139,124580,2,0,0,0,0,0,0,2,0,0,1,0,0,0.0,0.0,0.14285714,,,,0.0,-0.4580288131881422,-0.8302829240608878,-0.0560999847948551,-0.0564000010490417,0.0003000000142492,-0.6260000467300415,-0.0658876001834869,0.7273333668708801,,0,-0.004034100100398,-0.0730969478483677,0.0,78.1,4.0,10.0,2.0,0.0,0.0,1.0,0.0,0.0,0.0,0.0,0.0,0.0,0.875,0.0,P,2001,0.09,0,0,,,,,,,,,,,,,,,,,,
Rick White,NYM,55,3,0,0,0,0,0.0,0.666666666,0.0,0.0,0.0,0.0,0.0,0.0,,-100.0,0.0,-0.8347115193653769,0.3248842656612396,-0.0402070953966063,Rick White,456,124184,3,0,0,0,0,0,0,2,0,0,0,0,0,0.0,0.0,0.14285714,,,,0.0,-0.4580288131881422,-0.8302829240608878,-0.0028719960246235,-0.0028720099944621,0.0,-0.363999992609024,-0.04099091142416,0.0384000018239021,,0,-0.0856190994381904,0.0108275398493615,0.0,69.2,3.0,7.0,1.0,0.0,0.0,1.0,0.0,0.0,0.0,0.0,0.0,0.0,0.90909091,0.0,P,2001,-0.04,0,0,,,,,,,,,,,,,,,,,,
Grant Roberts,NYM,16,3,0,0,0,0,0.0,1.0,0.0,0.0,0.0,0.0,0.0,0.0,,-100.0,0.0,-0.8347115193653769,0.3248842656612396,-0.0402070953966063,Grant Roberts,894,150241,3,0,0,0,0,0,0,3,0,0,0,0,0,0.0,0.0,0.14285714,,,,0.0,-0.4580288131881422,-0.8302829240608878,-0.0621599927544593,-0.0621599927544593,0.0,-0.5239999890327454,-0.0579967983067035,0.8398666381835938,,0,-0.0750578045845031,0.0010460628050049,0.0,26.0,2.0,1.0,0.0,0.0,0.0,0.0,0.0,0.0,0.0,0.0,0.0,0.0,1.0,0.0,P,2001,-0.04,0,0,,,,,,,,,,,,,,,,,,
Tom Martin,NYM,14,3,0,0,0,0,0.0,0.333333333,0.0,0.0,0.0,0.0,0.0,0.0,,-100.0,0.0,-0.8347115193653769,0.3248842656612396,-0.0402070953966063,Tom Martin,1219,118353,3,0,0,0,0,0,0,1,0,0,0,0,0,0.0,0.0,0.14285714,,,,0.0,-0.4580288131881422,-0.8302829240608878,-0.0356680005788803,-0.0356680005788803,0.0,-0.7619999647140503,-0.0679586008191108,0.4701333343982696,,0,-0.0728031992912292,-0.0030646406791746,0.0,17.0,1.0,1.0,0.0,0.0,0.0,0.0,0.0,0.0,0.0,0.0,0.0,0.0,1.0,0.0,P,2001,-0.02,0,0,,,,,,,,,,,,,,,,,,
Frank Castillo,BOS,26,3,0,0,0,0,0.0,0.333333333,0.0,0.0,0.0,0.0,0.0,0.0,,-100.0,0.0,-0.8424584095526404,0.3248842656612396,-0.0403911067668251,Frank Castillo,180,112113,2,0,0,0,0,0,0,1,0,0,1,0,0,0.0,0.0,0.14285714,,,,0.0,-0.4580288131881422,-0.8302829240608878,-0.0355199985206127,-0.0355199985206127,0.0,-0.5720000267028809,-0.0600524991750717,0.5746669769287109,,0,-0.0667198970913887,0.0049101882571553,26.0,136.2,16.0,16.0,0.0,0.0,0.0,1.0,0.0,0.0,0.0,0.0,0.0,0.0,1.0,0.0,P,2001,-0.04,0,0,,,,,,,,,,,,,,,,,,
T.J. Mathews,STL,10,3,0,0,0,0,0.0,1.0,0.0,0.0,0.0,0.0,0.0,0.0,,-100.0,0.0,-0.843358380084104,0.3248842656612396,-0.0410519228948571,T.J. Mathews,567,118421,3,0,0,0,0,0,0,3,0,0,0,0,0,0.0,0.0,0.14285714,,,,0.0,-0.4580288131881422,-0.8302829240608878,-0.0356179997324943,-0.0356179997324943,0.0,-0.9579999446868896,-0.0949480012059211,0.4347999989986419,,0,-0.0780112966895103,-0.0039068261589802,0.0,37.2,1.0,6.0,0.0,0.0,0.0,0.0,0.0,0.0,0.0,0.0,0.0,0.0,1.0,0.0,P,2001,-0.04,0,0,,,,,,,,,,,,,,,,,,
Luther Hackman,STL,35,3,0,0,0,0,0.0,0.0,0.0,0.0,0.0,0.0,0.0,0.0,,-100.0,0.0,-0.843358380084104,0.3248842656612396,-0.0410519228948571,Luther Hackman,1155,235097,1,0,0,0,0,0,0,0,0,0,2,0,0,0.0,0.0,0.14285714,,,,0.0,-0.4580288131881422,-0.8302829240608878,-0.0604699999094009,-0.0604699999094009,0.0,-0.8220000267028809,-0.0768080949783325,1.1609333753585815,,0,-0.0517676994204521,-0.0003196995577393,0.0,35.2,1.0,5.0,0.0,0.0,0.0,0.0,0.0,0.0,0.0,0.0,0.0,0.0,1.0,0.0,P,2001,-0.02,0,0,,,,,,,,,,,,,,,,,,
Mike DeJean,MIL,75,3,0,0,0,0,0.0,0.666666666,0.0,0.0,0.0,0.0,0.0,0.0,,-100.0,0.0,-0.8508121048260398,0.3248842656612396,-0.0417801769781849,Mike DeJean,682,113211,3,0,0,0,0,0,0,2,0,0,0,0,0,0.0,0.0,0.14285714,,,,0.0,-0.4580288131881422,-0.8302829240608878,-0.0227600093930959,-0.0227600000798702,0.0,-1.4609999656677246,-0.1419824957847595,0.2101333290338516,,0,-0.0751326978206634,-0.0331795318372478,0.0,84.1,7.0,17.0,0.0,0.0,0.0,1.0,0.0,0.0,0.0,0.0,0.0,0.0,1.0,0.0,P,2001,-0.04,0,0,,,,,,,,,,,,,,,,,,
Chad Fox,MIL,65,3,0,0,0,0,0.0,0.333333333,0.0,0.0,0.0,0.0,0.0,0.0,,-100.0,0.0,-0.8508121048260398,0.3248842656612396,-0.0417801769781849,Chad Fox,684,114354,3,0,0,0,0,0,0,1,0,0,0,0,0,0.0,0.0,0.14285714,,,,0.0,-0.4580288131881422,-0.8302829240608878,-0.0373039692640304,-0.0373039990663528,0.0,-0.6660000085830688,-0.0652230978012085,0.4660000205039978,,0,-0.0796599015593528,-0.000391531107291,0.0,66.2,4.0,6.0,1.0,0.0,0.0,0.0,0.0,0.0,0.0,0.0,0.0,0.0,0.90909091,0.0,P,2001,-0.04,0,0,,,,,,,,,,,,,,,,,,
Nick Neugebauer,MIL,2,3,0,0,0,0,0.0,0.333333333,0.0,0.0,0.0,0.0,0.0,0.0,,-100.0,0.0,-0.8508121048260398,0.3248842656612396,-0.0417801769781849,Nick Neugebauer,698,400302,3,0,0,0,0,0,0,1,0,0,0,0,0,0.0,0.0,0.14285714,,,,0.0,-0.4580288131881422,-0.8302829240608878,-0.0316120013594627,-0.0316120013594627,0.0,-0.5220000147819519,-0.0509517006576061,0.4142670035362243,,0,-0.0760641023516655,-0.0002441748937331,2.0,6.0,0.0,0.0,0.0,0.0,0.0,0.0,0.0,0.0,0.0,0.0,0.0,0.0,0.0,0.0,P,2001,-0.04,0,0,,,,,,,,,,,,,,,,,,
Scott Sullivan,CIN,79,3,0,0,0,0,0.0,1.0,0.0,0.0,0.0,0.0,0.0,0.0,,-100.0,0.0,-0.8583062862206168,0.3248842656612396,-0.042512383813124,Scott Sullivan,357,122975,3,0,0,0,0,0,0,3,0,0,0,0,0,0.0,0.0,0.14285714,,,,0.0,-0.4580288131881422,-0.8302829240608878,-0.0708240121603012,-0.0708240047097206,0.0,-0.8050000071525574,-0.0788037031888961,0.986733376979828,,0,-0.075773499906063,0.0039972594214472,0.0,103.1,6.0,10.0,0.0,0.0,0.0,0.0,0.0,0.0,0.0,0.0,0.0,0.0,1.0,0.0,P,2001,-0.05,0,0,,,,,,,,,,,,,,,,,,
Scott MacRae,CIN,24,3,0,0,0,0,0.0,0.333333333,0.0,0.0,0.0,0.0,0.0,0.0,,-100.0,0.0,-0.8583062862206168,0.3248842656612396,-0.042512383813124,Scott MacRae,1007935,407133,3,0,0,0,0,0,0,1,0,0,0,0,0,0.0,0.0,0.14285714,,,,0.0,-0.4580288131881422,-0.8302829240608878,-0.0357479788362979,-0.0357479788362979,0.0,-0.6599999666213989,-0.0656657963991165,0.4693333208560943,,0,-0.0758728981018066,-0.0002946724663587,0.0,31.1,2.0,1.0,0.0,0.0,0.0,0.0,0.0,0.0,0.0,0.0,0.0,0.0,1.0,0.0,P,2001,-0.05,0,0,,,,,,,,,,,,,,,,,,
Scott Winchester,CIN,12,3,0,0,0,0,0.0,0.666666666,0.0,0.0,0.0,0.0,0.0,0.0,,-100.0,0.0,-0.8583062862206168,0.3248842656612396,-0.042512383813124,Scott Winchester,1014120,124441,3,0,0,0,0,0,0,2,0,0,0,1,0,0.0,0.0,0.14285714,,,,0.0,-0.4580288131881422,-0.8302829240608878,-0.1366599947214126,-0.1366599947214126,0.0,-1.0779999494552612,-0.1079846993088722,1.4868667125701904,,0,-0.095024898648262,0.0031135029824172,1.0,24.0,3.0,4.0,0.0,0.0,0.0,0.0,0.0,0.0,0.0,0.0,0.0,0.0,1.0,0.0,P,2001,-0.07,0,0,,,,,,,,,,,,,,,,,,
Scott Strickland,MON,77,3,0,0,0,0,0.0,0.666666666,0.0,0.0,0.0,0.0,0.0,0.0,,-100.0,0.0,-0.8669449662018485,0.3248842656612396,-0.0433564120256899,Scott Strickland,897,232994,3,0,0,0,0,0,0,2,0,0,0,0,0,0.0,0.0,0.14285714,,,,0.0,-0.4580288131881422,-0.8302829240608878,-0.0145479999482631,-0.0145479999482631,0.0,-0.6480000019073486,-0.0650691986083984,0.1907999962568283,,0,-0.0757028982043266,-0.0005444824752866,0.0,81.1,3.0,9.0,2.0,0.0,0.0,2.0,0.0,0.0,0.0,0.0,0.0,0.0,0.85714286,0.0,P,2001,-0.05,0,0,,,,,,,,,,,,,,,,,,
Hideki Irabu,MON,3,3,0,0,0,0,0.0,0.0,0.0,0.0,0.0,0.0,0.0,0.0,,-100.0,0.0,-0.8669449662018485,0.3248842656612396,-0.0433564120256899,Hideki Irabu,1255,116400,3,0,0,0,0,0,0,0,0,0,0,0,0,0.0,0.0,0.14285714,,,,0.0,-0.4580288131881422,-0.8302829240608878,-0.0775839984416961,-0.0775839984416961,0.0,-0.7569999694824219,-0.0727185010910034,0.9845333695411682,,0,-0.078471302986145,-0.0003315094343759,3.0,16.2,0.0,5.0,0.0,0.0,0.0,0.0,0.0,0.0,0.0,0.0,0.0,0.0,1.0,0.0,P,2001,-0.04,0,0,,,,,,,,,,,,,,,,,,
Masato Yoshii,MON,42,19,0,0,0,0,0.052631578,0.368421052,0.0,0.222222222,0.125,0.176470588,0.125,0.1457709950559279,,-26.784598394948055,-0.000796120672021,-3.1486208202966215,2.057600259780884,-0.0457663149047192,Masato Yoshii,807,134180,16,2,2,0,0,1,0,7,0,0,2,0,0,0.142857142,0.301470588,0.14285714,,,,-0.000796120672021,-0.5580223972044613,-2.9156317660651827,-0.3272520005702972,-0.3781118392944336,0.0508599989116191,-3.3550000190734863,-0.3342905938625335,0.798989474773407,,0,-0.3378596007823944,-0.0717227665737034,11.0,113.0,5.0,18.0,3.0,0.0,0.0,1.0,0.0,0.0,0.0,0.0,0.0,0.0,0.88461538,0.0,P,2001,-0.05,2,0,,,,,,,,,,,,,,,,,,
Keith McDonald,STL,2,2,0,0,0,0,0.0,0.5,0.0,0.0,0.0,0.0,0.0,0.0,,-100.0,0.0,-0.5622389200560693,0.0257201641798019,-0.046016528415284,Keith McDonald,1008467,150461,2,0,0,0,0,0,0,1,0,0,0,1,0,0.0,0.0,0.14285714,,,,0.0,-0.3053525421254282,-0.5535219493739252,-0.0078060170635581,-0.0078059798106551,0.0,-1.6419999599456787,-0.1563888043165207,0.1079000011086463,0.0,1,-0.0357090011239051,-0.0366359199451695,0.0,3.0,1.0,1.0,0.0,0.0,0.0,0.0,0.0,0.0,0.0,0.0,0.0,0.0,1.0,0.0,C,2001,-0.07,0,0,,,,,,,,,,,,,,,,,,
Jolbert Cabrera,CLE,141,312,1,50,38,10,0.051282051,0.131410256,0.087108014,0.299595141,0.261324041,0.311897106,0.348432055,0.2925639119945538,,75.06378087404835,0.2504183548153378,-9.559097870633884,-1.70221745967865,-0.0463877207788066,Jolbert Cabrera,373,132660,287,75,55,16,3,16,0,41,6,2,1,4,4,0.390243902,0.660329161,6.862547687789728,,,,0.2504183548153378,29.578070487388,-9.136357043377537,-0.7646660804748535,-5.592979907989502,4.828313827514648,-5.364999771118164,-0.4745931923389435,0.9457647204399108,1.4240533113479614,15,-0.7660112977027893,-0.0425048839107291,56.0,686.3,130.0,89.0,6.0,0.0,0.0,12.0,0.0,0.0,0.0,0.0,0.0,0.0,5.86919234,-2.0,CF,2001,0.77,100,20,,,,,,,,,,,,,,,,,,
Nick Johnson,NYY,23,78,2,6,8,0,0.089743589,0.192307692,0.119402985,0.22,0.19402985,0.307692307,0.313432835,0.2858065794675778,,72.7435745053202,-0.005307471146807,-2.685869696592095,-0.5226336717605591,-0.046566476812542,Nick Johnson,828,276376,67,13,9,2,0,7,0,15,4,0,0,3,0,0.466666666,0.621125142,0.9067460275,,,,-0.005307471146807,6.94867113484524,-2.729935747846144,-0.3175740838050842,-1.525668025016785,1.2080940008163452,-2.8489999771118164,-0.2539084851741791,1.0076102018356323,1.4767600297927856,5,-0.2853797972202301,-0.0297957371546083,10.0,102.0,90.0,5.0,0.0,0.0,0.0,4.0,0.0,0.0,0.0,0.0,0.0,0.0,1.0,1.0,1B,2001,-0.17,21,4,,,,,,,,,,,,,,,,,,
Luis Figueroa,PIT,4,2,0,0,0,0,0.0,0.0,0.0,0.0,0.0,0.0,0.0,0.0,,-100.0,0.0,-0.5671344730488901,0.0102880615741014,-0.0480026090268763,Luis Figueroa,776,292294,2,0,0,0,0,0,0,0,0,0,0,0,0,0.0,0.0,0.14285714,,,,0.0,-0.3053525421254282,-0.5535219493739252,-0.0004540280206128,-0.0004540479858405,0.0,-0.3519999980926513,-0.0340828001499176,0.0049999998882412,0.0,1,-0.0287999995052814,-0.0620056066469611,0.0,6.0,1.0,4.0,0.0,0.0,0.0,1.0,0.0,0.0,0.0,0.0,0.0,0.0,1.0,0.0,2B,2001,-0.02,0,0,,,,,,,,,,,,,,,,,,
Bill Ortega,STL,5,5,0,0,0,0,0.0,0.2,0.0,0.25,0.2,0.2,0.2,0.1774230122566223,,-0.2787007374695967,-0.0002653735573403,-0.6554582112393137,0.0,-0.0480325656335076,Bill Ortega,1009854,400108,5,1,1,0,0,0,0,1,0,0,0,0,0,0.0,0.4,0.14285714,,,,-0.0002653735573403,-0.0129768928553704,-0.6334004109766129,-0.0076280268840491,-0.0104599995538592,0.0028319600969552,-1.131999969482422,-0.1133183017373085,0.0936800017952919,0.0936800017952919,5,-0.0563708990812301,-0.025055517847303,,,,,,,,,,,,,,,,,,2001,-0.05,1,0,,,,,,,,,,,,,,,,,,
Gabe White,COL,69,3,0,0,0,0,0.0,1.0,0.0,0.0,0.0,0.0,0.0,0.0,,-100.0,0.0,-0.9235187445927328,0.3248842656612396,-0.0488838612606538,Gabe White,360,124171,3,0,0,0,0,0,0,3,0,0,0,0,0,0.0,0.0,0.14285714,,,,0.0,-0.4580288131881422,-0.8302829240608878,-0.0513599887490272,-0.0513599999248981,0.0,-0.4860000014305115,-0.0455706007778644,0.6744666695594788,,0,-0.0758009999990463,-0.0003480390373415,0.0,67.2,3.0,6.0,0.0,0.0,0.0,1.0,0.0,0.0,0.0,0.0,0.0,0.0,1.0,0.0,P,2001,-0.05,0,0,,,,,,,,,,,,,,,,,,
Jeff Branson,LAD,13,21,0,3,0,0,0.0,0.19047619,0.0,0.352941176,0.285714285,0.285714285,0.285714285,0.253461446080889,,53.14111696495523,-0.0015922413440421,-1.287475865147724,0.0754458084702491,-0.0511861852028645,Jeff Branson,1001355,111394,21,6,6,0,0,0,0,4,0,0,0,0,0,0.0,0.57142857,2.64285714,,,,-0.0015922413440421,1.2962250824322037,-1.309553693677015,-0.2521359920501709,-0.4190440773963928,0.1669080406427383,-1.934999942779541,-0.2014186978340149,0.9842666983604432,1.9215999841690063,5,-0.1143280267715454,-0.1418383074853894,3.0,36.2,7.0,10.0,1.0,0.0,0.0,2.0,0.0,0.0,0.0,0.0,0.0,0.0,1.0,0.0,2B,2001,-0.1,6,0,,,,,,,,,,,,,,,,,,
Steve Sparks,DET,36,4,0,0,0,0,0.0,0.25,0.0,0.0,0.0,0.0,0.0,0.0,,-100.0,0.0,-1.0981120235189683,0.4331790208816528,-0.05139601990117,Steve Sparks,499,122562,4,0,0,0,0,0,0,1,0,0,0,0,0,0.0,0.0,0.14285714,,,,0.0,-0.6107050842508563,-1.1070438987478504,-0.0677239969372749,-0.0677239969372749,0.0,-1.1670000553131104,-0.1157739982008934,0.6136999726295471,,0,-0.107304997742176,-0.0030485951496322,33.0,232.0,20.0,42.0,1.0,0.0,0.0,1.0,0.0,0.0,0.0,0.0,0.0,0.0,0.98412698,0.0,P,2001,-0.06,0,0,,,,,,,,,,,,,,,,,,
Adam Everett,HOU,9,3,0,1,0,1,0.0,0.333333333,0.0,0.0,0.0,0.0,0.0,0.0,,-100.0,0.2000000029802322,-0.6632415031243033,0.0360082238912582,-0.0516780606467279,Adam Everett,1430,276361,3,0,0,0,0,0,0,1,0,0,0,0,0,0.0,0.0,2.5,,,,0.2000000029802322,-0.4580288131881422,-0.8302829240608878,0.0002660139871295,-0.0006920149899087,0.000958000018727,-0.5679999589920044,-0.0562484003603458,0.0229500010609626,0.0086666662245988,3,-0.0586383007466793,0.0702293236151721,0.0,7.0,2.0,2.0,2.0,0.0,0.0,1.0,0.0,0.0,0.0,0.0,0.0,0.0,0.66666667,0.0,SS,2001,-0.1,0,0,,,,,,,,,,,,,,,,,,
Trevor Hoffman,SDP,62,4,0,0,0,0,0.0,0.25,0.0,0.0,0.0,0.0,0.0,0.0,,-100.0,0.0,-1.1000245577558765,0.4331790208816528,-0.0523467289124141,Trevor Hoffman,1035,116034,4,0,0,0,0,0,0,1,0,0,0,0,0,0.0,0.0,0.14285714,,,,0.0,-0.6107050842508563,-1.1070438987478504,-0.0650519803166389,-0.0650520026683807,0.0,-1.7709999084472656,-0.18282550573349,0.6606500148773193,,0,-0.1018418967723846,0.0033752671625769,0.0,60.1,5.0,4.0,0.0,0.0,0.0,0.0,0.0,0.0,0.0,0.0,0.0,0.0,1.0,0.0,P,2001,-0.04,0,0,,,,,,,,,,,,,,,,,,
Brett Jodie,SDP,7,4,0,0,0,0,0.0,0.5,0.0,0.0,0.0,0.0,0.0,0.0,,-100.0,0.0,-1.1000245577558765,0.4331790208816528,-0.0523467289124141,Brett Jodie,1006415,407093,4,0,0,0,0,0,0,2,0,0,0,0,0,0.0,0.0,0.14285714,,,,0.0,-0.6107050842508563,-1.1070438987478504,-0.0974719896912574,-0.0974720492959022,0.0,-0.8379999995231628,-0.0875817015767097,0.9388499855995178,,0,-0.1032160967588424,-0.000604525477217,3.0,25.1,0.0,1.0,0.0,0.0,0.0,0.0,0.0,0.0,0.0,0.0,0.0,0.0,1.0,0.0,P,2001,-0.03,0,0,,,,,,,,,,,,,,,,,,
Jeff Williams,LAD,15,4,0,0,0,0,0.0,0.5,0.0,0.0,0.0,0.0,0.0,0.0,,-100.0,0.0,-1.1025353140100729,0.4331790208816528,-0.0525920382788939,Jeff Williams,674,237796,4,0,0,0,0,0,0,2,0,0,0,0,0,0.0,0.0,0.14285714,,,,0.0,-0.6107050842508563,-1.1070438987478504,-0.1278620064258575,-0.1278620064258575,0.0,-1.065000057220459,-0.1130049005150795,1.3711498975753784,,0,-0.0973777994513511,0.0041261377242434,1.0,24.1,4.0,5.0,0.0,0.0,0.0,1.0,0.0,0.0,0.0,0.0,0.0,0.0,1.0,0.0,P,2001,-0.03,0,0,,,,,,,,,,,,,,,,,,
Jason Phillips,NYM,6,7,0,2,0,0,0.0,0.142857142,0.142857143,0.166666666,0.142857142,0.142857142,0.285714285,0.1773956843784877,,1.9093107977213415,0.0,-0.8972557796458389,0.1286008208990097,-0.0526891039994391,Jason Phillips,892,282993,7,1,0,1,0,0,0,1,0,0,0,0,0,0.0,0.428571427,2.64285714,,,,0.0,-0.0183294652322913,-0.8869223906020309,-0.2003320008516311,-0.2237439900636673,0.023412000387907,-0.111999973654747,0.0013235993683338,1.0643486976623535,0.4120000004768371,1,-0.0974562019109726,-0.0907640695955586,0.0,15.0,15.0,0.0,0.0,0.0,0.0,0.0,0.0,0.0,0.0,0.0,0.0,0.0,1.0,0.0,C,2001,-0.03,2,1,,,,,,,,,,,,,,,,,,
Armando Reynoso,ARI,9,13,0,0,2,0,0.0,0.23076923,0.1,0.142857142,0.1,0.1,0.2,0.1241769790649414,,-39.92614316630804,0.0,-2.3770190074790767,1.407831788063049,-0.053072284581579,Armando Reynoso,72,121117,10,1,0,1,0,0,0,3,0,0,3,0,0,0.0,0.3,0.14285714,,,,0.0,-0.6192657619465638,-2.2323669090617946,-0.0402039997279644,-0.2551440000534057,0.214939996600151,-1.1829999685287476,-0.1279340088367462,0.9538769125938416,,0,-0.1922059953212738,0.1500579999172974,9.0,46.2,1.0,11.0,1.0,0.0,0.0,2.0,0.0,0.0,0.0,0.0,0.0,0.0,0.92307692,0.0,P,2001,-0.07,2,1,,,,,,,,,,,,,,,,,,
Dave Burba,CLE,32,4,0,1,0,0,0.0,0.25,0.0,0.0,0.0,0.0,0.0,0.0,,-100.0,0.0,-1.1156741446718463,0.4331790208816528,-0.0531118984564277,Dave Burba,1239,111692,2,0,0,0,0,0,0,1,0,0,2,0,0,0.0,0.0,0.14285714,,,,0.0,-0.6107050842508563,-1.1070438987478504,0.0336980000138282,-0.043282002210617,0.0769800022244453,0.1280000060796737,0.0121834985911846,0.7935497164726257,,0,0.0027552992105484,0.0397095890180276,27.0,150.2,17.0,18.0,0.0,0.0,0.0,1.0,0.0,0.0,0.0,0.0,0.0,0.0,1.0,0.0,P,2001,0.1,0,0,,,,,,,,,,,,,,,,,,
Kevin Olsen,FLA,4,4,0,0,0,0,0.0,0.75,0.0,0.0,0.0,0.0,0.0,0.0,,-100.0,0.0,-1.1129649347528705,0.4331790208816528,-0.053611047453028,Kevin Olsen,533,407485,3,0,0,0,0,0,0,3,0,0,1,0,0,0.0,0.0,0.14285714,,,,0.0,-0.6107050842508563,-1.1070438987478504,-0.0941800996661186,-0.0941800996661186,0.0,-0.9149999618530272,-0.0941357985138893,1.452399969100952,,0,-0.0769995003938674,0.012155034909324,2.0,15.0,3.0,2.0,0.0,0.0,0.0,1.0,0.0,0.0,0.0,0.0,0.0,0.0,1.0,0.0,P,2001,-0.06,0,0,,,,,,,,,,,,,,,,,,
Rolando Arrojo,BOS,41,4,0,0,0,0,0.0,0.75,0.0,0.0,0.0,0.0,0.0,0.0,,-100.0,0.0,-1.1232778794035203,0.4331790208816528,-0.0538548090224335,Rolando Arrojo,174,134361,4,0,0,0,0,0,0,3,0,0,0,0,0,0.0,0.0,0.14285714,,,,0.0,-0.6107050842508563,-1.1070438987478504,-0.1282819956541061,-0.1282819956541061,0.0,-1.659000039100647,-0.1773229986429214,1.236050009727478,,0,-0.1041295975446701,0.0003457743623139,9.0,103.1,12.0,17.0,0.0,0.0,0.0,3.0,0.0,0.0,0.0,0.0,0.0,0.0,1.0,0.0,P,2001,-0.06,0,0,,,,,,,,,,,,,,,,,,
Stubby Clapp,STL,23,26,0,0,1,0,0.038461538,0.269230769,0.08,0.277777777,0.2,0.23076923,0.28,0.2249523676358736,,30.488426034627913,-0.0010614942293614,-2.3627407175192374,0.935985431075096,-0.0538610275522873,Stubby Clapp,1002260,406893,25,5,3,2,0,1,0,7,0,0,0,0,0,0.142857142,0.51076923,0.14285714,,,,-0.0010614942293614,0.9778436898084594,-2.248358604422002,-0.3611819744110107,-0.400769978761673,0.0395880006253719,-2.4580001831054688,-0.245863601565361,0.6280769109725952,0.6293749809265137,16,-0.2066621929407119,-0.3683979121214372,2.0,26.2,4.0,6.0,0.0,0.0,0.0,0.0,0.0,0.0,0.0,0.0,0.0,0.0,2.0,1.0,LF,2001,-0.06,7,2,,,,,,,,,,,,,,,,,,
Wascar Serrano,SDP,20,11,0,0,0,0,0.0,0.363636363,0.0,0.2,0.111111111,0.111111111,0.111111111,0.0985683401425679,,-46.64532566292272,-0.0002653735573403,-2.1081718977148673,1.1912423372268677,-0.0543697010005087,Wascar Serrano,1011754,150444,9,1,1,0,0,0,0,4,0,0,2,0,0,0.0,0.222222222,0.14285714,,,,-0.0002653735573403,-0.7622779720187217,-2.127209711885455,-0.1248500049114227,-0.1979340016841888,0.0730839967727661,-1.2369999885559082,-0.1324287056922912,1.0108726024627686,,0,-0.1509225070476532,0.0274153463953086,5.0,46.2,2.0,11.0,0.0,0.0,0.0,0.0,0.0,0.0,0.0,0.0,0.0,0.0,1.0,0.0,P,2001,0.03,1,0,,,,,,,,,,,,,,,,,,
Dave Veres,STL,71,4,0,0,0,0,0.0,0.25,0.0,0.0,0.0,0.0,0.0,0.0,,-100.0,0.0,-1.1244778401121387,0.4331790208816528,-0.0547358971931428,Dave Veres,1188,123707,3,0,0,0,0,0,0,1,0,0,1,0,0,0.0,0.0,0.14285714,,,,0.0,-0.6107050842508563,-1.1070438987478504,-0.0624759867787361,-0.062475997954607,0.0,-1.2330000400543213,-0.1252688020467758,1.2835999727249146,,0,-0.0829695686697959,0.0342970942959396,0.0,65.2,3.0,7.0,2.0,0.0,0.0,0.0,0.0,0.0,0.0,0.0,0.0,0.0,0.83333333,0.0,P,2001,-0.06,0,0,,,,,,,,,,,,,,,,,,
Ryan Christenson,- - -,26,9,0,4,1,1,0.111111111,0.222222222,0.125,0.166666666,0.125,0.222222222,0.25,0.2161829537815517,,28.658427880914335,0.1997346294228918,-0.6983139600819543,-0.1657521650195121,-0.054844083056909,Ryan Christenson,1594,134342,8,1,0,1,0,1,0,2,0,0,0,0,0,0.5,0.472222222,7.5,,,,0.1997346294228918,0.2717224782932914,-0.8450398543249451,-0.1681879945099353,-0.2600439637899399,0.0918560028076171,-0.5849999785423279,-0.0733302682638168,1.2786800146102906,1.2598400235176086,5,-0.056412891484797,-0.075119620627856,0.0,14.1,2.0,0.0,0.0,0.0,0.0,0.0,0.0,0.0,0.0,0.0,0.0,0.0,1.0,0.0,LF,2001,-0.08,2,1,,,,,,,,,,,,,,,,,,
Mark Sweeney,MIL,48,103,3,9,11,2,0.116504854,0.22330097,0.157303371,0.317460317,0.258426966,0.346534653,0.415730337,0.3353796406547621,,100.06984634795042,-0.0397174314130097,-0.030316489562712,-3.8373323678970337,-0.0550091644755704,Mark Sweeney,1408,123040,89,23,16,3,1,12,0,23,0,0,2,0,1,0.52173913,0.76226499,4.708759388343174,,,,-0.0397174314130097,13.49496062141811,0.7142361481205156,0.0840500593185424,-1.603347897529602,1.6873979568481443,1.4690001010894775,0.1557883620262146,0.923954963684082,1.004985213279724,27,0.0242166072130203,0.0667510942682401,19.0,160.29999999999998,33.0,0.0,1.0,0.0,0.0,2.0,0.0,0.0,0.0,0.0,0.0,0.0,2.96666667,-3.0,LF,2001,-0.13,37,7,,,,,,,,,,,,,,,,,,
Rick Helling,TEX,34,4,0,0,0,0,0.0,0.25,0.0,0.0,0.0,0.0,0.0,0.0,,-100.0,0.0,-1.1397294766172656,0.4331790208816528,-0.0554621856378816,Rick Helling,58,115727,4,0,0,0,0,0,0,1,0,0,0,0,0,0.0,0.0,0.14285714,,,,0.0,-0.6107050842508563,-1.1070438987478504,-0.1047839969396591,-0.1047839969396591,0.0,-1.1369999647140503,-0.1070030033588409,0.9553999900817872,,0,-0.1074429005384445,-0.002232625971336,34.0,215.2,15.0,16.0,1.0,0.0,0.0,1.0,0.0,0.0,0.0,0.0,0.0,0.0,0.96875,0.0,P,2001,-0.06,0,0,,,,,,,,,,,,,,,,,,
Doug Davis,TEX,30,4,0,0,0,0,0.0,0.5,0.0,0.0,0.0,0.0,0.0,0.0,,-100.0,0.0,-1.1397294766172656,0.4331790208816528,-0.0554621856378816,Doug Davis,1244,150277,3,0,0,0,0,0,0,2,0,0,1,0,0,0.0,0.0,0.14285714,,,,0.0,-0.6107050842508563,-1.1070438987478504,-0.0789799988269805,-0.0789799988269805,0.0,-0.7719999551773071,-0.0736241042613983,0.8870999813079834,,0,-0.0953515022993087,0.006319825497187,30.0,186.0,5.0,25.0,2.0,0.0,0.0,2.0,0.0,0.0,0.0,0.0,0.0,0.0,0.9375,0.0,P,2001,-0.06,0,0,,,,,,,,,,,,,,,,,,
Amaury Telemaco,PHI,24,25,0,2,0,0,0.08,0.32,0.0,0.153846153,0.095238095,0.173913043,0.095238095,0.1383471177971881,,-25.338145815623047,-0.0010614942293614,-4.095682526552443,2.707368850708008,-0.0556033578109686,Amaury Telemaco,1802,123176,21,2,2,0,0,2,0,8,0,0,2,1,0,0.25,0.269151138,2.64285714,,,,-0.0010614942293614,-0.8912351502434801,-3.993352740849693,-0.4143420159816742,-0.5396860241889954,0.1253440082073211,-4.809000015258789,-0.4873349964618683,0.8896716237068176,,0,-0.4396716952323913,-0.0260529664751696,14.0,89.1,6.0,11.0,1.0,0.0,0.0,2.0,0.0,0.0,0.0,0.0,0.0,0.0,0.94444444,0.0,P,2001,-0.06,2,0,,,,,,,,,,,,,,,,,,
Damaso Marte,PIT,23,4,0,0,0,0,0.0,0.25,0.0,0.0,0.0,0.0,0.0,0.0,,-100.0,0.0,-1.1342689460977802,0.4331790208816528,-0.0556925213188262,Damaso Marte,247,150122,4,0,0,0,0,0,0,1,0,0,0,0,0,0.0,0.0,0.14285714,,,,0.0,-0.6107050842508563,-1.1070438987478504,-0.0645759999752044,-0.0645759999752044,0.0,-0.9799999594688416,-0.0901215001940727,0.6640999913215637,,0,-0.1061774045228958,0.0089390355738196,0.0,36.1,1.0,2.0,0.0,0.0,0.0,0.0,0.0,0.0,0.0,0.0,0.0,0.0,1.0,0.0,P,2001,-0.04,0,0,,,,,,,,,,,,,,,,,,
Kent Bottenfield,HOU,13,15,0,0,0,0,0.0,0.333333333,0.0,0.222222222,0.142857142,0.142857142,0.142857142,0.1267307230404445,,-38.16521282648297,-0.0005307471146807,-2.70872871522693,1.6244213581085205,-0.0579167446660794,Kent Bottenfield,1001226,111264,14,2,2,0,0,0,0,5,0,0,1,0,0,0.0,0.285714284,0.14285714,,,,-0.0005307471146807,-0.6821345035302829,-2.5434050578940104,-0.0702660381793975,-0.3011539876461029,0.2308879941701889,-1.454999923706055,-0.1265279948711395,0.9845867156982422,,0,-0.1678245961666107,0.0964585731855198,9.0,52.0,0.0,5.0,0.0,0.0,0.0,0.0,0.0,0.0,0.0,0.0,0.0,0.0,1.0,0.0,P,2001,0.01,2,0,,,,,,,,,,,,,,,,,,
Mike Coolbaugh,MIL,39,77,2,10,7,0,0.064935064,0.207792207,0.171428571,0.23076923,0.2,0.272727272,0.371428571,0.2821302715834085,,65.59998923165237,-0.0034498562454245,-3.464753839943828,0.3080708980560303,-0.0618966867227873,Mike Coolbaugh,1147,150086,70,14,6,6,0,5,0,16,2,0,0,3,0,0.3125,0.644155843,2.45903360875,,,,-0.0034498562454245,6.620133835007632,-2.9343883440595024,-0.421489953994751,-1.117289900779724,0.6958000659942627,-5.656000137329102,-0.5480479001998901,0.66482013463974,0.3258333206176758,12,-0.4007406830787658,-0.2332502748261907,14.0,143.2,13.0,28.0,1.0,0.0,0.0,6.0,0.0,0.0,0.0,0.0,0.0,0.0,1.97142857,0.0,3B,2001,-0.16,26,8,,,,,,,,,,,,,,,,,,
Jose Mercedes,BAL,33,5,0,0,0,0,0.0,0.8,0.0,0.0,0.0,0.0,0.0,0.0,,-100.0,0.0,-1.3719654165785622,0.5414737462997437,-0.0641791158371186,Jose Mercedes,396,118960,5,0,0,0,0,0,0,4,0,0,0,0,0,0.0,0.0,0.14285714,,,,0.0,-0.7633813553135704,-1.383804873434813,-0.0755600035190582,-0.0755600035190582,0.0,-1.065999984741211,-0.1101360023021698,0.6681602001190186,,0,-0.1210463047027587,0.007959647482531,31.0,184.0,15.0,9.0,0.0,0.0,0.0,2.0,0.0,0.0,0.0,0.0,0.0,0.0,1.0,0.0,P,2001,-0.07,0,0,,,,,,,,,,,,,,,,,,
John Smoltz,ATL,36,10,0,0,0,0,0.1,0.3,0.0,0.0,0.0,0.125,0.0,0.087984599173069,,-58.39522685287981,-0.0002653735573403,-2.070085133761724,1.0829474925994873,-0.0644308507224228,John Smoltz,115,122477,7,0,0,0,0,1,0,3,0,0,2,1,0,0.333333333,0.125,0.14285714,,,,-0.0002653735573403,-0.782507103563377,-2.0233541398058623,-0.0437759794294834,-0.1033520027995109,0.0595760010182857,-1.88100004196167,-0.1897072941064834,0.6851398944854736,,0,-0.1416599005460739,0.0777664099147068,5.0,59.0,8.0,7.0,1.0,0.0,0.0,0.0,0.0,0.0,0.0,0.0,0.0,0.0,0.9375,0.0,P,2001,-0.1,0,0,,,,,,,,,,,,,,,,,,
Barry Zito,OAK,35,5,0,0,0,0,0.0,0.8,0.0,0.0,0.0,0.0,0.0,0.0,,-100.0,0.0,-1.3805215143244576,0.5414737462997437,-0.0650150754863586,Barry Zito,944,217096,5,0,0,0,0,0,0,4,0,0,0,0,0,0.0,0.0,0.14285714,,,,0.0,-0.7633813553135704,-1.383804873434813,-0.1090679988265037,-0.109067901968956,0.0,-0.9149999618530272,-0.0911837965250015,0.8105199933052063,,0,-0.1328125,-0.0017529638101364,35.0,214.1,9.0,25.0,2.0,0.0,0.0,3.0,0.0,0.0,0.0,0.0,0.0,0.0,0.94444444,0.0,P,2001,-0.07,0,0,,,,,,,,,,,,,,,,,,
Andy Pettitte,NYY,31,5,0,0,0,0,0.0,0.2,0.0,0.0,0.0,0.0,0.0,0.0,,-100.0,0.0,-1.3806399040501427,0.5414737462997437,-0.0650266425624365,Andy Pettitte,840,120485,4,0,0,0,0,0,0,1,0,0,1,0,0,0.0,0.0,0.14285714,,,,0.0,-0.7633813553135704,-1.383804873434813,-0.1057199984788894,-0.1057199984788894,0.0,-1.2350000143051147,-0.1305564939975738,0.9104779958724976,,0,-0.1171576976776123,0.0010428668325466,31.0,200.2,9.0,40.0,0.0,0.0,0.0,2.0,0.0,0.0,0.0,0.0,0.0,0.0,1.0,0.0,P,2001,-0.05,0,0,,,,,,,,,,,,,,,,,,
Humberto Cota,PIT,7,9,0,0,1,0,0.0,0.555555555,0.0,0.5,0.222222222,0.222222222,0.222222222,0.1971366802851359,,10.60933909283403,-0.0005307471146807,-1.0518269509182865,0.0857338830828666,-0.0655763079293073,Humberto Cota,1595,276521,9,2,2,0,0,0,0,5,0,0,0,0,0,0.0,0.444444444,0.14285714,,,,-0.0005307471146807,0.126722485351973,-0.9900398472662636,-0.0987040027976036,-0.1815139204263687,0.0828099995851516,-0.8490000367164612,-0.0893850997090339,0.9650444388389589,1.892549991607666,4,-0.0944318994879722,-0.0078473312139361,1.0,10.0,11.0,0.0,0.0,0.0,0.0,0.0,0.0,0.0,0.0,0.0,0.0,0.0,1.0,0.0,C,2001,-0.08,2,0,,,,,,,,,,,,,,,,,,
Pat Rapp,ANA,31,5,0,0,0,0,0.0,0.4,0.0,0.0,0.0,0.0,0.0,0.0,,-100.0,0.0,-1.3905802451651406,0.5414737462997437,-0.0659978474643214,Pat Rapp,1010700,120933,5,0,0,0,0,0,0,2,0,0,0,0,0,0.0,0.0,0.14285714,,,,0.0,-0.7633813553135704,-1.383804873434813,-0.0780199989676475,-0.0780199989676475,0.0,-1.1030000448226929,-0.0969450026750564,0.6011998057365417,,0,-0.1334185004234314,0.0036446744454543,28.0,170.0,19.0,26.0,1.0,0.0,0.0,1.0,0.0,0.0,0.0,0.0,0.0,0.0,0.97826087,0.0,P,2001,-0.07,0,0,,,,,,,,,,,,,,,,,,
Greg Norton,COL,117,246,13,30,40,1,0.077235772,0.264227642,0.248888889,0.315436241,0.266666666,0.321138211,0.515555555,0.3499491862097724,,90.95461689898704,0.1869966986705549,-2.7207228147635965,-5.898492753505707,-0.0660201423492826,Greg Norton,1388,119853,225,60,32,13,2,19,2,65,0,2,0,6,0,0.292307692,0.836693766,4.116085460414046,,,,0.1869966986705549,35.26245486174228,4.737617770177146,-1.483637809753418,-5.988297939300537,4.504660129547119,-1.0090001821517944,-0.1219329237937927,1.1877137422561646,1.493553638458252,69,-0.0481051094830036,-1.201049259089949,39.0,343.2,90.0,31.0,4.0,0.0,0.0,8.0,0.0,0.0,0.0,0.0,0.0,0.0,3.89473684,-5.0,3B,2001,-0.36,116,28,,,,,,,,,,,,,,,,,,
CC Sabathia,CLE,33,5,0,0,0,0,0.0,0.0,0.0,0.0,0.0,0.0,0.0,0.0,,-100.0,0.0,-1.394592680839808,0.5414737462997437,-0.0663898759823222,CC Sabathia,404,282332,4,0,0,0,0,0,0,0,0,0,1,1,0,0.0,0.0,0.14285714,,,,0.0,-0.7633813553135704,-1.383804873434813,-0.2720160186290741,-0.2720160186290741,0.0,-2.7070000171661377,-0.2668672204017639,1.313039779663086,,0,-0.1604490876197815,-0.0467160134245074,33.0,180.1,3.0,21.0,1.0,0.0,0.0,1.0,0.0,0.0,0.0,0.0,0.0,0.0,0.96,0.0,P,2001,-0.1,0,0,,,,,,,,,,,,,,,,,,
Steve Trachsel,NYM,28,61,0,2,2,0,0.0,0.213114754,0.017857143,0.209302325,0.160714285,0.160714285,0.178571428,0.1489051835877554,,-16.533414600815533,-0.0021229884587228,-9.291161119527148,6.605979919433594,-0.0670547036161036,Steve Trachsel,898,123431,56,9,8,1,0,0,0,13,0,0,5,0,0,0.0,0.339285713,0.9067460275,,,,-0.0021229884587228,-1.629823105464654,-9.198990026543813,-0.8188419938087463,-1.156256079673767,0.3374139964580536,-9.069000244140623,-0.972831666469574,0.8617128729820251,,0,-0.8704856038093567,-0.0797636259312635,28.0,173.2,15.0,20.0,1.0,0.0,0.0,3.0,0.0,0.0,0.0,0.0,0.0,0.0,0.97222222,0.0,P,2001,-0.01,10,1,,,,,,,,,,,,,,,,,,
Ramon Martinez,PIT,4,5,0,0,0,0,0.0,0.4,0.0,0.0,0.0,0.0,0.0,0.0,,-100.0,0.0,-1.4178361826222252,0.5414737462997437,-0.0696156545603203,Ramon Martinez,1008193,118378,5,0,0,0,0,0,0,2,0,0,0,0,0,0.0,0.0,0.14285714,,,,0.0,-0.7633813553135704,-1.383804873434813,-0.0069539994001388,-0.0835019946098327,0.0765480026602745,0.045999988913536,0.0040835011750459,0.9512400031089784,,0,-0.0552732981741428,0.0479628409000471,4.0,15.2,2.0,2.0,0.0,0.0,0.0,2.0,0.0,0.0,0.0,0.0,0.0,0.0,1.0,0.0,P,2001,0.0,0,0,,,,,,,,,,,,,,,,,,
Kelly Dransfeldt,TEX,4,3,0,0,0,0,0.0,0.0,0.0,0.0,0.0,0.0,0.0,0.0,,-100.0,0.0,-0.8547971074629492,0.0377229005098342,-0.0696532745330294,Kelly Dransfeldt,1248,150278,3,0,0,0,0,0,0,0,0,0,0,0,0,0.0,0.0,0.14285714,,,,0.0,-0.4580288131881422,-0.8302829240608878,-0.0001999999949475,-0.0001999749947572,0.0,-0.6119999885559082,-0.059696901589632,0.0033333331812173,0.0,1,-0.0199999995529651,-0.0400000016693957,0.0,8.0,0.0,4.0,0.0,0.0,0.0,0.0,0.0,0.0,0.0,0.0,0.0,0.0,1.0,0.0,SS,2001,-0.06,0,0,,,,,,,,,,,,,,,,,,
Ramon Castro,FLA,7,12,0,0,1,0,0.083333333,0.083333333,0.0,0.2,0.181818181,0.25,0.181818181,0.2065089096625646,,20.752036383378076,-0.000796120672021,-1.2434775143632213,0.1314583271741867,-0.0702290333707967,Ramon Castro,514,135783,11,2,2,0,0,1,0,1,0,0,0,0,0,1.0,0.431818181,0.14285714,,,,-0.000796120672021,0.2640981578148421,-1.2249182856761398,-0.0005639954470098,-0.2301480770111084,0.2295840084552765,0.0090000033378601,0.0003892015665769,1.3522000312805176,2.514500141143799,4,-0.1386148035526275,0.1381977088669576,1.0,15.1,10.0,1.0,0.0,0.0,0.0,0.0,0.0,0.0,0.0,0.0,0.0,0.0,1.0,0.0,C,2001,-0.08,2,0,,,,,,,,,,,,,,,,,,
Dan Reichert,KCR,27,5,0,0,0,0,0.0,0.8,0.0,0.0,0.0,0.0,0.0,0.0,,-100.0,0.0,-1.4388319559972595,0.5414737462997437,-0.0707122025897989,Dan Reichert,624,150209,5,0,0,0,0,0,0,4,0,0,0,0,0,0.0,0.0,0.14285714,,,,0.0,-0.7633813553135704,-1.383804873434813,-0.1333360075950622,-0.1333360075950622,0.0,-1.690999984741211,-0.1669787019491195,1.026718020439148,,0,-0.1302247047424316,0.000358465969266,19.0,123.0,17.0,15.0,0.0,0.0,0.0,3.0,0.0,0.0,0.0,0.0,0.0,0.0,1.0,0.0,P,2001,-0.08,0,0,,,,,,,,,,,,,,,,,,
Josh Phelps,TOR,8,14,0,3,1,1,0.142857142,0.357142857,0.0,0.0,0.0,0.142857142,0.0,0.1005538276263645,,-56.00156965373879,0.1994692558655515,-2.554248304392362,1.3172153532505035,-0.0710700439552204,Josh Phelps,1318,150482,12,0,0,0,0,2,0,5,0,0,0,1,0,0.4,0.142857142,7.5,,,,0.1994692558655515,-0.9466588235759752,-2.6838446743154543,-0.2899399995803833,-0.4600259959697723,0.170085996389389,-2.687000036239624,-0.256118893623352,1.599000096321106,6.8084001541137695,1,-0.1803119033575058,-0.0010139141002052,4.0,37.0,28.0,2.0,0.0,0.0,0.0,0.0,0.0,0.0,0.0,0.0,0.0,0.0,1.0,1.0,C,2001,-0.01,0,0,,,,,,,,,,,,,,,,,,
Charles Gipson,SEA,94,72,0,16,5,1,0.055555555,0.277777777,0.09375,0.311111111,0.21875,0.28169014,0.3125,0.2642109612344016,,59.96257329434789,-0.2365329517051577,-3.8711699514096174,0.5848193168640137,-0.0722310658524904,Charles Gipson,1078,133420,64,14,10,2,2,4,0,20,2,1,1,2,1,0.2,0.59419014,6.744239311023576,,,,-0.2365329517051577,5.098891971967598,-3.835206688978294,-0.5812039971351624,-0.9867699146270752,0.4055660367012024,-5.270999908447266,-0.4939999878406524,0.5964673161506653,0.2125999927520752,5,-0.5832786560058594,-0.3911318127621436,14.0,236.4,51.0,18.0,2.0,0.0,0.0,1.0,0.0,0.0,0.0,0.0,0.0,0.0,4.84126984,2.0,LF,2001,0.06,20,4,,,,,,,,,,,,,,,,,,
Anthony Sanders,SEA,9,19,0,1,2,0,0.105263157,0.157894736,0.117647059,0.214285714,0.176470588,0.263157894,0.294117647,0.2514951699658444,,51.43164178154457,-0.000796120672021,-1.1643042291034116,-0.2366254776716232,-0.072417207464454,Anthony Sanders,1011412,150483,17,3,1,2,0,2,0,3,0,0,0,0,0,0.666666666,0.557275541,0.76785714,,,,-0.000796120672021,1.1411731479820693,-1.2164362208786523,-0.2692779898643493,-0.4087940156459808,0.139515995979309,-1.0520000457763672,-0.0870533287525177,0.9348630905151368,0.1806000024080276,1,-0.063829056918621,-0.2242109701146094,6.0,46.0,13.0,0.0,0.0,0.0,0.0,0.0,0.0,0.0,0.0,0.0,0.0,0.0,2.0,0.0,LF,2001,-0.02,5,2,,,,,,,,,,,,,,,,,,
Robert Machado,CHC,52,146,2,13,13,0,0.047945205,0.178082191,0.118518518,0.261682242,0.222222222,0.265734265,0.34074074,0.2564227334090641,,51.0015790006512,-0.0061035918188281,-9.35424727939963,3.800642967224121,-0.0728781441567228,Robert Machado,289,118079,135,30,18,10,0,7,3,26,1,0,3,4,0,0.269230769,0.606475005,1.4821428525,,,,-0.0061035918188281,9.37757069792869,-8.738796031211592,-0.2222460955381393,-2.692566156387329,2.470319986343384,-5.77400016784668,-0.5915093421936035,0.9901933073997498,1.51028573513031,7,-0.7331650853157043,0.5087179052779416,34.0,326.2,317.0,20.0,1.0,0.0,0.0,3.0,0.0,0.0,0.0,0.0,1.0,9.0,0.99704142,1.0,C,2001,-0.16,46,12,,,,,,,,,,,,,,,,,,
Jason Michaels,PHI,6,6,0,0,1,0,0.0,0.333333333,0.0,0.25,0.166666666,0.166666666,0.166666666,0.1478525102138519,,-19.185030311142683,-0.0002653735573403,-0.9347311491745292,-0.0102880643680691,-0.073122070490963,Jason Michaels,1399,346859,6,1,1,0,0,0,0,2,0,0,0,0,0,0.0,0.333333332,0.14285714,,,,-0.0002653735573403,-0.1656531639180846,-0.9101613856635756,-0.0439600273966789,-0.1143800020217895,0.0704199969768524,-0.4009999632835388,-0.0398300997912883,1.012600064277649,1.069040060043335,5,-0.0866352021694183,0.0432221816221222,0.0,2.0,0.0,0.0,0.0,0.0,0.0,0.0,0.0,0.0,0.0,0.0,0.0,0.0,0.0,0.0,LF,2001,-0.09,1,0,,,,,,,,,,,,,,,,,,
Mike Gulan,FLA,6,8,0,1,0,0,0.25,0.25,0.0,0.0,0.0,0.25,0.0,0.175969198346138,,0.982797727430652,-0.0005307471146807,-1.0356516453183997,0.0154320932924747,-0.0740662313568269,Mike Gulan,1005132,115237,6,0,0,0,0,2,0,2,0,0,0,0,0,1.0,0.25,2.64285714,,,,-0.0005307471146807,-0.0306011971996904,-1.0232788261936785,-0.0898800194263458,-0.1229279860854148,0.0330480001866817,-0.962000012397766,-0.0993926003575325,0.5898750424385071,0.2194800078868866,5,-0.0970481038093566,-0.0553231832598289,1.0,9.0,2.0,2.0,0.0,0.0,0.0,0.0,0.0,0.0,0.0,0.0,0.0,0.0,1.0,0.0,3B,2001,-0.08,0,0,,,,,,,,,,,,,,,,,,
Julian Tavarez,CHC,34,55,0,4,4,0,0.054545454,0.309090909,0.0,0.208333333,0.121951219,0.181818181,0.121951219,0.1488001292402094,,-18.665646224371,-0.0021229884587228,-8.530730659346256,5.956211566925049,-0.0754521405312843,Julian Tavarez,541,123118,41,5,5,0,0,3,0,17,0,0,11,1,0,0.176470588,0.3037694,2.64285714,,,,-0.0021229884587228,-1.4744001968942326,-8.2990588962279,-0.5629198551177979,-0.9924719929695128,0.4295519888401031,-7.50600004196167,-0.7538071274757385,0.9394323825836182,,0,-0.7233343720436096,0.1241216287382735,28.0,161.1,14.0,31.0,3.0,0.0,0.0,6.0,0.0,0.0,0.0,0.0,0.0,0.0,0.9375,0.0,P,2001,-0.04,5,0,,,,,,,,,,,,,,,,,,
Jeff Weaver,DET,33,6,0,0,0,0,0.0,0.0,0.0,0.0,0.0,0.0,0.0,0.0,,-100.0,0.0,-1.6471680352784528,0.6497685313224792,-0.077094029851755,Jeff Weaver,503,213711,5,0,0,0,0,0,0,0,0,0,1,0,0,0.0,0.0,0.14285714,,,,0.0,-0.9160576263762844,-1.6605658481217755,-0.1275240033864975,-0.1275240033864975,0.0,-1.8289999961853027,-0.1797052919864654,0.729699969291687,,0,-0.1692278087139129,-0.0055344343354924,33.0,229.1,21.0,28.0,0.0,0.0,0.0,4.0,0.0,0.0,0.0,0.0,0.0,0.0,1.0,0.0,P,2001,-0.08,0,0,,,,,,,,,,,,,,,,,,
Brian Anderson,ARI,33,37,0,1,2,0,0.0,0.243243243,0.081081081,0.178571428,0.135135135,0.135135135,0.216216216,0.1476776777087031,,-24.713461053621103,-0.000796120672021,-6.030632040415298,4.006906032562256,-0.0792662916215831,Brian Anderson,44,110230,37,5,3,1,1,0,0,9,0,0,0,2,0,0.0,0.351351351,3.26785714,,,,-0.000796120672021,-1.0269997593815106,-5.618133793478705,-0.6299158930778503,-0.7879160046577454,0.1580000072717666,-6.0269999504089355,-0.5819342136383057,0.8653408288955688,,0,-0.609487771987915,-0.1184518698776023,22.0,133.1,9.0,32.0,2.0,0.0,0.0,2.0,0.0,0.0,0.0,0.0,0.0,0.0,0.95348837,0.0,P,2001,-0.26,8,2,,,,,,,,,,,,,,,,,,
Brian Lawrence,SDP,27,29,0,0,3,0,0.0,0.24137931,0.076923077,0.15,0.115384615,0.111111111,0.192307692,0.1248390608363681,,-29.63952813987523,-0.0002653735573403,-4.913029103240155,3.140547752380371,-0.0803315048341299,Brian Lawrence,1045,400147,26,3,1,2,0,0,0,7,0,1,2,0,0,0.0,0.303418803,0.14285714,,,,-0.0002653735573403,-1.3651975467714188,-4.963653951874625,-0.4881420135498047,-0.6908619999885559,0.2027200013399124,-5.108999729156494,-0.4989100992679596,1.020186185836792,,0,-0.486498087644577,0.0080148261314702,15.0,114.2,2.0,26.0,4.0,0.0,0.0,0.0,0.0,0.0,0.0,0.0,0.0,0.0,0.875,0.0,P,2001,-0.13,5,2,,,,,,,,,,,,,,,,,,
Dicky Gonzalez,NYM,16,22,0,1,0,0,0.045454545,0.181818181,0.0,0.125,0.1,0.142857142,0.1,0.1180050912357512,,-36.53593832699807,-0.000796120672021,-3.925980832566545,2.3824846744537354,-0.0803699597860955,Dicky Gonzalez,777,276508,20,2,2,0,0,1,0,4,0,0,1,0,0,0.25,0.242857142,1.60119047125,,,,-0.000796120672021,-1.1628448665948032,-3.8927083463282703,-0.384129911661148,-0.4765680134296417,0.0924379974603653,-5.354000091552734,-0.5220091938972473,0.919226884841919,,0,-0.398640900850296,-0.019242777266024,7.0,59.0,4.0,8.0,0.0,0.0,0.0,0.0,0.0,0.0,0.0,0.0,0.0,0.0,1.0,0.0,P,2001,-0.1,2,0,,,,,,,,,,,,,,,,,,
Juan Cruz,CHC,11,18,0,0,1,0,0.0,0.277777777,0.0,0.181818181,0.125,0.125,0.125,0.1108893826603889,,-43.20636925204719,-0.0005307471146807,-3.3689433044740285,1.949305534362793,-0.0810749093367018,Juan Cruz,273,407297,16,2,2,0,0,0,0,5,0,0,2,1,0,0.0,0.25,0.14285714,,,,-0.0005307471146807,-1.0597628385979034,-3.2932875038343767,-0.2037980109453201,-0.2479339987039566,0.0441359989345073,-3.743000030517578,-0.380423903465271,0.6223778128623962,,0,-0.3421339988708496,0.0146833624029031,8.0,44.2,3.0,5.0,0.0,0.0,0.0,1.0,0.0,0.0,0.0,0.0,0.0,0.0,1.0,0.0,P,2001,-0.15,2,0,,,,,,,,,,,,,,,,,,
Kane Davis,COL,57,5,0,0,0,0,0.0,1.0,0.0,0.0,0.0,0.0,0.0,0.0,,-100.0,0.0,-1.5391979076545548,0.5414737462997437,-0.0814731050128773,Kane Davis,872,282327,5,0,0,0,0,0,0,5,0,0,0,0,0,0.0,0.0,0.14285714,,,,0.0,-0.7633813553135704,-1.383804873434813,-0.0775879621505737,-0.0775879994034767,0.0,-2.2339999675750732,-0.2086939066648483,0.5199999809265137,,0,-0.1452282965183258,-0.0039793284749113,0.0,68.1,2.0,12.0,0.0,0.0,0.0,1.0,0.0,0.0,0.0,0.0,0.0,0.0,1.0,0.0,P,2001,-0.09,0,0,,,,,,,,,,,,,,,,,,
Rocky Coppinger,MIL,8,6,0,0,1,0,0.0,0.166666666,0.0,0.0,0.0,0.0,0.0,0.0,,-100.0,0.0,-1.7016242096520795,0.6497685313224792,-0.0835603539563699,Rocky Coppinger,1002604,112662,5,0,0,0,0,0,0,1,0,0,1,0,0,0.0,0.0,0.14285714,,,,0.0,-0.9160576263762844,-1.6605658481217755,-0.1208800002932548,-0.1390799880027771,0.0182000007480382,-1.399999976158142,-0.1334003955125808,1.2878999710083008,,0,-0.1348226070404052,0.0409643858940707,3.0,22.2,1.0,1.0,1.0,0.0,0.0,1.0,0.0,0.0,0.0,0.0,0.0,0.0,0.66666667,0.0,P,2001,-0.07,0,0,,,,,,,,,,,,,,,,,,
Chris Peters,MON,13,11,0,1,0,0,0.0,0.181818181,0.0,0.111111111,0.09090909,0.09090909,0.09090909,0.0806468237530101,,-68.94135853647867,-0.0002653735573403,-2.4286591205059183,1.1912423372268677,-0.0856823851594572,Chris Peters,1010225,120454,11,1,1,0,0,0,0,2,0,0,0,0,0,0.0,0.18181818,2.64285714,,,,-0.0002653735573403,-0.929034519231655,-2.2939662590983887,-0.1374880522489547,-0.2273479998111724,0.0898599997162818,-1.25,-0.1250984966754913,1.0351272821426392,,0,-0.1570387035608291,0.0242163399531727,6.0,31.0,0.0,6.0,0.0,0.0,0.0,0.0,0.0,0.0,0.0,0.0,0.0,0.0,1.0,0.0,P,2001,-0.08,1,0,,,,,,,,,,,,,,,,,,
Larry Bigbie,BAL,47,149,2,15,11,4,0.114093959,0.281879194,0.091603054,0.32183908,0.229007633,0.317567567,0.320610687,0.2870316594636359,,74.94144953721019,0.3576288389740512,-4.350025897621643,-1.7121621370315552,-0.0891036506838527,Larry Bigbie,128,406933,131,30,22,6,0,17,1,42,0,0,1,2,1,0.404761904,0.638178254,3.980232431782274,,,,0.3576288389740512,13.42815028910106,-5.060470550911967,0.1241621524095535,-2.4475297927856445,2.5716919898986816,-3.7090001106262207,-0.4212285578250885,0.9629857540130616,2.4386000633239746,8,-0.2662009000778198,0.3951354683122212,33.0,304.2,71.0,2.0,0.0,0.0,0.0,1.0,0.0,0.0,0.0,0.0,0.0,0.0,3.0,-1.0,RF,2001,-0.04,42,8,,,,,,,,,,,,,,,,,,
Darren Bragg,- - -,23,67,0,5,5,3,0.059701492,0.358208955,0.114754099,0.432432432,0.262295081,0.318181818,0.37704918,0.306444887862061,,85.51796863050295,-0.2682891763979569,-1.5342479674094198,-1.5744170732796192,-0.0907537810064176,Darren Bragg,83,111369,61,16,9,7,0,4,0,24,1,0,1,0,2,0.166666666,0.695230998,4.036522433708625,,,,-0.2682891763979569,7.1381848776997225,-1.1754902651249273,-0.1743281185626983,-1.0333439037203789,0.859015941619873,2.4784999787807465,0.2965826075524091,0.8667042671817623,1.3303666512171428,6,0.0344754830002784,-0.2356145856489318,13.0,127.2,23.0,1.0,0.0,0.0,0.0,0.0,0.0,0.0,0.0,0.0,0.0,0.0,3.0,-1.0,RF,2001,-0.03,23,7,,,,,,,,,,,,,,,,,,
Bobby Kielty,MIN,37,118,2,8,14,3,0.06779661,0.211864406,0.134615384,0.292682926,0.25,0.296610169,0.384615384,0.2849066082773537,,67.76685618316455,0.5938964171218686,-4.2017489879828895,-0.8247600197792053,-0.0907865870706408,Bobby Kielty,736,282878,104,26,16,8,0,8,2,25,1,5,0,2,0,0.32,0.681225553,3.91086042763757,,,,0.5938964171218686,10.422261263677475,-4.2197337639838475,-0.4858496785163879,-2.2136898040771484,1.7278399467468262,-0.752000093460083,-0.0803305879235267,1.0405571460723877,2.2463600635528564,5,-0.1028800532221794,-0.3640329657794595,28.0,260.2,63.0,2.0,3.0,0.0,0.0,1.0,0.0,0.0,0.0,0.0,0.0,0.0,2.86234263,0.0,RF,2001,0.1,40,10,,,,,,,,,,,,,,,,,,
Octavio Dotel,HOU,61,12,0,0,0,0,0.0,0.416666666,0.0,0.166666666,0.09090909,0.09090909,0.09090909,0.0806468237530101,,-67.99665405297245,-0.0002653735573403,-2.6346083480210827,1.2995370626449585,-0.0920219767546168,Octavio Dotel,555,136734,11,1,1,0,0,0,0,5,0,0,1,0,0,0.0,0.18181818,0.14285714,,,,-0.0002653735573403,-1.0134922027981692,-2.5025086462891513,-0.1232759729027748,-0.1511240154504776,0.0278479997068643,-2.2279999256134033,-0.2066419124603271,0.5480666756629944,,0,-0.2495739012956619,0.0246451136556393,4.0,105.0,9.0,15.0,2.0,0.0,0.0,3.0,0.0,0.0,0.0,0.0,0.0,0.0,0.92307692,0.0,P,2001,-0.1,1,0,,,,,,,,,,,,,,,,,,
Dennis Springer,LAD,4,7,0,0,0,0,0.0,0.428571428,0.0,0.0,0.0,0.0,0.0,0.0,,-100.0,0.0,-1.9294367995176271,0.7580632567405701,-0.0920360698998519,Dennis Springer,672,122618,6,0,0,0,0,0,0,3,0,0,1,0,0,0.0,0.0,0.14285714,,,,0.0,-1.0687338974389986,-1.937326822808738,-0.1331799924373626,-0.1564079970121383,0.0232280008494853,-0.746999979019165,-0.0784855037927627,1.1410856246948242,,0,-0.0764008983969688,-0.0403125099180125,3.0,19.0,1.0,1.0,0.0,0.0,0.0,0.0,0.0,0.0,0.0,0.0,0.0,0.0,1.0,0.0,P,2001,0.01,0,0,,,,,,,,,,,,,,,,,,
Ramon Ortiz,ANA,32,7,0,0,0,0,0.0,0.285714285,0.0,0.0,0.0,0.0,0.0,0.0,,-100.0,0.0,-1.9468123432311968,0.7580632567405701,-0.092396985285335,Ramon Ortiz,27,150009,7,0,0,0,0,0,0,2,0,0,0,0,0,0.0,0.0,0.14285714,,,,0.0,-1.0687338974389986,-1.937326822808738,-0.3018360137939453,-0.3018360137939453,0.0,-3.549999952316284,-0.3252969980239868,1.5644571781158447,,0,-0.2098875939846038,0.0169542123515816,32.0,208.2,18.0,20.0,6.0,0.0,0.0,1.0,0.0,0.0,0.0,0.0,0.0,0.0,0.86363636,0.0,P,2001,-0.12,0,0,,,,,,,,,,,,,,,,,,
Jesse Levis,MIL,12,36,0,6,3,0,0.083333333,0.194444444,0.060606061,0.307692307,0.242424242,0.305555555,0.303030303,0.2754961202541987,,61.3055111487415,-0.0023883620160631,-1.822684523812892,-0.2969821691513061,-0.0941382260669874,Jesse Levis,1007569,117724,33,8,6,2,0,3,0,7,0,0,0,1,0,0.428571428,0.608585858,2.64285714,,,,-0.0023883620160631,2.8931033378579416,-1.573945992615005,0.0698879808187484,-0.431608110666275,0.5014960169792175,0.4869999885559082,0.0608644373714923,0.7012757658958435,0.2031999975442886,1,-0.0752132087945938,0.1748715517996029,9.0,82.0,59.0,3.0,1.0,0.0,0.0,1.0,0.0,0.0,0.0,0.0,1.0,1.0,0.98412698,-1.0,C,2001,-0.08,10,2,,,,,,,,,,,,,,,,,,
Kevin Witt,SDP,14,30,2,5,5,0,0.066666666,0.233333333,0.222222222,0.157894736,0.185185185,0.233333333,0.407407407,0.2677857975165049,,62.8940299949224,-0.0013268677867017,-1.455966722737566,-0.5058298707008362,-0.0956266603718347,Kevin Witt,362,136901,27,5,3,0,0,2,0,7,0,1,0,0,0,0.285714285,0.64074074,2.64285714,,,,-0.0013268677867017,2.215256196336787,-1.5072849123906682,-0.1564940065145492,-0.5002080202102661,0.3437139987945556,-1.3229999542236328,-0.1549067944288253,0.8239466547966003,0.4013333320617676,3,-0.0948578268289566,-0.0950743800724494,6.0,59.0,69.0,3.0,0.0,0.0,0.0,4.0,0.0,0.0,0.0,0.0,0.0,0.0,1.0,0.0,1B,2001,-0.12,11,2,,,,,,,,,,,,,,,,,,
Will Cunnane,MIL,32,7,0,0,0,0,0.0,0.142857142,0.0,0.0,0.0,0.0,0.0,0.0,,-100.0,0.0,-1.9852282445940928,0.7580632567405701,-0.0974870825275524,Will Cunnane,274,112940,7,0,0,0,0,0,0,1,0,0,0,0,0,0.0,0.0,0.14285714,,,,0.0,-1.0687338974389986,-1.937326822808738,-0.0971720069646835,-0.0971720665693283,0.0,-1.5740000009536743,-0.1544207036495208,0.5365714430809021,,0,-0.1861291974782943,0.0050312128245856,1.0,51.2,4.0,10.0,0.0,0.0,0.0,0.0,0.0,0.0,0.0,0.0,0.0,0.0,1.0,0.0,P,2001,-0.11,0,0,,,,,,,,,,,,,,,,,,
Juan Rivera,NYY,3,4,0,0,0,0,0.0,0.0,0.0,0.0,0.0,0.0,0.0,0.0,,-100.0,0.0,-1.1045119232401142,-0.0411522574722766,-0.0983650797386606,Juan Rivera,843,407487,4,0,0,0,0,0,0,0,0,0,0,0,0,0.0,0.0,0.14285714,,,,0.0,-0.6107050842508563,-1.1070438987478504,-0.060233999043703,-0.0602339953184127,0.0,-1.1510000228881836,-0.1115512996912002,0.5561999678611755,,0,-0.1109177023172378,0.0026221206484212,0.0,12.0,1.0,0.0,0.0,0.0,0.0,0.0,0.0,0.0,0.0,0.0,0.0,0.0,1.0,0.0,RF,2001,-0.11,0,0,,,,,,,,,,,,,,,,,,
Tony Fernandez,- - -,76,134,2,11,15,1,0.059701492,0.126865671,0.081300813,0.323809523,0.292682926,0.338345864,0.373983739,0.3151086604684815,,87.44891846591001,-1.1072104990598746,-3.2824120734366504,-2.2134208232164383,-0.0984062803371403,Tony Fernandez,1004002,114079,123,36,30,4,0,8,0,17,1,1,1,3,3,0.470588235,0.712329603,1.8730101442237248,,,,-1.1072104990598746,15.254286115952777,-1.3730641696965238,-0.3989298939704895,-3.1626936197280884,2.763763964176178,-0.8684000968933105,-0.0801890343427658,1.25398990871213,1.87609601020813,50,-0.596487283706665,0.2783588113809207,13.0,111.1,3.0,25.0,1.0,0.0,0.0,4.0,0.0,0.0,0.0,0.0,0.0,0.0,0.96551724,-1.0,3B,2001,-0.26,46,6,,,,,,,,,,,,,,,,,,
Chris Donnels,LAD,66,101,3,8,8,0,0.118811881,0.247524752,0.125,0.2,0.170454545,0.277227722,0.295454545,0.2532687090864085,,53.01635273250276,-0.0055728447041474,-6.206527272906357,1.8268171697854996,-0.099959332170209,Chris Donnels,1396,113452,88,15,10,2,0,12,2,25,1,0,0,2,0,0.48,0.572682267,0.81994047125,,,,-0.0055728447041474,6.217758873218002,-6.314796192831097,-0.033817995339632,-1.847969889640808,1.8141520023345947,-1.4179998636245728,-0.1271402239799499,1.081315994262695,1.28288996219635,40,-0.0928086042404174,0.0615337544101501,16.0,130.4,46.0,22.0,3.0,0.0,0.0,6.0,0.0,0.0,0.0,0.0,0.0,0.0,1.8965517200000002,2.0,3B,2001,-0.11,26,5,,,,,,,,,,,,,,,,,,
Milton Bradley,- - -,77,262,1,22,19,8,0.080152671,0.248091603,0.109243698,0.302325581,0.222689075,0.288461538,0.331932773,0.2756835664694126,,57.78813794027911,-0.5757650370942429,-14.98817801318328,5.220621705055237,-0.1002061183631172,Milton Bradley,369,150396,238,53,32,17,3,21,0,65,1,0,2,7,5,0.323076923,0.620394311,5.840840227244583,,,,-0.5757650370942429,21.09833533578821,-11.411857013764894,-1.977836012840271,-5.556326240301132,3.5784901082515717,-12.462300539016724,-1.2931328117847445,1.0076022037437984,2.7342000007629395,2,-1.4061545729637146,-0.5567589711824956,64.0,575.2,167.0,6.0,3.0,0.0,0.0,1.0,0.0,0.0,0.0,0.0,0.0,0.0,2.9284376200000004,5.0,CF,2001,-0.54,79,21,,,,,,,,,,,,,,,,,,
Dave Berg,FLA,82,235,4,26,16,0,0.059574468,0.165957446,0.120930232,0.275862068,0.241860465,0.291845493,0.362790697,0.2865292353179833,,72.55150818643065,-0.4458210291923024,-8.874835267816605,0.1636965274810791,-0.1010322714487908,Dave Berg,1288,132787,215,52,35,12,1,14,0,39,2,2,2,3,1,0.358974358,0.65463619,3.1029460095663266,,,,-0.4458210291923024,21.078751978369027,-8.08115337332937,-1.1780803203582764,-4.823686122894287,3.6456058025360103,-6.503399848937988,-0.6500248908996582,1.087928295135498,1.8358941078186035,17,-0.2487886101007461,-0.8340771684858381,46.0,446.4,66.0,130.0,8.0,0.0,0.0,26.0,0.0,0.0,0.0,0.0,0.0,0.0,2.83562438,-1.0,2B,2001,-0.06,78,17,,,,,,,,,,,,,,,,,,
Raul Gonzalez,CIN,11,15,0,0,0,0,0.066666666,0.2,0.0,0.272727272,0.214285714,0.266666666,0.214285714,0.2243481318155924,,26.284270345715647,-0.0010614942293614,-1.445975052306834,-0.0874485448002815,-0.1017969182684748,Raul Gonzalez,1553,279912,14,3,3,0,0,1,0,3,0,0,0,0,0,0.333333333,0.48095238,0.14285714,,,,-0.0010614942293614,0.5564738070848999,-1.3047967472788276,0.0067220027558505,-0.1966039985418319,0.2033260017633438,-1.4459999799728394,-0.1443724036216735,0.9336399435997008,0.9266250133514404,8,-0.0882003009319305,0.0954000815346471,2.0,17.0,4.0,0.0,0.0,0.0,0.0,0.0,0.0,0.0,0.0,0.0,0.0,0.0,1.0,0.0,LF,2001,0.0,3,0,,,,,,,,,,,,,,,,,,
Tim Hudson,OAK,36,8,0,1,0,0,0.0,0.375,0.0,0.0,0.0,0.0,0.0,0.0,,-100.0,0.0,-2.208834422919132,0.8663580417633057,-0.1040241161193136,Tim Hudson,921,218596,8,0,0,0,0,0,0,3,0,0,0,0,0,0.0,0.0,0.14285714,,,,0.0,-1.2214101685017127,-2.2140877974957007,-0.06299389898777,-0.1622940003871917,0.0992999970912933,-1.9989999532699585,-0.1973877996206283,1.11371111869812,,0,-0.168014109134674,0.1114519558705428,35.0,235.0,21.0,43.0,5.0,0.0,0.0,3.0,0.0,0.0,0.0,0.0,0.0,0.0,0.92753623,0.0,P,2001,-0.07,0,0,,,,,,,,,,,,,,,,,,
Jalal Leach,SFG,8,12,0,0,1,0,0.166666666,0.25,0.0,0.142857142,0.1,0.25,0.1,0.1912390540043513,,10.965496640927164,-0.000796120672021,-1.3969395125212711,-0.0668724179267883,-0.1046003726184202,Jalal Leach,1007425,407379,10,1,1,0,0,2,0,3,0,0,0,0,0,0.666666666,0.35,0.14285714,,,,-0.000796120672021,0.109098181007653,-1.379918262483329,-0.1497460156679153,-0.2116659730672836,0.0619199834764003,-0.6710000038146973,-0.0620009005069732,0.7846333384513855,0.6370857357978821,7,-0.1109404638409614,-0.0799079341680575,1.0,13.0,1.0,0.0,0.0,0.0,0.0,0.0,0.0,0.0,0.0,0.0,0.0,0.0,1.0,0.0,LF,2001,-0.17,1,0,,,,,,,,,,,,,,,,,,
Johnny Estrada,PHI,89,324,8,26,37,0,0.049382716,0.098765432,0.130872483,0.229007633,0.228187919,0.273291925,0.359060402,0.2670161978730672,,57.953072143371614,-0.0156570398830808,-17.81769482316589,6.115680694580078,-0.1060133805633483,Johnny Estrada,955,283051,298,68,45,15,0,16,6,32,4,4,2,15,0,0.5,0.632352327,0.99812029625,,,,-0.0156570398830808,23.713843248468823,-16.489600725787692,-0.2806479036808014,-5.6695237159729,5.388875961303711,-13.586999893188477,-1.4455543756484983,0.9264892935752868,1.3948800563812256,5,-0.7806513905525208,0.4777359595519186,80.0,713.1,543.0,30.0,4.0,0.0,0.0,4.0,0.0,0.0,0.0,0.0,3.0,26.0,0.99306759,0.0,C,2001,-0.84,107,23,,,,,,,,,,,,,,,,,,
Terry Jones,MON,30,79,0,8,2,3,0.025316455,0.139240506,0.064935065,0.303030303,0.259740259,0.278481012,0.324675324,0.2648522589780107,,50.3001487899828,0.5954886584659107,-4.535164048974208,0.8336762636899948,-0.1064261715218721,Terry Jones,1006596,116730,77,20,15,5,0,2,0,11,0,0,0,2,0,0.181818181,0.603156336,5.476544147461003,,,,0.5954886584659107,5.637472655254145,-4.165218931061487,-0.6786080002784729,-1.6744298934936523,0.995822012424469,-4.601500034332275,-0.4457257986068725,1.013152003288269,0.970080018043518,10,-0.3827002048492431,-0.2870985993538717,15.0,151.0,41.0,2.0,1.0,0.0,0.0,1.0,0.0,0.0,0.0,0.0,0.0,0.0,1.9166666700000001,1.0,CF,2001,0.02,25,5,,,,,,,,,,,,,,,,,,
Alberto Castillo,TOR,66,146,1,9,4,1,0.047945205,0.205479452,0.053435114,0.25,0.198473282,0.255319148,0.251908396,0.2319586141735104,,32.156942137831045,-0.240513555065263,-12.729312110074344,6.469367027282715,-0.1094163280960669,Alberto Castillo,812,112107,131,26,21,4,0,7,0,30,3,0,5,2,1,0.233333333,0.507227544,2.227738006016862,,,,-0.240513555065263,6.356242556102561,-11.76012417303772,-1.3758500814437866,-2.6350162029266357,1.2591660022735596,-12.678999900817873,-1.2499603033065796,0.870339572429657,,0,-1.211300015449524,-0.3695198450136014,44.0,404.2,324.0,25.0,4.0,0.0,0.0,0.0,0.0,0.0,0.0,0.0,2.0,7.0,0.98866856,3.0,C,2001,-0.19,33,5,,,,,,,,,,,,,,,,,,
Rick Wilkins,SDP,12,24,1,3,8,0,0.083333333,0.333333333,0.181818182,0.23076923,0.181818181,0.25,0.363636363,0.2669162948926289,,62.331175791577955,-0.0010614942293614,-1.182425527568698,-0.7199357151985168,-0.1113257468262447,Rick Wilkins,1013960,124271,22,4,2,1,0,2,0,8,0,0,0,1,0,0.25,0.613636363,2.01785714,,,,-0.0010614942293614,1.7545528076907844,-1.2234800792911795,0.183786004781723,-0.3064759969711303,0.4902619421482086,3.0510001182556152,0.3176420629024505,0.919108748435974,0.288349986076355,4,-0.0987358316779136,0.2986969408442309,3.0,34.2,39.0,0.0,0.0,0.0,0.0,0.0,0.0,0.0,0.0,0.0,1.0,3.0,2.0,-1.0,C,2001,-0.1,8,2,,,,,,,,,,,,,,,,,,
Jimmy Anderson,PIT,34,69,0,2,3,0,0.057971014,0.217391304,0.016949153,0.159090909,0.118644067,0.174603174,0.13559322,0.1488883703474014,,-20.62318776448918,-0.0026537355734035,-10.878682082432544,7.4723381996154785,-0.1119020687339614,Jimmy Anderson,977,150247,59,7,6,1,0,4,0,15,0,0,6,1,0,0.266666666,0.310196394,0.6542207712499999,,,,-0.0026537355734035,-1.8445517299997047,-10.406396280072851,-0.672465980052948,-1.3177080154418943,0.6452419757843018,-7.296999931335449,-0.7193005681037903,0.98678857088089,,0,-0.7092767953872681,0.0278076338092729,34.0,206.1,8.0,38.0,3.0,0.0,0.0,0.0,0.0,0.0,0.0,0.0,0.0,0.0,0.93877551,0.0,P,2001,0.27,8,1,,,,,,,,,,,,,,,,,,
Frank Thomas,CHW,20,79,4,8,10,0,0.126582278,0.151898734,0.220588235,0.207547169,0.220588235,0.316455696,0.44117647,0.3166518768706879,,90.26611096601172,-0.0042459769174456,-0.9738086168214836,-2.8970052003860474,-0.1124771443332823,Frank Thomas,255,123245,68,15,8,3,0,10,2,12,0,1,0,0,0,0.833333333,0.757632166,0.7083333274999999,,,,-0.0042459769174456,9.09901064871548,-0.7036809376001514,-0.3461440801620483,-1.2966820001602173,0.950537919998169,-1.1820001602172852,-0.1135761365294456,0.8939189910888672,1.8240000009536743,1,-0.047869823873043,-0.3393510357491652,3.0,19.2,20.0,1.0,1.0,0.0,0.0,2.0,0.0,0.0,0.0,0.0,0.0,0.0,0.95454545,-1.0,1B,2001,0.02,30,7,,,,,,,,,,,,,,,,,,
Justin Speier,COL,42,7,0,0,0,0,0.0,0.285714285,0.0,0.0,0.0,0.0,0.0,0.0,,-100.0,0.0,-2.1548770707163767,0.7580632567405701,-0.1140623458533132,Justin Speier,451,133221,7,0,0,0,0,0,0,2,0,0,0,0,0,0.0,0.0,0.14285714,,,,0.0,-1.0687338974389986,-1.937326822808738,-0.1165399998426437,-0.1165399998426437,0.0,-2.1689999103546143,-0.1792047023773193,0.5751428604125977,,0,-0.2012712955474853,-0.0013566215565189,0.0,76.2,2.0,4.0,0.0,0.0,0.0,0.0,0.0,0.0,0.0,0.0,0.0,0.0,1.0,0.0,P,2001,-0.08,0,0,,,,,,,,,,,,,,,,,,
Ken Harvey,KCR,4,12,0,1,2,0,0.0,0.333333333,0.083333333,0.375,0.25,0.25,0.333333333,0.2513333261013031,,40.385091949568256,-0.432817724882625,-1.3348010621529407,-0.2537722885608673,-0.1144984409089421,Ken Harvey,604,407396,12,3,2,1,0,0,0,4,0,0,0,1,1,0.0,0.583333333,3.95833333125,,,,-0.432817724882625,0.7190981043705382,-0.7699183391204438,-0.1044120043516159,-0.2135719954967498,0.1091600060462951,-1.149999976158142,-0.1051438972353935,0.6806153655052185,,0,-0.0508531033992767,-0.1025551351498356,3.0,17.0,11.0,1.0,0.0,0.0,0.0,1.0,0.0,0.0,0.0,0.0,0.0,0.0,1.0,0.0,1B,2001,-0.17,4,1,,,,,,,,,,,,,,,,,,
Chad Allen,MIN,57,195,4,20,20,1,0.097435897,0.189743589,0.165714286,0.311111111,0.262857142,0.333333333,0.428571428,0.3289472408515891,,97.313394997494,-0.6765157626359724,-1.3370583460550278,-6.552813529968262,-0.1162107057706236,Chad Allen,122,150210,175,46,27,13,2,19,1,37,0,1,0,7,2,0.513513513,0.761904761,3.6764048227919464,,,,-0.6765157626359724,24.48769301329735,0.2911758065688901,0.2657642364501953,-4.4595818519592285,4.725346088409424,-2.382999897003174,-0.1990171670913696,1.2002159357070925,0.6736666560173035,6,0.1903727799654007,0.0310575714768367,26.0,228.2,57.0,3.0,2.0,0.0,0.0,0.0,0.0,0.0,0.0,0.0,0.0,0.0,1.93521421,-3.0,LF,2001,-0.03,75,19,,,,,,,,,,,,,,,,,,
Wes Helms,ATL,100,239,10,28,36,1,0.087866108,0.234309623,0.212962963,0.251655629,0.222222222,0.292887029,0.435185185,0.3088941684755092,,84.60592832089144,-0.244228784868028,-5.051978423474836,-3.977477788925171,-0.1170300088706183,Wes Helms,94,136500,216,48,25,10,3,21,2,56,1,1,0,3,1,0.375,0.728072214,4.568503222524466,,,,-0.244228784868028,25.959022855113247,-3.6972213110821457,-0.5566842555999756,-4.197099685668945,3.640415906906128,3.7190001010894775,0.3157950937747955,0.9510338306427002,1.597000002861023,20,-0.1209417283535003,-0.4644046995688095,51.0,516.1,439.0,41.0,4.0,0.0,0.0,42.0,0.0,0.0,0.0,0.0,0.0,0.0,2.99145299,0.0,1B,2001,-0.46,94,23,,,,,,,,,,,,,,,,,,
Tim Raines Jr.,BAL,7,27,0,6,0,3,0.111111111,0.296296296,0.086956522,0.266666666,0.173913043,0.269230769,0.260869565,0.2449769263084118,,46.72723614228211,0.598673141153995,-1.214884583384207,-0.9039780870079994,-0.1177179445582901,Tim Raines Jr.,1807,406428,23,4,2,2,0,3,0,8,0,0,1,0,0,0.375,0.530100334,7.5,,,,0.598673141153995,1.4727962062927535,-1.877490791561956,-0.1201580092310905,-0.7177540063858032,0.5975959897041321,-1.6979999542236328,-0.1788311004638672,1.3590714931488037,,0,-0.0720444172620773,-0.0163674211414337,6.0,56.0,12.0,0.0,0.0,0.0,0.0,0.0,0.0,0.0,0.0,0.0,0.0,0.0,1.0,-1.0,CF,2001,-0.11,6,2,,,,,,,,,,,,,,,,,,
Trenidad Hubbard,KCR,5,12,0,2,0,0,0.0,0.166666666,0.166666666,0.3,0.25,0.25,0.416666666,0.2779324352741241,,58.23024006992284,-0.0005307471146807,-0.6325140662341008,-0.975994523614645,-0.1187428034609834,Trenidad Hubbard,1036,116248,12,3,2,0,1,0,0,2,0,0,0,0,0,0.0,0.666666666,5.14285714,,,,-0.0005307471146807,0.9890981225214336,-0.4999183209695482,-0.0572159960865974,-0.2897160053253174,0.2325000017881393,-0.5899999737739563,-0.0533108003437519,1.2315984964370728,0.8179000616073608,2,-0.0817779973149299,0.0353213020103162,2.0,18.0,2.0,0.0,0.0,0.0,0.0,0.0,0.0,0.0,0.0,0.0,0.0,0.0,1.0,-1.0,CF,2001,-0.14,5,1,,,,,,,,,,,,,,,,,,
Rick Reed,NYM,20,46,0,2,4,0,0.02173913,0.326086956,0.025,0.192307692,0.125,0.142857142,0.15,0.130812067361105,,-28.24561217231174,-0.0013268677867017,-7.710197990585247,4.981558799743652,-0.1193244426282585,Rick Reed,750,120999,40,5,4,1,0,1,0,15,0,1,4,0,0,0.066666666,0.292857142,1.60119047125,,,,-0.0013268677867017,-1.933069628080947,-7.640965994796378,-0.4695099890232086,-0.7894099950790405,0.3199000060558319,-6.24399995803833,-0.6808761954307556,0.94464373588562,,0,-0.6345540285110474,0.1375306839556158,32.0,202.1,17.0,36.0,1.0,0.0,0.0,1.0,0.0,0.0,0.0,0.0,0.0,0.0,0.98148148,0.0,P,2001,-0.13,6,1,,,,,,,,,,,,,,,,,,
Matt Morris,STL,34,85,0,5,5,0,0.023529411,0.388235294,0.027777778,0.256410256,0.138888888,0.162162162,0.166666666,0.1484893737612544,,-19.00828199229216,-0.0026537355734035,-13.221286885153807,9.20505428314209,-0.1202649269548323,Matt Morris,1172,119403,72,10,8,2,0,2,0,33,0,0,11,0,0,0.06060606,0.328828828,2.1220238025,,,,-0.0026537355734035,-2.3009620875281556,-12.848161895589278,-1.0195039510726929,-1.567870020866394,0.5483660101890564,-12.017999649047852,-1.1749043464660645,0.8886916637420654,,0,-1.1879758834838867,0.0407794005329738,34.0,216.1,8.0,32.0,2.0,0.0,0.0,0.0,0.0,0.0,0.0,0.0,0.0,0.0,0.95238095,0.0,P,2001,-0.11,12,2,,,,,,,,,,,,,,,,,,
Terry Mulholland,- - -,41,9,0,0,0,0,0.0,0.555555555,0.0,0.0,0.0,0.0,0.0,0.0,,-100.0,0.0,-2.504504680588444,0.9746527969837188,-0.1206574484074605,Terry Mulholland,665,119488,9,0,0,0,0,0,0,5,0,0,0,0,0,0.0,0.0,0.14285714,,,,0.0,-1.3740864395644268,-2.4908487721826633,-0.1856679990887642,-0.185667984187603,0.0,-2.194000005722046,-0.2271426990628242,0.9449777404467264,,0,-0.2309276014566421,0.0344489002747582,4.0,65.2,2.0,14.0,0.0,0.0,0.0,1.0,0.0,0.0,0.0,0.0,0.0,0.0,1.0,0.0,P,2001,-0.11,0,0,,,,,,,,,,,,,,,,,,
Cory Aldridge,ATL,8,5,0,1,0,0,0.0,0.8,0.0,0.0,0.0,0.0,0.0,0.0,,-100.0,0.0,-1.4070376836340737,0.0,-0.1214644186555851,Cory Aldridge,1405,400139,5,0,0,0,0,0,0,4,0,0,0,0,0,0.0,0.0,0.14285714,,,,0.0,-0.7633813553135704,-1.383804873434813,-0.0697880014777183,-0.0697880014777183,0.0,-1.127000093460083,-0.1189909130334854,0.5196800231933594,0.4083999991416931,1,-0.1283269971609115,-0.0059633322015316,1.0,12.0,2.0,0.0,0.0,0.0,0.0,0.0,0.0,0.0,0.0,0.0,0.0,0.0,1.0,0.0,CF,2001,-0.23,0,0,,,,,,,,,,,,,,,,,,
Tom Wilson,OAK,9,24,2,4,4,0,0.041666666,0.208333333,0.285714286,0.133333333,0.19047619,0.25,0.476190476,0.2990005587538083,,81.61409826349455,-0.0010614942293614,-0.5574249123524954,-1.4770233035087583,-0.1219446248562909,Tom Wilson,1328,134263,21,4,2,0,0,1,0,5,1,1,0,1,0,0.2,0.726190476,2.64285714,,,,-0.0010614942293614,2.405909345129124,-0.5721235418528398,-0.0452238023281097,-0.3200319111347198,0.2748079895973205,-0.8659999370574951,-0.0826493948698043,0.6602166891098022,,0,0.2040528804063797,-0.2725513038392785,6.0,61.0,35.0,3.0,1.0,0.0,0.0,0.0,0.0,0.0,0.0,0.0,0.0,4.0,0.97435897,-2.0,C,2001,-0.17,10,2,,,,,,,,,,,,,,,,,,
Carl Pavano,MON,8,14,0,0,0,0,0.0,0.357142857,0.0,0.125,0.076923076,0.076923076,0.076923076,0.0682396200987009,,-76.97290040514892,-0.0002653735573403,-3.2378806665186746,1.51612651348114,-0.1233990327987784,Carl Pavano,790,134321,13,1,1,0,0,0,0,5,0,0,1,0,0,0.0,0.153846152,0.14285714,,,,-0.0002653735573403,-1.329339912230705,-3.0665257629701843,-0.2398799955844879,-0.2677280008792877,0.0278479997068643,-2.559999942779541,-0.2483017146587371,0.829685628414154,,0,-0.279242992401123,-0.0098785584240854,8.0,42.2,1.0,3.0,0.0,0.0,0.0,0.0,0.0,0.0,0.0,0.0,0.0,0.0,1.0,0.0,P,2001,-0.13,1,0,,,,,,,,,,,,,,,,,,
Adam Hyzdu,PIT,51,77,5,7,9,0,0.051948051,0.233766233,0.222222222,0.204081632,0.208333333,0.259740259,0.430555555,0.2946224901583287,,73.71472411049982,-0.4360022075707093,-3.0808074886391945,-0.7401689887046814,-0.1268004088849934,Adam Hyzdu,1543,283210,72,15,9,1,0,4,0,18,1,0,0,1,1,0.222222222,0.690295814,1.2583931962446928,,,,-0.4360022075707093,7.433799059484798,-2.1207231195823364,-1.1329278945922852,-1.9523298740386963,0.8194020390510559,-7.914000034332275,-0.7727380990982056,1.0533332824707031,1.319342851638794,21,-0.1347518265247345,-0.9408126823027894,12.0,134.3,42.0,2.0,0.0,0.0,0.0,0.0,0.0,0.0,0.0,0.0,0.0,0.0,4.0,0.0,RF,2001,-0.34,31,6,,,,,,,,,,,,,,,,,,
Kevin Young,PIT,142,507,14,53,65,15,0.082840236,0.234714003,0.167037862,0.280373831,0.231625835,0.309664694,0.398663697,0.3071710859972333,,81.83779323076679,-1.783551681379322,-13.816360415483526,-4.250685691833496,-0.1305256842651884,Kevin Young,1018,124704,449,104,57,33,0,42,3,119,11,5,0,17,11,0.352941176,0.708328391,3.7989844011835543,,,,-1.783551681379322,54.32891075499339,-8.582033982500601,0.6981738805770874,-9.93181610107422,10.629989624023438,-7.27899980545044,-0.7188907861709595,1.0358036756515503,1.2721110582351685,9,-0.7952233552932739,1.4692640996823263,125.0,1079.0,1153.0,70.0,7.0,0.0,0.0,119.0,0.0,0.0,0.0,0.0,0.0,0.0,0.99430894,5.0,1B,2001,-0.6,179,47,,,,,,,,,,,,,,,,,,
Ron Coomer,CHC,111,386,8,25,53,0,0.075129533,0.18134715,0.128939828,0.299638989,0.260744985,0.316062176,0.389684813,0.3066912921992215,,83.54187138640857,-0.0246797408326528,-8.326210760379313,-5.546985983848572,-0.1311302150433756,Ron Coomer,816,112641,349,91,63,19,1,29,1,70,2,6,0,23,0,0.414285714,0.705746989,0.9665178525,,,,-0.0246797408326528,41.20617961611541,-6.690515982844504,-0.7344256043434143,-7.576464176177979,6.842038154602051,-14.187999725341797,-1.342348337173462,1.0001840591430664,1.3720588684082031,17,-0.929336965084076,0.1950465136119213,86.0,713.3,180.0,113.0,7.0,0.0,0.0,30.0,0.0,0.0,0.0,0.0,0.0,0.0,1.95364238,-5.0,3B,2001,-0.68,136,28,,,,,,,,,,,,,,,,,,
Chad Mottola,FLA,5,10,0,1,1,0,0.2,0.2,0.0,0.0,0.0,0.2,0.0,0.1407753586769104,,-21.79919285628123,-0.0005307471146807,-1.5921341126948347,-0.0823045149445533,-0.1315824785604038,Chad Mottola,1315,119456,7,0,0,0,0,2,0,2,0,1,0,0,0,1.0,0.2,2.64285714,,,,-0.0005307471146807,-0.3359537393251185,-1.5768007755676037,-0.0899679958820343,-0.2392120063304901,0.1492440104484558,-0.5649999380111694,-0.059843897819519,1.0955263376235962,2.718400001525879,1,-0.0531848184764385,-0.0289382604421312,2.0,24.0,8.0,1.0,0.0,0.0,0.0,0.0,0.0,0.0,0.0,0.0,0.0,0.0,3.0,0.0,RF,2001,-0.16,0,0,,,,,,,,,,,,,,,,,,
Dave Williams,PIT,22,37,0,1,2,0,0.0,0.513513513,0.05882353,0.266666666,0.117647058,0.117647058,0.176470588,0.1252285207019132,,-35.93889292486849,-0.0005307471146807,-6.573110904248467,4.006906032562256,-0.1322683089194393,Dave Williams,1013,400063,34,4,2,2,0,0,0,19,0,0,3,0,0,0.0,0.294117646,1.08035714,,,,-0.0005307471146807,-1.7296144350497409,-6.320748469146936,-0.4689579904079437,-0.8109700083732605,0.3420119881629944,-5.890999794006348,-0.5837240219116211,1.0148576498031616,,0,-0.5368078947067261,0.0747155111109565,18.0,114.0,6.0,19.0,0.0,0.0,0.0,1.0,0.0,0.0,0.0,0.0,0.0,0.0,1.0,0.0,P,2001,-0.05,6,2,,,,,,,,,,,,,,,,,,
Casey Blake,- - -,19,41,1,3,4,3,0.097560975,0.292682926,0.108108108,0.333333333,0.243243243,0.31707317,0.351351351,0.2886360794305801,,73.22485604046017,0.5973462733672932,-0.786787486496406,-1.980795919895172,-0.1336045203383005,Casey Blake,719,232694,37,9,7,1,0,4,1,12,0,0,0,0,0,0.333333333,0.668424521,4.781784402395653,,,,0.5973462733672932,3.7874680049940697,-1.3000048436001188,0.1763780266046524,-0.6555779874324799,0.8319559991359711,2.3778999149799347,0.242739088833332,1.033728149804202,0.8009999990463257,2,-0.0228191241621971,0.1934423452073627,6.0,70.30000000000001,45.0,5.0,2.0,0.0,0.0,4.0,0.0,0.0,0.0,0.0,0.0,0.0,1.7787234,-1.0,1B,2001,-0.010000000000000009,13,2,,,,,,,,,,,,,,,,,,
Shea Hillenbrand,BOS,139,493,12,52,49,3,0.026369168,0.123732251,0.128205129,0.278195488,0.262820512,0.290650406,0.391025641,0.2921680832445499,,73.29055821782543,-1.157277499209158,-17.759801663637116,-0.7139924764633179,-0.1370206001972362,Shea Hillenbrand,196,150167,468,123,89,20,2,13,3,61,7,4,1,12,4,0.213114754,0.681676047,3.219587653130674,,,,-1.157277499209158,46.572072838137906,-14.60168604861661,-1.898044228553772,-9.41294765472412,7.514904022216797,-25.529998779296875,-2.530996799468994,1.000602960586548,2.481149911880493,4,-1.700878381729126,-0.1960220906032255,121.0,1101.0,138.0,203.0,18.0,0.0,0.0,20.0,0.0,0.0,0.0,0.0,0.0,0.0,1.94117647,-2.0,3B,2001,0.4,183,34,,,,,,,,,,,,,,,,,,
Jarrod Patterson,DET,13,43,2,6,4,0,0.0,0.093023255,0.219512196,0.257142857,0.268292682,0.302325581,0.487804878,0.3359040035757907,,107.62253887602776,-0.4346753397840075,-0.0214085622490929,-2.8233882635831833,-0.1389566867437256,Jarrod Patterson,486,283169,41,11,7,1,1,0,0,4,2,0,0,2,1,0.0,0.790130459,6.002650888840478,,,,-0.4346753397840075,5.652891374667121,0.3172491188244348,-0.0422897860407829,-0.7911859750747681,0.7488959431648254,-1.275999903678894,-0.1163021698594093,0.9740850925445556,0.996399998664856,1,-0.0632241293787956,0.019809250776854,12.0,103.0,9.0,15.0,2.0,0.0,0.0,0.0,0.0,0.0,0.0,0.0,0.0,0.0,0.92307692,-3.0,3B,2001,0.07,20,4,,,,,,,,,,,,,,,,,,
Chris Woodward,TOR,37,66,2,9,5,0,0.015151515,0.212121212,0.206349206,0.212765957,0.19047619,0.203125,0.396825396,0.2492367941886186,,43.74874694664814,-0.4338792191119864,-5.11487798899645,1.32864648103714,-0.1437230085066392,Chris Woodward,1329,218595,63,12,5,3,2,1,0,14,0,0,2,1,1,0.071428571,0.599950396,6.458029605883452,,,,-0.4338792191119864,3.837992417330387,-4.351598021870013,-0.1358238607645034,-1.115723967552185,0.9799000024795532,-4.020999908447266,-0.387895792722702,0.8327850699424744,,0,-0.4271815121173858,0.2640855757626603,19.0,187.2,34.0,76.0,8.0,0.0,0.0,17.0,0.0,0.0,0.0,0.0,0.0,0.0,3.7976137899999998,1.0,2B,2001,-0.08,25,7,,,,,,,,,,,,,,,,,,
Jared Sandberg,TBD,39,149,1,13,15,1,0.067114093,0.302013422,0.073529412,0.3,0.205882352,0.265306122,0.279411764,0.246184534767047,,44.104079699682366,0.1917734227026812,-10.30918090619628,3.5738458037376404,-0.1456859034431472,Jared Sandberg,1224,277409,136,28,20,7,0,10,0,45,1,0,2,2,0,0.222222222,0.544717886,3.2403223607015845,,,,0.1917734227026812,8.279857770677035,-10.208763069335992,-0.4359021484851837,-2.547122001647949,2.111219882965088,-7.154999732971191,-0.7117235064506531,0.953488826751709,,0,-0.8447375893592834,0.387572139429272,38.0,340.2,33.0,68.0,6.0,0.0,0.0,7.0,0.0,0.0,0.0,0.0,0.0,0.0,0.94392523,3.0,3B,2001,0.07,38,8,,,,,,,,,,,,,,,,,,
Gary Bennett,- - -,46,148,2,15,10,0,0.081081081,0.162162162,0.106870229,0.280373831,0.244274809,0.308219178,0.351145038,0.2798883457418898,,57.76056482014624,-0.0084919538348913,-8.177517536971969,1.8120712041854856,-0.1503879301897751,Gary Bennett,420,110870,131,32,23,6,1,12,4,24,1,2,2,1,0,0.5,0.659364216,2.70238094625,,,,-0.0084919538348913,12.441144691835838,-5.92339144455294,-0.9040000848472118,-2.93313205242157,2.0291320271790028,-7.758999645709992,-0.7689517997205257,1.111525864009089,1.2266667087872822,3,-0.3257506899535656,-0.4875458010400256,36.0,328.0,247.0,9.0,2.0,0.0,0.0,3.0,0.0,0.0,0.0,0.0,3.0,7.0,0.99224806,-1.0,C,2001,-0.02999999999999997,46,9,,,,,,,,,,,,,,,,,,
Marcus Jensen,- - -,12,29,0,0,2,0,0.0,0.344827586,0.034482758,0.263157894,0.172413793,0.172413793,0.206896551,0.1651803460614434,,-14.716667574485143,-0.0010614942293614,-4.195626320451285,1.582990363240242,-0.1545829275806297,Marcus Jensen,691,116534,29,5,4,1,0,0,0,10,0,0,0,1,0,0.0,0.379310344,0.14285714,,,,-0.0010614942293614,-0.3755895787792011,-3.974045983882408,-0.7421679943799973,-0.9496860057115556,0.207517996430397,-7.123999893665314,-0.6500440947711468,1.2655034640739704,,0,-0.4979069009423256,-0.0885537571666407,7.0,68.0,47.0,4.0,0.0,0.0,0.0,0.0,0.0,0.0,0.0,0.0,0.0,3.0,1.0,1.0,C,2001,-0.2,6,1,,,,,,,,,,,,,,,,,,
Eddie Taubensee,CLE,52,128,3,16,11,0,0.078125,0.1484375,0.112068965,0.276595744,0.25,0.314960629,0.362068965,0.2973268278061397,,78.259186313768,-0.0087573273922316,-3.5174728170753298,-2.416778087615967,-0.1547370749372597,Eddie Taubensee,1012845,123113,116,29,23,2,1,10,1,19,1,0,1,3,0,0.526315789,0.677029594,3.27480158375,,,,-0.0087573273922316,12.650294443788582,-3.232547620115227,-0.3494578599929809,-1.9295320510864256,1.5800739526748655,-8.425999641418457,-0.7984961867332458,0.7557337284088135,1.2335273027420044,11,-0.2460301518440246,-0.216378560188399,28.0,247.2,212.0,3.0,3.0,0.0,0.0,0.0,0.0,0.0,0.0,0.0,5.0,12.0,0.98623853,-4.0,C,2001,-0.3,42,6,,,,,,,,,,,,,,,,,,
Angel Pena,LAD,22,58,1,3,2,0,0.017241379,0.293103448,0.074074074,0.27027027,0.203703703,0.214285714,0.277777777,0.21271285201822,,26.76337316205532,-0.0026537355734035,-5.553341078797421,2.020233154296875,-0.1572081355383406,Angel Pena,1010141,136723,54,11,9,1,0,1,0,17,0,1,2,0,0,0.058823529,0.492063491,0.6542207712499999,,,,-0.0026537355734035,1.5808509882846191,-5.616061821921794,-0.3873438835144043,-0.9599679708480836,0.5726239681243896,-7.034999847412109,-0.7461581826210022,0.97411847114563,1.044514298439026,7,-0.4504480957984924,0.0528128029794768,13.0,119.0,125.0,11.0,0.0,0.0,0.0,0.0,0.0,0.0,0.0,0.0,0.0,3.0,1.0,1.0,C,2001,-0.31,15,2,,,,,,,,,,,,,,,,,,
Bobby Munoz,MON,15,11,0,0,0,0,0.0,0.545454545,0.0,0.0,0.0,0.0,0.0,0.0,,-100.0,0.0,-3.1787982094067777,1.1912423372268677,-0.1589735078490756,Bobby Munoz,1009326,119528,11,0,0,0,0,0,0,6,0,0,0,0,0,0.0,0.0,0.14285714,,,,0.0,-1.679438981689855,-3.0443707215565885,-0.2732920050621032,-0.2732920050621032,0.0,-2.4809999465942383,-0.2398649007081985,0.9636727571487428,,0,-0.2840571105480194,0.0004629100948455,7.0,42.0,3.0,9.0,1.0,0.0,0.0,3.0,0.0,0.0,0.0,0.0,0.0,0.0,0.92307692,0.0,P,2001,-0.17,0,0,,,,,,,,,,,,,,,,,,
Keith Osik,PIT,56,137,2,9,13,1,0.09489051,0.175182481,0.083333333,0.242105263,0.208333333,0.299270072,0.291666666,0.2710761519244117,,58.472498170741616,0.1907119284733198,-7.243703265262496,1.1496312618255615,-0.1590911557282888,Keith Osik,1001,120092,120,25,19,4,0,13,0,24,3,1,0,1,0,0.541666666,0.590936738,2.4640862337155283,,,,0.1907119284733198,10.497647074521325,-6.501957322000719,-0.0447858795523643,-2.1771061420440674,2.132319927215576,-4.2739996910095215,-0.4040907621383667,0.90873920917511,1.371066689491272,9,-0.3755351603031158,0.3262516264793493,32.0,296.1,213.0,17.0,1.0,0.0,0.0,4.0,0.0,0.0,0.0,0.0,1.0,11.0,4.99502488,-1.0,C,2001,-0.29,35,6,,,,,,,,,,,,,,,,,,
Lance Davis,CIN,21,37,0,3,2,0,0.0,0.405405405,0.03030303,0.222222222,0.121212121,0.121212121,0.151515151,0.1182762113484469,,-42.37915245755647,-0.000796120672021,-6.884759731801799,4.006906032562256,-0.1627174520106958,Lance Davis,1003065,406876,33,4,3,1,0,0,0,15,0,0,4,0,0,0.0,0.272727272,2.64285714,,,,-0.000796120672021,-1.947208110395925,-6.53834214449312,-0.505262017250061,-0.7605559825897217,0.255293995141983,-6.340000152587891,-0.6176822185516357,0.9949368238449096,,0,-0.5898320078849792,0.0819987413490317,20.0,106.1,6.0,23.0,1.0,0.0,0.0,2.0,0.0,0.0,0.0,0.0,0.0,0.0,0.96666667,0.0,P,2001,-0.25,5,1,,,,,,,,,,,,,,,,,,
Cody Ransom,SFG,9,7,0,1,0,0,0.0,0.714285714,0.0,0.0,0.0,0.0,0.0,0.0,,-100.0,0.0,-1.9467914816055256,0.0462962873280048,-0.1632737179659963,Cody Ransom,1126,285068,7,0,0,0,0,0,0,5,0,0,0,0,0,0.0,0.0,0.14285714,,,,0.0,-1.0687338974389986,-1.937326822808738,-0.1631479859352111,-0.1631480455398559,0.0,-3.1069998741149902,-0.3017787039279938,0.680571436882019,1.0189999341964722,4,-0.1803362965583801,-0.0593857621319757,0.0,9.0,0.0,4.0,0.0,0.0,0.0,0.0,0.0,0.0,0.0,0.0,0.0,0.0,1.0,0.0,SS,2001,-0.1,0,0,,,,,,,,,,,,,,,,,,
Tony Armas,MON,34,59,0,2,4,0,0.0,0.288135593,0.018867924,0.222222222,0.150943396,0.150943396,0.16981132,0.1405957588609659,,-30.134678504712237,-0.0018576149013824,-10.034965764755992,6.389390468597412,-0.1672916168766149,Tony Armas,761,150393,53,8,7,1,0,0,0,17,0,0,6,0,0,0.0,0.320754716,1.08035714,,,,-0.0018576149013824,-1.991090473918389,-9.31208798774905,-0.8604939579963684,-1.3652759790420532,0.5047820210456848,-9.427000045776367,-0.9292245507240297,1.01965069770813,,0,-0.9626385569572448,0.1187280296261679,34.0,196.2,14.0,21.0,3.0,0.0,0.0,1.0,0.0,0.0,0.0,0.0,0.0,0.0,0.92105263,0.0,P,2001,-0.17,9,1,,,,,,,,,,,,,,,,,,
Corey Patterson,CHC,59,145,4,26,14,4,0.04137931,0.227586206,0.114503817,0.257731958,0.221374045,0.265734265,0.335877862,0.2628975231330711,,55.19289770614666,0.791773431643378,-7.698179831065335,1.2051900625228882,-0.1678608592569657,Corey Patterson,300,279913,131,29,22,3,0,6,0,33,3,3,2,1,0,0.181818181,0.601612127,6.000678386350655,,,,0.791773431643378,10.107502805091809,-7.884779220424224,-0.3333359360694885,-2.3455801010131836,2.0122439861297607,-0.7957001328468323,-0.0890123397111892,0.9067505598068236,1.8098461627960205,13,-0.2857070565223694,-0.0819088577600581,26.0,285.4,82.0,0.0,2.0,0.0,0.0,0.0,0.0,0.0,0.0,0.0,0.0,0.0,2.97222222,1.0,CF,2001,-0.08,44,7,,,,,,,,,,,,,,,,,,
Santiago Perez,SDP,43,97,0,13,4,5,0.154639175,0.298969072,0.012345679,0.301886792,0.197530864,0.319587628,0.209876543,0.2588314186666429,,57.097601513181175,0.5597518304130062,-4.878305041322126,-0.0234339926391839,-0.1683628990589212,Santiago Perez,1010187,150080,81,16,15,1,0,15,0,29,0,1,0,0,1,0.517241379,0.529464171,5.4386838064072975,,,,0.5597518304130062,6.427940360761605,-5.608275890790499,-0.4761020839214325,-1.4778521060943604,1.001750111579895,-5.768199920654297,-0.6198548078536987,0.8938016891479492,0.7739555835723877,9,-0.2415388226509094,-0.2911320032179643,16.0,189.4,47.0,13.0,4.0,0.0,0.0,1.0,0.0,0.0,0.0,0.0,0.0,0.0,4.70357143,0.0,CF,2001,-0.15,17,1,,,,,,,,,,,,,,,,,,
Jose Acevedo,CIN,18,36,0,1,1,0,0.0,0.5,0.029411765,0.25,0.117647058,0.117647058,0.147058823,0.1147974992499632,,-44.63102343884065,-0.000796120672021,-6.804640922821568,3.898611068725586,-0.1686719406112611,Jose Acevedo,307,406895,34,4,3,1,0,0,0,18,0,0,2,0,0,0.0,0.264705881,1.08035714,,,,-0.000796120672021,-2.000515125759853,-6.4675644562327985,-0.6570479869842529,-0.7149460911750793,0.0578980036079883,-7.115000247955322,-0.7135872840881348,0.8055499792098999,,0,-0.7497407793998718,-0.0659106437789844,18.0,96.0,4.0,10.0,0.0,0.0,0.0,1.0,0.0,0.0,0.0,0.0,0.0,0.0,1.0,0.0,P,2001,-0.22,5,1,,,,,,,,,,,,,,,,,,
Phil Hiatt,LAD,30,53,2,6,6,0,0.056603773,0.358490566,0.18,0.344827586,0.24,0.283018867,0.42,0.2943719912033815,,79.62369637416012,-0.0023883620160631,-1.413598577311642,-2.012574290856719,-0.1696580019192428,Phil Hiatt,1005763,115883,50,12,7,3,0,3,1,19,0,0,0,0,0,0.157894736,0.703018867,1.44093405875,,,,-0.0023883620160631,5.105540329014038,-1.4709489630711334,-0.3349320590496063,-0.8891419768333435,0.5542100071907043,-0.9070001244544984,-0.0920882076025009,0.9187697768211364,1.6815999746322632,11,-0.0917735025286674,-0.2727705513783321,8.0,100.2,29.0,8.0,1.0,0.0,0.0,4.0,0.0,0.0,0.0,0.0,0.0,0.0,1.95238095,-2.0,3B,2001,-0.11,21,5,,,,,,,,,,,,,,,,,,
Junior Herndon,SDP,12,13,0,0,0,0,0.0,0.846153846,0.0,0.0,0.0,0.0,0.0,0.0,,-100.0,0.0,-3.5750798127065986,1.407831788063049,-0.1701268718771334,Junior Herndon,1005716,400146,12,0,0,0,0,0,0,11,0,0,1,0,0,0.0,0.0,0.14285714,,,,0.0,-1.9847915238152831,-3.5978926709305137,-0.2611480057239532,-0.2611479759216308,0.0,-3.6489999294281006,-0.3751626014709472,0.7846453189849854,,0,-0.3217304050922394,-0.0110925907318782,8.0,42.2,2.0,10.0,0.0,0.0,0.0,2.0,0.0,0.0,0.0,0.0,0.0,0.0,1.0,0.0,P,2001,-0.18,0,0,,,,,,,,,,,,,,,,,,
Chris Reitsma,CIN,38,58,0,3,1,0,0.034482758,0.413793103,0.020833334,0.208333333,0.104166666,0.156862745,0.125,0.1359100972904878,,-30.96422793492502,-0.0018576149013824,-9.927785580180874,6.281095504760742,-0.1706021176778229,Chris Reitsma,348,277410,48,5,4,1,0,2,0,24,1,0,7,1,0,0.083333333,0.281862745,2.1964285649999997,,,,-0.0018576149013824,-2.1872301533183167,-9.38414296352473,-0.7522000670433044,-1.182945966720581,0.4307459890842438,-9.20699977874756,-0.8840269446372986,0.9474858641624452,,0,-0.8052289485931396,0.0113384057424223,29.0,182.0,13.0,39.0,0.0,0.0,0.0,2.0,0.0,0.0,0.0,0.0,0.0,0.0,1.0,0.0,P,2001,-0.11,6,1,,,,,,,,,,,,,,,,,,
Scott Elarton,- - -,24,47,0,1,2,0,0.021276595,0.212765957,0.0,0.107142857,0.078947368,0.166666666,0.078947368,0.1325122855958484,,-36.68945504713734,-0.0018576149013824,-8.396908029238109,5.089853525161743,-0.1726359893112168,Scott Elarton,426,134003,38,3,3,0,0,1,0,10,3,0,5,2,0,0.1,0.245614034,1.08035714,,,,-0.0018576149013824,-1.885978922678038,-7.717959993017717,-0.9096299707889556,-1.2539939880371094,0.3443640060722828,-9.983999967575071,-0.9315854907035828,1.095842351304724,,0,-0.8701766431331635,0.0401028923733588,24.0,132.2,9.0,22.0,2.0,0.0,0.0,2.0,0.0,0.0,0.0,0.0,0.0,0.0,0.93939394,0.0,P,2001,-0.26,3,0,,,,,,,,,,,,,,,,,,
Osvaldo Fernandez,CIN,20,23,0,1,0,0,0.04347826,0.347826086,0.0,0.09090909,0.052631578,0.1,0.052631578,0.0795495927333831,,-67.44801305700999,-0.0005307471146807,-5.03319865114715,2.490779399871826,-0.1747665368942534,Osvaldo Fernandez,1004000,114080,19,1,1,0,0,1,0,8,0,0,3,0,0,0.125,0.152631578,2.64285714,,,,-0.0005307471146807,-1.9638739441168311,-4.817822127474547,-0.2750639021396637,-0.3046520054340362,0.0295879989862442,-4.703000068664551,-0.4640806019306183,0.6079827547073364,,0,-0.4920724630355835,0.0396518968106899,14.0,79.1,2.0,20.0,1.0,0.0,0.0,2.0,0.0,0.0,0.0,0.0,0.0,0.0,0.95652174,0.0,P,2001,-0.22,1,0,,,,,,,,,,,,,,,,,,
Luis Alicea,KCR,113,418,4,44,32,8,0.055023923,0.133971291,0.093023256,0.310975609,0.273901808,0.320481927,0.366925064,0.3033913975738617,,75.31047197834947,-1.0226475605159069,-14.034869431001349,-2.247714638710022,-0.1750762346698123,Luis Alicea,584,110136,387,106,82,16,4,23,0,56,4,1,3,6,6,0.410714285,0.687406991,4.851713015811097,,,,-1.0226475605159069,43.45544834667097,-8.411957768264905,-1.9391220808029177,-8.092658042907715,6.153535842895508,-17.326099395751953,-1.608805775642395,0.97676020860672,1.405576467514038,17,-1.0929834842681885,-0.892275603598361,73.0,658.1,116.0,218.0,14.0,0.0,0.0,50.0,0.0,0.0,0.0,0.0,0.0,0.0,1.93117233,-1.0,2B,2001,0.25,142,24,,,,,,,,,,,,,,,,,,
Daryle Ward,HOU,95,235,9,21,39,0,0.080851063,0.204255319,0.197183098,0.297468354,0.262910798,0.323404255,0.460093896,0.32963614830207,,93.18133904566916,-0.0127379307523369,-2.1066449717210975,-7.287381410598755,-0.1769391900406482,Daryle Ward,579,132880,213,56,32,15,0,19,4,48,1,2,0,3,0,0.395833333,0.783498151,0.6542207712499999,,,,-0.0127379307523369,29.647753904148715,0.4878485524503143,-0.4217361509799957,-4.390108108520508,3.968372106552124,-5.935999870300293,-0.5823598504066467,1.0756125450134275,1.3698667287826538,45,-0.2135022729635238,-0.1785870094971328,43.0,359.2,81.0,2.0,1.0,0.0,0.0,3.0,0.0,0.0,0.0,0.0,0.0,0.0,2.95652174,-5.0,LF,2001,-0.32,98,24,,,,,,,,,,,,,,,,,,
Rick Ankiel,STL,6,10,0,1,0,0,0.1,0.5,0.0,0.0,0.0,0.111111111,0.0,0.0782085325982835,,-64.50310371787208,-0.0002653735573403,-2.1498994342254525,0.0,-0.1780366053019709,Rick Ankiel,1142,150449,8,0,0,0,0,1,0,5,0,0,1,0,0,0.2,0.111111111,2.64285714,,,,-0.0002653735573403,-0.8652021710149063,-2.1060492072573913,-0.2089400887489318,-0.2199279963970184,0.0109879998490214,-2.2239999771118164,-0.2216759026050567,0.957020103931427,,0,-0.1931445002555847,-0.0251791147767521,6.0,24.0,0.0,3.0,0.0,0.0,0.0,0.0,0.0,0.0,0.0,0.0,0.0,0.0,1.0,0.0,P,2001,-0.08,0,0,,,,,,,,,,,,,,,,,,
Tim Laker,CLE,16,40,1,5,5,0,0.15,0.2,0.090909091,0.208333333,0.181818181,0.307692307,0.272727272,0.2728480421579801,,61.83654776374582,-0.0029191091307438,-1.9276500830616592,-1.2769778966903689,-0.1819944187828222,Tim Laker,1681,117420,33,6,5,0,0,6,0,8,0,0,1,1,0,0.75,0.580419579,1.79058440875,,,,-0.0029191091307438,3.1249596302789846,-1.8384285146909556,-0.4570460617542267,-0.948117971420288,0.4910719990730285,-1.3799999952316284,-0.1211278960108757,1.1048855781555176,1.8715999126434328,2,-0.1807496398687362,-0.2329095396792616,8.0,85.1,76.0,6.0,1.0,0.0,0.0,2.0,0.0,0.0,0.0,0.0,0.0,3.0,0.98795181,-2.0,C,2001,-0.25,9,1,,,,,,,,,,,,,,,,,,
Charlie Hayes,HOU,31,58,0,4,4,0,0.120689655,0.275862068,0.04,0.285714285,0.2,0.293103448,0.24,0.2421705409100181,,36.56232098079259,-0.0037152298027649,-4.811729159698616,0.9817100036889316,-0.1862173657177026,Charlie Hayes,1005525,115640,50,10,8,2,0,7,1,16,0,1,0,1,0,0.4375,0.533103448,0.98844537125,,,,-0.0037152298027649,3.0260981331544197,-4.170814677051994,-0.4107560515403747,-1.0024179220199585,0.5916619896888733,-3.067000150680542,-0.3394128084182739,0.9311601519584656,0.8273158073425293,19,-0.4389809370040893,-0.0021419468268507,9.0,76.1,14.0,12.0,0.0,0.0,0.0,2.0,0.0,0.0,0.0,0.0,0.0,0.0,2.0,1.0,3B,2001,-0.28,12,2,,,,,,,,,,,,,,,,,,
Bronson Arroyo,PIT,24,23,0,0,1,0,0.04347826,0.695652173,0.0,0.166666666,0.047619047,0.086956521,0.047619047,0.069173558898594,,-72.22489138300648,-0.0005307471146807,-5.176768239067706,2.490779399871826,-0.1887937705612808,Bronson Arroyo,978,276520,21,1,1,0,0,1,0,16,0,1,0,0,0,0.0625,0.134575568,0.14285714,,,,-0.0005307471146807,-2.1657452863332134,-5.019693469690929,-0.3265799880027771,-0.4203879833221435,0.093808002769947,-4.235000133514404,-0.4168953001499176,0.8230695724487305,,0,-0.415655106306076,0.0188721380921466,13.0,88.1,3.0,15.0,2.0,0.0,0.0,1.0,0.0,0.0,0.0,0.0,0.0,0.0,0.9,0.0,P,2001,-0.23,1,0,,,,,,,,,,,,,,,,,,
Dave Mlicki,- - -,34,31,0,2,0,0,0.0,0.354838709,0.0,0.1875,0.111111111,0.111111111,0.111111111,0.0985683401425679,,-55.42721527367694,-0.000796120672021,-6.310185279087965,3.3571374714374542,-0.1890827070045409,Dave Mlicki,569,119211,27,3,3,0,0,0,0,11,0,0,4,0,0,0.0,0.222222222,2.64285714,,,,-0.000796120672021,-2.135410494434983,-5.982036306786687,-0.5069359987974167,-0.616304025053978,0.1093680113554,-6.351999789476395,-0.6311331503093243,0.8327416950656522,,0,-0.5891504790633917,-0.0196049150777057,29.0,167.2,7.0,20.0,0.0,0.0,0.0,3.0,0.0,0.0,0.0,0.0,0.0,0.0,1.0,0.0,P,2001,-0.12,3,0,,,,,,,,,,,,,,,,,,
Alex Arias,SDP,70,158,2,19,12,1,0.107594936,0.139240506,0.109489051,0.252173913,0.226277372,0.31210191,0.335766423,0.287680541857695,,75.772473566473,0.1901811813586391,-4.811967560112786,-2.259490877389908,-0.1896484888133703,Alex Arias,123,110312,137,31,20,9,0,17,1,22,1,2,1,3,0,0.772727272,0.647868333,3.4196357979193417,,,,0.1901811813586391,14.325970461976867,-5.279412710654393,0.0192182250320911,-2.524527788162231,2.543745994567871,0.8970000743865967,0.0494881235063076,0.9270110726356506,1.8743499517440796,16,-0.0175098404288291,0.038241227139724,31.0,316.2,132.0,61.0,5.0,0.0,0.0,13.0,0.0,0.0,0.0,0.0,0.0,0.0,3.88186111,-2.0,1B,2001,0.07,46,11,,,,,,,,,,,,,,,,,,
David Coggin,PHI,17,36,0,1,1,0,0.055555555,0.361111111,0.03030303,0.1,0.06060606,0.114285714,0.09090909,0.1010468125343322,,-49.4837125186213,-0.000796120672021,-7.03292488698694,3.898611068725586,-0.1909760549725486,David Coggin,951,150102,33,2,1,1,0,2,0,13,0,0,1,0,0,0.153846153,0.205194804,1.08035714,,,,-0.000796120672021,-2.419253096120294,-6.8863024265932395,-0.4584178030490875,-0.6911580562591553,0.2327399998903274,-4.658999919891357,-0.459243893623352,0.8618889451026917,,0,-0.4503502547740936,-0.0815254650084224,17.0,95.0,9.0,12.0,0.0,0.0,0.0,0.0,0.0,0.0,0.0,0.0,0.0,0.0,1.0,0.0,P,2001,-0.05,3,1,,,,,,,,,,,,,,,,,,
Ben Sheets,MIL,25,48,0,4,1,0,0.083333333,0.604166666,0.0,0.23076923,0.071428571,0.152173913,0.071428571,0.1190620077692944,,-39.958815537345075,-0.0018576149013824,-8.780592513009868,5.198148250579834,-0.1963409157693549,Ben Sheets,710,282656,42,3,3,0,0,4,0,29,0,0,2,0,0,0.137931034,0.223602484,2.64285714,,,,-0.0018576149013824,-2.4942022319021255,-8.450268005866054,-0.907477855682373,-1.0628859996795654,0.1554080098867416,-9.371999740600586,-0.907579779624939,0.9057962894439696,,0,-0.8761940002441406,-0.1256624505472792,25.0,151.1,10.0,24.0,2.0,0.0,0.0,2.0,0.0,0.0,0.0,0.0,0.0,0.0,0.94444444,0.0,P,2001,-0.18,3,0,,,,,,,,,,,,,,,,,,
Todd Pratt,- - -,80,212,4,18,11,1,0.160377358,0.287735849,0.115606936,0.256880733,0.184971098,0.327014218,0.300578034,0.2866629061217491,,71.63219562334271,0.1856698308838531,-7.673053921362994,-1.1848423480987549,-0.1981938785034683,Todd Pratt,968,120747,173,32,20,8,0,34,3,61,3,1,1,6,0,0.557377049,0.627592252,2.237751237760493,,,,0.1856698308838531,19.0536842718258,-7.252272896514883,-1.9430418610572815,-4.109541893005371,2.1665000319480896,-10.42300009727478,-1.099654585123062,1.0213745849233278,1.5319199562072754,15,-0.967119127511978,-0.9352601657843604,49.0,463.0,348.0,12.0,4.0,0.0,0.0,1.0,0.0,0.0,0.0,0.0,5.0,20.0,1.98879552,-5.0,C,2001,-0.47,52,12,,,,,,,,,,,,,,,,,,
James Baldwin,- - -,29,29,0,0,1,0,0.0,0.448275862,0.035714286,0.133333333,0.071428571,0.071428571,0.107142857,0.076031601854733,,-60.82988609282577,-0.0002653735573403,-6.132561099607121,3.140547811985016,-0.19910197022429,James Baldwin,1064,110503,28,2,1,1,0,0,0,13,0,0,1,1,0,0.0,0.178571428,0.14285714,,,,-0.0002653735573403,-2.557541085589766,-6.155997490692973,-0.5785279534757137,-0.6877160929143429,0.1091879978775978,-5.709999859333038,-0.5631656311452389,0.9383996601762444,,0,-0.5092729143798351,-0.1072319481294482,28.0,175.0,12.0,25.0,1.0,0.0,0.0,4.0,0.0,0.0,0.0,0.0,0.0,0.0,0.97368421,0.0,P,2001,-0.22,3,1,,,,,,,,,,,,,,,,,,
Henry Rodriguez,NYY,5,8,0,0,0,0,0.0,0.75,0.0,0.0,0.0,0.0,0.0,0.0,,-100.0,0.0,-2.2090238464802283,-0.1080246865749359,-0.1992431071192345,Henry Rodriguez,1427,121357,8,0,0,0,0,0,0,6,0,0,0,0,0,0.0,0.0,0.14285714,,,,0.0,-1.2214101685017127,-2.2140877974957007,-0.2723100185394287,-0.2723099887371063,0.0,-2.42900013923645,-0.238929197192192,1.1531749963760376,1.2246500253677368,4,-0.2257816046476364,-0.0103577665624478,,,,,,,,,,,,,,,,,,2001,-0.22,0,0,,,,,,,,,,,,,,,,,,
Rob Ryan,- - -,8,8,0,0,0,0,0.0,0.75,0.0,0.0,0.0,0.0,0.0,0.0,,-100.0,0.0,-2.2206181792348403,-0.0977366268634796,-0.1995616963967871,Rob Ryan,1011350,233594,8,0,0,0,0,0,0,6,0,0,0,0,0,0.0,0.0,0.14285714,,,,0.0,-1.2214101685017127,-2.2140877974957007,-0.0491880122572183,-0.0491879899054765,0.0,-2.020999997854233,-0.2020250037312507,0.221749996766448,0.281279993057251,5,-0.1451582815498113,-0.0766591388536904,0.0,10.0,2.0,0.0,0.0,0.0,0.0,0.0,0.0,0.0,0.0,0.0,0.0,0.0,2.0,0.0,CF,2001,-0.21,0,0,,,,,,,,,,,,,,,,,,
Chris Magruder,TEX,17,31,0,3,1,0,0.032258064,0.161290322,0.0,0.208333333,0.172413793,0.225806451,0.172413793,0.1894478528730331,,1.1142927202117348,-0.0018576149013824,-3.866929790217916,0.7033609747886658,-0.2016258385022332,Chris Magruder,392,285072,29,5,5,0,0,1,0,5,1,0,0,1,0,0.2,0.398220244,2.64285714,,,,-0.0018576149013824,0.2348668655231388,-3.611758946828565,-0.0895100012421608,-0.4977581202983856,0.4082479774951935,-2.4570999145507812,-0.2447822093963623,0.9013741612434388,1.3378000259399414,4,-0.151743084192276,0.0524391490554151,5.0,60.1,21.0,1.0,0.0,0.0,0.0,0.0,0.0,0.0,0.0,0.0,0.0,0.0,3.0,1.0,LF,2001,-0.15,5,0,,,,,,,,,,,,,,,,,,
Jorge Toca,NYM,13,17,0,3,1,0,0.0,0.470588235,0.0,0.333333333,0.176470588,0.176470588,0.176470588,0.1565497166970197,,-11.58488716109972,-0.000796120672021,-2.47961467636789,-0.1474622637033462,-0.2022473776454372,Jorge Toca,1013093,150243,17,3,3,0,0,0,0,8,0,0,0,0,0,0.0,0.352941176,2.64285714,,,,-0.000796120672021,-0.3442832206915392,-2.4537231823037637,-0.035260047763586,-0.1964199990034103,0.1611599922180175,-0.4589999914169311,-0.0633520111441612,0.6871294379234314,0.7664000391960144,8,-0.1221653148531913,0.0708503138977015,1.0,20.0,16.0,1.0,0.0,0.0,0.0,1.0,0.0,0.0,0.0,0.0,0.0,0.0,2.0,0.0,1B,2001,-0.19,3,0,,,,,,,,,,,,,,,,,,
Alex Hernandez,PIT,7,11,0,0,0,0,0.0,0.181818181,0.0,0.111111111,0.09090909,0.09090909,0.09090909,0.0806468237530101,,-64.79791511856989,-0.0002653735573403,-2.369100512868036,-0.1286008059978485,-0.2088164410808265,Alex Hernandez,1005695,150253,11,1,1,0,0,0,0,2,0,0,0,1,0,0.0,0.18181818,0.14285714,,,,-0.0002653735573403,-0.929034519231655,-2.2939662590983887,-0.3873740136623382,-0.3953740298748016,0.0080000003799796,-4.479000091552734,-0.3871442973613739,0.964219093322754,0.7588000297546387,2,-0.3127341866493225,-0.0890147688991777,2.0,23.0,7.0,1.0,0.0,0.0,0.0,1.0,0.0,0.0,0.0,0.0,0.0,0.0,2.0,0.0,RF,2001,-0.3,1,0,,,,,,,,,,,,,,,,,,
Albie Lopez,- - -,33,34,0,0,0,0,0.058823529,0.382352941,0.0,0.0625,0.034482758,0.125,0.034482758,0.0946343746036291,,-55.395919826590664,-0.0010614942293614,-6.992057781048822,3.6820214986801143,-0.2135930895025539,Albie Lopez,102,117913,29,1,1,0,0,2,0,13,1,0,2,1,0,0.153846153,0.159482758,0.14285714,,,,-0.0010614942293614,-2.4396258374552753,-6.658505760679724,-0.4897579923272133,-0.562829989939928,0.073072001338005,-7.075999736785889,-0.7159050852060318,0.7520117707112256,,0,-0.707563504576683,0.0562997725422524,33.0,205.2,7.0,30.0,1.0,0.0,0.0,1.0,0.0,0.0,0.0,0.0,0.0,0.0,0.97368421,0.0,P,2001,-0.27,1,0,,,,,,,,,,,,,,,,,,
Bruce Chen,- - -,27,52,0,1,0,0,0.0,0.365384615,0.0,0.214285714,0.127659574,0.127659574,0.127659574,0.1132487312276312,,-40.80132891030738,-0.0015922413440421,-9.5691377342638,5.631327390670776,-0.2182550497915637,Bruce Chen,769,136600,47,6,6,0,0,0,0,19,0,0,5,1,0,0.0,0.255319148,0.5595238025,,,,-0.0015922413440421,-2.9585680559004106,-9.410972644361332,-0.9504200518131256,-1.041703999042511,0.0912839993834495,-11.363000392913818,-1.1793220937252045,0.8726604074802039,,0,-0.9822010397911072,-0.1069053796893546,27.0,146.0,4.0,21.0,1.0,0.0,0.0,1.0,0.0,0.0,0.0,0.0,0.0,0.0,0.96153846,0.0,P,2001,-0.28,6,0,,,,,,,,,,,,,,,,,,
Damian Rolls,TBD,81,249,2,33,12,12,0.040160642,0.18875502,0.080168776,0.319148936,0.261603375,0.291497975,0.341772151,0.2785635337173214,,65.82691366762803,0.655460458365269,-10.073210873277118,-0.7925242781639099,-0.2191719195604685,Damian Rolls,1222,150390,237,62,48,11,1,10,0,47,0,0,2,5,4,0.212765957,0.633270126,6.271704841334167,,,,0.655460458365269,20.656712646843673,-10.240378555594203,-1.9192562103271484,-4.848475933074951,2.929219961166382,-15.949999809265137,-1.5740240812301636,0.9226593375205994,0.5980799794197083,5,-0.7691011428833008,-1.3110341056089942,57.0,520.3,109.0,118.0,6.0,0.0,0.0,21.0,0.0,0.0,0.0,0.0,0.0,0.0,3.96808511,-1.0,2B,2001,0.18,81,14,,,,,,,,,,,,,,,,,,
Ryan Thompson,FLA,18,32,0,6,2,0,0.03125,0.25,0.161290323,0.391304347,0.29032258,0.3125,0.451612903,0.3269120622426271,,98.69248033916006,-0.0013268677867017,-0.0560018492923186,-3.1966163963079453,-0.2222309965852458,Ryan Thompson,713,123302,31,9,4,5,0,1,0,8,0,0,0,2,0,0.125,0.764112903,2.64285714,,,,-0.0013268677867017,3.9634038225104966,-0.0073066934654557,-0.6479300260543823,-1.020274043083191,0.3723439872264862,-2.097999811172486,-0.230743408203125,1.2428187131881714,1.2825332880020142,3,-0.1374820917844772,-0.3838570377111383,6.0,73.1,11.0,1.0,1.0,0.0,0.0,0.0,0.0,0.0,0.0,0.0,0.0,0.0,2.8,-3.0,RF,2001,-0.29,14,5,,,,,,,,,,,,,,,,,,
Hiram Bocachica,LAD,75,143,2,15,9,4,0.062937062,0.23076923,0.142857143,0.295918367,0.233082706,0.286713286,0.375939849,0.2890502131068623,,76.17875545202726,0.360547948104795,-4.09079365040857,-2.897119417786598,-0.2318061929301392,Hiram Bocachica,1404,150375,133,31,17,11,1,9,0,33,1,0,0,1,1,0.272727272,0.662653135,5.864699085921539,,,,0.360547948104795,13.131589115378617,-4.612523502888918,-0.4394099414348602,-2.606264114379883,2.1668541431427,-1.341800093650818,-0.0938332229852676,0.9671406149864196,1.1352499723434448,36,-0.0802022144198417,-0.3741370353499865,24.0,216.0,32.0,47.0,7.0,0.0,0.0,8.0,0.0,0.0,0.0,0.0,0.0,0.0,3.59395425,-3.0,2B,2001,-0.18,50,14,,,,,,,,,,,,,,,,,,
Mark Lewis,CLE,6,13,0,1,0,0,0.0,0.307692307,0.0,0.111111111,0.076923076,0.076923076,0.076923076,0.0682396200987009,,-75.43374856823552,-0.0002653735573403,-2.875801881282641,0.0514403097331523,-0.2318465790481194,Mark Lewis,1007585,117740,13,1,1,0,0,0,0,4,0,0,0,0,0,0.0,0.153846152,2.64285714,,,,-0.0002653735573403,-1.234387061357083,-2.847488208472314,-0.1522340476512909,-0.2217320203781128,0.0694980025291442,-3.196000099182129,-0.2918349504470825,0.7688146233558655,0.0540999993681907,2,-0.2430191189050674,0.045007734851534,3.0,30.0,4.0,7.0,1.0,0.0,0.0,1.0,0.0,0.0,0.0,0.0,0.0,0.0,1.88888889,0.0,3B,2001,-0.28,1,0,,,,,,,,,,,,,,,,,,
Mario Encarnacion,COL,20,67,0,3,3,2,0.074626865,0.208955223,0.016129032,0.291666666,0.225806451,0.283582089,0.241935483,0.2431887993172033,,21.84552986104729,-0.0370636958396062,-6.879630785992277,2.2266806960105896,-0.233213004908831,Mario Encarnacion,1444,276512,62,14,13,1,0,5,0,14,0,0,0,3,1,0.357142857,0.525517572,2.9071348185517354,,,,-0.0370636958396062,3.5533747112165193,-4.7603004316081305,-0.4836899042129516,-1.113166093826294,0.629476010799408,-7.848000049591064,-0.6600632071495056,0.8133171796798706,,0,-0.6188101768493652,0.0240976633336214,16.0,150.1,33.0,2.0,0.0,0.0,0.0,2.0,0.0,0.0,0.0,0.0,0.0,0.0,2.0,3.0,LF,2001,-0.46,15,1,,,,,,,,,,,,,,,,,,
Kevin Appier,NYM,33,67,0,4,4,0,0.014925373,0.358208955,0.0,0.184210526,0.112903225,0.140625,0.112903225,0.1194861494004726,,-35.57720652962285,-0.0023883620160631,-11.872421258727613,7.255748748779297,-0.2365584298699156,Kevin Appier,3,110293,62,7,7,0,0,1,0,24,1,0,3,0,0,0.041666666,0.253528225,2.64285714,,,,-0.0023883620160631,-3.457452458753308,-11.771127601577955,-0.7965978980064392,-1.5171219110488892,0.72052401304245,-8.508999824523926,-0.9066343903541564,1.015188455581665,,0,-0.9303377270698548,0.1456579037064,33.0,206.2,11.0,21.0,2.0,0.0,0.0,2.0,0.0,0.0,0.0,0.0,0.0,0.0,0.94117647,0.0,P,2001,-0.11,7,0,,,,,,,,,,,,,,,,,,
Miguel Batista,ARI,48,36,0,2,0,0,0.055555555,0.472222222,0.0,0.133333333,0.0625,0.117647058,0.0625,0.0935877561569213,,-59.72743210787554,-0.0010614942293614,-7.515083264029092,3.898611068725586,-0.2380845569696949,Miguel Batista,46,110683,32,2,2,0,0,2,0,17,0,0,2,0,0,0.117647058,0.180147058,2.64285714,,,,-0.0010614942293614,-2.646397397555849,-7.113446728028795,-0.6244977712631226,-0.8679940104484558,0.2434960156679153,-6.177000045776367,-0.6135085225105286,1.0371028184890747,0.9708000421524048,2,-0.5481665134429932,-0.0539895699556957,18.0,139.1,7.0,17.0,1.0,0.0,0.0,1.0,0.0,0.0,0.0,0.0,0.0,0.0,0.96,0.0,P,2001,-0.3,2,0,,,,,,,,,,,,,,,,,,
Timo Perez,NYM,85,260,5,26,22,1,0.046153846,0.096153846,0.108786611,0.257142857,0.246861924,0.287401574,0.355648535,0.2818681968478705,,69.53739053280296,-2.4091135299531743,-12.75888807278137,1.690331220626831,-0.2398372941739007,Timo Perez,891,340392,239,59,44,9,1,12,0,25,2,1,6,1,6,0.48,0.643050109,3.3763270431902637,,,,-2.4091135299531743,22.29605999253214,-9.96596294977247,-0.1096459925174713,-4.5104498863220215,4.400804042816162,-7.882799625396728,-0.7522291541099548,0.9934760928153992,1.2720615863800049,13,-0.249990165233612,0.139624155109758,54.0,514.1,128.0,5.0,0.0,0.0,0.0,1.0,0.0,0.0,0.0,0.0,0.0,0.0,3.0,4.0,RF,2001,0.02,85,15,,,,,,,,,,,,,,,,,,
Terry Adams,LAD,43,48,0,2,1,0,0.0625,0.395833333,0.025641025,0.095238095,0.051282051,0.116279069,0.076923076,0.0986166333043298,,-47.09441004111593,-0.0010614942293614,-9.227367288451138,5.198148250579834,-0.2399923203768281,Terry Adams,946,110067,39,2,1,1,0,3,0,19,0,1,5,0,0,0.157894736,0.193202145,2.01785714,,,,-0.0010614942293614,-3.3243430371111797,-9.280408811075109,-0.6440721750259399,-0.8302720189094543,0.1862000077962875,-7.848000049591064,-0.7866274118423462,0.8370004892349243,,0,-0.7664847373962402,-0.0030156193056608,22.0,166.1,13.0,31.0,1.0,0.0,0.0,2.0,0.0,0.0,0.0,0.0,0.0,0.0,0.97777778,0.0,P,2001,-0.18,3,1,,,,,,,,,,,,,,,,,,
Jorge Fabregas,ANA,53,157,2,9,16,0,0.01910828,0.095541401,0.094594595,0.233082706,0.222972972,0.235294117,0.317567567,0.2375358132755055,,38.78229795572798,-0.0074304596055299,-12.12565696860016,4.192155361175537,-0.2402037019398621,Jorge Fabregas,12,113966,148,33,25,4,2,3,0,15,0,2,4,5,0,0.2,0.552861684,2.5546218400000003,,,,-0.0074304596055299,7.575818632344671,-11.905479836662344,-0.5577741861343384,-2.950469970703125,2.392695903778076,-11.663000106811523,-1.1438816785812378,1.0280447006225586,,0,-1.0746389627456665,0.5320806617334984,42.0,372.1,267.0,23.0,3.0,0.0,0.0,3.0,0.0,0.0,0.0,0.0,2.0,15.0,0.98976109,1.0,C,2001,-0.42,47,8,,,,,,,,,,,,,,,,,,
Quinton McCracken,MIN,24,70,0,7,3,0,0.071428571,0.185714285,0.09375,0.274509803,0.21875,0.275362318,0.3125,0.2608114835144817,,51.601612919633354,-0.4362675811280496,-4.70787486966956,-0.2208503484725952,-0.2417783225658372,Quinton McCracken,1377,118609,64,14,10,2,2,5,0,13,0,0,1,2,1,0.384615384,0.587862318,5.099770462343452,,,,-0.4362675811280496,4.755964464125917,-3.929964789571479,-0.3336680829524994,-1.1027759313583374,0.76910799741745,-4.569399833679199,-0.4435306489467621,0.7951661944389343,1.154971480369568,7,-0.3713600933551788,-0.0482604655745604,6.0,63.0,13.0,0.0,0.0,0.0,0.0,0.0,0.0,0.0,0.0,0.0,0.0,0.0,3.0,1.0,LF,2001,-0.41,20,4,,,,,,,,,,,,,,,,,,
Mac Suzuki,- - -,18,22,0,0,0,0,0.045454545,0.454545454,0.0,0.0,0.0,0.052631578,0.0,0.0370461470202395,,-92.4707043515456,-0.0002653735573403,-5.626464695847193,2.382484495639801,-0.2465129943312048,Mac Suzuki,1485,123010,18,0,0,0,0,1,0,10,0,0,3,1,0,0.1,0.052631578,0.14285714,,,,-0.0002653735573403,-2.6973174237674757,-5.427180903500942,-0.4137360211461782,-0.4867800232023,0.0730440020561218,-5.8760001212358475,-0.5618424732238054,0.9564087065783414,,0,-0.4663245119154453,0.0337311882658051,19.0,118.1,5.0,16.0,1.0,0.0,0.0,0.0,0.0,0.0,0.0,0.0,0.0,0.0,0.95454545,0.0,P,2001,-0.28,0,0,,,,,,,,,,,,,,,,,,
Jose Vizcaino,HOU,107,282,1,38,14,3,0.053191489,0.117021276,0.06640625,0.315315315,0.27734375,0.322344322,0.34375,0.2965717084241874,,71.77777055091727,-0.2847423369530588,-10.68468309090473,-1.0264064073562622,-0.2482564321822128,Jose Vizcaino,577,123743,256,71,59,8,3,15,0,33,2,0,9,6,2,0.454545454,0.666094322,5.433768000809534,,,,-0.2847423369530588,27.690052380189293,-7.301834041848783,-1.2971762418746948,-5.373936176300049,4.0767598152160645,-11.015599250793455,-1.0592608451843262,1.007529616355896,1.2482430934906006,51,-0.9953193068504332,-0.2921626895264206,47.0,455.0,71.0,142.0,14.0,0.0,0.0,27.0,0.0,0.0,0.0,0.0,0.0,0.0,2.41637345,-3.0,SS,2001,-0.08,88,12,,,,,,,,,,,,,,,,,,
Joe Oliver,- - -,17,53,1,4,3,0,0.037735849,0.283018867,0.104166666,0.333333333,0.25,0.274509803,0.354166666,0.2717169862167508,,62.25333983382102,-0.0029191091307438,-2.5253355648866713,-1.7968681752681732,-0.2493788815186856,Joe Oliver,1009778,119987,48,12,9,2,0,2,0,15,0,1,2,0,0,0.133333333,0.628676469,0.9601648275,,,,-0.0029191091307438,4.08151351838281,-2.4949757737023615,-0.4613321051001549,-0.8670659810304642,0.4057339653372764,-2.196000039577484,-0.2065980210900306,0.8440377442341931,,0,-0.0645018443465232,-0.4820757326061848,15.0,140.1,135.0,4.0,2.0,0.0,0.0,0.0,0.0,0.0,0.0,0.0,3.0,3.0,0.9858156,-3.0,C,2001,-0.35000000000000003,17,3,,,,,,,,,,,,,,,,,,
Adam Riggs,SDP,12,38,0,2,1,1,0.052631578,0.210526315,0.027777778,0.25,0.194444444,0.236842105,0.222222222,0.2097950985557154,,25.354972873435777,-0.2344099632464349,-3.941003083669332,0.13946034014225,-0.2497634084298133,Adam Riggs,492,121199,36,7,6,1,0,2,0,8,0,0,0,1,1,0.25,0.459064327,2.9848009906830963,,,,-0.2344099632464349,0.941941877874794,-3.773276859846649,-0.3448300063610077,-0.6366119980812073,0.2917819917201996,-3.3949999809265137,-0.3164563775062561,0.7616097927093506,,0,-0.3303416669368744,-0.1224230029268224,10.0,81.1,13.0,24.0,0.0,0.0,0.0,5.0,0.0,0.0,0.0,0.0,0.0,0.0,2.0,0.0,2B,2001,-0.16,8,1,,,,,,,,,,,,,,,,,,
Mike Lansing,BOS,106,382,8,45,34,3,0.057591623,0.130890052,0.133522727,0.269360269,0.25,0.293650793,0.383522727,0.2931008177663666,,73.9163229977901,-0.7178254353930242,-13.280860350722117,-2.401463270187378,-0.2500434964075484,Mike Lansing,1007334,117491,352,88,57,23,0,22,1,50,1,3,4,7,3,0.44,0.67717352,2.9741882527398857,,,,-0.7178254353930242,36.38766702175034,-11.012689762712592,-0.7511658072471619,-6.805926322937012,6.054759979248047,-10.560999870300291,-1.0104025602340698,1.0134800672531128,2.0695998668670654,4,-0.7982208132743835,0.0570460911280612,97.0,856.2,162.0,247.0,14.0,0.0,0.0,52.0,0.0,0.0,0.0,0.0,0.0,0.0,1.93533271,-6.0,SS,2001,0.12,135,31,,,,,,,,,,,,,,,,,,
Shawn Estes,SFG,27,52,0,2,1,0,0.057692307,0.211538461,0.0,0.09375,0.071428571,0.130434782,0.071428571,0.1037603383478911,,-45.662006782725975,-0.0015922413440421,-9.899424081919069,5.631327152252197,-0.2505251648420175,Shawn Estes,873,113915,42,3,3,0,0,3,0,11,0,1,6,1,0,0.272727272,0.201863353,1.60119047125,,,,-0.0015922413440421,-3.3751183581951123,-9.827522946656034,-0.8127179741859436,-1.0295640230178833,0.2168460041284561,-7.666999816894531,-0.7941803336143494,0.8838388323783875,,0,-0.8204817771911621,-0.0990500926622369,27.0,159.0,3.0,33.0,3.0,0.0,0.0,2.0,0.0,0.0,0.0,0.0,0.0,0.0,0.92307692,0.0,P,2001,-0.18,3,0,,,,,,,,,,,,,,,,,,
Julio Zuleta,CHC,49,118,6,11,24,0,0.06779661,0.27118644,0.198113207,0.246376811,0.216981132,0.288135593,0.415094339,0.3005621988549192,,79.57433194857117,-0.4386559431441128,-3.588207453129896,-2.877571940422058,-0.2562383021768433,Julio Zuleta,1014462,275936,106,23,14,3,0,8,1,32,3,1,0,3,1,0.25,0.703229932,1.38643112603431,,,,-0.4386559431441128,11.984929979672572,-2.657065047988751,-0.4615722298622131,-2.488302230834961,2.0267300605773926,0.4940001964569092,0.0881506651639938,1.0182949304580688,0.8933749794960022,24,-0.2623656988143921,-0.1909138138849198,23.0,219.0,213.0,7.0,2.0,0.0,0.0,11.0,0.0,0.0,0.0,0.0,0.0,0.0,0.99099099,-1.0,1B,2001,-0.36,44,9,,,,,,,,,,,,,,,,,,
Jose Lima,- - -,32,18,0,0,0,0,0.0,0.333333333,0.0,0.0,0.0,0.0,0.0,0.0,,-100.0,0.0,-5.1662298738054435,1.9493055641651151,-0.2564849128565848,Jose Lima,475,117769,17,0,0,0,0,0,0,6,0,0,1,0,0,0.0,0.0,0.14285714,,,,0.0,-2.7481728791288536,-4.981697544365327,-0.3938040072098374,-0.3938040370121598,0.0,-4.410000115633011,-0.4268265916034579,0.9059777441951964,,0,-0.4535340834408998,0.0188611461275624,27.0,165.2,3.0,20.0,2.0,0.0,0.0,4.0,0.0,0.0,0.0,0.0,0.0,0.0,0.92,0.0,P,2001,-0.28,0,0,,,,,,,,,,,,,,,,,,
Kevin Millwood,ATL,21,45,0,3,2,0,0.022222222,0.355555555,0.0,0.148148148,0.093023255,0.113636363,0.093023255,0.096644023602659,,-52.78973090047937,-0.0013268677867017,-8.985893177384922,4.873263835906982,-0.2577465380757185,Kevin Millwood,106,119154,43,4,4,0,0,1,0,16,0,0,1,1,0,0.0625,0.206659618,2.64285714,,,,-0.0013268677867017,-3.191659354713691,-8.775471017804874,-0.4785919189453125,-0.7692019939422607,0.2906099855899811,-7.171999931335449,-0.7045304179191589,0.8068610429763794,,0,-0.7464613318443298,0.153308492069262,21.0,121.0,10.0,12.0,0.0,0.0,0.0,1.0,0.0,0.0,0.0,0.0,0.0,0.0,1.0,0.0,P,2001,-0.35,4,0,,,,,,,,,,,,,,,,,,
Angel Santos,BOS,9,19,0,2,1,0,0.105263157,0.368421052,0.0625,0.2,0.125,0.210526315,0.1875,0.1861388651948226,,2.1563300416384403,-0.000796120672021,-2.344748181871814,-0.9331275969743728,-0.2580978007188607,Angel Santos,214,407488,16,2,1,1,0,2,0,7,0,1,0,2,0,0.285714285,0.398026315,2.64285714,,,,-0.000796120672021,0.0907687157753618,-2.26684065308536,-0.4409140050411224,-0.4922319948673248,0.0513179786503315,-2.6609997749328613,-0.2721628844738006,0.8580600023269653,0.0099999997764825,1,-0.2356440275907516,-0.2782058242207902,4.0,39.0,7.0,12.0,2.0,0.0,0.0,0.0,0.0,0.0,0.0,0.0,0.0,0.0,0.9047619,-1.0,2B,2001,-0.36,3,1,,,,,,,,,,,,,,,,,,
Glen Barker,HOU,70,30,0,12,1,4,0.1,0.2,0.0,0.105263157,0.083333333,0.233333333,0.083333333,0.1784241060415903,,-4.702590508462853,-1.7955794695881195,-5.900163207713513,2.2057612389326096,-0.2603148129609766,Glen Barker,1000545,150058,24,2,2,0,0,3,0,6,2,1,0,0,6,0.5,0.316666666,5.004830917874396,,,,-1.7955794695881195,-0.0524568089614602,-3.774997917688915,-0.4187959134578705,-0.8260760307312012,0.4072799980640411,-5.598999977111816,-0.5362338423728943,1.0031511783599854,0.7195200324058533,5,-0.2938370704650879,-0.1236432879217152,5.0,120.0,36.0,0.0,0.0,0.0,0.0,0.0,0.0,0.0,0.0,0.0,0.0,0.0,1.0,2.0,CF,2001,-0.4,2,0,,,,,,,,,,,,,,,,,,
John McDonald,CLE,17,25,0,1,0,0,0.04,0.28,0.045454546,0.133333333,0.09090909,0.166666666,0.136363636,0.1485913743575414,,-21.526343355413943,-0.000796120672021,-3.831449263578161,0.2709191739559173,-0.2630621886865854,John McDonald,395,150348,22,2,1,1,0,1,0,7,1,0,1,0,0,0.142857142,0.303030302,1.60119047125,,,,-0.000796120672021,-0.6745965152749528,-3.7767141058811657,-0.4355819821357727,-0.5966160893440247,0.1610340029001236,-4.827000141143799,-0.4410485029220581,1.083583950996399,1.579300045967102,2,-0.3269705176353454,-0.0750121637574876,3.0,60.2,10.0,17.0,1.0,0.0,0.0,3.0,0.0,0.0,0.0,0.0,0.0,0.0,2.95454545,0.0,SS,2001,-0.26,3,1,,,,,,,,,,,,,,,,,,
Jeff Frye,TOR,74,194,2,24,15,2,0.06185567,0.092783505,0.08,0.264516129,0.245714285,0.305263157,0.325714285,0.2830777927448875,,66.45242577489948,-0.0452902761171571,-8.251171804761857,-1.1792424321174622,-0.2678228205691573,Jeff Frye,1004378,114464,175,43,34,6,1,12,0,18,3,0,4,2,1,0.666666666,0.630977442,4.702806138727655,,,,-0.0452902761171571,16.83478953680502,-7.237642966299194,-1.4213740825653076,-3.9020180702209473,2.4806439876556396,-6.584000110626221,-0.6816726922988892,1.0433251857757568,2.333549976348877,4,-0.7342857122421265,-0.6280643028286352,47.0,476.20000000000005,90.0,147.0,1.0,0.0,0.0,32.0,0.0,0.0,0.0,0.0,0.0,0.0,2.99516908,-2.0,2B,2001,0.03,57,9,,,,,,,,,,,,,,,,,,
Robert Perez,- - -,8,21,0,1,0,0,0.047619047,0.333333333,0.05,0.307692307,0.2,0.238095238,0.25,0.2193805603753952,,32.70312255359597,-0.4333484719973057,-2.3723940344355103,-1.1263146437704563,-0.2738436406448613,Robert Perez,1010186,120415,20,4,3,1,0,1,0,7,0,0,0,0,1,0.142857142,0.488095238,2.4107142857142856,,,,-0.4333484719973057,0.6908206129153225,-1.914958163193896,-0.205712005496025,-0.4971080124378204,0.2913959920406341,-2.309000015258789,-0.2284298986196518,1.1606645394455304,0.7504000067710876,1,-0.2129610031843185,0.0357246023942183,4.0,37.1,10.0,0.0,0.0,0.0,0.0,0.0,0.0,0.0,0.0,0.0,0.0,0.0,2.0,-1.0,CF,2001,-0.27,5,1,,,,,,,,,,,,,,,,,,
Ron Villone,- - -,53,26,0,2,0,0,0.0,0.346153846,0.045454545,0.076923076,0.045454545,0.045454545,0.09090909,0.0564440813931551,,-75.9817284210154,0.0,-6.490437813278036,2.815663695335388,-0.2757966827550254,Ron Villone,1010,123725,22,1,0,1,0,0,0,9,0,0,4,0,0,0.0,0.136363635,2.64285714,,,,0.0,-2.757577933545904,-5.983780227776365,-0.5507599711418152,-0.6355919539928436,0.0848319977521896,-6.425000190734863,-0.5861669778823853,1.0016308381007268,,0,-0.578411191701889,0.0285479584710156,12.0,114.2,4.0,13.0,0.0,0.0,0.0,1.0,0.0,0.0,0.0,0.0,0.0,0.0,1.0,0.0,P,2001,-0.3,2,1,,,,,,,,,,,,,,,,,,
Scott Sheldon,TEX,61,127,3,11,11,1,0.023622047,0.275590551,0.116666666,0.25,0.2,0.216,0.316666666,0.2276882643699646,,26.76950556633726,-0.2373290723771788,-11.963550143799132,4.61271071434021,-0.2781621247971318,Scott Sheldon,1011856,122115,120,24,16,5,0,3,0,35,0,2,2,2,1,0.085714285,0.532666666,2.9650711667910716,,,,-0.2373290723771788,5.070303386211541,-10.688453974068018,-1.1760258674621582,-2.413658142089844,1.2376320362091064,-16.739999771118164,-1.4687492847442627,0.8612982034683228,0.5892000198364258,7,-1.027555227279663,-0.3378555708927617,31.0,313.1,51.0,77.0,6.0,0.0,0.0,4.0,0.0,0.0,0.0,0.0,0.0,0.0,3.91145631,4.0,3B,2001,-0.39,38,8,,,,,,,,,,,,,,,,,,
Jason Marquis,ATL,40,35,0,3,0,0,0.057142857,0.285714285,0.0,0.047619047,0.032258064,0.09090909,0.032258064,0.0695414741834004,,-70.33399522251112,-0.000796120672021,-7.791197173334544,3.790316343307495,-0.2788441620803498,Jason Marquis,105,150302,31,1,1,0,0,2,0,10,0,0,2,0,0,0.2,0.123167154,2.64285714,,,,-0.000796120672021,-3.2848067544190007,-7.627771381267698,-0.5746979713439941,-0.7649099826812744,0.190211996436119,-5.573999881744385,-0.5783944129943848,1.0459771156311035,,0,-0.4678019881248474,-0.0816344792277321,16.0,129.1,9.0,21.0,3.0,0.0,0.0,2.0,0.0,0.0,0.0,0.0,0.0,0.0,0.90909091,0.0,P,2001,-0.12,1,0,,,,,,,,,,,,,,,,,,
Matt Clement,FLA,32,61,0,2,0,0,0.049180327,0.295081967,0.0,0.125,0.08,0.132075471,0.08,0.1067941627412472,,-43.79620406919667,-0.0018576149013824,-11.464050045091415,6.605979919433594,-0.2793532908924844,Matt Clement,271,136725,50,4,4,0,0,3,0,18,0,0,8,0,0,0.166666666,0.212075471,1.30357142125,,,,-0.0018576149013824,-3.802729710034318,-11.371896631113476,-0.913680136203766,-1.0292038917541504,0.1155240014195442,-10.133000373840332,-1.0253671407699585,0.8082996606826782,0.0194000005722045,1,-0.9557980298995972,-0.1745749996178034,31.0,169.1,14.0,20.0,1.0,0.0,0.0,1.0,0.0,0.0,0.0,0.0,0.0,0.0,0.97142857,0.0,P,2001,-0.24,4,0,,,,,,,,,,,,,,,,,,
Mark Gardner,SFG,23,26,0,1,1,0,0.038461538,0.307692307,0.0,0.0,0.0,0.045454545,0.0,0.0319943996992978,,-92.11817507495878,-0.0002653735573403,-6.5275453156993954,2.815663576126098,-0.2794222227247352,Mark Gardner,1004529,114610,21,0,0,0,0,1,0,8,0,0,4,0,0,0.125,0.045454545,2.64285714,,,,-0.0002653735573403,-3.2659232009520975,-6.492125495182559,-0.4762181937694549,-0.4970979690551758,0.0208800006657838,-5.559999942779541,-0.5668200254440308,0.9236457347869872,,0,-0.5081790089607239,-0.0074063240666421,15.0,91.2,2.0,10.0,0.0,0.0,0.0,0.0,0.0,0.0,0.0,0.0,0.0,0.0,1.0,0.0,P,2001,-0.3,0,0,,,,,,,,,,,,,,,,,,
Tony McKnight,- - -,15,30,0,0,0,0,0.066666666,0.333333333,0.0,0.0,0.0,0.076923076,0.0,0.0541443687218886,,-76.26465306624199,-0.0005307471146807,-7.095301771248209,3.248842656612396,-0.2797645544149227,Tony McKnight,1008602,150062,24,0,0,0,0,2,0,10,0,0,4,0,0,0.2,0.076923076,0.14285714,,,,-0.0005307471146807,-3.1387825350421323,-6.8613236437695875,-0.5016958713531494,-0.6115100085735321,0.1098140031099319,-5.644999980926514,-0.5438134968280792,1.0005800108114875,,0,-0.5313228666782379,0.0299178156756045,15.0,87.1,4.0,13.0,1.0,0.0,0.0,2.0,0.0,0.0,0.0,0.0,0.0,0.0,0.94444444,0.0,P,2001,-0.22999999999999998,0,0,,,,,,,,,,,,,,,,,,
Wilson Delgado,KCR,14,28,0,1,1,0,0.107142857,0.357142857,0.0,0.2,0.12,0.214285714,0.12,0.1704634130001068,,-13.86994224705244,-0.0015922413440421,-4.021624350601062,0.1783264279365539,-0.2805119257909437,Wilson Delgado,1150,113234,25,3,3,0,0,3,0,10,0,0,0,1,0,0.3,0.334285714,0.5595238025,,,,-0.0015922413440421,-0.2375087454283608,-3.711880446907319,-0.5158219933509827,-0.6330519914627075,0.1172299981117248,-6.232999801635742,-0.5739290118217468,1.006535291671753,1.203279972076416,5,-0.3423587381839752,-0.1701140957235718,6.0,56.0,4.0,21.0,0.0,0.0,0.0,2.0,0.0,0.0,0.0,0.0,0.0,0.0,3.0,0.0,SS,2001,-0.21,3,0,,,,,,,,,,,,,,,,,,
Benny Agbayani,NYM,91,339,6,28,27,4,0.10619469,0.215339233,0.121621621,0.348623853,0.277027027,0.363905325,0.398648648,0.3391530936991674,,106.6195615297988,-1.3882376062101685,1.5441363932073653,-15.24931526184082,-0.2812650633688414,Benny Agbayani,416,133742,296,82,60,14,2,36,0,73,5,1,1,11,5,0.493150684,0.762553973,3.144193828224971,,,,-1.3882376062101685,45.49751979744504,3.432805268824806,-0.9061338901519777,-6.741983890533447,5.835850238800049,-2.1200997829437256,-0.2549372017383575,1.043766736984253,1.5380500555038452,8,-0.1965056806802749,-0.6716326284308806,82.0,631.2,123.0,1.0,6.0,0.0,0.0,0.0,0.0,0.0,0.0,0.0,0.0,0.0,0.95384615,-12.0,LF,2001,-0.87,118,22,,,,,,,,,,,,,,,,,,
Dave Magadan,SDP,91,142,1,12,12,0,0.084507042,0.14084507,0.078125,0.287037037,0.25,0.316901408,0.328125,0.2897559186102639,,77.11592497953438,-0.009818821621593,-4.256133214403264,-3.210905432701111,-0.2818199634080047,Dave Magadan,1007961,118132,128,32,24,7,0,12,0,20,1,1,0,1,0,0.6,0.645026408,1.11669434625,,,,-0.009818821621593,13.124526916646545,-4.495500997996744,-1.2178161144256592,-2.6953001022338867,1.477484107017517,-7.373000144958496,-0.7737583518028259,1.026230812072754,1.159741997718811,62,-0.6014963984489441,-0.5851919177651699,15.0,169.0,39.0,25.0,3.0,0.0,0.0,4.0,0.0,0.0,0.0,0.0,0.0,0.0,1.91296296,-3.0,3B,2001,-0.45,42,8,,,,,,,,,,,,,,,,,,
Izzy Alcantara,BOS,14,41,0,3,3,1,0.073170731,0.31707317,0.02631579,0.4,0.263157894,0.31707317,0.289473684,0.2765228224963676,,62.794267021796905,0.196815520292148,-1.726524692310397,-2.567558228969574,-0.2850453012716744,Izzy Alcantara,1558,150161,38,10,9,1,0,3,0,13,0,0,0,3,0,0.23076923,0.606546854,3.923825825006439,,,,0.196815520292148,3.330530937712263,-1.7569419108819258,0.1753000020980835,-0.5811660289764404,0.7564659714698792,-0.4410001635551452,-0.0396418832242488,0.8608574271202087,0.9578999876976012,2,-0.2284569144248962,0.4320911011966912,9.0,76.0,25.0,3.0,2.0,0.0,0.0,1.0,0.0,0.0,0.0,0.0,0.0,0.0,2.78333333,-2.0,LF,2001,-0.32,11,1,,,,,,,,,,,,,,,,,,
Brandon Larson,CIN,14,35,0,2,1,0,0.057142857,0.285714285,0.06060606,0.173913043,0.121212121,0.171428571,0.181818181,0.1618720940181187,,-14.15827636663382,-0.0010614942293614,-5.222208072838054,1.1331733018159866,-0.2851604775139507,Brandon Larson,336,276053,33,4,2,2,0,2,0,10,0,0,0,1,0,0.2,0.353246752,1.60119047125,,,,-0.0010614942293614,-0.5512427265631568,-4.894207353411854,-0.3313439786434173,-0.654125988483429,0.322782039642334,-2.305000066757202,-0.2235865294933319,0.8603389263153076,0.3923333287239074,3,-0.4170269072055816,0.0318949917376741,8.0,77.2,10.0,21.0,2.0,0.0,0.0,2.0,0.0,0.0,0.0,0.0,0.0,0.0,0.93939394,1.0,3B,2001,-0.28,6,2,,,,,,,,,,,,,,,,,,
Darryl Hamilton,NYM,52,151,1,15,5,3,0.125827814,0.132450331,0.095238095,0.242990654,0.214285714,0.322147651,0.309523809,0.2803599156745492,,68.5610364943932,0.1581595831084996,-6.045323544996262,-1.8339064717292783,-0.2886849598293676,Darryl Hamilton,1005272,115378,126,27,18,7,1,19,3,20,2,2,2,2,1,0.95,0.63167146,5.002328652328515,,,,0.1581595831084996,12.756213082816048,-5.980577164445475,-0.2355340868234634,-2.476412057876587,2.240878105163574,-4.797399997711182,-0.4495432078838348,1.0138561725616455,1.260912537574768,16,-0.3222118318080902,0.0898967429445934,32.0,283.4,66.0,2.0,0.0,0.0,0.0,0.0,0.0,0.0,0.0,0.0,0.0,0.0,3.0,-1.0,LF,2001,-0.43,39,9,,,,,,,,,,,,,,,,,,
Edwards Guzman,SFG,61,121,3,8,7,0,0.041322314,0.132231404,0.130434783,0.257731958,0.24347826,0.272727272,0.373913043,0.2719676304264229,,63.22343965509064,-0.0058382182614877,-5.820800696631061,-1.052352011203766,-0.2887319239932776,Edwards Guzman,1115,150270,115,28,19,6,0,5,2,16,0,1,0,2,0,0.3125,0.646640315,0.5595238025,,,,-0.0058382182614877,9.362890047937537,-5.651359090596536,-1.17890202999115,-2.6333701610565186,1.454468011856079,-9.756999969482422,-0.9464983344078064,1.1047359704971311,1.472478270530701,23,-0.7412603497505188,-0.3258742973277726,19.0,213.29999999999998,127.0,19.0,3.0,0.0,0.0,4.0,0.0,0.0,0.0,0.0,0.0,5.0,3.7126636900000003,-2.0,C,2001,-0.37,43,9,,,,,,,,,,,,,,,,,,
A.J. Burnett,FLA,27,59,0,0,0,0,0.016949152,0.457627118,0.02,0.173913043,0.08,0.115384615,0.1,0.1027004443682157,,-46.4461864042676,-0.0013268677867017,-11.292017736743514,6.389390468597412,-0.2901098404158769,A.J. Burnett,512,150359,50,4,3,1,0,1,0,27,1,0,7,0,0,0.037037037,0.215384615,0.14285714,,,,-0.0013268677867017,-3.882358074052104,-11.203355587882765,-1.10509991645813,-1.1518460512161257,0.0467460006475448,-11.890999794006348,-1.23311185836792,0.7861425280570984,,0,-1.1056355237960815,-0.3000891088469515,27.0,173.1,11.0,27.0,2.0,0.0,0.0,0.0,0.0,0.0,0.0,0.0,0.0,0.0,0.95,0.0,P,2001,-0.34,5,1,,,,,,,,,,,,,,,,,,
John Barnes,MIN,9,23,0,1,0,0,0.04347826,0.130434782,0.0,0.055555555,0.047619047,0.130434782,0.047619047,0.1010618779970251,,-55.5732309484511,-0.000796120672021,-4.512339083784981,0.7016461491584778,-0.2919924114328214,John Barnes,1000567,348561,21,1,1,0,0,1,0,3,1,0,0,0,0,0.333333333,0.178053829,2.64285714,,,,-0.000796120672021,-1.5453408158079482,-4.399288999165663,-0.1536499708890915,-0.2855440080165863,0.1318940073251724,-3.7829999923706055,-0.3493247032165527,0.6411582827568054,,0,-0.4200237989425659,0.1803794318317823,6.0,58.0,16.0,1.0,2.0,0.0,0.0,0.0,0.0,0.0,0.0,0.0,0.0,0.0,1.78888889,1.0,RF,2001,-0.31,1,0,,,,,,,,,,,,,,,,,,
Denny Hocking,MIN,112,363,3,34,25,6,0.079889807,0.184573002,0.088685016,0.30620155,0.250764525,0.314763231,0.339449541,0.2911351374740707,,71.94553094122523,0.7435640463954769,-12.096614689913354,-3.5724756121635437,-0.3086156684829211,Denny Hocking,730,116000,327,82,61,16,2,29,1,67,2,1,4,7,1,0.43283582,0.654212772,4.6429759448852135,,,,0.7435640463954769,33.9742290668094,-11.068518348792807,-0.2282137125730514,-7.321035861968994,7.092822074890137,-10.685199737548828,-1.0243299007415771,1.1111335754394531,1.3528159856796265,25,-1.0281554460525513,0.8227672572537447,68.0,641.4000000000001,163.0,150.0,5.0,0.0,0.0,36.0,0.0,0.0,0.0,0.0,0.0,0.0,6.86240689,-4.0,SS,2001,0.17,111,21,,,,,,,,,,,,,,,,,,
Brian Simmons,TOR,60,117,2,8,8,1,0.068376068,0.222222222,0.102803738,0.2125,0.177570093,0.239316239,0.280373831,0.2323346199133457,,32.40920164313511,0.1944271582760848,-9.776506533953643,2.435871124267578,-0.3133872308654872,Brian Simmons,1011979,137000,107,19,12,5,0,8,0,26,1,1,0,0,0,0.307692307,0.51969007,3.024547080457113,,,,0.1944271582760848,5.130914321469327,-9.386996002567749,-0.4758618474006653,-2.724475860595703,2.2486140727996826,-5.473400115966797,-0.5229128003120422,1.322877287864685,2.0355770587921143,26,-0.7892724275588989,0.4295551266679183,15.0,206.0,59.0,1.0,0.0,0.0,0.0,0.0,0.0,0.0,0.0,0.0,0.0,0.0,3.0,3.0,CF,2001,-0.34,30,7,,,,,,,,,,,,,,,,,,
Angel Echevarria,MIL,75,145,5,12,13,0,0.055172413,0.2,0.195488722,0.29,0.255639097,0.310344827,0.451127819,0.3266898969124103,,94.44472382725463,-0.4399828109308146,-1.4925845783635052,-6.352880477905273,-0.3137819971763621,Angel Echevarria,1498,113724,133,34,18,11,0,8,0,29,3,1,0,2,1,0.275862068,0.761472646,1.2578471953981687,,,,-0.4399828109308146,17.931923995065688,-0.0603580304503449,-0.7448239922523499,-2.509728193283081,1.764903903007507,-4.801999568939209,-0.5448555946350098,0.9243850708007812,1.1729365587234497,41,-0.3062307834625244,-0.4995199970072637,21.0,210.0,74.0,2.0,2.0,0.0,0.0,5.0,0.0,0.0,0.0,0.0,0.0,0.0,2.9047619,-5.0,LF,2001,-0.46,60,16,,,,,,,,,,,,,,,,,,
Olmedo Saenz,OAK,106,341,9,33,32,0,0.055718475,0.187683284,0.163934426,0.24680851,0.219672131,0.29117647,0.383606557,0.2938607516190295,,78.16583918706269,-0.450067006109748,-9.83763885304659,-5.317101001739502,-0.319218150367718,Olmedo Saenz,937,121616,305,67,36,21,1,19,1,64,13,3,1,9,1,0.296875,0.674783027,2.55462327167303,,,,-0.450067006109748,32.70138699760567,-9.61149693826308,-1.308616280555725,-6.6389384269714355,5.330321788787842,-14.994000434875488,-1.4125474691390991,1.0354619026184082,1.5260800123214722,15,-1.2538836002349854,-0.0099159439554692,25.0,262.2,200.0,35.0,5.0,0.0,0.0,16.0,0.0,0.0,0.0,0.0,0.0,0.0,1.9090582299999999,2.0,1B,2001,0.02,117,31,,,,,,,,,,,,,,,,,,
Allen Levrault,MIL,32,41,0,1,1,0,0.024390243,0.341463414,0.0,0.1,0.06060606,0.085714285,0.06060606,0.0708030547414507,,-71.19823197480305,-0.000796120672021,-9.172997272344167,4.440084934234619,-0.3311566143508719,Allen Levrault,925,276368,33,2,2,0,0,1,0,14,0,1,6,0,0,0.071428571,0.146320345,1.60119047125,,,,-0.000796120672021,-3.804162832620882,-8.891635681215071,-0.5880879759788513,-0.7126798629760742,0.1245920062065124,-7.967000007629395,-0.7878693342208862,0.8566197156906128,,0,-0.8070738315582275,0.1205521869977463,20.0,130.2,8.0,11.0,2.0,0.0,0.0,1.0,0.0,0.0,0.0,0.0,0.0,0.0,0.9047619,0.0,P,2001,-0.36,2,0,,,,,,,,,,,,,,,,,,
Billy McMillon,- - -,40,102,1,7,14,1,0.06862745,0.245098039,0.141304348,0.283582089,0.217391304,0.284313725,0.358695652,0.2817892730236053,,70.5206722538414,0.1949579053907655,-3.59627214040598,-3.308300733566284,-0.3331537364004727,Billy McMillon,834,118831,92,20,10,8,1,7,0,25,2,1,0,1,0,0.28,0.643009377,4.880994929787237,,,,0.1949579053907655,8.740106209574826,-3.9165335600985225,-0.2065662145614624,-2.0372719168663025,1.830706000328064,-1.359799861907959,-0.1322526037693023,1.171480181103661,1.51420001188914,15,-0.1715434491634369,-0.0047857947225797,16.0,169.4,29.0,1.0,1.0,0.0,0.0,0.0,0.0,0.0,0.0,0.0,0.0,0.0,1.95238095,-2.0,LF,2001,-0.35,33,10,,,,,,,,,,,,,,,,,,
Luis Lopez,TOR,41,128,3,10,10,0,0.0625,0.125,0.109243698,0.26,0.243697478,0.291338582,0.352941176,0.2806147682288336,,64.80000061180579,-0.0076958331628702,-5.688567987842471,-2.1337449848651886,-0.3346138714782541,Luis Lopez,1901,285132,119,29,22,4,0,8,1,16,0,0,1,10,0,0.5,0.644279758,0.80462184,,,,-0.0076958331628702,10.840807723555262,-5.042034340348546,-0.9670698642730712,-2.571157932281494,1.6040880680084229,-9.210999488830566,-0.9199815392494202,0.9502387642860411,1.2203142642974854,7,-0.5716404914855957,-0.4460720041729833,28.0,246.0,27.0,57.0,5.0,0.0,0.0,4.0,0.0,0.0,0.0,0.0,0.0,0.0,1.93589744,-2.0,3B,2001,-0.57,42,7,,,,,,,,,,,,,,,,,,
Alex Sanchez,MIL,30,73,0,7,4,6,0.06849315,0.178082191,0.102941177,0.254545454,0.205882352,0.260273972,0.308823529,0.2513787272858293,,45.693624958628334,0.3317108325427398,-4.848698930510044,-0.9828532598912716,-0.3383434018254325,Alex Sanchez,708,400128,68,14,9,3,2,5,0,13,0,0,0,0,2,0.384615384,0.569097501,8.272999679701003,,,,0.3317108325427398,4.377317000136055,-4.6808663644340855,0.1669880449771881,-1.1021720170974731,1.2691601514816284,0.2860000431537628,0.032825905829668,0.8504224419593811,0.7837866544723511,15,-0.2827900946140289,0.4791490295833909,12.0,126.0,24.0,2.0,1.0,0.0,0.0,0.0,0.0,0.0,0.0,0.0,0.0,0.0,1.95652174,-1.0,CF,2001,-0.08,21,5,,,,,,,,,,,,,,,,,,
Julio Ramirez,CHW,22,39,0,2,1,2,0.051282051,0.384615384,0.0,0.136363636,0.081081081,0.128205128,0.081081081,0.1043358659132933,,-52.175150477771595,0.3986731381737627,-7.084240571508897,2.1954731792211533,-0.3407465834872589,Julio Ramirez,31,150369,37,3,3,0,0,2,0,15,0,0,0,0,0,0.133333333,0.209286209,6.604238189035022,,,,0.3986731381737627,-2.512352212769227,-7.351655654114919,-0.7682940363883972,-1.0227179527282717,0.2544240057468414,-7.029999732971191,-0.661313533782959,0.9869142174720764,,0,-0.6706728935241699,-0.1078081768532919,12.0,118.0,43.0,2.0,1.0,0.0,0.0,1.0,0.0,0.0,0.0,0.0,0.0,0.0,0.97826087,2.0,CF,2001,-0.49,3,0,,,,,,,,,,,,,,,,,,
Ramón Vázquez,SEA,17,37,0,5,4,0,0.0,0.081081081,0.0,0.242424242,0.228571428,0.222222222,0.228571428,0.1971366802851359,,14.96292797430952,-0.0021229884587228,-3.969216270232086,-0.7908093929290771,-0.3418430389530776,Ramon Vazquez,1058,407496,35,8,8,0,0,0,0,3,0,1,1,0,0,0.0,0.45079365,2.64285714,,,,-0.0021229884587228,0.5209702175581115,-4.070163816539083,-0.2065020203590393,-0.340119868516922,0.1336179971694946,-3.69100022315979,-0.3709305226802826,0.467836856842041,0.2160000056028366,2,-0.3336363732814789,-0.1077611295851283,8.0,85.0,14.0,17.0,1.0,0.0,0.0,3.0,0.0,0.0,0.0,0.0,0.0,0.0,2.5,-1.0,SS,2001,-0.18,8,0,,,,,,,,,,,,,,,,,,
Larry Sutton,STL,33,44,1,3,3,0,0.022727272,0.227272727,0.095238095,0.129032258,0.119047619,0.139534883,0.214285714,0.1532378917516664,,-15.93442892138831,-0.0010614942293614,-6.666911578250401,1.6564926505088806,-0.3440719514619857,Larry Sutton,939,123009,42,5,3,1,0,1,0,10,0,0,1,1,0,0.1,0.353820597,2.01785714,,,,-0.0010614942293614,-1.0143497695469337,-6.474076729013868,-0.4988861382007599,-0.9326300024986268,0.4337440133094787,-6.769000053405762,-0.6272655725479126,0.9122772812843324,1.071128010749817,25,-0.4961556792259216,-0.0507023303239956,3.0,45.2,39.0,5.0,0.0,0.0,0.0,3.0,0.0,0.0,0.0,0.0,0.0,0.0,2.0,2.0,1B,2001,-0.42,9,2,,,,,,,,,,,,,,,,,,
Chris Truby,HOU,48,152,8,11,23,1,0.085526315,0.25,0.235294118,0.217391304,0.205882352,0.276315789,0.44117647,0.2991870021820068,,73.47072586139961,-0.6712082914891653,-5.940586777759689,-2.5044583678245544,-0.345358670648596,Chris Truby,799,150067,136,28,13,6,1,13,2,38,1,2,0,1,2,0.342105263,0.717492259,2.7131539631330006,,,,-0.6712082914891653,15.261397954826736,-3.5994769960590376,0.2235321551561355,-2.4905619621276855,2.7140939235687256,-6.10099983215332,-0.5870555639266968,0.8901773691177368,0.1940333396196365,12,-0.4316541850566864,0.6827638660157523,33.0,301.0,18.0,55.0,6.0,0.0,0.0,4.0,0.0,0.0,0.0,0.0,0.0,0.0,1.92307692,-3.0,3B,2001,-0.37,60,15,,,,,,,,,,,,,,,,,,
Mike DiFelice,- - -,60,187,2,14,10,1,0.042780748,0.262032085,0.076470588,0.247933884,0.188235294,0.239130434,0.264705882,0.2260314368683358,,30.064073512753,-0.2418404228519648,-16.913449465458374,6.823728442192078,-0.3488961501193589,Mike DiFelice,1151,113358,170,32,24,5,1,8,0,49,4,2,3,3,1,0.163265306,0.503836316,3.805212134471144,,,,-0.2418404228519648,7.1097599655174655,-16.094079612217005,-1.4894241392612455,-3.0223741233348846,1.5329497940838337,-16.954999923706055,-1.635463446378708,0.8441502332056641,,0,-1.6976443231105804,-0.0667621541643843,53.0,446.0,346.0,32.0,7.0,0.0,0.0,5.0,0.0,0.0,0.0,0.0,3.0,19.0,0.98181818,3.0,C,2001,-0.39,45,8,,,,,,,,,,,,,,,,,,
John Burkett,ATL,34,75,0,2,1,0,0.04,0.386666666,0.0,0.166666666,0.092307692,0.132352941,0.092307692,0.1093282462919459,,-44.57886659624414,-0.0023883620160631,-14.171953360973236,8.122106552124023,-0.3509717348112177,John Burkett,179,111734,65,6,6,0,0,3,0,29,0,0,7,5,0,0.103448275,0.224660633,0.9067460275,,,,-0.0023883620160631,-4.514720074149624,-13.821072845968262,-1.2541799545288086,-1.7064119577407837,0.4522320032119751,-13.609000205993652,-1.4070569276809692,1.0141066312789917,,0,-1.2628997564315796,0.0261659497045332,34.0,219.1,15.0,26.0,0.0,0.0,0.0,1.0,0.0,0.0,0.0,0.0,0.0,0.0,1.0,0.0,P,2001,-0.4,6,0,,,,,,,,,,,,,,,,,,
Joe Crede,CHW,17,55,0,1,7,1,0.054545454,0.2,0.06,0.275,0.22,0.272727272,0.28,0.2478513847697865,,44.10836318893987,0.1965501467348076,-3.679344003143926,-1.8045268207788467,-0.353795966765891,Joe Crede,227,150317,50,11,9,1,1,3,0,11,1,1,0,1,0,0.272727272,0.552727272,5.414231357402711,,,,0.1965501467348076,3.1338720637171336,-3.690786635616534,-0.4394339025020599,-0.9222139716148376,0.4827800393104553,-3.0260000228881836,-0.293551504611969,0.7982631921768188,1.1899999380111694,4,-0.4853940308094024,-0.0650934610461951,13.0,114.0,17.0,18.0,0.0,0.0,0.0,3.0,0.0,0.0,0.0,0.0,0.0,0.0,1.0,-2.0,3B,2001,-0.41,14,2,,,,,,,,,,,,,,,,,,
Kevin Jordan,PHI,68,127,1,9,13,0,0.11023622,0.16535433,0.07079646,0.285714285,0.238938053,0.322834645,0.309734513,0.2821361947059631,,67.74068351826732,-0.0087573273922316,-5.362399257118815,-2.3749431371688843,-0.3539566766740765,Kevin Jordan,1006610,116752,113,27,21,5,0,14,2,21,0,0,0,1,0,0.666666666,0.632569158,0.76785714,,,,-0.0087573273922316,10.919558351237791,-4.839199009041769,-0.518731951713562,-2.3014979362487793,1.7827658653259275,-3.306999921798706,-0.3333606719970703,1.0465251207351685,1.256953477859497,43,-0.6101169586181641,0.1144461510706486,21.0,186.4,69.0,37.0,5.0,0.0,0.0,8.0,0.0,0.0,0.0,0.0,0.0,0.0,2.90176423,-2.0,2B,2001,-0.35,35,6,,,,,,,,,,,,,,,,,,
Pokey Reese,CIN,133,474,9,50,40,25,0.071729957,0.17299578,0.119158878,0.255131964,0.224299065,0.283582089,0.343457943,0.2726376968045388,,57.54350279120643,3.244845554814674,-23.052562230037942,3.8934593200683594,-0.354358676603973,Pokey Reese,1004,121009,428,96,65,20,2,34,4,82,3,4,5,7,4,0.414634146,0.627040032,6.388951218957003,,,,3.244845554814674,36.94643295427835,-21.869716563615437,-2.121677875518799,-9.032797813415527,6.9111199378967285,-17.171098709106445,-1.6425895690917969,1.0200804471969604,0.7611199617385864,5,-2.134483575820923,0.0545712695426532,116.0,1027.3,217.0,366.0,15.0,0.0,0.0,62.0,0.0,0.0,0.0,0.0,0.0,0.0,1.95126706,0.0,SS,2001,-0.21,147,31,,,,,,,,,,,,,,,,,,
Brady Anderson,BAL,131,501,8,50,45,12,0.119760479,0.153692614,0.097674419,0.228323699,0.202325581,0.310621242,0.3,0.2777816777277474,,68.73570433292454,0.6368843093514442,-19.112281919042125,-2.017144203186035,-0.3578613421338383,Brady Anderson,364,110229,430,87,64,12,3,60,4,77,8,1,2,3,4,0.779220779,0.610621242,5.116365909579963,,,,0.6368843093514442,41.230956710358605,-20.935479805389896,-0.0294542424380779,-8.334162712097168,8.304707527160645,-4.853000164031982,-0.4235631823539734,0.9775195717811584,2.551133394241333,6,-1.4123759269714355,1.382244312947167,108.0,968.1,239.0,8.0,3.0,0.0,0.0,4.0,0.0,0.0,0.0,0.0,0.0,0.0,2.97794118,3.0,RF,2001,-0.3,129,23,,,,,,,,,,,,,,,,,,
Brandon Inge,DET,79,202,0,13,15,1,0.044554455,0.202970297,0.058201059,0.226666666,0.179894179,0.215,0.238095238,0.2019900262355804,,17.780629303218735,-1.5376398619264364,-22.478181370346153,11.609627723693848,-0.3605239365107139,Brandon Inge,470,276346,189,34,23,11,0,9,0,41,0,2,2,2,4,0.219512195,0.453095238,2.6762659795394548,,,,-1.5376398619264364,3.6735089246199473,-21.39160120747825,-1.858210206031799,-3.965641975402832,2.107432126998902,-25.242000579833984,-2.3965277671813965,0.9290634393692015,,0,-2.26851749420166,0.268427804639177,60.0,537.2,330.0,40.0,4.0,0.0,0.0,3.0,0.0,0.0,0.0,0.0,10.0,12.0,0.98930481,7.0,C,2001,-0.29,45,11,,,,,,,,,,,,,,,,,,
Alex Escobar,NYM,18,53,3,3,8,1,0.056603773,0.358490566,0.2,0.25,0.2,0.245283018,0.4,0.2759019485059774,,65.67526537616816,0.197611640964169,-2.179630916269501,-3.182327315211296,-0.3610873926661969,Alex Escobar,383,276510,50,10,6,1,0,3,0,19,0,0,0,1,0,0.157894736,0.645283018,3.098818107977429,,,,0.197611640964169,4.277485251897476,-2.299004040187695,-0.3601680397987366,-0.9958961606025696,0.6357280015945435,-1.403999924659729,-0.1330919563770294,0.9337236285209656,0.6317999958992004,2,-0.3069641888141632,-0.078768836245135,13.0,117.2,26.0,3.0,2.0,0.0,0.0,1.0,0.0,0.0,0.0,0.0,0.0,0.0,1.86752136,-3.0,CF,2001,-0.42,20,4,,,,,,,,,,,,,,,,,,
Curt Schilling,ARI,35,98,0,4,1,0,0.010204081,0.285714285,0.012048193,0.2,0.13253012,0.142857142,0.144578313,0.1287713952007748,,-36.952044684074785,-0.0029191091307438,-17.541119775983173,10.612885475158691,-0.3631567483122802,Curt Schilling,73,121811,83,11,10,1,0,1,0,28,0,0,14,0,0,0.035714285,0.287435455,1.60119047125,,,,-0.0029191091307438,-4.287445431299642,-16.447746386475995,-1.1987721920013428,-1.8054640293121336,0.6066920161247253,-16.75200080871582,-1.6437922716140747,0.886077344417572,0.8687999844551086,1,-1.462336778640747,0.1094388634036653,35.0,256.2,15.0,21.0,1.0,0.0,0.0,4.0,0.0,0.0,0.0,0.0,0.0,0.0,0.97297297,0.0,P,2001,-0.26,12,1,,,,,,,,,,,,,,,,,,
Alex Cora,LAD,134,449,4,38,29,0,0.069042316,0.129175946,0.088888889,0.24347826,0.21728395,0.284753363,0.306172839,0.2598097801208496,,57.25057724777564,-0.8900498170405626,-25.972331124923276,7.480125904083252,-0.3646468526738223,Alex Cora,1386,133321,405,88,63,18,3,31,6,58,8,2,3,16,2,0.534482758,0.590926202,2.993772470340204,,,,-0.8900498170405626,30.125661982589317,-25.58836994469826,-2.012984275817871,-8.269060134887695,6.256075859069824,-22.810699462890625,-2.419344663619995,1.0064940452575684,0.4079999923706054,2,-2.726310014724731,0.7263138048090181,120.0,1070.2,179.0,328.0,20.0,0.0,0.0,63.0,0.0,0.0,0.0,0.0,0.0,0.0,1.96190476,2.0,SS,2001,-0.45,124,25,,,,,,,,,,,,,,,,,,
Roger Cedeno,DET,131,572,6,79,48,55,0.062937062,0.145104895,0.103250478,0.334851936,0.292543021,0.33745583,0.395793499,0.3199634346286807,,96.92812756564577,4.473501101776492,2.2580529238593745,-25.31653094291687,-0.3651777078512268,Roger Cedeno,869,112155,523,153,122,14,11,36,1,83,2,5,6,5,15,0.433734939,0.733249329,8.518501618849378,,,,4.473501101776492,67.48374413742292,-3.49270633564722,0.6110013127326965,-10.088547706604004,10.699549674987791,6.447100639343262,0.5871074795722961,1.0266201496124268,,0,0.0203178543597459,0.5748402603172004,120.0,1020.2,236.0,5.0,12.0,0.0,0.0,1.0,0.0,0.0,0.0,0.0,0.0,0.0,1.9026252700000001,-23.0,CF,2001,0.77,207,31,,,,,,,,,,,,,,,,,,
Tike Redman,PIT,37,130,1,8,4,3,0.03076923,0.192307692,0.072,0.27,0.224,0.246153846,0.296,0.2372485720194303,,36.57492705863333,-1.5683345923898742,-12.34277605992806,4.22233684360981,-0.3680020467193781,Tike Redman,1003,276523,125,28,22,4,1,4,0,25,0,1,0,2,5,0.16,0.542153846,4.017362445897112,,,,-1.5683345923898742,6.241384042486837,-9.889627428665468,-1.4533400535583496,-3.077322006225586,1.6239819526672363,-15.01039981842041,-1.4567182064056396,1.0615159273147583,1.3140000104904177,2,-1.1877766847610474,-0.1813408349682712,28.0,259.4,92.0,4.0,2.0,0.0,0.0,2.0,0.0,0.0,0.0,0.0,0.0,0.0,1.9775280899999998,4.0,CF,2001,-0.87,37,6,,,,,,,,,,,,,,,,,,
Shane Reynolds,HOU,28,63,1,4,4,0,0.015873015,0.412698412,0.057692308,0.12,0.076923076,0.094339622,0.134615384,0.1008954632957026,,-54.88912387922026,-0.0010614942293614,-12.752286555610016,6.822569370269775,-0.3776536620633982,Shane Reynolds,574,121110,52,4,3,0,0,1,0,26,0,0,10,0,0,0.038461538,0.228955006,2.64285714,,,,-0.0010614942293614,-4.241758510136394,-12.05909483846405,-0.7841041088104248,-1.1221799850463867,0.3380759954452514,-9.982999801635742,-0.9170830845832824,0.8592600226402283,,0,-1.0151910781860352,0.1026569346783151,28.0,182.2,9.0,30.0,0.0,0.0,0.0,2.0,0.0,0.0,0.0,0.0,0.0,0.0,1.0,0.0,P,2001,-0.31,7,1,,,,,,,,,,,,,,,,,,
Keith Lockhart,ATL,104,199,3,17,12,1,0.08040201,0.110552763,0.084269663,0.233766233,0.219101123,0.289340101,0.303370786,0.2654887647653112,,56.50835477103596,-0.6770465097506531,-11.98670137055133,1.547553539276123,-0.3805283432000678,Keith Lockhart,1380,117854,178,39,30,6,0,16,1,22,2,1,2,1,2,0.727272727,0.592710887,1.9697528727919464,,,,-0.6770465097506531,14.30786700635535,-10.3849890148701,-0.8647338151931763,-3.7393558025360103,2.874622106552124,-9.124499320983888,-0.9335142374038696,1.100373387336731,1.2506407499313354,54,-0.9796756505966188,0.193820753391117,34.0,319.1,66.0,85.0,0.0,0.0,0.0,20.0,0.0,0.0,0.0,0.0,0.0,0.0,2.0,1.0,2B,2001,-0.41,54,9,,,,,,,,,,,,,,,,,,
Troy O'Leary,BOS,104,376,13,50,50,1,0.066489361,0.194148936,0.196480938,0.265384615,0.240469208,0.29787234,0.436950146,0.3116414186788753,,86.35507676861828,-1.1167639471241273,-7.585528314849989,-9.293548583984377,-0.3850289820616898,Troy O'Leary,789,119975,341,82,47,16,6,25,2,73,5,5,0,9,3,0.342465753,0.734822486,5.176900164167873,,,,-1.1167639471241273,41.713078376624566,-4.942770186092866,-1.7786697149276731,-8.259406089782715,6.480735778808594,-12.047999382019045,-1.1771752834320068,1.1055365800857544,2.414353847503662,13,-0.5054740309715271,-1.1034005616626716,83.0,750.2,163.0,3.0,1.0,0.0,0.0,0.0,0.0,0.0,0.0,0.0,0.0,0.0,1.9894736800000001,-5.0,LF,2001,-0.62,149,35,,,,,,,,,,,,,,,,,,
Felipe Crespo,- - -,73,125,4,9,15,1,0.088,0.272,0.168224299,0.219178082,0.186915887,0.266129032,0.355140186,0.2660234541427798,,58.83622576708715,-0.2383905666065402,-6.962203761985506,-1.0842480659484863,-0.3859676338987238,Felipe Crespo,1002763,112822,107,20,11,4,1,11,1,34,2,4,1,2,1,0.323529411,0.621269218,3.708631222001537,,,,-0.2383905666065402,9.082622486500554,-6.427965466530509,0.1217460036277771,-2.6478798389434814,2.769626021385193,-5.269999980926514,-0.5235913768410683,1.2736282646656036,1.4879373101627125,51,-0.0411325432360172,0.1367224472962431,14.0,149.2,134.0,7.0,4.0,0.0,0.0,14.0,0.0,0.0,0.0,0.0,0.0,0.0,3.8515625,0.0,1B,2001,-0.47,38,9,,,,,,,,,,,,,,,,,,
Dustin Hermanson,STL,34,69,0,2,3,0,0.028985507,0.434782608,0.016129032,0.15625,0.080645161,0.109375,0.096774193,0.0968434941023588,,-52.44015402259111,-0.0015922413440421,-13.746407538269596,7.4723381996154785,-0.392088531929553,Dustin Hermanson,195,115812,62,5,4,1,0,2,0,30,0,0,5,1,0,0.066666666,0.206149193,1.30357142125,,,,-0.0015922413440421,-4.882235258318435,-13.444079808391582,-0.9842519760131836,-1.4712499380111694,0.4869980216026306,-10.168999671936035,-1.0173792839050293,1.0531046390533447,,0,-1.1278181076049805,0.1931987549659626,33.0,192.1,4.0,17.0,1.0,0.0,0.0,0.0,0.0,0.0,0.0,0.0,0.0,0.0,0.95454545,0.0,P,2001,-0.5,6,1,,,,,,,,,,,,,,,,,,
Al Leiter,NYM,29,64,0,2,3,0,0.03125,0.4375,0.032258064,0.117647058,0.064516129,0.09375,0.096774193,0.0879696542397141,,-55.978745626586054,-0.0013268677867017,-13.046079138547183,6.930864334106445,-0.3925758228927118,Al Leiter,883,117652,62,4,3,0,1,2,0,28,0,0,0,0,0,0.071428571,0.190524193,4.10119047125,,,,-0.0013268677867017,-5.008854538979477,-12.950275570931382,-1.3342039585113523,-1.59579598903656,0.2615920007228851,-12.630000114440918,-1.339290738105774,1.0754722356796265,,0,-1.2363389730453491,-0.0042360174082398,29.0,187.1,6.0,22.0,2.0,0.0,0.0,2.0,0.0,0.0,0.0,0.0,0.0,0.0,0.93333333,0.0,P,2001,-0.42,6,1,,,,,,,,,,,,,,,,,,
Morgan Burkhart,BOS,11,34,1,3,4,0,0.029411764,0.323529411,0.121212122,0.238095238,0.181818181,0.205882352,0.303030303,0.219892482547199,,24.80138545824606,-0.0013268677867017,-3.225001090255314,-1.9567900896072388,-0.3932285897826539,Morgan Burkhart,1745,328692,33,6,4,1,0,1,0,11,0,0,0,1,0,0.09090909,0.508912655,1.60119047125,,,,-0.0013268677867017,1.133194536329033,-3.085685386895416,0.0288819763809442,-0.5081499814987183,0.5370320081710815,-2.8349997997283936,-0.2806309163570404,0.7482411861419678,,0,-0.2764543890953064,0.3150542108050195,4.0,36.0,29.0,2.0,0.0,0.0,0.0,4.0,0.0,0.0,0.0,0.0,0.0,0.0,1.0,-1.0,1B,2001,-0.37,10,2,,,,,,,,,,,,,,,,,,
Eric Karros,LAD,121,485,15,42,63,3,0.084536082,0.208247422,0.152968036,0.27076923,0.235159817,0.303092783,0.388127853,0.3007320539551492,,83.74074899144756,0.1390526869799941,-10.16558467536823,-9.730538368225098,-0.393447241283942,Eric Karros,659,116852,438,103,66,22,0,41,2,101,3,3,0,15,1,0.405940594,0.691220636,2.182121154891949,,,,0.1390526869799941,49.32977799595675,-10.851303261803771,-0.1119479909539222,-9.32204246520996,9.21009349822998,-5.39300012588501,-0.6490390300750732,1.0532011985778809,1.8736000061035156,2,-0.6650015711784363,0.5587084990616521,118.0,1018.1,963.0,71.0,4.0,0.0,0.0,82.0,0.0,0.0,0.0,0.0,0.0,0.0,0.99614644,-1.0,1B,2001,-1.08,170,37,,,,,,,,,,,,,,,,,,
Bobby Smith,TBD,6,22,0,1,1,0,0.136363636,0.454545454,0.0,0.222222222,0.105263157,0.227272727,0.105263157,0.1766300228509036,,-2.559534465667892,-0.0013268677867017,-2.846188262657193,-1.9125514701008797,-0.394902197930675,Bobby Smith,1493,134360,19,2,2,0,0,3,0,10,0,0,0,1,0,0.3,0.332535884,0.76785714,,,,-0.0013268677867017,-0.0718555815102769,-2.801719061243744,-0.3664939999580383,-0.4491060078144073,0.0826120004057884,-3.661999940872192,-0.3603993356227875,0.9041004776954652,,0,-0.2010661512613296,-0.2043025096337785,6.0,51.0,12.0,12.0,1.0,0.0,0.0,3.0,0.0,0.0,0.0,0.0,0.0,0.0,0.96,-2.0,2B,2001,-0.34,2,0,,,,,,,,,,,,,,,,,,
James Lofton,BOS,8,28,0,1,1,2,0.035714285,0.142857142,0.038461538,0.217391304,0.192307692,0.214285714,0.23076923,0.1962181010416575,,8.918415773838218,-0.0336138395941816,-3.2491322277283077,-1.7222222685813904,-0.395320107920188,James Lofton,1007700,407580,26,5,4,1,0,1,0,4,0,1,0,1,1,0.25,0.445054944,4.133099529737481,,,,-0.0336138395941816,0.3724911779345234,-3.101880523544435,-0.4191980063915252,-0.5225719809532166,0.1033739671111106,-4.8831000328063965,-0.4832459092140198,0.7903220057487488,0.5575000047683716,2,-0.3682756125926971,-0.1621385772467699,6.0,54.0,9.0,14.0,2.0,0.0,0.0,3.0,0.0,0.0,0.0,0.0,0.0,0.0,0.92,-2.0,SS,2001,-0.37,6,1,,,,,,,,,,,,,,,,,,
John Wehner,PIT,43,62,0,3,2,2,0.161290322,0.193548387,0.019607843,0.256410256,0.196078431,0.327868852,0.215686274,0.2666323487875891,,55.59589584003647,-0.0373290693969465,-3.634865833058142,-2.436671733856201,-0.399304820172973,John Wehner,1013730,124036,51,10,9,1,0,10,0,12,0,0,1,2,1,0.833333333,0.543555126,2.833700894797601,,,,-0.0373290693969465,4.517703094966123,-3.1755485297372834,-0.8093060255050659,-1.2615760564804075,0.4522700011730194,-5.0879998207092285,-0.5227696299552917,0.9282727241516112,0.9641777873039246,18,-0.3775742948055267,-0.4942664955664254,10.0,96.60000000000001,62.0,8.0,1.0,0.0,0.0,5.0,0.0,0.0,0.0,0.0,0.0,1.0,5.85714286,-2.0,1B,2001,-0.52,11,1,,,,,,,,,,,,,,,,,,
Adam Piatt,OAK,36,111,0,9,6,0,0.117117117,0.234234234,0.073684211,0.28169014,0.210526315,0.3,0.284210526,0.2667256111448461,,59.96107158066408,-0.0071650860481895,-5.610773964788712,-2.3134411573410034,-0.3999466998610324,Adam Piatt,935,276516,95,20,14,5,1,13,0,26,0,2,1,5,0,0.5,0.584210526,2.9724025899999997,,,,-0.0071650860481895,8.096902651301173,-5.676499450990412,-0.4763980507850647,-1.9410858154296875,1.4646879434585571,-8.234000205993652,-0.8095657229423523,0.9398936629295348,0.6057999730110168,5,-0.5669749975204468,0.0601112217820408,26.0,234.1,48.0,3.0,2.0,0.0,0.0,0.0,0.0,0.0,0.0,0.0,0.0,0.0,0.96226415,-1.0,RF,2001,-0.58,27,6,,,,,,,,,,,,,,,,,,
Kimera Bartee,COL,12,19,0,0,1,0,0.105263157,0.263157894,0.0,0.0,0.0,0.157894736,0.0,0.0798504518138037,,-83.88810789360745,-0.0005307471146807,-4.56612889801592,-0.1560357958078384,-0.4005413614469731,Kimera Bartee,1000622,110638,15,0,0,0,0,2,1,5,1,1,0,0,0,0.4,0.157894736,0.14285714,,,,-0.0005307471146807,-1.6174952520054986,-3.97510462086622,-0.1808119565248489,-0.2344778776168823,0.0536659993231296,-4.086999893188477,-0.3657864928245544,0.7430737018585205,0.4814000129699707,2,-0.2302065044641494,-0.0131232703248325,3.0,39.2,8.0,0.0,1.0,0.0,0.0,0.0,0.0,0.0,0.0,0.0,0.0,0.0,0.88888889,0.0,LF,2001,-0.35,0,0,,,,,,,,,,,,,,,,,,
Randy Johnson,ARI,35,91,0,2,2,0,0.032967032,0.417582417,0.0,0.19047619,0.1,0.142857142,0.1,0.1183569310676483,,-43.69362861027383,-0.0031844826880842,-17.090323105383433,9.854822158813477,-0.4155888191536289,Randy Johnson,60,116615,80,8,8,0,0,3,0,38,1,0,7,3,0,0.078947368,0.242857142,0.6542207712499999,,,,-0.0031844826880842,-4.7828659039677595,-16.074573933774374,-1.3446978330612185,-1.7894339561462402,0.4447360038757324,-17.2810001373291,-1.6876487731933594,0.8881998062133789,,0,-1.6648359298706057,0.1508772196182284,34.0,249.2,2.0,27.0,4.0,0.0,0.0,1.0,0.0,0.0,0.0,0.0,0.0,0.0,0.87878788,0.0,P,2001,-0.65,8,0,,,,,,,,,,,,,,,,,,
Willie Harris,BAL,9,25,0,3,0,0,0.0,0.28,0.041666666,0.176470588,0.125,0.125,0.166666666,0.1256666630506515,,-33.31714828728203,-0.0005307471146807,-4.202843916337589,-0.9039780870079994,-0.4164367538378433,Willie Harris,236,407483,24,3,2,1,0,0,0,7,0,0,1,0,0,0.0,0.291666666,2.64285714,,,,-0.0005307471146807,-1.159392862897949,-4.261510453504162,-0.2481681257486343,-0.3590757846832275,0.1109080016613006,-3.2851998805999756,-0.337887167930603,0.6944556832313538,0.4399999976158142,1,-0.3484056890010834,-0.0089506286747828,7.0,56.0,16.0,1.0,0.0,0.0,0.0,1.0,0.0,0.0,0.0,0.0,0.0,0.0,1.0,-1.0,CF,2001,-0.35,4,1,,,,,,,,,,,,,,,,,,
Jason Maxwell,MIN,39,78,1,4,10,2,0.115384615,0.294871794,0.102941177,0.272727272,0.19117647,0.285714285,0.294117647,0.2529783304532369,,46.3464077276432,0.3960194026003591,-4.880600333644788,-2.1354596465826035,-0.4254674854327528,Jason Maxwell,1008288,136603,68,13,8,4,0,9,2,23,0,0,1,1,0,0.391304347,0.579831932,3.599376236709592,,,,0.3960194026003591,4.782674502441415,-4.895932380249969,-0.5838619470596313,-1.5054199695587158,0.9215580224990844,-4.745999813079834,-0.4783841073513031,0.9884793162345886,0.0,2,-0.4710540175437927,-0.1196128153078394,20.0,183.0,20.0,51.0,3.0,0.0,0.0,4.0,0.0,0.0,0.0,0.0,0.0,0.0,2.8928571400000003,-2.0,3B,2001,-0.35,20,5,,,,,,,,,,,,,,,,,,
Mike Colangelo,SDP,50,100,2,10,8,0,0.08,0.3,0.164835165,0.33898305,0.241758241,0.31,0.406593406,0.3115671837329865,,91.234987898355,-0.0061035918188281,-1.1514660883330676,-6.365226119756699,-0.4280276413766266,Mike Colangelo,907,218694,91,22,14,3,3,8,0,30,1,0,0,3,0,0.266666666,0.716593406,3.80357142125,,,,-0.0061035918188281,11.087624341111264,-1.3208460213135864,0.69333416223526,-1.481369972229004,2.17470383644104,-1.4977999925613403,-0.0873857140541076,0.9004422426223755,1.2496750354766846,16,-0.0910872817039489,0.8610802134172029,16.0,192.1,45.0,1.0,1.0,0.0,0.0,0.0,0.0,0.0,0.0,0.0,0.0,0.0,2.96666667,-6.0,CF,2001,-0.51,37,8,,,,,,,,,,,,,,,,,,
Randy Knorr,MON,34,103,3,13,10,0,0.077669902,0.213592233,0.120879121,0.253731343,0.219780219,0.287128712,0.34065934,0.2782319199920881,,58.96119044104448,-0.0063689653761684,-5.52997146701378,-2.1481481790542603,-0.4296016532969368,Randy Knorr,1007050,117203,91,20,15,2,0,8,0,22,1,1,2,4,0,0.363636363,0.627788052,2.01785714,,,,-0.0063689653761684,8.515852085166301,-4.264872388131295,-0.5951480269432068,-1.5195918083190918,0.9244439005851746,-4.571000099182129,-0.4464127421379089,0.704660177230835,0.0455428548157215,7,-0.6096941828727722,-0.2348945226817438,24.0,216.0,168.0,5.0,2.0,0.0,0.0,0.0,0.0,0.0,0.0,0.0,2.0,7.0,0.98857143,-4.0,C,2001,-0.74,31,5,,,,,,,,,,,,,,,,,,
Warren Morris,PIT,48,109,2,6,11,2,0.027522935,0.082568807,0.116504854,0.204301075,0.203883495,0.23853211,0.320388349,0.2433585573773865,,40.530097344110494,-0.9016376513754948,-9.372237459798011,1.339506059885025,-0.4335558090163479,Warren Morris,1424,150255,103,21,13,6,0,3,0,9,2,1,0,2,3,0.333333333,0.558920459,2.536819147122249,,,,-0.9016376513754948,5.796515426906158,-7.728717268136929,-0.35698401927948,-1.8987298011779783,1.541745901107788,-4.99399995803833,-0.4985332190990448,0.9309879541397096,1.031715750694275,19,-0.6549515724182129,0.2715051296451103,24.0,198.0,41.0,70.0,4.0,0.0,0.0,15.0,0.0,0.0,0.0,0.0,0.0,0.0,1.96491228,1.0,2B,2001,-0.46,33,8,,,,,,,,,,,,,,,,,,
Robin Jennings,- - -,48,140,3,14,18,0,0.05,0.128571428,0.159090909,0.285714285,0.265151515,0.3,0.424242424,0.3075005853776451,,83.07705663851608,-0.0074304596055299,-3.121286944856154,-5.929010469466448,-0.4347065718097087,Robin Jennings,1006397,116530,132,35,22,8,2,7,1,18,0,1,0,0,0,0.388888888,0.724242424,3.2806776524999997,,,,-0.0074304596055299,15.081092791494696,-2.2907657159000956,-0.6611560508608818,-2.458482004702091,1.7973260879516602,-2.453000068664551,-0.2639035284519195,0.8987264142814257,1.3216445048650105,9,-0.4316507242619991,-0.3040081373833518,33.0,293.1,122.0,12.0,4.0,0.0,0.0,12.0,0.0,0.0,0.0,0.0,0.0,0.0,2.42682927,-4.0,RF,2001,-0.5,56,13,,,,,,,,,,,,,,,,,,
Augie Ojeda,CHC,78,162,1,16,12,1,0.074074074,0.12345679,0.069444445,0.224,0.201388888,0.26875,0.270833333,0.242000530725755,,41.66566996612716,0.1907119284733198,-12.158227699963602,2.335735321044922,-0.4387375974361862,Augie Ojeda,297,324432,144,29,22,5,1,12,1,20,2,2,2,2,0,0.6,0.539583333,4.712732828860949,,,,0.1907119284733198,8.428907840416075,-11.672814146712184,-0.6656599640846252,-2.4024319648742676,1.736772060394287,-6.2729997634887695,-0.6388466954231262,0.8116363883018494,1.0960333347320557,12,-0.9670763611793518,0.1469308210350072,32.0,371.2,49.0,103.0,6.0,0.0,0.0,17.0,0.0,0.0,0.0,0.0,0.0,0.0,2.88937198,1.0,SS,2001,-0.39,39,7,,,,,,,,,,,,,,,,,,
Clay Bellinger,NYY,51,88,5,12,12,1,0.045454545,0.261363636,0.222222222,0.148148148,0.160493827,0.206896551,0.382716049,0.2481097202191407,,47.45302689375248,-0.6674930616864003,-6.497818091381357,-1.146318644285202,-0.4506106325941328,Clay Bellinger,1436,150083,81,13,6,1,1,4,0,23,1,1,1,2,2,0.173913043,0.5896126,6.456151991089879,,,,-0.6674930616864003,5.033425428068715,-5.8860284908651535,-0.3763421177864074,-1.5340420007705688,1.1576999425888062,-7.847000122070312,-0.744055449962616,0.819808840751648,1.2158000469207764,3,-0.268943041563034,-0.1901177773485494,22.0,237.2,45.0,34.0,3.0,0.0,0.0,8.0,0.0,0.0,0.0,0.0,0.0,0.0,4.93877551,-1.0,3B,2001,-0.47,31,7,,,,,,,,,,,,,,,,,,
Mike Mordecai,MON,96,277,3,28,32,2,0.068592057,0.19133574,0.118110236,0.34,0.279527559,0.329710144,0.397637795,0.3165475236285816,,83.7639891541123,-0.4826193514745682,-6.359536123479381,-7.152378797531128,-0.451694185816984,Mike Mordecai,1385,119348,254,71,49,17,2,19,1,53,1,2,1,6,2,0.358490566,0.727347939,3.627576678248367,,,,-0.4826193514745682,31.87967468959406,-2.491788214322775,-0.1971882581710815,-4.583978176116943,4.386789798736572,2.3027002811431885,0.211325392127037,0.929349422454834,1.396571397781372,21,-0.1124308854341507,-0.0997479284830278,56.0,536.2,74.0,116.0,3.0,0.0,0.0,17.0,0.0,0.0,0.0,0.0,0.0,0.0,5.96380952,-8.0,3B,2001,-0.57,101,22,,,,,,,,,,,,,,,,,,
Damon Buford,CHC,35,89,3,11,8,0,0.04494382,0.258426966,0.129411764,0.20338983,0.176470588,0.213483146,0.305882352,0.2260326977526204,,31.329229729561703,-0.0037152298027649,-7.990139244570732,0.3503650724887848,-0.4614908449818884,Damon Buford,1001635,111673,85,15,10,2,0,4,0,23,0,0,0,3,0,0.173913043,0.519365498,2.64285714,,,,-0.0037152298027649,3.4285662613302845,-7.614972361227832,-0.9796901345252992,-1.6849740743637085,0.7052839994430542,-6.723999977111816,-0.6145899891853333,0.8384064435958862,0.0199999995529651,1,-0.6565115451812744,-0.5120030124161763,23.0,208.1,53.0,0.0,0.0,0.0,0.0,0.0,0.0,0.0,0.0,0.0,0.0,0.0,2.0,0.0,CF,2001,-0.38,26,5,,,,,,,,,,,,,,,,,,
Mike Thurman,MON,28,47,0,0,0,0,0.042553191,0.574468085,0.0,0.066666666,0.023809523,0.068181818,0.023809523,0.0521561056375503,,-87.38422461559892,-0.000796120672021,-11.509365029348016,5.089853286743164,-0.4767335742929944,Mike Thurman,852,123327,42,1,1,0,0,2,0,27,0,0,3,0,0,0.074074074,0.091991341,0.14285714,,,,-0.000796120672021,-5.102215844794598,-10.934196915134278,-0.8528938293457031,-0.9193540215492249,0.0664599984884262,-10.883999824523926,-1.0669203996658323,0.8008553385734558,,0,-1.041803956031799,-0.0231746840119098,26.0,147.0,10.0,18.0,1.0,0.0,0.0,1.0,0.0,0.0,0.0,0.0,0.0,0.0,0.96551724,0.0,P,2001,-0.49,1,0,,,,,,,,,,,,,,,,,,
Donnie Sadler,- - -,93,211,1,28,5,7,0.085308056,0.17535545,0.048648648,0.195945945,0.162162162,0.242718446,0.21081081,0.213461881991729,,16.41095606488015,-0.3405589531757869,-22.817632449436612,10.506972700357435,-0.4821411897231489,Donnie Sadler,627,132620,185,30,23,6,0,18,0,37,2,1,5,3,4,0.486486486,0.453529256,5.341720683074328,,,,-0.3405589531757869,5.868833752295788,-20.31303871242065,-2.3597159385681152,-4.427556157112122,2.067840039730072,-21.32409954071045,-2.019792377948761,0.9825710209838132,1.105133334795634,9,-1.97114098072052,-0.4304319215674148,50.0,477.4,101.0,137.0,5.0,0.0,0.0,29.0,0.0,0.0,0.0,0.0,0.0,0.0,5.86000939,10.0,2B,2001,-0.29000000000000004,39,7,,,,,,,,,,,,,,,,,,
Lee Stevens,MON,152,628,25,77,95,2,0.117834394,0.25,0.206642067,0.294277929,0.245387453,0.337579617,0.45202952,0.3340237719285023,,95.07687027050636,-0.069173896277789,-4.109266895500248,-21.17969799041748,-0.4831893219874837,Lee Stevens,796,122765,542,133,72,35,1,74,12,157,5,7,0,17,1,0.471337579,0.789609137,2.6613650416638386,,,,-0.069173896277789,81.55968836498003,3.634494488951979,0.9909440279006958,-10.442020416259766,11.432964324951172,9.065000534057615,0.9660809636116028,1.0084198713302612,2.3787999153137207,1,1.021604299545288,-0.0389342272137225,149.0,1304.0,1285.0,92.0,19.0,0.0,0.0,113.0,0.0,0.0,0.0,0.0,0.0,0.0,0.98638968,-10.0,1B,2001,-0.6,245,61,,,,,,,,,,,,,,,,,,
Brent Butler,COL,53,131,1,17,14,1,0.053435114,0.053435114,0.100840337,0.24778761,0.243697478,0.286821705,0.344537815,0.2762670955916708,,43.258068002177254,-0.239717434393242,-9.95299620442598,0.5978513360023499,-0.4946218656437193,Brent Butler,423,150450,119,29,20,7,1,7,0,7,1,2,2,4,1,1.0,0.63135952,4.799462547860886,,,,-0.239717434393242,10.613114901301053,-5.6419812734755,-0.7660441398620605,-2.783322334289551,2.017277956008911,-5.540999889373779,-0.5140393972396851,1.024396896362305,1.0635111331939695,18,-0.5530303120613098,-0.1947698253486429,26.0,250.2,53.0,68.0,5.0,0.0,0.0,18.0,0.0,0.0,0.0,0.0,0.0,0.0,2.90613131,0.0,2B,2001,-0.31,41,9,,,,,,,,,,,,,,,,,,
Bo Porter,TEX,48,98,1,18,6,3,0.091836734,0.346938775,0.126436782,0.351851851,0.229885057,0.295918367,0.356321839,0.2850879783533057,,65.27855455153215,-0.2704121648566797,-4.56069834485116,-3.841906785964966,-0.495383350435123,Bo Porter,1010447,216694,87,20,13,4,2,9,0,34,0,2,0,1,2,0.264705882,0.652240206,7.543089248119094,,,,-0.2704121648566797,8.670811432982548,-3.4894895221938063,0.3390498757362366,-1.4053499698638916,1.744399905204773,-1.7354000806808472,-0.1438438594341278,0.7594678401947021,0.5076000094413757,5,-0.2202904522418975,0.6667213052577614,22.0,221.2,61.0,1.0,2.0,0.0,0.0,0.0,0.0,0.0,0.0,0.0,0.0,0.0,2.925,-3.0,LF,2001,-0.34,31,7,,,,,,,,,,,,,,,,,,
A.J. Hinch,KCR,45,134,6,10,15,1,0.059701492,0.19402985,0.173553719,0.144444444,0.157024793,0.225563909,0.330578512,0.2395251289461598,,32.463058700304614,-0.2375944459345191,-11.648196943262535,1.8435099124908447,-0.5056466198069658,A.J. Hinch,606,134460,121,19,10,3,0,8,1,26,3,1,1,5,1,0.307692307,0.556142421,2.0992638835926622,,,,-0.2375944459345191,6.69147360099485,-9.935876684654447,-1.090905785560608,-2.4358060359954834,1.3449000120162964,-14.35200023651123,-1.3345588445663452,0.8538309931755066,,0,-1.1445746421813965,-0.1330854501319427,37.0,331.2,220.0,14.0,3.0,0.0,0.0,2.0,0.0,0.0,0.0,0.0,4.0,16.0,0.98734177,-1.0,C,2001,-0.7,40,9,,,,,,,,,,,,,,,,,,
Glendon Rusch,NYM,33,61,0,0,5,0,0.016393442,0.37704918,0.0,0.096774193,0.055555555,0.072727272,0.055555555,0.0611858541315252,,-73.31667429807204,-0.0010614942293614,-13.816371050030288,6.605979919433594,-0.5091829983817401,Glendon Rusch,707,121556,54,3,3,0,0,1,0,23,0,0,6,1,0,0.04347826,0.128282827,0.14285714,,,,-0.0010614942293614,-6.156094530197155,-13.725261451276314,-1.2182358503341677,-1.603361964225769,0.385125994682312,-13.08899974822998,-1.3696504831314087,1.274095058441162,,0,-1.0433576107025146,0.087199871715078,33.0,179.0,5.0,9.0,2.0,0.0,0.0,2.0,0.0,0.0,0.0,0.0,0.0,0.0,0.875,0.0,P,2001,-0.35,3,0,,,,,,,,,,,,,,,,,,
Cal Ripken Jr.,BAL,128,516,14,43,68,0,0.050387596,0.122093023,0.121593292,0.244498777,0.23899371,0.276264591,0.360587002,0.275245790244543,,67.03439593720671,-0.8940304204006679,-22.341355279629692,-0.8291037976741791,-0.5155754687812742,Cal Ripken Jr.,1010978,121222,477,114,84,16,0,26,1,63,2,9,2,15,2,0.412698412,0.636851593,1.2950633904230304,,,,-0.8940304204006679,41.35855026331813,-22.669156806794103,-2.0343079566955566,-9.85906219482422,7.824753761291504,-17.452999114990234,-1.7847459316253662,1.0181031227111816,0.7576000094413757,3,-2.1835904121398926,0.1854549469639794,111.0,981.2,97.0,209.0,14.0,0.0,0.0,23.0,0.0,0.0,0.0,0.0,0.0,0.0,0.95625,-1.0,3B,2001,-0.64,172,30,,,,,,,,,,,,,,,,,,
Michael Coleman,NYY,12,39,1,5,7,0,0.0,0.384615384,0.078947369,0.304347826,0.210526315,0.205128205,0.289473684,0.2100523847800035,,21.92063843800039,-0.4341445926693268,-4.273543622282246,-2.322359412908554,-0.5167259913156456,Michael Coleman,1002429,112482,38,8,7,0,0,0,0,15,0,1,0,0,1,0.0,0.494601889,3.8498731138404776,,,,-0.4341445926693268,0.9752176505323442,-3.864085790813347,-0.0104080000892281,-0.7077339887619019,0.6973260045051575,-2.0799999237060547,-0.2259739190340042,0.9018549919128418,,0,-0.3137848079204559,0.3022441498517428,7.0,61.0,8.0,0.0,0.0,0.0,0.0,0.0,0.0,0.0,0.0,0.0,0.0,0.0,2.0,-2.0,CF,2001,-0.57,11,1,,,,,,,,,,,,,,,,,,
Larry Barnes,ANA,16,41,1,2,2,0,0.024390243,0.219512195,0.075,0.1,0.1,0.121951219,0.175,0.1304258427968839,,-33.076999133471965,-0.0010614942293614,-6.880440646787109,0.1237997412681579,-0.5187556669168462,Larry Barnes,4,277397,40,4,3,0,0,1,0,9,0,0,0,1,0,0.111111111,0.296951219,1.08035714,,,,-0.0010614942293614,-1.7363482557748726,-6.8238211043690615,-1.012134075164795,-1.153843879699707,0.1417099833488464,-9.44700050354004,-0.9261193871498108,1.0542436838150024,0.0243999995291233,1,-0.8118869066238403,-0.1481701377799497,10.0,103.0,86.0,7.0,0.0,0.0,0.0,5.0,0.0,0.0,0.0,0.0,0.0,0.0,1.0,1.0,1B,2001,-0.6,7,1,,,,,,,,,,,,,,,,,,
Bill Selby,CIN,36,100,2,7,12,0,0.05,0.13,0.163043478,0.243589743,0.228260869,0.272727272,0.391304347,0.2808676222149207,,62.870971602968645,-0.0042459769174456,-4.856058634425437,-3.660494476556778,-0.521124184056244,Bill Selby,405,121985,92,21,11,7,1,5,1,13,1,1,1,1,0,0.384615384,0.664031619,2.31994047125,,,,-0.0042459769174456,8.490769776907827,-3.917700585517024,-0.3525800108909607,-2.058891773223877,1.7063119411468506,-2.2190001010894775,-0.2343587577342987,1.1055172681808472,1.6238222122192385,9,-0.1620807200670242,-0.1568469177356297,26.0,209.3,46.0,57.0,2.0,0.0,0.0,15.0,0.0,0.0,0.0,0.0,0.0,0.0,2.88235294,-4.0,2B,2001,-0.49,36,10,,,,,,,,,,,,,,,,,,
Cliff Brumbaugh,- - -,21,49,1,6,4,0,0.061224489,0.285714285,0.108695652,0.29032258,0.217391304,0.265306122,0.326086956,0.260963529956584,,35.84358613640031,-0.4349407133413479,-4.450486328868804,-2.5195472240448,-0.5266109112522599,Cliff Brumbaugh,1001582,406733,46,10,7,2,0,3,0,14,0,0,0,3,1,0.214285714,0.591393078,3.108551541131564,,,,-0.4349407133413479,3.3354772612716506,-2.744673216316526,-0.5160478800535202,-1.0723780691623688,0.5563301593065262,-6.297000169754028,-0.5831625908613205,0.9039609806210388,0.7382400035858154,5,-0.3944554924964905,-0.1764185729957892,12.0,101.0,21.0,0.0,0.0,0.0,0.0,0.0,0.0,0.0,0.0,0.0,0.0,0.0,2.0,-2.0,RF,2001,-0.79,15,3,,,,,,,,,,,,,,,,,,
Jeff DaVanon,ANA,40,100,5,7,9,1,0.11,0.29,0.215909091,0.218181818,0.193181818,0.28,0.409090909,0.2968236684799194,,78.55808709914662,-1.1021684014704078,-3.805665561863313,-5.102537631988525,-0.5402935210969093,Jeff DaVanon,1440,237800,88,17,9,2,1,11,0,29,0,1,0,1,3,0.379310344,0.689090909,3.59719141249985,,,,-1.1021684014704078,9.840480636638498,-2.567989725786353,-1.0398038625717163,-2.0106239318847656,0.9708200097084044,-6.98199987411499,-0.7444738745689392,0.856855571269989,1.6426666975021362,3,-0.365150511264801,-0.8483607238090054,22.0,203.0,45.0,3.0,1.0,0.0,0.0,1.0,0.0,0.0,0.0,0.0,0.0,0.0,1.96,-4.0,RF,2001,-0.5,36,8,,,,,,,,,,,,,,,,,,
Tom Goodwin,LAD,105,312,4,51,22,22,0.073717948,0.185897435,0.104895105,0.274336283,0.23076923,0.286173633,0.335664335,0.2743591909623222,,66.66883180324001,0.9225973472930492,-12.666655134456068,-3.090650200843811,-0.5498345154377181,Tom Goodwin,1114,114961,286,66,49,8,5,23,0,58,0,2,1,3,8,0.396551724,0.621837968,8.807130819004229,,,,0.9225973472930492,24.773505439469755,-13.94092209129578,-0.7900699377059937,-5.861395835876465,5.071325778961182,-10.53030014038086,-1.0704472064971924,0.9931434988975524,1.163494110107422,17,-1.1002988815307615,0.3047744295426878,69.0,610.1,153.0,1.0,1.0,0.0,0.0,0.0,0.0,0.0,0.0,0.0,0.0,0.0,1.99337748,-4.0,CF,2001,-0.52,96,17,,,,,,,,,,,,,,,,,,
Lyle Mouton,FLA,21,17,0,1,1,0,0.0,0.411764705,0.0,0.1,0.058823529,0.058823529,0.058823529,0.0521832388990065,,-79.14743497878042,-0.0002653735573403,-3.97996188379884,-2.1766115874052048,-0.5516843548343644,Lyle Mouton,1009269,119464,17,1,1,0,0,0,0,7,0,0,0,0,0,0.0,0.117647058,2.64285714,,,,-0.0002653735573403,-1.8450921456079392,-3.954532107220164,-0.3946820199489593,-0.4537619650363922,0.0590800009667873,-3.240000009536743,-0.3313111066818237,1.1760588884353638,1.440750002861023,8,-0.3282560110092163,-0.0073411464375904,2.0,34.1,4.0,0.0,0.0,0.0,0.0,0.0,0.0,0.0,0.0,0.0,0.0,0.0,2.0,-2.0,LF,2001,-0.48,1,0,,,,,,,,,,,,,,,,,,
Luis Sojo,NYY,39,84,0,5,9,1,0.047619047,0.142857142,0.025316455,0.19402985,0.164556962,0.214285714,0.189873417,0.1879850448597045,,7.115821218695588,0.1957540260627865,-9.641715997396687,1.042866837233305,-0.5528661968034739,Luis Sojo,1834,122522,79,13,11,2,0,4,0,12,1,0,0,0,0,0.333333333,0.404159131,3.721232766952038,,,,0.1957540260627865,0.5324735953149399,-9.890641509121934,-0.0196839645504951,-1.5504080057144165,1.5307241678237915,-7.684999942779541,-0.7492059469223022,1.019778847694397,1.6611199378967283,5,-0.8722527623176575,0.8529505728331449,18.0,188.0,51.0,42.0,2.0,0.0,0.0,6.0,0.0,0.0,0.0,0.0,0.0,0.0,3.93333333,1.0,3B,2001,-0.68,15,2,,,,,,,,,,,,,,,,,,
Jose Fernandez,ANA,13,27,0,1,0,0,0.074074074,0.37037037,0.04,0.133333333,0.08,0.148148148,0.12,0.1309866088408011,,-32.70078528925826,-0.4330830984399654,-4.9505985563647945,-1.7801783084869385,-0.5683175387687427,Jose Fernandez,1003998,150403,25,2,1,1,0,2,0,10,0,0,0,0,1,0.2,0.268148148,2.9994652460748235,,,,-0.4330830984399654,-1.1306414527263506,-4.48092845058106,-0.6083519458770752,-0.7026559710502625,0.0943039953708648,-7.47599983215332,-0.721225380897522,0.9884824752807616,1.617666721343994,3,-0.4604764878749847,-0.1549638068093324,0.0,4.0,0.0,0.0,1.0,0.0,0.0,0.0,0.0,0.0,0.0,0.0,0.0,0.0,0.0,-1.0,1B,2001,-0.59,3,1,,,,,,,,,,,,,,,,,,
Pedro Astacio,- - -,26,64,0,2,3,0,0.0,0.265625,0.0,0.138888888,0.094339622,0.094339622,0.094339622,0.0836901001210482,,-78.46976752329181,-0.0013268677867017,-14.927039315398158,6.930864214897156,-0.5763519970350959,Pedro Astacio,862,110359,53,5,5,0,0,0,0,17,0,0,11,0,0,0.0,0.188679244,2.01785714,,,,-0.0013268677867017,-5.236369531599646,-13.17779056355155,-1.198680192232132,-1.412627935409546,0.2139479978941381,-16.4229998588562,-1.514560043811798,0.991568736732006,,0,-1.1884756684303284,-0.0203968462303496,26.0,169.2,10.0,25.0,1.0,0.0,0.0,1.0,0.0,0.0,0.0,0.0,0.0,0.0,0.97222222,0.0,P,2001,-0.47,5,0,,,,,,,,,,,,,,,,,,
Dave McCarty,KCR,98,230,7,26,26,0,0.104347826,0.195652173,0.155,0.282894736,0.25,0.327510917,0.405,0.3179419103421663,,85.07230474840411,-0.0151262927684001,-4.3440804487791755,-9.435871124267578,-0.5775455532907536,Dave McCarty,1462,118560,200,50,33,10,0,24,1,45,1,4,1,8,0,0.533333333,0.732510917,1.29024519625,,,,-0.0151262927684001,26.74177347543892,-1.7977083581382325,-0.508843719959259,-4.4817304611206055,3.972886085510254,-12.486000061035156,-1.167660117149353,1.001267433166504,1.2703083753585815,24,-0.8115435242652893,0.303343913348111,47.0,472.0,447.0,45.0,8.0,0.0,0.0,56.0,0.0,0.0,0.0,0.0,0.0,0.0,1.73780488,-5.0,1B,2001,-0.48,81,17,,,,,,,,,,,,,,,,,,
Luis Rivas,MIN,153,619,7,70,47,31,0.064620355,0.159935379,0.095914742,0.309523809,0.26642984,0.319218241,0.362344582,0.3009439578662089,,78.52619691941206,1.4018528206506744,-15.357683748806352,-11.763495445251465,-0.5819981145408013,Luis Rivas,753,276372,563,150,116,21,6,40,0,99,6,5,5,15,11,0.404040404,0.681562823,6.593176443016019,,,,1.4018528206506744,63.06999078627351,-13.73844075713632,-1.0420634746551514,-10.620140075683594,9.578076362609863,-20.01729965209961,-1.9218063354492188,0.9328190684318542,2.6466498374938965,4,-1.3514020442962646,0.234289937650604,148.0,1304.1,231.0,335.0,15.0,0.0,0.0,66.0,0.0,0.0,0.0,0.0,0.0,0.0,0.97418244,-14.0,2B,2001,-0.01,204,34,,,,,,,,,,,,,,,,,,
Eric Davis,SFG,74,171,4,17,22,1,0.076023391,0.222222222,0.16025641,0.24347826,0.205128205,0.269005847,0.365384615,0.2757667655136153,,65.68272970687615,-0.2407789286226034,-7.909082269718641,-3.616939067840576,-0.5832537497574112,Eric Davis,1003048,113102,156,32,18,7,3,13,0,38,1,1,0,4,1,0.342105263,0.634390462,5.085503141641641,,,,-0.2407789286226034,13.781389072114832,-7.437095247631663,-0.4350540041923523,-3.193108081817627,2.75805401802063,-5.511999607086182,-0.5841851830482483,0.9811134338378906,1.4081032276153564,31,-0.4623546302318573,0.0189257776775498,34.0,293.1,74.0,1.0,3.0,0.0,0.0,0.0,0.0,0.0,0.0,0.0,0.0,0.0,0.96153846,-2.0,RF,2001,-0.33,57,14,,,,,,,,,,,,,,,,,,
Bobby Bonilla,STL,93,198,5,17,21,1,0.116161616,0.267676767,0.126436781,0.275862068,0.212643678,0.308080808,0.339080459,0.285089334157797,,69.41682424044731,-0.2444941584253683,-8.15744029283942,-4.372539281845093,-0.594901116785007,Bobby Bonilla,1001168,111199,174,37,25,7,0,23,3,53,1,0,0,4,1,0.433962264,0.647161267,1.7762358478425786,,,,-0.2444941584253683,17.518805280719427,-7.049966036881779,-0.8049240112304688,-4.011697769165039,3.2067742347717285,-5.177000045776367,-0.4147543013095855,1.0660583972930908,1.2586073875427246,54,-0.5804424285888672,-0.1746043993094093,31.0,271.1,239.0,11.0,2.0,0.0,0.0,27.0,0.0,0.0,0.0,0.0,0.0,0.0,2.99166667,-2.0,1B,2001,-0.99,59,12,,,,,,,,,,,,,,,,,,
Juan Encarnacion,DET,120,457,12,52,52,9,0.054704595,0.203501094,0.165467625,0.281645569,0.242206235,0.292035398,0.40767386,0.3004192252645471,,83.81606021285792,-0.3861146028502844,-9.711415291084368,-12.015889644622805,-0.5954041962503935,Juan Encarnacion,320,113845,417,101,63,19,7,25,1,93,6,4,5,9,5,0.268817204,0.699709258,6.411275757775975,,,,-0.3861146028502844,46.36094212314774,-10.345767433133831,-1.2358119487762451,-8.293118476867676,7.057306289672852,-22.8439998626709,-2.177147626876831,0.972553849220276,0.2303999960422516,2,-1.3690158128738403,0.0983283853683805,114.0,1003.1,246.0,5.0,6.0,0.0,0.0,0.0,0.0,0.0,0.0,0.0,0.0,0.0,1.95359263,-10.0,RF,2001,-0.37,170,38,,,,,,,,,,,,,,,,,,
Brian Roberts,BAL,75,292,2,42,17,12,0.044520547,0.123287671,0.087912088,0.281512605,0.252747252,0.283737024,0.34065934,0.2727646070780639,,65.3697882681351,1.0858898212318309,-11.6638225845747,-4.492798805236816,-0.6017130486411255,Brian Roberts,166,406878,273,69,52,12,3,13,0,36,0,3,3,3,3,0.361111111,0.624396364,7.371942743381796,,,,1.0858898212318309,22.79159677206899,-13.441136686211577,-1.3851479291915894,-5.413699626922607,4.028552055358887,-9.622200012207031,-0.9762529730796814,0.961526334285736,0.5708000063896179,10,-1.336177945137024,-0.1043940702103642,54.0,494.0,97.0,156.0,16.0,0.0,0.0,31.0,0.0,0.0,0.0,0.0,0.0,0.0,1.88886463,-6.0,SS,2001,-0.35,93,17,,,,,,,,,,,,,,,,,,
Gerald Williams,- - -,100,306,4,42,19,13,0.058823529,0.179738562,0.107526882,0.236363636,0.200716845,0.261589403,0.308243727,0.2542372768288417,,49.84320029131154,0.4234388571348972,-18.92801661301585,1.962277114391327,-0.6148980106754334,Gerald Williams,1395,124314,279,56,34,18,0,18,0,55,5,0,4,9,5,0.327272727,0.56983313,5.969348152521977,,,,0.4234388571348972,19.078457991057594,-18.891461317962445,-1.6482181549072266,-5.546595633029938,3.898378014564514,-19.313899993896484,-1.9266161620616913,0.9099774032740608,0.8057400226593018,10,-1.5709184110164642,-0.2403553074044617,62.0,598.2,208.0,5.0,3.0,0.0,0.0,1.0,0.0,0.0,0.0,0.0,0.0,0.0,2.89014778,2.0,CF,2001,-0.29000000000000004,86,22,,,,,,,,,,,,,,,,,,
Chad Hermansen,PIT,22,56,2,5,5,0,0.017857142,0.321428571,0.127272727,0.2,0.163636363,0.178571428,0.29090909,0.2005859304751668,,12.842138528436989,-0.4341445926693268,-6.812152175889744,-1.298354059457779,-0.6154318222502443,Chad Hermansen,991,150252,55,9,6,1,0,1,0,18,0,0,0,0,1,0.055555555,0.469480518,3.0686231138404776,,,,-0.4341445926693268,0.9518864826365168,-5.9968569203214,-0.5404002070426941,-1.205090045928955,0.6646899580955505,-7.388999938964844,-0.7330572009086609,0.9648069739341736,0.0919000059366226,2,-0.7072281241416931,0.1471158720099373,11.0,120.2,30.0,1.0,0.0,0.0,0.0,1.0,0.0,0.0,0.0,0.0,0.0,0.0,2.0,-1.0,RF,2001,-0.75,16,3,,,,,,,,,,,,,,,,,,
Brad Wilkerson,MON,47,136,1,11,5,2,0.125,0.301470588,0.119658119,0.302631578,0.205128205,0.303703703,0.324786324,0.2796879392951282,,59.90371385887339,-0.0402481785276904,-7.166045990743623,-3.546640634536743,-0.6158436097822281,Brad Wilkerson,804,150415,117,24,14,7,2,17,1,41,0,1,1,2,1,0.414634146,0.628490027,5.470031298476779,,,,-0.0402481785276904,11.411734457738747,-5.4637852351590475,-0.697243869304657,-2.325850248336792,1.6286060810089111,-10.0,-0.9656422138214112,0.8991080522537231,1.4007200002670288,10,-0.5843433141708374,-0.1911406419086692,34.0,300.2,62.0,2.0,2.0,0.0,0.0,0.0,0.0,0.0,0.0,0.0,0.0,0.0,0.96969697,-2.0,LF,2001,-0.73,38,10,,,,,,,,,,,,,,,,,,
Deivi Cruz,DET,110,438,7,39,52,4,0.038812785,0.105022831,0.123188406,0.272727272,0.256038647,0.290617848,0.379227053,0.291084351064957,,77.55336127455001,0.3435640404350124,-12.052614350377056,-9.19204330444336,-0.6218927728453727,Deivi Cruz,1025,112897,414,106,70,28,1,17,0,46,4,2,1,13,1,0.369565217,0.669844901,3.5166478095742613,,,,0.3435640404350124,40.974881459046216,-13.374218728374627,-1.9288978576660156,-8.91762638092041,6.988728046417236,-12.44499969482422,-1.2361235618591309,1.0489501953125,1.5135999917984009,1,-2.121792793273926,0.282908672477929,109.0,962.2,164.0,301.0,17.0,0.0,0.0,70.0,0.0,0.0,0.0,0.0,0.0,0.0,1.9638297900000001,-14.0,SS,2001,-0.26,157,36,,,,,,,,,,,,,,,,,,
John Jaha,OAK,12,52,0,2,8,0,0.115384615,0.288461538,0.066666667,0.129032258,0.088888888,0.192307692,0.155555555,0.1699170229526666,,-4.987103352091874,-0.0018576149013824,-6.885236690891354,-1.296296238899231,-0.6229510568203922,John Jaha,1006336,116468,45,4,1,3,0,6,0,15,0,1,0,3,0,0.4,0.347863247,0.76785714,,,,-0.0018576149013824,-0.4651214222767448,-6.917526010737667,-0.6044999957084656,-1.1950700283050537,0.5905699729919434,-4.624000072479248,-0.487266331911087,1.2268190383911133,,0,-0.7164813876152039,0.2237436840161264,,,,,,,,,,,,,,,,,,2001,-0.71,7,3,,,,,,,,,,,,,,,,,,
Ryan Jackson,DET,79,126,2,19,11,3,0.039682539,0.206349206,0.118644068,0.255555555,0.211864406,0.25,0.330508474,0.253122934410649,,52.08532403115176,0.1616094393539242,-7.450438081200671,-3.319958448410034,-0.6271400603970645,Ryan Jackson,472,133224,118,25,17,4,2,5,0,26,1,0,2,1,1,0.192307692,0.580508474,7.590960976548996,,,,0.1616094393539242,7.741271066390938,-7.893401590264373,-0.5267799496650696,-2.3357622623443604,1.808982014656067,-6.671000003814697,-0.6601294279098511,1.0089561939239502,0.7473833560943604,12,-0.8765488266944885,0.3544449406810037,24.0,288.1,159.0,12.0,2.0,0.0,0.0,14.0,0.0,0.0,0.0,0.0,0.0,0.0,2.88486842,-1.0,1B,2001,-0.72,39,8,,,,,,,,,,,,,,,,,,
Brook Fordyce,BAL,95,320,5,30,19,1,0.065625,0.175,0.113013699,0.24137931,0.208904109,0.268138801,0.321917808,0.2602887542187413,,56.999829682084126,-0.680761739553418,-18.030085209105636,0.5900802612304688,-0.6321126945270366,Brook Fordyce,138,114309,292,61,38,18,0,21,1,56,3,1,3,7,2,0.375,0.590056609,2.209555800036798,,,,-0.680761739553418,21.600056451407255,-18.107048708352263,-1.620581865310669,-5.105136394500732,3.4845540523529053,-22.775999069213867,-2.425074815750122,0.8281539082527161,,0,-1.8275291919708252,-0.1293315426839931,89.0,768.2,541.0,30.0,10.0,0.0,0.0,7.0,0.0,0.0,0.0,0.0,7.0,16.0,0.9827883,-6.0,C,2001,-0.56,94,23,,,,,,,,,,,,,,,,,,
Deion Sanders,CIN,32,83,1,6,4,3,0.048192771,0.120481927,0.066666667,0.1875,0.173333333,0.234567901,0.24,0.2175221928843745,,21.865642599565778,-1.1333938790485265,-9.60782541922726,0.3569961190223694,-0.6358092488305566,Deion Sanders,1011415,121668,75,13,10,2,0,4,0,10,2,0,2,2,4,0.4,0.474567901,3.970982142857143,,,,-1.1333938790485265,2.599911880386395,-7.6991185204262305,-1.1652040481567385,-2.10332989692688,0.9381259679794312,-9.203100204467772,-0.8974955081939697,1.0592693090438845,1.3579833507537842,12,-0.9393408298492432,-0.1606665414664354,16.0,129.2,34.0,4.0,0.0,0.0,0.0,1.0,0.0,0.0,0.0,0.0,0.0,0.0,2.0,1.0,LF,2001,-0.99,18,3,,,,,,,,,,,,,,,,,,
Todd Hundley,CHC,79,276,12,23,31,0,0.09057971,0.322463768,0.18699187,0.231292517,0.186991869,0.268115942,0.373983739,0.2800453773875167,,66.29319985638992,-0.0137994249816983,-12.1705371348018,-3.2131943702697754,-0.637778571514853,Todd Hundley,284,116316,246,46,24,10,0,25,0,89,3,2,0,7,0,0.280898876,0.642099681,0.6831113712500001,,,,-0.0137994249816983,23.242557977855377,-11.004820222437212,-0.7733837366104126,-5.022657871246338,4.249274253845215,-15.157000541687012,-1.4913958311080933,0.9437836408615112,1.833716630935669,12,-0.7902337312698364,-0.0292165146620034,67.0,558.1,547.0,25.0,4.0,0.0,0.0,3.0,0.0,0.0,0.0,0.0,6.0,23.0,0.99305556,-8.0,C,2001,-1.04,92,22,,,,,,,,,,,,,,,,,,
Ken Caminiti,- - -,118,404,15,36,41,0,0.106435643,0.210396039,0.179775281,0.254826254,0.227528089,0.311881188,0.40730337,0.3107433081267778,,84.21207128570104,-0.4561705979285761,-8.687099350150707,-11.299156785011292,-0.6419584015193935,Ken Caminiti,1001863,111908,356,81,48,17,1,43,3,85,2,3,0,7,1,0.505882352,0.719184558,1.703515862338964,,,,-0.4561705979285761,44.52024221827738,-5.609978045919012,-2.132065951824188,-8.178558111190796,6.046491861343384,-9.494000673294067,-0.9151519536972046,1.040612351718207,1.6456947138434963,19,-0.3063099198043346,-1.7425471289360797,96.0,790.4000000000001,291.0,132.0,17.0,0.0,0.0,32.0,0.0,0.0,0.0,0.0,0.0,0.0,1.91581197,-10.0,3B,2001,-0.7,145,33,,,,,,,,,,,,,,,,,,
Damon Minor,SFG,19,48,0,3,3,0,0.0625,0.166666666,0.022222222,0.189189189,0.155555555,0.208333333,0.177777777,0.1696215690450465,,-3.028126772008689,-0.0021229884587228,-6.4644284067183,-1.7687474489212036,-0.6530297233034781,Damon Minor,1411,150272,45,7,6,1,0,3,1,8,0,0,0,1,0,0.375,0.38611111,1.39285714,,,,-0.0021229884587228,-0.4413391268319651,-6.397404900795893,-0.5235540270805359,-1.2169699668884275,0.6934159994125366,-5.848999977111816,-0.5790350437164307,1.1281999349594116,1.7442857027053833,7,-0.5611391067504883,0.0970777193516568,11.0,89.2,86.0,4.0,1.0,0.0,0.0,4.0,0.0,0.0,0.0,0.0,0.0,0.0,0.98901099,-1.0,1B,2001,-0.69,8,1,,,,,,,,,,,,,,,,,,
Eric Owens,FLA,119,434,5,51,28,8,0.066820276,0.1359447,0.0825,0.284866468,0.2525,0.302325581,0.335,0.2813720254697532,,69.21309705241234,-1.0218514398438856,-18.48192908400794,-2.4582765102386475,-0.6564417488725203,Eric Owens,534,120140,400,101,79,16,1,29,2,59,0,1,4,13,6,0.491525423,0.637325581,4.1282856215162145,,,,-1.0218514398438856,37.03511613530448,-16.81764523761937,-0.3947561979293823,-7.271255970001221,6.876500129699707,-11.670499801635742,-1.1945167779922483,0.9826515913009644,0.5419538617134094,13,-1.0683856010437012,0.666660105024556,91.0,841.1,180.0,6.0,3.0,0.0,0.0,1.0,0.0,0.0,0.0,0.0,0.0,0.0,1.96901709,0.0,RF,2001,-0.87,134,22,,,,,,,,,,,,,,,,,,
Ryan Dempster,FLA,34,78,0,1,0,0,0.012820512,0.371794871,0.016393443,0.09375,0.049180327,0.064516129,0.06557377,0.0599980113967772,,-74.08870665782,-0.000796120672021,-17.744964094540396,8.446990966796875,-0.6587198978807347,Ryan Dempster,517,133225,61,3,2,1,0,1,0,29,0,0,16,0,0,0.034482758,0.130089899,1.08035714,,,,-0.000796120672021,-7.950100889079099,-17.628707771770483,-1.233415961265564,-1.411872148513794,0.1784560084342956,-15.72700023651123,-1.5723551511764526,0.904748797416687,,0,-1.5395524501800537,0.1762834800666759,34.0,211.1,16.0,36.0,3.0,0.0,0.0,7.0,0.0,0.0,0.0,0.0,0.0,0.0,0.94545455,0.0,P,2001,-0.74,4,1,,,,,,,,,,,,,,,,,,
Shawn Chacon,COL,27,55,0,2,1,0,0.0,0.4,0.0,0.08,0.042553191,0.0625,0.042553191,0.0522429471214612,,-100.0,-0.000796120672021,-14.501416089261884,5.956211566925049,-0.6588082738935035,Shawn Chacon,424,276336,47,2,2,0,0,0,0,22,1,0,7,1,0,0.0,0.105053191,2.64285714,,,,-0.000796120672021,-5.966637892839035,-12.791296592172705,-1.504892110824585,-1.5909119844436646,0.0860200002789497,-15.218000411987305,-1.3834975957870483,1.0714750289916992,,0,-1.302777886390686,-0.1017271838214948,27.0,160.0,8.0,16.0,0.0,0.0,0.0,0.0,0.0,0.0,0.0,0.0,0.0,0.0,1.0,0.0,P,2001,-0.59,2,0,,,,,,,,,,,,,,,,,,
Orlando Palmeiro,ANA,104,270,2,29,23,6,0.092592592,0.088888888,0.07826087,0.258373205,0.24347826,0.319391634,0.32173913,0.2853583910456105,,70.86611618662972,-1.412032624182757,-11.33004254321975,-4.931410789489746,-0.6728117414260528,Orlando Palmeiro,28,120190,230,56,43,10,1,25,2,24,3,5,7,3,6,1.041666666,0.641130764,4.187118607037236,,,,-1.412032624182757,23.95073013294779,-9.552139845599305,-0.9457862377166748,-5.0103559494018555,4.06456995010376,-7.117100238800049,-0.6932212114334106,1.058383226394653,2.0262362957000732,22,-0.8325759172439575,-0.061038242665269,36.0,363.1,86.0,2.0,1.0,0.0,0.0,1.0,0.0,0.0,0.0,0.0,0.0,0.0,2.97435897,0.0,RF,2001,-0.52,74,13,,,,,,,,,,,,,,,,,,
Rico Brogna,ATL,72,223,3,15,21,3,0.062780269,0.206278026,0.087378641,0.303797468,0.247572815,0.297297297,0.334951456,0.2787509406853585,,65.09334492186136,0.1536482326337136,-10.018285828129676,-4.195241928100586,-0.6747566382917582,Rico Brogna,1001464,111502,206,51,39,9,0,14,1,46,1,1,1,9,1,0.304347826,0.632248753,2.6824615168753203,,,,0.1536482326337136,18.535138182331053,-9.13575072587636,-1.190659999847412,-4.590353965759277,3.3996939659118652,-7.607999801635742,-0.7313132286071777,1.1035394668579102,1.828942894935608,7,-1.0575441122055054,-0.0214023465356203,54.0,489.1,431.0,42.0,3.0,0.0,0.0,30.0,0.0,0.0,0.0,0.0,0.0,0.0,0.99369748,0.0,1B,2001,-1.0,69,12,,,,,,,,,,,,,,,,,,
Craig Grebeck,BOS,23,43,0,1,2,0,0.046511627,0.209302325,0.024390244,0.0625,0.048780487,0.093023255,0.073170731,0.0822474055512006,,-67.54369162956286,-0.000796120672021,-9.084415458292938,0.6104268431663513,-0.6820578709095899,Craig Grebeck,1004982,115078,41,2,1,1,0,2,0,9,0,0,0,0,0,0.222222222,0.166193986,1.08035714,,,,-0.000796120672021,-3.573461789729776,-8.909104045572462,-0.6140559315681458,-0.8596380352973938,0.2455819994211197,-7.757999897003174,-0.7757167816162109,0.8270279169082642,,0,-0.7952030897140503,0.0527179583006952,12.0,118.2,16.0,32.0,0.0,0.0,0.0,4.0,0.0,0.0,0.0,0.0,0.0,0.0,1.0,0.0,SS,2001,-0.76,3,1,,,,,,,,,,,,,,,,,,
Andy Tracy,MON,38,63,2,4,8,0,0.095238095,0.412698412,0.127272727,0.137931034,0.109090909,0.19047619,0.236363636,0.1919182680902026,,3.0878664912881595,-0.0023883620160631,-7.980665949225921,-1.1863283962011335,-0.69624319733327,Andy Tracy,2024,282905,55,6,3,1,0,6,0,26,0,2,0,1,0,0.23076923,0.426839826,0.76785714,,,,-0.0023883620160631,0.6089616260779726,-7.208374702249683,-0.977977991104126,-1.6462299823760986,0.6682519912719727,-7.76800012588501,-0.7334802150726318,1.1568541526794434,1.443666696548462,21,-0.634364902973175,-0.2110121818036622,9.0,77.1,16.0,12.0,0.0,0.0,0.0,1.0,0.0,0.0,0.0,0.0,0.0,0.0,2.0,-1.0,3B,2001,-0.77,13,3,,,,,,,,,,,,,,,,,,
Cesar Crespo,SDP,55,179,4,27,12,6,0.139664804,0.279329608,0.117647059,0.282828282,0.209150326,0.320224719,0.326797385,0.2949046080701806,,80.44882061970068,0.3229535051505081,-4.25020684917464,-8.639917343854904,-0.7069948978573817,Cesar Crespo,1024,406678,153,32,22,6,0,25,0,50,0,0,1,2,2,0.5,0.647022104,4.97803679810707,,,,0.3229535051505081,17.323886085024505,-4.887275863715979,-1.0471582412719729,-3.215481758117676,2.1683237552642822,-7.480299472808838,-0.8278470635414124,0.951809823513031,1.2178000211715698,2,-0.6028268337249756,-0.4973490789452892,39.0,377.29999999999995,93.0,69.0,4.0,0.0,0.0,12.0,0.0,0.0,0.0,0.0,0.0,0.0,4.96992481,-9.0,2B,2001,-0.42,50,10,,,,,,,,,,,,,,,,,,
Wil Cordero,CLE,89,299,4,30,21,0,0.073578595,0.16722408,0.093283582,0.29032258,0.25,0.313131313,0.343283582,0.289503411721375,,73.01051358819998,-0.0199030168005265,-10.19475731428543,-7.449586391448975,-0.716430861204456,Wil Cordero,770,112680,268,67,51,11,1,22,2,50,4,3,2,8,0,0.44,0.656414895,2.1796218400000003,,,,-0.0199030168005265,27.571582968984096,-9.529743414666203,-2.2600839138031006,-6.055091857910156,3.795007944107056,-19.972999572753903,-1.7792043685913086,1.029173493385315,1.7984399795532229,10,-1.4395509958267212,-0.7564673901199348,57.0,525.1,225.0,11.0,2.0,0.0,0.0,17.0,0.0,0.0,0.0,0.0,0.0,0.0,2.9775193800000004,-3.0,LF,2001,-0.85,92,16,,,,,,,,,,,,,,,,,,
Endy Chavez,KCR,29,80,0,4,5,0,0.0375,0.1,0.025974026,0.231884057,0.207792207,0.2375,0.233766233,0.2126847602427005,,14.456051322494693,-0.8690853060106747,-9.49771180618558,-0.6498609781265259,-0.7200485286412835,Endy Chavez,768,346795,77,16,14,2,0,3,0,8,0,0,0,3,2,0.375,0.471266233,1.9157793583375984,,,,-0.8690853060106747,2.1785831107641207,-7.748193179175759,-0.5175761580467224,-1.3064459562301636,0.7888699769973755,-8.951700210571289,-0.8501384854316711,0.7247022986412048,,0,-0.9362013936042786,0.2220099814655807,16.0,170.1,40.0,2.0,0.0,0.0,0.0,0.0,0.0,0.0,0.0,0.0,0.0,0.0,2.0,0.0,LF,2001,-0.83,18,2,,,,,,,,,,,,,,,,,,
John Flaherty,TBD,78,265,4,20,29,1,0.037735849,0.124528301,0.125,0.259433962,0.237903225,0.269230769,0.362903225,0.2721682455548909,,61.53636153712524,0.1875274457852356,-12.66411481605559,-3.707364559173584,-0.7211939840543392,John Flaherty,1206,114208,248,59,37,17,1,10,1,33,1,1,5,9,0,0.303030303,0.632133994,3.025548456918185,,,,0.1875274457852356,20.55047321727084,-12.331973243155009,-0.5235599279403687,-4.929614067077637,4.4060540199279785,-13.565999984741213,-1.333293080329895,0.975042164325714,,0,-1.298680067062378,0.7617187467255963,69.0,617.1,458.0,28.0,7.0,0.0,0.0,4.0,0.0,0.0,0.0,0.0,4.0,44.0,0.98580122,-9.0,C,2001,-0.86,90,22,,,,,,,,,,,,,,,,,,
Jack Wilson,PIT,108,425,3,44,25,1,0.037647058,0.164705882,0.071794871,0.264150943,0.223076923,0.25490196,0.294871794,0.240776006811358,,38.858337648942474,-1.1183561884681694,-35.074362915230545,13.545611381530762,-0.7220893217854736,Jack Wilson,1017,333292,390,87,66,17,1,16,2,70,1,1,17,4,3,0.228571428,0.549773754,3.22629660831276,,,,-1.1183561884681694,21.67265359447328,-31.063345445832333,-1.7611958980560305,-7.040740489959717,5.279543876647949,-20.31559944152832,-2.0090272426605225,0.9129769802093506,0.0,1,-2.472256660461426,0.5431873233000677,105.0,883.2,134.0,340.0,16.0,0.0,0.0,67.0,0.0,0.0,0.0,0.0,0.0,0.0,0.96734694,9.0,SS,2001,0.1,115,21,,,,,,,,,,,,,,,,,,
Mark Bellhorn,OAK,38,82,1,11,4,0,0.085365853,0.451219512,0.108108108,0.25,0.135135135,0.209876543,0.243243243,0.2048858455669732,,18.473224401453155,-0.0034498562454245,-8.432458686920643,-2.0308642834424973,-0.7487065428372023,Mark Bellhorn,264,110840,74,10,6,1,2,7,0,37,0,0,1,1,0,0.189189189,0.453119786,5.14285714,,,,-0.0034498562454245,1.6920897771033303,-8.482855920085047,-0.4222021996974945,-1.3683000802993774,0.9460980296134948,-7.499000072479248,-0.7246931195259094,0.8641874194145203,1.471400022506714,3,-0.546238899230957,0.0576849233080802,16.0,169.0,21.0,47.0,5.0,0.0,0.0,4.0,0.0,0.0,0.0,0.0,0.0,0.0,2.75348837,-2.0,2B,2001,-0.74,18,4,,,,,,,,,,,,,,,,,,
Lenny Harris,NYM,110,143,0,12,9,3,0.055944055,0.062937062,0.051851852,0.238095238,0.222222222,0.265734265,0.274074074,0.2425984886142757,,44.11697231156756,-0.2730659004300833,-10.715612061250354,-1.6835843324661257,-0.755913606522199,Lenny Harris,1394,115529,135,30,24,5,1,8,0,9,0,0,0,3,2,0.888888888,0.539808339,4.545968916361443,,,,-0.2730659004300833,7.512662833627913,-10.231449784639622,-0.1021102368831634,-2.6928319931030273,2.59072208404541,-11.38700008392334,-1.1887696981430054,1.065912127494812,1.1054250001907349,88,-0.5797573328018188,0.4839612214252172,10.0,108.2,42.0,8.0,3.0,0.0,0.0,1.0,0.0,0.0,0.0,0.0,0.0,0.0,4.82371795,-1.0,1B,2001,-0.89,37,6,,,,,,,,,,,,,,,,,,
Felix Martinez,TBD,77,238,1,24,14,6,0.042016806,0.19327731,0.082191781,0.306358381,0.246575342,0.293617021,0.328767123,0.2765515573481296,,64.47709341276143,-0.9757650430547072,-11.635535210256428,-4.247369766235352,-0.7604640878183715,Felix Martinez,1008164,118366,219,54,39,13,1,10,0,46,5,1,3,8,5,0.217391304,0.622384144,4.958386169087934,,,,-0.9757650430547072,19.339110904604233,-10.193048557966913,-1.388123869895935,-4.3696722984313965,2.9815478324890137,-20.21700096130371,-1.9906615018844604,0.8651049733161926,0.1351000070571899,2,-1.1269315481185913,-0.4776412063008668,66.0,587.3,118.0,168.0,15.0,0.0,0.0,41.0,0.0,0.0,0.0,0.0,0.0,0.0,1.94360902,-7.0,SS,2001,-0.32,72,15,,,,,,,,,,,,,,,,,,
Todd Greene,NYY,35,100,1,9,11,0,0.03,0.21,0.072916667,0.256756756,0.208333333,0.24,0.28125,0.2310110437870025,,35.98164972803511,-0.0050420975894667,-8.0767766006434,-3.2670353651046753,-0.7805573470888454,Todd Greene,1450,115103,96,20,15,4,0,3,0,21,1,0,0,3,0,0.142857142,0.52125,1.79058440875,,,,-0.0050420975894667,4.273436471677512,-8.135033890747339,-0.6356160044670105,-1.7264080047607422,1.090791940689087,-9.288999557495115,-0.9118513464927672,0.8345761299133301,,0,-0.8067904114723206,0.0451870278085455,24.0,227.1,187.0,15.0,0.0,0.0,0.0,2.0,0.0,0.0,0.0,0.0,1.0,11.0,1.0,-5.0,C,2001,-0.87,27,5,,,,,,,,,,,,,,,,,,
Fernando Seguignol,MON,46,54,0,0,5,0,0.037037037,0.314814814,0.04,0.205882352,0.14,0.185185185,0.18,0.1576683588747708,,-19.0830906015581,-0.0018576149013824,-8.404856305109046,-1.4075213968753817,-0.7881135790634175,Fernando Seguignol,1836,136663,50,7,5,2,0,2,1,17,1,1,0,4,0,0.117647058,0.365185185,0.14285714,,,,-0.0018576149013824,-1.042507935960953,-7.743081931670372,-0.5372580289840698,-1.0920860767364502,0.5548279881477356,-8.361000061035156,-0.848346471786499,0.878085196018219,0.8891655206680298,29,-0.7976107597351074,0.1857589355381732,5.0,62.1,28.0,4.0,2.0,0.0,0.0,3.0,0.0,0.0,0.0,0.0,0.0,0.0,2.92,-1.0,LF,2001,-0.87,9,2,,,,,,,,,,,,,,,,,,
Fernando Tatis,MON,41,168,2,20,11,0,0.095238095,0.25595238,0.103448276,0.339805825,0.255172413,0.339285714,0.358620689,0.3119116006862549,,80.76302211523453,-0.0122071836376562,-4.235357755108782,-9.417580842971802,-0.8190384782242617,Fernando Tatis,798,123107,145,37,26,9,0,16,0,43,4,3,0,5,0,0.372093023,0.697906403,1.72373949,,,,-0.0122071836376562,18.67615399729642,-2.170076211577327,-0.6398257613182068,-2.7801997661590576,2.140373945236206,-2.1349997520446777,-0.2400449514389038,0.913609266281128,0.6552000045776367,1,-0.1042000278830528,-0.5961275464230129,40.0,339.2,18.0,54.0,9.0,0.0,0.0,2.0,0.0,0.0,0.0,0.0,0.0,0.0,0.88888889,-10.0,3B,2001,-0.75,52,11,,,,,,,,,,,,,,,,,,
Adam Melhuse,COL,40,79,1,5,8,1,0.075949367,0.227848101,0.070422535,0.222222222,0.183098591,0.240506329,0.253521126,0.2222808674920963,,8.311220719411867,0.1957540260627865,-9.269531527206905,-1.7911522388458252,-0.8346309650165313,Adam Melhuse,294,282597,71,13,10,2,0,6,0,18,0,2,0,3,0,0.333333333,0.494027455,3.286407785919201,,,,0.1957540260627865,2.7926159737178615,-7.01007561259777,-0.2709778845310211,-1.450531840324402,1.179554104804993,-7.934999942779541,-0.707072913646698,0.8885950446128845,0.9582889080047609,18,-0.5903853178024292,0.2854343886093992,16.0,143.0,105.0,4.0,1.0,0.0,0.0,0.0,0.0,0.0,0.0,0.0,2.0,3.0,1.9908256899999999,-3.0,C,2001,-0.96,18,3,,,,,,,,,,,,,,,,,,
Eric Munson,DET,17,69,1,4,6,0,0.04347826,0.304347826,0.121212121,0.204545454,0.151515151,0.188405797,0.272727272,0.2002277063286822,,16.598301745941676,-0.4344099662266671,-7.690227870936323,-3.2517147064208984,-0.8395723812326846,Eric Munson,481,276347,66,10,5,3,1,3,0,21,0,0,0,2,1,0.142857142,0.461133069,4.700190680690263,,,,-0.4344099662266671,1.151951797665279,-7.409892752407868,-0.9997941255569458,-1.5509860515594482,0.5511919856071472,-9.878000259399414,-0.9230169653892516,0.9495156407356262,,0,-0.8547452688217163,-0.1982064495747988,17.0,146.0,142.0,14.0,1.0,0.0,0.0,14.0,0.0,0.0,0.0,0.0,0.0,0.0,0.99363057,-2.0,1B,2001,-0.8,18,5,,,,,,,,,,,,,,,,,,
Andy Sheets,TBD,49,174,1,10,14,2,0.068965517,0.201149425,0.071895425,0.243697478,0.196078431,0.251497005,0.267973856,0.2334870282047523,,35.585415262797646,0.3912426785682328,-13.740504197303649,-0.9115231037139891,-0.8481395778710087,Andy Sheets,1226,122109,153,30,21,8,0,12,0,35,0,2,7,0,0,0.342857142,0.519470861,3.18697019458555,,,,0.3912426785682328,7.800208193431634,-13.790530237187609,-1.2721458673477173,-3.116881847381592,1.8447359800338743,-14.32800006866455,-1.4061464071273804,0.9148616790771484,,0,-1.1823736429214478,-0.2081599168960028,47.0,406.0,80.0,122.0,2.0,0.0,0.0,29.0,0.0,0.0,0.0,0.0,0.0,0.0,0.99019608,-3.0,SS,2001,-0.67,41,9,,,,,,,,,,,,,,,,,,
Rod Barajas,ARI,51,111,3,9,9,0,0.036036036,0.234234234,0.113207547,0.181818181,0.160377358,0.19090909,0.273584905,0.2022344995628703,,10.602748073899852,-0.0039806033601053,-12.97092313473377,0.3862569332122803,-0.8787819148152259,Rod Barajas,45,150148,106,17,11,3,0,4,0,26,0,0,0,0,0,0.153846153,0.464493995,1.60119047125,,,,-0.0039806033601053,2.041565949711635,-11.731836152579948,-1.0483700037002563,-2.2843081951141357,1.2359379529953003,-13.623000144958496,-1.3620330095291138,0.96927809715271,0.0425333343446254,3,-0.992220103740692,-0.089378672482439,31.0,278.1,179.0,11.0,1.0,0.0,0.0,3.0,0.0,0.0,0.0,0.0,0.0,12.0,0.9947644,-2.0,C,2001,-0.98,29,6,,,,,,,,,,,,,,,,,,
John Mabry,- - -,87,174,6,14,20,1,0.074712643,0.264367816,0.162337663,0.25,0.207792207,0.287356321,0.37012987,0.2864432276328864,,73.06082791218216,0.1904465549159795,-6.073199971314612,-8.479196958243847,-0.8808192295858334,John Mabry,1381,118065,154,32,19,7,0,13,1,46,5,2,0,6,0,0.282608695,0.657486191,2.3742052024532176,,,,0.1904465549159795,15.60480455498574,-5.985933875633496,-0.8496262282133102,-3.503217965364456,2.6535918712615967,-10.42799997329712,-1.007305696606636,1.0809634518623352,1.4714478254318235,46,-0.1744029000401497,-0.6115868822688949,30.0,257.5,54.0,3.0,2.0,0.0,0.0,1.0,0.0,0.0,0.0,0.0,0.0,0.0,2.95652174,-7.0,RF,2001,-1.15,57,13,,,,,,,,,,,,,,,,,,
Marquis Grissom,LAD,135,468,21,56,60,7,0.034188034,0.228632478,0.183035715,0.242236024,0.220982142,0.25,0.404017857,0.2783201489693079,,69.23287451258176,-0.7821340054506436,-19.597956807612157,-4.791955083608627,-0.8961189922753108,Marquis Grissom,652,115174,448,99,60,17,1,16,0,107,2,2,0,12,5,0.14953271,0.654017857,4.295954457879363,,,,-0.7821340054506436,38.728314079666795,-19.343327216481505,-1.1966781616210938,-9.93515396118164,8.738475799560547,-13.662400245666504,-1.3700673580169678,1.0647958517074585,1.3062700033187866,20,-1.4718408584594729,0.3479839616635707,101.0,937.3000000000001,226.0,6.0,0.0,0.0,0.0,2.0,0.0,0.0,0.0,0.0,0.0,0.0,3.0,-5.0,CF,2001,-1.05,181,39,,,,,,,,,,,,,,,,,,
Derek Bell,PIT,46,183,5,14,13,0,0.136612021,0.207650273,0.115384615,0.194690265,0.173076923,0.287292817,0.288461538,0.2532342005182396,,46.92288685379663,-0.8749235242721625,-13.567471741219352,-1.8621379137039185,-0.92163527136877,Derek Bell,1000801,110818,156,27,19,3,0,25,5,38,0,0,2,4,2,0.657894736,0.575754355,1.33323963228431,,,,-0.8749235242721625,11.260498462549576,-11.4470023006879,-1.353619933128357,-3.2142601013183594,1.860640048980713,-11.949999809265137,-1.184272289276123,0.9219138622283936,0.9559999704360962,1,-0.9228743314743042,-0.5453972593839458,42.0,371.1,78.0,3.0,1.0,0.0,0.0,1.0,0.0,0.0,0.0,0.0,0.0,0.0,2.98648649,0.0,RF,2001,-1.22,45,8,,,,,,,,,,,,,,,,,,
Travis Fryman,CLE,98,370,3,34,38,1,0.081081081,0.17027027,0.071856288,0.313653136,0.263473053,0.327027027,0.335329341,0.2961626962271486,,77.47817893778017,-0.6916420554043725,-11.198373167012,-10.849451780319214,-0.926464751626512,Travis Fryman,385,114465,334,88,70,15,0,30,1,63,3,3,0,8,2,0.476190476,0.662356368,1.678372180381742,,,,-0.6916420554043725,36.202906977333946,-9.708433363638,-1.7689217329025269,-7.238825798034668,5.469903945922852,-14.145000457763672,-1.335515379905701,1.0291823148727417,0.3032000064849853,1,-1.8414479494094849,0.1226837350037468,94.0,793.0,66.0,139.0,12.0,0.0,0.0,15.0,0.0,0.0,0.0,0.0,0.0,0.0,1.94392523,-12.0,3B,2001,-1.06,112,18,,,,,,,,,,,,,,,,,,
Ruben Mateo,TEX,40,147,1,18,13,1,0.061224489,0.19047619,0.093023256,0.303921568,0.248062015,0.321917808,0.341085271,0.2968441464313089,,73.16568187285293,0.1896504342439584,-4.783943092327728,-9.699243545532228,-0.9347251040291226,Ruben Mateo,340,150288,129,32,24,5,2,9,0,28,6,2,1,4,0,0.321428571,0.663003079,6.09816769739097,,,,0.1896504342439584,14.468052892893857,-3.772398539870675,-0.4673698842525482,-2.51070785522461,2.0433380603790283,-3.1610000133514404,-0.2394671738147735,0.8587390780448914,2.935800075531006,1,-0.1879583895206451,-0.3562929392026484,37.0,330.1,70.0,0.0,1.0,0.0,0.0,0.0,0.0,0.0,0.0,0.0,0.0,0.0,0.98591549,-8.0,RF,2001,-0.63,44,8,,,,,,,,,,,,,,,,,,
Jacob Cruz,- - -,72,166,4,19,18,0,0.090361445,0.301204819,0.118055556,0.29347826,0.215277777,0.303030303,0.333333333,0.2857345931457751,,59.24248131727709,-1.7400282269227318,-10.540196195794916,-4.806471671909094,-0.962631869589183,Jacob Cruz,463,112901,144,31,22,5,0,15,0,50,4,2,1,4,4,0.3,0.636363636,2.781421336415413,,,,-1.7400282269227318,14.758942121264344,-5.839118680360908,-1.3118538856506348,-3.4449819326400757,2.1331281661987305,-12.197200298309326,-1.0057683140039444,0.9655951670435972,1.0193000063300133,32,-0.9430580735206604,-0.4155380860553992,30.0,287.4,66.0,1.0,3.0,0.0,0.0,0.0,0.0,0.0,0.0,0.0,0.0,0.0,2.89655172,-4.0,LF,2001,-1.02,48,9,,,,,,,,,,,,,,,,,,
Glenallen Hill,ANA,16,66,1,4,2,0,0.0,0.303030303,0.045454545,0.177777777,0.136363636,0.136363636,0.181818181,0.1375630010258067,,-28.28873179241096,-0.0021229884587228,-10.677785540202184,-1.7283949851989746,-0.988217764998095,Glenallen Hill,1005820,115935,66,9,8,0,0,0,0,20,0,0,0,3,0,0.0,0.318181817,1.86160714,,,,-0.0021229884587228,-2.396637205702737,-10.586227644903138,-1.6836539506912231,-2.140333890914917,0.4566799998283386,-12.751999855041504,-1.2338910102844238,1.171467423439026,,0,-1.1761962175369265,-0.2610216828538447,,,,,,,,,,,,,,,,,,2001,-1.08,12,1,,,,,,,,,,,,,,,,,,
Enrique Wilson,- - -,94,241,2,17,20,0,0.037344398,0.15352697,0.070175439,0.240837696,0.210526315,0.238493723,0.280701754,0.2285261129235622,,33.172280409859404,-2.173642072477378,-23.0453939969905,4.706677258014679,-0.9926592776091164,Enrique Wilson,858,124388,228,48,37,8,1,9,0,37,0,2,2,10,5,0.243243243,0.519195477,3.007010580121933,,,,-2.173642072477378,9.869531134607056,-20.034882438836835,-2.4811241030693054,-5.553140163421631,3.07201611995697,-28.1540002822876,-2.7875609397888184,1.0898001155545634,1.5209738949070806,23,-2.1851318180561066,-0.091546324712068,51.0,499.6,86.0,165.0,6.0,0.0,0.0,34.0,0.0,0.0,0.0,0.0,0.0,0.0,2.95227985,3.0,SS,2001,-1.1099999999999999,64,11,,,,,,,,,,,,,,,,,,
Aubrey Huff,TBD,111,434,8,42,45,1,0.052995391,0.165898617,0.124087591,0.283987915,0.248175182,0.288018433,0.372262773,0.2860378271175755,,70.84136253341225,-1.1204791769268925,-17.07630717467032,-8.419410467147827,-1.0324328936786349,Aubrey Huff,1213,333492,411,102,68,25,1,23,2,72,0,0,0,18,3,0.319444444,0.660281206,2.440014187729872,,,,-1.1204791769268925,38.74801395672625,-15.1047474161976,-2.0472958087921143,-7.854996204376221,5.807699680328369,-23.530000686645508,-2.2963407039642334,0.888690710067749,0.9847999811172484,1,-1.9997711181640625,-0.3039502841177723,88.0,767.0,170.0,141.0,20.0,0.0,0.0,26.0,0.0,0.0,0.0,0.0,0.0,0.0,1.88402537,-6.0,3B,2001,-0.83,153,34,,,,,,,,,,,,,,,,,,
Ricky Ledee,TEX,78,272,2,33,36,3,0.084558823,0.213235294,0.119834711,0.291891891,0.231404958,0.302583025,0.351239669,0.2892241405385007,,68.05347555979033,-0.7122525906888768,-11.668325434630445,-8.369682312011719,-1.0487885074737715,Ricky Ledee,1407,133342,242,56,32,21,1,23,0,58,3,3,1,3,3,0.396551724,0.653822694,4.197291284503967,,,,-0.7122525906888768,25.01758583697427,-8.733453548821327,-1.0353398323059082,-5.208042144775391,4.172701835632324,-9.826000213623049,-0.903153657913208,1.0341665744781494,1.3440545797348022,11,-1.188422679901123,0.1872881839149702,62.0,563.1,137.0,1.0,3.0,0.0,0.0,0.0,0.0,0.0,0.0,0.0,0.0,0.0,2.97368421,-6.0,RF,2001,-0.89,85,24,,,,,,,,,,,,,,,,,,
Dee Brown,KCR,106,406,7,39,40,5,0.054187192,0.199507389,0.105263158,0.292517006,0.244736842,0.286419753,0.35,0.2750853161859393,,56.32012866300169,-0.3196830443339422,-22.6795787872218,-2.608709812164306,-1.0864880369735213,Dee Brown,593,150202,380,93,67,19,0,22,4,81,1,2,1,12,3,0.271604938,0.636419753,3.057360160127431,,,,-0.3196830443339422,32.4866930326277,-17.891696638817194,-2.0425844192504883,-7.9535322189331055,5.910947799682617,-16.663000106811523,-1.569425106048584,1.0071887969970703,0.7928000092506409,5,-1.4273927211761477,-0.6006127782301665,79.0,701.0,159.0,3.0,2.0,0.0,0.0,1.0,0.0,0.0,0.0,0.0,0.0,0.0,2.82692307,3.0,LF,2001,-0.41,133,26,,,,,,,,,,,,,,,,,,
Michael Barrett,MON,132,506,6,42,38,2,0.049407114,0.106719367,0.116525423,0.269879518,0.25,0.288844621,0.366525423,0.2839152708053589,,62.64018784311194,-0.0593550746561959,-24.76212419339188,-3.346364974975586,-1.1561493732468937,Michael Barrett,762,136664,472,118,77,33,2,25,2,54,2,3,4,14,1,0.462962962,0.655370044,2.9238217167939915,,,,-0.0593550746561959,44.26775535624276,-18.51910467762698,-2.908067464828491,-9.64334774017334,6.7352800369262695,-26.47100067138672,-2.6153080463409424,0.9516295194625854,0.2669999897480011,2,-1.6168911457061768,-1.438990797164581,129.0,1126.0,881.0,50.0,7.0,0.0,0.0,6.0,0.0,0.0,0.0,0.0,8.0,46.0,0.99253731,-13.0,C,2001,-1.17,173,41,,,,,,,,,,,,,,,,,,
Harold Baines,CHW,32,94,0,3,6,0,0.085106382,0.170212765,0.011904762,0.157142857,0.13095238,0.202127659,0.142857142,0.1674886675591164,,-9.806396988213889,-0.0047767240321263,-13.018988972439756,-2.3765430450439453,-1.1852962401927636,Harold Baines,1000434,110456,84,11,10,1,0,8,0,16,0,2,0,2,0,0.5,0.344984801,0.50469924,,,,-0.0047767240321263,-1.0338845378983286,-12.697846678577688,-0.9773120880126952,-1.9330979585647583,0.9557859897613524,-10.003000259399414,-0.9541093111038208,1.1060583591461182,1.688075065612793,8,-1.136999249458313,0.2534002242068928,,,,,,,,,,,,,,,,,,2001,-1.19,12,1,,,,,,,,,,,,,,,,,,
Ryan Minor,MON,55,107,2,10,13,0,0.084112149,0.289719626,0.084210527,0.203125,0.157894736,0.233644859,0.242105263,0.217519653177707,,19.660383712348334,-0.4378598224720917,-11.671072187958456,-4.057728141546249,-1.2033740160069075,Ryan Minor,1008983,136861,95,15,11,2,0,9,0,31,1,2,0,3,1,0.29032258,0.475750122,2.4463229749999247,,,,-0.4378598224720917,3.3514637586691585,-9.925599529125432,-0.9617780447006226,-2.250204086303711,1.2884258031845093,-9.873000144958496,-0.9812748432159424,0.9386672377586364,1.0606966018676758,29,-0.7983673810958862,-0.2262534920019865,17.0,170.1,15.0,20.0,2.0,0.0,0.0,0.0,0.0,0.0,0.0,0.0,0.0,0.0,1.71969697,-4.0,3B,2001,-1.41,23,4,,,,,,,,,,,,,,,,,,
Scott Hatteberg,BOS,94,316,3,34,25,1,0.104430379,0.082278481,0.100719425,0.26,0.244604316,0.332278481,0.345323741,0.305409149089946,,82.1738926087343,-0.2543129800469614,-7.356727105023636,-15.87734079360962,-1.2439351084333452,Scott Hatteberg,916,115608,278,68,46,19,0,33,0,26,4,1,0,7,1,1.269230769,0.677602222,2.1887602516174844,,,,-0.2543129800469614,33.390836692083795,-5.819929653178732,-0.784287691116333,-5.935873985290527,5.151586055755615,-5.395999908447266,-0.5362139940261841,1.0503249168395996,2.0797555446624756,18,-0.8532567024230957,0.1065471094751969,65.0,581.2,491.0,29.0,4.0,0.0,0.0,3.0,0.0,0.0,0.0,0.0,13.0,27.0,0.99236641,-20.0,C,2001,-1.16,96,22,,,,,,,,,,,,,,,,,,
Geoff Blum,MON,148,514,9,57,50,9,0.083657587,0.182879377,0.114790287,0.276056338,0.23620309,0.313111545,0.350993377,0.2894906234551613,,66.2492749095548,-0.3927489417837932,-23.06197352520744,-6.712162435054779,-1.277199669482698,Geoff Blum,550,150398,453,107,73,25,0,43,8,94,10,5,3,12,5,0.457446808,0.664104922,3.636370899196435,,,,-0.3927489417837932,47.391742966258015,-16.387794696605717,-1.7470221519470217,-9.42846393585205,7.681441783905029,-6.900099754333496,-0.8063787221908569,0.954560935497284,1.1444000005722046,16,-1.7330920696258545,-0.0970919311858908,120.0,1075.3,215.0,180.0,8.0,0.0,0.0,27.0,0.0,0.0,0.0,0.0,0.0,0.0,4.94231528,-6.0,3B,2001,-1.06,159,34,,,,,,,,,,,,,,,,,,
Donaldo Mendez,SDP,46,127,1,11,5,1,0.039370078,0.291338582,0.059322034,0.2125,0.152542372,0.206349206,0.211864406,0.183534447704592,,8.355693850875841,-0.6698814237024635,-15.878845950228552,-1.4533593654632568,-1.293703814496318,Donaldo Mendez,1047,400148,118,18,14,2,1,5,2,37,3,0,1,2,2,0.135135135,0.418213612,5.13505089485674,,,,-0.6698814237024635,0.3269287572583015,-15.43182860302126,-1.406307816505432,-2.579019784927368,1.1727118492126465,-18.695999145507812,-1.9839521646499632,0.9445070028305054,,0,-1.5530251264572144,0.0640919451351078,34.0,300.2,46.0,91.0,12.0,0.0,0.0,15.0,0.0,0.0,0.0,0.0,0.0,0.0,0.91946309,-3.0,SS,2001,-1.4,25,4,,,,,,,,,,,,,,,,,,
Pedro Feliz,SFG,94,238,7,23,22,2,0.042016806,0.210084033,0.145454545,0.259036144,0.227272727,0.263829787,0.372727272,0.2703228511012163,,62.158726414042825,-0.043698034773115,-11.812523987059375,-9.219821989536284,-1.3159206869863889,Pedro Feliz,1112,150268,220,50,33,9,1,10,2,50,2,3,3,5,1,0.2,0.636557059,3.966240606826058,,,,-0.043698034773115,18.08513190937565,-11.447027553195497,-1.0712618827819824,-4.4937920570373535,3.422530174255371,-18.63599967956543,-1.850555658340454,0.9828976392745972,0.8996461629867554,13,-0.9803754091262816,-0.1095263669860306,51.0,518.0,40.0,79.0,12.0,0.0,0.0,6.0,0.0,0.0,0.0,0.0,0.0,0.0,0.90839695,-10.0,3B,2001,-1.38,82,17,,,,,,,,,,,,,,,,,,
Juan Castro,CIN,96,261,3,27,13,0,0.049808429,0.191570881,0.078512397,0.267015706,0.223140495,0.260700389,0.301652892,0.2450147956025366,,39.66239970630882,-0.0137994249816983,-20.592548874393835,-5.13843035697937,-1.6944667478864293,Juan Castro,315,112128,242,54,41,10,0,13,2,50,0,2,4,9,0,0.26,0.562353281,1.86160714,,,,-0.0137994249816983,14.245390704413149,-18.140716941515713,-2.0963797569274902,-4.738036155700684,2.641655921936035,-21.701000213623047,-2.084456443786621,0.9124196767807008,1.288866639137268,12,-2.1779253482818604,-0.1196793727431919,57.0,579.4,95.0,164.0,8.0,0.0,0.0,28.0,0.0,0.0,0.0,0.0,0.0,0.0,3.90277777,-7.0,SS,2001,-1.95,73,13,,,,,,,,,,,,,,,,,,
Pat Meares,PIT,86,284,4,27,25,0,0.035211267,0.158450704,0.092592592,0.238738738,0.211111111,0.243816254,0.303703703,0.2354110530444554,,35.38544786628838,-0.8778426334029064,-24.85728706916396,-1.8940333127975464,-1.7113346238855986,Pat Meares,1008712,118897,270,57,41,11,1,10,3,45,2,1,1,9,2,0.222222222,0.547519957,3.11399427375797,,,,-0.8778426334029064,13.19358975537054,-22.046466073916037,-2.4024343490600586,-6.051328182220459,3.648894071578979,-20.058000564575195,-2.0291101932525635,0.986886203289032,1.5928666591644287,3,-1.9359008073806765,-0.4984572179452198,75.0,645.0,150.0,213.0,10.0,0.0,0.0,53.0,0.0,0.0,0.0,0.0,0.0,0.0,0.97319035,-3.0,2B,2001,-1.71,82,16,,,,,,,,,,,,,,,,,,
Peter Bergeron,MON,102,416,3,53,16,10,0.067307692,0.209134615,0.074666667,0.266666666,0.210666666,0.274509803,0.285333333,0.251064012056501,,41.37461766055653,-1.0504231818486005,-32.91949810682989,-5.548239588737488,-2.442645689280659,Peter Bergeron,763,150395,375,79,61,11,4,28,2,87,5,0,8,5,7,0.32183908,0.559843136,6.45457496362158,,,,-1.0504231818486005,24.83396495958597,-26.78527174810141,-2.7097902297973633,-7.398811817169189,4.689022064208984,-24.391199111938477,-2.4171810150146484,0.8927213549613953,0.1976000070571899,1,-2.072789192199707,-0.962637500281,97.0,846.2,220.0,6.0,1.0,0.0,0.0,1.0,0.0,0.0,0.0,0.0,0.0,0.0,0.99559471,-7.0,CF,2001,-1.94,107,18,,,,,,,,,,,,,,,,,,
