Name,PlayerId,MLBAMID,Pos,Team,fWAR,fWAR,bWAR,Off,Def,BsR,Barrel%,HardHit%,EV,maxEV,wRC+,wOBA,xwOBA,wOBA-xwOBA,xBA,xSLG,OPS,SLG,OBP,AVG,ISO,BABIP,G,PA,AB,R,RBI,HR,XBH,TB,H,1B,2B,3B,SB,BB,IBB,SO,K%,BB%,Chase%,Whiff%,WPA,Clutch,FRV,OAA,DRS,FRM,TZ,Swing%,Z-Swing%,O-Contact%,Z-Contact%,Zone%,BatSpd,Squared-Up%,Inn
Stan Musial,1009405,119602.0,OF,STL,9.791351065395194,,9.47,63.418644051973715,6.577218055725098,1.1246434464119377,,,,,177.26505985399783,0.4603659747823447,,,,,0.987869035,0.562398703,0.425470332,0.356564019,0.205834684,0.35324232,157,701,617,108,81,13,81,347,220,139,48,20,9,72,,18.0,0.025677603,0.102710413,,,,,,,,,13.0,,,,,,,,0.0
Josh Gibson,1015243,,C,HG,8.123932581708424,,0.0,60.75733474037399,3.3594621419906616,0.4258588077500462,,,,,251.04915217558352,0.6390091636717714,,,,,1.427072528,0.867469879,0.559602649,0.465863453,0.401606426,,69,302,249,93,109,20,51,216,116,65,22,9,4,52,,,,0.17218543,,,,,,,,,5.0,,,,,,,,721.1
Luke Appling,1000284,110297.0,SS,CHW,7.703932295970207,,7.3,36.24441773032876,12.567901611328123,1.575313942041248,,,,,145.4330439817234,0.3990412972558885,,,,,0.825476659,0.406837606,0.418639053,0.328205128,0.078632478,0.341772151,155,677,585,63,80,3,38,238,192,154,33,2,27,90,,29.0,0.042836041,0.132939438,,,,,,,,,3.0,,,,,,,,0.0
Lou Boudreau,1001234,111272.0,SS,CLE,7.475969037908004,,8.05,21.490921187937023,27.35205364227295,-2.507363093085587,,,,,132.8060079370478,0.3756898016163958,,,,,0.775672431,0.387755102,0.387917329,0.285714285,0.102040817,0.2990099,152,649,539,69,67,3,42,209,154,112,32,7,4,90,,31.0,0.047765793,0.138674884,,,,,,,,,18.0,,,,,,,,0.0
Bill Nicholson,1009554,119774.0,OF,CHC,7.112668277938571,,6.68,48.72424385591091,-3.65432071685791,0.1785451304167509,,,,,161.7091543818039,0.4300677589854302,,,,,0.917214912,0.53125,0.385964912,0.309210526,0.222039474,0.322515212,154,684,608,95,128,29,68,323,188,120,30,9,4,71,,86.0,0.125730994,0.103801169,,,,,,,,,3.0,,,,,,,,0.0
Charlie Keller,1006768,116919.0,OF,NYY,6.952544047906608,,6.61,44.111654794244686,-0.092592716217041,-1.1010065656155348,,,,,164.6973170293644,0.4324925898734034,,,,,0.921830754,0.525390625,0.396440129,0.271484375,0.25390625,0.256532066,141,620,512,97,86,31,57,269,139,82,15,11,7,106,,60.0,0.096774193,0.170967741,,,,,,,,,6.0,,,,,,,,0.0
Joe Gordon,1004874,114967.0,2B,NYY,6.731046172211202,,6.51,18.311353984318966,23.567901134490967,-2.4534613941796124,,,,,128.34213786681295,0.3748959276946855,,,,,0.777997359,0.41252302,0.365474339,0.248618784,0.163904236,0.261640798,152,650,543,82,69,17,50,224,135,85,28,5,4,98,,75.0,0.115384615,0.15076923,,,,,,,,,17.0,,,,,,,,0.0
Rudy York,1014354,124678.0,1B,DET,6.524658644374725,,6.07,35.75419212485181,3.302469253540039,-1.453446249011904,,,,,149.93999963844058,0.4178142265030524,,,,,0.892999017,0.527145359,0.365853658,0.27145359,0.255691769,0.26948775,155,661,571,90,118,34,67,301,155,88,22,11,5,84,,88.0,0.133131618,0.127080181,,,,,,,,,10.0,,,,,,,,0.0
Lou Klein,1006993,117142.0,2B,STL,6.078963976859368,,6.53,11.912253705949151,24.47604084014893,1.219764091540128,,,,,113.3959743476377,0.3571172555872899,,,,,0.751567296,0.409888357,0.341678939,0.287081339,0.122807018,0.314545454,154,694,627,91,62,7,49,257,180,131,28,14,9,50,,70.0,0.100864553,0.072046109,,,,,,,,,17.0,,,,,,,,0.0
Augie Galan,1004440,114525.0,OF,BRO,5.513220993993283,,5.98,27.540506867271333,5.629629611968994,0.5373261901549995,,,,,138.87164539460065,0.3971124719580015,,,,,0.817727272,0.406060606,0.411666666,0.286868686,0.11919192,0.297539149,139,604,495,83,67,9,38,201,142,104,26,3,6,103,,39.0,0.064569536,0.170529801,,,,,,,,,8.0,,,,,,,,0.0
Bobby Doerr,1003355,113419.0,2B,BOS,5.12661538141186,,5.17,10.848180351820734,14.69753074645996,-2.0027379426173866,,,,,116.86573822191296,0.3586853750642093,,,,,0.751082239,0.412251655,0.338830584,0.269867549,0.142384106,0.277882797,155,676,604,78,75,16,51,249,163,112,32,3,8,62,,59.0,0.087278106,0.091715976,,,,,,,,,8.0,,,,,,,,0.0
Arky Vaughan,1013377,123671.0,SS,BRO,4.970910727016429,,5.44,22.868497355185823,1.9126982688903809,3.3690331135876477,,,,,124.7506750360958,0.3742849632854093,,,,,0.783099895,0.413114754,0.369985141,0.304918032,0.108196722,0.305743243,149,685,610,112,66,5,50,252,186,136,39,6,20,60,,13.0,0.018978102,0.08759124,,,,,,,,,-4.0,,,,,,,,0.0
Roy Cullenbine,1002861,112924.0,OF,CLE,4.853382192706664,,5.16,27.987667925002903,-2.790123462677002,-1.5644127698615191,,,,,143.8434548201891,0.3931761712090582,,,,,0.81052613,0.403688524,0.406837606,0.288934426,0.114754098,0.315165876,138,598,488,66,56,8,36,197,141,105,24,4,3,96,,58.0,0.096989966,0.160535117,,,,,,,,,3.0,,,,,,,,0.0
Billy Herman,1005692,115809.0,2B,BRO,4.819296830886187,,4.3,26.704613656249563,-2.9772729873657227,0.1214727433398366,,,,,134.86163131170522,0.390630011551208,,,,,0.814943479,0.417094017,0.397849462,0.329914529,0.087179488,0.342908438,153,663,585,76,100,2,45,244,193,148,41,2,4,66,,26.0,0.039215686,0.099547511,,,,,,,,,-8.0,,,,,,,,0.0
Lonny Frey,1004343,114427.0,2B,CIN,4.76272099060193,,5.29,2.793689955386504,22.222222328186035,0.7658623866736889,,,,,102.6433832257125,0.3329374491268054,,,,,0.681903013,0.334470989,0.347432024,0.262798634,0.071672355,0.287878787,144,667,586,78,43,2,30,196,154,124,20,8,7,76,,56.0,0.08395802,0.113943028,,,,,,,,,16.0,,,,,,,,0.0
Stan Spence,1012328,122575.0,OF,WAS,4.510363347825642,,4.37,21.496425573166707,-1.9135801792144775,0.5975617002695799,,,,,127.96578648520588,0.3710038952292007,,,,,0.770968771,0.405263157,0.365705614,0.266666666,0.138596491,0.269749518,149,663,570,72,88,12,45,231,152,107,23,10,8,84,,39.0,0.058823529,0.126696832,,,,,,,,,-1.0,,,,,,,,0.0
Bob Elliott,1003733,113813.0,3B,PIT,4.464555491963174,,4.83,23.40100325110702,-1.851851850748062,0.1943985712714493,,,,,131.3801902191936,0.3890783290691136,,,,,0.82023751,0.444061962,0.376175548,0.314974182,0.12908778,0.32,156,643,581,82,101,7,49,258,183,134,30,12,4,56,,24.0,0.037325038,0.087091757,,,,,,,,,-2.0,,,,,,,,0.0
Eric Tipton,1013080,123358.0,OF,CIN,4.351764695294566,,4.34,26.58474520861172,-4.0061726570129395,-0.3929186849854886,,,,,140.09621833036852,0.393482503500478,,,,,0.818762677,0.423935091,0.394827586,0.288032454,0.135902637,0.296875,140,585,493,82,49,9,42,209,142,100,26,7,1,85,,36.0,0.061538461,0.145299145,,,,,,,,,2.0,,,,,,,,0.0
Marty Marion,1008108,118286.0,SS,STL,4.167531447589763,,4.2,-3.738439920995583,29.90123462677002,-0.218530835583806,,,,,93.38994008664312,0.3247761409894555,,,,,0.67139137,0.337320574,0.334070796,0.279904306,0.057416268,0.305263157,129,463,418,38,52,1,19,141,117,98,15,3,1,32,,37.0,0.079913606,0.06911447,,,,,,,,,22.0,,,,,,,,0.0
Elbie Fletcher,1004150,114235.0,1B,PIT,4.124552864104167,,4.14,20.519083497179217,-1.6543207168579102,-0.4880393301136791,,,,,128.2304131882605,0.3839865003445352,,,,,0.790569425,0.395220588,0.395348837,0.283088235,0.112132353,0.298353909,154,647,544,91,70,9,38,215,154,116,24,5,1,95,,49.0,0.075734157,0.14683153,,,,,,,,,5.0,,,,,,,,0.0
Jeff Heath,1005560,115674.0,OF,CLE,4.09547317723534,,4.26,24.581470256481968,-2.814814567565918,-2.4727397365495563,,,,,149.18502805740212,0.4016387010695504,,,,,0.849984534,0.481132075,0.368852459,0.273584905,0.20754717,0.281609195,118,488,424,58,79,18,46,204,116,70,22,6,5,63,,58.0,0.118852459,0.12909836,,,,,,,,,2.0,,,,,,,,0.0
Bill Dickey,1003271,113340.0,C,NYY,3.939970512273193,,4.08,22.85751961793829,4.1913580894470215,-0.3043936295434832,,,,,172.35590491838346,0.4446259119906611,,,,,0.936965218,0.491735537,0.445229681,0.351239669,0.140495868,0.358407079,85,284,242,29,33,4,24,119,85,61,18,2,2,41,,12.0,0.042253521,0.144366197,,,,,,,,,2.0,,,,,,,,0.0
Dick Wakefield,1013498,123800.0,OF,DET,3.923851018385887,,3.3,21.687620565666553,-8.697530746459961,-1.7675910261459649,,,,,129.8555080406842,0.3859948350371217,,,,,0.811417595,0.434439178,0.376978417,0.315955766,0.118483412,0.340989399,155,697,633,91,79,7,53,275,200,147,38,8,4,62,,60.0,0.086083213,0.088952654,,,,,,,,,-2.0,,,,,,,,0.0
Vern Stephens,1012501,122749.0,SS,SLB,3.9041130634370425,,3.59,23.835316948473636,-7.925925731658936,-0.6375701008364558,,,,,138.02480419235565,0.3960965117801626,,,,,0.839312334,0.482421875,0.356890459,0.2890625,0.193359375,0.302158273,137,571,512,75,91,22,52,247,148,96,27,3,3,54,,73.0,0.127845884,0.094570928,,,,,,,,,-15.0,,,,,,,,0.0
Billy Johnson,1006426,116640.0,3B,NYY,3.856644571162848,,3.58,3.798968762829604,11.0,-1.9010065775364635,,,,,107.7205735674277,0.3422256644775026,,,,,0.7101596,0.366554054,0.343605546,0.280405405,0.086148649,0.289048473,155,655,592,70,94,5,35,217,166,131,24,6,3,53,,30.0,0.045801526,0.08091603,,,,,,,,,11.0,,,,,,,,0.0
Vince DiMaggio,1003312,113377.0,OF,PIT,3.6343368240425673,,2.94,7.378687126992862,7.09876549243927,1.705372678115964,,,,,107.57723588603896,0.350599235021151,,,,,0.732679044,0.403448275,0.329230769,0.248275862,0.155172413,0.293849658,157,651,580,64,88,15,58,234,144,86,41,2,11,70,,126.0,0.193548387,0.107526881,,,,,,,,,8.0,,,,,,,,0.0
Willard Brown,1001569,111600.0,OF,KCM,3.6070412164228833,,2.79,18.897398707559105,6.87654323130846,0.6065880334936082,,,,,186.4392566710484,0.4326540561908847,,,,,0.922666284,0.532994923,0.389671361,0.340101522,0.192893401,,53,213,197,33,31,7,22,105,67,45,13,2,4,16,,,,0.07511737,,,,,,,,,17.0,,,,,,,,1277.3000000000002
Stan Hack,1005183,115283.0,3B,CHC,3.603322227961785,,3.65,16.02025866094593,-2.0,0.350008939858526,,,,,121.62670262444172,0.3652717505044084,,,,,0.749593495,0.365853658,0.383739837,0.288930581,0.076923077,0.300198807,144,630,533,78,35,3,31,195,154,123,24,4,5,82,,27.0,0.042857142,0.13015873,,,,,,,,,-2.0,,,,,,,,0.0
Jerry Benjamin,1014597,,OF,HG,3.595792663450315,,0.0,17.663255282734962,4.447873830795288,2.0448829606175423,,,,,137.01914411356807,0.4270331183197356,,,,,0.901013191,0.477815699,0.423197492,0.372013651,0.105802048,,70,319,293,83,40,2,23,140,109,86,17,4,12,25,,,,0.078369905,,,,,,,,,12.0,,,,,,,,1735.3
George Case,1002033,112080.0,OF,WAS,3.5741090927589014,,4.25,13.522907776423745,-2.0493826866149902,6.289166745729744,,,,,109.72381998259084,0.3421035732852814,,,,,0.714516276,0.373572593,0.340943683,0.293637846,0.079934747,0.305982905,141,660,613,102,52,1,42,229,180,138,36,5,61,41,,27.0,0.04090909,0.062121212,,,,,,,,,4.0,,,,,,,,0.0
Jerry Priddy,1010533,120764.0,2B,WAS,3.4798559011800454,,3.17,6.2757597959512985,4.671275615692139,-1.4819824425503612,,,,,110.83875773067824,0.3438699431480116,,,,,0.709247042,0.358928571,0.350318471,0.271428571,0.0875,0.308333333,149,635,560,68,62,4,38,201,152,114,31,3,5,67,,76.0,0.119685039,0.105511811,,,,,,,,,-2.0,,,,,,,,0.0
Peanuts Lowrey,1007794,117963.0,OF,CHC,3.4489973025732175,,3.43,9.95993447586373,6.4133932292461395,2.1656157593242824,,,,,112.88390034409666,0.3511384161930639,,,,,0.739805825,0.4,0.339805825,0.291666666,0.108333334,0.305494505,130,526,480,59,63,1,38,192,140,102,25,12,13,35,,24.0,0.045627376,0.066539923,,,,,,,,,6.0,,,,,,,,0.0
Walker Cooper,1002601,112660.0,C,STL,3.352618803959753,,3.23,15.811194928342772,0.4567899703979492,-0.1836532657034695,,,,,129.21649476437375,0.3826922024818177,,,,,0.81218784,0.46325167,0.34893617,0.318485523,0.144766147,0.318289786,122,476,449,52,81,9,43,208,143,100,30,4,1,19,,19.0,0.039915966,0.039915966,,,,,,,,,-3.0,,,,,,,,0.0
Ray Mueller,1009283,119478.0,C,CIN,3.2197995229382537,,3.79,7.606102023550042,7.320987701416016,-0.2343842764385044,,,,,113.74409867155175,0.3508825103852374,,,,,0.726498538,0.3793911,0.347107438,0.259953161,0.119437939,0.273209549,141,496,427,50,52,8,31,162,111,80,19,4,1,56,,42.0,0.084677419,0.112903225,,,,,,,,,3.0,,,,,,,,0.0
Howard Easterling,1015095,,2B,HG,3.1974905645284206,,0.0,12.925712271543148,7.561274528503418,1.3431742819957435,,,,,133.17272064695604,0.4198828107028296,,,,,0.895963684,0.502024291,0.393939393,0.35222672,0.149797571,,63,264,247,47,53,2,23,124,87,64,11,10,8,17,,,,0.064393939,,,,,,,,,8.0,,,,,,,,658.1
Bob Johnson,1006428,116620.0,OF,WAS,3.1892944832096153,,3.28,14.188884744895375,-1.234567642211914,-0.1678376505151391,,,,,125.22213312069472,0.3666571892134034,,,,,0.761919615,0.399543378,0.362376237,0.264840182,0.134703196,0.286089238,117,505,438,65,63,7,37,175,116,79,22,8,11,64,,50.0,0.0990099,0.126732673,,,,,,,,,3.0,,,,,,,,0.0
Ray Sanders,1011418,121671.0,1B,STL,3.162636047664969,,2.98,18.915830441406943,-7.092592716217041,-0.3548704269342124,,,,,129.34379921965012,0.3828979987892315,,,,,0.795520905,0.414225941,0.381294964,0.280334728,0.133891213,0.283410138,144,571,478,69,73,11,37,198,134,97,21,5,1,77,,33.0,0.057793345,0.134851138,,,,,,,,,-1.0,,,,,,,,0.0
Sam Bankhead,1014551,,SS,HG,3.111303721807243,,0.0,-4.7379428591521755,24.382716178894043,3.0956139862537384,,,,,80.0573055643122,0.3211439275982404,,,,,0.648328063,0.301526717,0.346801346,0.259541984,0.041984733,,71,297,262,53,40,1,7,79,68,61,4,2,17,32,,,,0.107744107,,,,,,,,,20.0,,,,,,,,597.1
Tommy Holmes,1005980,116106.0,OF,BSN,3.096230586254366,,3.46,3.9531030525491335,3.9506173133850098,0.8229347737506032,,,,,103.90471956444055,0.3411596227972531,,,,,0.712195504,0.378378378,0.333817126,0.27027027,0.108108108,0.273178807,152,697,629,75,41,5,48,238,170,122,33,10,7,58,,20.0,0.028694404,0.083213773,,,,,,,,,5.0,,,,,,,,0.0
Phil Cavarretta,1002093,112146.0,1B,CHC,3.092955494283337,,3.39,23.898375188556297,-14.833333492279053,0.0039106328040361,,,,,133.50892952225524,0.3844801781601027,,,,,0.802333663,0.420754716,0.381578947,0.290566037,0.130188679,0.304166666,143,620,530,93,73,8,44,223,154,110,27,9,3,75,,42.0,0.067741935,0.120967741,,,,,,,,,-9.0,,,,,,,,0.0
Guy Curtright,1002907,112972.0,OF,CHW,3.0241330600451484,,2.96,14.52066552896104,-5.530864238739014,-2.5552078895270824,,,,,126.48529330424329,0.3690228179097176,,,,,0.761241217,0.37909836,0.382142857,0.290983606,0.088114754,0.327058823,138,572,488,67,48,3,30,185,142,112,20,7,13,69,,60.0,0.104895104,0.12062937,,,,,,,,,0.0,,,,,,,,0.0
Whitey Kurowski,1007215,117369.0,3B,STL,2.978765284284592,,2.78,11.189405851283835,-0.8765432089567184,0.1624450413510203,,,,,116.96923733537872,0.3628936781539573,,,,,0.768427047,0.438697318,0.329729729,0.287356321,0.151340997,0.301098901,139,565,522,69,70,13,45,229,150,105,24,8,3,31,,54.0,0.095575221,0.054867256,,,,,,,,,-1.0,,,,,,,,0.0
Mel Ott,1009904,120117.0,OF,NYG,2.9457709766888565,,3.0,20.142310986334124,-7.796296119689941,0.9085433543659748,,,,,134.6954294363919,0.393138129591443,,,,,0.809634441,0.418421052,0.391213389,0.234210526,0.184210526,0.226114649,125,482,380,65,47,18,32,159,89,57,12,2,7,95,,48.0,0.099585062,0.197095435,,,,,,,,,-3.0,,,,,,,,0.0
Dixie Walker,1013512,123820.0,OF,BRO,2.943891590744267,,3.32,15.102763503922578,-5.962963104248047,0.054641643539071,,,,,121.95285355770396,0.369762094641054,,,,,0.774286786,0.411111111,0.363175675,0.301851851,0.10925926,0.309197651,138,596,540,83,71,5,43,222,163,120,32,6,3,49,,24.0,0.040268456,0.082214765,,,,,,,,,0.0,,,,,,,,0.0
Eddie Miller,1008892,119069.0,SS,CIN,2.904079453038997,,2.97,-23.8864694183548,33.5061731338501,1.1751278089359405,,,,,65.52163933649867,0.272927626213864,,,,,0.564202124,0.293402777,0.270799347,0.223958333,0.069444444,0.239171374,154,632,576,49,71,2,32,169,129,97,26,4,8,33,,43.0,0.068037974,0.052215189,,,,,,,,,24.0,,,,,,,,0.0
Buck Leonard,1015737,,1B,HG,2.897196989758273,,0.0,18.749567146615593,-2.895061731338501,0.0670777480117976,,,,,146.6201214963989,0.4448808520147116,,,,,0.942880901,0.503937007,0.438943894,0.330708661,0.173228346,,67,303,254,71,63,4,28,128,84,56,16,8,2,47,,,,0.155115511,,,,,,,,,0.0,,,,,,,,561.1
Nick Etten,1003848,113923.0,1B,NYY,2.855982062992719,,2.72,16.555479972519464,-12.65432071685791,-2.637607956305146,,,,,125.60596198693288,0.3705610680833391,,,,,0.775323596,0.420240137,0.355083459,0.271012006,0.149228131,0.267657992,154,665,583,78,107,14,54,245,158,104,35,5,3,76,,31.0,0.046616541,0.114285714,,,,,,,,,-6.0,,,,,,,,0.0
Ralph Hodgin,1005888,116010.0,3B,CHW,2.787001680405536,,2.8,10.372804321082818,1.185185194015503,-1.6949118464253845,,,,,124.61238607310842,0.3660556146784687,,,,,0.770891613,0.415233415,0.355658198,0.314496314,0.100737101,0.332460732,117,435,407,52,50,1,31,169,128,97,22,8,3,20,,24.0,0.055172413,0.045977011,,,,,,,,,3.0,,,,,,,,0.0
Mickey Vernon,1013416,123711.0,1B,WAS,2.739813192691792,,2.6,15.900249591829954,-12.179012298583984,1.1782379760406911,,,,,120.47219295103017,0.3591319698189932,,,,,0.744122965,0.386980108,0.357142857,0.267631103,0.119349005,0.287169042,145,638,553,89,70,7,44,214,148,104,29,8,24,67,,55.0,0.086206896,0.105015673,,,,,,,,,-6.0,,,,,,,,0.0
Jake Early,1003632,113699.0,C,WAS,2.6094264054269862,,2.96,5.225755534804049,2.765432119369507,-0.5709932143799961,,,,,110.62568664154456,0.3435323795924584,,,,,0.70753546,0.361702127,0.345833333,0.257683215,0.104018912,0.277333333,126,484,423,37,60,5,31,153,109,78,23,3,5,53,,43.0,0.088842975,0.109504132,,,,,,,,,-1.0,,,,,,,,0.0
Mickey Witek,1014163,124483.0,2B,NYG,2.5906903176509797,,2.62,5.270418684255436,-2.3888888359069824,-0.4753565774299204,,,,,107.43420106230764,0.3490685004274589,,,,,0.725732686,0.369774919,0.355957767,0.313504823,0.056270096,0.318718381,153,672,622,68,55,6,23,230,195,172,17,0,1,41,,23.0,0.03422619,0.061011904,,,,,,,,,-9.0,,,,,,,,0.0
Chet Laabs,1007229,117383.0,OF,SLB,2.5404241047778595,,2.13,8.059895887591878,-6.658741474151611,-2.2090717568062246,,,,,113.7000776593433,0.3575594150312415,,,,,0.746520232,0.408620689,0.337899543,0.25,0.158620689,0.279475982,151,665,580,83,85,17,51,237,145,94,27,7,5,73,,105.0,0.157894736,0.109774436,,,,,,,,,-1.0,,,,,,,,0.0
Milt Byrnes,1001800,111844.0,OF,SLB,2.4957663099188445,,2.53,9.287800198817896,-2.524691343307495,-1.755147356539965,,,,,119.9130505250474,0.3674024829933466,,,,,0.767164652,0.405594405,0.361570247,0.279720279,0.125874126,0.308510638,129,492,429,58,50,4,39,174,120,81,28,7,1,53,,49.0,0.099593495,0.107723577,,,,,,,,,0.0,,,,,,,,0.0
Dick Bartell,1000621,110639.0,3B,NYG,2.480547269933154,,2.6,6.100611472922221,5.037037134170532,0.600493305362761,,,,,112.07624109500826,0.3565726737537043,,,,,0.726927075,0.356083086,0.370843989,0.270029673,0.086053413,0.281967213,99,396,337,48,28,5,19,120,91,72,14,0,5,47,,27.0,0.068181818,0.118686868,,,,,,,,,3.0,,,,,,,,0.0
Ken Keltner,1006821,116966.0,3B,CLE,2.4641761135395233,,2.47,1.711675035730423,6.0,-0.707571888808161,,,,,104.57641334879624,0.3309663135083653,,,,,0.692201859,0.374707259,0.3174946,0.259953161,0.114754098,0.265508684,110,469,427,47,39,4,38,160,111,73,31,3,2,36,,20.0,0.042643923,0.076759061,,,,,,,,,6.0,,,,,,,,0.0
Ron Northey,1009643,119847.0,OF,PHI,2.4569854067268406,,2.96,15.001016485775434,-12.265431880950928,-0.1231635422445833,,,,,120.41930289905778,0.3654186561703682,,,,,0.769096629,0.430034129,0.3390625,0.278156996,0.151877133,0.283783783,147,644,586,72,68,16,52,252,163,111,31,5,2,51,,52.0,0.080745341,0.079192546,,,,,,,,,-6.0,,,,,,,,0.0
Frank McCormick,1008413,118593.0,1B,CIN,2.4419760675744637,,2.27,11.497630952691456,-4.185184955596924,-0.0343842734582722,,,,,119.81570968441122,0.360697682397774,,,,,0.757757106,0.413135593,0.344621513,0.302966101,0.110169492,0.300668151,126,506,472,56,56,8,36,195,143,107,28,0,2,29,,15.0,0.029644268,0.057312252,,,,,,,,,1.0,,,,,,,,0.0
Eddie Stanky,1012406,122666.0,2B,CHC,2.4109814274944688,,2.51,-2.631492729183003,6.268795013427734,0.1563503132201731,,,,,96.06501983613136,0.3239495523323286,,,,,0.641014153,0.278431372,0.362582781,0.245098039,0.033333333,0.267094017,142,616,510,92,47,0,16,142,125,109,15,1,4,92,,42.0,0.068181818,0.149350649,,,,,,,,,0.0,,,,,,,,0.0
Bonnie Serrell,1016365,,2B,KCM,2.3964755441033327,,0.0,6.532460207327856,8.290123462677002,0.4509776649065316,,,,,129.716654608101,0.3534500063623039,,,,,0.750883743,0.425641025,0.325242718,0.287179487,0.138461538,,53,206,195,28,25,1,20,83,56,36,14,5,3,10,,,,0.048543689,,,,,,,,,6.0,,,,,,,,442.2
Merrill May,1008309,118475.0,3B,PHI,2.3707665354418,,2.64,5.49018602255636,2.0,-0.0819445960223674,,,,,110.07235797973745,0.3486921162170879,,,,,0.71322238,0.344578313,0.368644067,0.28192771,0.062650603,0.295165394,137,481,415,31,48,1,22,143,117,95,19,2,2,56,,21.0,0.043659043,0.116424116,,,,,,,,,2.0,,,,,,,,0.0
Danny Litwhiler,1007670,117830.0,OF,- - -,2.3268417682016103,,2.2600000000000002,7.345853194540528,1.5061728954315186,0.0670777480117976,,,,,114.61589335877484,0.3579648166269689,,,,,0.754551912,0.428211586,0.326340326,0.272040302,0.156171284,0.282352941,116,433,397,63,48,12,35,170,108,73,20,3,2,30,,45.0,0.103926096,0.069284064,,,,,,,,,6.0,,,,,,,,0.0
Wally Moses,1009244,119438.0,OF,CHW,2.2653841150429086,,2.37,-1.6457510715245096,1.4567899703979492,5.339897741563618,,,,,90.55241521333431,0.3120951974664935,,,,,0.647152378,0.337228714,0.309923664,0.245409015,0.091819699,0.262295081,150,656,599,82,48,3,37,202,147,110,22,12,56,55,,47.0,0.071646341,0.083841463,,,,,,,,,7.0,,,,,,,,0.0
Harry Walker,1013521,123825.0,OF,STL,2.2171211178159695,,2.25,3.854357339813143,-2.8827160000801086,0.4609830258414149,,,,,104.61006166615248,0.3429142303814161,,,,,0.716946126,0.375886524,0.341059602,0.294326241,0.081560283,0.304832713,148,640,564,76,53,2,36,212,166,130,28,6,5,40,,24.0,0.0375,0.0625,,,,,,,,,-2.0,,,,,,,,0.0
Jim Russell,1011315,121568.0,OF,PIT,2.198789876820314,,2.03,5.092219626594332,-3.10493803024292,1.8229347886517644,,,,,104.62955587206902,0.3458341098651168,,,,,0.711867789,0.358348968,0.353518821,0.258911819,0.099437149,0.29004329,146,614,533,79,44,4,34,191,138,104,19,11,12,77,,67.0,0.109120521,0.125407166,,,,,,,,,3.0,,,,,,,,0.0
Pinky Higgins,1005793,115911.0,3B,DET,2.140298942435394,,1.66,2.962703189084138,-3.0,-2.050275569781661,,,,,107.51263080088864,0.3505975358867809,,,,,0.72607063,0.37667304,0.34939759,0.277246653,0.099426387,0.280082987,138,592,523,62,84,10,31,197,145,114,20,1,2,57,,31.0,0.052364864,0.096283783,,,,,,,,,-3.0,,,,,,,,0.0
Frankie Gustine,1005152,115257.0,SS,PIT,2.1164338232096873,,2.17,0.8398215798765212,4.882716178894043,1.994151949882507,,,,,97.78930306225126,0.3347763761276621,,,,,0.695879637,0.355072463,0.340807174,0.289855072,0.065217391,0.317460317,112,454,414,40,43,0,24,147,120,96,21,3,12,32,,36.0,0.079295154,0.070484581,,,,,,,,,-1.0,,,,,,,,0.0
Danny Murtaugh,1009402,119599.0,2B,PHI,2.1043404687638216,,2.33,2.501621349682809,0.882716178894043,0.2926899045705795,,,,,103.6934636957646,0.3383801999045353,,,,,0.691674274,0.334811529,0.356862745,0.272727272,0.062084257,0.285714285,113,520,451,65,35,1,22,151,123,101,17,4,4,57,,23.0,0.044230769,0.109615384,,,,,,,,,-4.0,,,,,,,,0.0
Tetelo Vargas,1016630,,OF,NYC,2.086722836437212,,0.0,16.371858632128387,-2.1851851642131805,0.4034173423424363,,,,,188.77790710462853,0.5232500534723786,,,,,1.116188623,0.586776859,0.529411764,0.47107438,0.115702479,,30,136,121,34,18,0,10,71,57,47,6,4,3,15,,,,0.110294117,,,,,,,,,-3.0,,,,,,,,738.0
Buddy Rosar,1011194,121445.0,C,CLE,2.0539663659894125,,3.45,-0.2555746007917117,5.518518447875977,-1.9107577251270411,,,,,103.50469247103788,0.3292684111250452,,,,,0.680073172,0.340314136,0.339759036,0.282722513,0.057591623,0.289972899,115,419,382,53,41,1,19,130,108,89,17,1,0,33,,12.0,0.028639618,0.078758949,,,,,,,,,2.0,,,,,,,,0.0
Oris Hockett,1005877,115998.0,OF,CLE,1.9994721948666168,,2.06,-1.9554326595000295,-1.1137192249298096,-4.815743036568165,,,,,103.86247499547991,0.3298352376314309,,,,,0.685178547,0.354409317,0.33076923,0.276206322,0.078202995,0.29602888,141,657,601,70,51,2,39,213,166,127,33,4,13,45,,45.0,0.06849315,0.06849315,,,,,,,,,2.0,,,,,,,,0.0
Roy Partee,1010032,120260.0,C,BOS,1.9977135845628424,,1.43,3.2914443406468585,3.8086419105529785,-0.3456050106324255,,,,,109.35293654280072,0.3467830186381059,,,,,0.708784181,0.341137123,0.367647058,0.280936454,0.060200669,0.315789473,96,345,299,30,31,0,16,102,84,68,14,2,0,39,,33.0,0.095652173,0.113043478,,,,,,,,,1.0,,,,,,,,0.0
Cool Papa Bell,1014588,,OF,HG,1.9946430335571268,,0.0,14.053390025211687,-6.5,2.048053648788482,,,,,130.87509393825658,0.4156116383010838,,,,,0.868266225,0.436293436,0.431972789,0.355212355,0.081081081,,64,294,259,63,30,0,16,113,92,76,11,5,12,35,,,,0.119047619,,,,,,,,,-7.0,,,,,,,,1566.3000000000002
Tommy Sampson,1016333,,2B,BBB,1.990279327360997,,0.0,2.8332788133714986,9.685185194015505,1.0319535448215902,,,,,110.54196006942831,0.3266756094472353,,,,,0.678824208,0.341614906,0.337209302,0.291925465,0.049689441,,40,172,161,24,16,0,5,55,47,42,2,3,6,11,,,,0.063953488,,,,,,,,,8.0,,,,,,,,333.1
Piper Davis,1014995,,SS,BBB,1.9881468508715117,,0.0,8.582446877167303,3.919907450675965,0.46683110576123,,,,,151.37857155335956,0.3836974119240383,,,,,0.808441845,0.443661971,0.364779874,0.288732394,0.154929577,,39,159,142,28,24,2,16,63,41,25,12,2,3,16,,,,0.10062893,,,,,,,,,2.0,,,,,,,,340.4
Ernie Lombardi,1007718,117880.0,C,NYG,1.977620393117294,,1.62,7.375193413306244,1.2530863285064695,-0.0917033087462186,,,,,120.61031034086692,0.3703685769229937,,,,,0.777642231,0.430508474,0.347133757,0.305084745,0.125423729,0.291970802,104,315,295,19,51,10,17,127,90,73,7,0,1,16,,11.0,0.034920634,0.05079365,,,,,,,,,-1.0,,,,,,,,0.0
Thurman Tucker,1013212,123497.0,OF,CHW,1.9729980819598532,,1.84,-5.907616017955748,4.185185253620148,-1.2474422995001078,,,,,93.28819573239404,0.3164294307169161,,,,,0.638556618,0.303030303,0.335526315,0.234848484,0.068181819,0.267108167,139,616,528,81,39,3,24,160,124,100,15,6,29,79,,72.0,0.116883116,0.128246753,,,,,,,,,5.0,,,,,,,,0.0
Larry Doby,1003346,113411.0,2B,NE,1.9374230912657824,,1.4,9.266334311310732,4.376543164253235,0.8826845525763929,,,,,151.12022144792692,0.4532463113146444,,,,,0.972752896,0.553398058,0.419354838,0.300970873,0.252427185,,28,124,103,18,22,4,15,57,31,16,8,3,5,20,,,,0.161290322,,,,,,,,,3.0,,,,,,,,244.0
Leon Culberson,1002857,112920.0,OF,BOS,1.9325536410384816,,2.08,6.073036459452193,0.4753086566925049,2.3146381033584476,,,,,109.63706081189532,0.3472331500889962,,,,,0.72728295,0.391025641,0.336257309,0.272435897,0.118589744,0.299270072,80,346,312,36,34,3,25,122,85,60,16,6,13,30,,35.0,0.101156069,0.086705202,,,,,,,,,2.0,,,,,,,,0.0
Schoolboy Rowe,1011259,121507.0,P,PHI,1.925610170605808,,1.86,6.505849283145037,7.080261707305908,-0.129998215008527,,,,,142.11441478107676,0.4004902795833699,,,,,0.840686274,0.458333333,0.382352941,0.3,0.158333333,0.336842105,82,137,120,14,18,4,11,55,36,25,7,0,0,15,,21.0,0.153284671,0.109489051,,,,,,,,,0.0,,,,,,,,199.0
Gene Benson,1014605,,OF,PS,1.9235901999094385,,0.0,3.498348802737235,7.641975343227387,0.0002466482110321,,,,,113.0937005212229,0.3825569229550881,,,,,0.80781657,0.431578947,0.376237623,0.336842105,0.094736842,,46,202,190,28,37,0,13,82,64,51,8,5,1,12,,,,0.05940594,,,,,,,,,17.0,,,,,,,,1151.0
Ray Mack,1007926,118089.0,2B,CLE,1.9026979895656733,,2.03,-14.636424037547998,12.611111164093018,0.0290067945607006,,,,,78.60022853172732,0.2898128499286343,,,,,0.596438389,0.311926605,0.284511784,0.220183486,0.091743119,0.236897274,153,608,545,56,62,7,34,170,120,86,25,2,8,47,,61.0,0.100328947,0.077302631,,,,,,,,,6.0,,,,,,,,0.0
Dolph Camilli,1001860,111905.0,1B,BRO,1.8602408477884724,,1.75,7.655257249487899,-3.10493803024292,0.0004932964220643,,,,,115.8466495384379,0.3598910006816745,,,,,0.739092808,0.373937677,0.365155131,0.246458923,0.127478754,0.27090301,95,420,353,56,43,6,27,132,87,60,15,6,2,65,,48.0,0.114285714,0.154761904,,,,,,,,,1.0,,,,,,,,0.0
Alex Radcliff,1016199,,3B,CAG,1.8575306275946617,,0.0,8.571687306466703,4.1234567910432816,0.2731724791228771,,,,,166.29602685031463,0.4045272545209006,,,,,0.856102002,0.467213114,0.388888888,0.368852459,0.098360655,,30,126,122,13,19,1,9,57,45,36,7,1,2,4,,,,0.031746031,,,,,,,,,4.0,,,,,,,,262.0
Bobby Estalella,1003837,113912.0,OF,PHA,1.83892020847931,,1.42,8.953614523612593,-6.15432071685791,-1.32026221556589,,,,,121.49742206557808,0.3655298552342823,,,,,0.761100298,0.408719346,0.352380952,0.258855585,0.149863761,0.269230769,117,424,367,43,63,11,29,150,95,66,14,4,1,52,,44.0,0.103773584,0.122641509,,,,,,,,,-2.0,,,,,,,,0.0
Ival Goodman,1004857,114950.0,OF,CHC,1.7575961637395912,,1.59,12.8583604303705,-4.438271522521973,0.5463449582457542,,,,,142.4799065207064,0.398982372416918,,,,,0.839327135,0.448888888,0.390438247,0.32,0.128888888,0.341584158,80,252,225,31,45,3,18,101,72,54,10,5,4,24,,20.0,0.079365079,0.095238095,,,,,,,,,-2.0,,,,,,,,0.0
Ellis Clary,1002320,112372.0,3B,- - -,1.7446453947342293,,1.9100000000000001,4.137480171061632,-0.8086419776082039,-0.8632125179283321,,,,,111.55358678229128,0.3469383084460308,,,,,0.70232198,0.331269349,0.371052631,0.260061919,0.07120743,0.293706293,96,384,323,51,24,0,22,107,84,62,21,1,9,55,,37.0,0.096354166,0.143229166,,,,,,,,,-1.0,,,,,,,,0.0
Lloyd Davenport,1014973,,OF,- - -,1.7367253779059415,,0.0,7.417443383831275,2.703703723847866,0.4478069767355919,,,,,143.04078568170084,0.3720550262854874,,,,,0.784041112,0.422077922,0.36196319,0.324675324,0.097402598,,36,163,154,23,20,1,11,65,50,39,8,2,3,9,,,,0.055214723,,,,,,,,,8.0,,,,,,,,936.0
Jud Wilson,1016808,,3B,HG,1.7310029147403894,,0.0,4.644732814027607,2.827160492539406,-0.250484365504235,,,,,115.1692260435156,0.3864152204306399,,,,,0.806588161,0.413145539,0.393442622,0.305164319,0.10798122,,63,244,213,29,56,0,17,88,65,48,11,6,0,31,,,,0.12704918,,,,,,,,,3.0,,,,,,,,499.1
Doc Cramer,1002727,112785.0,OF,DET,1.7034565361949814,,1.66,-5.822473173443938,0.148148238658905,-0.9485517549328506,,,,,93.35774685557502,0.3281722834865128,,,,,0.683608015,0.348184818,0.335423197,0.300330033,0.047854785,0.305743243,140,651,606,79,43,1,23,211,182,159,18,4,4,31,,13.0,0.019969278,0.047619047,,,,,,,,,1.0,,,,,,,,0.0
Paul Waner,1013597,123905.0,OF,BRO,1.696228114621572,,1.72,10.028141705082191,-2.462962865829468,-0.2821912472136318,,,,,133.57502691031402,0.3885501280598257,,,,,0.801685823,0.395555555,0.406130268,0.311111111,0.084444444,0.320930232,82,267,225,29,26,1,17,89,70,53,16,0,0,35,,9.0,0.033707865,0.131086142,,,,,,,,,0.0,,,,,,,,0.0
Coaker Triplett,1013187,123469.0,OF,- - -,1.6236045455174792,,1.7799999999999998,6.592379643687548,-4.148148089647293,0.1019553178921341,,,,,113.5981533510927,0.3545505155399802,,,,,0.75055524,0.438961038,0.311594202,0.259740259,0.179220779,0.25297619,114,415,385,46,56,15,35,169,100,65,16,4,2,29,,34.0,0.08192771,0.069879518,,,,,,,,,0.0,,,,,,,,0.0
Felix McLaurin,1015899,,OF,BBB,1.5944699086422078,,0.0,7.645949148256109,1.759259268641472,0.8351242300122976,,,,,147.2812975632157,0.3779762235181085,,,,,0.776,0.376,0.4,0.304,0.072,,33,145,125,27,13,1,6,47,38,32,4,1,5,20,,,,0.137931034,,,,,,,,,5.0,,,,,,,,828.3000000000001
Jesse Williams,1016751,,SS,KCM,1.582473562858436,,0.0,0.1139532697695884,8.530864238739014,0.6382949152030051,,,,,96.91343153509123,0.307645547111132,,,,,0.623538011,0.296052631,0.32748538,0.243421052,0.052631579,,41,171,152,23,9,0,5,45,37,32,2,3,4,17,,,,0.099415204,,,,,,,,,6.0,,,,,,,,342.1
Pete Fox,1004283,114357.0,OF,BOS,1.5776494612354686,,1.12,2.9627441512433146,-6.4012346267700195,0.8860413678921759,,,,,103.39306675636178,0.3373409359795706,,,,,0.703196026,0.366053169,0.337142857,0.288343558,0.077709611,0.310961968,127,543,489,54,44,2,30,179,141,111,24,4,22,34,,40.0,0.073664825,0.062615101,,,,,,,,,-1.0,,,,,,,,0.0
Babe Dahlgren,1002925,112992.0,1B,PHI,1.5704597608614594,,1.48,5.45979930615513,-8.580246925354004,-0.1453583594411611,,,,,108.62569953491112,0.346353494482381,,,,,0.715776152,0.362204724,0.353571428,0.287401574,0.07480315,0.30387931,136,565,508,55,56,5,26,184,146,120,19,2,2,50,,39.0,0.069026548,0.088495575,,,,,,,,,-7.0,,,,,,,,0.0
Al Lopez,1007751,117914.0,C,PIT,1.570105996446601,,1.68,-4.77799576026039,6.580246925354004,-0.005848079919815,,,,,90.30550822347568,0.3226783129458244,,,,,0.658550454,0.317204301,0.341346153,0.26344086,0.053763441,0.28034682,118,428,372,40,39,1,14,118,98,84,9,4,2,44,,25.0,0.058411214,0.102803738,,,,,,,,,3.0,,,,,,,,0.0
Hank Edwards,1003687,113754.0,OF,CLE,1.5005743086655925,,1.57,5.2704021871370035,-2.4567900896072388,-2.517376019153744,,,,,121.00078676592918,0.3569870651315112,,,,,0.749915052,0.407407407,0.342507645,0.276094276,0.131313131,0.303846153,92,329,297,38,28,3,27,121,82,55,18,6,4,30,,34.0,0.103343465,0.09118541,,,,,,,,,-2.0,,,,,,,,0.0
George McQuinn,1008683,118870.0,1B,SLB,1.4922199738393658,,1.28,0.1770277479928452,-3.2716050148010254,-0.7614811528474092,,,,,101.61363974766049,0.3384111534250845,,,,,0.700897483,0.37416481,0.326732673,0.242761692,0.131403118,0.260752688,125,516,449,53,74,12,33,168,109,76,19,2,4,56,,65.0,0.125968992,0.108527131,,,,,,,,,2.0,,,,,,,,0.0
Lennie Pearson,1016114,,1B,- - -,1.4790459168595824,,0.0,4.890077255774552,3.487654399126768,0.8763431762345135,,,,,119.20758633770112,0.3939223289489746,,,,,0.840144664,0.485714285,0.354430379,0.271428571,0.214285714,,37,158,140,28,24,4,17,68,38,21,8,5,5,18,,,,0.11392405,,,,,,,,,4.0,,,,,,,,368.0
Mickey Livingston,1007675,117835.0,C,- - -,1.4709798472632232,,1.73,-2.0708168958617756,3.231840431690216,0.0702484361827373,,,,,95.47057536146433,0.3243992994641907,,,,,0.674660562,0.361702127,0.312958435,0.252659574,0.109042553,0.256559766,120,411,376,36,34,7,24,136,95,71,14,3,2,31,,26.0,0.06326034,0.07542579,,,,,,,,,0.0,,,,,,,,0.0
Bert Haas,1005168,115273.0,1B,CIN,1.4625364860221943,,1.42,1.07212106431799,1.987654447555542,0.9400035878643394,,,,,100.32267492095876,0.3291858663666719,,,,,0.693451772,0.385542168,0.307909604,0.262048192,0.123493976,0.274834437,101,356,332,39,44,4,27,128,87,60,17,6,6,22,,26.0,0.073033707,0.061797752,,,,,,,,,4.0,,,,,,,,0.0
Clyde Spearman,1016464,,OF,BBB,1.444102687366723,,0.0,7.449905420651931,-0.7037036418914795,1.2002466660924256,,,,,135.54190573662396,0.361584038720966,,,,,0.743155148,0.358974358,0.38418079,0.301282051,0.057692307,,42,177,156,26,17,0,5,56,47,42,1,4,7,19,,,,0.107344632,,,,,,,,,3.0,,,,,,,,1053.3000000000002
Jim West,1016705,,1B,PS,1.4419016326860836,,0.0,6.837964700025758,-1.117283821105957,0.1748811458237469,,,,,123.54196832094962,0.4019797268871949,,,,,0.846394121,0.44919786,0.397196261,0.310160427,0.139037433,,49,214,187,38,43,2,14,84,58,44,4,8,2,26,,,,0.121495327,,,,,,,,,1.0,,,,,,,,416.0
Butch Nieman,1009588,119790.0,OF,BSN,1.4213082674370103,,1.57,4.886321386485988,-3.018518447875977,0.5019553238525987,,,,,110.1655406245073,0.3512806657155354,,,,,0.736636815,0.405970149,0.330666666,0.250746268,0.155223881,0.266435986,101,375,335,39,46,7,30,136,84,54,15,8,4,39,,39.0,0.104,0.104,,,,,,,,,1.0,,,,,,,,0.0
Johnny McCarthy,1008375,118552.0,1B,BSN,1.415381982619039,,1.42,5.6279193276124175,-2.370370388031006,-0.0346309216693043,,,,,115.05633457458252,0.3591869666620537,,,,,0.764860173,0.43769968,0.327160493,0.303514376,0.134185304,0.31849315,78,327,313,32,33,2,32,137,95,63,24,6,1,10,,19.0,0.058103975,0.030581039,,,,,,,,,1.0,,,,,,,,0.0
John Britton,1014692,,3B,CC,1.3954388783488527,,0.0,3.698624678044033,4.715323179960251,0.6731724850833416,,,,,123.60794893034964,0.3449201750200848,,,,,0.722820948,0.373983739,0.348837209,0.31707317,0.056910569,,32,129,123,17,12,0,5,46,39,34,3,2,4,6,,,,0.046511627,,,,,,,,,6.0,,,,,,,,369.0
Johnny Lindell,1007619,117780.0,OF,NYY,1.391641431446787,,0.73,-0.3864070873871563,-3.267423152923584,-1.9171066666021943,,,,,102.71605054178424,0.3342971154037983,,,,,0.693708397,0.365079365,0.328629032,0.244897959,0.120181406,0.272251308,122,500,441,53,51,4,33,161,108,75,17,12,2,51,,55.0,0.11,0.102,,,,,,,,,0.0,,,,,,,,0.0
Snuffy Stirnweiss,1012546,122806.0,SS,NYY,1.3893082094862803,,1.45,-5.966065333442364,8.370370388031006,-1.5268956338986754,,,,,87.88185135814646,0.3107956397199185,,,,,0.6216545,0.288321167,0.333333333,0.218978102,0.069343065,0.25,83,325,274,34,25,1,13,79,60,47,8,4,11,47,,37.0,0.113846153,0.144615384,,,,,,,,,4.0,,,,,,,,0.0
Phil Masi,1008212,118392.0,C,BSN,1.380377576058437,,1.08,1.4577742647355452,3.2530863285064697,1.146344967186451,,,,,101.01036806928389,0.3364807068176989,,,,,0.691707626,0.344537815,0.347169811,0.273109243,0.071428572,0.291666666,80,268,238,27,28,2,12,82,65,53,9,1,7,27,,20.0,0.074626865,0.100746268,,,,,,,,,1.0,,,,,,,,0.0
Ken O'Dea,1009722,119929.0,C,STL,1.371153355496199,,1.77,3.1312641751594947,2.7283949851989746,-0.1934119784273207,,,,,112.73439837107024,0.3560477730404636,,,,,0.744306257,0.399014778,0.345291479,0.280788177,0.118226601,0.308571428,71,227,203,15,25,3,16,81,57,41,11,2,0,19,,25.0,0.110132158,0.08370044,,,,,,,,,1.0,,,,,,,,0.0
Skeeter Newsome,1009548,119751.0,SS,BOS,1.3656669991814898,,1.26,-12.04286357837562,9.04938268661499,-1.6600418416783214,,,,,80.80924552806755,0.3015619148894892,,,,,0.628241666,0.327394209,0.300847457,0.265033407,0.062360802,0.276346604,114,480,449,48,22,1,24,147,119,95,21,2,5,21,,21.0,0.04375,0.04375,,,,,,,,,3.0,,,,,,,,0.0
Jim Tabor,1012808,123074.0,3B,BOS,1.3633592963711116,,1.1,-5.737555269567025,-1.086419753730297,-1.6854149121791124,,,,,93.86513863889634,0.3222460617502051,,,,,0.673785323,0.374301675,0.299483648,0.242085661,0.132216014,0.24893617,137,586,537,57,85,13,42,201,130,88,26,3,7,43,,54.0,0.09215017,0.073378839,,,,,,,,,-1.0,,,,,,,,0.0
Lester Lockett,1015772,,OF,BBB,1.3055372064677644,,0.0,-2.0907146914734787,8.958747386932373,0.0763431643135845,,,,,86.28072838340704,0.292798676205881,,,,,0.609308176,0.32,0.289308176,0.246666666,0.073333334,,38,159,150,15,25,1,7,48,37,30,4,2,1,9,,,,0.056603773,,,,,,,,,20.0,,,,,,,,756.1
Eddie Lake,1007260,117415.0,SS,BOS,1.2380872535456309,,1.21,-4.113041654473795,6.888888835906982,-1.9332143208011985,,,,,92.81068185128024,0.3205755104621251,,,,,0.631734006,0.287037037,0.344696969,0.199074074,0.087962963,0.224719101,75,269,216,26,16,3,13,62,43,30,10,0,3,47,,35.0,0.130111524,0.174721189,,,,,,,,,3.0,,,,,,,,0.0
Goose Curry,1014954,,OF,- - -,1.210112578002259,,0.0,7.328705733016675,-3.6691100262105465,0.3685397724620998,,,,,125.59535558245084,0.40480963893053,,,,,0.838673871,0.419161676,0.419512195,0.287425149,0.131736527,,48,205,167,47,23,2,13,70,48,35,6,5,3,38,,,,0.185365853,,,,,,,,,-2.0,,,,,,,,1058.5
Steve Mesner,1008798,118987.0,3B,CIN,1.2076814236398457,,1.58,-8.141277413718235,3.0,0.7656157384626567,,,,,85.86809775518302,0.3058190596081218,,,,,0.636232176,0.327380952,0.308851224,0.271825396,0.055555556,0.283057851,137,548,504,53,52,0,27,165,137,110,26,1,6,26,,20.0,0.03649635,0.047445255,,,,,,,,,3.0,,,,,,,,0.0
Clarence Lamar,1015713,,2B,CC,1.2073811403817505,,0.0,1.6732627890190614,7.526315808296204,0.5302448691800237,,,,,117.43278508694289,0.3362975454691684,,,,,0.679425836,0.315789473,0.363636363,0.263157894,0.052631579,,18,66,57,7,6,0,2,18,15,13,1,1,3,8,,,,0.121212121,,,,,,,,,7.0,,,,,,,,146.2
Harlond Clift,1002352,112404.0,3B,- - -,1.196902460168377,,1.05,-7.446757732511792,3.0,-0.971000785473734,,,,,87.95546466971116,0.3161378603032295,,,,,0.636903708,0.300733496,0.336170212,0.237163814,0.063569682,0.256830601,113,477,409,47,29,3,17,123,97,80,11,3,5,59,,40.0,0.083857442,0.123689727,,,,,,,,,3.0,,,,,,,,0.0
Sam Jethroe,1015576,,OF,CBE,1.1489488102220713,,0.0,7.591226253675484,-2.7597597539424896,0.8985379934310913,,,,,145.82905838317157,0.3759484035628183,,,,,0.805164318,0.471830985,0.333333333,0.309859154,0.161971831,,36,147,142,28,14,1,17,67,44,27,12,4,5,5,,,,0.034013605,,,,,,,,,1.0,,,,,,,,579.3
Pancho Coimbre,1014879,,OF,NYC,1.1472888507294845,,0.0,5.588862386309653,-0.5123456716537476,0.406588030513376,,,,,125.11753915757812,0.4049086337670302,,,,,0.839559121,0.410071942,0.429487179,0.35971223,0.050359712,,36,156,139,26,26,0,6,57,50,44,5,1,3,16,,,,0.102564102,,,,,,,,,3.0,,,,,,,,882.0
Bud Metheny,1008807,118995.0,OF,NYY,1.1457900621364046,,1.04,4.722937654230552,-7.932098627090454,-1.0727018900215626,,,,,112.60256925526907,0.3499600963484972,,,,,0.730555555,0.397222222,0.333333333,0.261111111,0.136111111,0.268138801,103,408,360,51,36,9,29,143,94,65,18,2,2,39,,34.0,0.083333333,0.095588235,,,,,,,,,-4.0,,,,,,,,0.0
Hank Thompson,1013012,123285.0,OF,KCM,1.1335587545311172,,0.92,6.803120070723779,-1.685185194015503,0.2604897264391184,,,,,146.37903538375883,0.3767163585609113,,,,,0.788624051,0.415384615,0.373239436,0.315384615,0.1,,40,142,130,18,14,1,9,54,41,32,6,2,2,10,,,,0.070422535,,,,,,,,,1.0,,,,,,,,960.3000000000001
Maurice Vanrobays,1013361,123651.0,OF,PIT,1.1159223104828706,,0.92,5.001714532029949,-2.592592477798462,-0.1997533547692001,,,,,117.3276774385056,0.3663614867255091,,,,,0.775953389,0.432203389,0.34375,0.288135593,0.144067796,0.310185185,69,261,236,32,35,1,25,102,68,43,17,7,0,18,,19.0,0.072796934,0.068965517,,,,,,,,,0.0,,,,,,,,0.0
Bill Baker,1000443,110491.0,C,PIT,1.110641243725344,,0.75,2.527733191452368,1.7283949851989746,0.4034173423424363,,,,,109.32843607146788,0.353430169185406,,,,,0.725947349,0.360465116,0.365482233,0.273255813,0.087209303,0.278787878,63,198,172,12,26,1,10,62,47,37,6,3,3,22,,6.0,0.03030303,0.111111111,,,,,,,,,0.0,,,,,,,,0.0
Marshall Riddle,1016245,,2B,CBE,1.107154570144503,,0.0,-2.383760517790257,9.209876537322998,0.7239034958183765,,,,,70.76467315027402,0.2711329844510444,,,,,0.561028037,0.29,0.271028037,0.22,0.07,,29,107,100,11,8,0,5,29,22,17,3,2,4,7,,,,0.06542056,,,,,,,,,8.0,,,,,,,,235.2
Joe Cronin,1002796,112854.0,3B,BOS,1.0920203197488716,,0.94,7.146917681987562,0.0,-0.0824378924444317,,,,,172.88443686776438,0.4474344924092293,,,,,0.95616883,0.558441558,0.397727272,0.311688311,0.246753247,0.279411764,59,88,77,8,29,5,9,43,24,15,4,0,0,11,,4.0,0.045454545,0.125,,,,,,,,,0.0,,,,,,,,0.0
Mike Chartak,1002161,112214.0,OF,SLB,1.085254590640894,,0.74,3.190817016256176,-6.10493803024292,-1.260019140318036,,,,,110.20348501918647,0.3520198448871572,,,,,0.734496123,0.40116279,0.333333333,0.255813953,0.145348837,0.279569892,108,387,344,38,37,10,28,138,88,60,16,2,1,39,,55.0,0.142118863,0.100775193,,,,,,,,,-2.0,,,,,,,,0.0
Frenchy Bordagaray,1001197,111230.0,OF,BRO,1.0529682036829002,,1.27,8.225369384770989,-8.111111164093018,0.9019553298130631,,,,,121.08441650826738,0.3683582071054021,,,,,0.763065899,0.384328358,0.378737541,0.302238805,0.082089553,0.320158102,89,302,268,47,19,0,20,103,81,61,18,2,6,30,,15.0,0.049668874,0.099337748,,,,,,,,,-6.0,,,,,,,,0.0
Alex Kampouris,1006685,116828.0,3B,- - -,1.039104254682796,,1.02,4.219338550899983,-2.8333333134651184,0.7590201487764716,,,,,112.33693488779902,0.3481250117140368,,,,,0.680593816,0.296296296,0.38429752,0.211640211,0.084656085,0.243589743,70,244,189,33,17,2,11,56,40,29,8,1,7,47,,31.0,0.12704918,0.19262295,,,,,,,,,-4.0,,,,,,,,0.0
Barney Brown,1014703,,OF,PS,1.0334991945558043,,0.0,5.033710678485697,-0.8703703880310059,0.0161000890657305,,,,,125.2922216533988,0.4052333597342173,,,,,0.828429752,0.388429752,0.44,0.305785123,0.082644629,,43,150,121,25,13,0,8,47,37,29,6,2,1,29,,,,0.193333333,,,,,,,,,1.0,,,,,,,,638.4
Roy Weatherly,1013692,123999.0,OF,NYY,1.0114867232523876,,1.33,-1.2993437037032534,0.5802469551563263,-2.104685695376247,,,,,102.3273401282856,0.3336812905643297,,,,,0.700322503,0.389285714,0.311036789,0.264285714,0.125,0.253787878,77,307,280,37,28,7,18,109,74,56,8,3,4,18,,9.0,0.02931596,0.058631921,,,,,,,,,1.0,,,,,,,,0.0
Mickey Rocco,1011085,121332.0,1B,CLE,1.0003594376693563,,0.77,-1.5654583870876544,-4.666666507720947,-0.9646442788653076,,,,,98.86345884038344,0.3219154129642586,,,,,0.658375114,0.330864197,0.327510917,0.239506172,0.091358025,0.255555555,108,469,405,43,46,5,23,134,97,74,14,4,1,51,,40.0,0.085287846,0.108742004,,,,,,,,,0.0,,,,,,,,0.0
Tony Lupien,1007841,118010.0,1B,BOS,0.9952660942595712,,0.87,-8.186432640704679,-4.611111164093018,-0.7868920490145683,,,,,90.23092660018254,0.3164884644036559,,,,,0.65555787,0.338815789,0.316742081,0.25493421,0.083881579,0.259896729,154,672,608,65,47,4,34,206,155,121,21,9,16,54,,23.0,0.03422619,0.080357142,,,,,,,,,2.0,,,,,,,,0.0
Jimmy Bloodworth,1001084,111112.0,2B,DET,0.99151343725049,,0.47,-15.37194010986408,7.574073791503906,-2.225171845871955,,,,,77.52656083150133,0.3030913048110932,,,,,0.632419405,0.343881856,0.288537549,0.240506329,0.103375527,0.264058679,129,519,474,41,52,6,33,163,114,81,23,4,4,29,,59.0,0.113680154,0.055876685,,,,,,,,,2.0,,,,,,,,0.0
Whitey Wietelmann,1013930,124244.0,SS,BSN,0.9633589422224864,,1.21,-29.40290232027659,21.44444465637207,1.3275674893520772,,,,,54.7897759248192,0.261761977067329,,,,,0.526621954,0.245318352,0.281303602,0.215355805,0.029962547,0.232793522,153,591,534,33,39,0,15,131,115,100,14,1,9,46,,40.0,0.067681895,0.077834179,,,,,,,,,12.0,,,,,,,,0.0
Chuck Workman,1014255,124576.0,OF,BSN,0.9518070388162232,,1.11,-9.707257500233126,-1.5679011344909668,1.826105476822704,,,,,85.23133883622013,0.3109728332425727,,,,,0.639930693,0.328455284,0.311475409,0.248780487,0.079674797,0.268292682,153,679,615,71,67,10,28,202,153,125,17,1,12,53,,72.0,0.106038291,0.078055964,,,,,,,,,5.0,,,,,,,,0.0
Johnny Davis,1014983,,OF,NE,0.9503285725063658,,0.0,6.854483872174114,-3.5547213554382324,0.4636604175902903,,,,,133.09674239112107,0.4197415709495544,,,,,0.890410958,0.5,0.390410958,0.325757575,0.174242425,,35,146,132,28,22,4,14,66,43,29,9,1,3,14,,,,0.09589041,,,,,,,,,-5.0,,,,,,,,855.1
Fred Wilson,1016803,,OF,CC,0.9396479769331832,,0.0,3.184729616364739,2.2222222089767456,0.2985379844903946,,,,,131.2391988202104,0.3555759960605252,,,,,0.711772098,0.324675324,0.387096774,0.259740259,0.064935065,,26,93,77,9,2,0,4,25,20,16,3,1,2,12,,,,0.129032258,,,,,,,,,7.0,,,,,,,,494.0
Ralph Wyatt,1016840,,SS,CAG,0.9326130909816616,,0.0,-3.1296017356922894,7.666666626930237,0.9080500579439104,,,,,66.41068362525692,0.2650533338223607,,,,,0.536363635,0.263636363,0.272727272,0.2,0.063636363,,27,121,110,18,9,1,4,29,22,18,2,1,5,11,,,,0.09090909,,,,,,,,,6.0,,,,,,,,234.0
Tommy O'Brien,1009705,119907.0,OF,PIT,0.9269068912490412,,0.85,6.6942408721831494,-6.074074029922485,-0.2092654192820191,,,,,123.81903292686,0.3768552042212081,,,,,0.800502582,0.448275862,0.35222672,0.310344827,0.137931035,0.339805825,89,252,232,35,26,2,21,104,72,51,12,7,0,15,,24.0,0.095238095,0.059523809,,,,,,,,,-4.0,,,,,,,,0.0
Ned Harris,1005426,115533.0,OF,DET,0.9156302775817748,,0.63,-1.176997369939797,-3.925925970077514,-2.21249665832147,,,,,102.23524880667463,0.3422367027149864,,,,,0.704865502,0.36158192,0.343283582,0.254237288,0.107344632,0.263322884,114,411,354,43,32,6,23,128,90,67,14,3,6,47,,29.0,0.07055961,0.114355231,,,,,,,,,0.0,,,,,,,,0.0
Charlie Rivera,1016254,,2B,NYC,0.9073924602591988,,0.0,-5.37486717845592,10.063321352005005,0.4985379874706268,,,,,63.895100999048616,0.2910992028267403,,,,,0.603027753,0.310344827,0.292682926,0.25,0.060344827,,30,123,116,20,12,1,4,36,29,25,2,1,3,7,,,,0.056910569,,,,,,,,,9.0,,,,,,,,230.0
Buster Adams,1000047,110048.0,OF,- - -,0.9025083146031488,,0.8300000000000001,-3.683216553315371,-2.7407406754791737,0.0036639845930039,,,,,93.3767881778193,0.3220058622754226,,,,,0.667234601,0.347319347,0.319915254,0.251748251,0.095571096,0.29378531,119,484,429,49,39,4,26,149,108,82,15,7,2,43,,71.0,0.146694214,0.088842975,,,,,,,,,-2.0,,,,,,,,0.0
Lennie Merullo,1008796,118984.0,SS,CHC,0.9002825112583657,,0.69,-11.331124180949192,4.7160491943359375,1.016346752177924,,,,,77.9553102116149,0.2946739754409155,,,,,0.61076308,0.313465783,0.297297297,0.253863134,0.059602649,0.27804878,129,487,453,37,25,1,22,142,115,93,18,3,7,26,,42.0,0.086242299,0.05338809,,,,,,,,,-3.0,,,,,,,,0.0
Frankie Crosetti,1002802,112861.0,SS,NYY,0.884417948731095,,0.82,-10.419061398492,5.55555534362793,-1.0822215196676552,,,,,79.02892448260127,0.2967701542103077,,,,,0.595871181,0.278735632,0.317135549,0.23275862,0.045977012,0.264214046,95,395,348,36,20,2,11,97,81,70,8,1,4,36,,47.0,0.118987341,0.09113924,,,,,,,,,0.0,,,,,,,,0.0
Early Wynn,1014309,124633.0,P,WAS,0.8694475490528804,,0.92,-0.4628108944449271,5.168074607849121,-0.0792672042734921,,,,,96.59722893494796,0.3213074213326579,,,,,0.680581323,0.37755102,0.303030303,0.295918367,0.081632653,0.325581395,38,100,98,6,11,1,5,37,29,24,3,1,0,1,,11.0,0.11,0.01,,,,,,,,,0.0,,,,,,,,256.2
Rick Ferrell,1004007,114086.0,C,SLB,0.860125897238595,,0.5,-4.184051634236718,4.160493850708008,-0.2473136773332953,,,,,85.80225769492945,0.3133615497194352,,,,,0.621087927,0.272727272,0.348360655,0.239234449,0.033492823,0.256410256,74,246,209,12,20,0,7,57,50,43,7,0,0,34,,14.0,0.056910569,0.138211382,,,,,,,,,2.0,,,,,,,,0.0
Pete Coscarart,1002649,112709.0,2B,PIT,0.8511321364993207,,0.66,-15.175210852564868,6.574073791503906,0.3561036679893732,,,,,75.26735792974833,0.2983681205486674,,,,,0.61276155,0.305498981,0.307262569,0.242362525,0.063136456,0.268623024,133,546,491,57,48,0,25,150,119,94,19,6,4,46,,48.0,0.087912087,0.084249084,,,,,,,,,0.0,,,,,,,,0.0
Henry Kimbro,1015692,,OF,BEG,0.8482052163883591,,0.0,-1.1316460245021398,1.722222238779068,1.2097587306052446,,,,,91.44761121042,0.3423179324698333,,,,,0.709988248,0.362162162,0.347826086,0.27027027,0.091891892,,46,207,185,33,12,0,12,67,50,38,7,5,7,22,,,,0.106280193,,,,,,,,,5.0,,,,,,,,1147.3000000000002
Bill Cash,1014823,,C,PS,0.82480472604904,,0.0,-2.874429679061268,4.327160477638245,0.0446362826041877,,,,,87.66974203160176,0.335295063823295,,,,,0.695443977,0.360248447,0.33519553,0.260869565,0.099378882,,44,179,161,25,22,1,11,58,42,31,7,3,1,18,,,,0.100558659,,,,,,,,,3.0,,,,,,,,372.0
Rip Sewell,1011768,122025.0,P,PIT,0.8205394822332639,,0.8,-1.285256252588046,5.5815205574035645,1.3143914402462542,,,,,79.07113478972931,0.3045171844625027,,,,,0.641922562,0.342857142,0.29906542,0.285714285,0.057142857,0.357142857,41,108,105,9,17,0,5,36,30,25,4,1,7,2,,21.0,0.194444444,0.018518518,,,,,,,,,0.0,,,,,,,,265.1
George Scales,1016348,,OF,BEG,0.8203422285125792,,0.0,3.9945317415814463,-1.9074074029922483,0.0700017879717052,,,,,119.65133168107631,0.394747229206641,,,,,0.829864395,0.452380952,0.377483443,0.253968253,0.198412699,,44,151,126,27,23,3,16,57,32,16,10,3,1,24,,,,0.158940397,,,,,,,,,3.0,,,,,,,,463.2
Spud Chandler,1002133,112187.0,P,NYY,0.8181754551839697,,0.83,-1.2726529674155391,5.374797344207764,-0.069755139760673,,,,,89.73844233332731,0.3137369934875186,,,,,0.658262732,0.37113402,0.287128712,0.257731958,0.113402062,0.315068493,30,104,97,9,7,2,7,36,25,18,5,0,0,1,,22.0,0.211538461,0.009615384,,,,,,,,,0.0,,,,,,,,253.0
Marvin Williams,1016762,,SS,PS,0.8163898776449738,,0.0,4.916837872337313,0.7037037014961243,0.1429276159033179,,,,,168.10510486339345,0.4848203546596023,,,,,1.044666922,0.591836734,0.452830188,0.408163265,0.183673469,,13,53,49,10,10,0,6,29,20,14,3,3,1,4,,,,0.075471698,,,,,,,,,0.0,,,,,,,,102.0
Gene Moore Jr.,1009110,119295.0,OF,WAS,0.8063723078119067,,0.73,-0.1820344085182723,-1.4691357612609863,-0.980744367931038,,,,,102.54895514293784,0.3307366023098465,,,,,0.691246623,0.37007874,0.321167883,0.267716535,0.102362205,0.295964125,92,278,254,41,39,2,19,94,68,49,14,3,0,19,,29.0,0.104316546,0.068345323,,,,,,,,,1.0,,,,,,,,0.0
Sid Gordon,1004877,114970.0,3B,NYG,0.8013511107326454,,0.55,-2.906638695226164,-5.85185170173645,-0.0248722089454531,,,,,95.2545237473576,0.3293792239487401,,,,,0.688089535,0.373417721,0.314671814,0.251054852,0.122362869,0.25404157,131,528,474,50,63,9,29,177,119,90,9,11,2,43,,32.0,0.06060606,0.081439393,,,,,,,,,-3.0,,,,,,,,0.0
Jimmy Ford,1015183,,2B,- - -,0.7825348071096269,,0.0,-2.5534729055938294,6.947530856356025,-0.069755139760673,,,,,82.50554291512353,0.3177564442157745,,,,,0.664812942,0.360465116,0.304347826,0.255813953,0.104651163,,22,92,86,14,13,1,6,31,22,16,4,1,0,6,,,,0.065217391,,,,,,,,,6.0,,,,,,,,188.1
Bill Burgo,1001669,111708.0,OF,PHA,0.77593103104248,,0.81,5.369514821706001,-0.7345678806304932,-0.841234088409692,,,,,172.50171309379195,0.4463347635771099,,,,,0.949624059,0.528571428,0.421052631,0.371428571,0.157142857,0.367647058,17,76,70,12,9,1,7,37,26,19,4,2,0,4,,1.0,0.013157894,0.052631578,,,,,,,,,0.0,,,,,,,,0.0
Archie Ware,1016670,,1B,CBE,0.7652892706661922,,0.0,-0.9001946171664712,3.444444417953491,-0.0951206451281905,,,,,93.81382554826196,0.3033174426501034,,,,,0.641638835,0.3515625,0.290076335,0.2734375,0.078125,,36,131,128,11,18,0,8,45,35,27,6,2,0,3,,,,0.022900763,,,,,,,,,5.0,,,,,,,,300.0
Rogelio Linares,1015755,,OF,NYC,0.7645897377206485,,0.0,1.5808736046904075,0.9824167490005492,0.2700017909519374,,,,,107.62426807650148,0.3723895233411055,,,,,0.758447159,0.373831775,0.384615384,0.252336448,0.121495327,,32,130,107,18,16,1,9,40,27,18,6,2,2,16,,,,0.123076923,,,,,,,,,7.0,,,,,,,,609.0
Jo-Jo White,1013881,124179.0,OF,PHA,0.7636630270834076,,0.77,-4.629991515480279,-7.895061671733856,0.3560734074562788,,,,,92.33344942936154,0.3193260537839569,,,,,0.650513274,0.316,0.334513274,0.248,0.068,0.274553571,139,577,500,69,30,1,25,158,124,99,17,7,12,61,,51.0,0.088388214,0.105719237,,,,,,,,,-7.0,,,,,,,,0.0
Jimmy Grant,1004950,115044.0,3B,- - -,0.7581015203752441,,0.48,-0.1042318996607629,-1.0,-0.5300209163688123,,,,,101.5545549205741,0.3290945805949294,,,,,0.68521571,0.369863013,0.315352697,0.246575342,0.123287671,0.287356321,73,243,219,26,23,4,17,81,54,37,11,2,4,22,,41.0,0.168724279,0.090534979,,,,,,,,,-1.0,,,,,,,,0.0
Henry Spearman,1016467,,3B,PS,0.7544289823113455,,0.0,0.4082280170390415,-0.9567901231348516,0.2382949092425406,,,,,100.61772609807028,0.3593647144734859,,,,,0.76019432,0.418848167,0.341346153,0.282722513,0.136125654,,48,208,191,35,29,0,20,80,54,34,14,6,2,17,,,,0.081730769,,,,,,,,,-1.0,,,,,,,,418.0
John Bissant,1014619,,OF,CAG,0.7326063479467466,,0.0,3.50241055743187,-0.950617253780365,0.6985379904508591,,,,,125.19984801009844,0.3471430077084473,,,,,0.727635228,0.388349514,0.339285714,0.281553398,0.106796116,,28,112,103,18,8,1,6,40,29,23,2,3,4,9,,,,0.080357142,,,,,,,,,5.0,,,,,,,,644.0
Buck O'Neil,1016058,,1B,KCM,0.726714613992633,,0.0,1.5184989080926798,-0.7716048955917358,0.6478069797158241,,,,,105.44372671775808,0.3195567412406021,,,,,0.660318373,0.331125827,0.329192546,0.284768211,0.046357616,,41,161,151,21,17,1,5,50,43,38,4,0,4,9,,,,0.055900621,,,,,,,,,1.0,,,,,,,,342.1
Hal Wagner,1013482,123782.0,C,PHA,0.7173429782299985,,0.2,-4.557954125267634,0.0555555820465087,-0.8219708763062954,,,,,89.95594992501694,0.3155594367864299,,,,,0.642096017,0.314878892,0.327217125,0.238754325,0.076124567,0.250922509,111,330,289,22,26,1,19,91,69,50,17,1,3,36,,17.0,0.051515151,0.109090909,,,,,,,,,-3.0,,,,,,,,0.0
Marvin Barker,1014559,,OF,NBY,0.715528803881584,,0.0,3.5466175277588254,-1.6848220825195312,0.3080500490032136,,,,,119.13040946897245,0.3937788610346615,,,,,0.839165805,0.487603305,0.3515625,0.314049586,0.173553719,,31,128,121,17,21,2,16,59,38,22,13,1,2,6,,,,0.046875,,,,,,,,,0.0,,,,,,,,484.3
Johnny Humphries,1006186,116314.0,P,CHW,0.6991842313289472,,0.71,0.3397699744232507,3.7210135459899902,0.1460983040742576,,,,,102.38644533447663,0.3308435752987861,,,,,0.696256038,0.376811594,0.319444444,0.289855072,0.086956522,0.454545454,28,72,69,6,5,0,6,26,20,14,6,0,1,3,,25.0,0.347222222,0.041666666,,,,,,,,,0.0,,,,,,,,188.1
Jimmy Wasdell,1013647,123954.0,1B,- - -,0.6941139232829934,,0.75,-2.9327670134843604,-8.3163161277771,0.6990312868729234,,,,,94.53677831921766,0.3236326515051546,,,,,0.669295422,0.34351145,0.325783972,0.261450381,0.082061069,0.267068273,145,578,524,54,68,4,29,180,137,108,19,6,6,48,,22.0,0.038062283,0.083044982,,,,,,,,,-3.0,,,,,,,,0.0
Tom Parker,1016092,,OF,HSS,0.6754595703421964,,0.0,1.8055180844007357,2.475308656692505,-0.0507310107350349,,,,,123.00846813082865,0.400987976887187,,,,,0.851625451,0.474576271,0.37704918,0.355932203,0.118644068,,14,61,59,8,9,0,7,28,21,14,7,0,0,2,,,,0.032786885,,,,,,,,,7.0,,,,,,,,368.0
John Sullivan,1012702,122955.0,SS,WAS,0.6735367668425094,,0.71,-19.290094322633596,8.20987606048584,0.0004781661555171,,,,,67.40104324351319,0.2750525854904828,,,,,0.547665369,0.25,0.297665369,0.208333333,0.041666667,0.237373737,134,525,456,49,55,1,15,114,95,80,12,2,6,57,,59.0,0.112380952,0.108571428,,,,,,,,,0.0,,,,,,,,0.0
Estel Crabtree,1002714,112774.0,OF,CIN,0.6729385104681396,,0.25,1.4646896137834178,-4.0925925970077515,-0.0631671152077615,,,,,104.66114605765054,0.3361992999327989,,,,,0.691652421,0.346456692,0.345195729,0.275590551,0.070866141,0.289361702,95,285,254,25,26,2,14,88,70,56,12,0,1,25,,17.0,0.059649122,0.087719298,,,,,,,,,-3.0,,,,,,,,0.0
Luis Olmo,1009784,119995.0,OF,BRO,0.6675791897348367,,0.44,2.8487518575672413,-4.4629629254341125,0.3907345896586776,,,,,108.65252607727814,0.3482612109765773,,,,,0.736967957,0.411764705,0.325203252,0.302521008,0.109243697,0.317757009,57,247,238,39,37,4,14,98,72,58,6,4,3,8,,20.0,0.080971659,0.032388663,,,,,,,,,-4.0,,,,,,,,0.0
Dave Barnhill,1014567,,P,NYC,0.6633004657091865,,0.0,0.862620156438497,3.100844621658325,0.1239034868776798,,,,,109.30910510721428,0.3755215505758921,,,,,0.762820512,0.346153846,0.416666666,0.326923076,0.01923077,,18,60,52,8,10,0,1,18,17,16,1,0,1,8,,,,0.133333333,,,,,,,,,0.0,,,,,,,,127.1
Mark Christman,1002218,112271.0,3B,SLB,0.65788700855642,,0.61,-5.309712362392538,-0.7777777910232544,-1.4473363906145096,,,,,90.58606811138483,0.3209404289556413,,,,,0.668739222,0.351190476,0.317548746,0.270833333,0.080357143,0.282539682,98,364,336,31,35,2,18,118,91,73,11,5,0,19,,19.0,0.052197802,0.052197802,,,,,,,,,-2.0,,,,,,,,0.0
Woody Williams,1014045,124348.0,2B,CIN,0.649938381412688,,0.62,2.983411919708024,0.8271604776382446,-0.0760965161025524,,,,,136.94656770565356,0.3883908791201455,,,,,0.820496893,0.434782608,0.385714285,0.376811594,0.057971014,0.393939393,30,72,69,8,11,0,3,30,26,23,2,1,0,1,,3.0,0.041666666,0.013888888,,,,,,,,,0.0,,,,,,,,0.0
Mickey Owen,1009919,120133.0,C,BRO,0.6399881238545087,,0.36,-10.067262187623657,4.148148059844971,0.4575656894594431,,,,,76.83283738534024,0.2968225207780023,,,,,0.610832778,0.301369863,0.309462915,0.260273972,0.041095891,0.271428571,106,395,365,31,54,0,13,110,95,82,11,2,4,25,,15.0,0.037974683,0.063291139,,,,,,,,,1.0,,,,,,,,0.0
Cowan Hyde,1015520,,OF,MRS,0.621752357959077,,0.0,3.831143298515654,-1.6317766904830933,0.91122074611485,,,,,131.9478162308925,0.3565654670414717,,,,,0.750124936,0.40229885,0.347826086,0.310344827,0.091954023,,22,92,87,14,8,1,4,35,27,23,1,2,5,5,,,,0.054347826,,,,,,,,,-2.0,,,,,,,,492.0
Ken Sears,1011705,121958.0,C,NYY,0.6125663960787991,,0.54,-1.6038727472513443,0.5432097911834717,-1.1236795489676297,,,,,97.8804784549058,0.3266362313607439,,,,,0.67595179,0.347593582,0.328358208,0.278074866,0.069518716,0.299401197,60,201,187,22,22,2,9,65,52,43,7,0,1,11,,18.0,0.089552238,0.054726368,,,,,,,,,-1.0,,,,,,,,0.0
Paul Richards,1010918,121150.0,C,DET,0.5871421396093881,,1.79,-10.287211722805498,4.086419582366943,-0.1012153732590377,,,,,74.54383062428867,0.298365834931081,,,,,0.603942781,0.2971246,0.306818181,0.220447284,0.076677316,0.234432234,100,355,313,32,33,5,13,93,69,56,7,1,1,38,,35.0,0.098591549,0.107042253,,,,,,,,,1.0,,,,,,,,0.0
Dom Dallessandro,1002947,113012.0,OF,CHC,0.5794448863293444,,0.57,2.034549178243166,-3.425925850868225,-0.0156067926436662,,,,,108.17683716758162,0.3435291285339039,,,,,0.686845412,0.318181818,0.368663594,0.221590909,0.096590909,0.236024844,87,218,176,13,31,1,12,56,39,27,8,3,1,40,,14.0,0.064220183,0.183486238,,,,,,,,,-2.0,,,,,,,,0.0
Al Rubeling,1011275,121525.0,2B,PIT,0.5782546875906678,,0.54,-3.838661400265171,3.90123450756073,-0.1268275268375873,,,,,82.07038491392201,0.3093656762079759,,,,,0.652597402,0.357142857,0.295454545,0.261904761,0.095238096,0.291390728,47,180,168,23,9,0,12,60,44,32,8,4,0,8,,17.0,0.094444444,0.044444444,,,,,,,,,2.0,,,,,,,,0.0
Red Longley,1015786,,SS,MRS,0.5744636444185243,,0.0,2.875798679923597,-1.3411681056022644,0.1080500460229814,,,,,129.02104753740986,0.3524787022421757,,,,,0.73878205,0.384615384,0.354166666,0.318681318,0.065934066,,25,96,91,9,10,0,5,35,29,24,4,1,1,5,,,,0.052083333,,,,,,,,,-2.0,,,,,,,,222.0
Bobby Bragan,1001331,111368.0,C,BRO,0.5679316126595582,,0.33,-3.817869221573072,1.7592592239379885,-0.1965826665982604,,,,,86.98924596237663,0.3132410457793702,,,,,0.651547387,0.34090909,0.310638297,0.263636363,0.077272727,0.277227722,74,242,220,17,24,2,11,75,58,47,7,2,0,15,,16.0,0.066115702,0.061983471,,,,,,,,,0.0,,,,,,,,0.0
Don Gutteridge,1005157,115264.0,2B,SLB,0.567371921562116,,0.55,-1.5724162417033822,-14.2962965965271,-1.9203076153062284,,,,,100.52136256194382,0.3366806841626459,,,,,0.701205016,0.366171003,0.335034013,0.2732342,0.092936803,0.297352342,132,592,538,77,36,1,42,197,147,105,35,6,10,50,,46.0,0.077702702,0.084459459,,,,,,,,,-20.0,,,,,,,,0.0
Rabbit Martínez,1015837,,SS,NYC,0.5662991797518949,,0.0,-5.979172077401005,6.888888835906982,0.4985379874706268,,,,,62.89530556983584,0.2892406334479649,,,,,0.592975206,0.297520661,0.295454545,0.231404958,0.066115703,,32,132,121,13,13,0,7,36,28,21,6,1,3,10,,,,0.075757575,,,,,,,,,5.0,,,,,,,,267.0
Prince Oana,1009673,119880.0,P,DET,0.5642882598400104,,0.52,2.9055212796233696,1.3953801393508911,-0.0221948171965777,,,,,196.20177499149872,0.4911056779049061,,,,,1.06125356,0.653846153,0.407407407,0.384615384,0.269230769,0.391304347,20,27,26,5,7,1,4,17,10,6,2,1,0,1,,2.0,0.074074074,0.037037037,,,,,,,,,0.0,,,,,,,,34.0
Roy Parnell,1016097,,OF,PS,0.5623035534105196,,0.0,2.198502073114165,-2.555555582046509,-0.1617050967179238,,,,,111.66379772694718,0.379898805633869,,,,,0.786096255,0.393939393,0.392156862,0.295454545,0.098484848,,38,153,132,28,17,0,9,52,39,30,5,4,0,17,,,,0.111111111,,,,,,,,,-1.0,,,,,,,,845.0
Joe Wood,1014225,124538.0,2B,DET,0.5572475572265982,,0.45,2.1272339436745513,-3.049382746219635,-0.5205012867227197,,,,,113.50029301430038,0.3600836494389702,,,,,0.761692969,0.414634146,0.347058823,0.323170731,0.091463415,0.346666666,60,174,164,22,17,1,9,68,53,44,4,4,2,6,,13.0,0.074712643,0.034482758,,,,,,,,,-4.0,,,,,,,,0.0
Bill Charter,1014841,,1B,- - -,0.542679979099439,,0.0,-1.394556945795098,2.665123462677002,0.1397569277323782,,,,,85.42978302137773,0.291610466984083,,,,,0.620101596,0.365384615,0.254716981,0.240384615,0.125,,27,106,104,13,12,2,8,38,25,17,5,1,1,2,,,,0.018867924,,,,,,,,,6.0,,,,,,,,270.0
George Staller,1012391,122650.0,OF,PHA,0.5272762885991962,,0.58,2.6531204394828865,-0.8641974925994873,0.1270741750486195,,,,,124.09773591224412,0.3696494717960772,,,,,0.784910485,0.458823529,0.326086956,0.270588235,0.188235294,0.263157894,21,93,85,14,12,3,7,39,23,16,1,3,1,5,,6.0,0.064516129,0.05376344,,,,,,,,,0.0,,,,,,,,0.0
Buster Haywood,1015405,,C,CC,0.5257270050045896,,0.0,0.8729910972656166,0.6358024477958679,0.1080500460229814,,,,,108.6515841086242,0.3240360014894035,,,,,0.660814606,0.3125,0.348314606,0.275,0.0375,,29,89,80,6,14,0,2,25,22,20,1,1,1,9,,,,0.101123595,,,,,,,,,-2.0,,,,,,,,267.2
Joe Kuhel,1007202,117356.0,1B,CHW,0.5137862104678427,,0.2,-11.724141832905245,-3.6111111640930176,-0.783713795710355,,,,,84.26861214740875,0.3021399148706504,,,,,0.603587355,0.284369114,0.319218241,0.212806026,0.071563088,0.224532224,153,617,531,55,46,5,27,151,113,86,21,1,14,76,,45.0,0.072933549,0.123176661,,,,,,,,,3.0,,,,,,,,0.0
George Myatt,1009413,119611.0,2B,WAS,0.5049667929622534,,0.5,1.7746722067579097,0.5987654328346252,0.527074181009084,,,,,116.0414446419979,0.3521124386426174,,,,,0.695826185,0.301886792,0.393939393,0.245283018,0.056603774,0.282608695,42,69,53,11,3,0,3,16,13,10,3,0,3,13,,7.0,0.101449275,0.188405797,,,,,,,,,0.0,,,,,,,,0.0
Mike Kreevich,1007151,117304.0,OF,SLB,0.5038785248905416,,0.43,-1.253602454174316,-0.4629629254341125,0.2256045914255082,,,,,93.20030322061396,0.325082100648931,,,,,0.650214235,0.291925465,0.35828877,0.254658385,0.03726708,0.277027027,60,193,161,24,10,0,6,47,41,35,6,0,4,26,,13.0,0.067357512,0.134715025,,,,,,,,,0.0,,,,,,,,0.0
Dave Thomas,1016552,,1B,NYC,0.4994330996038274,,0.0,3.798005304662007,-4.253086447715759,0.0700017879717052,,,,,120.87967958905874,0.3970306661393907,,,,,0.83060912,0.438016528,0.392592592,0.322314049,0.115702479,,29,135,121,26,13,1,12,53,39,27,11,0,1,11,,,,0.081481481,,,,,,,,,-3.0,,,,,,,,247.0
Art Pennington,1016124,,OF,CAG,0.4975096148729899,,0.0,0.4259636326492899,-0.6770833432674408,0.1080500460229814,,,,,102.51978241217476,0.3154739202476861,,,,,0.664219937,0.372881355,0.291338582,0.237288135,0.13559322,,31,127,118,18,16,2,8,44,28,20,2,4,1,9,,,,0.070866141,,,,,,,,,-3.0,,,,,,,,454.0
Fred Bankhead,1014550,,2B,MRS,0.4929919180627022,,0.0,1.2999331650712165,-0.9629629850387572,1.1017086845822632,,,,,101.8475287502266,0.3145352254311244,,,,,0.650806747,0.326732673,0.324074074,0.277227722,0.049504951,,25,108,101,18,9,0,4,33,28,24,3,1,6,6,,,,0.055555555,,,,,,,,,-2.0,,,,,,,,208.0
Bill Hoskins,1015483,,OF,BEG,0.4906417287846369,,0.0,-3.1246156573860757,2.6172839403152466,0.0636604116298258,,,,,83.92888734733418,0.328341003259023,,,,,0.681159419,0.347826086,0.333333333,0.275362318,0.072463768,,36,150,138,15,21,0,7,48,38,31,4,3,1,10,,,,0.066666666,,,,,,,,,11.0,,,,,,,,868.3000000000001
Joe Medwick,1008719,118904.0,OF,- - -,0.4904515062641715,,0.39000000000000007,-4.154507921864262,-7.141975164413452,-0.1804825775325298,,,,,93.35519517012808,0.3252802155695755,,,,,0.685890974,0.38028169,0.305609284,0.277665995,0.102615695,0.282978723,126,520,497,54,70,5,38,189,138,100,30,3,1,19,,22.0,0.042307692,0.036538461,,,,,,,,,-2.0,,,,,,,,0.0
Sy Morton,1015998,,2B,PS,0.4901982064648402,,0.0,-5.100730785341444,6.449999928474426,0.1334155513904988,,,,,60.424433017752435,0.2846474057435989,,,,,0.587692307,0.307692307,0.28,0.208791208,0.098901099,,29,100,91,14,21,0,7,28,19,12,5,2,1,9,,,,0.09,,,,,,,,,5.0,,,,,,,,221.0
Johnny Hundley,1015512,,OF,CBE,0.4871822969803435,,0.0,0.4512853703941569,0.1481481790542602,-0.1046327096410095,,,,,105.27913303021204,0.3193269124570883,,,,,0.652122641,0.3125,0.339622641,0.270833333,0.041666667,,30,106,96,12,10,0,3,30,26,23,2,1,0,9,,,,0.08490566,,,,,,,,,3.0,,,,,,,,579.3
Buddy Kerr,1006870,117019.0,SS,NYG,0.4844584942689332,,0.46,1.317997698732373,-0.3333333730697632,0.0953672933392226,,,,,109.66401170755223,0.3526731409408428,,,,,0.729402871,0.37755102,0.351851851,0.285714285,0.091836735,0.285714285,27,110,98,14,12,2,5,37,28,23,3,0,1,8,,5.0,0.045454545,0.072727272,,,,,,,,,-2.0,,,,,,,,0.0
Whit Wyatt,1014304,124627.0,P,BRO,0.4785476654446871,,0.43,-1.077732328412352,3.4626097679138184,-0.0412189462222158,,,,,86.5489851726587,0.3125293342793574,,,,,0.661748633,0.366666666,0.295081967,0.283333333,0.083333333,0.293103448,27,67,60,7,4,0,5,22,17,12,5,0,0,1,,2.0,0.029850746,0.014925373,,,,,,,,,0.0,,,,,,,,180.2
Ed Young,1016851,,1B,CAG,0.4758322450387948,,0.0,3.6001762872747984,-3.5761317014694214,-0.0887792687863111,,,,,133.7573549572101,0.3590921987186778,,,,,0.759440559,0.423076923,0.336363636,0.298076923,0.125,,28,110,104,15,13,1,9,44,31,22,6,2,0,5,,,,0.045454545,,,,,,,,,-3.0,,,,,,,,223.0
Herb Souell,1016459,,3B,KCM,0.4756187987249387,,0.0,-0.9764461226834392,-3.0,1.0192707921378314,,,,,90.74243272160729,0.2990287333589545,,,,,0.6194184,0.315270935,0.304147465,0.256157635,0.0591133,,53,217,203,28,14,0,9,64,52,43,6,3,6,13,,,,0.059907834,,,,,,,,,-3.0,,,,,,,,442.2
Vic Harris,1015374,,OF,HG,0.4700964542530547,,0.0,4.188215405283769,-5.5987653732299805,0.0129294008947908,,,,,120.76939886487216,0.3968256598240451,,,,,0.822512485,0.401459854,0.421052631,0.357664233,0.043795621,,37,152,137,30,28,0,5,55,49,44,4,1,1,14,,,,0.092105263,,,,,,,,,-7.0,,,,,,,,903.0
Oscar Judd,1006640,116783.0,P,BOS,0.4567170835178558,,0.47,-1.0441585304166332,3.2042062282562256,-0.0539016989059746,,,,,85.82986308662255,0.3095159621561988,,,,,0.636848712,0.314814814,0.322033898,0.259259259,0.055555555,0.28,27,62,54,2,0,0,2,17,14,12,1,1,0,5,,4.0,0.064516129,0.080645161,,,,,,,,,0.0,,,,,,,,155.1
Lou Louden,1015796,,C,NYC,0.4552793039902071,,0.0,-2.321698824577282,2.895061731338501,0.1175621105358004,,,,,82.60062371813959,0.3258718280297405,,,,,0.68996153,0.378640776,0.311320754,0.291262135,0.087378641,,29,106,103,18,15,0,7,39,30,23,5,2,1,3,,,,0.028301886,,,,,,,,,2.0,,,,,,,,228.0
Gene Hermanski,1005693,115811.0,OF,BRO,0.4482427919689961,,0.43,2.69031453292059,-0.7345678806304932,0.1143914223648607,,,,,131.10680019533612,0.3845600717597537,,,,,0.783333332,0.366666666,0.416666666,0.3,0.066666666,0.339622641,18,72,60,6,12,0,3,22,18,15,2,1,1,11,,7.0,0.097222222,0.152777777,,,,,,,,,0.0,,,,,,,,0.0
Al Unser,1013285,123569.0,C,DET,0.4480647990754753,,0.22,-1.823690271371164,2.1419752836227417,-0.4951282162219286,,,,,90.01109860661839,0.3228702667431953,,,,,0.647457052,0.297029702,0.35042735,0.247524752,0.04950495,0.290697674,38,118,101,14,4,0,5,30,25,20,5,0,0,15,,15.0,0.127118644,0.127118644,,,,,,,,,1.0,,,,,,,,0.0
Herbert Buster,1014763,,2B,CAG,0.4413899973050934,,0.0,3.617831822406861,0.104938268661499,-0.009512064512819,,,,,505.69895917066543,0.8784492148293389,,,,,1.888888888,1.222222222,0.666666666,0.666666666,0.555555556,,2,9,9,3,3,1,3,11,6,3,2,0,0,0,,,,0.0,,,,,,,,,0.0,,,,,,,,17.0
Al Smith,1012089,122348.0,P,CLE,0.4350498877068103,,0.48,-2.8505079952393864,4.186140060424805,-0.0665844515897333,,,,,69.50770071471742,0.2754077702373653,,,,,0.548701298,0.25,0.298701298,0.205882352,0.044117648,0.259259259,30,81,68,3,5,0,2,17,14,12,1,1,0,9,,14.0,0.172839506,0.111111111,,,,,,,,,0.0,,,,,,,,208.1
Clyde Shoun,1011934,122193.0,P,CIN,0.4231257209942375,,0.49,0.1297510390894117,2.377314329147339,-0.0475603225640952,,,,,103.3514571712817,0.3340820988019307,,,,,0.688888888,0.333333333,0.355555555,0.309523809,0.023809524,0.351351351,45,46,42,3,5,0,1,14,13,12,1,0,0,3,,5.0,0.108695652,0.065217391,,,,,,,,,0.0,,,,,,,,147.0
Joe Rullo,1011300,121551.0,2B,PHA,0.4177853734115381,,0.41,1.0448608989301034,0.6913580298423767,-0.0665844515897333,,,,,115.40728188230108,0.3558813882252526,,,,,0.726406925,0.345454545,0.38095238,0.29090909,0.054545455,0.333333333,16,64,55,2,6,0,3,19,16,13,3,0,0,8,,7.0,0.109375,0.125,,,,,,,,,0.0,,,,,,,,0.0
Bucky Walters,1013583,123898.0,P,CIN,0.4145589060129764,,0.93,0.7734193672856282,0.0,0.1334155513904988,,,,,105.5095500187255,0.3375708026190598,,,,,0.7125,0.4,0.3125,0.266666666,0.133333334,0.31081081,37,101,90,11,12,1,9,36,24,15,7,1,1,6,,15.0,0.148514851,0.05940594,,,,,,,,,0.0,,,,,,,,246.1
Tom Turner,1013236,123520.0,C,CHW,0.4132581746852751,,-0.29,-2.287171402964506,0.5123456716537476,0.0731724761426448,,,,,87.46060169340467,0.3071969094390641,,,,,0.637063534,0.337662337,0.299401197,0.24025974,0.097402597,0.267175572,51,167,154,16,11,2,10,52,37,27,7,1,1,13,,21.0,0.125748502,0.077844311,,,,,,,,,-1.0,,,,,,,,0.0
Ted Radcliffe,1016200,,C,- - -,0.4064003875107775,,0.0,-2.008312408339964,1.790123421698809,0.1048793578520417,,,,,80.30423622172412,0.2844534599118762,,,,,0.591534391,0.295238095,0.296296296,0.276190476,0.019047619,,30,108,105,7,8,0,2,31,29,27,2,0,1,3,,,,0.027777777,,,,,,,,,1.0,,,,,,,,248.2
Rollie Hemsley,1005626,115741.0,C,NYY,0.3923091958572356,,0.25,-4.544932629131601,1.604938268661499,-0.5236644097603858,,,,,82.07216469047268,0.3015914886726616,,,,,0.629044328,0.338888888,0.29015544,0.238888888,0.1,0.24260355,62,199,180,12,24,2,11,61,43,32,6,3,0,13,,9.0,0.04522613,0.065326633,,,,,,,,,0.0,,,,,,,,0.0
Rube Fischer,1004071,114149.0,P,NYG,0.3887454787855165,,0.41,-0.1864153111311778,2.377314329147339,-0.0285361935384571,,,,,97.0158420987949,0.3322265148162842,,,,,0.707493539,0.418604651,0.288888888,0.255813953,0.162790698,0.303030303,22,46,43,6,6,1,4,18,11,7,2,1,0,2,,9.0,0.195652173,0.04347826,,,,,,,,,0.0,,,,,,,,130.2
Leonard Lindsay,1015758,,1B,- - -,0.3797892583815636,,0.0,-0.6465750129870056,-0.3395061492919922,-0.1078033978119492,,,,,95.55468491796888,0.305748274580377,,,,,0.625978437,0.306306306,0.319672131,0.252252252,0.054054054,,33,122,111,10,9,0,5,34,28,23,4,1,0,11,,,,0.090163934,,,,,,,,,1.0,,,,,,,,264.0
Clyde McCullough,1008435,118619.0,C,CHC,0.3628509866897637,,-0.16,-7.08954752730811,1.5,0.9495156523771584,,,,,76.2254091314113,0.2918774727283884,,,,,0.59563858,0.293233082,0.302405498,0.236842105,0.056390977,0.264069264,87,294,266,20,23,2,9,78,63,54,5,2,6,24,,33.0,0.112244897,0.081632653,,,,,,,,,-1.0,,,,,,,,0.0
Bill Conroy,1002542,112600.0,C,BOS,0.3393037047528462,,0.15,-1.7048006658909505,1.1728395223617554,-0.0982913332991302,,,,,87.15961153425404,0.3116226515986702,,,,,0.606026557,0.269662921,0.336363636,0.17977528,0.089887641,0.217391304,39,111,89,13,6,1,6,24,16,10,5,0,0,18,,19.0,0.171171171,0.162162162,,,,,,,,,0.0,,,,,,,,0.0
Fred McDaniel,1015882,,OF,MRS,0.3390572405380957,,0.0,3.1524214774961674,-3.3024691343307495,0.1207327987067401,,,,,137.6753465363032,0.3645630478858948,,,,,0.759259258,0.388888888,0.37037037,0.291666666,0.097222222,,20,81,72,9,9,0,5,28,21,16,3,2,1,9,,,,0.111111111,,,,,,,,,-4.0,,,,,,,,288.0
Frank Colman,1002471,112525.0,OF,PIT,0.3370641811033624,,0.45,0.609375870072375,0.5246913731098175,-0.0634137634187936,,,,,108.60251263167068,0.3522566645892698,,,,,0.73109031,0.372881355,0.358208955,0.27118644,0.101694915,0.307692307,32,68,59,9,4,0,4,22,16,12,2,2,0,8,,7.0,0.102941176,0.117647058,,,,,,,,,1.0,,,,,,,,0.0
Orval Grove,1005100,115200.0,P,CHW,0.3358330689569221,,0.37,-4.101258104276157,4.3928632736206055,-0.0760965161025524,,,,,57.98713653632973,0.2605027862084217,,,,,0.489510488,0.181818181,0.307692307,0.181818181,0.0,0.272727272,32,85,66,9,7,0,0,12,12,12,0,0,0,11,,22.0,0.258823529,0.129411764,,,,,,,,,0.0,,,,,,,,216.1
Bob Klinger,1007007,117163.0,P,PIT,0.3329281814776892,,0.29,-2.989257463799055,3.82437515258789,-0.0602430752478539,,,,,65.58524152664353,0.2827163210936955,,,,,0.576923076,0.276923076,0.3,0.246153846,0.03076923,0.253968253,33,74,65,5,4,0,2,18,16,14,2,0,0,5,,2.0,0.027027027,0.067567567,,,,,,,,,0.0,,,,,,,,195.0
Dee Moore,1009101,119291.0,C,- - -,0.3317656139440963,,-0.27,-2.567983201577679,-1.1913580298423767,-0.0029240399599075,,,,,89.90839941623258,0.3168619105575281,,,,,0.642154051,0.307291666,0.334862385,0.244791666,0.0625,0.262857142,74,221,192,21,20,1,9,59,47,38,7,1,1,26,,16.0,0.07239819,0.117647058,,,,,,,,,-2.0,,,,,,,,0.0
Pete Sunkett,1016511,,2B,PS,0.3280848515729244,,0.0,-2.258419797808203,4.172839507460594,-0.0221948171965777,,,,,57.72955807210602,0.2796377688646316,,,,,0.6,0.35,0.25,0.25,0.1,,18,40,40,8,6,0,3,14,10,7,2,1,0,0,,,,0.0,,,,,,,,,3.0,,,,,,,,82.1
Don Ross,1011227,121475.0,OF,DET,0.327472066792651,,0.04,-4.724362025520081,-1.2283950448036194,0.1653690813109278,,,,,83.93284061186012,0.3132406244082237,,,,,0.644464921,0.319838056,0.324626865,0.267206477,0.052631579,0.270491803,89,270,247,19,18,0,13,79,66,53,13,0,2,20,,3.0,0.011111111,0.074074074,,,,,,,,,-1.0,,,,,,,,0.0
Dizzy Trout,1013196,123479.0,P,DET,0.3251490686160195,,0.45,-5.214516849036581,5.013031959533691,0.3492689952254295,,,,,49.111862065687355,0.2580745604730421,,,,,0.544251446,0.307692307,0.236559139,0.219780219,0.087912088,0.231707317,45,97,91,9,6,1,6,28,20,14,5,0,2,2,,8.0,0.082474226,0.020618556,,,,,,,,,0.0,,,,,,,,246.2
Pepper Sharpe,1016371,,OF,MRS,0.3238134086665916,,0.0,0.8630149085261116,1.8271604925394056,-0.0126827526837587,,,,,173.45656507413267,0.4145258019367854,,,,,0.87121212,0.454545454,0.416666666,0.363636363,0.090909091,,5,12,11,0,1,0,1,5,4,3,1,0,0,1,,,,0.083333333,,,,,,,,,5.0,,,,,,,,85.0
Jim Tobin,1013089,123365.0,P,BSN,0.321067593293547,,0.92,-0.4041934846665008,-0.0432098768651485,-0.0951206451281905,,,,,97.62186042988353,0.3310029538331833,,,,,0.692415845,0.373831775,0.31858407,0.280373831,0.093457944,0.314606741,46,113,107,8,12,2,6,40,30,24,4,0,0,6,,16.0,0.14159292,0.053097345,,,,,,,,,0.0,,,,,,,,250.0
Hank Borowy,1001208,111245.0,P,NYY,0.3188529307435579,,0.33,-4.42657822187651,4.496224880218506,-0.0475603225640952,,,,,55.34445885911823,0.2592474078830284,,,,,0.536948339,0.283783783,0.253164556,0.202702702,0.081081081,0.263157894,29,87,74,2,7,0,5,21,15,10,4,1,0,5,,17.0,0.195402298,0.057471264,,,,,,,,,0.0,,,,,,,,217.1
Edsall Walker,1016650,,P,HG,0.3128060820738003,,0.0,2.8795489963819376,-2.086419753730297,-0.0539016989059746,,,,,141.0739356425622,0.4345707716765227,,,,,0.92824074,0.520833333,0.407407407,0.333333333,0.1875,,27,54,48,13,8,1,5,25,16,11,2,2,0,6,,,,0.111111111,,,,,,,,,-3.0,,,,,,,,134.2
Red Barkley,1000551,110569.0,SS,BRO,0.3106407325777293,,0.22,0.95016736862941,0.1111111640930175,0.1460983040742576,,,,,112.2651662266941,0.3541012894023548,,,,,0.736185382,0.372549019,0.363636363,0.31372549,0.058823529,0.363636363,20,57,51,6,7,0,3,19,16,13,3,0,1,4,,7.0,0.122807017,0.070175438,,,,,,,,,-1.0,,,,,,,,0.0
Bill Brubaker,1001571,111613.0,3B,BSN,0.3104815700326047,,0.27,2.353011878221747,-0.1296296268701553,-0.0221948171965777,,,,,198.3415512599064,0.4938231820151919,,,,,1.055137844,0.578947368,0.476190476,0.421052631,0.157894737,0.470588235,13,21,19,3,1,0,3,11,8,5,3,0,0,2,,2.0,0.095238095,0.095238095,,,,,,,,,0.0,,,,,,,,0.0
Paul Hardy,1015351,,C,BBB,0.3091262553821935,,0.0,-4.903585103604955,3.839506149291992,0.3080500490032136,,,,,52.738369714511926,0.2459621322047603,,,,,0.49357124,0.22330097,0.27027027,0.213592233,0.009708737,,33,111,103,9,2,0,1,23,22,21,1,0,2,8,,,,0.072072072,,,,,,,,,3.0,,,,,,,,291.2
Gene Woodling,1014228,124554.0,OF,CLE,0.3065177628918425,,0.29,2.152623844744965,-0.2222222238779068,-0.0158534408546984,,,,,171.25395940201517,0.4366019941293276,,,,,0.946153846,0.6,0.346153846,0.32,0.28,0.368421052,8,27,25,5,5,1,4,15,8,4,2,1,0,1,,5.0,0.185185185,0.037037037,,,,,,,,,0.0,,,,,,,,0.0
Neil Robinson,1016271,,OF,MRS,0.3054662909955983,,0.0,3.8646077817659497,-4.858024686574936,-0.0792672042734921,,,,,143.6253998303971,0.3728713465260935,,,,,0.783747116,0.432098765,0.351648351,0.271604938,0.160493827,,23,91,81,14,16,2,7,35,22,15,3,2,0,9,,,,0.098901098,,,,,,,,,-9.0,,,,,,,,485.29999999999995
Ray Scarborough,1011496,121748.0,P,WAS,0.3050056204021938,,0.3,0.4365317003907395,1.4470608234405518,-0.0317068817093968,,,,,114.83634943163808,0.3502032344157879,,,,,0.717948717,0.333333333,0.384615384,0.333333333,0.0,0.4,24,28,24,1,2,0,0,8,8,8,0,0,0,2,,4.0,0.142857142,0.071428571,,,,,,,,,0.0,,,,,,,,86.0
Andy Pafko,1009948,120167.0,OF,CHC,0.3045162724465599,,0.24,2.914554997657875,-2.0802469104528427,0.1334155513904988,,,,,140.30198667773567,0.3954616169134776,,,,,0.831034482,0.431034482,0.4,0.379310344,0.051724138,0.415094339,13,60,58,7,10,0,3,25,22,19,3,0,1,2,,5.0,0.083333333,0.033333333,,,,,,,,,-2.0,,,,,,,,0.0
Goose Tatum,1016526,,OF,CC,0.300872665672672,,0.0,2.295476929032753,-4.141975283622742,0.3207328016869724,,,,,116.98957995941596,0.3356786803302601,,,,,0.713559713,0.414414414,0.299145299,0.261261261,0.153153153,,29,117,111,15,15,2,10,46,29,19,5,3,2,6,,,,0.051282051,,,,,,,,,-4.0,,,,,,,,466.2
Ollie West,1016707,,P,- - -,0.2983829605838968,,0.0,1.3262300755025054,0.8268918991088867,-0.0158534408546984,,,,,200.3942761976228,0.4414192363619804,,,,,0.9375,0.5625,0.375,0.375,0.1875,,7,16,16,3,3,1,1,9,6,5,0,0,0,0,,,,0.0,,,,,,,,,0.0,,,,,,,,39.1
Bob Smith,1016403,,C,MRS,0.298271933600748,,0.0,2.4807602527574826,-0.8271604925394058,-0.0412189462222158,,,,,194.02328241386172,0.4432439362561261,,,,,0.921481481,0.44,0.481481481,0.44,0.0,,9,27,25,2,4,0,0,11,11,11,0,0,0,2,,,,0.074074074,,,,,,,,,-1.0,,,,,,,,68.0
Bill Schuster,1011652,121903.0,SS,CHC,0.2841413425181611,,0.21,0.185765562964527,0.8024691343307495,-0.0475603225640952,,,,,103.75685214712426,0.3363839222325219,,,,,0.705882352,0.372549019,0.333333333,0.294117647,0.078431372,0.306122448,13,54,51,3,0,0,3,19,15,12,2,1,0,3,,2.0,0.037037037,0.055555555,,,,,,,,,0.0,,,,,,,,0.0
Ameal Brooks,1014695,,OF,NYC,0.2836713293864151,,0.0,2.172951168012321,-4.443355113267899,0.0953672933392226,,,,,112.2724107153396,0.3810301865451038,,,,,0.802889933,0.451327433,0.3515625,0.265486725,0.185840708,,33,128,113,24,26,4,12,51,30,18,7,1,1,15,,,,0.1171875,,,,,,,,,-9.0,,,,,,,,530.0
Ed Sauer,1011458,121709.0,OF,CHC,0.2781550939918588,,0.28,-0.524850930752401,1.4382716417312622,0.1492689922451973,,,,,90.2312082221161,0.3145187992160603,,,,,0.649306625,0.327272727,0.322033898,0.272727272,0.054545455,0.306122448,14,60,55,3,9,0,3,18,15,12,3,0,1,3,,6.0,0.1,0.05,,,,,,,,,2.0,,,,,,,,0.0
Zack Clayton,1014869,,1B,NBY,0.2774334565708102,,0.0,-6.3739403099429826,5.962962985038757,-0.0602430752478539,,,,,51.77970727889157,0.2685772957223834,,,,,0.56103589,0.308510638,0.252525252,0.212765957,0.095744681,,24,99,94,12,10,1,6,29,20,14,4,1,0,5,,,,0.05050505,,,,,,,,,7.0,,,,,,,,200.0
Larry St. Thomas,1016323,,C,NE,0.2772610010029948,,0.0,-0.2551483349144405,2.1111111119389534,0.1809758739545941,,,,,86.26020547710048,0.3326748063166936,,,,,0.683333333,0.35,0.333333333,0.2,0.15,,7,24,20,5,3,0,2,7,4,2,1,1,1,4,,,,0.166666666,,,,,,,,,3.0,,,,,,,,61.0
Frank Skaff,1012028,122288.0,1B,PHA,0.2768412300235311,,0.22,0.9258005204211108,-0.7160493731498718,-0.0634137634187936,,,,,112.36089504362664,0.3510550686291286,,,,,0.733482142,0.390625,0.342857142,0.28125,0.109375,0.326923076,32,71,64,8,8,1,4,25,18,14,2,1,0,6,,11.0,0.154929577,0.084507042,,,,,,,,,0.0,,,,,,,,0.0
Frankie Hayes,1005526,115641.0,C,SLB,0.2760789343106645,,-0.67,-10.22514232342207,3.30246901512146,-0.0314602334983646,,,,,68.81462462061644,0.2864484389623006,,,,,0.571138888,0.276,0.295138888,0.188,0.088,0.200956937,88,290,250,16,30,5,12,69,47,35,7,0,1,37,,36.0,0.124137931,0.127586206,,,,,,,,,1.0,,,,,,,,0.0
Tony Cuccinello,1002848,112911.0,3B,- - -,0.2687230407745996,,0.24000000000000005,-1.3018322213947964,-0.8518518507480621,0.1017011045478284,,,,,91.570207041936,0.3136173279389091,,,,,0.63851271,0.319672131,0.318840579,0.229508196,0.090163935,0.245283018,47,140,122,5,13,2,7,39,28,21,5,0,3,16,,14.0,0.1,0.114285714,,,,,,,,,-1.0,,,,,,,,0.0
Herb Barnhill,1014568,,C,KCM,0.2613587172204902,,0.0,-2.116450964149266,1.6481481194496157,0.5334155573509634,,,,,66.23594651529507,0.2648093413703049,,,,,0.545147678,0.266666666,0.278481012,0.24,0.026666666,,23,79,75,4,6,0,1,20,18,17,0,1,3,4,,,,0.050632911,,,,,,,,,1.0,,,,,,,,173.1
Satchel Paige,1009962,120181.0,P,- - -,0.255957838833027,,0.18,-2.187728054801032,2.635717988014221,0.161951744928956,,,,,54.54170455915887,0.247198342108259,,,,,0.51490196,0.26,0.25490196,0.24,0.02,,28,51,50,4,3,0,1,13,12,11,1,0,1,1,,,,0.019607843,,,,,,,,,0.0,,,,,,,,123.2
Vince Castino,1002070,112121.0,C,CHW,0.255594448712775,,-0.31,-2.293497484866735,0.92592591047287,-0.1014620214700698,,,,,82.78975624947394,0.2997969979733492,,,,,0.606764215,0.297029702,0.309734513,0.227722772,0.06930693,0.238636363,33,113,101,14,16,2,3,30,23,20,1,0,0,12,,11.0,0.097345132,0.10619469,,,,,,,,,0.0,,,,,,,,0.0
Verdell Mathis,1015847,,OF,- - -,0.2539967485609477,,0.0,-2.3200394493642253,1.6969697177410126,-0.0824378924444317,,,,,77.49762676634231,0.2805720014231546,,,,,0.543650793,0.222222222,0.321428571,0.208333333,0.013888889,,25,84,72,10,7,0,1,16,15,14,1,0,0,12,,,,0.142857142,,,,,,,,,6.0,,,,,,,,309.4
Chet Ross,1011225,121473.0,OF,BSN,0.2517291976603905,,0.16,-6.707266782628203,-0.1543209552764892,-0.0156067926436662,,,,,81.41149472800376,0.3047977955295489,,,,,0.632624831,0.347368421,0.28525641,0.217543859,0.129824562,0.260663507,94,313,285,27,32,7,21,99,62,41,12,2,1,26,,67.0,0.214057507,0.083067092,,,,,,,,,3.0,,,,,,,,0.0
Tommy Bridges,1001421,111458.0,P,DET,0.2512360378314359,,0.26,-3.8642191250487192,3.772694349288941,-0.0507310107350349,,,,,53.65344843458901,0.2652696898018104,,,,,0.540987318,0.265625,0.275362318,0.21875,0.046875,0.28,25,73,64,4,3,0,3,17,14,11,3,0,0,5,,14.0,0.191780821,0.06849315,,,,,,,,,0.0,,,,,,,,191.2
Pepper Bassett,1014573,,C,CC,0.2490048462792969,,0.0,-0.5257915910361591,2.1543209850788116,-0.0158534408546984,,,,,76.66797162463087,0.2793759974566372,,,,,0.59090909,0.318181818,0.272727272,0.272727272,0.045454546,,6,22,22,2,2,0,1,7,6,5,1,0,0,0,,,,0.0,,,,,,,,,2.0,,,,,,,,50.0
Stu Martin,1008198,118352.0,2B,CHC,0.242518647341741,,0.36,-4.535128345387678,2.8641974925994873,0.0826845406554639,,,,,70.25886739202608,0.2822321523401074,,,,,0.562507964,0.254237288,0.308270676,0.220338983,0.033898305,0.24074074,64,135,118,13,5,0,4,30,26,22,4,0,1,15,,10.0,0.074074074,0.111111111,,,,,,,,,2.0,,,,,,,,0.0
Bill Zuber,1014460,124786.0,P,NYY,0.2380238082005223,,0.26,-1.7865386527195486,2.42899489402771,-0.0253655053675174,,,,,66.75532543173759,0.2773253775778271,,,,,0.577694234,0.315789473,0.261904761,0.184210526,0.131578947,0.291666666,20,47,38,1,2,0,3,12,7,4,1,2,0,4,,14.0,0.29787234,0.085106382,,,,,,,,,0.0,,,,,,,,118.0
George Fallon,1003917,113993.0,2B,STL,0.2375614089471809,,0.16,-5.667061750135804,5.555555582046509,-0.0634137634187936,,,,,43.99761361257855,0.2449300870483304,,,,,0.502849002,0.243589743,0.259259259,0.23076923,0.012820513,0.260869565,36,87,78,6,5,0,1,19,18,17,1,0,0,2,,9.0,0.103448275,0.022988505,,,,,,,,,4.0,,,,,,,,0.0
Leon Ruffin,1016310,,C,NE,0.2365730464445396,,0.0,-5.526955053302364,3.7777777910232544,0.7207328076474369,,,,,59.62479438750346,0.2831609177793193,,,,,0.581116702,0.29906542,0.282051282,0.214953271,0.084112149,,31,117,107,16,20,0,8,32,23,15,7,1,4,8,,,,0.068376068,,,,,,,,,3.0,,,,,,,,274.0
Joe Haynes,1005534,115650.0,P,CHW,0.2351636208055631,,0.21,-0.967002222603233,1.912187576293945,-0.0380482580512762,,,,,77.72537725803686,0.2917736204894813,,,,,0.589030206,0.264705882,0.324324324,0.264705882,0.0,0.36,35,37,34,5,4,0,0,9,9,9,0,0,0,3,,9.0,0.243243243,0.081081081,,,,,,,,,0.0,,,,,,,,109.1
Manny Salvo,1011391,121644.0,P,BSN,0.2327410705859083,,0.18,-0.6398271383676407,1.7571452856063845,-0.0285361935384571,,,,,84.3676602232071,0.3095766380429268,,,,,0.645833333,0.333333333,0.3125,0.266666666,0.066666667,0.38095238,21,34,30,2,3,0,1,10,8,7,0,1,0,2,,9.0,0.264705882,0.058823529,,,,,,,,,0.0,,,,,,,,10.1
Parnell Woods,1016822,,3B,CBE,0.2253629419090956,,0.0,3.002513159334711,-4.9567901231348515,0.901708681602031,,,,,121.80075692843695,0.3423967201685168,,,,,0.71610686,0.365591397,0.350515463,0.322580645,0.043010752,,25,97,93,10,10,0,3,34,30,27,2,1,5,4,,,,0.041237113,,,,,,,,,-5.0,,,,,,,,195.1
Jack Salveson,1011390,121643.0,P,CLE,0.2218242440512726,,0.26,-0.413001878998699,1.498741626739502,-0.0158534408546984,,,,,87.85009870270612,0.3044672034404896,,,,,0.643874643,0.384615384,0.259259259,0.23076923,0.153846154,0.208333333,23,29,26,2,2,1,2,10,6,4,1,0,0,1,,1.0,0.034482758,0.034482758,,,,,,,,,0.0,,,,,,,,86.0
Al Brazle,1001371,111409.0,P,STL,0.2105544973468072,,0.19,-0.6803201412920101,1.6537837982177734,-0.0221948171965777,,,,,82.11810400258832,0.306554451584816,,,,,0.65625,0.375,0.28125,0.28125,0.09375,0.3,13,32,32,4,4,0,2,12,9,7,1,1,0,0,,2.0,0.0625,0.0,,,,,,,,,0.0,,,,,,,,88.0
Bill LeFebvre,1007472,117626.0,P,WAS,0.2082333299788036,,0.19,0.6461889269807195,0.7752111554145813,-0.0063413763418793,,,,,138.59466847567913,0.3878429849942525,,,,,0.833333333,0.5,0.333333333,0.285714285,0.214285715,0.285714285,7,15,14,0,1,0,3,7,4,1,3,0,0,1,,0.0,0.0,0.066666666,,,,,,,,,0.0,,,,,,,,32.1
Chico Hernandez,1005699,115835.0,C,CHC,0.207187583689192,,0.22,-2.562600871787691,0.2654321193695068,-0.1268275268375873,,,,,84.54136129703662,0.3053207748076495,,,,,0.625116712,0.301587301,0.323529411,0.269841269,0.031746032,0.29059829,43,137,126,10,9,0,4,38,34,30,4,0,0,9,,9.0,0.06569343,0.06569343,,,,,,,,,-1.0,,,,,,,,0.0
William Carter,1014818,,3B,HSS,0.1982098713201024,,0.0,2.415796151151312,-2.0,0.5460983100347221,,,,,140.3910057355481,0.4333012393542698,,,,,0.885714285,0.4,0.485714285,0.4,0.0,,8,35,30,8,3,0,0,12,12,12,0,0,3,4,,,,0.114285714,,,,,,,,,-2.0,,,,,,,,70.1
Tom Padden,1009943,120162.0,C,- - -,0.19684940815252,,0.25,-1.1204165838047406,1.555555559694767,-0.0507310107350349,,,,,80.47387435722511,0.3006105050444603,,,,,0.606060605,0.272727272,0.333333333,0.272727272,0.0,0.324324324,20,48,44,6,1,0,0,12,12,12,0,0,0,3,,7.0,0.145833333,0.0625,,,,,,,,,1.0,,,,,,,,0.0
Jack Hallett,1005243,115360.0,P,PIT,0.1964830429209304,,0.21,0.4985833829674749,0.8268918991088867,-0.0126827526837587,,,,,127.78318210830078,0.3832635208964348,,,,,0.803571428,0.428571428,0.375,0.285714285,0.142857143,0.4,9,16,14,1,0,0,2,6,4,2,2,0,0,2,,4.0,0.25,0.125,,,,,,,,,0.0,,,,,,,,47.2
Jack Matchett,1015846,,P,KCM,0.1954113470935373,,0.0,-0.2781312666334743,-0.1296296268701553,-0.0507310107350349,,,,,96.12031371133824,0.306538084806022,,,,,0.62392069,0.301886792,0.322033898,0.245283018,0.056603774,,24,59,53,2,7,0,3,16,13,10,3,0,0,6,,,,0.101694915,,,,,,,,,1.0,,,,,,,,173.0
Lon Warneke,1013637,123937.0,P,CHC,0.1940675413148557,,0.19,-0.8319368949851305,1.6537837982177734,0.171463809441775,,,,,72.73664090505393,0.2862376416883161,,,,,0.553349875,0.23076923,0.322580645,0.192307692,0.038461538,0.25,21,32,26,2,0,0,1,6,5,4,1,0,1,5,,6.0,0.1875,0.15625,,,,,,,,,0.0,,,,,,,,88.1
Harry Williams,1016780,,SS,- - -,0.1858516626462604,,0.0,0.1319297420781335,-1.9753086268901825,0.9080500579439104,,,,,93.69002863763347,0.3464864735962242,,,,,0.719544591,0.364705882,0.354838709,0.294117647,0.070588235,,23,93,85,14,12,0,4,31,25,21,2,2,5,7,,,,0.075268817,,,,,,,,,-2.0,,,,,,,,202.1
Alfred Saylor,1016347,,P,BBB,0.183051120810345,,0.0,-0.0636402915131588,-0.3456790149211883,-0.0570723870769143,,,,,99.8819417148359,0.3117905972259385,,,,,0.633403361,0.294117647,0.339285714,0.274509803,0.019607844,,18,56,51,7,3,0,1,15,14,13,1,0,0,5,,,,0.089285714,,,,,,,,,0.0,,,,,,,,126.1
Andy Porter,1016172,,P,BEG,0.1822340307420516,,0.0,0.279267445120642,0.8268918991088867,-0.0158534408546984,,,,,113.9463721008488,0.3841419965028763,,,,,0.8125,0.4375,0.375,0.375,0.0625,,9,16,16,3,3,0,1,7,6,5,1,0,0,0,,,,0.0,,,,,,,,,0.0,,,,,,,,46.2
Jimmy Johnson,1015618,,SS,PS,0.1812587390555419,,0.0,-2.090910682911993,1.8086419701576233,-0.0475603225640952,,,,,72.89500895818263,0.3078295787175496,,,,,0.629514963,0.31372549,0.315789473,0.235294117,0.078431373,,16,57,51,6,7,0,3,16,12,9,2,1,0,5,,,,0.087719298,,,,,,,,,1.0,,,,,,,,114.0
Mel Harder,1005339,115451.0,P,CLE,0.1806268250090438,,0.25,-2.8218744312246895,2.739079475402832,-0.0317068817093968,,,,,53.29404004478553,0.249720845903669,,,,,0.521493703,0.276595744,0.244897959,0.212765957,0.063829787,0.277777777,19,53,47,2,4,0,2,13,10,8,1,1,0,2,,11.0,0.207547169,0.037735849,,,,,,,,,0.0,,,,,,,,135.1
Emery Adams,1014474,,OF,- - -,0.1772050119054062,,0.0,2.1260632920949396,-3.65729308128357,0.3175621135160327,,,,,116.67578275746084,0.3892158335301934,,,,,0.816910568,0.426666666,0.390243902,0.333333333,0.093333333,,26,82,75,13,10,0,6,32,25,19,5,1,2,7,,,,0.085365853,,,,,,,,,-5.0,,,,,,,,439.3
Theolic Smith,1016428,,OF,CBE,0.1761112879891619,,0.0,1.064811648533169,-2.2592592537403107,0.1239034868776798,,,,,113.33971526005833,0.3305822275054287,,,,,0.66127915,0.295081967,0.366197183,0.262295081,0.032786886,,23,71,61,12,11,0,2,18,16,14,2,0,1,10,,,,0.14084507,,,,,,,,,-3.0,,,,,,,,332.0
Henry Merchant,1015917,,OF,CC,0.1716583790508185,,0.0,1.1658731051267814,-0.1851851791143417,0.384146565105766,,,,,149.18045548211325,0.3806280940771103,,,,,0.803571428,0.428571428,0.375,0.285714285,0.142857143,,6,16,14,2,2,0,1,6,4,3,0,1,2,2,,,,0.125,,,,,,,,,1.0,,,,,,,,108.0
Steve Sundra,1012726,122985.0,P,SLB,0.170560810869592,,0.3,-5.113625453951399,4.0827789306640625,-0.0443896343931555,,,,,43.07103443609427,0.2456634696324666,,,,,0.513972602,0.273972602,0.24,0.219178082,0.05479452,0.285714285,32,79,73,9,2,0,4,20,16,12,4,0,0,2,,17.0,0.215189873,0.025316455,,,,,,,,,0.0,,,,,,,,208.0
Leroy Sutton,1016513,,P,CAG,0.169121044003944,,0.0,-0.6709892455002116,1.2920186519622805,-0.0190241290256381,,,,,73.74923142955312,0.2753004431724548,,,,,0.571666666,0.291666666,0.28,0.25,0.041666666,,9,25,24,0,0,0,1,7,6,5,1,0,0,1,,,,0.04,,,,,,,,,0.0,,,,,,,,58.0
Sherry Robertson,1011047,121297.0,3B,WAS,0.1674302285610045,,0.18,-1.2234194454756109,-1.9382716044783592,-0.8761116582900286,,,,,97.76718200618812,0.3231609506883483,,,,,0.660507245,0.341666666,0.318840579,0.216666666,0.125,0.234693877,59,138,120,22,14,3,8,41,26,18,4,1,0,17,,19.0,0.137681159,0.123188405,,,,,,,,,-2.0,,,,,,,,0.0
George Metkovich,1008809,118997.0,OF,BOS,0.1656781602350407,,0.06,-5.855024440185749,-4.444444417953491,-1.190264000557363,,,,,88.24278200647043,0.3133386933073706,,,,,0.655831357,0.361370716,0.294460641,0.246105919,0.115264797,0.26618705,78,352,321,34,27,5,23,116,79,56,14,4,1,19,,38.0,0.107954545,0.053977272,,,,,,,,,-3.0,,,,,,,,0.0
Mahlon Duckett,1015072,,SS,PS,0.1647522926008844,,0.0,0.3817712132360595,-1.0925925970077517,0.3397569307126105,,,,,100.54770946108684,0.3592345570695811,,,,,0.73347701,0.354166666,0.379310344,0.25,0.104166666,,16,58,48,7,6,0,3,17,12,9,1,2,2,10,,,,0.172413793,,,,,,,,,-2.0,,,,,,,,125.0
John Burrows,1001732,111774.0,P,- - -,0.1604063895696909,,0.23,0.9816936407385792,0.3100844621658325,-0.0126827526837587,,,,,244.93797564863584,0.5634466211001078,,,,,1.166666666,0.5,0.666666666,0.5,0.0,1.0,27,6,4,0,0,0,0,2,2,2,0,0,0,2,,2.0,0.333333333,0.333333333,,,,,,,,,0.0,,,,,,,,40.1
Murry Dickson,1003282,113346.0,P,STL,0.1602616617846982,,0.22,-1.5516672865737455,1.912187576293945,-0.0221948171965777,,,,,64.05860904541389,0.2773600501172683,,,,,0.588235293,0.323529411,0.264705882,0.264705882,0.058823529,0.272727272,31,37,34,1,6,0,2,11,9,7,2,0,0,0,,1.0,0.027027027,0.0,,,,,,,,,0.0,,,,,,,,115.2
Red Roberts,1011043,121272.0,SS,WAS,0.1585598776962868,,0.16,1.1190026789964973,-0.6296296417713165,-0.0253655053675174,,,,,137.60277531663527,0.3862715518033063,,,,,0.805152978,0.434782608,0.37037037,0.260869565,0.173913043,0.25,9,27,23,1,3,1,2,10,6,4,1,0,0,4,,2.0,0.074074074,0.148148148,,,,,,,,,-1.0,,,,,,,,0.0
Al Milnar,1008962,119155.0,P,- - -,0.1566113690862897,,0.16999999999999998,-0.7589583304204873,1.343699336051941,-0.009512064512819,,,,,74.4268020146742,0.2795842838287353,,,,,0.6,0.36,0.24,0.24,0.12,0.352941176,22,26,25,3,2,0,3,9,6,3,3,0,0,0,,8.0,0.307692307,0.0,,,,,,,,,0.0,,,,,,,,53.2
Jimmy Outlaw,1009909,120127.0,OF,DET,0.1551858259978218,,0.14,-0.4932809227945577,-0.5802469253540039,-0.0760965161025524,,,,,95.1299618453543,0.330979962348938,,,,,0.675024874,0.328358208,0.346666666,0.268656716,0.059701492,0.274193548,20,76,67,8,6,1,2,22,18,16,1,0,0,8,,4.0,0.052631578,0.105263157,,,,,,,,,0.0,,,,,,,,0.0
Joe Orengo,1009832,120046.0,1B,- - -,0.1531152138258357,,0.15000000000000002,-4.887637239255697,-3.5432097911834717,-0.0631671152077615,,,,,87.17206326920324,0.316191098771734,,,,,0.645602598,0.330960854,0.314641744,0.21708185,0.113879004,0.242290748,90,327,281,29,30,6,18,93,61,43,10,2,1,40,,48.0,0.14678899,0.122324159,,,,,,,,,0.0,,,,,,,,0.0
Curley Andrews,1014509,,2B,PS,0.1518368520592564,,0.0,1.1598692271839803,0.1296296268701553,-0.0031706881709396,,,,,393.12620824872823,0.9031232595443726,,,,,1.999999999,1.333333333,0.666666666,0.666666666,0.666666667,,3,3,3,3,2,0,1,4,2,1,0,1,0,0,,,,0.0,,,,,,,,,0.0,,,,,,,,10.0
Kerby Farrell,1003949,114027.0,1B,BSN,0.1441784269261204,,-0.11,-6.648659919260333,-0.9814815521240234,-0.0409722980111837,,,,,81.03897479295085,0.3041955917268186,,,,,0.632432432,0.325,0.307432432,0.267857142,0.057142858,0.283018867,85,303,280,11,21,0,15,91,75,60,14,1,1,16,,15.0,0.04950495,0.05280528,,,,,,,,,2.0,,,,,,,,23.0
Bill Sayles,1011483,121735.0,P,- - -,0.1429789648400377,,0.17,0.0883202822941952,0.7752111554145813,-0.0126827526837587,,,,,105.85461182186408,0.3461447477340698,,,,,0.733333333,0.4,0.333333333,0.333333333,0.066666667,0.454545454,25,15,15,2,0,0,1,6,5,4,1,0,0,0,,4.0,0.266666666,0.0,,,,,,,,,0.0,,,,,,,,64.2
Jim Elam,1015106,,P,NE,0.1427580485219445,,0.0,0.8888383777075584,-0.0388888865709304,-0.0158534408546984,,,,,152.61851600626755,0.4560315654827998,,,,,0.961538461,0.5,0.461538461,0.416666666,0.083333334,,9,13,12,3,2,0,1,6,5,4,1,0,0,1,,,,0.076923076,,,,,,,,,0.0,,,,,,,,33.0
Jim Tyack,1013249,123533.0,OF,PHA,0.1421035813873054,,0.11,-2.751735781659251,-1.5679012537002563,-0.3236644067801535,,,,,87.40253305712824,0.3115141180140027,,,,,0.642107272,0.322580645,0.319526627,0.258064516,0.064516129,0.273972602,54,171,155,11,23,0,9,50,40,31,8,1,1,14,,9.0,0.052631578,0.081871345,,,,,,,,,0.0,,,,,,,,0.0
Vern Kennedy,1006851,116983.0,P,CLE,0.1389727895587198,,0.11,-3.7970192297854473,3.100844621658325,-0.0348775698803365,,,,,44.37093213018364,0.2355841742112086,,,,,0.499999999,0.269230769,0.23076923,0.23076923,0.038461539,0.25,38,60,52,8,0,0,1,14,12,11,0,1,0,0,,4.0,0.066666666,0.0,,,,,,,,,0.0,,,,,,,,146.2
Fred Hobgood,1015454,,P,NE,0.1381249032745061,,0.0,-0.1263673307533642,0.8268918991088867,-0.0126827526837587,,,,,94.62766783636182,0.3482294976711273,,,,,0.75,0.4375,0.3125,0.3125,0.125,,8,16,16,1,5,0,1,7,5,4,0,1,0,0,,,,0.0,,,,,,,,,0.0,,,,,,,,29.1
Marius Russo,1011324,121575.0,P,NYY,0.1361374592214744,,0.18,-1.8776630578097344,1.912187576293945,-0.0285361935384571,,,,,55.661308444345096,0.2597493852887835,,,,,0.511520736,0.225806451,0.285714285,0.193548387,0.032258064,0.25,24,37,31,4,2,0,1,7,6,5,1,0,0,4,,7.0,0.189189189,0.108108108,,,,,,,,,0.0,,,,,,,,101.2
Ford Garrison,1004550,114636.0,OF,BOS,0.1339660275629141,,0.02,-2.082365937353095,-1.1604938507080078,-0.4887868398800492,,,,,89.60432712232546,0.3154957574694904,,,,,0.662559296,0.356589147,0.305970149,0.279069767,0.07751938,0.307017543,36,136,129,13,11,1,7,46,36,29,5,1,0,5,,14.0,0.102941176,0.036764705,,,,,,,,,0.0,,,,,,,,0.0
James Brown,1014713,,OF,NE,0.130646002976038,,0.0,1.0130676488702357,-1.351851850748062,-0.0348775698803365,,,,,119.3257344994778,0.3941419604347973,,,,,0.840853658,0.475,0.365853658,0.35,0.125,,11,41,40,4,6,0,4,19,14,10,3,1,0,1,,,,0.024390243,,,,,,,,,-1.0,,,,,,,,236.0
Bob Malloy,1008026,118206.0,P,CIN,0.1302991548130825,,0.12,0.9529448646773668,0.1550422310829162,-0.0031706881709396,,,,,377.10481274130075,0.776623010635376,,,,,1.666666666,1.0,0.666666666,0.666666666,0.333333334,1.0,6,3,3,2,0,0,1,3,2,1,1,0,0,0,,1.0,0.333333333,0.0,,,,,,,,,0.0,,,,,,,,10.0
Casey Jones,1015640,,C,MRS,0.1294803953970627,,0.0,1.3889718876840993,-0.8765432089567184,-0.0253655053675174,,,,,188.97965418161857,0.4362013153731823,,,,,0.884615384,0.384615384,0.5,0.384615384,0.0,,7,16,13,4,1,0,0,5,5,5,0,0,0,3,,,,0.1875,,,,,,,,,-1.0,,,,,,,,30.0
Collins Jones,1015641,,SS,- - -,0.129209459351106,,0.0,-0.6262591489316554,1.246913582086563,-0.009512064512819,,,,,75.35988431099003,0.299776511059867,,,,,0.630718953,0.352941176,0.277777777,0.235294117,0.117647059,,5,18,17,2,1,0,2,6,4,2,2,0,0,1,,,,0.055555555,,,,,,,,,1.0,,,,,,,,42.2
Andy Karl,1006701,116844.0,P,- - -,0.123460309354957,,0.2,-0.2744180733788726,0.8785726428031921,-0.0190241290256381,,,,,86.62958501569994,0.3111106578041525,,,,,0.619607842,0.266666666,0.352941176,0.266666666,0.0,0.363636363,22,17,15,5,0,0,0,4,4,4,0,0,0,2,,4.0,0.235294117,0.117647058,,,,,,,,,0.0,,,,,,,,52.2
Charles Dean,1015017,,C,NBY,0.1224160580077788,,0.0,-1.0600504164038882,2.0617283955216408,0.0,,,,,-0.1884871954717611,0.1719710379838943,,,,,0.375,0.25,0.125,0.125,0.125,,2,8,8,0,1,0,1,2,1,0,1,0,0,0,,,,0.0,,,,,,,,,2.0,,,,,,,,17.0
Tom Glover,1015268,,P,BEG,0.1208800869094772,,0.0,-1.6815401043249136,1.6537837982177734,0.374634500592947,,,,,51.416220424845896,0.2679015919566154,,,,,0.547916666,0.266666666,0.28125,0.233333333,0.033333333,,19,32,30,2,3,0,1,8,7,6,1,0,2,2,,,,0.0625,,,,,,,,,0.0,,,,,,,,86.1
Buddy Armour,1014520,,OF,- - -,0.1208013039054765,,0.0,0.1168404426985723,-1.0802469062618911,0.3651224360801279,,,,,96.6477339285212,0.3519846988575799,,,,,0.74587912,0.442307692,0.303571428,0.25,0.192307692,,13,56,52,9,13,2,6,23,13,7,4,0,2,4,,,,0.071428571,,,,,,,,,0.0,,,,,,,,345.0
Howie Schultz,1011634,121887.0,1B,BRO,0.1196629351272216,,0.04,-2.671919066879753,-1.9444444179534912,0.4604897294193506,,,,,85.6655915753371,0.3111012684671502,,,,,0.651648351,0.351648351,0.3,0.269230769,0.082417582,0.305732484,45,190,182,20,34,1,13,64,49,36,12,0,3,6,,24.0,0.126315789,0.031578947,,,,,,,,,0.0,,,,,,,,0.0
Charlie Mead,1008703,118888.0,OF,NYG,0.1191283057629189,,0.16,-1.251179223523676,-2.4876543283462524,0.46683110576123,,,,,90.54582527689772,0.3217672927257342,,,,,0.669827888,0.349315068,0.32051282,0.273972602,0.075342466,0.3,37,158,146,9,13,1,8,51,40,32,6,1,3,10,,15.0,0.094936708,0.063291139,,,,,,,,,-1.0,,,,,,,,0.0
Wally Hebert,1005570,115685.0,P,PIT,0.1185728614533349,,0.17,-4.3063507047692955,3.4109292030334473,-0.0412189462222158,,,,,43.81201510689077,0.2475184202194214,,,,,0.517088079,0.27118644,0.245901639,0.220338983,0.050847457,0.25,35,66,59,9,5,0,2,16,13,11,1,1,0,2,,7.0,0.106060606,0.03030303,,,,,,,,,0.0,,,,,,,,184.0
Francis Jackson,1015529,,P,CAG,0.1180363412006923,,0.0,0.9073812419565288,0.1033614873886108,-0.0063413763418793,,,,,559.8773842424921,0.9541007280349731,,,,,2.0,1.0,1.0,1.0,0.0,,1,2,2,0,0,0,0,2,2,2,0,0,0,0,,,,0.0,,,,,,,,,0.0,,,,,,,,5.0
Jake Powell,1010489,120711.0,OF,WAS,0.1175656154898675,,0.18,-2.4285669898908195,-1.129629611968994,-1.396867158357054,,,,,93.5083942573468,0.3164138526156329,,,,,0.66831357,0.371212121,0.297101449,0.265151515,0.106060606,0.294117647,37,141,132,14,20,0,12,49,35,23,10,2,3,5,,13.0,0.092198581,0.035460992,,,,,,,,,0.0,,,,,,,,0.0
Steve Gromek,1005080,115181.0,P,CLE,0.1152453050644788,,0.11,0.8906468803079691,0.1033614873886108,-0.0063413763418793,,,,,497.9006516904621,0.9541007280349731,,,,,2.0,1.0,1.0,1.0,0.0,1.0,3,2,2,2,1,0,0,2,2,2,0,0,0,0,,0.0,0.0,0.0,,,,,,,,,0.0,,,,,,,,4.0
Newt Kimball,1006913,117062.0,P,- - -,0.1138047970506421,,0.14,-1.0794312261896502,1.3436993956565857,-0.0253655053675174,,,,,65.53309807190143,0.272645744184653,,,,,0.491228069,0.157894736,0.333333333,0.157894736,0.0,0.272727272,39,26,19,0,3,0,0,3,3,3,0,0,0,5,,8.0,0.307692307,0.192307692,,,,,,,,,0.0,,,,,,,,100.2
Jim Canada,1014788,,1B,MRS,0.113163350870915,,0.0,-1.5360225931586489,0.2654321193695068,-0.0539016989059746,,,,,76.68897724230268,0.2794053284451365,,,,,0.56806144,0.27118644,0.296875,0.237288135,0.033898305,,17,64,59,5,5,0,2,16,14,12,2,0,0,5,,,,0.078125,,,,,,,,,1.0,,,,,,,,139.0
Alex Carrasquel,1001983,112032.0,P,WAS,0.112959653712412,,0.14,-3.444152844760142,2.739079475402832,-0.4253730764612555,,,,,49.46718988389317,0.2466404000107123,,,,,0.471760796,0.186046511,0.285714285,0.186046511,0.0,0.242424242,39,53,43,3,3,0,0,8,8,8,0,0,0,5,,10.0,0.188679245,0.094339622,,,,,,,,,0.0,,,,,,,,144.1
Al Lakeman,1007263,117419.0,C,CIN,0.1129502542482297,,-0.21,-1.3846569644320454,0.6481481194496155,-0.0443896343931555,,,,,80.24876026287876,0.296735018491745,,,,,0.620376175,0.327272727,0.293103448,0.254545454,0.072727273,0.318181818,22,59,55,5,6,0,3,18,14,11,2,1,0,3,,11.0,0.186440677,0.050847457,,,,,,,,,0.0,,,,,,,,0.0
Bob Swift,1012789,123052.0,C,PHA,0.1124009908677727,,-0.51,-10.883136602000482,3.3765432834625244,-0.2251188601367175,,,,,63.90948857432937,0.2742946357340426,,,,,0.537765443,0.236607142,0.301158301,0.191964285,0.044642857,0.20289855,77,262,224,16,11,1,7,53,43,36,5,1,0,35,,16.0,0.061068702,0.133587786,,,,,,,,,1.0,,,,,,,,0.0
Rip Radcliff,1010634,120870.0,OF,DET,0.105973630372934,,-0.02,-2.5373754149116774,-0.8641974925994873,-0.3078109659254551,,,,,85.12742119979066,0.3151331705640453,,,,,0.636737444,0.295652173,0.341085271,0.260869565,0.034782608,0.267857142,70,133,115,3,10,0,4,34,30,26,4,0,1,13,,3.0,0.02255639,0.09774436,,,,,,,,,0.0,,,,,,,,0.0
Lew Flick,1004159,114242.0,OF,PHA,0.1053769107257795,,0.1,0.8477573109782497,-0.0432098768651485,-0.009512064512819,,,,,252.11260154337916,0.5724604368209839,,,,,1.2,0.6,0.6,0.6,0.0,0.6,1,5,5,2,0,0,0,3,3,3,0,0,0,0,,0.0,0.0,0.0,,,,,,,,,0.0,,,,,,,,0.0
Jimmie Newberry,1016031,,P,- - -,0.105138431124247,,0.0,-0.4579323322257174,0.8268918991088867,-0.0158534408546984,,,,,72.18766394183075,0.2731199637055397,,,,,0.526785714,0.214285714,0.3125,0.214285714,0.0,,6,16,14,2,1,0,0,3,3,3,0,0,0,1,,,,0.0625,,,,,,,,,0.0,,,,,,,,37.0
Quincy Smith,1016423,,OF,CBE,0.1024825364327215,,0.0,-0.2784522171020485,0.7407407462596893,0.1904879384674132,,,,,68.53093520348544,0.2680139263470967,,,,,0.552380951,0.285714285,0.266666666,0.214285714,0.071428571,,6,15,14,3,0,0,1,4,3,2,1,0,1,1,,,,0.066666666,,,,,,,,,3.0,,,,,,,,129.0
George Jeffcoat,1006376,116510.0,P,BSN,0.0987763922225538,,0.1,0.4995179999366248,0.2584037184715271,-0.0063413763418793,,,,,187.9659789987701,0.4770503640174866,,,,,1.0,0.5,0.5,0.5,0.0,0.666666666,8,5,4,0,2,0,0,2,2,2,0,0,0,0,,1.0,0.2,0.0,,,,,,,,,0.0,,,,,,,,17.2
Willie Burns,1014757,,P,BEG,0.0985232340747828,,0.0,1.1567437303188708,-1.0432098768651483,-0.0253655053675174,,,,,144.68985029032444,0.4412925750017166,,,,,0.92368421,0.47368421,0.45,0.421052631,0.052631579,,19,20,19,2,1,0,1,9,8,7,1,0,0,0,,,,0.0,,,,,,,,,-1.0,,,,,,,,40.2
Johnny Markham,1015826,,P,BBB,0.0968416014702888,,0.0,-0.9794822120144232,1.0852956771850586,-0.0126827526837587,,,,,53.65799959520893,0.2472462483814784,,,,,0.523809523,0.285714285,0.238095238,0.238095238,0.047619047,,8,21,21,2,1,0,1,6,5,4,1,0,0,0,,,,0.0,,,,,,,,,0.0,,,,,,,,49.0
Gentry Jessup,1015575,,P,CAG,0.0955453143348439,,0.0,0.1972222514400355,-1.0432098768651483,-0.0317068817093968,,,,,105.23728321629837,0.3192684758793224,,,,,0.681818181,0.386363636,0.295454545,0.295454545,0.090909091,,16,44,44,2,5,0,3,17,13,10,2,1,0,0,,,,0.0,,,,,,,,,-1.0,,,,,,,,121.1
Bobo Newsom,1009546,119749.0,P,- - -,0.0951183370862345,,0.10000000000000002,-5.590529540165972,4.031097948551178,-0.0570723870769143,,,,,37.78843921022071,0.2320785554679664,,,,,0.486486486,0.243243243,0.243243243,0.243243243,0.0,0.29032258,38,78,74,4,9,0,0,18,18,18,0,0,0,0,,12.0,0.153846153,0.0,,,,,,,,,0.0,,,,,,,,217.1
Paul Derringer,1003224,113285.0,P,CHC,0.0938335868436419,,0.15,-4.206780402384972,3.2042062282562256,-0.0317068817093968,,,,,41.44993539063321,0.2356605550338482,,,,,0.499999999,0.275862068,0.224137931,0.224137931,0.051724137,0.25,32,62,58,4,2,0,3,16,13,10,3,0,0,0,,6.0,0.096774193,0.0,,,,,,,,,0.0,,,,,,,,174.0
Ken Trinkle,1013186,123468.0,P,NYG,0.0930567646766816,,0.13,-0.2890032811516237,0.7235304117202759,-0.0158534408546984,,,,,83.03601593515357,0.3096271753311157,,,,,0.607142857,0.25,0.357142857,0.25,0.0,0.3,11,14,12,1,0,0,0,3,3,3,0,0,0,2,,2.0,0.142857142,0.142857142,,,,,,,,,0.0,,,,,,,,45.2
Elmer Riddle,1010946,121187.0,P,CIN,0.0895072026145774,,0.12,-7.680872110541273,5.374797344207764,-0.0634137634187936,,,,,36.31580119575305,0.2257144031476001,,,,,0.460500328,0.225806451,0.234693877,0.193548387,0.032258064,0.219512195,36,104,93,6,7,0,3,21,18,15,3,0,0,5,,11.0,0.10576923,0.048076923,,,,,,,,,0.0,,,,,,,,260.1
Andy Love,1015798,,C,HSS,0.0884458052251821,,0.0,-0.2439362279556261,1.0308641977608204,-0.0031706881709396,,,,,39.31877244943352,0.2454130450884501,,,,,0.333333333,0.0,0.333333333,0.0,0.0,,1,3,2,1,0,0,0,0,0,0,0,0,0,1,,,,0.333333333,,,,,,,,,1.0,,,,,,,,6.0
Mickey Kreitner,1007153,117306.0,C,CHC,0.0865468302276978,,-0.02,0.4325103120902424,0.0925925895571708,-0.0126827526837587,,,,,143.00914622032025,0.3998379243744744,,,,,0.819444444,0.375,0.444444444,0.375,0.0,0.5,3,9,8,0,2,0,0,3,3,3,0,0,0,1,,2.0,0.222222222,0.111111111,,,,,,,,,0.0,,,,,,,,0.0
Boom-Boom Beck,1000738,110764.0,P,PHI,0.0796376366780227,,0.08,0.4052840457281346,0.2067229747772216,-0.0063413763418793,,,,,189.47405872841733,0.4770503640174866,,,,,1.0,0.5,0.5,0.5,0.0,0.666666666,4,4,4,1,1,0,0,2,2,2,0,0,0,0,,1.0,0.25,0.0,,,,,,,,,0.0,,,,,,,,13.2
Arthur Cuccurullo,1002849,112912.0,P,PIT,0.0786591014742685,,0.11,0.559823641476795,0.1033614873886108,-0.0063413763418793,,,,,346.13194102315276,0.7362391352653503,,,,,1.0,0.0,1.0,0.0,0.0,0.0,1,2,0,1,0,0,0,0,0,0,0,0,0,2,,0.0,0.0,1.0,,,,,,,,,0.0,,,,,,,,7.0
Willie Stevenson,1016487,,P,HG,0.0781367645821419,,0.0,0.4566985220504891,0.1550422310829162,-0.0063413763418793,,,,,216.70203910603664,0.5751596093177795,,,,,1.166666666,0.5,0.666666666,0.5,0.0,,2,3,2,0,0,0,0,1,1,1,0,0,0,0,,,,0.0,,,,,,,,,0.0,,,,,,,,6.2
Javier Pérez,1016126,,2B,NYC,0.0768911180600187,,0.0,-1.871796767695318,-2.006172835826874,0.0985379815101623,,,,,87.78871208531346,0.3355162231648554,,,,,0.705061834,0.377192982,0.327868852,0.280701754,0.096491228,,30,122,114,23,22,0,8,43,32,24,5,3,1,8,,,,0.06557377,,,,,,,,,-4.0,,,,,,,,268.0
Bill Dietrich,1003289,113353.0,P,CHW,0.0754785218342842,,0.04,-5.057594378811891,3.514290571212769,-0.0380482580512762,,,,,34.51023604843662,0.2233088804829505,,,,,0.440092165,0.214285714,0.225806451,0.142857142,0.071428572,0.212121212,26,68,56,7,6,1,2,12,8,6,1,0,0,5,,22.0,0.323529411,0.073529411,,,,,,,,,0.0,,,,,,,,186.2
Joe Schultz Jr.,1011641,121889.0,C,SLB,0.0739308966839792,,-0.44,-3.478713498208039,0.8024691343307495,-0.4634213345125317,,,,,73.77309059495938,0.2943040209241432,,,,,0.600408953,0.29347826,0.306930693,0.239130434,0.054347826,0.261904761,46,102,92,6,8,0,5,27,22,17,5,0,0,9,,8.0,0.078431372,0.088235294,,,,,,,,,0.0,,,,,,,,0.0
Jack Kramer,1007137,117290.0,P,SLB,0.0728649776269538,,0.08,0.5009104332599927,0.1033614873886108,0.0,,,,,322.20200359937064,0.6878841519355774,,,,,1.5,1.0,0.5,0.5,0.5,0.5,3,2,2,0,2,0,1,2,1,0,1,0,0,0,,0.0,0.0,0.0,,,,,,,,,0.0,,,,,,,,9.0
Martin Crue,1014940,,P,NYC,0.0717391724200555,,0.0,-0.562288081174838,0.7235304117202759,-0.009512064512819,,,,,70.14600599028455,0.3027193205697195,,,,,0.642857142,0.357142857,0.285714285,0.285714285,0.071428572,,7,14,14,0,1,0,1,5,4,3,1,0,0,0,,,,0.0,,,,,,,,,0.0,,,,,,,,29.2
(Unknown) Leonard,1015738,,OF,NBY,0.0714597370912094,,0.0,-0.2548569847380564,0.9567901231348516,0.0,,,,,-92.6982743988791,0.0,,,,,0.0,0.0,0.0,0.0,0.0,,1,1,1,0,0,0,0,0,0,0,0,0,0,0,,,,0.0,,,,,,,,,3.0,,,,,,,,6.0
(Unknown) Gray,1015291,,2B,CAG,0.0713537221829309,,0.0,0.4634929881414647,0.0432098768651485,-0.0063413763418793,,,,,218.2340210468939,0.4770503640174866,,,,,1.0,0.5,0.5,0.5,0.0,,1,4,4,0,1,0,0,2,2,2,0,0,0,0,,,,0.0,,,,,,,,,0.0,,,,,,,,8.0
Alvin Gipson,1015257,,P,BBB,0.070367729033555,,0.0,-2.2915422391332143,1.7054646015167236,-0.0190241290256381,,,,,30.6811920756766,0.2151628082448786,,,,,0.454545454,0.242424242,0.212121212,0.212121212,0.03030303,,14,33,33,1,3,0,1,8,7,6,1,0,0,0,,,,0.0,,,,,,,,,0.0,,,,,,,,74.1
Roy Partlow,1016101,,P,HG,0.0690074949527048,,0.0,1.6268989642791665,-2.0432098768651485,-0.0285361935384571,,,,,150.06721689320176,0.4512888288497925,,,,,0.96173913,0.52173913,0.44,0.391304347,0.130434783,,10,25,23,8,5,0,2,12,9,7,1,1,0,2,,,,0.08,,,,,,,,,-3.0,,,,,,,,63.0
Red Munger,1009320,119517.0,P,STL,0.0685851803177974,,0.02,-1.740585792749005,1.498741626739502,-0.0158534408546984,,,,,48.28951007560018,0.2518682294878466,,,,,0.527093595,0.285714285,0.24137931,0.214285714,0.071428571,0.260869565,32,29,28,3,3,0,2,8,6,4,2,0,0,1,,5.0,0.172413793,0.034482758,,,,,,,,,0.0,,,,,,,,93.1
Johnny Rucker,1011280,121531.0,OF,NYG,0.0678181457340248,,0.42,-11.133137330379682,-4.722222149372101,0.3719571088440716,,,,,81.37180211276642,0.3069368605369408,,,,,0.642219174,0.338613861,0.303605313,0.273267326,0.065346535,0.296296296,132,537,505,56,46,2,25,171,138,113,19,4,4,22,,44.0,0.081936685,0.040968342,,,,,,,,,-4.0,,,,,,,,0.0
Stubby Overmire,1009911,120129.0,P,DET,0.0672602769679391,,0.08,-3.7798278241840406,2.687398672103882,-0.0348775698803365,,,,,36.105923362954115,0.2374695552156326,,,,,0.469604862,0.214285714,0.255319148,0.166666666,0.047619048,0.2,29,52,42,1,2,0,1,9,7,6,0,1,0,5,,7.0,0.134615384,0.096153846,,,,,,,,,0.0,,,,,,,,147.0
Gordon Maltzberger,1008047,118222.0,P,CHW,0.064948595543587,,-0.06,-2.19399181168047,1.7054646015167236,-0.0285361935384571,,,,,41.78254233388606,0.2348302256676458,,,,,0.41032258,0.12,0.29032258,0.12,0.0,0.272727272,37,33,25,0,1,0,0,3,3,3,0,0,0,6,,14.0,0.424242424,0.181818181,,,,,,,,,0.0,,,,,,,,98.2
Marv Breuer,1001403,111440.0,P,NYY,0.0647545404657221,,0.05,0.2571576615387019,0.2067229747772216,-0.0063413763418793,,,,,158.4435961759872,0.4225849658250808,,,,,0.833333333,0.333333333,0.5,0.333333333,0.0,0.333333333,5,4,3,0,0,0,0,1,1,1,0,0,0,1,,0.0,0.0,0.25,,,,,,,,,0.0,,,,,,,,14.0
(Unknown) Cooper,1014910,,C,PS,0.0646042271428961,,0.0,-0.4987932126936826,1.0308641977608204,-0.0031706881709396,,,,,6.314510737355363,0.1840597838163375,,,,,0.25,0.0,0.25,0.0,0.0,,1,4,3,1,0,0,0,0,0,0,0,0,0,1,,,,0.25,,,,,,,,,1.0,,,,,,,,9.0
Harry Brecheen,1001375,111412.0,P,STL,0.0639644258605048,,0.13,-3.4184626700531404,2.5323565006256104,-0.0285361935384571,,,,,39.848129127238685,0.2382221632533603,,,,,0.482539682,0.238095238,0.244444444,0.19047619,0.047619048,0.235294117,29,49,42,4,3,0,2,10,8,6,2,0,0,2,,8.0,0.163265306,0.040816326,,,,,,,,,0.0,,,,,,,,135.1
Emmett O'Neill,1009807,120030.0,P,BOS,0.0627152993555403,,0.07,-0.8611866270857471,0.8785726428031921,-0.0063413763418793,,,,,55.38750927715538,0.2612868512378019,,,,,0.547794117,0.3125,0.235294117,0.1875,0.125,0.25,11,17,16,2,2,0,2,5,3,1,2,0,0,1,,4.0,0.235294117,0.058823529,,,,,,,,,0.0,,,,,,,,57.2
Tony Ordenana,1009831,120043.0,SS,PIT,0.0620323885567929,,0.06,0.38837787369101,0.0617283955216407,-0.0063413763418793,,,,,185.79920351146933,0.4770503640174866,,,,,1.0,0.5,0.5,0.5,0.0,0.5,1,4,4,0,3,0,0,2,2,2,0,0,0,0,,0.0,0.0,0.0,,,,,,,,,0.0,,,,,,,,0.0
Hal Gregg,1005020,115116.0,P,BRO,0.0602592773832374,,0.06,0.145308290015358,0.2584037184715271,-0.0063413763418793,,,,,126.37098765291408,0.3769043087959289,,,,,0.5,0.0,0.5,0.0,0.0,0.0,5,5,2,0,0,0,0,0,0,0,0,0,0,1,,1.0,0.2,0.2,,,,,,,,,0.0,,,,,,,,18.2
Eddie Turchin,1013222,123506.0,3B,CLE,0.0602137223791767,,-0.02,-0.0961725012759699,0.1234567910432815,-0.0190241290256381,,,,,95.7221586559677,0.3169387243688106,,,,,0.60576923,0.23076923,0.375,0.23076923,0.0,0.25,11,16,13,4,1,0,0,3,3,3,0,0,0,3,,1.0,0.0625,0.1875,,,,,,,,,0.0,,,,,,,,0.0
Hal Epps,1003799,113870.0,OF,SLB,0.0599453739831308,,0.05,0.2699455364339523,-1.0493827126920223,-0.2095196326263249,,,,,111.194156012025,0.3535893418286976,,,,,0.742105263,0.4,0.342105263,0.285714285,0.114285715,0.322580645,8,38,35,2,1,0,4,14,10,6,4,0,1,3,,4.0,0.105263157,0.078947368,,,,,,,,,-1.0,,,,,,,,0.0
Tiny Bonham,1001166,111195.0,P,NYY,0.0587006049418173,,0.05,-6.649813729433114,4.3928632736206055,-0.0570723870769143,,,,,31.187870151224555,0.2209766879677772,,,,,0.448026315,0.210526315,0.2375,0.197368421,0.013157894,0.245901639,28,85,76,5,2,0,1,16,15,14,1,0,0,4,,15.0,0.176470588,0.047058823,,,,,,,,,0.0,,,,,,,,225.2
Chuck Aleno,1000119,110122.0,OF,CIN,0.0583758432497222,,0.06,0.2621923173385041,-0.086419753730297,-0.0158534408546984,,,,,120.14605283015004,0.3612317045529683,,,,,0.716666666,0.3,0.416666666,0.3,0.0,0.333333333,7,12,10,0,1,0,0,3,3,3,0,0,0,2,,1.0,0.083333333,0.166666666,,,,,,,,,0.0,,,,,,,,0.0
Willie Jefferson,1015557,,P,CBE,0.0582494490100451,,0.0,-1.8686829557152875,1.3953801393508911,0.1809758739545941,,,,,23.585550954550936,0.2052548792627122,,,,,0.414529914,0.192307692,0.222222222,0.192307692,0.0,,10,27,26,0,1,0,0,5,5,5,0,0,1,0,,,,0.0,,,,,,,,,0.0,,,,,,,,65.2
Claude Passeau,1010046,120274.0,P,CHC,0.0563873863299907,,0.02,-7.821908891788554,5.271435737609863,-0.0412189462222158,,,,,33.675668977910824,0.2230929248034954,,,,,0.479166666,0.28125,0.197916666,0.197916666,0.083333334,0.287878787,35,102,96,5,5,0,6,27,19,13,4,2,0,0,,30.0,0.294117647,0.0,,,,,,,,,0.0,,,,,,,,257.0
Walter Signer,1011964,122226.0,P,CHC,0.0535873658389478,,0.06,-0.2431244357955536,0.4651266932487488,-0.009512064512819,,,,,77.43121034359466,0.2938267323705885,,,,,0.583333333,0.25,0.333333333,0.25,0.0,0.333333333,4,9,8,0,0,0,0,2,2,2,0,0,0,1,,2.0,0.222222222,0.111111111,,,,,,,,,0.0,,,,,,,,25.0
Jim McDonnell,1008463,118650.0,C,CLE,0.0521858113634432,,0.05,0.3503355293216509,0.0308641977608203,-0.0063413763418793,,,,,205.4803651027488,0.4908260901769002,,,,,0.666666666,0.0,0.666666666,0.0,0.0,0.0,2,3,1,1,0,0,0,0,0,0,0,0,0,2,,1.0,0.333333333,0.666666666,,,,,,,,,0.0,,,,,,,,0.0
Jim Mertz,1008795,118983.0,P,WAS,0.0504625009321624,,0.05,-3.173047498192957,2.2222719192504883,-0.0253655053675174,,,,,35.05581325350299,0.2238087922334671,,,,,0.461842105,0.236842105,0.225,0.184210526,0.052631579,0.28,33,43,38,3,3,0,1,9,7,6,0,1,0,2,,13.0,0.302325581,0.046511627,,,,,,,,,0.0,,,,,,,,116.2
Sam Gentile,1004613,114697.0,,BSN,0.0498825558251991,,0.05,0.3082859738957705,0.0,-0.0031706881709396,,,,,154.16048704275352,0.422401487827301,,,,,0.9,0.5,0.4,0.25,0.25,0.25,8,5,4,1,0,0,1,2,1,0,1,0,0,1,,0.0,0.0,0.2,,,,,,,,,,,,,,,,,
Buck Etchison,1003846,113921.0,1B,BSN,0.0494471320300051,,0.05,1.001742382450154,-1.259259253740311,-0.0158534408546984,,,,,142.13189193699878,0.4029564460118611,,,,,0.85463659,0.47368421,0.38095238,0.315789473,0.157894737,0.352941176,10,21,19,2,2,0,3,9,6,3,3,0,0,2,,2.0,0.095238095,0.095238095,,,,,,,,,-1.0,,,,,,,,0.0
Matt Carlisle,1014796,,2B,HG,0.047920084505984,,0.0,-1.4089979947934776,-0.4382716417312622,-0.0665844515897333,,,,,83.62897316129492,0.3277834778831851,,,,,0.670628182,0.315789473,0.354838709,0.298245614,0.017543859,,20,62,57,14,7,0,1,18,17,16,1,0,0,5,,,,0.080645161,,,,,,,,,-1.0,,,,,,,,135.0
Dick Culler,1002858,112925.0,3B,CHW,0.0476092203632672,,-0.05,-6.982799132099772,2.006172776222229,-1.241256789769977,,,,,69.49788250689583,0.2787389925031951,,,,,0.560483209,0.263513513,0.296969696,0.216216216,0.047297297,0.233576642,53,167,148,9,11,0,6,39,32,26,5,1,4,16,,11.0,0.065868263,0.095808383,,,,,,,,,1.0,,,,,,,,0.0
Ches Buchanan,1014742,,P,PS,0.0471504198258676,,0.0,-2.184996897678539,1.5504223108291626,-0.0285361935384571,,,,,45.64974588605887,0.2571820060412089,,,,,0.492307692,0.192307692,0.3,0.192307692,0.0,,14,30,26,7,3,0,0,5,5,5,0,0,0,4,,,,0.133333333,,,,,,,,,0.0,,,,,,,,73.1
Jelly Taylor,1016531,,1B,MRS,0.0451014965903698,,0.0,0.3084929665142115,-0.0432098768651485,-0.0063413763418793,,,,,179.2281985598601,0.4225849658250808,,,,,0.833333333,0.333333333,0.5,0.333333333,0.0,,1,4,3,1,1,0,0,1,1,1,0,0,0,1,,,,0.25,,,,,,,,,0.0,,,,,,,,9.0
Norris Phillips,1016148,,P,KCM,0.0445914849515457,,0.0,-0.5694811739527161,0.5684881806373596,-0.009512064512819,,,,,48.757647780882365,0.2404036901213906,,,,,0.472727272,0.2,0.272727272,0.2,0.0,,6,11,10,1,1,0,0,2,2,2,0,0,0,1,,,,0.09090909,,,,,,,,,0.0,,,,,,,,27.1
Sonny Parker,1016091,,P,KCM,0.0445671492366035,,0.0,0.2317464940707323,0.1033614873886108,-0.0031706881709396,,,,,218.2340210468939,0.4770503640174866,,,,,1.0,0.5,0.5,0.5,0.0,,1,2,2,0,1,0,0,1,1,1,0,0,0,0,,,,0.0,,,,,,,,,0.0,,,,,,,,7.0
Ed Butka,1001766,111809.0,1B,WAS,0.0440048529182573,,-0.01,0.2381767982729699,-0.1296296268701553,-0.0063413763418793,,,,,124.10385601375104,0.3648855288823445,,,,,0.777777777,0.444444444,0.333333333,0.333333333,0.111111111,0.5,3,9,9,0,1,0,1,4,3,2,1,0,0,0,,3.0,0.333333333,0.0,,,,,,,,,0.0,,,,,,,,0.0
Mike Ryba,1011351,121600.0,P,BOS,0.043135195364874,,0.1,-3.917102044473366,2.6357178688049316,-0.0380482580512762,,,,,32.520242344220485,0.2250587737306635,,,,,0.441365659,0.186046511,0.255319148,0.186046511,0.0,0.222222222,40,51,43,1,1,0,0,8,8,8,0,0,0,4,,7.0,0.137254901,0.078431372,,,,,,,,,0.0,,,,,,,,143.2
Frank Demaree,1003190,113251.0,OF,STL,0.0400067825033863,,-0.19,-0.5940162507032893,-2.0370370149612427,0.101708669681102,,,,,93.7637895009835,0.3253804939858457,,,,,0.665017317,0.313953488,0.351063829,0.290697674,0.023255814,0.304878048,39,97,86,5,9,0,2,27,25,23,2,0,1,8,,4.0,0.041237113,0.082474226,,,,,,,,,-1.0,,,,,,,,0.0
Cliff Melton,1008755,118938.0,P,NYG,0.0396401964977465,,0.03,-4.950459204361208,3.359248399734497,-0.0475603225640952,,,,,34.4165105205337,0.231030439176867,,,,,0.443249701,0.185185185,0.258064516,0.148148148,0.037037037,0.2,34,65,54,3,2,0,1,10,8,7,0,1,0,8,,14.0,0.215384615,0.123076923,,,,,,,,,0.0,,,,,,,,186.1
John McCrary,1015877,,P,NBY,0.0395568547248973,,0.0,-0.4218086406123719,0.4651266932487488,-0.009512064512819,,,,,65.36234327804236,0.2938267323705885,,,,,0.583333333,0.25,0.333333333,0.25,0.0,,5,9,8,2,2,0,0,2,2,2,0,0,0,1,,,,0.111111111,,,,,,,,,0.0,,,,,,,,15.2
Luis Tiant,1016584,,P,NYC,0.0389747139731717,,0.0,-0.0780154495459426,0.2584037184715271,-0.0063413763418793,,,,,89.16139556484401,0.3380679726600647,,,,,0.65,0.25,0.4,0.25,0.0,,3,5,4,0,2,0,0,1,1,1,0,0,0,1,,,,0.2,,,,,,,,,0.0,,,,,,,,10.1
Tuck Stainback,1012386,122643.0,OF,NYY,0.0388190521558262,,0.07,-7.558104419913233,5.960464477539064e-08,-0.7173381666652858,,,,,75.02437493173866,0.2904258397832575,,,,,0.609194152,0.324675324,0.284518828,0.259740259,0.064935065,0.279069767,71,243,231,31,10,0,13,75,60,47,11,2,3,7,,16.0,0.065843621,0.028806584,,,,,,,,,1.0,,,,,,,,0.0
Eddie Berry,1014608,,P,BEG,0.0370256663579072,,0.0,0.1659207784096834,0.1033614873886108,-0.0031706881709396,,,,,163.92533023795968,0.4770503640174866,,,,,1.0,0.5,0.5,0.5,0.0,,2,2,2,0,0,0,0,1,1,1,0,0,0,0,,,,0.0,,,,,,,,,0.0,,,,,,,,4.2
Lefty Turner,1016609,,1B,HSS,0.036779235628763,,0.0,0.0761923993098661,-0.1296296268701553,0.0,,,,,105.23721314967436,0.3679521083831787,,,,,0.818181817,0.636363636,0.181818181,0.181818181,0.454545455,,3,11,11,2,3,1,2,7,2,0,0,1,0,0,,,,0.0,,,,,,,,,0.0,,,,,,,,26.2
Pat Ankenman,1000270,110282.0,SS,BRO,0.0350031239733671,,0.04,0.199989198939049,0.0617283955216407,-0.0031706881709396,,,,,188.3207824197307,0.4770503640174866,,,,,1.0,0.5,0.5,0.5,0.0,0.5,1,2,2,1,0,0,0,1,1,1,0,0,0,0,,0.0,0.0,0.0,,,,,,,,,0.0,,,,,,,,0.0
Dan Wilson,1016799,,OF,HSS,0.0342279811102618,,0.0,-3.6807715033293817,2.0555555559694767,0.7460983130149543,,,,,43.268270436376504,0.2527549630504543,,,,,0.495682762,0.207547169,0.288135593,0.207547169,0.0,,13,59,53,6,3,0,0,11,11,11,0,0,4,6,,,,0.101694915,,,,,,,,,5.0,,,,,,,,215.3
Bill Swift,1012787,123054.0,P,CHW,0.0339411844014266,,0.03,-0.7874623901105577,0.6718496680259705,-0.0126827526837587,,,,,47.12471336709413,0.2432937026023864,,,,,0.407692307,0.1,0.307692307,0.1,0.0,0.142857142,18,13,10,0,0,0,0,1,1,1,0,0,0,3,,3.0,0.23076923,0.23076923,,,,,,,,,0.0,,,,,,,,51.1
Charlie Humber,1015511,,,BEG,0.0327727579422508,,0.0,0.2657777415204867,0.0,-0.0031706881709396,,,,,303.3528661460588,0.7362391352653503,,,,,1.0,0.0,1.0,0.0,0.0,,1,1,0,1,0,0,0,0,0,0,0,0,0,1,,,,1.0,,,,,,,,,,,,,,,,,
Brennan King,1015699,,P,CC,0.0301161278728609,,0.0,0.0098023671632003,0.1550422310829162,-0.0031706881709396,,,,,104.35289998169446,0.3180335760116577,,,,,0.666666666,0.333333333,0.333333333,0.333333333,0.0,,2,3,3,0,0,0,0,1,1,1,0,0,0,0,,,,0.0,,,,,,,,,0.0,,,,,,,,6.0
Johnny Podgajny,1010405,120636.0,P,- - -,0.0294169546617512,,0.06999999999999999,-2.1007831650038513,1.4987415671348572,-0.0221948171965777,,,,,37.6802889455803,0.2319993738617216,,,,,0.472222222,0.222222222,0.25,0.222222222,0.0,0.260869565,34,29,27,4,2,0,0,6,6,6,0,0,0,0,,4.0,0.137931034,0.0,,,,,,,,,0.0,,,,,,,,98.1
Roger McKee,1008587,118770.0,P,PHI,0.0291324071133933,,0.04,-0.2227087009208476,0.3100844621658325,-0.0063413763418793,,,,,68.64582592439865,0.2817233105500539,,,,,0.533333333,0.2,0.333333333,0.2,0.0,0.25,4,6,5,1,1,0,0,1,1,1,0,0,0,1,,1.0,0.166666666,0.166666666,,,,,,,,,0.0,,,,,,,,13.1
Rusty Peters,1010239,120461.0,3B,CLE,0.0263606415482632,,0.02,-8.72428817789147,1.037037014961243,-0.3617126648314297,,,,,69.21487660874611,0.274943855837879,,,,,0.561121049,0.279069767,0.282051282,0.218604651,0.060465116,0.248648648,79,241,215,22,19,1,9,60,47,38,6,2,1,18,,29.0,0.12033195,0.074688796,,,,,,,,,0.0,,,,,,,,0.0
George Kell,1006783,116913.0,3B,PHA,0.0254643599276213,,0.06,0.0696585008332138,0.0,0.0,,,,,112.36010066880336,0.3510538101196289,,,,,0.8,0.6,0.2,0.2,0.4,0.2,1,5,5,1,1,0,1,3,1,0,0,1,0,0,,0.0,0.0,0.0,,,,,,,,,0.0,,,,,,,,0.0
Leamon Johnson,1015600,,SS,BBB,0.0231850696336677,,0.0,0.0767464724434791,0.0617283955216407,-0.0031706881709396,,,,,140.22237607282625,0.3681195676326751,,,,,0.5,0.0,0.5,0.0,0.0,,1,2,1,0,0,0,0,0,0,0,0,0,0,1,,,,0.5,,,,,,,,,0.0,,,,,,,,4.0
Bill Donovan,1003394,113464.0,P,BSN,0.0224278042194355,,0.01,-0.0390577804322052,0.1550422310829162,-0.0031706881709396,,,,,89.59907518368179,0.3180335760116577,,,,,0.666666666,0.333333333,0.333333333,0.333333333,0.0,1.0,7,3,3,0,0,0,0,1,1,1,0,0,0,0,,2.0,0.666666666,0.0,,,,,,,,,0.0,,,,,,,,14.2
Lon Goldstein,1004812,114902.0,1B,CIN,0.0222137239209649,,0.05,0.0800817294152327,-0.086419753730297,-0.009512064512819,,,,,111.12845382484902,0.3466541426522391,,,,,0.628571428,0.2,0.428571428,0.2,0.0,0.25,5,7,5,1,0,0,0,1,1,1,0,0,0,2,,1.0,0.142857142,0.285714285,,,,,,,,,0.0,,,,,,,,0.0
Xavier Rescigno,1010843,121080.0,P,PIT,0.0213533767505395,,0.06,-3.074398164457572,2.067229747772217,-0.0285361935384571,,,,,33.792808156947224,0.2313216909766197,,,,,0.45,0.2,0.25,0.142857142,0.057142858,0.208333333,37,40,35,1,1,0,1,7,5,4,0,1,0,5,,11.0,0.275,0.125,,,,,,,,,0.0,,,,,,,,132.2
Willie Bunn,1014745,,P,- - -,0.019386044306542,,0.0,-0.4327293973948024,0.3617652058601379,-0.0063413763418793,,,,,53.94378539360019,0.2726002080099923,,,,,0.57142857,0.285714285,0.285714285,0.285714285,0.0,,3,7,7,0,1,0,0,2,2,2,0,0,0,0,,,,0.0,,,,,,,,,0.0,,,,,,,,17.2
Max Manning,1015822,,P,NE,0.0188039035548164,,0.0,-0.0889362063283729,0.1550422310829162,-0.0031706881709396,,,,,78.38412869234675,0.3180335760116577,,,,,0.666666666,0.333333333,0.333333333,0.333333333,0.0,,1,3,3,0,0,0,0,1,1,1,0,0,0,0,,,,0.0,,,,,,,,,0.0,,,,,,,,9.0
Roy K. Williams,1016787,,P,NBY,0.0188039035548164,,0.0,-0.0889362063283729,0.1550422310829162,-0.0031706881709396,,,,,78.38412869234675,0.3180335760116577,,,,,0.666666666,0.333333333,0.333333333,0.333333333,0.0,,2,3,3,0,1,0,0,1,1,1,0,0,0,0,,,,0.0,,,,,,,,,0.0,,,,,,,,5.0
Mickey Haefner,1005189,115294.0,P,WAS,0.0178965507888588,,-0.01,-4.656704462885141,2.9458024501800537,-0.0285361935384571,,,,,27.96357135665424,0.2125727188587188,,,,,0.42,0.2,0.22,0.133333333,0.066666667,0.166666666,36,57,45,4,4,0,2,9,6,4,1,1,0,5,,9.0,0.157894736,0.087719298,,,,,,,,,0.0,,,,,,,,165.1
Connie Creeden,1002753,112811.0,,BSN,0.0169154720182276,,0.04,0.0051152602810036,0.0,-0.0063413763418793,,,,,101.9922419230008,0.3380679726600647,,,,,0.65,0.25,0.4,0.25,0.0,0.25,5,5,4,0,1,0,0,1,1,1,0,0,0,1,,0.0,0.0,0.2,,,,,,,,,,,,,,,,,
Peanuts Davis,1014994,,P,CC,0.0156894422240605,,0.0,-1.0133694277677798,0.6718496680259705,-0.009512064512819,,,,,22.270418560945966,0.203418507025792,,,,,0.397435896,0.166666666,0.23076923,0.166666666,0.0,,6,13,12,1,0,0,0,2,2,2,0,0,0,1,,,,0.076923076,,,,,,,,,0.0,,,,,,,,32.2
Jake Wade,1013472,123774.0,P,CHW,0.0140427066522005,,0.04,-2.492962860757379,1.6021031141281128,-0.0190241290256381,,,,,29.198063717536076,0.2148929297924041,,,,,0.418518518,0.185185185,0.233333333,0.148148148,0.037037037,0.222222222,21,31,27,2,3,0,1,5,4,3,1,0,0,3,,9.0,0.29032258,0.096774193,,,,,,,,,0.0,,,,,,,,83.2
Lloyd Dietz,1003291,113354.0,P,- - -,0.0123072203008546,,0.04,-0.459205063431712,0.3617652058601379,-0.0063413763418793,,,,,43.74975754707774,0.2414771233286176,,,,,0.452380951,0.166666666,0.285714285,0.166666666,0.0,0.25,31,7,6,3,0,0,0,1,1,1,0,0,0,1,,2.0,0.285714285,0.142857142,,,,,,,,,0.0,,,,,,,,45.0
Jimmy Everett,1015130,,OF,NBY,0.0119974248396674,,0.0,0.6316603705796913,-1.1358024626970291,0.1904879384674132,,,,,122.23813654228329,0.3995559692382812,,,,,0.866666666,0.533333333,0.333333333,0.333333333,0.2,,4,15,15,2,3,0,2,8,5,3,1,1,1,0,,,,0.0,,,,,,,,,-1.0,,,,,,,,105.0
Bob Finley,1004056,114134.0,C,PHI,0.0118353610365554,,0.18,-2.2698017255277154,-0.259259283542633,-0.069755139760673,,,,,77.4955765045112,0.2960295340594123,,,,,0.615105301,0.320987654,0.294117647,0.259259259,0.061728395,0.285714285,28,85,81,9,7,1,3,26,21,18,2,0,0,4,,10.0,0.117647058,0.047058823,,,,,,,,,-1.0,,,,,,,,0.0
Paul Erickson,1003810,113881.0,P,CHC,0.0104168379367736,,0.02,-1.2125119773297384,0.8268918991088867,-0.0126827526837587,,,,,34.798979391155115,0.2249088324606418,,,,,0.45,0.2,0.25,0.2,0.0,0.333333333,15,16,15,0,3,0,0,3,3,3,0,0,0,1,,6.0,0.375,0.0625,,,,,,,,,0.0,,,,,,,,42.2
Ted Abernathy,1000019,110020.0,P,PHA,0.0076828688088837,,-0.01,-0.2676827982575152,0.2067229747772216,-0.0031706881709396,,,,,41.33170629425908,0.2385251820087433,,,,,0.5,0.25,0.25,0.25,0.0,0.5,5,4,4,0,0,0,0,1,1,1,0,0,0,0,,2.0,0.5,0.0,,,,,,,,,0.0,,,,,,,,14.2
Rocky Stone,1012571,122829.0,P,CIN,0.0073274414013333,,0.01,-0.2596923783928606,0.2067229747772216,-0.0031706881709396,,,,,44.24047800399196,0.2385251820087433,,,,,0.5,0.25,0.25,0.25,0.0,0.25,13,4,4,0,0,0,0,1,1,1,0,0,0,0,,0.0,0.0,0.0,,,,,,,,,0.0,,,,,,,,24.2
Jim Mains,1008000,118176.0,P,PHA,0.0072745936581331,,0.01,-0.1868534333489405,0.1550422310829162,-0.0031706881709396,,,,,45.67934532120241,0.2454130450884501,,,,,0.333333333,0.0,0.333333333,0.0,0.0,0.0,1,3,2,0,0,0,0,0,0,0,0,0,0,1,,1.0,0.333333333,0.333333333,,,,,,,,,0.0,,,,,,,,8.0
Leniel Hooker,1015476,,P,- - -,0.0058635520384052,,0.0,-3.0011110861268007,1.8088260889053345,-0.0253655053675174,,,,,35.71509033341976,0.2387139814240592,,,,,0.475892857,0.21875,0.257142857,0.1875,0.03125,,17,35,32,5,2,0,1,7,6,5,1,0,0,3,,,,0.085714285,,,,,,,,,0.0,,,,,,,,84.2
Si Johnson,1006502,116628.0,P,PHI,0.0056226355059748,,-0.02,-3.13729140019757,2.0155489444732666,-0.0285361935384571,,,,,30.69303851131961,0.2203700492779413,,,,,0.431818181,0.181818181,0.25,0.181818181,0.0,0.24,21,39,33,3,2,0,0,6,6,6,0,0,0,3,,8.0,0.205128205,0.076923076,,,,,,,,,0.0,,,,,,,,113.0
Joe Orrell,1009849,120065.0,P,DET,0.0054474979491289,,0.01,-0.2882396355778429,0.2067229747772216,-0.0031706881709396,,,,,36.772238037114306,0.2385251820087433,,,,,0.5,0.25,0.25,0.25,0.0,0.333333333,10,4,4,0,0,0,0,1,1,1,0,0,0,0,,1.0,0.25,0.0,,,,,,,,,0.0,,,,,,,,19.1
Danny MacFayden,1007904,118074.0,P,BSN,0.0054140083045511,,0.01,-0.2772886232048723,0.2067229747772216,-0.0031706881709396,,,,,40.41562327613759,0.2385251820087433,,,,,0.5,0.25,0.25,0.25,0.0,0.333333333,10,4,4,0,0,0,0,1,1,1,0,0,0,0,,1.0,0.25,0.0,,,,,,,,,0.0,,,,,,,,21.1
Everett Fagan,1003895,113971.0,P,PHA,0.005377200185598,,-0.03,-0.7963896865826494,0.5168074369430542,-0.009512064512819,,,,,30.18880318642808,0.2208717405796051,,,,,0.3,0.0,0.3,0.0,0.0,0.0,18,10,7,0,0,0,0,0,0,0,0,0,0,3,,4.0,0.4,0.3,,,,,,,,,0.0,,,,,,,,37.1
Johnny Gorsica,1004890,114984.0,P,DET,0.0051936900270377,,0.04,-2.1514201594093665,1.343699336051941,-0.0126827526837587,,,,,27.020311356712284,0.2230754320820172,,,,,0.469202898,0.260869565,0.208333333,0.173913043,0.086956522,0.235294117,36,26,23,2,0,0,1,6,4,3,0,1,0,1,,6.0,0.23076923,0.038461538,,,,,,,,,0.0,,,,,,,,96.1
Bobby Coombs,1002580,112640.0,P,NYG,0.0050615896106814,,0.0,-0.1987603403113352,0.1550422310829162,-0.0031706881709396,,,,,43.31351083136345,0.2454130450884501,,,,,0.333333333,0.0,0.333333333,0.0,0.0,0.0,9,3,2,0,0,0,0,0,0,0,0,0,0,1,,0.0,0.0,0.333333333,,,,,,,,,0.0,,,,,,,,16.0
Lou Lucier,1007812,117981.0,P,BOS,0.0043113230871057,,-0.02,-1.7366149591897702,1.0852956771850586,-0.0158534408546984,,,,,27.302532938004155,0.2167924784478687,,,,,0.438095238,0.2,0.238095238,0.2,0.0,0.235294117,16,21,20,3,2,0,0,4,4,4,0,0,0,1,,3.0,0.142857142,0.047619047,,,,,,,,,0.0,,,,,,,,74.0
Jake Dunn,1015091,,1B,PS,0.0042324950334603,,0.0,0.0109207567824302,-0.0432098768651485,-0.0031706881709396,,,,,105.32729587358982,0.3681195676326751,,,,,0.5,0.0,0.5,0.0,0.0,,2,2,1,0,0,0,0,0,0,0,0,0,0,1,,,,0.5,,,,,,,,,0.0,,,,,,,,4.0
Johnny Allen,1000150,110152.0,P,- - -,0.0039498373991977,,0.020000000000000018,-2.089675406162148,1.343699336051941,-0.0126827526837587,,,,,35.445398891020744,0.2068020882813827,,,,,0.407867494,0.19047619,0.217391304,0.142857142,0.047619048,0.166666666,32,26,21,3,1,0,1,4,3,2,1,0,0,2,,3.0,0.115384615,0.076923076,,,,,,,,,0.0,,,,,,,,79.0
Ernie White,1013871,124169.0,P,STL,0.0030002880581261,,0.02,-2.507253592584191,1.6021031141281128,-0.0221948171965777,,,,,30.300460034306138,0.2227877070163858,,,,,0.455665024,0.214285714,0.24137931,0.214285714,0.0,0.23076923,21,31,28,5,0,0,0,6,6,6,0,0,0,1,,2.0,0.064516129,0.032258064,,,,,,,,,0.0,,,,,,,,78.2
Frank Duncan,1015087,,C,KCM,0.0024120904039753,,0.0,-2.613715329333864,0.5432098507881165,0.3492689952254295,,,,,46.74026522140146,0.2375867377434458,,,,,0.434650455,0.14893617,0.285714285,0.14893617,0.0,,20,56,47,5,3,0,0,7,7,7,0,0,2,9,,,,0.160714285,,,,,,,,,0.0,,,,,,,,149.0
Ossie Stewart,1016493,,P,BEG,0.0005821407517256,,0.0,-0.3437931910664293,0.2067229747772216,-0.0031706881709396,,,,,35.613527919540296,0.2385251820087433,,,,,0.5,0.25,0.25,0.25,0.0,,4,4,4,0,0,0,0,1,1,1,0,0,0,0,,,,0.0,,,,,,,,,0.0,,,,,,,,11.1
Hank Schmulbach,1011591,121842.0,,SLB,0.0,,0.0,0.0,0.0,0.0,,,,,,0.0,,,,,0.0,0.0,0.0,0.0,0.0,0.0,1,0,0,1,0,0,0,0,0,0,0,0,0,0,,0.0,0.0,0.0,,,,,,,,,,,,,,,,,
Dick West,1013800,124110.0,,CIN,0.0,,0.0,0.0,0.0,0.0,,,,,,0.0,,,,,0.0,0.0,0.0,0.0,0.0,0.0,3,0,0,1,0,0,0,0,0,0,0,0,0,0,,0.0,0.0,0.0,,,,,,,,,,,,,,,,,
Nap Gulley,1015317,,P,CBE,-0.0011897494304335,,0.0,-0.3671417813715848,0.2067229747772216,-0.0031706881709396,,,,,8.40651696206093,0.1840597838163375,,,,,0.25,0.0,0.25,0.0,0.0,,1,4,3,0,0,0,0,0,0,0,0,0,0,1,,,,0.25,,,,,,,,,0.0,,,,,,,,8.0
Benny Culp,1002867,112930.0,C,PHI,-0.0035356940132083,,-0.2,-1.1836330944472002,0.3086419701576233,-0.0221948171965777,,,,,63.934409761754445,0.2741069859928555,,,,,0.546296296,0.25,0.296296296,0.208333333,0.041666667,0.238095238,10,28,24,4,2,0,1,6,5,4,1,0,0,3,,3.0,0.107142857,0.107142857,,,,,,,,,0.0,,,,,,,,0.0
(Unknown) Smith,1016444,,3B,MRS,-0.0068141546076624,,0.0,-0.2121417597443316,0.0,-0.0031706881709396,,,,,47.412339449094745,0.2385251820087433,,,,,0.5,0.25,0.25,0.25,0.0,,1,4,4,0,1,0,0,1,1,1,0,0,0,0,,,,0.0,,,,,,,,,0.0,,,,,,,,9.0
John Huber,1015501,,P,BBB,-0.0086052809880451,,0.0,-1.684358673267992,0.1851851791143417,-0.0285361935384571,,,,,56.13805860608223,0.2507092544907017,,,,,0.513157894,0.25,0.263157894,0.222222222,0.027777778,,18,38,36,2,3,0,1,9,8,7,1,0,0,2,,,,0.052631578,,,,,,,,,0.0,,,,,,,,83.0
Doc Dennis,1015030,,SS,BEG,-0.0092222550760684,,0.0,-1.9824753199460183,0.5802469253540039,-0.0190241290256381,,,,,59.87642046915316,0.2836286779996511,,,,,0.596184419,0.352941176,0.243243243,0.176470588,0.176470588,,10,37,34,4,4,1,3,12,6,3,1,1,0,3,,,,0.081081081,,,,,,,,,0.0,,,,,,,,82.0
Jesse Flores,1004170,114254.0,P,PHA,-0.0092865124167661,,0.03,-7.528786150479411,4.547905445098877,-0.0443896343931555,,,,,24.54430830608801,0.2119292990270867,,,,,0.442319277,0.2375,0.204819277,0.175,0.0625,0.194444444,31,88,80,5,5,0,3,19,14,11,1,2,0,3,,8.0,0.09090909,0.034090909,,,,,,,,,0.0,,,,,,,,231.1
Ben Geraghty,1004623,114707.0,2B,BSN,-0.0112225198776602,,-0.02,-0.2382308427726671,0.104938268661499,0.0,,,,,-100.0,0.0,,,,,0.0,0.0,0.0,0.0,0.0,0.0,8,1,1,2,0,0,0,0,0,0,0,0,0,0,,0.0,0.0,0.0,,,,,,,,,0.0,,,,,,,,0.0
George Susce,1012730,122991.0,C,CLE,-0.0113977447736265,,-0.04,-0.2303113077318117,0.0925925895571708,0.0,,,,,-100.0,0.0,,,,,0.0,0.0,0.0,0.0,0.0,0.0,3,1,1,0,0,0,0,0,0,0,0,0,0,0,,0.0,0.0,0.0,,,,,,,,,0.0,,,,,,,,0.0
Vic Bradford,1001301,111337.0,OF,NYG,-0.0114395413407609,,-0.06,-0.2425206589954173,-0.0432098768651485,-0.0063413763418793,,,,,65.77483982029375,0.2817233105500539,,,,,0.533333333,0.2,0.333333333,0.2,0.0,0.25,6,6,5,1,1,0,0,1,1,1,0,0,0,1,,1.0,0.166666666,0.166666666,,,,,,,,,0.0,,,,,,,,0.0
Carl Hubbell,1006123,116249.0,P,NYG,-0.0120265339914954,,-0.08,-2.154827616250796,1.2920186519622805,-0.0158534408546984,,,,,25.608986918050597,0.2167924784478687,,,,,0.438095238,0.2,0.238095238,0.2,0.0,0.222222222,12,25,20,0,0,0,0,4,4,4,0,0,0,1,,2.0,0.08,0.04,,,,,,,,,0.0,,,,,,,,66.0
Jim Starks,1016478,,1B,- - -,-0.012359906289512,,0.0,-1.2406214833513294,-0.4753086231648922,0.171463809441775,,,,,76.27371728545108,0.31411042743259,,,,,0.654742546,0.365853658,0.288888888,0.219512195,0.146341463,,11,45,41,6,8,1,4,15,9,5,3,0,1,4,,,,0.088888888,,,,,,,,,0.0,,,,,,,,96.1
Danny Doyle,1003459,113523.0,C,BOS,-0.0125360616451437,,-0.19,-2.1616775731749307,0.4012345671653747,-0.4285437646321952,,,,,69.24753175870718,0.2832449615001678,,,,,0.552558139,0.232558139,0.32,0.209302325,0.023255814,0.264705882,13,50,43,2,6,0,1,10,9,8,1,0,0,7,,9.0,0.18,0.14,,,,,,,,,0.0,,,,,,,,0.0
Percy Forest,1015187,,P,NBY,-0.0139441521809237,,0.0,-1.8739659769594,1.0336148738861084,-0.0158534408546984,,,,,29.753724483103316,0.2276321023702621,,,,,0.460526315,0.210526315,0.25,0.210526315,0.0,,10,20,19,1,4,0,0,4,4,4,0,0,0,1,,,,0.05,,,,,,,,,0.0,,,,,,,,50.1
John Dagenhard,1002921,112987.0,P,BSN,-0.014214863600374,,-0.02,-0.5395681339974221,0.2584037184715271,-0.0031706881709396,,,,,6.723629792742139,0.1840597838163375,,,,,0.25,0.0,0.25,0.0,0.0,0.0,2,5,3,0,0,0,0,0,0,0,0,0,0,1,,2.0,0.4,0.2,,,,,,,,,0.0,,,,,,,,11.0
Honey Jenkins,1015567,,2B,PS,-0.0144442084292768,,0.0,-0.2548569847380564,0.086419753730297,0.0,,,,,-92.6982743988791,0.0,,,,,0.0,0.0,0.0,0.0,0.0,,2,1,1,0,0,0,0,0,0,0,0,0,0,0,,,,0.0,,,,,,,,,0.0,,,,,,,,2.0
Tom McBride,1008346,118527.0,OF,BOS,-0.0145437343747942,,-0.11,-3.3293218983314343,-0.2592592537403106,0.3175621135160327,,,,,69.18582528661874,0.2831472013760538,,,,,0.582928801,0.291666666,0.291262135,0.239583333,0.052083333,0.247311827,26,105,96,11,7,0,4,28,23,19,3,1,2,7,,3.0,0.028571428,0.066666666,,,,,,,,,0.0,,,,,,,,0.0
Ray Prim,1010537,120769.0,P,CHC,-0.0149146028615266,,0.03,-1.363694881544533,0.7752111554145813,-0.009512064512819,,,,,21.505183173064427,0.203418507025792,,,,,0.397435896,0.166666666,0.23076923,0.166666666,0.0,0.2,29,15,12,2,1,0,0,2,2,2,0,0,0,1,,2.0,0.133333333,0.066666666,,,,,,,,,0.0,,,,,,,,60.0
Ed Steele,1016482,,OF,BBB,-0.0151311183546916,,0.0,0.530895530541674,-1.0493827164173126,-0.0031706881709396,,,,,167.1989974734391,0.4057881087064743,,,,,0.875,0.625,0.25,0.25,0.375,,2,8,8,1,2,1,1,5,2,1,0,0,0,0,,,,0.0,,,,,,,,,-1.0,,,,,,,,48.0
Paul Calvert,1001854,111898.0,P,CLE,-0.0158465394318493,,-0.02,-0.2303113077318117,0.0516807436943054,0.0,,,,,-100.0,0.0,,,,,0.0,0.0,0.0,0.0,0.0,0.0,5,1,1,0,0,0,0,0,0,0,0,0,0,0,,0.0,0.0,0.0,,,,,,,,,0.0,,,,,,,,8.1
Bozo Jackson,1015527,,SS,PS,-0.0160210596033775,,0.0,1.0438383993348117,-1.8148148208856585,-0.0158534408546984,,,,,161.63359821617067,0.4727901495420016,,,,,0.999999999,0.538461538,0.461538461,0.461538461,0.076923077,,3,13,13,1,1,0,1,7,6,5,1,0,0,0,,,,0.0,,,,,,,,,-2.0,,,,,,,,27.0
Lefty Gomez,1004821,114917.0,P,WAS,-0.0160772683548668,,-0.02,-0.2324331287776873,0.0516807436943054,0.0,,,,,-100.0,0.0,,,,,0.0,0.0,0.0,0.0,0.0,0.0,1,1,1,0,0,0,0,0,0,0,0,0,0,0,,0.0,0.0,0.0,,,,,,,,,0.0,,,,,,,,4.2
Archie McKain,1008577,118761.0,P,SLB,-0.0167856490720532,,-0.02,-0.2389475141202852,0.0516807436943054,0.0,,,,,-100.0,0.0,,,,,0.0,0.0,0.0,0.0,0.0,0.0,10,1,1,0,0,0,0,0,0,0,0,0,0,0,,0.0,0.0,0.0,,,,,,,,,0.0,,,,,,,,16.0
Fred Sanford,1011430,121683.0,P,SLB,-0.0167856490720532,,0.01,-0.2389475141202852,0.0516807436943054,0.0,,,,,-100.0,0.0,,,,,0.0,0.0,0.0,0.0,0.0,0.0,3,1,0,0,0,0,0,0,0,0,0,0,0,0,,0.0,0.0,0.0,,,,,,,,,0.0,,,,,,,,9.1
George Diehl,1003286,113350.0,P,BSN,-0.0170137959148844,,-0.02,-0.2382308427726671,0.0516807436943054,0.0,,,,,-100.0,0.0,,,,,0.0,0.0,0.0,0.0,0.0,0.0,1,1,1,0,0,0,0,0,0,0,0,0,0,0,,1.0,1.0,0.0,,,,,,,,,0.0,,,,,,,,4.0
Ray Martin,1008192,118351.0,P,BSN,-0.0170137959148844,,-0.02,-0.2382308427726671,0.0516807436943054,0.0,,,,,-100.0,0.0,,,,,0.0,0.0,0.0,0.0,0.0,0.0,2,1,1,0,0,0,0,0,0,0,0,0,0,0,,0.0,0.0,0.0,,,,,,,,,0.0,,,,,,,,3.1
Lou Tost,1013139,123418.0,P,BSN,-0.0170137959148844,,-0.02,-0.2382308427726671,0.0516807436943054,0.0,,,,,-100.0,0.0,,,,,0.0,0.0,0.0,0.0,0.0,0.0,3,1,1,0,0,0,0,0,0,0,0,0,0,0,,0.0,0.0,0.0,,,,,,,,,0.0,,,,,,,,6.2
(Unknown) Keeling,1015676,,SS,NE,-0.0171291711872794,,0.0,-0.2548569847380564,0.0617283955216407,0.0,,,,,-92.6982743988791,0.0,,,,,0.0,0.0,0.0,0.0,0.0,,1,1,1,0,0,0,0,0,0,0,0,0,0,0,,,,0.0,,,,,,,,,0.0,,,,,,,,2.0
Clyde Kluttz,1007021,117174.0,C,BSN,-0.0171527107025122,,0.1,-8.685345741249073,1.6975308656692505,-0.1870706020854413,,,,,67.44933458486815,0.2822270143676448,,,,,0.577490533,0.280193236,0.297297297,0.246376811,0.033816425,0.257575757,66,227,207,13,20,0,7,58,51,44,7,0,0,15,,9.0,0.039647577,0.066079295,,,,,,,,,0.0,,,,,,,,0.0
Joe Greene,1015300,,C,KCM,-0.0180579459808922,,0.0,-0.5267475817479026,0.0617283955216407,0.0,,,,,33.721871605466795,0.219408631324768,,,,,0.5,0.375,0.125,0.125,0.25,,2,8,8,0,0,0,1,3,1,0,0,1,0,0,,,,0.0,,,,,,,,,0.0,,,,,,,,14.1
Joe Black,1001019,111037.0,P,BEG,-0.0182217628030907,,-0.02,-0.2548569847380564,0.0516807436943054,0.0,,,,,-92.6982743988791,0.0,,,,,0.0,0.0,0.0,0.0,0.0,,2,1,1,0,0,0,0,0,0,0,0,0,0,0,,,,0.0,,,,,,,,,0.0,,,,,,,,3.0
Henry Miller,1015937,,P,PS,-0.0182217628030907,,0.0,-0.2548569847380564,0.0516807436943054,0.0,,,,,-92.6982743988791,0.0,,,,,0.0,0.0,0.0,0.0,0.0,,1,1,1,0,0,0,0,0,0,0,0,0,0,0,,,,0.0,,,,,,,,,0.0,,,,,,,,3.2
Cowboy Murray,1016009,,P,BEG,-0.0182217628030907,,0.0,-0.2548569847380564,0.0516807436943054,0.0,,,,,-92.6982743988791,0.0,,,,,0.0,0.0,0.0,0.0,0.0,,1,1,1,0,0,0,0,0,0,0,0,0,0,0,,,,0.0,,,,,,,,,0.0,,,,,,,,3.0
Bert Kuczynski,1007198,117352.0,P,PHA,-0.0183439742613363,,-0.02,-0.8453656397695368,0.4134459495544433,-0.0063413763418793,,,,,6.952989984266578,0.1840597838163375,,,,,0.25,0.0,0.25,0.0,0.0,0.0,6,8,6,0,0,0,0,0,0,0,0,0,0,2,,2.0,0.25,0.25,,,,,,,,,0.0,,,,,,,,24.2
Woody Wheaton,1013827,124136.0,OF,PHA,-0.0190309622338804,,-0.11,-1.2505103205193444,-0.0432098731398582,-0.0253655053675174,,,,,68.03119532304768,0.2808245595763711,,,,,0.560784313,0.266666666,0.294117647,0.2,0.066666666,0.214285714,7,34,30,2,2,0,2,8,6,4,2,0,0,3,,2.0,0.058823529,0.088235294,,,,,,,,,0.0,,,,,,,,0.0
(Unknown) Hodges,1015458,,,MRS,-0.0200708366429378,,0.0,-0.2219441269075319,0.0,0.0,,,,,-100.0,0.0,,,,,0.0,0.0,0.0,0.0,0.0,,1,1,1,0,0,0,0,0,0,0,0,0,0,0,,,,0.0,,,,,,,,,,,,,,,,,
Lou Novikoff,1009653,119860.0,OF,CHC,-0.0207641253484547,,-0.41,-1.5561828741893893,-6.5987653732299805,-0.2346309246495366,,,,,95.47617846490598,0.3229976502202806,,,,,0.668097281,0.334763948,0.333333333,0.278969957,0.055793991,0.298165137,78,254,233,22,28,0,10,78,65,55,7,3,0,18,,15.0,0.059055118,0.070866141,,,,,,,,,-4.0,,,,,,,,0.0
Red Barbary,1000522,110545.0,,WAS,-0.021697083634062,,-0.03,-0.2324331287776873,0.0,0.0,,,,,-100.0,0.0,,,,,0.0,0.0,0.0,0.0,0.0,0.0,1,1,1,0,0,0,0,0,0,0,0,0,0,0,,0.0,0.0,0.0,,,,,,,,,,,,,,,,,
Aaron Robinson,1011052,121299.0,,NYY,-0.0219520621599211,,-0.03,-0.2347779531514094,0.0,0.0,,,,,-100.0,0.0,,,,,0.0,0.0,0.0,0.0,0.0,0.0,1,1,1,0,0,0,0,0,0,0,0,0,0,0,,1.0,1.0,0.0,,,,,,,,,,,,,,,,,
Earle Brucker Sr.,1001576,111618.0,,PHA,-0.0220663960679964,,-0.03,-0.2358293865358278,0.0,0.0,,,,,-100.0,0.0,,,,,0.0,0.0,0.0,0.0,0.0,0.0,1,1,1,0,0,0,0,0,0,0,0,0,0,0,,0.0,0.0,0.0,,,,,,,,,,,,,,,,,
Hal Peck,1010115,120343.0,,BRO,-0.022589237442864,,-0.03,-0.2378227744733736,0.0,0.0,,,,,-100.0,0.0,,,,,0.0,0.0,0.0,0.0,0.0,0.0,1,1,1,0,0,0,0,0,0,0,0,0,0,0,,0.0,0.0,0.0,,,,,,,,,,,,,,,,,
Jim Daniels,1014968,,P,BBB,-0.0236229165026231,,0.0,-1.0186916806672246,0.4651266932487488,0.0,,,,,-13.935200920105116,0.1528631448745727,,,,,0.333333333,0.222222222,0.111111111,0.111111111,0.111111111,,3,9,9,1,1,0,1,2,1,0,1,0,0,0,,,,0.0,,,,,,,,,0.0,,,,,,,,16.2
Roosevelt Davis,1014997,,P,CC,-0.0237310052375347,,0.0,-2.0882876930219205,1.0852956771850586,-0.0126827526837587,,,,,0.5091655182242182,0.1730323944772993,,,,,0.34047619,0.15,0.19047619,0.15,0.0,,9,21,20,0,0,0,0,3,3,3,0,0,0,0,,,,0.0,,,,,,,,,0.0,,,,,,,,61.2
Norman Robinson,1016273,,3B,BEG,-0.0238415780822859,,0.0,-0.2548569847380564,0.0,0.0,,,,,-92.6982743988791,0.0,,,,,0.0,0.0,0.0,0.0,0.0,,2,1,1,0,0,0,0,0,0,0,0,0,0,0,,,,0.0,,,,,,,,,0.0,,,,,,,,3.0
Jim Williams,1016752,,,NBY,-0.0238415780822859,,0.0,-0.2548569847380564,0.0,0.0,,,,,-92.6982743988791,0.0,,,,,0.0,0.0,0.0,0.0,0.0,,1,1,1,0,0,0,0,0,0,0,0,0,0,0,,,,0.0,,,,,,,,,,,,,,,,,
Bob Clarke,1014861,,C,- - -,-0.0243243804441064,,0.0,-8.585686279957269,3.2530863657593727,-0.1204861504957079,,,,,56.752919017078966,0.2778222460199047,,,,,0.567912802,0.277372262,0.29054054,0.233576642,0.04379562,,45,148,137,14,11,0,5,38,32,27,4,1,0,11,,,,0.074324324,,,,,,,,,2.0,,,,,,,,338.0
Sam Lowry,1007797,117966.0,P,PHA,-0.0252102927687187,,-0.01,-0.739341571329171,0.3100844621658325,-0.0031706881709396,,,,,-8.854221146007593,0.1590167880058288,,,,,0.333333332,0.166666666,0.166666666,0.166666666,0.0,0.166666666,5,6,6,1,0,0,0,1,1,1,0,0,0,0,,0.0,0.0,0.0,,,,,,,,,0.0,,,,,,,,18.0
Ed Butler,1014764,,SS,NE,-0.025327162514594,,0.0,-0.4987932126936826,0.1234567910432815,-0.0031706881709396,,,,,6.314510737355363,0.1840597838163375,,,,,0.25,0.0,0.25,0.0,0.0,,2,4,3,1,0,0,0,0,0,0,0,0,0,1,,,,0.25,,,,,,,,,0.0,,,,,,,,9.0
Tommy Byrne,1001801,111842.0,P,NYY,-0.0275126526759472,,-0.08,-1.4371858925694874,0.7235304117202759,-0.009512064512819,,,,,9.527029180507384,0.1866599229665902,,,,,0.32167832,0.09090909,0.23076923,0.09090909,0.0,0.125,13,14,11,0,0,0,0,1,1,1,0,0,0,2,,3.0,0.214285714,0.142857142,,,,,,,,,0.0,,,,,,,,31.2
Eugene Bremer,1014682,,P,CBE,-0.0287742104844895,,0.0,0.6088560307273461,-2.0432098768651485,-0.0317068817093968,,,,,123.88117540551151,0.3453016921325966,,,,,0.716524216,0.346153846,0.37037037,0.346153846,0.0,,12,27,26,5,2,0,0,9,9,9,0,0,0,1,,,,0.037037037,,,,,,,,,-3.0,,,,,,,,95.0
Dan Bankhead,1000509,110530.0,P,BBB,-0.0289020427274852,,-0.03,-0.4438882538150639,0.1033614873886108,0.0,,,,,-100.0,0.0,,,,,0.0,0.0,0.0,0.0,0.0,,1,2,2,0,0,0,0,0,0,0,0,0,0,0,,,,0.0,,,,,,,,,0.0,,,,,,,,3.0
Jim Smith,1016435,,C,NE,-0.0289594970860435,,0.0,0.4800122488068807,-0.9691358022391796,-0.0031706881709396,,,,,191.33408514417,0.5280018597841263,,,,,1.166666666,0.666666666,0.5,0.333333333,0.333333333,,1,4,3,0,0,0,1,2,1,0,1,0,0,1,,,,0.25,,,,,,,,,-1.0,,,,,,,,8.0
Joe Heving,1005758,115877.0,P,CLE,-0.0289848332695882,,0.0,-1.873643957967094,0.981934130191803,-0.0126827526837587,,,,,13.103635431549709,0.186048125519472,,,,,0.306722688,0.071428571,0.235294117,0.071428571,0.0,0.083333333,30,19,14,0,0,0,0,1,1,1,0,0,0,3,,2.0,0.105263157,0.157894736,,,,,,,,,0.0,,,,,,,,72.0
Johnny Lanning,1007328,117485.0,P,PIT,-0.0302395197603267,,-0.03,-0.7687026852350777,0.3100844621658325,-0.0031706881709396,,,,,-10.93460411870744,0.1590167880058288,,,,,0.333333332,0.166666666,0.166666666,0.166666666,0.0,0.166666666,12,6,6,0,0,0,0,1,1,1,0,0,0,0,,0.0,0.0,0.0,,,,,,,,,0.0,,,,,,,,27.0
Johnny Flowers,1015179,,1B,NBY,-0.0314434118812616,,0.0,-0.4875863791526265,-0.086419753730297,0.1936586266383528,,,,,35.613527919540296,0.2385251820087433,,,,,0.5,0.25,0.25,0.25,0.0,,2,8,8,1,3,0,0,2,2,2,0,0,1,0,,,,0.0,,,,,,,,,0.0,,,,,,,,16.0
Hank Camelli,1001858,111902.0,C,PIT,-0.031647862794351,,-0.03,-0.4422568958220395,0.0308641977608203,-0.0031706881709396,,,,,4.556854305441309,0.1840597838163375,,,,,0.25,0.0,0.25,0.0,0.0,0.0,1,4,3,1,0,0,0,0,0,0,0,0,0,1,,0.0,0.0,0.25,,,,,,,,,0.0,,,,,,,,0.0
Owen Scheetz,1011533,121784.0,P,WAS,-0.0321545367097337,,-0.03,-0.4648662575553746,0.1033614873886108,0.0,,,,,-100.0,0.0,,,,,0.0,0.0,0.0,0.0,0.0,0.0,6,2,2,0,0,0,0,0,0,0,0,0,0,0,,0.0,0.0,0.0,,,,,,,,,0.0,,,,,,,,9.0
Robert Keyes,1015691,,P,- - -,-0.0328510738119788,,0.0,-2.065472124912699,1.0336148738861084,-0.0126827526837587,,,,,11.59958529269566,0.1908201456069946,,,,,0.4,0.2,0.2,0.2,0.0,,8,20,20,2,2,0,0,4,4,4,0,0,0,0,,,,0.0,,,,,,,,,0.0,,,,,,,,49.2
Ox Miller,1008920,119084.0,P,- - -,-0.0328629174269201,,-0.04,-0.4713806428979726,0.1033614873886108,0.0,,,,,-100.0,0.0,,,,,0.0,0.0,0.0,0.0,0.0,0.0,5,2,2,0,0,0,0,0,0,0,0,0,0,0,,1.0,0.5,0.0,,,,,,,,,0.0,,,,,,,,12.0
Tom Clyde,1002368,112421.0,P,PHA,-0.0328931615776025,,-0.03,-0.4716587730716557,0.1033614873886108,0.0,,,,,-100.0,0.0,,,,,0.0,0.0,0.0,0.0,0.0,0.0,4,2,2,0,0,0,0,0,0,0,0,0,0,0,,0.0,0.0,0.0,,,,,,,,,0.0,,,,,,,,6.0
Al LaMacchia,1007267,117423.0,P,SLB,-0.0335712981441064,,-0.03,-0.4778950282405705,0.1033614873886108,0.0,,,,,-100.0,0.0,,,,,0.0,0.0,0.0,0.0,0.0,0.0,1,2,2,0,0,0,0,0,0,0,0,0,0,0,,0.0,0.0,0.0,,,,,,,,,0.0,,,,,,,,4.0
Sid Peterson,1010240,120471.0,P,SLB,-0.0335712981441064,,-0.04,-0.4778950282405705,0.1033614873886108,0.0,,,,,-100.0,0.0,,,,,0.0,0.0,0.0,0.0,0.0,0.0,3,2,2,0,0,0,0,0,0,0,0,0,0,0,,1.0,0.5,0.0,,,,,,,,,0.0,,,,,,,,10.0
George Eyrich,1003886,113962.0,P,PHI,-0.0336503736250774,,-0.03,-0.472992725021729,0.1033614873886108,0.0,,,,,-100.0,0.0,,,,,0.0,0.0,0.0,0.0,0.0,0.0,9,2,2,0,0,0,0,0,0,0,0,0,0,0,,1.0,0.5,0.0,,,,,,,,,0.0,,,,,,,,18.2
Andy Lapihuska,1007337,117494.0,P,PHI,-0.0336503736250774,,-0.03,-0.472992725021729,0.1033614873886108,0.0,,,,,-100.0,0.0,,,,,0.0,0.0,0.0,0.0,0.0,0.0,1,2,2,0,0,0,0,0,0,0,0,0,0,0,,0.0,0.0,0.0,,,,,,,,,0.0,,,,,,,,2.1
William Makell,1015815,,C,BEG,-0.0337256307926923,,0.0,-0.6875863821328587,0.0925925895571708,-0.0063413763418793,,,,,35.613527919540296,0.2385251820087433,,,,,0.5,0.25,0.25,0.25,0.0,,6,8,8,1,0,0,0,2,2,2,0,0,0,0,,,,0.0,,,,,,,,,0.0,,,,,,,,11.0
John McHale,1008562,118745.0,,DET,-0.0338866191072037,,-0.04,-0.4432396572050961,0.0,-0.0031706881709396,,,,,2.393521727121803,0.1840597838163375,,,,,0.25,0.0,0.25,0.0,0.0,0.0,4,4,3,0,0,0,0,0,0,0,0,0,0,1,,1.0,0.25,0.25,,,,,,,,,,,,,,,,,
Allyn Stout,1012582,122842.0,P,BSN,-0.0340275918297688,,-0.04,-0.4764616855453343,0.1033614873886108,0.0,,,,,-100.0,0.0,,,,,0.0,0.0,0.0,0.0,0.0,0.0,9,2,2,0,0,0,0,0,0,0,0,0,0,0,,1.0,0.5,0.0,,,,,,,,,0.0,,,,,,,,9.1
Harry Shuman,1011944,122204.0,P,PIT,-0.0345695705748052,,-0.04,-0.4814458110402913,0.1033614873886108,0.0,,,,,-100.0,0.0,,,,,0.0,0.0,0.0,0.0,0.0,0.0,11,2,2,0,0,0,0,0,0,0,0,0,0,0,,1.0,0.5,0.0,,,,,,,,,0.0,,,,,,,,22.0
Charles Wensloff,1013778,124086.0,P,NYY,-0.0356681031013745,,-0.05,-7.602227608835874,4.444543838500977,-0.0507310107350349,,,,,22.09730741535629,0.2065747215087155,,,,,0.419399114,0.202531645,0.216867469,0.177215189,0.025316456,0.259259259,29,86,79,6,4,0,2,16,14,12,2,0,0,4,,25.0,0.290697674,0.046511627,,,,,,,,,0.0,,,,,,,,223.1
Alonzo Boone,1014652,,P,CBE,-0.0357730393949394,,0.0,-1.2501997717216546,0.0617283955216407,-0.009512064512819,,,,,45.700939448212594,0.2361354853795922,,,,,0.490118576,0.272727272,0.217391304,0.181818181,0.090909091,,8,23,22,3,4,0,2,6,4,2,2,0,0,0,,,,0.0,,,,,,,,,0.0,,,,,,,,50.300000000000004
Rodolfo Fernández,1015148,,P,NYC,-0.0358613848544559,,0.0,-0.8535071605425423,0.3100844621658325,-0.0031706881709396,,,,,-7.157072853266169,0.1590167880058288,,,,,0.333333332,0.166666666,0.166666666,0.166666666,0.0,,5,6,6,2,0,0,0,1,1,1,0,0,0,0,,,,0.0,,,,,,,,,0.0,,,,,,,,13.1
Charley Carter,1014808,,P,BEG,-0.0364435256061815,,0.0,-0.5097139694761128,0.1033614873886108,0.0,,,,,-92.6982743988791,0.0,,,,,0.0,0.0,0.0,0.0,0.0,,1,2,2,0,0,0,0,0,0,0,0,0,0,0,,,,0.0,,,,,,,,,0.0,,,,,,,,5.0
Mike Naymick,1009471,119672.0,P,CLE,-0.0371498929794238,,-0.01,-1.864147256993947,0.9302533864974976,-0.009512064512819,,,,,8.587859147862067,0.1788938865065574,,,,,0.375,0.1875,0.1875,0.1875,0.0,0.25,29,18,16,1,0,0,0,3,3,3,0,0,0,0,,4.0,0.222222222,0.0,,,,,,,,,0.0,,,,,,,,62.2
Roosevelt Cox,1014921,,3B,- - -,-0.0388859888774507,,0.0,-8.512930007982137,4.061728395521641,-0.0824378924444317,,,,,48.594152157621664,0.2626555090950381,,,,,0.549731182,0.291666666,0.258064516,0.233333333,0.058333333,,31,124,120,15,13,0,6,35,28,22,5,1,0,4,,,,0.032258064,,,,,,,,,4.0,,,,,,,,245.0
Bill Lee,1007447,117616.0,P,- - -,-0.0398864767811248,,-0.03,-4.209954190220006,2.4289949536323547,-0.0317068817093968,,,,,22.705031462929753,0.2023396465513441,,,,,0.408268733,0.186046511,0.222222222,0.186046511,0.0,0.235294117,26,47,43,3,1,0,0,8,8,8,0,0,0,2,,9.0,0.191489361,0.042553191,,,,,,,,,0.0,,,,,,,,139.0
Hal Newhouser,1009535,119739.0,P,DET,-0.0409895031119391,,-0.1,-6.466989173072144,3.7210135459899902,-0.0412189462222158,,,,,20.82089574251176,0.2132538425571778,,,,,0.43597285,0.215384615,0.220588235,0.184615384,0.030769231,0.210526315,37,72,65,4,5,0,2,14,12,10,2,0,0,3,,8.0,0.111111111,0.041666666,,,,,,,,,0.0,,,,,,,,195.2
Gee Walker,1013519,123823.0,OF,CIN,-0.0410977289005405,,-0.37,-12.841234459161454,-0.8456789255142212,0.9082967061549424,,,,,73.13524901578054,0.2852355439115215,,,,,0.598941598,0.328671328,0.27027027,0.244755244,0.083916084,0.262886597,114,445,429,48,54,3,28,141,105,77,23,2,6,12,,38.0,0.085393258,0.026966292,,,,,,,,,1.0,,,,,,,,0.0
Jim Bagby Jr.,1000412,110430.0,P,CLE,-0.0417816014497578,,0.63,-4.196922122398829,0.0617283955216407,0.1080500460229814,,,,,66.4970240520357,0.270638025439946,,,,,0.56897914,0.294642857,0.274336283,0.267857142,0.026785715,0.294117647,41,114,112,7,11,0,2,33,30,28,1,1,1,1,,10.0,0.087719298,0.008771929,,,,,,,,,0.0,,,,,,,,273.0
Barney Higdon,1015440,,P,CC,-0.0433530640912278,,0.0,-0.665832380722596,0.1550422310829162,0.0,,,,,-100.0,0.0,,,,,0.0,0.0,0.0,0.0,0.0,,3,3,3,0,0,0,0,0,0,0,0,0,0,0,,,,0.0,,,,,,,,,0.0,,,,,,,,2.1
Ben Hill,1015441,,P,PS,-0.0437942407301103,,0.0,-0.6875863821328587,0.0,-0.0063413763418793,,,,,35.613527919540296,0.2385251820087433,,,,,0.5,0.25,0.25,0.25,0.0,,3,8,8,2,2,0,0,2,2,2,0,0,0,0,,,,0.0,,,,,,,,,0.0,,,,,,,,16.0
Vern Benson,1000850,110877.0,,PHA,-0.0441327921359929,,-0.04,-0.4716587730716557,0.0,0.0,,,,,-100.0,0.0,,,,,0.0,0.0,0.0,0.0,0.0,0.0,2,2,2,0,0,0,0,0,0,0,0,0,0,0,,0.0,0.0,0.0,,,,,,,,,,,,,,,,,
Bruce Konopka,1007097,117249.0,,PHA,-0.0441327921359929,,-0.05,-0.4716587730716557,0.0,0.0,,,,,-100.0,0.0,,,,,0.0,0.0,0.0,0.0,0.0,0.0,2,2,2,0,0,0,0,0,0,0,0,0,0,0,,1.0,0.5,0.0,,,,,,,,,,,,,,,,,
(Unknown) Kelsey,1015681,,OF,CC,-0.0448403581123802,,0.0,-0.4438882538150639,-0.0432098768651485,0.0,,,,,-100.0,0.0,,,,,0.0,0.0,0.0,0.0,0.0,,1,2,2,0,0,0,0,0,0,0,0,0,0,0,,,,0.0,,,,,,,,,1.0,,,,,,,,15.0
(Unknown) Robinson,1016278,,1B,KCM,-0.0448403581123802,,0.0,-0.4438882538150639,-0.0432098768651485,0.0,,,,,-100.0,0.0,,,,,0.0,0.0,0.0,0.0,0.0,,1,2,2,0,0,0,0,0,0,0,0,0,0,0,,,,0.0,,,,,,,,,0.0,,,,,,,,4.0
Lum Harris,1005423,115515.0,P,PHA,-0.0450899430942098,,-0.07,-7.012200954183128,4.031097888946533,-0.0443896343931555,,,,,20.746277835954434,0.205912167961533,,,,,0.416216216,0.2,0.216216216,0.171428571,0.028571429,0.222222222,32,78,70,3,5,0,2,14,12,10,2,0,0,4,,16.0,0.205128205,0.051282051,,,,,,,,,0.0,,,,,,,,216.1
Pinky Woods,1014242,124561.0,P,BOS,-0.0471260451904832,,-0.07,-3.4784003338242977,1.8605067729949951,-0.4063489474356174,,,,,24.291635579856713,0.2120223840077718,,,,,0.444444444,0.222222222,0.222222222,0.222222222,0.0,0.25,23,36,36,2,5,0,0,8,8,8,0,0,0,0,,4.0,0.111111111,0.0,,,,,,,,,0.0,,,,,,,,100.2
Ed Klieman,1006999,117150.0,P,CLE,-0.0475396182955481,,-0.05,-0.6909339231954353,0.1550422310829162,0.0,,,,,-100.0,0.0,,,,,0.0,0.0,0.0,0.0,0.0,0.0,1,3,3,0,0,0,0,0,0,0,0,0,0,0,,2.0,0.666666666,0.0,,,,,,,,,0.0,,,,,,,,9.0
(Unknown) Morrison,1015997,,,PS,-0.0476831561645719,,0.0,-0.5097139694761128,0.0,0.0,,,,,-92.6982743988791,0.0,,,,,0.0,0.0,0.0,0.0,0.0,,2,2,2,0,0,0,0,0,0,0,0,0,0,0,,,,0.0,,,,,,,,,,,,,,,,,
Norm Brown,1001549,111579.0,P,PHA,-0.0493397423664037,,-0.06,-0.7074881596074837,0.1550422310829162,0.0,,,,,-100.0,0.0,,,,,0.0,0.0,0.0,0.0,0.0,0.0,1,3,3,1,0,0,0,0,0,0,0,0,0,0,,1.0,0.333333333,0.0,,,,,,,,,0.0,,,,,,,,7.0
Nate Andrews,1000259,110271.0,P,BSN,-0.0498196492707543,,-0.03,-9.043913712588555,5.426477909088135,-0.0634137634187936,,,,,25.635415410840885,0.2146319710847103,,,,,0.42121212,0.188888888,0.232323232,0.155555555,0.033333333,0.205882352,36,105,90,4,7,0,3,17,14,11,3,0,0,9,,22.0,0.209523809,0.085714285,,,,,,,,,0.0,,,,,,,,283.2
Dale Alderson,1000113,110117.0,P,CHC,-0.0499884513712555,,-0.05,-0.7050095526085632,0.1550422310829162,0.0,,,,,-100.0,0.0,,,,,0.0,0.0,0.0,0.0,0.0,0.0,4,3,3,0,0,0,0,0,0,0,0,0,0,0,,1.0,0.333333333,0.0,,,,,,,,,0.0,,,,,,,,14.0
Paul Dean,1003110,113169.0,P,SLB,-0.0503569472161597,,-0.05,-0.7168425423608559,0.1550422310829162,0.0,,,,,-100.0,0.0,,,,,0.0,0.0,0.0,0.0,0.0,0.0,3,3,3,0,0,0,0,0,0,0,0,0,0,0,,0.0,0.0,0.0,,,,,,,,,0.0,,,,,,,,13.1
Dale Matthewson,1008254,118438.0,P,PHI,-0.0504755604376161,,-0.05,-0.7094890875325935,0.1550422310829162,0.0,,,,,-100.0,0.0,,,,,0.0,0.0,0.0,0.0,0.0,0.0,12,3,2,0,0,0,0,0,0,0,0,0,0,0,,1.0,0.333333333,0.0,,,,,,,,,0.0,,,,,,,,26.0
Ken Raffensberger,1010646,120881.0,P,PHI,-0.0504755604376161,,-0.06,-0.7094890875325935,0.1550422310829162,0.0,,,,,-100.0,0.0,,,,,0.0,0.0,0.0,0.0,0.0,0.0,1,3,3,0,0,0,0,0,0,0,0,0,0,0,,2.0,0.666666666,0.0,,,,,,,,,0.0,,,,,,,,8.0
Ed Busch,1001747,111788.0,SS,PHA,-0.0505472578423577,,-0.07,-0.417298592182443,-0.7530864179134369,-0.4031782592646777,,,,,99.3406603030915,0.3304274144925569,,,,,0.662538699,0.294117647,0.368421052,0.294117647,0.0,0.333333333,4,19,17,2,0,0,0,5,5,5,0,0,0,1,,2.0,0.105263157,0.052631578,,,,,,,,,-1.0,,,,,,,,0.0
Jimmy Hill,1015444,,P,NE,-0.0505481651075121,,0.0,-2.734302467141682,1.343699336051941,-0.0158534408546984,,,,,20.94503859379119,0.2112571986821981,,,,,0.404682273,0.173913043,0.23076923,0.130434782,0.043478261,,13,26,23,3,1,0,1,4,3,2,1,0,0,3,,,,0.115384615,,,,,,,,,0.0,,,,,,,,58.2
Chris Haughey,1005498,115613.0,P,BRO,-0.0509082664910066,,-0.06,-0.713468323420121,0.1550422310829162,0.0,,,,,-100.0,0.0,,,,,0.0,0.0,0.0,0.0,0.0,0.0,1,3,3,0,0,0,0,0,0,0,0,0,0,0,,3.0,1.0,0.0,,,,,,,,,0.0,,,,,,,,7.0
Lefty Calhoun,1014779,,P,HSS,-0.0511821555102401,,0.0,0.242905350490994,-1.0432098768651483,-0.009512064512819,,,,,127.26481528983985,0.4089003120149885,,,,,0.857142856,0.428571428,0.428571428,0.428571428,0.0,,4,7,7,0,1,0,0,3,3,3,0,0,0,0,,,,0.0,,,,,,,,,-1.0,,,,,,,,27.5
Bud Byerly,1001789,111831.0,P,STL,-0.0511839808537948,,-0.05,-0.7160038379536408,0.1550422310829162,0.0,,,,,-100.0,0.0,,,,,0.0,0.0,0.0,0.0,0.0,0.0,2,3,3,0,0,0,0,0,0,0,0,0,0,0,,0.0,0.0,0.0,,,,,,,,,0.0,,,,,,,,13.0
Joe Stephenson,1012496,122755.0,C,NYG,-0.0533780825451875,,-0.12,-1.398181331629482,0.1851851791143417,-0.0158534408546984,,,,,49.92110130162834,0.2560946643352508,,,,,0.541666666,0.291666666,0.25,0.25,0.041666666,0.315789473,9,24,24,4,1,0,1,7,6,5,1,0,0,0,,5.0,0.208333333,0.0,,,,,,,,,0.0,,,,,,,,0.0
Eugene Jones,1015647,,P,HG,-0.0535010069058211,,0.0,-1.452157336347028,0.5684881806373596,-0.0063413763418793,,,,,0.6194000145168216,0.1734728596427223,,,,,0.363636362,0.181818181,0.181818181,0.181818181,0.0,,6,11,11,2,2,0,0,2,2,2,0,0,0,0,,,,0.0,,,,,,,,,0.0,,,,,,,,23.2
Bill Brandt,1001345,111389.0,P,PIT,-0.0542642366583324,,-0.05,-1.1531762911244066,0.4134459495544433,-0.0031706881709396,,,,,-24.987018949434336,0.1363001040049961,,,,,0.285714284,0.142857142,0.142857142,0.142857142,0.0,0.142857142,29,8,7,0,0,0,0,1,1,1,0,0,0,0,,0.0,0.0,0.0,,,,,,,,,0.0,,,,,,,,57.1
Larry Brown,1014718,,C,MRS,-0.054392590431907,,0.0,-1.204275104280716,-1.5493827164173126,-0.0539016989059746,,,,,79.32200249634298,0.2830819274697985,,,,,0.550595237,0.229166666,0.321428571,0.208333333,0.020833333,,17,56,48,2,1,0,1,11,10,9,1,0,0,8,,,,0.142857142,,,,,,,,,-2.0,,,,,,,,137.0
Specs Roberts,1016261,,P,NBY,-0.0546652884092723,,0.0,-0.7645709542141693,0.1550422310829162,0.0,,,,,-92.6982743988791,0.0,,,,,0.0,0.0,0.0,0.0,0.0,,2,3,3,0,0,0,0,0,0,0,0,0,0,0,,,,0.0,,,,,,,,,0.0,,,,,,,,8.1
Dick Siebert,1011948,122211.0,1B,PHA,-0.0551978100433946,,-0.45,-15.625901853803402,-4.265431880950928,-1.9139511086978016,,,,,79.51996528954353,0.2990259498005975,,,,,0.623066601,0.327956989,0.295109612,0.250896057,0.077060932,0.259328358,146,594,558,50,72,1,34,183,140,106,26,7,6,33,,21.0,0.035353535,0.055555555,,,,,,,,,2.0,,,,,,,,0.0
Bill Barnes,1014561,,P,MRS,-0.0578040854549704,,0.0,-0.8877765076301279,0.2067229747772216,0.0,,,,,-100.0,0.0,,,,,0.0,0.0,0.0,0.0,0.0,,2,4,4,0,0,0,0,0,0,0,0,0,0,0,,,,0.0,,,,,,,,,0.0,,,,,,,,9.2
Specs Ellis,1015108,,P,CC,-0.0578040854549704,,0.0,-0.8877765076301279,0.2067229747772216,0.0,,,,,-100.0,0.0,,,,,0.0,0.0,0.0,0.0,0.0,,3,4,4,0,0,0,0,0,0,0,0,0,0,0,,,,0.0,,,,,,,,,0.0,,,,,,,,8.0
Charlie Bowles,1001258,111297.0,P,PHA,-0.0581034543463212,,-0.07,-1.2110003444008268,0.4134459495544433,-0.0031706881709396,,,,,-33.94718486614094,0.1192625910043716,,,,,0.25,0.125,0.125,0.125,0.0,0.142857142,3,8,8,0,1,0,0,1,1,1,0,0,0,0,,1.0,0.125,0.0,,,,,,,,,0.0,,,,,,,,18.0
Hi Bithorn,1000998,111026.0,P,CHC,-0.0586663246089226,,0.02,-8.879961701482362,5.271435737609863,-0.0570723870769143,,,,,24.79172983967464,0.208731433165442,,,,,0.423016584,0.206521739,0.216494845,0.173913043,0.032608696,0.195121951,39,102,92,7,8,0,3,19,16,13,3,0,0,4,,10.0,0.098039215,0.039215686,,,,,,,,,0.0,,,,,,,,249.2
Ray Poat,1010402,120633.0,P,CLE,-0.0590666286858644,,-0.08,-1.6427775047419602,0.6718496680259705,-0.0063413763418793,,,,,-11.679534626091767,0.1467847273899958,,,,,0.307692306,0.153846153,0.153846153,0.153846153,0.0,0.5,17,13,13,0,1,0,0,2,2,2,0,0,0,0,,9.0,0.692307692,0.0,,,,,,,,,0.0,,,,,,,,45.0
Roberto Ortiz,1009863,120079.0,OF,WAS,-0.0594463444014216,,-0.07,-0.6350812092930529,-0.0432098768651485,-0.3841541302390396,,,,,44.34484089274345,0.2385251820087433,,,,,0.5,0.25,0.25,0.25,0.0,0.25,1,4,4,0,0,0,0,1,1,1,0,0,0,0,,0.0,0.0,0.0,,,,,,,,,0.0,,,,,,,,0.0
Eli Williams,1016746,,OF,HSS,-0.059539983007227,,0.0,-2.304076160403042,0.6975308656692505,-0.0317068817093968,,,,,46.307921571760566,0.2584055215120315,,,,,0.466346153,0.153846153,0.3125,0.153846153,0.0,,8,32,26,2,1,0,0,4,4,4,0,0,0,5,,,,0.15625,,,,,,,,,2.0,,,,,,,,191.0
Johnny Wright,1016833,,P,HG,-0.0601598995266373,,0.0,-7.448886885068331,4.0827789306640625,-0.0348775698803365,,,,,29.04102702971643,0.2263072336776347,,,,,0.468523206,0.253333333,0.215189873,0.173333333,0.08,,31,79,75,10,5,0,6,19,13,7,6,0,0,4,,,,0.050632911,,,,,,,,,0.0,,,,,,,,183.0
Red Marion,1008109,118285.0,OF,WAS,-0.0624858280213825,,-0.05,-1.0598541531207282,-0.1728395074605941,-0.0190241290256381,,,,,53.82916757090794,0.2535509794950485,,,,,0.476470588,0.176470588,0.3,0.176470588,0.0,0.1875,14,20,17,2,1,0,0,3,3,3,0,0,0,3,,1.0,0.05,0.15,,,,,,,,,0.0,,,,,,,,0.0
Hal White,1013877,124174.0,P,DET,-0.0637026849575462,,-0.01,-6.252943610632921,3.4626097679138184,-0.0507310107350349,,,,,17.872285906652703,0.2085824287854708,,,,,0.386504723,0.140350877,0.246153846,0.140350877,0.0,0.205128205,32,67,57,4,2,0,0,8,8,8,0,0,0,7,,18.0,0.268656716,0.104477611,,,,,,,,,0.0,,,,,,,,177.2
Carl Lindquist,1007624,117785.0,P,BSN,-0.0680551836595376,,-0.08,-0.9529233710906688,0.2067229747772216,0.0,,,,,-100.0,0.0,,,,,0.0,0.0,0.0,0.0,0.0,0.0,2,4,4,0,0,0,0,0,0,0,0,0,0,0,,4.0,1.0,0.0,,,,,,,,,0.0,,,,,,,,13.0
Frank Seward,1011764,122020.0,P,NYG,-0.0687369952184738,,-0.07,-0.9591934220931712,0.2067229747772216,0.0,,,,,-100.0,0.0,,,,,0.0,0.0,0.0,0.0,0.0,0.0,1,4,4,0,0,0,0,0,0,0,0,0,0,0,,1.0,0.25,0.0,,,,,,,,,0.0,,,,,,,,9.0
Tony Parisse,1009995,120220.0,C,PHA,-0.068844260518168,,-0.29,-1.4125846480062547,0.1543209850788116,-0.0158534408546984,,,,,34.780551127988545,0.2281463397176642,,,,,0.439628482,0.176470588,0.263157894,0.176470588,0.0,0.2,6,19,17,0,1,0,0,3,3,3,0,0,0,2,,2.0,0.105263157,0.105263157,,,,,,,,,0.0,,,,,,,,0.0
Willie Hutchinson,1015518,,P,MRS,-0.0695137614976832,,0.0,-1.504597052536722,0.0432098768651485,-0.0158534408546984,,,,,31.88309566747664,0.2168410745534029,,,,,0.454545454,0.227272727,0.227272727,0.227272727,0.0,,12,22,22,4,2,0,0,5,5,5,0,0,0,0,,,,0.0,,,,,,,,,0.0,,,,,,,,59.1
Junior Scales,1016349,,3B,BEG,-0.0695802765296272,,0.0,-0.8535071605425423,0.0,-0.0031706881709396,,,,,-7.157072853266169,0.1590167880058288,,,,,0.333333332,0.166666666,0.166666666,0.166666666,0.0,,2,6,6,0,0,0,0,1,1,1,0,0,0,0,,,,0.0,,,,,,,,,0.0,,,,,,,,15.0
Paul Busby,1001744,111786.0,OF,PHI,-0.0735799741648571,,-0.03,-1.6887998617326216,-0.4320987462997436,0.3651224360801279,,,,,62.79530805500847,0.2722655506361098,,,,,0.560714285,0.275,0.285714285,0.25,0.025,0.256410256,26,48,40,13,5,0,1,11,10,9,1,0,2,2,,1.0,0.020833333,0.041666666,,,,,,,,,0.0,,,,,,,,0.0
Lou Ciola,1002243,112295.0,P,PHA,-0.0756308783061562,,-0.07,-2.218024713987513,0.9302533864974976,-0.009512064512819,,,,,-8.854221146007593,0.1590167880058288,,,,,0.333333332,0.166666666,0.166666666,0.166666666,0.0,0.1875,12,18,18,1,0,0,0,3,3,3,0,0,0,0,,2.0,0.111111111,0.0,,,,,,,,,0.0,,,,,,,,43.2
George Caster,1002055,112103.0,P,SLB,-0.0760809264519815,,-0.09,-2.645083141235862,1.1886571645736694,-0.009512064512819,,,,,-1.663436430802712,0.1747916910959326,,,,,0.355731224,0.181818181,0.173913043,0.136363636,0.045454545,0.23076923,35,23,22,0,1,0,1,4,3,2,1,0,0,1,,9.0,0.391304347,0.04347826,,,,,,,,,0.0,,,,,,,,76.1
Earl Richardson,1016233,,SS,NE,-0.0766372496131859,,0.0,-3.1284711420140856,0.6790123581886292,-0.0475603225640952,,,,,52.45943571257937,0.269840876666867,,,,,0.533395175,0.227272727,0.306122448,0.227272727,0.0,,11,49,44,3,3,0,0,10,10,10,0,0,0,5,,,,0.102040816,,,,,,,,,0.0,,,,,,,,94.0
Billy Horne,1015480,,SS,- - -,-0.0770011096365772,,0.0,-9.346719482156605,4.062273111194372,0.1143914223648607,,,,,24.84690076198825,0.2090669443288187,,,,,0.414787133,0.186440677,0.228346456,0.169491525,0.016949152,,34,127,118,11,7,0,2,22,20,18,2,0,1,9,,,,0.070866141,,,,,,,,,2.0,,,,,,,,288.1
Felix Evans,1015122,,SS,MRS,-0.0783713726209969,,0.0,-1.0999182673744596,0.0802469104528427,-0.0031706881709396,,,,,-37.99850134980483,0.1192625910043716,,,,,0.25,0.125,0.125,0.125,0.0,,4,8,8,0,0,0,0,1,1,1,0,0,0,0,,,,0.0,,,,,,,,,0.0,,,,,,,,41.0
Curt Davis,1003043,113100.0,P,BRO,-0.0784738519667518,,-0.12,-5.954886137587162,3.307567596435547,-0.0443896343931555,,,,,19.70307182112416,0.2044683704773585,,,,,0.396969696,0.163636363,0.233333333,0.163636363,0.0,0.219512195,31,64,55,5,3,0,0,9,9,9,0,0,0,5,,14.0,0.21875,0.078125,,,,,,,,,0.0,,,,,,,,164.1
Dick Newsome,1009547,119750.0,P,BOS,-0.079060295173436,,-0.13,-5.379167552374048,2.8424408435821533,-0.0380482580512762,,,,,13.843613195721998,0.1954698258975766,,,,,0.372248427,0.145833333,0.226415094,0.145833333,0.0,0.205882352,27,55,48,2,4,0,0,7,7,7,0,0,0,5,,14.0,0.254545454,0.09090909,,,,,,,,,0.0,,,,,,,,154.1
Pete Center,1002102,112156.0,P,CLE,-0.0792326971592469,,-0.14,-1.151556538659059,0.2584037184715271,0.0,,,,,-100.0,0.0,,,,,0.0,0.0,0.0,0.0,0.0,0.0,24,5,5,0,0,0,0,0,0,0,0,0,0,0,,2.0,0.4,0.0,,,,,,,,,0.0,,,,,,,,42.1
Mike Tresh,1013178,123460.0,C,CHW,-0.0797144731981167,,-0.12,-12.998830552690938,1.6234567165374756,-0.2790281241759658,,,,,64.84450461713222,0.2713667544760281,,,,,0.532768476,0.225806451,0.306962025,0.215053763,0.010752688,0.231660231,86,321,279,20,20,0,3,63,60,57,3,0,2,37,,20.0,0.062305295,0.115264797,,,,,,,,,-1.0,,,,,,,,0.0
Don Black,1001010,111033.0,P,PHA,-0.0802845905328574,,-0.04,-6.912937236353566,3.772694349288941,0.1524396804161369,,,,,14.132194519488095,0.1954336300702162,,,,,0.399673402,0.188405797,0.211267605,0.188405797,0.0,0.245283018,33,73,69,5,2,0,0,13,13,13,0,0,1,2,,16.0,0.219178082,0.02739726,,,,,,,,,0.0,,,,,,,,208.0
Gready McKinnis,1015897,,P,- - -,-0.0818254454045424,,0.0,-3.869235976076095,1.8088260889053345,-0.0190241290256381,,,,,-9.39460635737718,0.1573355078697204,,,,,0.318487394,0.147058823,0.171428571,0.147058823,0.0,,15,35,34,4,0,0,0,5,5,5,0,0,0,1,,,,0.028571428,,,,,,,,,0.0,,,,,,,,83.1
Ed Heusser,1005756,115875.0,P,CIN,-0.0819770393526224,,-0.11,-3.04341143414074,1.4470608234405518,-0.0158534408546984,,,,,5.986682075902039,0.1766853200064765,,,,,0.37037037,0.185185185,0.185185185,0.185185185,0.0,0.227272727,26,28,27,0,2,0,0,5,5,5,0,0,0,0,,5.0,0.178571428,0.0,,,,,,,,,0.0,,,,,,,,91.0
Carl Scheib,1011538,121788.0,P,PHA,-0.0822329039440062,,-0.09,-1.1791469326791395,0.2584037184715271,0.0,,,,,-100.0,0.0,,,,,0.0,0.0,0.0,0.0,0.0,0.0,6,5,5,0,0,0,0,0,0,0,0,0,0,0,,3.0,0.6,0.0,,,,,,,,,0.0,,,,,,,,18.2
Connie Ryan,1011335,121584.0,2B,BSN,-0.0857214267369808,,0.19,-21.08625730660014,4.320987701416016,0.9497623005881906,,,,,63.91775345786578,0.2765179733628208,,,,,0.550423827,0.249452954,0.300970873,0.212253829,0.037199125,0.24,132,531,457,52,24,1,13,114,97,84,10,2,7,58,,56.0,0.105461393,0.109227871,,,,,,,,,0.0,,,,,,,,0.0
Frank Kalin,1006679,116821.0,,CHW,-0.0869011120817878,,-0.12,-0.9307696359298412,0.0,0.0,,,,,-100.0,0.0,,,,,0.0,0.0,0.0,0.0,0.0,0.0,4,4,4,0,0,0,0,0,0,0,0,0,0,0,,0.0,0.0,0.0,,,,,,,,,,,,,,,,,
Ted Alexander,1014483,,P,KCM,-0.0878958776128892,,0.0,-1.698806542816777,0.5168074369430542,-0.0031706881709396,,,,,-70.68299850439827,0.073623913526535,,,,,0.1,0.0,0.1,0.0,0.0,,8,10,9,0,0,0,0,0,0,0,0,0,0,1,,,,0.1,,,,,,,,,0.0,,,,,,,,28.0
Johnny Williams,1016784,,OF,BBB,-0.0882260220878433,,0.0,0.0767464724434791,-1.0432098768651483,-0.0031706881709396,,,,,140.22237607282625,0.3681195676326751,,,,,0.5,0.0,0.5,0.0,0.0,,2,2,1,0,0,0,0,0,0,0,0,0,0,1,,,,0.5,,,,,,,,,-1.0,,,,,,,,7.2
R. T. Walker,1016654,,P,HSS,-0.0885776256484639,,0.0,-1.862014342712338,0.620168924331665,-0.0063413763418793,,,,,-16.923411913994492,0.1408616552750269,,,,,0.257575756,0.09090909,0.166666666,0.09090909,0.0,,6,12,11,1,1,0,0,1,1,1,0,0,0,1,,,,0.083333333,,,,,,,,,0.0,,,,,,,,25.1
Gil Hodges,1005883,116008.0,3B,BRO,-0.0894051778021974,,-0.1,0.0071664058186543,-1.0,0.1968293148092925,,,,,45.03122062678174,0.2454130450884501,,,,,0.333333333,0.0,0.333333333,0.0,0.0,0.0,1,3,2,0,0,0,0,0,0,0,0,0,1,1,,2.0,0.666666666,0.333333333,,,,,,,,,-1.0,,,,,,,,0.0
Adolphus Grimes,1015312,,OF,CBE,-0.0895035020492277,,0.0,-0.1475370440649519,-1.1296296268701551,0.1904879384674132,,,,,65.97434677384103,0.2644440591335296,,,,,0.522222222,0.222222222,0.3,0.222222222,0.0,,3,10,9,2,2,0,0,2,2,2,0,0,1,1,,,,0.1,,,,,,,,,-1.0,,,,,,,,75.0
Eddie Smith,1012132,122377.0,P,CHW,-0.0898538068097317,,-0.06,-7.170105061044132,3.8760557174682617,-0.0348775698803365,,,,,15.595723871271424,0.1933430601173723,,,,,0.400489895,0.217391304,0.183098591,0.159420289,0.057971015,0.169491525,25,75,69,4,8,1,2,15,11,9,1,0,0,2,,9.0,0.12,0.026666666,,,,,,,,,0.0,,,,,,,,187.2
(Unknown) Deison,1015026,,OF,CC,-0.0914420027912292,,0.0,0.0098023671632003,-1.0432098768651483,-0.0031706881709396,,,,,104.35289998169446,0.3180335760116577,,,,,0.666666666,0.333333333,0.333333333,0.333333333,0.0,,1,3,3,1,0,0,0,1,1,1,0,0,0,0,,,,0.0,,,,,,,,,-1.0,,,,,,,,18.0
Lefty Boone,1014653,,P,HSS,-0.0914719266959483,,0.0,-2.412350789640113,0.9302533864974976,-0.0063413763418793,,,,,-1.066238429663865,0.1703393426206376,,,,,0.343137254,0.176470588,0.166666666,0.117647058,0.05882353,,8,18,17,2,1,0,1,3,2,1,1,0,0,1,,,,0.055555555,,,,,,,,,0.0,,,,,,,,45.1
Robert Gaston,1015229,,C,HG,-0.0926237809290627,,0.0,-2.101351951636812,-0.6111111044883728,-0.0443896343931555,,,,,68.89446922996699,0.3003927767276764,,,,,0.608888888,0.288888888,0.32,0.244444444,0.044444444,,16,50,45,7,6,0,2,13,11,9,2,0,0,5,,,,0.1,,,,,,,,,1.0,,,,,,,,118.0
Johnny Gee,1004594,114678.0,P,PIT,-0.0941985529958738,,-0.11,-3.3193408456258524,1.5504223108291626,-0.0126827526837587,,,,,4.165258172554723,0.1834267420428139,,,,,0.37087912,0.192307692,0.178571428,0.115384615,0.076923077,0.15,15,30,26,2,4,0,1,5,3,2,0,1,0,2,,6.0,0.2,0.066666666,,,,,,,,,0.0,,,,,,,,82.0
Richard King,1015704,,1B,CC,-0.0943794006461732,,0.0,-0.8877765076301279,-0.1296296268701553,0.0,,,,,-100.0,0.0,,,,,0.0,0.0,0.0,0.0,0.0,,3,4,4,0,0,0,0,0,0,0,0,0,0,0,,,,0.0,,,,,,,,,0.0,,,,,,,,13.0
Ken Chase,1002164,112217.0,P,- - -,-0.0949361852555142,,-0.11,-5.564854513148379,2.9458025097846985,-0.0317068817093968,,,,,15.00138456229754,0.1981280368787271,,,,,0.411250872,0.207547169,0.203703703,0.188679245,0.018867924,0.227272727,30,57,53,3,0,0,1,11,10,9,1,0,0,1,,9.0,0.157894736,0.017543859,,,,,,,,,0.0,,,,,,,,156.2
Dain Clay,1002326,112377.0,OF,CIN,-0.0958914114366597,,-0.03,0.8787261569870028,-5.35185182094574,0.111220734193921,,,,,106.29550434452143,0.3388413512239269,,,,,0.709677419,0.376344086,0.333333333,0.268817204,0.107526882,0.316455696,49,106,93,19,9,0,6,35,25,19,2,4,1,8,,14.0,0.132075471,0.075471698,,,,,,,,,-5.0,,,,,,,,0.0
Jim Jones,1015644,,OF,BEG,-0.0967463205708167,,0.0,-2.594313833242434,-1.037037014961243,0.3207328016869724,,,,,71.37562144059207,0.3050051137998507,,,,,0.613024655,0.275362318,0.337662337,0.260869565,0.014492753,,26,77,69,10,4,0,1,19,18,17,1,0,2,8,,,,0.103896103,,,,,,,,,1.0,,,,,,,,516.0
Oscar Grimes Jr.,1005064,115165.0,SS,NYY,-0.0992083094487014,,-0.1,-1.8110845000493976,0.1419753134250641,-0.0190241290256381,,,,,30.873799147827093,0.22047911260439,,,,,0.410869565,0.15,0.260869565,0.15,0.0,0.23076923,9,23,20,4,1,0,0,3,3,3,0,0,0,3,,7.0,0.304347826,0.130434782,,,,,,,,,0.0,,,,,,,,0.0
Mule Suttles,1016512,,1B,NE,-0.0995116866442977,,0.0,1.4824741502492966,-3.172839507460594,-0.009512064512819,,,,,175.20640626665516,0.4980213165283203,,,,,1.092307692,0.692307692,0.4,0.307692307,0.384615385,,8,15,13,3,5,1,3,9,4,1,2,0,0,2,,,,0.133333333,,,,,,,,,-4.0,,,,,,,,46.0
Ronnie Brown,1014723,,1B,HSS,-0.1000649971556485,,0.0,-1.0194279389522256,-0.0432098768651485,0.0,,,,,-92.6982743988791,0.0,,,,,0.0,0.0,0.0,0.0,0.0,,1,4,4,0,0,0,0,0,0,0,0,0,0,0,,,,0.0,,,,,,,,,0.0,,,,,,,,11.0
Charlie Shields,1016382,,P,- - -,-0.1009932915538605,,0.0,-0.3417929401599918,-2.2160493843257427,-0.0221948171965777,,,,,91.56672879822392,0.3180729553103447,,,,,0.68525641,0.41025641,0.275,0.256410256,0.153846154,,14,40,39,4,4,0,4,16,10,6,2,2,0,1,,,,0.025,,,,,,,,,-2.0,,,,,,,,111.0
Pat Seerey,1011720,121972.0,OF,CLE,-0.1018891319423405,,-0.18,-2.746273325536142,-0.6913580298423767,-0.0507310107350349,,,,,68.53335429136754,0.2738641359304127,,,,,0.568713449,0.305555555,0.263157894,0.222222222,0.083333333,0.288461538,26,76,72,8,5,1,4,22,16,12,3,0,0,4,,19.0,0.25,0.052631578,,,,,,,,,0.0,,,,,,,,0.0
Ted Brown,1014725,,SS,BEG,-0.1021493173033646,,0.0,-0.0853035031330627,-1.6913580298423767,0.384146565105766,,,,,81.3182700219444,0.3234879970550537,,,,,0.684210525,0.368421052,0.315789473,0.315789473,0.052631579,,5,19,19,2,2,0,1,7,6,5,1,0,2,0,,,,0.0,,,,,,,,,-2.0,,,,,,,,40.0
Harry Feldman,1003971,114050.0,P,NYG,-0.1033604281409753,,-0.11,-3.648902561949847,1.7054646015167236,-0.0221948171965777,,,,,4.444968404288694,0.1825794035738164,,,,,0.345454545,0.133333333,0.212121212,0.133333333,0.0,0.148148148,44,33,30,5,1,0,0,4,4,4,0,0,0,3,,3.0,0.09090909,0.09090909,,,,,,,,,0.0,,,,,,,,104.2
James Lockman,1015776,,SS,MRS,-0.1053228442086937,,0.0,-1.3536088853724917,0.1234567910432815,0.2000000029802322,,,,,-100.0,0.0,,,,,0.0,0.0,0.0,0.0,0.0,,2,7,7,0,0,0,0,0,0,0,0,0,1,0,,,,0.0,,,,,,,,,0.0,,,,,,,,17.0
George Britt,1014691,,C,CBE,-0.1074561378051423,,0.0,-2.6535271557271836,1.1851851791143415,-0.0031706881709396,,,,,-77.85689372262465,0.0636067152023315,,,,,0.133333332,0.066666666,0.066666666,0.066666666,0.0,,6,15,15,1,1,0,0,1,1,1,0,0,0,0,,,,0.0,,,,,,,,,1.0,,,,,,,,36.1
Bill Voiselle,1013448,123748.0,P,NYG,-0.1081371351121339,,-0.11,-1.9756770397081385,0.620168924331665,-0.0031706881709396,,,,,-42.91970294422711,0.1060111920038859,,,,,0.222222222,0.111111111,0.111111111,0.111111111,0.0,0.142857142,4,12,9,0,2,0,0,1,1,1,0,0,0,0,,2.0,0.166666666,0.0,,,,,,,,,0.0,,,,,,,,31.0
Booker McDaniel,1015881,,P,KCM,-0.1092559486433734,,0.0,-3.6762405135382337,1.5504223108291626,-0.0063413763418793,,,,,-23.137560703092912,0.1400135199228922,,,,,0.3,0.2,0.1,0.1,0.1,,14,30,30,2,2,1,1,6,3,2,0,0,0,0,,,,0.0,,,,,,,,,0.0,,,,,,,,80.0
Carden Gillenwater,1004709,114802.0,OF,BRO,-0.1103265578319083,,-0.11,-1.4504590188196245,-0.1358024626970291,-0.0158534408546984,,,,,34.35013237370177,0.2281463397176642,,,,,0.439628482,0.176470588,0.263157894,0.176470588,0.0,0.214285714,8,19,17,1,2,0,0,3,3,3,0,0,0,2,,3.0,0.157894736,0.105263157,,,,,,,,,0.0,,,,,,,,0.0
Hugh East,1003645,113706.0,P,NYG,-0.1104959552760328,,-0.14,-2.1609075031817593,0.7235304117202759,-0.0063413763418793,,,,,-33.80943368898995,0.1207385616643088,,,,,0.219780218,0.076923076,0.142857142,0.076923076,0.0,0.111111111,17,14,13,2,1,0,0,1,1,1,0,0,0,1,,4.0,0.285714285,0.071428571,,,,,,,,,0.0,,,,,,,,40.1
Perry Hall,1015332,,OF,CC,-0.111512839434167,,0.0,-0.2121417597443316,-1.0432098768651483,-0.0031706881709396,,,,,47.412339449094745,0.2385251820087433,,,,,0.5,0.25,0.25,0.25,0.0,,3,4,4,0,0,0,0,1,1,1,0,0,0,0,,,,0.0,,,,,,,,,-1.0,,,,,,,,15.0
(Unknown) Jackson,1015543,,SS,NBY,-0.1124954835164234,,0.0,-1.2742849236902822,0.0617283955216407,0.0,,,,,-92.6982743988791,0.0,,,,,0.0,0.0,0.0,0.0,0.0,,1,5,5,0,0,0,0,0,0,0,0,0,0,0,,,,0.0,,,,,,,,,0.0,,,,,,,,8.0
Freddie Shepard,1016378,,SS,BEG,-0.1124954835164234,,0.0,-1.2742849236902822,0.0617283955216407,0.0,,,,,-92.6982743988791,0.0,,,,,0.0,0.0,0.0,0.0,0.0,,2,5,5,0,0,0,0,0,0,0,0,0,0,0,,,,0.0,,,,,,,,,0.0,,,,,,,,13.0
Milo Candini,1001910,111953.0,P,WAS,-0.1129690099346538,,-0.09,-6.283085349047859,3.2042062282562256,-0.0221948171965777,,,,,10.4094279252177,0.184762098959514,,,,,0.392857142,0.232142857,0.160714285,0.160714285,0.071428572,0.195121951,28,62,56,2,4,1,2,13,9,7,1,0,0,0,,14.0,0.225806451,0.0,,,,,,,,,0.0,,,,,,,,166.0
Johnny Smith,1016419,,OF,CAG,-0.1136459351974641,,0.0,-5.618242467614763,1.0716999173164368,-0.0602430752478539,,,,,42.91130811527283,0.2322402109905165,,,,,0.479374728,0.244680851,0.234693877,0.202127659,0.042553192,,23,98,94,12,6,0,4,23,19,15,4,0,0,4,,,,0.040816326,,,,,,,,,5.0,,,,,,,,580.0
Johnny Cooney,1002588,112645.0,1B,BRO,-0.1143359020457486,,-0.14,-2.082925542559355,-0.1419753134250641,0.1651224330998957,,,,,49.88174876555782,0.2532542536133214,,,,,0.495356036,0.205882352,0.289473684,0.205882352,0.0,0.225806451,37,39,34,7,2,0,0,7,7,7,0,0,1,4,,3.0,0.076923076,0.102564102,,,,,,,,,0.0,,,,,,,,0.0
Russ Christopher,1002222,112276.0,P,PHA,-0.1148443235813526,,-0.13,-5.11615589905327,2.48067569732666,-0.0253655053675174,,,,,5.9060138074064845,0.1824010838853552,,,,,0.369267138,0.177777777,0.191489361,0.155555555,0.022222222,0.21875,24,48,45,2,2,0,1,8,7,6,1,0,0,2,,13.0,0.270833333,0.041666666,,,,,,,,,0.0,,,,,,,,133.0
George Daniels,1014967,,P,CC,-0.1156081709099409,,0.0,-1.775553015260256,0.4134459495544433,0.0,,,,,-100.0,0.0,,,,,0.0,0.0,0.0,0.0,0.0,,4,8,8,0,0,0,0,0,0,0,0,0,0,0,,,,0.0,,,,,,,,,0.0,,,,,,,,22.2
Satchel Davis,1014998,,P,CBE,-0.1156081709099409,,0.0,-1.775553015260256,0.4134459495544433,0.0,,,,,-100.0,0.0,,,,,0.0,0.0,0.0,0.0,0.0,,4,8,8,0,0,0,0,0,0,0,0,0,0,0,,,,0.0,,,,,,,,,0.0,,,,,,,,17.1
Buck Ross,1011224,121480.0,P,CHW,-0.1158455632384725,,-0.14,-5.7174509151090085,2.8424408435821533,-0.0221948171965777,,,,,8.13111254737802,0.1815170505467583,,,,,0.350383631,0.173913043,0.176470588,0.086956521,0.086956522,0.1,21,55,46,1,4,1,2,8,4,2,1,0,0,5,,15.0,0.272727272,0.09090909,,,,,,,,,0.0,,,,,,,,149.1
Dick Conger,1002500,112556.0,P,PHI,-0.1161554986125343,,-0.11,-2.5400303247926783,0.9302533864974976,-0.009512064512819,,,,,-22.233968227712953,0.1348099443647596,,,,,0.229166666,0.0625,0.166666666,0.0625,0.0,0.076923076,13,18,16,0,0,0,0,1,1,1,0,0,0,2,,3.0,0.166666666,0.111111111,,,,,,,,,0.0,,,,,,,,54.2
Charlie Gilbert,1004688,114773.0,OF,CHC,-0.1166115393480629,,-0.09,-1.6162648112524007,-0.1481481492519378,0.1809758739545941,,,,,32.05877923686864,0.22047911260439,,,,,0.410869565,0.15,0.260869565,0.15,0.0,0.176470588,8,23,20,1,0,0,0,3,3,3,0,0,1,3,,3.0,0.130434782,0.130434782,,,,,,,,,0.0,,,,,,,,0.0
Hank Gornicki,1004889,114983.0,P,PIT,-0.1166453362339029,,-0.12,-4.506995464251769,2.170591354370117,-0.0158534408546984,,,,,7.025802351985168,0.1880510061979294,,,,,0.4,0.225,0.175,0.175,0.05,0.291666666,42,42,40,3,2,0,2,9,7,5,2,0,0,0,,16.0,0.38095238,0.0,,,,,,,,,0.0,,,,,,,,147.0
Chubby Dean,1003105,113165.0,P,CLE,-0.1174603539300612,,0.12,-2.824053578741685,0.0,-0.0475603225640952,,,,,53.522940634342454,0.2500834877674396,,,,,0.484113711,0.195652173,0.288461538,0.195652173,0.0,0.204545454,41,53,46,2,5,0,0,9,9,9,0,0,0,6,,2.0,0.037735849,0.113207547,,,,,,,,,0.0,,,,,,,,76.0
Ben Cardoni,1001940,111984.0,P,BSN,-0.1190965714041908,,-0.13,-1.6676158994086705,0.3617652058601379,0.0,,,,,-100.0,0.0,,,,,0.0,0.0,0.0,0.0,0.0,0.0,11,7,7,0,0,0,0,0,0,0,0,0,0,0,,5.0,0.714285714,0.0,,,,,,,,,0.0,,,,,,,,28.0
(Unknown) Johnson,1015627,,3B,HSS,-0.11920789041143,,0.0,-1.2742849236902822,0.0,0.0,,,,,-92.6982743988791,0.0,,,,,0.0,0.0,0.0,0.0,0.0,,1,5,5,0,0,0,0,0,0,0,0,0,0,0,,,,0.0,,,,,,,,,0.0,,,,,,,,10.2
Dick Barrett,1000594,110620.0,P,- - -,-0.1194544782560499,,-0.05,-6.985904286712779,3.72101366519928,-0.0475603225640952,,,,,16.212685660199536,0.1967150734021113,,,,,0.368700264,0.137931034,0.23076923,0.137931034,0.0,0.16,38,72,58,6,1,0,0,8,8,8,0,0,0,7,,8.0,0.111111111,0.097222222,,,,,,,,,0.0,,,,,,,,214.1
Don Hanski,1005332,115444.0,1B,CHW,-0.1208397347219758,,-0.22,-1.586179577656017,-0.2160493731498718,-0.3936661947518587,,,,,49.61957165421501,0.2472462483814784,,,,,0.523809523,0.285714285,0.238095238,0.238095238,0.047619047,0.3125,9,21,21,1,2,0,1,6,5,4,1,0,0,0,,5.0,0.238095238,0.0,,,,,,,,,0.0,,,,,,,,1.0
Anthony DePhillips,1003217,113279.0,C,CIN,-0.122132955062119,,-0.14,-2.865347291650245,1.080246925354004,-0.0063413763418793,,,,,-12.991900559746682,0.1460051508176894,,,,,0.292857142,0.15,0.142857142,0.1,0.05,0.133333333,35,22,20,0,2,0,1,3,2,1,1,0,0,1,,5.0,0.227272727,0.045454545,,,,,,,,,0.0,,,,,,,,0.0
Monte Irvin,1006275,116403.0,OF,NE,-0.1225683610039193,,-0.02,-0.3437931910664293,-1.0061728390865028,-0.0031706881709396,,,,,35.613527919540296,0.2385251820087433,,,,,0.5,0.25,0.25,0.25,0.0,,1,4,4,1,0,0,0,1,1,1,0,0,0,0,,,,0.0,,,,,,,,,-1.0,,,,,,,,24.0
Frank Doljack,1003366,113430.0,OF,CLE,-0.124513871316829,,-0.13,-1.321855735595951,-0.086419753730297,-0.0031706881709396,,,,,-46.240944587334184,0.0920298919081687,,,,,0.125,0.0,0.125,0.0,0.0,0.0,3,8,7,0,0,0,0,0,0,0,0,0,0,1,,2.0,0.25,0.125,,,,,,,,,0.0,,,,,,,,0.0
Orie Arntzen,1000324,110337.0,P,PHA,-0.1258178909277942,,-0.15,-5.724574325918148,2.7907602787017822,-0.0285361935384571,,,,,6.416988424973086,0.1832106090508974,,,,,0.372307692,0.18,0.192307692,0.16,0.02,0.235294117,32,54,50,3,1,0,1,9,8,7,1,0,0,2,,16.0,0.296296296,0.037037037,,,,,,,,,0.0,,,,,,,,164.1
Johnny Ostrowski,1009886,120104.0,OF,CHC,-0.1265021230255165,,-0.23,-1.0205869985983689,-1.2160493731498718,-0.0285361935384571,,,,,73.8618458685593,0.2880566120147705,,,,,0.578892371,0.275862068,0.303030303,0.206896551,0.068965517,0.285714285,10,33,29,2,3,0,1,8,6,5,0,1,0,3,,8.0,0.242424242,0.09090909,,,,,,,,,-1.0,,,,,,,,0.0
Preacher Henry,1015425,,P,CC,-0.1288451071283077,,0.0,-2.4315830288196514,0.7235304117202759,-0.0031706881709396,,,,,-74.60314740647608,0.068150052002498,,,,,0.142857142,0.071428571,0.071428571,0.071428571,0.0,,9,14,14,1,2,0,0,1,1,1,0,0,0,0,,,,0.0,,,,,,,,,0.0,,,,,,,,39.0
Les Webber,1013709,124020.0,P,BRO,-0.1290868257225411,,-0.12,-3.4766407617826105,1.4470608234405518,-0.0158534408546984,,,,,-7.46618211496081,0.1605474242457637,,,,,0.305185185,0.12,0.185185185,0.12,0.0,0.1875,54,28,25,2,0,0,0,3,3,3,0,0,0,2,,9.0,0.321428571,0.071428571,,,,,,,,,0.0,,,,,,,,115.2
Fritz Ostermueller,1009883,120102.0,P,- - -,-0.1298027183628499,,-0.11000000000000001,-2.8487739937632615,1.0336148738861084,-0.009512064512819,,,,,-23.711888581723215,0.1391810837544893,,,,,0.269005847,0.111111111,0.157894736,0.111111111,0.0,0.125,19,20,18,0,1,0,0,2,2,2,0,0,0,1,,2.0,0.1,0.05,,,,,,,,,0.0,,,,,,,,56.0
Skin Down Robinson,1016275,,3B,NBY,-0.1304131009628236,,0.0,0.516109713748429,-4.78777189552784,0.3112207371741533,,,,,102.06556380472472,0.3620561718940734,,,,,0.722580645,0.322580645,0.4,0.274193548,0.048387097,,19,75,62,13,5,0,2,20,17,15,1,1,2,9,,,,0.12,,,,,,,,,-5.0,,,,,,,,157.0
Rufe Gentry,1004616,114700.0,P,DET,-0.1304453225166027,,-0.15,-2.1300198282664646,0.5684881806373596,-0.0031706881709396,,,,,-71.5386111888466,0.0669308304786682,,,,,0.09090909,0.0,0.09090909,0.0,0.0,0.0,4,11,10,0,0,0,0,0,0,0,0,0,0,1,,5.0,0.454545454,0.09090909,,,,,,,,,0.0,,,,,,,,29.1
Julius Tisdale,1016587,,OF,NBY,-0.1312944900180643,,0.0,-0.3437931910664293,-1.086419753730297,-0.0031706881709396,,,,,35.613527919540296,0.2385251820087433,,,,,0.5,0.25,0.25,0.25,0.0,,3,4,4,0,0,0,0,1,1,1,0,0,0,0,,,,0.0,,,,,,,,,-1.0,,,,,,,,15.0
Allie Reynolds,1010860,121100.0,P,CLE,-0.1313827524819323,,-0.18,-7.721180041260302,3.979417324066162,-0.0475603225640952,,,,,11.584697588486373,0.1836417077316178,,,,,0.357587064,0.149253731,0.208333333,0.149253731,0.0,0.188679245,39,77,67,6,3,0,0,10,10,10,0,0,0,5,,14.0,0.181818181,0.064935064,,,,,,,,,0.0,,,,,,,,198.2
Herman Besse,1000923,110950.0,P,PHA,-0.1315726463104101,,-0.14,-1.886635092286623,0.4134459495544433,0.0,,,,,-100.0,0.0,,,,,0.0,0.0,0.0,0.0,0.0,0.0,7,8,8,0,0,0,0,0,0,0,0,0,0,0,,1.0,0.125,0.0,,,,,,,,,0.0,,,,,,,,16.1
Sam Narron,1009454,119656.0,C,STL,-0.1320215688394781,,-0.12,-1.6677458776702236,0.0925925895571708,-0.0063413763418793,,,,,-20.3785415519717,0.1408616552750269,,,,,0.257575756,0.09090909,0.166666666,0.09090909,0.0,0.111111111,10,12,11,0,0,0,0,1,1,1,0,0,0,1,,2.0,0.166666666,0.083333333,,,,,,,,,0.0,,,,,,,,0.0
Mike McCormick,1008419,118600.0,OF,CIN,-0.1326975719299693,,-0.18,-1.767297642597008,-0.0246913563460111,-0.0126827526837587,,,,,19.705989557533364,0.1988635133294498,,,,,0.36862745,0.133333333,0.235294117,0.133333333,0.0,0.133333333,4,19,15,0,0,0,0,2,2,2,0,0,0,2,,0.0,0.0,0.105263157,,,,,,,,,0.0,,,,,,,,0.0
Freddie Fitzsimmons,1004122,114203.0,P,BRO,-0.1327090202610336,,-0.14,-2.528720860730558,0.8268918991088867,-0.0063413763418793,,,,,-37.07093756903584,0.1126893242200215,,,,,0.204761904,0.071428571,0.133333333,0.071428571,0.0,0.1,9,16,14,0,0,0,0,1,1,1,0,0,0,1,,4.0,0.25,0.0625,,,,,,,,,0.0,,,,,,,,44.2
Bill Fleming,1004144,114227.0,P,CHC,-0.1333025369900148,,-0.14,-1.8800254736228352,0.4134459495544433,0.0,,,,,-100.0,0.0,,,,,0.0,0.0,0.0,0.0,0.0,0.0,11,8,8,0,0,0,0,0,0,0,0,0,0,0,,2.0,0.25,0.0,,,,,,,,,0.0,,,,,,,,32.1
Johnny Hopp,1006022,116145.0,OF,STL,-0.1337645365584412,,-0.48,-6.445040375317385,-2.9691357612609863,1.3939052927307785,,,,,74.94215659267822,0.2949540447023578,,,,,0.604046422,0.307053941,0.296992481,0.22406639,0.082987551,0.239631336,91,272,241,33,25,2,14,74,54,40,10,2,8,24,,22.0,0.080882352,0.088235294,,,,,,,,,0.0,,,,,,,,0.0
Bob Evans,1015120,,P,- - -,-0.1362314832270233,,0.0,-4.045980362926244,1.6537838578224182,-0.0221948171965777,,,,,4.9250440386454155,0.1814768351614475,,,,,0.325892857,0.107142857,0.21875,0.107142857,0.0,,16,32,28,1,0,0,0,3,3,3,0,0,0,4,,,,0.125,,,,,,,,,0.0,,,,,,,,66.2
Frank McCoy,1015875,,C,HSS,-0.1363370615987094,,0.0,-1.5291419084283386,0.0617283955216407,0.0,,,,,-92.6982743988791,0.0,,,,,0.0,0.0,0.0,0.0,0.0,,2,6,6,0,1,0,0,0,0,0,0,0,0,0,,,,0.0,,,,,,,,,0.0,,,,,,,,10.0
Dave Hoskins,1006041,116167.0,OF,KCM,-0.1380436474700782,,0.0,0.4634929881414647,-2.0432098768651485,-0.0063413763418793,,,,,218.2340210468939,0.4770503640174866,,,,,1.0,0.5,0.5,0.5,0.0,,1,4,4,0,2,0,0,2,2,2,0,0,0,0,,,,0.0,,,,,,,,,-3.0,,,,,,,,27.0
Joe Beggs,1000776,110796.0,P,CIN,-0.1381999767456228,,-0.11,-4.4599077482361,2.0155489444732666,-0.0221948171965777,,,,,1.065095588563391,0.1687292408298801,,,,,0.332046331,0.142857142,0.189189189,0.142857142,0.0,0.2,39,39,35,4,4,0,0,5,5,5,0,0,0,2,,10.0,0.256410256,0.051282051,,,,,,,,,0.0,,,,,,,,115.1
Billy Jurges,1006653,116795.0,SS,NYG,-0.1382312893390452,,-0.27,-17.313104904017756,-0.8888888359069824,-0.0851152841933071,,,,,72.4646473902647,0.2925378393284893,,,,,0.588995199,0.278586278,0.310408921,0.228690228,0.04989605,0.241457858,136,544,481,46,29,4,14,134,110,96,8,2,2,53,,38.0,0.069852941,0.09742647,,,,,,,,,-7.0,,,,,,,,0.0
Leo Durocher,1003596,113664.0,SS,BRO,-0.1384299677838532,,-0.16,-1.2954589971923711,-0.6296296417713165,-0.0158534408546984,,,,,41.44318363336398,0.239612739337118,,,,,0.485380116,0.222222222,0.263157894,0.222222222,0.0,0.25,6,19,18,1,1,0,0,4,4,4,0,0,0,1,,2.0,0.105263157,0.052631578,,,,,,,,,-1.0,,,,,,,,0.0
Ed Nelson,1016027,,OF,CC,-0.1387874151783861,,0.0,-3.5607430095618833,0.9074074104428292,-0.0253655053675174,,,,,8.750843267534114,0.1845405804805266,,,,,0.367290367,0.162162162,0.205128205,0.162162162,0.0,,12,39,37,3,0,0,0,6,6,6,0,0,0,2,,,,0.051282051,,,,,,,,,1.0,,,,,,,,164.3
Jim Turner,1013229,123513.0,P,NYY,-0.1388500174853479,,-0.1,-2.376478643082526,0.6718496680259705,-0.0031706881709396,,,,,-61.96778067229726,0.0733923636949979,,,,,0.153846152,0.076923076,0.076923076,0.076923076,0.0,0.09090909,18,13,13,2,0,0,0,1,1,1,0,0,0,0,,2.0,0.153846153,0.0,,,,,,,,,0.0,,,,,,,,43.1
Sam Segraves,1016364,,OF,CC,-0.1396906819267632,,0.0,-1.8101169815274725,-0.2592592537403106,-0.009512064512819,,,,,13.690855960002656,0.1914385188193548,,,,,0.39047619,0.2,0.19047619,0.15,0.05,,6,21,20,5,3,0,1,4,3,2,1,0,0,1,,,,0.047619047,,,,,,,,,1.0,,,,,,,,144.0
Ewald Pyle,1010582,120819.0,P,WAS,-0.1404049423651547,,-0.13,-3.1520333593388443,1.1369763612747192,-0.009512064512819,,,,,-26.72824987521703,0.1259257424445379,,,,,0.242857142,0.1,0.142857142,0.1,0.0,0.117647058,18,22,20,2,0,0,0,2,2,2,0,0,0,1,,3.0,0.136363636,0.045454545,,,,,,,,,0.0,,,,,,,,72.2
Herman Bell,1014591,,C,BBB,-0.1413867890749183,,0.0,-2.692571236258156,0.3086419701576233,-0.0190241290256381,,,,,7.2000984875338485,0.1823752131955377,,,,,0.355044699,0.148148148,0.206896551,0.148148148,0.0,,10,29,27,2,1,0,0,4,4,4,0,0,0,2,,,,0.068965517,,,,,,,,,0.0,,,,,,,,69.2
Carrenza Howard,1015494,,P,NYC,-0.1426607733060106,,0.0,-2.9703784879929365,0.981934130191803,-0.009512064512819,,,,,-17.827455499284728,0.1391810837544893,,,,,0.269005847,0.111111111,0.157894736,0.111111111,0.0,,10,19,18,1,0,0,0,2,2,2,0,0,0,1,,,,0.052631578,,,,,,,,,0.0,,,,,,,,44.2
Neck Stanley,1016476,,P,NBY,-0.1432429140577362,,0.0,-2.626585296926507,0.7752111554145813,-0.0063413763418793,,,,,-32.078384410971395,0.1126893242200215,,,,,0.204761904,0.071428571,0.133333333,0.071428571,0.0,,9,15,14,1,1,0,0,1,1,1,0,0,0,1,,,,0.066666666,,,,,,,,,0.0,,,,,,,,53.2
Max Marshall,1008143,118321.0,OF,CIN,-0.1453943114821881,,-0.32,-14.301312826632865,-3.5740737915039062,1.17829849710688,,,,,75.74942674458518,0.2894615399486878,,,,,0.59975683,0.312992125,0.286764705,0.236220472,0.076771653,0.256637168,132,555,508,55,39,4,23,159,120,97,11,8,8,34,,52.0,0.093693693,0.061261261,,,,,,,,,2.0,,,,,,,,0.0
(Unknown) Jeffries,1015561,,C,CC,-0.1455099714461314,,0.0,-0.0707905716214727,-1.8765432089567184,0.1873172502964735,,,,,78.34901832367191,0.2817233105500539,,,,,0.533333333,0.2,0.333333333,0.2,0.0,,6,12,10,0,3,0,0,2,2,2,0,0,1,2,,,,0.166666666,,,,,,,,,-2.0,,,,,,,,21.0
Tony Giuliani,1004747,114834.0,C,WAS,-0.146560337171821,,-0.55,-5.890577364836477,-0.4876543283462524,-0.4982989043928683,,,,,67.67574793549487,0.2754877937251124,,,,,0.560331863,0.270676691,0.289655172,0.225563909,0.045112782,0.25210084,49,148,133,5,20,0,5,36,30,25,4,1,0,12,,14.0,0.094594594,0.081081081,,,,,,,,,-2.0,,,,,,,,0.0
George Walker,1016651,,P,- - -,-0.1478890287440157,,0.0,-1.0035670606045797,-1.0347390100359917,-0.0126827526837587,,,,,39.12396771163033,0.2249088324606418,,,,,0.45,0.2,0.25,0.2,0.0,,14,16,15,1,0,0,0,3,3,3,0,0,0,1,,,,0.0625,,,,,,,,,-1.0,,,,,,,,48.1
Marlin Carter,1014812,,3B,MRS,-0.149588506606016,,0.0,0.0752791193397042,-3.0,-0.0285361935384571,,,,,102.98573353035636,0.3161245465278625,,,,,0.658035714,0.34375,0.314285714,0.25,0.09375,,8,35,32,7,7,0,2,11,8,6,1,1,0,3,,,,0.085714285,,,,,,,,,-3.0,,,,,,,,70.0
Howie Pollet,1010423,120653.0,P,STL,-0.1501148688818089,,-0.15,-5.060094269406398,2.3256335258483887,-0.0221948171965777,,,,,2.659869918073812,0.178104813803326,,,,,0.367864692,0.186046511,0.181818181,0.162790697,0.023255814,0.205882352,16,45,43,3,1,0,1,8,7,6,1,0,0,1,,9.0,0.2,0.022222222,,,,,,,,,0.0,,,,,,,,118.1
Al Hollingsworth,1005955,116081.0,P,SLB,-0.1519921939454958,,-0.2,-5.965277512487766,2.7907602787017822,-0.0190241290256381,,,,,2.3060790184531257,0.1810805018131549,,,,,0.373076923,0.2,0.173076923,0.14,0.06,0.155555555,36,54,50,2,1,0,3,10,7,4,3,0,0,2,,5.0,0.092592592,0.037037037,,,,,,,,,0.0,,,,,,,,154.0
Nels Potter,1010471,120703.0,P,SLB,-0.1526250133774729,,-0.09,-6.73235221688567,3.2558867931365967,-0.0348775698803365,,,,,5.68333896333798,0.1864310159521587,,,,,0.367026193,0.163636363,0.20338983,0.145454545,0.018181818,0.150943396,33,63,55,0,4,0,1,9,8,7,1,0,0,4,,2.0,0.031746031,0.063492063,,,,,,,,,0.0,,,,,,,,168.1
Joe Spencer,1016470,,2B,- - -,-0.1540448804083894,,0.0,-6.2777529201284015,1.9506172612309456,-0.0760965161025524,,,,,44.177446332871895,0.2544450752791904,,,,,0.506493505,0.22077922,0.285714285,0.22077922,0.0,,25,84,77,8,6,0,0,17,17,17,0,0,0,7,,,,0.083333333,,,,,,,,,1.0,,,,,,,,193.0
Virgil Trucks,1013203,123486.0,P,DET,-0.1571060749246212,,-0.12,-7.703984205430122,3.82437515258789,-0.0443896343931555,,,,,8.168442174351167,0.1932088555516423,,,,,0.397147146,0.194444444,0.202702702,0.180555555,0.013888889,0.19117647,33,74,72,7,7,0,1,14,13,12,1,0,0,2,,4.0,0.054054054,0.027027027,,,,,,,,,0.0,,,,,,,,202.2
Frankie Kelleher,1006771,116915.0,OF,CIN,-0.1573330478160396,,-0.16,-1.7647119263188848,-0.0432098768651485,-0.0063413763418793,,,,,-27.404302892482548,0.122706522544225,,,,,0.166666666,0.0,0.166666666,0.0,0.0,0.0,9,12,10,1,0,0,0,0,0,0,0,0,0,2,,0.0,0.0,0.166666666,,,,,,,,,0.0,,,,,,,,0.0
Willie Ferrell,1015153,,OF,CAG,-0.159047731485135,,0.0,-1.29856814828175,-1.2160493731498718,-0.0158534408546984,,,,,50.339121391342424,0.2426119653078225,,,,,0.51076923,0.28,0.23076923,0.2,0.08,,7,26,25,4,1,0,1,7,5,4,0,1,0,1,,,,0.038461538,,,,,,,,,-1.0,,,,,,,,132.0
Roy Henshaw,1005678,115794.0,P,DET,-0.1591592391391417,,-0.21,-2.986165229814784,0.9302533864974976,-0.0063413763418793,,,,,-46.87097436333012,0.1060111920038859,,,,,0.222222222,0.111111111,0.111111111,0.111111111,0.0,0.125,26,18,18,0,0,0,0,2,2,2,0,0,0,0,,2.0,0.111111111,0.0,,,,,,,,,0.0,,,,,,,,71.1
Sylvester Snead,1016452,,2B,CC,-0.1602450605462777,,0.0,2.362938674432938,-9.877777814865112,0.314391425345093,,,,,114.94254496586964,0.332820323066435,,,,,0.702785326,0.3984375,0.304347826,0.25,0.1484375,,36,138,128,22,18,1,15,51,32,17,12,2,2,9,,,,0.065217391,,,,,,,,,-12.0,,,,,,,,320.2
Duke Cleveland,1014871,,OF,CBE,-0.1629632066247237,,0.0,-0.5232569962516274,-4.6975308656692505,0.7239034958183765,,,,,86.204462537017,0.29269218313825,,,,,0.602585648,0.305882352,0.296703296,0.247058823,0.058823529,,24,91,85,11,8,1,3,26,21,18,2,0,4,6,,,,0.065934065,,,,,,,,,-7.0,,,,,,,,552.3
Johnny Johnson,1015619,,OF,CBE,-0.1641566199038236,,0.0,-0.3453546121116378,-2.2592592537403107,-0.0221948171965777,,,,,86.98827165253839,0.2937866473197937,,,,,0.57,0.25,0.32,0.15,0.1,,10,25,20,0,1,0,1,5,3,2,0,1,0,5,,,,0.2,,,,,,,,,-3.0,,,,,,,,134.5
Joe Hoover,1006009,116135.0,SS,DET,-0.1651315985417472,,-0.25,-22.26934183221001,-1.1111106872558594,-1.180520418100059,,,,,70.7658666311637,0.2923804947168998,,,,,0.607476555,0.318260869,0.289215686,0.24347826,0.074782609,0.289361702,144,640,575,78,38,4,27,183,140,113,15,8,6,36,,101.0,0.1578125,0.05625,,,,,,,,,-10.0,,,,,,,,0.0
Skeeter Webb,1013713,124015.0,2B,CHW,-0.166450253696939,,-0.21,-12.121064111656342,3.3333332538604736,-0.6792974737472832,,,,,54.479595608855305,0.2549458709481644,,,,,0.532703067,0.276995305,0.255707762,0.234741784,0.042253521,0.257731958,58,223,213,15,22,0,7,59,50,43,5,2,5,6,,19.0,0.085201793,0.026905829,,,,,,,,,1.0,,,,,,,,0.0
Bill Hart,1005440,115559.0,3B,BRO,-0.1680504300454718,,-0.28,-2.208916519551541,0.0617283955216407,-0.0126827526837587,,,,,4.521956855892541,0.1799270659685135,,,,,0.357894736,0.157894736,0.2,0.157894736,0.0,0.176470588,8,20,19,0,1,0,0,3,3,3,0,0,0,1,,2.0,0.1,0.05,,,,,,,,,0.0,,,,,,,,0.0
Billy Holm,1005974,116094.0,C,CHC,-0.1686134639196897,,-0.2,-2.2781499310456423,0.2160493731498718,-0.009512064512819,,,,,-16.030241442721106,0.1427399410920984,,,,,0.243137254,0.066666666,0.176470588,0.066666666,0.0,0.09090909,7,17,15,0,0,0,0,1,1,1,0,0,0,2,,4.0,0.235294117,0.117647058,,,,,,,,,0.0,,,,,,,,0.0
Elmer Valo,1013335,123623.0,OF,PHA,-0.1711279051105011,,-0.22,-7.375096328662888,-3.722222089767456,-2.13955570012331,,,,,83.81556561683999,0.3058313691825197,,,,,0.616487,0.297188755,0.319298245,0.220883534,0.076305221,0.223175965,77,287,249,31,18,3,11,74,55,44,6,2,2,35,,13.0,0.045296167,0.121951219,,,,,,,,,-1.0,,,,,,,,0.0
Don Johnson,1006447,116581.0,2B,CHC,-0.1713226313413998,,-0.11,-3.3615895542909007,0.4320987462997436,-0.0253655053675174,,,,,35.538911408363816,0.2261049828746102,,,,,0.465367965,0.238095238,0.227272727,0.19047619,0.047619048,0.210526315,10,45,42,5,1,0,2,10,8,6,2,0,0,2,,4.0,0.088888888,0.044444444,,,,,,,,,0.0,,,,,,,,0.0
Obie Lackey,1015711,,OF,NBY,-0.172115023870508,,0.0,-0.0119516342470624,-2.016460904851556,-0.009512064512819,,,,,99.76942907874998,0.3577877730131149,,,,,0.75,0.375,0.375,0.375,0.0,,2,8,8,1,1,0,0,3,3,3,0,0,0,0,,,,0.0,,,,,,,,,-3.0,,,,,,,,49.0
Cass Michaels,1008836,119026.0,3B,CHW,-0.1738022241635756,,-0.19,-1.8615392718596824,0.0,0.0,,,,,-100.0,0.0,,,,,0.0,0.0,0.0,0.0,0.0,0.0,2,8,7,0,0,0,0,0,0,0,0,0,0,0,,0.0,0.0,0.0,,,,,,,,,0.0,,,,,,,,0.0
Mace Brown,1001541,111572.0,P,BOS,-0.1758615837624021,,-0.2,-3.224346662551115,0.981934130191803,-0.0063413763418793,,,,,-50.26264907605275,0.0939077701833513,,,,,0.16993464,0.058823529,0.111111111,0.058823529,0.0,0.111111111,49,19,17,0,1,0,0,1,1,1,0,0,0,1,,8.0,0.421052631,0.052631578,,,,,,,,,0.0,,,,,,,,93.1
Jeff Shelton,1016377,,OF,HSS,-0.1762234190733625,,0.0,-0.7645709542141693,-1.0432098768651483,0.0,,,,,-92.6982743988791,0.0,,,,,0.0,0.0,0.0,0.0,0.0,,1,3,3,0,0,0,0,0,0,0,0,0,0,0,,,,0.0,,,,,,,,,-1.0,,,,,,,,24.0
Van Mungo,1009321,119518.0,P,NYG,-0.1768481922741978,,-0.25,-5.469476545975524,2.42899489402771,-0.0221948171965777,,,,,-0.7713136034099702,0.1741469290521409,,,,,0.359595958,0.181818181,0.177777777,0.159090909,0.022727272,0.233333333,49,47,44,1,2,0,1,8,7,6,1,0,0,1,,14.0,0.29787234,0.021276595,,,,,,,,,0.0,,,,,,,,154.1
T. J. Brown,1014726,,SS,MRS,-0.1801854680386755,,0.0,0.0588142029792022,-2.6296296417713165,-0.0190241290256381,,,,,104.35289998169446,0.3180335760116577,,,,,0.666666666,0.333333333,0.333333333,0.333333333,0.0,,6,18,18,3,3,0,0,6,6,6,0,0,0,0,,,,0.0,,,,,,,,,-3.0,,,,,,,,41.0
Mort Cooper,1002598,112657.0,P,STL,-0.1836207919405461,,-0.25,-10.43790946681712,5.529839515686035,-0.0475603225640952,,,,,15.569122264054704,0.1989734979236827,,,,,0.416274509,0.23,0.186274509,0.17,0.06,0.188235294,37,107,100,7,11,1,4,23,17,13,3,0,0,2,,14.0,0.130841121,0.018691588,,,,,,,,,0.0,,,,,,,,274.0
(Unknown) Glover,1015267,,OF,CC,-0.1855074970850546,,0.0,0.1017464745637981,-2.0432098768651485,-0.0031706881709396,,,,,152.80489876725113,0.3856890499591827,,,,,0.5,0.0,0.5,0.0,0.0,,1,2,1,0,0,0,0,0,0,0,0,0,0,0,,,,0.0,,,,,,,,,-3.0,,,,,,,,15.0
Andy Seminick,1011742,121998.0,C,PHI,-0.1873691821879805,,-0.34,-3.8788722526166506,-0.3918411135673523,-0.0507310107350349,,,,,59.40906631671139,0.2667914606347868,,,,,0.544831222,0.291666666,0.253164556,0.180555555,0.111111111,0.229166666,22,82,72,9,5,2,4,21,13,9,2,0,0,7,,22.0,0.268292682,0.085365853,,,,,,,,,-1.0,,,,,,,,0.0
Ace Adams,1000040,110043.0,P,NYG,-0.1874584498522195,,-0.13,-4.667589262243804,1.8605067729949951,-0.0190241290256381,,,,,-12.271974424599248,0.1555553289020762,,,,,0.301470588,0.125,0.176470588,0.125,0.0,0.142857142,70,36,32,3,1,0,0,4,4,4,0,0,0,2,,4.0,0.111111111,0.055555555,,,,,,,,,0.0,,,,,,,,140.1
Wilmore Williams,1016789,,OF,NE,-0.1903610674170737,,0.0,-2.6078745680862543,-1.395061731338501,-0.0539016989059746,,,,,68.3431477372721,0.2993678978232086,,,,,0.615046837,0.303571428,0.311475409,0.25,0.053571428,,17,61,56,8,7,0,2,17,14,12,1,1,0,5,,,,0.081967213,,,,,,,,,0.0,,,,,,,,327.29999999999995
Rex Barney,1000571,110593.0,P,BRO,-0.192335493121083,,-0.25,-3.32236324084976,0.981934130191803,-0.0063413763418793,,,,,-51.7465147177724,0.0889652559631749,,,,,0.160818712,0.055555555,0.105263157,0.055555555,0.0,0.076923076,9,19,18,0,0,0,0,1,1,1,0,0,0,1,,5.0,0.263157894,0.052631578,,,,,,,,,0.0,,,,,,,,45.1
Max Butcher,1001763,111804.0,P,PIT,-0.1941576870692314,,-0.07,-7.509348889992948,3.617652177810669,-0.0317068817093968,,,,,7.120136161707788,0.1882035032151237,,,,,0.387197501,0.196721311,0.19047619,0.163934426,0.032786885,0.178571428,33,70,61,1,4,0,2,12,10,8,2,0,0,2,,5.0,0.071428571,0.028571428,,,,,,,,,0.0,,,,,,,,193.2
Luis Pillot,1016155,,P,CC,-0.1989925338144714,,0.0,-1.3903135763025651,-1.0432098768651483,-0.009512064512819,,,,,0.7202006568184001,0.1733270713261195,,,,,0.297619047,0.083333333,0.214285714,0.083333333,0.0,,8,14,12,3,2,0,0,1,1,1,0,0,0,2,,,,0.142857142,,,,,,,,,-1.0,,,,,,,,47.0
Alex Allen,1014485,,OF,NBY,-0.2000649971556485,,0.0,-1.0194279389522256,-1.0432098768651483,0.0,,,,,-92.6982743988791,0.0,,,,,0.0,0.0,0.0,0.0,0.0,,1,4,4,0,0,0,0,0,0,0,0,0,0,0,,,,0.0,,,,,,,,,-1.0,,,,,,,,27.0
(Unknown) Wilson,1016813,,OF,CBE,-0.2010254238535532,,0.0,-1.10972063453766,-1.0061728390865028,0.0,,,,,-100.0,0.0,,,,,0.0,0.0,0.0,0.0,0.0,,1,5,5,0,0,0,0,0,0,0,0,0,0,0,,,,0.0,,,,,,,,,-1.0,,,,,,,,33.0
Dave Odom,1009727,119933.0,P,BSN,-0.2041655509786129,,-0.2,-2.8587701132720063,0.620168924331665,0.0,,,,,-100.0,0.0,,,,,0.0,0.0,0.0,0.0,0.0,0.0,22,12,12,0,0,0,0,0,0,0,0,0,0,0,,3.0,0.25,0.0,,,,,,,,,0.0,,,,,,,,54.2
Murray Watkins,1016688,,3B,NE,-0.2054465647391844,,0.0,-9.378083058022847,2.3086419701576233,1.0668311147019267,,,,,47.35042114182476,0.2603434757391611,,,,,0.524076737,0.237410071,0.286666666,0.230215827,0.007194244,,33,150,139,22,9,0,1,33,32,31,1,0,6,11,,,,0.073333333,,,,,,,,,2.0,,,,,,,,281.0
Al Zarilla,1014420,124745.0,OF,SLB,-0.2087651516978056,,-0.19,-5.882515379154384,-4.456790208816528,-0.3902488583698869,,,,,80.58686068411241,0.3050989179107232,,,,,0.629118527,0.320175438,0.308943089,0.254385964,0.065789474,0.27184466,70,251,228,27,17,2,10,73,58,48,7,1,1,17,,20.0,0.079681274,0.067729083,,,,,,,,,-2.0,,,,,,,,0.0
Ed Stone,1016499,,OF,- - -,-0.2105132382183181,,0.0,0.1446643293619125,-4.574074059724808,0.7334155603311956,,,,,92.70234583804492,0.344650420986238,,,,,0.69077467,0.31372549,0.37704918,0.25490196,0.05882353,,15,61,51,7,5,0,2,16,13,11,1,1,4,9,,,,0.147540983,,,,,,,,,-6.0,,,,,,,,367.0
Judge Owens,1016071,,2B,BEG,-0.2115835557564684,,0.0,-1.8398867523888516,-0.8271604925394058,0.1873172502964735,,,,,14.845768288119263,0.1999189621872372,,,,,0.39869281,0.176470588,0.222222222,0.176470588,0.0,,4,18,17,1,0,0,0,3,3,3,0,0,1,1,,,,0.055555555,,,,,,,,,-1.0,,,,,,,,36.0
Bill Anderson,1014498,,P,- - -,-0.2118523481664644,,0.0,-5.265122228100077,1.9638683199882507,-0.0221948171965777,,,,,-4.320949992082695,0.1642889976501464,,,,,0.323099414,0.138888888,0.184210526,0.138888888,0.0,,13,38,36,2,0,0,0,5,5,5,0,0,0,2,,,,0.052631578,,,,,,,,,0.0,,,,,,,,85.1
Garton Del Savio,1003182,113245.0,SS,PHI,-0.2124068695321552,,-0.2,-1.6416868759860348,-0.7530864179134369,-0.0063413763418793,,,,,-18.490413396224596,0.1408616552750269,,,,,0.257575756,0.09090909,0.166666666,0.09090909,0.0,0.09090909,4,12,11,0,0,0,0,1,1,1,0,0,0,1,,0.0,0.0,0.083333333,,,,,,,,,-1.0,,,,,,,,0.0
Clarence Palm,1016085,,C,NBY,-0.2137342569387035,,0.0,-1.1874104722911731,-1.722222238779068,-0.0221948171965777,,,,,59.9534677583147,0.2837719050320712,,,,,0.568181818,0.25,0.318181818,0.25,0.0,,9,22,20,0,1,0,0,5,5,5,0,0,0,2,,,,0.09090909,,,,,,,,,-2.0,,,,,,,,55.0
Felix Mackiewicz,1007921,118097.0,OF,PHA,-0.2165384310111878,,-0.27,-2.528024757242019,-0.0555555522441864,-0.009512064512819,,,,,-24.13365061711536,0.1348099443647596,,,,,0.229166666,0.0625,0.166666666,0.0625,0.0,0.125,9,18,16,1,0,0,0,1,1,1,0,0,0,2,,8.0,0.444444444,0.111111111,,,,,,,,,0.0,,,,,,,,0.0
Johnny Vander Meer,1013350,123638.0,P,CIN,-0.2168685934785966,,-0.14,-11.15250768159233,5.788243293762207,0.1334155513904988,,,,,12.385898856245875,0.1870300890161441,,,,,0.358906882,0.147368421,0.211538461,0.136842105,0.010526316,0.19402985,40,112,95,9,5,0,1,14,13,12,1,0,1,9,,28.0,0.25,0.080357142,,,,,,,,,0.0,,,,,,,,289.0
Eugene Tyler,1016617,,OF,KCM,-0.2211889262440803,,0.0,-0.7937646904611471,-2.1111111119389534,0.1841465621255338,,,,,48.19120216749811,0.239612739337118,,,,,0.485380116,0.222222222,0.263157894,0.222222222,0.0,,5,19,18,1,6,0,0,4,4,4,0,0,1,1,,,,0.052631578,,,,,,,,,-3.0,,,,,,,,102.30000000000001
Bud Barbee,1014554,,1B,BEG,-0.2211941936338582,,0.0,0.2641990330244508,-8.771604895591736,0.4351242240518331,,,,,99.22146297551213,0.3567691316087562,,,,,0.741445783,0.38,0.361445783,0.293333333,0.086666667,,42,166,150,25,20,1,8,57,44,36,4,3,3,15,,,,0.090361445,,,,,,,,,-7.0,,,,,,,,339.4
William Randall,1016205,,OF,HG,-0.2232396016427835,,0.0,-0.3437931910664293,-2.0123456781730056,-0.0031706881709396,,,,,35.613527919540296,0.2385251820087433,,,,,0.5,0.25,0.25,0.25,0.0,,2,4,4,1,1,0,0,1,1,1,0,0,0,0,,,,0.0,,,,,,,,,-3.0,,,,,,,,21.0
Earl Naylor,1009469,119670.0,OF,PHI,-0.2288712190210191,,-0.21,-6.85250089456549,0.7962963134050369,0.1080500460229814,,,,,54.83585860199478,0.259398559430488,,,,,0.522305763,0.266666666,0.255639097,0.175,0.091666666,0.178217821,33,134,120,12,14,3,5,32,21,16,2,0,1,12,,16.0,0.119402985,0.089552238,,,,,,,,,1.0,,,,,,,,0.0
Howie Krist,1007167,117321.0,P,STL,-0.2304361073729487,,-0.33,-7.434125222694395,3.359248399734497,-0.0317068817093968,,,,,0.9817585284053274,0.175392032646742,,,,,0.363661201,0.183333333,0.180327868,0.166666666,0.016666667,0.212765957,34,65,60,7,2,0,1,11,10,9,1,0,0,1,,13.0,0.2,0.015384615,,,,,,,,,0.0,,,,,,,,164.1
Kirby Higbe,1005782,115903.0,P,BRO,-0.2316463981491324,,-0.2,-8.017639477030741,3.7210135459899902,-0.0348775698803365,,,,,3.600313753504934,0.1784371672307743,,,,,0.361085972,0.184615384,0.176470588,0.138461538,0.046153846,0.153846153,35,72,65,2,1,1,1,12,9,8,0,0,0,3,,12.0,0.166666666,0.041666666,,,,,,,,,0.0,,,,,,,,185.0
Al Campanis,1001867,111917.0,2B,BRO,-0.2358551772219725,,-0.24,-2.273938186555202,-0.6975308656692505,-0.0190241290256381,,,,,18.309097708167855,0.2022149165471395,,,,,0.35,0.1,0.25,0.1,0.0,0.133333333,7,24,20,3,0,0,0,2,2,2,0,0,0,4,,5.0,0.208333333,0.166666666,,,,,,,,,-1.0,,,,,,,,0.0
Dave Harper,1015355,,OF,- - -,-0.2367468562499869,,0.0,-0.6679816478064581,-2.179012343287468,-0.0126827526837587,,,,,77.21893859742916,0.2726002080099923,,,,,0.57142857,0.285714285,0.285714285,0.285714285,0.0,,5,14,14,2,2,0,0,4,4,4,0,0,0,0,,,,0.0,,,,,,,,,-2.0,,,,,,,,93.0
Ray Berres,1000899,110927.0,C,NYG,-0.2398718373088222,,-0.16,-3.663333749522805,0.5246913433074951,-0.0126827526837587,,,,,-2.391419299648126,0.1715279180428077,,,,,0.350985221,0.178571428,0.172413793,0.142857142,0.035714286,0.153846153,20,31,28,1,0,0,1,5,4,3,1,0,0,1,,2.0,0.064516129,0.032258064,,,,,,,,,0.0,,,,,,,,0.0
Johnny Peacock,1010098,120326.0,C,BOS,-0.2411463092126319,,-0.3,-7.351076867907466,0.9876543283462524,-0.2729333960451185,,,,,50.16130005785063,0.2530070898994322,,,,,0.511743067,0.245614035,0.266129032,0.201754385,0.04385965,0.219047619,48,126,114,7,7,0,4,28,23,19,3,1,1,10,,9.0,0.071428571,0.079365079,,,,,,,,,0.0,,,,,,,,0.0
Harry Gumbert,1005141,115245.0,P,STL,-0.2414655021324595,,-0.35,-6.472553907977325,2.687398672103882,-0.0253655053675174,,,,,-7.800793716276198,0.1611944398154383,,,,,0.329468598,0.155555555,0.173913043,0.155555555,0.0,0.205882352,21,52,45,1,1,0,0,7,7,7,0,0,0,1,,11.0,0.211538461,0.019230769,,,,,,,,,0.0,,,,,,,,133.0
John Fitzgerald,1015175,,OF,NE,-0.2445322944514783,,0.0,-0.6283518964737178,-2.172839507460594,-0.0063413763418793,,,,,57.24505718710946,0.278737106106498,,,,,0.572727272,0.3,0.272727272,0.2,0.1,,4,11,10,1,0,0,1,3,2,1,1,0,0,1,,,,0.09090909,,,,,,,,,-3.0,,,,,,,,82.3
Harvey Young,1016852,,SS,BEG,-0.24535007772361,,0.0,-3.106629628449225,-1.1975308656692505,-0.0539016989059746,,,,,56.449462894542414,0.2772581363623997,,,,,0.53814602,0.217391304,0.320754716,0.217391304,0.0,,15,53,46,4,1,0,0,10,10,10,0,0,0,7,,,,0.132075471,,,,,,,,,-2.0,,,,,,,,114.0
Bob Muncrief,1009317,119514.0,P,SLB,-0.2458173759882262,,-0.34,-8.773539621312201,3.979417324066162,-0.0380482580512762,,,,,-0.6501675752974516,0.1763969893040864,,,,,0.355072463,0.166666666,0.188405797,0.151515151,0.015151515,0.175438596,35,77,66,5,2,0,1,11,10,9,1,0,0,3,,9.0,0.116883116,0.038961038,,,,,,,,,0.0,,,,,,,,205.0
Art Milton,1015944,,1B,- - -,-0.246269885396034,,0.0,-1.6071573579742813,-1.1296296305954456,-0.0063413763418793,,,,,-10.03478805173224,0.1536672603000294,,,,,0.281818181,0.1,0.181818181,0.1,0.0,,3,11,10,1,0,0,0,1,1,1,0,0,0,1,,,,0.09090909,,,,,,,,,-1.0,,,,,,,,39.0
Floyd Baker,1000452,110472.0,SS,SLB,-0.2492374345700447,,-0.27,-3.733564768231471,-0.3827160596847534,-0.4190317001193762,,,,,44.5164327940195,0.2479533805296971,,,,,0.486622073,0.217391304,0.269230769,0.173913043,0.043478261,0.19047619,22,53,46,5,4,0,2,10,8,6,2,0,0,6,,4.0,0.075471698,0.113207547,,,,,,,,,-1.0,,,,,,,,0.0
Johnny Murphy,1009368,119560.0,P,NYY,-0.2492907995589766,,-0.27,-3.984197713244668,1.0336148738861084,-0.0031706881709396,,,,,-76.5968769301887,0.0502158277913143,,,,,0.105263156,0.052631578,0.052631578,0.052631578,0.0,0.09090909,37,20,19,1,0,0,0,1,1,1,0,0,0,0,,8.0,0.4,0.0,,,,,,,,,0.0,,,,,,,,68.0
Jimmy Brown,1001528,111555.0,2B,STL,-0.255130025144443,,-0.26,-8.987421104600807,3.191357970237732,-0.0634137634187936,,,,,35.340310702681,0.2309349682824365,,,,,0.478683385,0.254545454,0.224137931,0.181818181,0.072727273,0.183486238,34,120,110,6,8,0,6,28,20,14,4,2,0,6,,1.0,0.008333333,0.05,,,,,,,,,2.0,,,,,,,,0.0
Sammy Haynes,1015403,,C,KCM,-0.2581766238615874,,0.0,-3.024745260224392,-1.8271604925394056,-0.0539016989059746,,,,,51.766834372239416,0.2446055383451523,,,,,0.484719863,0.210526315,0.274193548,0.210526315,0.0,,20,62,57,4,6,0,0,12,12,12,0,0,0,4,,,,0.064516129,,,,,,,,,-2.0,,,,,,,,141.1
Emmett Wilson,1016801,,OF,MRS,-0.2605766165495246,,0.0,-0.2594825230188178,-4.36419752240181,-0.0412189462222158,,,,,95.6920687443329,0.3059401091407327,,,,,0.624836601,0.311111111,0.31372549,0.222222222,0.088888889,,14,51,45,9,4,0,3,14,10,7,2,1,0,6,,,,0.117647058,,,,,,,,,-7.0,,,,,,,,261.0
Willie Cornelius,1014913,,OF,CAG,-0.2627397446909476,,0.0,-1.160292472366057,-3.216049373149872,-0.0285361935384571,,,,,75.23417764322966,0.277373933273813,,,,,0.570393374,0.309523809,0.260869565,0.19047619,0.119047619,,16,46,42,8,7,1,3,13,8,5,2,0,0,4,,,,0.086956521,,,,,,,,,-5.0,,,,,,,,173.0
Porter Moss,1016001,,P,MRS,-0.2663690672013479,,0.0,-2.533091100367147,-1.0432098768651483,-0.0126827526837587,,,,,9.391164159230602,0.1854346862861088,,,,,0.392857142,0.214285714,0.178571428,0.178571428,0.035714286,,13,28,28,2,2,0,1,6,5,4,1,0,0,0,,,,0.0,,,,,,,,,-1.0,,,,,,,,62.4
Ed Head,1005542,115658.0,P,BRO,-0.2695397582082354,,-0.22,-7.057806106891516,2.8941216468811035,-0.0253655053675174,,,,,-9.187516064031026,0.1577647708831949,,,,,0.322386678,0.152173913,0.170212765,0.152173913,0.0,0.179487179,47,56,46,4,3,0,0,7,7,7,0,0,0,1,,7.0,0.125,0.017857142,,,,,,,,,0.0,,,,,,,,169.2
Gene Desautels,1003227,113289.0,C,CLE,-0.2756148283221007,,-0.54,-11.119370209723153,2.037036895751953,0.2668311027809977,,,,,49.23742192864299,0.2432940404634086,,,,,0.498648648,0.248648648,0.25,0.205405405,0.043243243,0.224852071,68,199,185,14,19,0,7,46,38,31,6,1,2,11,,16.0,0.08040201,0.055276381,,,,,,,,,0.0,,,,,,,,0.0
Ray Brown,1014722,,OF,HG,-0.2764952390698098,,0.0,-0.4325271543024374,-7.043209910392761,-0.1236568386666476,,,,,98.1316964289685,0.3547433104515076,,,,,0.735,0.375,0.36,0.285714285,0.089285715,,40,125,112,13,22,1,6,42,32,26,3,2,0,12,,,,0.096,,,,,,,,,-11.0,,,,,,,,605.5
Johnny Welaj,1013749,124055.0,OF,PHA,-0.2826082929771797,,-0.14,-10.239434267449678,-2.197530746459961,0.2858174061402678,,,,,68.76948185226404,0.2819942097003395,,,,,0.586455227,0.306049822,0.280405405,0.241992882,0.06405694,0.257575757,93,299,281,45,15,0,17,86,68,51,16,1,12,15,,17.0,0.056856187,0.050167224,,,,,,,,,0.0,,,,,,,,0.0
Rufus Baker,1014545,,SS,NBY,-0.2898585495598144,,0.0,-5.014349032922632,-2.209876537322998,0.68902592593804,,,,,63.76183082676643,0.2908514602845456,,,,,0.574229691,0.25490196,0.319327731,0.205882352,0.049019608,,31,119,102,15,4,0,3,26,21,18,1,2,4,16,,,,0.134453781,,,,,,,,,-4.0,,,,,,,,246.0
John Lyles,1015803,,SS,CBE,-0.290629291851792,,0.0,-1.4670600487460446,-1.8148148208856585,-0.0063413763418793,,,,,-22.53016191251626,0.1408616552750269,,,,,0.257575756,0.09090909,0.166666666,0.09090909,0.0,,4,12,11,1,0,0,0,1,1,1,0,0,0,1,,,,0.083333333,,,,,,,,,-2.0,,,,,,,,27.0
Frank McAllister,1015860,,OF,HSS,-0.2906795696534668,,0.0,-2.4352231806696056,-1.1728395074605942,-0.0126827526837587,,,,,23.67952288120294,0.2163404673337936,,,,,0.458333333,0.25,0.208333333,0.208333333,0.041666667,,9,24,24,2,2,0,1,6,5,4,1,0,0,0,,,,0.0,,,,,,,,,-1.0,,,,,,,,98.2
Leroy Morney,1015992,,OF,- - -,-0.3031809044376602,,0.0,-3.546223517439233,-3.1078622341156006,-0.0665844515897333,,,,,63.89061129803482,0.2615344555107589,,,,,0.529404873,0.261363636,0.268041237,0.193181818,0.068181818,,26,97,88,10,10,0,5,23,17,12,4,1,0,8,,,,0.082474226,,,,,,,,,1.0,,,,,,,,444.29999999999995
Bruce Wright,1016831,,2B,CC,-0.3043152433096112,,0.0,-1.331664761445192,-1.851851850748062,0.0,,,,,-100.0,0.0,,,,,0.0,0.0,0.0,0.0,0.0,,3,6,6,0,0,0,0,0,0,0,0,0,0,0,,,,0.0,,,,,,,,,-2.0,,,,,,,,20.0
Stanley Glenn,1015266,,C,PS,-0.3048417882849031,,0.0,-0.2439362279556261,-2.907407410442829,-0.0031706881709396,,,,,39.31877244943352,0.2454130450884501,,,,,0.333333333,0.0,0.333333333,0.0,0.0,,3,3,2,1,0,0,0,0,0,0,0,0,0,1,,,,0.333333333,,,,,,,,,-3.0,,,,,,,,9.0
Atley Donald,1003376,113440.0,P,NYY,-0.3186937529168533,,-0.39,-7.244540440278781,2.6357178688049316,-0.0158534408546984,,,,,-25.749750776346502,0.1307717434903408,,,,,0.276595744,0.14893617,0.127659574,0.127659574,0.021276596,0.15,22,51,47,3,5,0,1,7,6,5,1,0,0,0,,7.0,0.137254901,0.0,,,,,,,,,0.0,,,,,,,,119.1
Bob Harvey,1015385,,OF,NE,-0.3271147385649888,,0.0,0.7872570849934517,-6.734567880630493,-0.069755139760673,,,,,109.39115938096408,0.375674085340638,,,,,0.79308807,0.43076923,0.36231884,0.323076923,0.107692307,,17,69,65,11,10,1,3,28,21,18,0,2,0,4,,,,0.057971014,,,,,,,,,-11.0,,,,,,,,405.0
Frank Williams,1016747,,OF,HG,-0.3286052600644391,,0.0,-1.2742849236902822,-2.086419753730297,0.0,,,,,-92.6982743988791,0.0,,,,,0.0,0.0,0.0,0.0,0.0,,2,5,5,1,0,0,0,0,0,0,0,0,0,0,,,,0.0,,,,,,,,,-3.0,,,,,,,,33.0
Johnny Lazor,1007421,117575.0,OF,BOS,-0.3300065789232669,,-0.49,-8.108644643464874,-2.592592477798462,-1.2666298602707684,,,,,73.94770567355944,0.2906913373781287,,,,,0.59326923,0.29326923,0.3,0.225961538,0.067307692,0.256830601,84,233,208,21,13,0,12,61,47,35,10,2,6,22,,25.0,0.107296137,0.0944206,,,,,,,,,0.0,,,,,,,,0.0
Joe Burns,1001715,111754.0,3B,BSN,-0.3307341913529695,,-0.49,-8.278388881829581,0.8641975373029709,0.2921966081485152,,,,,49.64950824998418,0.2534523848829598,,,,,0.513920816,0.251851851,0.262068965,0.207407407,0.044444444,0.247706422,52,148,135,12,5,1,4,34,28,24,3,0,2,8,,25.0,0.168918918,0.054054054,,,,,,,,,1.0,,,,,,,,0.0
Pete Elko,1003726,113795.0,3B,CHC,-0.3372753897456971,,-0.4,-3.2050303663196917,-1.0,-0.0253655053675174,,,,,18.68748931554538,0.1988635133294498,,,,,0.36862745,0.133333333,0.235294117,0.133333333,0.0,0.16,9,34,30,1,0,0,0,4,4,4,0,0,0,4,,5.0,0.147058823,0.117647058,,,,,,,,,-1.0,,,,,,,,0.0
Henry Turner,1016608,,C,CBE,-0.3376442170512647,,0.0,-2.051500454639576,-2.864197537302971,-0.0317068817093968,,,,,51.59219749712784,0.244361685855048,,,,,0.492673991,0.23076923,0.261904761,0.205128205,0.025641025,,16,42,39,3,4,0,1,9,8,7,1,0,0,3,,,,0.071428571,,,,,,,,,-4.0,,,,,,,,127.0
Yank Terry,1012931,123199.0,P,BOS,-0.3398383300070425,,-0.36,-7.608157421304619,2.739079475402832,-0.0253655053675174,,,,,-26.932010099539404,0.1308699572086334,,,,,0.226666666,0.066666666,0.16,0.066666666,0.0,0.125,30,53,45,1,1,0,0,3,3,3,0,0,0,5,,21.0,0.396226415,0.094339622,,,,,,,,,0.0,,,,,,,,163.2
Joe Dobson,1003344,113409.0,P,BOS,-0.3410916104319923,,-0.36,-8.127186255818868,3.049163818359375,-0.0285361935384571,,,,,-21.780712580318134,0.1390310376882553,,,,,0.256868131,0.096153846,0.160714285,0.096153846,0.0,0.161290322,25,59,52,3,0,0,0,5,5,5,0,0,0,2,,21.0,0.355932203,0.033898305,,,,,,,,,0.0,,,,,,,,164.1
Bill Lohrman,1007709,117872.0,P,- - -,-0.3488077662682791,,-0.33999999999999997,-6.314922424547597,1.963868260383606,-0.009512064512819,,,,,-44.272879537030875,0.105620758401023,,,,,0.199346405,0.088235294,0.111111111,0.058823529,0.029411765,0.086956521,27,38,34,2,3,0,1,3,2,1,1,0,0,2,,11.0,0.289473684,0.052631578,,,,,,,,,0.0,,,,,,,,108.0
Charlie Fuchs,1004382,114467.0,P,- - -,-0.349311540614265,,-0.37,-5.848643407573585,1.6537838578224182,0.1936586266383528,,,,,-62.47810774110764,0.0658000502093084,,,,,0.137931034,0.068965517,0.068965517,0.068965517,0.0,0.1,30,32,29,1,1,0,0,2,2,2,0,0,1,0,,9.0,0.28125,0.0,,,,,,,,,0.0,,,,,,,,113.1
Rube Melton,1008757,118940.0,P,BRO,-0.3510076991733039,,-0.34,-6.825768466891273,2.2739527225494385,-0.0158534408546984,,,,,-34.56866901222496,0.1167344114719293,,,,,0.233468285,0.105263157,0.128205128,0.105263157,0.0,0.16,30,44,38,4,3,0,0,4,4,4,0,0,0,1,,13.0,0.295454545,0.022727272,,,,,,,,,0.0,,,,,,,,119.1
Larry Kimbrough,1015693,,P,PS,-0.3516048892006813,,0.0,-0.2743827493308644,-4.028292179107666,0.1809758739545941,,,,,83.6048439125773,0.327738622824351,,,,,0.683333333,0.35,0.333333333,0.3,0.05,,11,21,20,4,4,0,1,7,6,5,1,0,1,1,,,,0.047619047,,,,,,,,,-6.0,,,,,,,,85.0
Al Gerheauser,1004632,114716.0,P,PHI,-0.3542816078333533,,-0.3,-9.472489725727629,3.927736520767212,-0.0317068817093968,,,,,-8.006366613607483,0.157809829711914,,,,,0.314929577,0.154929577,0.16,0.112676056,0.042253521,0.153846153,38,76,71,3,9,0,2,11,8,6,1,1,0,3,,19.0,0.25,0.039473684,,,,,,,,,0.0,,,,,,,,215.0
Charlie Metro,1008810,118998.0,OF,DET,-0.3613672568330796,,-0.44,-3.653785548076078,-1.1975308507680893,-0.2158610089682042,,,,,30.67952144643733,0.2288726332575776,,,,,0.455813953,0.2,0.255813953,0.2,0.0,0.235294117,44,44,40,12,2,0,0,8,8,8,0,0,1,3,,6.0,0.136363636,0.068181818,,,,,,,,,-1.0,,,,,,,,0.0
Debs Garms,1004540,114624.0,OF,STL,-0.3684923335416588,,-0.56,-7.644049138885025,-3.9691357612609863,-0.0124361044727265,,,,,75.2408068611939,0.2954368331667149,,,,,0.612495436,0.313253012,0.299242424,0.257028112,0.0562249,0.265560165,90,268,249,26,22,0,12,78,64,52,10,2,1,13,,8.0,0.029850746,0.048507462,,,,,,,,,-2.0,,,,,,,,0.0
Max Lanier,1007325,117482.0,P,STL,-0.3718330756589199,,-0.35,-10.369818611606316,4.3928632736206055,-0.0412189462222158,,,,,-5.651935958496118,0.1646682144822301,,,,,0.340059236,0.164383561,0.175675675,0.164383561,0.0,0.176470588,32,85,73,8,5,0,0,12,12,12,0,0,0,1,,5.0,0.058823529,0.011764705,,,,,,,,,0.0,,,,,,,,213.1
Al Javery,1006369,116503.0,P,BSN,-0.3773112305911534,,-0.39,-13.036810480947189,6.046647071838379,-0.0507310107350349,,,,,3.4955955143465367,0.1788414469305074,,,,,0.371552975,0.192307692,0.179245283,0.163461538,0.028846154,0.242857142,41,117,104,4,3,0,3,20,17,14,3,0,0,2,,34.0,0.29059829,0.017094017,,,,,,,,,0.0,,,,,,,,303.0
George Kemp,1015684,,C,NBY,-0.3775978031146396,,0.0,-3.7782111015230417,-2.320987641811371,-0.0539016989059746,,,,,57.97069236257647,0.2800860253732596,,,,,0.557128151,0.258620689,0.298507462,0.189655172,0.068965517,,22,67,58,4,9,0,3,15,11,8,2,1,0,9,,,,0.134328358,,,,,,,,,-3.0,,,,,,,,152.0
Buddy Burbage,1014746,,OF,PS,-0.385856657269582,,0.0,-2.8936471137572983,-2.0617283955216408,0.1682931212708354,,,,,33.85303075438769,0.2352525063923427,,,,,0.423645319,0.137931034,0.285714285,0.137931034,0.0,,12,35,29,5,2,0,0,4,4,4,0,0,1,6,,,,0.171428571,,,,,,,,,-2.0,,,,,,,,151.0
Chuck Klein,1006991,117141.0,OF,PHI,-0.389610829057652,,-0.39,-3.1786577514654653,-1.086419753730297,0.1936586266383528,,,,,-46.60651042779478,0.0954100728034973,,,,,0.2,0.1,0.1,0.1,0.0,0.117647058,12,20,20,0,3,0,0,2,2,2,0,0,1,0,,3.0,0.15,0.0,,,,,,,,,-1.0,,,,,,,,0.0
Spoon Carter,1014815,,P,HG,-0.3993206281677475,,0.0,-3.748100909598123,-2.0432098768651485,-0.0380482580512762,,,,,48.99665397425195,0.263403739712455,,,,,0.532727272,0.26,0.272727272,0.2,0.06,,22,55,50,4,2,0,3,13,10,7,3,0,0,5,,,,0.09090909,,,,,,,,,-3.0,,,,,,,,147.0
Raymond Taylor,1016536,,C,CBE,-0.4062173333217234,,0.0,-5.178322965671424,-0.5061728358268738,-0.0253655053675174,,,,,-3.7395179018531866,0.1670997869968414,,,,,0.32893617,0.14893617,0.18,0.127659574,0.021276596,,17,50,47,3,3,0,1,7,6,5,1,0,0,3,,,,0.06,,,,,,,,,-1.0,,,,,,,,127.2
Roger Wolff,1014193,124517.0,P,PHA,-0.4101790584534923,,-0.47,-10.623372112540777,4.186140060424805,-0.0412189462222158,,,,,-15.906265517288098,0.1478443986330277,,,,,0.288288287,0.121621621,0.166666666,0.121621621,0.0,0.157894736,41,81,74,4,3,0,0,9,9,9,0,0,0,4,,17.0,0.209876543,0.049382716,,,,,,,,,0.0,,,,,,,,221.0
Johnny Ray,1016208,,OF,CC,-0.4175177929702059,,0.0,-5.567037483559284,-3.2222222089767456,0.2985379844903946,,,,,53.14048877263557,0.2465236272130693,,,,,0.484126983,0.214285714,0.269841269,0.178571428,0.035714286,,35,126,112,15,3,0,2,24,20,18,0,2,2,12,,,,0.095238095,,,,,,,,,-6.0,,,,,,,,814.3
Boyd Bartley,1000628,110644.0,SS,BRO,-0.4231130370963824,,-0.46,-4.2189902091757,-0.4444444179534912,-0.0063413763418793,,,,,-59.2510712142854,0.0768336301500147,,,,,0.138528137,0.047619047,0.09090909,0.047619047,0.0,0.055555555,9,23,21,0,1,0,0,1,1,1,0,0,0,1,,3.0,0.130434782,0.04347826,,,,,,,,,-1.0,,,,,,,,0.0
Bill Harvey,1015384,,OF,BEG,-0.425575926035489,,0.0,-4.087658659494883,-3.734567880630493,0.1302448632195592,,,,,69.0371661655993,0.3006580431484482,,,,,0.628921819,0.347368421,0.281553398,0.221052631,0.12631579,,34,103,95,6,4,1,7,33,21,14,3,3,1,7,,,,0.067961165,,,,,,,,,-5.0,,,,,,,,504.2
Bill Byrd,1014768,,OF,- - -,-0.4291754432476031,,0.0,-2.176942654990487,-6.489231109619141,0.3112207371741533,,,,,84.19067892497095,0.3288276606247204,,,,,0.687071157,0.376146788,0.310924369,0.247706422,0.128440366,,37,119,109,17,17,2,9,41,27,18,6,1,2,10,,,,0.084033613,,,,,,,,,-11.0,,,,,,,,531.3
Denny Galehouse,1004443,114530.0,P,SLB,-0.4366080128574691,,-0.47,-11.035585094675206,4.289501667022705,-0.0348775698803365,,,,,-17.587299008161395,0.1495638871192932,,,,,0.298888888,0.138888888,0.16,0.125,0.013888888,0.173076923,31,83,72,5,2,0,1,10,9,8,1,0,0,3,,20.0,0.240963855,0.036144578,,,,,,,,,0.0,,,,,,,,224.0
Gus Mancuso,1008051,118225.0,C,NYG,-0.4410228839184182,,-0.7,-15.157909521350676,2.3765432834625244,-0.2314602364785969,,,,,55.24789660814906,0.2647057911182972,,,,,0.525751435,0.242063492,0.283687943,0.198412698,0.043650794,0.205128205,94,290,252,11,20,2,7,61,50,43,5,0,0,28,,16.0,0.055172413,0.096551724,,,,,,,,,0.0,,,,,,,,0.0
Johnny Barrett,1000597,110614.0,OF,PIT,-0.451333089755917,,-0.48,-7.124113970612529,-7.166666507720947,0.7241501440294087,,,,,79.25885859309518,0.3048206527540288,,,,,0.619399195,0.303448275,0.31595092,0.231034482,0.072413793,0.2481203,130,329,290,41,32,1,16,88,67,51,12,3,5,32,,23.0,0.069908814,0.097264437,,,,,,,,,-3.0,,,,,,,,0.0
Johnnie Wittig,1014173,124494.0,P,NYG,-0.4533816082760666,,-0.45,-8.58490768741102,2.7907602787017822,-0.0158534408546984,,,,,-37.972989032330354,0.1140078913706999,,,,,0.233031673,0.117647058,0.115384615,0.098039215,0.019607843,0.135135135,40,54,51,3,2,0,1,6,5,4,1,0,0,1,,14.0,0.259259259,0.018518518,,,,,,,,,0.0,,,,,,,,164.0
Flash Miller,1015936,,3B,NBY,-0.4556807604934266,,0.0,-2.510883062609921,-5.54449588060379,0.1175621105358004,,,,,79.08024460575825,0.3193276204560932,,,,,0.655727553,0.329411764,0.326315789,0.247058823,0.082352941,,23,95,85,13,7,0,5,28,21,16,3,2,1,8,,,,0.084210526,,,,,,,,,-6.0,,,,,,,,176.1
Tony Criscola,1002772,112831.0,OF,SLB,-0.4566876520415444,,-0.53,-4.766695054062401,-1.4876543283462524,-0.0507310107350349,,,,,30.2671968379605,0.2253786484400431,,,,,0.420512819,0.153846153,0.266666666,0.153846153,0.0,0.177777777,29,60,52,4,1,0,0,8,8,8,0,0,0,8,,7.0,0.116666666,0.133333333,,,,,,,,,-1.0,,,,,,,,0.0
Johnny Niggeling,1009596,119799.0,P,- - -,-0.4593147020950462,,-0.43999999999999995,-10.567728213344171,3.8760558366775513,-0.4126903237774968,,,,,-20.12632017551613,0.1466170115130288,,,,,0.291471215,0.134328358,0.157142857,0.119402985,0.014925373,0.148148148,26,75,67,3,1,0,1,9,8,7,1,0,0,3,,13.0,0.173333333,0.04,,,,,,,,,0.0,,,,,,,,201.1
Chesley Gray,1015289,,C,HSS,-0.4645412285533836,,0.0,-4.504811656707921,-1.6370370388031006,-0.0285361935384571,,,,,29.48900354404041,0.2271399994691213,,,,,0.4682971,0.239130434,0.229166666,0.195652173,0.043478261,,14,48,46,7,3,0,2,11,9,7,2,0,0,2,,,,0.041666666,,,,,,,,,-2.0,,,,,,,,128.0
Doug Sydnor,1016517,,OF,- - -,-0.4659053895457141,,0.0,-5.437088287237139,-0.7345678806304932,-0.0285361935384571,,,,,22.84102806414622,0.2147817476740423,,,,,0.432036964,0.224489795,0.207547169,0.142857142,0.081632653,,17,53,49,7,5,1,2,11,7,5,1,0,0,4,,,,0.075471698,,,,,,,,,2.0,,,,,,,,321.0
Thornton Lee,1007468,117615.0,P,CHW,-0.4668549016246275,,-0.49,-7.9303832400129215,2.2222719192504883,-0.009512064512819,,,,,-63.4264636609216,0.068150052002498,,,,,0.142857142,0.071428571,0.071428571,0.071428571,0.0,0.088235294,19,43,42,1,3,0,0,3,3,3,0,0,0,0,,8.0,0.186046511,0.0,,,,,,,,,0.0,,,,,,,,127.0
Hank Wyse,1014315,124639.0,P,CHC,-0.4672276186888389,,-0.67,-8.957545361259802,2.9458024501800537,-0.0158534408546984,,,,,-36.39541997842124,0.1098182453558995,,,,,0.215384615,0.1,0.115384615,0.08,0.02,0.117647058,40,57,50,3,1,0,1,5,4,3,1,0,0,2,,16.0,0.280701754,0.035087719,,,,,,,,,0.0,,,,,,,,156.0
Al Todd,1013094,123371.0,C,CHC,-0.470516146144398,,-0.65,-6.235703259757982,0.5246913433074951,-0.0221948171965777,,,,,-17.444856519321426,0.1404531196407649,,,,,0.285507246,0.133333333,0.152173913,0.133333333,0.0,0.15,21,46,45,1,1,0,0,6,6,6,0,0,0,1,,5.0,0.108695652,0.02173913,,,,,,,,,0.0,,,,,,,,0.0
Charlie Harris,1015362,,2B,- - -,-0.4742701671518896,,0.0,-0.939357589831459,-4.870370373129845,-0.0253655053675174,,,,,67.1419280859487,0.2660743998629706,,,,,0.544973544,0.259259259,0.285714285,0.259259259,0.0,,9,28,27,1,1,0,0,7,7,7,0,0,0,0,,,,0.0,,,,,,,,,-6.0,,,,,,,,70.0
Tex Hughson,1006169,116295.0,P,BOS,-0.4781202368077689,,-0.54,-13.1936009134931,5.374797344207764,-0.0539016989059746,,,,,-12.090801158139564,0.1543825382881976,,,,,0.285502225,0.104651162,0.180851063,0.104651162,0.0,0.16981132,35,104,86,5,3,0,0,9,9,9,0,0,0,7,,33.0,0.317307692,0.067307692,,,,,,,,,0.0,,,,,,,,266.0
Felton Snow,1016453,,SS,- - -,-0.479802188473341,,0.0,-13.51212717731106,2.1851851120591164,0.4700017939321697,,,,,44.84182184372172,0.2559599827245338,,,,,0.529751232,0.277173913,0.252577319,0.211956521,0.065217392,,49,194,184,23,16,1,8,51,39,31,5,2,3,9,,,,0.046391752,,,,,,,,,0.0,,,,,,,,384.2
Eddie Joost,1006604,116744.0,3B,BSN,-0.4801105777494958,,-0.47,-19.190968538802696,-0.3892238140106201,0.6036639935337007,,,,,65.30070045630497,0.2787536012126868,,,,,0.550349979,0.251781472,0.298568507,0.185273159,0.066508313,0.22418879,124,496,421,34,20,2,21,106,78,57,16,3,5,68,,80.0,0.161290322,0.137096774,,,,,,,,,-3.0,,,,,,,,0.0
Newt Allen,1014490,,OF,KCM,-0.4961634006539293,,0.0,-3.841725028188285,-6.883528232574463,0.0763431643135845,,,,,74.05306433196853,0.2757246972698914,,,,,0.564121571,0.274647887,0.289473684,0.239436619,0.035211268,,37,152,142,16,6,0,5,39,34,29,5,0,1,10,,,,0.065789473,,,,,,,,,-10.0,,,,,,,,670.4
Whitey Platt,1010392,120621.0,OF,CHC,-0.5036601083417399,,-0.58,-3.710543634216467,-2.3456790149211884,-0.0158534408546984,,,,,23.51369551525119,0.2066654037861597,,,,,0.434378629,0.243902439,0.19047619,0.170731707,0.073170732,0.205882352,20,42,41,2,2,0,3,10,7,4,3,0,0,1,,7.0,0.166666666,0.023809523,,,,,,,,,-2.0,,,,,,,,0.0
Biggie Williams,1016736,,OF,BEG,-0.5078618216113865,,0.0,-4.310441150223474,-1.259259253740311,0.1936586266383528,,,,,-48.06808228812454,0.0829652806986933,,,,,0.173913042,0.086956521,0.086956521,0.086956521,0.0,,6,23,23,1,1,0,0,2,2,2,0,0,1,0,,,,0.0,,,,,,,,,-1.0,,,,,,,,141.0
Leon Day,1015012,,OF,- - -,-0.5079712051934998,,0.0,-3.914550647001736,-5.5474537163972855,0.2985379844903946,,,,,73.67329480552753,0.3092763729331907,,,,,0.641483214,0.327433628,0.314049586,0.265486725,0.061946903,,30,121,113,15,9,0,6,37,30,24,5,1,2,8,,,,0.066115702,,,,,,,,,-9.0,,,,,,,,381.5
Thad Christopher,1014851,,OF,- - -,-0.5108720961149963,,0.0,5.7091818308245905,-16.012345645576715,0.2985379844903946,,,,,141.29557501451353,0.3863589913905167,,,,,0.820803996,0.459459459,0.361344537,0.315315315,0.144144144,,33,119,111,15,14,1,11,51,35,24,7,3,2,8,,,,0.06722689,,,,,,,,,-24.0,,,,,,,,668.3
Ray Starr,1012435,122691.0,P,CIN,-0.5282537447143045,,-0.65,-11.481211787146613,4.186140060424805,-0.0285361935384571,,,,,-22.935377977700828,0.1299308435122172,,,,,0.268468468,0.135135135,0.133333333,0.121621621,0.013513514,0.183673469,36,81,74,3,6,0,1,10,9,8,1,0,0,1,,25.0,0.308641975,0.012345679,,,,,,,,,0.0,,,,,,,,217.1
Dutch Leonard,1007533,117689.0,P,WAS,-0.536387257461507,,-0.5,-11.699419673925537,4.134459495544434,0.171463809441775,,,,,-31.646993122710747,0.1181330922721088,,,,,0.234912393,0.104477611,0.130434782,0.104477611,0.0,0.122807017,31,80,67,0,3,0,0,7,7,7,0,0,1,2,,10.0,0.125,0.025,,,,,,,,,0.0,,,,,,,,219.2
Irv Hall,1005251,115342.0,SS,PHA,-0.539050561329856,,-0.8,-20.411234501485893,-4.820987701416016,-1.1361459139734509,,,,,70.61732801508967,0.2849217092657423,,,,,0.589752158,0.297794117,0.291958041,0.255514705,0.042279412,0.27689243,151,582,544,37,54,0,19,162,139,120,15,4,10,22,,42.0,0.072164948,0.037800687,,,,,,,,,-14.0,,,,,,,,0.0
Red Barrett,1000600,110611.0,P,BSN,-0.5425606919180841,,-0.48,-12.348703767278977,4.651267051696777,-0.0348775698803365,,,,,-18.96123128611155,0.1425384595626738,,,,,0.294489611,0.148148148,0.146341463,0.135802469,0.012345679,0.154929577,38,90,81,2,6,0,1,12,11,10,1,0,0,0,,10.0,0.111111111,0.0,,,,,,,,,0.0,,,,,,,,255.0
Frazier Robinson,1016266,,C,BEG,-0.544496665438987,,0.0,-2.514775603692999,-4.567901253700256,0.1746344976127147,,,,,56.73462634262659,0.277788240858849,,,,,0.59574468,0.361702127,0.234042553,0.234042553,0.127659574,,17,47,47,7,7,1,3,17,11,8,1,1,1,0,,,,0.0,,,,,,,,,-5.0,,,,,,,,94.2
Ed Hanyzewski,1005336,115448.0,P,CHC,-0.5623613953880254,,-0.63,-8.687642504360246,2.2222719192504883,-0.0063413763418793,,,,,-75.53806464889541,0.0465414989285352,,,,,0.097560974,0.048780487,0.048780487,0.048780487,0.0,0.071428571,33,43,41,0,1,0,0,2,2,2,0,0,0,0,,13.0,0.302325581,0.0,,,,,,,,,0.0,,,,,,,,130.0
Nap Reyes,1010859,121098.0,1B,NYG,-0.5704479924749121,,-0.65,-3.9874317433819937,-5.641975283622742,0.2985379844903946,,,,,72.39611106468212,0.2924270456983843,,,,,0.610076335,0.32,0.290076335,0.256,0.064,0.28318584,40,135,125,13,13,0,6,40,32,26,4,2,2,4,,12.0,0.088888888,0.029629629,,,,,,,,,-4.0,,,,,,,,0.0
Hilton Smith,1016417,,OF,KCM,-0.5705162997894497,,0.0,-1.383611303468742,-6.4753086268901825,-0.0348775698803365,,,,,76.18179456519294,0.2786971288814879,,,,,0.58391261,0.320754716,0.263157894,0.207547169,0.113207547,,24,57,53,8,8,0,4,17,11,7,2,2,0,4,,,,0.070175438,,,,,,,,,-11.0,,,,,,,,263.0
Max Macon,1007932,118102.0,P,BRO,-0.5735331872532893,,-0.26,-6.799539862083152,-0.1296296268701553,0.171463809441775,,,,,-10.201514370720382,0.1561255736784501,,,,,0.327272726,0.163636363,0.163636363,0.163636363,0.0,0.166666666,45,55,55,7,6,0,0,9,9,9,0,0,1,0,,1.0,0.018181818,0.0,,,,,,,,,0.0,,,,,,,,77.0
Heinz Becker,1000745,110769.0,1B,CHC,-0.5784007112554161,,-0.66,-6.888188352637791,-0.7777777910232544,-0.0602430752478539,,,,,23.888484469087302,0.2072712756120241,,,,,0.388517279,0.144927536,0.243589743,0.144927536,0.0,0.158730158,24,78,69,5,2,0,0,10,10,10,0,0,0,9,,6.0,0.076923076,0.115384615,,,,,,,,,0.0,,,,,,,,0.0
Jimmy Ripple,1010983,121228.0,OF,PHA,-0.585327495986421,,-0.63,-5.825052073485604,-4.339506149291992,-0.1078033978119492,,,,,63.24419955686147,0.2732406338649009,,,,,0.561359866,0.277777777,0.283582089,0.238095238,0.039682539,0.25210084,32,138,126,8,15,0,4,35,30,26,3,1,0,7,,7.0,0.050724637,0.050724637,,,,,,,,,-3.0,,,,,,,,0.0
Henry Smith,1016416,,SS,- - -,-0.5984345636505216,,0.0,-7.00672783626857,-3.457561671733856,0.5239034928381443,,,,,37.86601208822558,0.225195261298633,,,,,0.462266816,0.23275862,0.229508196,0.189655172,0.043103448,,32,122,116,10,9,0,4,27,22,18,3,1,3,6,,,,0.049180327,,,,,,,,,-5.0,,,,,,,,278.4
Al Simmons,1011978,122240.0,OF,BOS,-0.6079436549653412,,-0.83,-8.80417308077914,-1.425925850868225,-0.4729333990253508,,,,,47.5786253826454,0.2489154186654598,,,,,0.511384844,0.263157894,0.24822695,0.203007518,0.060150376,0.234234234,40,141,133,9,12,1,6,35,27,21,5,0,0,8,,21.0,0.14893617,0.056737588,,,,,,,,,0.0,,,,,,,,0.0
Bob Griffith,1015304,,OF,NBY,-0.6142677078335878,,0.0,-5.798777618401026,-2.4320987462997437,-0.0443896343931555,,,,,36.01598144522604,0.239273322855725,,,,,0.503950833,0.268656716,0.235294117,0.223880597,0.044776119,,22,68,67,6,5,0,2,18,15,13,1,1,0,1,,,,0.014705882,,,,,,,,,-3.0,,,,,,,,272.2
Eddie Locke,1015771,,OF,- - -,-0.6149149092058599,,0.0,-2.769317708701635,-4.216049380600452,-0.0158534408546984,,,,,-0.9193782114726752,0.1686163721261201,,,,,0.339031338,0.153846153,0.185185185,0.153846153,0.0,,10,27,26,2,0,0,0,4,4,4,0,0,0,1,,,,0.037037037,,,,,,,,,-6.0,,,,,,,,107.3
Jack Kraus,1007144,117295.0,P,PHI,-0.6434757961404239,,-0.61,-11.804890214997346,3.7210135459899902,-0.0190241290256381,,,,,-42.32590249412194,0.1023299665678115,,,,,0.194444444,0.083333333,0.111111111,0.066666666,0.016666667,0.108108108,35,72,60,3,2,0,1,5,4,3,1,0,0,3,,23.0,0.319444444,0.041666666,,,,,,,,,0.0,,,,,,,,199.2
Bill Bradford,1014667,,OF,NBY,-0.648036956449257,,0.0,-7.776524597401183,-1.6814814805984497,0.1334155513904988,,,,,37.70068817398115,0.2424051078657309,,,,,0.494444444,0.244444444,0.25,0.2,0.044444444,,24,96,90,8,5,0,3,22,18,15,2,1,1,5,,,,0.052083333,,,,,,,,,-1.0,,,,,,,,576.0
Heinie Heltzel,1005617,115733.0,3B,BSN,-0.6546247419235772,,-0.61,-8.818261430688592,0.0,-0.0539016989059746,,,,,18.06071182309452,0.2023869477292542,,,,,0.401100274,0.186046511,0.215053763,0.15116279,0.034883721,0.178082191,29,93,86,6,5,0,3,16,13,10,3,0,0,7,,13.0,0.139784946,0.075268817,,,,,,,,,0.0,,,,,,,,0.0
Otto Denning,1003208,113269.0,1B,CLE,-0.6564234380473339,,-0.76,-5.396712814140826,-5.469135761260986,0.1238959217444062,,,,,64.24932138304834,0.2670770425405075,,,,,0.555478421,0.286821705,0.268656716,0.240310077,0.046511628,0.2421875,37,137,129,8,13,0,6,37,31,25,6,0,3,5,,1.0,0.00729927,0.03649635,,,,,,,,,-4.0,,,,,,,,0.0
Glen Stewart,1012521,122778.0,SS,PHI,-0.6849894205298734,,-0.7,-16.541704834535857,-1.7839508056640625,-0.0917033087462186,,,,,62.4598583099678,0.2717232733159452,,,,,0.548664735,0.264880952,0.283783783,0.211309523,0.053571429,0.23549488,110,381,336,23,24,2,13,89,71,58,10,1,1,32,,41.0,0.107611548,0.083989501,,,,,,,,,-7.0,,,,,,,,0.0
Alphonse Dunn,1015090,,1B,BBB,-0.6888552836314414,,0.0,-0.7565215063828026,-9.85185182094574,0.5334155573509634,,,,,86.33207494547976,0.2928703734749242,,,,,0.601857584,0.317647058,0.284210526,0.2,0.117647058,,26,95,85,11,10,1,6,27,17,11,3,2,3,9,,,,0.094736842,,,,,,,,,-15.0,,,,,,,,296.2
Cotton Williams,1016742,,OF,NE,-0.7051468182342125,,0.0,-4.465258209051603,-4.771296292543411,-0.0443896343931555,,,,,49.3540229692674,0.2640680706862247,,,,,0.554450757,0.296875,0.257575757,0.234375,0.0625,,19,66,64,8,6,0,3,19,15,12,2,1,0,2,,,,0.03030303,,,,,,,,,-6.0,,,,,,,,251.0
Willie Grace,1015282,,OF,CBE,-0.7356286988930232,,0.0,-1.1511041046695314,-7.148148149251938,0.1778051857836544,,,,,48.550677268299665,0.240114688873291,,,,,0.477564102,0.208333333,0.269230769,0.208333333,0.0,,8,26,24,2,3,0,0,5,5,5,0,0,1,2,,,,0.076923076,,,,,,,,,-13.0,,,,,,,,192.0
Don Heffner,1005579,115693.0,2B,- - -,-0.7630013437858414,,-1.06,-14.496258016374576,-0.4938271641731262,-0.3363547245971858,,,,,46.542294542591826,0.2481291538168644,,,,,0.49472953,0.227488151,0.267241379,0.194312796,0.033175355,0.208121827,70,235,211,19,10,0,7,48,41,34,7,0,3,20,,14.0,0.059574468,0.085106382,,,,,,,,,-3.0,,,,,,,,0.0
Al Glossop,1004787,114875.0,SS,BRO,-0.765395455594304,,-0.85,-12.993594245786362,-1.9691357612609863,-0.1712171612307429,,,,,55.4052763978683,0.2621834115768836,,,,,0.521748903,0.253456221,0.268292682,0.170506912,0.082949309,0.181818181,87,250,217,28,21,3,12,55,37,25,9,0,0,28,,27.0,0.108,0.112,,,,,,,,,-5.0,,,,,,,,0.0
Nat Rogers,1016288,,OF,MRS,-0.7786430501456827,,0.0,-4.458321884355212,-4.518518507480621,-0.0221948171965777,,,,,-11.635329527651766,0.1560745477676391,,,,,0.306578947,0.131578947,0.175,0.131578947,0.0,,15,40,38,1,5,0,0,5,5,5,0,0,0,2,,,,0.05,,,,,,,,,-7.0,,,,,,,,246.0
Ray Hamrick,1005291,115401.0,2B,PHI,-0.7841163831163974,,-0.84,-12.536823306504756,0.0802469253540039,-0.1141447741538286,,,,,36.08784183875443,0.2290911156506765,,,,,0.469345238,0.23125,0.238095238,0.2,0.03125,0.242424242,44,169,160,12,9,0,4,37,32,28,3,1,0,8,,28.0,0.165680473,0.047337278,,,,,,,,,-2.0,,,,,,,,0.0
Babe Barna,1000556,110574.0,OF,- - -,-0.7899343392469709,,-0.8200000000000001,-9.08350938963634,-6.5925925970077515,0.4319459707476198,,,,,67.42389707552545,0.2824503860902041,,,,,0.569600694,0.284444444,0.28515625,0.186666666,0.097777778,0.206349206,70,257,225,30,22,3,14,64,42,28,9,2,5,31,,33.0,0.128404669,0.120622568,,,,,,,,,-4.0,,,,,,,,0.0
Dee Miles,1008861,119052.0,OF,BOS,-0.7926189365345722,,-0.89,-9.502974052617937,-2.1913580149412155,-0.841234088409692,,,,,40.429215417639696,0.237588775254065,,,,,0.498333776,0.264462809,0.233870967,0.214876033,0.049586776,0.220338983,45,129,121,9,10,0,4,32,26,22,2,2,0,3,,3.0,0.023255813,0.023255813,,,,,,,,,-2.0,,,,,,,,0.0
Al Davis,1014976,,3B,NE,-0.7978843993786932,,0.0,-3.348504101475587,-5.753086417913437,-0.0317068817093968,,,,,30.3377167223525,0.2287177145481109,,,,,0.41111111,0.133333333,0.277777777,0.133333333,0.0,,11,36,30,4,2,0,0,4,4,4,0,0,0,6,,,,0.166666666,,,,,,,,,-6.0,,,,,,,,87.0
Hugh Poland,1010415,120646.0,C,- - -,-0.8098029046859702,,-1.07,-13.527438595591711,1.296296313405037,-0.0792672042734921,,,,,26.460435843515157,0.2161320089539395,,,,,0.450690824,0.241830065,0.208860759,0.183006535,0.05882353,0.197183098,48,159,153,6,15,0,8,37,28,20,7,1,0,5,,11.0,0.069182389,0.03144654,,,,,,,,,0.0,,,,,,,,0.0
Hoss Walker,1016652,,3B,BBB,-0.8439996668171733,,0.0,-8.90346567198895,-4.4169915318489075,0.3080500490032136,,,,,32.80921983809311,0.2181342589682427,,,,,0.435009057,0.203125,0.231884057,0.171875,0.03125,,37,138,128,14,8,0,3,26,22,19,2,1,2,7,,,,0.050724637,,,,,,,,,-5.0,,,,,,,,302.2
Don Kolloway,1007087,117238.0,2B,CHW,-0.8804274824559093,,-0.96,-20.855692942105044,0.6728394031524658,-0.6729787928052247,,,,,50.26123962076694,0.2482628279707344,,,,,0.522650438,0.287356321,0.235294117,0.215517241,0.07183908,0.233438485,85,360,348,29,33,1,19,100,75,56,14,4,11,9,,30.0,0.083333333,0.025,,,,,,,,,-3.0,,,,,,,,0.0
Johnny Wyrostek,1014314,124638.0,OF,PIT,-0.9064368981832424,,-0.9,-9.271491259626252,-1.6419752836227417,-0.0380482580512762,,,,,3.274603021734674,0.1819869374356618,,,,,0.372800246,0.189873417,0.182926829,0.151898734,0.037974683,0.1875,51,83,79,7,1,0,3,15,12,9,3,0,0,3,,15.0,0.180722891,0.036144578,,,,,,,,,-1.0,,,,,,,,0.0
Huck Geary,1004586,114669.0,SS,PIT,-0.9549395354522924,,-0.96,-15.348415306341725,0.8395061492919922,0.4795138584449887,,,,,25.61124158779356,0.2180956323509631,,,,,0.426466736,0.192771084,0.233695652,0.150602409,0.042168675,0.150943396,46,185,166,17,13,1,5,32,25,20,4,0,3,18,,6.0,0.032432432,0.097297297,,,,,,,,,-2.0,,,,,,,,0.0
Dixie Parsons,1010029,120256.0,C,DET,-1.0032246891755938,,-1.16,-13.390443191425398,0.2345678806304931,-0.0570723870769143,,,,,-1.104848829334041,0.1785173969609396,,,,,0.35731132,0.16981132,0.1875,0.141509433,0.028301887,0.166666666,40,117,106,2,4,0,3,18,15,12,3,0,0,6,,16.0,0.136752136,0.051282051,,,,,,,,,-1.0,,,,,,,,0.0
Charlie Brewster,1001412,111449.0,SS,- - -,-1.0044210627369268,,-0.74,-11.261704801508992,-4.074074096977711,0.0541483471170067,,,,,46.52824721654997,0.2463469771699532,,,,,0.495701334,0.22754491,0.268156424,0.215568862,0.011976048,0.244897959,56,184,167,13,12,0,2,38,36,34,2,0,1,10,,20.0,0.108695652,0.054347826,,,,,,,,,-7.0,,,,,,,,0.0
Bricktop Wright,1016830,,OF,NBY,-1.03322071458048,,0.0,-6.164880566392949,-6.5963499546051025,0.3302448661997914,,,,,37.03862196949924,0.2411743601163228,,,,,0.45852187,0.176470588,0.282051282,0.176470588,0.0,,22,78,68,10,4,0,0,12,12,12,0,0,2,10,,,,0.128205128,,,,,,,,,-10.0,,,,,,,,338.29999999999995
Gerves Fagan,1015137,,2B,- - -,-1.0487056199649971,,0.0,-1.859180684193934,-10.493827171623709,-0.0507310107350349,,,,,73.87186753370729,0.3038401872503991,,,,,0.606060605,0.272727272,0.333333333,0.227272727,0.045454545,,16,51,44,5,5,0,1,12,10,9,0,1,0,7,,,,0.137254901,,,,,,,,,-13.0,,,,,,,,139.2
Moose Solters,1012270,122528.0,OF,CHW,-1.1035743008269208,,-1.4,-9.937228342678988,-3.907407402992249,-0.4475678936578333,,,,,19.817560937818943,0.2000316180861913,,,,,0.397105471,0.18556701,0.211538461,0.154639175,0.030927835,0.153846153,42,105,97,6,8,1,1,18,15,14,0,0,0,7,,5.0,0.047619047,0.066666666,,,,,,,,,-3.0,,,,,,,,0.0
Willie Simms,1016393,,OF,KCM,-1.3309901636672266,,0.0,-4.937566084906275,-12.185185194015505,0.323903489857912,,,,,50.50276282940176,0.2428404644270923,,,,,0.474448199,0.212765957,0.261682242,0.159574468,0.053191489,,30,107,94,14,6,0,4,20,15,11,3,1,2,12,,,,0.112149532,,,,,,,,,-21.0,,,,,,,,690.3
Frank Russell,1016318,,2B,BEG,-1.3423232454760992,,0.0,-6.086880042567507,-14.771483898162842,1.012929415795952,,,,,73.55570821089816,0.3090577853724287,,,,,0.63113408,0.306010928,0.325123152,0.25136612,0.054644808,,50,203,183,24,17,0,7,56,46,39,4,3,6,19,,,,0.093596059,,,,,,,,,-17.0,,,,,,,,440.2
Eddie Mayo,1008307,118491.0,3B,PHA,-1.4758417230080014,,-1.6,-27.43101547443182,-4.0,-0.0153601444326341,,,,,54.36591875408372,0.2591749807198842,,,,,0.52259273,0.244161358,0.278431372,0.218683651,0.025477707,0.234624145,128,533,471,49,28,0,11,115,103,92,10,1,2,34,,32.0,0.060037523,0.063789868,,,,,,,,,-4.0,,,,,,,,0.0
Pete Suder,1012669,122927.0,2B,PHA,-1.558887012611299,,-2.21,-27.678974153824523,-3.6198558807373047,-0.4885401916690171,,,,,51.36461575956513,0.2544200864062475,,,,,0.533880098,0.290526315,0.243353783,0.221052631,0.069473684,0.236111111,131,496,475,30,41,3,22,138,105,83,14,5,1,14,,40.0,0.080645161,0.028225806,,,,,,,,,-8.0,,,,,,,,0.0
Buster Maynard,1008305,118488.0,OF,NYG,-1.8300480934542804,,-1.83,-20.347273555515773,-9.882716059684752,0.3273208262398839,,,,,57.603883019517305,0.2685144033363397,,,,,0.557142072,0.305343511,0.251798561,0.20610687,0.099236641,0.201680672,121,424,393,43,32,9,19,120,81,62,8,2,3,24,,27.0,0.063679245,0.056603773,,,,,,,,,-8.0,,,,,,,,0.0
