fWAR,bWAR,Off,Def,BsR,Barrel%,HardHit%,EV,maxEV,wRC+,wOBA,xwOBA,wOBA-xwOBA,xBA,xSLG,OPS,SLG,OBP,AVG,ISO,BABIP,G,PA,AB,R,RBI,HR,XBH,TB,H,1B,2B,3B,SB,BB,IBB,SO,K%,BB%,Chase%,Whiff%,WPA,Clutch,FRV,OAA,DRS,FRM,TZ,Swing%,Z-Swing%,O-Contact%,Z-Contact%,Zone%,BatSpd,Squared-Up%
,10.54,84.63607542913287,0.395061731338501,10.700078811496496,,,,,189.1796074901445,0.5056924990510124,,,,,1.087544373,0.620981387,0.466562986,0.419627749,0.201353638,,146,654,591,147,127,8,79,367,248,169,47,24,83,44,,,,0.067278287,,,,,,,,,4.0,,,,,,,
,9.13,70.43712431145093,-1.0987653732299805,2.1665963008999825,,,,,184.01611700753364,0.4942759093337172,,,,,1.057909179,0.590192644,0.467716535,0.408056042,0.182136602,,147,641,571,126,83,7,71,337,233,162,45,19,41,56,,,,0.087363494,,,,,,,,,5.0,,,,,,,
,6.76,37.89940063290685,12.345678806304932,-0.885455247014761,,,,,154.97003073879853,0.439260096340389,,,,,0.9304765,0.507399577,0.423076923,0.334038054,0.173361523,0.346511627,130,558,473,87,89,9,48,240,158,110,23,16,20,67,,34.0,0.060931899,0.120071684,,,,,,,,,7.0,,,,,,,
,6.74,47.23626943460583,-1.0,1.7534716315567491,,,,,161.0178947221479,0.4456336348726038,,,,,0.931607415,0.480730223,0.450877192,0.365111561,0.115618662,,132,588,493,92,73,3,38,237,180,142,22,13,38,62,,,,0.105442176,,,,,,,,,-1.0,,,,,,,
,6.69,39.25538729209858,1.5679011344909668,2.9815095774829388,,,,,143.4206123141774,0.4155893982020838,,,,,0.88699484,0.508445945,0.378548895,0.334459459,0.173986486,,148,659,592,96,115,11,67,301,198,131,42,14,38,40,,,,0.060698027,,,,,,,,,-3.0,,,,,,,
,5.04,43.66930253155901,-6.0,2.901420146226883,,,,,151.83531779294734,0.4312695669771429,,,,,0.923625935,0.526615969,0.397009966,0.309885931,0.216730038,0.316455696,143,622,526,102,77,13,63,277,163,100,25,25,38,71,,39.0,0.062700964,0.114147909,,,,,,,,,-6.0,,,,,,,
,6.02,50.03944291655789,-15.209876537322998,1.5000786744058132,,,,,159.08897431524574,0.4543180831774013,,,,,0.963927679,0.526132404,0.437795275,0.37804878,0.148083624,,146,648,574,109,115,7,57,302,217,160,36,14,37,61,,,,0.094135802,,,,,,,,,-8.0,,,,,,,
,4.97,42.75797856630896,-7.60493803024292,-0.2053658068180084,,,,,149.4583177344041,0.4275302153716727,,,,,0.917941834,0.533795493,0.384146341,0.299826689,0.233968804,0.313402061,154,687,577,105,107,21,72,308,173,101,30,21,23,76,,71.0,0.103347889,0.110625909,,,,,,,,,0.0,,,,,,,
,6.2,38.1856815835832,-1.407407522201538,0.0878482908010482,,,,,151.02374786986329,0.4350475624099478,,,,,0.919832167,0.502,0.417832167,0.334,0.168,,141,589,500,88,70,8,55,251,167,112,34,13,25,59,,,,0.100169779,,,,,,,,,2.0,,,,,,,
,5.62,40.34871858867045,-5.054571628570557,4.68784835934639,,,,,147.84119118563112,0.4359818263580968,,,,,0.92796931,0.513461538,0.414507772,0.348076923,0.165384615,,137,588,520,90,88,4,56,267,181,125,30,22,48,56,,,,0.095238095,,,,,,,,,1.0,,,,,,,
,5.12,32.53490079818903,0.2962961196899414,-0.4876909926533699,,,,,137.09680384534212,0.4064790274304471,,,,,0.821717366,0.387755102,0.433962264,0.276437847,0.111317255,0.303983228,156,704,539,121,50,4,41,209,149,108,26,11,32,147,,58.0,0.082386363,0.208806818,,,,,,,,,8.0,,,,,,,
,5.27,23.44309826828749,6.123456954956055,0.1674905717372894,,,,,127.07011574666583,0.3912751709926472,,,,,0.816489452,0.43257443,0.383915022,0.288966725,0.143607705,0.316733067,158,680,571,90,88,6,57,247,165,108,38,13,27,81,,63.0,0.092647058,0.119117647,,,,,,,,,11.0,,,,,,,
,5.14,24.432686690044896,-0.80246901512146,5.192845672369003,,,,,121.52780424240632,0.3833157421868706,,,,,0.789028582,0.394480519,0.394548063,0.314935064,0.079545455,,154,705,616,109,35,3,35,243,194,159,24,8,58,74,,,,0.104964539,,,,,,,,,3.0,,,,,,,
,4.44,26.192013300086128,-1.6790122985839844,0.6733821853995323,,,,,131.24085080045865,0.3958472794893256,,,,,0.808495439,0.393822393,0.414673046,0.291505791,0.102316602,0.327510917,148,646,518,89,61,1,38,204,151,113,24,13,33,103,,59.0,0.091331269,0.159442724,,,,,,,,,2.0,,,,,,,
,4.04,1.3171082808967682,23.827160835266113,2.0489214807748795,,,,,99.02401410315484,0.34164251472639,,,,,0.716881894,0.389925373,0.326956521,0.277985074,0.111940299,0.289421157,144,593,536,61,69,4,40,209,149,109,24,12,30,39,,31.0,0.052276559,0.065767284,,,,,,,,,15.0,,,,,,,
,3.55,16.42631023252752,6.432098865509033,5.635349720716476,,,,,114.12931675700636,0.3670576814877785,,,,,0.773056799,0.430683918,0.342372881,0.282809611,0.147874307,0.300639658,149,604,541,80,84,12,46,233,153,107,24,10,49,43,,60.0,0.099337748,0.071192052,,,,,,,,,11.0,,,,,,,
,2.77,22.97846684208667,-2.7038662433624268,4.700525872409344,,,,,122.3419454184176,0.3810434757031488,,,,,0.780555102,0.387640449,0.392914653,0.29400749,0.093632959,0.329113924,151,647,534,83,77,1,38,207,157,119,27,10,51,72,,59.0,0.091190108,0.111282843,,,,,,,,,1.0,,,,,,,
,4.85,29.12879694889527,-9.716049194335938,-0.4320622868835926,,,,,139.32327981175513,0.4085939301197605,,,,,0.858156422,0.460629921,0.397526501,0.328740157,0.131889764,,141,593,508,104,66,6,44,234,167,123,27,11,22,50,,,,0.084317032,,,,,,,,,-3.0,,,,,,,
,4.32,19.041393163226452,-1.4444446563720703,-2.5266178622841835,,,,,126.25563126784024,0.3859428110354372,,,,,0.797254711,0.400702987,0.396551724,0.32337434,0.077328647,,146,648,569,102,52,1,31,228,184,153,19,11,17,64,,,,0.098765432,,,,,,,,,5.0,,,,,,,
,4.47,8.001669077887867,11.222222089767456,0.5946342051029205,,,,,109.85319481259916,0.3647561497229306,,,,,0.748565279,0.37601626,0.372549019,0.284552845,0.091463415,,138,593,492,80,44,4,29,185,140,111,17,8,27,64,,,,0.107925801,,,,,,,,,9.0,,,,,,,
,3.6,17.202972570752635,1.7592592239379885,4.981509607285261,,,,,115.2211500576856,0.375802181673444,,,,,0.783034172,0.417744916,0.365289256,0.290203327,0.127541589,0.305050505,148,635,541,90,67,6,48,226,157,109,33,9,48,47,,40.0,0.062992125,0.074015748,,,,,,,,,-5.0,,,,,,,
,4.09,21.21392696635219,-3.740740776062012,3.821330729871988,,,,,121.77766130361374,0.3782974720399248,,,,,0.797094979,0.43315508,0.363939899,0.320855614,0.112299466,,141,630,561,103,61,3,39,243,180,141,18,18,43,32,,,,0.05079365,,,,,,,,,-8.0,,,,,,,
,3.77,19.65176333232382,-1.419753074645996,1.9937399253249168,,,,,122.68616521624767,0.3866661691824331,,,,,0.794372609,0.395038167,0.399334442,0.311068702,0.083969465,,130,614,524,93,45,4,30,207,163,133,20,6,38,73,,,,0.118892508,,,,,,,,,5.0,,,,,,,
,3.84,25.28845920484203,-0.9876542091369628,-1.7108102850615978,,,,,146.41861506886534,0.4246973607364117,,,,,0.899505774,0.492346938,0.407158836,0.323979591,0.168367347,0.338888888,110,460,392,73,49,5,43,193,127,84,25,13,10,53,,27.0,0.058695652,0.115217391,,,,,,,,,4.0,,,,,,,
,3.96,4.962145885257619,13.0,1.7136504910886288,,,,,104.10398645648309,0.3521647264056042,,,,,0.696992594,0.31237721,0.384615384,0.26129666,0.05108055,0.289473684,138,626,509,106,24,1,22,159,133,111,19,2,37,96,,52.0,0.083067092,0.153354632,,,,,,,,,13.0,,,,,,,
,3.55,15.7383926609563,3.277777761220932,0.7023144140839577,,,,,120.39689306851233,0.3780397146149019,,,,,0.805045073,0.461682242,0.343362831,0.306542056,0.155140186,0.325630252,143,583,535,80,85,9,48,247,164,116,22,17,23,25,,50.0,0.085763293,0.042881646,,,,,,,,,3.0,,,,,,,
,3.44,12.333322877373192,4.4012346267700195,1.0874011553823948,,,,,113.64097639112768,0.3647677113834661,,,,,0.756739652,0.390924956,0.365814696,0.307155322,0.083769634,0.333984375,149,652,573,89,45,5,30,224,176,146,17,8,32,51,,56.0,0.08588957,0.078220858,,,,,,,,,9.0,,,,,,,
,3.67,12.8855169773807,2.5061726570129395,-1.458311628550291,,,,,117.93176759396384,0.3720717194220142,,,,,0.783620287,0.428571428,0.355048859,0.310104529,0.118466899,,134,631,574,92,55,3,51,246,178,127,37,11,15,35,,,,0.055467511,,,,,,,,,9.0,,,,,,,
,3.33,16.516116227737285,8.216049194335938,0.7430298551917076,,,,,133.08821416318557,0.3993439626049351,,,,,0.829447852,0.429447852,0.4,0.319018404,0.110429448,0.345637583,112,377,326,73,37,1,26,140,104,78,17,8,20,30,,27.0,0.071618037,0.079575596,,,,,,,,,3.0,,,,,,,
,3.51,6.19659525748823,12.919753074645996,0.1959756501019001,,,,,108.90362549705736,0.3584671171258859,,,,,0.753602519,0.413135593,0.340466926,0.281779661,0.131355932,0.30992736,130,533,472,69,62,5,40,195,133,93,23,12,19,40,,54.0,0.10131332,0.075046904,,,,,,,,,9.0,,,,,,,
,3.58,18.599479738898417,-1.4691357612609863,1.2751707956194878,,,,,126.79619424562549,0.4000512290000915,,,,,0.836092165,0.440092165,0.396,0.304147465,0.1359447,,122,510,434,78,36,4,36,191,132,96,17,15,28,62,,,,0.121568627,,,,,,,,,4.0,,,,,,,
,3.24,14.54449262995746,5.95061731338501,-2.3375067710876465,,,,,130.4128666029824,0.3947879474757712,,,,,0.823833454,0.432225063,0.391608391,0.332480818,0.099744245,0.361344537,133,439,391,48,61,1,28,169,130,102,18,9,7,25,,33.0,0.075170842,0.056947608,,,,,,,,,2.0,,,,,,,
,2.97,24.4928786786653,-13.55555534362793,10.086506988853216,,,,,115.91254299107956,0.3697437543538069,,,,,0.752547918,0.367278797,0.385269121,0.275459098,0.091819699,0.315384615,153,716,599,106,45,1,43,220,165,122,32,10,81,102,,78.0,0.108938547,0.1424581,,,,,,,,,-6.0,,,,,,,
,3.65,19.60276237350782,-1.9753084182739256,0.9027615673840046,,,,,128.77242740807253,0.4004669699668884,,,,,0.849146067,0.483146067,0.366,0.287640449,0.195505618,0.28463476,121,514,445,79,94,15,52,215,128,76,32,5,22,49,,33.0,0.064202334,0.095330739,,,,,,,,,4.0,,,,,,,
,3.26,17.06427004531537,-3.209876537322998,-2.004471533000469,,,,,125.00936804527971,0.3882382274281189,,,,,0.825567386,0.47242647,0.353140916,0.299632352,0.172794118,0.316561844,148,603,544,72,107,12,58,257,163,105,34,12,10,41,,55.0,0.091210613,0.067993366,,,,,,,,,4.0,,,,,,,
,3.24,1.7566262014303875,8.567901134490967,0.4480271562933922,,,,,101.58811013003113,0.3460196101820314,,,,,0.709244544,0.358595194,0.35064935,0.260628465,0.097966729,,148,650,541,84,45,2,38,194,141,103,25,11,26,69,,,,0.106153846,,,,,,,,,4.0,,,,,,,
,3.48,13.554816579337782,0.0864195823669433,2.888742633163929,,,,,114.200908920724,0.3668289066397625,,,,,0.775047258,0.427221172,0.347826086,0.291115311,0.136105861,0.30831643,142,594,529,74,84,2,46,226,154,108,22,22,35,44,,34.0,0.057239057,0.074074074,,,,,,,,,7.0,,,,,,,
,3.57,13.61030169558595,-1.5061726570129397,-3.0447398386895657,,,,,121.62850116109932,0.3883011353116075,,,,,0.824810504,0.471869328,0.352941176,0.301270417,0.170598911,0.326797385,146,609,551,69,99,16,51,260,166,115,24,11,6,40,,76.0,0.124794745,0.065681444,,,,,,,,,3.0,,,,,,,
,2.87,13.078506297156816,-3.462963104248047,3.007758904248476,,,,,112.25311029285558,0.3723352012875812,,,,,0.772452972,0.404805914,0.367647058,0.28465804,0.120147874,0.289421157,147,650,541,94,72,9,38,219,154,116,20,9,40,66,,31.0,0.047692307,0.101538461,,,,,,,,,-8.0,,,,,,,
,3.25,27.126784940208097,-18.790123462677,-2.419384803622961,,,,,137.11324412567217,0.4167984239757061,,,,,0.87428384,0.46309963,0.41118421,0.339483394,0.123616236,,144,628,542,83,94,3,47,251,184,137,30,14,15,56,,,,0.089171974,,,,,,,,,-17.0,,,,,,,
,2.76,1.6545058860446256,11.0,-0.6845609433948994,,,,,103.3270998550432,0.3513141494583,,,,,0.725080592,0.376595744,0.348484848,0.268085106,0.108510638,0.288461538,137,556,470,82,78,6,31,177,126,95,17,8,17,51,,48.0,0.086330935,0.091726618,,,,,,,,,11.0,,,,,,,
,3.05,7.887788937613847,4.000000002,-1.0447398088872433,,,,,112.70567164802804,0.363174922983436,,,,,0.752327659,0.392033542,0.360294117,0.270440251,0.121593291,0.305418719,137,556,477,54,58,5,37,187,129,92,21,11,16,67,,66.0,0.118705035,0.120503597,,,,,,,,,4.0,,,,,,,
,1.17,16.25600971922571,-8.358024597167969,6.5136505626142025,,,,,111.656298842306,0.3628462260486158,,,,,0.74036864,0.364601769,0.375766871,0.279646017,0.084955752,0.314401622,149,661,565,96,50,3,32,206,158,126,19,10,61,81,,69.0,0.104387291,0.122541603,,,,,,,,,-1.0,,,,,,,
,3.05,10.677972087634988,-3.8765430450439458,1.407758880406618,,,,,110.5639965081148,0.3606353831433114,,,,,0.7570529,0.414790996,0.342261904,0.289389067,0.125401929,0.298059964,158,694,622,81,91,11,43,258,180,137,19,13,32,42,,44.0,0.063400576,0.060518731,,,,,,,,,1.0,,,,,,,
,3.24,12.056041160576932,-3.407407283782959,-2.3121517449617386,,,,,118.18109891275284,0.3761375134482103,,,,,0.78244375,0.413162705,0.369281045,0.294332723,0.118829982,0.318367346,154,625,547,74,71,5,42,226,161,119,24,13,13,46,,52.0,0.0832,0.0736,,,,,,,,,4.0,,,,,,,
,3.63,13.0577108174889,-3.907407410442829,-3.097685642540455,,,,,122.63583913808046,0.3819548720613532,,,,,0.807227257,0.445759368,0.361467889,0.313609467,0.132149901,,136,563,507,71,82,2,51,226,159,108,37,12,4,34,,,,0.060390763,,,,,,,,,-4.0,,,,,,,
,3.07,17.44030004274005,-6.679012298583984,-0.5121517181396484,,,,,127.4448865815199,0.3934181101590275,,,,,0.809373858,0.397727272,0.411646586,0.334090909,0.063636363,,125,516,440,74,45,0,21,175,147,126,14,7,22,57,,,,0.110465116,,,,,,,,,-3.0,,,,,,,
,2.83,0.2676631736990211,10.19753074645996,-1.1112574264407158,,,,,101.95786192797289,0.3485099579686316,,,,,0.713951226,0.35881104,0.355140186,0.267515923,0.091295117,0.296470588,137,557,471,59,61,0,36,169,126,90,29,7,15,59,,46.0,0.082585278,0.105924596,,,,,,,,,6.0,,,,,,,
,1.82,-1.7166651092530398,6.6913580894470215,-0.392241146415472,,,,,98.4709050460701,0.3430442344203569,,,,,0.707974078,0.366220735,0.341753343,0.259197324,0.107023411,0.275675675,153,685,598,96,52,2,43,219,155,112,24,17,23,67,,41.0,0.059854014,0.097810218,,,,,,,,,2.0,,,,,,,
,2.83,7.043986520147405,-1.6790122985839844,-1.6049186773598194,,,,,111.03977024684536,0.3599644287453713,,,,,0.754287318,0.406533575,0.347753743,0.288566243,0.117967332,,145,618,551,75,97,4,44,224,159,115,27,13,14,49,,,,0.079288025,,,,,,,,,2.0,,,,,,,
,2.38,6.242924449776618,-0.9817352294921876,-0.725723534822464,,,,,108.92391013945542,0.3695374757352501,,,,,0.762517649,0.387096774,0.375420875,0.29601518,0.091081594,,144,616,527,67,91,3,31,204,156,125,17,11,22,63,,,,0.102272727,,,,,,,,,-5.0,,,,,,,
,2.36,17.942835197076,-12.135802268981934,1.3543659262359142,,,,,120.75808237732744,0.391113394114279,,,,,0.820973332,0.441941074,0.379032258,0.332755632,0.109185442,0.351043643,146,632,577,69,91,7,46,255,192,146,36,3,32,43,,43.0,0.068037974,0.068037974,,,,,,,,,-5.0,,,,,,,
,2.05,19.837748815691437,-14.0,1.2340082041919231,,,,,124.00146759068257,0.3966367557595338,,,,,0.820480488,0.416826003,0.403654485,0.313575525,0.103250478,0.325910931,137,613,523,92,63,3,42,218,164,122,33,6,33,77,,26.0,0.042414355,0.125611745,,,,,,,,,-14.0,,,,,,,
,3.02,-2.245535169725894,9.839506149291992,2.369279205799103,,,,,92.91763196044413,0.3293645221594667,,,,,0.676540272,0.343891402,0.33264887,0.264705882,0.07918552,,127,514,442,73,63,1,26,152,117,91,18,7,30,38,,,,0.073929961,,,,,,,,,2.0,,,,,,,
,1.89,17.143426581801737,-9.617283821105955,5.729010965675116,,,,,116.50305519746568,0.3711000677587381,,,,,0.780707119,0.426229508,0.354477611,0.290983606,0.135245902,0.310267857,140,547,488,70,78,3,45,208,142,97,27,15,48,43,,37.0,0.067641681,0.078610603,,,,,,,,,-3.0,,,,,,,
,2.96,17.213684425942418,-5.265432119369507,-0.6569701656699181,,,,,139.9349485197653,0.4190151373545329,,,,,0.874258108,0.453968253,0.420289855,0.365079365,0.088888888,,90,353,315,36,60,2,23,143,115,92,20,1,13,26,,,,0.07365439,,,,,,,,,-4.0,,,,,,,
,3.14,12.696682880558887,2.3765432834625244,-1.4158075861632824,,,,,139.71872861596935,0.4128152775764465,,,,,0.866191429,0.462555066,0.403636363,0.277533039,0.185022027,0.292682926,81,281,227,22,41,3,28,105,63,35,17,8,4,45,,19.0,0.067615658,0.160142348,,,,,,,,,0.0,,,,,,,
,1.9,12.004994256644837,4.635802388191223,-1.0420569069683552,,,,,152.51019942417378,0.4311082550368384,,,,,0.901620841,0.467065868,0.434554973,0.353293413,0.113772455,,68,196,167,35,26,1,14,78,59,45,10,3,4,24,,,,0.122448979,,,,,,,,,3.0,,,,,,,
,1.94,7.968251578320784,-3.80246901512146,3.434902537614107,,,,,106.53761295630098,0.3654632967981425,,,,,0.747294372,0.372294372,0.375,0.285714285,0.086580087,,131,547,462,74,31,2,27,172,132,105,16,9,40,48,,,,0.087751371,,,,,,,,,0.0,,,,,,,
,2.8,10.562110637331736,-5.395061731338501,0.0747236274182796,,,,,116.31724028906338,0.3744196289705361,,,,,0.743967209,0.33910891,0.404858299,0.272277227,0.066831683,,127,507,404,58,47,0,23,137,110,87,19,4,24,65,,,,0.128205128,,,,,,,,,-7.0,,,,,,,
,1.84,1.2017520686546548,4.851851940155029,1.9027615822851656,,,,,98.89781645320129,0.3437712483076869,,,,,0.711527342,0.374707259,0.336820083,0.257611241,0.117096018,0.302593659,129,503,427,77,43,5,30,160,110,80,15,10,27,44,,75.0,0.149105367,0.087475149,,,,,,,,,9.0,,,,,,,
,2.27,9.814975272877517,-6.172839641571045,-1.4307208508253098,,,,,116.83306119879526,0.3766730328400929,,,,,0.792258943,0.437100213,0.35515873,0.307036247,0.130063966,,130,527,469,64,86,7,43,205,144,101,32,4,11,25,,,,0.04743833,,,,,,,,,0.0,,,,,,,
,2.08,16.81513266972637,-14.253086566925049,0.6475800089538097,,,,,123.06250759112166,0.3859359757865176,,,,,0.779583333,0.373333333,0.40625,0.282222222,0.091111111,,128,553,450,65,78,4,28,168,127,99,19,5,29,74,,,,0.133815551,,,,,,,,,-8.0,,,,,,,
,1.96,-3.2487971536591136,7.839506149291992,-2.7519728913903236,,,,,99.2655757455246,0.3470820598231936,,,,,0.693552961,0.316853932,0.376699029,0.278651685,0.038202247,0.290398126,127,535,445,57,41,0,16,141,124,108,15,1,10,66,,18.0,0.033644859,0.123364485,,,,,,,,,0.0,,,,,,,
,3.02,-22.78139379428163,24.35802459716797,-3.790899746119976,,,,,73.76460975506056,0.2963237075372176,,,,,0.610077519,0.310077519,0.3,0.253875968,0.056201551,,141,571,516,60,49,0,23,160,131,108,17,6,0,32,,,,0.056042031,,,,,,,,,18.0,,,,,,,
,2.38,6.119670766920473,-5.0,3.3023144528269768,,,,,103.89218111818646,0.3609466914270745,,,,,0.761795639,0.419354838,0.342440801,0.314990512,0.104364326,,133,571,527,82,62,3,42,221,166,124,32,7,36,21,,,,0.036777583,,,,,,,,,-1.0,,,,,,,
,2.44,13.300863271241802,-10.512345671653748,0.6756179369986057,,,,,119.22637638011535,0.3742820341663667,,,,,0.786659458,0.425213675,0.361445783,0.32051282,0.104700855,,126,518,468,76,77,3,33,199,150,117,20,10,23,25,,,,0.048262548,,,,,,,,,-9.0,,,,,,,
,2.0,4.390975657059858,5.569364786148071,-0.8963441587984562,,,,,113.10819502454125,0.3653187500191973,,,,,0.736363636,0.35,0.386363636,0.273076923,0.076923077,0.294605809,95,319,260,42,25,0,18,91,71,53,16,2,9,42,,19.0,0.059561128,0.131661442,,,,,,,,,3.0,,,,,,,
,2.41,-4.282810359223818,3.5,-1.7384010627865791,,,,,96.60384997977664,0.3421352448207991,,,,,0.698192941,0.344621513,0.353571428,0.278884462,0.065737051,,142,591,502,70,57,1,28,173,140,112,24,3,14,52,,,,0.087986463,,,,,,,,,-4.0,,,,,,,
,2.22,7.811972623075031,3.2839505672454834,-0.8687533810734749,,,,,126.81724007580743,0.387206387234874,,,,,0.811487992,0.444954128,0.366533864,0.270642201,0.174311927,0.276595744,91,256,218,30,34,7,22,97,59,37,13,2,5,31,,23.0,0.08984375,0.12109375,,,,,,,,,1.0,,,,,,,
,1.84,-2.760219256081057,0.0028674602508544,0.2607046663761139,,,,,96.40192919223333,0.3453412428263234,,,,,0.702687021,0.344642857,0.358044164,0.273214285,0.071428572,0.306584362,153,664,560,96,47,4,27,193,153,126,18,5,28,70,,70.0,0.105421686,0.105421686,,,,,,,,,4.0,,,,,,,
,1.54,5.252254647080811,-5.6913580894470215,0.3290108852088451,,,,,106.62173825613463,0.3528142158399548,,,,,0.743563965,0.411985018,0.331578947,0.286516853,0.125468165,0.314225053,140,588,534,55,76,5,44,220,153,109,26,13,21,29,,58.0,0.098639455,0.049319727,,,,,,,,,1.0,,,,,,,
,1.9,0.8074169410904393,1.5864197611808777,0.916333381086588,,,,,99.80991739443488,0.3505087678144624,,,,,0.735038811,0.395631067,0.339407744,0.296116504,0.099514563,,116,452,412,45,45,3,26,163,122,96,14,9,21,27,,,,0.059734513,,,,,,,,,1.0,,,,,,,
,2.17,-13.54376525454812,7.259259223937988,2.473829362541437,,,,,81.74093321223374,0.3222600301767044,,,,,0.63593012,0.286987522,0.348942598,0.231729055,0.055258467,,150,692,561,126,36,1,24,161,130,106,18,5,40,98,,,,0.141618497,,,,,,,,,-2.0,,,,,,,
,1.68,2.9233837700322063,8.659788131713867,-0.1746449768543243,,,,,116.0778965113907,0.3689065635604346,,,,,0.774144413,0.418439716,0.355704697,0.319148936,0.09929078,,52,152,141,31,23,2,9,59,45,36,6,1,5,8,,,,0.052631578,,,,,,,,,0.0,,,,,,,
,2.0,-23.09416642440685,19.95061683654785,-0.8841137960553169,,,,,69.39899484735012,0.2993562727846125,,,,,0.613575268,0.3125,0.301075268,0.23828125,0.07421875,0.271300448,146,574,512,51,49,1,30,160,122,92,23,6,14,44,,65.0,0.113240418,0.076655052,,,,,,,,,11.0,,,,,,,
,1.79,-6.76041561870733,6.0,-1.9103631377220152,,,,,91.3047687800198,0.3262704161690994,,,,,0.671895005,0.34090909,0.330985915,0.28030303,0.06060606,,104,440,396,45,34,1,17,135,111,94,11,5,7,23,,,,0.052272727,,,,,,,,,6.0,,,,,,,
,1.53,-2.335012555899591,-4.987654209136963,-0.8189376294612885,,,,,98.07107052535684,0.3475399953837426,,,,,0.704138758,0.341555977,0.362582781,0.269449715,0.072106262,,146,620,527,84,45,1,31,180,142,111,25,5,21,66,,,,0.106451612,,,,,,,,,2.0,,,,,,,
,1.84,-12.856831276502604,6.0,-0.6592059172689915,,,,,84.9975456469788,0.3259200114529232,,,,,0.645650638,0.293560606,0.352090032,0.236742424,0.056818182,0.25203252,142,643,528,99,42,1,22,155,125,103,15,6,23,94,,35.0,0.054432348,0.146189735,,,,,,,,,6.0,,,,,,,
,1.52,-3.60573595898088,0.8271605968475342,-0.2972384504973888,,,,,94.57408346205496,0.3415695105936593,,,,,0.714360308,0.380313199,0.334047109,0.304250559,0.07606264,,125,481,447,55,51,2,25,170,136,111,18,5,16,15,,,,0.031185031,,,,,,,,,3.0,,,,,,,
,1.59,6.047371574477612,-1.6358025074005127,-0.7357181459665298,,,,,120.98334661770645,0.3823861774191799,,,,,0.794431056,0.408888888,0.385542168,0.32,0.088888888,,72,255,225,29,22,0,16,92,72,56,12,4,7,22,,,,0.086274509,,,,,,,,,1.0,,,,,,,
,1.34,1.917241363211298,-7.938271522521973,0.3290108852088451,,,,,102.29041180313844,0.3453668803262619,,,,,0.725993135,0.393939393,0.332053742,0.296969696,0.096969697,,121,547,495,84,59,3,28,195,147,119,11,14,21,21,,,,0.038391224,,,,,,,,,-5.0,,,,,,,
,3.14,-3.7420996406304377,5.179012298583984,-1.7361653111875055,,,,,95.30458283133486,0.3334398171523722,,,,,0.681530754,0.34006734,0.341463414,0.272727272,0.067340068,,103,337,297,33,39,0,17,101,81,64,14,3,4,23,,,,0.068249258,,,,,,,,,2.0,,,,,,,
,1.97,3.013004166884219,1.2839505672454834,-0.90902167186141,,,,,111.53071312265138,0.3711049863855347,,,,,0.775319095,0.408906882,0.366412213,0.327935222,0.08097166,0.341880341,74,269,247,18,16,1,17,101,81,64,15,1,6,14,,12.0,0.044609665,0.052044609,,,,,,,,,-1.0,,,,,,,
,1.24,9.962528390540092,-5.765432119369507,1.8511572293937208,,,,,125.39107610122592,0.384466736523573,,,,,0.801966236,0.421800947,0.380165289,0.289099526,0.132701421,,76,252,211,39,32,0,19,89,61,42,10,9,19,26,,,,0.103174603,,,,,,,,,-3.0,,,,,,,
,1.51,6.9795620199263535,-2.962962865829468,-1.455628726631403,,,,,124.43600793806448,0.3930822125597957,,,,,0.825137041,0.45338983,0.371747211,0.283898305,0.169491525,0.278301886,76,273,236,35,26,8,23,107,67,44,14,1,3,32,,16.0,0.058608058,0.117216117,,,,,,,,,0.0,,,,,,,
,1.71,-11.138235297664895,6.4887003898620605,2.729905221611262,,,,,76.72403212446937,0.3110937158354616,,,,,0.643067846,0.333333333,0.309734513,0.251798561,0.081534772,,117,470,417,59,28,0,25,139,105,80,16,9,29,34,,,,0.072340425,,,,,,,,,3.0,,,,,,,
,0.86,6.403397074109104,0.9753086566925048,0.0787479802966117,,,,,137.3275626672304,0.4065634118494137,,,,,0.842045373,0.43119266,0.410852713,0.302752293,0.128440367,0.333333333,66,134,109,17,17,1,11,47,33,22,9,1,6,19,,12.0,0.089552238,0.141791044,,,,,,,,,-1.0,,,,,,,
,1.07,-15.529665172267144,6.0,2.541241280734539,,,,,77.6695250371451,0.3046173494803481,,,,,0.614121167,0.292114695,0.322006472,0.249103942,0.043010753,0.272189349,153,640,558,80,56,1,17,163,139,122,11,5,37,59,,50.0,0.078125,0.0921875,,,,,,,,,6.0,,,,,,,
,2.18,-0.7997619611264852,2.7283949851989746,-1.4026829227805138,,,,,101.78799425939364,0.3509862511330231,,,,,0.70883047,0.336206896,0.372623574,0.288793103,0.047413793,,72,266,232,29,30,1,8,78,67,59,6,1,5,26,,,,0.09774436,,,,,,,,,1.0,,,,,,,
,1.0,1.8952044933414245,-0.0061728954315185,0.4511572085320949,,,,,104.34777936012878,0.3617245445688407,,,,,0.74054023,0.37799043,0.3625498,0.23444976,0.14354067,,71,262,209,21,36,3,18,79,49,31,9,6,12,39,,,,0.148854961,,,,,,,,,-3.0,,,,,,,
,0.87,-1.0433328603746568,-3.1234567165374756,0.3973171040415764,,,,,97.25498004902198,0.3364293459095532,,,,,0.711563461,0.402702702,0.308860759,0.262162162,0.14054054,,106,414,370,48,48,4,32,149,97,65,16,12,14,20,,,,0.048309178,,,,,,,,,0.0,,,,,,,
,1.08,7.248269435607192,-0.895061731338501,0.7054444663226604,,,,,141.72934942884575,0.4143680763446679,,,,,0.841294298,0.409090909,0.432203389,0.238636363,0.170454546,0.27027027,31,124,88,23,17,1,10,36,21,11,6,3,9,25,,13.0,0.104838709,0.201612903,,,,,,,,,0.0,,,,,,,
,1.4,-27.701452506497287,15.506173133850098,-1.7519728764891624,,,,,67.66206253839493,0.291349547937729,,,,,0.581093034,0.26929982,0.311793214,0.235188509,0.034111311,,154,633,557,58,59,0,15,150,131,116,11,4,15,52,,,,0.082148499,,,,,,,,,6.0,,,,,,,
,0.97,-0.1126032108716186,6.209980010986328,-0.5741978324949741,,,,,103.34057799116324,0.3591375902847007,,,,,0.749811034,0.397959183,0.351851851,0.285714285,0.112244898,,40,109,98,4,5,0,9,39,28,19,7,2,1,10,,,,0.091743119,,,,,,,,,0.0,,,,,,,
,1.34,-9.089130732150576,-1.7530863881111145,0.0480271503329277,,,,,87.72107344942354,0.3269694803475081,,,,,0.66232359,0.319066147,0.343257443,0.270428015,0.048638132,,146,587,514,58,48,2,18,164,139,121,13,3,24,51,,,,0.086882453,,,,,,,,,-1.0,,,,,,,
,0.83,-14.58569217703737,4.24691367149353,0.4615989699959755,,,,,80.71271238214747,0.3123302764229638,,,,,0.639352235,0.319419237,0.319932998,0.263157894,0.056261343,0.278210116,154,617,551,69,59,2,21,176,145,124,13,6,25,41,,35.0,0.056726094,0.066450567,,,,,,,,,8.0,,,,,,,
,0.87,-2.871482020971824,-1.2160491943359375,-1.123487789183855,,,,,96.67689042863766,0.3369861697328501,,,,,0.68927203,0.344444444,0.344827586,0.261111111,0.083333333,0.291925465,111,416,360,50,36,0,23,124,94,71,16,7,10,44,,38.0,0.091346153,0.10576923,,,,,,,,,-7.0,,,,,,,
,0.86,1.6190722318499216,4.956589221954346,-0.6140189729630947,,,,,120.24764799447918,0.3756852458505069,,,,,0.785758513,0.421052631,0.364705882,0.289473684,0.131578947,,54,87,76,7,16,0,8,32,22,14,6,2,0,7,,,,0.08045977,,,,,,,,,0.0,,,,,,,
,0.84,-8.695677164989025,3.586419701576233,0.6231192834675312,,,,,83.47570408962335,0.31750797758454,,,,,0.646414841,0.323834196,0.322580645,0.238341968,0.085492228,0.267267267,108,446,386,60,43,3,21,125,92,71,12,6,19,46,,50.0,0.112107623,0.103139013,,,,,,,,,5.0,,,,,,,
,0.92,-2.987211836531893,4.469135761260986,-0.8284850902855396,,,,,92.97430332865213,0.3306808047419552,,,,,0.682190719,0.354679802,0.327510917,0.24137931,0.113300492,0.266666666,86,243,203,20,25,1,14,72,49,35,6,7,4,25,,22.0,0.090534979,0.102880658,,,,,,,,,2.0,,,,,,,
,0.9,-5.194659537331924,9.018518447875977,-0.3212520256638527,,,,,77.59204218480065,0.3074883251655392,,,,,0.631544714,0.326666666,0.304878048,0.24,0.086666666,0.274193548,50,172,150,18,31,2,8,49,36,28,5,1,4,14,,24.0,0.139534883,0.081395348,,,,,,,,,7.0,,,,,,,
,0.84,7.403697765242786,-3.90123450756073,1.0117832273244858,,,,,130.27000448428444,0.407311835644408,,,,,0.852706299,0.448979591,0.403726708,0.346938775,0.102040816,0.404761904,39,167,147,28,25,0,13,66,51,38,11,2,12,12,,21.0,0.125748502,0.071856287,,,,,,,,,-2.0,,,,,,,
,1.2,3.0491505667311953,-4.938271641731262,-0.8556287176907063,,,,,110.06612774899524,0.3680194267952764,,,,,0.780134663,0.435540069,0.344594594,0.324041811,0.111498258,,99,306,287,34,37,1,25,125,93,68,19,5,6,8,,,,0.02614379,,,,,,,,,-3.0,,,,,,,
,0.9,5.251817242405091,-0.2345678806304931,-0.4013414569199085,,,,,141.29094244225882,0.4184305244517103,,,,,0.85720028,0.40860215,0.44859813,0.365591397,0.043010753,,27,108,93,17,8,0,3,38,34,31,2,1,4,14,,,,0.129629629,,,,,,,,,1.0,,,,,,,
,1.14,-0.7626557997157195,3.481481432914734,-1.3081273771822453,,,,,102.5016759453938,0.3551044678259752,,,,,0.736410296,0.383116883,0.353293413,0.298701298,0.084415585,,58,172,154,8,21,1,10,59,46,36,8,1,0,11,,,,0.063953488,,,,,,,,,2.0,,,,,,,
,0.78,0.0202133864753399,5.355395317077637,-0.3873224928975105,,,,,103.41999420298048,0.3592731793721517,,,,,0.760162601,0.426829268,0.333333333,0.268292682,0.158536586,,39,94,82,15,7,1,8,35,22,14,4,3,1,8,,,,0.085106382,,,,,,,,,0.0,,,,,,,
,0.85,-1.1774038072419306,3.3395061790943146,-0.508574515581131,,,,,97.28744426536366,0.3386852023489188,,,,,0.662050328,0.29032258,0.371727748,0.225806451,0.064516129,0.24137931,46,195,155,29,7,0,7,45,35,28,4,3,6,34,,10.0,0.051282051,0.174358974,,,,,,,,,3.0,,,,,,,
,0.71,5.599236047265697,-6.481481492519379,-0.2289322316646576,,,,,117.72787707329051,0.3853940581902861,,,,,0.806623931,0.431623931,0.375,0.316239316,0.115384615,0.333333333,68,260,234,36,35,3,20,101,74,54,16,1,9,22,,18.0,0.069230769,0.084615384,,,,,,,,,-5.0,,,,,,,
,0.29,1.4621615182139802,-1.8827160596847536,0.0914254933595657,,,,,104.37119461581072,0.3530922031202236,,,,,0.732097623,0.387559808,0.344537815,0.253588516,0.133971292,0.310975609,65,248,209,35,24,2,18,81,53,35,10,6,9,25,,43.0,0.173387096,0.100806451,,,,,,,,,0.0,,,,,,,
,0.46,-8.464419913181704,-3.798722743988037,1.274723645299673,,,,,87.26897445243625,0.3216241293437715,,,,,0.645479238,0.3046875,0.340791738,0.251953125,0.052734375,0.270212765,143,605,512,66,70,2,21,156,129,108,17,2,30,66,,40.0,0.066115702,0.109090909,,,,,,,,,0.0,,,,,,,
,0.42,-6.937795310454483,-4.740740776062012,-0.4845609404146671,,,,,90.60783907364376,0.3382660349969882,,,,,0.693320043,0.351063829,0.342256214,0.268085106,0.082978723,,132,542,470,69,62,3,26,165,126,100,16,7,18,42,,,,0.077490774,,,,,,,,,-9.0,,,,,,,
,1.62,-19.452290213586913,10.654321193695068,-1.8438455201685429,,,,,70.0642329525528,0.2921981845360135,,,,,0.582958781,0.270731707,0.312227074,0.231707317,0.03902439,,125,464,410,35,31,0,14,111,95,81,12,2,8,46,,,,0.099137931,,,,,,,,,3.0,,,,,,,
,0.57,-0.1718011904945617,-1.537037014961243,3.4375854395329952,,,,,89.04916006998603,0.3224193646061805,,,,,0.641705068,0.294930875,0.346774193,0.253456221,0.041474654,,73,260,217,39,21,2,5,64,55,50,3,0,28,29,,,,0.111538461,,,,,,,,,-2.0,,,,,,,
,0.6499999999999999,-8.929623984170409,-2.228395164012909,0.0226721242070198,,,,,86.57432691245788,0.3200413964438955,,,,,0.659353466,0.339826839,0.319526627,0.253246753,0.086580086,,130,526,462,54,64,2,28,157,117,89,18,8,18,43,,,,0.081749049,,,,,,,,,4.0,,,,,,,
,0.5,3.309699181282035,-6.129629611968994,-0.2158075682818889,,,,,109.82703467555947,0.3702120639029003,,,,,0.769526172,0.403225806,0.366300366,0.302419354,0.100806452,,70,283,248,32,25,2,17,100,75,58,11,4,10,20,,,,0.070671378,,,,,,,,,-4.0,,,,,,,
,2.85,-9.465783307801136,5.024691343307495,-2.629826568067074,,,,,84.72806593279788,0.3166377761302499,,,,,0.649634844,0.320121951,0.329512893,0.286585365,0.033536586,0.303225806,107,354,328,24,34,0,9,105,94,85,7,2,1,20,,18.0,0.050847457,0.056497175,,,,,,,,,2.0,,,,,,,
,0.78,-6.46007207383334,6.320987701416016,-0.4149132706224918,,,,,78.56118149119584,0.3086663011564027,,,,,0.6326492,0.329896907,0.302752293,0.216494845,0.113402062,0.251572327,81,223,194,23,19,2,13,64,42,29,6,5,5,21,,33.0,0.147982062,0.094170403,,,,,,,,,4.0,,,,,,,
,1.86,-12.700592737247494,5.839506149291992,-1.4026829227805138,,,,,78.67534186858136,0.306989499941248,,,,,0.644766486,0.356589147,0.288177339,0.253229974,0.103359173,0.276470588,116,419,387,41,41,4,27,138,98,71,18,5,5,18,,43.0,0.102625298,0.042959427,,,,,,,,,3.0,,,,,,,
,0.52,0.3352707046782495,-3.0617284774780273,0.4375853948295116,,,,,99.69996419344042,0.3409441507670034,,,,,0.683480032,0.320930232,0.3625498,0.255813953,0.065116279,,74,269,215,42,21,1,10,69,55,45,7,2,13,35,,,,0.130111524,,,,,,,,,-1.0,,,,,,,
,0.83,0.1224251381983594,2.1728395223617554,-0.8809837438166142,,,,,106.38327609633544,0.3520142913849886,,,,,0.738842975,0.4,0.338842975,0.304347826,0.095652174,,39,124,115,11,18,1,8,46,35,27,6,1,0,6,,,,0.048387096,,,,,,,,,1.0,,,,,,,
,0.6,4.051431640060601,-0.4691357910633087,-0.134376686066389,,,,,136.37775904221107,0.4034875873680953,,,,,0.82330827,0.394736842,0.428571428,0.315789473,0.078947369,0.358208955,19,91,76,16,1,0,4,30,24,20,2,2,4,14,,9.0,0.098901098,0.153846153,,,,,,,,,0.0,,,,,,,
,0.55,-0.2019320708601375,-0.8086419105529785,-0.8022357635200024,,,,,102.11001961951136,0.3451309306202111,,,,,0.69679524,0.32642487,0.37037037,0.295336787,0.031088083,0.337278106,70,225,193,25,19,0,5,63,57,52,4,1,6,20,,24.0,0.106666666,0.088888888,,,,,,,,,-3.0,,,,,,,
,0.61,-2.850254302870332,5.811173915863037,-0.8008943125605583,,,,,84.11028607930639,0.315585720539093,,,,,0.641111111,0.311111111,0.33,0.255555555,0.055555556,0.306666666,36,102,90,7,12,0,3,28,23,20,1,2,0,10,,15.0,0.147058823,0.098039215,,,,,,,,,0.0,,,,,,,
,1.14,-17.91892084859691,2.6111106872558594,-0.0845609344542026,,,,,76.93703895681647,0.3114573871987497,,,,,0.643221202,0.332110091,0.311111111,0.260550458,0.071559633,,140,610,545,89,50,1,29,181,142,113,20,8,20,34,,,,0.055737704,,,,,,,,,-6.0,,,,,,,
,0.56,-5.784795524008249,6.654320955276489,-0.5877696461975574,,,,,73.20518134810709,0.2953685828157373,,,,,0.594130389,0.290076335,0.304054054,0.213740458,0.076335877,,43,153,131,14,8,0,8,38,28,20,6,2,2,15,,,,0.098039215,,,,,,,,,4.0,,,,,,,
,0.5,2.64407567004737,0.5864197611808777,1.6791951544582844,,,,,109.63460288489,0.3707508574693631,,,,,0.761426978,0.376811594,0.384615384,0.304347826,0.072463768,,19,79,69,19,6,0,3,26,21,18,1,2,12,8,,,,0.101265822,,,,,,,,,0.0,,,,,,,
,0.2,-7.280152720761624,2.6543209552764893,-1.4560758769512177,,,,,85.14189581064771,0.3198730073227788,,,,,0.635633245,0.294573643,0.341059602,0.22868217,0.065891473,0.25,97,310,258,36,27,1,11,76,59,48,6,4,5,42,,25.0,0.080645161,0.13548387,,,,,,,,,0.0,,,,,,,
,0.77,0.6823209394104155,-6.024691343307495,0.917674832046032,,,,,99.38114699437077,0.3468769865782082,,,,,0.719446398,0.379310344,0.340136054,0.25670498,0.122605364,,80,300,261,34,38,1,22,99,67,45,13,8,15,29,,,,0.096666666,,,,,,,,,-8.0,,,,,,,
,0.3,1.8333159623002528,-1.481481432914734,-0.0547344051301479,,,,,109.88859579845844,0.3726030719280243,,,,,0.753333332,0.366666666,0.386666666,0.233333333,0.133333333,0.278350515,32,151,120,16,4,1,11,44,28,17,7,3,6,29,,22.0,0.145695364,0.19205298,,,,,,,,,0.0,,,,,,,
,0.54,-3.9366173793351993,5.697229385375977,-0.6407154500484467,,,,,73.93412685182035,0.2989153911157982,,,,,0.61765039,0.318681318,0.298969072,0.252747252,0.065934066,0.29113924,53,100,91,8,6,0,5,29,23,18,4,1,0,6,,12.0,0.12,0.06,,,,,,,,,0.0,,,,,,,
,0.42,4.608945888677664,-2.6913580298423767,-0.0674119181931018,,,,,139.34394248624525,0.4227644069039303,,,,,0.908524669,0.528089887,0.380434782,0.359550561,0.168539326,0.385542168,20,94,89,9,12,0,10,47,32,22,5,5,3,2,,6.0,0.063829787,0.021276595,,,,,,,,,-2.0,,,,,,,
,0.25,2.2903529702753898,-1.104938268661499,-0.3343766890466213,,,,,118.05031291849777,0.3733842952229152,,,,,0.768594236,0.385416666,0.38317757,0.3125,0.072916666,0.375,36,115,96,9,15,0,6,37,30,24,5,1,3,9,,16.0,0.139130434,0.078260869,,,,,,,,,-2.0,,,,,,,
,0.52,-1.4731942697845517,3.988060474395752,-0.5873224958777428,,,,,90.01702007599161,0.3295166705335889,,,,,0.676190475,0.333333333,0.342857142,0.303030303,0.03030303,,34,70,66,6,5,0,2,22,20,18,2,0,0,3,,,,0.042857142,,,,,,,,,0.0,,,,,,,
,0.45,-3.018140238762059,4.8996171951293945,-0.5339295417070389,,,,,77.21351432103245,0.3119294198162584,,,,,0.637577336,0.324324324,0.313253012,0.229729729,0.094594595,,36,86,74,11,5,0,6,24,17,11,5,1,0,9,,,,0.104651162,,,,,,,,,0.0,,,,,,,
,0.33,-3.025289298274645,0.6975308656692505,0.4113360680639744,,,,,87.64600255122605,0.3347247816999936,,,,,0.656589861,0.297142857,0.359447004,0.205714285,0.091428572,0.259259259,54,220,175,28,21,1,11,52,36,25,7,3,11,40,,39.0,0.177272727,0.181818181,,,,,,,,,-1.0,,,,,,,
,0.36,1.810121877848987,-5.580246925354004,-0.5492899566888809,,,,,107.62783518538586,0.3673246577693827,,,,,0.735797996,0.338308457,0.397489539,0.283582089,0.054726368,,69,244,201,32,15,1,7,68,57,50,4,2,9,37,,,,0.151639344,,,,,,,,,-4.0,,,,,,,
,0.76,-4.591519368262068,-8.382716178894043,5.609547544270754,,,,,84.03376808038875,0.3138564728802035,,,,,0.656203626,0.349785407,0.306418219,0.281115879,0.068669528,,120,504,466,64,60,3,21,163,131,110,13,5,45,15,,,,0.029761904,,,,,,,,,-3.0,,,,,,,
,0.38,-1.824523113047736,4.1020050048828125,-0.2805365845561027,,,,,83.08397244698351,0.3245530313169452,,,,,0.657276994,0.333333333,0.323943661,0.2,0.133333333,,24,72,60,11,6,1,5,20,12,7,3,1,1,11,,,,0.152777777,,,,,,,,,0.0,,,,,,,
,0.030000000000000006,-1.1874822323351226,-0.3333333730697632,-0.7750921361148357,,,,,98.30134573076958,0.347357239633958,,,,,0.696027982,0.327044025,0.368983957,0.257861635,0.06918239,0.280821917,69,192,159,13,20,0,10,52,41,31,9,1,4,25,,13.0,0.067708333,0.130208333,,,,,,,,,-2.0,,,,,,,
,0.44,-0.9276542997636924,3.5322821140289307,-0.4271436333656311,,,,,93.61560653416866,0.3324322023634183,,,,,0.678605691,0.339622641,0.33898305,0.264150943,0.075471698,0.325581395,26,62,53,9,2,0,4,18,14,10,4,0,0,5,,10.0,0.161290322,0.080645161,,,,,,,,,0.0,,,,,,,
,0.45,-3.5500581575374133,5.184478759765625,-0.453840110450983,,,,,73.09158344494193,0.3099391595883803,,,,,0.653138528,0.369047619,0.284090909,0.25,0.119047619,0.33898305,42,91,84,6,5,1,8,31,21,13,7,0,0,4,,24.0,0.263736263,0.043956043,,,,,,,,,0.0,,,,,,,
,0.09000000000000001,-3.49416986224878,-3.2469136714935303,0.3307994864881038,,,,,91.20638366423108,0.3348313658984739,,,,,0.699807413,0.377419354,0.322388059,0.267741935,0.109677419,0.301115241,101,344,310,48,36,2,23,117,83,60,14,7,13,23,,39.0,0.113372093,0.066860465,,,,,,,,,-1.0,,,,,,,
,0.3,-17.73472306972009,0.1234567165374755,0.4213306792080402,,,,,77.26639635748937,0.3044946003609743,,,,,0.619755244,0.302447552,0.317307692,0.255244755,0.047202797,,139,630,572,84,36,0,19,173,146,127,11,8,26,51,,,,0.08095238,,,,,,,,,4.0,,,,,,,
,1.07,0.7920969313642239,0.0,-0.4941084012389183,,,,,109.66291991815996,0.3644312891093167,,,,,0.763888888,0.420454545,0.343434343,0.261363636,0.159090909,,44,105,88,15,11,2,8,37,23,15,4,2,1,10,,,,0.095238095,,,,,,,,,0.0,,,,,,,
,0.3,-11.496949876714211,-5.3086419105529785,-2.845186986029148,,,,,89.40819229628352,0.3271383479548496,,,,,0.669200178,0.336936936,0.332263242,0.25045045,0.086486486,0.280163599,155,646,555,69,66,2,33,187,139,106,20,11,9,66,,64.0,0.099071207,0.102167182,,,,,,,,,2.0,,,,,,,
,0.22,-2.405993739320682,-3.2530863285064697,0.0108889117836952,,,,,93.67083208124242,0.3325262493693951,,,,,0.67611352,0.335907335,0.340206185,0.258687258,0.077220077,0.298642533,86,302,259,42,37,1,17,87,67,50,15,1,11,25,,37.0,0.122516556,0.082781456,,,,,,,,,-1.0,,,,,,,
,0.37,-8.095696340659952,7.634286880493164,-0.3606260158121586,,,,,54.46484264313269,0.2688176371157169,,,,,0.578125,0.34375,0.234375,0.234375,0.109375,,42,134,128,18,15,1,9,44,30,21,5,3,1,0,,,,0.0,,,,,,,,,0.0,,,,,,,
,-0.2,3.2640565797453363,-5.617284059524536,2.251604385674,,,,,104.0035248356086,0.3498138430142643,,,,,0.71323702,0.354651162,0.358585858,0.261627906,0.093023256,0.295302013,88,200,172,28,20,1,13,61,45,32,11,1,19,26,,22.0,0.11,0.13,,,,,,,,,-3.0,,,,,,,
,0.4,-5.570963097516507,6.096035003662109,-0.6140189729630947,,,,,63.3622965943064,0.2832556097012645,,,,,0.593973254,0.320388349,0.273584905,0.252427184,0.067961165,0.302325581,40,107,103,9,10,0,6,33,26,20,5,1,0,3,,17.0,0.158878504,0.028037383,,,,,,,,,0.0,,,,,,,
,0.48,-6.434463917289942,6.608785629272461,-0.7741978354752064,,,,,61.409815510140085,0.279458177300681,,,,,0.55936213,0.267326732,0.292035398,0.207920792,0.05940594,0.2625,43,116,101,8,15,0,4,27,21,17,2,2,0,11,,21.0,0.181034482,0.094827586,,,,,,,,,0.0,,,,,,,
,0.39,-1.2631777121335943,3.07650375366211,-0.3203577250242233,,,,,86.22719513400799,0.3244189482468825,,,,,0.669394434,0.361702127,0.307692307,0.234042553,0.127659574,,25,54,47,4,6,1,4,17,11,7,3,0,0,3,,,,0.055555555,,,,,,,,,0.0,,,,,,,
,0.1,-22.68010249328839,7.3333330154418945,1.1959756650030613,,,,,67.21776907529777,0.2893489012970541,,,,,0.597175961,0.310679611,0.28649635,0.240776699,0.069902912,0.271910112,136,576,515,61,46,3,22,160,124,102,11,8,24,26,,67.0,0.116319444,0.045138888,,,,,,,,,-1.0,,,,,,,
,0.1,1.0377937970310862,-1.0123456716537476,0.3190162740647793,,,,,105.51893475429064,0.3550467609178901,,,,,0.73192803,0.365591397,0.366336633,0.311827956,0.053763441,0.337209302,42,103,93,12,10,0,4,34,29,25,3,1,6,8,,7.0,0.067961165,0.077669902,,,,,,,,,0.0,,,,,,,
,0.71,-5.861573300226797,-4.543210029602051,1.636243961751461,,,,,84.87325563162669,0.3276079148054123,,,,,0.656219451,0.302052785,0.354166666,0.272727272,0.029325513,,98,391,341,78,19,0,10,103,93,83,10,0,25,41,,,,0.104859335,,,,,,,,,0.0,,,,,,,
,0.34,-1.1090295766007,2.7346699237823486,-0.3470542021095752,,,,,87.47761441720205,0.3320543952286243,,,,,0.682170542,0.348837209,0.333333333,0.255813953,0.093023256,,20,48,43,6,4,0,3,15,11,8,2,1,0,4,,,,0.083333333,,,,,,,,,0.0,,,,,,,
,0.36,-4.49343868069484,4.671728134155273,-0.5072330646216869,,,,,61.65283891122946,0.2778372220051141,,,,,0.584104938,0.3125,0.271604938,0.2625,0.05,,30,82,80,7,10,0,3,25,21,18,2,1,0,1,,,,0.012195121,,,,,,,,,0.0,,,,,,,
,0.32,-3.0138146737141285,3.7031989097595215,-0.3737506791949272,,,,,67.96029777640938,0.2867543032911957,,,,,0.600722422,0.322033898,0.278688524,0.254237288,0.06779661,,27,65,59,9,7,0,3,19,15,12,2,1,0,2,,,,0.03076923,,,,,,,,,0.0,,,,,,,
,0.34,-3.4945847547047397,3.988060474395752,-0.1339295357465744,,,,,62.12843148346809,0.286174318064814,,,,,0.581270902,0.276923076,0.304347826,0.261538461,0.015384615,,30,70,65,8,5,0,1,18,17,16,1,0,2,4,,,,0.057142857,,,,,,,,,0.0,,,,,,,
,0.29,-3.0049634382138892,3.760171201080084,-0.3470542021095752,,,,,68.14193370816949,0.2890725624365884,,,,,0.600117095,0.321428571,0.278688524,0.214285714,0.107142857,0.285714285,36,66,56,3,6,0,4,18,12,8,2,2,0,5,,14.0,0.215384615,0.075757575,,,,,,,,,0.0,,,,,,,
,0.29,-0.6888040830722533,2.221919298171997,-0.3203577250242233,,,,,92.54758494381674,0.3338371609386645,,,,,0.693456614,0.351351351,0.342105263,0.324324324,0.027027027,,21,39,37,3,4,0,1,13,12,11,1,0,0,1,,,,0.025641025,,,,,,,,,0.0,,,,,,,
,0.31,1.485802536251784,1.0,-0.1334823854267597,,,,,206.44601301563816,0.5228536562486128,,,,,1.1010101,0.555555555,0.545454545,0.444444444,0.111111111,,3,12,9,2,3,0,1,5,4,3,1,0,0,2,,,,0.166666666,,,,,,,,,1.0,,,,,,,
,-0.05,1.117826178953186,-0.3209876418113708,-0.3737506791949272,,,,,119.66040151750045,0.3761262148618698,,,,,0.796428571,0.446428571,0.35,0.303571428,0.142857143,0.34,37,60,56,5,10,0,7,25,17,10,6,1,0,3,,6.0,0.1,0.05,,,,,,,,,-1.0,,,,,,,
,0.33,-2.662878233300104,3.19044828414917,-0.4004471562802791,,,,,68.13054004173867,0.2888967470689253,,,,,0.574397031,0.265306122,0.309090909,0.224489795,0.040816327,,29,56,49,4,3,0,2,13,11,9,2,0,0,6,,,,0.107142857,,,,,,,,,0.0,,,,,,,
,0.27,1.0227694013968134,-0.3703703582286834,-0.147054199129343,,,,,120.50667452701332,0.3829450756311416,,,,,0.802660753,0.43902439,0.363636363,0.31707317,0.12195122,,12,45,41,9,4,1,3,18,13,10,2,0,1,2,,,,0.044444444,,,,,,,,,0.0,,,,,,,
,0.21,-4.249281919629103,3.9310882091522217,-0.453840110450983,,,,,56.608903982342085,0.2793515505212726,,,,,0.573593072,0.285714285,0.287878787,0.253968253,0.031746032,,30,69,63,4,3,0,2,18,16,14,2,0,0,3,,,,0.04347826,,,,,,,,,0.0,,,,,,,
,0.26,-14.770919881765106,3.0,0.0235664248466491,,,,,70.45457999260695,0.3038579217738506,,,,,0.622442693,0.310924369,0.311518324,0.263305322,0.047619047,,102,395,357,36,39,0,15,111,94,79,13,2,14,20,,,,0.050632911,,,,,,,,,3.0,,,,,,,
,0.32,-1.3762277852237823,1.0,-0.2674119211733341,,,,,87.5046402467248,0.3265999590649324,,,,,0.638833498,0.27118644,0.367647058,0.27118644,0.0,,18,70,59,7,6,0,0,16,16,16,0,0,2,7,,,,0.1,,,,,,,,,1.0,,,,,,,
,0.2,-4.896513059727836,-3.160493850708008,0.2642818689346313,,,,,85.76564009134981,0.3190055506509394,,,,,0.63343694,0.295358649,0.338078291,0.215189873,0.080168776,,76,286,237,31,34,0,15,70,51,36,11,4,12,43,,,,0.15034965,,,,,,,,,0.0,,,,,,,
,0.42,-2.59753962899546,1.8024691343307495,-0.3606260158121586,,,,,77.9429920828624,0.3037979821615581,,,,,0.612230343,0.295774647,0.316455696,0.239436619,0.056338028,,27,80,71,9,8,0,4,21,17,13,4,0,1,7,,,,0.0875,,,,,,,,,1.0,,,,,,,
,0.13,-2.355538777291316,1.3395061492919922,-0.1873224899172783,,,,,80.29023952012821,0.3090803265571594,,,,,0.624313724,0.306666666,0.317647058,0.226666666,0.08,0.242857142,37,87,75,8,4,0,5,23,17,12,4,1,2,9,,5.0,0.057471264,0.103448275,,,,,,,,,0.0,,,,,,,
,0.19,-0.0039925439689746,1.1394457817077637,-0.0800894312560558,,,,,103.00908803349256,0.356592983007431,,,,,0.77368421,0.47368421,0.3,0.263157894,0.210526316,0.294117647,12,20,19,2,1,0,3,9,5,2,2,1,0,1,,2.0,0.1,0.05,,,,,,,,,0.0,,,,,,,
,0.15000000000000002,-1.464915852221212,2.0510024428367615,-0.1334823854267597,,,,,70.75073446822326,0.3048369568936965,,,,,0.651802656,0.387096774,0.264705882,0.193548387,0.193548387,0.3,25,36,31,4,4,0,4,12,6,2,2,2,0,3,,11.0,0.305555555,0.083333333,,,,,,,,,0.0,,,,,,,
,0.76,-2.7737281399299114,0.3703703582286834,-0.3741978295147419,,,,,85.05759456459046,0.3175496444350383,,,,,0.666763382,0.371681415,0.295081967,0.238938053,0.132743362,0.263157894,61,127,113,12,21,2,7,42,27,20,1,4,2,8,,16.0,0.125984251,0.062992125,,,,,,,,,0.0,,,,,,,
,0.18,0.4939032917787276,0.7976120710372925,-0.0800894312560558,,,,,132.42472844763628,0.4008663041251046,,,,,0.857142857,0.5,0.357142857,0.357142857,0.142857143,0.384615384,5,14,14,1,0,0,2,7,5,3,2,0,0,0,,1.0,0.071428571,0.0,,,,,,,,,0.0,,,,,,,
,0.1,-3.3053741433869774,-7.086419582366943,1.5973171219229698,,,,,88.72470796752883,0.3341835861404736,,,,,0.699007935,0.374603174,0.324404761,0.279365079,0.095238095,,95,343,315,37,36,1,19,118,88,69,9,9,20,17,,,,0.049562682,,,,,,,,,-3.0,,,,,,,
,0.09,-3.039014449138123,0.8641974925994873,0.2524986565113067,,,,,78.12507241468344,0.3042854778787009,,,,,0.632478632,0.333333333,0.299145299,0.261261261,0.072072072,0.295918367,28,119,111,10,19,0,7,37,29,22,6,1,5,5,,13.0,0.109243697,0.042016806,,,,,,,,,0.0,,,,,,,
,0.31,-5.454877918406891,-3.5061728954315186,-1.0556287206709385,,,,,89.26179847725983,0.3331818718176622,,,,,0.693960162,0.370242214,0.323717948,0.269896193,0.100346021,0.298449612,94,324,289,29,31,1,24,107,78,54,20,3,5,21,,30.0,0.092592592,0.064814814,,,,,,,,,-2.0,,,,,,,
,0.17,0.782375142502421,0.5697228908538818,-0.0800894312560558,,,,,168.20861984583456,0.4719198544820149,,,,,0.999999999,0.555555555,0.444444444,0.444444444,0.111111111,0.666666666,8,10,9,0,2,0,1,5,4,3,1,0,0,0,,3.0,0.3,0.0,,,,,,,,,0.0,,,,,,,
,0.18,0.5883875553438238,0.6836674809455872,-0.1601788625121116,,,,,149.33408646416282,0.4291898662393743,,,,,0.712121211,0.166666666,0.545454545,0.166666666,0.0,0.333333333,11,12,6,1,3,0,0,1,1,1,0,0,0,5,,3.0,0.25,0.416666666,,,,,,,,,0.0,,,,,,,
,0.81,-17.698734797029847,5.882716059684753,0.0507100522518157,,,,,63.53796334432904,0.284308380479787,,,,,0.585226268,0.303724928,0.28150134,0.23209169,0.071633238,,106,384,349,40,28,2,17,106,81,64,11,4,12,20,,,,0.052083333,,,,,,,,,4.0,,,,,,,
,0.15,-0.227447618821351,1.2160493731498718,0.0131246633827686,,,,,90.01198097810011,0.3337805302519547,,,,,0.662538699,0.294117647,0.368421052,0.294117647,0.0,,13,19,17,5,1,0,0,5,5,5,0,0,1,1,,,,0.052631578,,,,,,,,,1.0,,,,,,,
,0.27,2.6778494620987594,-3.555555522441864,-0.7208048813045025,,,,,138.29978454918904,0.4086982789246932,,,,,0.851059085,0.43076923,0.420289855,0.384615384,0.046153846,,18,70,65,7,11,0,2,28,25,23,1,1,0,4,,,,0.057142857,,,,,,,,,-3.0,,,,,,,
,0.12,0.0622338071245889,0.6790123581886292,-0.0669647678732872,,,,,103.91987076756264,0.3481488923231761,,,,,0.638888888,0.222222222,0.416666666,0.222222222,0.0,,7,26,18,2,0,0,0,4,4,4,0,0,1,6,,,,0.23076923,,,,,,,,,1.0,,,,,,,
,0.12,-0.2312452189136957,1.1394457817077637,-0.1601788625121116,,,,,97.19701078029354,0.3460476934909821,,,,,0.718421052,0.368421052,0.35,0.315789473,0.052631579,,12,20,19,2,2,0,1,7,6,5,1,0,0,1,,,,0.05,,,,,,,,,0.0,,,,,,,
,0.35,0.5333241001349802,-0.0493827164173126,-0.2669647708535194,,,,,118.61512073142404,0.377349067479372,,,,,0.788793103,0.413793103,0.375,0.310344827,0.103448276,0.391304347,29,34,29,2,0,0,2,12,9,7,1,1,0,3,,6.0,0.176470588,0.088235294,,,,,,,,,0.0,,,,,,,
,0.18,0.1504152887414213,-0.7160493731498718,0.1194634214043617,,,,,100.4012869319739,0.345859169960022,,,,,0.69398907,0.333333333,0.360655737,0.235294117,0.098039216,0.3,28,61,51,10,3,0,4,17,12,8,3,1,3,8,,11.0,0.180327868,0.13114754,,,,,,,,,0.0,,,,,,,
,0.18,-1.2056295404579145,-0.3765432238578796,-0.2538401074707508,,,,,91.16697770372456,0.3328527503070377,,,,,0.712253193,0.414634146,0.297619047,0.280487804,0.134146342,,27,85,82,5,7,0,8,34,23,15,5,3,1,1,,,,0.011764705,,,,,,,,,-1.0,,,,,,,
,0.2,-8.81889780382778,6.4948410987854,-0.5072330646216869,,,,,42.339133755285026,0.2433433855805441,,,,,0.512760603,0.288461538,0.224299065,0.201923076,0.086538462,0.227272727,48,114,104,6,9,1,5,30,21,16,2,2,0,3,,15.0,0.131578947,0.026315789,,,,,,,,,0.0,,,,,,,
,0.19,0.0615981232601532,-0.4444444477558136,-0.453840110450983,,,,,107.972487143566,0.3550680155555407,,,,,0.685307017,0.289473684,0.395833333,0.236842105,0.052631579,,25,51,38,8,1,0,2,11,9,7,2,0,0,8,,,,0.156862745,,,,,,,,,0.0,,,,,,,
,0.45,-8.770517418552608,-4.037036895751953,-2.4705420061945915,,,,,88.4667128652843,0.3361224201463517,,,,,0.680294231,0.327913279,0.352380952,0.262872628,0.065040651,0.273504273,102,432,369,52,36,1,18,121,97,79,13,4,5,50,,17.0,0.039351851,0.11574074,,,,,,,,,-1.0,,,,,,,
,0.3,-0.6077568111651889,-1.8024691343307495,-0.0805365815758705,,,,,96.1131689648483,0.3366721197962761,,,,,0.724390707,0.445544554,0.278846153,0.257425742,0.188118812,,26,107,101,12,15,3,11,45,26,15,6,2,2,2,,,,0.018691588,,,,,,,,,-1.0,,,,,,,
,-0.25,-18.566980621557377,2.444444179534912,2.049368631094694,,,,,69.35228310338688,0.2904534028414893,,,,,0.58661559,0.2860262,0.30058939,0.222707423,0.063318777,0.246341463,136,532,458,49,53,1,20,131,102,82,12,7,28,51,,47.0,0.088345864,0.095864661,,,,,,,,,-2.0,,,,,,,
,0.55,-16.275862585529232,0.3580248355865478,-1.0836666487157345,,,,,75.64193283072308,0.3092462233347109,,,,,0.644041252,0.338427947,0.305613305,0.270742358,0.067685589,,126,492,458,48,79,0,24,155,124,100,17,7,11,21,,,,0.042682926,,,,,,,,,4.0,,,,,,,
,0.13,0.1376160428025387,0.7406398057937622,-0.1334823854267597,,,,,116.45019388125102,0.3695421952467698,,,,,0.769230768,0.384615384,0.384615384,0.384615384,0.0,,7,13,13,2,2,0,0,5,5,5,0,0,0,0,,,,0.0,,,,,,,,,0.0,,,,,,,
,0.14,-1.3968488994471209,0.1851851791143417,0.1592845618724823,,,,,84.01715407097092,0.3179576149234524,,,,,0.642010163,0.304347826,0.337662337,0.260869565,0.043478261,0.295081967,26,77,69,9,8,0,2,21,18,16,1,1,4,8,,8.0,0.103896103,0.103896103,,,,,,,,,0.0,,,,,,,
,0.12,1.0318195746874663,0.1139445826411247,-0.0266964770853519,,,,,518.567447132644,1.0584526658058169,,,,,3.0,2.0,1.0,1.0,1.0,1.0,3,2,1,0,1,0,1,2,1,0,1,0,0,1,,0.0,0.0,0.5,,,,,,,,,0.0,,,,,,,
,0.33,-0.3599283355670415,0.0617283955216407,-0.147054199129343,,,,,96.0018325206252,0.3474753215199425,,,,,0.716117215,0.358974358,0.357142857,0.307692307,0.051282051,,18,42,39,5,4,0,2,14,12,10,2,0,1,3,,,,0.071428571,,,,,,,,,0.0,,,,,,,
,0.29,-7.726496268757747,-1.8148148208856585,-0.2692005224525928,,,,,80.52121798093675,0.3201775828856882,,,,,0.648189045,0.3125,0.335689045,0.265625,0.046875,,74,302,256,29,25,0,10,80,68,58,8,2,10,21,,,,0.069536423,,,,,,,,,-2.0,,,,,,,
,0.2,-1.3623059536028777,-0.1358024626970291,-0.2271436303853988,,,,,87.89921284645708,0.3301733536263034,,,,,0.698428686,0.397058823,0.301369863,0.25,0.147058823,,27,74,68,7,7,1,6,27,17,11,3,2,1,5,,,,0.067567567,,,,,,,,,0.0,,,,,,,
,0.01,0.1219059879389945,-2.4320987462997437,-0.7208048813045025,,,,,106.92460071070498,0.3551307207659671,,,,,0.732910589,0.385542168,0.347368421,0.253012048,0.13253012,,58,96,83,10,15,2,6,32,21,15,3,1,0,11,,,,0.114583333,,,,,,,,,-2.0,,,,,,,
,0.04,-11.812081723590603,3.561728239059448,-0.1085745096206665,,,,,65.16165410345351,0.294821190169133,,,,,0.600114823,0.301310043,0.29880478,0.231441048,0.069868995,,83,265,229,17,18,0,11,69,53,42,6,5,8,14,,,,0.052830188,,,,,,,,,1.0,,,,,,,
,0.04,-1.338425989137065,-4.851851940155029,-0.2017886042594909,,,,,95.8575221096512,0.335590816653052,,,,,0.698919426,0.368686868,0.330232558,0.272727272,0.095959596,0.317365269,73,217,198,27,11,1,11,73,54,43,4,6,7,17,,30.0,0.138248847,0.078341013,,,,,,,,,-8.0,,,,,,,
,0.11,0.5929910481834288,0.2848614454269409,-0.0800894312560558,,,,,206.1901818746788,0.5347350358963012,,,,,1.1,0.5,0.6,0.5,0.0,,5,5,4,2,0,0,0,2,2,2,0,0,0,1,,,,0.2,,,,,,,,,0.0,,,,,,,
,0.02,-2.599401621766196,-1.580246925354004,0.919016283005476,,,,,81.11932742295058,0.3185979025117282,,,,,0.66435053,0.360902255,0.303448275,0.240601503,0.120300752,,38,147,133,21,11,1,11,48,32,21,7,3,9,11,,,,0.074829931,,,,,,,,,0.0,,,,,,,
,0.11,-3.2006276245484027,2.563753128051758,-0.2135718166828155,,,,,47.637762464038474,0.2571616093317667,,,,,0.539898989,0.295454545,0.244444444,0.227272727,0.068181818,,28,45,44,1,10,0,3,13,10,7,3,0,0,1,,,,0.022222222,,,,,,,,,0.0,,,,,,,
,0.12,-1.7470436852908564,-5.716049462556839,-0.0950026959180831,,,,,94.47800271035727,0.3338939468417547,,,,,0.6965745,0.37799043,0.31858407,0.263157894,0.114832536,,65,236,209,30,15,3,16,79,55,39,11,2,7,15,,,,0.063559322,,,,,,,,,-3.0,,,,,,,
,0.1,0.0594321664401022,0.5127506256103516,-0.1067859083414077,,,,,114.6060820212676,0.3806367715199788,,,,,0.730158729,0.285714285,0.444444444,0.285714285,0.0,0.4,6,9,7,1,1,0,0,2,2,2,0,0,0,2,,2.0,0.222222222,0.222222222,,,,,,,,,0.0,,,,,,,
,0.15,-1.2299747350193744,-0.6172839403152466,0.1859810389578342,,,,,85.4940446223241,0.3185418495884189,,,,,0.608713866,0.258064516,0.35064935,0.193548387,0.064516129,,20,77,62,11,5,0,4,16,12,8,4,0,4,12,,,,0.155844155,,,,,,,,,0.0,,,,,,,
,0.01,-5.810142970985766,4.1020050048828125,-0.4004471562802791,,,,,40.73098322665067,0.2467422407606373,,,,,0.477536231,0.216666666,0.260869565,0.15,0.066666666,,31,72,60,2,6,0,3,13,9,6,2,1,0,8,,,,0.111111111,,,,,,,,,0.0,,,,,,,
,0.09,0.6819157450619534,0.0,0.0,,,,,234.4801238546513,0.576161781946818,,,,,1.333333333,1.0,0.333333333,0.333333333,0.666666667,,2,4,3,0,0,0,1,3,1,0,0,1,0,0,,,,0.0,,,,,,,,,0.0,,,,,,,
,0.08,0.7020308429475096,0.0569722913205623,0.3733035288751125,,,,,359.97631764508196,0.7857257723808289,,,,,1.0,0.0,1.0,0.0,0.0,0.0,2,1,0,1,0,0,0,0,0,0,0,0,2,0,,0.0,0.0,0.0,,,,,,,,,0.0,,,,,,,
,0.09,0.1066585502358036,0.3988060355186462,-0.0800894312560558,,,,,121.04482166601284,0.3867635982377188,,,,,0.761904761,0.333333333,0.428571428,0.333333333,0.0,,4,7,6,1,1,0,0,2,2,2,0,0,0,0,,,,0.0,,,,,,,,,0.0,,,,,,,
,0.08,-0.1003926329944553,0.5127506256103516,-0.0800894312560558,,,,,98.2204532815102,0.338418148458004,,,,,0.660714285,0.285714285,0.375,0.285714285,0.0,,5,9,7,3,2,0,0,2,2,2,0,0,0,0,,,,0.0,,,,,,,,,0.0,,,,,,,
,0.08,0.2705878817389263,0.2848614454269409,-0.0266964770853519,,,,,147.02188689047836,0.4233810663223266,,,,,0.9,0.5,0.4,0.25,0.25,0.25,3,5,4,0,0,0,1,2,1,0,1,0,0,1,,0.0,0.0,0.2,,,,,,,,,0.0,,,,,,,
,0.03,-4.577581574709052,3.36136531829834,-0.2669647708535194,,,,,42.21895357984699,0.246776869422511,,,,,0.526315789,0.298245614,0.228070175,0.228070175,0.070175439,0.26,29,59,57,3,2,0,3,17,13,10,2,1,0,0,,7.0,0.118644067,0.0,,,,,,,,,0.0,,,,,,,
,0.0,0.3818318736814293,-0.0987654328346252,0.2665176205337047,,,,,107.01516087650218,0.3534841995972853,,,,,0.717948717,0.333333333,0.384615384,0.333333333,0.0,0.363636363,8,13,12,1,2,0,0,4,4,4,0,0,2,1,,1.0,0.076923076,0.076923076,,,,,,,,,0.0,,,,,,,
,-0.07,-1.547926438434729,0.5246913433074951,-0.2805365845561027,,,,,80.72453431490528,0.3186432356927909,,,,,0.635549871,0.282608695,0.352941176,0.282608695,0.0,0.333333333,20,52,46,2,5,0,0,13,13,13,0,0,1,5,,7.0,0.134615384,0.096153846,,,,,,,,,0.0,,,,,,,
,0.44,-3.4153679734174553,1.709876537322998,-0.1606260128319263,,,,,64.73923749425879,0.2832568442984803,,,,,0.540874944,0.225806451,0.315068493,0.193548387,0.032258064,0.25,27,73,62,4,5,0,2,14,12,10,2,0,2,9,,14.0,0.191780821,0.123287671,,,,,,,,,1.0,,,,,,,
,0.06,0.4967201387144064,0.0617283955216407,0.0,,,,,295.9156574962032,0.682424783706665,,,,,1.5,1.0,0.5,0.5,0.5,,1,2,2,0,0,0,1,2,1,0,1,0,0,0,,,,0.0,,,,,,,,,0.0,,,,,,,
,0.47,-9.803697794201051,2.037036895751953,-1.4017886221408844,,,,,72.03485922527473,0.2955626791638878,,,,,0.602315976,0.301886792,0.300429184,0.231132075,0.070754717,,70,237,212,11,17,0,10,64,49,39,5,5,1,17,,,,0.071729957,,,,,,,,,0.0,,,,,,,
,0.05,0.1070166055942533,0.2848614454269409,-0.0533929541707038,,,,,125.30740505216129,0.3843238830566406,,,,,0.8,0.4,0.4,0.4,0.0,,4,5,5,1,0,0,0,2,2,2,0,0,0,0,,,,0.0,,,,,,,,,0.0,,,,,,,
,0.18,-2.366593431236578,-0.5679012537002563,-0.0941083952784538,,,,,81.89272025949374,0.3123932273764359,,,,,0.622612085,0.296296296,0.326315789,0.209876543,0.086419753,,24,99,81,11,7,0,5,24,17,12,3,2,3,12,,,,0.121212121,,,,,,,,,0.0,,,,,,,
,0.06,0.0919445280815122,0.2848614454269409,-0.0533929541707038,,,,,122.98823482822432,0.3843238830566406,,,,,0.8,0.4,0.4,0.4,0.0,0.5,5,5,5,0,0,0,0,2,2,2,0,0,0,0,,1.0,0.2,0.0,,,,,,,,,0.0,,,,,,,
,0.05,0.4320308378721753,0.0569722913205623,-0.0266964770853519,,,,,462.7877363412792,0.9608097076416016,,,,,2.0,1.0,1.0,1.0,0.0,1.0,1,1,1,0,0,0,0,1,1,1,0,0,0,0,,0.0,0.0,0.0,,,,,,,,,0.0,,,,,,,
,0.05,0.4225511959578076,0.0569722913205623,-0.0266964770853519,,,,,455.2906945927237,0.9608097076416016,,,,,2.0,1.0,1.0,1.0,0.0,1.0,2,1,1,0,1,0,0,1,1,1,0,0,0,0,,0.0,0.0,0.0,,,,,,,,,0.0,,,,,,,
,0.06,-0.8844566653876028,0.8545843958854675,-0.0800894312560558,,,,,57.69901445881954,0.2692349831263224,,,,,0.552380951,0.285714285,0.266666666,0.214285714,0.071428571,,11,15,14,3,1,0,1,4,3,2,1,0,0,1,,,,0.066666666,,,,,,,,,0.0,,,,,,,
,0.05,-2.4387270716704927,1.722222238779068,-0.0135718137025833,,,,,45.34135308064602,0.2477960411240072,,,,,0.490512333,0.225806451,0.264705882,0.193548387,0.032258064,,9,35,31,4,4,0,1,7,6,5,1,0,1,3,,,,0.085714285,,,,,,,,,2.0,,,,,,,
,0.06,-3.7366822701404776,2.6776976510882378,-0.3203577250242233,,,,,42.51437466144412,0.2562159220377604,,,,,0.533333332,0.266666666,0.266666666,0.266666666,0.0,0.352941176,24,47,45,3,2,0,0,12,12,12,0,0,0,0,,11.0,0.234042553,0.0,,,,,,,,,0.0,,,,,,,
,0.05,0.4317990279580632,0.0,-0.0266964770853519,,,,,461.6783026438996,0.9608097076416016,,,,,2.0,1.0,1.0,1.0,0.0,,1,1,1,0,0,0,0,1,1,1,0,0,0,0,,,,0.0,,,,,,,,,,,,,,,,
,0.08,0.0023102624819699,0.0925925895571708,0.0932140946388244,,,,,93.4643693109556,0.3304077170111916,,,,,0.663636363,0.3,0.363636363,0.3,0.0,0.3,4,11,10,1,2,0,0,3,3,3,0,0,1,1,,0.0,0.0,0.09090909,,,,,,,,,0.0,,,,,,,
,0.09,-3.138652577977761,-0.1481481492519378,-0.4674119241535663,,,,,79.93167664155479,0.3191710456763164,,,,,0.66863282,0.361702127,0.306930693,0.255319148,0.106382979,,26,105,94,8,11,0,6,34,24,18,2,4,1,6,,,,0.057142857,,,,,,,,,0.0,,,,,,,
,0.06,-0.2155485141940575,0.3988060355186462,-0.0533929541707038,,,,,81.6797328989378,0.3202699025472005,,,,,0.666666666,0.333333333,0.333333333,0.333333333,0.0,0.333333333,4,7,6,0,1,0,0,2,2,2,0,0,0,0,,0.0,0.0,0.0,,,,,,,,,0.0,,,,,,,
,0.05,-0.0561086041977275,0.2848614454269409,-0.0533929541707038,,,,,99.5704617999082,0.3425730943679809,,,,,0.65,0.25,0.4,0.25,0.0,0.25,3,5,4,0,0,0,0,1,1,1,0,0,0,1,,0.0,0.0,0.2,,,,,,,,,0.0,,,,,,,
,0.02,-0.8132269698331362,-0.5061728358268738,-0.3470542021095752,,,,,92.33886639770598,0.3412214569423509,,,,,0.697826086,0.35,0.347826086,0.25,0.1,,13,48,40,4,2,0,3,14,10,7,2,1,0,6,,,,0.125,,,,,,,,,-1.0,,,,,,,
,0.07,-1.2840026744005564,-0.6913580298423767,-0.5339295417070389,,,,,91.76110231057034,0.3311452642083168,,,,,0.67204301,0.338709677,0.333333333,0.225806451,0.112903226,0.276595744,30,72,62,11,9,1,4,21,14,10,2,1,0,9,,14.0,0.194444444,0.125,,,,,,,,,0.0,,,,,,,
,0.05,-0.1530754822635362,0.3418337404727936,-0.0533929541707038,,,,,86.86089479145035,0.3202699025472005,,,,,0.666666666,0.333333333,0.333333333,0.333333333,0.0,0.333333333,8,6,6,0,0,0,0,2,2,2,0,0,0,0,,0.0,0.0,0.0,,,,,,,,,0.0,,,,,,,
,0.59,-3.633469087308517,-0.0493827164173126,-0.8945555575191975,,,,,82.53153946857455,0.3159001011493777,,,,,0.61027386,0.25490196,0.3553719,0.235294117,0.019607843,0.282352941,43,124,102,12,2,0,2,26,24,22,2,0,1,17,,17.0,0.137096774,0.137096774,,,,,,,,,0.0,,,,,,,
,0.04,-0.2680730636787788,0.3988060355186462,0.1466070488095283,,,,,53.26927259913128,0.2745170593261719,,,,,0.57142857,0.285714285,0.285714285,0.285714285,0.0,,5,7,7,0,0,0,0,2,2,2,0,0,1,0,,,,0.0,,,,,,,,,0.0,,,,,,,
,0.04,0.2768016937921695,0.0569722913205623,-0.0266964770853519,,,,,340.0236715935898,0.7520557641983032,,,,,1.0,0.0,1.0,0.0,0.0,0.0,1,1,0,0,0,0,0,0,0,0,0,0,0,1,,0.0,0.0,1.0,,,,,,,,,0.0,,,,,,,
,0.04,-0.0969346566250194,0.2848614454269409,-0.0533929541707038,,,,,93.1305372180644,0.3425730943679809,,,,,0.65,0.25,0.4,0.25,0.0,,2,5,4,1,0,0,0,1,1,1,0,0,0,1,,,,0.2,,,,,,,,,0.0,,,,,,,
,0.04,0.1700236527777525,0.1139445826411247,-0.0266964770853519,,,,,177.59007654615715,0.4804048538208008,,,,,1.0,0.5,0.5,0.5,0.0,,2,2,2,0,0,0,0,1,1,1,0,0,0,0,,,,0.0,,,,,,,,,0.0,,,,,,,
,-0.04,-0.0013119196420195,0.0617283955216407,-0.0266964770853519,,,,,102.86061182668723,0.3528175552686055,,,,,0.733333333,0.4,0.333333333,0.2,0.2,,2,7,5,0,3,0,1,2,1,0,1,0,0,1,,,,0.142857142,,,,,,,,,0.0,,,,,,,
,-0.020000000000000004,-1.1978299104259913,-0.339506171643734,-0.147054199129343,,,,,85.16047515462101,0.3253827701915394,,,,,0.686449399,0.37735849,0.309090909,0.283018867,0.094339623,0.326086956,26,56,53,4,3,0,4,20,15,11,3,1,1,2,,7.0,0.125,0.035714285,,,,,,,,,0.0,,,,,,,
,0.04,-0.0619044426680647,0.0987654328346252,0.5466070547699928,,,,,39.84429815520283,0.2402024269104004,,,,,0.5,0.25,0.25,0.25,0.0,0.285714285,8,8,8,2,0,0,0,2,2,2,0,0,3,0,,1.0,0.125,0.0,,,,,,,,,0.0,,,,,,,
,0.15,-1.6000157220532305,0.2283950597047805,-0.2936612479388714,,,,,78.07444716090272,0.3160001559460417,,,,,0.667437557,0.369565217,0.29787234,0.282608695,0.086956522,,28,47,46,4,2,0,3,17,13,10,2,1,0,0,,,,0.0,,,,,,,,,0.0,,,,,,,
,0.13,1.0178714977873795,-3.709876537322998,0.0791951306164264,,,,,109.03003440589852,0.3624080136418343,,,,,0.748333333,0.373333333,0.375,0.333333333,0.04,,24,82,75,7,1,0,3,28,25,22,3,0,4,5,,,,0.060975609,,,,,,,,,-3.0,,,,,,,
,-0.04,-5.309322461753391,3.41833758354187,-0.2004471533000469,,,,,32.832153217955465,0.2396243050180632,,,,,0.439127374,0.163265306,0.275862068,0.142857142,0.020408164,,26,60,49,4,3,0,1,8,7,6,1,0,1,9,,,,0.15,,,,,,,,,0.0,,,,,,,
,-0.03,-0.7504175062539207,0.3086419701576233,0.1199105717241764,,,,,65.58474468506805,0.2843881218056929,,,,,0.596491227,0.333333333,0.263157894,0.222222222,0.111111111,0.235294117,11,20,18,1,1,0,2,6,4,2,2,0,1,1,,1.0,0.05,0.05,,,,,,,,,0.0,,,,,,,
,0.05,-0.6753695861727127,0.2160493731498718,-0.1334823854267597,,,,,77.50206458039757,0.30270474835446,,,,,0.60990712,0.294117647,0.315789473,0.235294117,0.05882353,,7,19,17,0,0,0,1,5,4,3,1,0,0,2,,,,0.105263157,,,,,,,,,0.0,,,,,,,
,0.66,-8.337881320408075,0.7592592239379883,-0.2950026988983154,,,,,71.16126492963004,0.3015962780908097,,,,,0.622522625,0.320197044,0.302325581,0.261083743,0.059113301,,70,220,203,20,12,0,9,65,53,44,6,3,6,7,,,,0.031818181,,,,,,,,,-1.0,,,,,,,
,0.02,-2.0311225685383643,1.3673349618911743,-0.1601788625121116,,,,,38.505418219804675,0.2415697522785352,,,,,0.488142292,0.227272727,0.260869565,0.227272727,0.0,,11,24,22,1,0,0,0,5,5,5,0,0,0,1,,,,0.041666666,,,,,,,,,0.0,,,,,,,
,0.04,-3.0756491656875102,1.4012345671653748,-0.4004471562802791,,,,,60.18304118460438,0.2854537554815703,,,,,0.558169934,0.244444444,0.31372549,0.222222222,0.022222222,,29,53,45,5,4,0,1,11,10,9,1,0,0,5,,,,0.094339622,,,,,,,,,1.0,,,,,,,
,0.02,-0.0961917170953606,0.1709168702363968,-0.0266964770853519,,,,,81.6797328989378,0.3202699025472005,,,,,0.666666666,0.333333333,0.333333333,0.333333333,0.0,1.0,7,3,3,1,0,0,0,1,1,1,0,0,0,0,,2.0,0.666666666,0.0,,,,,,,,,0.0,,,,,,,
,0.01,-3.446835279059146,2.221919298171997,-0.1601788625121116,,,,,33.52213360734721,0.2276168214647393,,,,,0.480796585,0.27027027,0.210526315,0.189189189,0.081081081,,25,39,37,3,4,0,2,10,7,5,1,1,0,1,,,,0.025641025,,,,,,,,,0.0,,,,,,,
,-0.2,0.3574542249369297,-3.6666666865348816,-0.3475013524293899,,,,,105.41280676126595,0.3649809734494078,,,,,0.768669168,0.425531914,0.343137254,0.287234042,0.138297872,0.308641975,38,103,94,9,20,2,7,40,27,20,3,2,2,8,,11.0,0.106796116,0.077669902,,,,,,,,,-3.0,,,,,,,
,0.02,-0.6281561124134748,0.4557783305644989,-0.0533929541707038,,,,,43.325681165672435,0.2446950674057006,,,,,0.452380951,0.166666666,0.285714285,0.166666666,0.0,,14,8,6,2,0,0,0,1,1,1,0,0,0,1,,,,0.125,,,,,,,,,0.0,,,,,,,
,-0.05,-6.199287233299977,3.8741159439086914,-0.120357722043991,,,,,29.48109365181536,0.2339029655312046,,,,,0.473174366,0.245901639,0.227272727,0.163934426,0.081967213,,40,68,61,4,5,1,3,15,10,7,2,0,1,5,,,,0.073529411,,,,,,,,,0.0,,,,,,,
,-0.01,-0.5387453330427887,-0.3456790149211883,-0.1334823854267597,,,,,88.1597599260805,0.3230930853773046,,,,,0.68091168,0.384615384,0.296296296,0.269230769,0.115384615,,9,27,26,1,4,0,3,10,7,4,3,0,0,0,,,,0.0,,,,,,,,,0.0,,,,,,,
,0.01,-1.2062046199300662,0.7976120710372925,-0.0533929541707038,,,,,34.87791096743681,0.2347477844783238,,,,,0.499999999,0.285714285,0.214285714,0.214285714,0.071428571,0.23076923,13,14,14,1,0,0,1,4,3,2,1,0,0,0,,1.0,0.071428571,0.0,,,,,,,,,0.0,,,,,,,
,0.06,-4.387833784422436,0.3395061790943146,0.6258021853864193,,,,,65.90566831629395,0.283246388129138,,,,,0.573577981,0.28,0.293577981,0.23,0.05,,36,116,100,14,5,0,3,28,23,20,1,2,7,7,,,,0.060344827,,,,,,,,,0.0,,,,,,,
,0.0,-0.3552706228495162,0.2278891652822494,-0.0266964770853519,,,,,35.20212410730214,0.2402024269104004,,,,,0.5,0.25,0.25,0.25,0.0,,4,4,4,0,0,0,0,1,1,1,0,0,0,0,,,,0.0,,,,,,,,,0.0,,,,,,,
,0.02,-0.7969303166792963,0.5127506256103516,-0.0533929541707038,,,,,34.663136262690266,0.2402024269104004,,,,,0.5,0.25,0.25,0.25,0.0,0.25,5,9,8,0,1,0,0,2,2,2,0,0,0,0,,0.0,0.0,0.0,,,,,,,,,0.0,,,,,,,
,0.02,-0.2029834271555638,0.0308641977608203,-0.0533929541707038,,,,,76.39949453561637,0.3008223056793213,,,,,0.4,0.0,0.4,0.0,0.0,,1,5,3,0,0,0,0,0,0,0,0,0,0,2,,,,0.4,,,,,,,,,0.0,,,,,,,
,0.0,0.0,0.0,0.0,,,,,,0.0,,,,,0.0,0.0,0.0,0.0,0.0,,1,0,0,1,0,0,0,0,0,0,0,0,0,0,,,,0.0,,,,,,,,,,,,,,,,
,0.5,-3.0660579788240305,-0.1111111119389534,-0.4674119241535663,,,,,76.96731872432603,0.3017917647081263,,,,,0.612518852,0.294871794,0.317647058,0.256410256,0.038461538,,39,89,78,12,6,0,2,23,20,18,1,1,1,7,,,,0.078651685,,,,,,,,,0.0,,,,,,,
,-0.04,-2.8167964075229746,1.709168791770935,-0.1067859083414077,,,,,28.74143172546298,0.2194546214465437,,,,,0.456896551,0.25,0.206896551,0.178571428,0.071428572,,24,30,28,0,2,0,2,7,5,3,2,0,0,1,,,,0.033333333,,,,,,,,,0.0,,,,,,,
,-0.05,-0.5531744557283897,-0.0987654328346252,-0.1067859083414077,,,,,79.28659504289541,0.3154688372331507,,,,,0.669117647,0.375,0.294117647,0.25,0.125,,6,17,16,1,0,0,1,6,4,3,0,1,0,1,,,,0.058823529,,,,,,,,,0.0,,,,,,,
,-0.01,-1.1395989817888466,0.6836674809455872,-0.0800894312560558,,,,,30.173282518732265,0.2240837487307461,,,,,0.383838383,0.111111111,0.272727272,0.111111111,0.0,0.166666666,4,12,9,0,0,0,0,1,1,1,0,0,0,2,,3.0,0.25,0.166666666,,,,,,,,,0.0,,,,,,,
,0.02,-2.8501443380624782,1.766141057014465,-0.2135718166828155,,,,,32.737032364064035,0.2412168941190166,,,,,0.491397849,0.233333333,0.258064516,0.233333333,0.0,0.259259259,15,31,30,1,0,0,0,7,7,7,0,0,0,1,,3.0,0.096774193,0.032258064,,,,,,,,,0.0,,,,,,,
,-0.12,-2.870731824405249,1.3703703582286837,-0.0936612449586391,,,,,46.56935285248458,0.2630781354130925,,,,,0.509418509,0.212121212,0.297297297,0.212121212,0.0,,13,41,33,3,4,0,0,7,7,7,0,0,1,4,,,,0.097560975,,,,,,,,,1.0,,,,,,,
,-0.02,-1.2432010336019783,0.7406398057937622,-0.0800894312560558,,,,,29.241921227810625,0.2228062649567922,,,,,0.431818181,0.181818181,0.25,0.181818181,0.0,0.333333333,6,13,11,0,2,0,0,2,2,2,0,0,0,1,,5.0,0.384615384,0.076923076,,,,,,,,,0.0,,,,,,,
,0.02,-10.939415632979996,6.893647193908691,-0.294108398258686,,,,,30.422178524681943,0.2245076091612799,,,,,0.451573849,0.214285714,0.237288135,0.196428571,0.017857143,0.222222222,45,121,112,12,12,0,2,24,22,20,2,0,2,5,,13.0,0.107438016,0.041322314,,,,,,,,,0.0,,,,,,,
,-0.09,-0.3930797842120553,0.0617283955216407,-0.0533929541707038,,,,,61.72034255253749,0.2854775786399841,,,,,0.533333333,0.2,0.333333333,0.2,0.0,,2,7,5,0,0,0,0,1,1,1,0,0,0,1,,,,0.142857142,,,,,,,,,0.0,,,,,,,
,-0.13,-11.938729698699268,7.520342350006104,-0.2407154440879821,,,,,29.913203190199276,0.2258206445996354,,,,,0.442979564,0.207207207,0.235772357,0.153153153,0.054054054,0.269841269,51,132,111,7,3,0,5,23,17,12,4,1,2,11,,48.0,0.363636363,0.083333333,,,,,,,,,0.0,,,,,,,
,-0.01,-0.4609522266895109,0.2278891652822494,-0.0266964770853519,,,,,14.14144348115352,0.1964314430952072,,,,,0.25,0.0,0.25,0.0,0.0,0.0,3,4,3,1,0,0,0,0,0,0,0,0,0,0,,2.0,0.5,0.0,,,,,,,,,0.0,,,,,,,
,-0.01,-0.920724598698786,0.5127506256103516,-0.0533929541707038,,,,,23.784960472738582,0.2135132683648003,,,,,0.444444444,0.222222222,0.222222222,0.222222222,0.0,0.285714285,3,9,9,0,1,0,0,2,2,2,0,0,0,0,,2.0,0.222222222,0.0,,,,,,,,,0.0,,,,,,,
,-0.01,-0.5067120485643405,0.0925925895571708,-0.0533929541707038,,,,,55.30063031892889,0.2745170593261719,,,,,0.57142857,0.285714285,0.285714285,0.285714285,0.0,,4,8,7,0,0,0,0,2,2,2,0,0,0,0,,,,0.0,,,,,,,,,0.0,,,,,,,
,-0.03,-4.623714968520405,2.848614662885666,-0.2936612479388714,,,,,31.51092876728501,0.2334226059913635,,,,,0.474042553,0.234042553,0.24,0.191489361,0.042553192,0.28125,27,50,47,3,2,0,1,11,9,8,0,1,0,3,,15.0,0.3,0.06,,,,,,,,,0.0,,,,,,,
,0.05,-0.5341061720373872,-0.0246913582086563,-0.1067859083414077,,,,,71.90949057681769,0.3028737405935923,,,,,0.606060605,0.272727272,0.333333333,0.272727272,0.0,,6,12,11,1,2,0,0,3,3,3,0,0,0,1,,,,0.083333333,,,,,,,,,0.0,,,,,,,
,-0.18,-0.7219640688947153,0.1234567910432815,-0.1067859083414077,,,,,62.67112251918399,0.2795757605479314,,,,,0.557692307,0.25,0.307692307,0.25,0.0,,4,13,12,3,0,0,0,3,3,3,0,0,0,1,,,,0.076923076,,,,,,,,,0.0,,,,,,,
,-0.02,-0.2535317324329085,0.0569722913205623,0.0,,,,,-99.9952576285755,0.0,,,,,0.0,0.0,0.0,0.0,0.0,,1,1,1,0,0,0,0,0,0,0,0,0,0,0,,,,0.0,,,,,,,,,0.0,,,,,,,
,-0.02,-0.2535920523334212,0.0569722913205623,0.0,,,,,-100.0,0.0,,,,,0.0,0.0,0.0,0.0,0.0,0.0,3,1,1,0,0,0,0,0,0,0,0,0,0,0,,0.0,0.0,0.0,,,,,,,,,0.0,,,,,,,
,-0.01,-0.810056388714552,0.3988060355186462,0.0,,,,,8.713914315292188,0.1949785096304757,,,,,0.428571427,0.285714285,0.142857142,0.142857142,0.142857143,,2,7,7,0,3,0,1,2,1,0,1,0,0,0,,,,0.0,,,,,,,,,0.0,,,,,,,
,-0.02,-0.2544144846726126,0.0569722913205623,0.0,,,,,-100.0,0.0,,,,,0.0,0.0,0.0,0.0,0.0,0.0,1,1,1,0,0,0,0,0,0,0,0,0,0,0,,1.0,1.0,0.0,,,,,,,,,0.0,,,,,,,
,-0.02,-0.2573217757273383,0.0569722913205623,0.0,,,,,-100.0,0.0,,,,,0.0,0.0,0.0,0.0,0.0,,1,1,1,0,0,0,0,0,0,0,0,0,0,0,,,,0.0,,,,,,,,,0.0,,,,,,,
,-0.02,-0.2562933795381255,0.0569722913205623,0.0,,,,,-100.0,0.0,,,,,0.0,0.0,0.0,0.0,0.0,0.0,2,1,1,0,0,0,0,0,0,0,0,0,0,0,,1.0,1.0,0.0,,,,,,,,,0.0,,,,,,,
,-0.02,-0.2562933795381255,0.0569722913205623,0.0,,,,,-100.0,0.0,,,,,0.0,0.0,0.0,0.0,0.0,0.0,6,1,1,0,0,0,0,0,0,0,0,0,0,0,,1.0,1.0,0.0,,,,,,,,,0.0,,,,,,,
,-0.02,-0.2562933795381255,0.0569722913205623,0.0,,,,,-100.0,0.0,,,,,0.0,0.0,0.0,0.0,0.0,0.0,2,1,1,0,0,0,0,0,0,0,0,0,0,0,,1.0,1.0,0.0,,,,,,,,,0.0,,,,,,,
,-0.02,-0.2562933795381255,0.0569722913205623,0.0,,,,,-100.0,0.0,,,,,0.0,0.0,0.0,0.0,0.0,0.0,4,1,1,0,0,0,0,0,0,0,0,0,0,0,,1.0,1.0,0.0,,,,,,,,,0.0,,,,,,,
,-0.01,-1.6029016884357543,0.9115566611289978,-0.1067859083414077,,,,,26.0491419048224,0.2167098005612691,,,,,0.349999999,0.083333333,0.266666666,0.083333333,0.0,0.111111111,7,16,12,1,1,0,0,1,1,1,0,0,0,2,,3.0,0.1875,0.125,,,,,,,,,0.0,,,,,,,
,-0.02,-0.2566441603232092,0.0569722913205623,0.0,,,,,-100.0,0.0,,,,,0.0,0.0,0.0,0.0,0.0,0.0,2,1,1,0,0,0,0,0,0,0,0,0,0,0,,0.0,0.0,0.0,,,,,,,,,0.0,,,,,,,
,-0.02,-0.2624252148199744,0.0569722913205623,0.0,,,,,-100.0,0.0,,,,,0.0,0.0,0.0,0.0,0.0,,1,1,1,0,0,0,0,0,0,0,0,0,0,0,,,,0.0,,,,,,,,,0.0,,,,,,,
,-0.02,-0.2630692132044501,0.0569722913205623,0.0,,,,,-100.0,0.0,,,,,0.0,0.0,0.0,0.0,0.0,,2,1,1,0,0,0,0,0,0,0,0,0,0,0,,,,0.0,,,,,,,,,0.0,,,,,,,
,-0.02,-1.0777128541723129,0.5697228908538818,-0.0533929541707038,,,,,18.990937383941077,0.2135132683648003,,,,,0.444444444,0.222222222,0.222222222,0.222222222,0.0,0.333333333,5,10,9,0,0,0,0,2,2,2,0,0,0,0,,3.0,0.3,0.0,,,,,,,,,0.0,,,,,,,
,-0.02,-0.6340668717552412,0.2848614454269409,-0.0266964770853519,,,,,3.9313668847472223,0.1921619415283203,,,,,0.4,0.2,0.2,0.2,0.0,0.333333333,4,5,5,0,0,0,0,1,1,1,0,0,0,0,,2.0,0.4,0.0,,,,,,,,,0.0,,,,,,,
,-0.03,-0.2562933795381255,0.0308641977608203,0.0,,,,,-100.0,0.0,,,,,0.0,0.0,0.0,0.0,0.0,0.0,1,1,1,0,0,0,0,0,0,0,0,0,0,0,,1.0,1.0,0.0,,,,,,,,,0.0,,,,,,,
,-0.03,-0.2546748750138945,0.0,0.0,,,,,-100.0,0.0,,,,,0.0,0.0,0.0,0.0,0.0,0.0,1,1,1,0,0,0,0,0,0,0,0,0,0,0,,1.0,1.0,0.0,,,,,,,,,,,,,,,,
,-0.03,-0.2562933795381255,0.0,0.0,,,,,-100.0,0.0,,,,,0.0,0.0,0.0,0.0,0.0,0.0,1,1,1,0,0,0,0,0,0,0,0,0,0,0,,0.0,0.0,0.0,,,,,,,,,,,,,,,,
,-0.03,-0.2566441603232092,0.0,0.0,,,,,-100.0,0.0,,,,,0.0,0.0,0.0,0.0,0.0,0.0,2,1,1,1,0,0,0,0,0,0,0,0,0,0,,1.0,1.0,0.0,,,,,,,,,,,,,,,,
,-0.02,-0.6675150071312574,0.1234567910432815,-0.0266964770853519,,,,,43.833168434027286,0.2584065861172146,,,,,0.555555555,0.333333333,0.222222222,0.222222222,0.111111111,,4,9,9,2,0,0,1,3,2,1,1,0,0,0,,,,0.0,,,,,,,,,0.0,,,,,,,
,-0.03,-0.2641545169282622,0.0,0.0,,,,,-100.0,0.0,,,,,0.0,0.0,0.0,0.0,0.0,0.0,1,1,1,0,0,0,0,0,0,0,0,0,0,0,,0.0,0.0,0.0,,,,,,,,,,,,,,,,
,0.01,-6.627215918759004,4.045032501220703,-0.4271436333656311,,,,,30.938437341262752,0.2381539552108101,,,,,0.457590876,0.196721311,0.260869565,0.163934426,0.032786885,0.192307692,28,71,61,10,2,0,2,12,10,8,2,0,0,8,,9.0,0.126760563,0.112676056,,,,,,,,,0.0,,,,,,,
,-0.05,-1.1756554235079266,0.5697228908538818,-0.0533929541707038,,,,,11.471763503460435,0.1921619415283203,,,,,0.4,0.2,0.2,0.2,0.0,,3,10,10,1,1,0,0,2,2,2,0,0,0,0,,,,0.0,,,,,,,,,0.0,,,,,,,
,0.0,-0.2583410300541586,-0.0308641977608203,0.0,,,,,-100.0,0.0,,,,,0.0,0.0,0.0,0.0,0.0,,1,1,0,0,0,0,0,0,0,0,0,0,0,0,,,,0.0,,,,,,,,,0.0,,,,,,,
,0.48,-5.376844559120603,-0.4938271641731262,-0.2280379310250282,,,,,74.45553385770378,0.310688840437539,,,,,0.63570998,0.31292517,0.32278481,0.272108843,0.040816327,,59,159,147,14,17,0,5,46,40,35,4,1,5,11,,,,0.069182389,,,,,,,,,0.0,,,,,,,
,-0.12,-6.546744708066685,3.8741159439086914,-0.4004471562802791,,,,,28.69958754416453,0.2215753936055881,,,,,0.396588485,0.142857142,0.253731343,0.107142857,0.035714285,,32,68,56,2,0,0,2,8,6,4,2,0,0,11,,,,0.161764705,,,,,,,,,0.0,,,,,,,
,-0.01,-9.964374267248491,5.982090473175049,-0.5606260187923908,,,,,29.352130680828527,0.2208377098796343,,,,,0.445089189,0.212765957,0.232323232,0.191489361,0.021276596,,40,105,94,7,10,0,2,20,18,16,2,0,0,5,,,,0.047619047,,,,,,,,,0.0,,,,,,,
,-0.2,-1.3433533851666342,-4.283950567245483,0.8651761785149574,,,,,89.1513590000668,0.3241704759689477,,,,,0.650501672,0.304347826,0.346153846,0.260869565,0.043478261,0.283464566,58,161,138,17,11,0,4,42,36,32,2,2,11,15,,11.0,0.068322981,0.093167701,,,,,,,,,-3.0,,,,,,,
,-0.04,-1.7706406221496829,0.9115566611289978,-0.1067859083414077,,,,,17.96809590869854,0.2010610625147819,,,,,0.326923076,0.076923076,0.25,0.076923076,0.0,,12,16,13,1,0,0,0,1,1,1,0,0,0,3,,,,0.1875,,,,,,,,,0.0,,,,,,,
,-0.03,-0.7599994537596322,0.2848614454269409,-0.0266964770853519,,,,,-15.691330889780009,0.1504111528396606,,,,,0.2,0.0,0.2,0.0,0.0,,2,5,4,0,0,0,0,0,0,0,0,0,0,1,,,,0.2,,,,,,,,,0.0,,,,,,,
,-0.02,-0.5098133698560132,0.1139445826411247,0.0,,,,,-100.0,0.0,,,,,0.0,0.0,0.0,0.0,0.0,,3,2,2,0,0,0,0,0,0,0,0,0,0,0,,,,0.0,,,,,,,,,0.0,,,,,,,
,-0.04,-0.5088289693452253,0.1139445826411247,0.0,,,,,-100.0,0.0,,,,,0.0,0.0,0.0,0.0,0.0,0.0,2,2,2,0,0,0,0,0,0,0,0,0,0,0,,0.0,0.0,0.0,,,,,,,,,0.0,,,,,,,
,-0.03,-0.512586759076251,0.1139445826411247,0.0,,,,,-100.0,0.0,,,,,0.0,0.0,0.0,0.0,0.0,0.0,3,2,2,0,0,0,0,0,0,0,0,0,0,0,,0.0,0.0,0.0,,,,,,,,,0.0,,,,,,,
,-0.09,-2.9443279079090905,1.6521964073181152,-0.1601788625121116,,,,,24.073657488066218,0.2136963193233196,,,,,0.43076923,0.2,0.23076923,0.2,0.0,0.357142857,17,29,25,2,1,0,0,5,5,5,0,0,0,1,,11.0,0.379310344,0.034482758,,,,,,,,,0.0,,,,,,,
,0.01,-15.37489830494569,9.286483764648438,-0.8809837438166142,,,,,29.856817583396207,0.2213589448481798,,,,,0.459177215,0.234177215,0.225,0.215189873,0.018987342,,63,163,158,23,9,0,3,37,34,31,3,0,0,1,,,,0.006134969,,,,,,,,,0.0,,,,,,,
,-0.02,-1.2681337435104825,0.5697228908538818,-0.0533929541707038,,,,,3.9313668847472223,0.1921619415283203,,,,,0.4,0.2,0.2,0.2,0.0,0.2,7,10,10,1,0,0,0,2,2,2,0,0,0,0,,0.0,0.0,0.0,,,,,,,,,0.0,,,,,,,
,-0.01,-2.029698514701411,1.0,-0.1334823854267597,,,,,21.27337947952408,0.2088964612860428,,,,,0.32982456,0.066666666,0.263157894,0.066666666,0.0,,4,19,15,4,1,0,0,1,1,1,0,0,0,4,,,,0.210526315,,,,,,,,,1.0,,,,,,,
,-0.04,-6.306105921036451,3.760171175003052,-0.3203577250242233,,,,,28.274678344973413,0.2193921530057513,,,,,0.442561205,0.220338983,0.222222222,0.169491525,0.050847458,0.217391304,39,66,59,7,2,0,2,13,10,8,1,1,0,3,,13.0,0.196969696,0.045454545,,,,,,,,,0.0,,,,,,,
,-0.03,-2.227916193440741,1.1394457817077637,-0.0800894312560558,,,,,15.28571936091917,0.2019262373447418,,,,,0.410526315,0.210526315,0.2,0.157894736,0.052631579,,10,20,19,0,1,0,1,4,3,2,1,0,0,1,,,,0.05,,,,,,,,,0.0,,,,,,,
,-0.06,-1.2376822443803317,0.5127506107091904,-0.0533929541707038,,,,,-2.593632206469364,0.1671235031551785,,,,,0.222222222,0.0,0.222222222,0.0,0.0,0.0,3,9,7,0,0,0,0,0,0,0,0,0,0,2,,0.0,0.0,0.222222222,,,,,,,,,0.0,,,,,,,
,-0.13,-0.5219316199876203,0.0308641977608203,0.0,,,,,-100.0,0.0,,,,,0.0,0.0,0.0,0.0,0.0,0.0,1,2,2,0,0,0,0,0,0,0,0,0,0,0,,0.0,0.0,0.0,,,,,,,,,0.0,,,,,,,
,-0.05,-0.5065579280711545,-0.0246913582086563,0.0,,,,,-99.79586451805824,0.0,,,,,0.0,0.0,0.0,0.0,0.0,,1,2,2,0,2,0,0,0,0,0,0,0,0,0,,,,0.0,,,,,,,,,0.0,,,,,,,
,-0.05,-0.7605951972987256,0.1709168702363968,0.0,,,,,-99.99525762857552,0.0,,,,,0.0,0.0,0.0,0.0,0.0,,4,3,3,0,0,0,0,0,0,0,0,0,0,0,,,,0.0,,,,,,,,,0.0,,,,,,,
,-0.07,-0.7647200547840199,0.1709168702363968,0.0,,,,,-100.0,0.0,,,,,0.0,0.0,0.0,0.0,0.0,,2,3,3,0,0,0,0,0,0,0,0,0,0,0,,,,0.0,,,,,,,,,0.0,,,,,,,
,-0.07,-0.7750230901624761,0.1709168702363968,0.0,,,,,-100.0,0.0,,,,,0.0,0.0,0.0,0.0,0.0,,3,3,3,0,0,0,0,0,0,0,0,0,0,0,,,,0.0,,,,,,,,,0.0,,,,,,,
,-0.07,-0.7750230901624761,0.1709168702363968,0.0,,,,,-100.0,0.0,,,,,0.0,0.0,0.0,0.0,0.0,,4,3,3,1,0,0,0,0,0,0,0,0,0,0,,,,0.0,,,,,,,,,0.0,,,,,,,
,-0.06,-0.7688801386143765,0.1709168702363968,0.0,,,,,-100.0,0.0,,,,,0.0,0.0,0.0,0.0,0.0,0.0,2,3,3,0,0,0,0,0,0,0,0,0,0,0,,2.0,0.666666666,0.0,,,,,,,,,0.0,,,,,,,
,-0.05,-0.7699324809696279,0.1709168702363968,0.0,,,,,-100.0,0.0,,,,,0.0,0.0,0.0,0.0,0.0,0.0,5,3,3,0,0,0,0,0,0,0,0,0,0,0,,0.0,0.0,0.0,,,,,,,,,0.0,,,,,,,
,-0.05,-0.7828974299814305,0.1709168702363968,0.0,,,,,-100.0,0.0,,,,,0.0,0.0,0.0,0.0,0.0,0.0,2,3,3,0,1,0,0,0,0,0,0,0,0,0,,0.0,0.0,0.0,,,,,,,,,0.0,,,,,,,
,-0.06,-1.5461011507806235,0.6266952157020569,-0.0533929541707038,,,,,-7.31989255104554,0.1587759527293118,,,,,0.281818181,0.1,0.181818181,0.1,0.0,0.166666666,5,11,10,0,1,0,0,1,1,1,0,0,0,0,,4.0,0.363636363,0.0,,,,,,,,,0.0,,,,,,,
,-0.07,-0.8362001624836939,0.0,-0.0533929541707038,,,,,22.613923938178772,0.2196830766541617,,,,,0.285714285,0.0,0.285714285,0.0,0.0,0.0,5,8,5,1,0,0,0,0,0,0,0,0,0,1,,2.0,0.25,0.125,,,,,,,,,0.0,,,,,,,
,-0.08,-2.5640676450246556,-0.6172839403152466,-0.2407154440879821,,,,,76.74127222172751,0.3161544407470317,,,,,0.638973078,0.309859154,0.329113924,0.253521126,0.056338028,0.265625,20,79,71,11,9,1,2,22,18,16,1,0,2,8,,6.0,0.075949367,0.101265822,,,,,,,,,0.0,,,,,,,
,-0.06,-0.742827728128872,-0.0308641977608203,-0.0266964770853519,,,,,-12.982191754812044,0.1504111528396606,,,,,0.2,0.0,0.2,0.0,0.0,,1,5,4,1,1,0,0,0,0,0,0,0,0,1,,,,0.2,,,,,,,,,0.0,,,,,,,
,-0.08,-0.7607761570002637,0.0617283955216407,0.0,,,,,-100.0,0.0,,,,,0.0,0.0,0.0,0.0,0.0,0.0,1,3,3,0,0,0,0,0,0,0,0,0,0,0,,3.0,1.0,0.0,,,,,,,,,0.0,,,,,,,
,-0.06,-0.8762587907173092,0.0617283955216407,-0.0266964770853519,,,,,-11.6943903864936,0.1601349512736002,,,,,0.333333332,0.166666666,0.166666666,0.166666666,0.0,,2,6,6,0,0,0,0,1,1,1,0,0,0,0,,,,0.0,,,,,,,,,0.0,,,,,,,
,-0.05,-3.738811633540388,1.9370579719543457,-0.2135718166828155,,,,,18.210580978259255,0.2137932286543004,,,,,0.422794117,0.1875,0.235294117,0.1875,0.0,,17,34,32,6,3,0,0,6,6,6,0,0,0,2,,,,0.058823529,,,,,,,,,0.0,,,,,,,
,1.44,-23.080602630213264,3.3518519401550293,-2.950631443411112,,,,,70.70245430615071,0.3034137864756493,,,,,0.632562041,0.335984095,0.296577946,0.264413518,0.071570577,,141,542,503,45,51,3,23,169,133,110,13,7,3,20,,,,0.036900369,,,,,,,,,-1.0,,,,,,,
,-0.07,-1.3525477665379833,0.4557783305644989,-0.0266964770853519,,,,,-30.73509954095574,0.1201012134552002,,,,,0.25,0.125,0.125,0.125,0.0,,5,8,8,1,0,0,0,1,1,1,0,0,0,0,,,,0.0,,,,,,,,,0.0,,,,,,,
,-0.07,-0.7707647231583215,-0.0246913582086563,-0.0266964770853519,,,,,-17.38973984724779,0.1504111528396606,,,,,0.2,0.0,0.2,0.0,0.0,,2,5,4,0,0,0,0,0,0,0,0,0,0,1,,,,0.2,,,,,,,,,0.0,,,,,,,
,-0.09,-0.7198080182990823,-1.4444444477558136,0.4529458098113537,,,,,78.48577148397895,0.3175697559263648,,,,,0.638760711,0.297297297,0.341463414,0.27027027,0.027027027,,16,43,37,6,6,0,1,11,10,9,1,0,4,4,,,,0.093023255,,,,,,,,,-1.0,,,,,,,
,-0.06,-1.0027811324978038,0.1234567910432815,-0.0266964770853519,,,,,-9.995981429025818,0.1601349512736002,,,,,0.333333332,0.166666666,0.166666666,0.166666666,0.0,,2,7,6,0,0,0,0,1,1,1,0,0,0,0,,,,0.0,,,,,,,,,0.0,,,,,,,
,-0.06,-0.9332289900709898,0.0,-0.0533929541707038,,,,,22.686162004229573,0.2135132683648003,,,,,0.444444444,0.222222222,0.222222222,0.222222222,0.0,0.25,3,9,9,0,1,0,0,2,2,2,0,0,0,0,,1.0,0.111111111,0.0,,,,,,,,,0.0,,,,,,,
,-0.06,-1.3765881824210475,0.4557783268392086,-0.0266964770853519,,,,,-29.79021216951255,0.1201012134552002,,,,,0.25,0.125,0.125,0.125,0.0,,8,8,8,0,1,0,0,1,1,1,0,0,0,0,,,,0.0,,,,,,,,,0.0,,,,,,,
,-0.07,-1.014126929731634,0.2278891652822494,0.0,,,,,-99.9952576285755,0.0,,,,,0.0,0.0,0.0,0.0,0.0,,2,4,4,0,0,0,0,0,0,0,0,0,0,0,,,,0.0,,,,,,,,,0.0,,,,,,,
,-0.08,-1.0196267397120264,0.2278891652822494,0.0,,,,,-100.0,0.0,,,,,0.0,0.0,0.0,0.0,0.0,,2,4,4,0,0,0,0,0,0,0,0,0,0,0,,,,0.0,,,,,,,,,0.0,,,,,,,
,-0.06,-1.0143682093336848,0.2278891652822494,0.0,,,,,-100.0,0.0,,,,,0.0,0.0,0.0,0.0,0.0,0.0,3,4,4,0,0,0,0,0,0,0,0,0,0,0,,0.0,0.0,0.0,,,,,,,,,0.0,,,,,,,
,-0.08,-1.025173518152502,0.2278891652822494,0.0,,,,,-100.0,0.0,,,,,0.0,0.0,0.0,0.0,0.0,0.0,4,4,4,0,0,0,0,0,0,0,0,0,0,0,,3.0,0.75,0.0,,,,,,,,,0.0,,,,,,,
,-0.04,-0.455377724752477,-2.4444444477558136,-0.4140189699828625,,,,,99.51180801097352,0.3549317970420375,,,,,0.68805704,0.294117647,0.393939393,0.215686274,0.078431373,0.25,24,67,51,6,3,0,3,15,11,8,2,1,1,15,,7.0,0.104477611,0.223880597,,,,,,,,,-2.0,,,,,,,
,-0.09,-1.0522768528178004,0.2278891652822494,0.0,,,,,-100.0,0.0,,,,,0.0,0.0,0.0,0.0,0.0,,3,4,4,0,0,0,0,0,0,0,0,0,0,0,,,,0.0,,,,,,,,,0.0,,,,,,,
,-0.07,-1.0438632399752406,0.2278891652822494,0.0,,,,,-100.0,0.0,,,,,0.0,0.0,0.0,0.0,0.0,0.0,4,4,4,0,0,0,0,0,0,0,0,0,0,0,,1.0,0.25,0.0,,,,,,,,,0.0,,,,,,,
,-0.09,-2.123837501796702,0.9115566611289978,-0.0266964770853519,,,,,-3.6586742733403614,0.1661185196467808,,,,,0.357142856,0.214285714,0.142857142,0.142857142,0.071428572,0.25,6,16,14,0,2,0,1,3,2,1,1,0,0,0,,6.0,0.375,0.0,,,,,,,,,0.0,,,,,,,
,-0.08,-0.9727343975671,0.0617283955216407,-0.0266964770853519,,,,,-24.3783147100514,0.1309542953968048,,,,,0.166666666,0.0,0.166666666,0.0,0.0,,3,6,5,0,0,0,0,0,0,0,0,0,0,0,,,,0.0,,,,,,,,,0.0,,,,,,,
,-0.23,-1.9390300750684848,0.3703703731298446,0.0665176175534725,,,,,36.631176127889674,0.2396412591139475,,,,,0.477272727,0.227272727,0.25,0.181818181,0.045454546,0.142857142,12,25,22,0,0,0,1,5,4,3,1,0,1,2,,1.0,0.125,0.08,,,,,,,,,0.0,,,,,,,
,0.33,-8.869267056181922,0.8209875822067261,-1.1882168054580688,,,,,70.72899496270712,0.2979585219652225,,,,,0.614039511,0.311475409,0.302564102,0.256830601,0.054644808,,62,207,183,18,19,0,7,57,47,40,4,3,1,12,,,,0.057971014,,,,,,,,,-1.0,,,,,,,
,-0.08,-1.9403754782919465,0.7406398057937622,-0.0533929541707038,,,,,-14.501690677718726,0.1478168780987079,,,,,0.307692306,0.153846153,0.153846153,0.153846153,0.0,,5,13,13,1,0,0,0,2,2,2,0,0,0,0,,,,0.0,,,,,,,,,0.0,,,,,,,
,-0.07,-4.584501914981973,1.462962955236435,-0.0271436274051666,,,,,47.13215185639638,0.2605708320351207,,,,,0.537433154,0.272727272,0.264705882,0.242424242,0.03030303,,19,68,66,6,5,0,2,18,16,14,2,0,2,1,,,,0.014705882,,,,,,,,,1.0,,,,,,,
,-0.09,-7.664859841826269,4.272922039031982,-0.2936612479388714,,,,,22.47099287234094,0.2155665478844573,,,,,0.43727355,0.234375,0.20289855,0.140625,0.09375,,39,75,64,6,8,1,3,15,9,6,1,1,0,4,,,,0.053333333,,,,,,,,,0.0,,,,,,,
,-0.12,-0.962968072212524,0.0,-0.0266964770853519,,,,,-23.094307946460304,0.1309542953968048,,,,,0.166666666,0.0,0.166666666,0.0,0.0,,2,6,5,0,0,0,0,0,0,0,0,0,0,0,,,,0.0,,,,,,,,,0.0,,,,,,,
,-0.07,-3.465096682822909,-1.3827160596847534,-0.4809837378561497,,,,,79.70707543587046,0.3086616267328677,,,,,0.630150344,0.308411214,0.32173913,0.271028037,0.037383177,,28,116,107,9,5,0,4,33,29,25,4,0,2,8,,,,0.068965517,,,,,,,,,0.0,,,,,,,
,-0.09,-1.014126929731634,0.0617283955216407,0.0,,,,,-99.9952576285755,0.0,,,,,0.0,0.0,0.0,0.0,0.0,,2,4,4,0,0,0,0,0,0,0,0,0,0,0,,,,0.0,,,,,,,,,0.0,,,,,,,
,-0.26,-1.600125335079007,0.1543209850788116,-0.1334823854267597,,,,,35.72541705790088,0.2436967028511895,,,,,0.465277777,0.1875,0.277777777,0.1875,0.0,,5,18,16,2,0,0,0,3,3,3,0,0,0,2,,,,0.111111111,,,,,,,,,0.0,,,,,,,
,0.31,-2.252675064200061,0.277777761220932,0.1864281892776489,,,,,41.69529273743434,0.2512883599847555,,,,,0.466435185,0.185185185,0.28125,0.148148148,0.037037037,,9,33,27,1,1,0,1,5,4,3,1,0,2,4,,,,0.121212121,,,,,,,,,0.0,,,,,,,
,-0.1,-1.6199347029570597,0.5127506256103516,-0.0266964770853519,,,,,-40.00263351076716,0.1067566341824001,,,,,0.222222222,0.111111111,0.111111111,0.111111111,0.0,0.25,11,9,9,0,0,0,0,1,1,1,0,0,0,0,,5.0,0.555555555,0.0,,,,,,,,,0.0,,,,,,,
,-0.1,-1.2745334246400333,0.2848614454269409,0.0,,,,,-100.0,0.0,,,,,0.0,0.0,0.0,0.0,0.0,,3,5,5,0,0,0,0,0,0,0,0,0,0,0,,,,0.0,,,,,,,,,0.0,,,,,,,
,-0.07,-1.5332920336725917,0.0,0.0665176175534725,,,,,36.90053306476992,0.2402024269104004,,,,,0.5,0.25,0.25,0.25,0.0,,26,20,20,5,2,0,0,5,5,5,0,0,1,0,,,,0.0,,,,,,,,,,,,,,,,
,-0.2,-8.577571717177795,4.785672664642334,-0.3470542021095752,,,,,22.70787795585173,0.214598255913432,,,,,0.45438121,0.259259259,0.195121951,0.185185185,0.074074074,,34,84,81,5,5,1,3,21,15,12,1,1,0,1,,,,0.011904761,,,,,,,,,0.0,,,,,,,
,-0.1,-1.3024704196694827,0.2848614454269409,0.0,,,,,-100.0,0.0,,,,,0.0,0.0,0.0,0.0,0.0,,2,5,5,0,0,0,0,0,0,0,0,0,0,0,,,,0.0,,,,,,,,,0.0,,,,,,,
,-0.07,-5.622287303672074,3.019531488418579,-0.2669647708535194,,,,,20.088780344557215,0.2196774020486948,,,,,0.453656461,0.229166666,0.224489795,0.208333333,0.020833333,0.25,24,53,48,6,5,0,1,11,10,9,1,0,0,1,,8.0,0.150943396,0.018867924,,,,,,,,,0.0,,,,,,,
,-0.06,-1.711130768575308,-0.5432098507881165,-0.2936612479388714,,,,,73.30914809835059,0.3060151150352077,,,,,0.575438596,0.233333333,0.342105263,0.166666666,0.066666667,0.208333333,21,42,30,5,2,0,2,7,5,3,2,0,0,8,,6.0,0.142857142,0.19047619,,,,,,,,,0.0,,,,,,,
,-0.07,-1.183592842272016,-0.1234567910432815,-0.0800894312560558,,,,,27.459623146466516,0.2240837487307461,,,,,0.383838383,0.111111111,0.272727272,0.111111111,0.0,,4,12,9,0,2,0,0,1,1,1,0,0,0,2,,,,0.166666666,,,,,,,,,0.0,,,,,,,
,-0.3,-14.356349475578432,1.1666666865348816,-0.495897002518177,,,,,70.84671086693812,0.2960012825126322,,,,,0.608089037,0.314641744,0.293447293,0.22741433,0.087227414,0.235880398,104,376,321,40,37,2,17,101,73,56,8,7,9,28,,18.0,0.04787234,0.074468085,,,,,,,,,2.0,,,,,,,
,-0.2,-2.6890447719680477,1.1394457817077637,-0.1067859083414077,,,,,-2.1098828471823627,0.1712865471839904,,,,,0.311111111,0.111111111,0.2,0.111111111,0.0,0.5,16,20,18,0,2,0,0,2,2,2,0,0,0,2,,14.0,0.7,0.1,,,,,,,,,0.0,,,,,,,
,-0.08,-2.244830629356441,-0.6419752836227417,-0.0004471503198146,,,,,68.3847653337754,0.2871385779645707,,,,,0.553945248,0.239130434,0.314814814,0.195652173,0.043478261,,13,56,46,5,4,0,2,11,9,7,2,0,2,7,,,,0.125,,,,,,,,,0.0,,,,,,,
,-0.1,-2.433348569157745,0.9115566611289978,-0.0266964770853519,,,,,-18.65354105716794,0.1453537046909332,,,,,0.3125,0.1875,0.125,0.125,0.0625,,6,16,16,0,1,0,1,3,2,1,1,0,0,0,,,,0.0,,,,,,,,,0.0,,,,,,,
,-0.22,-5.203700619879231,2.620725393295288,0.2131246663630008,,,,,7.108843479893482,0.19223813603564,,,,,0.395121951,0.2,0.195121951,0.175,0.025,,16,46,40,1,4,0,1,8,7,6,1,0,2,1,,,,0.02173913,,,,,,,,,0.0,,,,,,,
,-0.07,-1.7944706267677188,-0.2962962985038757,-0.1868753395974636,,,,,60.37090819277674,0.2866418417543173,,,,,0.577546296,0.296296296,0.28125,0.148148148,0.148148148,,9,32,27,5,1,0,2,8,4,2,0,2,0,4,,,,0.125,,,,,,,,,0.0,,,,,,,
,-0.14,-1.862334314303847,0.5697228908538818,-0.0266964770853519,,,,,-45.1727145937578,0.0960809707641601,,,,,0.2,0.1,0.1,0.1,0.0,0.333333333,22,10,10,1,1,0,0,1,1,1,0,0,0,0,,7.0,0.7,0.0,,,,,,,,,0.0,,,,,,,
,-0.19,-11.043290146954371,6.209980010986328,-0.1339295357465744,,,,,21.048538591507867,0.2195058743158976,,,,,0.454341736,0.235294117,0.219047619,0.196078431,0.039215686,,37,109,102,10,8,0,3,24,20,17,2,1,2,3,,,,0.027522935,,,,,,,,,0.0,,,,,,,
,-0.1,-1.5745512889198463,0.3418337404727936,0.0,,,,,-100.0,0.0,,,,,0.0,0.0,0.0,0.0,0.0,,3,6,6,0,0,0,0,0,0,0,0,0,0,0,,,,0.0,,,,,,,,,0.0,,,,,,,
,-0.1,-7.31395371746639,3.8741159439086914,-0.3470542021095752,,,,,19.180156053635223,0.2099480280509361,,,,,0.434134615,0.21875,0.215384615,0.203125,0.015625,,27,68,64,3,4,0,1,14,13,12,1,0,0,1,,,,0.014705882,,,,,,,,,0.0,,,,,,,
,-0.09,-1.3597826329996416,-0.1481481492519378,-0.0800894312560558,,,,,22.34849381201321,0.2217253171480619,,,,,0.46153846,0.23076923,0.23076923,0.23076923,0.0,,10,13,13,2,1,0,0,3,3,3,0,0,0,0,,,,0.0,,,,,,,,,0.0,,,,,,,
,-0.16,-1.6397111857107225,-0.1975308656692505,-0.1067859083414077,,,,,45.03507010723894,0.2472731173038482,,,,,0.485294117,0.235294117,0.25,0.117647058,0.117647059,,13,22,17,4,0,0,1,4,2,1,0,1,0,3,,,,0.136363636,,,,,,,,,0.0,,,,,,,
,-0.11,-1.3664475696996043,0.0308641977608203,-0.0266964770853519,,,,,-32.44395153231778,0.1201012134552002,,,,,0.25,0.125,0.125,0.125,0.0,0.166666666,6,8,8,0,0,0,0,1,1,1,0,0,0,0,,2.0,0.25,0.0,,,,,,,,,0.0,,,,,,,
,-0.13,-2.1564520043164226,0.6836674809455872,0.0,,,,,-42.120441284928425,0.1137374639511108,,,,,0.249999999,0.166666666,0.083333333,0.083333333,0.083333333,0.142857142,14,12,12,1,0,0,1,2,1,0,1,0,0,0,,5.0,0.416666666,0.0,,,,,,,,,0.0,,,,,,,
,-0.08,-3.2718421736816223,0.6172839403152466,-0.147054199129343,,,,,48.515403429303035,0.2538613379001617,,,,,0.466666666,0.175,0.291666666,0.15,0.025,0.181818181,13,48,40,3,2,0,1,7,6,5,1,0,1,8,,7.0,0.145833333,0.166666666,,,,,,,,,0.0,,,,,,,
,-0.15,-2.3452468439882272,0.3395061790943146,-0.1868753395974636,,,,,39.037023371160686,0.2519455391627092,,,,,0.509230769,0.24,0.269230769,0.24,0.0,0.272727272,9,28,25,2,0,0,0,6,6,6,0,0,0,0,,3.0,0.107142857,0.0,,,,,,,,,0.0,,,,,,,
,-0.16,-3.9262089237097513,0.5493827164173126,-0.5339295417070389,,,,,61.674169944733656,0.2803807942306294,,,,,0.546111664,0.237288135,0.308823529,0.20338983,0.033898305,0.235294117,33,70,59,5,3,0,1,14,12,11,0,1,0,9,,8.0,0.114285714,0.128571428,,,,,,,,,1.0,,,,,,,
,-0.12,-1.395909535608928,-0.1481481492519378,-0.0533929541707038,,,,,-5.9026998312425185,0.1671235031551785,,,,,0.222222222,0.0,0.222222222,0.0,0.0,,5,10,7,0,0,0,0,0,0,0,0,0,0,2,,,,0.2,,,,,,,,,0.0,,,,,,,
,-0.25,-9.075681822256303,4.956589221954346,-0.4271436333656311,,,,,21.382097719362104,0.2094212844967842,,,,,0.371828358,0.134328358,0.2375,0.089552238,0.04477612,0.171428571,33,87,67,6,3,0,3,9,6,3,3,0,0,13,,32.0,0.367816091,0.149425287,,,,,,,,,0.0,,,,,,,
,-0.15,-1.521447586074513,-0.0308641977608203,-0.0266964770853519,,,,,-47.76680871783352,0.0940069705247879,,,,,0.125,0.0,0.125,0.0,0.0,0.0,6,8,7,0,0,0,0,0,0,0,0,0,0,1,,4.0,0.5,0.125,,,,,,,,,0.0,,,,,,,
,-0.14,-9.28430794628311,2.7283949851989746,0.3190162740647793,,,,,49.15799177190275,0.2543122743393157,,,,,0.514380355,0.255639097,0.258741258,0.203007518,0.052631579,,66,149,133,14,19,1,4,34,27,23,2,1,6,8,,,,0.053691275,,,,,,,,,1.0,,,,,,,
,-0.14,-1.6809172059539812,0.0308641977608203,-0.0266964770853519,,,,,-44.99009110215504,0.1067566341824001,,,,,0.222222222,0.111111111,0.111111111,0.111111111,0.0,,5,9,9,1,0,0,0,1,1,1,0,0,0,0,,,,0.0,,,,,,,,,0.0,,,,,,,
,-0.17,-3.7883849985028992,1.538251876831055,-0.1334823854267597,,,,,-7.05576076590387,0.1606841041491581,,,,,0.279264213,0.086956521,0.192307692,0.086956521,0.0,0.117647058,16,27,23,1,2,0,0,2,2,2,0,0,0,3,,6.0,0.222222222,0.111111111,,,,,,,,,0.0,,,,,,,
,-0.16,-1.5398649619392557,-0.0246913582086563,0.0,,,,,-100.0,0.0,,,,,0.0,0.0,0.0,0.0,0.0,0.0,2,6,6,0,0,0,0,0,0,0,0,0,0,0,,1.0,0.166666666,0.0,,,,,,,,,0.0,,,,,,,
,-0.22,-23.540239271546977,6.037036895751953,0.1561545096337795,,,,,61.832056305198314,0.2765390912040335,,,,,0.546814068,0.251732101,0.295081967,0.205542725,0.046189376,0.238482384,119,491,433,55,29,1,15,109,89,74,11,3,18,53,,63.0,0.128309572,0.107942973,,,,,,,,,-1.0,,,,,,,
,-0.12,-1.541968811254758,-0.9074074104428292,-0.0135718137025833,,,,,58.42564199497635,0.2769527302847968,,,,,0.565527065,0.269230769,0.296296296,0.269230769,0.0,,10,29,26,2,1,0,0,7,7,7,0,0,1,1,,,,0.034482758,,,,,,,,,-1.0,,,,,,,
,-0.23,-8.883830525817375,4.614755630493164,-0.3737506791949272,,,,,17.122624520725395,0.1996175701680936,,,,,0.393624906,0.183098591,0.210526315,0.154929577,0.028169014,,39,81,71,5,4,0,2,13,11,9,2,0,0,4,,,,0.049382716,,,,,,,,,0.0,,,,,,,
,-0.16999999999999998,-2.860136574402632,0.91155668720603,-0.0533929541707038,,,,,-38.63377383430255,0.1141910314559936,,,,,0.204761904,0.071428571,0.133333333,0.071428571,0.0,0.166666666,13,16,14,1,2,0,0,1,1,1,0,0,0,1,,8.0,0.5,0.0625,,,,,,,,,0.0,,,,,,,
,-0.16,-2.2941601643520597,0.5127506256103516,0.0,,,,,-100.0,0.0,,,,,0.0,0.0,0.0,0.0,0.0,,3,9,9,1,1,0,0,0,0,0,0,0,0,0,,,,0.0,,,,,,,,,0.0,,,,,,,
,-0.16,-4.424692605457001,1.8231133222579956,-0.1601788625121116,,,,,-5.125219003226766,0.161633325740695,,,,,0.290948275,0.103448275,0.1875,0.103448275,0.0,,22,32,29,0,3,0,0,3,3,3,0,0,0,2,,,,0.0625,,,,,,,,,0.0,,,,,,,
,-0.18,-3.604550305884756,1.310362696647644,-0.0533929541707038,,,,,-21.79499834466166,0.1428899557694145,,,,,0.304347825,0.173913043,0.130434782,0.130434782,0.043478261,,13,23,23,2,0,0,1,4,3,2,1,0,0,0,,,,0.0,,,,,,,,,0.0,,,,,,,
,-0.15,-1.990280049691772,-0.0679012313485145,-0.0533929541707038,,,,,4.506964979051576,0.1912640730539957,,,,,0.353846153,0.153846153,0.2,0.076923076,0.076923077,,5,16,13,1,1,0,1,2,1,0,1,0,0,2,,,,0.125,,,,,,,,,0.0,,,,,,,
,-0.17,-4.863776650066631,2.1079747676849365,-0.1868753395974636,,,,,0.0335019630863573,0.1712985038757324,,,,,0.315656565,0.121212121,0.194444444,0.121212121,0.0,0.173913043,19,37,33,2,3,0,0,4,4,4,0,0,0,1,,10.0,0.27027027,0.027027027,,,,,,,,,0.0,,,,,,,
,-0.19,-3.1935088080889287,1.0255012512207031,-0.0533929541707038,,,,,-37.734882724252195,0.1130364361931296,,,,,0.235294116,0.117647058,0.117647058,0.117647058,0.0,0.25,13,18,17,1,2,0,0,2,2,2,0,0,0,0,,3.0,0.428571428,0.0,,,,,,,,,0.0,,,,,,,
,-0.19,-3.3169572342757463,1.0824735164642334,-0.0266964770853519,,,,,-36.60421195965021,0.1176058517562018,,,,,0.228758169,0.117647058,0.111111111,0.058823529,0.058823529,,8,19,17,1,1,0,1,2,1,0,1,0,0,1,,,,0.052631578,,,,,,,,,0.0,,,,,,,
,-0.16,-2.827073233643551,0.7976120710372925,-0.0266964770853519,,,,,-58.19269520071868,0.0739084390493539,,,,,0.153846152,0.076923076,0.076923076,0.076923076,0.0,0.09090909,7,14,13,0,1,0,0,1,1,1,0,0,0,0,,2.0,0.142857142,0.0,,,,,,,,,0.0,,,,,,,
,-0.18,-3.817555601056859,1.424307346343994,-0.1067859083414077,,,,,-17.38753660472188,0.142738789319992,,,,,0.257575756,0.09090909,0.166666666,0.09090909,0.0,0.153846153,19,25,22,1,0,0,0,2,2,2,0,0,0,2,,9.0,0.36,0.08,,,,,,,,,0.0,,,,,,,
,-0.21,-3.153337181114445,-0.790123462677002,-0.0538401044905185,,,,,65.95473402534847,0.283559854541506,,,,,0.578021977,0.292307692,0.285714285,0.23076923,0.061538462,0.263157894,19,72,65,8,7,0,3,19,15,12,2,1,2,2,,8.0,0.111111111,0.027777777,,,,,,,,,0.0,,,,,,,
,-0.08,-2.36974161999109,0.1851851791143417,-0.0800894312560558,,,,,-0.5993112144953952,0.1801518201828003,,,,,0.375,0.1875,0.1875,0.1875,0.0,0.214285714,6,18,16,3,2,0,0,3,3,3,0,0,0,0,,2.0,0.111111111,0.0,,,,,,,,,0.0,,,,,,,
,-0.2,-4.3292330219471955,1.709168791770935,-0.1334823854267597,,,,,-10.607967307452563,0.1531764864921569,,,,,0.3045977,0.137931034,0.166666666,0.137931034,0.0,0.222222222,22,30,29,0,1,0,0,4,4,4,0,0,0,1,,11.0,0.366666666,0.033333333,,,,,,,,,0.0,,,,,,,
,-0.39,-23.495325105762245,2.9506173133850098,2.3697263561189175,,,,,61.93411504686594,0.2884434033331908,,,,,0.594932954,0.30753138,0.287401574,0.242677824,0.064853556,,130,536,478,51,60,1,25,147,116,91,20,4,28,27,,,,0.050373134,,,,,,,,,-1.0,,,,,,,
,-0.21,-1.796509122262465,-0.0925925895571708,0.0,,,,,-100.0,0.0,,,,,0.0,0.0,0.0,0.0,0.0,0.0,3,7,7,0,0,0,0,0,0,0,0,0,0,0,,5.0,0.714285714,0.0,,,,,,,,,0.0,,,,,,,
,-0.18,-4.366681372078951,1.6521964073181152,-0.0800894312560558,,,,,-16.600796949116305,0.1442330266748155,,,,,0.29100529,0.148148148,0.142857142,0.111111111,0.037037037,,16,29,27,5,2,0,1,4,3,2,1,0,0,1,,,,0.034482758,,,,,,,,,0.0,,,,,,,
,-0.24,-8.525354448029887,4.329894065856934,-0.2004471533000469,,,,,13.370898415185664,0.1973408730824788,,,,,0.384761904,0.171428571,0.213333333,0.157142857,0.014285714,0.224489795,36,76,70,4,6,0,1,12,11,10,1,0,1,3,,21.0,0.276315789,0.039473684,,,,,,,,,0.0,,,,,,,
,-0.15,-6.283351117318785,2.9055869579315186,-0.2936612479388714,,,,,7.117871971593121,0.187001062631607,,,,,0.333636363,0.113636363,0.22,0.113636363,0.0,0.147058823,30,51,44,2,4,0,0,5,5,5,0,0,0,5,,10.0,0.196078431,0.098039215,,,,,,,,,0.0,,,,,,,
,-0.17,-9.500004344160304,4.785672664642334,-0.453840110450983,,,,,15.048205814130464,0.2028934563262553,,,,,0.382777678,0.154929577,0.227848101,0.14084507,0.014084507,,35,84,71,7,3,0,1,11,10,9,1,0,0,8,,,,0.095238095,,,,,,,,,0.0,,,,,,,
,-0.19,-3.011457524109601,0.7976120710372925,-0.0266964770853519,,,,,-68.60852506832043,0.0686292648315429,,,,,0.142857142,0.071428571,0.071428571,0.071428571,0.0,0.09090909,5,14,14,1,1,0,0,1,1,1,0,0,0,0,,3.0,0.214285714,0.0,,,,,,,,,0.0,,,,,,,
,-0.18,-8.848007038394162,4.5008111000061035,-0.1737506762146949,,,,,13.163330413037306,0.1947657537460327,,,,,0.402702702,0.202702702,0.2,0.189189189,0.013513513,0.212121212,38,79,74,6,5,0,1,15,14,13,1,0,1,1,,8.0,0.101265822,0.012658227,,,,,,,,,0.0,,,,,,,
,-0.21,-3.566134808614046,1.1394457817077637,-0.0533929541707038,,,,,-38.903835042258144,0.1067566341824001,,,,,0.222222222,0.111111111,0.111111111,0.111111111,0.0,0.153846153,18,20,18,1,0,0,0,2,2,2,0,0,0,0,,5.0,0.25,0.0,,,,,,,,,0.0,,,,,,,
,-0.2,-2.803973534208073,0.6266952157020569,0.0,,,,,-100.0,0.0,,,,,0.0,0.0,0.0,0.0,0.0,,7,11,11,0,0,0,0,0,0,0,0,0,0,0,,,,0.0,,,,,,,,,0.0,,,,,,,
,-0.26,-1.619048514420514,-3.8333332911133766,-0.3741978295147419,,,,,91.05000950288914,0.3399730782817911,,,,,0.709570956,0.376237623,0.333333333,0.287128712,0.089108911,0.353658536,33,110,101,10,16,0,7,38,29,22,5,2,2,6,,19.0,0.172727272,0.054545454,,,,,,,,,-3.0,,,,,,,
,-0.22,-8.261510818117216,4.1020050048828125,-0.3470542021095752,,,,,13.066612461427402,0.1949517403330121,,,,,0.40289855,0.20289855,0.2,0.188405797,0.014492753,0.228070175,31,72,69,5,14,0,1,14,13,12,1,0,0,1,,12.0,0.166666666,0.013888888,,,,,,,,,0.0,,,,,,,
,-0.2,-3.5736576262069897,1.0824735164642334,-0.0533929541707038,,,,,-46.15345618489729,0.097029748890135,,,,,0.16993464,0.058823529,0.111111111,0.058823529,0.0,,12,19,17,2,0,0,0,1,1,1,0,0,0,0,,,,0.0,,,,,,,,,0.0,,,,,,,
,-0.23,-3.623334653530871,1.1394457817077637,-0.0533929541707038,,,,,-41.16568010574304,0.1011378639622738,,,,,0.210526314,0.105263157,0.105263157,0.105263157,0.0,0.222222222,13,20,19,0,0,0,0,2,2,2,0,0,0,0,,10.0,0.5,0.0,,,,,,,,,0.0,,,,,,,
,-0.27,-5.6140389801178925,2.392836332321167,-0.0533929541707038,,,,,-4.706575623165878,0.1673369095439002,,,,,0.362950058,0.243902439,0.119047619,0.097560975,0.146341464,0.12,22,42,41,2,2,1,3,10,4,1,1,1,0,1,,15.0,0.357142857,0.023809523,,,,,,,,,0.0,,,,,,,
,-0.28,-11.782608263828102,6.266952037811279,-0.4271436333656311,,,,,18.358641911651723,0.2039638651865665,,,,,0.427300502,0.240384615,0.186915887,0.163461538,0.076923077,0.2,45,110,104,9,10,1,4,25,17,13,1,2,0,2,,23.0,0.209090909,0.018181818,,,,,,,,,0.0,,,,,,,
,0.44,-14.4856902790392,4.1913580894470215,-0.7216991819441319,,,,,54.38005056853452,0.2686728696966376,,,,,0.542858845,0.263888888,0.278969957,0.222222222,0.041666666,,72,238,216,16,14,0,8,57,48,40,7,1,4,14,,,,0.058823529,,,,,,,,,2.0,,,,,,,
,-0.24,-8.769556444222342,4.329894065856934,-0.2669647708535194,,,,,11.521912289310675,0.2007938027381897,,,,,0.422065901,0.232876712,0.189189189,0.178082191,0.054794521,0.276595744,38,76,73,4,2,0,4,17,13,9,4,0,0,1,,26.0,0.342105263,0.013157894,,,,,,,,,0.0,,,,,,,
,-0.28,-2.5003941697925507,-0.1234567910432815,-0.0800894312560558,,,,,-0.4855985311966602,0.1695546542896944,,,,,0.352941176,0.176470588,0.176470588,0.176470588,0.0,,14,19,17,3,0,0,0,3,3,3,0,0,0,0,,,,0.0,,,,,,,,,0.0,,,,,,,
,0.73,-17.706849470822156,5.746913433074951,-1.4284850992262363,,,,,54.94393299752218,0.2641907421341777,,,,,0.539860857,0.2734375,0.266423357,0.21484375,0.05859375,,89,285,256,26,31,0,12,70,55,43,9,3,1,16,,,,0.05614035,,,,,,,,,3.0,,,,,,,
,-0.22,-4.323288225554823,1.4812796115875244,-0.1067859083414077,,,,,-28.255793555300095,0.1330538827639359,,,,,0.237179486,0.083333333,0.153846153,0.083333333,0.0,0.125,13,26,24,1,1,0,0,2,2,2,0,0,0,1,,8.0,0.307692307,0.038461538,,,,,,,,,0.0,,,,,,,
,-0.3,-0.9941534495614124,-3.4135802388191223,-0.3072330616414547,,,,,92.34850930308332,0.3427329718227118,,,,,0.703107534,0.365079365,0.338028169,0.253968253,0.111111112,0.254237288,19,71,63,5,8,1,5,23,16,11,4,0,1,6,,3.0,0.042253521,0.084507042,,,,,,,,,-4.0,,,,,,,
,-0.24,-3.619036675718743,0.9685289859771729,-0.0266964770853519,,,,,-66.6924425224377,0.0565182180965648,,,,,0.117647058,0.058823529,0.058823529,0.058823529,0.0,,12,17,17,1,0,0,0,1,1,1,0,0,0,0,,,,0.0,,,,,,,,,0.0,,,,,,,
,-0.19,-8.34354334083772,3.988060474395752,-0.120357722043991,,,,,7.094794075381815,0.197549137702355,,,,,0.406349206,0.206349206,0.2,0.174603174,0.031746032,0.211538461,33,70,63,5,2,0,1,13,11,10,0,1,1,2,,11.0,0.157142857,0.028571428,,,,,,,,,0.0,,,,,,,
,0.08,-2.723962001492561,-1.104938268661499,-0.3203577250242233,,,,,63.44408817079794,0.2935098421115141,,,,,0.592809364,0.304347826,0.288461538,0.195652173,0.108695653,0.210526315,33,52,46,4,6,1,3,14,9,6,2,0,0,5,,7.0,0.134615384,0.096153846,,,,,,,,,-1.0,,,,,,,
,-0.26,-2.0334268642846345,-0.9382716044783592,0.439821146428585,,,,,18.70875025922594,0.2155111009875933,,,,,0.392857142,0.142857142,0.25,0.142857142,0.0,,8,24,21,2,2,0,0,3,3,3,0,0,3,2,,,,0.083333333,,,,,,,,,-1.0,,,,,,,
,-0.26,-7.472865709007471,3.3043928146362305,-0.0402682907879352,,,,,-1.0880898310992957,0.1782433271408081,,,,,0.367003366,0.185185185,0.181818181,0.166666666,0.018518519,,30,58,54,4,3,0,1,10,9,8,1,0,1,1,,,,0.017241379,,,,,,,,,0.0,,,,,,,
,-0.23,-5.534412715040783,-2.604938268661499,0.0122303627431392,,,,,73.95596249454968,0.3034679963264936,,,,,0.625739894,0.335616438,0.290123456,0.212328767,0.123287671,,50,168,146,19,13,2,10,49,31,21,4,4,5,12,,,,0.071428571,,,,,,,,,-1.0,,,,,,,
,-0.31,-4.640053189563079,1.4812796115875244,-0.0533929541707038,,,,,-39.15877460530908,0.1103446575311514,,,,,0.198717948,0.083333333,0.115384615,0.041666666,0.041666667,,14,26,24,0,1,0,1,2,1,0,1,0,0,2,,,,0.076923076,,,,,,,,,0.0,,,,,,,
,-0.23,-0.7302303130560669,-2.246913582086563,0.2665176205337047,,,,,62.46261229409069,0.2812510501770746,,,,,0.563492062,0.277777777,0.285714285,0.166666666,0.111111111,0.214285714,14,21,18,2,3,0,1,5,3,2,0,1,2,3,,4.0,0.19047619,0.142857142,,,,,,,,,-2.0,,,,,,,
,-0.17,-5.23500091205949,-0.2283951044082641,-0.1606260128319263,,,,,55.52382665228215,0.2673730213066627,,,,,0.54415475,0.268292682,0.275862068,0.231707317,0.036585365,,28,90,82,6,8,0,3,22,19,16,3,0,2,4,,,,0.044444444,,,,,,,,,-1.0,,,,,,,
,-0.61,-2.815366913510476,-0.6604938209056854,-0.1601788625121116,,,,,40.0035937209515,0.249297022819519,,,,,0.509821428,0.28125,0.228571428,0.15625,0.125,0.166666666,11,35,32,2,3,1,2,9,5,3,1,0,0,3,,7.0,0.2,0.085714285,,,,,,,,,-1.0,,,,,,,
,-0.25,-1.774934719331968,-0.9259259253740312,-0.0266964770853519,,,,,-53.62295100900335,0.0835617515775892,,,,,0.111111111,0.0,0.111111111,0.0,0.0,0.0,4,9,8,0,0,0,0,0,0,0,0,0,0,1,,2.0,0.222222222,0.111111111,,,,,,,,,-1.0,,,,,,,
,-0.32,-1.6826870743945943,-1.123456783592701,-0.0533929541707038,,,,,-7.378230021196269,0.1601349512736002,,,,,0.333333332,0.166666666,0.166666666,0.166666666,0.0,0.181818181,10,12,12,1,1,0,0,2,2,2,0,0,0,0,,1.0,0.083333333,0.0,,,,,,,,,-1.0,,,,,,,
,-0.22,-9.690511441345906,4.5008111000061035,-0.3470542021095752,,,,,6.702955840047262,0.1840200487772623,,,,,0.378447487,0.191780821,0.186666666,0.164383561,0.02739726,,32,79,73,3,7,0,1,14,12,11,0,1,0,2,,,,0.025316455,,,,,,,,,0.0,,,,,,,
,-0.25,-10.440796476946517,4.956589221954346,-0.0271436274051666,,,,,5.5784301242305645,0.1802483353672958,,,,,0.359678913,0.164556962,0.195121951,0.164556962,0.0,,32,87,79,9,8,0,0,13,13,13,0,0,2,2,,,,0.022988505,,,,,,,,,0.0,,,,,,,
,-0.29,-2.877469523703213,-0.1975308656692505,-0.0800894312560558,,,,,-22.59319067071082,0.1449953668257769,,,,,0.243137254,0.066666666,0.176470588,0.066666666,0.0,,5,18,15,0,0,0,0,1,1,1,0,0,0,2,,,,0.111111111,,,,,,,,,0.0,,,,,,,
,-0.37,-10.249714102997494,4.842644691467285,-0.147054199129343,,,,,6.0028244117742675,0.1832309670564605,,,,,0.372800246,0.189873417,0.182926829,0.151898734,0.037974683,0.214285714,32,85,79,7,0,0,2,15,12,10,1,1,1,1,,23.0,0.270588235,0.011764705,,,,,,,,,0.0,,,,,,,
,-0.19,-2.8780229096223287,-1.6419752836227417,0.5597317181527615,,,,,46.826888693648414,0.2557771862769613,,,,,0.536564625,0.291666666,0.244897959,0.229166666,0.0625,,14,51,48,1,5,0,3,14,11,8,3,0,4,1,,,,0.019607843,,,,,,,,,-1.0,,,,,,,
,-0.27,-3.05888021913608,-0.0925925895571708,0.0,,,,,-100.0,0.0,,,,,0.0,0.0,0.0,0.0,0.0,,3,12,12,0,0,0,0,0,0,0,0,0,0,0,,,,0.0,,,,,,,,,0.0,,,,,,,
,-0.14,-9.6964052723459,-0.6358023881912231,-0.9615203253924848,,,,,67.80185964530965,0.2864837983008206,,,,,0.56987476,0.273224043,0.296650717,0.196721311,0.076502732,,57,214,183,27,22,1,11,50,36,25,9,1,2,24,,,,0.112149532,,,,,,,,,1.0,,,,,,,
,-0.24,-9.17043766105736,3.9310882091522217,-0.2402682937681675,,,,,-2.0934731585046955,0.1690017073901731,,,,,0.348794488,0.184615384,0.164179104,0.138461538,0.046153846,,29,69,65,5,4,0,2,12,9,7,1,1,0,2,,,,0.028985507,,,,,,,,,0.0,,,,,,,
,-0.3,-5.955952994677846,1.994030237197876,-0.1067859083414077,,,,,-32.16728840502583,0.1164617827444365,,,,,0.242424242,0.121212121,0.121212121,0.121212121,0.0,0.153846153,22,35,33,0,1,0,0,4,4,4,0,0,0,0,,7.0,0.2,0.0,,,,,,,,,0.0,,,,,,,
,-0.42999999999999994,-7.695849393295312,-5.888888955116272,-1.0823251977562904,,,,,84.00503880274171,0.3213826720617408,,,,,0.671078602,0.367003367,0.304075235,0.252525252,0.114478115,0.271317829,107,327,297,33,45,5,19,109,75,56,9,5,5,18,,34.0,0.103975535,0.055045871,,,,,,,,,-2.0,,,,,,,
,-0.34,-1.3493487699129372,-2.0,-0.0800894312560558,,,,,22.98161836322434,0.2228062649567922,,,,,0.431818181,0.181818181,0.25,0.181818181,0.0,,4,13,11,3,0,0,0,2,2,2,0,0,0,1,,,,0.076923076,,,,,,,,,-2.0,,,,,,,
,-0.41,-2.736818855995869,-1.2222222238779068,-0.2135718166828155,,,,,37.63975815710276,0.2353405276934305,,,,,0.451851851,0.185185185,0.266666666,0.185185185,0.0,0.25,8,32,27,4,0,0,0,5,5,5,0,0,0,3,,7.0,0.21875,0.09375,,,,,,,,,-1.0,,,,,,,
,-0.28,-5.029131256946471,0.6296296417713165,0.1864281892776489,,,,,4.320297171188276,0.1832047250212692,,,,,0.370121951,0.175,0.195121951,0.175,0.0,,13,43,40,2,2,0,0,7,7,7,0,0,2,0,,,,0.0,,,,,,,,,1.0,,,,,,,
,-0.32,-11.54888525946624,5.469339847564697,-0.453840110450983,,,,,8.597970793112117,0.1895216146241063,,,,,0.386663408,0.191011235,0.195652173,0.168539325,0.02247191,0.245901639,36,96,89,5,9,0,1,17,15,14,0,1,0,3,,28.0,0.291666666,0.03125,,,,,,,,,0.0,,,,,,,
,-0.13,-11.076754516677056,-3.5864197611808777,-0.495897002518177,,,,,74.63047466315123,0.3046196061467368,,,,,0.617102615,0.302816901,0.314285714,0.239436619,0.063380282,,95,329,284,36,31,0,13,86,68,55,8,5,9,24,,,,0.072948328,,,,,,,,,-3.0,,,,,,,
,-0.35,-8.973508165057773,3.646226644515991,-0.1601788625121116,,,,,-8.62940406868818,0.1688360542547507,,,,,0.350930813,0.20338983,0.147540983,0.118644067,0.084745763,,29,64,59,5,1,1,3,12,7,4,2,0,0,2,,,,0.03125,,,,,,,,,0.0,,,,,,,
,-0.31,-7.53493677574164,2.7346699237823486,-0.1868753395974636,,,,,-20.75883508825548,0.1371339144914046,,,,,0.265810276,0.113636363,0.152173913,0.113636363,0.0,,27,48,44,1,0,0,0,5,5,5,0,0,0,2,,,,0.041666666,,,,,,,,,0.0,,,,,,,
,-0.38,-3.549755417890769,-0.1975308656692505,-0.0533929541707038,,,,,-45.53278652781275,0.0951591928799947,,,,,0.16993464,0.058823529,0.111111111,0.058823529,0.0,0.058823529,6,19,17,2,0,0,0,1,1,1,0,0,0,1,,0.0,0.0,0.052631578,,,,,,,,,0.0,,,,,,,
,-0.3,-8.96232923872478,3.589254379272461,-0.2669647708535194,,,,,-8.876616071609646,0.1675466469355992,,,,,0.3385376,0.163934426,0.174603174,0.147540983,0.016393443,,30,63,61,2,3,0,1,10,9,8,1,0,0,2,,,,0.031746031,,,,,,,,,0.0,,,,,,,
,-0.36,-1.8019045613608489,-2.148148149251938,0.2665176205337047,,,,,22.103510060313724,0.2088828881581624,,,,,0.395989974,0.157894736,0.238095238,0.157894736,0.0,0.272727272,6,21,19,2,2,0,0,3,3,3,0,0,2,2,,8.0,0.38095238,0.095238095,,,,,,,,,-2.0,,,,,,,
,-0.28,-4.0335961656545845,-1.6172839403152466,-0.1737506762146949,,,,,54.555378463660354,0.2635273542255163,,,,,0.53681144,0.27118644,0.265625,0.20338983,0.06779661,,20,67,59,7,5,0,3,16,12,9,2,1,1,5,,,,0.074626865,,,,,,,,,-1.0,,,,,,,
,-0.44,-10.869242596844837,4.671728134155273,-0.3737506791949272,,,,,-0.9662716968647812,0.1819194927811622,,,,,0.369318181,0.181818181,0.1875,0.155844155,0.025974026,,33,82,77,6,4,0,1,14,12,11,0,1,0,3,,,,0.036585365,,,,,,,,,0.0,,,,,,,
,-0.39,-11.33596122729909,5.070533752441406,-0.3737506791949272,,,,,2.5894199806971545,0.1767587864940816,,,,,0.358288769,0.176470588,0.181818181,0.152941176,0.023529412,0.224137931,44,89,85,7,6,0,2,15,13,11,2,0,0,3,,27.0,0.303370786,0.033707865,,,,,,,,,0.0,,,,,,,
,-0.56,-4.888624156247899,-0.444444477558136,-0.3470542021095752,,,,,40.13778885720084,0.2432327250639597,,,,,0.495614035,0.245614035,0.25,0.210526315,0.03508772,0.24,25,60,57,4,3,0,2,14,12,10,2,0,0,3,,7.0,0.116666666,0.05,,,,,,,,,-1.0,,,,,,,
,-0.42,-10.897785557739889,4.785672664642334,-0.3470542021095752,,,,,0.6652333727864668,0.1734819698937331,,,,,0.318444845,0.128571428,0.189873417,0.085714285,0.042857143,0.146341463,39,84,70,6,6,0,2,9,6,4,1,1,0,9,,29.0,0.345238095,0.107142857,,,,,,,,,0.0,,,,,,,
,-0.35,-4.299254018288595,0.0246913582086563,-0.1067859083414077,,,,,-22.80159295939008,0.1423421789098669,,,,,0.296296296,0.148148148,0.148148148,0.148148148,0.0,0.2,23,27,27,2,2,0,0,4,4,4,0,0,0,0,,7.0,0.259259259,0.0,,,,,,,,,0.0,,,,,,,
,-0.44,-6.665382247633283,1.8024691343307495,0.5199105776846409,,,,,-41.700653794539264,0.1089045818035419,,,,,0.23076923,0.128205128,0.102564102,0.102564102,0.025641026,,13,40,39,2,0,0,1,5,4,3,1,0,3,0,,,,0.0,,,,,,,,,1.0,,,,,,,
,-0.36,-11.96210269704916,5.241450786590576,-0.3737506791949272,,,,,0.6377938905843655,0.1811899672979596,,,,,0.372143339,0.188235294,0.183908045,0.164705882,0.023529412,,34,92,85,5,4,0,2,16,14,12,2,0,0,2,,,,0.02173913,,,,,,,,,0.0,,,,,,,
,-0.22,-3.98732621324743,-1.3827160596847534,-0.120357722043991,,,,,41.338297469599176,0.2541470367174882,,,,,0.503273322,0.234042553,0.269230769,0.191489361,0.042553192,,20,52,47,3,8,0,2,11,9,7,2,0,1,5,,,,0.096153846,,,,,,,,,-2.0,,,,,,,
,-0.5,-10.578603043259283,-6.641975402832031,-0.3764335811138153,,,,,79.15064606317438,0.3109642653938273,,,,,0.645261619,0.334269662,0.310991957,0.278089887,0.056179775,,95,386,356,44,39,2,12,119,99,87,6,4,12,15,,,,0.038860103,,,,,,,,,-2.0,,,,,,,
,-0.98,-16.6723447066258,-6.160493850708008,2.6091003492474556,,,,,74.02237312003834,0.2972987370399167,,,,,0.60640826,0.305182341,0.301225919,0.234165067,0.071017274,0.275395033,146,587,521,52,50,0,30,159,122,92,23,7,32,42,,78.0,0.132879045,0.071550255,,,,,,,,,1.0,,,,,,,
,-0.41,-3.741119345019638,-0.9382716044783592,-0.1601788625121116,,,,,8.644772018227185,0.1859631692209551,,,,,0.387096774,0.193548387,0.193548387,0.193548387,0.0,0.214285714,16,31,31,1,5,0,0,6,6,6,0,0,0,0,,3.0,0.096774193,0.0,,,,,,,,,-1.0,,,,,,,
,-0.43,-12.333609970247863,5.355395317077637,-0.4271436333656311,,,,,0.0823046236257312,0.1759691048752177,,,,,0.339523281,0.146341463,0.193181818,0.134146341,0.012195122,,37,94,82,8,2,0,1,12,11,10,1,0,0,6,,,,0.063829787,,,,,,,,,0.0,,,,,,,
,-0.32,-2.866983162117307,-1.9691358022391796,-0.1868753395974636,,,,,33.932227968364465,0.2351345727520604,,,,,0.443249701,0.185185185,0.258064516,0.148148148,0.037037037,,9,32,27,2,1,0,1,5,4,3,1,0,0,3,,,,0.09375,,,,,,,,,-2.0,,,,,,,
,-0.43,-4.462063510905644,-1.740740716457367,-0.453840110450983,,,,,57.163084049247686,0.2785189821295542,,,,,0.560398504,0.272727272,0.287671232,0.212121212,0.06060606,0.24137931,26,74,66,9,6,0,4,18,14,10,4,0,0,7,,8.0,0.108108108,0.094594594,,,,,,,,,-1.0,,,,,,,
,-0.43,-12.404817637643472,5.469339847564697,-0.4271436333656311,,,,,1.3267909714858022,0.1752678599763424,,,,,0.356675238,0.175824175,0.180851063,0.153846153,0.021978022,0.205882352,36,96,91,7,4,0,1,16,14,13,0,1,0,3,,23.0,0.239583333,0.03125,,,,,,,,,0.0,,,,,,,
,0.24,-21.17197805906927,6.024691343307495,-1.5891111120581627,,,,,55.368159626405465,0.2696418985288742,,,,,0.541151914,0.26045016,0.280701754,0.209003215,0.051446945,0.220338983,100,347,311,32,19,0,14,81,65,51,12,2,3,29,,16.0,0.04610951,0.083573487,,,,,,,,,3.0,,,,,,,
,-0.38,-5.757457659133206,-1.1975308507680893,-0.6407154500484467,,,,,56.51269272052986,0.2767232259114583,,,,,0.576273188,0.296703296,0.279569892,0.263736263,0.032967033,0.333333333,32,93,91,6,6,0,2,27,24,22,1,1,0,2,,13.0,0.171052631,0.021505376,,,,,,,,,-2.0,,,,,,,
,-0.46,-4.418662079555245,-0.7037037014961243,-0.2135718166828155,,,,,7.857456736797117,0.1961171064111921,,,,,0.373737373,0.151515151,0.222222222,0.151515151,0.0,,15,36,33,2,3,0,0,5,5,5,0,0,0,3,,,,0.083333333,,,,,,,,,-1.0,,,,,,,
,-0.33,-4.70063356814516,-1.3209876418113708,0.1597317121922969,,,,,39.93977807080253,0.2392573741174513,,,,,0.516129031,0.306451612,0.209677419,0.209677419,0.096774193,0.224137931,25,64,62,7,8,0,4,19,13,9,2,2,2,0,,4.0,0.0625,0.0,,,,,,,,,-2.0,,,,,,,
,-0.47,-16.56068604108951,7.976120948791504,-0.3339295387268066,,,,,8.335393105124318,0.1953672817775181,,,,,0.410351966,0.224637681,0.185714285,0.173913043,0.050724638,0.216216216,50,140,138,12,9,0,6,31,24,18,5,1,1,2,,27.0,0.192857142,0.014285714,,,,,,,,,0.0,,,,,,,
,-0.41,-3.1714551263481088,-2.148148149251938,-0.1601788625121116,,,,,32.131237560617606,0.237560279229108,,,,,0.485294117,0.25,0.235294117,0.1875,0.0625,,13,35,32,3,3,0,2,8,6,4,2,0,0,2,,,,0.057142857,,,,,,,,,-2.0,,,,,,,
,-0.27,-9.364546684217231,-0.5493826866149902,-0.0411625914275646,,,,,54.879558010195474,0.2695256900042295,,,,,0.550167785,0.275167785,0.275,0.22147651,0.053691275,,61,163,149,12,14,0,5,41,33,28,2,3,5,10,,,,0.061349693,,,,,,,,,-2.0,,,,,,,
,-0.47,-10.628852515695852,4.1020050048828125,-0.2669647708535194,,,,,-13.816279077408092,0.1491711986237678,,,,,0.284420289,0.125,0.159420289,0.09375,0.03125,0.115384615,34,72,64,2,5,0,1,8,6,5,0,1,0,5,,12.0,0.166666666,0.069444444,,,,,,,,,0.0,,,,,,,
,-0.45999999999999996,-9.95976047798852,3.646226644515991,-0.2402682937681675,,,,,-20.105141065209047,0.1480180832647508,,,,,0.281979977,0.120689655,0.161290322,0.103448275,0.01724138,0.142857142,33,64,58,4,1,0,1,7,6,5,1,0,0,4,,16.0,0.25,0.0625,,,,,,,,,0.0,,,,,,,
,-0.45,-5.398004348768867,-0.5617283880710602,0.6398211494088173,,,,,8.171982088583649,0.2001129559108189,,,,,0.417716022,0.234042553,0.183673469,0.14893617,0.085106383,0.179487179,24,52,47,10,8,0,3,11,7,4,2,1,4,2,,8.0,0.153846153,0.038461538,,,,,,,,,0.0,,,,,,,
,-0.67,-9.177645185265938,-1.1604938507080078,-0.6814308911561966,,,,,63.67950772653285,0.2796852307005243,,,,,0.566657892,0.275449101,0.291208791,0.22754491,0.047904191,0.262068965,54,185,167,18,7,0,5,46,38,33,2,3,3,15,,22.0,0.118918918,0.081081081,,,,,,,,,0.0,,,,,,,
,-0.65,-13.462972735948265,5.754201412200928,-0.453840110450983,,,,,-1.864994069140792,0.1721760148412726,,,,,0.333868377,0.142857142,0.191011235,0.142857142,0.0,0.23076923,40,101,84,5,5,0,0,12,12,12,0,0,0,4,,32.0,0.316831683,0.03960396,,,,,,,,,0.0,,,,,,,
,-0.5,-7.170035731904001,-1.209876537322998,-0.4271436333656311,,,,,51.20143111297888,0.2599932980314593,,,,,0.547828476,0.323529411,0.224299065,0.186274509,0.137254902,,31,109,102,8,11,3,8,33,19,11,5,0,0,5,,,,0.045871559,,,,,,,,,0.0,,,,,,,
,-0.47,-5.706573901197219,-0.3703703582286834,-0.2135718166828155,,,,,-3.168673592581255,0.1772919457133223,,,,,0.348968104,0.153846153,0.195121951,0.153846153,0.0,,12,42,39,6,2,0,0,6,6,6,0,0,0,2,,,,0.047619047,,,,,,,,,0.0,,,,,,,
,-0.7,-13.477699605428906,5.469339847564697,-0.3737506791949272,,,,,-7.675855811731598,0.1576189944084654,,,,,0.329787233,0.170212765,0.159574468,0.159574468,0.010638297,,38,96,94,7,7,0,1,16,15,14,1,0,0,0,,,,0.0,,,,,,,,,0.0,,,,,,,
,-0.61,-10.91050204082163,3.988060474395752,-0.2135718166828155,,,,,-20.853468631864697,0.1357287874588599,,,,,0.267493796,0.129032258,0.138461538,0.096774193,0.032258065,0.214285714,35,70,62,2,1,0,1,8,6,5,0,1,0,2,,34.0,0.485714285,0.028571428,,,,,,,,,0.0,,,,,,,
,-0.38,-7.94661292493184,-0.2283951044082641,-0.1606260128319263,,,,,36.02212517625848,0.2373299701239473,,,,,0.483266883,0.235955056,0.247311827,0.213483146,0.02247191,,25,96,89,11,5,0,2,21,19,17,2,0,2,4,,,,0.041666666,,,,,,,,,-1.0,,,,,,,
,-0.56,-14.622453082028574,2.0987653732299805,-1.2950027137994766,,,,,55.14847559307948,0.2692677849765428,,,,,0.549527774,0.274418604,0.27510917,0.227906976,0.046511628,0.243781094,71,235,215,19,22,0,7,59,49,42,4,3,1,10,,14.0,0.059574468,0.042553191,,,,,,,,,0.0,,,,,,,
,-0.59,-6.878236156972936,-0.5061728358268738,-0.480536587536335,,,,,33.42544892233157,0.242389241331502,,,,,0.469040246,0.205882352,0.263157894,0.176470588,0.029411764,0.193548387,27,76,68,11,2,0,2,14,12,10,2,0,0,6,,6.0,0.078947368,0.078947368,,,,,,,,,-1.0,,,,,,,
,-0.61,-13.702561740259783,3.203703761100769,-0.0809837318956852,,,,,33.088688467005596,0.2293571632403832,,,,,0.460949395,0.220689655,0.24025974,0.193103448,0.027586207,0.215384615,54,161,145,17,15,0,4,32,28,24,4,0,4,8,,15.0,0.093167701,0.04968944,,,,,,,,,2.0,,,,,,,
,-0.49,-21.520579044521128,-2.709876537322998,-2.484113819897175,,,,,73.81717747988404,0.3111748186294719,,,,,0.644001747,0.339731285,0.304270462,0.249520153,0.090211132,0.279017857,136,575,521,63,61,5,33,177,130,97,24,4,6,39,,68.0,0.118260869,0.067826086,,,,,,,,,-2.0,,,,,,,
,-0.62,-11.607693219774678,3.817143440246582,-0.1868753395974636,,,,,-34.465161266190925,0.1212579011917114,,,,,0.248076923,0.125,0.123076923,0.109375,0.015625,,32,67,64,2,3,0,1,8,7,6,1,0,0,1,,,,0.014925373,,,,,,,,,0.0,,,,,,,
,-0.6,-7.228781928869319,-0.5987654328346252,-0.0936612449586391,,,,,14.720477256275515,0.2078344959479112,,,,,0.416666666,0.216666666,0.2,0.133333333,0.083333333,,40,66,60,8,7,1,2,13,8,6,0,1,1,4,,,,0.06060606,,,,,,,,,0.0,,,,,,,
,-0.6,-9.747062836143431,2.620725452899933,-0.0800894312560558,,,,,-66.04818487398455,0.0703031493396293,,,,,0.146341462,0.073170731,0.073170731,0.073170731,0.0,0.117647058,18,46,41,1,3,0,0,3,3,3,0,0,0,0,,8.0,0.266666666,0.0,,,,,,,,,0.0,,,,,,,
,-0.62,-6.0960556597563835,-5.395061731338501,-0.8678590804338455,,,,,75.8201392765201,0.3145857863797399,,,,,0.656544054,0.357142857,0.299401197,0.24025974,0.116883117,0.275590551,62,171,154,22,13,2,10,55,37,27,4,4,1,13,,25.0,0.14619883,0.076023391,,,,,,,,,-7.0,,,,,,,
,-0.67,-5.014594482862257,-2.3456790149211884,-0.0135718137025833,,,,,12.109020162841745,0.1918626520368788,,,,,0.386046511,0.186046511,0.2,0.162790697,0.023255814,0.175,13,45,43,2,0,0,1,8,7,6,1,0,1,2,,3.0,0.066666666,0.044444444,,,,,,,,,-2.0,,,,,,,
,-0.7,-5.4678214992659875,-2.4444444477558136,-0.1334823854267597,,,,,-20.226429715575776,0.141295545241412,,,,,0.294117646,0.147058823,0.147058823,0.147058823,0.0,,21,35,34,3,0,0,0,5,5,5,0,0,0,0,,,,0.0,,,,,,,,,-2.0,,,,,,,
,-0.28,-9.17502222464262,-0.0493827164173126,-0.2402682937681675,,,,,3.4511490114934804,0.1885941179705337,,,,,0.397585512,0.228571428,0.169014084,0.157142857,0.071428571,,31,73,70,6,6,1,3,16,11,8,2,0,0,1,,,,0.01369863,,,,,,,,,0.0,,,,,,,
,-0.72,-20.141940258353877,4.561728239059448,-0.9615203253924848,,,,,40.43217153615776,0.2525999874989521,,,,,0.509513662,0.252252252,0.25726141,0.193693693,0.058558559,,85,254,222,18,26,0,11,56,43,32,9,2,2,16,,,,0.062992125,,,,,,,,,2.0,,,,,,,
,0.03,-18.99661273171368,-0.0061730146408081,-2.1759864576160908,,,,,63.75283087772224,0.2909305427731909,,,,,0.588099513,0.29283489,0.295264623,0.211838006,0.080996884,0.236363636,102,367,321,40,29,3,17,94,68,51,11,3,1,38,,43.0,0.117166212,0.103542234,,,,,,,,,-3.0,,,,,,,
,-0.76,-16.38823302223556,-0.8703703880310059,-1.4687533900141716,,,,,59.27667721178061,0.2737803476076599,,,,,0.548952792,0.26171875,0.287234042,0.21484375,0.046875,,82,289,256,22,18,0,11,67,55,44,10,1,2,26,,,,0.089965397,,,,,,,,,-3.0,,,,,,,
,-0.77,-17.364939989075218,6.323924541473389,-0.480536587536335,,,,,-20.298645580861734,0.1466046030874605,,,,,0.275577557,0.108910891,0.166666666,0.108910891,0.0,0.152777777,42,111,101,2,4,0,0,11,11,11,0,0,0,7,,29.0,0.261261261,0.063063063,,,,,,,,,0.0,,,,,,,
,-0.67,-15.089778611058144,-2.8271604776382446,1.5443713180720806,,,,,58.50083617143822,0.2708661500304262,,,,,0.555902823,0.280821917,0.275080906,0.232876712,0.047945205,0.248148148,87,317,292,33,26,1,8,82,68,60,3,4,18,16,,21.0,0.066246056,0.050473186,,,,,,,,,-1.0,,,,,,,
,-0.6,-12.366153060633312,0.9876543283462524,-0.5072330646216869,,,,,13.95678329616959,0.2049402954443445,,,,,0.421139402,0.213592233,0.207547169,0.184466019,0.029126214,0.211111111,34,109,103,2,8,0,3,22,19,16,3,0,0,3,,13.0,0.119266055,0.027522935,,,,,,,,,0.0,,,,,,,
,-0.14,-11.440322500055467,-1.5493826866149902,-0.5877696461975574,,,,,44.98193551362504,0.2478439764471243,,,,,0.506554007,0.248275862,0.258278145,0.227586206,0.020689656,0.264,57,156,145,16,9,0,2,36,33,31,1,1,2,5,,20.0,0.128205128,0.032051282,,,,,,,,,-1.0,,,,,,,
,-0.49,-17.60962992666807,-0.9012346267700196,-1.2153604328632357,,,,,52.15673875476339,0.274287915408388,,,,,0.552617155,0.264227642,0.288389513,0.227642276,0.036585366,0.245614035,70,271,246,22,21,0,9,65,56,47,9,0,3,21,,18.0,0.066420664,0.077490774,,,,,,,,,-3.0,,,,,,,
,-0.89,-31.735707147060744,6.765432119369507,-0.6827723421156406,,,,,47.6366038996307,0.252364775729232,,,,,0.513237091,0.263788968,0.249448123,0.184652278,0.07913669,0.196286472,122,469,417,31,36,3,20,110,77,57,10,7,9,34,,37.0,0.078891257,0.072494669,,,,,,,,,3.0,,,,,,,
,-0.97,-12.927980875684716,-3.8086419105529785,-0.4013414569199085,,,,,46.58660025783365,0.2521142933538051,,,,,0.504445952,0.23668639,0.267759562,0.207100591,0.029585799,,52,185,169,13,14,0,4,40,35,31,3,1,4,14,,,,0.075675675,,,,,,,,,-6.0,,,,,,,
,-1.06,-15.108340929304008,1.0185184478759766,-0.0004471503198146,,,,,-6.4077533087172895,0.1691609458489851,,,,,0.35055225,0.186915887,0.163636363,0.140186915,0.046728972,,35,112,107,5,10,0,3,20,15,12,1,2,2,3,,,,0.026785714,,,,,,,,,0.0,,,,,,,
,-0.56,-21.240994122189644,-4.3518518805503845,-0.348842803388834,,,,,43.943857842258275,0.2508549227581158,,,,,0.494949494,0.222222222,0.272727272,0.203065134,0.019157088,,85,294,261,24,21,0,5,58,53,48,5,0,8,25,,,,0.085034013,,,,,,,,,-5.0,,,,,,,
,-2.17,-17.264357917117433,-10.913580298423769,0.238032542169094,,,,,55.49231804496263,0.2762733356157938,,,,,0.572716488,0.306049822,0.266666666,0.21708185,0.088967972,0.244813278,92,311,281,36,22,2,14,86,61,47,5,7,10,17,,38.0,0.122186495,0.054662379,,,,,,,,,-8.0,,,,,,,
,-1.37,-32.230087822577794,5.592592477798462,-0.6678590774536133,,,,,0.1551540798094849,0.1715056728030636,,,,,0.336757636,0.154185022,0.182572614,0.13215859,0.022026432,0.162162162,84,250,227,8,10,0,4,35,30,26,3,1,2,14,,42.0,0.168,0.056,,,,,,,,,3.0,,,,,,,
,-2.1,-26.104586871598084,-7.0,0.238032542169094,,,,,43.53250626965999,0.2501526129516688,,,,,0.516581982,0.277945619,0.238636363,0.190332326,0.087613293,,94,368,331,34,37,3,18,92,63,45,10,5,10,19,,,,0.051630434,,,,,,,,,-7.0,,,,,,,
,-2.02,-23.048106827533143,-4.666666626930237,-0.161073163151741,,,,,10.178392216920257,0.1899537395949315,,,,,0.374063212,0.17204301,0.202020202,0.150537634,0.021505376,,54,201,186,13,7,0,4,32,28,24,4,0,4,10,,,,0.049751243,,,,,,,,,-3.0,,,,,,,
