Name,PlayerId,MLBAMID,Pos,Team,fWAR,fWAR,bWAR,Off,Def,BsR,Barrel%,HardHit%,EV,maxEV,wRC+,wOBA,xwOBA,wOBA-xwOBA,xBA,xSLG,OPS,SLG,OBP,AVG,ISO,BABIP,G,PA,AB,R,RBI,HR,XBH,TB,H,1B,2B,3B,SB,BB,IBB,SO,K%,BB%,BB/K,Chase%,Whiff%,WPA,Clutch,FRV,OAA,DRS,FRM,TZ,Swing%,Z-Swing%,O-Contact%,Z-Contact%,Zone%,BatSpd,Squared-Up%,Inn
Arky Vaughan,1013377,123671.0,SS,PIT,9.532067302043425,,9.76,74.39346051197744,5.456789970397949,0.1354945758357644,,,,,193.7125074095711,0.4924157177828635,,,,,1.098093366,0.607214428,0.490878938,0.384769539,0.222444889,0.374458874,137,610,499,108,99,19,63,303,192,129,34,10,4,97,,18.0,0.029508196,0.159016393,5.388888888,,,,,,,,,-3.0,,,,,,,,0.0
Lou Gehrig,1004598,114680.0,1B,NYY,8.636747991273328,,8.34,65.03557576689778,2.5617284774780273,-2.2814414063468575,,,,,170.63340273737217,0.4699635689279863,,,,,1.048951379,0.58317757,0.465773809,0.328971962,0.254205608,0.312633832,149,672,535,125,119,30,66,312,176,110,26,10,8,132,,38.0,0.056547619,0.196428571,3.47368421,,,,,,,,,9.0,,,,,,,,0.0
Jimmie Foxx,1004285,114367.0,1B,PHA,8.447990504829482,,7.98,67.06917051315696,-0.3299775123596191,-1.2514193737879395,,,,,174.2269214006619,0.4839831489627644,,,,,1.0962228,0.635514018,0.460708782,0.345794392,0.289719626,0.3725,147,649,535,118,115,36,76,340,185,109,33,7,6,114,,99.0,0.152542372,0.175654853,1.151515151,,,,,,,,,4.0,,,,,,,,0.0
Mel Ott,1009904,120117.0,OF,NYG,7.625917270430757,,7.26,52.70182944035861,3.3580245971679688,0.8124973606318235,,,,,158.4846265495521,0.4306337308567182,,,,,0.961885716,0.55480607,0.407079646,0.322091062,0.232715008,0.317460317,152,683,593,113,114,31,70,329,191,121,33,6,7,82,,58.0,0.084919472,0.120058565,1.413793103,,,,,,,,,9.0,,,,,,,,0.0
Hank Greenberg,1004996,115096.0,1B,DET,7.525228612646092,,7.49,56.21660135959807,-1.5679011344909668,-1.1091504096984863,,,,,156.93062449057226,0.4557866552902686,,,,,1.039197828,0.628432956,0.410764872,0.327948303,0.300484653,0.339430894,152,710,619,121,170,36,98,389,203,105,46,16,4,87,,91.0,0.128169014,0.122535211,0.956043956,,,,,,,,,5.0,,,,,,,,0.0
Billy Herman,1005692,115809.0,2B,CHC,7.307912348785142,,7.23,30.62800423067238,19.75308656692505,0.6239051762968302,,,,,131.42516710556308,0.3907428132330818,,,,,0.858535749,0.475975975,0.382559774,0.34084084,0.135135135,0.349206349,154,735,666,113,83,7,70,317,227,157,57,6,6,42,,29.0,0.039455782,0.057142857,1.448275862,,,,,,,,,15.0,,,,,,,,0.0
Charlie Gehringer,1004596,114682.0,2B,DET,7.275858774387983,,8.58,32.81966313109693,18.59876537322998,-0.2542713135480881,,,,,132.89229402517606,0.4143371521737534,,,,,0.910598881,0.501639344,0.408959537,0.329508196,0.172131148,0.316521739,150,709,610,123,108,19,59,306,201,142,32,8,11,79,,16.0,0.022566995,0.111424541,4.9375,,,,,,,,,14.0,,,,,,,,0.0
Luke Appling,1000284,110297.0,SS,CHW,6.420010332416661,,6.94,17.60060175153258,26.44444465637207,-1.030434973537922,,,,,120.08694133946976,0.3959968371958784,,,,,0.825974828,0.388571428,0.4374034,0.306666666,0.081904762,0.330578512,153,654,525,94,71,1,35,204,161,126,28,6,12,122,,40.0,0.061162079,0.186544342,3.05,,,,,,,,,17.0,,,,,,,,0.0
Joe Medwick,1008719,118904.0,OF,STL,6.363279578470713,,6.09,44.9786882113701,-1.6543207168579102,0.2980559915304184,,,,,151.33680675258057,0.4274327519411098,,,,,0.961937323,0.575709779,0.386227544,0.353312302,0.222397477,0.364130434,154,670,634,132,126,23,82,365,224,142,46,13,4,30,,59.0,0.088059701,0.044776119,0.508474576,,,,,,,,,5.0,,,,,,,,0.0
Augie Galan,1004440,114525.0,OF,CHC,6.108320344647737,,6.02,38.36772026070948,-0.6543207168579102,3.744050493463874,,,,,135.6332835164657,0.3973890065014605,,,,,0.866406778,0.46749226,0.398914518,0.314241486,0.153250774,0.328743545,154,748,646,133,79,12,64,302,203,139,41,11,22,87,,53.0,0.070855614,0.11631016,1.641509433,,,,,,,,,6.0,,,,,,,,0.0
Buddy Myer,1009415,119613.0,2B,WAS,5.936462709881585,,6.56,38.34829437787747,-0.3395061492919922,-2.073214308358729,,,,,139.58535648239854,0.4205765477771865,,,,,0.907476601,0.467532467,0.439944134,0.349025974,0.118506493,0.367775831,151,720,616,115,100,5,52,288,215,163,36,11,7,96,,40.0,0.055555555,0.133333333,2.4,,,,,,,,,-5.0,,,,,,,,0.0
Joe Vosmik,1013456,123757.0,OF,CLE,5.793224784047599,,5.68,37.36393197350609,-0.4814815521240234,-0.6299532111734152,,,,,138.93855271560903,0.4251445513518628,,,,,0.945588721,0.537096774,0.408491947,0.348387096,0.188709678,0.355172413,152,688,620,93,110,10,77,333,216,139,47,20,2,59,,30.0,0.043604651,0.085755813,1.966666666,,,,,,,,,6.0,,,,,,,,0.0
Wally Berger,1000875,110904.0,OF,BSN,5.6022366695278745,,5.77,36.18463994133551,0.1604938507080078,0.1693548550829291,,,,,143.05120717751663,0.4000850063089635,,,,,0.902974965,0.548387096,0.354587869,0.295415959,0.252971137,0.294736842,150,644,589,91,130,34,77,323,174,97,39,4,3,50,,80.0,0.124223602,0.077639751,0.625,,,,,,,,,2.0,,,,,,,,0.0
Hank Leiber,1007490,117641.0,OF,NYG,5.096799866864898,,4.67,38.08704188410026,-7.90123450756073,-0.5646870229393244,,,,,143.7566793521682,0.4073727813101028,,,,,0.901206594,0.51223491,0.388971684,0.331158238,0.181076672,0.322064056,154,680,613,110,107,22,63,314,203,140,37,4,0,48,,29.0,0.042647058,0.070588235,1.655172413,,,,,,,,,-6.0,,,,,,,,0.0
Gabby Hartnett,1005458,115572.0,C,CHC,5.084613820984926,,4.9,32.04898478623036,5.395061731338501,-0.1793099669739604,,,,,153.81715629366929,0.4261081580277328,,,,,0.949189792,0.544794188,0.404395604,0.343825665,0.200968523,0.364406779,116,461,413,67,91,13,51,225,142,91,32,6,1,41,,46.0,0.09978308,0.088937093,0.891304347,,,,,,,,,2.0,,,,,,,,0.0
Bill Terry,1012927,123203.0,1B,NYG,4.931327526432704,,5.16,24.50106025890421,3.820987701416016,0.8353129979223013,,,,,127.89917654888384,0.3823278400362754,,,,,0.834387806,0.451342281,0.383045525,0.340604026,0.110738255,0.368224299,145,653,596,91,64,6,46,269,203,157,32,8,7,41,,55.0,0.084226646,0.062787136,0.745454545,,,,,,,,,10.0,,,,,,,,0.0
Stan Hack,1005183,115283.0,3B,CHC,4.838613607929103,,4.87,23.106340180174843,9.75308632850647,2.3294275226071477,,,,,131.73473104131418,0.3912317307308466,,,,,0.841657795,0.435597189,0.406060606,0.311475409,0.12412178,0.31773399,124,504,427,75,64,4,36,186,133,97,23,9,14,65,,17.0,0.033730158,0.128968253,3.823529411,,,,,,,,,8.0,,,,,,,,0.0
Ripper Collins,1002464,112510.0,1B,STL,4.721242276919801,,5.14,33.45055126413302,-6.481481552124023,-0.5133518390357494,,,,,140.41081941862424,0.4101765222224657,,,,,0.91486068,0.529411764,0.385448916,0.313148788,0.216262976,0.309803921,150,647,578,109,122,23,69,306,181,112,36,10,0,65,,45.0,0.069551777,0.100463678,1.444444444,,,,,,,,,0.0,,,,,,,,0.0
Mickey Cochrane,1002384,112437.0,C,DET,4.528417078910145,,5.16,26.31339385254534,3.395061731338501,-1.8111632484942677,,,,,137.99003788991283,0.4231272364315921,,,,,0.902176448,0.450121654,0.452054794,0.318734793,0.131386861,0.322250639,115,522,411,93,47,5,41,185,131,90,33,3,5,96,,15.0,0.028735632,0.183908045,6.4,,,,,,,,,0.0,,,,,,,,0.0
Billy Rogell,1011128,121379.0,SS,DET,4.4649085935408905,,5.48,-4.999200403942317,28.25925922393799,-2.679281403310597,,,,,97.47563381655308,0.3532678957290471,,,,,0.754114664,0.3875,0.366614664,0.275,0.1125,0.281904761,150,648,560,88,71,6,40,217,154,114,23,11,3,80,,29.0,0.044753086,0.12345679,2.758620689,,,,,,,,,19.0,,,,,,,,0.0
Paul Waner,1013597,123905.0,OF,PIT,4.33180385223161,,3.97,26.356587468423328,-2.8765430450439453,-0.1361674703657627,,,,,132.73583475953998,0.3961106939378025,,,,,0.868748457,0.477231329,0.391517128,0.320582877,0.156648452,0.319767441,139,623,549,98,78,11,52,262,176,124,29,12,2,61,,22.0,0.035313001,0.097913322,2.772727272,,,,,,,,,3.0,,,,,,,,0.0
George Selkirk,1011732,121987.0,OF,NYY,3.854940441995838,,4.22,14.524912101356634,6.512345790863037,-3.199097912758589,,,,,123.10038719461292,0.3880019751844796,,,,,0.858508921,0.48676171,0.371747211,0.311608961,0.175152749,0.319819819,128,541,491,64,94,11,52,239,153,101,29,12,2,44,,36.0,0.066543438,0.081330868,1.222222222,,,,,,,,,12.0,,,,,,,,0.0
Bob Johnson,1006428,116620.0,OF,PHA,3.853607659767672,,3.8,23.79407959450168,-6.351851940155029,-1.9630087912082672,,,,,127.35163086248583,0.4031556761877054,,,,,0.893995078,0.510309278,0.3836858,0.298969072,0.211340206,0.30543933,147,664,582,103,109,28,62,297,174,112,29,5,2,78,,76.0,0.114457831,0.117469879,1.026315789,,,,,,,,,0.0,,,,,,,,0.0
Odell Hale,1005224,115324.0,3B,CLE,3.802769376592988,,3.72,9.344298327204925,7.790123462677002,-3.3792872205376625,,,,,113.84487522200956,0.3818753041396631,,,,,0.846939476,0.48556876,0.361370716,0.303904923,0.181663837,0.314671814,150,648,589,80,101,16,64,286,179,115,37,11,15,52,,55.0,0.084876543,0.080246913,0.945454545,,,,,,,,,5.0,,,,,,,,0.0
Earl Averill Sr.,1000378,110396.0,OF,CLE,3.6082969926095223,,3.9,15.333321401805968,0.2839505672454834,-0.6917099067941308,,,,,117.71057843513977,0.3885409699441506,,,,,0.863067388,0.495559502,0.367507886,0.287744227,0.207815275,0.294238683,140,638,563,109,79,19,66,279,162,96,34,13,8,70,,58.0,0.09090909,0.109717868,1.206896551,,,,,,,,,2.0,,,,,,,,0.0
Jo-Jo Moore,1009117,119307.0,OF,NYG,3.596170147143577,,3.15,12.813512132204943,-1.697530746459961,0.4010895360261202,,,,,112.84304375014749,0.3585485624013885,,,,,0.781880934,0.428781204,0.35309973,0.295154185,0.133627019,0.289719626,155,744,681,108,71,15,52,292,201,149,28,9,5,53,,24.0,0.032258064,0.071236559,2.208333333,,,,,,,,,5.0,,,,,,,,0.0
Pete Fox,1004283,114357.0,OF,DET,3.518097325072973,,4.31,22.21096706182841,-5.388888835906982,0.5396616123616695,,,,,126.30046813125476,0.4029708092271442,,,,,0.894614786,0.512572533,0.382042253,0.321083172,0.191489361,0.335555555,131,581,517,116,73,15,61,265,166,105,38,8,14,45,,52.0,0.08950086,0.077452667,0.865384615,,,,,,,,,0.0,,,,,,,,0.0
Zeke Bonura,1001176,111206.0,1B,CHW,3.478285044292373,,3.57,11.685460029729487,3.037036895751953,0.3351314021274447,,,,,113.09850599965488,0.3839466171186478,,,,,0.849388971,0.485454545,0.363934426,0.294545454,0.190909091,0.281437125,138,611,550,107,92,21,59,267,162,103,34,4,4,57,,28.0,0.045826513,0.093289689,2.035714285,,,,,,,,,9.0,,,,,,,,0.0
Red Rolfe,1011157,121410.0,3B,NYY,3.4517442684401716,,4.33,2.8450033484104367,8.47462272644043,-0.546225811354816,,,,,103.38693587762646,0.3540098989470322,,,,,0.764270889,0.403755868,0.360515021,0.300469483,0.103286385,0.314285714,149,706,639,108,67,5,47,258,192,145,33,9,7,57,,39.0,0.055240793,0.080736543,1.461538461,,,,,,,,,5.0,,,,,,,,0.0
Lonny Frey,1004343,114427.0,SS,BRO,3.3922977735730964,,3.43,9.0934036220037,5.962963104248047,0.7750587733462453,,,,,110.89040269285468,0.3606990328624387,,,,,0.788429039,0.436893203,0.351535836,0.262135922,0.174757281,0.284403669,131,588,515,88,77,11,57,225,135,78,35,11,6,66,,68.0,0.115646258,0.112244897,0.970588235,,,,,,,,,-2.0,,,,,,,,0.0
Moose Solters,1012270,122528.0,OF,- - -,3.3464426184452023,,3.8799999999999994,9.23456411667333,1.972415328025818,0.813154898583889,,,,,108.8362915336354,0.3834469926036046,,,,,0.853910245,0.49762282,0.356287425,0.318541996,0.179080824,0.320490367,151,672,631,94,112,18,70,314,201,131,45,7,11,36,,42.0,0.0625,0.053571428,0.857142857,,,,,,,,,8.0,,,,,,,,0.0
Ernie Lombardi,1007718,117880.0,C,CIN,3.24577656941196,,3.59,20.471884889233753,1.5308642387390137,-0.2709356928244233,,,,,145.49304836489333,0.4110384627624794,,,,,0.918074004,0.539156626,0.378917378,0.343373493,0.195783133,0.324840764,120,351,332,36,64,12,38,179,114,76,23,3,0,16,,6.0,0.017094017,0.045584045,2.666666666,,,,,,,,,-1.0,,,,,,,,0.0
Ben Chapman,1002141,112205.0,OF,NYY,3.2323561819580573,,3.74,6.294043796713536,5.296296238899231,-1.6177120879292488,,,,,108.86904321433614,0.363462744495733,,,,,0.791355355,0.430379746,0.360975609,0.289330922,0.141048824,0.300395256,140,629,553,118,74,8,54,238,160,106,38,8,17,61,,39.0,0.062003179,0.096979332,1.564102564,,,,,,,,,7.0,,,,,,,,0.0
Chuck Klein,1006991,117141.0,OF,CHC,3.0872423175063486,,3.1,15.921673952198294,-0.7962961196899414,0.4292459059506655,,,,,124.5902018368535,0.3799478409170103,,,,,0.843521278,0.488479262,0.355042016,0.292626728,0.195852534,0.285714285,119,485,434,71,73,21,39,212,127,88,14,4,4,41,,42.0,0.086597938,0.084536082,0.976190476,,,,,,,,,4.0,,,,,,,,0.0
Joe Cronin,1002796,112854.0,SS,BOS,3.0869422172249137,,2.81,6.248075192373616,4.493826866149902,-1.2464074101299047,,,,,108.38794635016411,0.3781318288907361,,,,,0.830206573,0.460431654,0.369774919,0.294964028,0.165467626,0.305719921,144,630,556,70,95,9,60,256,164,104,37,14,3,63,,40.0,0.063492063,0.1,1.575,,,,,,,,,-4.0,,,,,,,,0.0
Cecil Travis,1013162,123443.0,3B,WAS,3.0735077868309895,,3.62,3.9335844466935512,7.419753074645996,-0.6353283515200019,,,,,105.46028605567864,0.3617343908711655,,,,,0.775588732,0.398876404,0.376712328,0.318352059,0.080524345,0.335968379,138,590,534,85,61,0,35,213,170,135,27,8,4,41,,28.0,0.047457627,0.069491525,1.464285714,,,,,,,,,6.0,,,,,,,,0.0
Sam West,1013813,124111.0,OF,SLB,3.015533408415,,3.74,4.442440405218331,5.333333373069763,-3.045057953335345,,,,,108.5845228729167,0.3833550964026506,,,,,0.830184938,0.442125237,0.388059701,0.299810246,0.142314991,0.314225053,138,615,527,93,70,10,51,233,158,107,37,4,1,75,,46.0,0.074796747,0.121951219,1.630434782,,,,,,,,,7.0,,,,,,,,0.0
Dick Bartell,1000621,110639.0,SS,NYG,3.014153043122045,,2.73,-3.449118738282148,13.45678997039795,0.60643027164042,,,,,94.82254078795324,0.3300874330538654,,,,,0.722459179,0.406307977,0.316151202,0.261595547,0.14471243,0.268498942,137,603,539,60,53,14,46,219,141,95,28,4,5,37,,52.0,0.086235489,0.061359867,0.711538461,,,,,,,,,5.0,,,,,,,,0.0
Babe Herman,1005691,115808.0,OF,- - -,2.890212022814521,,2.62,19.53197297384555,-5.666666626930237,0.6349498182535172,,,,,130.88565616809677,0.3888135481236586,,,,,0.859180839,0.486046511,0.373134328,0.316279069,0.169767442,0.327272727,118,471,430,52,65,10,47,209,136,89,31,6,5,38,,35.0,0.074309978,0.080679405,1.085714285,,,,,,,,,-1.0,,,,,,,,0.0
Cool Papa Bell,1014588,,OF,PC,2.862412903284268,,0.0,14.571799343613712,7.345678985118866,2.1803995268419385,,,,,137.18177291449427,0.4294000720245796,,,,,0.941824739,0.507614213,0.434210526,0.345177664,0.162436549,,49,228,197,68,30,2,22,100,68,46,14,6,12,31,,,,0.135964912,,,,,,,,,,17.0,,,,,,,,1213.0
Travis Jackson,1006314,116445.0,3B,NYG,2.7963739737485853,,2.49,7.350098393387524,2.370370388031006,0.1921704923734069,,,,,109.91052981263742,0.3539170236111568,,,,,0.780424016,0.440313111,0.340110905,0.301369863,0.138943248,0.331050228,128,556,511,74,80,9,41,225,154,113,20,12,3,29,,64.0,0.115107913,0.052158273,0.453125,,,,,,,,,0.0,,,,,,,,0.0
Josh Gibson,1015243,,C,PC,2.794033172848734,,0.0,21.3810267407251,1.5547675490379331,1.8260307954624295,,,,,169.67886577235927,0.4871524013578892,,,,,1.108630951,0.660714285,0.447916666,0.369047619,0.291666666,,44,192,168,48,57,10,25,111,62,37,11,4,10,24,,,,0.125,,,,,,,,,,1.0,,,,,,,,433.3
Willie Wells,1016700,,SS,CAG,2.7089518314974637,,0.0,17.523204820161716,3.901234626770019,2.6089190794155,,,,,148.82033379110123,0.4500835837359633,,,,,1.003712708,0.56830601,0.435406698,0.355191256,0.213114754,,47,209,183,53,36,5,24,104,65,41,14,5,14,25,,,,0.119617224,,,,,,,,,,1.0,,,,,,,,399.1
Pinky Higgins,1005793,115911.0,3B,PHA,2.702655557923488,,2.63,12.382320766832716,-3.574074029922486,-0.1069903858006,,,,,115.3687448756555,0.3824934812498764,,,,,0.854168905,0.503816793,0.350352112,0.295801526,0.208015267,0.300683371,133,573,524,69,94,23,59,264,155,96,32,4,6,42,,62.0,0.108202443,0.073298429,0.677419354,,,,,,,,,-6.0,,,,,,,,0.0
Tony Lazzeri,1007422,117577.0,2B,NYY,2.6594870077251103,,2.74,4.781245972997322,4.197530746459961,-0.5227526361122727,,,,,106.87478371456724,0.3600240254270437,,,,,0.778148417,0.417190775,0.360957642,0.272536687,0.144654088,0.300771208,130,544,477,72,83,13,37,199,130,93,18,6,11,63,,75.0,0.137867647,0.115808823,0.84,,,,,,,,,0.0,,,,,,,,0.0
Billy Jurges,1006653,116795.0,SS,CHC,2.645741574955543,,2.5,-23.25651435655767,29.01234531402588,0.2092822203412652,,,,,69.0680856708589,0.292257606456642,,,,,0.617952435,0.31406551,0.303886925,0.240847784,0.073217726,0.258872651,146,584,519,69,59,1,35,163,125,90,33,1,3,42,,39.0,0.066780821,0.071917808,1.076923076,,,,,,,,,20.0,,,,,,,,0.0
Wes Ferrell,1004010,114087.0,P,BOS,2.622486890987668,,2.43,10.324151187539533,11.278290748596191,-0.1711172796785831,,,,,141.34234044369322,0.4349553783734639,,,,,0.960233917,0.533333333,0.426900584,0.346666666,0.186666667,0.354330708,75,179,150,25,32,7,13,80,52,39,5,1,0,21,,16.0,0.089385474,0.117318435,1.3125,,,,,,,,,0.0,,,,,,,,322.1
Harlond Clift,1002352,112404.0,3B,SLB,2.6068537921130046,,3.45,9.257117175967783,-1.4629631042480469,-1.8977426029741764,,,,,113.82312981958069,0.3923880721026279,,,,,0.841817841,0.435789473,0.406028368,0.294736842,0.141052631,0.303529411,137,569,475,101,69,11,41,207,140,99,26,4,0,83,,39.0,0.0685413,0.145869947,2.128205128,,,,,,,,,-4.0,,,,,,,,0.0
Sam Leslie,1007559,117713.0,1B,BRO,2.573001675951566,,2.69,13.462046485746638,-6.962963104248047,0.2923520822077989,,,,,117.4495370541936,0.3710583647777294,,,,,0.80046419,0.421153846,0.379310344,0.307692307,0.113461539,0.3125,142,581,520,72,93,5,42,219,160,118,30,7,4,55,,19.0,0.032702237,0.094664371,2.894736842,,,,,,,,,-1.0,,,,,,,,0.0
Tony Cuccinello,1002848,112911.0,2B,BRO,2.5648921058854013,,2.05,7.974776859422498,4.641975164413452,0.2691732682287693,,,,,114.68282567212871,0.3666886903753328,,,,,0.796227196,0.430555555,0.365671641,0.291666666,0.138888889,0.30599369,102,404,360,49,53,8,31,155,105,74,20,3,3,40,,35.0,0.086633663,0.0990099,1.142857142,,,,,,,,,2.0,,,,,,,,0.0
Frankie Crosetti,1002802,112861.0,SS,NYY,2.5487050092074037,,2.42,2.906793533153735,11.370370388031006,-0.1162381954491138,,,,,106.07281605562218,0.3586411855901991,,,,,0.780936767,0.429508196,0.351428571,0.255737704,0.173770492,0.259259259,87,351,305,49,50,8,31,131,78,47,17,6,3,41,,27.0,0.076923076,0.116809116,1.518518518,,,,,,,,,6.0,,,,,,,,0.0
Cliff Bolton,1001153,111184.0,C,WAS,2.538763089903542,,2.45,10.40525394501617,1.2716047763824463,-0.8588359374552965,,,,,118.21646718192996,0.3837299853700646,,,,,0.825284177,0.426666666,0.398617511,0.304,0.122666666,0.311111111,110,436,375,47,55,2,31,160,114,83,18,11,0,58,,13.0,0.029816513,0.133027522,4.461538461,,,,,,,,,-2.0,,,,,,,,0.0
Billy Werber,1013783,124091.0,3B,BOS,2.5285295113362833,,2.67,0.8563474975849967,6.277777671813965,2.2123099863529205,,,,,98.25847437674456,0.3606654919196512,,,,,0.781251769,0.424242424,0.357009345,0.255411255,0.168831169,0.255528255,124,549,462,84,61,14,47,196,118,71,30,3,29,69,,41.0,0.074681238,0.12568306,1.682926829,,,,,,,,,4.0,,,,,,,,0.0
Bill Dickey,1003271,113340.0,C,NYY,2.49969190990588,,2.95,4.454660333042046,4.641975164413452,-0.5960929319262505,,,,,107.2531924169033,0.3606765188566259,,,,,0.797057587,0.457589285,0.339468302,0.279017857,0.178571428,0.262411347,120,491,448,54,81,14,46,205,125,79,26,6,1,35,,11.0,0.022403258,0.071283095,3.181818181,,,,,,,,,1.0,,,,,,,,0.0
Pat Patterson,1016104,,2B,PC,2.476944927974732,,0.0,12.64491827464876,7.209876537322998,0.060254224576056,,,,,149.48082696311724,0.45125738163104,,,,,1.016202741,0.602409638,0.413793103,0.385542168,0.21686747,,39,174,166,34,41,3,23,100,64,41,13,7,1,8,,,,0.045977011,,,,,,,,,,6.0,,,,,,,,346.0
Buck Leonard,1015737,,1B,HG,2.3231076807781426,,0.0,17.10752864547927,1.2716050148010254,0.8459944631904364,,,,,163.57231677899767,0.4763001251220703,,,,,1.069262965,0.617834394,0.451428571,0.388535031,0.229299363,,40,175,157,30,36,4,25,97,61,36,18,3,5,17,,,,0.097142857,,,,,,,,,,3.0,,,,,,,,333.0
Zollie Wright,1016837,,OF,CEG,2.3078570785224786,,0.0,11.041282213116473,8.014216244220734,-0.1540055517107248,,,,,154.70812072830032,0.4605470861707414,,,,,1.015133171,0.550847457,0.464285714,0.364406779,0.186440678,,31,140,118,21,32,4,11,65,43,32,4,3,0,20,,,,0.142857142,,,,,,,,,,19.0,,,,,,,,748.3
Rick Ferrell,1004007,114086.0,C,BOS,2.293783700089075,,3.34,1.3181618203601353,4.043210029602051,-3.0928836446255445,,,,,105.8027155528416,0.3736740928535024,,,,,0.80080907,0.412663755,0.388145315,0.301310043,0.111353712,0.306818181,133,536,458,54,61,3,41,189,138,97,34,4,5,65,,15.0,0.027985074,0.121268656,4.333333333,,,,,,,,,0.0,,,,,,,,0.0
Gus Suhr,1012674,122932.0,1B,PIT,2.293634858670899,,1.79,10.210015699338726,-7.524691104888916,0.7465392267331481,,,,,112.06141088472266,0.3634580286197948,,,,,0.79393507,0.436672967,0.357262103,0.27221172,0.164461247,0.288172043,153,604,529,68,81,10,55,231,144,89,33,12,6,70,,54.0,0.089403973,0.115894039,1.296296296,,,,,,,,,-1.0,,,,,,,,0.0
Lew Riggs,1010957,121200.0,3B,CIN,2.2329124719423956,,2.27,-1.904254532454683,4.5,1.1607990060001612,,,,,95.95280756673988,0.3327958518752192,,,,,0.719827079,0.385338345,0.334488734,0.278195488,0.107142857,0.288888888,142,583,532,73,46,5,39,205,148,109,26,8,8,43,,32.0,0.054888507,0.073756432,1.34375,,,,,,,,,2.0,,,,,,,,0.0
Doc Cramer,1002727,112785.0,OF,PHA,2.2160507347464846,,2.72,2.620610191875505,-3.839506149291992,-2.581622999161482,,,,,105.23270600969016,0.3650158209286347,,,,,0.78932691,0.416149068,0.373177842,0.332298136,0.083850932,0.347611202,149,701,644,96,70,3,44,268,214,170,37,4,6,37,,34.0,0.048502139,0.05278174,1.088235294,,,,,,,,,-2.0,,,,,,,,0.0
Ival Goodman,1004857,114950.0,OF,CIN,2.196205459562518,,2.52,0.2895968097631458,-0.3086419105529785,2.386466615833342,,,,,97.46594300838642,0.3351856599519067,,,,,0.742841692,0.429054054,0.313787638,0.268581081,0.160472973,0.27735849,148,637,592,86,72,12,53,254,159,106,23,18,14,35,,50.0,0.078492935,0.054945054,0.7,,,,,,,,,6.0,,,,,,,,0.0
Woody Jensen,1006400,116532.0,OF,PIT,2.165768372665079,,1.9,5.384828932719464,-6.04938268661499,1.2895001424476504,,,,,104.79852486102868,0.3519872090211224,,,,,0.772680363,0.429027113,0.34365325,0.323763955,0.105263158,0.322314049,143,657,627,97,62,8,43,269,203,160,28,7,9,15,,14.0,0.02130898,0.02283105,1.071428571,,,,,,,,,0.0,,,,,,,,0.0
Pepper Martin,1008189,118342.0,3B,STL,2.131650935604376,,2.04,8.902428646687952,-6.425925970077515,3.600726407021284,,,,,107.09793196646328,0.3575629852582353,,,,,0.788587718,0.447124304,0.341463414,0.298701298,0.148423006,0.322033898,135,575,539,121,54,9,56,241,161,105,41,6,20,33,,58.0,0.100869565,0.057391304,0.568965517,,,,,,,,,-8.0,,,,,,,,0.0
Virgil Davis,1003078,113143.0,C,STL,2.1102884128946355,,1.56,7.425242642328481,2.2839505672454834,-0.3080111034214496,,,,,116.8167993673094,0.3729127201012203,,,,,0.8015873,0.415873015,0.385714285,0.317460317,0.098412698,0.348591549,102,354,315,28,60,1,27,131,100,73,24,2,0,33,,30.0,0.084745762,0.093220338,1.1,,,,,,,,,0.0,,,,,,,,0.0
George Giles,1015248,,1B,BE,2.0439126491546267,,0.0,9.160194591214369,5.012345671653748,2.2317347107455134,,,,,123.46550516707003,0.4050241558268518,,,,,0.8933369,0.497297297,0.396039603,0.34054054,0.156756757,,46,202,185,38,27,2,21,92,63,42,15,4,12,17,,,,0.084158415,,,,,,,,,,7.0,,,,,,,,382.2
Jake Dunn,1015091,,OF,PS,1.984490789173071,,0.0,9.888953939981285,3.456790119409561,0.9946592822670935,,,,,128.30203242684607,0.4136194082193596,,,,,0.902300303,0.483695652,0.418604651,0.320652173,0.163043479,,58,215,184,41,39,4,18,89,59,41,10,4,6,30,,,,0.139534883,,,,,,,,,,9.0,,,,,,,,1124.3000000000002
Bruce Campbell,1001875,111922.0,OF,CLE,1.9788527686100572,,2.07,12.124975576396132,-3.2407407760620117,-0.3304979717358947,,,,,125.60475716848332,0.4021529712635051,,,,,0.886782571,0.496753246,0.390029325,0.324675324,0.172077922,0.347014925,80,343,308,56,54,7,36,153,100,64,26,3,2,31,,33.0,0.096209912,0.090379008,0.939393939,,,,,,,,,0.0,,,,,,,,0.0
Martín Dihigo,1015042,,OF,NYC,1.9778300950449248,,0.0,11.13895965705142,3.878644600510597,1.2659581517800689,,,,,141.18602950581257,0.436516251505875,,,,,0.977981029,0.569444444,0.408536585,0.326388888,0.243055556,,42,164,144,30,34,7,20,82,47,27,12,1,7,18,,,,0.109756097,,,,,,,,,,10.0,,,,,,,,664.6
Tony Piet,1010342,120572.0,2B,- - -,1.9638631277410672,,2.54,1.3644498543337205,7.092592630535364,-0.3333499263972044,,,,,103.44831970093844,0.3670505385499101,,,,,0.793247792,0.42087542,0.372372372,0.296296296,0.124579124,0.318352059,83,341,297,49,29,3,26,125,88,62,18,5,2,33,,27.0,0.079178885,0.096774193,1.222222222,,,,,,,,,5.0,,,,,,,,0.0
Lloyd Waner,1013596,123904.0,OF,PIT,1.9531703571339252,,2.2,-3.337359177508524,3.5061728954315186,-0.233497105538845,,,,,95.74841914497073,0.3376936995705893,,,,,0.738549483,0.402234636,0.336314847,0.309124767,0.093109869,0.314990512,122,562,537,83,46,0,36,216,166,130,22,14,1,22,,10.0,0.017793594,0.039145907,2.2,,,,,,,,,5.0,,,,,,,,0.0
Frank Demaree,1003190,113251.0,OF,CHC,1.9322494462153497,,2.04,7.525525685737968,-2.104938268661499,0.8378017758950591,,,,,112.25782423338792,0.3604703937630051,,,,,0.779321648,0.41038961,0.368932038,0.324675324,0.085714286,0.341666666,107,420,385,60,66,2,25,158,125,100,19,4,6,26,,23.0,0.054761904,0.061904761,1.130434782,,,,,,,,,0.0,,,,,,,,0.0
Goose Goslin,1004893,114987.0,OF,DET,1.9280910696437303,,2.53,-2.73747112319516,-0.3086419105529785,-1.3316372809931636,,,,,98.47732385864732,0.354995118615068,,,,,0.770192508,0.415254237,0.354938271,0.291525423,0.123728814,0.296363636,147,651,590,88,109,9,49,245,172,123,34,6,5,56,,31.0,0.047619047,0.086021505,1.806451612,,,,,,,,,6.0,,,,,,,,0.0
Leo Durocher,1003596,113664.0,SS,STL,1.8638197211043648,,1.58,-15.038292887903127,14.765432357788086,0.4320978606119752,,,,,78.18812577359628,0.311903564142565,,,,,0.680646367,0.376218323,0.304428044,0.265107212,0.111111111,0.278867102,143,546,513,62,78,8,36,193,136,100,23,5,4,29,,46.0,0.084249084,0.053113553,0.630434782,,,,,,,,,6.0,,,,,,,,0.0
Joe Stripp,1012623,122881.0,3B,BRO,1.8457512060825203,,1.79,-1.2338614853047782,5.938271582126617,0.0720252199098467,,,,,97.51781114351688,0.3395786979530431,,,,,0.735724708,0.391420911,0.344303797,0.305630026,0.085790885,0.312676056,109,405,373,44,43,3,21,146,114,93,13,5,2,22,,15.0,0.037037037,0.054320987,1.466666666,,,,,,,,,5.0,,,,,,,,0.0
Jimmy Dykes,1003617,113685.0,3B,CHW,1.8363576251082312,,2.13,-0.6236174769343465,3.216049313545227,-0.980812449939549,,,,,100.53247440283928,0.3622788991136798,,,,,0.768562291,0.387096774,0.381465517,0.287841191,0.099255583,0.301886792,117,473,403,45,61,4,30,156,116,86,24,2,4,59,,28.0,0.059196617,0.124735729,2.107142857,,,,,,,,,2.0,,,,,,,,0.0
Danny Taylor,1012865,123130.0,OF,BRO,1.7891712757990152,,1.87,9.817693286292608,-5.277777671813965,0.8663213225081563,,,,,117.05660465337624,0.3704377772221014,,,,,0.803677477,0.431818181,0.371859296,0.289772727,0.142045454,0.303514376,112,404,352,51,59,7,31,152,102,71,19,5,6,46,,32.0,0.07920792,0.113861386,1.4375,,,,,,,,,-1.0,,,,,,,,0.0
Harry Williams,1016780,,2B,BE,1.788694577793713,,0.0,8.910368740195436,2.373759388923645,2.008919070474803,,,,,121.65850135644712,0.4018128322898794,,,,,0.884495412,0.49,0.394495412,0.34,0.15,,50,218,200,49,45,3,19,98,68,49,11,5,11,17,,,,0.077981651,,,,,,,,,,1.0,,,,,,,,411.2
Leroy Morney,1015992,,SS,CEG,1.788004826396093,,0.0,7.425276322081775,7.419753074645996,0.4887737771496176,,,,,143.94013284251582,0.4414107164850941,,,,,0.970217639,0.525773195,0.444444444,0.381443298,0.144329897,,23,108,97,25,18,1,9,51,37,28,5,3,3,11,,,,0.101851851,,,,,,,,,,6.0,,,,,,,,195.2
William DeLancey,1003164,113224.0,C,STL,1.7757983430405448,,0.62,4.970732191776932,1.5617282390594482,-0.2908993754535913,,,,,111.74047541981726,0.3648953016760737,,,,,0.787790697,0.418604651,0.369186046,0.279069767,0.139534884,0.298850574,103,345,301,37,41,6,25,126,84,59,14,5,0,42,,34.0,0.098550724,0.12173913,1.235294117,,,,,,,,,-1.0,,,,,,,,0.0
John Stone,1012568,122828.0,OF,WAS,1.7366371592971863,,2.31,8.768783913577192,-7.796296119689941,-1.865713563747704,,,,,115.0571288727496,0.3782823107372107,,,,,0.831574059,0.459340659,0.3722334,0.314285714,0.145054945,0.334117647,125,498,455,78,78,1,46,209,143,97,27,18,4,39,,29.0,0.058232931,0.078313253,1.344827586,,,,,,,,,-3.0,,,,,,,,0.0
Bill Knickerbocker,1007037,117189.0,SS,CLE,1.721323161390818,,1.87,-19.716142402795807,16.90123462677002,-5.4712417451664805,,,,,82.59243003377966,0.3279864400152176,,,,,0.711199293,0.379629629,0.331569664,0.298148148,0.081481481,0.316306483,132,577,540,77,55,0,39,205,161,122,34,5,2,27,,31.0,0.053726169,0.04679376,0.870967741,,,,,,,,,9.0,,,,,,,,0.0
Roy Johnson,1006498,116624.0,OF,BOS,1.7187106481913146,,1.53,6.097762944033754,-10.135802268981934,-3.833803134039045,,,,,111.02804548973982,0.3826841748896099,,,,,0.821559171,0.423146473,0.398412698,0.314647377,0.108499096,0.331395348,145,635,553,70,66,3,45,234,174,129,33,9,11,74,,34.0,0.053543307,0.116535433,2.176470588,,,,,,,,,-4.0,,,,,,,,0.0
Gus Mancuso,1008051,118225.0,C,NYG,1.6785636006950542,,1.45,-1.5383979166049628,1.8888888359069824,-0.193569740280509,,,,,97.88289555073816,0.3349208804296497,,,,,0.722032276,0.380313199,0.341719077,0.297539149,0.08277405,0.300469483,128,489,447,33,56,5,25,170,133,108,18,2,1,30,,16.0,0.032719836,0.061349693,1.875,,,,,,,,,-2.0,,,,,,,,0.0
Ted Page,1016080,,OF,PS,1.6584133588798249,,0.0,10.25784447862672,1.4181703329086304,0.2345866356045007,,,,,141.81283605058402,0.4376301830861626,,,,,0.959206458,0.514084507,0.445121951,0.359154929,0.154929578,,38,164,142,41,23,1,15,73,51,36,9,5,2,21,,,,0.12804878,,,,,,,,,,7.0,,,,,,,,969.0
Jesse Hill,1005826,115940.0,OF,NYY,1.6482244878101795,,1.8,1.5463980462266915,-0.0617284774780273,0.6138124335557222,,,,,101.48101780173236,0.3507235077668994,,,,,0.752057274,0.390306122,0.361751152,0.293367346,0.096938776,0.311797752,107,444,392,69,33,4,27,153,115,88,20,3,14,42,,32.0,0.072072072,0.094594594,1.3125,,,,,,,,,4.0,,,,,,,,0.0
Frankie Frisch,1004364,114448.0,2B,STL,1.6263277923947772,,1.81,-3.202943686053087,5.8086419105529785,0.0606174012646079,,,,,93.7504314307622,0.3364822784649957,,,,,0.714427165,0.358757062,0.355670103,0.29378531,0.064971752,0.305637982,103,402,354,52,55,1,19,127,104,85,16,2,2,33,,16.0,0.039800995,0.082089552,2.0625,,,,,,,,,3.0,,,,,,,,0.0
Jake Powell,1010489,120711.0,OF,WAS,1.6255086668296788,,2.11,3.8678733811825143,-7.660493850708008,-0.6646928312256932,,,,,105.29129233377326,0.3614429935208849,,,,,0.788109456,0.428312159,0.359797297,0.312159709,0.11615245,0.326771653,139,604,551,88,98,6,42,236,172,130,26,10,15,37,,37.0,0.061258278,0.061258278,1.0,,,,,,,,,-6.0,,,,,,,,0.0
Terry Moore,1009128,119320.0,OF,STL,1.618577931782207,,1.36,-3.8812517954566257,3.555555582046509,2.297692844644189,,,,,90.02804593165392,0.3306032363875505,,,,,0.728819675,0.414473684,0.314345991,0.287280701,0.127192983,0.304878048,119,477,456,63,53,6,43,189,131,88,34,3,13,15,,40.0,0.083857442,0.03144654,0.375,,,,,,,,,5.0,,,,,,,,0.0
Matt Carlisle,1014796,,2B,HG,1.591996622367328,,0.0,14.434349110592525,-3.4975045919418335,0.8459944631904364,,,,,151.64626736172312,0.4551057020823161,,,,,1.026543209,0.598765432,0.427777777,0.36419753,0.234567902,,44,180,162,37,33,2,23,97,59,36,10,11,5,16,,,,0.088888888,,,,,,,,,,-5.0,,,,,,,,348.0
Red Kress,1007160,117313.0,SS,WAS,1.568898094684449,,1.34,-0.4768051783670666,7.0,-0.9925834452733396,,,,,101.30350701571626,0.35456682047689,,,,,0.765772734,0.404761904,0.36101083,0.297619047,0.107142857,0.311965811,84,279,252,32,42,2,19,102,75,56,13,4,3,25,,16.0,0.05734767,0.089605734,1.5625,,,,,,,,,4.0,,,,,,,,5.2
Curtis Harris,1015363,,OF,PC,1.5662242876002554,,0.0,7.72596280783308,4.641975313425064,0.1030335444957017,,,,,146.15173341948778,0.4453410706688872,,,,,0.992086453,0.567307692,0.424778761,0.375,0.192307692,,31,113,104,21,26,2,14,59,39,25,10,2,1,8,,,,0.07079646,,,,,,,,,,3.0,,,,,,,,393.0
Ethan Allen,1000139,110142.0,OF,PHI,1.5274116517517955,,1.91,-5.422829025149053,-3.5432097911834717,0.4666844932362437,,,,,93.5231218421912,0.3535933411519309,,,,,0.769838322,0.418604651,0.351233671,0.306976744,0.111627907,0.325900514,156,700,645,90,63,8,55,270,198,143,46,1,5,43,,54.0,0.077142857,0.061428571,0.796296296,,,,,,,,,-1.0,,,,,,,,0.0
Babe Phelps,1010275,120507.0,C,BRO,1.4954564080404449,,1.35,10.205142805194358,1.0493826866149902,-0.111226231791079,,,,,161.08968155855135,0.4399825119055234,,,,,0.986204703,0.578512396,0.407692307,0.363636363,0.214876033,0.367924528,47,130,121,17,22,5,14,70,44,30,7,2,0,9,,10.0,0.076923076,0.069230769,0.9,,,,,,,,,0.0,,,,,,,,0.0
Lyn Lary,1007365,117520.0,SS,- - -,1.4678831809580042,,1.8800000000000001,-3.4349750861046715,-0.4074074029922485,3.308290152810514,,,,,91.53964737580291,0.3515368466791899,,,,,0.742684827,0.371308016,0.371376811,0.267932489,0.103375527,0.298329355,132,562,474,86,42,2,38,176,127,89,29,7,28,76,,53.0,0.094306049,0.135231316,1.433962264,,,,,,,,,-8.0,,,,,,,,0.0
Johnny Moore,1009116,119306.0,OF,PHI,1.4443122163323434,,2.01,14.234028077498166,-21.481481552124023,0.260980580933392,,,,,116.44741805258838,0.389799398275522,,,,,0.858717948,0.483333333,0.375384615,0.323333333,0.16,0.329566854,153,654,600,84,93,19,55,290,194,139,33,3,4,45,,50.0,0.076452599,0.068807339,0.9,,,,,,,,,-15.0,,,,,,,,0.0
Shanty Hogan,1005924,116043.0,C,BSN,1.4280103386198837,,1.25,5.640097527706953,2.7283949851989746,-0.182525098323822,,,,,123.84213477794476,0.3697466802723864,,,,,0.780120088,0.386503067,0.393617021,0.300613496,0.085889571,0.307189542,59,188,163,9,25,2,10,63,49,39,8,0,0,21,,8.0,0.042553191,0.111702127,2.625,,,,,,,,,1.0,,,,,,,,0.0
Hal Trosky Sr.,1013190,123474.0,1B,CLE,1.419754722077709,,1.55,-3.55831503229604,-5.611111164093018,-1.141213856637478,,,,,97.4936572916382,0.3536807562887054,,,,,0.789414812,0.46835443,0.321060382,0.27056962,0.19778481,0.265567765,154,680,632,84,113,26,66,296,171,105,33,7,1,46,,60.0,0.088235294,0.067647058,0.766666666,,,,,,,,,1.0,,,,,,,,0.0
Turkey Stearnes,1016481,,OF,CAG,1.4134210593698,,0.0,21.501441586758375,-12.567901253700256,1.6003632005304098,,,,,169.4648512486343,0.4867720646517617,,,,,1.092917166,0.623529411,0.469387755,0.388235294,0.235294117,,47,196,170,43,52,6,22,106,66,44,10,6,9,23,,,,0.117346938,,,,,,,,,,-23.0,,,,,,,,1146.3000000000002
Alejandro Oms,1016057,,OF,NYC,1.3974167355705018,,0.0,12.092380966628358,-3.185185194015503,0.0459944512695074,,,,,147.63819103181785,0.4479827343383965,,,,,1.000072708,0.572327044,0.427745664,0.37735849,0.194968554,,41,173,159,29,30,3,20,91,60,40,12,5,1,14,,,,0.080924855,,,,,,,,,,-3.0,,,,,,,,1094.3
Schoolboy Rowe,1011259,121507.0,P,DET,1.3853169533381229,,1.36,2.5483121158130295,7.812894344329834,-0.1083742771297693,,,,,115.10682310868548,0.3836695093753909,,,,,0.838880885,0.458715596,0.380165289,0.311926605,0.146788991,0.329787234,45,124,109,19,28,3,8,50,34,26,3,2,0,12,,12.0,0.096774193,0.096774193,1.0,,,,,,,,,0.0,,,,,,,,275.2
Red Ruffing,1011296,121547.0,P,NYY,1.3583818266713514,,1.39,3.247607695476744,7.182822227478027,-0.0827066851779818,,,,,120.59846790141135,0.3836878939012511,,,,,0.84907039,0.486238532,0.362831858,0.339449541,0.146788991,0.357142857,50,114,109,13,18,2,12,53,37,25,10,0,0,3,,9.0,0.078947368,0.026315789,0.333333333,,,,,,,,,0.0,,,,,,,,222.0
Hal Lee,1007455,117604.0,OF,BSN,1.3523562476777105,,1.52,-2.2555892889756324,0.2469134330749511,-0.3507904233410954,,,,,96.704863141508,0.3268867556740638,,,,,0.707740915,0.374407582,0.333333333,0.303317535,0.071090047,0.322418136,112,445,422,49,39,0,24,158,128,104,18,6,0,18,,25.0,0.056179775,0.040449438,0.72,,,,,,,,,5.0,,,,,,,,0.0
Jerry Benjamin,1014597,,OF,HG,1.3240133385029502,,0.0,2.810953975982146,4.168209910392761,1.0545503301545978,,,,,106.25846275919828,0.3744445964694023,,,,,0.826041666,0.466666666,0.359375,0.316666666,0.15,,44,192,180,38,31,3,18,84,57,39,12,3,6,10,,,,0.052083333,,,,,,,,,,11.0,,,,,,,,1059.3
Wally Moses,1009244,119438.0,OF,PHA,1.279876091425236,,1.76,4.878800702738921,-4.456789970397949,-1.5320004606619475,,,,,112.1187552053058,0.3768894956834195,,,,,0.821711931,0.446376811,0.37533512,0.324637681,0.12173913,0.332298136,85,373,345,60,35,5,29,154,112,83,21,3,3,25,,18.0,0.048257372,0.067024128,1.388888888,,,,,,,,,-1.0,,,,,,,,0.0
Larry Brown,1014718,,C,CAG,1.2599876577501772,,0.0,4.820625989440583,3.987654328346253,-0.1083742771297693,,,,,126.97698433448168,0.411264594078064,,,,,0.91373913,0.52173913,0.392,0.339130434,0.182608696,,36,125,115,16,24,3,11,60,39,28,4,4,0,8,,,,0.064,,,,,,,,,,3.0,,,,,,,,263.1
Wild Bill Wright,1016829,,OF,CEG,1.2549698880065565,,0.0,4.745231301424591,3.5873842537403107,0.8916257377713919,,,,,119.52891265218857,0.3980282258104395,,,,,0.885974498,0.508196721,0.377777777,0.311475409,0.196721312,,31,135,122,17,21,3,13,62,38,25,5,5,5,12,,,,0.088888888,,,,,,,,,,9.0,,,,,,,,808.3000000000001
Len Koenecke,1007076,117229.0,OF,BRO,1.2450069080418888,,0.95,1.5845280780513442,-1.8333333730697632,-0.3336786953732371,,,,,103.9482819851352,0.349734821939856,,,,,0.740871377,0.372307692,0.368563685,0.283076923,0.089230769,0.318840579,100,374,325,43,27,4,19,121,92,73,13,2,0,43,,45.0,0.120320855,0.114973262,0.955555555,,,,,,,,,0.0,,,,,,,,0.0
Phil Cavarretta,1002093,112146.0,1B,CHC,1.2393161378270954,,1.41,-4.593291166868663,-5.265431880950928,0.3579470394179225,,,,,94.00704454599332,0.3316455711448003,,,,,0.726296924,0.404074702,0.322222222,0.275042444,0.129032258,0.296153846,146,636,589,85,82,8,48,238,162,114,28,12,4,39,,61.0,0.095911949,0.061320754,0.639344262,,,,,,,,,1.0,,,,,,,,0.0
Fats Jenkins,1015566,,OF,BE,1.2360392480288227,,0.0,2.3493235957456275,3.016628861427307,2.011771025136113,,,,,101.09446917759648,0.3652673860861792,,,,,0.786778716,0.412371134,0.374407582,0.319587628,0.092783506,,48,211,194,41,24,2,13,80,62,49,10,1,11,14,,,,0.06635071,,,,,,,,,,11.0,,,,,,,,1186.3000000000002
Mule Suttles,1016512,,OF,CAG,1.2240429535483457,,0.0,7.535954813832964,-0.4320987462997436,0.8688101004809141,,,,,127.47744611444188,0.4121539915900633,,,,,0.920753435,0.535211267,0.385542168,0.28169014,0.253521127,,43,166,142,29,37,9,18,76,40,22,9,0,5,24,,,,0.144578313,,,,,,,,,,4.0,,,,,,,,829.0
Dusty Cooke,1002568,112631.0,OF,BOS,1.2176023521011166,,1.15,4.356249520474446,-3.6358025074005127,-2.741730044595897,,,,,114.46482499378791,0.3886102437973022,,,,,0.83877551,0.43877551,0.4,0.306122448,0.132653062,0.325842696,100,346,294,51,34,3,27,129,90,63,18,6,6,46,,24.0,0.069364161,0.132947976,1.916666666,,,,,,,,,-1.0,,,,,,,,0.0
Mark Koenig,1007077,117230.0,2B,NYG,1.2136613317471094,,1.1,-14.334987941298644,11.54938268661499,-0.3137150127440691,,,,,74.30062882326446,0.2976756412126032,,,,,0.641482056,0.335858585,0.305623471,0.282828282,0.053030303,0.290666666,107,420,396,40,37,3,15,133,112,97,12,0,0,13,,18.0,0.042857142,0.03095238,0.722222222,,,,,,,,,8.0,,,,,,,,0.0
Earl Grace,1004912,115010.0,C,PIT,1.1792384345870408,,0.91,-2.047545265010102,5.129629611968994,-0.0253044152632355,,,,,93.94263003305582,0.3348416816443205,,,,,0.703683035,0.348214285,0.35546875,0.263392857,0.084821428,0.274509803,77,257,224,19,29,3,12,78,59,47,8,1,1,32,,17.0,0.066147859,0.124513618,1.882352941,,,,,,,,,3.0,,,,,,,,0.0
Ted Bond,1014650,,SS,- - -,1.1623126687115355,,0.0,-2.61238930274597,9.2222221493721,0.8688101004809141,,,,,84.12249667155395,0.3351055820782979,,,,,0.70090909,0.34090909,0.36,0.272727272,0.068181818,,37,150,132,23,17,0,8,45,36,28,7,1,5,15,,,,0.1,,,,,,,,,,7.0,,,,,,,,310.0
Tommie Dukes,1015079,,C,HG,1.1524967458109714,,0.0,9.048870539004032,-1.7654321193695068,-0.1425977330654859,,,,,142.77717779137683,0.4393439665943587,,,,,0.970257869,0.53488372,0.435374149,0.356589147,0.178294573,,40,147,129,23,30,3,14,69,46,32,8,3,0,18,,,,0.122448979,,,,,,,,,,-3.0,,,,,,,,294.0
Sammy Byrd,1001796,111839.0,OF,CIN,1.151771524206974,,1.25,-1.7327572378009155,-2.6234567165374756,0.4919889084994793,,,,,96.27688050100572,0.3333076845204856,,,,,0.728545805,0.40625,0.322295805,0.26201923,0.14423077,0.280898876,121,460,416,51,52,9,38,169,109,71,25,4,4,37,,51.0,0.110869565,0.080434782,0.725490196,,,,,,,,,0.0,,,,,,,,0.0
Johnny Marcum,1008103,118280.0,P,PHA,1.1500382310385548,,0.96,-0.7519495347779248,8.316951751708984,-0.1169301411136984,,,,,96.6079082122667,0.3501440067775547,,,,,0.754332983,0.394957983,0.359375,0.310924369,0.084033614,0.3125,64,132,119,13,17,2,5,47,37,32,2,1,0,9,,5.0,0.037878787,0.068181818,1.8,,,,,,,,,0.0,,,,,,,,242.2
Jud Wilson,1016808,,1B,PS,1.1478974121968093,,0.0,15.401731377934055,-10.031986474990845,0.6402905508875847,,,,,148.3200121642527,0.4491944352975873,,,,,1.018494185,0.61658031,0.401913875,0.352331606,0.264248704,,51,209,193,38,52,9,28,119,68,40,14,5,4,15,,,,0.071770334,,,,,,,,,,-12.0,,,,,,,,670.2
Jack Rothrock,1011244,121494.0,OF,STL,1.1241087202318785,,0.48,-7.770100003327123,-1.4567899703979492,0.9208716377615928,,,,,88.4448892224889,0.3281028384812616,,,,,0.693661845,0.346613545,0.3470483,0.272908366,0.073705179,0.285106382,129,579,502,76,56,3,26,174,137,111,18,5,7,57,,29.0,0.050086355,0.098445595,1.965517241,,,,,,,,,4.0,,,,,,,,0.0
Mule Haas,1005173,115277.0,OF,CHW,1.1201346361034434,,1.21,-3.862826455752858,1.9629631042480469,0.0409824876114726,,,,,92.7372033863944,0.3488374452342044,,,,,0.744900358,0.382262996,0.362637362,0.290519877,0.091743119,0.301948051,92,379,327,44,40,2,25,125,95,70,22,1,4,37,,17.0,0.044854881,0.097625329,2.176470588,,,,,,,,,5.0,,,,,,,,0.0
Al Simmons,1011978,122240.0,OF,CHW,1.113887455182592,,1.23,-14.76446474334464,6.104938268661499,-2.293904347345233,,,,,84.32607925336228,0.3343340704483645,,,,,0.739166666,0.426666666,0.3125,0.266666666,0.16,0.26609442,128,561,525,68,79,16,45,224,140,95,22,7,4,33,,43.0,0.076648841,0.058823529,0.76744186,,,,,,,,,8.0,,,,,,,,0.0
Chaney White,1016713,,OF,PS,1.111012064928646,,0.0,-3.0488061862888824,6.882716178894043,0.4117710012942552,,,,,88.67216732034892,0.3431910461786261,,,,,0.731192099,0.372340425,0.358851674,0.287234042,0.085106383,,55,209,188,37,31,2,9,70,54,45,4,3,3,20,,,,0.095693779,,,,,,,,,,19.0,,,,,,,,1240.3000000000002
Billy Myers,1009418,119630.0,SS,CIN,1.104689995934678,,0.97,-6.31007553457251,0.9135804176330566,1.657765470445156,,,,,87.37914624477729,0.3192548267230266,,,,,0.69490133,0.37977528,0.31512605,0.26741573,0.11235955,0.317548746,117,486,445,60,36,5,30,169,119,89,15,10,10,29,,81.0,0.166666666,0.059670781,0.358024691,,,,,,,,,-6.0,,,,,,,,0.0
Gilly Campbell,1001878,111939.0,C,CIN,1.1032853030689058,,0.86,1.6177330600388231,0.7777777910232544,0.3461760440841317,,,,,103.7504180090208,0.3451112017777688,,,,,0.709585573,0.330275229,0.379310344,0.256880733,0.073394496,0.254807692,88,261,218,26,30,3,10,72,56,46,7,0,3,42,,7.0,0.026819923,0.16091954,6.0,,,,,,,,,-1.0,,,,,,,,0.0
Ray Dandridge,1014963,,3B,ND,1.084168235737886,,0.0,-2.123801279696645,7.722222208976746,1.0973296500742435,,,,,85.78256501478906,0.3380557787033819,,,,,0.749247311,0.426666666,0.322580645,0.3,0.126666666,,39,155,150,19,20,0,14,64,45,31,9,5,6,5,,,,0.032258064,,,,,,,,,,7.0,,,,,,,,317.0
Jimmie Crutchfield,1014943,,OF,PC,1.0740140269151666,,0.0,-6.0202467687796,10.5,0.8688101004809141,,,,,72.91336268249574,0.3151852279558949,,,,,0.672157551,0.350318471,0.32183908,0.248407643,0.101910828,,41,174,157,23,21,2,10,55,39,29,6,2,5,15,,,,0.086206896,,,,,,,,,,25.0,,,,,,,,1019.0
Rollie Hemsley,1005626,115741.0,C,SLB,1.064208974283875,,1.02,-14.03555691706263,5.351851940155029,-0.7440658053383231,,,,,83.26444128220646,0.3396954586289146,,,,,0.730043289,0.38095238,0.349090909,0.289682539,0.091269841,0.315334773,144,560,504,57,48,0,39,192,146,107,32,7,3,44,,41.0,0.073214285,0.078571428,1.073170731,,,,,,,,,1.0,,,,,,,,0.0
Rap Dixon,1015054,,OF,- - -,1.0211008598030404,,0.0,6.032176053557517,0.2901234477758407,1.285921834409237,,,,,125.56771086291232,0.408760098491128,,,,,0.890218048,0.48076923,0.409448818,0.278846153,0.201923077,,34,127,104,32,21,4,12,50,29,17,7,1,7,20,,,,0.157480314,,,,,,,,,,4.0,,,,,,,,709.3
Vic Harris,1015374,,OF,HG,1.008029378537469,,0.0,7.793391323551193,-3.8580247163772583,0.8345866445451975,,,,,124.28975568630344,0.406488975700067,,,,,0.89853896,0.505681818,0.392857142,0.323863636,0.181818182,,44,196,176,39,32,5,19,89,57,38,11,3,5,19,,,,0.096938775,,,,,,,,,,-3.0,,,,,,,,1074.0
Ken O'Dea,1009722,119929.0,C,CHC,1.0028765171273322,,0.89,2.532428920831532,-0.0555555820465087,-0.1654133703559637,,,,,108.9906051094074,0.3553102300156672,,,,,0.775671234,0.430693069,0.344978165,0.257425742,0.173267327,0.258426966,76,231,202,30,38,6,21,87,52,31,13,2,0,26,,18.0,0.077922077,0.112554112,1.444444444,,,,,,,,,-2.0,,,,,,,,0.0
Carl Reynolds,1010864,121102.0,OF,BOS,0.9625059872444316,,0.95,-3.133955284058964,3.265432119369507,0.1550606740638613,,,,,91.5051078142928,0.3490206029877734,,,,,0.766148763,0.430327868,0.335820895,0.270491803,0.159836065,0.275229357,78,273,244,33,35,6,23,105,66,43,13,4,4,24,,20.0,0.073260073,0.087912087,1.2,,,,,,,,,6.0,,,,,,,,0.0
Lázaro Salazar,1016326,,OF,NYC,0.9576617485335688,,0.0,9.601939050208516,-4.539727687835693,1.071662058122456,,,,,138.64833220117652,0.4320063733107206,,,,,0.958571926,0.541353383,0.417218543,0.338345864,0.203007519,,38,151,133,25,25,4,18,72,45,27,13,1,6,17,,,,0.112582781,,,,,,,,,,-1.0,,,,,,,,595.4
Roy Parnell,1016097,,OF,CEG,0.939760676691545,,0.0,6.218982898515609,-1.2654321193695068,0.2887737741693854,,,,,128.37125468287627,0.4137424268088974,,,,,0.922377621,0.53076923,0.391608391,0.33076923,0.2,,31,143,130,26,25,3,17,69,43,26,11,3,2,13,,,,0.09090909,,,,,,,,,,-1.0,,,,,,,,790.3
Sammy Hughes,1015509,,2B,CEG,0.9301406019324822,,0.0,2.2766857155867584,2.7592592239379883,-0.1169301411136984,,,,,112.22064774589492,0.3850403156743121,,,,,0.832497177,0.436974789,0.395522388,0.319327731,0.117647058,,27,134,119,31,17,0,12,52,38,26,10,2,0,15,,,,0.111940298,,,,,,,,,,2.0,,,,,,,,254.2
Buzz Boyle,1001285,111328.0,OF,BRO,0.9220392136753914,,0.91,-6.352764504991953,-2.8333334922790527,0.9950224589556456,,,,,89.163965040393,0.3263848434313844,,,,,0.702572647,0.370526315,0.332046332,0.271578947,0.098947368,0.29342723,127,522,475,51,44,4,30,176,129,99,17,9,7,43,,45.0,0.086206896,0.082375478,0.955555555,,,,,,,,,2.0,,,,,,,,0.0
Bill Perkins,1016129,,OF,PC,0.8968212261982119,,0.0,4.321478374211884,0.1383349150419235,-0.0941145038232207,,,,,120.97833919715232,0.4006040795809693,,,,,0.901257096,0.540145985,0.361111111,0.328467153,0.211678832,,38,144,137,23,28,3,19,74,45,26,12,4,0,5,,,,0.034722222,,,,,,,,,,3.0,,,,,,,,495.0
Tom Padden,1009943,120162.0,C,PIT,0.8949014723360597,,0.57,-2.9247517009059707,-0.0987653732299804,-0.1393826017156243,,,,,93.92575377953573,0.3348150277137756,,,,,0.689309365,0.317880794,0.371428571,0.271523178,0.046357616,0.294545454,97,353,302,35,30,1,11,96,82,71,9,1,1,48,,26.0,0.07365439,0.135977337,1.846153846,,,,,,,,,-3.0,,,,,,,,0.0
Ed Coleman,1002421,112483.0,OF,- - -,0.884409446373597,,1.07,4.66700015429392,-11.450617160648108,-1.2727669477462769,,,,,108.9490740411275,0.3835579786321212,,,,,0.84958999,0.485365853,0.364224137,0.280487804,0.204878049,0.280802292,118,468,410,66,71,17,41,199,115,74,15,9,0,53,,44.0,0.094017094,0.113247863,1.204545454,,,,,,,,,-7.0,,,,,,,,0.0
Felton Snow,1016453,,3B,CEG,0.8788928433508578,,0.0,-7.832504454370422,11.716845870018004,0.1144413631409406,,,,,59.426728721043645,0.2912174062942391,,,,,0.635144589,0.3515625,0.283582089,0.25,0.1015625,,30,134,128,21,13,2,8,45,32,24,5,1,1,6,,,,0.044776119,,,,,,,,,,11.0,,,,,,,,261.2
Red Lucas,1007808,117973.0,P,PIT,0.8783126048443036,,0.89,1.8341968597496832,4.788547992706299,-0.0655949572101235,,,,,119.24317656348347,0.3748007287850251,,,,,0.8009828,0.409090909,0.391891891,0.318181818,0.090909091,0.381818181,47,76,66,6,10,0,6,27,21,15,6,0,0,7,,11.0,0.144736842,0.092105263,0.636363636,,,,,,,,,0.0,,,,,,,,125.2
Bobby Estalella,1003837,113912.0,3B,WAS,0.8687833731349952,,0.81,5.501218187999263,1.277777761220932,0.1172933178022503,,,,,155.82704181635896,0.4485822276157491,,,,,0.955882352,0.470588235,0.485294117,0.31372549,0.156862745,0.333333333,15,68,51,7,10,2,4,24,16,12,2,0,1,17,,7.0,0.102941176,0.25,2.428571428,,,,,,,,,1.0,,,,,,,,0.0
Roy Hughes,1006161,116284.0,2B,CLE,0.8539981615781761,,0.88,-5.447118689453233,4.043209791183472,1.013120493851602,,,,,84.45339677040722,0.3311953212085523,,,,,0.712531328,0.372180451,0.340350877,0.293233082,0.078947369,0.313253012,82,293,266,40,14,0,18,99,78,60,15,3,13,18,,17.0,0.058020477,0.061433447,1.058823529,,,,,,,,,1.0,,,,,,,,0.0
Charlie Gelbert,1004607,114691.0,3B,STL,0.8441597606099183,,0.69,0.1670131991629982,2.074074029922486,-0.1568575063720345,,,,,101.33325863498447,0.3484584051209527,,,,,0.749613898,0.392857142,0.356756756,0.291666666,0.101190476,0.317567567,62,187,168,24,21,2,11,66,49,38,7,2,0,17,,18.0,0.096256684,0.09090909,0.944444444,,,,,,,,,0.0,,,,,,,,0.0
Tommy Thompson,1013029,123301.0,OF,BSN,0.8428475493477996,,0.76,-0.0730075047088947,-3.3456790447235107,0.0976928118616342,,,,,99.61688906261868,0.331485936206258,,,,,0.696727756,0.343434343,0.353293413,0.272727272,0.070707071,0.278985507,112,343,297,34,30,4,12,102,81,69,7,1,2,36,,17.0,0.049562682,0.104956268,2.117647058,,,,,,,,,0.0,,,,,,,,0.0
Gee Walker,1013519,123823.0,OF,DET,0.8240792171117972,,1.02,-2.6534435158459764,-2.2839505672454834,-0.8692574491724372,,,,,96.73236189638016,0.3519862654670796,,,,,0.78195114,0.453038674,0.328912466,0.301104972,0.151933702,0.305389221,98,385,362,52,53,7,35,164,109,74,22,6,6,15,,21.0,0.054545454,0.038961038,0.714285714,,,,,,,,,0.0,,,,,,,,0.0
Dolph Camilli,1001860,111905.0,1B,PHI,0.8186382512259079,,0.65,-4.574336066803931,-10.740740776062012,1.3094638250768185,,,,,93.25979717918754,0.3531774527990995,,,,,0.77602023,0.440199335,0.335820895,0.260797342,0.179401993,0.284482758,156,672,602,88,83,25,53,265,157,104,23,5,9,65,,113.0,0.168154761,0.09672619,0.575221238,,,,,,,,,-4.0,,,,,,,,0.0
Jim Bucher,1001617,111655.0,2B,BRO,0.7532161403020936,,1.46,-6.774026718215667,-2.611111134290695,0.4492095885798335,,,,,88.58207447265391,0.3254658200972816,,,,,0.714233188,0.397463002,0.316770186,0.302325581,0.095137421,0.314087759,123,487,473,72,58,7,30,188,143,113,22,1,4,10,,33.0,0.067761806,0.02053388,0.303030303,,,,,,,,,-3.0,,,,,,,,0.0
Earle Combs,1002478,112533.0,OF,NYY,0.7327716487857847,,0.77,-3.5961674997677924,-0.6666667461395264,-1.4638823177665472,,,,,95.51197756199686,0.3404310395617685,,,,,0.721697544,0.362416107,0.359281437,0.281879194,0.080536913,0.284210526,89,335,298,47,35,3,14,108,84,70,7,4,1,36,,10.0,0.029850746,0.107462686,3.6,,,,,,,,,2.0,,,,,,,,0.0
Sammy Holbrook,1005939,116062.0,C,WAS,0.7006889637515079,,0.3,2.1336728213063125,-0.5493826866149902,-0.1796731436625123,,,,,109.65180235875415,0.3689618590315418,,,,,0.756432171,0.348148148,0.408284023,0.259259259,0.088888889,0.282051282,52,169,135,20,25,2,6,47,35,29,2,2,0,30,,16.0,0.094674556,0.177514792,1.875,,,,,,,,,-2.0,,,,,,,,0.0
Ed Linke,1007637,117797.0,P,WAS,0.695998678862359,,0.8,-0.0716392465833313,4.788547992706299,-0.0627430025488138,,,,,99.91746319885628,0.3521768530209859,,,,,0.757058823,0.397058823,0.36,0.294117647,0.102941176,0.311475409,40,76,68,14,9,1,5,27,20,15,4,0,0,7,,6.0,0.078947368,0.092105263,1.166666666,,,,,,,,,0.0,,,,,,,,178.0
Fred Frankhouse,1004297,114381.0,P,BSN,0.6803607562275404,,0.72,-1.2703022973376723,5.4186201095581055,-0.0712988665327429,,,,,89.26736601613634,0.3151401596910813,,,,,0.656965943,0.315789473,0.34117647,0.263157894,0.052631579,0.298507462,40,86,76,10,7,0,4,24,20,16,4,0,0,9,,9.0,0.104651162,0.104651162,1.0,,,,,,,,,0.0,,,,,,,,230.2
Ray Hayworth,1005537,115654.0,C,DET,0.678349787925171,,1.35,-2.086167931883729,2.481481432914734,-0.1340418690815568,,,,,92.75549366551384,0.3451289168518522,,,,,0.753819875,0.411428571,0.342391304,0.308571428,0.102857143,0.335403726,51,190,175,22,22,0,16,72,54,38,14,2,0,9,,14.0,0.07368421,0.047368421,0.642857142,,,,,,,,,1.0,,,,,,,,0.0
Willis Hudlin,1006132,116259.0,P,CLE,0.6635561212055039,,0.51,-2.095327340271191,5.859670639038086,-0.0627430025488138,,,,,84.58937814413049,0.3314297950786093,,,,,0.721435793,0.395348837,0.326086956,0.279069767,0.11627907,0.348484848,37,93,86,10,8,1,8,34,24,16,7,0,0,6,,19.0,0.204301075,0.064516129,0.315789473,,,,,,,,,0.0,,,,,,,,231.2
Ossie Bluege,1001090,111120.0,SS,WAS,0.6598880553303462,,0.81,-11.13879912457061,5.166666507720947,-0.8071719845756888,,,,,79.93142031986491,0.317714744772991,,,,,0.665782122,0.325,0.340782122,0.2625,0.0625,0.280936454,100,363,320,44,34,0,17,104,84,67,14,3,2,37,,21.0,0.057851239,0.101928374,1.761904761,,,,,,,,,1.0,,,,,,,,0.0
Jake Stephens,1016485,,SS,PS,0.6416423980300819,,0.0,-10.339477239420525,10.438271522521973,0.0545503152534365,,,,,59.365924216729766,0.2911093473434448,,,,,0.600254777,0.280254777,0.32,0.242038216,0.038216561,,40,175,157,24,11,0,5,44,38,33,4,1,1,18,,,,0.102857142,,,,,,,,,,8.0,,,,,,,,345.2
Billy Sullivan Jr.,1012684,122973.0,1B,CIN,0.6251901648814738,,0.6,-3.787559610480809,0.7345678806304932,0.6003631856292486,,,,,87.25330929011533,0.3190560830003432,,,,,0.68542333,0.36099585,0.32442748,0.265560165,0.095435685,0.278026905,85,265,241,29,36,2,15,87,64,49,9,4,4,19,,16.0,0.060377358,0.071698113,1.1875,,,,,,,,,2.0,,,,,,,,0.0
Boze Berger,1000868,110903.0,2B,CLE,0.6208550019267689,,0.6,-19.379664582881496,7.760336875915527,-1.2029705522581935,,,,,74.57043694028901,0.3141540472786273,,,,,0.681416624,0.370932754,0.31048387,0.25813449,0.112798264,0.317548746,124,504,461,62,43,5,37,171,119,82,27,5,7,34,,97.0,0.192460317,0.067460317,0.350515463,,,,,,,,,4.0,,,,,,,,0.0
Javier Pérez,1016126,,3B,- - -,0.6154244392609713,,0.0,-2.1713976749789015,2.6419752947986126,1.668810112401843,,,,,84.36168296377363,0.3355306528863452,,,,,0.726785714,0.3875,0.339285714,0.30625,0.08125,,45,168,160,18,25,1,11,62,49,38,10,0,9,8,,,,0.047619047,,,,,,,,,,5.0,,,,,,,,414.2
Frenchy Bordagaray,1001197,111230.0,OF,BRO,0.6144556126229676,,0.67,-7.182728995953003,-2.6543209552764893,3.269173312932253,,,,,82.23842458750086,0.3154468189464526,,,,,0.681660364,0.362559241,0.319101123,0.281990521,0.08056872,0.301020408,120,453,422,69,39,1,26,153,119,93,19,6,18,17,,29.0,0.06401766,0.037527593,0.586206896,,,,,,,,,0.0,,,,,,,,0.0
Freddie Lindstrom,1007631,117793.0,OF,CHC,0.5988308498426012,,0.31,-8.87482404136014,1.9938271441496909,-0.0167485512793064,,,,,81.21474493134902,0.3114417347286646,,,,,0.686339312,0.388888888,0.297450424,0.274853801,0.114035087,0.279141104,90,363,342,49,62,3,29,133,94,65,22,4,1,10,,13.0,0.035812672,0.027548209,0.769230769,,,,,,,,,2.0,,,,,,,,0.0
Al Lopez,1007751,117914.0,C,BRO,0.5917005502596847,,-0.21,-14.02262295171244,4.888888835906982,0.0805810838937759,,,,,74.45457083450331,0.3031531960131174,,,,,0.642839431,0.327176781,0.31566265,0.25065963,0.076517151,0.270588235,128,425,379,50,39,3,19,124,95,76,12,4,2,35,,36.0,0.084705882,0.082352941,0.972222222,,,,,,,,,1.0,,,,,,,,0.0
George Scales,1016348,,3B,HG,0.5893161099082895,,0.0,2.7406889644507935,-0.6790123581886292,0.1115894084796309,,,,,114.86504514927029,0.3897398163464444,,,,,0.862285441,0.490384615,0.371900826,0.269230769,0.221153846,,33,121,104,25,23,4,14,51,28,14,9,1,1,17,,,,0.140495867,,,,,,,,,,-1.0,,,,,,,,236.0
Kiki Cuyler,1002914,112979.0,OF,- - -,0.5876219305638142,,0.21000000000000002,-3.4790641411055123,-5.5432098507881165,1.2606174191460011,,,,,91.5147419799963,0.3265048827765123,,,,,0.695431975,0.360526315,0.33490566,0.257894736,0.102631579,0.270588235,107,430,380,58,40,6,23,137,98,75,13,4,8,37,,34.0,0.079069767,0.086046511,1.088235294,,,,,,,,,-4.0,,,,,,,,0.0
Gordon Slade,1012047,122305.0,SS,CIN,0.5873963723347844,,0.67,-2.8122020996413584,1.2222223281860352,-0.1768211890012025,,,,,90.73631827947968,0.3245570598361648,,,,,0.68806027,0.346938775,0.341121495,0.280612244,0.066326531,0.301675977,71,219,196,22,14,1,11,68,55,44,10,0,0,16,,16.0,0.07305936,0.07305936,1.0,,,,,,,,,-1.0,,,,,,,,0.0
Al Todd,1013094,123371.0,C,PHI,0.5731681213192019,,0.78,-8.27657885648036,1.685185194015503,0.3347682254388928,,,,,81.22064236274504,0.3341631143433707,,,,,0.724529616,0.390243902,0.334285714,0.289634146,0.100609756,0.317241379,107,353,328,40,42,3,24,128,95,71,18,3,3,19,,35.0,0.099150141,0.053824362,0.542857142,,,,,,,,,-1.0,,,,,,,,0.0
Jack Saltzgaver,1011388,121641.0,2B,NYY,0.5593370213275727,,0.63,-1.118259558265175,0.845678985118866,-1.0645742574706674,,,,,99.78369234965696,0.3477967946693815,,,,,0.730232198,0.362416107,0.367816091,0.261744966,0.100671141,0.268656716,61,175,149,17,18,3,9,54,39,30,6,0,0,23,,12.0,0.068571428,0.131428571,1.916666666,,,,,,,,,0.0,,,,,,,,0.0
Mickey Casey,1014822,,C,PS,0.5497989547804609,,0.0,5.153927993915401,-2.314814805984497,0.1030335444957017,,,,,137.97269943862506,0.4308056700360644,,,,,0.932030931,0.481481481,0.45054945,0.382716049,0.098765432,,31,91,81,9,23,0,7,39,31,24,6,1,1,10,,,,0.109890109,,,,,,,,,,-3.0,,,,,,,,213.2
Rabbit Warstler,1013643,123950.0,2B,PHA,0.5442048722172628,,0.74,-20.855887787603763,6.234567642211914,-0.6432266775518656,,,,,74.95242037458061,0.3128032600102217,,,,,0.662780504,0.336693548,0.326086956,0.25,0.086693548,0.275,138,569,496,62,59,3,30,167,124,94,20,7,8,56,,53.0,0.093145869,0.098418277,1.056603773,,,,,,,,,2.0,,,,,,,,0.0
Anastasio Santaella,1016337,,2B,NYC,0.5440400116411467,,0.0,-0.1543278752398267,1.811403512954712,0.6973296441137791,,,,,94.93345719755246,0.3543183207511902,,,,,0.739751552,0.357142857,0.382608695,0.275510204,0.081632653,,37,115,98,13,12,0,8,35,27,19,8,0,4,16,,,,0.139130434,,,,,,,,,,1.0,,,,,,,,343.4
Clarence Palm,1016085,,C,BE,0.5415943503336615,,0.0,-1.3720827259134558,2.080246925354004,0.2916257288306951,,,,,91.92759984448014,0.3489764501862492,,,,,0.763502454,0.423076923,0.340425531,0.284615384,0.138461539,,41,141,130,22,27,3,10,55,37,27,5,2,2,11,,,,0.078014184,,,,,,,,,,1.0,,,,,,,,268.2
Johnnie Tyler,1013251,123536.0,OF,BSN,0.5266196496117644,,0.66,4.177217043827097,-0.4753086268901825,-0.0456312745809555,,,,,161.33578908592307,0.428963215305255,,,,,0.957037642,0.553191489,0.403846153,0.340425531,0.212765958,0.333333333,13,53,47,7,11,2,5,26,16,11,2,1,0,4,,3.0,0.056603773,0.075471698,1.333333333,,,,,,,,,0.0,,,,,,,,0.0
Pinky Whitney,1013909,124218.0,3B,BSN,0.5177335639829503,,0.74,-7.65690664758834,-4.117284059524536,0.0577654466032981,,,,,87.9045975384387,0.3129878374170666,,,,,0.678795698,0.366812227,0.311983471,0.272925764,0.093886463,0.289473684,126,491,458,41,60,4,31,168,125,94,23,4,2,24,,36.0,0.073319755,0.048879837,0.666666666,,,,,,,,,-7.0,,,,,,,,0.0
Ralph Winegarner,1014125,124447.0,P,CLE,0.5108861369691816,,0.87,2.259893917716456,-0.1604938209056854,-0.3308611484244466,,,,,119.43359018850192,0.3915119741552619,,,,,0.864439324,0.488095238,0.376344086,0.309523809,0.178571429,0.333333333,65,94,84,11,17,3,8,41,26,18,4,1,1,9,,12.0,0.127659574,0.09574468,0.75,,,,,,,,,0.0,,,,,,,,67.1
Dick Seay,1016362,,2B,PS,0.5055389719208744,,0.0,-2.7952474237831533,0.6975308656692505,1.2402905598282814,,,,,87.03816743802345,0.3402871772157194,,,,,0.741710296,0.408376963,0.333333333,0.256544502,0.151832461,,56,213,191,33,28,4,15,78,49,34,5,6,7,21,,,,0.098591549,,,,,,,,,,-1.0,,,,,,,,468.2
Woody English,1003785,113855.0,3B,CHC,0.501357768411281,,0.5,-0.6985952447952956,2.0370370149612427,0.100181589834392,,,,,94.35864658739293,0.3322008825697989,,,,,0.665543575,0.297619047,0.367924528,0.202380952,0.095238095,0.192307692,34,109,84,11,8,2,4,25,17,13,2,0,1,20,,4.0,0.036697247,0.183486238,5.0,,,,,,,,,1.0,,,,,,,,0.0
Frank McCoy,1015875,,C,ND,0.4800316786433797,,0.0,2.920733324500124,0.4629629552364349,-0.0484832292422652,,,,,141.45628336873077,0.4369965341626381,,,,,0.948979591,0.5,0.448979591,0.386363636,0.113636364,,22,49,44,7,7,0,5,22,17,12,5,0,0,4,,,,0.081632653,,,,,,,,,,0.0,,,,,,,,79.0
Luke Sewell,1011767,122022.0,C,CHW,0.4787440748603255,,0.04,-14.683265046962775,3.456789970397949,-0.6727669388055801,,,,,78.43037297388463,0.324168052631235,,,,,0.694210671,0.358669833,0.335540838,0.285035629,0.073634204,0.294264339,118,458,421,52,67,2,24,151,120,96,19,3,3,32,,18.0,0.03930131,0.069868995,1.777777777,,,,,,,,,0.0,,,,,,,,0.0
Dick Lundy,1015802,,2B,- - -,0.4760887084275589,,0.0,0.7413634224602326,0.7901234403252602,-0.0798547305166721,,,,,105.6182765393379,0.3733068871498108,,,,,0.815652173,0.445652173,0.37,0.315217391,0.130434782,,25,100,92,16,16,1,9,41,29,20,7,1,0,8,,,,0.08,,,,,,,,,,0.0,,,,,,,,202.2
Benny Frey,1004342,114426.0,P,CIN,0.4712625839612626,,0.52,1.259732867507593,2.3942739963531494,0.3629245953634381,,,,,118.16771687339846,0.367881521156856,,,,,0.775,0.375,0.4,0.34375,0.03125,0.366666666,38,38,32,5,3,0,1,12,11,10,1,0,2,2,,2.0,0.052631578,0.052631578,1.0,,,,,,,,,0.0,,,,,,,,114.1
Jimmie Wilson,1014088,124403.0,C,PHI,0.4542752601057025,,0.86,-11.052406897431696,4.438271522521973,0.5718436390161514,,,,,71.41060477680041,0.318669387602037,,,,,0.68442714,0.358620689,0.325806451,0.279310344,0.079310345,0.296296296,93,313,290,38,37,1,21,104,81,60,20,0,4,19,,19.0,0.060702875,0.060702875,1.0,,,,,,,,,2.0,,,,,,,,0.0
Jimmy Jordan,1006609,116751.0,2B,BRO,0.4495778525458432,,0.35,-15.070379997918511,8.240740776062012,0.3575838627293706,,,,,61.93390184226968,0.2833783661732908,,,,,0.603334259,0.301694915,0.301639344,0.277966101,0.023728814,0.294964028,94,312,295,26,30,0,7,89,82,75,7,0,3,9,,17.0,0.054487179,0.028846153,0.529411764,,,,,,,,,5.0,,,,,,,,0.0
Van Mungo,1009321,119518.0,P,BRO,0.4441756775174632,,0.56,-4.386030163067518,5.796663761138916,-0.0684469118714332,,,,,63.87255593679616,0.2864402277129037,,,,,0.618925518,0.322222222,0.296703296,0.288888888,0.033333334,0.325,44,92,90,9,19,0,3,29,26,23,3,0,0,1,,10.0,0.108695652,0.010869565,0.1,,,,,,,,,0.0,,,,,,,,214.1
Will Jackman,1015525,,P,BE,0.4402887855489087,,0.0,-0.0292885310163915,3.024346113204956,-0.0342234559357166,,,,,100.07033700687288,0.3634473457932472,,,,,0.812499999,0.479166666,0.333333333,0.333333333,0.145833333,,21,48,48,7,11,1,4,23,16,12,2,1,0,0,,,,0.0,,,,,,,,,,0.0,,,,,,,,117.0
Oscar Charleston,1014838,,1B,PC,0.4343841932348262,,0.0,-1.918248290327078,0.314814805984497,1.4688101094216108,,,,,86.52779107978972,0.3393801599740982,,,,,0.730120029,0.387096774,0.343023255,0.270967741,0.116129033,,41,172,155,21,29,2,13,60,42,29,10,1,8,16,,,,0.093023255,,,,,,,,,,4.0,,,,,,,,372.0
Kiddo Davis,1003064,113107.0,OF,NYG,0.4299896608722706,,0.38,1.6344402575033885,-0.845678985118866,0.3287011394277215,,,,,109.5730749772572,0.353384055927688,,,,,0.771708682,0.428571428,0.343137254,0.263736263,0.164835165,0.258823529,47,105,91,16,6,2,10,39,24,14,7,1,2,10,,4.0,0.038095238,0.095238095,2.5,,,,,,,,,0.0,,,,,,,,0.0
Heinie Manush,1008089,118265.0,OF,WAS,0.4274297761422633,,1.01,-9.153497960939989,-4.796296119689941,0.0263939453288912,,,,,87.52832608502504,0.3308141557176141,,,,,0.718581987,0.390396659,0.328185328,0.27348643,0.116910229,0.277292576,119,519,479,68,56,4,39,187,131,92,26,9,2,35,,17.0,0.032755298,0.067437379,2.058823529,,,,,,,,,0.0,,,,,,,,0.0
Vito Tamulis,1012817,123083.0,P,NYY,0.4266678373454072,,0.46,-1.9591620545023611,4.158475875854492,-0.0456312745809555,,,,,79.55693287824704,0.3129196166992187,,,,,0.668337509,0.350877192,0.317460317,0.245614035,0.105263157,0.288888888,30,66,57,8,7,1,4,20,14,10,3,0,0,6,,11.0,0.166666666,0.09090909,0.545454545,,,,,,,,,0.0,,,,,,,,160.2
Chick Hafey,1005191,115295.0,OF,CIN,0.419972113885657,,0.42,4.4128592143195515,-2.1851851791143417,0.1486648190766573,,,,,149.73675004989184,0.4177408585181603,,,,,0.925423728,0.525423728,0.4,0.33898305,0.186440678,0.358490566,15,66,59,10,9,1,8,31,20,12,6,1,1,4,,5.0,0.075757575,0.06060606,0.8,,,,,,,,,-2.0,,,,,,,,0.0
Marty Hopkins,1006016,116142.0,3B,CHW,0.4158078342392977,,0.34,-4.396897132381743,2.061728358268738,0.0203268593177199,,,,,83.43291460713539,0.3327939788500468,,,,,0.662499999,0.284722222,0.377777777,0.222222222,0.0625,0.25210084,59,188,144,20,17,2,5,41,32,27,3,0,1,36,,23.0,0.122340425,0.191489361,1.565217391,,,,,,,,,1.0,,,,,,,,0.0
Ben Cantwell,1001921,111965.0,P,BSN,0.4050028749751889,,0.52,-3.018512673883634,4.662533760070801,-0.0570390932261943,,,,,69.19221411961007,0.2834339694700379,,,,,0.602855288,0.298507462,0.304347826,0.283582089,0.014925373,0.322033898,41,74,67,4,2,0,1,20,19,18,1,0,0,2,,8.0,0.108108108,0.027027027,0.25,,,,,,,,,0.0,,,,,,,,210.2
Cookie Lavagetto,1007386,117542.0,2B,PIT,0.3918547712379628,,0.29,-3.202199298742046,-1.4259259700775146,-0.0053407326340675,,,,,90.11655340209732,0.3287988724000004,,,,,0.705001824,0.363636363,0.341365461,0.29004329,0.073593073,0.310185185,78,249,231,27,19,0,13,84,67,54,9,4,1,18,,15.0,0.060240963,0.072289156,1.2,,,,,,,,,-3.0,,,,,,,,0.0
Dave Thomas,1016552,,1B,NYC,0.3917467230372301,,0.0,-1.153517947162251,2.2222222089767456,0.1458128644153475,,,,,89.15947149104065,0.3440570605964195,,,,,0.75783972,0.428571428,0.329268292,0.285714285,0.142857143,,18,82,77,13,10,1,8,33,22,14,6,1,1,5,,,,0.060975609,,,,,,,,,,3.0,,,,,,,,166.0
Tom Baker,1000468,110488.0,P,BRO,0.3858058463303312,,0.46,2.133313439520032,1.2601442337036133,-0.0256675919517874,,,,,183.10041168551408,0.4747457057237625,,,,,1.026315789,0.526315789,0.5,0.47368421,0.052631579,0.47368421,11,20,19,3,0,0,1,10,9,8,1,0,0,1,,0.0,0.0,0.05,1.0,,,,,,,,,0.0,,,,,,,,42.0
Carl Hubbell,1006123,116249.0,P,NYG,0.382683803907047,,0.52,-7.423016863568525,7.308836460113525,-0.0798547305166721,,,,,51.26853447139368,0.2612993304143872,,,,,0.556333493,0.284403669,0.271929824,0.23853211,0.045871559,0.268817204,42,116,109,15,12,1,3,31,26,23,2,0,0,5,,15.0,0.129310344,0.043103448,0.333333333,,,,,,,,,0.0,,,,,,,,302.2
Johnny Hayes,1015395,,C,ND,0.3812261270655158,,0.0,-3.3528824158688675,2.9567900896072388,-0.1026703678071498,,,,,81.77378721236178,0.3309315643349632,,,,,0.70206046,0.357798165,0.344262295,0.266055045,0.09174312,,32,122,109,13,12,2,6,39,29,23,4,0,0,13,,,,0.106557377,,,,,,,,,,2.0,,,,,,,,251.0
Hank Erickson,1003807,113880.0,C,CIN,0.3756040213236851,,0.35,-1.3409022334542124,1.7716048955917358,-0.0712988665327429,,,,,89.9241736181859,0.3232743789752324,,,,,0.697916666,0.375,0.322916666,0.261363636,0.113636364,0.26506024,37,97,88,9,4,1,6,33,23,17,3,2,0,6,,4.0,0.041237113,0.06185567,1.5,,,,,,,,,1.0,,,,,,,,0.0
Bobo Newsom,1009546,119749.0,P,- - -,0.3753485222555258,,0.41999999999999993,-5.171044793913428,5.859670698642731,0.1344050457701087,,,,,59.7752084687106,0.2883398388994151,,,,,0.620279145,0.321428571,0.298850574,0.273809523,0.047619048,0.306666666,35,93,84,6,10,0,3,27,23,20,2,1,1,3,,9.0,0.096774193,0.032258064,0.333333333,,,,,,,,,0.0,,,,,,,,241.0
George Washington,1013655,123966.0,OF,CHW,0.3673588491680012,,0.47,-7.46224012204794,-1.4135801792144775,-0.0167485512793064,,,,,85.21165543649523,0.3358610771935094,,,,,0.746237261,0.436578171,0.30965909,0.28318584,0.153392331,0.281150159,108,355,339,40,47,8,33,148,96,63,22,3,1,10,,18.0,0.050704225,0.028169014,0.555555555,,,,,,,,,2.0,,,,,,,,0.0
Louis Dula,1015080,,OF,HG,0.3654465583079281,,0.0,4.153950074580326,-1.2160493731498718,-0.019963682629168,,,,,198.46684991718837,0.5383130743585783,,,,,1.233990147,0.785714285,0.448275862,0.428571428,0.357142857,,13,29,28,5,10,2,6,22,12,6,4,0,0,1,,,,0.034482758,,,,,,,,,,-1.0,,,,,,,,97.2
Buck Jordan,1006605,116746.0,1B,BSN,0.3607180605287379,,0.7,-6.675384221915905,-7.043210029602051,0.2691732682287693,,,,,89.11201711035893,0.3148948055347294,,,,,0.689727189,0.382978723,0.306748466,0.278723404,0.104255319,0.28125,130,491,470,62,35,5,34,180,131,97,24,5,3,19,,17.0,0.034623217,0.038696537,1.117647058,,,,,,,,,-3.0,,,,,,,,0.0
Roosevelt Davis,1014997,,P,PC,0.357905117426569,,0.0,0.3720222300848129,2.2052524089813232,-0.0342234559357166,,,,,107.94081885272747,0.3774344018527439,,,,,0.80625,0.40625,0.4,0.34375,0.0625,,13,35,32,4,4,0,2,13,11,9,2,0,0,3,,,,0.085714285,,,,,,,,,,0.0,,,,,,,,86.0
Frankie Pytlak,1010585,120820.0,C,CLE,0.3555456557346653,,0.52,-3.536560203929741,1.481481432914734,-0.4446105659008026,,,,,86.70638487056722,0.3350801682620315,,,,,0.716953602,0.369127516,0.347826086,0.295302013,0.073825503,0.298611111,55,164,149,14,12,1,8,55,44,36,6,1,3,11,,4.0,0.024390243,0.06707317,2.75,,,,,,,,,0.0,,,,,,,,0.0
Alex Radcliff,1016199,,3B,CAG,0.3483028048004924,,0.0,-0.8889597220412906,-3.1111111640930176,0.0402905419468879,,,,,97.1745036790566,0.3583010048336453,,,,,0.793998975,0.456221198,0.337777777,0.313364055,0.142857143,,48,225,217,40,22,4,20,99,68,48,13,3,1,7,,,,0.031111111,,,,,,,,,,-4.0,,,,,,,,410.1
Don Heffner,1005579,115693.0,2B,NYY,0.3432579387109543,,0.4,0.8606901783643761,1.3086419701576233,-0.0313715012744069,,,,,115.72495568149404,0.3752844542264938,,,,,0.819444444,0.444444444,0.375,0.305555555,0.138888889,0.314285714,10,40,36,3,8,0,4,16,11,7,3,1,0,4,,1.0,0.025,0.1,4.0,,,,,,,,,1.0,,,,,,,,0.0
Dewey Creacy,1014930,,3B,PS,0.3425774801758478,,0.0,1.8981172400149884,-6.0061728954315186,0.1918073156848549,,,,,105.03169725719106,0.3722644455987832,,,,,0.803700587,0.424390243,0.379310344,0.297560975,0.126829268,,57,232,205,38,27,4,15,87,61,46,8,3,2,27,,,,0.11637931,,,,,,,,,,-6.0,,,,,,,,500.2
Dizzy Dean,1003106,113168.0,P,STL,0.3333244700126149,,0.38,-9.735338837303654,8.44296646118164,0.3258491847664118,,,,,42.19987055587788,0.2550646185874939,,,,,0.558653846,0.3125,0.246153846,0.234375,0.078125,0.254545454,53,134,128,18,21,2,6,40,30,24,4,0,2,1,,16.0,0.119402985,0.007462686,0.0625,,,,,,,,,0.0,,,,,,,,325.1
Randy Moore,1009124,119314.0,OF,BSN,0.3317576649936473,,0.26,-4.723191822015247,-7.277777671813965,-0.1137150097638368,,,,,91.84269460263948,0.3192075689174837,,,,,0.69217107,0.373464373,0.318706697,0.275184275,0.098280098,0.279069767,125,435,407,42,42,4,28,152,112,84,20,4,1,26,,16.0,0.036781609,0.059770114,1.625,,,,,,,,,-3.0,,,,,,,,0.0
Chester Williams,1016740,,SS,PC,0.3306212001022611,,0.0,-13.692843761669332,9.723311424255373,0.4631061851978302,,,,,51.08766462258591,0.2763976075432517,,,,,0.589279894,0.306451612,0.282828282,0.236559139,0.069892473,,50,198,186,25,27,2,8,57,44,36,5,1,3,10,,,,0.05050505,,,,,,,,,,7.0,,,,,,,,430.0
Ed Stone,1016499,,OF,BE,0.3167380806591523,,0.0,5.483436851315599,-8.660493850708008,0.8032151432707906,,,,,116.17133252687177,0.3920612898137834,,,,,0.84261692,0.433526011,0.409090909,0.323699421,0.10982659,,49,198,173,29,37,2,12,75,56,44,7,3,5,25,,,,0.126262626,,,,,,,,,,-13.0,,,,,,,,1147.3
Ray Brown,1014722,,OF,HG,0.3048989418201124,,0.0,6.257508276393962,-7.360360354185104,0.7115894174203277,,,,,127.89839211052612,0.4129020773312625,,,,,0.934322033,0.559322033,0.375,0.279661016,0.279661017,,36,136,118,28,29,5,20,66,33,13,12,3,4,18,,,,0.132352941,,,,,,,,,,-13.0,,,,,,,,596.3
Tommy Bridges,1001421,111458.0,P,DET,0.3021553672154186,,0.34,-8.517687896369306,7.497858047485352,-0.0741508211940527,,,,,49.96982857159827,0.2713532209396362,,,,,0.581013162,0.302752293,0.278260869,0.23853211,0.064220183,0.305882352,36,119,109,9,10,0,6,33,26,20,5,1,0,6,,24.0,0.201680672,0.050420168,0.25,,,,,,,,,0.0,,,,,,,,274.1
William Bell,1014596,,P,- - -,0.3011612258092918,,0.0,1.3424575642374237,1.1971370577812197,-0.0228156372904777,,,,,149.15984850403763,0.4506869535697134,,,,,0.97368421,0.5,0.47368421,0.444444444,0.055555556,,10,19,18,3,1,0,1,9,8,7,1,0,0,1,,,,0.052631578,,,,,,,,,,0.0,,,,,,,,47.1
Jumbo Brown,1001533,111597.0,P,NYY,0.2883584730768357,,0.23,-0.2776024093649997,2.142245292663574,-0.0285195466130971,,,,,94.83441551290444,0.3392627134042628,,,,,0.727941176,0.375,0.352941176,0.3125,0.0625,0.416666666,20,34,32,3,3,0,2,12,10,8,2,0,0,2,,8.0,0.235294117,0.058823529,0.25,,,,,,,,,0.0,,,,,,,,87.1
Bill Swift,1012787,123054.0,P,PIT,0.2787881727120316,,0.28,-5.159045116997354,5.166591167449951,-0.0484832292422652,,,,,52.02233101521853,0.2686338152414487,,,,,0.579297245,0.307692307,0.271604938,0.243589743,0.064102564,0.271428571,39,82,78,11,11,0,5,24,19,14,5,0,0,3,,8.0,0.097560975,0.036585365,0.375,,,,,,,,,0.0,,,,,,,,203.2
Porter Charleston,1014839,,P,PS,0.278469186588994,,0.0,2.1837904641534345,0.5040577054023743,-0.0142597733065485,,,,,287.9715827737372,0.6973767429590225,,,,,1.583333333,0.833333333,0.75,0.666666666,0.166666667,,5,8,6,3,1,0,1,5,4,3,1,0,0,2,,,,0.25,,,,,,,,,,0.0,,,,,,,,22.0
Biz Mackey,1015810,,C,PS,0.2754478504383449,,0.0,-2.000806239836029,-0.7777777910232544,0.0688100885599851,,,,,91.31346030037292,0.3478850298132633,,,,,0.747720111,0.391891891,0.35582822,0.29054054,0.101351351,,46,163,148,20,20,1,12,58,43,31,10,1,1,14,,,,0.08588957,,,,,,,,,,-2.0,,,,,,,,369.0
Harry Danning,1002978,113043.0,C,NYG,0.2752560586008313,,0.22,-5.3868186452462705,2.3580247163772583,-0.091262549161911,,,,,74.99030975917566,0.298764905944374,,,,,0.654135337,0.368421052,0.285714285,0.243421052,0.125,0.261194029,65,163,152,16,20,2,14,56,37,23,11,1,0,9,,16.0,0.098159509,0.055214723,0.5625,,,,,,,,,1.0,,,,,,,,0.0
Jackie Hayes,1005528,115645.0,2B,CHW,0.2750437969547668,,0.51,-14.094940864623872,3.623456716537475,-0.1362018780782818,,,,,73.68343983944308,0.3159828743788117,,,,,0.673320201,0.346504559,0.326815642,0.267477203,0.079027356,0.270967741,89,374,329,45,45,4,18,114,88,70,14,0,3,29,,15.0,0.040106951,0.077540106,1.933333333,,,,,,,,,1.0,,,,,,,,0.0
Jim West,1016705,,1B,CEG,0.2667490412408527,,0.0,-1.3175621889206843,-0.3395061492919922,-0.0855586398392915,,,,,93.25710313529352,0.3513391819000244,,,,,0.77845045,0.45045045,0.328,0.243243243,0.207207207,,31,125,111,18,17,4,11,50,27,16,3,4,0,13,,,,0.104,,,,,,,,,,1.0,,,,,,,,268.2
Calvin Chapman,1002142,112195.0,SS,CIN,0.2610634612837568,,0.31,0.9801638366787128,-0.189814805984497,0.3401089580729604,,,,,108.64423770322342,0.3528403775733814,,,,,0.744455478,0.358490566,0.385964912,0.339622641,0.018867925,0.375,15,57,53,6,3,0,1,19,18,17,1,0,2,4,,5.0,0.087719298,0.070175438,0.8,,,,,,,,,-1.0,,,,,,,,0.0
Lou Chiozza,1002194,112247.0,2B,PHI,0.2592606370664547,,0.8,-13.13671047865305,-2.2592592239379883,0.6178380902856588,,,,,79.35982760495035,0.3312241902953304,,,,,0.716807909,0.383474576,0.333333333,0.283898305,0.099576271,0.308235294,124,513,472,71,47,3,35,181,134,99,26,6,5,33,,44.0,0.08576998,0.064327485,0.75,,,,,,,,,-6.0,,,,,,,,0.0
Buddy Burbage,1014746,,OF,HG,0.2584567724936532,,0.0,4.673675282849882,-4.87654322385788,0.7229972360655665,,,,,129.70125619365314,0.4161060439361321,,,,,0.918788527,0.512195121,0.406593406,0.341463414,0.170731707,,23,91,82,22,16,1,10,42,28,18,7,2,4,8,,,,0.087912087,,,,,,,,,,-7.0,,,,,,,,502.0
Walter Stephenson,1012502,122759.0,C,CHC,0.2537008242918322,,0.33,1.5451274961308707,0.1851851791143417,-0.0256675919517874,,,,,144.78577714155202,0.4118442248415064,,,,,0.907407407,0.5,0.407407407,0.384615384,0.115384616,0.476190476,16,27,26,2,2,0,2,13,10,8,1,1,0,1,,5.0,0.185185185,0.037037037,0.2,,,,,,,,,0.0,,,,,,,,0.0
Belve Bean,1000712,110731.0,P,WAS,0.2533354747692709,,0.26,1.8154965769070912,0.5670648813247681,-0.0028519546613097,,,,,242.45875954826155,0.5979620549413893,,,,,1.444444444,1.0,0.444444444,0.375,0.625,0.666666666,10,9,8,2,2,1,3,8,3,0,2,0,0,1,,4.0,0.444444444,0.111111111,0.25,,,,,,,,,0.0,,,,,,,,32.0
Bing Miller,1008871,119067.0,OF,BOS,0.2525519472271767,,0.2,-0.4772688787425378,-2.2530864477157593,-0.5707885166630149,,,,,100.42819011146555,0.3644067517062961,,,,,0.797733682,0.442028985,0.355704697,0.304347826,0.137681159,0.307086614,78,154,138,18,26,3,12,61,42,30,8,1,0,10,,8.0,0.051948051,0.064935064,1.25,,,,,,,,,-1.0,,,,,,,,0.0
Jack Wilson,1014087,124407.0,P,BOS,0.2523769112754752,,0.26,0.9171972666296666,1.134129762649536,-0.0085558639839291,,,,,136.26412658121689,0.4261989698690526,,,,,0.977941176,0.625,0.352941176,0.3125,0.3125,0.333333333,23,18,16,2,3,1,3,10,5,2,2,0,0,1,,3.0,0.166666666,0.055555555,0.333333333,,,,,,,,,0.0,,,,,,,,64.0
Ed Moriarty,1009188,119382.0,2B,BSN,0.2517940533041612,,0.22,1.2097144247803675,0.2469135820865631,-0.019963682629168,,,,,127.84177172602509,0.3760636063183055,,,,,0.852941175,0.529411764,0.323529411,0.323529411,0.205882353,0.37037037,8,34,34,4,1,1,4,18,11,7,2,1,0,0,,6.0,0.176470588,0.0,0.0,,,,,,,,,0.0,,,,,,,,0.0
Tom Parker,1016092,,OF,HG,0.2498743359833594,,0.0,2.321832997280896,-1.3271604776382446,-0.0456312745809555,,,,,133.05460142203088,0.4220654538699558,,,,,0.930890537,0.522727272,0.408163265,0.34090909,0.181818182,,25,49,44,10,12,2,4,23,15,11,2,0,0,4,,,,0.081632653,,,,,,,,,,-1.0,,,,,,,,203.3
Paul Carter,1014814,,P,PS,0.2497166124997475,,0.0,0.4979468261473174,1.3861587047576904,0.1800363203510642,,,,,109.8861403184432,0.3808915371244604,,,,,0.839826839,0.476190476,0.363636363,0.333333333,0.142857143,,16,22,21,2,8,1,1,10,7,6,0,0,1,1,,,,0.045454545,,,,,,,,,,0.0,,,,,,,,63.1
Johnny Murphy,1009368,119560.0,P,NYY,0.246669295224656,,0.23,-1.6105738974451993,2.7093100547790527,-0.0313715012744069,,,,,74.10452531379096,0.3035179827271438,,,,,0.591463414,0.25,0.341463414,0.15625,0.09375,0.2,40,43,32,6,1,0,3,8,5,2,3,0,0,9,,7.0,0.162790697,0.209302325,1.285714285,,,,,,,,,0.0,,,,,,,,117.0
Frank Grube,1005105,115207.0,C,- - -,0.2453383086644042,,0.33999999999999997,1.249169596753109,0.3703703507781029,-0.0256675919517874,,,,,132.10341480554897,0.4182580858469009,,,,,0.908571428,0.48,0.428571428,0.36,0.12,0.409090909,12,28,25,4,6,0,3,12,9,6,3,0,0,3,,3.0,0.107142857,0.107142857,1.0,,,,,,,,,0.0,,,,,,,,0.0
Eddie Phillips,1010289,120517.0,C,CLE,0.243294924744316,,-0.25,-7.915005729519716,2.129629611968994,-0.162561415694654,,,,,76.73916338552641,0.3178936012247775,,,,,0.687330754,0.368181818,0.319148936,0.272727272,0.095454546,0.297979797,70,235,220,18,41,1,18,81,60,42,16,1,0,15,,21.0,0.089361702,0.063829787,0.714285714,,,,,,,,,0.0,,,,,,,,0.0
Babe Ruth,1011327,121578.0,OF,BSN,0.2391219965694785,,0.1,2.4801580295051404,-3.1234567165374756,-0.0770027758553624,,,,,121.39708225213406,0.3658850257811339,,,,,0.789251207,0.430555555,0.358695652,0.180555555,0.25,0.166666666,28,92,72,13,12,6,6,31,13,7,0,0,0,20,,24.0,0.260869565,0.217391304,0.833333333,,,,,,,,,-2.0,,,,,,,,0.0
Bud Hafey,1005190,115296.0,OF,- - -,0.2379788924615608,,-0.1,-4.882110030835491,0.0802469253540039,-0.111226231791079,,,,,81.72795627827553,0.3155501329898834,,,,,0.697608695,0.407608695,0.29,0.228260869,0.179347826,0.276923076,60,201,184,30,16,6,19,75,42,23,11,2,0,16,,48.0,0.23880597,0.07960199,0.333333333,,,,,,,,,1.0,,,,,,,,0.0
Fritz Ostermueller,1009883,120102.0,P,BOS,0.2357604366492224,,0.16,-2.812410559239776,3.4023895263671875,-0.0456312745809555,,,,,63.87271765254398,0.3013738313546547,,,,,0.633045524,0.306122448,0.326923076,0.285714285,0.020408163,0.318181818,22,54,49,3,7,0,1,15,14,13,1,0,0,2,,5.0,0.092592592,0.037037037,0.4,,,,,,,,,0.0,,,,,,,,137.2
Lefty Holmes,1015469,,P,PS,0.2335295672998856,,0.0,-0.5612990812929005,1.9532235860824585,-0.0285195466130971,,,,,88.24208242243073,0.342426719204072,,,,,0.741935483,0.387096774,0.354838709,0.354838709,0.032258065,,19,31,31,6,2,0,1,12,11,10,1,0,0,0,,,,0.0,,,,,,,,,,0.0,,,,,,,,75.0
Clay Bryant,1001603,111641.0,P,CHC,0.2332732396542146,,0.23,1.5966820295003,0.5670648813247681,-0.0085558639839291,,,,,237.30338304885765,0.5579642057418823,,,,,1.333333333,0.833333333,0.5,0.333333333,0.5,0.333333333,12,9,6,2,2,1,1,5,2,1,0,0,0,2,,2.0,0.222222222,0.222222222,1.0,,,,,,,,,0.0,,,,,,,,22.2
Bump Hadley,1005186,115291.0,P,WAS,0.2181447728230154,,0.15,-6.947379096720453,5.922677993774414,-0.0598910478875041,,,,,48.33605773138551,0.2632345851810499,,,,,0.534109567,0.246753246,0.287356321,0.194805194,0.051948052,0.220588235,35,94,77,5,12,0,4,19,15,11,4,0,0,9,,9.0,0.09574468,0.09574468,1.0,,,,,,,,,0.0,,,,,,,,230.1
Jim Williams,1016752,,OF,- - -,0.2154891739643124,,0.0,5.77786362666223,-8.15432096272707,1.497329656034708,,,,,120.19642573223636,0.3992144991611612,,,,,0.886886101,0.507575757,0.379310344,0.318181818,0.189393939,,36,145,132,25,27,2,19,67,42,23,15,2,8,13,,,,0.089655172,,,,,,,,,,-11.0,,,,,,,,787.0
Roy Parmelee,1010016,120241.0,P,NYG,0.2137416437939804,,0.2,-6.745996716856381,5.733656406402588,-0.0513351839035749,,,,,43.36673802794846,0.2488194317608089,,,,,0.531817019,0.279069767,0.252747252,0.209302325,0.069767442,0.28125,34,91,86,6,5,0,5,24,18,13,4,1,0,5,,22.0,0.241758241,0.054945054,0.227272727,,,,,,,,,0.0,,,,,,,,226.0
Jack Salveson,1011390,121643.0,P,- - -,0.2039733895096761,,0.21,-0.0937787743923401,1.4491658955812454,-0.0114078186452388,,,,,97.45191565070544,0.3555323688880257,,,,,0.804347826,0.5,0.304347826,0.272727272,0.227272728,0.3125,25,23,22,3,4,1,3,11,6,3,2,0,0,1,,5.0,0.217391304,0.04347826,0.2,,,,,,,,,0.0,,,,,,,,73.2
Waite Hoyt,1006115,116241.0,P,PIT,0.2028137549902444,,0.11,-3.5890821735751253,3.6544182300567623,-0.0370754105970263,,,,,52.855597631886994,0.2699498555876992,,,,,0.587542086,0.314814814,0.272727272,0.259259259,0.055555555,0.29787234,39,58,54,4,7,0,2,17,14,12,1,1,0,1,,7.0,0.120689655,0.017241379,0.142857142,,,,,,,,,0.0,,,,,,,,164.0
Bob Garbark,1004489,114576.0,C,CLE,0.202447918926751,,0.27,1.1549695778712243,0.1851851791143417,-0.0285195466130971,,,,,136.2819794558365,0.4205637988836869,,,,,0.867149757,0.388888888,0.478260869,0.333333333,0.055555555,0.352941176,6,23,18,4,4,0,1,7,6,5,1,0,0,5,,1.0,0.04347826,0.217391304,5.0,,,,,,,,,0.0,,,,,,,,0.0
Jim Starks,1016478,,1B,- - -,0.1962779460056743,,0.0,3.6335884171601776,-5.209876537322998,0.7172933267429471,,,,,118.01434968421904,0.3952655190820092,,,,,0.885612885,0.525252525,0.36036036,0.282828282,0.242424243,,29,111,99,21,18,6,11,52,28,17,4,1,4,11,,,,0.099099099,,,,,,,,,,-4.0,,,,,,,,226.0
Sam Bankhead,1014551,,OF,PC,0.1894481883563153,,0.0,11.654722245653868,-16.89494299888611,1.3918073335662484,,,,,130.13418001677687,0.4168754161171647,,,,,0.919263543,0.507246376,0.412017167,0.338164251,0.169082125,,51,233,207,49,32,2,23,105,70,47,13,8,8,24,,,,0.103004291,,,,,,,,,,-29.0,,,,,,,,1330.0
Bob Griffith,1015304,,P,CEG,0.1864356482967286,,0.0,0.118119835449325,1.1971369981765747,-0.0142597733065485,,,,,104.76663681978052,0.3717933924574601,,,,,0.812865496,0.444444444,0.368421052,0.333333333,0.111111111,,9,19,18,5,0,0,2,8,6,4,2,0,0,1,,,,0.052631578,,,,,,,,,,0.0,,,,,,,,49.2
Francisco Correa,1014914,,SS,NYC,0.1831402944300083,,0.0,-8.421503371006368,6.419753074645996,0.1344050457701087,,,,,42.61339579782318,0.2613375292104833,,,,,0.556372548,0.291666666,0.264705882,0.21875,0.072916666,,29,102,96,11,11,1,4,28,21,17,2,1,1,3,,,,0.029411764,,,,,,,,,,5.0,,,,,,,,228.0
Ralph Birkofer,1000982,111010.0,P,PIT,0.1822491448093,,0.26,-3.90774344830054,3.717425584793091,-0.0313715012744069,,,,,49.42245157128225,0.2645276310080189,,,,,0.581823494,0.327586206,0.254237288,0.24137931,0.086206896,0.28,38,59,58,5,4,0,4,19,14,10,3,1,0,0,,8.0,0.13559322,0.0,0.0,,,,,,,,,0.0,,,,,,,,150.1
Whit Wyatt,1014304,124627.0,P,CHW,0.1801761246391887,,0.16,0.2453533258230676,1.071122646331787,-0.0171117279678583,,,,,110.8862199132305,0.3801319529028499,,,,,0.796380089,0.384615384,0.411764705,0.23076923,0.153846154,0.272727272,30,17,13,2,0,0,1,5,3,2,0,1,0,4,,2.0,0.117647058,0.235294117,2.0,,,,,,,,,0.0,,,,,,,,52.0
Chief Hogsett,1005930,116052.0,P,DET,0.1801671228237433,,0.22,-0.3467892029513101,1.449165940284729,-0.0114078186452388,,,,,89.71828279320697,0.3398918276247771,,,,,0.782608695,0.52173913,0.260869565,0.260869565,0.260869565,0.25,40,23,23,4,4,2,2,12,6,4,0,0,0,0,,5.0,0.217391304,0.0,0.0,,,,,,,,,0.0,,,,,,,,96.2
Aubrey Epps,1003798,113869.0,C,PIT,0.1786165231439636,,0.15,1.730546868837152,0.0308641977608203,-0.0057039093226194,,,,,434.14641525592873,0.8721509873867035,,,,,2.0,1.25,0.75,0.75,0.5,0.75,1,4,4,1,3,0,1,5,3,2,0,1,0,0,,0.0,0.0,0.0,0.0,,,,,,,,,0.0,,,,,,,,0.0
Merv Shea,1011833,122090.0,C,CHW,0.1709693332199974,,0.41,-4.995343975149135,1.3271604776382446,-0.1597094610333442,,,,,77.85950707629411,0.3231837035794007,,,,,0.627480586,0.245901639,0.381578947,0.229508196,0.016393443,0.24778761,46,154,122,8,13,0,2,30,28,26,2,0,0,30,,9.0,0.058441558,0.194805194,3.333333333,,,,,,,,,0.0,,,,,,,,0.0
Charlie Root,1011188,121440.0,P,CHC,0.1705773643234339,,0.1,-6.5122544364886314,5.292605876922607,-0.0370754105970263,,,,,40.658729749383774,0.2473885839184125,,,,,0.540458937,0.304347826,0.236111111,0.20289855,0.101449276,0.282608695,38,84,69,8,7,1,4,21,14,10,2,1,0,3,,22.0,0.261904761,0.035714285,0.136363636,,,,,,,,,0.0,,,,,,,,201.1
Jim Brown,1014715,,1B,CAG,0.1701689223499232,,0.0,2.282926779764124,-1.2160493731498718,-0.0313715012744069,,,,,168.83924014087236,0.485660257546798,,,,,1.045548653,0.523809523,0.52173913,0.476190476,0.047619047,,11,23,21,3,2,0,1,11,10,9,1,0,0,2,,,,0.086956521,,,,,,,,,,-1.0,,,,,,,,35.1
Moe Berg,1000880,110894.0,C,BOS,0.1682556664485398,,-0.01,-3.091426168976853,1.1419752836227417,-0.0741508211940527,,,,,79.7380992792587,0.3287306474250497,,,,,0.718347532,0.397959183,0.320388349,0.285714285,0.112244898,0.279569892,38,105,98,13,12,2,7,39,28,21,5,0,0,5,,3.0,0.028571428,0.047619047,1.666666666,,,,,,,,,0.0,,,,,,,,0.0
Vince Sherlock,1011877,122136.0,2B,BRO,0.1626814544632842,,0.18,2.6464274832938095,-1.753086417913437,0.1657765470445156,,,,,170.72716284875284,0.4552037075713829,,,,,0.981481481,0.5,0.481481481,0.461538461,0.038461539,0.5,9,27,26,4,6,0,1,13,12,11,1,0,1,1,,2.0,0.074074074,0.037037037,0.5,,,,,,,,,-2.0,,,,,,,,0.0
Frank Skaff,1012028,122288.0,3B,BRO,0.1626678293362457,,0.14,2.34950527471239,-0.9444444477558136,-0.0114078186452388,,,,,265.22343992315587,0.604448751969771,,,,,1.363636363,0.818181818,0.545454545,0.545454545,0.272727273,0.666666666,6,11,11,4,3,0,2,9,6,4,1,1,0,0,,2.0,0.181818181,0.0,0.0,,,,,,,,,-1.0,,,,,,,,0.0
Pie Traynor,1013165,123446.0,3B,PIT,0.1569070007614357,,-0.1,-3.950123398427437,-2.1358025074005127,0.2402905449271202,,,,,85.33714332029164,0.3212503922699783,,,,,0.695129664,0.372549019,0.322580645,0.279411764,0.093137255,0.301075268,57,220,204,24,36,1,14,76,57,43,10,3,2,10,,17.0,0.077272727,0.045454545,0.588235294,,,,,,,,,-3.0,,,,,,,,0.0
Tom Winsett,1014141,124460.0,OF,STL,0.1550849834851826,,0.15,2.2657940132761527,-1.086419753730297,-0.019963682629168,,,,,217.3068237742218,0.5316241383552551,,,,,1.154761904,0.583333333,0.571428571,0.5,0.083333333,0.666666666,7,15,12,2,2,0,1,7,6,5,1,0,0,2,,3.0,0.2,0.133333333,0.666666666,,,,,,,,,-1.0,,,,,,,,0.0
Bill Lee,1007447,117616.0,P,CHC,0.1535012432105046,,0.19,-8.976043770468477,6.741771697998047,-0.0655949572101235,,,,,35.893783441836824,0.239862947509839,,,,,0.514705882,0.264705882,0.25,0.235294117,0.029411765,0.275862068,39,107,102,8,11,0,3,27,24,21,3,0,0,2,,15.0,0.140186915,0.018691588,0.133333333,,,,,,,,,0.0,,,,,,,,252.0
Les Mallon,1008031,118199.0,2B,BSN,0.1511566450805226,,-0.01,-5.7378407479238245,-8.123456954956055,0.2748771775513887,,,,,89.66817216762534,0.315773182850576,,,,,0.67879158,0.356796116,0.321995464,0.274271844,0.082524272,0.297587131,116,448,412,48,25,2,28,147,113,85,24,2,3,28,,37.0,0.082589285,0.0625,0.756756756,,,,,,,,,-11.0,,,,,,,,0.0
Clarence Griffin,1015305,,OF,BE,0.1500213014067955,,0.0,1.798052749814072,-3.580246925354004,0.3001815928146243,,,,,110.14606535379036,0.3813534638669231,,,,,0.814644254,0.418604651,0.396039603,0.290697674,0.127906977,,29,101,86,14,13,3,5,36,25,20,2,0,2,15,,,,0.148514851,,,,,,,,,,-5.0,,,,,,,,579.0
Jesse Haines,1005209,115314.0,P,STL,0.1485593250672077,,0.16,-1.9857219898635168,2.2682595252990723,-0.0256675919517874,,,,,58.08688218651933,0.2801561653614044,,,,,0.59714795,0.303030303,0.294117647,0.272727272,0.030303031,0.346153846,30,36,33,2,1,0,1,10,9,8,1,0,0,0,,7.0,0.194444444,0.0,0.0,,,,,,,,,0.0,,,,,,,,115.1
Lee Gamble,1004472,114557.0,OF,CIN,0.1484610681962582,,0.16,1.4536337063873708,-0.086419753730297,0.1942960936576128,,,,,261.5754107198006,0.5943760275840759,,,,,1.35,0.75,0.6,0.5,0.25,0.5,2,6,4,2,2,0,1,3,2,1,1,0,1,1,,0.0,0.0,0.166666666,1.0,,,,,,,,,0.0,,,,,,,,0.0
Syl Johnson,1006505,116630.0,P,PHI,0.1476513969036993,,0.17,-4.97135264527207,4.158475875854492,-0.0370754105970263,,,,,42.44753152630955,0.2729258378346761,,,,,0.594252872,0.327586206,0.266666666,0.24137931,0.086206896,0.288888888,37,66,58,6,7,1,3,19,14,11,2,0,0,2,,12.0,0.181818181,0.03030303,0.166666666,,,,,,,,,0.0,,,,,,,,174.2
Roy Henshaw,1005678,115794.0,P,CHC,0.1448897295640106,,0.14,-4.108042569356814,3.5914111137390137,-0.0370754105970263,,,,,45.01970224960735,0.2542761942515006,,,,,0.543740572,0.274509803,0.269230769,0.25490196,0.019607843,0.325,31,57,51,5,2,0,1,14,13,12,1,0,0,1,,11.0,0.192982456,0.017543859,0.09090909,,,,,,,,,0.0,,,,,,,,142.2
Jo-Jo White,1013881,124179.0,OF,DET,0.1420837829568547,,1.2,-12.36670087300562,-3.209876537322998,-1.1378573514521122,,,,,83.60760400938463,0.3293551308413346,,,,,0.69257686,0.344660194,0.347916666,0.240291262,0.104368932,0.263586956,114,483,412,82,32,2,27,142,99,72,13,12,19,68,,42.0,0.086956521,0.140786749,1.619047619,,,,,,,,,-2.0,,,,,,,,0.0
Ray Mueller,1009283,119478.0,C,BSN,0.1399543845624339,,0.52,-4.463453592658438,2.234567880630493,-0.0484832292422652,,,,,66.34955877162525,0.2789443510770797,,,,,0.62113402,0.37113402,0.25,0.226804123,0.144329897,0.228915662,42,101,97,10,11,3,8,36,22,14,5,0,0,3,,11.0,0.108910891,0.02970297,0.272727272,,,,,,,,,1.0,,,,,,,,0.0
Lynn King,1006936,117084.0,OF,STL,0.1389974324500553,,0.03,-1.517899777381338,1.925925925374031,0.3771843686699867,,,,,43.89009999841766,0.257734124477093,,,,,0.489510488,0.181818181,0.307692307,0.181818181,0.0,0.19047619,8,26,22,6,0,0,0,4,4,4,0,0,2,4,,1.0,0.038461538,0.153846153,4.0,,,,,,,,,2.0,,,,,,,,0.0
Leroy Herrmann,1005733,115853.0,P,CIN,0.1379336177999315,,0.12,-1.6031281741704284,1.9532235860824585,-0.0228156372904777,,,,,60.75668956426815,0.2772079879237759,,,,,0.59032258,0.3,0.29032258,0.266666666,0.033333334,0.32,29,31,30,4,1,0,1,9,8,7,1,0,0,0,,5.0,0.161290322,0.0,0.0,,,,,,,,,0.0,,,,,,,,108.0
Homer Craig,1014926,,P,ND,0.1366491625649914,,0.0,-0.8071956114658563,1.449165940284729,-0.0142597733065485,,,,,76.41397350264734,0.3214063514833865,,,,,0.713438735,0.409090909,0.304347826,0.272727272,0.136363637,,13,23,22,1,4,0,2,9,6,4,1,1,0,1,,,,0.04347826,,,,,,,,,,0.0,,,,,,,,64.1
Johnny Allen,1000150,110152.0,P,NYY,0.133333590981586,,0.17,-5.780311315877762,4.599526405334473,-0.0456312745809555,,,,,44.6087877841012,0.2526582249573298,,,,,0.540724946,0.283582089,0.257142857,0.223880597,0.059701492,0.264150943,23,73,67,12,12,1,2,19,15,13,1,0,0,3,,13.0,0.178082191,0.04109589,0.23076923,,,,,,,,,0.0,,,,,,,,167.0
Willie Cornelius,1014913,,P,CAG,0.1318012908349922,,0.0,-1.3514313584083733,1.7642019987106323,-0.0228156372904777,,,,,67.53720368814588,0.3056309670209884,,,,,0.625776397,0.304347826,0.321428571,0.173913043,0.130434783,,12,28,23,6,3,1,1,7,4,3,0,0,0,5,,,,0.178571428,,,,,,,,,,0.0,,,,,,,,59.0
Freddie Fitzsimmons,1004122,114203.0,P,NYG,0.1287194388779412,,0.12,-1.9990550082381515,2.142245292663574,-0.0228156372904777,,,,,55.25495240553724,0.2675953786820173,,,,,0.57157258,0.29032258,0.28125,0.258064516,0.032258064,0.266666666,18,34,31,2,2,0,1,9,8,7,1,0,0,1,,1.0,0.029411764,0.029411764,1.0,,,,,,,,,0.0,,,,,,,,94.0
Mike Kreevich,1007151,117304.0,3B,CHW,0.1277332112474686,,0.18,1.463218105527865,-0.8888888955116272,-0.2795259645208716,,,,,151.2008192019483,0.4496467684706052,,,,,0.980072463,0.52173913,0.458333333,0.434782608,0.086956522,0.434782608,6,24,23,3,2,0,2,12,10,8,2,0,1,1,,0.0,0.0,0.041666666,1.0,,,,,,,,,-1.0,,,,,,,,0.0
Euel Moore,1009105,119294.0,P,- - -,0.1245729177160392,,0.14,-0.4561374010438117,1.134129837155342,-0.0171117279678583,,,,,82.79919575076987,0.3288924694061279,,,,,0.705882352,0.352941176,0.352941176,0.352941176,0.0,0.5,21,18,17,3,1,0,0,6,6,6,0,0,0,0,,5.0,0.277777777,0.0,0.0,,,,,,,,,0.0,,,,,,,,48.1
Roxie Lawson,1007406,117561.0,P,DET,0.1234966043732515,,0.15,-0.1621749473334771,0.94510817527771,-0.0114078186452388,,,,,92.91287745092946,0.3454002950872694,,,,,0.741758241,0.384615384,0.357142857,0.307692307,0.076923077,0.363636363,7,15,13,1,3,0,1,5,4,3,1,0,0,1,,2.0,0.133333333,0.066666666,0.5,,,,,,,,,0.0,,,,,,,,40.0
Johnny Cooney,1002588,112645.0,OF,BRO,0.118522743454444,,0.13,0.230210815287259,-0.1234567910432815,-0.0313715012744069,,,,,106.29278287970472,0.3534376677125692,,,,,0.754310344,0.379310344,0.375,0.310344827,0.068965517,0.333333333,10,32,29,3,1,0,1,11,9,8,0,1,0,3,,2.0,0.0625,0.09375,1.5,,,,,,,,,0.0,,,,,,,,0.0
Phil Hensiek,1005679,115795.0,P,WAS,0.117760714154937,,0.12,0.9607051911784216,0.1890216320753097,-0.0028519546613097,,,,,326.47004141465584,0.7428234418233236,,,,,1.666666666,1.0,0.666666666,0.666666666,0.333333334,1.0,6,3,3,0,1,0,1,3,2,1,1,0,0,0,,1.0,0.333333333,0.0,0.0,,,,,,,,,0.0,,,,,,,,13.0
Vern Kennedy,1006851,116983.0,P,CHW,0.117580910011149,,0.09,-6.737817505502124,5.103584289550781,-0.0427793199196457,,,,,41.71959283761855,0.2608673338954513,,,,,0.571825249,0.315068493,0.256756756,0.246575342,0.068493151,0.327272727,31,81,73,5,10,0,4,23,18,14,3,1,0,1,,18.0,0.222222222,0.012345679,0.055555555,,,,,,,,,0.0,,,,,,,,211.2
Mike Ryba,1011351,121600.0,P,STL,0.1118322565413964,,0.13,0.4990742756457518,0.4410504996776581,-0.0085558639839291,,,,,155.82563913554512,0.4345223009586334,,,,,0.9,0.4,0.5,0.4,0.0,0.4,2,7,5,0,3,0,0,2,2,2,0,0,0,1,,0.0,0.0,0.142857142,1.0,,,,,,,,,0.0,,,,,,,,16.0
Arndt Jorgens,1006621,116762.0,C,NYY,0.1108216657374801,,-0.08,-4.39841599728961,2.018518447875977,-0.0855586398392915,,,,,68.96915824229407,0.2946630244453748,,,,,0.595238094,0.261904761,0.333333333,0.238095238,0.023809523,0.27027027,36,98,84,6,8,0,2,22,20,18,2,0,0,12,,10.0,0.102040816,0.122448979,1.2,,,,,,,,,1.0,,,,,,,,0.0
Dolf Luque,1007843,118012.0,P,NYG,0.1098212685186444,,0.11,0.9736034898964026,0.1260144263505935,-0.0028519546613097,,,,,475.84327167520416,0.9318619966506958,,,,,2.0,1.0,1.0,1.0,0.0,1.0,2,2,1,0,0,0,0,1,1,1,0,0,0,0,,0.0,0.0,0.0,0.0,,,,,,,,,0.0,,,,,,,,3.2
Bill Byrd,1014768,,OF,CEG,0.1046616933849569,,0.0,3.0191640300492617,-3.1913580298423767,-0.0427793199196457,,,,,149.87609369589703,0.4519598313740322,,,,,1.011904761,0.583333333,0.428571428,0.333333333,0.25,,18,42,36,7,10,3,3,21,12,9,0,0,0,6,,,,0.142857142,,,,,,,,,,-4.0,,,,,,,,135.0
Hal Kelleher,1006774,116916.0,P,PHI,0.1029807042427452,,0.13,0.2062155083595127,0.5670648813247681,-0.0114078186452388,,,,,118.61432448697283,0.3932217558224996,,,,,0.819444444,0.375,0.444444444,0.375,0.0,0.428571428,3,9,8,1,0,0,0,3,3,3,0,0,0,1,,1.0,0.111111111,0.111111111,1.0,,,,,,,,,0.0,,,,,,,,25.0
Jack Russell,1011313,121567.0,P,WAS,0.098828251726052,,0.09,-2.6949439882912896,2.3942739963531494,-0.0228156372904777,,,,,50.41751879077508,0.2668236666604092,,,,,0.577443608,0.314285714,0.263157894,0.2,0.114285714,0.333333333,43,38,35,7,5,0,2,11,7,5,0,2,0,3,,14.0,0.368421052,0.078947368,0.214285714,,,,,,,,,0.0,,,,,,,,126.0
Spoon Carter,1014815,,P,PC,0.0982075907779795,,0.0,-1.512939369398374,1.6381875276565552,-0.019963682629168,,,,,60.71525319583474,0.2935073123528407,,,,,0.627692307,0.32,0.307692307,0.28,0.04,,11,26,25,1,3,0,1,8,7,6,1,0,0,1,,,,0.038461538,,,,,,,,,,0.0,,,,,,,,55.2
Sad Sam Jones,1006589,116726.0,P,CHW,0.0970296247796483,,0.13,-4.9836502610326106,3.843440055847168,-0.0484832292422652,,,,,42.953821208976976,0.262995524653073,,,,,0.497844827,0.1875,0.310344827,0.166666666,0.020833334,0.25,22,61,48,8,1,0,1,9,8,7,1,0,0,10,,16.0,0.262295081,0.163934426,0.625,,,,,,,,,0.0,,,,,,,,140.0
Duke Markham,1015827,,OF,ND,0.093773411942553,,0.0,1.401290261593796,-1.3271604776382446,-0.0171117279678583,,,,,134.65659343299518,0.42491243992533,,,,,0.972527472,0.615384615,0.357142857,0.307692307,0.307692308,,11,28,26,6,8,2,4,16,8,4,2,0,0,2,,,,0.071428571,,,,,,,,,,-1.0,,,,,,,,164.0
Candy Jim Taylor,1016529,,P,CEG,0.0912776325783445,,0.0,0.7966403194809633,0.0,-0.0085558639839291,,,,,210.17327882308615,0.5591171979904175,,,,,1.2,0.6,0.6,0.6,0.0,,6,5,5,1,0,0,0,3,3,3,0,0,0,0,,,,0.0,,,,,,,,,,0.0,,,,,,,,0.1
Leon Pettit,1010252,120483.0,P,WAS,0.0891946023718133,,0.06,-2.6004042937469816,2.2682595252990723,-0.0342234559357166,,,,,49.73805453350192,0.265652060508728,,,,,0.422857142,0.08,0.342857142,0.08,0.0,0.117647058,41,36,25,5,2,0,0,2,2,2,0,0,0,10,,8.0,0.222222222,0.277777777,1.25,,,,,,,,,0.0,,,,,,,,109.0
Ossie Brown,1014721,,P,CAG,0.0886007414819386,,0.0,-1.5169625378281608,1.5751802921295166,-0.0228156372904777,,,,,59.1118123865858,0.2906577515602112,,,,,0.611666666,0.291666666,0.32,0.291666666,0.0,,12,25,24,3,3,0,0,7,7,7,0,0,0,1,,,,0.04,,,,,,,,,,0.0,,,,,,,,62.1
Joe Ware,1016671,,1B,ND,0.0879655913575046,,0.0,1.7451558718672366,-1.1296296268701551,-0.0114078186452388,,,,,209.2485766029907,0.5574738600037314,,,,,1.245454545,0.7,0.545454545,0.5,0.2,,3,11,10,3,1,0,2,7,5,3,2,0,0,1,,,,0.09090909,,,,,,,,,,-1.0,,,,,,,,26.0
Mel Almada,1000172,110178.0,OF,BOS,0.0869555469646086,,0.55,-14.068355327771291,-8.711560010910034,-0.6351525699719787,,,,,85.98841029111942,0.3395081132785227,,,,,0.72883727,0.378912685,0.349924585,0.289950576,0.088962109,0.303508771,151,676,607,85,59,3,39,230,176,137,27,9,20,55,,34.0,0.050295857,0.081360946,1.617647058,,,,,,,,,-6.0,,,,,,,,0.0
Harry Salmon,1016328,,P,HG,0.0867891055314938,,0.0,0.6307031678773913,0.1890216320753097,-0.0057039093226194,,,,,245.13037485188883,0.6212413311004639,,,,,1.333333332,0.666666666,0.666666666,0.666666666,0.0,,2,3,3,2,1,0,0,2,2,2,0,0,0,0,,,,0.0,,,,,,,,,,0.0,,,,,,,,5.1
Laymon Yokely,1016847,,P,PS,0.0841527708246911,,0.0,0.3070686187324919,0.3780432641506195,-0.0028519546613097,,,,,135.33814330667693,0.4261236588160197,,,,,0.999999999,0.666666666,0.333333333,0.333333333,0.333333333,,3,6,6,0,2,0,1,4,2,1,0,1,0,0,,,,0.0,,,,,,,,,,0.0,,,,,,,,18.0
Jim Willis,1016782,,P,CEG,0.0829705272246889,,0.0,-1.380047656331698,1.449165940284729,-0.0171117279678583,,,,,59.45921299861208,0.2912751358488332,,,,,0.622529644,0.318181818,0.304347826,0.272727272,0.045454546,,9,23,22,1,1,0,1,7,6,5,1,0,0,1,,,,0.04347826,,,,,,,,,,0.0,,,,,,,,53.0
Lon Warneke,1013637,123937.0,P,CHC,0.0814170313047079,,0.02,-9.249327963453672,6.426735877990723,-0.0655949572101235,,,,,30.688799393406676,0.231642326555754,,,,,0.483400808,0.23076923,0.252631578,0.219780219,0.010989011,0.243902439,44,102,91,9,15,0,1,21,20,19,1,0,0,3,,9.0,0.088235294,0.029411764,0.333333333,,,,,,,,,0.0,,,,,,,,261.2
Bill Patton,1010075,120304.0,C,PHA,0.0766330259948417,,-0.09,0.2972196592878998,0.0925925895571708,-0.0114078186452388,,,,,118.13459585946664,0.3872626622517903,,,,,0.816666666,0.4,0.416666666,0.3,0.1,0.428571428,9,12,10,1,2,0,1,4,3,2,1,0,0,2,,3.0,0.25,0.166666666,0.666666666,,,,,,,,,0.0,,,,,,,,0.0
Tommy Heath,1005567,115679.0,C,SLB,0.0745951885768438,,-0.01,-4.411964459283207,1.1419752836227417,-0.111226231791079,,,,,73.39932264474285,0.3226849484232674,,,,,0.640498619,0.268817204,0.371681415,0.236559139,0.032258065,0.275,47,114,93,10,9,0,3,25,22,19,3,0,0,20,,13.0,0.114035087,0.175438596,1.538461538,,,,,,,,,0.0,,,,,,,,0.0
Charlie Wilson,1014067,124381.0,3B,STL,0.0744784159008744,,0.05,-0.5476208105770561,0.1481481492519378,-0.0342234559357166,,,,,88.02366236747633,0.3274375633759932,,,,,0.686217008,0.322580645,0.363636363,0.322580645,0.0,0.344827586,16,33,31,1,1,0,0,10,10,10,0,0,0,2,,2.0,0.06060606,0.06060606,1.0,,,,,,,,,0.0,,,,,,,,0.0
Johnny Welch,1013756,124061.0,P,BOS,0.0700625037404449,,0.03,-5.172765636409464,3.78043270111084,-0.0427793199196457,,,,,39.71358011467089,0.2597160195482188,,,,,0.513103448,0.22,0.293103448,0.18,0.04,0.219512195,31,60,50,8,6,0,2,11,9,7,2,0,0,8,,9.0,0.15,0.133333333,0.888888888,,,,,,,,,0.0,,,,,,,,143.0
Frank Pearce,1010103,120329.0,P,PHI,0.0681248323238061,,0.07,0.3302279633138028,0.2520288527011871,-0.0057039093226194,,,,,164.6510472010526,0.4659309983253479,,,,,1.0,0.5,0.5,0.5,0.0,0.666666666,5,4,4,0,1,0,0,2,2,2,0,0,0,0,,1.0,0.25,0.0,0.0,,,,,,,,,0.0,,,,,,,,13.0
Jimmy Binder,1014614,,3B,HG,0.0679853141802775,,0.0,-9.678721176194138,5.702702701091766,0.1115894084796309,,,,,45.54522986805243,0.2665478490232452,,,,,0.560414913,0.275862068,0.284552845,0.24137931,0.034482758,,36,123,116,14,8,0,4,32,28,24,4,0,1,6,,,,0.048780487,,,,,,,,,,5.0,,,,,,,,259.0
Charlie Berry,1000902,110930.0,C,PHA,0.0638631244143864,,0.36,-9.318816785487437,2.7283949851989746,-0.1283379597589373,,,,,67.91948680943054,0.3006763112545013,,,,,0.658421052,0.368421052,0.29,0.252631578,0.115789474,0.269461077,62,202,190,14,29,3,13,70,48,35,7,3,0,10,,20.0,0.0990099,0.04950495,0.5,,,,,,,,,1.0,,,,,,,,0.0
Elden Auker,1000366,110380.0,P,DET,0.0626821401255477,,0.16,-7.225016132375504,5.040576934814453,-0.0370754105970263,,,,,36.646729777171,0.2483800853553571,,,,,0.547652915,0.31081081,0.236842105,0.216216216,0.094594594,0.280701754,36,80,74,8,8,0,5,23,16,11,3,2,0,2,,17.0,0.2125,0.025,0.117647058,,,,,,,,,0.0,,,,,,,,195.0
Frank Reiber,1010788,121021.0,C,DET,0.0611214438654457,,0.07,-0.0013808948259158,0.1543209850788116,-0.0171117279678583,,,,,100.79227914916054,0.358986816235951,,,,,0.7012987,0.272727272,0.428571428,0.272727272,0.0,0.375,8,14,11,3,1,0,0,3,3,3,0,0,0,3,,3.0,0.214285714,0.214285714,1.0,,,,,,,,,0.0,,,,,,,,0.0
Jack Peerson,1010125,120353.0,SS,PHA,0.0576876081816229,,0.05,-0.3802893432094489,0.2469135820865631,-0.0171117279678583,,,,,87.80577187059164,0.3349664062261581,,,,,0.718421052,0.368421052,0.35,0.315789473,0.052631579,0.333333333,10,21,19,3,1,0,1,7,6,5,1,0,0,1,,1.0,0.047619047,0.047619047,1.0,,,,,,,,,0.0,,,,,,,,0.0
John Pezzullo,1010260,120490.0,P,PHI,0.0560029275611092,,0.1,-1.9814925804296353,1.6381875276565552,-0.0228156372904777,,,,,42.00723611986428,0.2722304463386535,,,,,0.557692307,0.25,0.307692307,0.25,0.0,0.333333333,41,26,24,1,2,0,0,6,6,6,0,0,0,2,,6.0,0.23076923,0.076923076,0.333333333,,,,,,,,,0.0,,,,,,,,84.1
Eugene White,1016716,,3B,BE,0.0552759749955742,,0.0,-0.5976577293404947,1.0493827164173126,0.0,,,,,-100.0,0.0,,,,,0.0,0.0,0.0,0.0,0.0,,2,2,2,0,0,0,0,0,0,0,0,0,0,0,,,,0.0,,,,,,,,,,1.0,,,,,,,,3.0
Sam Narron,1009454,119656.0,C,STL,0.0544312806305958,,0.07,0.296684154571659,0.0308641977608203,-0.0085558639839291,,,,,133.56817847348916,0.3993694271360125,,,,,0.857142856,0.428571428,0.428571428,0.428571428,0.0,0.428571428,4,7,7,0,0,0,0,3,3,3,0,0,0,0,,0.0,0.0,0.0,0.0,,,,,,,,,0.0,,,,,,,,0.0
Arnold Waites,1016645,,OF,PS,0.0542761606597689,,0.0,-0.586720546361433,0.9567901231348516,-0.0028519546613097,,,,,0.1381301998169727,0.1858524531126022,,,,,0.25,0.0,0.25,0.0,0.0,,1,4,3,0,0,0,0,0,0,0,0,0,0,1,,,,0.25,,,,,,,,,,3.0,,,,,,,,27.0
Monte Pearson,1010111,120339.0,P,CLE,0.053242884625478,,0.14,-6.339006685807106,4.4105048179626465,0.1600726377218961,,,,,34.53512613971438,0.2451208112896352,,,,,0.502805048,0.241935483,0.260869565,0.177419354,0.064516129,0.2,30,70,62,8,6,0,4,15,11,7,4,0,1,7,,7.0,0.1,0.1,1.0,,,,,,,,,0.0,,,,,,,,181.2
Ray Clark,1014860,,,ND,0.052780381339648,,0.0,0.4647660162738193,0.0630072131752967,-0.0028519546613097,,,,,419.9158549959026,0.9318619966506958,,,,,2.0,1.0,1.0,1.0,0.0,,1,1,1,0,0,0,0,1,1,1,0,0,0,0,,,,0.0,,,,,,,,,,,,,,,,,,
Billy Nicholas,1016036,,P,BE,0.052780381339648,,0.0,0.4647660162738193,0.0630072131752967,-0.0028519546613097,,,,,419.9158549959026,0.9318619966506958,,,,,2.0,1.0,1.0,1.0,0.0,,3,1,1,0,0,0,0,1,1,1,0,0,0,0,,,,0.0,,,,,,,,,,0.0,,,,,,,,2.2
Hy Vandenberg,1013349,123637.0,P,BOS,0.0527700549286691,,0.05,0.4644813742926944,0.0630072131752967,-0.0028519546613097,,,,,429.5196309413273,0.9318619966506958,,,,,2.0,1.0,1.0,1.0,0.0,1.0,3,1,1,0,0,0,0,1,1,1,0,0,0,0,,0.0,0.0,0.0,0.0,,,,,,,,,0.0,,,,,,,,5.1
Joe Strong,1016504,,P,HG,0.0518002159030908,,0.0,0.9495813970016348,-2.0370370373129845,-0.0484832292422652,,,,,113.65630570644932,0.387591700553894,,,,,0.831818181,0.431818181,0.4,0.318181818,0.113636363,,24,50,44,8,13,1,3,19,14,11,2,0,0,5,,,,0.1,,,,,,,,,,-3.0,,,,,,,,121.39999999999999
Ralph Onis,1009822,120033.0,C,BRO,0.0513616583346183,,0.05,0.4810705092242587,0.0308641977608203,-0.0028519546613097,,,,,472.5290346376437,0.9318619966506958,,,,,2.0,1.0,1.0,1.0,0.0,1.0,1,1,1,0,0,0,0,1,1,1,0,0,0,0,,0.0,0.0,0.0,0.0,,,,,,,,,0.0,,,,,,,,0.0
Max Bishop,1000994,111020.0,2B,BOS,0.0496396619667503,,0.19,-4.878679648992985,-0.3024691343307495,-1.0560183934867382,,,,,83.36183840634946,0.3349790924432262,,,,,0.67256541,0.295081967,0.377483443,0.229508196,0.065573771,0.252336448,60,162,122,19,14,1,5,36,28,23,3,1,0,28,,14.0,0.086419753,0.172839506,2.0,,,,,,,,,-1.0,,,,,,,,0.0
Hal Schumacher,1011648,121899.0,P,NYG,0.0492163949138532,,0.08,-10.58494979605894,7.056807994842529,-0.0513351839035749,,,,,27.599136381057708,0.2239164781132969,,,,,0.491383005,0.280373831,0.211009174,0.196261682,0.084112149,0.2375,38,112,107,8,21,2,5,30,21,16,3,0,0,1,,25.0,0.223214285,0.008928571,0.04,,,,,,,,,0.0,,,,,,,,261.2
Joe Malay,1008014,118189.0,,NYG,0.0488729745041035,,0.04,0.4853757676175464,0.0,-0.0028519546613097,,,,,475.84327167520416,0.9318619966506958,,,,,2.0,1.0,1.0,1.0,0.0,1.0,1,1,1,0,0,0,0,1,1,1,0,0,0,0,,0.0,0.0,0.0,0.0,,,,,,,,,,,,,,,,,
Woody Upchurch,1013287,123571.0,P,PHA,0.0441495400247219,,-0.04,-0.21956219576051,0.4410504996776581,-0.0028519546613097,,,,,78.17089484285945,0.3183529036385672,,,,,0.714285713,0.428571428,0.285714285,0.285714285,0.142857143,0.4,3,7,7,0,1,0,1,3,2,1,1,0,0,0,,2.0,0.285714285,0.0,0.0,,,,,,,,,0.0,,,,,,,,21.1
Ted Petoskey,1010243,120473.0,OF,CIN,0.0428880101877136,,0.05,0.3322971588461541,-0.0555555559694767,0.1942960936576128,,,,,121.24695893671532,0.3727447986602783,,,,,0.8,0.4,0.4,0.4,0.0,0.5,4,5,5,0,0,0,0,2,2,2,0,0,1,0,,1.0,0.2,0.0,0.0,,,,,,,,,0.0,,,,,,,,0.0
Doc Farrell,1003941,114020.0,2B,BOS,0.0425907086460958,,0.07,0.0457286540967458,0.1234567910432815,-0.0057039093226194,,,,,104.5331774630351,0.3714850172400474,,,,,0.803571428,0.428571428,0.375,0.285714285,0.142857143,0.285714285,4,8,7,1,1,0,1,3,2,1,1,0,0,1,,0.0,0.0,0.125,1.0,,,,,,,,,0.0,,,,,,,,0.0
Andy Porter,1016172,,P,CEG,0.0421766166135773,,0.0,-0.8303957169369489,0.8190937638282776,-0.0114078186452388,,,,,56.899857773720186,0.2867267682002141,,,,,0.615384614,0.307692307,0.307692307,0.307692307,0.0,,8,13,13,0,2,0,0,4,4,4,0,0,0,0,,,,0.0,,,,,,,,,,0.0,,,,,,,,34.2
Bob Poser,1010463,120695.0,P,SLB,0.0394522895408395,,0.04,-0.171016266846661,0.3780432641506195,-0.0057039093226194,,,,,80.57287177181539,0.3350543618202209,,,,,0.65,0.25,0.4,0.25,0.0,0.333333333,4,6,4,0,0,0,0,1,1,1,0,0,0,1,,1.0,0.166666666,0.166666666,1.0,,,,,,,,,0.0,,,,,,,,13.2
Bill Conroy,1002542,112600.0,C,PHA,0.0393781677982725,,-0.11,0.2110389758288875,0.0308641977608203,-0.0028519546613097,,,,,130.16316453807377,0.4080036282539367,,,,,0.9,0.5,0.4,0.25,0.25,0.25,1,5,4,0,0,0,1,2,1,0,1,0,0,1,,0.0,0.0,0.2,1.0,,,,,,,,,0.0,,,,,,,,0.0
John Mihalic,1008851,119040.0,SS,WAS,0.0389257064556992,,-0.01,-0.810972498838185,0.3703703582286834,0.1885921843349933,,,,,70.63336407027833,0.3016820251941681,,,,,0.655303029,0.363636363,0.291666666,0.227272727,0.136363636,0.263157894,6,24,22,4,6,0,3,8,5,2,3,0,1,2,,3.0,0.125,0.083333333,0.666666666,,,,,,,,,0.0,,,,,,,,0.0
Les Scarsella,1011500,121751.0,1B,CIN,0.038715462719042,,0.06,0.0291057562890863,-0.086419753730297,-0.0114078186452388,,,,,102.39906248280126,0.3429769048323998,,,,,0.684615384,0.3,0.384615384,0.2,0.1,0.222222222,6,13,10,4,0,0,1,3,2,1,1,0,0,3,,1.0,0.076923076,0.23076923,3.0,,,,,,,,,0.0,,,,,,,,0.0
Obie Lackey,1015711,,2B,PS,0.0386267841967486,,0.0,-1.5500079763650576,1.1851851791143415,-0.0171117279678583,,,,,47.56426779906277,0.2701359897851944,,,,,0.563157894,0.263157894,0.3,0.263157894,0.0,,5,20,19,1,0,0,0,5,5,5,0,0,0,1,,,,0.05,,,,,,,,,,1.0,,,,,,,,43.0
Paul Gibson,1015244,,P,ND,0.0382562352392322,,0.0,0.309766047649309,0.0630072131752967,-0.0028519546613097,,,,,313.87427710768384,0.7434098124504089,,,,,1.0,0.0,1.0,0.0,0.0,,1,1,0,0,0,0,0,0,0,0,0,0,0,1,,,,1.0,,,,,,,,,,0.0,,,,,,,,2.0
Clint Brown,1001504,111538.0,P,CLE,0.0370162126849853,,0.08,-0.7890602234680536,0.756086528301239,-0.0114078186452388,,,,,54.306038545086246,0.2792119681835174,,,,,0.533333333,0.2,0.333333333,0.2,0.0,0.2,23,12,10,1,0,0,0,2,2,2,0,0,0,2,,0.0,0.0,0.166666666,2.0,,,,,,,,,0.0,,,,,,,,49.0
Milt Galatzer,1004442,114528.0,OF,CLE,0.0362772075242365,,0.36,-2.060751701889562,-7.987654209136963,-1.763043195940554,,,,,99.30491352518372,0.3568039212275196,,,,,0.747586872,0.359073359,0.388513513,0.301158301,0.057915058,0.310756972,93,302,259,45,19,0,12,93,78,66,9,3,4,35,,8.0,0.026490066,0.115894039,4.375,,,,,,,,,-5.0,,,,,,,,0.0
Al Cuccinello,1002847,112910.0,2B,NYG,0.0353356830259082,,0.11,-7.402434403210273,1.5185184478759766,-0.091262549161911,,,,,67.4669160722137,0.2868826470914341,,,,,0.637662336,0.375757575,0.261904761,0.248484848,0.127272727,0.262411347,54,173,165,27,20,4,12,62,41,29,7,1,0,1,,20.0,0.115606936,0.005780346,0.05,,,,,,,,,0.0,,,,,,,,0.0
Charlie Moss,1009248,119443.0,C,PHA,0.0350941381271867,,0.06,0.2009875128358074,0.0308641977608203,-0.0057039093226194,,,,,136.43485116973451,0.4188179522752762,,,,,0.833333333,0.333333333,0.5,0.333333333,0.0,0.333333333,4,4,3,1,1,0,0,1,1,1,0,0,0,1,,0.0,0.0,0.25,1.0,,,,,,,,,0.0,,,,,,,,0.0
Clyde Hatter,1005494,115610.0,P,DET,0.0347272243826131,,0.03,-0.714813665113661,0.6930793523788452,-0.0085558639839291,,,,,54.72847643135447,0.2795585989952087,,,,,0.6,0.3,0.3,0.3,0.0,0.5,8,11,10,1,1,0,0,3,3,3,0,0,0,0,,4.0,0.363636363,0.0,0.0,,,,,,,,,0.0,,,,,,,,33.1
Italo Chelini,1002175,112229.0,P,CHW,0.034343779798829,,0.04,0.1691639384554548,0.1260144263505935,-0.0028519546613097,,,,,160.64473696188898,0.4659309983253479,,,,,1.0,0.5,0.5,0.5,0.0,0.5,2,2,2,1,0,0,0,1,1,1,0,0,0,0,,0.0,0.0,0.0,0.0,,,,,,,,,0.0,,,,,,,,5.0
Ted Lyons,1007887,118055.0,P,CHW,0.0332320747519696,,0.08,-8.427373260268237,5.607641696929932,-0.0513351839035749,,,,,33.64048947237918,0.246936465418616,,,,,0.524106635,0.268292682,0.255813953,0.219512195,0.048780487,0.23076923,29,89,82,5,6,0,4,22,18,14,4,0,0,3,,4.0,0.04494382,0.033707865,0.75,,,,,,,,,0.0,,,,,,,,190.2
Larry Benton,1000855,110883.0,P,BSN,0.0322261095991295,,0.06,-1.9376418806809843,1.449165940284729,-0.0114078186452388,,,,,35.528827790819264,0.2302668633915129,,,,,0.488095238,0.25,0.238095238,0.2,0.05,0.25,29,23,20,1,1,0,1,5,4,3,1,0,0,1,,4.0,0.173913043,0.04347826,0.25,,,,,,,,,0.0,,,,,,,,72.0
Ted Radcliffe,1016200,,P,BE,0.0318232243532098,,0.0,-1.9296995957264484,1.0308641977608204,-0.0228156372904777,,,,,60.46744384478162,0.2930669170437437,,,,,0.625610948,0.322580645,0.303030303,0.258064516,0.064516129,,12,33,31,3,2,0,2,10,8,6,2,0,0,2,,,,0.06060606,,,,,,,,,,1.0,,,,,,,,65.2
Johnny Gill,1004727,114798.0,,CHC,0.031235295773743,,0.04,0.2247668803112974,0.0,0.0,,,,,157.6760364105783,0.4322027762730916,,,,,0.999999999,0.666666666,0.333333333,0.333333333,0.333333333,0.5,3,3,3,2,1,0,1,2,1,0,1,0,0,0,,1.0,0.333333333,0.0,0.0,,,,,,,,,,,,,,,,,
Buster Mills,1008953,119145.0,OF,BRO,0.0259006756287545,,-0.11,-1.5266125407516526,-0.5493826866149902,-0.0484832292422652,,,,,82.49414137498604,0.3158506916119502,,,,,0.662362637,0.339285714,0.323076923,0.214285714,0.125,0.25,17,65,56,12,7,1,4,19,12,8,2,1,0,5,,11.0,0.169230769,0.076923076,0.454545454,,,,,,,,,0.0,,,,,,,,0.0
Gene Schott,1011607,121859.0,P,CIN,0.0251555762502088,,0.01,-5.981019461392328,3.969454288482666,-0.0370754105970263,,,,,27.369588009351187,0.2244772390713767,,,,,0.471428571,0.233333333,0.238095238,0.2,0.033333333,0.255319148,36,63,60,6,2,0,2,14,12,10,2,0,0,3,,13.0,0.206349206,0.047619047,0.23076923,,,,,,,,,0.0,,,,,,,,159.0
George Caster,1002055,112103.0,P,PHA,0.0247865995237791,,0.01,-2.0049917623200155,1.449165940284729,-0.0142597733065485,,,,,38.97054427184975,0.2507593968640203,,,,,0.533596837,0.272727272,0.260869565,0.227272727,0.045454545,0.416666666,26,23,22,2,0,0,1,6,5,4,1,0,0,1,,10.0,0.434782608,0.04347826,0.1,,,,,,,,,0.0,,,,,,,,63.1
Rocky Ellis,1015107,,P,PS,0.0209529636990382,,0.0,-3.4208912659425588,2.3312668800354004,-0.0228156372904777,,,,,37.168722862046245,0.2516615084699682,,,,,0.548798798,0.305555555,0.243243243,0.222222222,0.083333333,,16,37,36,7,4,1,1,11,8,7,0,0,0,1,,,,0.027027027,,,,,,,,,,0.0,,,,,,,,98.1
Bill Ferrazzi,1004004,114084.0,P,PHA,0.0206470231450928,,0.02,0.0229937721056485,0.1260144263505935,-0.0028519546613097,,,,,109.11199118273962,0.3717049062252044,,,,,0.5,0.0,0.5,0.0,0.0,0.0,3,2,1,0,0,0,0,0,0,0,0,0,0,1,,1.0,0.5,0.5,1.0,,,,,,,,,0.0,,,,,,,,7.0
Bill McGee,1008507,118693.0,P,STL,0.0193568973701016,,0.02,-0.0910196140247366,0.1890216320753097,-0.0028519546613097,,,,,77.37584325307346,0.3106206655502319,,,,,0.666666666,0.333333333,0.333333333,0.333333333,0.0,0.333333333,1,3,3,0,0,0,0,1,1,1,0,0,0,0,,0.0,0.0,0.0,0.0,,,,,,,,,0.0,,,,,,,,9.0
Hal Warnock,1013638,123945.0,OF,SLB,0.019218076144657,,0.05,0.0109782273560797,-0.0555555559694767,0.0,,,,,101.10583089280568,0.3704595225197928,,,,,0.857142856,0.571428571,0.285714285,0.285714285,0.285714286,0.5,6,7,7,1,0,0,2,4,2,0,2,0,0,0,,3.0,0.428571428,0.0,0.0,,,,,,,,,0.0,,,,,,,,0.0
Firpo Marberry,1008100,118277.0,P,DET,0.018684651873663,,0.03,-0.3926460387149991,0.3780432641506195,-0.0057039093226194,,,,,54.52745047508423,0.2792119681835174,,,,,0.533333333,0.2,0.333333333,0.2,0.0,0.2,5,6,5,0,0,0,0,1,1,1,0,0,0,1,,0.0,0.0,0.166666666,1.0,,,,,,,,,0.0,,,,,,,,19.0
Monte Weaver,1013702,124008.0,P,WAS,0.0178301727143968,,0.02,-0.1057417228656789,0.1890216320753097,-0.0028519546613097,,,,,75.81726193719331,0.3106206655502319,,,,,0.666666666,0.333333333,0.333333333,0.333333333,0.0,0.333333333,5,3,3,1,0,0,0,1,1,1,0,0,0,0,,0.0,0.0,0.0,0.0,,,,,,,,,0.0,,,,,,,,12.0
Allyn Stout,1012582,122842.0,P,NYG,0.0177916490675109,,0.03,-1.39729837203213,1.0081154108047483,-0.0057039093226194,,,,,33.045918963211875,0.2325189895927906,,,,,0.520833333,0.333333333,0.1875,0.133333333,0.2,0.166666666,40,16,15,1,1,1,1,5,2,1,0,0,0,1,,8.0,0.5,0.0625,0.125,,,,,,,,,0.0,,,,,,,,88.0
Stew Bowers,1001255,111293.0,P,BOS,0.0158880309180997,,0.0,-0.4224912466446103,0.3780432641506195,-0.0057039093226194,,,,,51.0201102488034,0.2792119681835174,,,,,0.533333333,0.2,0.333333333,0.2,0.0,0.333333333,11,6,5,1,0,0,0,1,1,1,0,0,0,1,,2.0,0.333333333,0.166666666,0.5,,,,,,,,,0.0,,,,,,,,23.2
Lefty Mellix,1015914,,P,HG,0.0152370677421942,,0.0,-0.1328917130666753,0.1890216320753097,-0.0028519546613097,,,,,70.3448947078751,0.3106206655502319,,,,,0.666666666,0.333333333,0.333333333,0.333333333,0.0,,3,3,3,1,0,0,0,1,1,1,0,0,0,0,,,,0.0,,,,,,,,,,0.0,,,,,,,,9.0
Dino Chiozza,1002193,112246.0,SS,PHI,0.0115684182784897,,0.0,0.0,0.1234567910432815,0.0,,,,,,0.0,,,,,0.0,0.0,0.0,0.0,0.0,0.0,2,0,0,1,0,0,0,0,0,0,0,0,0,0,,0.0,0.0,0.0,0.0,,,,,,,,,0.0,,,,,,,,0.0
Fermín Valdés,1016625,,2B,NYC,0.0112012855370454,,0.0,-1.324184003317878,1.0925925895571709,0.0,,,,,-13.240798024233866,0.1620760411024093,,,,,0.375,0.25,0.125,0.125,0.125,,2,8,8,0,1,0,1,2,1,0,1,0,0,0,,,,0.0,,,,,,,,,,1.0,,,,,,,,16.2
Skinny Graham,1004936,115019.0,OF,BOS,0.0107807017548366,,0.01,-0.1908690150331056,-0.086419753730297,0.1885921843349933,,,,,75.67632300400766,0.3217268911274997,,,,,0.663636363,0.3,0.363636363,0.3,0.0,0.428571428,8,11,10,1,1,0,0,3,3,3,0,0,1,1,,3.0,0.272727272,0.09090909,0.333333333,,,,,,,,,0.0,,,,,,,,0.0
John Kroner,1007172,117326.0,3B,BOS,0.0097572014815963,,0.01,-0.1469125061273617,0.0370370373129844,-0.0057039093226194,,,,,83.40549032065681,0.3350543618202209,,,,,0.65,0.25,0.4,0.25,0.0,0.333333333,2,6,4,1,0,0,0,1,1,1,0,0,0,1,,1.0,0.166666666,0.166666666,1.0,,,,,,,,,0.0,,,,,,,,0.0
George Earnshaw,1003633,113700.0,P,- - -,0.0077309126485068,,-0.02,-6.857170723258988,4.410504877567291,-0.0427793199196457,,,,,25.638559815752703,0.2266817312030231,,,,,0.48902546,0.253731343,0.235294117,0.223880597,0.029850746,0.272727272,28,70,67,5,8,0,1,17,15,14,0,1,0,1,,12.0,0.171428571,0.014285714,0.083333333,,,,,,,,,0.0,,,,,,,,184.0
Bobby Reis,1010813,121048.0,OF,BRO,0.0071317300139177,,-0.11,-3.568395657767528,0.2839506268501282,0.3372570034116506,,,,,66.96026389928025,0.2913168760446402,,,,,0.62611506,0.329411764,0.296703296,0.247058823,0.082352941,0.291666666,52,91,85,10,4,0,5,28,21,16,3,2,2,6,,13.0,0.142857142,0.065934065,0.461538461,,,,,,,,,1.0,,,,,,,,41.1
Phil Weintraub,1013741,124047.0,1B,NYG,0.0027388925828671,,-0.16,-1.3815553233167208,-3.1234567165374756,-0.1055223224684596,,,,,92.38523438294553,0.3262380125910736,,,,,0.689299556,0.348214285,0.341085271,0.241071428,0.107142857,0.265306122,64,129,112,18,6,1,7,39,27,20,3,3,0,17,,13.0,0.100775193,0.131782945,1.307692307,,,,,,,,,-2.0,,,,,,,,0.0
Steel Arm Davis,1015002,,1B,CAG,0.0006109995163586,,0.0,-1.427719864735115,-2.296296238899231,-0.0827066851779818,,,,,91.4002201560642,0.3480392154132094,,,,,0.752044392,0.40625,0.345794392,0.270833333,0.135416667,,30,107,96,11,22,2,8,39,26,18,5,1,0,8,,,,0.074766355,,,,,,,,,,-1.0,,,,,,,,342.29999999999995
Tony Kaufmann,1006718,116863.0,P,STL,0.0,,0.01,0.0,0.0,0.0,,,,,,0.0,,,,,0.0,0.0,0.0,0.0,0.0,0.0,7,0,0,2,0,0,0,0,0,0,0,0,0,0,,0.0,0.0,0.0,0.0,,,,,,,,,0.0,,,,,,,,3.2
Lou Legett,1007480,117632.0,,BOS,0.0,,0.0,0.0,0.0,0.0,,,,,,0.0,,,,,0.0,0.0,0.0,0.0,0.0,0.0,2,0,0,1,0,0,0,0,0,0,0,0,0,0,,0.0,0.0,0.0,0.0,,,,,,,,,,,,,,,,,
Steve Swetonic,1012785,123050.0,,PIT,0.0,,0.0,0.0,0.0,0.0,,,,,,0.0,,,,,0.0,0.0,0.0,0.0,0.0,0.0,1,0,0,1,0,0,0,0,0,0,0,0,0,0,,0.0,0.0,0.0,0.0,,,,,,,,,,,,,,,,,
Jim Hayes,1005529,115642.0,P,WAS,-5.91681319331e-05,,0.0,-0.9873754996749972,0.6300721168518066,-0.0057039093226194,,,,,30.78172684954407,0.2329654991626739,,,,,0.5,0.25,0.25,0.25,0.0,0.285714285,7,10,8,0,1,0,0,2,2,2,0,0,0,0,,1.0,0.1,0.0,0.0,,,,,,,,,0.0,,,,,,,,28.0
Denny Galehouse,1004443,114530.0,P,CLE,-0.0018291767036267,,0.0,-0.4142183890543666,0.2520288527011871,-0.0028519546613097,,,,,27.485743448766943,0.2329654991626739,,,,,0.5,0.25,0.25,0.25,0.0,0.333333333,5,4,4,0,0,0,0,1,1,1,0,0,0,0,,1.0,0.25,0.0,0.0,,,,,,,,,0.0,,,,,,,,13.0
Hugh Shelley,1011858,122118.0,OF,DET,-0.0023919585261752,,0.02,-0.1970134667704573,-0.1851851791143417,-0.0114078186452388,,,,,86.91283054693764,0.3350543618202209,,,,,0.65,0.25,0.4,0.25,0.0,0.285714285,7,10,8,1,1,0,0,2,2,2,0,0,0,2,,1.0,0.1,0.2,2.0,,,,,,,,,0.0,,,,,,,,0.0
Joe Glenn,1004782,114871.0,C,NYY,-0.0025667269055706,,-0.11,-2.268911512852372,0.4938271641731262,-0.0285195466130971,,,,,67.76093303456422,0.2925796711698492,,,,,0.623453735,0.325581395,0.29787234,0.232558139,0.093023256,0.238095238,17,49,43,7,6,0,4,14,10,6,4,0,0,4,,1.0,0.020408163,0.081632653,4.0,,,,,,,,,0.0,,,,,,,,0.0
Nish Williams,1016765,,C,CEG,-0.0080486228613699,,0.0,-5.05968077856464,1.7122507095336914,-0.0655949572101235,,,,,62.0372152111326,0.2958566420608096,,,,,0.624364123,0.313253012,0.311111111,0.253012048,0.060240964,,25,90,83,8,8,0,5,26,21,16,5,0,0,6,,,,0.066666666,,,,,,,,,,1.0,,,,,,,,183.2
Rod Dedeaux,1003131,113191.0,SS,BRO,-0.0092094800294252,,-0.01,-0.3665026059351649,0.1234567910432815,-0.0028519546613097,,,,,30.014394776869707,0.2329654991626739,,,,,0.5,0.25,0.25,0.25,0.0,0.25,2,4,4,0,1,0,0,1,1,1,0,0,0,0,,0.0,0.0,0.0,0.0,,,,,,,,,0.0,,,,,,,,0.0
Heinie Schuble,1011621,121873.0,3B,DET,-0.0114846747150852,,0.04,-0.5114690737602434,0.0679012313485145,-0.0085558639839291,,,,,60.59919713886089,0.2896815339724223,,,,,0.583333333,0.25,0.333333333,0.25,0.0,0.25,11,9,8,3,0,0,0,2,2,2,0,0,0,1,,0.0,0.0,0.111111111,1.0,,,,,,,,,0.0,,,,,,,,0.0
Mel Mazzera,1008317,118498.0,OF,SLB,-0.0121438857690064,,-0.01,-1.0027765544847542,-0.3395061790943146,-0.0228156372904777,,,,,79.67716102227095,0.333509879953721,,,,,0.723529411,0.4,0.323529411,0.233333333,0.166666667,0.3,12,34,30,4,2,1,3,12,7,4,2,0,0,4,,9.0,0.264705882,0.117647058,0.444444444,,,,,,,,,0.0,,,,,,,,0.0
Red Marion,1008109,118285.0,OF,WAS,-0.0136367025342121,,-0.01,-0.4391029853297292,-0.0987654328346252,0.0,,,,,71.85325087012254,0.3037854866548018,,,,,0.727272726,0.545454545,0.181818181,0.181818181,0.363636364,0.125,4,11,11,1,1,1,2,6,2,0,1,0,0,0,,2.0,0.181818181,0.0,0.0,,,,,,,,,0.0,,,,,,,,0.0
Bill Harvey,1015384,,P,PC,-0.0140214514608894,,0.0,-0.9304758810664396,0.0,-0.0228156372904777,,,,,71.77426864530105,0.3131608827547593,,,,,0.626794257,0.263157894,0.363636363,0.263157894,0.0,,15,22,19,3,1,0,0,5,5,5,0,0,0,3,,,,0.136363636,,,,,,,,,,0.0,,,,,,,,51.2
Earl Huckleberry,1006127,116254.0,P,PHA,-0.0157338453986981,,-0.01,-0.5626073681082592,0.2520288527011871,-0.0028519546613097,,,,,1.328245906786811,0.1858524531126022,,,,,0.25,0.0,0.25,0.0,0.0,0.0,1,4,3,1,0,0,0,0,0,0,0,0,0,1,,2.0,0.5,0.25,0.5,,,,,,,,,0.0,,,,,,,,6.2
Roy Joiner,1006516,116652.0,P,CHC,-0.0169943755140064,,-0.02,-0.2805600112442677,0.0630072131752967,0.0,,,,,-100.0,0.0,,,,,0.0,0.0,0.0,0.0,0.0,0.0,2,1,1,0,0,0,0,0,0,0,0,0,0,0,,0.0,0.0,0.0,0.0,,,,,,,,,0.0,,,,,,,,3.1
Art Bramhall,1001339,111377.0,3B,PHI,-0.0171293789900145,,-0.03,-0.2992404496435826,0.0802469104528427,0.0,,,,,-100.0,0.0,,,,,0.0,0.0,0.0,0.0,0.0,0.0,2,1,1,0,0,0,0,0,0,0,0,0,0,0,,0.0,0.0,0.0,0.0,,,,,,,,,0.0,,,,,,,,0.0
Harry Eisenstat,1003717,113787.0,P,BRO,-0.0171784443160443,,-0.02,-0.2825243717198079,0.0630072131752967,0.0,,,,,-100.0,0.0,,,,,0.0,0.0,0.0,0.0,0.0,0.0,2,1,1,0,0,0,0,0,0,0,0,0,0,0,,0.0,0.0,0.0,0.0,,,,,,,,,0.0,,,,,,,,4.2
Frank Lamanske,1007268,117426.0,P,BRO,-0.0171784443160443,,-0.02,-0.2825243717198079,0.0630072131752967,0.0,,,,,-100.0,0.0,,,,,0.0,0.0,0.0,0.0,0.0,0.0,2,1,1,0,0,0,0,0,0,0,0,0,0,0,,0.0,0.0,0.0,0.0,,,,,,,,,0.0,,,,,,,,3.2
Claude Passeau,1010046,120274.0,P,PIT,-0.0172485428252057,,-0.02,-0.2832724547152226,0.0630072131752967,0.0,,,,,-100.0,0.0,,,,,0.0,0.0,0.0,0.0,0.0,0.0,1,1,1,0,0,0,0,0,0,0,0,0,0,0,,1.0,1.0,0.0,0.0,,,,,,,,,0.0,,,,,,,,3.0
Bud Tinning,1013076,123354.0,P,STL,-0.0173983799070157,,-0.02,-0.2848714983229344,0.0630072131752967,0.0,,,,,-100.0,0.0,,,,,0.0,0.0,0.0,0.0,0.0,0.0,4,1,1,0,0,0,0,0,0,0,0,0,0,0,,0.0,0.0,0.0,0.0,,,,,,,,,0.0,,,,,,,,7.2
Ches Buchanan,1014742,,P,PS,-0.0187716564496515,,0.0,-0.2988288646702473,0.0630072131752967,0.0,,,,,-100.0,0.0,,,,,0.0,0.0,0.0,0.0,0.0,,1,1,1,0,0,0,0,0,0,0,0,0,0,0,,,,0.0,,,,,,,,,,0.0,,,,,,,,3.1
Jimmy Reese,1016220,,P,BE,-0.0187716564496515,,0.0,-0.2988288646702473,0.0630072131752967,0.0,,,,,-100.0,0.0,,,,,0.0,0.0,0.0,0.0,0.0,,3,1,1,0,0,0,0,0,0,0,0,0,0,0,,,,0.0,,,,,,,,,,0.0,,,,,,,,3.0
(Unknown) Rose,1016296,,P,HG,-0.0187716564496515,,0.0,-0.2988288646702473,0.0630072131752967,0.0,,,,,-100.0,0.0,,,,,0.0,0.0,0.0,0.0,0.0,,1,1,1,0,0,0,0,0,0,0,0,0,0,0,,,,0.0,,,,,,,,,,0.0,,,,,,,,3.0
Lefty Williams,1016757,,P,HG,-0.0187716564496515,,0.0,-0.2988288646702473,0.0630072131752967,0.0,,,,,-100.0,0.0,,,,,0.0,0.0,0.0,0.0,0.0,,1,1,1,0,0,0,0,0,0,0,0,0,0,0,,,,0.0,,,,,,,,,,0.0,,,,,,,,2.2
Roy S. Williams,1016768,,P,HG,-0.0187716564496515,,0.0,-0.2988288646702473,0.0630072131752967,0.0,,,,,-100.0,0.0,,,,,0.0,0.0,0.0,0.0,0.0,,1,1,1,0,0,0,0,0,0,0,0,0,0,0,,,,0.0,,,,,,,,,,0.0,,,,,,,,6.2
George Pipgras,1010363,120593.0,P,BOS,-0.0187819828606304,,0.01,-0.2991135066513722,0.0630072131752967,0.0,,,,,-100.0,0.0,,,,,0.0,0.0,0.0,0.0,0.0,0.0,5,1,0,0,0,0,0,0,0,0,0,0,0,0,,0.0,0.0,0.0,0.0,,,,,,,,,0.0,,,,,,,,5.0
Herman Fink,1004053,114131.0,P,PHA,-0.0194001342683284,,-0.02,-0.7004079695907027,0.3150360584259033,-0.0028519546613097,,,,,1.6297848411921698,0.1863723993301391,,,,,0.4,0.2,0.2,0.2,0.0,0.25,5,5,5,0,0,0,0,1,1,1,0,0,0,0,,1.0,0.2,0.0,0.0,,,,,,,,,0.0,,,,,,,,15.2
Bubber Jonnard,1006602,116742.0,C,PHI,-0.0217567459523351,,-0.03,-0.2992404496435826,0.0308641977608203,0.0,,,,,-100.0,0.0,,,,,0.0,0.0,0.0,0.0,0.0,0.0,1,1,1,0,0,0,0,0,0,0,0,0,0,0,,1.0,1.0,0.0,0.0,,,,,,,,,0.0,,,,,,,,0.0
Henry Coppola,1002605,112663.0,P,WAS,-0.0226675886971837,,-0.13,-2.0180450926361817,1.134129762649536,-0.0142597733065485,,,,,21.50658522365391,0.2169722914695739,,,,,0.349206348,0.071428571,0.277777777,0.071428571,0.0,0.25,19,18,14,2,0,0,0,1,1,1,0,0,0,4,,10.0,0.555555555,0.222222222,0.4,,,,,,,,,0.0,,,,,,,,59.1
Carl Howard,1015488,,,BE,-0.0246756961579108,,0.0,-0.2988288646702473,0.0,0.0,,,,,-100.0,0.0,,,,,0.0,0.0,0.0,0.0,0.0,,3,1,1,1,0,0,0,0,0,0,0,0,0,0,,,,0.0,,,,,,,,,,,,,,,,,,
Al Blanche,1001040,111069.0,P,BSN,-0.0262432960531366,,-0.02,-0.8752536149950123,0.3780432641506195,-0.0028519546613097,,,,,-11.930792153114494,0.1553103327751159,,,,,0.333333332,0.166666666,0.166666666,0.166666666,0.0,0.166666666,6,6,6,0,0,0,0,1,1,1,0,0,0,0,,0.0,0.0,0.0,0.0,,,,,,,,,0.0,,,,,,,,17.1
Paul Richards,1010918,121150.0,C,- - -,-0.0262542955725146,,-0.63,-12.192685581485389,1.5617283135652542,-0.2138965995982289,,,,,71.1451673905556,0.3057874017476205,,,,,0.6507536,0.33716475,0.31358885,0.245210727,0.091954023,0.245901639,92,292,261,31,29,4,15,88,64,49,10,1,0,26,,13.0,0.044520547,0.089041095,2.0,,,,,,,,,-1.0,,,,,,,,0.0
Walter Hilcher,1005801,115923.0,P,CIN,-0.0295250632570642,,-0.02,-0.9102762462825872,0.3780432641506195,-0.0028519546613097,,,,,-16.424262353303263,0.1553103327751159,,,,,0.333333332,0.166666666,0.166666666,0.166666666,0.0,0.2,4,6,6,0,0,0,0,1,1,1,0,0,0,0,,1.0,0.166666666,0.0,0.0,,,,,,,,,0.0,,,,,,,,19.1
Hugh Casey,1002039,112083.0,P,CHC,-0.0304142166910402,,-0.04,-0.9197651865215396,0.3780432641506195,-0.0028519546613097,,,,,-17.641711432014628,0.1553103327751159,,,,,0.333333332,0.166666666,0.166666666,0.166666666,0.0,0.333333333,13,6,6,1,0,0,0,1,1,1,0,0,0,0,,3.0,0.5,0.0,0.0,,,,,,,,,0.0,,,,,,,,25.2
Bobby Burke,1001676,111728.0,P,WAS,-0.0306737981329512,,-0.04,-2.794207305149866,1.5751802921295166,-0.0171117279678583,,,,,21.67410685387911,0.2172611504793167,,,,,0.431818181,0.181818181,0.25,0.181818181,0.0,0.210526315,16,25,22,1,0,0,0,4,4,4,0,0,0,2,,3.0,0.12,0.08,0.666666666,,,,,,,,,0.0,,,,,,,,66.1
Earl Caldwell,1001829,111873.0,P,SLB,-0.0321830204957657,,-0.03,-1.6262206823026628,0.8190937638282776,-0.0085558639839291,,,,,12.2595766079777,0.2172611504793167,,,,,0.431818181,0.181818181,0.25,0.181818181,0.0,0.333333333,6,13,11,1,0,0,0,2,2,2,0,0,0,1,,5.0,0.384615384,0.076923076,0.2,,,,,,,,,0.0,,,,,,,,36.2
Whitey Ock,1009707,119914.0,C,BRO,-0.0324099398387083,,-0.05,-0.5215025745596752,0.0308641977608203,-0.0028519546613097,,,,,0.1842086469859316,0.1858524531126022,,,,,0.25,0.0,0.25,0.0,0.0,0.0,1,4,3,0,0,0,0,0,0,0,0,0,0,1,,2.0,0.5,0.25,0.5,,,,,,,,,0.0,,,,,,,,0.0
Debs Garms,1004540,114624.0,OF,SLB,-0.033895774644084,,-0.03,-0.88165425336263,-0.086419753730297,-0.0171117279678583,,,,,64.14151171803528,0.3067216242060941,,,,,0.619607842,0.266666666,0.352941176,0.266666666,0.0,0.307692307,10,17,15,1,0,0,0,4,4,4,0,0,0,2,,2.0,0.117647058,0.117647058,1.0,,,,,,,,,0.0,,,,,,,,0.0
Norbert Kleinke,1006994,117145.0,P,STL,-0.0347967598140315,,-0.04,-0.5697429966458688,0.1260144263505935,0.0,,,,,-100.0,0.0,,,,,0.0,0.0,0.0,0.0,0.0,0.0,4,2,2,0,0,0,0,0,0,0,0,0,0,0,,2.0,1.0,0.0,0.0,,,,,,,,,0.0,,,,,,,,12.2
Neck Stanley,1016476,,P,NYC,-0.0357316797414606,,0.0,-2.7453234350460463,1.512173056602478,-0.0171117279678583,,,,,22.230125593195876,0.2251133248209953,,,,,0.467391304,0.217391304,0.25,0.217391304,0.0,,15,24,23,0,0,0,0,5,5,5,0,0,0,1,,,,0.041666666,,,,,,,,,,0.0,,,,,,,,65.2
Al McLean,1008621,118805.0,P,WAS,-0.035814576251168,,-0.04,-0.5795577358731637,0.1260144263505935,0.0,,,,,-100.0,0.0,,,,,0.0,0.0,0.0,0.0,0.0,0.0,4,2,2,0,0,0,0,0,0,0,0,0,0,0,,1.0,0.5,0.0,0.0,,,,,,,,,0.0,,,,,,,,8.2
Wedo Martini,1008202,118384.0,P,PHA,-0.0363808685437909,,-0.03,-0.5856011402139077,0.1260144263505935,0.0,,,,,-100.0,0.0,,,,,0.0,0.0,0.0,0.0,0.0,0.0,3,2,2,0,0,0,0,0,0,0,0,0,0,0,,0.0,0.0,0.0,0.0,,,,,,,,,0.0,,,,,,,,6.1
Leroy Matlock,1015848,,P,PC,-0.0370474544710176,,0.0,-0.2355552693949793,-1.086419753730297,0.1771843656897544,,,,,89.9153062163745,0.3454002950872694,,,,,0.741758241,0.384615384,0.357142857,0.307692307,0.076923077,,12,28,26,4,4,0,2,10,8,6,2,0,1,2,,,,0.071428571,,,,,,,,,,-1.0,,,,,,,,75.2
Tom Glover,1015268,,P,CEG,-0.0375433128993031,,0.0,-0.5976577293404947,0.1260144263505935,0.0,,,,,-100.0,0.0,,,,,0.0,0.0,0.0,0.0,0.0,,2,2,2,0,0,0,0,0,0,0,0,0,0,0,,,,0.0,,,,,,,,,,0.0,,,,,,,,4.0
Willie Foster,1015189,,P,CAG,-0.0378404132968008,,0.0,-3.752827376165341,2.142245292663574,-0.0256675919517874,,,,,25.003038982205897,0.2300412181545706,,,,,0.458254269,0.193548387,0.264705882,0.193548387,0.0,,12,34,31,2,2,0,0,6,6,6,0,0,0,3,,,,0.088235294,,,,,,,,,,0.0,,,,,,,,82.1
Nick Tremark,1013174,123455.0,OF,BRO,-0.0392880532221134,,0.05,-0.7531096158255202,-0.1728395074605941,-0.0085558639839291,,,,,59.05957327745854,0.2788387238979339,,,,,0.593406592,0.307692307,0.285714285,0.23076923,0.076923077,0.25,10,14,13,1,3,0,1,4,3,2,1,0,0,1,,1.0,0.071428571,0.071428571,1.0,,,,,,,,,0.0,,,,,,,,0.0
Ed Brandt,1001348,111387.0,P,BSN,-0.0396466209995004,,0.06,-6.672580842767906,3.969454288482666,-0.039927365258336,,,,,18.95408998705603,0.2040891391890389,,,,,0.431899641,0.209677419,0.222222222,0.209677419,0.0,0.220338983,31,63,62,5,2,0,0,13,13,13,0,0,0,1,,3.0,0.047619047,0.015873015,0.333333333,,,,,,,,,0.0,,,,,,,,174.2
Fabian Kowalik,1007127,117280.0,P,CHC,-0.0402595214366497,,-0.05,-1.917615525831816,0.94510817527771,-0.0085558639839291,,,,,2.02560589513088,0.1863723993301391,,,,,0.4,0.2,0.2,0.2,0.0,0.23076923,20,15,15,1,1,0,0,3,3,3,0,0,0,0,,2.0,0.133333333,0.0,0.0,,,,,,,,,0.0,,,,,,,,55.0
Dick Lanahan,1007286,117443.0,P,WAS,-0.041829098744435,,-0.05,-1.1371160553444437,0.4410504996776581,-0.0028519546613097,,,,,-14.253808238105153,0.1553103327751159,,,,,0.333333332,0.166666666,0.166666666,0.166666666,0.0,0.25,3,7,6,0,0,0,0,1,1,1,0,0,0,0,,2.0,0.285714285,0.0,0.0,,,,,,,,,0.0,,,,,,,,20.2
Willie Kamm,1006683,116825.0,3B,CLE,-0.0427633325202409,,-0.09,-1.1724488048778658,0.0740740746259689,-0.4709701035171747,,,,,72.52127853641619,0.3106206655502319,,,,,0.666666666,0.333333333,0.333333333,0.333333333,0.0,0.352941176,6,18,18,2,1,0,0,6,6,6,0,0,0,0,,1.0,0.055555555,0.0,0.0,,,,,,,,,0.0,,,,,,,,0.0
Jack Owens,1009921,120142.0,C,PHA,-0.0438675071233941,,-0.12,-0.8152147989674978,0.0617283955216407,-0.0057039093226194,,,,,28.651105893781704,0.2329654991626739,,,,,0.5,0.25,0.25,0.25,0.0,0.285714285,2,8,8,0,1,0,0,2,2,2,0,0,0,0,,1.0,0.125,0.0,0.0,,,,,,,,,0.0,,,,,,,,0.0
Bert Hunter,1015514,,P,PC,-0.0456386372121927,,0.0,-4.328548932532073,2.4572813510894775,-0.0228156372904777,,,,,24.46867741658966,0.2290915755125192,,,,,0.48076923,0.25,0.23076923,0.166666666,0.083333334,,15,39,36,5,5,1,1,9,6,5,0,0,0,3,,,,0.076923076,,,,,,,,,,0.0,,,,,,,,87.0
Thornton Lee,1007468,117615.0,P,CLE,-0.0485876070482362,,-0.13,-7.228381021789853,4.284490585327148,-0.039927365258336,,,,,25.46142218669958,0.2294749443347637,,,,,0.475662042,0.229508196,0.246153846,0.196721311,0.032786885,0.272727272,32,68,61,6,7,0,2,14,12,10,2,0,0,3,,17.0,0.25,0.044117647,0.176470588,,,,,,,,,0.0,,,,,,,,180.2
Bud Mitchell,1015957,,P,CEG,-0.0493513923158217,,0.0,-0.5976577293404947,0.0,0.0,,,,,-100.0,0.0,,,,,0.0,0.0,0.0,0.0,0.0,,1,2,2,0,0,0,0,0,0,0,0,0,0,0,,,,0.0,,,,,,,,,,0.0,,,,,,,,4.2
Frank Duncan,1015087,,C,NYC,-0.049468725637794,,0.0,-10.207040093151146,5.080246925354004,-0.0855586398392915,,,,,43.24177254705307,0.2624542512854592,,,,,0.534591667,0.247706422,0.286885245,0.201834862,0.04587156,,35,122,109,10,16,0,5,27,22,17,5,0,0,12,,,,0.098360655,,,,,,,,,,4.0,,,,,,,,286.0
Rip Radcliff,1010634,120870.0,OF,CHW,-0.0504935212915407,,0.66,-10.190580095935108,-14.135802268981934,-1.5544529212638736,,,,,91.0712802426337,0.3459648794111084,,,,,0.750082617,0.404494382,0.345588235,0.285714285,0.118780097,0.283783783,146,682,623,95,68,10,46,252,178,132,28,8,4,53,,21.0,0.030791788,0.077712609,2.523809523,,,,,,,,,-8.0,,,,,,,,0.0
Clyde Shoun,1011934,122193.0,P,CHC,-0.0509831272401699,,-0.05,-0.8416800337328032,0.1890216320753097,0.0,,,,,-100.0,0.0,,,,,0.0,0.0,0.0,0.0,0.0,0.0,5,3,3,0,0,0,0,0,0,0,0,0,0,0,,0.0,0.0,0.0,0.0,,,,,,,,,0.0,,,,,,,,12.2
Bill Lewis,1007577,117745.0,C,BSN,-0.0510963126545693,,-0.05,-0.757112167629676,0.0308641977608203,-0.0028519546613097,,,,,-16.12762372987601,0.1486819624900817,,,,,0.2,0.0,0.2,0.0,0.0,0.0,6,5,4,1,0,0,0,0,0,0,0,0,0,1,,1.0,0.2,0.2,1.0,,,,,,,,,0.0,,,,,,,,0.0
Burgess Whitehead,1013856,124197.0,2B,STL,-0.0519185414332016,,0.0,-19.69960561100807,5.987654209136963,0.7461760500445962,,,,,56.03520663341288,0.2769158005714416,,,,,0.593305155,0.304733727,0.288571428,0.263313609,0.041420118,0.274691358,107,358,338,45,33,0,12,103,89,77,10,2,5,11,,14.0,0.039106145,0.030726256,0.785714285,,,,,,,,,3.0,,,,,,,,0.0
Jim Winford,1014128,124449.0,P,STL,-0.0521951404191979,,-0.06,-0.8546144949688033,0.1890216320753097,0.0,,,,,-100.0,0.0,,,,,0.0,0.0,0.0,0.0,0.0,0.0,2,3,2,0,0,0,0,0,0,0,0,0,0,0,,1.0,0.333333333,0.0,0.0,,,,,,,,,0.0,,,,,,,,11.1
Huck Betts,1000933,110961.0,P,BSN,-0.0530485891501909,,0.0,-5.526030522270629,3.150360584259033,-0.0313715012744069,,,,,15.40297574452872,0.1984805986285209,,,,,0.388257575,0.159090909,0.229166666,0.159090909,0.0,0.179487179,44,50,44,1,1,0,0,7,7,7,0,0,0,3,,5.0,0.1,0.06,0.6,,,,,,,,,0.0,,,,,,,,159.2
Buck Rogers,1011129,121388.0,P,WAS,-0.0537218650749027,,-0.06,-0.8693366038097456,0.1890216320753097,0.0,,,,,-100.0,0.0,,,,,0.0,0.0,0.0,0.0,0.0,0.0,2,3,3,0,0,0,0,0,0,0,0,0,0,0,,1.0,0.333333333,0.0,0.0,,,,,,,,,0.0,,,,,,,,10.0
Sam Streeter,1016502,,P,PC,-0.0545033340966605,,0.0,-3.044152299716294,1.5751802921295166,-0.0171117279678583,,,,,17.16329715202249,0.2161087918281555,,,,,0.448333333,0.208333333,0.24,0.208333333,0.0,,11,25,24,3,1,0,0,5,5,5,0,0,0,1,,,,0.04,,,,,,,,,,0.0,,,,,,,,61.2
Tommy Thomas,1012996,123234.0,P,PHI,-0.0562344331392453,,-0.06,-0.8977213489307478,0.1890216320753097,0.0,,,,,-100.0,0.0,,,,,0.0,0.0,0.0,0.0,0.0,0.0,4,3,3,0,0,0,0,0,0,0,0,0,0,0,,1.0,0.333333333,0.0,0.0,,,,,,,,,0.0,,,,,,,,12.1
Rodolfo Fernández,1015148,,P,NYC,-0.0563149700471053,,0.0,-0.896486594010742,0.1890216320753097,0.0,,,,,-100.0,0.0,,,,,0.0,0.0,0.0,0.0,0.0,,7,3,3,0,0,0,0,0,0,0,0,0,0,0,,,,0.0,,,,,,,,,,0.0,,,,,,,,11.2
C. D. Mosley,1016000,,P,HG,-0.0563149700471053,,0.0,-0.896486594010742,0.1890216320753097,0.0,,,,,-100.0,0.0,,,,,0.0,0.0,0.0,0.0,0.0,,2,3,3,0,0,0,0,0,0,0,0,0,0,0,,,,0.0,,,,,,,,,,0.0,,,,,,,,6.0
Tex Burnett,1014755,,C,BE,-0.0574501289932993,,0.0,-0.0093634747429867,-3.9197530895471577,1.0944776954129338,,,,,92.5229586000964,0.350034494211178,,,,,0.713686661,0.317647058,0.396039603,0.282352941,0.035294117,,32,101,85,18,14,0,3,27,24,21,3,0,6,16,,,,0.158415841,,,,,,,,,,-4.0,,,,,,,,200.0
Les Munns,1009325,119522.0,P,BRO,-0.0601989956888109,,-0.06,-2.229605304684726,1.0081154108047483,-0.0085558639839291,,,,,-6.861825211528115,0.1747241243720054,,,,,0.375,0.1875,0.1875,0.1875,0.0,0.333333333,22,16,16,1,1,0,0,3,3,3,0,0,0,0,,7.0,0.4375,0.0,0.0,,,,,,,,,0.0,,,,,,,,58.1
Joe Vance,1013343,123632.0,P,CHW,-0.0615413426708382,,-0.1,-1.7421804217992314,0.6930793523788452,-0.0057039093226194,,,,,-11.30912428186261,0.1694294539364901,,,,,0.363636362,0.181818181,0.181818181,0.181818181,0.0,0.25,10,11,11,2,1,0,0,2,2,2,0,0,0,0,,3.0,0.272727272,0.0,0.0,,,,,,,,,0.0,,,,,,,,31.0
George Hockette,1005876,115999.0,P,BOS,-0.0637562373328175,,-0.06,-2.456538289090908,1.134129762649536,-0.0057039093226194,,,,,3.9945259287357,0.1981253425280253,,,,,0.414285714,0.214285714,0.2,0.142857142,0.071428572,0.142857142,23,18,14,1,2,0,1,3,2,1,1,0,0,1,,0.0,0.0,0.055555555,1.0,,,,,,,,,0.0,,,,,,,,61.0
Mace Brown,1001541,111572.0,P,PIT,-0.0642814285352418,,-0.07,-3.364351065087866,1.7011947631835938,-0.0114078186452388,,,,,4.402445524104246,0.1934241652488708,,,,,0.408333333,0.208333333,0.2,0.166666666,0.041666667,0.266666666,18,27,24,3,0,0,1,5,4,3,1,0,0,1,,9.0,0.333333333,0.037037037,0.111111111,,,,,,,,,0.0,,,,,,,,72.2
Carl Fischer,1004067,114146.0,P,- - -,-0.0665260634337437,,-0.05,-3.3741672541010916,1.7011947184801102,-0.0171117279678583,,,,,12.878452272247934,0.208570704460144,,,,,0.413913043,0.173913043,0.24,0.173913043,0.0,0.235294117,27,27,23,3,1,0,0,4,4,4,0,0,0,2,,6.0,0.222222222,0.074074074,0.333333333,,,,,,,,,0.0,,,,,,,,100.2
Rogers Hornsby,1006030,116156.0,1B,SLB,-0.0673344066016361,,-0.12,-1.632216361844793,-0.0493827164173126,-0.0142597733065485,,,,,57.74699136707191,0.2956954969300164,,,,,0.629629629,0.333333333,0.296296296,0.208333333,0.125,0.277777777,10,27,24,1,3,0,3,8,5,2,3,0,0,3,,6.0,0.222222222,0.111111111,0.5,,,,,,,,,0.0,,,,,,,,0.0
Tony Freitas,1004334,114418.0,P,CIN,-0.0673713432399783,,0.0,-6.174871484766868,3.4653966426849365,-0.0256675919517874,,,,,13.932230473181004,0.2032546143905789,,,,,0.411338447,0.195652173,0.215686274,0.130434782,0.065217391,0.193548387,31,55,46,2,2,0,2,9,6,4,1,1,0,5,,15.0,0.272727272,0.09090909,0.333333333,,,,,,,,,0.0,,,,,,,,143.2
Gene Moore Jr.,1009110,119295.0,,STL,-0.0699072588458251,,-0.08,-0.8546144949688033,0.0,0.0,,,,,-100.0,0.0,,,,,0.0,0.0,0.0,0.0,0.0,0.0,3,3,3,0,0,0,0,0,0,0,0,0,0,0,,1.0,0.333333333,0.0,0.0,,,,,,,,,,,,,,,,,
Robert Gaston,1015229,,C,HG,-0.0723197106480661,,0.0,-2.0927450126926956,0.3271604776382446,-0.0171117279678583,,,,,49.284914013035355,0.2731938425983701,,,,,0.565714285,0.28,0.285714285,0.2,0.08,,15,28,25,3,2,0,2,7,5,3,2,0,0,2,,,,0.071428571,,,,,,,,,,0.0,,,,,,,,69.0
Vallie Eaves,1003652,113720.0,P,PHA,-0.0727617370875819,,-0.08,-1.1712022804278155,0.2520288527011871,0.0,,,,,-100.0,0.0,,,,,0.0,0.0,0.0,0.0,0.0,0.0,3,4,4,0,0,0,0,0,0,0,0,0,0,0,,2.0,0.5,0.0,0.0,,,,,,,,,0.0,,,,,,,,14.0
Al Veach,1013387,123680.0,P,PHA,-0.0727617370875819,,-0.08,-1.1712022804278155,0.2520288527011871,0.0,,,,,-100.0,0.0,,,,,0.0,0.0,0.0,0.0,0.0,0.0,2,4,4,0,0,0,0,0,0,0,0,0,0,0,,3.0,0.75,0.0,0.0,,,,,,,,,0.0,,,,,,,,10.0
Myril Hoag,1005865,115987.0,OF,NYY,-0.0730355134098204,,-0.11,-3.714504178139633,-1.4876543283462524,-0.2046831976622343,,,,,80.04196323808749,0.313755958783822,,,,,0.664232488,0.336363636,0.327868852,0.254545454,0.081818182,0.3,48,124,110,13,13,1,6,37,28,22,4,1,4,12,,19.0,0.153225806,0.096774193,0.631578947,,,,,,,,,0.0,,,,,,,,0.0
Percy Lacey,1015710,,P,ND,-0.0743737027605265,,0.0,-1.483207140372175,0.4410504996776581,-0.0028519546613097,,,,,-44.68131935844973,0.1062014017786298,,,,,0.142857142,0.0,0.142857142,0.0,0.0,,3,7,6,0,0,0,0,0,0,0,0,0,0,1,,,,0.142857142,,,,,,,,,,0.0,,,,,,,,14.2
Harry Kincannon,1015695,,P,PC,-0.0771953677317535,,0.0,-2.2028193998002834,0.8821009993553162,-0.0085558639839291,,,,,-7.227287899018209,0.1727629729679652,,,,,0.297619047,0.083333333,0.214285714,0.083333333,0.0,,11,14,12,0,0,0,0,1,1,1,0,0,0,2,,,,0.142857142,,,,,,,,,,0.0,,,,,,,,33.1
Dick Coffman,1002391,112445.0,P,SLB,-0.0781271752688614,,-0.07,-5.86615884147606,3.2133679389953613,-0.0285195466130971,,,,,19.291064695903582,0.229385606786038,,,,,0.450441099,0.195121951,0.255319148,0.146341463,0.048780488,0.214285714,41,51,41,4,2,0,2,8,6,4,2,0,0,6,,13.0,0.25490196,0.117647058,0.461538461,,,,,,,,,0.0,,,,,,,,143.2
Luther McDonald,1015884,,P,CAG,-0.0786212138079129,,0.0,-1.627036036417912,0.5040577054023743,-0.0028519546613097,,,,,-38.89603038213349,0.1164827495813369,,,,,0.25,0.125,0.125,0.125,0.0,,7,8,8,1,0,0,0,1,1,1,0,0,0,0,,,,0.0,,,,,,,,,,0.0,,,,,,,,20.2
Jocko Conlan,1002504,112561.0,OF,CHW,-0.0786366825095389,,-0.02,-4.599481499588256,-1.950617253780365,-0.8956169867888093,,,,,83.87890211402377,0.3335629990023951,,,,,0.704838709,0.35,0.354838709,0.285714285,0.064285715,0.298507462,65,162,140,20,15,0,8,49,40,32,7,1,3,14,,6.0,0.037037037,0.086419753,2.333333333,,,,,,,,,-1.0,,,,,,,,0.0
Earl Whitehill,1013866,124200.0,P,WAS,-0.0788991391501283,,-0.11,-12.288233328674504,7.308836460113525,-0.0655949572101235,,,,,25.704670857461565,0.2242110871842929,,,,,0.462225274,0.221153846,0.241071428,0.182692307,0.038461539,0.204301075,34,116,104,10,3,0,4,23,19,15,4,0,0,8,,11.0,0.094827586,0.068965517,0.727272727,,,,,,,,,0.0,,,,,,,,279.1
Les Tietje,1013063,123340.0,P,CHW,-0.0792243899218337,,-0.24,-7.456658594053268,4.22148323059082,-0.0342234559357166,,,,,21.88649124966101,0.2266689436510205,,,,,0.480276639,0.245901639,0.234375,0.196721311,0.049180328,0.272727272,30,67,61,4,3,0,3,15,12,9,3,0,0,3,,17.0,0.253731343,0.044776119,0.176470588,,,,,,,,,0.0,,,,,,,,169.2
Al Smith,1012089,122348.0,P,NYG,-0.0814169861160839,,-0.04,-4.737596297112834,2.4572813510894775,-0.0171117279678583,,,,,6.823515748848549,0.1911039851807259,,,,,0.395071541,0.205882352,0.189189189,0.117647058,0.088235294,0.1,40,39,34,4,2,1,1,7,4,3,0,0,0,3,,3.0,0.076923076,0.076923076,1.0,,,,,,,,,0.0,,,,,,,,124.0
Elbert Williams,1016745,,P,BE,-0.0823752472384545,,0.0,-2.2108493454524325,0.0185185186564922,-0.0256675919517874,,,,,59.59543713703016,0.2915172270826391,,,,,0.609797297,0.3125,0.297297297,0.1875,0.125,,19,37,32,4,6,1,2,10,6,4,1,0,0,5,,,,0.135135135,,,,,,,,,,0.0,,,,,,,,89.0
Bernie Snyder,1012239,122498.0,2B,PHA,-0.0826081133663556,,-0.1,-0.3611268648903291,-1.5987654328346252,-0.0313715012744069,,,,,93.16139548095845,0.3442011547811103,,,,,0.738636363,0.375,0.363636363,0.34375,0.03125,0.366666666,10,34,32,5,3,0,1,12,11,10,1,0,0,1,,2.0,0.058823529,0.029411764,0.5,,,,,,,,,-2.0,,,,,,,,0.0
Earl Browne,1001512,111604.0,1B,PIT,-0.0828592776807666,,-0.14,-1.7982455151397003,-0.3888888955116272,-0.0228156372904777,,,,,62.03482836029977,0.2844473018365748,,,,,0.606617647,0.3125,0.294117647,0.25,0.0625,0.333333333,9,36,32,6,6,0,2,10,8,6,2,0,0,2,,8.0,0.222222222,0.055555555,0.25,,,,,,,,,0.0,,,,,,,,0.0
Johnny Babich,1000396,110415.0,P,BRO,-0.0839530760714143,,-0.1,-6.05423568785832,3.2763750553131104,0.1771843656897544,,,,,7.749648795022986,0.1978011190891266,,,,,0.424489795,0.224489795,0.2,0.183673469,0.040816326,0.272727272,37,52,49,4,4,0,2,11,9,7,2,0,1,0,,16.0,0.307692307,0.0,0.0,,,,,,,,,0.0,,,,,,,,143.1
Ray Harrell,1005390,115500.0,P,STL,-0.0869919002332294,,-0.1,-1.424357491614672,0.3150360584259033,0.0,,,,,-100.0,0.0,,,,,0.0,0.0,0.0,0.0,0.0,0.0,11,5,4,0,0,0,0,0,0,0,0,0,0,0,,3.0,0.6,0.0,0.0,,,,,,,,,0.0,,,,,,,,29.2
Fred Sington,1012012,122273.0,OF,WAS,-0.0877540275020379,,-0.1,-1.7266753489136628,-0.1728395074605941,-0.0256675919517874,,,,,55.57810639127116,0.2757221129205491,,,,,0.515151514,0.181818181,0.333333333,0.181818181,0.0,0.19047619,20,27,22,1,3,0,0,4,4,4,0,0,0,5,,1.0,0.037037037,0.185185185,5.0,,,,,,,,,0.0,,,,,,,,0.0
Russ Van Atta,1013337,123625.0,P,- - -,-0.092565509220986,,-0.06,-5.921568580376863,3.150360681116581,-0.0228156372904777,,,,,16.85342307724151,0.2240831919691779,,,,,0.48308668,0.255813953,0.227272727,0.209302325,0.046511628,0.23076923,58,50,43,5,4,0,2,11,9,7,2,0,0,1,,4.0,0.08,0.02,0.25,,,,,,,,,0.0,,,,,,,,175.0
Joe Reynolds,1016229,,P,PS,-0.0938582829464084,,0.0,-1.4941443233512366,0.3150360584259033,0.0,,,,,-100.0,0.0,,,,,0.0,0.0,0.0,0.0,0.0,,4,5,5,0,0,0,0,0,0,0,0,0,0,0,,,,0.0,,,,,,,,,,0.0,,,,,,,,13.0
Clyde Spearman,1016464,,OF,NYC,-0.0940559982595546,,0.0,-2.8956504742051297,-0.7345678806304932,0.1429609097540378,,,,,71.9076537952435,0.313397928669646,,,,,0.667607906,0.343283582,0.324324324,0.253731343,0.089552239,,17,74,67,12,7,0,4,23,17,13,2,2,1,6,,,,0.081081081,,,,,,,,,,1.0,,,,,,,,441.0
Chet Morgan,1009173,119364.0,OF,DET,-0.0946274064733103,,-0.12,-1.835694430759488,-0.1728395074605941,-0.0228156372904777,,,,,54.34742536963207,0.2789015493222645,,,,,0.538819875,0.217391304,0.321428571,0.173913043,0.043478261,0.173913043,14,28,23,2,1,0,1,5,4,3,1,0,0,5,,0.0,0.0,0.178571428,5.0,,,,,,,,,0.0,,,,,,,,0.0
Monty Stratton,1012602,122860.0,P,CHW,-0.0953115135557297,,-0.05,-2.497269291558601,0.94510817527771,-0.0028519546613097,,,,,-17.25527645799366,0.1591764518192836,,,,,0.357142856,0.214285714,0.142857142,0.142857142,0.071428572,0.166666666,5,15,14,0,1,0,1,3,2,1,1,0,0,0,,2.0,0.133333333,0.0,0.0,,,,,,,,,0.0,,,,,,,,38.0
Mel Harder,1005339,115451.0,P,CLE,-0.0965137748009324,,-0.16,-11.98284284233337,6.993800640106201,-0.0570390932261943,,,,,24.243619406444665,0.2273750763673048,,,,,0.495663649,0.274509803,0.221153846,0.205882352,0.068627451,0.267605633,42,111,102,11,10,2,3,28,21,18,1,0,0,2,,29.0,0.261261261,0.018018018,0.068965517,,,,,,,,,0.0,,,,,,,,287.1
Frank Gabler,1004414,114500.0,P,NYG,-0.0969177980011486,,-0.08,-2.621464018236156,1.0081154108047483,-0.0028519546613097,,,,,-25.98984043607822,0.1392793953418731,,,,,0.3125,0.1875,0.125,0.125,0.0625,0.133333333,26,16,16,0,2,0,1,3,2,1,1,0,0,0,,1.0,0.0625,0.0,0.0,,,,,,,,,0.0,,,,,,,,60.0
Snipe Hansen,1005330,115441.0,P,- - -,-0.1000465236932343,,-0.1,-1.95680161907522,0.5670649260282516,-0.0028519546613097,,,,,-50.6388266181494,0.1035402218500773,,,,,0.222222222,0.111111111,0.111111111,0.111111111,0.0,0.125,12,9,9,0,0,0,0,1,1,1,0,0,0,0,,1.0,0.111111111,0.0,0.0,,,,,,,,,0.0,,,,,,,,31.0
Watson Clark,1002315,112348.0,P,BRO,-0.1027508085072169,,-0.09,-9.72677444324218,5.481627464294434,-0.0484832292422652,,,,,14.362540074664787,0.2082453533297493,,,,,0.428722121,0.202531645,0.226190476,0.177215189,0.025316456,0.20289855,34,87,79,5,8,0,2,16,14,12,2,0,0,5,,10.0,0.114942528,0.057471264,0.5,,,,,,,,,0.0,,,,,,,,207.0
Lefty Stewart,1012524,122786.0,P,- - -,-0.1054647274349795,,-0.19999999999999998,-4.480436864819498,2.142245151102543,-0.019963682629168,,,,,7.624045643997565,0.1979556810110807,,,,,0.412298387,0.193548387,0.21875,0.193548387,0.0,0.25,25,34,31,2,2,0,0,6,6,6,0,0,0,1,,7.0,0.205882352,0.029411764,0.142857142,,,,,,,,,0.0,,,,,,,,93.2
Joe Sullivan,1012701,122950.0,P,DET,-0.1056371042900118,,-0.1,-5.863718138850765,3.024346113204956,-0.0285195466130971,,,,,14.282609459612486,0.2098174374154273,,,,,0.420089064,0.186046511,0.234042553,0.162790697,0.023255814,0.205882352,25,48,43,6,5,0,1,8,7,6,1,0,0,4,,9.0,0.1875,0.083333333,0.444444444,,,,,,,,,0.0,,,,,,,,125.2
Malvin Powell,1016177,,P,CAG,-0.1073868439343726,,0.0,-0.5023347737494951,-2.141975313425064,-0.039927365258336,,,,,93.12280208285055,0.3511005082856054,,,,,0.766430737,0.418604651,0.347826086,0.302325581,0.11627907,,22,46,43,3,8,1,2,18,13,11,0,1,0,3,,,,0.065217391,,,,,,,,,,-3.0,,,,,,,,158.1
James DeShong,1003229,113292.0,P,NYY,-0.1076658341432072,,-0.11,-2.9251363106799686,1.134129762649536,-0.0085558639839291,,,,,-14.249943106521188,0.1511676013469696,,,,,0.258928571,0.071428571,0.1875,0.071428571,0.0,0.1,29,18,14,0,0,0,0,1,1,1,0,0,0,2,,4.0,0.222222222,0.111111111,0.5,,,,,,,,,0.0,,,,,,,,69.0
Slick Castleman,1002075,112124.0,P,NYG,-0.1106106870111578,,-0.15,-7.925891422470482,4.284490585327148,-0.0313715012744069,,,,,10.628065910871449,0.1971127960611792,,,,,0.42998244,0.23880597,0.19117647,0.179104477,0.059701493,0.22,29,68,67,7,4,1,2,16,12,10,1,0,0,1,,16.0,0.235294117,0.014705882,0.0625,,,,,,,,,0.0,,,,,,,,173.2
Dutch Lieber,1007600,117757.0,P,PHA,-0.1115620028316365,,-0.18,-2.5720182196092214,0.8821009993553162,-0.0057039093226194,,,,,-29.2517249331959,0.1331231423786708,,,,,0.285714284,0.142857142,0.142857142,0.142857142,0.0,0.25,19,14,14,0,0,0,0,2,2,2,0,0,0,0,,6.0,0.428571428,0.0,0.0,,,,,,,,,0.0,,,,,,,,46.2
Bill Sadler,1016322,,SS,BE,-0.1118199954268855,,0.0,-0.7856088410356137,-2.765432119369507,-0.0598910478875041,,,,,93.290647300378,0.3513987950376562,,,,,0.768018017,0.416666666,0.351351351,0.333333333,0.083333333,,21,74,72,7,14,0,5,30,24,19,4,1,0,2,,,,0.027027027,,,,,,,,,,-4.0,,,,,,,,159.0
Kit Carson,1002010,112056.0,OF,CLE,-0.1121354761752164,,-0.12,-1.8798696999804023,-0.1728395074605941,-0.468118148855865,,,,,58.52355077864297,0.2864842613538106,,,,,0.609848484,0.318181818,0.291666666,0.227272727,0.090909091,0.3125,16,24,22,1,1,0,2,7,5,3,2,0,0,2,,6.0,0.25,0.083333333,0.333333333,,,,,,,,,0.0,,,,,,,,0.0
Nat Rogers,1016288,,OF,CAG,-0.1130479941638087,,0.0,-0.2657834261333507,-1.086419753730297,-0.0057039093226194,,,,,70.3448947078751,0.3106206655502319,,,,,0.666666666,0.333333333,0.333333333,0.333333333,0.0,,3,6,6,1,1,0,0,2,2,2,0,0,0,0,,,,0.0,,,,,,,,,,-1.0,,,,,,,,34.3
Subby Byas,1014767,,C,CAG,-0.1160971483428355,,0.0,-6.302292956790119,2.5864197611808777,-0.0456312745809555,,,,,35.1450233240708,0.2480650833158782,,,,,0.506060605,0.233333333,0.272727272,0.2,0.033333333,,21,66,60,8,4,0,2,14,12,10,2,0,0,6,,,,0.09090909,,,,,,,,,,2.0,,,,,,,,152.1
Emmett Nelson,1009500,119700.0,P,CIN,-0.1168589531038053,,-0.1,-2.834273665968893,1.0081154108047483,-0.0057039093226194,,,,,-36.091579680448774,0.1242482662200927,,,,,0.266666666,0.133333333,0.133333333,0.133333333,0.0,0.222222222,19,16,15,1,0,0,0,2,2,2,0,0,0,0,,6.0,0.375,0.0,0.0,,,,,,,,,0.0,,,,,,,,60.1
Joe Holden,1005942,116064.0,C,PHI,-0.119978360879045,,-0.13,-1.7295691628679446,0.1234567910432815,0.1971480483189225,,,,,-64.80098828231165,0.1035402218500773,,,,,0.222222222,0.111111111,0.111111111,0.111111111,0.0,0.166666666,6,9,9,0,0,0,0,1,1,1,0,0,1,0,,3.0,0.333333333,0.0,0.0,,,,,,,,,0.0,,,,,,,,0.0
Luis Tiant,1016584,,P,NYC,-0.121807863631176,,0.0,-3.663918284614624,1.512173056602478,-0.0142597733065485,,,,,-4.036458503481629,0.1784335672855377,,,,,0.344696969,0.136363636,0.208333333,0.136363636,0.0,,12,24,22,0,1,0,0,3,3,3,0,0,0,2,,,,0.083333333,,,,,,,,,,0.0,,,,,,,,71.2
Jack Redmond,1010756,120987.0,C,WAS,-0.1228030978703861,,-0.2,-3.0931892909459227,0.4629629552364349,-0.019963682629168,,,,,41.433771576795955,0.2513329128961305,,,,,0.53736089,0.294117647,0.243243243,0.176470588,0.117647059,0.15625,22,37,34,8,7,1,2,10,6,4,1,0,0,3,,1.0,0.027027027,0.081081081,3.0,,,,,,,,,0.0,,,,,,,,0.0
Curt Davis,1003043,113100.0,P,PHI,-0.1273288195939067,,-0.02,-9.889869881216809,5.4186201095581055,-0.0541871385648846,,,,,11.957897578808591,0.2247712764798141,,,,,0.457235772,0.213333333,0.243902439,0.173333333,0.04,0.181818181,46,86,75,4,6,1,1,16,13,12,0,0,0,7,,8.0,0.093023255,0.081395348,0.875,,,,,,,,,0.0,,,,,,,,231.0
Bob Weiland,1013735,124042.0,P,SLB,-0.1281901847441841,,-0.13,-2.35477454795068,0.6300721168518066,-0.0028519546613097,,,,,-65.8355218699927,0.0826010902722676,,,,,0.111111111,0.0,0.111111111,0.0,0.0,0.0,14,10,8,0,0,0,0,0,0,0,0,0,0,1,,2.0,0.2,0.1,0.5,,,,,,,,,0.0,,,,,,,,32.0
Fred Lucas,1007804,117974.0,OF,PHI,-0.1287686047570034,,-0.14,-2.3737579713572883,-0.3395061790943146,-0.0342234559357166,,,,,51.32431443478287,0.2869456056002024,,,,,0.589030206,0.264705882,0.324324324,0.264705882,0.0,0.321428571,20,37,34,1,2,0,0,9,9,9,0,0,0,3,,6.0,0.162162162,0.081081081,0.5,,,,,,,,,0.0,,,,,,,,0.0
Guy Bush,1001752,111791.0,P,PIT,-0.1305579202396983,,-0.12,-8.8331522987386,4.725541114807129,-0.0456312745809555,,,,,9.803547240395815,0.2019545295172267,,,,,0.378968253,0.142857142,0.236111111,0.126984126,0.015873016,0.142857142,41,75,63,6,2,0,1,9,8,7,1,0,0,8,,7.0,0.093333333,0.106666666,1.142857142,,,,,,,,,0.0,,,,,,,,204.1
Marv Owen,1009918,120137.0,3B,DET,-0.1316390643502623,,0.43,-21.099340098682298,0.4259259700775146,-2.017559106461704,,,,,75.26712827847464,0.3149735757121534,,,,,0.671513268,0.345755693,0.325757575,0.262939958,0.082815735,0.281531531,134,544,483,52,71,2,31,167,127,96,24,5,1,43,,37.0,0.068014705,0.079044117,1.162162162,,,,,,,,,-2.0,,,,,,,,0.0
Harry Gumbert,1005141,115245.0,P,NYG,-0.1342001886154942,,-0.15,-2.2257529066121617,0.5040577054023743,0.0,,,,,-100.0,0.0,,,,,0.0,0.0,0.0,0.0,0.0,0.0,6,8,8,0,0,0,0,0,0,0,0,0,0,0,,3.0,0.375,0.0,0.0,,,,,,,,,0.0,,,,,,,,23.2
Lee Grissom,1005073,115173.0,P,CIN,-0.1347694662000835,,-0.15,-2.231828169635538,0.5040577054023743,0.0,,,,,-100.0,0.0,,,,,0.0,0.0,0.0,0.0,0.0,0.0,3,8,7,0,0,0,0,0,0,0,0,0,0,0,,4.0,0.5,0.0,0.0,,,,,,,,,0.0,,,,,,,,21.0
Terris McDuffie,1015888,,P,BE,-0.1417002259676782,,0.0,-2.0368822481967115,-0.0432098768651485,-0.0114078186452388,,,,,13.393327435844313,0.2094089761376381,,,,,0.392857142,0.142857142,0.25,0.142857142,0.0,,5,16,14,1,1,0,0,2,2,2,0,0,0,2,,,,0.125,,,,,,,,,,1.0,,,,,,,,46.2
Art Doll,1003367,113431.0,C,BSN,-0.1418042666770595,,-0.23,-1.9678192789543985,0.0925925895571708,-0.0028519546613097,,,,,-51.26542680740552,0.0931861996650695,,,,,0.2,0.1,0.1,0.1,0.0,0.111111111,3,10,10,0,0,0,0,1,1,1,0,0,0,0,,1.0,0.1,0.0,0.0,,,,,,,,,0.0,,,,,,,,0.0
Dixie Walker,1013512,123820.0,OF,NYY,-0.1420052149462697,,-0.12,-1.8927166292878037,-0.086419753730297,-0.0028519546613097,,,,,-2.504254792220798,0.1714207942669208,,,,,0.384615383,0.23076923,0.153846153,0.153846153,0.076923077,0.166666666,8,13,13,1,1,0,1,3,2,1,1,0,0,0,,1.0,0.076923076,0.0,0.0,,,,,,,,,0.0,,,,,,,,0.0
Bob O'Farrell,1009740,119947.0,C,STL,-0.1424364154485535,,-0.18,-2.2012681552361,0.2469135820865631,-0.0057039093226194,,,,,-40.84753413590996,0.1239016354084014,,,,,0.166666666,0.0,0.166666666,0.0,0.0,0.0,14,12,10,0,0,0,0,0,0,0,0,0,0,2,,0.0,0.0,0.166666666,2.0,,,,,,,,,0.0,,,,,,,,0.0
Hub Walker,1013522,123826.0,OF,DET,-0.1486376267744765,,-0.13,-2.5341720595754356,-0.086419753730297,-0.0114078186452388,,,,,38.66149224654534,0.2518541578735624,,,,,0.53,0.28,0.25,0.16,0.12,0.19047619,9,29,25,4,1,0,3,7,4,1,3,0,0,3,,4.0,0.137931034,0.103448275,0.75,,,,,,,,,0.0,,,,,,,,0.0
Joe Cascarella,1002031,112078.0,P,- - -,-0.1487434361351937,,-0.13,-2.8701396311782448,0.8190937489271164,-0.0028519546613097,,,,,-53.00168979822472,0.0931861996650695,,,,,0.2,0.1,0.1,0.1,0.0,0.125,15,13,10,0,1,0,0,1,1,1,0,0,0,0,,2.0,0.153846153,0.0,0.0,,,,,,,,,0.0,,,,,,,,49.1
Willie Burns,1014757,,P,ND,-0.1504572516688192,,0.0,-3.9696611638341457,1.512173056602478,-0.0085558639839291,,,,,-12.914500323507689,0.1626559222737948,,,,,0.340579709,0.173913043,0.166666666,0.130434782,0.043478261,,12,24,23,1,1,0,1,4,3,2,1,0,0,1,,,,0.041666666,,,,,,,,,,0.0,,,,,,,,62.0
Leon Chagnon,1002112,112166.0,P,NYG,-0.1509752156831839,,-0.15,-2.503972019938682,0.5670648813247681,0.0,,,,,-100.0,0.0,,,,,0.0,0.0,0.0,0.0,0.0,0.0,14,9,9,0,0,0,0,0,0,0,0,0,0,0,,2.0,0.222222222,0.0,0.0,,,,,,,,,0.0,,,,,,,,38.1
Lyle Judy,1006647,116789.0,2B,STL,-0.1514212575765864,,-0.3,-2.276942397155217,0.1543209850788116,0.394296096637845,,,,,-46.88213381917699,0.114370740376986,,,,,0.153846153,0.0,0.153846153,0.0,0.0,0.0,8,14,11,2,0,0,0,0,0,0,0,0,2,2,,2.0,0.142857142,0.142857142,1.0,,,,,,,,,0.0,,,,,,,,0.0
Leon Ruffin,1016310,,C,BE,-0.1561620654237349,,0.0,-3.5538447860248716,0.4320987462997436,-0.0342234559357166,,,,,41.27045240580864,0.2589509123709144,,,,,0.529525031,0.236842105,0.292682926,0.236842105,0.0,,14,41,38,3,5,0,0,9,9,9,0,0,0,3,,,,0.073170731,,,,,,,,,,0.0,,,,,,,,91.0
Jim Bivin,1001002,111030.0,P,PHI,-0.1606188228705575,,-0.12,-6.8724034662795015,3.2763750553131104,-0.0228156372904777,,,,,-1.4017474995595256,0.203671388901197,,,,,0.419871794,0.208333333,0.211538461,0.145833333,0.0625,0.35,47,52,48,3,1,0,3,10,7,4,3,0,0,4,,28.0,0.538461538,0.076923076,0.142857142,,,,,,,,,0.0,,,,,,,,161.2
Bob Smith,1012100,122453.0,P,BSN,-0.1609823979450644,,0.31,-4.25134344289504,0.0,-0.0513351839035749,,,,,53.81122452583046,0.2591416211798787,,,,,0.551091269,0.269841269,0.28125,0.269841269,0.0,0.293103448,47,70,63,3,4,0,0,17,17,17,0,0,0,1,,5.0,0.071428571,0.014285714,0.2,,,,,,,,,0.0,,,,,,,,203.1
Ray Benge,1000831,110856.0,P,BRO,-0.166844370557077,,-0.15,-6.54204949872549,3.024346113204956,-0.0256675919517874,,,,,-4.5080239356729335,0.1784416589331119,,,,,0.382978722,0.191489361,0.191489361,0.191489361,0.0,0.209302325,23,48,47,3,4,0,0,9,9,9,0,0,0,0,,4.0,0.083333333,0.0,0.0,,,,,,,,,0.0,,,,,,,,124.2
Don Brennan,1001389,111426.0,P,CIN,-0.1678416649515662,,-0.15,-5.064721829760567,2.079237937927246,-0.0171117279678583,,,,,-17.7487228360155,0.1532185131853277,,,,,0.281818181,0.1,0.181818181,0.1,0.0,0.157894736,38,33,30,3,2,0,0,3,3,3,0,0,0,2,,11.0,0.333333333,0.06060606,0.181818181,,,,,,,,,0.0,,,,,,,,114.1
Pep Young,1014387,124706.0,2B,PIT,-0.1684363408375038,,-0.52,-12.387503367062491,-7.5987653732299805,0.0805810838937759,,,,,81.64804267483127,0.3154239194536117,,,,,0.696657765,0.398785425,0.29787234,0.265182186,0.133603239,0.289719626,128,523,494,60,82,7,42,197,131,89,25,10,2,21,,59.0,0.112810707,0.040152963,0.355932203,,,,,,,,,-11.0,,,,,,,,0.0
Henry Wright,1016832,,P,CEG,-0.1689449115376171,,0.0,-2.689459782032226,0.5670648813247681,0.0,,,,,-100.0,0.0,,,,,0.0,0.0,0.0,0.0,0.0,,5,9,9,0,0,0,0,0,0,0,0,0,0,0,,,,0.0,,,,,,,,,,0.0,,,,,,,,22.2
Hank Johnson,1006461,116592.0,P,BOS,-0.1690378492364266,,-0.17,-2.69202155986235,0.5670648813247681,0.0,,,,,-100.0,0.0,,,,,0.0,0.0,0.0,0.0,0.0,0.0,13,9,8,2,0,0,0,0,0,0,0,0,0,0,,2.0,0.222222222,0.0,0.0,,,,,,,,,0.0,,,,,,,,31.0
Alonza Bailey,1014539,,P,ND,-0.1724794967543214,,0.0,-3.1211803597691485,0.8190937638282776,-0.0028519546613097,,,,,-64.10547463367394,0.0716816920500535,,,,,0.153846152,0.076923076,0.076923076,0.076923076,0.0,,9,13,13,1,0,0,0,1,1,1,0,0,0,0,,,,0.0,,,,,,,,,,0.0,,,,,,,,28.2
Rube Walberg,1013501,123804.0,P,BOS,-0.1729723682070312,,-0.19,-5.9902657647208,2.6463029384613037,-0.019963682629168,,,,,-0.2308822669004192,0.1908394342813736,,,,,0.394317394,0.189189189,0.205128205,0.162162162,0.027027027,0.222222222,44,42,37,3,3,0,1,7,6,5,1,0,0,2,,10.0,0.238095238,0.047619047,0.2,,,,,,,,,0.0,,,,,,,,142.2
Bob Evans,1015120,,P,ND,-0.1745882358948663,,0.0,-4.128684300888443,1.449165940284729,-0.0114078186452388,,,,,-22.469167786063537,0.1456758094870525,,,,,0.269151138,0.095238095,0.173913043,0.095238095,0.0,,15,23,21,1,0,0,0,2,2,2,0,0,0,2,,,,0.086956521,,,,,,,,,,0.0,,,,,,,,67.2
Bob Brown,1001495,111587.0,P,BSN,-0.1753204447134127,,-0.12,-3.8549599436345465,1.2601442337036133,-0.0057039093226194,,,,,-48.1600609136457,0.0980907364895469,,,,,0.210526314,0.105263157,0.105263157,0.105263157,0.0,0.117647058,16,20,19,1,0,0,0,2,2,2,0,0,0,0,,2.0,0.1,0.0,0.0,,,,,,,,,0.0,,,,,,,,65.0
Bill Brubaker,1001571,111613.0,3B,PIT,-0.1782514761974857,,-0.19,-2.4653520866587812,0.0925925895571708,-0.0057039093226194,,,,,-45.6511718036066,0.114370740376986,,,,,0.153846153,0.0,0.153846153,0.0,0.0,0.0,6,13,11,1,0,0,0,0,0,0,0,0,0,2,,5.0,0.384615384,0.153846153,0.4,,,,,,,,,0.0,,,,,,,,0.0
Bill Starr,1012431,122693.0,C,WAS,-0.1790064256265736,,-0.09,-3.136718425757632,0.3703703582286834,-0.0142597733065485,,,,,8.263959305719462,0.1941379159688949,,,,,0.416666666,0.208333333,0.208333333,0.208333333,0.0,0.217391304,12,24,24,1,1,0,0,5,5,5,0,0,0,0,,1.0,0.041666666,0.0,0.0,,,,,,,,,0.0,,,,,,,,0.0
Flint Rhem,1010878,121120.0,P,BSN,-0.1792914421197635,,-0.2,-3.004555575888311,0.6930793523788452,0.0,,,,,-100.0,0.0,,,,,0.0,0.0,0.0,0.0,0.0,0.0,10,11,10,0,1,0,0,0,0,0,0,0,0,0,,2.0,0.181818181,0.0,0.0,,,,,,,,,0.0,,,,,,,,40.1
Webster McDonald,1015886,,P,PS,-0.1798619133884446,,0.0,-7.139963244651913,3.3393821716308594,-0.0285195466130971,,,,,8.203425021073954,0.2001857217752708,,,,,0.411628801,0.204081632,0.207547169,0.142857142,0.06122449,,21,53,49,6,3,1,1,10,7,6,0,0,0,4,,,,0.075471698,,,,,,,,,,0.0,,,,,,,,142.1
Roy Mahaffey,1007981,118153.0,P,PHA,-0.1809926140765224,,-0.27,-7.2599498045803506,3.4023895263671875,-0.0285195466130971,,,,,5.575437782802619,0.1931759231495407,,,,,0.4036256,0.196078431,0.207547169,0.176470588,0.019607843,0.272727272,27,54,51,3,1,0,1,10,9,8,1,0,0,2,,18.0,0.333333333,0.037037037,0.111111111,,,,,,,,,0.0,,,,,,,,136.0
Sam Thompson,1016571,,P,CEG,-0.1910172976552898,,0.0,-4.402513175363531,1.512173056602478,-0.0114078186452388,,,,,-25.171998644033156,0.1408724635839462,,,,,0.257575756,0.09090909,0.166666666,0.09090909,0.0,,10,24,22,4,1,0,0,2,2,2,0,0,0,1,,,,0.041666666,,,,,,,,,,0.0,,,,,,,,65.2
Charlie Grimm,1005068,115167.0,1B,CHC,-0.1912852145730686,,-0.22,-2.2444800899541417,-0.086419753730297,0.0,,,,,-100.0,0.0,,,,,0.0,0.0,0.0,0.0,0.0,0.0,2,8,8,0,0,0,0,0,0,0,0,0,0,0,,1.0,0.125,0.0,0.0,,,,,,,,,0.0,,,,,,,,0.0
Tom Zachary,1014405,124729.0,P,BRO,-0.199832890835212,,-0.2,-7.985277723117085,3.717425584793091,-0.0342234559357166,,,,,-3.7425814017267354,0.1796505796281915,,,,,0.345141699,0.134615384,0.210526315,0.134615384,0.0,0.2,25,59,52,3,1,0,0,7,7,7,0,0,0,5,,17.0,0.288135593,0.084745762,0.294117647,,,,,,,,,0.0,,,,,,,,158.0
George Watkins,1013671,123975.0,OF,PHI,-0.1998933914553811,,-0.2,-15.74849414679905,-9.820987701416016,0.1465392177924513,,,,,81.31881212369379,0.3343181611958498,,,,,0.733209109,0.413333333,0.319875776,0.27,0.143333333,0.287128712,150,655,600,80,76,17,47,248,162,115,25,5,3,40,,78.0,0.119083969,0.061068702,0.512820512,,,,,,,,,-4.0,,,,,,,,0.0
Alex Hooks,1006000,116126.0,1B,PHA,-0.2045524795493744,,-0.17,-3.462886460023445,-0.4320987462997436,-0.0285195466130971,,,,,49.55013692809211,0.2690018808588068,,,,,0.572050289,0.295454545,0.276595744,0.227272727,0.068181818,0.294117647,15,48,44,4,4,0,3,13,10,7,3,0,0,3,,10.0,0.208333333,0.0625,0.3,,,,,,,,,0.0,,,,,,,,0.0
Eric McNair,1008654,118840.0,SS,PHA,-0.2116851881987572,,0.05,-24.946860618375503,2.5864195823669434,-3.010505728423595,,,,,73.00617802812724,0.3094473373382649,,,,,0.661354259,0.342205323,0.319148936,0.269961977,0.072243346,0.282208588,137,573,526,55,57,4,28,180,142,114,22,2,3,35,,33.0,0.057591623,0.061082024,1.06060606,,,,,,,,,-5.0,,,,,,,,0.0
Nolen Richardson,1010917,121154.0,SS,NYY,-0.2130133140687172,,-0.26,-3.694497974828833,-0.259259283542633,-0.0313715012744069,,,,,47.28789360818075,0.2572778305228875,,,,,0.547914817,0.282608695,0.265306122,0.217391304,0.065217391,0.222222222,12,49,46,3,5,0,2,13,10,8,1,1,0,3,,1.0,0.020408163,0.061224489,3.0,,,,,,,,,-1.0,,,,,,,,0.0
George Turbeville,1013220,123504.0,P,PHA,-0.2131446886642059,,-0.3,-4.248143025976694,1.2601442337036133,-0.0057039093226194,,,,,-49.56850767950381,0.0980907364895469,,,,,0.210526314,0.105263157,0.105263157,0.105263157,0.0,0.142857142,19,20,19,0,0,0,0,2,2,2,0,0,0,0,,5.0,0.25,0.0,0.0,,,,,,,,,0.0,,,,,,,,63.2
Ed Heusser,1005756,115875.0,P,STL,-0.2180560513274218,,-0.2,-5.898197907246633,2.2682595252990723,-0.0114078186452388,,,,,-25.881060642834363,0.1475393073899405,,,,,0.31932773,0.176470588,0.142857142,0.117647058,0.05882353,0.166666666,33,36,34,1,2,0,1,6,4,3,0,1,0,1,,10.0,0.277777777,0.027777777,0.1,,,,,,,,,0.0,,,,,,,,123.1
Dazzy Vance,1013342,123630.0,P,BRO,-0.2204815134890028,,-0.22,-4.039319438292668,1.071122646331787,-0.0028519546613097,,,,,-82.783454599406,0.0548154115676879,,,,,0.117647058,0.058823529,0.058823529,0.058823529,0.0,0.071428571,20,17,17,1,2,0,0,1,1,1,0,0,0,0,,3.0,0.176470588,0.0,0.0,,,,,,,,,0.0,,,,,,,,51.0
Carl Doyle,1003457,113534.0,P,PHA,-0.2206674216771298,,-0.25,-5.413843237219748,1.9532235860824585,-0.0142597733065485,,,,,-22.81547790752166,0.1442212193242965,,,,,0.294623655,0.133333333,0.161290322,0.133333333,0.0,0.210526315,14,31,30,1,1,0,0,4,4,4,0,0,0,1,,11.0,0.354838709,0.032258064,0.09090909,,,,,,,,,0.0,,,,,,,,79.2
John Beckwith,1014583,,C,HG,-0.2246937374540853,,0.0,-2.032859079766925,-0.9012345671653748,-0.0085558639839291,,,,,18.534971317680437,0.2185464676688699,,,,,0.435294117,0.2,0.235294117,0.133333333,0.066666667,,6,17,15,0,1,0,1,3,2,1,1,0,0,2,,,,0.117647058,,,,,,,,,,-1.0,,,,,,,,49.0
Oral Hildebrand,1005804,115925.0,P,CLE,-0.2269900976535207,,-0.17,-8.638899021578641,3.969454288482666,-0.0256675919517874,,,,,3.59931837172707,0.1917779278336909,,,,,0.411164274,0.218181818,0.192982456,0.163636363,0.054545455,0.1875,34,63,55,9,4,0,2,12,9,7,1,1,0,2,,7.0,0.111111111,0.031746031,0.285714285,,,,,,,,,0.0,,,,,,,,171.1
George Dickey,1003274,113339.0,C,BOS,-0.2276359608593027,,-0.34,-2.98076716749691,0.1234567910432815,-0.0028519546613097,,,,,-74.97887501847933,0.0619508177042007,,,,,0.083333333,0.0,0.083333333,0.0,0.0,0.0,5,12,11,1,1,0,0,0,0,0,0,0,0,1,,3.0,0.25,0.083333333,0.333333333,,,,,,,,,0.0,,,,,,,,0.0
Phil Collins,1002461,112517.0,P,- - -,-0.2381731104755273,,-0.16,-6.112884871545647,2.268259614706039,-0.0142597733065485,,,,,-25.351080959154856,0.1397143062204122,,,,,0.285282258,0.129032258,0.15625,0.129032258,0.0,0.137931034,29,36,31,3,0,0,0,4,4,4,0,0,0,1,,2.0,0.055555555,0.027777777,0.5,,,,,,,,,0.0,,,,,,,,97.1
Leon Day,1015012,,P,BE,-0.2389434435373012,,0.0,-4.139433010076008,-0.0432098768651485,-0.0256675919517874,,,,,38.81763474015329,0.2545918783415918,,,,,0.539939332,0.279069767,0.260869565,0.209302325,0.069767442,,18,46,43,7,4,0,3,12,9,6,3,0,0,3,,,,0.065217391,,,,,,,,,,1.0,,,,,,,,127.2
Elbie Fletcher,1004150,114235.0,1B,BSN,-0.2412305648624632,,-0.32,-7.638347866961626,-0.6851851940155029,0.1058854991570115,,,,,62.02803048997756,0.2721190379511925,,,,,0.588535308,0.317567567,0.270967741,0.236486486,0.081081081,0.253731343,39,157,148,12,9,1,9,47,35,26,7,1,1,7,,13.0,0.082802547,0.044585987,0.538461538,,,,,,,,,1.0,,,,,,,,0.0
Jack Marshall,1015829,,2B,CAG,-0.2414696246846049,,0.0,-2.9005784948653743,-6.592329978942871,0.6003631856292486,,,,,88.5946096761069,0.343053214322953,,,,,0.719927535,0.353260869,0.366666666,0.277173913,0.076086956,,46,210,184,35,19,3,7,65,51,44,3,1,4,24,,,,0.114285714,,,,,,,,,,-9.0,,,,,,,,411.0
Lloyd Brown,1001540,111571.0,P,CLE,-0.2450471571793444,,-0.27,-6.66076483494748,2.5832955837249756,-0.0114078186452388,,,,,-14.35372936962198,0.1608213308529976,,,,,0.343035342,0.189189189,0.153846153,0.108108108,0.081081081,0.19047619,42,41,37,3,2,0,2,7,4,2,1,1,0,2,,16.0,0.390243902,0.048780487,0.125,,,,,,,,,0.0,,,,,,,,122.0
Frank Blake,1014633,,P,NYC,-0.2465056142593453,,0.0,-3.376026602923438,0.0,-0.0114078186452388,,,,,-9.61276715804598,0.1685236096382141,,,,,0.34047619,0.15,0.19047619,0.15,0.0,,12,21,20,2,1,0,0,3,3,3,0,0,0,1,,,,0.047619047,,,,,,,,,,0.0,,,,,,,,49.1
Dennis Gilchrist,1015247,,2B,- - -,-0.2473980744643605,,0.0,1.947057456639943,-6.282001316547394,0.1315530911087989,,,,,120.361606192919,0.3995080502306828,,,,,0.834779812,0.392156862,0.44262295,0.333333333,0.058823529,,18,61,51,16,7,0,3,20,17,14,3,0,1,10,,,,0.163934426,,,,,,,,,,-7.0,,,,,,,,139.0
Pedro Arango,1014515,,3B,NYC,-0.247494878657752,,0.0,-6.7762439667148735,1.3703703582286837,0.7458128733560443,,,,,32.28769628620569,0.2429871739525544,,,,,0.509733236,0.246575342,0.263157894,0.232876712,0.01369863,,21,76,73,5,5,0,1,18,17,16,1,0,4,2,,,,0.026315789,,,,,,,,,,1.0,,,,,,,,173.2
Bun Hayes,1015393,,P,- - -,-0.2511007126566862,,0.0,-4.748216396187061,1.32315144687891,-0.0057039093226194,,,,,-54.29042037422336,0.0887487615857805,,,,,0.19047619,0.095238095,0.095238095,0.095238095,0.0,,13,21,21,2,0,0,0,2,2,2,0,0,0,0,,,,0.0,,,,,,,,,,0.0,,,,,,,,60.0
Alvin Crowder,1002820,112879.0,P,DET,-0.2516994505052632,,-0.22,-12.849570568984188,6.489742755889893,-0.0598910478875041,,,,,12.445801798897945,0.2066502139276387,,,,,0.42879087,0.204301075,0.224489795,0.182795698,0.021505377,0.188888888,33,103,93,6,8,0,1,19,17,16,0,1,0,5,,3.0,0.029126213,0.048543689,1.666666666,,,,,,,,,0.0,,,,,,,,241.0
Bill Hallahan,1005229,115358.0,P,STL,-0.2527234615925316,,-0.2,-8.847313723664547,3.906447172164917,-0.0256675919517874,,,,,-9.532320228399064,0.1733600969972281,,,,,0.368842364,0.196428571,0.172413793,0.142857142,0.053571429,0.166666666,40,62,56,8,3,1,1,11,8,7,0,0,0,2,,13.0,0.209677419,0.032258064,0.153846153,,,,,,,,,0.0,,,,,,,,181.1
Cando López,1015789,,OF,NYC,-0.2599741111999558,,0.0,-5.7592475780239685,0.3976608514785766,0.1486648190766573,,,,,43.07274153307746,0.262153857190844,,,,,0.550346856,0.268656716,0.28169014,0.23880597,0.029850746,,18,71,67,9,1,0,2,18,16,14,2,0,1,4,,,,0.056338028,,,,,,,,,,3.0,,,,,,,,406.3
Flea Clifton,1002351,112405.0,3B,DET,-0.2614151713976835,,-0.17,-7.859978610313914,0.790123462677002,-0.1365650547668337,,,,,54.618109695431784,0.2793682926687701,,,,,0.593103448,0.3,0.293103448,0.254545454,0.045454546,0.288659793,43,120,110,15,9,0,5,33,28,23,5,0,2,5,,13.0,0.108333333,0.041666666,0.384615384,,,,,,,,,0.0,,,,,,,,0.0
Bucky Walters,1013583,123898.0,P,PHI,-0.2644747328030789,,0.32,-6.559059769084035,-0.1358024626970291,-0.0855586398392915,,,,,53.42640152273943,0.2902655891009739,,,,,0.60595238,0.291666666,0.314285714,0.25,0.041666666,0.285714285,49,107,96,14,6,0,3,28,24,21,2,1,0,9,,12.0,0.112149532,0.084112149,0.75,,,,,,,,,0.0,,,,,,,,151.0
Pepper Bassett,1014573,,C,PS,-0.265704336639089,,0.0,-4.762988273804412,0.4012345671653747,-0.0228156372904777,,,,,24.582822567549425,0.2292944289917169,,,,,0.4944629,0.261904761,0.232558139,0.214285714,0.047619047,,15,43,42,3,5,0,2,11,9,7,2,0,0,1,,,,0.023255813,,,,,,,,,,0.0,,,,,,,,94.0
Enrique Lantigua,1015722,,C,NYC,-0.269298390301336,,0.0,-2.343756561208696,-0.8888888880610466,-0.0057039093226194,,,,,-33.29615192393454,0.1264345943927765,,,,,0.166666666,0.0,0.166666666,0.0,0.0,,6,12,10,0,0,0,0,0,0,0,0,0,0,1,,,,0.083333333,,,,,,,,,,-1.0,,,,,,,,34.0
Leonard Lindsay,1015758,,1B,ND,-0.2707151480093771,,0.0,-2.6752093895424665,-1.3888888955116272,-0.0256675919517874,,,,,48.20983414372966,0.2712832604135786,,,,,0.579831932,0.294117647,0.285714285,0.264705882,0.029411765,,9,35,34,3,3,0,1,10,9,8,1,0,0,1,,,,0.028571428,,,,,,,,,,-1.0,,,,,,,,75.0
Walter Thomas,1016549,,P,CAG,-0.2748424821789276,,0.0,-1.5486822368520878,-2.172839507460594,-0.0142597733065485,,,,,59.62466200541121,0.2915691641660837,,,,,0.653846153,0.384615384,0.269230769,0.269230769,0.115384615,,16,26,26,3,2,0,2,10,7,5,1,1,0,0,,,,0.0,,,,,,,,,,-3.0,,,,,,,,83.1
Heinie Mueller,1009280,119473.0,1B,SLB,-0.2759349164773735,,-0.27,-3.758241052788562,-0.1851851791143417,-0.0142597733065485,,,,,5.717698617243609,0.2059809331383024,,,,,0.436507936,0.222222222,0.214285714,0.185185185,0.037037037,0.217391304,16,28,27,0,1,0,1,6,5,4,1,0,0,1,,4.0,0.142857142,0.035714285,0.25,,,,,,,,,0.0,,,,,,,,0.0
Otis Starks,1016480,,P,BE,-0.2800483909161106,,0.0,-1.8048542195193469,-2.0432098768651485,-0.0256675919517874,,,,,56.52815771071611,0.2860662000519888,,,,,0.59065934,0.269230769,0.321428571,0.269230769,0.0,,11,28,26,3,0,0,0,7,7,7,0,0,0,2,,,,0.071428571,,,,,,,,,,-3.0,,,,,,,,76.1
Heliodoro Díaz,1015038,,C,NYC,-0.2806108413769836,,0.0,-1.8448136726055184,-1.7962962985038755,-0.0142597733065485,,,,,43.07482018055342,0.2621575512669303,,,,,0.558441557,0.285714285,0.272727272,0.238095238,0.047619047,,11,22,21,2,2,0,1,6,5,4,1,0,0,1,,,,0.045454545,,,,,,,,,,-2.0,,,,,,,,71.2
Pat Malone,1008044,118214.0,P,NYY,-0.2813998586754412,,-0.29,-4.58185652218581,1.0081154108047483,0.0,,,,,-100.0,0.0,,,,,0.0,0.0,0.0,0.0,0.0,0.0,29,16,15,0,0,0,0,0,0,0,0,0,0,0,,4.0,0.25,0.0,0.0,,,,,,,,,0.0,,,,,,,,56.1
Tuck Stainback,1012386,122643.0,OF,CHC,-0.2821501380483716,,-0.24,-3.2081950970938324,-3.1790122985839844,0.1458128644153475,,,,,73.38192164271486,0.2990707705418269,,,,,0.664450354,0.393617021,0.270833333,0.255319148,0.138297873,0.269230769,47,97,94,16,11,3,7,37,24,17,4,0,1,0,,13.0,0.134020618,0.0,0.0,,,,,,,,,-2.0,,,,,,,,0.0
Danny MacFayden,1007904,118074.0,P,- - -,-0.2908443421102654,,-0.21,-9.353333318881845,3.969454407691955,-0.0171117279678583,,,,,-14.081427212179834,0.1529193059090645,,,,,0.338709677,0.193548387,0.14516129,0.14516129,0.048387097,0.209302325,35,63,62,2,3,0,3,12,9,6,3,0,0,0,,19.0,0.301587301,0.0,0.0,,,,,,,,,0.0,,,,,,,,187.2
Dib Williams,1013990,124306.0,2B,- - -,-0.2928617293030489,,-0.2,-14.90374726662166,1.3950616493821144,0.1889553610235452,,,,,63.679323202055414,0.3005988624962893,,,,,0.636859309,0.325670498,0.311188811,0.245210727,0.080459771,0.26068376,79,293,261,26,25,3,15,85,64,49,12,0,2,24,,24.0,0.081911262,0.081911262,1.0,,,,,,,,,-1.0,,,,,,,,0.0
Ray Prim,1010537,120769.0,P,PHI,-0.3067713895353639,,-0.24,-5.65458102955785,1.512173056602478,-0.0057039093226194,,,,,-81.19041938826625,0.0776551663875579,,,,,0.166666666,0.083333333,0.083333333,0.083333333,0.0,0.095238095,29,24,24,1,1,0,0,2,2,2,0,0,0,0,,3.0,0.125,0.0,0.0,,,,,,,,,0.0,,,,,,,,73.1
Slim Jones,1015653,,P,PS,-0.3109502644297429,,0.0,-6.076423567934726,1.7642019987106323,-0.0085558639839291,,,,,-48.25953824699138,0.0998423567840031,,,,,0.214285714,0.107142857,0.107142857,0.107142857,0.0,,17,28,28,2,0,0,0,3,3,3,0,0,0,0,,,,0.0,,,,,,,,,,0.0,,,,,,,,67.1
Adam Comorosky,1002486,112541.0,OF,CIN,-0.3120075323626557,,-0.31,-6.162818739408067,-2.419753074645996,0.0973296351730823,,,,,67.21677787753089,0.2874108890007282,,,,,0.618122325,0.328467153,0.289655172,0.248175182,0.080291971,0.264462809,59,147,137,22,14,2,6,45,34,28,3,1,1,7,,14.0,0.095238095,0.047619047,0.5,,,,,,,,,-1.0,,,,,,,,0.0
Al Hollingsworth,1005955,116081.0,P,CIN,-0.3131699382495692,,-0.38,-9.095599094431533,3.6544182300567623,-0.0256675919517874,,,,,-20.381668374308035,0.149060105193745,,,,,0.311784511,0.148148148,0.163636363,0.148148148,0.0,0.181818181,39,58,54,5,2,0,0,8,8,8,0,0,0,1,,10.0,0.172413793,0.017241379,0.1,,,,,,,,,0.0,,,,,,,,173.1
Jim Walkup,1013541,123847.0,P,SLB,-0.3139337593558874,,-0.32,-8.777356287906237,3.4653966426849365,-0.0256675919517874,,,,,-12.197636735646483,0.1750893639583213,,,,,0.345014601,0.14893617,0.196078431,0.127659574,0.021276596,0.206896551,55,55,47,4,4,0,1,7,6,5,1,0,0,4,,18.0,0.327272727,0.072727272,0.222222222,,,,,,,,,0.0,,,,,,,,181.1
Willie Gisentaner,1015258,,P,HG,-0.3139602225926399,,0.0,-3.829605155411059,-1.086419753730297,-0.019963682629168,,,,,43.34074688121562,0.2626301438912101,,,,,0.580039524,0.34090909,0.239130434,0.204545454,0.136363636,,23,46,44,8,5,1,4,15,9,5,3,0,0,2,,,,0.04347826,,,,,,,,,,-1.0,,,,,,,,122.1
Al Benton,1000853,110881.0,P,PHA,-0.316820278562707,,-0.35,-6.143951977057193,1.7642019987106323,-0.0085558639839291,,,,,-54.50378147066923,0.0895808007982042,,,,,0.151111111,0.04,0.111111111,0.04,0.0,0.071428571,27,28,25,1,0,0,0,1,1,1,0,0,0,2,,11.0,0.392857142,0.071428571,0.181818181,,,,,,,,,0.0,,,,,,,,78.1
Joe Mowry,1009272,119467.0,OF,BSN,-0.3236326593925238,,-0.27,-1.7361192313628795,-6.882716059684753,-0.1083742771297693,,,,,91.75620631823952,0.3190709714953963,,,,,0.684618441,0.360294117,0.324324324,0.264705882,0.095588235,0.286885245,81,152,136,17,13,1,10,49,36,26,8,1,0,11,,13.0,0.085526315,0.072368421,0.846153846,,,,,,,,,-5.0,,,,,,,,0.0
Anthony Cooper,1014903,,OF,ND,-0.327909086584323,,0.0,-2.3132209663149546,-2.7592592537403107,-0.039927365258336,,,,,68.89500783794159,0.3080439937114715,,,,,0.660425531,0.340425531,0.32,0.276595744,0.063829787,,13,50,47,8,5,0,2,16,13,11,1,1,0,3,,,,0.06,,,,,,,,,,-2.0,,,,,,,,171.0
Vic Sorrell,1012283,122538.0,P,DET,-0.3296858356061634,,-0.32,-5.294507495935866,1.134129762649536,0.0,,,,,-100.0,0.0,,,,,0.0,0.0,0.0,0.0,0.0,0.0,12,18,18,0,0,0,0,0,0,0,0,0,0,0,,7.0,0.388888888,0.0,0.0,,,,,,,,,0.0,,,,,,,,51.1
Oscar Melillo,1008748,118933.0,2B,- - -,-0.3331335351312892,,-0.33,-27.818772405323045,5.796296298503876,-0.7241021227091551,,,,,62.83147822870068,0.3002107115352855,,,,,0.626559714,0.303030303,0.323529411,0.253246753,0.04978355,0.266666666,125,514,462,53,44,1,19,140,117,98,16,2,3,46,,26.0,0.050583657,0.089494163,1.769230769,,,,,,,,,2.0,,,,,,,,0.0
Jimmy Miles,1015927,,OF,CAG,-0.3343981496685036,,0.0,-3.066260555274129,-1.2160493731498718,-0.0142597733065485,,,,,5.0911893994871935,0.194654800675132,,,,,0.377272727,0.15,0.227272727,0.15,0.0,,5,22,20,2,1,0,0,3,3,3,0,0,0,2,,,,0.09090909,,,,,,,,,,-1.0,,,,,,,,150.0
Johnny Taylor,1016541,,P,NYC,-0.3399985566305744,,0.0,-6.386423505183746,1.7642019987106323,-0.0085558639839291,,,,,-55.833936667578435,0.0863814864839826,,,,,0.145604395,0.038461538,0.107142857,0.038461538,0.0,,15,28,26,2,0,0,0,1,1,1,0,0,0,2,,,,0.071428571,,,,,,,,,,0.0,,,,,,,,74.1
Johnny McCarthy,1008375,118552.0,1B,BRO,-0.357575967430073,,-0.27,-2.670186109076374,-2.820987641811371,0.1657765470445156,,,,,56.33687173476846,0.2745385575294494,,,,,0.5925,0.3125,0.28,0.25,0.0625,0.307692307,22,50,48,9,4,0,2,15,12,10,1,1,1,2,,9.0,0.18,0.04,0.222222222,,,,,,,,,-2.0,,,,,,,,0.0
Glenn Wright,1014280,124596.0,2B,CHW,-0.3641902744433088,,-0.44,-5.0299919530095245,0.2160493731498718,-0.0057039093226194,,,,,-36.256026342567615,0.1264132928848266,,,,,0.28,0.16,0.12,0.12,0.04,0.157894736,9,26,25,1,1,0,1,4,3,2,1,0,0,0,,6.0,0.23076923,0.0,0.0,,,,,,,,,0.0,,,,,,,,0.0
Ted Trent,1016602,,P,CAG,-0.3672652386657519,,0.0,-6.972910161945468,1.9532235860824585,-0.0085558639839291,,,,,-53.696413781425015,0.0901801932242608,,,,,0.193548386,0.096774193,0.096774193,0.096774193,0.0,,15,31,31,0,2,0,0,3,3,3,0,0,0,0,,,,0.0,,,,,,,,,,0.0,,,,,,,,91.1
Fay Thomas,1012973,123243.0,P,SLB,-0.3713301786334211,,-0.38,-8.304465707604297,2.772317409515381,-0.0142597733065485,,,,,-32.85171956442049,0.1394753485918045,,,,,0.281578947,0.131578947,0.15,0.105263157,0.02631579,0.235294117,49,44,38,2,0,0,1,5,4,3,1,0,0,2,,21.0,0.477272727,0.045454545,0.095238095,,,,,,,,,0.0,,,,,,,,147.0
Alex Kampouris,1006685,116828.0,2B,CIN,-0.3744274027015442,,-0.85,-15.635813474851709,-7.277777671813965,1.2606174191460011,,,,,76.13382513053892,0.3014942492597769,,,,,0.655280541,0.360721442,0.294559099,0.246492985,0.114228457,0.284313725,148,545,499,46,62,7,38,180,123,85,26,5,8,32,,84.0,0.15412844,0.058715596,0.38095238,,,,,,,,,-12.0,,,,,,,,0.0
Ray Phelps,1010279,120509.0,P,CHW,-0.3752753927939253,,-0.48,-8.247894016822222,2.7093100547790527,-0.0171117279678583,,,,,-34.96687626965483,0.1286361856119973,,,,,0.264808361,0.121951219,0.142857142,0.121951219,0.0,0.227272727,27,43,41,1,0,0,0,5,5,5,0,0,0,1,,19.0,0.441860465,0.023255813,0.052631578,,,,,,,,,0.0,,,,,,,,125.0
Vernon Wilshere,1014058,124376.0,P,PHA,-0.3766405650328932,,-0.41,-9.150532726725729,3.2763750553131104,-0.0228156372904777,,,,,-23.76942258996581,0.1425763241788174,,,,,0.26323602,0.093023255,0.170212765,0.093023255,0.0,0.173913043,27,52,43,3,1,0,0,4,4,4,0,0,0,4,,20.0,0.384615384,0.076923076,0.2,,,,,,,,,0.0,,,,,,,,142.1
Gordon Rhodes,1010885,121128.0,P,BOS,-0.380015093884687,,-0.42,-8.89052212771548,3.087353467941284,-0.0171117279678583,,,,,-27.687688761648342,0.1434954230984052,,,,,0.312499999,0.166666666,0.145833333,0.145833333,0.020833333,0.212121212,36,49,48,3,1,0,1,8,7,6,1,0,0,0,,15.0,0.306122448,0.0,0.0,,,,,,,,,0.0,,,,,,,,146.1
Al Spohrer,1012348,122604.0,C,BSN,-0.3863341515799603,,-0.31,-15.785981050645784,1.7777776718139648,-0.1853770529851317,,,,,56.32900737220014,0.2631181441109999,,,,,0.561524268,0.288461538,0.27306273,0.242307692,0.046153846,0.251012145,92,275,260,22,16,1,9,75,63,54,7,1,0,9,,12.0,0.043636363,0.032727272,0.75,,,,,,,,,-1.0,,,,,,,,0.0
Pepper Daniels,1014970,,C,BE,-0.3877171268037693,,0.0,-1.317269988768603,-2.9382716044783592,-0.0057039093226194,,,,,0.3006704500684332,0.1861413121223449,,,,,0.347222222,0.125,0.222222222,0.125,0.0,,4,9,8,1,0,0,0,1,1,1,0,0,0,1,,,,0.111111111,,,,,,,,,,-3.0,,,,,,,,12.0
Sugar Cain,1001822,111865.0,P,- - -,-0.3964280183257064,,-0.41000000000000003,-11.039167103651288,4.347497761249542,-0.0313715012744069,,,,,-11.739434908375994,0.1721005773905551,,,,,0.366433565,0.184615384,0.181818181,0.169230769,0.015384615,0.224489795,37,69,65,3,5,0,1,12,11,10,1,0,0,1,,16.0,0.231884057,0.014492753,0.0625,,,,,,,,,0.0,,,,,,,,193.2
Bill Yancey,1016845,,SS,- - -,-0.400906241950181,,0.0,-9.711102960137993,1.098765529692173,0.1115894084796309,,,,,45.805722751045586,0.2670107849182621,,,,,0.549251151,0.258928571,0.29032258,0.214285714,0.044642857,,36,124,112,11,11,0,5,29,24,19,5,0,1,12,,,,0.096774193,,,,,,,,,,-1.0,,,,,,,,275.2
Tex Carleton,1001953,111999.0,P,CHC,-0.4073944268497781,,-0.39,-10.795538289641932,4.095468997955322,-0.0285195466130971,,,,,-27.516521362983077,0.1397143062204122,,,,,0.285282258,0.129032258,0.15625,0.129032258,0.0,0.16,31,65,62,4,2,0,0,8,8,8,0,0,0,2,,12.0,0.184615384,0.03076923,0.166666666,,,,,,,,,0.0,,,,,,,,171.0
Johnny Broaca,1001453,111490.0,P,NYY,-0.4136095372407606,,-0.61,-13.196014071242738,5.607641696929932,-0.0456312745809555,,,,,-4.184455428844826,0.1685236096382141,,,,,0.34047619,0.15,0.19047619,0.15,0.0,0.272727272,29,89,80,4,4,0,0,12,12,12,0,0,0,4,,36.0,0.404494382,0.04494382,0.111111111,,,,,,,,,0.0,,,,,,,,201.0
Joe Bowman,1001269,111304.0,P,PHI,-0.4148856307892913,,0.12,-6.990140490887795,-0.0432098768651485,0.1600726377218961,,,,,23.55117144447472,0.243081401771223,,,,,0.523018708,0.283582089,0.239436619,0.19402985,0.089552239,0.20338983,49,72,67,6,7,1,3,19,13,10,1,1,1,4,,7.0,0.097222222,0.055555555,0.571428571,,,,,,,,,0.0,,,,,,,,148.1
Hoss Walker,1016652,,SS,- - -,-0.4163568124523747,,0.0,-3.5048951475603265,-1.6913580298423767,-0.0114078186452388,,,,,4.39871388926872,0.1934241652488708,,,,,0.408333333,0.208333333,0.2,0.166666666,0.041666667,,7,25,24,4,2,0,1,5,4,3,1,0,0,1,,,,0.04,,,,,,,,,,-2.0,,,,,,,,54.0
Hugh Mulcahy,1009289,119486.0,P,PHI,-0.4230794052707496,,-0.33,-5.0870876439409045,-0.0432098768651485,0.0,,,,,-100.0,0.0,,,,,0.0,0.0,0.0,0.0,0.0,0.0,19,17,17,0,0,0,0,0,0,0,0,0,0,0,,7.0,0.411764705,0.0,0.0,,,,,,,,,0.0,,,,,,,,52.2
Fred Schulte,1011632,121880.0,OF,WAS,-0.4322995672563244,,-0.51,-6.4961004898769765,-6.876543164253235,-1.5754717262461782,,,,,86.39385928182202,0.3288579847030489,,,,,0.697855817,0.3539823,0.343873517,0.265486725,0.088495575,0.287128712,76,255,226,33,23,2,12,80,60,48,6,4,0,26,,22.0,0.086274509,0.101960784,1.181818181,,,,,,,,,-5.0,,,,,,,,0.0
Glenn Myatt,1009414,119612.0,C,- - -,-0.4406143798134087,,-0.71,-7.212406079024623,0.4320987612009048,-0.0228156372904777,,,,,12.086753059358896,0.2011656473422872,,,,,0.430395912,0.24074074,0.189655172,0.129629629,0.111111111,0.127659574,23,58,54,3,8,1,3,13,7,4,1,1,0,4,,6.0,0.103448275,0.068965517,0.666666666,,,,,,,,,0.0,,,,,,,,0.0
Buddy Lewis,1007578,117738.0,3B,WAS,-0.4416494902272241,,-0.48,-5.823023659392093,0.1111111044883728,-0.0085558639839291,,,,,-46.42204758642604,0.0998423567840031,,,,,0.214285714,0.107142857,0.107142857,0.107142857,0.0,0.130434782,8,28,28,0,2,0,0,3,3,3,0,0,0,0,,5.0,0.178571428,0.0,0.0,,,,,,,,,0.0,,,,,,,,0.0
Fred Tauby,1012846,123114.0,OF,CHW,-0.4538092928585737,,-0.46,-5.855413162407718,-0.2716049253940582,-0.0142597733065485,,,,,-14.406486393553958,0.1640886454021229,,,,,0.332720588,0.15625,0.176470588,0.125,0.03125,0.137931034,13,36,32,5,2,0,1,5,4,3,1,0,0,2,,3.0,0.083333333,0.055555555,0.666666666,,,,,,,,,0.0,,,,,,,,0.0
Granville Lyons,1015806,,1B,PS,-0.46968168814213,,0.0,-5.303528920242061,-3.1947431564331055,-0.0798547305166721,,,,,64.96351893866597,0.3010571336044985,,,,,0.640041279,0.326315789,0.31372549,0.263157894,0.063157895,,30,102,95,16,12,1,4,31,25,21,3,0,0,7,,,,0.06862745,,,,,,,,,,-2.0,,,,,,,,347.0
Zack Taylor,1012896,123143.0,C,BRO,-0.4810808169626185,,-0.41,-7.999384194966652,0.8024691343307495,-0.019963682629168,,,,,-7.765771261480279,0.17329645470569,,,,,0.360623781,0.185185185,0.175438596,0.129629629,0.055555556,0.152173913,26,57,54,2,5,0,3,10,7,4,3,0,0,2,,8.0,0.140350877,0.035087719,0.25,,,,,,,,,0.0,,,,,,,,0.0
Paul Hardy,1015351,,C,CEG,-0.503977210862583,,0.0,-6.818854041839757,-0.444444477558136,-0.0370754105970263,,,,,15.64215219731769,0.2134054834192449,,,,,0.443910805,0.207547169,0.236363636,0.207547169,0.0,,18,55,53,6,4,0,0,11,11,11,0,0,0,2,,,,0.036363636,,,,,,,,,,-1.0,,,,,,,,126.0
Si Johnson,1006502,116628.0,P,CIN,-0.5099037982294281,,-0.53,-9.905545030921076,2.83532452583313,-0.0114078186452388,,,,,-69.25821613223864,0.0718657144091346,,,,,0.115299333,0.024390243,0.09090909,0.024390243,0.0,0.047619047,30,45,41,1,0,0,0,1,1,1,0,0,0,3,,20.0,0.444444444,0.066666666,0.15,,,,,,,,,0.0,,,,,,,,130.0
Jim Weaver,1013699,124006.0,P,PIT,-0.5211693002999149,,-0.57,-12.208126176268806,4.22148323059082,-0.019963682629168,,,,,-40.03860543566716,0.1232350865999857,,,,,0.24047619,0.107142857,0.133333333,0.071428571,0.035714286,0.111111111,33,67,56,2,1,0,1,6,4,3,0,1,0,4,,20.0,0.298507462,0.059701492,0.2,,,,,,,,,0.0,,,,,,,,176.1
Larry French,1004338,114421.0,P,CHC,-0.5238991965072284,,-0.41,-15.11400247089072,6.048692226409912,-0.0370754105970263,,,,,-20.899900944701272,0.1501644301688534,,,,,0.313860716,0.152941176,0.16091954,0.14117647,0.011764706,0.169014084,42,96,85,4,5,0,1,13,12,11,1,0,0,1,,14.0,0.145833333,0.010416666,0.071428571,,,,,,,,,0.0,,,,,,,,246.1
Cocaína García,1015216,,P,NYC,-0.5277362318684887,,0.0,-4.5592520944490005,-2.216049373149872,0.3828882779926061,,,,,6.0802026303147265,0.1964124292135238,,,,,0.406565656,0.212121212,0.194444444,0.121212121,0.090909091,,20,36,33,3,2,1,1,7,4,3,0,0,2,3,,,,0.083333333,,,,,,,,,,-3.0,,,,,,,,113.0
Ed Boland,1001138,111167.0,OF,PHI,-0.529423847659688,,-0.43,-4.990934470123588,-2.3703703582286835,0.1600726377218961,,,,,22.248940221771427,0.2410246905158548,,,,,0.48727576,0.212765957,0.274509803,0.212765957,0.0,0.243902439,30,51,47,5,4,0,0,10,10,10,0,0,1,4,,6.0,0.117647058,0.078431372,0.666666666,,,,,,,,,-2.0,,,,,,,,0.0
Lefty Grove,1005099,115201.0,P,BOS,-0.5348814365876433,,-0.68,-16.365027487755395,6.804779052734375,-0.0484832292422652,,,,,-6.526820666643044,0.1799832927245719,,,,,0.342145846,0.146067415,0.196078431,0.078651685,0.06741573,0.153846153,35,108,89,5,5,1,3,13,7,4,1,1,0,13,,49.0,0.453703703,0.12037037,0.265306122,,,,,,,,,0.0,,,,,,,,273.0
John Whitehead,1013882,124198.0,P,CHW,-0.5368908641558793,,-0.55,-14.610332354395016,5.67064905166626,-0.0456312745809555,,,,,-14.107345924044369,0.1646044559256975,,,,,0.332387974,0.146341463,0.186046511,0.146341463,0.0,0.164383561,28,90,82,7,9,0,0,12,12,12,0,0,0,4,,9.0,0.1,0.044444444,0.444444444,,,,,,,,,0.0,,,,,,,,222.1
Babe Dahlgren,1002925,112992.0,1B,BOS,-0.541593263988221,,-0.86,-14.196066773900782,-12.438271522521973,-1.5084928777068851,,,,,84.98978673685548,0.3377861779642431,,,,,0.729709719,0.392380952,0.337328767,0.262857142,0.12952381,0.287305122,149,596,525,77,63,9,43,206,138,95,27,7,6,56,,67.0,0.112416107,0.093959731,0.835820895,,,,,,,,,-6.0,,,,,,,,0.0
Dutch Leonard,1007533,117689.0,P,BRO,-0.5434271566589737,,-0.53,-9.866510069622842,2.5832955837249756,-0.0028519546613097,,,,,-85.19894070847683,0.051000453531742,,,,,0.101282051,0.051282051,0.05,0.025641025,0.025641026,0.033333333,43,41,39,1,2,0,1,2,1,0,1,0,0,1,,9.0,0.219512195,0.024390243,0.111111111,,,,,,,,,0.0,,,,,,,,137.2
Bill Walker,1013508,123846.0,P,STL,-0.5455183875843665,,-0.54,-12.567174942847322,4.284490585327148,-0.019963682629168,,,,,-42.043917672538235,0.1220120973274356,,,,,0.249791607,0.118644067,0.13114754,0.101694915,0.016949152,0.157894736,38,68,59,4,3,0,1,7,6,5,1,0,0,2,,21.0,0.308823529,0.029411764,0.095238095,,,,,,,,,0.0,,,,,,,,193.1
Alan Strange,1012595,122856.0,SS,- - -,-0.5550523445306949,,-0.55,-17.00073085220555,3.0123456716537476,-0.1568575063720345,,,,,47.9091243660036,0.2744033355433661,,,,,0.571399757,0.278606965,0.292792792,0.218905472,0.059701493,0.227979274,69,228,201,11,22,0,10,56,44,34,8,2,0,21,,8.0,0.035087719,0.092105263,2.625,,,,,,,,,-1.0,,,,,,,,0.0
Cy Blanton,1001055,111083.0,P,PIT,-0.5718073709120888,,-0.65,-16.41885739110137,6.552750110626221,-0.0456312745809555,,,,,-21.19515669205219,0.1529959558260323,,,,,0.312646727,0.144329896,0.168316831,0.134020618,0.010309278,0.166666666,35,104,97,3,6,0,1,14,13,12,1,0,0,4,,19.0,0.182692307,0.038461538,0.210526315,,,,,,,,,0.0,,,,,,,,254.1
Rabbit Martínez,1015837,,SS,NYC,-0.5774932216123516,,0.0,-7.789289375992369,-0.7592592239379883,-0.0484832292422652,,,,,25.411407170721407,0.2307669511983092,,,,,0.477401723,0.223880597,0.253521126,0.208955223,0.014925374,,24,71,67,8,2,0,1,15,14,13,1,0,0,4,,,,0.056338028,,,,,,,,,,-2.0,,,,,,,,183.0
Harlin Pool,1010437,120664.0,OF,CIN,-0.615088115244105,,-0.71,-6.1853518000111585,-2.7777777910232544,-0.0171117279678583,,,,,32.16597725767417,0.2320525356701442,,,,,0.523529411,0.323529411,0.2,0.176470588,0.147058823,0.181818181,28,70,68,8,11,0,8,22,12,4,6,2,0,2,,2.0,0.028571428,0.028571428,1.0,,,,,,,,,-2.0,,,,,,,,0.0
Ivy Andrews,1000253,110267.0,P,SLB,-0.6162153200773346,,-0.58,-13.878083154351849,4.662533760070801,-0.0313715012744069,,,,,-31.937869349680177,0.1410511084965297,,,,,0.289495798,0.132352941,0.157142857,0.132352941,0.0,0.157894736,50,74,68,5,4,0,0,9,9,9,0,0,0,2,,11.0,0.148648648,0.027027027,0.181818181,,,,,,,,,0.0,,,,,,,,213.1
Jim Bottomley,1001228,111266.0,1B,CIN,-0.6205112529258479,,-0.88,-17.739387121432383,-4.1913580894470215,0.3148045428097248,,,,,67.14344502184952,0.2872950689320348,,,,,0.616864355,0.32330827,0.293556085,0.258145363,0.065162907,0.272727272,107,423,399,44,49,1,23,129,103,80,21,1,3,18,,24.0,0.056737588,0.042553191,0.75,,,,,,,,,0.0,,,,,,,,0.0
Paul Arnold,1014523,,OF,ND,-0.6249590773397552,,0.0,-5.79105403800568,-4.4074074029922485,0.5144413691014051,,,,,59.683761369592,0.291674192820754,,,,,0.601967535,0.284210526,0.317757009,0.231578947,0.052631579,,29,107,95,14,7,0,4,27,22,18,3,1,3,12,,,,0.112149532,,,,,,,,,,-7.0,,,,,,,,660.0
Lloyd Davenport,1014973,,OF,PS,-0.6308941252735116,,0.0,-7.403231435848459,-1.3209876418113708,0.171480456367135,,,,,10.65244007875902,0.2045379979857083,,,,,0.439039408,0.232142857,0.206896551,0.178571428,0.053571429,,18,58,56,3,2,0,2,13,10,8,1,1,1,2,,,,0.034482758,,,,,,,,,,-1.0,,,,,,,,381.0
Ernie Orsatti,1009850,120066.0,OF,STL,-0.6341866407610166,,-0.98,-9.57584284808959,-5.790123462677002,1.834586659446359,,,,,64.14743331862115,0.2897280474586965,,,,,0.618338097,0.321266968,0.297071129,0.239819004,0.081447964,0.266666666,90,245,221,28,24,1,13,71,53,40,9,3,10,18,,25.0,0.102040816,0.073469387,0.72,,,,,,,,,-4.0,,,,,,,,0.0
Orville Jorgens,1006623,116763.0,P,PHI,-0.6464296376444079,,-0.63,-13.644087863237097,4.284490585327148,-0.0256675919517874,,,,,-54.17081355581185,0.12032925257316,,,,,0.235235731,0.096774193,0.138461538,0.096774193,0.0,0.127659574,53,68,62,2,4,0,0,6,6,6,0,0,0,3,,15.0,0.220588235,0.044117647,0.2,,,,,,,,,0.0,,,,,,,,188.1
Jack Knott,1007053,117206.0,P,SLB,-0.6469237867479485,,-0.71,-13.811102555987194,4.4105048179626465,-0.0171117279678583,,,,,-38.94612215563504,0.1289667169893941,,,,,0.276573241,0.147540983,0.129032258,0.114754098,0.032786885,0.205882352,48,70,61,3,6,0,2,9,7,5,2,0,0,1,,27.0,0.385714285,0.014285714,0.037037037,,,,,,,,,0.0,,,,,,,,187.2
Paul Derringer,1003224,113285.0,P,CIN,-0.6471680232489225,,-0.56,-16.727106891846976,6.237713813781738,-0.0342234559357166,,,,,-29.80173886852175,0.1341822826734153,,,,,0.29032258,0.150537634,0.139784946,0.139784946,0.010752688,0.164556962,45,99,93,3,7,0,1,14,13,12,1,0,0,0,,14.0,0.141414141,0.0,0.0,,,,,,,,,0.0,,,,,,,,276.2
Marvin Barker,1014559,,OF,ND,-0.6558748626907006,,0.0,-6.25330212531418,-4.665509223937988,0.1172933178022503,,,,,63.06461839137708,0.2976824954404669,,,,,0.647487361,0.350877192,0.296610169,0.271929824,0.078947368,,30,118,114,14,14,1,6,40,31,25,4,1,1,4,,,,0.033898305,,,,,,,,,,-5.0,,,,,,,,690.0
Paul Dean,1003110,113169.0,P,STL,-0.6671784099848102,,-0.71,-16.543863572383824,5.985685348510742,-0.0342234559357166,,,,,-33.78220368115298,0.1350604407079927,,,,,0.287301586,0.144444444,0.142857142,0.133333333,0.011111111,0.179104477,46,95,90,3,3,0,1,13,12,11,1,0,0,1,,23.0,0.242105263,0.010526315,0.04347826,,,,,,,,,0.0,,,,,,,,269.2
Bill Dietrich,1003289,113353.0,P,PHA,-0.6693993916119629,,-0.72,-13.458913208430408,4.032461643218994,-0.0114078186452388,,,,,-48.15499246549454,0.1005280731154269,,,,,0.215027321,0.116666666,0.098360655,0.083333333,0.033333333,0.142857142,44,64,60,1,2,0,2,7,5,3,2,0,0,1,,25.0,0.390625,0.015625,0.04,,,,,,,,,0.0,,,,,,,,185.1
Tom Carey,1001949,111992.0,2B,SLB,-0.6898605154223147,,-0.48,-13.3299692329367,-4.654320955276489,-1.1273172600194812,,,,,72.3338725181187,0.3208477834667588,,,,,0.698766727,0.378378378,0.320388349,0.29054054,0.087837838,0.301754385,76,311,296,29,42,0,22,112,86,64,18,4,0,13,,11.0,0.035369774,0.041800643,1.181818181,,,,,,,,,-7.0,,,,,,,,0.0
Bert Johnson,1015581,,OF,ND,-0.6903526451854729,,0.0,0.9018526137752731,-11.25308644771576,0.1229972271248698,,,,,105.1732584319098,0.3725160215664835,,,,,0.829106399,0.479591836,0.349514563,0.31632653,0.163265306,,31,103,98,18,23,2,9,47,31,22,4,3,1,5,,,,0.048543689,,,,,,,,,,-19.0,,,,,,,,618.0
Lefty Gomez,1004821,114917.0,P,NYY,-0.7191128498216011,,-0.69,-16.851006995762276,5.859670639038086,-0.4909337861463427,,,,,-24.038593178497997,0.1342889465564905,,,,,0.271644717,0.120481927,0.15116279,0.120481927,0.0,0.147058823,34,93,83,4,4,0,0,10,10,10,0,0,0,3,,15.0,0.161290322,0.032258064,0.2,,,,,,,,,0.0,,,,,,,,246.0
Johnny Burnett,1001699,111739.0,3B,SLB,-0.7396373670203606,,-0.5,-18.18800003354627,2.055555582046509,0.0459944512695074,,,,,44.34241260604239,0.272581864727868,,,,,0.570442286,0.281553398,0.288888888,0.22330097,0.058252428,0.242105263,70,231,206,17,26,0,11,58,46,35,10,1,1,19,,16.0,0.069264069,0.082251082,1.1875,,,,,,,,,0.0,,,,,,,,0.0
Joe Kuhel,1007202,117356.0,1B,WAS,-0.7465330560879886,,-0.19,-17.624909634260064,-15.524691104888916,-1.4171959208324552,,,,,84.19341695829009,0.3250637427910224,,,,,0.683527214,0.338072669,0.345454545,0.260663507,0.077409162,0.277683134,151,723,633,99,74,2,36,214,165,129,25,9,5,78,,44.0,0.060857538,0.107883817,1.772727272,,,,,,,,,-9.0,,,,,,,,0.0
Bill Brenzel,1001395,111432.0,C,CLE,-0.7665654826921168,,-1.11,-15.24751814971559,1.5740740299224854,-0.5961273396387696,,,,,32.91697012956098,0.2423306107521057,,,,,0.517605633,0.267605633,0.25,0.218309859,0.049295774,0.234848484,52,154,142,12,14,0,6,38,31,25,5,1,2,6,,10.0,0.064935064,0.038961038,0.6,,,,,,,,,0.0,,,,,,,,0.0
Dee Miles,1008861,119052.0,OF,WAS,-0.7680730550982032,,-0.53,-14.277459163568556,-1.9444444179534912,-0.7808468546718359,,,,,57.7042439499581,0.2793882304777479,,,,,0.598456564,0.306976744,0.29147982,0.265116279,0.041860465,0.282178217,60,225,215,28,29,0,7,66,57,50,5,2,6,7,,13.0,0.057777777,0.031111111,0.538461538,,,,,,,,,0.0,,,,,,,,0.0
George Blaeholder,1001025,111053.0,P,- - -,-0.7883278585652933,,-0.88,-14.234731614038168,3.717425495386124,-0.0114078186452388,,,,,-69.05078400649816,0.0644335311192732,,,,,0.116923076,0.04,0.076923076,0.04,0.0,0.076923076,29,59,50,0,0,0,0,2,2,2,0,0,0,2,,24.0,0.406779661,0.033898305,0.083333333,,,,,,,,,0.0,,,,,,,,166.2
Joe Coscarart,1002648,112708.0,3B,BSN,-0.8479576314260593,,-0.82,-15.506079367880576,-4.111111164093018,0.2032151343300938,,,,,60.35018307117279,0.2694690879185994,,,,,0.57596244,0.299295774,0.276666666,0.235915492,0.063380282,0.258823529,86,305,284,30,29,1,14,85,67,53,11,2,2,16,,28.0,0.091803278,0.052459016,0.571428571,,,,,,,,,-7.0,,,,,,,,0.0
Flash Miller,1015936,,2B,ND,-0.8510209803952316,,0.0,-6.737250682066752,-6.456790089607239,0.3058855021372437,,,,,63.217659421966175,0.2979544728766871,,,,,0.633074603,0.327731092,0.305343511,0.235294117,0.092436975,,39,131,119,12,12,1,7,39,28,21,4,2,2,10,,,,0.076335877,,,,,,,,,,-8.0,,,,,,,,299.0
Rabbit Maranville,1008099,118276.0,2B,BSN,-0.8617098548603225,,-0.96,-9.181334221052929,-2.3827160596847534,-0.0313715012744069,,,,,0.7923139435770403,0.1754048866885049,,,,,0.364818762,0.179104477,0.185714285,0.149253731,0.029850746,0.15625,23,71,67,3,5,0,2,12,10,8,2,0,0,3,,3.0,0.042253521,0.042253521,1.0,,,,,,,,,-3.0,,,,,,,,0.0
Blondy Ryan,1011333,121592.0,SS,- - -,-0.8735668784761466,,-0.8700000000000001,-15.899451790605248,-1.9382716417312624,0.0203268593177199,,,,,52.66981812573261,0.2789137227748468,,,,,0.596310193,0.307692307,0.288617886,0.252136752,0.055555555,0.285714285,69,248,234,25,21,1,8,72,59,51,4,3,1,10,,30.0,0.120967741,0.04032258,0.333333333,,,,,,,,,-6.0,,,,,,,,0.0
Skeeter Newsome,1009548,119751.0,SS,PHA,-0.8753994577044537,,-0.97,-14.507109683237424,-0.0864198207855224,-0.1280091907829046,,,,,32.85567545026053,0.2402154751618703,,,,,0.522988505,0.289655172,0.233333333,0.206896551,0.082758621,0.214814814,59,151,145,18,10,1,9,42,30,21,7,1,2,5,,9.0,0.059602649,0.033112582,0.555555555,,,,,,,,,-2.0,,,,,,,,0.0
Jack Burns,1001711,111750.0,1B,SLB,-0.9060637895150044,,-0.16,-12.459036909495904,-19.09259271621704,-0.8552920371294022,,,,,87.17574838102765,0.3464397596116976,,,,,0.733637504,0.367941712,0.365695792,0.285974499,0.081967213,0.307070707,143,638,549,77,67,5,34,202,157,123,28,1,3,68,,49.0,0.076802507,0.106583072,1.387755102,,,,,,,,,-13.0,,,,,,,,0.0
Ab Wright,1014268,124591.0,OF,CLE,-0.9161219900006136,,-0.96,-8.834145036413787,-6.919753074645996,-0.1565287373960018,,,,,65.43140613774112,0.2983955366666926,,,,,0.646947674,0.35625,0.290697674,0.2375,0.11875,0.255319148,67,177,160,17,18,2,14,57,38,24,11,1,2,10,,17.0,0.096045197,0.056497175,0.588235294,,,,,,,,,-5.0,,,,,,,,0.0
Ray Pepper,1010174,120396.0,OF,SLB,-0.9545312582078184,,-0.97,-13.6722019386125,-6.339506149291992,-1.0902418494224548,,,,,68.65152595766662,0.3144982811394959,,,,,0.685360166,0.379310344,0.306049822,0.252873563,0.126436781,0.275555555,92,283,261,20,37,4,22,99,66,44,15,3,0,20,,32.0,0.113074204,0.070671378,0.625,,,,,,,,,-4.0,,,,,,,,0.0
Pete Washington,1016684,,OF,PS,-0.9585569493046596,,0.0,-6.4121325657801584,-5.185185179114342,-0.0228156372904777,,,,,8.933684694494026,0.2014835054675738,,,,,0.425724637,0.217391304,0.208333333,0.173913043,0.043478261,,15,48,46,4,4,0,2,10,8,6,2,0,0,2,,,,0.041666666,,,,,,,,,,-9.0,,,,,,,,349.3
Crush Holloway,1015466,,OF,BE,-1.0033012221759428,,0.0,-4.231249197127616,-8.777777791023254,0.5515167796984315,,,,,59.09901987775934,0.2906350173056126,,,,,0.631164383,0.356164383,0.275,0.205479452,0.150684931,,19,80,73,15,7,3,5,26,15,10,2,0,3,7,,,,0.0875,,,,,,,,,,-15.0,,,,,,,,447.0
Johnny Vergez,1013413,123709.0,3B,PHI,-1.0312161405458773,,-0.94,-23.842645764015487,-8.173991918563843,1.183614643290639,,,,,67.94425818470233,0.3131947269375692,,,,,0.674717898,0.362637362,0.312080536,0.249084249,0.113553113,0.270212765,148,601,546,56,63,9,40,198,136,96,27,4,8,46,,67.0,0.111480865,0.076539101,0.686567164,,,,,,,,,-11.0,,,,,,,,0.0
Judy Johnson,1015599,,3B,PC,-1.0709327088893703,,0.0,-5.929509533813768,-11.259259283542631,0.4802179131656885,,,,,76.29650392686128,0.321197589990255,,,,,0.706984512,0.398876404,0.308108108,0.280898876,0.117977528,,46,185,178,34,30,2,15,71,50,35,11,2,3,7,,,,0.037837837,,,,,,,,,,-12.0,,,,,,,,373.0
Tommy Thevenow,1012952,123224.0,3B,PIT,-1.077456649849018,,-1.18,-29.44749522046093,2.567901134490967,-0.0623798258602619,,,,,46.77412438070485,0.2603449296215084,,,,,0.565204228,0.303921568,0.26128266,0.237745098,0.06617647,0.251948051,110,425,408,38,47,0,18,124,97,79,9,9,1,12,,23.0,0.054117647,0.028235294,0.52173913,,,,,,,,,0.0,,,,,,,,0.0
Ollie Bejma,1000785,110805.0,2B,SLB,-1.0885069951353898,,-0.9,-17.53260141087049,-2.018518567085266,0.0488464059308171,,,,,46.10092181700502,0.2756140775150723,,,,,0.57171717,0.282828282,0.288888888,0.191919191,0.090909091,0.205714285,64,230,198,18,26,2,12,56,38,26,8,2,1,27,,21.0,0.091304347,0.117391304,1.285714285,,,,,,,,,-4.0,,,,,,,,0.0
Lou Finney,1004059,114140.0,OF,PHA,-1.1108295485021713,,-0.84,-21.094889660499735,-6.10493803024292,0.1643084837123751,,,,,65.46084662347683,0.2964368565137996,,,,,0.636245036,0.329268292,0.306976744,0.273170731,0.056097561,0.285714285,109,434,410,45,31,0,17,135,112,95,11,6,7,18,,18.0,0.041474654,0.041474654,1.0,,,,,,,,,-2.0,,,,,,,,0.0
Willie Ward,1016669,,OF,- - -,-1.1315265976008568,,0.0,-5.654549196016138,-7.086419753730297,0.3857402326539159,,,,,-29.13749023664588,0.1338251754641533,,,,,0.25625,0.1,0.15625,0.1,0.0,,7,32,30,5,0,0,0,3,3,3,0,0,2,2,,,,0.0625,,,,,,,,,,-12.0,,,,,,,,169.3
Beau Bell,1000797,110834.0,OF,SLB,-1.1691856732056185,,-1.08,-13.403237390319877,-7.1913580894470215,-0.4221236975863576,,,,,61.379477479538835,0.3019590244514529,,,,,0.649252013,0.345454545,0.303797468,0.25,0.095454545,0.258706467,76,237,220,20,17,3,13,76,55,42,8,2,1,16,,16.0,0.067510548,0.067510548,1.0,,,,,,,,,-5.0,,,,,,,,0.0
Chile Gomez,1004820,114910.0,SS,PHI,-1.1828452495583162,,-1.37,-21.451046751472504,0.1626725196838379,0.2146229529753327,,,,,31.924572404357544,0.2563061407420425,,,,,0.527762071,0.243243243,0.284518828,0.229729729,0.013513514,0.271276595,67,245,222,24,16,0,3,54,51,48,3,0,2,17,,34.0,0.13877551,0.069387755,0.5,,,,,,,,,-3.0,,,,,,,,0.0
Hughie Critz,1002780,112839.0,2B,NYG,-1.2244939645585744,,-1.34,-25.238337808530776,3.820987582206726,0.2887737741693854,,,,,13.431445899027466,0.2015403839381965,,,,,0.44020733,0.242009132,0.198198198,0.187214611,0.054794521,0.188405797,65,227,219,19,14,2,5,53,41,36,0,3,2,3,,10.0,0.044052863,0.013215859,0.3,,,,,,,,,2.0,,,,,,,,0.0
Zack Clayton,1014869,,1B,CAG,-1.3011625131641882,,0.0,-12.613208092719317,-4.123456716537476,-0.0370754105970263,,,,,-0.0445028727034673,0.1855278860690981,,,,,0.400332225,0.214285714,0.186046511,0.166666666,0.047619048,,26,86,84,7,8,0,3,18,14,11,2,1,0,2,,,,0.023255813,,,,,,,,,,-3.0,,,,,,,,202.0
Mickey Haslin,1005475,115590.0,SS,PHI,-1.436303124421335,,-1.1,-23.30281113239635,-7.148148059844971,0.7005447754636407,,,,,58.1944405539143,0.2977961100794951,,,,,0.64374615,0.343980343,0.299765807,0.265356265,0.078624078,0.277044854,110,442,407,53,52,3,23,140,108,85,17,3,5,19,,25.0,0.056561085,0.042986425,0.76,,,,,,,,,-13.0,,,,,,,,0.0
Wilson Redus,1016216,,OF,CAG,-1.7669399402821802,,0.0,-18.32629052670017,-7.04444432258606,-0.1454496877267956,,,,,35.55321944994759,0.248790510577859,,,,,0.496167015,0.216374269,0.279792746,0.187134502,0.029239767,,48,193,171,18,13,0,3,37,32,29,1,2,0,19,,,,0.098445595,,,,,,,,,,-9.0,,,,,,,,1219.3
Jelly Jackson,1015534,,SS,HG,-1.9388797827252755,,0.0,-20.371416742953414,-5.283950567245483,-0.0827066851779818,,,,,10.4496456464331,0.2041776011067052,,,,,0.410844199,0.191489361,0.219354838,0.141843971,0.04964539,,45,155,141,24,10,1,5,27,20,15,4,0,0,13,,,,0.083870967,,,,,,,,,,-8.0,,,,,,,,347.0
Billy Urbanski,1013296,123583.0,SS,BSN,-2.5235142287482617,,-2.36,-27.630727725370583,-18.037036895751953,0.2064302656799554,,,,,62.13893663334322,0.2722942003258713,,,,,0.572478703,0.285992217,0.286486486,0.229571984,0.056420233,0.238493723,132,566,514,53,30,4,21,147,118,97,17,0,3,40,,32.0,0.056537102,0.070671378,1.25,,,,,,,,,-26.0,,,,,,,,0.0
