fWAR,bWAR,Off,Def,BsR,Barrel%,HardHit%,EV,maxEV,wRC+,wOBA,xwOBA,wOBA-xwOBA,xBA,xSLG,OPS,SLG,OBP,AVG,ISO,BABIP,G,PA,AB,R,RBI,HR,XBH,TB,H,1B,2B,3B,SB,BB,IBB,SO,K%,BB%,Chase%,Whiff%,WPA,Clutch,FRV,OAA,DRS,FRM,TZ,Swing%,Z-Swing%,O-Contact%,Z-Contact%,Zone%,BatSpd,Squared-Up%
,9.03,49.43693677609784,19.55829882621765,0.398008432239294,,,,,158.27288304888188,0.4214468676792948,,,,,0.959042247,0.556302521,0.402739726,0.280672268,0.275630253,0.27510917,161,733,595,114,104,41,74,331,167,93,25,8,6,124,8,104,0.141882673,0.169167803,,,,,,,,,17.0,,,,,,,
,9.29,52.99121132310626,14.679917335510254,7.948732398450375,,,,,156.20777195669206,0.4046941137727285,,,,,0.89881095,0.493055555,0.405755395,0.289930555,0.203125,0.286004056,157,698,576,116,82,26,63,284,167,104,35,2,67,111,3,61,0.08739255,0.159025787,,,,,,,,,11.0,,,,,,,
,8.33,18.44303011620389,32.889355182647705,0.2648317916318774,,,,,123.01348657359767,0.3517753676825367,,,,,0.760290598,0.387263339,0.373027259,0.251290877,0.135972462,0.279166666,162,700,581,82,50,12,48,225,146,98,29,7,17,107,3,91,0.13,0.152857142,,,,,,,,,29.0,,,,,,,
,7.23,56.6003772604728,-3.683126926422119,0.2168795662000775,,,,,180.64254585469405,0.4432504876711908,,,,,1.038040502,0.645593869,0.392446633,0.298850574,0.346743295,0.317280453,148,609,522,106,119,44,90,337,156,66,43,3,0,80,22,129,0.21182266,0.131362889,,,,,,,,,3.0,,,,,,,
,7.78,40.65669344506326,6.434404373168945,2.3231908017769456,,,,,145.24302670949078,0.3975647197338779,,,,,0.900245293,0.530326594,0.369918699,0.283048211,0.247278383,0.310869565,160,738,643,131,96,39,77,341,182,105,34,4,43,87,9,148,0.200542005,0.117886178,,,,,,,,,14.0,,,,,,,
,8.28,34.05470124966127,12.159122943878174,-0.2959649991244077,,,,,139.78751664501138,0.3798514508561,,,,,0.837563639,0.436764705,0.400798934,0.338235294,0.098529411,0.355450236,160,752,680,115,64,5,49,297,230,181,36,8,10,65,6,42,0.055851063,0.08643617,,,,,,,,,20.0,,,,,,,
,7.79,43.434681450993295,2.927393913269043,1.5828244909644127,,,,,158.96491943158486,0.4017352333539512,,,,,0.913760097,0.530612244,0.383147853,0.293135435,0.237476809,0.312655086,151,629,539,99,117,32,62,286,158,96,28,2,22,76,11,111,0.176470588,0.120826709,,,,,,,,,10.0,,,,,,,
,7.37,41.76534677360231,7.38728404045105,5.63090016040951,,,,,154.64223235018432,0.4039296259132909,,,,,0.91279503,0.537142857,0.375652173,0.32,0.217142857,0.338061465,139,576,525,86,70,25,62,282,168,106,35,2,56,41,7,79,0.137152777,0.071180555,,,,,,,,,9.0,,,,,,,
,7.23,25.32905004895928,17.437928199768066,-1.2701888410374522,,,,,140.9238372707998,0.3786601028592699,,,,,0.849215045,0.487475915,0.36173913,0.300578034,0.186897881,0.309794988,147,576,519,80,74,20,53,253,156,103,29,4,4,48,4,64,0.111111111,0.083333333,,,,,,,,,9.0,,,,,,,
,6.49,39.81128272854194,-3.584705352783203,0.343324520625174,,,,,150.7639093993471,0.3895401304098709,,,,,0.873127793,0.49831081,0.374816983,0.287162162,0.211148648,0.291322314,162,689,592,97,98,29,64,295,170,106,32,3,4,82,5,84,0.12191582,0.119013062,,,,,,,,,-7.0,,,,,,,
,6.99,34.79944061636525,2.405568838119507,2.3521848330274224,,,,,143.76654110106037,0.3934789988998318,,,,,0.881458885,0.470689655,0.41076923,0.35,0.120689655,0.375238095,149,657,580,98,62,6,47,273,203,156,30,11,41,62,9,55,0.08371385,0.09436834,,,,,,,,,-1.0,,,,,,,
,6.99,14.429628929515442,23.651810884475708,3.2052723187953234,,,,,115.49373240023272,0.3370925126567719,,,,,0.724753403,0.348375451,0.376377952,0.285198555,0.063176896,0.332608695,146,642,554,98,34,5,20,193,158,138,10,5,53,78,5,89,0.138629283,0.121495327,,,,,,,,,26.0,,,,,,,
,6.68,30.93527973668667,4.5824432373046875,0.1741746291518211,,,,,140.50573265889938,0.3826029643080288,,,,,0.858008211,0.488410596,0.369597615,0.30629139,0.182119206,0.328571428,158,673,604,98,107,24,58,295,185,127,30,4,9,61,6,94,0.139673105,0.09063893,,,,,,,,,14.0,,,,,,,
,5.49,17.253470257473957,15.810721397399902,-0.0532600590959191,,,,,121.84718290581826,0.3584009631804967,,,,,0.807904503,0.437802907,0.370101596,0.310177705,0.127625202,0.316254416,161,690,619,62,91,13,51,271,192,141,36,2,2,61,15,47,0.068115942,0.088405797,,,,,,,,,7.0,,,,,,,
,5.68,36.87697229100951,-4.796981334686279,-2.311297355219722,,,,,149.32640929978103,0.4048706020577467,,,,,0.90404176,0.478571428,0.425470332,0.301785714,0.176785714,0.323008849,162,692,560,100,103,23,51,268,169,118,26,2,2,123,13,91,0.13150289,0.177745664,,,,,,,,,3.0,,,,,,,
,5.29,42.76845310743889,-9.879766464233398,0.5210871612653136,,,,,156.87545250811053,0.4057042663288266,,,,,0.919176887,0.526595744,0.392581143,0.313829787,0.212765957,0.352112676,151,647,564,73,101,27,63,297,177,114,33,3,3,74,10,117,0.180834621,0.114374034,,,,,,,,,-1.0,,,,,,,
,4.85,23.955925496635192,8.334238290786743,-1.824006412178278,,,,,136.99325821897014,0.3862114332942449,,,,,0.868417824,0.489278752,0.379139072,0.272904483,0.216374269,0.292307692,151,607,513,77,86,26,55,251,140,85,25,4,5,88,10,99,0.163097199,0.144975288,,,,,,,,,5.0,,,,,,,
,5.53,28.0940365729817,0.9410171508789062,-0.5676889531314373,,,,,138.95689722325335,0.3889152992481722,,,,,0.870029014,0.462962962,0.407066052,0.296296296,0.166666666,0.300639658,152,652,540,82,95,19,48,250,160,112,25,4,9,105,13,58,0.088957055,0.161042944,,,,,,,,,7.0,,,,,,,
,5.55,6.507553122207394,23.541618585586548,0.2920189434662461,,,,,108.59310368414371,0.3305835095132032,,,,,0.719722919,0.385869565,0.333853354,0.233695652,0.152173913,0.233624454,160,641,552,65,81,22,40,213,129,89,18,0,0,78,3,76,0.118564742,0.121684867,,,,,,,,,20.0,,,,,,,
,4.4,35.06587168055677,-6.236845254898071,0.1160381995141506,,,,,146.7620596317187,0.404031821407633,,,,,0.915816865,0.545617173,0.370199692,0.270125223,0.27549195,0.254117647,157,651,559,84,99,43,68,305,151,83,25,0,5,81,9,93,0.142857142,0.124423963,,,,,,,,,-10.0,,,,,,,
,4.65,40.9624857533828,-6.705991268157959,0.0186243681237101,,,,,176.69470025270263,0.4493177494907801,,,,,1.045007679,0.642857142,0.402150537,0.301020408,0.341836734,0.255737704,120,465,392,84,96,40,53,252,118,65,12,1,1,68,13,51,0.109677419,0.146236559,,,,,,,,,-2.0,,,,,,,
,5.26,26.08305852044213,5.564243793487549,0.7331895232200623,,,,,140.66356012847925,0.3792039746362151,,,,,0.849250344,0.452954048,0.396296296,0.295404814,0.157549234,0.33988764,145,543,457,75,66,14,42,207,135,93,26,2,12,78,12,91,0.167587476,0.143646408,,,,,,,,,12.0,,,,,,,
,5.23,36.07488977523539,-10.951165199279783,0.9432503459975125,,,,,148.79859978180633,0.3988067474150235,,,,,0.895359271,0.478431372,0.416927899,0.278431372,0.2,0.283618581,152,638,510,87,100,26,48,244,142,94,20,2,3,122,17,79,0.123824451,0.19122257,,,,,,,,,-2.0,,,,,,,
,5.0,24.43191167160091,3.566984176635742,0.0783943273127079,,,,,136.26062935331717,0.3725426576824652,,,,,0.839456641,0.470225872,0.369230769,0.262833675,0.207392197,0.263427109,136,585,487,84,88,25,51,229,128,77,26,0,1,87,9,81,0.138461538,0.148717948,,,,,,,,,-3.0,,,,,,,
,4.74,12.135128691248037,14.495198249816896,0.6937637543305755,,,,,115.30827864283232,0.3428161279210504,,,,,0.773699764,0.42908438,0.344615384,0.253141831,0.175942549,0.252723311,152,651,557,83,104,25,45,239,141,96,17,3,4,83,14,83,0.127496159,0.127496159,,,,,,,,,8.0,,,,,,,
,5.08,28.02464440106663,1.902149677276611,0.0698928534984588,,,,,150.0472317426465,0.405406898528826,,,,,0.913346227,0.51536643,0.397979797,0.302600472,0.212765958,0.300561797,115,495,423,79,69,21,46,218,128,82,23,2,3,68,7,49,0.098989898,0.137373737,,,,,,,,,4.0,,,,,,,
,4.65,31.21361980892938,-6.396871566772461,-0.9814619394019246,,,,,142.10608007714086,0.3849633309757691,,,,,0.851524097,0.448516579,0.403007518,0.312390924,0.136125655,0.334702258,158,666,573,97,94,16,43,257,179,136,24,3,1,85,8,73,0.109609609,0.127627627,,,,,,,,,1.0,,,,,,,
,5.08,24.167734891388907,-3.900781750679016,-1.206966363824904,,,,,133.46272369214475,0.3675652440782782,,,,,0.821428571,0.464285714,0.357142857,0.303571428,0.160714286,0.311320754,160,672,616,83,95,22,53,286,187,134,29,2,6,50,6,67,0.09970238,0.074404761,,,,,,,,,-2.0,,,,,,,
,4.65,29.485778983657248,-8.24453353881836,-0.0498446328565478,,,,,141.1546253007401,0.3752508894089729,,,,,0.830079929,0.443137254,0.386942675,0.258823529,0.184313725,0.270676691,160,636,510,83,84,24,44,226,132,88,18,2,2,101,8,94,0.147798742,0.158805031,,,,,,,,,-2.0,,,,,,,
,4.01,4.471662004516909,19.55371689796448,0.0783943273127079,,,,,106.4313213242091,0.3274130643638846,,,,,0.723024859,0.384615384,0.338409475,0.244575936,0.140039448,0.257683215,152,595,507,60,80,15,37,195,124,87,18,4,1,74,7,77,0.129411764,0.124369747,,,,,,,,,16.0,,,,,,,
,4.94,6.5287615682396885,17.30853247642517,0.7367162248119712,,,,,109.2651362642044,0.3313312337679021,,,,,0.735941605,0.402,0.333941605,0.28,0.122,0.307328605,146,554,500,73,64,10,38,201,140,102,25,3,18,43,4,72,0.129963898,0.077617328,,,,,,,,,19.0,,,,,,,
,4.6,-9.52818195685389,28.726542472839355,3.2204683870077133,,,,,83.16274410799441,0.2890155405572611,,,,,0.625960759,0.31780366,0.308157099,0.249584026,0.068219634,0.278095238,151,671,601,89,46,4,27,191,150,123,17,6,34,50,1,79,0.117734724,0.074515648,,,,,,,,,20.0,,,,,,,
,4.52,25.541133875454214,-0.9341540336608888,-0.0857066083699464,,,,,144.20111212205154,0.3971163967961935,,,,,0.879937874,0.457627118,0.422310756,0.297820823,0.159806295,0.292011019,142,505,413,70,49,17,31,189,123,92,13,1,2,86,11,33,0.065346534,0.170297029,,,,,,,,,4.0,,,,,,,
,4.79,32.45963760600354,-13.536693572998049,0.0903483191505074,,,,,145.5325776698213,0.3822038482808216,,,,,0.860783121,0.488764044,0.372019077,0.265917602,0.222846442,0.2705314,147,630,534,85,97,30,59,261,142,83,29,0,1,82,12,93,0.147619047,0.13015873,,,,,,,,,1.0,,,,,,,
,4.02,19.072158134991568,-0.9094648361206056,3.950192518532276,,,,,119.20054868945472,0.3623332416465398,,,,,0.812766471,0.453642384,0.359124087,0.28807947,0.165562914,0.294230769,159,686,604,101,99,21,54,274,174,120,29,4,24,67,8,72,0.104956268,0.097667638,,,,,,,,,1.0,,,,,,,
,4.74,22.18767495714955,-7.058298826217651,-1.2086740769445896,,,,,130.4907987553146,0.3677105121036933,,,,,0.82430737,0.47275641,0.35155096,0.302884615,0.169871795,0.312380952,156,680,624,96,93,25,52,295,189,137,23,4,6,44,6,78,0.114705882,0.064705882,,,,,,,,,-5.0,,,,,,,
,3.76,16.950007901090203,-0.5204527378082275,-0.4531858814880252,,,,,124.02279584730348,0.3611250912408693,,,,,0.801785714,0.439285714,0.3625,0.276785714,0.1625,0.283018867,152,642,560,83,87,20,50,246,155,105,29,1,4,75,7,66,0.102803738,0.116822429,,,,,,,,,-4.0,,,,,,,
,4.32,9.176860452332235,10.520804166793823,-0.4685182077810168,,,,,114.26374270319538,0.342074394536515,,,,,0.751053639,0.402777777,0.348275862,0.25595238,0.146825397,0.270983213,140,589,504,76,58,16,39,203,129,90,20,3,6,72,4,74,0.125636672,0.122241086,,,,,,,,,7.0,,,,,,,
,4.27,0.9136170110698654,18.350699186325073,-0.022447039373219,,,,,101.31505339269084,0.3273373309303732,,,,,0.69867901,0.333973128,0.364705882,0.282149712,0.051823416,0.297959183,142,620,521,69,54,1,24,174,147,123,22,1,6,68,0,34,0.054838709,0.109677419,,,,,,,,,15.0,,,,,,,
,3.54,-4.285521372580478,21.68085026741028,0.6834803838282824,,,,,92.88609397538168,0.3069751963953767,,,,,0.669957876,0.344262295,0.325695581,0.256830601,0.087431694,0.267206477,155,619,549,53,72,9,28,189,141,113,17,2,2,55,5,50,0.080775444,0.088852988,,,,,,,,,18.0,,,,,,,
,4.24,10.029706621605072,7.220850586891174,1.6973275626078248,,,,,111.32245226319804,0.3348129929820443,,,,,0.764385955,0.444073455,0.3203125,0.285475792,0.158597663,0.293560606,152,641,599,82,77,16,54,266,171,117,29,9,17,29,12,62,0.096723868,0.045241809,,,,,,,,,9.0,,,,,,,
,4.73,16.992650186854927,0.3045269250869751,1.1999757997691631,,,,,122.11540034274992,0.3625742877957119,,,,,0.809965928,0.459965928,0.35,0.318568994,0.141396934,0.347826086,144,622,587,81,76,11,51,270,187,136,30,10,24,24,2,73,0.117363344,0.038585209,,,,,,,,,2.0,,,,,,,
,4.75,15.68446684556225,-0.5300822257995605,5.668432757258415,,,,,113.91248591915404,0.3516736457412512,,,,,0.773612835,0.422261484,0.351351351,0.280918727,0.141342757,0.3107221,147,638,566,92,71,17,43,239,159,116,23,3,54,61,2,93,0.145768025,0.095611285,,,,,,,,,6.0,,,,,,,
,4.22,14.18690995994677,8.099225044250488,1.6169537706300616,,,,,128.56266850753275,0.3600271372418654,,,,,0.788819119,0.411214953,0.377604166,0.261682242,0.149532711,0.27173913,95,390,321,59,44,9,28,132,84,56,17,2,11,57,4,38,0.097435897,0.146153846,,,,,,,,,12.0,,,,,,,
,3.91,3.5735768051653967,12.59773588180542,0.8340308899059892,,,,,104.35084896330036,0.3374552572095716,,,,,0.749742008,0.440944881,0.308797127,0.246062992,0.194881889,0.257142857,135,558,508,65,71,26,47,224,125,78,21,0,7,37,2,99,0.177419354,0.066308243,,,,,,,,,5.0,,,,,,,
,3.59,14.59741330948805,5.9566731452941895,0.4067074740305543,,,,,130.23014911717917,0.3673229197026471,,,,,0.820338982,0.457142857,0.363196125,0.254285714,0.202857143,0.290836653,117,416,350,50,67,16,37,160,89,52,19,2,5,57,6,85,0.204326923,0.13701923,,,,,,,,,3.0,,,,,,,
,3.12,32.457565299993924,-14.312297344207764,0.4339567003771662,,,,,156.35008548313905,0.4143688991982886,,,,,0.965893926,0.545691906,0.42020202,0.266318537,0.279373369,0.258865248,130,495,383,52,75,29,46,209,102,56,14,3,1,105,25,78,0.157575757,0.212121212,,,,,,,,,-8.0,,,,,,,
,4.17,-3.945710995976371,15.700493335723875,-4.116160878911614,,,,,100.21923359624716,0.3261865771320015,,,,,0.718135794,0.393026941,0.325108853,0.267828843,0.125198098,0.270506108,156,689,631,86,59,14,44,248,169,125,23,7,7,49,2,47,0.068214804,0.071117561,,,,,,,,,12.0,,,,,,,
,4.03,26.376081787658315,-15.104018926620483,-0.5795687614008784,,,,,136.69428684508998,0.380807337372802,,,,,0.851397281,0.483704974,0.367692307,0.300171526,0.183533448,0.290448343,148,651,583,89,93,26,51,282,175,124,21,4,13,63,5,47,0.07219662,0.096774193,,,,,,,,,-12.0,,,,,,,
,3.98,26.674033826171613,-6.4676513671875,0.9316672720015048,,,,,157.75385750940185,0.4034351508326942,,,,,0.898477157,0.5,0.398477157,0.337078651,0.162921349,0.375415282,110,395,356,73,34,7,33,178,120,87,15,11,23,34,0,49,0.124050632,0.086075949,,,,,,,,,-2.0,,,,,,,
,3.39,17.455194281037432,-2.83127498626709,1.75026666931808,,,,,122.61049516318234,0.3633233305786838,,,,,0.811554078,0.444444444,0.367109634,0.3,0.144444444,0.334821428,148,605,540,74,58,12,44,240,162,118,22,10,17,58,7,83,0.137190082,0.095867768,,,,,,,,,4.0,,,,,,,
,3.83,17.44124743376863,1.5202322006225586,0.1043067583814263,,,,,136.06554393757185,0.3711840969195469,,,,,0.830634819,0.467866323,0.362768496,0.318766066,0.149100257,0.325,110,426,389,54,41,7,35,182,124,89,19,9,17,28,2,24,0.056338028,0.065727699,,,,,,,,,5.0,,,,,,,
,3.51,3.577099604159444,10.233205080032349,1.306076563894749,,,,,103.21644354886186,0.3225491859786138,,,,,0.703375553,0.351401869,0.351973684,0.274766355,0.076635514,0.307860262,142,615,535,77,37,6,24,188,147,123,13,5,36,62,6,77,0.125203252,0.100813008,,,,,,,,,7.0,,,,,,,
,4.02,24.788287521609856,-13.018860816955566,0.2800649516284466,,,,,135.89930688285725,0.3745116364718275,,,,,0.842063915,0.486692015,0.3553719,0.27946768,0.207224335,0.279236276,151,605,526,71,85,30,48,256,147,99,17,1,0,67,3,88,0.145454545,0.110743801,,,,,,,,,-6.0,,,,,,,
,3.0,7.936837650873063,6.73091197013855,-0.5557228522375226,,,,,114.04117598020986,0.3384333218976261,,,,,0.757546881,0.424836601,0.33271028,0.237472766,0.187363835,0.258160237,132,536,459,58,83,22,41,195,109,68,18,1,0,66,8,107,0.199626865,0.123134328,,,,,,,,,4.0,,,,,,,
,3.29,17.038648698691286,-0.2758321762084961,3.123091647401452,,,,,126.86689841448562,0.3575054855461706,,,,,0.794335511,0.437037037,0.357298474,0.286419753,0.150617284,0.298295454,118,459,405,64,51,11,35,177,116,81,20,4,32,35,3,48,0.104575163,0.076252723,,,,,,,,,5.0,,,,,,,
,3.61,-20.0856269842711,34.97578811645508,0.5161494808271527,,,,,66.43896130525,0.267647661833149,,,,,0.564159593,0.261702127,0.302457466,0.225531914,0.036170213,0.251781472,154,544,470,60,27,0,16,123,106,90,15,1,13,49,1,54,0.099264705,0.090073529,,,,,,,,,26.0,,,,,,,
,2.81,5.641174514218683,7.946484088897705,-1.2068179966881871,,,,,110.26636388243456,0.33679213498812,,,,,0.741562119,0.395010395,0.346551724,0.22037422,0.174636175,0.2369146,139,581,481,90,55,20,39,190,106,67,14,5,14,91,9,102,0.17555938,0.156626506,,,,,,,,,14.0,,,,,,,
,2.55,17.87357879600673,-5.685871362686157,-0.1625907905399799,,,,,127.27415697838832,0.3625079614380889,,,,,0.822956417,0.477406679,0.345549738,0.271119842,0.206286837,0.264018691,144,576,509,73,74,25,54,243,138,84,28,1,0,56,12,60,0.104166666,0.097222222,,,,,,,,,-9.0,,,,,,,
,2.94,25.344059906501865,-4.8775718212127686,0.7452298076823354,,,,,175.6922800820988,0.4379588808392135,,,,,1.005728222,0.612,0.393728222,0.316,0.296,0.338709677,72,288,250,39,41,16,39,153,79,40,20,3,7,33,3,51,0.177083333,0.114583333,,,,,,,,,-1.0,,,,,,,
,3.35,11.407913632396422,-2.479194402694702,0.9348601475358008,,,,,115.01808191860192,0.3507293354028211,,,,,0.772667698,0.422018348,0.35064935,0.271559633,0.150458715,0.328395061,143,618,545,88,64,15,46,230,148,102,25,6,11,64,2,128,0.207119741,0.10355987,,,,,,,,,1.0,,,,,,,
,2.19,17.705931007438725,-4.253770589828491,-0.3829720756039023,,,,,132.35286754788012,0.3781326462516626,,,,,0.855207341,0.528761061,0.32644628,0.287610619,0.241150442,0.308823529,124,487,452,62,65,25,58,239,130,72,32,1,5,27,1,91,0.186858316,0.055441478,,,,,,,,,-1.0,,,,,,,
,3.05,-2.535169167591095,18.61865520477295,-0.9675284828990698,,,,,96.48294586517036,0.3206306256906456,,,,,0.708142343,0.396121883,0.31202046,0.263157894,0.132963989,0.276190476,116,395,361,34,50,8,28,143,95,67,16,4,6,25,0,41,0.103797468,0.063291139,,,,,,,,,12.0,,,,,,,
,3.2,-4.13802179852636,10.778682708740234,-0.0464292066171765,,,,,94.901473077204,0.3127806759865235,,,,,0.68452948,0.352664576,0.331864904,0.289968652,0.062695924,0.295934959,153,699,638,82,37,3,30,225,185,155,23,4,2,35,3,22,0.031473533,0.05007153,,,,,,,,,7.0,,,,,,,
,3.24,5.246412425431036,7.588024854660034,-1.8769455188885331,,,,,112.4590501579642,0.3480347342422751,,,,,0.78080808,0.427272727,0.353535353,0.288636363,0.138636364,0.304461942,136,498,440,64,52,11,35,188,127,92,20,4,5,47,7,55,0.110441767,0.09437751,,,,,,,,,9.0,,,,,,,
,2.89,1.4319523577028983,9.148147583007812,0.4425323577597737,,,,,101.56407867599816,0.3215543983818649,,,,,0.716891692,0.396449704,0.320441988,0.282051282,0.114398422,0.284796573,145,551,507,39,59,10,35,201,143,108,22,3,3,30,4,35,0.063520871,0.05444646,,,,,,,,,1.0,,,,,,,
,3.49,2.9077071341421963,1.2103157043457031,0.0340929524973034,,,,,103.5222468027195,0.3230430210318359,,,,,0.703188575,0.374021909,0.329166666,0.2456964,0.128325509,0.256931608,162,723,639,88,60,18,43,239,157,114,22,3,16,78,3,81,0.112033195,0.107883817,,,,,,,,,9.0,,,,,,,
,2.95,17.721217025102327,-5.958847999572754,-0.1386086232960224,,,,,135.97113662541963,0.3818870413607622,,,,,0.845418004,0.43767313,0.407744874,0.282548476,0.155124654,0.311688311,115,440,361,46,42,6,39,158,102,63,28,5,4,74,8,48,0.109090909,0.168181818,,,,,,,,,-8.0,,,,,,,
,2.27,8.13600356305925,-0.501152753829956,-0.318153160624206,,,,,112.19166062865102,0.353419712125855,,,,,0.787980626,0.440298507,0.347682119,0.266791044,0.173507463,0.292857142,149,604,536,65,77,20,51,236,143,92,29,2,1,63,8,97,0.160596026,0.104304635,,,,,,,,,-4.0,,,,,,,
,2.47,10.910350086968831,0.4837675094604492,-0.4035509256646037,,,,,120.27708933311628,0.3609210744657014,,,,,0.762549691,0.34413965,0.418410041,0.309226932,0.034912718,0.323759791,113,486,401,61,18,0,14,138,124,110,14,0,10,52,3,19,0.03909465,0.106995884,,,,,,,,,-2.0,,,,,,,
,3.26,12.085631205181286,-2.1028809547424316,1.6084152050316334,,,,,118.14292985585128,0.3466370054173997,,,,,0.781816283,0.471816283,0.31,0.286012526,0.185803757,0.306878306,127,503,479,56,64,21,44,226,137,93,20,3,11,17,3,83,0.16500994,0.033797216,,,,,,,,,-5.0,,,,,,,
,3.26,11.131191293074505,-6.929136276245117,2.750266684219241,,,,,111.8455168732783,0.3399845209051695,,,,,0.748481733,0.401079136,0.347402597,0.284172661,0.116906475,0.296370967,145,627,556,75,61,11,41,223,158,117,28,2,22,53,3,53,0.084529505,0.084529505,,,,,,,,,-11.0,,,,,,,
,2.29,20.430722165427024,-5.888433218002319,0.1519864676520228,,,,,149.89615979916832,0.3967334213903394,,,,,0.889932304,0.525525525,0.364406779,0.324324324,0.201201201,0.376923076,103,354,333,44,54,10,40,175,108,68,23,7,0,21,0,63,0.177966101,0.059322033,,,,,,,,,-2.0,,,,,,,
,2.54,0.3465628137861092,12.335618495941162,0.1793098775669932,,,,,100.36417402330378,0.3315269738509696,,,,,0.72857973,0.396067415,0.332512315,0.244382022,0.151685393,0.263345195,100,407,356,44,45,13,27,141,87,60,13,1,0,47,3,64,0.157248157,0.115479115,,,,,,,,,10.0,,,,,,,
,2.58,9.22266466707418,3.1667816638946533,-1.367602672427893,,,,,123.75961781233336,0.3627033364219764,,,,,0.803729997,0.437317784,0.366412213,0.274052478,0.163265306,0.29390681,106,395,343,39,47,12,31,150,94,63,18,1,0,49,5,52,0.131645569,0.124050632,,,,,,,,,1.0,,,,,,,
,2.81,14.187815212532822,-7.523113250732422,-1.053037523292005,,,,,122.19921369425585,0.3527738705378811,,,,,0.793289066,0.449905482,0.343383584,0.270321361,0.179584121,0.329700272,145,598,529,73,80,22,49,238,143,94,25,2,9,54,9,146,0.244147157,0.090301003,,,,,,,,,1.0,,,,,,,
,2.67,3.941174216095911,10.99713945388794,-0.8068800652399659,,,,,113.35779407632906,0.34610540059305,,,,,0.756989246,0.40860215,0.348387096,0.275985663,0.132616487,0.32718894,95,315,279,25,34,6,23,114,77,54,15,2,3,31,0,56,0.177777777,0.098412698,,,,,,,,,6.0,,,,,,,
,2.91,-5.01035237635338,11.366710424423218,-1.312918760813773,,,,,94.79717467682312,0.3133726277570615,,,,,0.712324544,0.410865874,0.30145867,0.281833616,0.129032258,0.276978417,149,619,589,64,65,12,45,242,166,121,26,7,2,17,8,29,0.046849757,0.027463651,,,,,,,,,9.0,,,,,,,
,3.13,-10.184222464982286,18.01899814605713,-0.1779231168329715,,,,,83.33169336114791,0.289266772238046,,,,,0.644289511,0.353658536,0.290630975,0.25609756,0.097560976,0.278037383,143,532,492,37,52,7,32,174,126,94,23,2,2,25,4,62,0.116541353,0.046992481,,,,,,,,,10.0,,,,,,,
,2.62,12.54966583549513,-6.326015949249268,0.7039729412645102,,,,,117.31185948730874,0.3515393456985946,,,,,0.779168083,0.402697495,0.376470588,0.287090558,0.115606937,0.317016317,141,596,519,67,69,13,32,209,149,117,17,2,2,65,14,78,0.130872483,0.109060402,,,,,,,,,-2.0,,,,,,,
,2.06,19.417976729699788,-16.39824342727661,-0.2839618064463138,,,,,125.57501804265446,0.3678782484142441,,,,,0.829359165,0.483606557,0.345752608,0.285245901,0.198360656,0.322939866,161,671,610,76,97,29,59,295,174,115,26,4,3,51,9,135,0.20119225,0.076005961,,,,,,,,,-9.0,,,,,,,
,2.53,-11.69351015289578,17.775514125823975,2.01549359690398,,,,,78.72353812377798,0.2946034130241189,,,,,0.63207157,0.321357285,0.310714285,0.233532934,0.087824351,0.257471264,135,571,501,82,45,5,29,161,117,88,19,5,36,54,0,63,0.110332749,0.094570928,,,,,,,,,10.0,,,,,,,
,2.09,13.283615735134868,-0.2688612937927246,0.5946793016046286,,,,,129.79070776021845,0.3704189438136813,,,,,0.819375219,0.422077922,0.397297297,0.285714285,0.136363637,0.318725099,111,371,308,42,40,8,26,130,88,62,18,0,2,58,7,52,0.140161725,0.156334231,,,,,,,,,4.0,,,,,,,
,2.12,15.857082394449762,-12.555554866790771,0.1159640159457922,,,,,120.58689572929552,0.3516408693699436,,,,,0.781415075,0.42051282,0.360902255,0.278632478,0.141880342,0.284069097,152,666,585,77,76,15,52,246,163,111,36,1,1,74,10,52,0.078078078,0.111111111,,,,,,,,,-5.0,,,,,,,
,3.14,1.2158860407085224,2.2235937118530273,2.6667991830036044,,,,,97.93943438960537,0.3180643755881512,,,,,0.703105174,0.378472222,0.324632952,0.286458333,0.092013889,0.319838056,142,624,576,71,48,7,35,218,165,130,24,4,43,34,3,78,0.125,0.054487179,,,,,,,,,-1.0,,,,,,,
,2.78,10.862935570774258,-4.100591659545898,-1.2958416296169162,,,,,118.64537291282454,0.3614933007067367,,,,,0.813052133,0.461988304,0.351063829,0.294346978,0.167641326,0.327669902,138,568,513,74,82,16,48,237,151,103,26,6,2,41,7,89,0.15669014,0.072183098,,,,,,,,,3.0,,,,,,,
,2.81,7.424309374099043,5.236851692199707,2.6034033559262753,,,,,111.76223787347789,0.3374512237920002,,,,,0.759687392,0.432926829,0.326760563,0.286585365,0.146341464,0.318518518,89,357,328,39,46,8,29,142,94,65,18,3,22,21,3,55,0.154061624,0.058823529,,,,,,,,,0.0,,,,,,,
,3.2,14.804910219701387,-10.694196701049805,-0.2222615834325552,,,,,122.96036991287184,0.3565125798263683,,,,,0.787196692,0.426229508,0.360967184,0.245901639,0.180327869,0.262210796,142,580,488,78,57,18,45,208,120,75,20,7,15,87,6,83,0.143103448,0.15,,,,,,,,,-4.0,,,,,,,
,2.1,15.12843669744858,-14.588476657867432,6.589902951382101,,,,,110.2300650998455,0.3408251011589576,,,,,0.762097901,0.398461538,0.363636363,0.296923076,0.101538462,0.347014925,160,727,650,110,63,7,44,259,193,149,29,8,70,71,15,112,0.154057771,0.097661623,,,,,,,,,-7.0,,,,,,,
,2.43,4.195480885931962,3.447531223297119,0.1844330169260502,,,,,107.35936489520132,0.3249965087842133,,,,,0.729313693,0.414187643,0.31512605,0.270022883,0.14416476,0.294444444,120,483,437,53,66,12,38,181,118,80,25,1,0,30,4,72,0.149068322,0.062111801,,,,,,,,,9.0,,,,,,,
,2.81,17.39336871665954,-8.180154919624329,0.8494373997673392,,,,,133.35680765337682,0.3696545060959577,,,,,0.817690449,0.444730077,0.372960372,0.311053984,0.133676093,0.340361445,113,432,389,52,37,8,33,173,121,88,22,3,9,37,2,50,0.11574074,0.085648148,,,,,,,,,-7.0,,,,,,,
,2.43,-3.4152073905999867,14.346590518951416,0.8203320931643248,,,,,90.9577173046099,0.306814057719975,,,,,0.657136912,0.308988764,0.348148148,0.258426966,0.050561798,0.299674267,106,408,356,35,20,0,15,110,92,77,12,3,5,48,4,49,0.120098039,0.117647058,,,,,,,,,8.0,,,,,,,
,2.62,-13.628615541942551,18.576611518859863,2.4835175024345517,,,,,74.54812388402968,0.2931378744814518,,,,,0.632843099,0.308617234,0.324225865,0.270541082,0.038076152,0.285412262,132,561,499,56,49,0,18,154,135,117,17,1,13,43,1,33,0.058823529,0.076648841,,,,,,,,,11.0,,,,,,,
,2.61,21.23037596711674,-10.08127498626709,0.5758944572880864,,,,,154.15358589422814,0.3983330633547213,,,,,0.892997623,0.49833887,0.394658753,0.328903654,0.169435216,0.327067669,100,338,301,45,57,12,26,150,99,73,13,1,2,34,4,25,0.073964497,0.100591715,,,,,,,,,-2.0,,,,,,,
,2.6,2.2239844501570927,3.678668975830078,0.4254552265629172,,,,,103.3136149816018,0.3333245061633482,,,,,0.730771088,0.405092592,0.325678496,0.259259259,0.145833333,0.311688311,125,481,432,50,64,16,31,175,112,81,15,0,3,39,0,111,0.23076923,0.081081081,,,,,,,,,-3.0,,,,,,,
,2.17,14.74420287109212,-8.287153244018555,-0.5232763029634953,,,,,129.15942650967403,0.3609145310189989,,,,,0.79242068,0.394594594,0.397826086,0.264864864,0.12972973,0.29,114,464,370,52,54,11,25,146,98,73,13,1,0,85,10,64,0.137931034,0.183189655,,,,,,,,,-2.0,,,,,,,
,2.32,13.25096226418072,-0.4110629558563232,-0.2718844301998615,,,,,140.6162324330501,0.3916927321807488,,,,,0.887824896,0.53488372,0.352941176,0.275193798,0.259689922,0.282828282,105,290,258,36,43,15,31,138,71,40,10,6,0,29,3,45,0.155172413,0.1,,,,,,,,,3.0,,,,,,,
,2.78,-19.464042619935157,21.217214584350582,0.5315559906885028,,,,,73.84891633850489,0.2781182337593246,,,,,0.637955228,0.336585365,0.301369863,0.26504065,0.071544715,0.286486486,162,666,615,55,56,4,33,207,163,130,26,3,15,34,20,63,0.094594594,0.051051051,,,,,,,,,11.0,,,,,,,
,2.17,14.015239185930444,-7.607225894927979,-0.5402792505919933,,,,,128.85690688887348,0.3702831302253966,,,,,0.831638668,0.465346534,0.366292134,0.306930693,0.158415841,0.317280453,119,447,404,55,44,12,33,188,124,91,14,7,4,38,6,41,0.091722595,0.085011185,,,,,,,,,-3.0,,,,,,,
,2.6,-7.674505741226362,5.847269773483276,0.4100736994296312,,,,,90.36682244818196,0.3145409774880449,,,,,0.685962799,0.358231707,0.327731092,0.277439024,0.080792683,0.296296296,160,731,656,78,63,6,36,235,182,146,25,5,12,45,0,62,0.084815321,0.061559507,,,,,,,,,2.0,,,,,,,
,2.34,17.707838875827722,-18.73525357246399,-3.350426404736936,,,,,128.17546633875804,0.3776020582492191,,,,,0.841227659,0.469314079,0.37191358,0.267148014,0.202166065,0.301234567,149,651,554,93,56,26,55,260,148,93,24,5,5,92,7,124,0.19047619,0.141321044,,,,,,,,,-17.0,,,,,,,
,2.41,-2.3368009426318523,6.269317150115967,-0.0821057232096791,,,,,96.02763193757944,0.3250784294705995,,,,,0.71055944,0.371882086,0.338677354,0.260770975,0.111111111,0.286842105,143,503,441,65,43,6,30,164,115,85,17,7,12,51,2,59,0.117296222,0.10139165,,,,,,,,,10.0,,,,,,,
,1.82,0.1943757836643849,-0.2752540111541748,-0.1215314920991659,,,,,100.43538359312603,0.3219185703064809,,,,,0.719423563,0.409407665,0.310015898,0.2543554,0.155052265,0.27056277,154,632,574,79,89,21,47,235,146,99,26,0,4,46,6,97,0.153481012,0.07278481,,,,,,,,,-4.0,,,,,,,
,2.12,12.455438599721523,-9.17879319190979,-1.059942559339106,,,,,125.42945271814052,0.364056252898314,,,,,0.787878786,0.398989898,0.388888888,0.287878787,0.111111111,0.305475504,121,471,396,61,42,8,25,158,114,89,14,3,5,63,0,45,0.095541401,0.133757961,,,,,,,,,-12.0,,,,,,,
,1.83,12.02314909776143,-13.326014518737791,-0.0480998279526829,,,,,115.9549813263964,0.3591133451276971,,,,,0.806240515,0.4375,0.368740515,0.288194444,0.149305556,0.297959183,156,659,576,72,86,20,44,252,166,122,22,2,4,76,14,72,0.109256449,0.115326251,,,,,,,,,-6.0,,,,,,,
,2.24,6.803661782836011,-2.9272971153259277,-0.9608089057728648,,,,,114.48597954967778,0.3499380861371439,,,,,0.783229501,0.44217687,0.341052631,0.297052154,0.145124716,0.307692307,132,475,441,52,58,11,39,195,131,92,25,3,0,29,4,43,0.090526315,0.061052631,,,,,,,,,3.0,,,,,,,
,2.2,1.8771434843024304,1.332990646362305,0.4580872347578406,,,,,102.50012226748493,0.3260876900486408,,,,,0.722203883,0.410958904,0.311244979,0.223744292,0.187214612,0.248502994,124,503,438,65,58,15,44,180,98,54,21,8,13,54,2,92,0.182902584,0.107355864,,,,,,,,,7.0,,,,,,,
,1.83,-1.5309945335051411,7.540924310684204,1.0135383354499936,,,,,94.99696146376112,0.3216158525004202,,,,,0.696826413,0.373297002,0.323529411,0.196185286,0.177111716,0.248847926,132,443,367,43,52,18,29,137,72,43,11,0,8,62,3,136,0.306997742,0.139954853,,,,,,,,,5.0,,,,,,,
,2.13,-12.673298456112963,14.63051986694336,-0.7180789830163121,,,,,81.88996800224879,0.3017859159839535,,,,,0.675209616,0.364683301,0.310526315,0.261036468,0.103646833,0.260869565,145,575,521,42,61,10,32,190,136,104,20,2,3,41,8,36,0.062608695,0.071304347,,,,,,,,,6.0,,,,,,,
,2.61,-0.3439168100572518,2.2592573165893555,1.0733453864231706,,,,,97.5800161493413,0.3175299118546879,,,,,0.692550162,0.364425162,0.328125,0.260303687,0.104121475,0.271604938,118,519,461,64,50,10,27,168,120,93,16,1,10,46,2,49,0.094412331,0.088631984,,,,,,,,,-3.0,,,,,,,
,1.52,4.076776199085972,4.585279792547226,-0.2256278088316321,,,,,110.67661499389916,0.3452682299297893,,,,,0.778688524,0.478688524,0.3,0.203278688,0.275409836,0.236024844,112,351,305,54,55,24,35,146,62,27,10,1,8,41,3,122,0.347578347,0.116809116,,,,,,,,,5.0,,,,,,,
,2.19,-9.54310466500575,14.975424766540527,0.2066332874819636,,,,,80.13752750680622,0.2978362188571029,,,,,0.635738539,0.313157894,0.322580645,0.234210526,0.078947368,0.239193083,110,435,380,33,29,6,17,119,89,72,10,1,0,40,2,30,0.068965517,0.091954022,,,,,,,,,10.0,,,,,,,
,2.11,-0.1839861149842567,7.7377705574035645,-0.1642243200913071,,,,,99.94996337994353,0.3222955412724438,,,,,0.679541569,0.303448275,0.376093294,0.268965517,0.034482758,0.295454545,94,350,290,30,30,0,9,88,78,69,8,1,4,41,3,28,0.08,0.117142857,,,,,,,,,5.0,,,,,,,
,1.94,14.461772240658073,-15.719725131988524,1.3674179781228304,,,,,119.23352569992372,0.3640735464877095,,,,,0.811993833,0.436781609,0.375212224,0.302681992,0.134099617,0.324503311,145,593,522,80,68,11,46,228,158,112,33,2,19,58,9,62,0.104553119,0.097807757,,,,,,,,,-9.0,,,,,,,
,1.69,13.645660972836591,-10.286577224731444,0.3793098805472255,,,,,127.99186396178256,0.3689967901885654,,,,,0.828217237,0.47107438,0.357142857,0.261707988,0.209366392,0.278388278,121,420,363,51,40,19,38,171,95,57,19,0,1,47,7,73,0.173809523,0.111904761,,,,,,,,,-4.0,,,,,,,
,1.87,12.88979616656429,-6.799612820148468,0.1844330169260502,,,,,133.84953962716335,0.3656002788999934,,,,,0.808173112,0.406360424,0.401812688,0.307420494,0.09893993,0.332,106,333,283,33,29,4,18,115,87,69,12,2,0,45,7,31,0.093093093,0.135135135,,,,,,,,,-3.0,,,,,,,
,2.46,-3.0666211740493656,0.1915771961212158,2.3058290453627706,,,,,91.99824855582234,0.3143432328311026,,,,,0.691916135,0.372050816,0.319865319,0.275862068,0.096188748,0.28515625,139,595,551,78,69,6,38,205,152,114,29,3,18,37,1,38,0.063865546,0.062184873,,,,,,,,,-3.0,,,,,,,
,1.64,17.861045875662168,-16.71890687942505,-1.1539409644901752,,,,,138.0383723674776,0.3839361944515045,,,,,0.863207495,0.501216545,0.36199095,0.316301703,0.184914842,0.334319526,111,443,411,42,53,17,39,206,130,91,19,3,1,23,5,57,0.128668171,0.051918735,,,,,,,,,-12.0,,,,,,,
,1.67,7.733767070294345,3.957016348838806,0.0563545329496264,,,,,149.66196882927125,0.4048340031329323,,,,,0.915441176,0.5625,0.352941176,0.3203125,0.2421875,0.395348837,34,137,128,18,25,7,15,72,41,26,6,2,0,7,0,36,0.262773722,0.05109489,,,,,,,,,2.0,,,,,,,
,2.07,3.794695761721026,-0.7946925163269043,-0.5709809949621558,,,,,109.05381873296533,0.3328858353197574,,,,,0.74468543,0.420103092,0.324582338,0.280927835,0.139175257,0.304878048,122,420,388,47,34,9,34,163,109,75,23,2,6,27,3,55,0.13095238,0.064285714,,,,,,,,,2.0,,,,,,,
,1.39,5.8942670683913985,-2.8399643898010254,-0.2240684628486633,,,,,113.2238450894786,0.3491220054914005,,,,,0.783970771,0.453125,0.330845771,0.302083333,0.151041667,0.316109422,102,403,384,37,53,12,33,174,116,83,20,1,0,15,4,44,0.109181141,0.037220843,,,,,,,,,-5.0,,,,,,,
,2.02,3.4139118306434604,-8.011427879333496,0.0374092124402523,,,,,105.10621500370654,0.3220888560505934,,,,,0.722344909,0.411764705,0.310580204,0.264705882,0.147058823,0.293023255,151,586,544,51,89,18,43,224,144,101,24,1,1,33,7,100,0.170648464,0.056313993,,,,,,,,,-4.0,,,,,,,
,1.64,0.3340052274032841,-6.339300155639648,-2.020590988919139,,,,,103.2808694434713,0.3307393046847561,,,,,0.731592422,0.389860139,0.341732283,0.272727272,0.117132867,0.297741273,155,636,572,70,53,11,43,223,156,113,30,2,4,58,8,76,0.119496855,0.091194968,,,,,,,,,3.0,,,,,,,
,1.69,-5.101903631996713,7.6556925773620605,-0.622323663905263,,,,,89.15359464272605,0.2979240821523158,,,,,0.648484694,0.340361445,0.308123249,0.262048192,0.078313253,0.313432835,133,366,332,33,42,3,20,113,87,67,17,0,0,21,0,63,0.172131147,0.057377049,,,,,,,,,5.0,,,,,,,
,1.47,9.12425292975836,-15.339505195617676,-0.5130300242453814,,,,,114.04690526656825,0.3518735306057922,,,,,0.793471346,0.443636363,0.349834983,0.289090909,0.154545454,0.307522123,142,608,550,51,86,20,45,244,159,114,25,0,0,50,13,81,0.133223684,0.082236842,,,,,,,,,,,,,,,,
,1.59,-5.828888719895219,1.5473248958587646,0.0544863436371088,,,,,91.22507936079327,0.3079840437683537,,,,,0.69358364,0.368324125,0.325259515,0.287292817,0.081031308,0.291746641,146,584,543,44,61,4,34,200,156,122,28,2,1,32,12,21,0.035958904,0.05479452,,,,,,,,,-2.0,,,,,,,
,1.91,-3.0014633446262056,7.183355093002319,-0.0206530336290597,,,,,91.93678988123968,0.3074567497540743,,,,,0.637634071,0.269709543,0.367924528,0.190871369,0.078838174,0.22513089,139,322,241,38,26,3,13,65,46,33,10,0,1,69,6,53,0.164596273,0.214285714,,,,,,,,,5.0,,,,,,,
,1.12,-6.84887415873443,0.9195470809936525,-0.8548565087839961,,,,,91.53820767332476,0.3163131989146533,,,,,0.687787906,0.35608856,0.331699346,0.24907749,0.10701107,0.267241379,153,617,542,58,71,11,32,193,135,103,17,4,4,66,4,69,0.111831442,0.106969205,,,,,,,,,-8.0,,,,,,,
,1.78,-5.755704311232963,4.5185182094573975,-1.316334187053144,,,,,91.92736436526184,0.3090308115762822,,,,,0.669474211,0.341743119,0.327731092,0.270642201,0.071100918,0.29,116,479,436,59,31,2,25,149,118,93,21,2,2,38,0,36,0.075156576,0.079331941,,,,,,,,,2.0,,,,,,,
,1.54,10.24543108301583,-15.500205039978027,0.0135012287646532,,,,,115.10549813372084,0.344113396365067,,,,,0.789068573,0.478899082,0.310169491,0.26972477,0.209174312,0.294554455,148,590,545,65,105,28,55,261,147,92,24,3,1,34,10,122,0.206779661,0.057627118,,,,,,,,,-7.0,,,,,,,
,2.12,9.042838889348284,-10.130545616149902,-0.7710180897265673,,,,,120.13193874564088,0.3557972577966262,,,,,0.792773892,0.464102564,0.328671328,0.266666666,0.197435898,0.250746268,113,432,390,56,44,20,34,181,104,70,11,3,3,34,1,37,0.085648148,0.078703703,,,,,,,,,-1.0,,,,,,,
,1.24,5.536601063465303,-3.815273761749267,-0.6257390901446342,,,,,114.66540600872383,0.3398706410800554,,,,,0.766264267,0.438395415,0.327868852,0.303724928,0.134670487,0.324503311,114,366,349,37,50,8,28,153,106,78,17,3,0,11,4,42,0.114754098,0.030054644,,,,,,,,,1.0,,,,,,,
,1.11,7.297061480932623,-13.90432071685791,1.321161356754601,,,,,108.97596067890332,0.3309012225841822,,,,,0.732019849,0.391304347,0.340715502,0.30615942,0.085144927,0.328600405,137,590,552,53,89,7,30,216,169,139,20,3,11,30,3,56,0.094915254,0.050847457,,,,,,,,,0.0,,,,,,,
,1.3,14.451212084578422,-24.282575607299805,1.4595724120736122,,,,,116.40002027996884,0.3460561762873424,,,,,0.77924478,0.463302752,0.315942028,0.292048929,0.171253823,0.289340101,158,690,654,90,99,20,65,303,191,126,38,7,6,22,1,52,0.075362318,0.031884057,,,,,,,,,-20.0,,,,,,,
,1.38,7.973882292465062,-4.202560663223267,-0.2923769876360893,,,,,127.853700235628,0.3625476221705592,,,,,0.814080341,0.493617021,0.32046332,0.255319148,0.238297873,0.267857142,82,263,235,32,43,15,26,116,60,34,11,0,0,23,1,53,0.201520912,0.087452471,,,,,,,,,-3.0,,,,,,,
,2.32,-4.235492132860213,2.157749056816101,-1.9077585386112332,,,,,95.43622250720428,0.3077093401739189,,,,,0.66874525,0.342168674,0.326576576,0.284337349,0.057831325,0.315934065,137,452,415,48,36,3,16,142,118,102,11,2,1,26,0,50,0.110619469,0.057522123,,,,,,,,,4.0,,,,,,,
,1.1,-4.632846649990653,9.055789038538933,-1.2409972418099642,,,,,89.74174280610254,0.3066709741482751,,,,,0.67974624,0.39849624,0.28125,0.221804511,0.176691729,0.256684491,109,288,266,38,22,11,22,106,59,37,8,3,3,21,1,68,0.236111111,0.072916666,,,,,,,,,11.0,,,,,,,
,1.28,5.387303187205535,2.752628207206726,-0.4991707513108849,,,,,138.64124223883135,0.385857553858506,,,,,0.836957257,0.423423423,0.413533834,0.297297297,0.126126126,0.340425531,35,135,111,22,9,1,10,47,33,23,7,2,1,21,0,16,0.118518518,0.155555555,,,,,,,,,2.0,,,,,,,
,1.53,3.9171734384611128,-3.969362258911133,0.6255294131115079,,,,,107.27689568927688,0.3306652243155746,,,,,0.73130188,0.385245901,0.346055979,0.300546448,0.084699453,0.325153374,102,394,366,49,47,4,21,141,110,89,15,2,8,24,4,37,0.093908629,0.060913705,,,,,,,,,-5.0,,,,,,,
,1.31,4.072015294546276,-8.522407472133636,0.233956697396934,,,,,106.88516376742368,0.3360989786942476,,,,,0.741488388,0.402745995,0.338742393,0.270022883,0.132723112,0.278820375,127,494,437,59,68,14,28,176,118,90,12,2,0,46,2,57,0.115384615,0.093117408,,,,,,,,,-8.0,,,,,,,
,1.8,4.988732690327794,-13.438844680786133,-0.4531116979196667,,,,,107.81610846202597,0.3370253498347418,,,,,0.746712148,0.412296564,0.334415584,0.267631103,0.144665461,0.275268817,149,617,553,62,96,20,40,228,148,108,20,0,8,53,5,73,0.118314424,0.085899513,,,,,,,,,-2.0,,,,,,,
,1.54,-5.760628352891472,7.180610179901123,-0.4137850953266024,,,,,85.33018783085409,0.2993141168728471,,,,,0.632936151,0.298561151,0.334375,0.248201438,0.050359713,0.256603773,93,323,278,25,27,1,12,83,69,57,11,0,1,33,0,16,0.049535603,0.102167182,,,,,,,,,2.0,,,,,,,
,1.61,0.753467062695754,0.7461138963699341,-1.1914735613390803,,,,,105.42011935509552,0.3364569298021353,,,,,0.738540595,0.395683453,0.342857142,0.262589928,0.133093525,0.29004329,92,318,278,39,33,6,20,110,73,53,9,5,3,35,1,43,0.135220125,0.110062893,,,,,,,,,2.0,,,,,,,
,0.9,-12.777849331460224,7.077297210693359,-0.5129929324612021,,,,,81.15878445846812,0.3047787939473022,,,,,0.663283845,0.347305389,0.315978456,0.249500998,0.097804391,0.270833333,141,567,501,66,57,8,28,174,125,97,15,5,2,49,1,66,0.116402116,0.086419753,,,,,,,,,-1.0,,,,,,,
,1.66,-6.168292495254899,6.625057697296143,0.2580872317776084,,,,,85.46097901244937,0.3082468086673367,,,,,0.655320754,0.311320754,0.344,0.229559748,0.081761006,0.24822695,135,385,318,45,31,3,17,99,73,56,11,3,12,56,3,34,0.088311688,0.145454545,,,,,,,,,8.0,,,,,,,
,1.21,-4.701931719906408,2.126199245452881,0.6238587917760015,,,,,90.15098766108557,0.3104469040469337,,,,,0.688987763,0.379310344,0.309677419,0.226600985,0.152709359,0.243323442,132,471,406,51,57,10,37,154,92,55,22,5,10,51,4,66,0.140127388,0.108280254,,,,,,,,,5.0,,,,,,,
,1.19,8.09218750536816,-13.06172800064087,0.028870646841824,,,,,113.53243274983488,0.340967975280903,,,,,0.761852273,0.432372505,0.329479768,0.239467849,0.192904656,0.243553008,129,519,451,69,72,23,38,195,108,70,12,3,1,62,6,84,0.16184971,0.1194605,,,,,,,,,-6.0,,,,,,,
,0.94,-0.868954615717818,6.661179542541504,-0.1197003945708274,,,,,96.04770330491858,0.3116765869669167,,,,,0.685786321,0.368421052,0.317365269,0.256578947,0.111842105,0.284615384,54,168,152,16,23,2,12,56,39,27,9,1,1,12,1,21,0.125,0.071428571,,,,,,,,,4.0,,,,,,,
,0.47,1.1664648528216874,-12.270232677459717,3.022213188931346,,,,,97.68424203606688,0.3297806203105799,,,,,0.737437228,0.414670658,0.32276657,0.299401197,0.115269461,0.317647058,148,698,668,94,55,11,49,277,200,151,32,6,35,22,5,64,0.091690544,0.031518624,,,,,,,,,-5.0,,,,,,,
,0.62,-0.2882352032769062,0.5724754333496094,-0.2445610202848911,,,,,99.88185960276286,0.3210653896084881,,,,,0.727001529,0.378091872,0.348909657,0.268551236,0.109540636,0.273809523,101,322,283,29,31,7,16,107,76,60,8,1,0,34,12,26,0.080745341,0.105590062,,,,,,,,,-4.0,,,,,,,
,1.07,-0.1199919792429429,0.4218103587627411,-0.4411085052415728,,,,,100.94857358053802,0.328450865393517,,,,,0.718076858,0.38697318,0.331103678,0.245210727,0.141762453,0.252293577,84,300,261,34,31,9,19,101,64,45,10,0,1,33,1,37,0.123333333,0.11,,,,,,,,,-3.0,,,,,,,
,1.09,3.7917695446455424,-4.7586894035339355,0.21873564645648,,,,,109.15146578340956,0.3390110589044038,,,,,0.7400937,0.388349514,0.351744186,0.284789644,0.10355987,0.309963099,109,346,309,38,30,4,21,120,88,67,14,3,8,33,0,36,0.104046242,0.095375722,,,,,,,,,1.0,,,,,,,
,0.9,11.86942760193313,-7.992229044437408,0.1263707708567381,,,,,153.55219846207885,0.4143048121083167,,,,,0.905338886,0.431654676,0.47368421,0.294964028,0.136690648,0.336283185,83,191,139,22,24,3,12,60,41,29,8,1,0,49,4,25,0.130890052,0.256544502,,,,,,,,,-7.0,,,,,,,
,1.12,-0.9176336319795042,7.74498987197876,0.4444005470722914,,,,,88.13637214557546,0.3122944856683413,,,,,0.674242423,0.34090909,0.333333333,0.272727272,0.068181818,0.369230769,41,100,88,7,9,0,6,30,24,18,6,0,2,8,0,23,0.23,0.08,,,,,,,,,0.0,,,,,,,
,1.06,1.7389220124623297,4.016005635261536,-0.1384852388873696,,,,,111.35600324447384,0.3384249420233176,,,,,0.760929717,0.45323741,0.307692307,0.287769784,0.165467626,0.333333333,54,144,139,17,14,4,14,63,40,26,9,1,1,2,1,27,0.1875,0.013888888,,,,,,,,,5.0,,,,,,,
,0.98,1.8480074786144076,5.405122071504593,0.0273234099149703,,,,,117.42700311480154,0.3440487384796142,,,,,0.779056237,0.482352941,0.296703296,0.247058823,0.235294118,0.23880597,42,91,85,6,18,5,10,41,21,11,5,0,0,6,1,13,0.142857142,0.065934065,,,,,,,,,5.0,,,,,,,
,1.17,1.7827523012687176,3.4599907398223877,0.8717610547319055,,,,,105.9361507057211,0.3233229907831751,,,,,0.720133666,0.396825396,0.32330827,0.301587301,0.095238095,0.313559322,32,136,126,12,13,1,8,50,38,30,5,2,6,5,0,9,0.06617647,0.036764705,,,,,,,,,2.0,,,,,,,
,0.79,0.1093507260171611,6.5832414627075195,0.0256156967952847,,,,,100.85806020258808,0.3304832724963917,,,,,0.744852941,0.4625,0.282352941,0.25,0.2125,0.266666666,37,85,80,6,16,4,9,37,20,11,5,0,0,4,0,17,0.2,0.047058823,,,,,,,,,0.0,,,,,,,
,1.2399999999999998,0.3548806713770092,-9.413926728069782,0.4938008431345224,,,,,99.79528591241694,0.3177461930401417,,,,,0.692566002,0.354330708,0.338235294,0.29527559,0.059055118,0.318279569,134,550,508,60,29,2,25,180,150,125,22,1,5,31,1,43,0.078181818,0.056363636,,,,,,,,,-3.0,,,,,,,
,0.72,0.7045475764871263,-5.483765125274658,-1.3522332543507218,,,,,103.93736909787752,0.327201083203377,,,,,0.717258559,0.385390428,0.331868131,0.23929471,0.146095718,0.262987012,119,455,397,43,40,14,30,153,95,65,16,0,0,55,4,77,0.169230769,0.12087912,,,,,,,,,1.0,,,,,,,
,0.82,1.75440038876059,0.0661869049072265,-0.6632716869935393,,,,,109.60776017673328,0.3396895798521304,,,,,0.75361781,0.408163265,0.345454545,0.275510204,0.132653061,0.301204819,77,223,196,23,22,4,15,80,54,39,8,3,2,19,2,28,0.125560538,0.085201793,,,,,,,,,1.0,,,,,,,
,1.31,1.3659055574400498,-0.3132123947143554,0.1349093364551663,,,,,104.45266742028969,0.3320238305597889,,,,,0.704761904,0.333333333,0.371428571,0.271428571,0.061904762,0.314917127,60,245,210,25,23,0,12,70,57,45,11,1,0,33,0,30,0.122448979,0.134693877,,,,,,,,,3.0,,,,,,,
,1.02,0.6648743388367055,1.869683027267456,-1.0854719635099173,,,,,107.09112319656262,0.3399134476037952,,,,,0.771707434,0.450777202,0.320930232,0.25388601,0.196891192,0.300751879,87,215,193,32,28,9,19,87,49,30,9,1,0,19,4,53,0.246511627,0.088372093,,,,,,,,,4.0,,,,,,,
,1.48,-7.566929179424672,-5.096022367477417,-1.4563787719234824,,,,,91.4722152782894,0.3096889220356371,,,,,0.691182578,0.394827586,0.296354992,0.244827586,0.15,0.280973451,160,635,580,67,54,15,52,229,142,90,32,5,11,40,4,119,0.187401574,0.062992125,,,,,,,,,-9.0,,,,,,,
,0.72,3.588429717970241,-15.339505195617676,0.293763748370111,,,,,104.67903639218316,0.3353549212705893,,,,,0.754358637,0.409807355,0.344551282,0.290718038,0.119089317,0.291262135,146,624,571,63,92,16,36,234,166,130,20,0,2,45,14,44,0.07051282,0.072115384,,,,,,,,,,,,,,,,
,0.85,7.423643503207032,-3.6420894861221313,0.2563545359298587,,,,,146.70309141053903,0.3905771288907889,,,,,0.876940132,0.528455284,0.348484848,0.308943089,0.219512195,0.336956521,66,136,123,22,21,7,13,65,38,25,6,0,1,7,0,25,0.183823529,0.051470588,,,,,,,,,-2.0,,,,,,,
,1.3,-7.626863206395772,9.94696009159088,-0.1179926814511418,,,,,66.3922801596029,0.2640774495822867,,,,,0.579853479,0.313186813,0.266666666,0.219780219,0.093406594,0.229813664,106,198,182,15,17,3,10,57,40,30,6,1,1,12,1,19,0.095959595,0.06060606,,,,,,,,,8.0,,,,,,,
,0.95,-1.9595443267637291,4.440786361694336,0.4631853913888335,,,,,88.69993378845426,0.3105687268827327,,,,,0.690535639,0.410112359,0.28042328,0.241573033,0.168539326,0.255319148,91,190,178,20,16,7,16,73,43,27,9,0,2,10,0,31,0.163157894,0.052631578,,,,,,,,,7.0,,,,,,,
,1.09,-0.1422806721932852,-3.700273990631103,0.4016585182398557,,,,,98.70071009691412,0.3239284954658926,,,,,0.721790579,0.405714285,0.316076294,0.288571428,0.117142857,0.295238095,104,371,350,43,38,8,24,142,101,77,15,1,9,14,2,29,0.078167115,0.037735849,,,,,,,,,2.0,,,,,,,
,0.81,2.9328176939719226,-3.016007661819458,0.5178322112187743,,,,,108.05941512716682,0.3413085951469838,,,,,0.757727197,0.412765957,0.34496124,0.285106382,0.127659575,0.333333333,112,261,235,35,30,4,18,97,67,49,10,4,2,22,2,43,0.164750957,0.084291187,,,,,,,,,0.0,,,,,,,
,1.14,5.222914003560396,-16.373913288116455,-0.147221372462809,,,,,108.33897673220466,0.3275576412783634,,,,,0.726315789,0.4,0.326315789,0.24,0.16,0.279329608,143,574,500,64,86,20,38,200,120,82,16,2,0,64,7,126,0.219512195,0.111498257,,,,,,,,,-3.0,,,,,,,
,1.02,-16.49950526076753,3.96207046508789,0.7229061527177691,,,,,76.45037280947481,0.2856309775352478,,,,,0.621613793,0.322413793,0.2992,0.25,0.072413793,0.28125,154,637,580,67,35,1,26,187,145,119,11,14,10,39,0,70,0.109890109,0.061224489,,,,,,,,,-5.0,,,,,,,
,0.91,-4.820342369850138,-2.608138084411621,0.7076480099931359,,,,,90.0925812732916,0.3152540890990939,,,,,0.67992525,0.343825665,0.336099585,0.230024213,0.113801452,0.240896358,138,486,413,49,47,9,27,142,95,68,16,2,16,64,4,49,0.100823045,0.131687242,,,,,,,,,4.0,,,,,,,
,0.76,-3.985108929647871,7.899889945983887,0.029031123034656,,,,,65.72149614057214,0.27348684395353,,,,,0.602272727,0.352272727,0.25,0.193181818,0.159090909,0.28,35,102,88,12,14,3,7,31,17,10,3,1,0,5,0,36,0.352941176,0.049019607,,,,,,,,,0.0,,,,,,,
,0.54,6.932520374771754,-4.275264739990234,0.0409851148724556,,,,,144.4643269748019,0.3869271278381347,,,,,0.913661271,0.56779661,0.345864661,0.279661016,0.288135594,0.282352941,47,135,118,17,21,9,16,67,33,17,7,0,0,13,6,26,0.192592592,0.096296296,,,,,,,,,-3.0,,,,,,,
,0.54,1.2725194409291936,0.7937793731689453,0.0785548035055399,,,,,106.30285083331988,0.3428199542975574,,,,,0.772577454,0.418918918,0.353658536,0.304054054,0.114864864,0.325396825,74,165,148,20,29,4,9,62,45,36,5,0,0,13,3,21,0.127272727,0.078787878,,,,,,,,,3.0,,,,,,,
,0.7,-5.306230939754408,0.186099387705326,-0.7693474683910608,,,,,88.91639506045163,0.2983708181860726,,,,,0.640365304,0.296875,0.343490304,0.271875,0.025,0.296928327,115,362,320,17,27,0,7,95,87,80,6,1,1,35,3,31,0.085635359,0.096685082,,,,,,,,,-2.0,,,,,,,
,0.49,-0.446830455085007,-2.065500259399414,0.1451556151732802,,,,,98.1909810662359,0.3257070239633322,,,,,0.69849833,0.346774193,0.351724137,0.241935483,0.10483871,0.298913043,69,290,248,29,32,5,15,86,60,45,9,1,0,41,2,59,0.203448275,0.14137931,,,,,,,,,2.0,,,,,,,
,0.88,8.788846434741354,-4.987654268741608,0.075213560834527,,,,,182.49752886083715,0.4444686213265295,,,,,0.993680484,0.569767441,0.423913043,0.38372093,0.186046511,0.410958904,25,92,86,19,14,3,9,49,33,24,5,1,4,6,0,10,0.108695652,0.065217391,,,,,,,,,-4.0,,,,,,,
,0.56,-10.485877904630234,-0.8056650161743164,1.8716005934402349,,,,,82.23820929128883,0.2908106293998846,,,,,0.647971013,0.351304347,0.296666666,0.274782608,0.076521739,0.278810408,140,606,575,68,46,8,28,202,158,130,20,0,12,17,5,34,0.05610561,0.028052805,,,,,,,,,7.0,,,,,,,
,0.74,3.588056988287179,1.9149519950151443,0.0324465492740273,,,,,168.4992731961296,0.429232300652398,,,,,0.953846153,0.487179487,0.466666666,0.41025641,0.076923077,0.457142857,14,46,39,8,6,0,2,19,16,14,1,1,0,5,0,5,0.108695652,0.108695652,,,,,,,,,2.0,,,,,,,
,1.2,6.3692232983872,-2.5272071957588196,-0.1316172946244478,,,,,167.7766678802919,0.421914053664488,,,,,0.944232237,0.532467532,0.411764705,0.35064935,0.181818182,0.388059701,21,85,77,16,5,1,9,41,27,18,5,3,3,7,0,9,0.105882352,0.082352941,,,,,,,,,-3.0,,,,,,,
,0.91,5.763073414299394,-9.97325038909912,0.5810546884313226,,,,,113.79063827242206,0.34287696410522,,,,,0.747313577,0.391891891,0.355421686,0.280405405,0.111486486,0.320675105,97,333,296,28,32,7,18,116,83,65,10,1,4,33,1,53,0.159159159,0.099099099,,,,,,,,,-1.0,,,,,,,
,0.64,-0.4345965094343746,-2.775949001312256,-0.0206159418448805,,,,,98.76475493096711,0.3126589494782525,,,,,0.669191918,0.325757575,0.343434343,0.265151515,0.06060606,0.304545454,99,297,264,25,24,3,10,86,70,60,7,0,3,30,1,42,0.141414141,0.101010101,,,,,,,,,1.0,,,,,,,
,0.5,-1.3572507939149856,-4.034748554229736,0.5554389916360378,,,,,95.11522362657962,0.3201084201259446,,,,,0.713433113,0.393548387,0.319884726,0.254838709,0.138709678,0.249097472,91,347,310,40,45,10,23,122,79,56,13,0,4,29,4,28,0.080691642,0.083573487,,,,,,,,,0.0,,,,,,,
,0.51,-1.0276842018431105,-1.4956581592559814,0.3400695705786347,,,,,95.77537346981882,0.3227935337672268,,,,,0.714849623,0.368421052,0.346428571,0.263157894,0.105263158,0.283018867,106,282,247,31,29,5,16,91,65,49,11,0,3,32,6,31,0.109929078,0.113475177,,,,,,,,,2.0,,,,,,,
,0.67,-18.6762026594495,12.431186199188232,-1.1863133301958442,,,,,62.47760621709897,0.2782059305784654,,,,,0.624891304,0.342391304,0.2825,0.225543478,0.116847826,0.236245954,124,406,368,35,43,10,22,126,83,61,11,1,5,30,8,51,0.125615763,0.073891625,,,,,,,,,6.0,,,,,,,
,0.7,-3.883004934508716,-6.367969274520874,-0.9488549139350652,,,,,94.6825541174552,0.311873992284139,,,,,0.690728882,0.362186788,0.328542094,0.261958997,0.100227791,0.282383419,131,489,439,45,54,6,27,159,115,88,16,5,0,43,7,50,0.102249488,0.08793456,,,,,,,,,1.0,,,,,,,
,0.6,3.6708984307853103,0.8244170248508453,-0.3743472173810005,,,,,181.94188548017257,0.4436279729355213,,,,,1.015503875,0.666666666,0.348837209,0.282051282,0.384615384,0.25,17,43,39,6,9,4,7,26,11,4,3,0,0,4,0,7,0.162790697,0.093023255,,,,,,,,,1.0,,,,,,,
,0.58,0.848067018306585,-8.675014019012451,-0.4137480035424232,,,,,102.91962142501288,0.3302021200262655,,,,,0.727505174,0.418604651,0.308900523,0.232558139,0.186046512,0.261410788,95,383,344,43,43,17,29,144,80,51,11,1,3,35,1,86,0.22454308,0.091383812,,,,,,,,,-13.0,,,,,,,
,0.65,7.89017645313214,-7.365798324346542,0.5111126340925694,,,,,146.37797438290326,0.3834609739158464,,,,,0.848668688,0.457364341,0.391304347,0.348837209,0.108527132,0.381355932,30,141,129,26,16,0,10,59,45,35,6,4,8,8,0,11,0.078014184,0.056737588,,,,,,,,,-7.0,,,,,,,
,0.59,-14.68851316159857,-1.5624146461486816,-1.3709931159392,,,,,81.8431868173153,0.290805727428531,,,,,0.625244762,0.308474576,0.316770186,0.262711864,0.045762712,0.280733944,148,650,590,60,35,2,23,182,155,132,21,0,11,47,0,48,0.073846153,0.072307692,,,,,,,,,-5.0,,,,,,,
,0.64,1.507228041932318,-6.303154706954956,-0.8000863045454025,,,,,106.14594292558752,0.3269813074133335,,,,,0.732788959,0.365187713,0.367601246,0.313993174,0.051194539,0.325088339,89,327,293,33,23,0,13,107,92,79,11,2,1,25,9,12,0.036697247,0.076452599,,,,,,,,,-3.0,,,,,,,
,0.48,-16.95996344782458,12.2816641330719,-0.8205046784132719,,,,,60.73230137715648,0.2602466074829427,,,,,0.574178698,0.308641975,0.265536723,0.209876543,0.098765432,0.256,139,358,324,35,33,4,21,100,68,47,14,3,5,23,3,74,0.20670391,0.06424581,,,,,,,,,14.0,,,,,,,
,1.02,4.257642830759902,-15.449016571044922,-0.7487436356022954,,,,,109.3797843493384,0.3398085406486024,,,,,0.760128353,0.452272727,0.307855626,0.268181818,0.184090909,0.275568181,113,473,440,64,61,21,39,199,118,79,18,0,7,25,1,71,0.150105708,0.052854122,,,,,,,,,-14.0,,,,,,,
,0.28,-2.0205720112467205,1.0832194089889526,-0.4820565283298492,,,,,93.61865704836433,0.308028426693707,,,,,0.683835005,0.379487179,0.304347826,0.261538461,0.117948718,0.296774193,96,210,195,26,18,5,13,74,51,38,8,0,3,11,2,35,0.166666666,0.052380952,,,,,,,,,3.0,,,,,,,
,0.77,0.1077613324001715,1.382373332977295,-0.1299466732889413,,,,,101.71264881963629,0.3287887841463089,,,,,0.718654433,0.3853211,0.333333333,0.266055045,0.119266055,0.284210526,45,123,109,21,10,2,6,42,29,23,1,3,1,11,0,12,0.097560975,0.089430894,,,,,,,,,4.0,,,,,,,
,0.7,0.4458677254481595,-1.860884428024292,-0.1077464027330279,,,,,102.41253693549744,0.3323273363514481,,,,,0.742470147,0.419889502,0.322580645,0.204419889,0.215469613,0.194444444,80,217,181,19,29,9,20,76,37,17,10,1,1,31,3,31,0.142857142,0.142857142,,,,,,,,,2.0,,,,,,,
,0.56,-0.523290993314461,3.839962974190712,-0.3504392337054014,,,,,97.87946734219612,0.3221395368307409,,,,,0.701319025,0.349206349,0.352112676,0.301587301,0.047619048,0.345454545,40,71,63,8,5,0,3,22,19,16,3,0,0,4,0,10,0.14084507,0.056338028,,,,,,,,,4.0,,,,,,,
,0.53,2.0483777423172773,2.246047019958496,0.0136617049574851,,,,,161.11324144715925,0.4137040575345357,,,,,0.916666666,0.5,0.416666666,0.416666666,0.083333334,0.454545454,24,29,24,2,1,0,2,12,10,8,2,0,0,0,0,2,0.068965517,0.0,,,,,,,,,0.0,,,,,,,
,0.54,-0.1707040951108865,0.4782783985137939,0.2751393802464008,,,,,97.47831286014926,0.3138678077804415,,,,,0.675690176,0.335820895,0.339869281,0.253731343,0.082089552,0.32,54,154,134,18,10,2,7,45,34,27,5,0,1,15,1,33,0.214285714,0.097402597,,,,,,,,,-2.0,,,,,,,
,0.84,3.331385508535126,-9.825329661369324,-0.0120402844622731,,,,,108.87104626638904,0.3390520346488837,,,,,0.748204645,0.409836065,0.33836858,0.291803278,0.118032787,0.318007662,98,334,305,42,40,6,23,125,89,66,16,1,5,23,0,41,0.122754491,0.068862275,,,,,,,,,-8.0,,,,,,,
,0.41,-10.058972638227855,5.705989360809326,0.1246630577370524,,,,,70.9174472547537,0.2764945733906034,,,,,0.605789473,0.315789473,0.29,0.25614035,0.059649123,0.27480916,84,305,285,17,32,1,13,90,73,60,10,2,0,13,1,23,0.075409836,0.04262295,,,,,,,,,1.0,,,,,,,
,0.46,-4.560620306984176,6.7381415367126465,0.029031123034656,,,,,54.04952978680391,0.2558280000319847,,,,,0.553014552,0.283783783,0.269230769,0.229729729,0.054054054,0.309090909,32,87,74,5,3,0,4,21,17,13,4,0,0,4,0,19,0.218390804,0.045977011,,,,,,,,,0.0,,,,,,,
,0.61,0.6221486661134357,-2.9002069234848022,0.0990473609417676,,,,,102.228702453858,0.3342995733312032,,,,,0.737569675,0.389743589,0.347826086,0.312820512,0.076923077,0.346820809,63,208,195,30,24,1,13,76,61,48,12,0,0,10,1,22,0.10576923,0.048076923,,,,,,,,,-1.0,,,,,,,
,0.47,-1.9055023543306384,2.646548271179199,-0.7299095904454589,,,,,92.12332255929512,0.3183264543139745,,,,,0.727101293,0.422413793,0.3046875,0.258620689,0.163793104,0.257425742,49,130,116,12,19,4,10,49,30,20,5,1,0,9,2,14,0.107692307,0.069230769,,,,,,,,,3.0,,,,,,,
,0.53,0.6246892012677184,2.788196325302124,0.0085385655984282,,,,,114.90781206414285,0.3417425053460257,,,,,0.772294372,0.515151515,0.257142857,0.212121212,0.303030303,0.25,48,36,33,6,5,3,4,17,7,3,1,0,0,2,0,14,0.388888888,0.055555555,,,,,,,,,0.0,,,,,,,
,0.53,0.714231065454064,1.012344241142273,-0.1436083782464265,,,,,109.05016188779742,0.3396998459384555,,,,,0.754578754,0.397435897,0.357142857,0.333333333,0.064102564,0.393939393,51,84,78,10,8,0,4,31,26,22,3,1,1,4,0,14,0.166666666,0.047619047,,,,,,,,,0.0,,,,,,,
,0.48,-3.105735468819686,2.8395061641931534,0.0751393772661686,,,,,80.82396253031861,0.285980551407255,,,,,0.617241379,0.3,0.317241379,0.269230769,0.030769231,0.29059829,78,147,130,16,25,1,2,39,35,33,1,0,0,10,0,16,0.108843537,0.06802721,,,,,,,,,3.0,,,,,,,
,-0.22,-24.85094657371857,9.45356559753418,-0.8462808514013886,,,,,67.48272089409369,0.2857783083776826,,,,,0.637269328,0.310225303,0.327044025,0.26169844,0.048526863,0.28224299,160,643,577,52,43,0,25,179,151,126,22,3,6,57,18,44,0.068429237,0.088646967,,,,,,,,,0.0,,,,,,,
,0.46,-6.592234558499471,7.822440147399902,0.0256156967952847,,,,,42.927739897185305,0.2469379787493233,,,,,0.541371158,0.319148936,0.222222222,0.180851063,0.138297873,0.212121212,40,101,94,7,15,3,7,30,17,10,4,0,0,4,0,25,0.247524752,0.03960396,,,,,,,,,0.0,,,,,,,
,1.45,-11.9168763151407,-5.855514287948608,-1.302709573879838,,,,,85.76969957311569,0.3062113967775567,,,,,0.680977027,0.38372093,0.297256097,0.244186046,0.139534884,0.247148288,157,661,602,81,57,17,45,231,147,102,23,5,0,48,4,65,0.098335854,0.072617246,,,,,,,,,-4.0,,,,,,,
,0.57,-4.825162018073251,-7.1508917808532715,-1.294022641144693,,,,,93.3277603031578,0.3154808209788414,,,,,0.69912016,0.376470588,0.322649572,0.265882352,0.110588236,0.317507418,128,469,425,46,40,6,25,160,113,88,9,10,8,37,3,87,0.185501066,0.078891257,,,,,,,,,-10.0,,,,,,,
,0.82,-5.585955558960892,-10.820396900177002,0.471600572578609,,,,,91.25703582977688,0.3153960774293282,,,,,0.700517682,0.391071428,0.309446254,0.251785714,0.139285714,0.3,145,614,560,69,90,18,40,219,141,101,20,2,5,46,5,137,0.223127035,0.074918566,,,,,,,,,-4.0,,,,,,,
,0.63,-10.795896801461092,5.169409990310669,-0.0307509452104568,,,,,68.41051119276462,0.2803978581412309,,,,,0.613692022,0.338181818,0.275510204,0.229090909,0.109090909,0.239669421,84,302,275,35,24,5,17,93,63,46,9,3,9,17,0,29,0.09602649,0.05629139,,,,,,,,,4.0,,,,,,,
,0.16,-11.71276742293268,1.3866043090820312,-0.9949260763823986,,,,,77.65151866299584,0.2921698653981799,,,,,0.644342146,0.353562005,0.290780141,0.224274406,0.129287599,0.234375,119,425,379,42,39,10,28,134,85,57,17,1,2,31,3,55,0.129411764,0.072941176,,,,,,,,,-5.0,,,,,,,
,0.85,-1.364902557283504,-5.505945682525635,1.133201638236642,,,,,93.25058196496732,0.3209488880892656,,,,,0.702978723,0.382978723,0.32,0.223404255,0.159574468,0.238738738,119,328,282,46,32,10,24,108,63,39,13,1,5,40,2,52,0.158536585,0.121951219,,,,,,,,,-1.0,,,,,,,
,0.04,2.70918934271277,-11.436899416148664,-0.622323663905263,,,,,107.67373674460616,0.3294042876924064,,,,,0.740725511,0.415204678,0.325520833,0.251461988,0.16374269,0.255244755,119,385,342,29,53,13,28,142,86,58,13,2,0,39,7,46,0.119480519,0.101298701,,,,,,,,,0.0,,,,,,,
,0.18,1.4314188953075375,0.637860119342804,-0.357270086184144,,,,,126.40659040533173,0.3591393282857992,,,,,0.77758561,0.387755102,0.389830508,0.285714285,0.102040817,0.341463414,39,59,49,4,4,0,5,19,14,9,5,0,0,8,0,9,0.152542372,0.13559322,,,,,,,,,1.0,,,,,,,
,0.71,-10.32406792996716,1.4014620780944824,-0.7778860339894891,,,,,79.6700689198871,0.2984273686553492,,,,,0.66457051,0.337837837,0.326732673,0.272972972,0.064864865,0.289940828,116,409,370,45,26,3,15,125,101,86,9,3,1,31,8,32,0.078239608,0.075794621,,,,,,,,,-1.0,,,,,,,
,0.87,-2.707647897302822,2.1380892992019653,0.926519149914384,,,,,77.55005494066377,0.2962781506687847,,,,,0.609366957,0.258620689,0.350746268,0.25,0.008620689,0.295918367,52,141,116,20,3,0,1,30,29,28,1,0,12,17,0,18,0.127659574,0.120567375,,,,,,,,,1.0,,,,,,,
,0.43,-4.7295744484484175,4.1856443881988525,-0.3214081106707454,,,,,72.960469996282,0.2795855195625968,,,,,0.613498312,0.299212598,0.314285714,0.259842519,0.039370079,0.293577981,45,142,127,5,18,1,3,38,33,30,2,0,0,11,2,19,0.133802816,0.077464788,,,,,,,,,2.0,,,,,,,
,-0.01,-3.297989492992448,-0.2967516183853149,0.2956319376826286,,,,,86.90323808336451,0.3006799228552009,,,,,0.647018615,0.344497607,0.302521008,0.210526315,0.133971292,0.242038216,66,239,209,24,25,6,16,72,44,28,10,0,1,27,0,47,0.196652719,0.112970711,,,,,,,,,1.0,,,,,,,
,-0.02,-1.0617265635146662,-16.59455394744873,-1.095668276771903,,,,,100.04812639878767,0.3254741700951028,,,,,0.702578193,0.347272727,0.355305466,0.28,0.067272727,0.330453563,144,625,550,77,44,1,30,191,154,124,24,5,22,65,1,91,0.1456,0.104,,,,,,,,,-10.0,,,,,,,
,0.45,-5.040797769884337,6.118542194366455,0.2307388391345739,,,,,41.87812117760819,0.2317215916183259,,,,,0.482638888,0.21875,0.263888888,0.1875,0.03125,0.266666666,53,79,64,6,6,0,1,14,12,11,0,1,1,7,0,20,0.253164556,0.088607594,,,,,,,,,0.0,,,,,,,
,-0.19,-14.924732417403565,1.3379278182983398,0.2117564268410205,,,,,75.58476580910771,0.2921767911018684,,,,,0.664154874,0.337662337,0.326492537,0.229437229,0.108225108,0.222477064,148,540,462,59,41,9,28,156,106,78,15,4,0,63,23,22,0.04074074,0.116666666,,,,,,,,,-7.0,,,,,,,
,0.34,-2.073461543247901,1.6159123182296753,0.2614776752889156,,,,,84.82249828888885,0.2975319135002792,,,,,0.639278017,0.318965517,0.3203125,0.258620689,0.060344828,0.281553398,45,134,116,14,15,1,5,37,30,25,4,0,1,10,0,13,0.097014925,0.074626865,,,,,,,,,3.0,,,,,,,
,0.9,-3.6256261516195423,-4.532238751649857,-0.1863874988630414,,,,,91.77017806870978,0.3167339617705477,,,,,0.691872152,0.356707317,0.335164835,0.268292682,0.088414635,0.295918367,97,364,328,49,21,1,23,117,88,65,18,4,6,29,2,35,0.096153846,0.079670329,,,,,,,,,-5.0,,,,,,,
,0.35,-8.523223958772983,8.442039489746094,0.2307388391345739,,,,,30.046780391079267,0.2146601998805999,,,,,0.456559139,0.236559139,0.22,0.161290322,0.075268817,0.24137931,39,109,93,9,5,1,4,22,15,11,2,1,1,7,0,34,0.311926605,0.064220183,,,,,,,,,0.0,,,,,,,
,0.14,-2.2994575865211857,3.2757201194763184,0.0307388361543416,,,,,73.97879299880272,0.2898168783438833,,,,,0.63729977,0.347826086,0.289473684,0.231884057,0.115942029,0.3,28,78,69,7,5,1,4,24,16,12,1,2,0,6,0,19,0.243589743,0.076923076,,,,,,,,,2.0,,,,,,,
,0.48,-2.9499271076343128,4.414644241333008,0.0256156967952847,,,,,54.530429121548394,0.2524519436634503,,,,,0.533359497,0.244897959,0.288461538,0.244897959,0.0,0.48,42,57,49,5,5,0,0,12,12,12,0,0,0,2,0,24,0.421052631,0.035087719,,,,,,,,,0.0,,,,,,,
,0.35,-5.7752529361984974,0.1952466964721679,0.2990473639219999,,,,,80.83023955793905,0.2922574002787751,,,,,0.661470588,0.36,0.301470588,0.244,0.116,0.251121076,79,276,250,24,27,5,17,90,61,44,10,2,1,19,7,23,0.083333333,0.068840579,,,,,,,,,-4.0,,,,,,,
,0.23,-6.572978956420294,6.9704909324646,0.0375696886330843,,,,,36.02290664893537,0.2237016482230944,,,,,0.42051282,0.138461538,0.282051282,0.138461538,0.0,0.333333333,35,90,65,5,2,0,0,9,9,9,0,0,0,13,0,38,0.422222222,0.144444444,,,,,,,,,0.0,,,,,,,
,0.28,-18.050781050979467,13.545952886343002,0.1007550740614533,,,,,40.69824952615521,0.2311104862846462,,,,,0.493587245,0.233050847,0.260536398,0.190677966,0.042372881,0.23076923,103,267,236,19,18,0,7,55,45,38,4,3,0,23,2,43,0.161048689,0.086142322,,,,,,,,,9.0,,,,,,,
,0.04,4.057026102508312,-9.277091979980469,-0.2923769876360893,,,,,115.3562636473828,0.3502073427926191,,,,,0.789248293,0.462555066,0.326693227,0.255506607,0.207048459,0.245989304,85,251,227,26,29,12,22,105,58,36,9,1,0,24,4,28,0.111553784,0.095617529,,,,,,,,,-1.0,,,,,,,
,0.35,-0.6677304002288923,2.6899863183498383,0.0085385655984282,,,,,85.63303246687508,0.2979196190834045,,,,,0.682432432,0.432432432,0.25,0.216216216,0.216216216,0.24137931,18,41,37,5,5,1,5,16,8,3,3,1,0,2,0,8,0.195121951,0.048780487,,,,,,,,,3.0,,,,,,,
,0.13,-4.1849290902703355,3.65066123008728,-0.3127953615039587,,,,,73.23240752506922,0.2897458612918854,,,,,0.620388349,0.320388349,0.3,0.203883495,0.116504854,0.243243243,67,126,103,12,14,3,6,33,21,15,3,0,4,15,0,28,0.222222222,0.119047619,,,,,,,,,5.0,,,,,,,
,0.45,-3.6094620592573214,0.0841360092163086,0.446108260191977,,,,,83.6458606507287,0.2944454258342959,,,,,0.664420484,0.428571428,0.235849056,0.228571428,0.2,0.261744966,93,216,210,23,21,9,23,90,48,25,13,1,2,2,0,52,0.24074074,0.009259259,,,,,,,,,2.0,,,,,,,
,0.06,2.547091772626379,-4.102421283721924,-0.3248235369101167,,,,,118.66793755426792,0.3584865437921627,,,,,0.788460215,0.414414414,0.374045801,0.261261261,0.153153153,0.279569892,48,134,111,12,12,3,10,46,29,19,6,1,0,17,2,15,0.111940298,0.126865671,,,,,,,,,-6.0,,,,,,,
,0.31,-1.7702284024592856,-2.624142348766327,-1.0513177011162045,,,,,97.32398465168228,0.3261946812600291,,,,,0.709255021,0.367149758,0.342105263,0.275362318,0.09178744,0.302857142,101,234,207,36,28,4,11,76,57,46,7,0,0,21,1,28,0.119658119,0.089743589,,,,,,,,,-2.0,,,,,,,
,0.59,-14.09299579811799,9.795156002044678,-0.2803859040141105,,,,,47.464913959011064,0.25286447744945,,,,,0.545524326,0.273972602,0.271551724,0.232876712,0.04109589,0.256281407,66,233,219,19,11,0,7,60,51,44,5,2,2,10,0,21,0.090128755,0.042918454,,,,,,,,,7.0,,,,,,,
,0.39,0.3300425953422756,-5.503543756902218,-0.0496099730953574,,,,,101.2425663718944,0.3213618950823606,,,,,0.676553671,0.333333333,0.343220338,0.205128205,0.128205128,0.24137931,86,238,195,39,16,5,14,65,40,26,8,1,5,40,0,45,0.18907563,0.168067226,,,,,,,,,-6.0,,,,,,,
,0.11,-16.554673505802498,8.903977870941162,-1.2000492187216878,,,,,61.8967880311916,0.2756367815205079,,,,,0.60289855,0.304347826,0.298550724,0.248447204,0.055900622,0.264808362,93,351,322,27,27,4,10,98,80,70,6,0,1,22,4,31,0.088319088,0.062678062,,,,,,,,,4.0,,,,,,,
,0.25,-2.648144700124664,3.1838133335113525,0.0324465492740273,,,,,68.32628863938503,0.2707057685068209,,,,,0.575550019,0.287878787,0.287671232,0.212121212,0.075757575,0.265306122,26,75,66,6,5,1,2,19,14,12,0,1,0,7,0,16,0.213333333,0.093333333,,,,,,,,,2.0,,,,,,,
,0.31,-6.050258858586954,6.350891590118408,0.023907983675599,,,,,35.47880930273754,0.2236282158839075,,,,,0.487573098,0.263888888,0.22368421,0.194444444,0.069444444,0.25490196,33,82,72,3,6,1,3,19,14,11,2,0,0,2,0,21,0.25609756,0.024390243,,,,,,,,,0.0,,,,,,,
,0.38,-0.9587317653546068,0.8788313865661621,-0.3470238074660301,,,,,94.10768541121652,0.3090433374695155,,,,,0.65076228,0.324675324,0.326086956,0.194805194,0.12987013,0.25490196,23,92,77,9,7,2,6,25,15,9,4,0,0,15,0,24,0.260869565,0.163043478,,,,,,,,,2.0,,,,,,,
,0.3,1.0729004350091376,-0.8760861530900002,0.0495236804708838,,,,,110.7395717707441,0.3359040036797523,,,,,0.721279603,0.318840579,0.402439024,0.289855072,0.028985507,0.37735849,63,83,69,8,7,0,2,22,20,18,2,0,0,13,2,16,0.192771084,0.156626506,,,,,,,,,-1.0,,,,,,,
,0.45,-6.451140229576089,6.5832414627075195,0.0307388361543416,,,,,33.57806743514002,0.217191341595772,,,,,0.459805959,0.216216216,0.243589743,0.202702702,0.013513514,0.263157894,36,85,74,3,7,0,1,16,15,14,1,0,0,4,0,17,0.2,0.047058823,,,,,,,,,0.0,,,,,,,
,0.31,-2.803009370134315,3.9499449729919434,0.0222002705559134,,,,,51.74858958527122,0.247493473192056,,,,,0.541666666,0.270833333,0.270833333,0.270833333,0.0,0.325,28,51,48,4,5,0,0,13,13,13,0,0,0,0,0,8,0.156862745,0.0,,,,,,,,,0.0,,,,,,,
,0.38,-8.716300575929274,-0.0379490852355957,-2.153829704038799,,,,,84.79770860007847,0.3023477786261102,,,,,0.662027422,0.343108504,0.318918918,0.26686217,0.076246334,0.305841924,121,376,341,35,35,2,21,117,91,70,18,1,2,27,2,50,0.132978723,0.07180851,,,,,,,,,2.0,,,,,,,
,0.29,1.9959522749570953,-2.217876434326172,0.0580993378534913,,,,,120.44424854128596,0.3587981781789234,,,,,0.759740258,0.378787878,0.38095238,0.212121212,0.166666666,0.244444444,55,84,66,21,6,3,5,25,14,9,2,0,2,17,0,18,0.214285714,0.202380952,,,,,,,,,-1.0,,,,,,,
,0.39,-3.430633371122376,2.3731138110160828,0.0512313935905694,,,,,75.3432236003095,0.2831904540459315,,,,,0.621460506,0.318181818,0.303278688,0.227272727,0.090909091,0.237113402,76,123,110,12,14,2,5,35,25,20,2,1,0,12,2,11,0.089430894,0.097560975,,,,,,,,,2.0,,,,,,,
,0.33,0.7034622461157054,0.3497942090034485,0.0170771311968565,,,,,112.20116459339162,0.338115288286793,,,,,0.750830564,0.465116279,0.285714285,0.186046511,0.279069768,0.137931034,35,49,43,5,10,4,4,20,8,4,0,0,0,6,0,10,0.204081632,0.122448979,,,,,,,,,0.0,,,,,,,
,0.26,-0.4135828126237079,0.5009144246578217,0.0324465492740273,,,,,94.51014877537231,0.3058894094493654,,,,,0.657905982,0.338461538,0.319444444,0.246153846,0.092307692,0.25,48,72,65,9,7,1,4,22,16,12,3,0,0,7,0,4,0.055555555,0.097222222,,,,,,,,,1.0,,,,,,,
,0.2,-1.5703459374570652,-15.00846004486084,0.0596836665645241,,,,,97.4250888176845,0.3220316153551851,,,,,0.712121212,0.409090909,0.303030303,0.23715415,0.171936759,0.251948051,140,561,506,68,73,23,38,207,120,82,12,3,5,45,1,103,0.183600713,0.080213903,,,,,,,,,-7.0,,,,,,,
,0.13,1.969854921064388,-0.0366941019892692,0.0102462787181139,,,,,244.71639076678875,0.5461822585626082,,,,,1.207792207,0.571428571,0.636363636,0.428571428,0.142857143,0.5,13,12,7,3,2,0,1,4,3,2,1,0,0,3,0,1,0.083333333,0.25,,,,,,,,,0.0,,,,,,,
,0.29,-0.1958381821783405,1.7813477516174316,0.0119539918377995,,,,,92.13079498711232,0.3085888397125971,,,,,0.58095238,0.2,0.38095238,0.133333333,0.066666667,0.25,24,23,15,3,2,0,1,3,2,1,1,0,0,6,0,7,0.304347826,0.260869565,,,,,,,,,0.0,,,,,,,
,0.27,-2.338934593626762,-1.7613167315721512,0.341888559050858,,,,,88.66476693105336,0.3019920607992247,,,,,0.649728996,0.327777777,0.321951219,0.233333333,0.094444444,0.258278145,96,206,180,26,25,3,10,59,42,32,6,1,9,23,1,27,0.131067961,0.111650485,,,,,,,,,0.0,,,,,,,
,0.35,-5.518142910741855,5.498942852020264,-0.16580864880234,,,,,34.33795742898276,0.2260058116221773,,,,,0.49431438,0.276923076,0.217391304,0.184615384,0.092307692,0.212765957,25,71,65,8,8,2,2,18,12,10,0,0,1,3,0,17,0.239436619,0.042253521,,,,,,,,,0.0,,,,,,,
,0.13,2.249457247948063,-3.348196029663086,-0.3333621025085449,,,,,125.15256394266493,0.3647746814621819,,,,,0.788172353,0.381578947,0.406593406,0.289473684,0.092105263,0.338709677,42,91,76,12,9,1,4,29,22,18,2,1,0,15,1,13,0.142857142,0.164835164,,,,,,,,,-2.0,,,,,,,
,0.21,1.8452970572396623,0.0,0.0051231393590569,,,,,367.1388976492992,0.7344051996866862,,,,,1.666666666,1.0,0.666666666,0.666666666,0.333333334,0.666666666,6,6,6,0,1,0,1,6,4,3,0,1,0,0,0,0,0.0,0.0,,,,,,,,,,,,,,,,
,0.28,2.659709054319882,-1.6364883780479431,0.0204925574362278,,,,,193.5544890246336,0.4664900207519531,,,,,1.02,0.5,0.52,0.454545454,0.045454546,0.454545454,7,25,22,3,1,0,1,11,10,9,1,0,0,3,0,0,0.0,0.12,,,,,,,,,-2.0,,,,,,,
,0.74,-12.915895306635669,3.403289794921875,-1.0102954944595697,,,,,69.32938670140061,0.2688878353904275,,,,,0.57884717,0.28852459,0.29032258,0.222950819,0.065573771,0.244444444,120,344,305,36,23,2,15,88,68,53,12,1,2,31,1,38,0.110465116,0.090116279,,,,,,,,,-2.0,,,,,,,
,0.11,0.055589280387573,0.6447187662124634,0.0170771311968565,,,,,100.92241350718852,0.3276136848661635,,,,,0.708333333,0.375,0.333333333,0.25,0.125,0.269230769,14,37,32,2,6,1,2,12,8,6,1,0,0,4,0,5,0.135135135,0.108108108,,,,,,,,,0.0,,,,,,,
,0.08,-6.996208635675881,6.350891590118408,0.0273234099149703,,,,,25.3944347842276,0.2162424373626709,,,,,0.457391304,0.217391304,0.24,0.188405797,0.028985507,0.216666666,34,82,69,4,7,0,2,15,13,11,2,0,0,5,0,10,0.121951219,0.060975609,,,,,,,,,0.0,,,,,,,
,0.26,2.4031142032998347,-1.2949245274066925,0.0068308524787425,,,,,194.8735166092326,0.4647966596213254,,,,,1.063636363,0.7,0.363636363,0.3,0.4,0.363636363,7,22,20,6,6,2,4,14,6,2,2,0,0,1,0,7,0.318181818,0.045454545,,,,,,,,,-1.0,,,,,,,
,0.25,-2.374876726982844,3.0205461978912354,0.0170771311968565,,,,,46.57830054554726,0.2494201183319092,,,,,0.528138527,0.242424242,0.285714285,0.242424242,0.0,0.275862068,92,39,33,1,3,0,0,8,8,8,0,0,0,2,0,4,0.102564102,0.051282051,,,,,,,,,0.0,,,,,,,
,0.11,0.5993234918887627,-3.6332892179489136,0.0717239510267973,,,,,102.98409879412634,0.3237027864830166,,,,,0.714147554,0.382978723,0.331168831,0.276595744,0.106382979,0.3,56,154,141,9,12,3,8,54,39,31,4,1,0,12,1,19,0.123376623,0.077922077,,,,,,,,,-2.0,,,,,,,
,0.06,-1.420649985331711,-6.551211357116699,-0.8239571964368224,,,,,98.1828640396689,0.3227004792451033,,,,,0.707759502,0.377862595,0.329896907,0.259541984,0.118320611,0.298076923,73,291,262,32,32,6,19,99,68,49,13,0,3,27,2,49,0.168384879,0.092783505,,,,,,,,,-3.0,,,,,,,
,0.45,-2.8891012212110883,-17.38683032989502,0.3519743615761399,,,,,95.66783236787442,0.3146864476995018,,,,,0.698354829,0.376602564,0.321752265,0.286858974,0.08974359,0.317843866,158,663,624,62,68,8,37,235,179,142,26,3,10,32,5,82,0.123680241,0.04826546,,,,,,,,,-3.0,,,,,,,
,-0.29,1.2064140593017405,-5.16323709487915,-0.4838013332337141,,,,,108.75942431763784,0.339267512044963,,,,,0.727943045,0.347826086,0.380116959,0.246376811,0.101449275,0.260162601,74,171,138,17,16,2,9,48,34,25,6,1,1,29,2,15,0.087719298,0.169590643,,,,,,,,,-1.0,,,,,,,
,0.16,-2.0353269483797867,-8.299039602279663,0.5690636048093438,,,,,94.06156157704794,0.3163633205557382,,,,,0.70418325,0.365558912,0.338624338,0.265861027,0.099697885,0.279605263,130,382,331,30,49,3,23,121,88,65,16,4,2,38,6,31,0.081151832,0.099476439,,,,,,,,,-5.0,,,,,,,
,0.15,0.3294286106488462,0.1975308507680893,0.0187848443165421,,,,,107.8654617118978,0.3292498833992902,,,,,0.710084033,0.357142857,0.352941176,0.25,0.107142857,0.25,17,35,28,4,5,1,1,10,7,6,0,0,0,5,0,4,0.114285714,0.142857142,,,,,,,,,0.0,,,,,,,
,0.19,0.0372472342677245,1.1617485284805298,0.2085385685786605,,,,,90.05342315091546,0.304607351620992,,,,,0.666666666,0.333333333,0.333333333,0.333333333,0.0,0.5,80,15,15,2,0,0,0,5,5,5,0,0,1,0,0,5,0.333333333,0.0,,,,,,,,,0.0,,,,,,,
,0.15000000000000002,1.184729512126984,-0.0164609039202332,0.0068308524787425,,,,,170.86706481131847,0.4343612353006998,,,,,1.036363636,0.636363636,0.4,0.272727272,0.363636364,0.333333333,12,15,11,2,6,1,2,7,3,1,1,0,0,3,0,5,0.333333333,0.2,,,,,,,,,0.0,,,,,,,
,0.23,-0.1064290206569624,1.2391984462738037,0.0085385655984282,,,,,93.74128839958271,0.3117751479148865,,,,,0.664835164,0.307692307,0.357142857,0.307692307,0.0,0.333333333,67,16,13,1,1,0,0,4,4,4,0,0,0,1,0,1,0.0625,0.0625,,,,,,,,,0.0,,,,,,,
,0.1,-9.098743279250304,7.667540073394775,0.029031123034656,,,,,19.691925686707062,0.196182609872615,,,,,0.415013148,0.202247191,0.212765957,0.168539325,0.033707866,0.205479452,34,99,89,3,6,0,3,18,15,12,3,0,0,5,0,16,0.161616161,0.05050505,,,,,,,,,0.0,,,,,,,
,0.07,-9.972249558480458,8.287138938903809,0.0409851148724556,,,,,18.4882671371279,0.2057939034241896,,,,,0.419331983,0.178947368,0.240384615,0.168421052,0.010526316,0.253968253,42,107,95,11,7,0,1,17,16,15,1,0,0,9,0,32,0.29906542,0.084112149,,,,,,,,,0.0,,,,,,,
,0.04,-4.479700108476505,-5.162781715393066,-0.4274097084999084,,,,,89.40671918391523,0.2987433209348081,,,,,0.655912414,0.35620915,0.299703264,0.235294117,0.120915033,0.301886792,119,339,306,41,34,8,19,109,72,53,9,2,3,27,2,88,0.25958702,0.079646017,,,,,,,,,-1.0,,,,,,,
,0.02,0.341466611457748,-8.445013523101807,-0.2667612908408046,,,,,101.88464661531786,0.3311995951752913,,,,,0.72833688,0.403162055,0.325174825,0.245059288,0.158102767,0.294444444,103,286,253,37,25,9,21,102,62,41,11,1,0,28,1,66,0.23076923,0.097902097,,,,,,,,,-4.0,,,,,,,
,0.13,-1.1340631491970976,1.5061728656291962,0.0187848443165421,,,,,76.09150346745945,0.2988027759960719,,,,,0.619047618,0.285714285,0.333333333,0.2,0.085714285,0.269230769,17,42,35,3,2,0,3,10,7,4,3,0,0,7,0,9,0.214285714,0.166666666,,,,,,,,,2.0,,,,,,,
,0.14,-7.887576126123057,6.660691261291504,0.0273234099149703,,,,,19.836538027908336,0.2078337401151657,,,,,0.44577922,0.22077922,0.225,0.194805194,0.025974026,0.258620689,35,86,77,3,4,0,2,17,15,13,2,0,0,3,0,19,0.220930232,0.03488372,,,,,,,,,0.0,,,,,,,
,0.23,-0.2690403024617452,1.104252390563488,0.0085385655984282,,,,,87.05320050972205,0.3066083632017436,,,,,0.690789473,0.375,0.315789473,0.25,0.125,0.235294117,5,19,16,0,2,0,1,6,4,3,0,1,0,2,0,0,0.0,0.105263157,,,,,,,,,1.0,,,,,,,
,0.12,0.329839958859266,0.3269320726394653,0.0136617049574851,,,,,111.47493579102589,0.3506449460983276,,,,,0.766304347,0.391304347,0.375,0.347826086,0.043478261,0.4,15,24,23,2,3,0,1,9,8,7,1,0,0,1,0,3,0.125,0.041666666,,,,,,,,,0.0,,,,,,,
,0.13,-0.6728005721467878,1.0932784527540207,0.0170771311968565,,,,,81.79093366286433,0.297798744837443,,,,,0.685344827,0.310344827,0.375,0.310344827,0.0,0.346153846,23,33,29,5,0,0,0,9,9,9,0,0,0,3,2,3,0.09090909,0.09090909,,,,,,,,,1.0,,,,,,,
,0.18,-2.211213964799482,2.555846691131592,0.0085385655984282,,,,,41.41045451659372,0.2318526198787074,,,,,0.516129031,0.29032258,0.225806451,0.225806451,0.064516129,0.269230769,31,33,31,3,1,0,2,9,7,5,2,0,0,0,0,5,0.151515151,0.0,,,,,,,,,0.0,,,,,,,
,0.14,0.7878765950526392,0.3872494995594024,0.0,,,,,237.2516910761048,0.5409361124038696,,,,,1.25,1.0,0.25,0.25,0.75,0.0,16,5,4,1,1,1,1,4,1,0,0,0,0,0,0,3,0.6,0.0,,,,,,,,,0.0,,,,,,,
,0.17,-0.0928030504883147,1.006848692893982,0.0034154262393712,,,,,93.55319351817674,0.3155941963195801,,,,,0.704545454,0.454545454,0.25,0.181818181,0.272727273,0.333333333,8,13,11,2,1,1,1,5,2,1,0,0,0,1,0,7,0.538461538,0.076923076,,,,,,,,,0.0,,,,,,,
,0.49,-5.946490461073761,5.189143180847168,0.023907983675599,,,,,22.382791044999603,0.2017588166090158,,,,,0.414102563,0.183333333,0.23076923,0.166666666,0.016666667,0.256410256,34,67,60,2,5,0,1,11,10,9,1,0,0,4,0,21,0.313432835,0.059701492,,,,,,,,,0.0,,,,,,,
,0.11,1.190439577755709,-0.1189986243844032,0.0034154262393712,,,,,250.2765229298409,0.5410186222621373,,,,,1.261904761,0.833333333,0.428571428,0.333333333,0.5,0.25,5,7,6,2,4,1,1,5,2,1,0,0,0,1,0,1,0.142857142,0.142857142,,,,,,,,,0.0,,,,,,,
,0.21,0.1284305043783221,-0.2958368062973022,0.0222002705559134,,,,,102.29611641439936,0.331811460852623,,,,,0.698529411,0.323529411,0.375,0.264705882,0.058823529,0.375,12,41,34,7,9,0,2,11,9,7,2,0,0,6,0,10,0.243902439,0.146341463,,,,,,,,,-1.0,,,,,,,
,0.06,0.8054736598380067,-0.4509601891040802,0.0102462787181139,,,,,126.10100222116144,0.365054863470572,,,,,0.813333333,0.48,0.333333333,0.28,0.2,0.333333333,9,27,25,1,6,1,3,12,7,4,2,0,0,2,0,6,0.222222222,0.074074074,,,,,,,,,0.0,,,,,,,
,-0.02,-4.494943210207993,-10.668493747711182,-1.9094291599467397,,,,,95.27572917510292,0.3192169268507706,,,,,0.707931707,0.375291375,0.332640332,0.263403263,0.111888112,0.281578947,126,485,429,61,45,6,33,161,113,80,24,3,3,46,6,48,0.098969072,0.09484536,,,,,,,,,-6.0,,,,,,,
,0.17,-0.5719833269730139,0.7201646268367767,0.0187848443165421,,,,,86.09263432867658,0.3080744388941172,,,,,0.657657657,0.333333333,0.324324324,0.242424242,0.090909091,0.28,24,37,33,3,5,1,1,11,8,7,0,0,0,4,0,7,0.189189189,0.108108108,,,,,,,,,1.0,,,,,,,
,0.14,0.659500435520961,0.3872494995594024,0.0051231393590569,,,,,213.99550521491224,0.5074415922164917,,,,,1.1,0.5,0.6,0.5,0.0,0.5,45,5,4,1,0,0,0,2,2,2,0,0,0,1,0,0,0.0,0.2,,,,,,,,,0.0,,,,,,,
,-0.01,-20.956927774332435,8.788293361663818,-0.2462687334045767,,,,,59.55279005311438,0.2641540362076325,,,,,0.588989441,0.333333333,0.255656108,0.234741784,0.098591549,0.236180904,147,446,426,40,42,6,28,142,100,72,20,2,0,9,2,25,0.056053811,0.020179372,,,,,,,,,6.0,,,,,,,
,0.09,0.9331676988746108,-0.1207132935523986,0.0051231393590569,,,,,182.24290680594763,0.4496694207191467,,,,,1.025,0.625,0.4,0.25,0.375,0.2,6,10,8,2,2,1,1,5,2,1,0,0,0,2,0,2,0.2,0.2,,,,,,,,,0.0,,,,,,,
,0.12,1.0188196282379909,0.0774499028921127,0.0,,,,,1002.8735406949284,1.664965033531189,,,,,4.0,3.0,1.0,1.0,2.0,1.0,30,1,1,1,0,0,1,3,1,0,0,1,0,0,0,0,0.0,0.0,,,,,,,,,0.0,,,,,,,
,0.52,-2.137961204754149,-3.1382031440734863,-0.2769704777747392,,,,,90.93845098984934,0.3127672878723571,,,,,0.645887111,0.28275862,0.363128491,0.227586206,0.055172414,0.259842519,69,182,145,18,16,0,7,41,33,26,6,1,2,32,0,20,0.109890109,0.175824175,,,,,,,,,-6.0,,,,,,,
,1.2,-21.88165368582979,5.967989921569824,1.3538675485178828,,,,,60.32520567584657,0.2554983974916661,,,,,0.545415249,0.257446808,0.287968441,0.238297872,0.019148936,0.261072261,136,519,470,45,28,0,8,121,112,104,7,1,25,34,1,44,0.08477842,0.065510597,,,,,,,,,2.0,,,,,,,
,0.12,-0.4890886721207008,1.084298610687256,0.0051231393590569,,,,,69.25216130595302,0.2747406022889273,,,,,0.593406592,0.307692307,0.285714285,0.23076923,0.076923077,0.5,48,14,13,1,1,0,1,4,3,2,1,0,0,1,0,7,0.5,0.071428571,,,,,,,,,0.0,,,,,,,
,0.05,0.6932063897535765,-1.743027001619339,0.0324465492740273,,,,,109.13550583357136,0.3429366428343976,,,,,0.769841268,0.388888888,0.38095238,0.296296296,0.092592592,0.348837209,49,63,54,7,13,1,3,21,16,13,2,0,0,8,2,11,0.174603174,0.126984126,,,,,,,,,-2.0,,,,,,,
,0.11,0.2575682071786687,0.5421493053436279,0.0034154262393712,,,,,131.62469423208054,0.3655288219451904,,,,,0.8,0.4,0.4,0.4,0.0,0.666666666,56,7,5,0,0,0,0,2,2,2,0,0,0,0,0,2,0.285714285,0.0,,,,,,,,,0.0,,,,,,,
,0.05,-2.6708507140108626,2.6332967281341553,0.0136617049574851,,,,,31.22731037787757,0.2292360721095915,,,,,0.491397849,0.233333333,0.258064516,0.233333333,0.0,0.466666666,17,34,30,2,3,0,0,7,7,7,0,0,0,1,0,15,0.44117647,0.029411764,,,,,,,,,0.0,,,,,,,
,0.0,-0.888905244143499,0.6049382984638214,0.0290682148188352,,,,,81.40521427117126,0.2931272955827935,,,,,0.635658914,0.333333333,0.302325581,0.23076923,0.102564103,0.257142857,14,43,39,5,1,0,3,13,9,6,2,1,2,4,0,4,0.093023255,0.093023255,,,,,,,,,1.0,,,,,,,
,0.02,-2.625718750206337,2.555846691131592,0.0068308524787425,,,,,30.514828760577313,0.2239892244338989,,,,,0.485714285,0.285714285,0.2,0.142857142,0.142857143,0.1875,41,33,28,3,3,1,2,8,4,2,1,0,0,2,0,11,0.333333333,0.06060606,,,,,,,,,0.0,,,,,,,
,0.03,-2.3796035468246473,2.3234970569610596,0.0119539918377995,,,,,30.56329748668799,0.2154416530220597,,,,,0.425925925,0.166666666,0.259259259,0.166666666,0.0,0.266666666,60,30,24,0,2,0,0,4,4,4,0,0,0,2,0,9,0.3,0.066666666,,,,,,,,,0.0,,,,,,,
,-0.07,-6.729165817992058,3.249656915664673,0.0512313935905694,,,,,54.13161348034713,0.2601896643638611,,,,,0.550427349,0.273504273,0.276923076,0.196581196,0.076923077,0.247191011,47,131,117,10,15,1,6,32,23,17,4,1,0,13,0,27,0.20610687,0.099236641,,,,,,,,,1.0,,,,,,,
,0.08,-3.1385755068884835,1.8636282086372375,0.0256156967952847,,,,,56.186054118355266,0.2526529421882024,,,,,0.557976862,0.288135593,0.269841269,0.254237288,0.033898305,0.272727272,21,64,59,5,3,0,2,17,15,13,2,0,0,2,0,6,0.09375,0.03125,,,,,,,,,1.0,,,,,,,
,0.06,-7.358709947263392,5.808742523193359,0.023907983675599,,,,,14.260955590179108,0.1956307547433035,,,,,0.420168066,0.205882352,0.214285714,0.19117647,0.014705882,0.25490196,35,75,68,4,2,0,1,14,13,12,1,0,0,2,0,17,0.226666666,0.026666666,,,,,,,,,0.0,,,,,,,
,-0.08,-20.947853122705244,2.5382022857666016,-0.1677139298990368,,,,,67.46418846905495,0.2789906530544676,,,,,0.608692133,0.324271844,0.284420289,0.236893203,0.087378641,0.266821345,162,566,515,55,40,7,27,167,122,95,16,4,0,34,1,79,0.139575971,0.060070671,,,,,,,,,-7.0,,,,,,,
,0.12,-5.056644626351236,-4.79561173915863,-0.955537399277091,,,,,89.40012527321932,0.3052072809623168,,,,,0.656274695,0.328947368,0.327327327,0.263157894,0.065789474,0.295880149,110,337,304,42,23,1,15,100,80,65,11,3,8,26,0,36,0.106824925,0.077151335,,,,,,,,,-3.0,,,,,,,
,0.04,-0.2506029994585868,0.9807956125587224,0.0,,,,,-100.0,0.0,,,,,0.0,0.0,0.0,0.0,0.0,0.0,11,1,1,2,0,0,0,0,0,0,0,0,0,0,0,1,1.0,0.0,,,,,,,,,1.0,,,,,,,
,0.04,0.1335098423176359,0.3872494995594024,0.0034154262393712,,,,,122.66303976843896,0.3547819256782532,,,,,0.5,0.0,0.5,0.0,0.0,0.0,24,5,2,1,0,0,0,0,0,0,0,0,0,2,0,0,0.0,0.4,,,,,,,,,0.0,,,,,,,
,0.07,-0.5177547947445386,0.8519489169120789,0.0051231393590569,,,,,58.596492064445805,0.2570152819156647,,,,,0.522222222,0.222222222,0.3,0.222222222,0.0,0.285714285,11,11,9,0,0,0,0,2,2,2,0,0,0,0,0,2,0.181818181,0.0,,,,,,,,,0.0,,,,,,,
,0.07,0.1257585620909621,0.3872494995594024,0.0034154262393712,,,,,121.31273145137988,0.3655288219451904,,,,,0.8,0.4,0.4,0.4,0.0,0.4,4,5,5,0,1,0,0,2,2,2,0,0,0,0,0,0,0.0,0.0,,,,,,,,,0.0,,,,,,,
,0.01,-8.641585709111723,6.660691261291504,0.0187848443165421,,,,,12.286279520928884,0.1885553285479545,,,,,0.415348101,0.227848101,0.1875,0.177215189,0.050632912,0.29787234,37,86,79,4,5,0,4,18,14,10,4,0,0,1,0,32,0.372093023,0.011627906,,,,,,,,,0.0,,,,,,,
,0.06,1.7440144700616085,-2.547325134277344,0.0153694180771708,,,,,140.31362515869185,0.3744431379679087,,,,,0.853269536,0.484848484,0.368421052,0.272727272,0.212121212,0.363636363,17,38,33,5,5,1,4,16,9,5,2,1,0,5,1,10,0.263157894,0.131578947,,,,,,,,,-3.0,,,,,,,
,0.07,-2.4293815112508272,-0.8390507102012634,0.2529391096904874,,,,,81.60344613259682,0.2918231453626386,,,,,0.648293962,0.333333333,0.314960629,0.225225225,0.108108108,0.302631578,76,127,111,17,12,2,6,37,25,19,2,2,1,14,3,34,0.267716535,0.11023622,,,,,,,,,0.0,,,,,,,
,0.06,-0.6965290845292336,0.929398775100708,0.0034154262393712,,,,,49.19436603096802,0.2443788647651672,,,,,0.522727272,0.272727272,0.25,0.181818181,0.090909091,0.4,10,12,11,2,1,0,1,3,2,1,1,0,0,1,0,6,0.5,0.083333333,,,,,,,,,0.0,,,,,,,
,0.08,0.4568386306328554,0.0774499028921127,0.0017077131196856,,,,,503.3350473287672,0.913822054862976,,,,,2.0,1.0,1.0,1.0,0.0,1.0,37,1,1,0,0,0,0,1,1,1,0,0,0,0,0,0,0.0,0.0,,,,,,,,,0.0,,,,,,,
,0.06,0.4482676466269274,0.0774499028921127,0.0017077131196856,,,,,488.96387090041,0.913822054862976,,,,,2.0,1.0,1.0,1.0,0.0,1.0,6,1,1,0,1,0,0,1,1,1,0,0,0,0,0,0,0.0,0.0,,,,,,,,,0.0,,,,,,,
,0.06,0.4454086800379534,0.0774499028921127,0.0017077131196856,,,,,486.47364589860905,0.913822054862976,,,,,2.0,1.0,1.0,1.0,0.0,1.0,22,1,1,0,1,0,0,1,1,1,0,0,0,0,0,0,0.0,0.0,,,,,,,,,0.0,,,,,,,
,0.19,-1.4631738169074349,-0.5747599899768829,0.0529761984944343,,,,,83.89510745922098,0.308918653446951,,,,,0.679301251,0.337837837,0.341463414,0.283783783,0.054054054,0.323076923,29,82,74,10,2,0,3,25,21,18,2,1,2,6,1,10,0.121951219,0.073170731,,,,,,,,,-1.0,,,,,,,
,0.04,-1.2917144118495516,1.3166483640670776,0.0068308524787425,,,,,33.46691205977269,0.228455513715744,,,,,0.5,0.25,0.25,0.25,0.0,0.333333333,28,17,16,2,0,0,0,4,4,4,0,0,0,0,0,4,0.235294117,0.0,,,,,,,,,0.0,,,,,,,
,-0.04999999999999999,-2.891339908044532,-2.0070873498916626,0.0717239510267973,,,,,84.66389274818253,0.2934152570115514,,,,,0.653264679,0.349693251,0.303571428,0.282208588,0.067484663,0.295302013,64,169,163,17,19,2,7,57,46,39,5,0,0,3,2,12,0.071005917,0.017751479,,,,,,,,,0.0,,,,,,,
,-0.09,-7.570089791686279,-0.00925874710083,-0.8324586702510715,,,,,76.8571336811545,0.2879559374504979,,,,,0.613436692,0.311111111,0.302325581,0.204444444,0.106666667,0.221621621,96,258,225,29,26,5,14,70,46,32,9,0,5,27,1,36,0.139534883,0.104651162,,,,,,,,,6.0,,,,,,,
,-0.01,-0.0292414591674201,0.3872494995594024,0.0034154262393712,,,,,94.31102183323364,0.3246771812438965,,,,,0.65,0.25,0.4,0.25,0.0,1.0,24,5,4,0,0,0,0,1,1,1,0,0,0,1,0,3,0.6,0.2,,,,,,,,,0.0,,,,,,,
,0.09,-0.4348451350245105,0.6195992231369019,0.0034154262393712,,,,,52.28313391403336,0.261092015675136,,,,,0.57142857,0.285714285,0.285714285,0.285714285,0.0,0.285714285,16,8,7,1,0,0,0,2,2,2,0,0,0,0,0,0,0.0,0.0,,,,,,,,,0.0,,,,,,,
,0.02,-1.0670877935976986,-1.464563488960266,0.0426928279921412,,,,,89.71655114133276,0.3136269722295844,,,,,0.683333333,0.35,0.333333333,0.2375,0.1125,0.283333333,66,94,80,13,7,2,5,28,19,14,3,0,0,12,1,19,0.202127659,0.127659574,,,,,,,,,-1.0,,,,,,,
,0.02,-0.6622733303099991,0.7744989991188049,0.0051231393590569,,,,,41.86824773352974,0.2332949757575989,,,,,0.425,0.125,0.3,0.125,0.0,0.2,59,10,8,1,0,0,0,1,1,1,0,0,0,2,0,3,0.3,0.2,,,,,,,,,0.0,,,,,,,
,0.03,0.2013796035115145,0.1548998057842254,0.0017077131196856,,,,,186.95938167451905,0.456911027431488,,,,,1.0,0.5,0.5,0.5,0.0,0.5,16,2,2,0,0,0,0,1,1,1,0,0,0,0,0,0,0.0,0.0,,,,,,,,,0.0,,,,,,,
,0.06,0.3018386093744732,0.0774499028921127,0.0017077131196856,,,,,365.9746999988135,0.7095638513565063,,,,,1.0,0.0,1.0,0.0,0.0,0.0,41,1,0,0,0,0,0,0,0,0,0,0,0,1,0,0,0.0,1.0,,,,,,,,,0.0,,,,,,,
,0.07,-0.4491872700695203,-5.641975283622742,-1.0614897962659595,,,,,102.90171040655964,0.3297175194627495,,,,,0.726222306,0.410714285,0.315508021,0.238095238,0.172619047,0.273504273,53,187,168,24,15,8,12,69,40,28,3,1,4,17,1,43,0.229946524,0.09090909,,,,,,,,,-5.0,,,,,,,
,0.04,0.1893345627848529,0.1548998057842254,0.0017077131196856,,,,,181.71362929655805,0.456911027431488,,,,,1.0,0.5,0.5,0.5,0.0,1.0,42,2,2,0,0,0,0,1,1,1,0,0,0,0,0,1,0.5,0.0,,,,,,,,,0.0,,,,,,,
,0.03,-0.2634885417682875,0.464699387550354,0.0034154262393712,,,,,61.25342767932008,0.270564317703247,,,,,0.533333333,0.2,0.333333333,0.2,0.0,0.25,36,6,5,1,0,0,0,1,1,1,0,0,0,1,0,1,0.166666666,0.166666666,,,,,,,,,0.0,,,,,,,
,0.04,-0.2683066385252227,0.464699387550354,0.0034154262393712,,,,,60.55398234759963,0.270564317703247,,,,,0.533333333,0.2,0.333333333,0.2,0.0,0.25,17,6,5,0,0,0,0,1,1,1,0,0,0,1,0,1,0.166666666,0.166666666,,,,,,,,,0.0,,,,,,,
,0.0,-1.2512697032264364,1.1617485284805298,0.0051231393590569,,,,,27.043548281715264,0.2108820126606868,,,,,0.46153846,0.23076923,0.23076923,0.23076923,0.0,0.333333333,42,15,13,1,1,0,0,3,3,3,0,0,0,0,0,4,0.266666666,0.0,,,,,,,,,0.0,,,,,,,
,0.04,-0.0726830235343223,0.3097996115684509,0.0017077131196856,,,,,83.80099359742117,0.304607351620992,,,,,0.666666666,0.333333333,0.333333333,0.333333333,0.0,1.0,12,4,3,0,0,0,0,1,1,1,0,0,0,0,0,2,0.5,0.0,,,,,,,,,0.0,,,,,,,
,-0.06,-0.1777530482339281,0.1362597942352295,0.0017077131196856,,,,,86.74688756411099,0.2943452497323354,,,,,0.666666666,0.416666666,0.25,0.25,0.166666666,0.375,17,12,12,0,3,0,2,5,3,1,2,0,0,0,0,4,0.333333333,0.0,,,,,,,,,0.0,,,,,,,
,-0.13,0.2074627646871839,-0.3240740597248077,0.0068308524787425,,,,,112.69993795700572,0.3400136062077113,,,,,0.741758241,0.384615384,0.357142857,0.307692307,0.076923077,0.4,4,14,13,0,2,0,1,5,4,3,1,0,0,1,0,3,0.214285714,0.071428571,,,,,,,,,,,,,,,,
,0.0,-2.5953764568737667,2.0911474227905273,0.0068308524787425,,,,,16.052525093689894,0.1983412702878316,,,,,0.425724637,0.217391304,0.208333333,0.173913043,0.043478261,0.222222222,19,27,23,1,1,0,1,5,4,3,1,0,0,1,0,5,0.185185185,0.037037037,,,,,,,,,0.0,,,,,,,
,0.14,-1.62250808144663,1.394098162651062,0.0068308524787425,,,,,21.15603811926416,0.2156893759965896,,,,,0.45,0.2,0.25,0.2,0.0,0.3,22,18,15,1,1,0,0,3,3,3,0,0,0,1,0,5,0.277777777,0.055555555,,,,,,,,,0.0,,,,,,,
,0.03,0.0830123606696149,0.1548998057842254,0.0017077131196856,,,,,135.4090997202072,0.3712543547153473,,,,,0.5,0.0,0.5,0.0,0.0,0.0,7,2,1,1,0,0,0,0,0,0,0,0,0,0,0,1,0.5,0.0,,,,,,,,,0.0,,,,,,,
,-0.03,-3.2726955986255852,2.555846691131592,0.0017077131196856,,,,,13.573337956674994,0.1905025552059042,,,,,0.423645319,0.285714285,0.137931034,0.107142857,0.178571428,0.111111111,25,33,28,1,1,1,3,8,3,0,2,0,0,0,0,9,0.272727272,0.0,,,,,,,,,0.0,,,,,,,
,-0.01,-0.0344595936571095,0.232349693775177,0.0017077131196856,,,,,89.49915073850757,0.304607351620992,,,,,0.666666666,0.333333333,0.333333333,0.333333333,0.0,0.5,30,3,3,0,0,0,0,1,1,1,0,0,0,0,0,1,0.333333333,0.0,,,,,,,,,0.0,,,,,,,
,0.02,-1.0089438938755235,0.929398775100708,0.0017077131196856,,,,,26.64161969235396,0.22229825258255,,,,,0.5,0.3,0.2,0.2,0.1,0.285714285,52,12,10,1,1,0,1,3,2,1,1,0,0,0,0,3,0.25,0.0,,,,,,,,,0.0,,,,,,,
,0.04,0.1101514292495499,-0.0178326461464166,0.4034154321998358,,,,,57.4267292307948,0.270564317703247,,,,,0.533333333,0.2,0.333333333,0.2,0.0,0.25,12,6,5,4,1,0,0,1,1,1,0,0,2,1,0,1,0.166666666,0.166666666,,,,,,,,,0.0,,,,,,,
,0.09,-1.7079628032603766,-0.7585735321044922,0.0409851148724556,,,,,80.38088521452474,0.285321684577797,,,,,0.589983489,0.260869565,0.329113924,0.231884057,0.028985508,0.285714285,24,79,69,14,6,0,2,18,16,14,2,0,0,9,0,13,0.164556962,0.11392405,,,,,,,,,-2.0,,,,,,,
,0.02,0.2087455008093737,0.0,0.0017077131196856,,,,,190.16731381380455,0.456911027431488,,,,,1.0,0.5,0.5,0.5,0.0,1.0,3,2,2,2,1,0,0,1,1,1,0,0,0,0,0,1,0.5,0.0,,,,,,,,,,,,,,,,
,0.05,0.2087455008093737,0.0,0.0017077131196856,,,,,190.16731381380455,0.456911027431488,,,,,1.0,0.5,0.5,0.5,0.0,0.5,3,2,2,0,0,0,0,1,1,1,0,0,0,0,0,0,0.0,0.0,,,,,,,,,,,,,,,,
,0.22,-4.37559533225845,1.248745083808899,-0.533325013704598,,,,,68.76143751954619,0.2845329300121025,,,,,0.630938322,0.346534653,0.284403669,0.237623762,0.108910891,0.24137931,30,109,101,12,11,3,5,35,24,19,2,0,1,7,1,12,0.110091743,0.064220183,,,,,,,,,3.0,,,,,,,
,0.0,-1.686386411719754,1.394098162651062,0.0051231393590569,,,,,18.147592382846227,0.195819011756352,,,,,0.428571428,0.214285714,0.214285714,0.214285714,0.0,0.3,53,18,14,2,1,0,0,3,3,3,0,0,0,0,0,4,0.222222222,0.0,,,,,,,,,0.0,,,,,,,
,0.03,-0.6706141924729117,-0.9151807427406312,0.0307388361543416,,,,,88.90114258061011,0.3118928064193044,,,,,0.648809523,0.291666666,0.357142857,0.25,0.041666666,0.307692307,15,56,48,4,4,0,2,14,12,10,2,0,0,7,0,9,0.160714285,0.125,,,,,,,,,0.0,,,,,,,
,0.03,-0.0635760006938908,0.232349693775177,0.0017077131196856,,,,,81.04546622126107,0.304607351620992,,,,,0.666666666,0.333333333,0.333333333,0.333333333,0.0,0.5,20,3,3,0,0,0,0,1,1,1,0,0,0,0,0,1,0.333333333,0.0,,,,,,,,,0.0,,,,,,,
,-0.05,-29.87777013308689,15.279858112335203,0.232360259629786,,,,,47.54678155344524,0.2508853603006654,,,,,0.560966045,0.277292576,0.283673469,0.240174672,0.037117904,0.257756563,126,500,458,37,36,2,13,127,110,97,11,0,6,28,11,40,0.08,0.056,,,,,,,,,8.0,,,,,,,
,-0.01,-1.3820116935055575,1.1617485284805298,0.0051231393590569,,,,,19.451598233892454,0.195819011756352,,,,,0.428571428,0.214285714,0.214285714,0.214285714,0.0,0.25,37,15,14,0,1,0,0,3,3,3,0,0,0,0,0,2,0.133333333,0.0,,,,,,,,,0.0,,,,,,,
,0.04,-1.7206931816391131,1.394098162651062,0.0034154262393712,,,,,16.570119005057826,0.1934324082206277,,,,,0.426470588,0.25,0.176470588,0.125,0.125,0.285714285,24,18,16,2,0,0,1,4,2,1,0,1,0,1,0,9,0.5,0.055555555,,,,,,,,,0.0,,,,,,,
,-0.03,-7.260310325349528,5.344043254852295,0.0204925574362278,,,,,8.09065064754803,0.1901328673729529,,,,,0.38487614,0.169491525,0.215384615,0.13559322,0.033898305,0.266666666,38,69,59,2,3,0,2,10,8,6,2,0,0,6,0,29,0.420289855,0.086956521,,,,,,,,,0.0,,,,,,,
,-0.04,-5.279887128279245,1.672955870628357,0.0273234099149703,,,,,58.74362292605824,0.2562045050323556,,,,,0.593270831,0.336633663,0.256637168,0.178217821,0.158415842,0.194805194,41,114,101,9,15,3,9,34,18,9,5,1,0,10,4,22,0.192982456,0.087719298,,,,,,,,,0.0,,,,,,,
,0.0,0.0291613836092687,0.0,0.0,,,,,106.35005729263942,0.3272901177406311,,,,,0.75,0.5,0.25,0.25,0.25,0.333333333,4,4,4,0,0,0,1,2,1,0,1,0,0,0,0,1,0.25,0.0,,,,,,,,,,,,,,,,
,0.02,0.0550181728273968,0.0342935509979724,0.0017077131196856,,,,,123.21731218084685,0.3547819256782532,,,,,0.5,0.0,0.5,0.0,0.0,0.0,3,2,1,0,0,0,0,0,0,0,0,0,0,1,0,0,0.0,0.5,,,,,,,,,0.0,,,,,,,
,0.09,-0.64729453955682,0.2674897015094757,0.0085385655984282,,,,,63.67522146801994,0.2600371167063713,,,,,0.526785714,0.214285714,0.3125,0.214285714,0.0,0.272727272,13,16,14,3,2,0,0,3,3,3,0,0,0,2,0,3,0.1875,0.125,,,,,,,,,0.0,,,,,,,
,0.02,-0.1875505750008837,0.232349693775177,0.0017077131196856,,,,,45.05057378733841,0.2365212837855021,,,,,0.333333333,0.0,0.333333333,0.0,0.0,0.0,2,3,2,0,0,0,0,0,0,0,0,0,0,1,0,1,0.333333333,0.333333333,,,,,,,,,0.0,,,,,,,
,0.0,-0.2005084608622805,0.232349693775177,0.0017077131196856,,,,,41.28836923564496,0.2365212837855021,,,,,0.333333333,0.0,0.333333333,0.0,0.0,0.0,6,3,2,1,0,0,0,0,0,0,0,0,0,1,0,2,0.666666666,0.333333333,,,,,,,,,0.0,,,,,,,
,-0.019999999999999997,-0.0283664715920421,0.0548696815967559,0.0017077131196856,,,,,97.37983400366151,0.304607351620992,,,,,0.666666666,0.333333333,0.333333333,0.333333333,0.0,0.5,4,3,3,0,0,0,0,1,1,1,0,0,0,0,0,1,0.333333333,0.0,,,,,,,,,0.0,,,,,,,
,0.01,-0.2116533298918025,0.232349693775177,0.0017077131196856,,,,,38.05255766581108,0.2365212837855021,,,,,0.333333333,0.0,0.333333333,0.0,0.0,0.0,21,3,2,0,0,0,0,0,0,0,0,0,0,1,0,1,0.333333333,0.333333333,,,,,,,,,0.0,,,,,,,
,0.17,-11.46596354575493,8.287138938903809,0.023907983675599,,,,,6.467852867962816,0.1876776912837352,,,,,0.414757281,0.24,0.174757281,0.16,0.08,0.175,40,107,100,6,5,2,4,24,16,12,2,0,0,2,0,19,0.177570093,0.018691588,,,,,,,,,0.0,,,,,,,
,-0.09,-0.6689115234777715,-1.438957452774048,0.2358619784936308,,,,,88.74173823973685,0.3034614410953245,,,,,0.670725994,0.327868852,0.342857142,0.278688524,0.049180328,0.326923076,50,70,61,5,14,0,2,20,17,15,1,1,1,7,1,11,0.157142857,0.1,,,,,,,,,-1.0,,,,,,,
,-0.03,-1.8707769622727783,1.394098162651062,0.0068308524787425,,,,,9.142268750314452,0.1917238897747463,,,,,0.39869281,0.176470588,0.222222222,0.176470588,0.0,0.375,43,18,17,1,1,0,0,3,3,3,0,0,0,1,0,9,0.5,0.055555555,,,,,,,,,0.0,,,,,,,
,0.01,-0.898441552681155,0.697049081325531,0.0034154262393712,,,,,12.71800386359346,0.2029232382774353,,,,,0.392857142,0.142857142,0.25,0.142857142,0.0,0.25,31,9,7,0,0,0,0,1,1,1,0,0,0,1,0,3,0.333333333,0.111111111,,,,,,,,,0.0,,,,,,,
,0.14,-4.93383615422249,3.5626955032348633,0.0136617049574851,,,,,6.3177544124302765,0.1915497091081407,,,,,0.422222222,0.222222222,0.2,0.2,0.022222222,0.3,21,46,45,4,7,0,1,10,9,8,1,0,0,0,0,15,0.326086956,0.0,,,,,,,,,0.0,,,,,,,
,0.0,-0.6125846180223877,0.464699387550354,0.0017077131196856,,,,,10.822898541724136,0.1827644109725952,,,,,0.4,0.2,0.2,0.2,0.0,0.333333333,39,6,5,1,0,0,0,1,1,1,0,0,0,0,0,2,0.333333333,0.0,,,,,,,,,0.0,,,,,,,
,0.0,-2.3465785039479634,1.4663922786712646,0.0085385655984282,,,,,28.031222623505776,0.2153506108692714,,,,,0.500638569,0.259259259,0.24137931,0.185185185,0.074074074,0.217391304,8,29,27,0,3,0,1,7,5,4,0,1,0,2,1,4,0.137931034,0.068965517,,,,,,,,,1.0,,,,,,,
,0.13,-2.648031651763623,2.1577503234148026,0.0051231393590569,,,,,-23.7481200834398,0.133537261109603,,,,,0.269005847,0.111111111,0.157894736,0.111111111,0.0,0.153846153,10,19,18,2,3,0,0,2,2,2,0,0,0,1,0,5,0.263157894,0.052631578,,,,,,,,,2.0,,,,,,,
,-0.04,0.0,0.0,0.0,,,,,,0.0,,,,,0.0,0.0,0.0,0.0,0.0,0.0,7,0,0,1,0,0,0,0,0,0,0,0,0,0,0,0,0.0,0.0,,,,,,,,,,,,,,,,
,0.01,0.0,0.0,0.0,,,,,,0.0,,,,,0.0,0.0,0.0,0.0,0.0,0.0,49,0,0,1,0,0,0,0,0,0,0,0,0,0,0,0,0.0,0.0,,,,,,,,,0.0,,,,,,,
,-0.01,0.0,0.0,0.0,,,,,,0.0,,,,,0.0,0.0,0.0,0.0,0.0,0.0,31,0,0,1,0,0,0,0,0,0,0,0,0,0,0,0,0.0,0.0,,,,,,,,,0.0,,,,,,,
,0.0,0.0,0.0,0.0,,,,,,0.0,,,,,0.0,0.0,0.0,0.0,0.0,0.0,19,0,0,1,0,0,0,0,0,0,0,0,0,0,0,0,0.0,0.0,,,,,,,,,0.0,,,,,,,
,-0.02,0.0,0.0,0.0,,,,,,0.0,,,,,0.0,0.0,0.0,0.0,0.0,0.0,1,0,0,1,0,0,0,0,0,0,0,0,0,0,0,0,0.0,0.0,,,,,,,,,,,,,,,,
,0.0,0.0,0.0,0.0,,,,,,0.0,,,,,0.0,0.0,0.0,0.0,0.0,0.0,4,0,0,1,0,0,0,0,0,0,0,0,0,0,0,0,0.0,0.0,,,,,,,,,0.0,,,,,,,
,-0.02,0.0,-0.0109739359468221,0.0,,,,,,0.0,,,,,0.0,0.0,0.0,0.0,0.0,0.0,3,0,0,1,0,0,0,0,0,0,0,0,0,0,0,0,0.0,0.0,,,,,,,,,0.0,,,,,,,
,0.01,-0.4473965039776933,0.3097996115684509,0.0017077131196856,,,,,2.205000038890756,0.1773909628391266,,,,,0.25,0.0,0.25,0.0,0.0,0.0,33,4,3,0,0,0,0,0,0,0,0,0,0,1,0,0,0.0,0.25,,,,,,,,,0.0,,,,,,,
,-0.01,-0.2799404530657619,0.1234567835927009,0.0017077131196856,,,,,38.66950842908689,0.228455513715744,,,,,0.5,0.25,0.25,0.25,0.0,0.25,9,4,4,0,0,0,0,1,1,1,0,0,0,0,0,0,0.0,0.0,,,,,,,,,0.0,,,,,,,
,-0.01,-0.2469072995841514,-0.1316872388124466,0.0034154262393712,,,,,77.81650848525908,0.2932546377182007,,,,,0.633333333,0.333333333,0.3,0.222222222,0.111111111,0.4,8,10,9,0,3,0,1,3,2,1,1,0,0,1,0,4,0.4,0.1,,,,,,,,,0.0,,,,,,,
,-0.02,-1.584232853364827,1.084298610687256,0.0017077131196856,,,,,1.3292608879530774,0.1719624102115631,,,,,0.392857142,0.25,0.142857142,0.083333333,0.166666667,0.142857142,7,14,12,1,1,0,1,3,1,0,0,1,0,0,0,6,0.428571428,0.0,,,,,,,,,0.0,,,,,,,
,0.03,-0.4447147625187427,-0.3240740597248077,-0.3777626436203718,,,,,97.0779028779688,0.3137064093635195,,,,,0.701754385,0.368421052,0.333333333,0.315789473,0.052631579,0.4,11,21,19,0,1,0,1,7,6,5,1,0,0,1,0,5,0.238095238,0.047619047,,,,,,,,,,,,,,,,
,0.43,-17.255907240185998,1.2326264381408691,0.088863156735897,,,,,67.64029393113935,0.280277403323881,,,,,0.611842686,0.315068493,0.296774193,0.264840182,0.050228311,0.297927461,124,475,438,43,32,1,18,138,116,98,15,2,13,21,0,56,0.117894736,0.044210526,,,,,,,,,-4.0,,,,,,,
,-0.05,-4.856582496906578,3.407795667648315,0.0136617049574851,,,,,3.588781765260708,0.1733248350096912,,,,,0.370121951,0.175,0.195121951,0.175,0.0,0.318181818,50,44,40,1,1,0,0,7,7,7,0,0,0,1,0,18,0.409090909,0.022727272,,,,,,,,,0.0,,,,,,,
,-0.02,-0.2383170591094848,0.0774499028921127,0.0,,,,,-100.0,0.0,,,,,0.0,0.0,0.0,0.0,0.0,0.0,38,1,1,0,0,0,0,0,0,0,0,0,0,0,0,0,0.0,0.0,,,,,,,,,0.0,,,,,,,
,-0.02,-0.2383170591094848,0.0774499028921127,0.0,,,,,-100.0,0.0,,,,,0.0,0.0,0.0,0.0,0.0,0.0,62,1,1,0,0,0,0,0,0,0,0,0,0,0,0,1,1.0,0.0,,,,,,,,,0.0,,,,,,,
,-0.02,-0.2383170591094848,0.0774499028921127,0.0,,,,,-100.0,0.0,,,,,0.0,0.0,0.0,0.0,0.0,0.0,53,1,0,0,1,0,0,0,0,0,0,0,0,0,0,0,0.0,0.0,,,,,,,,,0.0,,,,,,,
,-0.02,-0.2410716505148765,0.0774499028921127,0.0,,,,,-100.0,0.0,,,,,0.0,0.0,0.0,0.0,0.0,0.0,4,1,1,0,0,0,0,0,0,0,0,0,0,0,0,0,0.0,0.0,,,,,,,,,0.0,,,,,,,
,-0.02,-0.2469296695092078,0.0774499028921127,0.0,,,,,-100.0,0.0,,,,,0.0,0.0,0.0,0.0,0.0,0.0,48,1,1,0,0,0,0,0,0,0,0,0,0,0,0,1,1.0,0.0,,,,,,,,,0.0,,,,,,,
,-0.02,-0.2469296695092078,0.0774499028921127,0.0,,,,,-100.0,0.0,,,,,0.0,0.0,0.0,0.0,0.0,0.0,53,1,1,0,0,0,0,0,0,0,0,0,0,0,0,0,0.0,0.0,,,,,,,,,0.0,,,,,,,
,-0.04,-0.2468880431154128,0.0774499028921127,0.0,,,,,-100.0,0.0,,,,,0.0,0.0,0.0,0.0,0.0,0.0,6,1,1,0,0,0,0,0,0,0,0,0,0,0,0,0,0.0,0.0,,,,,,,,,0.0,,,,,,,
,-0.02,-0.2468880431154128,0.0774499028921127,0.0,,,,,-100.0,0.0,,,,,0.0,0.0,0.0,0.0,0.0,0.0,2,1,1,0,0,0,0,0,0,0,0,0,0,0,0,1,1.0,0.0,,,,,,,,,0.0,,,,,,,
,-0.02,-0.2497470097043868,0.0774499028921127,0.0,,,,,-100.0,0.0,,,,,0.0,0.0,0.0,0.0,0.0,0.0,7,1,1,0,0,0,0,0,0,0,0,0,0,0,0,1,1.0,0.0,,,,,,,,,0.0,,,,,,,
,-0.02,-0.2506029994585868,0.0774499028921127,0.0,,,,,-100.0,0.0,,,,,0.0,0.0,0.0,0.0,0.0,0.0,4,1,1,0,0,0,0,0,0,0,0,0,0,0,0,0,0.0,0.0,,,,,,,,,0.0,,,,,,,
,-0.04,-0.7983555600781214,0.4646994024515152,0.0017077131196856,,,,,-12.577526219207224,0.1419127702713012,,,,,0.2,0.0,0.2,0.0,0.0,0.0,17,6,4,0,0,0,0,0,0,0,0,0,0,1,0,0,0.0,0.166666666,,,,,,,,,0.0,,,,,,,
,-0.02,-0.7088442481781969,0.3872494995594024,0.0017077131196856,,,,,-23.781387717275216,0.1419127702713012,,,,,0.2,0.0,0.2,0.0,0.0,0.0,20,5,4,0,0,0,0,0,0,0,0,0,0,1,0,0,0.0,0.2,,,,,,,,,0.0,,,,,,,
,-0.02,-0.4802494571801266,0.0,0.0051231393590569,,,,,57.72294157782919,0.2537207961082458,,,,,0.522222222,0.222222222,0.3,0.222222222,0.0,0.25,10,10,9,0,0,0,0,2,2,2,0,0,0,1,0,1,0.1,0.1,,,,,,,,,,,,,,,,
,-0.04,-5.9163293160672055,4.104844570159912,0.0136617049574851,,,,,2.5442035134838785,0.1717444633950992,,,,,0.371173469,0.1875,0.183673469,0.166666666,0.020833334,0.307692307,20,53,48,2,2,0,1,9,8,7,1,0,0,1,0,22,0.415094339,0.018867924,,,,,,,,,0.0,,,,,,,
,-0.1,-0.2469296695092078,0.0,0.0,,,,,-100.0,0.0,,,,,0.0,0.0,0.0,0.0,0.0,0.0,5,1,1,1,0,0,0,0,0,0,0,0,0,0,0,0,0.0,0.0,,,,,,,,,,,,,,,,
,-0.03,-0.2410716505148765,-0.005486967973411,0.0,,,,,-100.0,0.0,,,,,0.0,0.0,0.0,0.0,0.0,0.0,2,1,1,0,0,0,0,0,0,0,0,0,0,0,0,1,1.0,0.0,,,,,,,,,0.0,,,,,,,
,0.11,-0.7384683747181132,-0.799725666642189,-0.1692240750417113,,,,,86.36589642631137,0.3070979561124529,,,,,0.655357142,0.3125,0.342857142,0.28125,0.03125,0.310344827,12,37,32,1,3,0,1,10,9,8,1,0,1,3,0,3,0.081081081,0.081081081,,,,,,,,,-1.0,,,,,,,
,-0.03,-0.4823290887075179,0.1548998057842254,0.0,,,,,-100.0,0.0,,,,,0.0,0.0,0.0,0.0,0.0,0.0,47,2,2,0,0,0,0,0,0,0,0,0,0,0,0,2,1.0,0.0,,,,,,,,,0.0,,,,,,,
,-0.03,-0.482143301029753,0.1548998057842254,0.0,,,,,-100.0,0.0,,,,,0.0,0.0,0.0,0.0,0.0,0.0,6,2,2,0,0,0,0,0,0,0,0,0,0,0,0,1,0.5,0.0,,,,,,,,,0.0,,,,,,,
,-0.03,-0.4844276043372862,0.1548998057842254,0.0,,,,,-100.0,0.0,,,,,0.0,0.0,0.0,0.0,0.0,0.0,18,2,2,0,0,0,0,0,0,0,0,0,0,0,0,1,0.5,0.0,,,,,,,,,0.0,,,,,,,
,-0.03,-0.4844276043372862,0.1548998057842254,0.0,,,,,-100.0,0.0,,,,,0.0,0.0,0.0,0.0,0.0,0.0,18,2,2,0,0,0,0,0,0,0,0,0,0,0,0,2,1.0,0.0,,,,,,,,,0.0,,,,,,,
,-0.03,-0.4864101889329665,0.1548998057842254,0.0,,,,,-100.0,0.0,,,,,0.0,0.0,0.0,0.0,0.0,0.0,3,2,2,0,0,0,0,0,0,0,0,0,0,0,0,2,1.0,0.0,,,,,,,,,0.0,,,,,,,
,-0.03,-0.4875480714040511,0.1548998057842254,0.0,,,,,-100.0,0.0,,,,,0.0,0.0,0.0,0.0,0.0,0.0,6,2,2,0,0,0,0,0,0,0,0,0,0,0,0,2,1.0,0.0,,,,,,,,,0.0,,,,,,,
,-0.03,-0.4875719579654448,0.1548998057842254,0.0,,,,,-100.0,0.0,,,,,0.0,0.0,0.0,0.0,0.0,0.0,35,2,2,0,0,0,0,0,0,0,0,0,0,0,0,1,0.5,0.0,,,,,,,,,0.0,,,,,,,
,0.11,-0.5012059989171737,0.1548998057842254,0.0,,,,,-100.0,0.0,,,,,0.0,0.0,0.0,0.0,0.0,0.0,9,2,1,1,0,0,0,0,0,0,0,0,0,0,0,0,0.0,0.0,,,,,,,,,0.0,,,,,,,
,-0.009999999999999995,-2.560239801943263,0.8550527393817902,0.0187848443165421,,,,,46.84836120085669,0.2364618011883326,,,,,0.457142856,0.171428571,0.285714285,0.142857142,0.028571429,0.192307692,29,43,35,2,3,0,1,6,5,4,1,0,0,7,0,9,0.209302325,0.162790697,,,,,,,,,0.0,,,,,,,
,-0.03,-0.5058211269574874,0.1548998057842254,0.0,,,,,-100.0,0.0,,,,,0.0,0.0,0.0,0.0,0.0,0.0,7,2,2,0,0,0,0,0,0,0,0,0,0,0,0,0,0.0,0.0,,,,,,,,,0.0,,,,,,,
,0.0,-0.7022157589423494,-0.1353453993797302,0.0068308524787425,,,,,63.67083855501778,0.2800112051122329,,,,,0.606617647,0.3125,0.294117647,0.25,0.0625,0.285714285,11,17,16,1,3,0,1,5,4,3,1,0,0,1,0,2,0.117647058,0.058823529,,,,,,,,,0.0,,,,,,,
,-0.04,-1.1808846585205832,0.6195992231369019,0.0017077131196856,,,,,-28.758110629688773,0.130546007837568,,,,,0.285714284,0.142857142,0.142857142,0.142857142,0.0,0.333333333,42,8,7,0,1,0,0,1,1,1,0,0,0,0,0,4,0.5,0.0,,,,,,,,,0.0,,,,,,,
,0.05,-1.0766048585010537,0.5421493053436279,0.0017077131196856,,,,,-34.1764006598029,0.118260641892751,,,,,0.166666666,0.0,0.166666666,0.0,0.0,0.0,41,7,5,1,0,0,0,0,0,0,0,0,0,1,0,2,0.285714285,0.142857142,,,,,,,,,0.0,,,,,,,
,-0.08,-3.470184945961775,2.246047019958496,0.0085385655984282,,,,,-4.484392901207426,0.16318250979696,,,,,0.357142856,0.178571428,0.178571428,0.178571428,0.0,0.3125,16,29,28,2,1,0,0,5,5,5,0,0,0,0,0,12,0.413793103,0.0,,,,,,,,,0.0,,,,,,,
,-0.02,-0.7794056130937794,-0.0160035640001297,0.0051231393590569,,,,,54.443839450608166,0.2564245621363322,,,,,0.552380951,0.285714285,0.266666666,0.214285714,0.071428571,0.3,11,15,14,1,1,0,1,4,3,2,1,0,0,1,0,4,0.266666666,0.066666666,,,,,,,,,0.0,,,,,,,
,-0.05,-1.7408250839019062,1.006848692893982,0.0034154262393712,,,,,-16.867169477875805,0.152303675810496,,,,,0.333333332,0.166666666,0.166666666,0.166666666,0.0,0.4,18,13,12,1,0,0,0,2,2,2,0,0,0,0,0,7,0.538461538,0.0,,,,,,,,,0.0,,,,,,,
,-0.19,-8.429329893594144,2.5185160636901855,0.2666008146479726,,,,,58.1527421779053,0.2579322422659674,,,,,0.576944957,0.284810126,0.292134831,0.202531645,0.082278481,0.234375,76,181,158,25,8,2,7,45,32,25,3,2,1,20,6,28,0.154696132,0.110497237,,,,,,,,,0.0,,,,,,,
,-0.03,-2.4450841451638654,1.471548080444336,0.0051231393590569,,,,,-12.325596820177903,0.1492475271224975,,,,,0.301470588,0.125,0.176470588,0.125,0.0,0.142857142,49,19,16,2,1,0,0,2,2,2,0,0,0,1,0,2,0.105263157,0.052631578,,,,,,,,,0.0,,,,,,,
,-0.08,-3.4261216455507313,2.1685972213745117,0.0068308524787425,,,,,-6.7921356813417,0.1589255747587784,,,,,0.347826086,0.173913043,0.173913043,0.173913043,0.0,0.266666666,38,28,23,0,2,0,0,4,4,4,0,0,0,0,0,8,0.285714285,0.0,,,,,,,,,0.0,,,,,,,
,-0.04,-0.7277062434848418,0.232349693775177,0.0,,,,,-100.0,0.0,,,,,0.0,0.0,0.0,0.0,0.0,0.0,28,3,2,0,0,0,0,0,0,0,0,0,0,0,0,1,0.333333333,0.0,,,,,,,,,0.0,,,,,,,
,-0.04,-0.7277062434848418,0.232349693775177,0.0,,,,,-100.0,0.0,,,,,0.0,0.0,0.0,0.0,0.0,0.0,16,3,3,0,0,0,0,0,0,0,0,0,0,0,0,2,0.666666666,0.0,,,,,,,,,0.0,,,,,,,
,-0.05,-0.7313221071060767,0.232349693775177,0.0,,,,,-100.0,0.0,,,,,0.0,0.0,0.0,0.0,0.0,0.0,22,3,3,0,0,0,0,0,0,0,0,0,0,0,0,3,1.0,0.0,,,,,,,,,0.0,,,,,,,
,0.19,-9.609888982475445,6.5832414627075195,-0.3555623730644583,,,,,5.16789163294618,0.1915004625916481,,,,,0.366071428,0.128571428,0.2375,0.128571428,0.0,0.195652173,42,85,70,4,3,0,0,9,9,9,0,0,0,10,0,24,0.282352941,0.117647058,,,,,,,,,0.0,,,,,,,
,-0.05,-0.7518089983757605,0.232349693775177,0.0,,,,,-100.0,0.0,,,,,0.0,0.0,0.0,0.0,0.0,0.0,28,3,3,0,0,0,0,0,0,0,0,0,0,0,0,3,1.0,0.0,,,,,,,,,0.0,,,,,,,
,-0.05,-0.7518089983757605,0.232349693775177,0.0,,,,,-100.0,0.0,,,,,0.0,0.0,0.0,0.0,0.0,0.0,22,3,3,0,0,0,0,0,0,0,0,0,0,0,0,2,0.666666666,0.0,,,,,,,,,0.0,,,,,,,
,0.03,-0.6944926790620813,0.0960219427943229,0.0017077131196856,,,,,-23.39395427813971,0.1419127702713012,,,,,0.2,0.0,0.2,0.0,0.0,0.0,5,5,4,0,0,0,0,0,0,0,0,0,0,1,0,0,0.0,0.2,,,,,,,,,0.0,,,,,,,
,-0.07,-3.146133828412686,-6.345564603805542,-0.2171263350173831,,,,,90.3146501818731,0.3118396807800639,,,,,0.669140523,0.323275862,0.345864661,0.254310344,0.068965518,0.289340101,104,268,232,29,24,2,11,75,59,48,8,1,6,33,2,34,0.126865671,0.123134328,,,,,,,,,-3.0,,,,,,,
,-0.03,-1.8975259457389877,1.006848692893982,0.0034154262393712,,,,,-27.36640170598182,0.1405880084404578,,,,,0.307692306,0.153846153,0.153846153,0.153846153,0.0,0.166666666,14,13,13,1,0,0,0,2,2,2,0,0,0,0,0,1,0.076923076,0.0,,,,,,,,,0.0,,,,,,,
,-0.08,-1.9870892077948477,0.6683813631534576,0.0034154262393712,,,,,34.66753395614473,0.2204027705722385,,,,,0.494301994,0.346153846,0.148148148,0.115384615,0.230769231,0.142857142,9,27,26,2,4,2,2,9,3,1,0,0,0,1,0,17,0.629629629,0.037037037,,,,,,,,,1.0,,,,,,,
,-0.08,-2.35958564530487,1.3166483640670776,0.0051231393590569,,,,,-21.15971760480506,0.1458093598484993,,,,,0.258928571,0.071428571,0.1875,0.071428571,0.0,0.083333333,71,17,14,1,1,0,0,1,1,1,0,0,0,2,0,2,0.117647058,0.117647058,,,,,,,,,0.0,,,,,,,
,-0.06,-0.964286602059506,0.3097996115684509,0.0,,,,,-100.0,0.0,,,,,0.0,0.0,0.0,0.0,0.0,0.0,28,4,4,0,0,0,0,0,0,0,0,0,0,0,0,1,0.25,0.0,,,,,,,,,0.0,,,,,,,
,-0.06,-0.9750961428081022,0.3097996115684509,0.0,,,,,-100.0,0.0,,,,,0.0,0.0,0.0,0.0,0.0,0.0,15,4,4,0,0,0,0,0,0,0,0,0,0,0,0,2,0.5,0.0,,,,,,,,,0.0,,,,,,,
,-0.06,-0.9751439159308896,0.3097996115684509,0.0,,,,,-100.0,0.0,,,,,0.0,0.0,0.0,0.0,0.0,0.0,14,4,4,0,0,0,0,0,0,0,0,0,0,0,0,1,0.25,0.0,,,,,,,,,0.0,,,,,,,
,-0.06,-0.9751439159308896,0.3097996115684509,0.0,,,,,-100.0,0.0,,,,,0.0,0.0,0.0,0.0,0.0,0.0,2,4,4,0,0,0,0,0,0,0,0,0,0,0,0,3,0.75,0.0,,,,,,,,,0.0,,,,,,,
,-0.17,-1.9683820270812016,0.7599451541900635,0.0068308524787425,,,,,20.43522288101286,0.207087831063704,,,,,0.427272727,0.2,0.227272727,0.15,0.05,0.214285714,11,22,20,1,2,0,1,4,3,2,1,0,0,2,0,6,0.272727272,0.09090909,,,,,,,,,1.0,,,,,,,
,-0.07,-0.999199933329724,0.3097996115684509,0.0,,,,,-100.0,0.0,,,,,0.0,0.0,0.0,0.0,0.0,0.0,44,4,4,0,0,0,0,0,0,0,0,0,0,0,0,3,0.75,0.0,,,,,,,,,0.0,,,,,,,
,-0.09,-0.7861725689501369,0.0329218097031116,0.0017077131196856,,,,,-14.376944476074932,0.152303675810496,,,,,0.333333332,0.166666666,0.166666666,0.166666666,0.0,0.25,5,6,6,0,1,0,0,1,1,1,0,0,0,0,0,2,0.333333333,0.0,,,,,,,,,0.0,,,,,,,
,-0.07,-0.7674885244698131,0.0,0.0017077131196856,,,,,-11.664573108561608,0.152303675810496,,,,,0.333333332,0.166666666,0.166666666,0.166666666,0.0,0.166666666,6,6,6,0,0,0,0,1,1,1,0,0,0,0,0,0,0.0,0.0,,,,,,,,,,,,,,,,
,-0.07,-1.016773289958142,0.3097996115684509,0.0,,,,,-100.0,0.0,,,,,0.0,0.0,0.0,0.0,0.0,0.0,11,4,4,0,0,0,0,0,0,0,0,0,0,0,0,3,0.75,0.0,,,,,,,,,0.0,,,,,,,
,-0.1,-0.7406641293462386,0.0617283917963504,0.0,,,,,-100.0,0.0,,,,,0.0,0.0,0.0,0.0,0.0,0.0,1,3,3,0,0,0,0,0,0,0,0,0,0,0,0,1,0.333333333,0.0,,,,,,,,,0.0,,,,,,,
,-0.11,-8.277535995747076,5.498942852020264,0.0222002705559134,,,,,-1.820553309150029,0.1792370360344648,,,,,0.380544354,0.177419354,0.203125,0.177419354,0.0,0.261904761,39,71,62,6,2,0,0,11,11,11,0,0,0,2,0,20,0.28169014,0.028169014,,,,,,,,,0.0,,,,,,,
,-0.04999999999999999,-1.0374304811479402,-3.828991621732712,0.2768841851502657,,,,,91.45673131946457,0.32189787813087,,,,,0.702341947,0.373983739,0.328358208,0.276422764,0.097560975,0.271929824,34,134,123,16,19,3,6,46,34,28,3,0,3,9,0,7,0.052238805,0.067164179,,,,,,,,,-2.0,,,,,,,
,-0.08,-1.917288463021256,0.929398775100708,0.0034154262393712,,,,,-39.41473539597692,0.118260641892751,,,,,0.166666666,0.0,0.166666666,0.0,0.0,0.0,10,12,10,0,0,0,0,0,0,0,0,0,0,2,0,9,0.75,0.166666666,,,,,,,,,0.0,,,,,,,
,0.02,-0.9350334443214898,-0.1760404556989669,0.0068308524787425,,,,,48.72592186716383,0.2436858812967936,,,,,0.579166666,0.266666666,0.3125,0.266666666,0.0,0.444444444,12,16,15,2,2,0,0,4,4,4,0,0,0,1,1,6,0.375,0.0625,,,,,,,,,0.0,,,,,,,
,-0.08,-0.749399949997293,0.0137174203991889,0.0,,,,,-100.0,0.0,,,,,0.0,0.0,0.0,0.0,0.0,0.0,2,3,3,0,0,0,0,0,0,0,0,0,0,0,0,1,0.333333333,0.0,,,,,,,,,0.0,,,,,,,
,0.04,-9.41092997674986,6.273441791534424,0.0187848443165421,,,,,-1.4011893505519513,0.1757025891456051,,,,,0.370223978,0.181818181,0.188405797,0.151515151,0.03030303,0.2,41,81,66,5,1,0,2,12,10,8,2,0,0,1,0,16,0.197530864,0.012345679,,,,,,,,,0.0,,,,,,,
,-0.08,-1.2110690108432156,0.3872494995594024,0.0,,,,,-100.0,0.0,,,,,0.0,0.0,0.0,0.0,0.0,0.0,58,5,4,0,0,0,0,0,0,0,0,0,0,0,0,2,0.4,0.0,,,,,,,,,0.0,,,,,,,
,-0.08,-1.6479653322227892,0.697049081325531,0.0017077131196856,,,,,-59.65586532607444,0.0886954814195633,,,,,0.125,0.0,0.125,0.0,0.0,0.0,54,9,7,0,0,0,0,0,0,0,0,0,0,1,0,3,0.333333333,0.111111111,,,,,,,,,0.0,,,,,,,
,-0.08,-1.2188701785101277,0.3872494995594024,0.0,,,,,-100.0,0.0,,,,,0.0,0.0,0.0,0.0,0.0,0.0,12,5,4,0,0,0,0,0,0,0,0,0,0,0,0,2,0.4,0.0,,,,,,,,,0.0,,,,,,,
,-0.08,-1.2344402155770642,0.3872494995594024,0.0,,,,,-100.0,0.0,,,,,0.0,0.0,0.0,0.0,0.0,0.0,44,5,4,0,0,0,0,0,0,0,0,0,0,0,0,2,0.4,0.0,,,,,,,,,0.0,,,,,,,
,-0.11,-1.5399551572119006,0.3086419403553009,0.0068308524787425,,,,,14.327808711215775,0.1901571005582809,,,,,0.326923076,0.076923076,0.25,0.076923076,0.0,0.083333333,8,16,13,0,0,0,0,1,1,1,0,0,0,3,0,1,0.0625,0.1875,,,,,,,,,0.0,,,,,,,
,-0.18,-0.814334900806224,0.0774499028921127,-0.5760178416967392,,,,,-100.0,0.0,,,,,0.0,0.0,0.0,0.0,0.0,0.0,51,1,1,5,0,0,0,0,0,0,0,0,1,0,0,0,0.0,0.0,,,,,,,,,0.0,,,,,,,
,-0.1,-3.682723437857293,2.0911474227905273,0.0085385655984282,,,,,-19.080491125366414,0.15008309841156,,,,,0.25,0.05,0.2,0.05,0.0,0.111111111,29,27,20,2,2,0,0,1,1,1,0,0,0,4,0,12,0.444444444,0.148148148,,,,,,,,,0.0,,,,,,,
,0.1,-2.288037749580048,0.5555555820465088,-0.1760549275204539,,,,,39.6248378345109,0.2364626872924066,,,,,0.508064516,0.25,0.258064516,0.214285714,0.035714286,0.24,21,31,28,4,3,0,1,7,6,5,1,0,1,1,0,4,0.129032258,0.032258064,,,,,,,,,1.0,,,,,,,
,-0.04,-0.9754160287806948,-0.0438957437872886,0.0017077131196856,,,,,-23.70326098033351,0.130546007837568,,,,,0.285714284,0.142857142,0.142857142,0.142857142,0.0,0.25,4,7,7,0,0,0,0,1,1,1,0,0,0,0,0,3,0.428571428,0.0,,,,,,,,,0.0,,,,,,,
,-0.21,-0.1520356684923172,-0.6536350846290588,-0.1520356684923172,,,,,,0.0,,,,,0.0,0.0,0.0,0.0,0.0,0.0,35,0,0,16,0,0,0,0,0,0,0,0,7,0,0,0,0.0,0.0,,,,,,,,,0.0,,,,,,,
,-0.11,-0.0178145745030637,-1.0754458084702492,0.0017077131196856,,,,,97.57080613283696,0.3175689322607858,,,,,0.714285713,0.428571428,0.285714285,0.285714285,0.142857143,0.333333333,11,7,7,1,0,0,1,3,2,1,1,0,0,0,0,1,0.142857142,0.0,,,,,,,,,-1.0,,,,,,,
,-0.2,-1.070502927520378,-1.672153651714325,0.0204925574362278,,,,,83.61582912168204,0.2964717965377004,,,,,0.650097465,0.351851851,0.298245614,0.259259259,0.092592592,0.285714285,16,58,54,8,3,0,5,19,14,9,5,0,0,3,0,5,0.086206896,0.051724137,,,,,,,,,-2.0,,,,,,,
,-0.1,-2.020612784527201,0.8519489169120789,0.0017077131196856,,,,,-60.13520041939171,0.0830747322602705,,,,,0.18181818,0.09090909,0.09090909,0.09090909,0.0,0.25,9,11,11,0,1,0,0,1,1,1,0,0,0,0,0,7,0.636363636,0.0,,,,,,,,,0.0,,,,,,,
,-0.27,-7.654238914906257,2.989026427268982,0.2444005440920591,,,,,43.55048331327074,0.2301111377653528,,,,,0.506577974,0.254545454,0.25203252,0.2,0.054545454,0.25,48,124,110,5,14,0,4,28,22,18,2,2,1,9,1,26,0.209677419,0.072580645,,,,,,,,,4.0,,,,,,,
,-0.15,-3.3980757005821913,1.9204389676451683,0.0017077131196856,,,,,-18.45155085280815,0.141285719871521,,,,,0.32,0.2,0.12,0.12,0.08,0.130434782,8,25,25,2,1,0,2,5,3,1,2,0,0,0,0,2,0.08,0.0,,,,,,,,,2.0,,,,,,,
,-0.1,-1.498799899994586,0.464699387550354,0.0,,,,,-100.0,0.0,,,,,0.0,0.0,0.0,0.0,0.0,0.0,52,6,5,1,0,0,0,0,0,0,0,0,0,0,0,3,0.5,0.0,,,,,,,,,0.0,,,,,,,
,0.12,-9.386321988235547,2.137861728668213,-0.1145772552117705,,,,,59.722646988879944,0.2541595415689459,,,,,0.559509075,0.302083333,0.257425742,0.223958333,0.078125,0.256410256,74,204,192,20,13,3,8,58,43,35,4,1,1,8,1,34,0.166666666,0.039215686,,,,,,,,,5.0,,,,,,,
,-0.12,-1.503617996751521,0.464699387550354,0.0,,,,,-100.0,0.0,,,,,0.0,0.0,0.0,0.0,0.0,0.0,8,6,4,0,0,0,0,0,0,0,0,0,0,0,0,2,0.333333333,0.0,,,,,,,,,0.0,,,,,,,
,-0.03,-6.374316999816027,3.9499449729919434,0.0136617049574851,,,,,-9.099508144560447,0.1651836063550866,,,,,0.317603392,0.121951219,0.195652173,0.097560975,0.024390244,0.148148148,17,51,41,2,1,0,1,5,4,3,1,0,0,5,0,14,0.274509803,0.098039215,,,,,,,,,0.0,,,,,,,
,0.02,-9.08038397320136,5.886192321777344,0.0204925574362278,,,,,-4.303561819838095,0.1724395275115967,,,,,0.374120082,0.188405797,0.185714285,0.173913043,0.014492754,0.244897959,36,76,69,4,0,0,1,13,12,11,1,0,0,1,0,20,0.263157894,0.013157894,,,,,,,,,0.0,,,,,,,
,-0.14,-5.096596847508294,3.0205461978912354,0.0102462787181139,,,,,-14.055811619175936,0.1466298368242052,,,,,0.309523808,0.142857142,0.166666666,0.142857142,0.0,0.217391304,56,39,35,2,0,0,0,5,5,5,0,0,0,1,0,12,0.307692307,0.025641025,,,,,,,,,0.0,,,,,,,
,-0.16,-2.6771655238953223,1.068587101995945,0.0051231393590569,,,,,0.9569752978625437,0.1750905414422353,,,,,0.393939393,0.227272727,0.166666666,0.136363636,0.090909091,0.25,13,24,22,1,4,0,1,5,3,2,0,1,0,1,0,11,0.458333333,0.041666666,,,,,,,,,1.0,,,,,,,
,-0.11,-2.312694316656026,1.006848692893982,0.0017077131196856,,,,,-55.06899001665205,0.0830747322602705,,,,,0.18181818,0.09090909,0.09090909,0.09090909,0.0,0.111111111,31,13,11,0,1,0,0,1,1,1,0,0,0,0,0,2,0.153846153,0.0,,,,,,,,,0.0,,,,,,,
,-0.12,-1.2425900962980505,-0.2331961393356323,0.2068308554589748,,,,,24.442907759054723,0.2150169540854061,,,,,0.470588234,0.235294117,0.235294117,0.235294117,0.0,0.285714285,9,17,17,2,3,0,0,4,4,4,0,0,1,0,0,3,0.176470588,0.0,,,,,,,,,0.0,,,,,,,
,-0.07,-9.146404257694508,5.886192321777344,-0.3658086517825722,,,,,-0.6328778896280796,0.1689938356479009,,,,,0.343698175,0.149253731,0.194444444,0.134328358,0.014925373,0.183673469,37,76,67,6,2,0,1,10,9,8,1,0,0,5,0,18,0.236842105,0.065789473,,,,,,,,,0.0,,,,,,,
,-0.13,-1.002411997834347,-0.0438957437872886,0.0,,,,,-100.0,0.0,,,,,0.0,0.0,0.0,0.0,0.0,0.0,1,4,4,0,0,0,0,0,0,0,0,0,0,0,0,0,0.0,0.0,,,,,,,,,0.0,,,,,,,
,-0.15,-1.191585295547424,0.0713305845856666,0.0,,,,,-100.0,0.0,,,,,0.0,0.0,0.0,0.0,0.0,0.0,9,5,5,0,0,0,0,0,0,0,0,0,0,0,0,3,0.6,0.0,,,,,,,,,0.0,,,,,,,
,-0.09,-1.2160254723324162,0.1005946472287178,0.0,,,,,-100.0,0.0,,,,,0.0,0.0,0.0,0.0,0.0,0.0,4,5,5,0,0,0,0,0,0,0,0,0,0,0,0,2,0.4,0.0,,,,,,,,,0.0,,,,,,,
,-0.1,-2.1756128057855832,0.8519489169120789,0.0017077131196856,,,,,-72.40870479127638,0.0645058046687733,,,,,0.09090909,0.0,0.09090909,0.0,0.0,0.0,65,11,10,0,0,0,0,0,0,0,0,0,0,1,0,6,0.545454545,0.09090909,,,,,,,,,0.0,,,,,,,
,-0.31,-10.524006171582046,6.815591335296631,0.0222002705559134,,,,,-4.3862041304223816,0.1597541347146034,,,,,0.341666666,0.166666666,0.175,0.153846153,0.012820513,0.214285714,33,88,78,4,1,0,1,13,12,11,1,0,0,2,0,22,0.25,0.022727272,,,,,,,,,0.0,,,,,,,
,0.11,-2.604504037571521,-0.8728853464126587,0.0256156967952847,,,,,67.17182092840184,0.2687374420568976,,,,,0.58506595,0.317460317,0.267605633,0.19047619,0.126984127,0.196428571,44,71,63,10,11,1,4,20,12,8,1,2,0,7,0,7,0.098591549,0.098591549,,,,,,,,,-2.0,,,,,,,
,-0.12,-1.2709666124476773,0.1097393631935119,0.0,,,,,-100.0,0.0,,,,,0.0,0.0,0.0,0.0,0.0,0.0,4,5,5,0,0,0,0,0,0,0,0,0,0,0,0,1,0.2,0.0,,,,,,,,,0.0,,,,,,,
,-0.12,-1.7793532574267483,0.5421493053436279,0.0,,,,,-100.0,0.0,,,,,0.0,0.0,0.0,0.0,0.0,0.0,47,7,7,0,0,0,0,0,0,0,0,0,0,0,0,3,0.428571428,0.0,,,,,,,,,0.0,,,,,,,
,-0.07,-3.141445054072355,1.471548080444336,0.0034154262393712,,,,,-44.17079428281379,0.101535783873664,,,,,0.222222222,0.111111111,0.111111111,0.111111111,0.0,0.142857142,14,19,18,1,1,0,0,2,2,2,0,0,0,0,0,4,0.210526315,0.0,,,,,,,,,0.0,,,,,,,
,-0.25,-2.032252979903498,-0.9657064490020276,0.22049256041646,,,,,67.2967889351155,0.2854970067234362,,,,,0.655555554,0.388888888,0.266666666,0.222222222,0.166666666,0.257142857,36,60,54,7,8,3,3,21,12,9,0,0,1,4,1,18,0.3,0.066666666,,,,,,,,,-1.0,,,,,,,
,-0.12000000000000001,-0.8007731868838993,-3.6639230772852898,-0.3350698156282305,,,,,95.98377979105884,0.327088734891155,,,,,0.708083994,0.351648351,0.356435643,0.296703296,0.054945055,0.369863013,65,101,91,19,7,0,5,32,27,22,5,0,0,9,0,19,0.188118811,0.08910891,,,,,,,,,-4.0,,,,,,,
,-0.39,2.7823489197052336,-9.804758608341215,-0.4957553250715136,,,,,116.6006014207892,0.3600901218021617,,,,,0.796725146,0.44,0.356725146,0.273333333,0.166666667,0.327102803,64,172,150,22,22,6,13,66,41,28,7,0,1,20,1,38,0.220930232,0.116279069,,,,,,,,,-9.0,,,,,,,
,-0.24,-6.904094703137718,4.104844570159912,-0.3726395042613148,,,,,-7.340494507613196,0.1678448672197303,,,,,0.367346938,0.183673469,0.183673469,0.183673469,0.0,0.236842105,27,53,49,3,1,0,0,9,9,9,0,0,0,0,0,11,0.207547169,0.0,,,,,,,,,0.0,,,,,,,
,-0.15,-21.280865306918745,6.556926727294922,-0.029191599227488,,,,,57.9302460664809,0.2665947937965393,,,,,0.597063593,0.317617866,0.279445727,0.23325062,0.084367246,0.254385964,118,440,403,25,46,7,20,128,94,74,13,0,1,26,8,57,0.129545454,0.059090909,,,,,,,,,0.0,,,,,,,
,-0.06,-0.6113512944043019,-0.919981487095356,0.0,,,,,23.9284430315149,0.2181934118270874,,,,,0.499999999,0.333333333,0.166666666,0.166666666,0.166666667,0.25,3,7,6,1,0,0,1,2,1,0,1,0,0,0,0,2,0.285714285,0.0,,,,,,,,,-1.0,,,,,,,
,-0.15,-2.2477230873394816,0.697049081325531,0.0,,,,,-100.0,0.0,,,,,0.0,0.0,0.0,0.0,0.0,0.0,7,9,9,0,0,0,0,0,0,0,0,0,0,0,0,5,0.555555555,0.0,,,,,,,,,0.0,,,,,,,
,-0.29,-3.3864257658472523,-0.4202127456665039,0.029031123034656,,,,,61.85973429346523,0.2635406541824341,,,,,0.600782778,0.315068493,0.285714285,0.246575342,0.068493151,0.295081967,54,78,73,8,8,0,3,23,18,15,1,2,0,4,2,12,0.153846153,0.051282051,,,,,,,,,-2.0,,,,,,,
,-0.21,-2.851304063728943,0.1202536821365356,0.0153694180771708,,,,,43.251411796483175,0.2394912257080986,,,,,0.515911872,0.236842105,0.279069767,0.184210526,0.052631579,0.259259259,43,44,38,4,2,0,2,9,7,5,2,0,0,4,1,11,0.25,0.09090909,,,,,,,,,-1.0,,,,,,,
,-0.14,-1.0442267029127623,-0.7873799949884415,0.0051231393590569,,,,,28.46697814575827,0.2114339967568715,,,,,0.431818181,0.181818181,0.25,0.181818181,0.0,0.25,6,13,11,0,0,0,0,2,2,2,0,0,0,1,0,3,0.23076923,0.076923076,,,,,,,,,-1.0,,,,,,,
,-0.45,-1.644962146700546,-11.891632080078123,-0.0360224517062306,,,,,96.302313688063,0.3149000468753999,,,,,0.710095049,0.395280235,0.314814814,0.25958702,0.135693215,0.270175438,92,379,339,48,48,11,24,134,88,64,13,0,1,28,6,51,0.134564643,0.073878627,,,,,,,,,-8.0,,,,,,,
,-0.23,0.3542034832997701,-2.6570644974708557,0.0119539918377995,,,,,113.78636439092335,0.3478728641163219,,,,,0.763636363,0.4,0.363636363,0.3,0.1,0.375,18,22,20,1,2,0,1,8,6,5,0,1,0,2,0,4,0.181818181,0.09090909,,,,,,,,,-3.0,,,,,,,
,-0.14,-3.1257076020018175,1.2391984462738037,0.2017077160999179,,,,,-81.1409070078918,0.0609214703241984,,,,,0.133333332,0.066666666,0.066666666,0.066666666,0.0,0.166666666,63,16,15,0,0,0,0,1,1,1,0,0,1,0,0,9,0.5625,0.0,,,,,,,,,0.0,,,,,,,
,-0.21,-6.264359321833659,3.4852454662323,0.0085385655984282,,,,,-21.41859784247855,0.1454875010710496,,,,,0.311740889,0.157894736,0.153846153,0.131578947,0.026315789,0.208333333,27,45,38,1,2,0,1,6,5,4,1,0,0,1,0,14,0.311111111,0.022222222,,,,,,,,,0.0,,,,,,,
,-0.18,-2.1653717682176654,-0.890260636806488,0.0187848443165421,,,,,62.69705596230224,0.2648074615235422,,,,,0.581432572,0.326530612,0.25490196,0.224489795,0.102040817,0.27027027,37,51,49,5,5,1,2,16,11,9,0,1,0,1,0,11,0.215686274,0.019607843,,,,,,,,,-1.0,,,,,,,
,-0.33,-3.4135359319166736,0.8943758681416512,0.0102462787181139,,,,,19.40020892064628,0.1985527045196957,,,,,0.466216216,0.25,0.216216216,0.194444444,0.055555556,0.21875,13,37,36,2,0,0,1,9,7,6,0,1,0,1,1,4,0.108108108,0.027027027,,,,,,,,,1.0,,,,,,,
,0.43,-16.810141650126788,0.7197062969207764,-0.3607347132638097,,,,,66.79409302186123,0.2816074405197806,,,,,0.616659553,0.323232323,0.29342723,0.255050505,0.068181818,0.278551532,113,439,396,43,33,1,20,128,101,81,14,5,7,21,0,42,0.095671981,0.04783599,,,,,,,,,-2.0,,,,,,,
,0.13,-9.140326419012808,-7.49291455745697,0.1963870087638497,,,,,81.89462803042994,0.2890715329201667,,,,,0.619019009,0.31486146,0.304157549,0.20906801,0.10579345,0.231974921,118,457,397,39,38,9,22,125,83,61,11,2,0,48,2,73,0.159737417,0.105032822,,,,,,,,,-1.0,,,,,,,
,-0.15999999999999998,-6.045893726722101,1.341563701629639,-0.3504392337054014,,,,,51.83620818296688,0.2493123382625013,,,,,0.537108953,0.255555555,0.281553398,0.177777777,0.077777778,0.216216216,58,103,90,8,6,0,5,23,16,11,3,2,0,11,2,16,0.155339805,0.106796116,,,,,,,,,0.0,,,,,,,
,-0.16,-0.7313579369481673,-0.9634202346205712,0.0,,,,,-100.0,0.0,,,,,0.0,0.0,0.0,0.0,0.0,0.0,2,3,3,0,1,0,0,0,0,0,0,0,0,0,0,2,0.666666666,0.0,,,,,,,,,-1.0,,,,,,,
,-0.17,-3.3243323723908325,1.2391984462738037,0.0017077131196856,,,,,-81.0660408264552,0.0473042567571004,,,,,0.066666666,0.0,0.066666666,0.0,0.0,0.0,50,16,14,1,0,0,0,0,0,0,0,0,0,1,0,9,0.5625,0.0625,,,,,,,,,0.0,,,,,,,
,-0.19,-3.975182904614149,1.7038978338241575,0.0034154262393712,,,,,-57.520442936916474,0.087030671891712,,,,,0.195238095,0.1,0.095238095,0.1,0.0,0.133333333,34,22,20,0,1,0,0,2,2,2,0,0,0,0,0,6,0.272727272,0.0,,,,,,,,,0.0,,,,,,,
,0.01,-13.393972781729088,8.442039489746094,0.023907983675599,,,,,-7.222749460738524,0.1590395736694335,,,,,0.338421052,0.168421052,0.17,0.136842105,0.031578947,0.25490196,42,109,95,7,8,0,3,16,13,10,3,0,0,4,0,45,0.412844036,0.036697247,,,,,,,,,0.0,,,,,,,
,-0.35,-15.759938770966986,6.946046829223633,-0.8786411080509424,,,,,46.65864554291205,0.2495416745226434,,,,,0.550267228,0.284444444,0.265822784,0.231111111,0.053333333,0.257425742,100,243,225,19,22,0,11,64,52,41,10,1,1,10,2,24,0.098765432,0.041152263,,,,,,,,,4.0,,,,,,,
,-0.45,-2.5616852839964865,-6.967990159988403,-0.0462687304243445,,,,,91.2008630609051,0.3216621481642431,,,,,0.681853887,0.313432835,0.368421052,0.243781094,0.069651741,0.2875,92,249,201,27,20,3,6,63,49,43,1,2,1,42,2,42,0.168674698,0.168674698,,,,,,,,,-4.0,,,,,,,
,-0.16,-4.256697121597746,1.3871742486953735,-0.3726395042613148,,,,,18.046784916315165,0.2005035072565078,,,,,0.449030644,0.205128205,0.243902439,0.205128205,0.0,0.275862068,16,42,39,3,1,0,0,8,8,8,0,0,0,2,1,10,0.238095238,0.047619047,,,,,,,,,2.0,,,,,,,
,-0.19,-3.6918776697053746,-0.072130799293518,-0.1675163619220256,,,,,53.38397429392161,0.248486180803669,,,,,0.55130597,0.3125,0.23880597,0.21875,0.09375,0.25,34,67,64,12,9,1,4,20,14,10,3,0,1,2,0,12,0.179104477,0.029850746,,,,,,,,,1.0,,,,,,,
,-0.25,-2.4870397793383496,-0.33561971783638,0.2136617079377174,,,,,39.68275655649519,0.2284001631614489,,,,,0.468531468,0.212121212,0.256410256,0.151515151,0.060606061,0.172413793,19,39,33,2,1,0,2,7,5,3,2,0,1,5,0,5,0.128205128,0.128205128,,,,,,,,,0.0,,,,,,,
,-0.33,-9.097635442119728,5.344043254852295,0.0136617049574851,,,,,-15.016627427813331,0.1436710703757501,,,,,0.284097339,0.122807017,0.161290322,0.087719298,0.035087719,0.128205128,30,69,57,2,3,0,2,7,5,3,2,0,0,5,0,18,0.260869565,0.072463768,,,,,,,,,0.0,,,,,,,
,-0.22,-1.937710417349145,0.0082304524257779,0.0,,,,,-100.0,0.0,,,,,0.0,0.0,0.0,0.0,0.0,0.0,8,8,8,0,0,0,0,0,0,0,0,0,0,0,0,2,0.25,0.0,,,,,,,,,0.0,,,,,,,
,0.21,-6.225809367006566,0.0548672676086425,-0.699133662506938,,,,,62.89609040896551,0.2702281818940089,,,,,0.572649571,0.264957264,0.307692307,0.247863247,0.017094017,0.287128712,40,132,117,17,10,0,2,31,29,27,2,0,2,10,0,18,0.136363636,0.075757575,,,,,,,,,-2.0,,,,,,,
,-0.24,-3.7185448575505142,1.394098162651062,0.0017077131196856,,,,,-80.02359469921406,0.0609214703241984,,,,,0.133333332,0.066666666,0.066666666,0.066666666,0.0,0.083333333,12,18,15,0,0,0,0,1,1,1,0,0,0,0,0,3,0.166666666,0.0,,,,,,,,,0.0,,,,,,,
,-0.2,-1.484522278642811,-0.9396433532238008,0.0085385655984282,,,,,31.55315818478176,0.2297290563583374,,,,,0.485380116,0.222222222,0.263157894,0.222222222,0.0,0.266666666,17,19,18,1,0,0,0,4,4,4,0,0,0,1,0,3,0.157894736,0.052631578,,,,,,,,,-1.0,,,,,,,
,-0.15,-2.00541184121717,-0.6181982457637787,0.0102462787181139,,,,,29.772635123418965,0.2114339967568715,,,,,0.47047619,0.19047619,0.28,0.19047619,0.0,0.210526315,17,25,21,0,3,0,0,4,4,4,0,0,0,3,1,3,0.12,0.12,,,,,,,,,-1.0,,,,,,,
,-0.12,-0.2037693232340192,-3.172839492559433,0.2119539948180318,,,,,91.2282808711301,0.3128168100402468,,,,,0.700929151,0.43902439,0.261904761,0.243902439,0.195121951,0.216216216,14,42,41,6,3,2,4,18,10,6,2,0,1,1,0,2,0.047619047,0.023809523,,,,,,,,,-3.0,,,,,,,
,0.0,-6.111507021545635,1.3337905406951904,0.0324465492740273,,,,,39.50283292326688,0.2278445833259158,,,,,0.48863049,0.244186046,0.244444444,0.209302325,0.034883721,0.236842105,35,90,86,9,5,0,3,21,18,15,3,0,0,3,0,10,0.111111111,0.033333333,,,,,,,,,0.0,,,,,,,
,-0.2,-3.7594994274882314,1.394098162651062,0.0017077131196856,,,,,-82.00539264424442,0.0537542385213515,,,,,0.117647058,0.058823529,0.058823529,0.058823529,0.0,0.071428571,60,18,17,2,0,0,0,1,1,1,0,0,0,0,0,3,0.166666666,0.0,,,,,,,,,0.0,,,,,,,
,-0.26,-1.59973859783306,-0.8710562586784363,0.2068308554589748,,,,,17.180887788584997,0.1923835904974686,,,,,0.42105263,0.210526315,0.210526315,0.210526315,0.0,0.285714285,10,19,19,1,2,0,0,4,4,4,0,0,1,0,0,5,0.263157894,0.0,,,,,,,,,-1.0,,,,,,,
,-0.33,-24.508489490545458,2.8536899089813232,0.4135012347251177,,,,,63.128947895206856,0.2725440440541606,,,,,0.595831423,0.329729729,0.266101694,0.221621621,0.108108108,0.246753246,160,599,555,46,58,9,39,183,123,84,27,3,3,31,0,85,0.141903171,0.051752921,,,,,,,,,-1.0,,,,,,,
,0.09000000000000002,-1.528746877990988,-11.329677194356918,-0.8239942882210016,,,,,98.18908897967322,0.3181769864954007,,,,,0.701741189,0.37366548,0.328075709,0.252669039,0.120996441,0.292792792,90,317,281,32,27,6,19,105,71,52,10,3,1,32,3,56,0.176656151,0.100946372,,,,,,,,,-13.0,,,,,,,
,-0.29,-12.387134714538975,7.512640476226807,0.0204925574362278,,,,,-11.41573086092902,0.1664106369018554,,,,,0.344444443,0.166666666,0.177777777,0.119047619,0.047619047,0.227272727,38,97,84,2,4,0,4,14,10,6,4,0,0,6,0,40,0.412371134,0.06185567,,,,,,,,,0.0,,,,,,,
,-0.22,-3.77422147903616,-2.846364974975586,0.0529391067102551,,,,,74.30596113169949,0.2762881235558857,,,,,0.603783101,0.311475409,0.292307692,0.245901639,0.06557377,0.254385964,60,132,122,9,9,1,6,38,30,24,5,0,0,7,1,7,0.053030303,0.053030303,,,,,,,,,-5.0,,,,,,,
,-0.02,-4.116976734599782,-5.0444676876068115,-0.4342034691944718,,,,,84.4587727958999,0.2980183013554277,,,,,0.617725466,0.261627906,0.35609756,0.238372093,0.023255813,0.277777777,100,210,172,24,17,1,2,45,41,39,1,0,5,29,2,28,0.133333333,0.138095238,,,,,,,,,-4.0,,,,,,,
,-0.21,-9.36540402399144,5.2665934562683105,0.0187848443165421,,,,,-20.203561703681316,0.1373287340005239,,,,,0.265027321,0.098360655,0.166666666,0.098360655,0.0,0.181818181,36,68,61,3,1,0,0,6,6,6,0,0,0,4,0,28,0.411764705,0.058823529,,,,,,,,,0.0,,,,,,,
,-0.26,-3.5857919419166873,-0.6602632999420166,-1.1332508390769362,,,,,69.48258359311775,0.2840726479240086,,,,,0.633473585,0.387096774,0.246376811,0.177419354,0.20967742,0.19047619,33,70,62,9,7,3,6,24,11,5,2,1,2,6,0,18,0.257142857,0.085714285,,,,,,,,,0.0,,,,,,,
,0.03,-2.7878793048317387,-2.446729838848114,0.2461082572117447,,,,,69.7898131091338,0.2834737910313553,,,,,0.58900059,0.263157894,0.325842696,0.22368421,0.039473684,0.25,39,89,76,10,4,0,2,20,17,15,1,1,1,11,0,9,0.101123595,0.123595505,,,,,,,,,-3.0,,,,,,,
,-0.07,-4.703361249393547,-2.7251960039138794,0.6922907009720802,,,,,72.51616540603632,0.2761018776467868,,,,,0.615279319,0.327044025,0.288235294,0.251572327,0.075471698,0.292307692,75,171,159,19,17,2,7,52,40,33,4,1,7,8,2,29,0.169590643,0.046783625,,,,,,,,,-1.0,,,,,,,
,-0.27,-2.587516125006939,-1.4887977540493011,0.029031123034656,,,,,63.24077039339174,0.2697336846782315,,,,,0.560997066,0.254545454,0.306451612,0.218181818,0.036363636,0.324324324,32,62,55,4,2,0,2,14,12,10,2,0,0,7,0,18,0.29032258,0.112903225,,,,,,,,,-1.0,,,,,,,
,-0.39,-11.969296753397678,7.047940731048584,0.0119539918377995,,,,,-14.68068384076458,0.1597805853400911,,,,,0.350174215,0.207317073,0.142857142,0.121951219,0.085365854,0.163636363,42,91,82,3,2,1,5,17,10,5,4,0,0,1,0,26,0.285714285,0.01098901,,,,,,,,,0.0,,,,,,,
,-0.23,-2.999522490706635,0.1344306468963623,0.0068308524787425,,,,,-13.852270475154755,0.1568650007247924,,,,,0.360248446,0.142857142,0.217391304,0.142857142,0.0,0.166666666,12,23,21,1,2,0,0,3,3,3,0,0,0,2,1,3,0.130434782,0.086956521,,,,,,,,,0.0,,,,,,,
,-0.11,-12.661244376788304,7.512640476226807,0.023907983675599,,,,,-13.907799641561397,0.1453486469056871,,,,,0.297619046,0.13095238,0.166666666,0.119047619,0.011904761,0.147058823,33,97,84,6,5,0,1,11,10,9,1,0,0,5,0,17,0.175257731,0.051546391,,,,,,,,,0.0,,,,,,,
,-0.17,-1.8924076520474216,-0.895747609436512,0.0034154262393712,,,,,2.864407539914158,0.1832841485738754,,,,,0.3875,0.2,0.1875,0.133333333,0.066666667,0.181818181,9,17,15,1,0,0,1,3,2,1,1,0,0,1,0,4,0.235294117,0.058823529,,,,,,,,,-1.0,,,,,,,
,-0.27,-1.864423104286896,-1.5061728656291962,0.0085385655984282,,,,,46.4577252390735,0.246241896383224,,,,,0.536151278,0.310344827,0.225806451,0.172413793,0.137931034,0.235294117,11,31,29,4,3,1,2,9,5,3,1,0,0,2,0,11,0.354838709,0.064516129,,,,,,,,,-2.0,,,,,,,
,-0.27,-4.641356762479833,1.7038978338241575,0.0017077131196856,,,,,-83.8279494336884,0.0415373661301352,,,,,0.09090909,0.045454545,0.045454545,0.045454545,0.0,0.083333333,55,22,22,1,0,0,0,1,1,1,0,0,0,0,0,10,0.454545454,0.0,,,,,,,,,0.0,,,,,,,
,-0.38,-13.718427843369591,6.038408517837524,-1.2973888665437698,,,,,40.55490223165428,0.2450384593672222,,,,,0.538888888,0.3,0.238888888,0.205882352,0.094117648,0.227586206,64,182,170,12,17,2,11,51,35,24,8,1,1,7,0,25,0.137362637,0.038461538,,,,,,,,,3.0,,,,,,,
,-0.24,-1.8408445019314292,-0.8673985004425049,-0.3880089223384857,,,,,-28.749659649101005,0.1309160470962524,,,,,0.3,0.2,0.1,0.1,0.1,0.111111111,6,10,10,2,0,0,1,2,1,0,1,0,0,0,0,1,0.1,0.0,,,,,,,,,-1.0,,,,,,,
,-0.27,-1.5866121479400097,-1.0932784527540207,0.0017077131196856,,,,,-53.71808525817998,0.0886954814195633,,,,,0.222222222,0.0,0.222222222,0.0,0.0,0.0,6,9,7,1,0,0,0,0,0,0,0,0,0,2,1,4,0.444444444,0.222222222,,,,,,,,,-1.0,,,,,,,
,-0.33,-5.931975355617836,-1.1426628828048706,-0.328238963149488,,,,,68.09815684298704,0.2729946767029009,,,,,0.61234764,0.337837837,0.274509803,0.263513513,0.074324324,0.305785123,71,153,148,16,10,2,6,50,39,33,3,1,0,3,1,27,0.176470588,0.019607843,,,,,,,,,0.0,,,,,,,
,-0.32,-5.367202196902973,0.9807955622673036,0.0187848443165421,,,,,26.69816625597555,0.2124300491614419,,,,,0.468253967,0.214285714,0.253968253,0.160714285,0.053571429,0.219512195,24,64,56,3,4,0,3,12,9,6,3,0,0,7,2,15,0.234375,0.109375,,,,,,,,,0.0,,,,,,,
,-0.1,-10.698991922677646,2.937811851501465,0.0529391067102551,,,,,41.18324260820896,0.2379406449810558,,,,,0.50345419,0.251798561,0.251655629,0.187050359,0.064748202,0.247524752,63,162,139,13,10,1,7,35,26,19,6,0,0,11,0,37,0.228395061,0.067901234,,,,,,,,,0.0,,,,,,,
,-0.26,-3.826107271241804,-12.893346786499023,0.0032549500465393,,,,,92.1626692598274,0.3157178994084968,,,,,0.693992317,0.366047745,0.327944572,0.23607427,0.129973475,0.235474006,125,433,377,48,50,12,24,138,89,65,11,1,1,52,6,41,0.094688221,0.120092378,,,,,,,,,0.0,,,,,,,
,-0.21,-7.491038661901738,-5.404663920402527,-0.6222865721210837,,,,,80.30078205711236,0.2969488134149645,,,,,0.646703608,0.329710144,0.316993464,0.257246376,0.072463768,0.292372881,99,309,276,39,40,2,13,91,71,58,8,3,2,25,1,42,0.13592233,0.080906148,,,,,,,,,-4.0,,,,,,,
,-0.08,-5.694418742480174,-0.5987654626369476,0.0409851148724556,,,,,57.31849306547207,0.2596677780151367,,,,,0.572569693,0.29906542,0.273504273,0.205607476,0.093457944,0.208333333,33,118,107,10,13,2,6,32,22,16,4,0,0,10,2,9,0.076271186,0.084745762,,,,,,,,,-1.0,,,,,,,
,-0.43,-5.101896189556287,0.1481481343507766,0.0375696886330843,,,,,44.73343440771787,0.2376455355000186,,,,,0.486048264,0.19117647,0.294871794,0.19117647,0.0,0.232142857,61,81,68,6,3,0,0,13,13,13,0,0,0,9,1,12,0.148148148,0.111111111,,,,,,,,,0.0,,,,,,,
,-0.29,-2.148369211133863,-0.7530864328145981,0.0017077131196856,,,,,-56.06383011552799,0.0830747322602705,,,,,0.18181818,0.09090909,0.09090909,0.09090909,0.0,0.166666666,5,12,11,1,0,0,0,1,1,1,0,0,0,0,0,5,0.416666666,0.0,,,,,,,,,-1.0,,,,,,,
,-0.22,-5.976189200170112,2.263374477624893,0.0051231393590569,,,,,-29.283245910968645,0.1339946776628494,,,,,0.3,0.175,0.125,0.125,0.05,0.142857142,13,41,40,2,0,0,2,7,5,3,2,0,0,0,0,5,0.121951219,0.0,,,,,,,,,2.0,,,,,,,
,-0.28,-2.1287670091571673,-2.332875907421112,-0.5555252842605114,,,,,73.18846152266208,0.2746263742446899,,,,,0.594583986,0.306122448,0.288461538,0.244897959,0.061224489,0.3,41,52,49,6,2,0,3,15,12,9,3,0,1,3,0,9,0.173076923,0.057692307,,,,,,,,,-3.0,,,,,,,
,-0.16,-17.21472269327004,2.0466389656066895,-0.583046262152493,,,,,64.66690512479944,0.2815181820480912,,,,,0.603130461,0.29032258,0.312807881,0.255376344,0.034946236,0.264623955,114,410,372,38,29,0,13,108,95,82,13,0,0,30,1,15,0.036585365,0.073170731,,,,,,,,,0.0,,,,,,,
,-0.22,-9.26575122572836,4.801893711090088,0.0051231393590569,,,,,-30.24423682596901,0.1362340513028596,,,,,0.290448342,0.185185185,0.105263157,0.055555555,0.12962963,0.04,39,62,54,3,5,2,3,10,3,0,1,0,0,3,0,27,0.43548387,0.048387096,,,,,,,,,0.0,,,,,,,
,-0.34,-3.60831899624607,-2.712848663330078,-1.1230416521430016,,,,,80.6720253564851,0.2998734481699832,,,,,0.663288288,0.375,0.288288288,0.240384615,0.134615385,0.279069767,63,112,104,18,9,1,8,39,25,17,3,4,0,6,0,17,0.151785714,0.053571428,,,,,,,,,-4.0,,,,,,,
,-0.66,-3.0374077578117227,-12.581275463104248,-0.2274467973038554,,,,,93.48121667654326,0.3165484427776689,,,,,0.696951342,0.384615384,0.312335958,0.23372781,0.150887574,0.238095238,106,382,338,36,50,9,30,130,79,49,18,3,2,34,2,38,0.099476439,0.089005235,,,,,,,,,-6.0,,,,,,,
,-0.29,-1.8961210189981628,-1.896662011742592,-0.7708947053179145,,,,,66.76097718845445,0.271701245472349,,,,,0.620689654,0.413793103,0.206896551,0.206896551,0.206896552,0.192307692,10,30,29,3,1,1,3,12,6,3,1,1,0,0,0,2,0.066666666,0.0,,,,,,,,,-2.0,,,,,,,
,-0.32,-3.2533492860369853,-0.7283950746059418,0.0102462787181139,,,,,27.1111268283781,0.2199676874521616,,,,,0.479266347,0.242424242,0.236842105,0.121212121,0.121212121,0.125,22,39,33,2,2,1,2,8,4,2,1,0,0,5,1,8,0.205128205,0.128205128,,,,,,,,,-1.0,,,,,,,
,-0.37,-4.075810474827319,0.7370829880237579,0.0034154262393712,,,,,-69.19517379538847,0.0773040907723563,,,,,0.145238095,0.05,0.095238095,0.05,0.0,0.083333333,11,21,20,0,0,0,0,1,1,1,0,0,0,1,0,8,0.38095238,0.047619047,,,,,,,,,1.0,,,,,,,
,-0.26,-8.56327661093743,0.7178758382797241,0.2666379064321518,,,,,48.178596084077526,0.2491823354823477,,,,,0.542320505,0.280575539,0.261744966,0.223021582,0.057553957,0.262711864,51,151,139,20,5,0,7,39,31,24,6,1,3,8,0,23,0.15231788,0.052980132,,,,,,,,,-1.0,,,,,,,
,-0.26,-10.32396331465957,4.502057433128357,-0.3589777993038296,,,,,13.20270698991339,0.1989252505843172,,,,,0.428407789,0.222222222,0.206185567,0.166666666,0.055555556,0.186666666,43,100,90,5,9,1,3,20,15,12,2,0,0,5,0,16,0.16,0.05,,,,,,,,,3.0,,,,,,,
,-0.34,-6.515542203357631,2.555846691131592,0.0034154262393712,,,,,-72.06547095373976,0.0609214703241984,,,,,0.133333332,0.066666666,0.066666666,0.066666666,0.0,0.125,37,33,30,0,1,0,0,2,2,2,0,0,0,0,0,14,0.424242424,0.0,,,,,,,,,0.0,,,,,,,
,-0.37,-13.902551335582109,1.313216209411621,-0.6581856394186616,,,,,58.67218485510705,0.2530403150117785,,,,,0.536801868,0.258823529,0.277978339,0.219607843,0.039215686,0.246636771,102,284,255,20,18,1,8,66,56,48,7,0,0,21,0,32,0.112676056,0.073943661,,,,,,,,,-4.0,,,,,,,
,-0.36,-2.422500848900996,-1.035665292292833,0.0017077131196856,,,,,-75.96173835461768,0.0591303209463755,,,,,0.083333333,0.0,0.083333333,0.0,0.0,0.0,11,12,11,1,0,0,0,0,0,0,0,0,0,1,0,3,0.25,0.083333333,,,,,,,,,-1.0,,,,,,,
,-0.66,-14.091315841501205,2.737997055053711,1.5657965606078506,,,,,48.92246652684174,0.2419114329598166,,,,,0.511593668,0.238866396,0.272727272,0.222672064,0.016194332,0.236051502,70,267,247,26,9,0,3,59,55,52,2,1,15,17,0,14,0.052434456,0.063670411,,,,,,,,,-1.0,,,,,,,
,-0.24,-2.706555457673071,-0.8879744112491608,0.0017077131196856,,,,,-81.45837637155348,0.0545818347197312,,,,,0.076923076,0.0,0.076923076,0.0,0.0,0.0,28,13,12,4,0,0,0,0,0,0,0,0,0,1,0,2,0.153846153,0.076923076,,,,,,,,,-1.0,,,,,,,
,-0.29,-8.255695501288153,-1.654320240020752,-0.6820565313100815,,,,,66.10239371823319,0.2754539999489983,,,,,0.597677594,0.306010928,0.291666666,0.256830601,0.049180327,0.309210526,67,198,183,16,12,0,8,56,47,39,7,1,2,8,0,31,0.156565656,0.04040404,,,,,,,,,-3.0,,,,,,,
,-0.34,-1.9152979120537377,-2.7059898674488068,-0.3589407075196504,,,,,66.10943585865263,0.2837006270885467,,,,,0.615789473,0.315789473,0.3,0.263157894,0.052631579,0.294117647,16,40,38,4,2,0,2,12,10,8,2,0,2,2,0,4,0.1,0.05,,,,,,,,,-3.0,,,,,,,
,-0.55,-8.934203014985412,-4.105623722076416,0.3349093394353986,,,,,74.76997521313771,0.2823231705488302,,,,,0.61646461,0.306338028,0.310126582,0.239436619,0.066901409,0.260700389,100,320,284,28,35,1,15,87,68,53,12,2,1,30,4,28,0.0875,0.09375,,,,,,,,,0.0,,,,,,,
,-0.28,-11.117966266722398,5.653842926025391,0.2153694210574031,,,,,-35.22730767811866,0.1166549565187141,,,,,0.242020665,0.107692307,0.134328358,0.107692307,0.0,0.212121212,29,73,65,2,0,0,0,7,7,7,0,0,1,2,0,32,0.438356164,0.02739726,,,,,,,,,0.0,,,,,,,
,-0.08,-4.385794335974821,-1.5871057510375977,0.0307388361543416,,,,,52.50739550897501,0.2473351721522174,,,,,0.538888888,0.263888888,0.275,0.208333333,0.055555555,0.238095238,29,81,72,7,3,0,3,19,15,12,2,1,0,6,1,10,0.12345679,0.074074074,,,,,,,,,-3.0,,,,,,,
,-0.43,-8.941257107288925,4.027394771575928,0.0068308524787425,,,,,-49.88439180506229,0.1082103252410888,,,,,0.225,0.125,0.1,0.0625,0.0625,0.105263157,30,52,48,2,2,1,1,6,3,2,0,0,0,2,0,28,0.538461538,0.038461538,,,,,,,,,0.0,,,,,,,
,-0.32,-3.426033618961703,-1.739368915557861,-0.9469496328383684,,,,,58.54804739009734,0.255913679416363,,,,,0.569148936,0.319148936,0.25,0.212765957,0.106382979,0.219512195,32,53,47,12,3,1,3,15,10,7,2,0,1,3,0,7,0.132075471,0.056603773,,,,,,,,,-1.0,,,,,,,
,-0.28,-13.98421284517478,3.592135369777679,0.1367283249273896,,,,,47.4373448144686,0.2537606859923432,,,,,0.535688986,0.252427184,0.283261802,0.208737864,0.04368932,0.218274111,117,234,206,29,12,0,7,52,43,36,5,2,6,22,0,13,0.055555555,0.094017094,,,,,,,,,3.0,,,,,,,
,-0.12,-2.505797770171866,-4.893346905708313,0.0478159673511981,,,,,79.97343866257722,0.2986170918540617,,,,,0.634218288,0.333333333,0.300884955,0.177083333,0.15625,0.203125,37,113,96,13,8,4,6,32,17,11,1,1,0,17,0,28,0.24778761,0.150442477,,,,,,,,,-3.0,,,,,,,
,-0.4,-10.188832915827335,-4.758573055267334,0.9673558976501226,,,,,73.66586856613885,0.2793464170453327,,,,,0.603530359,0.297297297,0.306233062,0.237237237,0.06006006,0.280442804,118,369,333,36,30,3,12,99,79,67,7,2,4,33,3,61,0.165311653,0.089430894,,,,,,,,,-1.0,,,,,,,
,-0.63,-4.311246763185769,-2.161979958415031,0.0324465492740273,,,,,54.71338593828752,0.2580602997686805,,,,,0.551081035,0.273972602,0.277108433,0.178082191,0.095890411,0.203703703,34,85,73,5,4,2,3,20,13,10,1,0,0,10,1,17,0.2,0.117647058,,,,,,,,,-2.0,,,,,,,
,-0.2,-4.073449993501659,-0.4942843616008758,-0.3811780698597431,,,,,-9.06917942130338,0.1518644094467163,,,,,0.309523808,0.142857142,0.166666666,0.107142857,0.035714285,0.125,23,30,28,1,3,0,1,4,3,2,1,0,0,2,0,4,0.133333333,0.066666666,,,,,,,,,0.0,,,,,,,
,-0.22,-7.138223056218986,0.6085956394672394,0.0392774017527699,,,,,36.206465908565725,0.2326002612556378,,,,,0.491065291,0.233333333,0.257731958,0.2,0.033333333,0.219512195,65,98,90,8,7,0,2,21,18,16,1,1,0,7,0,8,0.081632653,0.071428571,,,,,,,,,1.0,,,,,,,
,-0.6,-2.476415003540614,-8.726906299591064,0.0768470903858542,,,,,89.71504633592316,0.3009453239575238,,,,,0.674810038,0.391089108,0.28372093,0.242574257,0.148514851,0.289655172,113,220,202,20,19,7,14,79,49,35,5,2,0,12,2,51,0.231818181,0.054545454,,,,,,,,,-5.0,,,,,,,
,-0.18,-10.81074696050362,5.111693382263184,0.0085385655984282,,,,,-42.785516121448815,0.1031638643958351,,,,,0.22020202,0.111111111,0.109090909,0.092592592,0.018518519,0.151515151,35,66,54,1,1,0,1,6,5,4,1,0,0,1,0,21,0.318181818,0.015151515,,,,,,,,,0.0,,,,,,,
,-0.5,-10.056225260187484,4.569544315338135,0.0102462787181139,,,,,-48.61230404244296,0.1054035937576963,,,,,0.198278715,0.075471698,0.122807017,0.056603773,0.018867925,0.078947368,35,59,53,2,2,0,1,4,3,2,1,0,0,3,0,15,0.254237288,0.050847457,,,,,,,,,0.0,,,,,,,
,-0.75,-16.865897931034336,-2.3411059379577637,-0.6017940146848559,,,,,71.14785159203379,0.2775929062819678,,,,,0.623256161,0.358369098,0.264887063,0.24248927,0.115879828,0.258793969,128,491,466,45,55,10,31,167,113,82,18,3,2,16,3,63,0.128309572,0.032586558,,,,,,,,,-6.0,,,,,,,
,-0.53,-14.242352980760788,7.512640476226807,0.0153694180771708,,,,,-28.02887503453238,0.1275614051257863,,,,,0.28235294,0.152941176,0.129411764,0.129411764,0.023529412,0.183333333,41,97,85,3,5,0,2,13,11,9,2,0,0,0,0,25,0.257731958,0.0,,,,,,,,,0.0,,,,,,,
,-0.67,-23.365002862087486,7.350136756896973,0.3314939131960273,,,,,43.85098186759142,0.2449021131531094,,,,,0.541880208,0.282420749,0.259459459,0.224783861,0.057636888,0.248387096,99,374,347,29,36,1,16,98,78,62,13,2,1,16,3,41,0.109625668,0.042780748,,,,,,,,,2.0,,,,,,,
,-0.39,-5.533398072244581,-8.707475662231445,-1.03761890437454,,,,,87.06448044991562,0.3068922411563785,,,,,0.680156102,0.382142857,0.298013245,0.25,0.132142857,0.292237442,87,308,280,30,33,6,22,107,70,48,13,3,2,19,1,57,0.185064935,0.061688311,,,,,,,,,-3.0,,,,,,,
,-0.53,-4.8901214723692545,-1.623683214187622,0.2341542653739452,,,,,43.50176133234472,0.2436375174766931,,,,,0.494172494,0.212121212,0.282051282,0.166666666,0.045454546,0.186440677,39,79,66,6,4,0,2,14,11,9,1,1,1,11,0,8,0.101265822,0.139240506,,,,,,,,,-3.0,,,,,,,
,-0.42,-3.558554312892762,-1.2354822307825089,0.0051231393590569,,,,,-37.30937040022651,0.1103133896122808,,,,,0.225672877,0.095238095,0.130434782,0.095238095,0.0,0.125,8,23,21,2,1,0,0,2,2,2,0,0,0,1,0,6,0.260869565,0.04347826,,,,,,,,,-1.0,,,,,,,
,-0.3,-9.28780931187965,3.795045137405395,0.0068308524787425,,,,,-65.22129052156576,0.0850067027779512,,,,,0.18604651,0.093023255,0.093023255,0.093023255,0.0,0.153846153,44,49,43,1,1,0,0,4,4,4,0,0,0,0,0,17,0.346938775,0.0,,,,,,,,,0.0,,,,,,,
,-0.45,-3.980203156880558,-5.029149293899536,0.0614776723086833,,,,,75.79918891226349,0.2815665497260839,,,,,0.602640808,0.305343511,0.297297297,0.20610687,0.099236641,0.210526315,54,148,131,16,15,3,7,40,27,20,4,0,0,16,1,14,0.094594594,0.108108108,,,,,,,,,-2.0,,,,,,,
,-0.58,-7.598622571256346,1.098308503627777,-0.3692240780219435,,,,,21.287866106654327,0.2100993032696881,,,,,0.481730769,0.269230769,0.2125,0.205128205,0.064102564,0.25,46,80,78,4,5,0,5,21,16,11,5,0,0,1,1,15,0.1875,0.0125,,,,,,,,,1.0,,,,,,,
,0.44,-9.618091819413854,-11.475537300109863,-0.7521961536258459,,,,,84.31752828512784,0.2911755693202116,,,,,0.652956845,0.366952789,0.286004056,0.259656652,0.107296137,0.275609756,124,501,466,56,57,8,28,171,121,93,14,6,5,20,3,55,0.109780439,0.039920159,,,,,,,,,-7.0,,,,,,,
,-0.75,-13.843225072444968,1.939183473587036,-0.6974630411714315,,,,,53.829604527197226,0.2634317142622811,,,,,0.58877802,0.334745762,0.254032258,0.216101694,0.118644068,0.227979274,82,248,236,18,18,7,14,79,51,37,7,0,0,11,3,36,0.14516129,0.044354838,,,,,,,,,-2.0,,,,,,,
,-0.65,-7.035263572840385,-6.736963987350464,0.328078486956656,,,,,76.77807176846876,0.2865969106554985,,,,,0.617220376,0.310077519,0.307142857,0.251937984,0.058139535,0.270042194,83,281,258,19,12,1,11,80,65,54,8,2,1,20,0,21,0.074733096,0.071174377,,,,,,,,,-3.0,,,,,,,
,-0.63,-14.581097884404077,4.047551155090332,-0.3179926844313741,,,,,39.100542055332504,0.2283578887948849,,,,,0.488484282,0.243386243,0.245098039,0.185185185,0.058201058,0.229729729,70,204,189,9,9,1,8,46,35,27,6,1,0,13,1,40,0.196078431,0.06372549,,,,,,,,,1.0,,,,,,,
,-0.44,-5.1949027790735745,-2.0943071618676186,0.0307388361543416,,,,,49.17366346292563,0.2524160126159931,,,,,0.562568455,0.301204819,0.261363636,0.228915662,0.072289157,0.24,42,90,83,6,6,1,4,25,19,15,3,0,0,3,1,8,0.088888888,0.033333333,,,,,,,,,-1.0,,,,,,,
,-0.73,-8.869184118330795,-14.797441005706789,-1.6582348551601171,,,,,89.68653364209113,0.3135815579165238,,,,,0.693578374,0.369565217,0.324013157,0.262681159,0.106884058,0.288172043,146,609,552,69,65,11,32,204,145,113,16,5,2,46,7,80,0.131362889,0.075533661,,,,,,,,,-7.0,,,,,,,
,-0.3,-2.8428153729902137,-3.3004115745425224,0.0153694180771708,,,,,41.1880722868945,0.2374459962512171,,,,,0.492656058,0.236842105,0.255813953,0.157894736,0.078947369,0.1875,15,43,38,4,2,0,2,9,6,4,1,1,0,4,0,6,0.139534883,0.093023255,,,,,,,,,-4.0,,,,,,,
,-0.69,-10.530459514777007,0.5606997013092041,-0.8853977769613266,,,,,50.3057446128635,0.2484733710686365,,,,,0.538308836,0.283870967,0.254437869,0.187096774,0.096774193,0.29347826,60,172,155,16,11,2,10,44,29,19,7,1,5,14,1,61,0.354651162,0.081395348,,,,,,,,,3.0,,,,,,,
,-0.54,-14.866294873591103,7.35774040222168,0.0153694180771708,,,,,-36.44493131646561,0.1140630319714546,,,,,0.240384615,0.115384615,0.125,0.102564102,0.012820513,0.195121951,35,95,78,3,3,0,1,9,8,7,1,0,0,2,0,37,0.389473684,0.021052631,,,,,,,,,0.0,,,,,,,
,-0.39,-13.795861268886297,6.505791664123535,-0.3726395042613148,,,,,-39.18966456147203,0.1243906768163045,,,,,0.270319634,0.136986301,0.133333333,0.123287671,0.01369863,0.191489361,36,84,73,3,2,0,1,10,9,8,1,0,0,1,0,27,0.321428571,0.011904761,,,,,,,,,0.0,,,,,,,
,-0.79,-5.2660536540959875,-1.371742069721222,0.0170771311968565,,,,,20.659875542763583,0.2053118594761552,,,,,0.452510586,0.245614035,0.206896551,0.192982456,0.052631579,0.211538461,28,58,57,7,0,0,2,14,11,9,1,1,0,1,0,5,0.086206896,0.017241379,,,,,,,,,-1.0,,,,,,,
,-0.39,-12.499452234661854,0.6638078689575195,0.4974138373509049,,,,,45.41342935320339,0.2442310363627397,,,,,0.535714285,0.285714285,0.25,0.231527093,0.054187192,0.256830601,80,211,203,21,20,0,9,58,47,38,7,2,6,4,0,20,0.094786729,0.018957345,,,,,,,,,-1.0,,,,,,,
,-0.43,-18.858905537667447,6.065845489501953,-0.2701025335118174,,,,,38.43623303972888,0.2265142629146576,,,,,0.486930983,0.220264317,0.266666666,0.18061674,0.039647577,0.230337078,105,263,227,27,14,0,8,50,41,33,7,1,4,26,5,50,0.190114068,0.098859315,,,,,,,,,2.0,,,,,,,
,-0.62,-12.33773367151716,5.344043254852295,0.0085385655984282,,,,,-55.85339508702174,0.0854649115353822,,,,,0.174395161,0.080645161,0.09375,0.064516129,0.016129032,0.111111111,46,69,62,2,1,0,1,5,4,3,1,0,0,2,0,26,0.376811594,0.028985507,,,,,,,,,0.0,,,,,,,
,-0.39,-8.500072331155117,0.0125719308853149,0.2375696916133165,,,,,27.633079379977097,0.2147585621067121,,,,,0.459783912,0.224489795,0.235294117,0.204081632,0.020408163,0.212765957,49,107,98,8,4,0,2,22,20,18,2,0,1,4,0,4,0.037383177,0.037383177,,,,,,,,,-1.0,,,,,,,
,-0.24,-3.800255034033011,-5.780406951904297,0.4495607782155275,,,,,72.30758557893064,0.2811906479023121,,,,,0.634615384,0.384615384,0.25,0.223076923,0.161538461,0.255319148,47,136,130,12,20,5,11,50,29,18,6,0,4,5,1,32,0.235294117,0.036764705,,,,,,,,,-3.0,,,,,,,
,-0.82,-4.751544621764391,-1.7983538508415222,0.0136617049574851,,,,,10.1509531413484,0.1841976186062427,,,,,0.377535872,0.186046511,0.191489361,0.116279069,0.069767442,0.166666666,35,47,43,6,2,1,1,8,5,4,0,0,0,4,0,18,0.382978723,0.085106382,,,,,,,,,-1.0,,,,,,,
,-0.61,-4.645591624350995,-2.5217190384864807,0.0204925574362278,,,,,34.447329422215454,0.2341077288643258,,,,,0.504522328,0.258620689,0.245901639,0.206896551,0.051724138,0.25,22,62,58,3,0,0,3,15,12,9,3,0,0,3,0,10,0.161290322,0.048387096,,,,,,,,,-2.0,,,,,,,
,-0.57,-13.74126105514119,6.118542194366455,0.0085385655984282,,,,,-51.59985534797031,0.0998254335588879,,,,,0.222222222,0.125,0.097222222,0.097222222,0.027777778,0.212121212,34,79,72,2,2,0,2,9,7,5,2,0,0,0,0,39,0.493670886,0.0,,,,,,,,,0.0,,,,,,,
,-0.7,-7.710474479319016,-2.8364195823669434,-0.1384852388873696,,,,,58.32134123842897,0.2690082509306413,,,,,0.602083333,0.333333333,0.26875,0.217687074,0.115646259,0.260869565,58,161,147,16,9,2,12,49,32,20,9,1,1,9,2,32,0.198757763,0.055900621,,,,,,,,,0.0,,,,,,,
,-0.66,-6.347832683400612,-0.3260171413421631,-0.3828857829794287,,,,,-32.152752527812176,0.1288882225751876,,,,,0.278846153,0.153846153,0.125,0.102564102,0.051282051,0.133333333,28,40,39,2,0,0,2,6,4,2,2,0,0,1,0,9,0.225,0.025,,,,,,,,,0.0,,,,,,,
,-0.32999999999999996,-15.256309752390596,7.047940731048584,0.0170771311968565,,,,,-46.19195354632806,0.0990617587452843,,,,,0.194047619,0.075,0.119047619,0.075,0.0,0.103448275,36,91,80,4,2,0,0,6,6,6,0,0,0,4,0,22,0.241758241,0.043956043,,,,,,,,,0.0,,,,,,,
,-0.61,-17.84387164849099,3.024233818054199,-0.0581856304779648,,,,,49.702150884786775,0.2588775873582897,,,,,0.579605263,0.3,0.279605263,0.235714285,0.064285715,0.25,99,308,280,24,24,2,11,84,66,55,6,3,3,18,5,27,0.087662337,0.058441558,,,,,,,,,1.0,,,,,,,
,-0.63,-5.131329288520904,-3.647462248802185,-0.3419006681069731,,,,,59.100966758845296,0.2586170899868011,,,,,0.564791133,0.260869565,0.303921568,0.239130434,0.021739131,0.285714285,38,102,92,9,10,0,2,24,22,20,2,0,0,9,2,16,0.156862745,0.088235294,,,,,,,,,-3.0,,,,,,,
,-0.62,-14.124776603012185,-2.9012346267700195,-0.6428162213414907,,,,,64.85983858202755,0.2736062900034967,,,,,0.597467852,0.306666666,0.290801186,0.22,0.086666666,0.223021582,102,340,300,29,29,4,17,92,66,49,12,1,0,32,3,23,0.067647058,0.094117647,,,,,,,,,-5.0,,,,,,,
,-0.82,-9.987573548611712,2.0731595754623413,-0.3658086517825722,,,,,-8.84125099535147,0.1565908974892384,,,,,0.295249795,0.106060606,0.189189189,0.09090909,0.015151516,0.113207547,38,77,66,3,2,0,1,7,6,5,1,0,0,7,0,13,0.168831168,0.09090909,,,,,,,,,1.0,,,,,,,
,-0.63,-6.84407185450966,-0.2775490880012512,1.010246293619275,,,,,-45.559360876707125,0.1147537853406823,,,,,0.241545893,0.111111111,0.130434782,0.111111111,0.0,0.128205128,44,47,45,9,0,0,0,5,5,5,0,0,5,1,0,6,0.127659574,0.021276595,,,,,,,,,0.0,,,,,,,
,-0.58,-7.161563654897333,-3.4869682788848877,-0.7247864510864019,,,,,61.45781032528349,0.2685473905939634,,,,,0.586734693,0.321428571,0.265306122,0.228571428,0.092857143,0.27027027,61,148,140,16,15,2,9,45,32,23,7,0,0,7,0,27,0.182432432,0.047297297,,,,,,,,,-1.0,,,,,,,
,-0.85,-22.25182825092984,1.4233875274658203,-0.7847168864682317,,,,,57.34515450929436,0.2543765528818195,,,,,0.547174882,0.277511961,0.269662921,0.224880382,0.052631579,0.249315068,129,446,418,30,47,3,15,116,94,79,11,1,1,26,0,51,0.114349775,0.058295964,,,,,,,,,-6.0,,,,,,,
,-0.76,-2.775191710534081,-5.283950597047806,0.2170771341770887,,,,,39.7332798471386,0.2362424812533638,,,,,0.525,0.275,0.25,0.225,0.05,0.257142857,11,44,40,3,3,0,1,11,9,8,0,1,1,2,0,7,0.159090909,0.045454545,,,,,,,,,-5.0,,,,,,,
,-0.76,-4.570623075643495,-3.709647923707962,0.2170771341770887,,,,,13.411445222284312,0.1923691837155089,,,,,0.383580704,0.159090909,0.224489795,0.136363636,0.022727273,0.162162162,26,49,44,3,0,0,1,7,6,5,1,0,1,5,0,7,0.142857142,0.102040816,,,,,,,,,-4.0,,,,,,,
,-0.67,-9.116719432331545,-2.178784668445587,-0.6957182362675667,,,,,51.10077466567119,0.2437019348144531,,,,,0.508888888,0.222222222,0.286666666,0.207407407,0.014814815,0.277227722,57,150,135,14,8,0,2,30,28,26,2,0,2,15,1,34,0.226666666,0.1,,,,,,,,,-3.0,,,,,,,
,-0.95,-11.007271184359636,-8.264748096466064,-0.5761041343212128,,,,,75.41474721111203,0.2893016978607073,,,,,0.621560349,0.304487179,0.31707317,0.205128205,0.099358974,0.23076923,122,376,312,31,28,7,16,95,64,48,8,1,6,50,5,62,0.164893617,0.132978723,,,,,,,,,-5.0,,,,,,,
,-0.77,-8.983497566143523,-0.6547806710004807,-0.3760549305006861,,,,,20.241717664215287,0.2030085980237185,,,,,0.470152019,0.287356321,0.182795698,0.126436781,0.16091954,0.173076923,39,94,87,7,5,2,8,25,11,3,4,2,0,6,2,33,0.351063829,0.063829787,,,,,,,,,-2.0,,,,,,,
,-0.27,-13.604954248231198,-1.353909611701965,0.0905458871275186,,,,,53.76320742540671,0.2492351250783089,,,,,0.558987818,0.299145299,0.259842519,0.196581196,0.102564103,0.211340206,70,258,234,21,16,5,14,70,46,32,9,0,2,19,6,35,0.135658914,0.07364341,,,,,,,,,-3.0,,,,,,,
,-0.86,-11.878886138859857,-0.8547106385231018,0.0529391067102551,,,,,39.23027678060304,0.2406193701147336,,,,,0.516581776,0.270967741,0.245614035,0.180645161,0.09032258,0.243243243,67,174,155,17,16,1,11,42,28,17,9,1,0,12,0,45,0.258620689,0.068965517,,,,,,,,,-1.0,,,,,,,
,-0.95,-9.598140733739545,-1.8893463611602783,0.2461082572117447,,,,,38.31248173448141,0.2263270361082894,,,,,0.495006698,0.226890756,0.268115942,0.151260504,0.075630252,0.175824175,50,139,119,8,11,2,5,27,18,13,3,0,1,18,5,26,0.187050359,0.129496402,,,,,,,,,-4.0,,,,,,,
,-0.71,-18.849669515049733,8.442039489746094,0.0102462787181139,,,,,-50.71023966911848,0.0916420742869377,,,,,0.190524193,0.096774193,0.09375,0.064516129,0.032258064,0.098360655,40,109,93,2,4,0,3,9,6,3,3,0,0,3,0,32,0.293577981,0.027522935,,,,,,,,,0.0,,,,,,,
,-0.45,-11.535965977533923,-0.7594870328903198,0.2666008146479726,,,,,37.69512462116458,0.2349223029688469,,,,,0.507507506,0.229729729,0.277777777,0.209459459,0.02027027,0.231343283,72,165,148,17,8,0,3,34,31,28,3,0,1,13,3,14,0.084848484,0.078787878,,,,,,,,,-2.0,,,,,,,
,-0.69,-6.390263827599361,-3.2139917463064194,-0.3572329943999648,,,,,20.38019338552901,0.2097842702359864,,,,,0.441629408,0.229508196,0.212121212,0.147540983,0.081967213,0.186046511,25,66,61,7,6,1,3,14,9,6,2,0,2,4,0,17,0.257575757,0.06060606,,,,,,,,,-3.0,,,,,,,
,-0.67,-9.139625352870883,-0.6076818704605103,-0.3743472173810005,,,,,-15.936589697131348,0.1420952384151629,,,,,0.305503731,0.15625,0.149253731,0.125,0.03125,0.150943396,41,67,64,5,3,0,2,10,8,6,2,0,0,2,0,12,0.179104477,0.029850746,,,,,,,,,-2.0,,,,,,,
,-0.49,-10.936460720205778,-5.734797954559326,-1.2239201106131077,,,,,69.78627128730936,0.2747831856731043,,,,,0.6018916,0.30798479,0.29390681,0.254752851,0.053231939,0.293333333,92,280,263,34,14,1,12,81,67,55,11,0,3,13,2,38,0.135714285,0.046428571,,,,,,,,,-8.0,,,,,,,
,-0.78,-11.252767660714708,-0.9346136152744292,0.0409851148724556,,,,,28.510894417082984,0.2208405124009961,,,,,0.472637681,0.248,0.224637681,0.144,0.104,0.151515151,81,140,125,17,7,3,6,31,18,12,2,1,0,13,1,23,0.164285714,0.092857142,,,,,,,,,1.0,,,,,,,
,-1.24,-12.45402952123981,-9.621055722236632,0.5929715884849429,,,,,73.52681105574422,0.2838736489034861,,,,,0.609242686,0.302083333,0.307159353,0.229166666,0.072916667,0.249249249,115,434,384,29,42,5,18,116,88,70,13,0,2,44,2,50,0.115207373,0.101382488,,,,,,,,,-3.0,,,,,,,
,-1.01,-12.413415227619504,-5.06767213344574,0.1281155757606029,,,,,62.58918178581891,0.2638945079349971,,,,,0.574798557,0.290076335,0.284722222,0.229007633,0.061068702,0.262443438,93,292,262,22,21,2,12,76,60,48,10,0,2,22,2,43,0.147260273,0.075342465,,,,,,,,,-4.0,,,,,,,
,-0.85,-18.017141550163963,6.9704909324646,0.0085385655984282,,,,,-74.45308724042347,0.05572085700384,,,,,0.121951218,0.060975609,0.060975609,0.060975609,0.0,0.111111111,39,90,82,3,1,0,0,5,5,5,0,0,0,0,0,37,0.411111111,0.0,,,,,,,,,0.0,,,,,,,
,-1.18,-28.07149930972169,3.7210774421691895,-1.3539038756862285,,,,,54.00862841632811,0.2557661192061223,,,,,0.577064576,0.298507462,0.278557114,0.243070362,0.0554371,0.277641277,144,506,469,48,33,1,20,140,114,94,15,4,2,23,10,66,0.130434782,0.045454545,,,,,,,,,-4.0,,,,,,,
,-0.84,-5.560371657143792,-7.324760675430298,-0.3401929549872875,,,,,59.77304564885005,0.2546773219967748,,,,,0.550420167,0.264705882,0.285714285,0.225490196,0.039215686,0.2875,38,115,102,14,7,0,3,27,23,20,2,1,0,8,1,23,0.2,0.069565217,,,,,,,,,-8.0,,,,,,,
,-0.67,-12.26001783912552,-5.894833564758301,-0.2855461351573467,,,,,60.10629719229528,0.2618055731961221,,,,,0.562643238,0.289915966,0.272727272,0.205882352,0.084033614,0.242105263,93,266,238,23,19,3,12,69,49,37,7,2,0,23,0,48,0.180451127,0.086466165,,,,,,,,,-10.0,,,,,,,
,-1.11,-12.193408565281976,-1.3068139776587486,-0.1401929520070552,,,,,28.58078048764579,0.2132153643502129,,,,,0.465826041,0.231343283,0.234482758,0.19402985,0.037313433,0.232142857,55,147,134,4,11,0,5,31,26,21,5,0,1,8,1,25,0.170068027,0.054421768,,,,,,,,,-2.0,,,,,,,
,-1.26,-19.997402581114525,0.7850956916809082,-0.2667612908408046,,,,,43.83713117951136,0.2362894933102494,,,,,0.517937649,0.244604316,0.273333333,0.223021582,0.021582734,0.255144032,90,306,278,18,18,0,6,68,62,56,6,0,0,19,5,37,0.120915032,0.062091503,,,,,,,,,-4.0,,,,,,,
,-0.9,-19.990814037893376,-5.708710670471191,-1.5487807393074036,,,,,63.762195094295315,0.2715161007913676,,,,,0.581635907,0.290726817,0.29090909,0.228070175,0.062656642,0.296296296,127,451,399,37,30,3,16,116,91,75,10,3,1,34,0,103,0.228381374,0.075388026,,,,,,,,,-13.0,,,,,,,
,-1.36,-4.916364242916922,-21.583922863006592,0.1690635988488793,,,,,91.14095309454866,0.3057849605477625,,,,,0.686023306,0.405462184,0.280561122,0.25,0.155462184,0.275401069,133,500,476,51,57,16,38,193,119,81,18,4,0,20,3,88,0.176,0.04,,,,,,,,,-16.0,,,,,,,
,-1.45,-11.366330733072363,-2.9236391186714172,-1.0956440586596727,,,,,29.55903959208794,0.2284025116400285,,,,,0.483456158,0.229357798,0.25409836,0.174311926,0.055045872,0.195652173,100,127,109,15,6,1,4,25,19,15,3,0,4,11,1,17,0.133858267,0.086614173,,,,,,,,,-2.0,,,,,,,
,-1.17,-10.162215422515011,-7.561042457818985,-0.3043309794738889,,,,,58.20088762706772,0.2619258458978437,,,,,0.556526428,0.255555555,0.300970873,0.2,0.055555555,0.238410596,70,209,180,11,10,0,10,46,36,26,10,0,0,26,3,29,0.13875598,0.124401913,,,,,,,,,-4.0,,,,,,,
,-0.3,-10.004479554327215,-22.558299958705906,-1.7743343645706773,,,,,88.19818930167564,0.3035789053614546,,,,,0.658900783,0.342342342,0.316558441,0.248648648,0.093693694,0.276595744,152,618,555,71,44,8,29,190,138,109,14,7,13,55,1,81,0.131067961,0.088996763,,,,,,,,,-22.0,,,,,,,
,-1.06,-9.44601824017706,-12.668379783630373,-0.2683948203921318,,,,,74.01543094492145,0.2867629138322977,,,,,0.642948717,0.383333333,0.259615384,0.24,0.143333333,0.292792792,89,313,300,38,26,7,25,115,72,47,14,4,4,9,0,74,0.236421725,0.028753993,,,,,,,,,-10.0,,,,,,,
,-1.15,-14.843911600952437,-1.6422035694122314,-0.7282018773257732,,,,,18.500042781930844,0.1957089411501852,,,,,0.428213389,0.217687074,0.210526315,0.183673469,0.034013605,0.192592592,97,152,147,14,7,1,3,32,27,24,2,0,0,5,1,11,0.072368421,0.032894736,,,,,,,,,0.0,,,,,,,
,-1.32,-15.949171046015172,-0.5130309164524078,-0.7418635822832584,,,,,4.4209220462211665,0.180241515166568,,,,,0.377794251,0.1953125,0.182481751,0.125,0.0703125,0.162790697,55,141,128,10,9,2,5,25,16,11,3,0,0,9,0,40,0.283687943,0.063829787,,,,,,,,,-1.0,,,,,,,
,-1.4900000000000002,-18.684705497704268,-4.593508362770081,-0.6684319181367755,,,,,53.61266829122723,0.250407438603636,,,,,0.570717484,0.31707317,0.253644314,0.231707317,0.085365853,0.238255033,112,343,328,29,31,5,18,104,76,58,13,0,0,11,6,29,0.084548104,0.03206997,,,,,,,,,0.0,,,,,,,
,-1.25,-24.9428458494534,4.195245288312435,-0.294084700755775,,,,,23.28501562582116,0.2032590455868665,,,,,0.438152703,0.193548387,0.244604316,0.161290322,0.032258065,0.187793427,97,280,248,10,17,0,7,48,40,33,6,1,0,28,6,37,0.132142857,0.1,,,,,,,,,2.0,,,,,,,
,-1.22,-15.64528754488247,-4.487428188323975,-1.2649423172697425,,,,,39.887737544827665,0.2364721636359508,,,,,0.500320511,0.235897435,0.264423076,0.215384615,0.02051282,0.274509803,72,212,195,9,12,0,4,46,42,38,4,0,1,13,0,42,0.198113207,0.061320754,,,,,,,,,-8.0,,,,,,,
,-1.16,-14.10336091780942,-2.305438995361328,0.0204925574362278,,,,,-27.719364905636763,0.1312066608419021,,,,,0.268055555,0.122222222,0.145833333,0.1,0.022222222,0.138461538,44,98,90,3,2,0,2,11,9,7,2,0,0,4,0,26,0.265306122,0.040816326,,,,,,,,,-4.0,,,,,,,
,-1.57,-13.449057965919542,-5.462962865829468,-0.1487315176054835,,,,,16.99512903333976,0.1943750759245644,,,,,0.425124274,0.227941176,0.197183098,0.176470588,0.051470588,0.203539823,45,142,136,10,10,1,5,31,24,19,4,0,1,4,0,24,0.169014084,0.028169014,,,,,,,,,-3.0,,,,,,,
,-1.07,-18.44448142596064,-11.092366695404053,1.2665887204930186,,,,,61.76215824690646,0.2613369612052935,,,,,0.558543523,0.25990099,0.298642533,0.237623762,0.022277228,0.27118644,113,449,404,41,22,0,8,105,96,88,7,1,15,34,3,52,0.115812917,0.07572383,,,,,,,,,-16.0,,,,,,,
,-1.54,-11.787979012837816,-8.642435073852539,-0.1436083782464265,,,,,31.46951363587039,0.2255034022135277,,,,,0.499999999,0.273972602,0.226027397,0.226027397,0.047945205,0.272727272,46,148,146,11,7,0,7,40,33,26,7,0,1,0,0,25,0.168918918,0.0,,,,,,,,,-11.0,,,,,,,
,-1.56,-14.15320431015014,-6.279375892132521,0.4563545389100909,,,,,11.63014973390197,0.1864752123053644,,,,,0.353362107,0.120967741,0.232394366,0.120967741,0.0,0.164835164,71,144,124,16,3,0,0,15,15,15,0,0,2,18,0,33,0.229166666,0.125,,,,,,,,,-8.0,,,,,,,
,-1.37,-34.33619977141593,1.642866134643555,0.232360259629786,,,,,39.93233698519025,0.233047859649543,,,,,0.501527786,0.243010752,0.258517034,0.212903225,0.030107527,0.263297872,136,510,465,39,32,0,12,113,99,87,10,2,6,29,2,93,0.182352941,0.056862745,,,,,,,,,-6.0,,,,,,,
,-1.06,-37.64172934489536,7.0919060707092285,-0.1624053316190838,,,,,31.417343121885445,0.2254244719856772,,,,,0.500997567,0.248878923,0.252118644,0.210762331,0.038116592,0.225961538,122,476,446,42,23,0,14,111,94,80,11,3,10,24,8,31,0.06512605,0.050420168,,,,,,,,,0.0,,,,,,,
,-2.01,-26.305878708056085,-5.211704730987549,-0.7144410060718656,,,,,55.50753494514794,0.2523419124081852,,,,,0.555169694,0.304157549,0.251012145,0.205689277,0.098468272,0.219638242,129,501,457,42,51,9,25,139,94,69,14,2,15,27,2,68,0.135728542,0.053892215,,,,,,,,,-2.0,,,,,,,
,-1.82,-22.26689975498628,-5.409463405609131,-0.092376984655857,,,,,35.57060323932718,0.2253203948601981,,,,,0.486842105,0.25,0.236842105,0.178571428,0.071428572,0.199152542,81,305,280,17,32,3,14,70,50,36,11,0,1,20,2,43,0.140983606,0.06557377,,,,,,,,,-9.0,,,,,,,
,-3.12,-16.439165925423865,-25.846954345703125,-1.519675432704389,,,,,76.09116123203265,0.2906890040603131,,,,,0.651532871,0.360623781,0.29090909,0.24951267,0.111111111,0.268018018,144,553,513,53,69,9,38,185,128,90,28,1,5,30,7,65,0.117540687,0.054249547,,,,,,,,,-19.0,,,,,,,
