Name,PlayerId,MLBAMID,Team,fWAR,fWAR,bWAR,ERA,xERA,FIP,xFIP,vFA,vFA,K%,BB%,K-BB%,IP,G,GS,Barrel%,HardHit%,EV,GB%,K/9,BB/9,K/BB,HR/9,BABIP,LOB%,HR/FB,SV,AVG,WHIP,ERA-,FIP-,SIERA,Chase%,Whiff%,WPA,Clutch,SO,BB,HBP,HR,QS,CG,ShO,ER
Bert Blyleven,1001098,111126,MIN,8.074355125427246,,7.83,2.6583629893238436,,2.3718139105420097,,,,0.21671018,0.0670148,0.14969539,281.0,37,37,,,,,7.97508896797153,2.4661921708185055,3.23376623,0.4483985765124555,0.2875,0.74420103,,0,0.2295390404515522,1.1423487544483986,71.2627418749236,65.02857509872617,,,,3.544139862060547,0.3754203950961545,249,77,9,14,24,19,3,83
Fergie Jenkins,1006388,116522,TEX,7.368151664733887,,7.69,2.8233501663331886,,2.760960715581714,,,,0.17241379,0.03448276,0.13793104,328.1,41,41,,,,,6.167512499271528,1.2335024998543056,5.0,0.7401014999125834,0.259,0.73705179,,0,0.2284345047923322,1.0081217961772226,78.61929068184135,77.21240156416748,,,,5.686416149139404,1.0475004067210616,225,45,8,27,27,29,6,103
Jon Matlack,1008246,118428,NYM,7.174518585205078,,9.06,2.408291364955754,,2.4161593091978255,,,,0.18122677,0.07063197,0.1105948,265.1,34,34,,,,,6.614321354455944,2.577889348403342,2.56578947,0.2713567735161413,0.2689393939393939,0.7565337,,0,0.2221105527638191,1.1193466907540828,69.20645995025447,68.12697697925918,,,,2.5127360820770264,-1.386909285513048,195,76,5,8,27,14,7,71
Phil Niekro,1009583,119786,ATL,6.7540499567985535,,7.85,2.3814772953502725,,3.0379770267889765,,,,0.15996719,0.07219032,0.08777687,302.1,41,39,,,,,5.804850907416289,2.6196250248852997,2.21590909,0.5656008576456897,0.2524698133918771,0.79646018,,1,0.2213333333333333,1.1146636785181137,61.95179673459421,78.29458760537022,,,,2.1590660512447357,-1.27299436101455,195,88,6,19,31,18,6,80
Nolan Ryan Jr.,1011348,121597,CAL,6.297653794288635,,5.88,2.8947895504587957,,2.9780191997268917,,,,0.26364943,0.14511494,0.11853448,332.2,42,41,,,,,9.928857616994188,5.464929805539035,1.81683168,0.4869739430678348,0.2550251256281407,0.74975418,,0,0.187129551227773,1.2715430735660131,85.39527215348683,84.32665002107892,,,,2.307397946715355,-0.5754951264444284,367,202,9,18,28,26,3,107
Luis Tiant,1013054,123331,BOS,6.101889133453369,,7.72,2.9197004049297326,,3.15316610887329,,,,0.13902054,0.06477093,0.07424961,311.1,38,38,,,,,5.087794765026069,2.3704498337053277,2.14634146,0.6070664208269742,0.2644964394710071,0.77310427,,0,0.2381355932203389,1.1659529669851407,75.52557400887451,83.79278470059968,,,,5.801608085632324,1.1883183957818853,176,82,4,21,25,25,7,101
Steve Busby,1001745,111787,KCR,5.949467182159424,,6.47,3.386545275596716,,2.8826666040155287,,,,0.16229508,0.07540984,0.08688525,292.1,38,38,,,,,6.095781496074089,2.8323833214081624,2.15217391,0.4310148532577639,0.2976846747519294,0.73070608,,0,0.2537980339588919,1.2862030541660254,91.06156296603947,81.32951371340431,,,,2.454483985900879,0.073281094202235,198,92,9,14,25,20,3,110
Catfish Hunter,1006199,116334,OAK,5.8107781410217285,,6.86,2.4879580356791062,,3.1719368630065197,,,,0.11532258,0.03709677,0.07822581,318.1,41,41,,,,,4.0429318079785475,1.3005235186504418,3.10869565,0.7068062601361097,0.2377690802348336,0.78091873,,0,0.2252100840336134,0.9863874030343932,72.89323646389714,86.27274286070698,,,,2.8664181232452393,-1.4151078288758043,143,46,4,25,31,23,6,88
Gaylord Perry,1010210,120438,CLE,5.809337139129639,,8.53,2.5129262598203788,,3.2235142489892725,,,,0.17102138,0.0783848,0.09263658,322.1,37,37,,,,,6.031023023568909,2.7642188858024164,2.18181818,0.6980350721723274,0.2235550708833151,0.79,,0,0.1986183074265975,1.0206823944208698,68.73640434070019,86.93842415020946,,,,3.969172239303589,-1.010373842337274,216,99,6,25,26,28,4,90
Carl Morton,1009230,119423,ATL,5.5330281257629395,,3.4,3.1456311844624336,,3.2226371040869224,,,,0.09608844,0.07568027,0.02040816,274.2,38,38,,,,,3.702670040044323,2.9162622439287147,1.26966292,0.3276699150481701,0.2941787941787941,0.74054054,,0,0.2700460829493087,1.390776750537789,81.830510885956,83.04198142176134,,,,0.9564440846443176,1.4468814468739242,113,89,2,10,28,7,1,96
Andy Messersmith,1008799,118990,LAD,5.237964153289795,,5.3,2.586088849576775,,3.128960748383538,,,,0.18744699,0.07972858,0.10771841,292.1,39,39,,,,,6.803876616148419,2.893956569764486,2.35106383,0.7388825284505071,0.2425328554360812,0.79545455,,0,0.2097966728280961,1.0980615353361702,75.13435091060533,86.78704503500185,,,,3.8484878540039062,0.102262182697796,221,94,3,24,26,13,3,84
Ken Holtzman,1005989,116115,OAK,5.158600986003876,,1.6,3.0665795122916713,,3.009028986806471,,,,0.10904007,0.04753029,0.06150979,255.1,39,38,,,,,4.12402072342673,1.7976500589296005,2.29411765,0.4934725651963609,0.2916666666666667,0.70266753,,0,0.267909715407262,1.2689294533620707,89.84593080719074,81.83137913610646,,,,0.7043999582529068,0.247735418387312,117,51,3,14,20,9,3,87
Vida Blue,1001094,111119,OAK,5.117519378662109,,2.08,3.251476031232996,,3.180344795461261,,,,0.15012942,0.08455565,0.06557377,282.1,40,40,,,,,5.546635582691581,3.1239671672630744,1.7755102,0.541912671872166,0.2635212888377445,0.70672478,,0,0.2320754716981132,1.2184180334903605,95.26310645214193,86.50196864815463,,,,0.7945258617401123,-0.3581723009850418,174,98,1,17,24,12,1,102
Jerry Koosman,1007103,117255,NYM,5.052657604217529,,4.94,3.362264150943396,,2.9857667743035083,,,,0.16815742,0.07602862,0.0921288,265.0,35,35,,,,,6.384905660377359,2.8867924528301887,2.21176471,0.5433962264150943,0.2944038929440389,0.72344322,,0,0.2514619883040935,1.2943396226415094,96.6205346622233,84.13842277495266,,,,1.668323993682861,1.1500202214896122,188,85,7,16,26,13,0,99
Bill Bonham,1001165,111196,CHC,5.048498064279556,,3.22,3.857143018833329,,3.122175671250734,,,,0.17701576,0.10101946,0.07599629,242.2,44,36,,,,,7.083791505741979,4.0425825870464696,1.75229358,0.4821428773541661,0.306578947368421,0.66511085,,1,0.2551867219917012,1.4629121492369996,99.32603052171584,81.22898767691257,,,,-1.7641198933124542,-0.5366451197892126,191,109,6,13,19,10,2,104
Jim Rooker,1011183,121435,PIT,4.999174118041992,,4.74,2.7753808181445443,,3.057915054541862,,,,0.13014981,0.07771536,0.05243446,262.2,33,33,,,,,4.76269053977891,2.843908739580212,1.6746988,0.3769035678961727,0.2611311672683514,0.74098798,,0,0.2324159021406728,1.184010198138482,78.60772139026551,84.51034526096704,,,,2.924000024795532,-0.4093818640844078,139,83,4,11,27,15,1,81
Steve Carlton,1001964,112008,PHI,4.8617072105407715,,4.82,3.2164955199976175,,3.320487801414715,,,,0.19559902,0.11083945,0.08475958,291.0,39,39,,,,,7.422681969225271,4.206186449227653,1.76470588,0.6494846723072112,0.2763636363636363,0.75429839,,0,0.2292817679558011,1.3230243324776525,85.95425871791275,89.73809917840151,,,,0.2346741110086441,-0.3050348650054665,240,136,5,21,27,17,1,104
Jim Kaat,1006660,116803,CHW,4.810016945004463,,7.05,2.920673110401093,,3.1443253802119053,,,,0.12467076,0.05531168,0.06935909,277.1,42,39,,,,,4.608173129743947,2.044471177280765,2.25396825,0.5841346220802186,0.2692307692307692,0.73663625,,0,0.2457943925233645,1.1754807827046374,78.47526078831486,87.81586002999718,,,,3.969964310526848,0.6087597928749164,142,63,6,18,27,15,3,90
Tom Seaver,1011708,121961,NYM,4.72804069519043,,6.15,3.2033896233904806,,2.9129653455607696,,,,0.21025105,0.07845188,0.13179916,236.0,32,32,,,,,7.6652537416843645,2.8601693065986433,2.68,0.724576224338323,0.2735562310030395,0.75079872,,0,0.2266514806378132,1.161016874085968,92.0549975398459,82.0920027373446,,,,0.3688561916351318,-1.4234089410581068,201,75,3,19,18,12,5,84
Rick Reuschel,1010852,121089,CHC,4.395183704793453,,3.54,4.300554658518176,,3.330297279073627,,,,0.15080113,0.07822809,0.07257305,240.2,41,38,,,,,5.983380394460071,3.103878579626162,1.92771084,0.673130294376758,0.3073047858942065,0.67833026,,0,0.2695473251028806,1.4335182195060587,110.74440879858427,86.63073861440154,,,,0.2128520160913467,0.5790500795690964,160,83,6,18,16,8,2,115
Don Sutton,1012745,123006,LAD,4.34131383895874,,2.49,3.2282608695652173,,3.2992340972458107,,,,0.15592334,0.06968641,0.08623693,276.0,40,40,,,,,5.836956521739131,2.608695652173913,2.2375,0.75,0.2534883720930233,0.73270014,,0,0.2269303201506591,1.1630434782608696,93.7915513013344,91.49863389980862,,,,2.0027241706848145,0.2813217880519048,179,80,6,23,26,10,5,99
Wilbur Wood,1014248,124543,CHW,4.302721977233887,,5.51,3.5962537879823557,,3.4523090668490104,,,,0.12841945,0.06079027,0.06762918,320.1,42,42,,,,,4.748178829445455,2.2476586174889723,2.1125,0.7585847834025282,0.2696411251212415,0.7046603,,0,0.2485737571312143,1.201873010740631,96.62736746123704,96.43784759004178,,,,0.6359162330627441,-0.0474308680286096,169,80,9,27,26,22,1,128
Mike Marshall,1008144,118320,LAD,4.1142897605896,,3.09,2.419199881875006,,2.5878196040234376,,,,0.16686114,0.06534422,0.10151692,208.1,106,0,,,,,6.17759969835939,2.419199881875006,2.55357143,0.3887999810156259,0.2808641975308642,0.77315208,,21,0.23875,1.185599942109378,70.2856798123693,71.81327135232097,,,,-0.0216638073325157,-1.4140715898389846,143,56,1,9,0,0,0,56
Mickey Lolich,1007712,117875,DET,4.083374977111816,,2.91,4.14935064935065,,3.659388435661019,,,,0.15993666,0.06175772,0.09817894,308.0,41,41,,,,,5.902597402597403,2.279220779220779,2.58974359,1.1103896103896105,0.2887473460721868,0.69863825,,0,0.2622673434856176,1.2597402597402598,108.86827930350134,97.49556810983113,,,,0.0341461077332496,0.2398179419279726,202,78,3,38,19,27,3,142
Pat Dobson,1003345,113410,NYY,4.053334712982178,,4.29,3.0747327621587286,,3.3682551058801944,,,,0.13441781,0.06421233,0.07020548,281.0,39,39,,,,,5.0284692047804205,2.4021349704365065,2.09333333,0.7366547242671954,0.2849284928492849,0.76034063,,0,0.2589531680440771,1.270462495475308,86.57544139404443,94.19759592978347,,,,2.2469301223754883,1.1476378086121484,157,75,4,23,25,12,2,96
Steve Rogers,1011138,121390,MON,4.046525478363037,,0.25,4.470433550310903,,3.3430027691838236,,,,0.14460094,0.07511737,0.06948357,253.2,38,38,,,,,5.463863228157771,2.838370508133907,1.925,0.6741129956818028,0.2924411400247831,0.6413529,,0,0.2602040816326531,1.3206307225345262,118.46041239082676,91.22557402408276,,,,-1.5148701667785645,-1.6660136218204091,154,80,5,19,19,11,1,126
Jim Lonborg,1007724,117886,PHI,3.96688461303711,,4.54,3.2120141342756185,,3.539350346541658,,,,0.10359589,0.05993151,0.04366438,283.0,39,39,,,,,3.8480565371024738,2.2261484098939928,1.72857143,0.6996466431095406,0.2718651211801897,0.74723247,,0,0.2564102564102564,1.2367491166077738,85.83450285773245,95.63972844390317,,,,2.612084150314331,1.1757781857378906,121,70,6,22,26,16,3,101
Jim Perry,1010213,120442,CLE,3.940629482269287,,4.31,2.964285893775449,,3.4115529882844826,,,,0.0671785,0.06142035,0.00575816,252.0,36,36,,,,,2.500000151376885,2.285714424116009,1.09375,0.392857166644939,0.2589686098654709,0.73410014,,0,0.2487153134635149,1.2142857878116298,81.082504104417,92.02163665180804,,,,1.8408281803131104,-1.3542987662669836,70,64,5,11,25,8,3,83
Buzz Capra,1001928,111972,ATL,3.8931091129779816,,5.4,2.28110599078341,,3.297113613708777,,,,0.15462754,0.09480813,0.05981941,217.0,39,27,,,,,5.682027649769585,3.4838709677419355,1.63095238,0.5391705069124424,0.2311248073959938,0.78947368,,1,0.2040050062578222,1.1382488479262671,59.34073566311013,84.95668505677989,,,,2.358807787299156,0.0291310719248927,137,84,3,13,17,11,5,55
Don Gullett,1005134,115239,CIN,3.8897759914398193,,2.77,3.0370372277428412,,3.360112657705115,,,,0.18118812,0.08712871,0.09405941,243.0,36,35,,,,,6.777778203377316,3.259259463919147,2.07954545,0.8148148659797867,0.2503496503496503,0.76095311,,0,0.2184782608695652,1.18930048620282,85.47114563452668,92.67842761303714,,,,-0.2097799181938171,-2.7886522337852218,183,88,2,22,23,10,3,82
Clay Kirby,1006960,117110,CIN,3.823809228371829,,1.38,3.277456575130031,,3.245849647574231,,,,0.16309888,0.09276249,0.07033639,230.2,36,35,,,,,6.242774428819106,3.550577956390867,1.75824176,0.5852601027017913,0.273492286115007,0.73049645,,0,0.2364864864864864,1.304913266023994,92.61682923721916,89.61909159928805,,,,1.0962539464235306,0.2924219731889033,160,91,2,15,21,7,1,84
Lynn McGlothen,1008534,118715,STL,3.780741453170776,,4.92,2.692415614935388,,3.189174634485351,,,,0.1437247,0.09008097,0.05364373,237.1,31,31,,,,,5.384831229870776,3.3749998553415423,1.59550562,0.4550561602707698,0.2691790040376851,0.7791754,,0,0.2363433667781493,1.268258372606497,73.6522199062707,90.72465175139888,,,,3.833142042160034,0.5315352543228924,142,89,2,12,23,8,3,71
Ross Grimsley Jr.,1005071,115171,BAL,3.776460932567715,,3.98,3.0744080150883546,,3.454206046635074,,,,0.13188648,0.06343907,0.06844741,295.2,40,39,,,,,4.809469964197624,2.3134159321456926,2.07894737,0.7914317662603686,0.2577540106951871,0.75904393,,1,0.2386058981233244,1.1600901531081471,88.52116093055768,97.76383842244348,,,,1.1292317509651184,-0.5509567260648125,158,76,3,26,26,17,4,101
Ken Brett,1001402,111439,PIT,3.689120292663574,,2.11,3.298429582879797,,3.0337170230803503,,,,0.11895911,0.06443618,0.05452292,191.0,27,27,,,,,4.523560570806579,2.4502619758535635,1.84615385,0.4240838035131167,0.2824074074074074,0.70694087,,0,0.2549800796812749,1.277487013051858,93.42214660464698,83.84322147914041,,,,1.1394062042236328,-0.9822087435338678,96,52,2,9,18,10,3,70
Tommy John,1006515,116550,LAD,3.523916482925415,,2.63,2.588235294117647,,2.741618297302645,,,,0.12662338,0.06818182,0.05844156,153.0,22,22,,,,,4.588235294117647,2.4705882352941178,1.85714286,0.2352941176470588,0.2627291242362525,0.73356808,,0,0.2321116928446771,1.1437908496732023,75.19671215444676,76.06899437367456,,,,2.2698259353637695,0.0393995449738104,78,42,1,4,16,5,3,44
Steve Renko,1010835,121071,MON,3.35989610850811,,1.17,4.032211014719348,,3.4039883090316616,,,,0.14375,0.084375,0.059375,227.2,37,35,,,,,5.455344314032059,3.2020499234536,1.7037037,0.6720351691198914,0.2831491712707182,0.67335244,,0,0.2525597269624573,1.3308931780609612,106.8481108766886,92.88607371339695,,,,-0.3014739267528057,-0.4707956587337448,138,81,0,17,19,8,1,102
Jackie Brown,1001522,111552,TEX,3.2873299717903137,,2.51,3.5723083002937943,,3.2012966336131985,,,,0.14660832,0.0809628,0.06564552,216.2,35,26,,,,,5.5661547934810285,3.073846676996986,1.81081081,0.540000091904876,0.2989840348330914,0.71736011,,0,0.2619617224880383,1.352307922462638,99.47485367382107,89.56018324194568,,,,0.1530480533838272,0.0488690855326245,134,74,4,13,16,9,2,86
Bill Lee,1007448,117617,BOS,3.2788295382633805,,3.54,3.5064935108117563,,3.8108052022320775,,,,0.07983193,0.05630252,0.02352941,282.1,38,37,,,,,3.028335304791971,2.1357733202217064,1.41791045,0.7969303433663083,0.2952952952952953,0.75280899,,0,0.2859696157283288,1.3707201905900503,90.70448965082262,101.31054959456182,,,,1.238809805363417,1.7431057109884651,95,67,4,25,24,16,1,110
Frank Tanana,1012818,123084,CAL,3.181891545653343,,4.64,3.115384534288624,,3.4938523349999553,,,,0.15971606,0.06832298,0.09139308,268.2,39,35,,,,,6.029776517977982,2.579404399357248,2.33766234,0.9044664776966974,0.281437125748503,0.78589909,,0,0.2514395393474088,1.2617865676509483,91.90274647985252,98.96993851476044,,,,-1.234038047492504,0.167745531394339,180,77,8,27,23,12,4,93
Rollie Fingers,1004051,114129,OAK,3.1610889434814453,,1.36,2.6470586538197076,,2.284101976289998,,,,0.19668737,0.06004141,0.13664596,119.0,76,0,,,,,7.184873488939206,2.193277170307758,3.27586207,0.3781512362599582,0.2804532577903683,0.73228346,,18,0.2295805739514348,1.117646987168321,77.55463300409622,62.06766603277401,,,,0.5524541139602661,-0.241956499106438,95,29,1,5,0,0,0,35
Dick Ruthven,1011330,121581,PHI,3.1059086322784424,,1.42,4.0203760793948735,,3.490445288004007,,,,0.1659436,0.12581345,0.04013015,212.2,35,35,,,,,6.474921475235955,4.909090791682162,1.31896552,0.4655172302457222,0.2676056338028169,0.68277311,,0,0.2266500622665006,1.401253884982073,107.43632115236728,94.32100337594112,,,,0.0614382177591323,-0.8896821234330278,153,116,3,11,17,6,0,95
Doc Medich,1008714,118900,NYY,3.045176267623902,,2.91,3.60429134681403,,3.654501048332488,,,,0.1312873,0.07757886,0.05370844,279.2,38,38,,,,,4.955900601869291,2.9284867192863993,1.69230769,0.7723481457458635,0.2801339285714285,0.74030552,,0,0.2560521415270018,1.3087010247360469,101.48625535966198,102.22064687199251,,,,2.44596004486084,1.460654437664945,154,91,8,24,22,17,4,112
Ron Reed,1010773,121001,ATL,3.0086448192596436,,2.37,3.387097052059137,,3.551337963893305,,,,0.10303831,0.05416116,0.04887715,186.0,28,28,,,,,3.774193858008752,1.98387113049178,1.90243902,0.7741936118992313,0.25,0.72025052,,0,0.2394957983193277,1.139785039740535,88.11200866756435,91.4924946681598,,,,0.9848360419273376,-0.4939432153116889,78,41,2,16,16,6,2,70
Mike Cuellar,1002853,112915,BAL,2.9770047664642334,,3.36,3.1076731499521557,,3.591833427594862,,,,0.09540954,0.07740774,0.0180018,269.1,38,38,,,,,3.5420790741390165,2.8737622676976926,1.23255814,0.5680692854751253,0.2622222222222222,0.7408575,,0,0.2473118279569892,1.2586633187978264,89.4789610475895,101.66753605075066,,,,3.1606557369232178,2.290392592679515,106,86,2,17,23,20,5,93
Fred Norman,1009632,119837,CIN,2.971356090158224,,2.04,3.139534664118361,,3.238326892845279,,,,0.17825537,0.08596713,0.09228824,186.1,35,26,,,,,6.810375194472136,3.284436264000746,2.07352941,0.7245079994119293,0.2743362831858407,0.78082192,,0,0.2357836338418862,1.2772807693336234,88.71932829787198,89.41186182213751,,,,0.4220680594444275,-0.2037944918314438,141,68,2,15,15,8,2,65
Dave Roberts,1011031,121276,HOU,2.9283346831798553,,2.41,3.3970585694362736,,3.2546901421288483,,,,0.08275862,0.07471264,0.00804598,204.0,34,30,,,,,3.1764703506417105,2.867646844329322,1.10769231,0.2647058625534759,0.2900552486187845,0.72931785,,1,0.2693266832917705,1.377450877361606,97.26480148653104,93.7892479047224,,,,0.933221772313118,0.2861398753982533,72,65,3,6,19,8,2,77
Jim Barr,1000606,110604,SFG,2.919416129589081,,6.34,2.74130731317242,,3.4127119372691803,,,,0.08759124,0.04900938,0.03858186,239.2,44,27,,,,,3.1543810178970313,1.764951283823339,1.78723404,0.6383866345743991,0.2546353522867738,0.76954069,,2,0.245054945054945,1.1265646492489396,72.929320895227,96.33302075748684,,,,3.09534615278244,-0.2222631693647012,84,47,2,17,20,11,5,73
Terry Forster,1004236,114317,CHW,2.8470191955566406,,1.97,3.61786609699841,,2.846209685751329,,,,0.18683274,0.08540925,0.10142349,134.1,59,1,,,,,7.034739633052464,3.2158809751096977,2.1875,0.4019851218887122,0.2886075949367088,0.71002387,,24,0.2371541501976284,1.250620379209327,97.2080663351482,79.47012640637905,,,,1.5060741901397705,0.0006884815901351,105,48,8,6,0,0,0,54
Dock Ellis,1003747,113815,PIT,2.7642343044281006,,2.47,3.158490747904694,,3.3197290811508164,,,,0.124487,0.05608755,0.06839945,176.2,26,26,,,,,4.635849323537536,2.0886793655498788,2.2195122,0.6622641890767909,0.2590673575129533,0.72614108,,0,0.2386530014641288,1.154717047621071,89.4586282004392,91.72838544925392,,,,0.7683359980583191,0.4525228412475718,91,41,7,13,16,9,0,62
John Hiller,1005817,115951,DET,2.7500197887420654,,4.08,2.639999462890734,,2.9582195271810057,,,,0.21169036,0.09794629,0.11374408,150.0,59,0,,,,,8.039998364258146,3.719999243164216,2.16129032,0.5999998779297123,0.2759433962264151,0.79213483,,13,0.2235915492957746,1.259999743652396,69.26678971613555,78.77635881327238,,,,1.08758807182312,-1.1341285150147842,134,62,3,10,0,0,0,44
Bart Johnson,1006422,116571,CHW,2.6894192695617676,,3.68,2.736986530208768,,2.7836990737270804,,,,0.15415822,0.06490872,0.08924949,121.2,18,18,,,,,5.621918278266659,2.3671234855859615,2.375,0.4438356535473677,0.2619047619047619,0.74074074,,0,0.2282608695652173,1.1260274914072108,73.53980524809288,77.7201450189593,,,,1.8885999917984009,0.1361654246940296,76,32,1,6,14,8,2,37
Jack Billingham,1000970,110997,CIN,2.6761820688843727,,-0.11,3.9419150387791206,,3.5766496979463973,,,,0.11457175,0.07119021,0.04338154,212.1,36,35,,,,,4.365776870905908,2.712715725611438,1.609375,0.6781789314028595,0.3056338028169014,0.70563079,,0,0.2810615199034982,1.3987440460183975,111.39359550469322,98.73166049059915,,,,2.0376483034342527,2.055295842104849,103,64,6,16,18,8,3,93
Joe Decker,1003127,113188,MIN,2.640514850616455,,4.66,3.2935658183802308,,3.7565038349994007,,,,0.15090735,0.09264565,0.0582617,248.2,37,37,,,,,5.71849889345139,3.510724004207499,1.62886598,0.8686327433090718,0.2741514360313316,0.76152305,,0,0.2468354430379747,1.3310992501634389,88.29062536076015,103.1130292811644,,,,1.380466103553772,1.8383681415480828,158,97,2,24,22,11,1,91
Larry Dierker,1003288,113352,HOU,2.635345458984375,,4.43,2.8971685371305025,,3.4634655463931745,,,,0.16429354,0.0898138,0.07447974,223.2,33,33,,,,,6.035767785688547,3.2995530561764057,1.82926829,0.7242921342826256,0.2602739726027397,0.79825258,,0,0.2290909090909091,1.2116244962382194,82.9519176302527,99.7916980505518,,,,1.74042809009552,-0.2261657639731,150,82,6,18,24,7,3,72
Dave McNally,1008655,118841,BAL,2.533232241868973,,1.84,3.579150869087157,,3.7056328232337727,,,,0.10344828,0.07548928,0.02795899,259.0,39,37,,,,,3.857143169598781,2.8146720426801917,1.37037037,0.6602317137151067,0.2822014051522248,0.73511166,,1,0.2642276422764227,1.3166024232564408,103.05417775464142,104.89537071388506,,,,-0.5322539210319519,-0.157609507882635,111,81,8,19,19,13,4,103
Rudy May,1008310,118477,- - -,2.517140284180641,,1.1800000000000002,3.183962378734458,,3.1159554729006738,,,,0.17555938,0.09982788,0.0757315,141.1,35,18,,,,,6.495283252618295,3.693396359331971,1.75862069,0.4457547330228241,0.2371638141809291,0.68066158,,2,0.2007722007722007,1.146226456344405,91.446418235789,87.39131218485565,,,,0.2976699769496918,0.2496694181162745,102,58,5,7,10,8,2,50
Steve Foucault,1004262,114341,TEX,2.5097453594207764,,2.81,2.2448035369377197,,2.7652865659036645,,,,0.18150685,0.06849315,0.1130137,144.1,69,0,,,,,6.609699303205509,2.494226152153022,2.65,0.4988452304306044,0.2705882352941176,0.74617347,,12,0.2282003710575139,1.1293301744470627,62.50902346390174,77.33370589833348,,,,1.5174919366836548,-0.2977114677526318,106,40,5,8,0,0,0,36
Bill Singer,1012007,122268,CAL,2.415900945663452,,1.35,2.981594952467704,,2.7346613149611723,,,,0.16666667,0.09307359,0.07359307,108.2,14,14,,,,,6.377300315000367,3.561349526558647,1.79069767,0.2484662460389753,0.2928994082840236,0.69111425,,0,0.2440191387559808,1.3343557657648677,87.95600093868252,77.41829251133862,,,,-0.0728781074285507,-0.267349252894206,77,43,1,3,10,8,0,36
Steve Hargan,1005356,115468,TEX,2.381890207529068,,0.29,3.9535717652160582,,3.4246482479937286,,,,0.12189055,0.05970149,0.06218906,186.2,37,27,,,,,4.7250004023313865,2.3142859113459853,2.04166667,0.7232143472956204,0.293103448275862,0.64957265,,0,0.2689747003994673,1.339285828325223,110.09155419241772,95.82334929044622,,,,-1.4457941055297852,-0.6706935199570592,98,48,5,15,15,8,2,82
Bruce Dal Canton,1002936,113002,KCR,2.2312252447009087,,3.43,3.1311784574344546,,3.3424780986565175,,,,0.13043478,0.11141304,0.01902174,175.1,31,22,,,,,4.927756260880453,4.209125139502054,1.17073171,0.2566539719208569,0.2372262773722627,0.70232558,,0,0.2080123266563944,1.2376424868183546,84.19494826016566,94.33605367519574,,,,0.5076280403882265,-1.2873132652193195,96,82,5,5,12,9,2,61
John D'Acquisto,1002919,112985,SFG,2.2222832441329956,,2.24,3.767441893887559,,3.624731241683176,,,,0.17822839,0.13233725,0.04589114,215.0,38,36,,,,,6.990697736435804,5.190697720467303,1.34677419,0.5441860513393141,0.2695374800637958,0.71817563,,0,0.2255266418835192,1.4232558265797444,100.22844848995818,102.30478646086117,,,,-0.2812101021409035,-0.9908970633650628,167,124,6,13,18,5,1,90
Randy Jones,1006582,116715,SDP,2.2140002697706223,,0.88,4.449599497573299,,3.5814194912158333,,,,0.13656388,0.08590308,0.05066079,208.1,40,34,,,,,5.356799395136787,3.369599619521527,1.58974359,0.6911999219531338,0.2934306569343066,0.6556196,,2,0.263030303030303,1.4159998401123228,129.1328148125215,101.99612307965312,,,,-2.7355198860168457,-1.6658586035128438,124,78,5,16,17,4,1,103
Burt Hooton,1006005,116131,CHC,2.184836909174919,,0.73,4.797732226344091,,3.6103558517671575,,,,0.11883692,0.06447535,0.05436157,176.1,48,21,,,,,4.797732226344091,2.603024931314347,1.84313725,0.816635272569207,0.3157894736842105,0.63517915,,1,0.2903663500678426,1.50283574465861,123.54732381507908,93.89959778488448,,,,-0.7747299671173096,1.3212186136055222,94,51,3,16,10,3,1,94
Dave Goltz,1004818,114906,MIN,2.178038977086544,,2.41,3.2523906504247475,,3.496001798615573,,,,0.11930295,0.06032172,0.05898123,174.1,28,24,,,,,4.594647109330199,2.3231361788748197,1.97777778,0.7227534778721662,0.3011844331641286,0.72638146,,1,0.276657060518732,1.359464875045265,87.1868425525235,95.94819208992142,,,,-1.888426035642624,-1.0934936248984797,89,45,7,14,13,5,1,63
Bill Hands,1005303,115413,- - -,2.136827141046524,,1.45,4.175257526709491,,3.018941232311523,,,,0.14233577,0.05109489,0.09124088,129.1,37,12,,,,,5.4278347847223385,1.948453512464429,2.78571429,0.6262886290064237,0.3076923076923077,0.70448878,,3,0.2732558139534883,1.306700966692415,112.14306178368648,82.98094554014452,,,,-0.8430760204792023,-0.8244497919889168,78,28,4,9,6,1,1,60
Mike Torrez,1013134,123416,MON,2.1169693879783154,,1.33,3.574239811339126,,3.689131978286781,,,,0.11330049,0.10344828,0.00985222,186.1,32,30,,,,,4.443649495178373,4.057245191249819,1.0952381,0.4830053799106927,0.2792937399678972,0.70428016,,0,0.2537931034482759,1.4382826868451737,94.71249651065662,100.649897324525,,,,0.637468084692955,0.241149084902829,92,84,3,10,17,6,1,74
Dick Tidrow,1013056,123333,- - -,2.104045867919922,,-0.56,4.163752265052461,,3.694276912650579,,,,0.11933702,0.07292818,0.04640884,209.2,37,29,,,,,4.635930356965627,2.8330685514789944,1.63636364,0.7726550594942712,0.2942008486562942,0.66715543,,1,0.2713085234093637,1.3926868973600444,116.72139745886166,102.71886249358508,,,,-3.2532578371465206,-2.297115357309987,108,66,6,18,13,5,0,97
Jerry Reuss,1010853,121090,PIT,2.098489999771118,,2.11,3.4961542565160024,,3.947450534436849,,,,0.09333333,0.08977778,0.00355556,260.0,35,35,,,,,3.634615811229508,3.4961542565160024,1.03960396,0.6923077735675253,0.2661469933184855,0.73873874,,0,0.2531769305962854,1.3846155471350503,99.0223460279344,109.03425227217942,,,,1.7591320276260376,1.6833374956306262,105,101,1,20,25,14,1,101
Tom House,1006064,116180,ATL,2.0810704231262207,,3.01,1.928571189710544,,2.8412065849072623,,,,0.15841584,0.06683168,0.09158416,102.2,56,0,,,,,5.6103889155215825,2.3668828237356676,2.37037037,0.4383116340251236,0.2262295081967213,0.80412371,,11,0.1978609625668449,0.9837661119230552,50.1698884832614,73.23585053178736,,,,2.720734119415283,0.0560152631519543,64,27,3,5,0,0,0,22
Al Fitzmorris,1004119,114201,KCR,2.075212776660919,,4.48,2.7947368982161853,,3.5624301505683205,,,,0.06567534,0.07806691,-0.01239157,190.0,34,27,,,,,2.5105263661942003,2.984210586230842,0.84126984,0.3789473760293133,0.2650073206442166,0.74335548,,1,0.2540322580645161,1.3263158161025963,75.14829695746054,100.55776667326369,,,,2.3750040158629417,0.9643770400761236,53,63,0,8,16,9,4,59
Doug Rau,1010717,120944,LAD,2.047098647803068,,0.91,3.72100869616063,,3.737883561290216,,,,0.14858491,0.08254717,0.06603774,198.1,36,35,,,,,5.717647508734626,3.176470838185904,1.8,0.907563096624544,0.2722929936305732,0.73839662,,0,0.2467700258397933,1.3159664901055887,108.10748948726204,103.63638736595308,,,,0.0400939919054508,0.8345701962861318,126,70,4,20,17,3,1,82
Bill Campbell,1001874,111941,MIN,1.999682903289795,,3.92,2.61772831056308,,2.9521807917154845,,,,0.17315175,0.10700389,0.06614786,120.1,63,0,,,,,6.656509132574689,4.113573059456268,1.61818182,0.2991689497786376,0.2884615384615384,0.8042394,,19,0.2385120350109409,1.3628807712137938,70.17344796159112,80.9909616985399,,,,1.861503839492798,-0.0896694822106332,89,55,2,4,0,0,0,35
Sparky Lyle,1007859,118026,NYY,1.8708977699279783,,3.46,1.657894514934538,,2.858921321306501,,,,0.18895966,0.09129512,0.09766454,114.0,66,0,,,,,7.026314849008279,3.394736387723101,2.06976744,0.4736841471241536,0.2620481927710843,0.83203733,,15,0.2177985948477751,1.1929822964608314,46.68143884948566,79.92172230441697,,,,2.6270577907562256,0.3220043560811132,89,43,1,6,0,0,0,21
Al Hrabosky,1006116,116242,STL,1.818121075630188,,0.88,2.9547179168671542,,2.4876535380748037,,,,0.22282609,0.10326087,0.11956522,88.1,65,0,,,,,8.354719627003677,3.871699339343168,2.15789474,0.3056604741586711,0.2786885245901639,0.71833648,,9,0.21580547112462,1.2339626549368574,80.82761538259766,70.81456426217876,,,,2.4493980407714844,0.8441422594541013,82,38,1,3,0,0,0,29
Bill Greif,1005027,115123,SDP,1.7820981666445732,,1.16,4.6592923303173075,,3.790609061763738,,,,0.13604767,0.09433962,0.04170804,226.0,43,35,,,,,5.455752557721975,3.7831860801721726,1.44210526,0.6769911932939677,0.3051075268817204,0.68955043,,1,0.2717149220489978,1.500000094945458,135.2183570625629,107.94130196743582,,,,-3.44144606590271,-1.0839496576388563,137,95,14,17,14,7,1,117
Tom Griffin,1005054,115146,HOU,1.776807188987732,,1.29,3.540284104168491,,3.734617625130892,,,,0.11982571,0.09694989,0.02287582,211.0,34,34,,,,,4.691942788657037,3.796208256277057,1.23595506,0.5971563549199864,0.2685714285714285,0.71997106,,0,0.2451456310679611,1.3791468196961592,101.36564429473822,107.58752457665214,,,,-2.4046881198883057,-0.6146646200443784,110,89,5,14,19,8,3,83
Jim Slaton,1012054,122313,MIL,1.747469037771225,,1.69,3.9239997604980617,,3.974219519287115,,,,0.11753731,0.09514925,0.02238806,250.0,40,35,,,,,4.535999723144548,3.67199977587892,1.23529412,0.7919999516601592,0.2844932844932845,0.7381531,,0,0.2637021716649431,1.4279999128418022,108.9092886241966,110.46342936865706,,,,-1.0144237726926804,-0.7390018784491827,126,102,3,22,17,10,3,109
Roger Moret,1009168,119362,BOS,1.735938936471939,,1.46,3.738461689300092,,3.8243735009255513,,,,0.14899329,0.10604027,0.04295302,173.1,31,21,,,,,5.763461771004308,4.10192324242649,1.40506329,0.7788461852708525,0.2657992565055762,0.73394495,,2,0.2379518072289156,1.3673077474754964,96.70494428738188,101.67197316095805,,,,0.5227400064468384,0.2875935575240965,111,79,2,15,11,10,1,72
Dick Drago,1003475,113540,BOS,1.7063822150230408,,2.7,3.483871018178039,,3.853361937942973,,,,0.12345679,0.07681756,0.04663923,175.2,33,18,,,,,4.6110057593532865,2.8690702502642673,1.60714286,0.8709677545445097,0.2638146167557932,0.76656775,,3,0.2470059880239521,1.2580645343420696,90.11930058868865,102.44414840029953,,,,0.6451441049575806,-0.1281230936893674,90,56,5,17,10,8,0,68
Jim Palmer,1009973,120196,BAL,1.6955660581588743,,1.36,3.274253638132191,,3.7200106167639264,,,,0.10909091,0.08961039,0.01948052,178.2,26,26,,,,,4.231343163124678,3.4757461697095566,1.2173913,0.6044775947320968,0.2724252491694352,0.73529412,,0,0.2521489971346705,1.3712686176792936,94.27529846595,105.30318606365437,,,,0.1516719609498977,0.5980595650705577,84,69,3,12,17,5,2,65
Clay Carroll,1001997,112041,CIN,1.651481196284294,,2.45,2.1456955810643463,,2.9457693105078397,,,,0.1097852,0.07159905,0.03818616,100.2,57,3,,,,,4.112583197039997,2.682119476330433,1.53333333,0.2682119476330433,0.2735294117647059,0.81280788,,6,0.2467866323907455,1.2516557556208685,60.63467712569399,81.35276049876705,,,,2.1817720234394073,0.3472532104883081,46,30,0,3,2,0,0,24
Ed Sprague Sr.,1012355,122613,MIL,1.6219893097877502,,1.95,2.393617458395392,,2.8973685989449067,,,,0.1443038,0.07848101,0.06582279,94.0,20,10,,,,,5.457447805141495,2.9680856484102867,1.83870968,0.287234095007447,0.3033333333333333,0.77724359,,0,0.2611111111111111,1.3297874768863291,66.43404448098423,80.47592739580351,,,,-0.4720979928970337,-1.1312075799735863,57,31,4,3,7,3,0,25
Dennis Blair,1001029,111056,MON,1.6211073398590088,,2.09,3.267123287671233,,3.742603166136023,,,,0.12199037,0.11556982,0.00642055,146.0,22,22,,,,,4.684931506849315,4.438356164383562,1.05555556,0.4315068493150685,0.2289416846652267,0.71587125,,0,0.2069597069597069,1.2671232876712328,86.57432609915246,102.1057980352912,,,,0.3596380352973938,-0.7603935964846755,76,72,5,7,14,4,1,53
Dave Freisleben,1004333,114417,SDP,1.6107764914631844,,3.34,3.6566922983041334,,3.83491230649335,,,,0.13948498,0.12017167,0.01931331,211.2,33,31,,,,,5.527558125343458,4.762203923372825,1.16071429,0.5527558125343458,0.2701492537313433,0.72252374,,0,0.2386223862238622,1.4456690481667505,106.12167896027654,109.20040257430114,,,,0.2854180037975311,0.3479120226406046,130,112,7,13,17,6,2,86
Jim Bibby,1000945,110973,TEX,1.5780251026153564,,0.21,4.738636363636363,,4.066855968128551,,,,0.1313933,0.09964727,0.03174603,264.0,41,41,,,,,5.079545454545454,3.852272727272727,1.31858407,0.8522727272727273,0.2744630071599045,0.6754386,,0,0.2519762845849802,1.393939393939394,131.95254139946658,113.83196588356616,,,,-1.1381776332855225,-0.1678768026894785,149,113,9,25,17,11,5,139
Dave Giusti,1004748,114835,PIT,1.5652045607566831,,1.05,3.3217673609802443,,2.9567685914984834,,,,0.11910112,0.08988764,0.02921348,105.2,64,2,,,,,4.514196670050075,3.4069408830566608,1.325,0.170347044152833,0.2828571428571428,0.70911722,,12,0.2493827160493827,1.334385179197192,94.0831476272073,81.72180392646999,,,,2.0479279160499573,0.1551383061902576,53,40,0,2,2,0,0,39
Clyde Wright,1014272,124594,MIL,1.5649618431925774,,0.09,4.422414083968464,,3.957530040037907,,,,0.06425703,0.05421687,0.01004016,232.0,38,32,,,,,2.4827587839822955,2.094827723985062,1.18518519,0.8534483319939141,0.2827102803738318,0.68245125,,0,0.2802547770700637,1.370689745323559,122.74260990920654,109.99867070758587,,,,-1.2156178802251816,-0.481691752873892,64,54,0,22,15,15,0,114
Ken Frailing,1004288,114370,CHC,1.5593966841697693,,2.03,3.877660676007564,,3.6393901187082496,,,,0.12769784,0.07733813,0.05035971,125.1,55,16,,,,,5.098405703639576,3.087766834598616,1.65116279,0.7898938414089482,0.3232558139534883,0.72228443,,1,0.29296875,1.5398940544639093,99.85438465138422,94.6531758506556,,,,0.304020032286644,0.3593182224519843,71,43,1,11,7,1,0,54
Bill Champion,1002127,112181,MIL,1.5354426205158234,,1.55,3.618556886028956,,3.710178425249964,,,,0.08823529,0.07205882,0.01617647,161.2,31,23,,,,,3.3402063563344213,2.727835191006444,1.2244898,0.6680412712668843,0.2790697674418604,0.72427572,,0,0.2662440570522979,1.3422681098603138,100.43182475973968,103.1105705106851,,,,0.900151938199997,1.0116633916234594,60,49,0,12,12,2,0,65
Geoff Zahn,1014410,124734,LAD,1.496780663728714,,1.19,2.033472868260112,,2.917131749202207,,,,0.1,0.04848485,0.05151515,79.2,21,10,,,,,3.728033591810205,1.807531438453433,2.0625,0.3389121447100187,0.2717391304347826,0.74074074,,0,0.25,1.179916355657102,59.07904675280361,80.925580745642,,,,0.1148399859666824,-0.7268217897803916,33,16,2,3,6,1,0,18
Lerrin LaGrow,1007255,117410,DET,1.4463209956884384,,-0.26,4.659476596384624,,4.205338415928088,,,,0.08966245,0.08438819,0.00527426,216.1,37,34,,,,,3.536209916899045,3.32819756884616,1.0625,0.8736518618221171,0.2951251646903821,0.65639652,,0,0.2832369942196532,1.5023114026041695,122.25267092881482,112.07087489036944,,,,-2.4333119988441467,-0.7726140020407102,85,80,3,21,18,11,0,112
Sonny Siebert,1011951,122212,STL,1.3915743380784988,,0.38,3.837905090868369,,3.550788146037778,,,,0.11604096,0.08703072,0.02901024,133.2,28,20,,,,,4.578553441737703,3.4339150813032773,1.33333333,0.5386533460867886,0.3114035087719298,0.71576763,,0,0.2819548872180451,1.5037405911589514,104.98759112969132,100.98771680978662,,,,0.7460521161556244,0.5530804151309274,68,51,3,8,12,5,3,57
Ed Figueroa,1004037,114116,CAL,1.3717652559280396,,1.18,3.674050610735141,,3.1573335250473393,,,,0.10745614,0.07894737,0.02850877,105.1,25,12,,,,,4.186708835488882,3.075949348522444,1.36111111,0.2563291123768703,0.3186813186813186,0.72997416,,0,0.2860576923076923,1.471518978459811,108.3831989650806,89.41696162994289,,,,-0.4127400051802397,-0.2027615690354213,49,36,4,3,7,5,1,43
Doug Bird,1000976,111006,KCR,1.3698338568210602,,3.03,2.729241802084973,,2.9897719397272233,,,,0.15897436,0.06923077,0.08974359,92.1,55,1,,,,,6.0433211331881544,2.631768880581938,2.2962963,0.5848375290182085,0.3197278911564626,0.81103679,,10,0.2762430939226519,1.3754512256539349,73.38718486978343,84.35916792016339,,,,0.6084478870034218,0.2852964778587628,62,27,1,6,1,1,0,28
Paul Lindblad,1007614,117778,OAK,1.3433301150798798,,1.86,2.0562912868327317,,3.1345109671136036,,,,0.11165049,0.07281553,0.03883495,100.2,45,2,,,,,4.112582573665463,2.682119069781824,1.53333333,0.3576158759709099,0.2454545454545454,0.78096948,,6,0.2236842105263158,1.1423840482404066,60.24608327802288,85.25239921461244,,,,0.2082379758358001,-1.0521488934982848,46,30,2,4,1,0,0,23
Ernie McAnally,1008325,118506,MON,1.3321443067397922,,-0.49,4.476684291755344,,3.759566848149848,,,,0.14107143,0.1,0.04107143,128.2,25,21,,,,,5.5259071726355025,3.9170987552859255,1.41071429,0.6994819205867724,0.2822384428223844,0.65697674,,0,0.252,1.414507883853251,118.62604854242672,102.56768111091635,,,,-1.506673902273178,-0.8351312880479402,79,56,4,10,9,5,2,64
Glenn Abbott,1000010,110016,OAK,1.330851323902607,,0.96,3.000000372529076,,3.4844697170270127,,,,0.09476309,0.08478803,0.00997506,96.0,19,17,,,,,3.562500442378278,3.1875003958121435,1.11764706,0.3750000465661345,0.2639751552795031,0.73089701,,0,0.2445054945054945,1.2812501591009595,87.89526728767802,94.79333813805228,,,,-0.1000961251556873,-0.4405791864928365,38,34,3,4,8,3,0,32
Bob Reynolds,1010863,121111,BAL,1.3075729608535769,,1.16,2.725962638326389,,2.736873514659332,,,,0.14827586,0.04827586,0.1,69.1,54,0,,,,,5.581733021334987,1.817308425550926,3.07142857,0.519230978728836,0.3114035087719298,0.79383886,,7,0.2727272727272727,1.2836543640796223,78.48840369063474,77.41723817289383,,,,0.79352205991745,0.2158726092247961,43,14,1,4,0,0,0,21
Mike Caldwell,1001830,111875,SFG,1.2801320552825928,,3.29,2.947183207454867,,3.9303323304929862,,,,0.10532995,0.07994924,0.02538071,189.1,31,27,,,,,3.9454226809476447,2.994718420478333,1.31746032,0.8080986213989152,0.2560386473429952,0.74361314,,0,0.2441054091539528,1.262323990289809,78.40641172943222,110.91238993410322,,,,0.5232058838009834,0.6665143417914311,83,63,4,17,20,6,2,62
Tom Walker,1013536,123840,MON,1.276158332824707,,0.46,3.8290911746695206,,3.025492362786918,,,,0.17676768,0.07070707,0.10606061,91.2,33,8,,,,,6.872727749406832,2.7490910997627327,2.5,0.6872727749406832,0.3079584775086505,0.69707401,,2,0.2622950819672131,1.3527273665499162,101.46571121762466,82.58047663720153,,,,-0.4986199885606766,-0.6525303845036186,70,28,2,7,4,1,0,39
Dick Bosman,1001215,111252,CLE,1.2623429596424105,,-0.27,4.099475989474193,,3.732669739459058,,,,0.10586011,0.05482042,0.0510397,127.1,25,18,,,,,3.9581147484578416,2.0497379947370966,1.93103448,0.9188480666062846,0.2627906976744186,0.63134978,,0,0.25250501002004,1.21727735319636,112.13350893059298,100.70231963320526,,,,-1.012665867805481,-1.2666474859740835,56,29,1,13,8,2,1,58
Oscar Zamora,1014416,124741,CHC,1.25717294216156,,2.77,3.1195220071715704,,3.2833989087953395,,,,0.11014493,0.05507246,0.05507246,83.2,56,0,,,,,4.087649526638609,2.0438247633193045,2.0,0.6454183463113594,0.2695035460992908,0.73434125,,10,0.2515337423312883,1.2071713514342093,80.33141021335734,85.41350164286598,,,,2.5527501106262207,0.1030574967944548,38,19,0,6,0,0,0,29
Fritz Peterson,1010227,120466,- - -,1.2499770456925037,,-0.87,4.378378569359747,,4.050153140630223,,,,0.08131241,0.05563481,0.0256776,160.1,32,30,,,,,3.199584339147507,2.1891892846798733,1.46153846,0.9542619958860986,0.3133561643835616,0.68430657,,0,0.303951367781155,1.4906445556652128,119.94287625403376,109.46307658283683,,,,-0.6210282146930695,0.6555623520863365,57,39,4,17,13,3,0,78
Reggie Cleveland,1002347,112400,BOS,1.23439072817564,,-0.35,4.310241731491398,,4.173099406605881,,,,0.10729167,0.071875,0.03541667,221.1,41,27,,,,,4.188253757958622,2.805723391253834,1.49275362,1.0165664461064616,0.2771883289124668,0.68953069,,0,0.2653061224489796,1.3689761474233684,111.49550835361391,110.9611083261773,,,,-2.2027321457862854,0.0200852152730761,103,69,9,25,12,10,0,106
Ron Schueler,1011622,121874,PHI,1.2254417389631271,,2.34,3.7180330891495386,,4.097891859184261,,,,0.12358277,0.11111111,0.01247166,203.1,44,27,,,,,4.82459055615833,4.337705270674462,1.1122449,0.7524590775659781,0.282874617737003,0.76017131,,1,0.258974358974359,1.4754099560117218,99.3568236236053,110.70080221098948,,,,0.1021619439125061,0.2861043885518925,109,98,4,17,15,5,0,84
Max Leon,1007542,117684,ATL,1.1953784823417664,,1.68,2.639999832153331,,3.0315529090033655,,,,0.12751678,0.04697987,0.08053691,75.0,34,2,,,,,4.5599997100830265,1.6799998931884834,2.71428571,0.5999999618530297,0.2625,0.80263158,,3,0.2402826855123674,1.0933332638210764,68.67700704107293,78.12943107832096,,,,0.4493780434131622,-0.5257406733037094,38,14,1,5,1,1,1,22
Kevin Kobel,1007067,117220,MIL,1.1614104211330414,,0.63,3.986220547274728,,3.924676322682762,,,,0.10393258,0.0758427,0.02808989,169.1,34,24,,,,,3.933070939977731,2.870078794037804,1.37037037,0.8503937167519419,0.2650176678445229,0.69138277,,0,0.2530487804878049,1.2992126228154668,110.6362055556656,109.08377998743876,,,,-0.7986859083175659,-0.396249211085022,74,54,2,16,12,3,2,75
John Curtis,1002905,112970,STL,1.1518532782793045,,0.97,3.784615384615385,,3.9730913993639825,,,,0.10507674,0.09799292,0.00708383,195.0,33,29,,,,,4.107692307692307,3.830769230769231,1.07228916,0.6923076923076923,0.2796352583586626,0.7338403,,1,0.2611548556430446,1.446153846153846,103.52982764699826,112.97323622428242,,,,-0.1219639629125595,0.5225909998153595,89,83,2,15,14,5,2,82
Mel Stottlemyre Sr.,1012579,122839,NYY,1.1403416246175766,,0.64,3.584070554475325,,3.764060232392665,,,,0.08247423,0.07628866,0.00618557,113.0,16,15,,,,,3.1858404928669555,2.9469024559019337,1.08108108,0.5575220862517172,0.2821158690176322,0.7057257,,0,0.268018018018018,1.3805308802423473,100.91689725361584,105.29142896717684,,,,0.4368760308716446,0.8412100436636908,40,37,4,7,9,6,0,45
Nelson Briles,1001432,111468,KCR,1.1300282515585425,,1.76,4.019418368904714,,3.5879285667291207,,,,0.09490741,0.04861111,0.0462963,103.0,18,17,,,,,3.5825250679368104,1.8349518640651956,1.95238095,0.7864079417422267,0.3036211699164345,0.72429907,,0,0.2885085574572127,1.349514862989747,108.07902717980932,101.27903217580791,,,,0.0578660890460014,0.1561182262830469,41,21,2,9,7,3,0,46
Bob Forsch,1004233,114316,STL,1.1288639530539513,,1.55,2.9699998583793707,,3.498219560623171,,,,0.09558824,0.08333333,0.0122549,100.0,19,14,,,,,3.509999832630166,3.0599998540878364,1.14705882,0.4499999785423289,0.2401215805471124,0.72321429,,0,0.225201072386059,1.179999943733218,81.2456596513238,99.49575150732498,,,,0.8794019371271133,-0.4757846800975561,39,34,1,5,12,5,2,33
Paul Splittorff,1012346,122602,KCR,1.1229183673858645,,1.37,4.101770465380977,,4.113618041910956,,,,0.09137056,0.07614213,0.01522843,226.0,36,36,,,,,3.584071280429979,2.986726067024983,1.2,0.9159293272209948,0.2876884422110553,0.6964165,,0,0.2772277227722772,1.4469028502476582,110.2934108683124,116.14904139944466,,,,-1.6786597967147827,-0.1220426954430577,90,75,1,23,18,8,1,103
Steve Stone,1012573,122830,CHC,1.121280588209629,,1.94,4.137524526948127,,4.175469101362475,,,,0.11952191,0.08499336,0.03452855,169.2,38,23,,,,,4.7740667618632235,3.394891919547181,1.40625,1.0078585386155694,0.2881944444444444,0.71113074,,0,0.2700729927007299,1.46758348605425,106.54618857568364,108.56698892087188,,,,-1.7236139476299286,-0.5998326865216963,90,64,4,19,10,1,0,78
Joe Coleman,1002428,112480,DET,1.1158305406570437,,1.11,4.316219523594594,,4.4895382256459975,,,,0.14025357,0.1251981,0.01505547,285.2,41,41,,,,,5.576429603476226,4.977829815532451,1.12025316,0.9451575599112249,0.2734463276836158,0.705,,0,0.2490842490842491,1.5052509287475062,113.24648899062277,119.65819893713063,,,,-0.5826258063316345,1.79276813072814,177,158,12,30,20,11,2,137
Lindy McDaniel,1008441,118624,KCR,1.1126116514205933,,1.06,3.4593744638935564,,3.10321952313186,,,,0.10609481,0.05417607,0.05191874,106.2,38,5,,,,,3.9656243854389546,2.024999686181594,1.95833333,0.5062499215453985,0.2814207650273224,0.66613162,,1,0.2601431980906921,1.246874806769222,93.0198830758126,87.5682232489632,,,,-2.23402801156044,-2.139740846470843,47,24,0,6,2,2,0,41
Larry Gura,1005150,115255,NYY,1.016019582748413,,1.37,2.4107142857142856,,3.0782196044921877,,,,0.07391304,0.05217391,0.02173913,56.0,8,8,,,,,2.732142857142857,1.9285714285714288,1.41666667,0.3214285714285714,0.2613065326633166,0.77531646,,0,0.2477064220183486,1.1785714285714286,67.87863190234175,86.06832924830748,,,,1.3109540939331057,0.2195724563104131,17,12,0,2,6,4,2,15
Claude Osteen,1009878,120095,- - -,1.0098807662725449,,0.15000000000000002,3.8012428777435376,,3.7893999331849817,,,,0.07223796,0.08215297,-0.00991501,161.0,31,23,,,,,2.850932158307653,3.242236572193017,0.87931034,0.5031056749954682,0.2986348122866894,0.70440795,,0,0.2848297213622291,1.5031058438136211,108.05242871660136,108.9500497511329,,,,-0.5947861522436142,0.9214477309538132,51,58,2,9,13,7,2,68
Al Downing,1003450,113515,LAD,0.99861578643322,,-0.53,3.6610171385175874,,3.6866942380989016,,,,0.14754098,0.10538642,0.04215457,98.1,21,16,,,,,5.7661019931652,4.118644280832286,1.4,0.6406779992405778,0.2815533980582524,0.68078669,,0,0.2480211081794195,1.4135593951498462,106.36453825634672,102.21994112373888,,,,-1.227206110954285,-0.439152031734118,63,45,3,7,7,1,1,40
Bob Gibson,1004662,114756,STL,0.969121754169464,,1.47,3.8250002431869663,,4.165719705422726,,,,0.12391931,0.09990394,0.02401537,240.0,33,33,,,,,4.837500307559987,3.900000247955338,1.24038462,0.9000000572204626,0.2721437740693196,0.75144509,,0,0.2532188841201717,1.4166667567359137,104.63457331401116,118.4402798330257,,,,-0.970651924610138,0.0863536936526382,129,104,5,24,19,9,1,102
Rick Wise,1014155,124473,BOS,0.9690791964530944,,0.49,3.8571434577075343,,3.129240098450407,,,,0.12019231,0.07692308,0.04326923,49.0,9,9,,,,,4.591837449651827,2.938775967777169,1.5625,0.3673469959721461,0.274390243902439,0.66993464,,0,0.2460732984293193,1.2857144859025116,99.7749540281848,83.15545910716831,,,,-0.0803040936589241,-0.4711480472021342,25,16,1,2,3,1,0,21
Roric Harrison,1005430,115543,ATL,0.940872311592102,,-0.55,4.7142859997392685,,4.324251456247472,,,,0.08185053,0.08718861,-0.00533808,126.0,20,20,,,,,3.2857144846667627,3.5000002119276385,0.93877551,0.8571429090435033,0.3008849557522124,0.70960699,,0,0.2901960784313726,1.5634921581626866,122.6375277962219,111.36319323982252,,,,-1.6171318292617798,-0.4277247764774179,46,49,3,12,11,3,0,66
Juan Marichal,1008106,118283,BOS,0.883453831076622,,-0.12,4.866279987144024,,3.363103473386385,,,,0.08606557,0.05737705,0.02868852,57.1,11,9,,,,,3.29651224935563,2.1976748329037528,1.5,0.4709303213365184,0.284313725490196,0.61813187,,0,0.2675438596491228,1.308139781490329,125.87887055000634,89.38496045647742,,,,0.1003241911530494,-0.1858799159206339,21,14,2,3,3,0,0,31
Dave Hamilton,1005271,115379,OAK,0.8663552775979042,,1.17,3.1538460510173683,,3.86881785301149,,,,0.14081633,0.09795918,0.04285714,117.0,29,18,,,,,5.307692134638986,3.6923075719227727,1.4375,0.7692307441505777,0.2625698324022346,0.78321678,,0,0.2379862700228833,1.2991452567876425,92.40270240522202,105.27183622296424,,,,0.0658800452947616,-0.0641590211824451,69,48,5,10,8,1,1,41
Dale Murray,1009383,119578,MON,0.8628851771354675,,2.63,1.0334926343319844,,2.8653008918066276,,,,0.11439114,0.08487085,0.0295203,69.2,32,0,,,,,4.004783958036439,2.971291323704455,1.34782609,0.129186579291498,0.2083333333333333,0.84319527,,10,0.1854838709677419,0.9904304412348184,27.386149975841683,78.21882158819754,,,,2.359636068344116,0.5102233294543761,31,23,0,1,0,0,0,8
Andy Hassler,1005480,115595,CAL,0.8492591725662351,,2.8,2.6111109583588874,,4.0720466775958535,,,,0.11111111,0.11549708,-0.00438597,162.0,23,22,,,,,4.222221975218626,4.388888632135151,0.96202532,0.5555555230550824,0.2392156862745098,0.75728155,,1,0.2214765100671141,1.3024690596069155,77.02685360207597,115.3835148926415,,,,0.1990080252289772,0.1340641592711582,76,79,9,10,15,10,2,47
Ken Forsch,1004234,114315,HOU,0.837303876876831,,1.43,2.7870967056004505,,3.2169292661922912,,,,0.11034483,0.08505747,0.02528736,103.1,70,0,,,,,4.180645058400676,3.222580565850521,1.2972973,0.2612903161500422,0.2769679300291545,0.74925816,,10,0.248730964467005,1.306451580750211,79.80033380436475,92.70359427578693,,,,1.1993458271026611,-0.2019942280386468,48,37,4,3,0,0,0,32
Marty Pattin,1010074,120300,KCR,0.8259994983673096,,1.68,3.9886360178309337,,3.6009467885514015,,,,0.10080645,0.05645161,0.04435484,117.1,25,11,,,,,3.835226940222052,2.147727086524349,1.78571429,0.7670453880444104,0.2733990147783251,0.70072993,,0,0.259656652360515,1.2698862535401905,107.25131375139404,101.6472744323334,,,,-1.2119698822498322,-1.621742228776428,50,28,2,10,2,2,0,52
Stan Bahnsen,1000414,110434,CHW,0.8100819773972034,,0.01,4.701078692962663,,4.237695760611751,,,,0.10647182,0.11482255,-0.00835073,216.1,38,35,,,,,4.243451563559217,4.57627129403445,0.92727273,0.7072419272598697,0.2937931034482758,0.67457839,,0,0.2725118483412322,1.5716487272441546,126.31279245282336,118.42470792471222,,,,-0.22506183385849,2.68522248996796,102,110,4,17,17,10,1,113
Ray Corbin,1002614,112669,MIN,0.808240532875061,,-1.29,5.287833528612995,,3.762195798609239,,,,0.0984252,0.07874016,0.01968504,112.1,29,15,,,,,4.005934491373481,3.204747593098785,1.25,0.640949518619757,0.3071253071253071,0.59466019,,0,0.2860215053763441,1.5400592600169165,141.7509637850323,103.26958081192818,,,,-1.8717899322509768,-0.4940712895553925,50,40,3,8,5,1,0,66
Wayne Garland,1004538,114622,BAL,0.7968664169311523,,0.7,2.967033340164856,,3.3694284952028157,,,,0.11111111,0.07222222,0.03888889,91.0,20,6,,,,,3.9560444535531416,2.571428894809542,1.53846154,0.4945055566941427,0.2202797202797203,0.66666667,,1,0.2054380664652568,1.0329671628722092,85.42953131206795,95.3591866434745,,,,0.6260676980018616,-0.3685835403265516,40,26,3,5,3,0,0,30
Don Wilson,1014071,124385,HOU,0.7965138256549835,,3.02,3.07817587664119,,4.024473667168048,,,,0.128,0.11428571,0.01371429,204.2,33,27,,,,,4.925081402625905,4.397394109487415,1.12,0.7035830575179863,0.23950233281493,0.77106518,,0,0.2204928664072633,1.3192182328462243,88.13453152555381,115.92110413755046,,,,0.5160298347473145,0.2398137817985633,112,100,4,16,18,5,4,70
Jim Colborn,1002409,112460,MIL,0.7848027348518372,,1.92,4.0580353687460615,,4.288040887473201,,,,0.08848614,0.06396588,0.02452026,224.0,33,31,,,,,3.3348211446131004,2.410714080443205,1.38333333,1.0848213361994423,0.2664041994750656,0.7436096,,0,0.2637614678899082,1.2946427469046842,112.62940168117304,119.20253960186676,,,,1.2859239876270294,1.7762130451320532,83,60,6,27,15,10,1,101
Dan Spillner,1012342,122598,SDP,0.7793608978390694,,1.3,4.013513979030632,,4.030922475690144,,,,0.14570552,0.10736196,0.03834356,148.0,30,25,,,,,5.777027697089546,4.256757250487034,1.35714286,0.9121622679615072,0.2923728813559322,0.71782178,,0,0.2628865979381443,1.5067569315216012,116.47708016963864,114.77102216421343,,,,-0.4663240015506744,0.3897341597567765,95,70,0,15,14,5,2,66
Charlie Williams,1013980,124292,SFG,0.7755040228366852,,1.92,2.7807311436994433,,3.385528646211381,,,,0.11594203,0.07487923,0.0410628,100.1,39,7,,,,,4.305648222502364,2.7807311436994433,1.5483871,0.5382060278127955,0.2660550458715596,0.74829932,,0,0.2440944881889764,1.2358805083108635,73.97814645871226,95.56737233838425,,,,0.3048001304268837,-0.8419103552316607,48,31,2,6,4,0,0,31
Bruce Kison,1006978,117128,PIT,0.7631251215934753,,0.19,3.488372608801762,,3.865041500183504,,,,0.12369338,0.09930314,0.02439024,129.0,40,16,,,,,4.953489104498502,3.976744774034009,1.24561404,0.5581396174082819,0.2693208430913349,0.70634038,,2,0.2430830039525691,1.3953490435207048,98.80194470805816,106.76228950218244,,,,-0.8832380175590515,-0.4179358943527531,71,57,11,8,10,1,0,50
Orlando Pena,1010150,120375,- - -,0.7621741741895676,,1.3599999999999999,2.207547666339979,,2.766898892213554,,,,0.125,0.09375,0.03125,53.0,46,0,,,,,4.754718050578417,3.5660385379338124,1.33333333,0.0,0.293103448275862,0.79452055,,4,0.2524752475247525,1.3584908715938333,60.388442732586306,78.67754159214128,,,,0.2045479863882064,-0.3583732486762505,28,21,1,0,0,0,0,13
Harry Parker,1010003,120229,NYM,0.7419908009469509,,1.38,3.9160301922487863,,3.807227130714516,,,,0.10086957,0.08,0.02086957,131.0,40,16,,,,,3.9847324763233263,3.160305067428845,1.26086957,0.6870228407454011,0.2947598253275109,0.72222222,,4,0.2756653992395437,1.458015139804129,112.53396935583504,107.22935605045949,,,,-0.5265699997544289,1.6607190013224389,58,46,3,10,9,1,0,57
Ramon Hernandez,1005710,115831,PIT,0.7234776020050049,,1.48,2.7524282038524603,,3.058802306752141,,,,0.11458333,0.0625,0.05208333,68.2,58,0,,,,,4.325244320339581,2.3592241747306804,1.83333333,0.3932040291217801,0.2801724137931034,0.79952267,,2,0.2537313432835821,1.252427648313818,77.95762944697083,84.53480621973954,,,,-0.4888360202312469,-1.2931920050235577,33,18,2,3,0,0,0,21
Tom Dettore,1003237,113301,CHC,0.7110672015696764,,0.23,4.175258388756568,,3.768941441285727,,,,0.14675768,0.10580205,0.04095563,64.2,16,9,,,,,5.984537023884413,4.3144336683817865,1.38709677,0.5567011185008757,0.2870813397129186,0.64989518,,0,0.25,1.469072396043977,107.51788049672136,98.01565217162148,,,,-0.7923679947853088,-0.6002807794455939,43,31,6,4,5,0,0,30
Bill Butler,1001771,111823,MIN,0.709960088133812,,1.01,4.104729994228079,,3.89578725696046,,,,0.18501171,0.13114754,0.05386417,98.2,26,12,,,,,7.206081545422628,5.10810843726161,1.41071429,0.8209459988456158,0.2907801418439716,0.74593796,,1,0.2459459459459459,1.4898649608679695,110.03550501556352,106.94387473497804,,,,0.1138541102409362,0.4394149059753509,79,56,1,9,3,2,0,45
Roger Nelson,1009511,119713,CIN,0.7037677019834518,,0.57,3.3749998239800427,,3.9258757842064407,,,,0.11898017,0.09915014,0.01983003,85.1,14,12,,,,,4.429687268973806,3.691406057478172,1.2,0.7382812114956343,0.2238805970149253,0.71888412,,1,0.2113564668769716,1.1953124376595985,95.37327961722964,108.3518125011787,,,,0.5852440148591995,-0.7907050223577985,42,35,1,7,7,1,0,32
Dave Pagan,1009949,120168,NYY,0.6990413665771484,,-0.24,5.108108634753731,,2.963354779334731,,,,0.18224299,0.13084112,0.05140187,49.1,16,6,,,,,7.114865598406983,5.108108634753731,1.39285714,0.1824324512412046,0.3287671232876712,0.63492063,,0,0.2634408602150537,1.5608109717303067,143.82933215699873,82.84883787032994,,,,-0.3468399941921234,-0.0706836169661336,39,28,0,1,1,1,0,28
Woodie Fryman,1004381,114466,DET,0.692167192697525,,0.99,4.319999961224725,,4.25116076594686,,,,0.15384615,0.11204013,0.04180602,141.2,27,22,,,,,5.844705829892274,4.256470550030244,1.37313433,1.0164705791117,0.2482100238663484,0.69988138,,0,0.2277039848197343,1.3199999881519993,113.34567794200022,113.29420089653962,,,,-0.5546860098838806,-0.3753544838832048,92,67,4,16,11,4,1,68
Mike Cosgrove,1002651,112711,HOU,0.6754307746887207,,0.99,3.500000593397453,,3.15599748022764,,,,0.12600536,0.10455764,0.02144772,90.0,45,0,,,,,4.700000796848008,3.900000661214305,1.20512821,0.2000000339084258,0.2605633802816901,0.7155477,,2,0.2282282282282282,1.2777779944149432,100.21224419926214,90.9517595285956,,,,1.2571500539779663,0.1505005097893734,47,39,1,2,0,0,0,35
Alan Foster,1004246,114327,STL,0.6753050982952118,,0.37,3.880903338763128,,4.081299627759177,,,,0.11190818,0.08751793,0.02439024,162.1,31,25,,,,,4.324435148907485,3.3819300523507256,1.27868852,0.8870636202887149,0.2801484230055658,0.71907958,,0,0.2638230647709321,1.404517398790465,106.16382721744893,116.04432746505248,,,,-1.6712580062448978,-0.2998953961421315,78,61,3,16,13,5,1,70
Ray Sadecki,1011360,121609,NYM,0.6582575291395187,,1.11,3.4077676213398944,,3.64618096730526,,,,0.10454545,0.07954545,0.025,103.0,34,10,,,,,4.019418220041927,3.0582529935101617,1.31428571,0.6116505987020323,0.2857142857142857,0.70789866,,0,0.2655086848635236,1.378641031995057,97.92815638417004,102.70241061172077,,,,-0.5348740518093109,0.2235443698468736,46,35,2,7,7,3,1,39
Mike Garman,1004539,114623,STL,0.6477534770965576,,1.62,2.6448975473680227,,3.1782195110710445,,,,0.13719512,0.08231707,0.05487805,81.2,64,0,,,,,4.959182901315042,2.9755097407890254,1.66666667,0.4408162578946704,0.248,0.77181208,,6,0.2207357859531772,1.1387753328945651,72.35234215241336,90.4137310011177,,,,1.5788339376449585,-0.362639150638594,45,27,2,4,0,0,0,24
Steve Mingori,1008978,119171,KCR,0.6440636515617371,,0.56,2.80693058705356,,3.1871304725831715,,,,0.15302491,0.08185053,0.07117438,67.1,36,0,,,,,5.747524535395385,3.07425730963009,1.86956522,0.534653445153059,0.2344497607655502,0.64917127,,2,0.20703125,1.128712828656458,75.47617574645952,89.94178530643737,,,,-0.0280800089240074,-0.5687833571522742,43,23,2,4,0,0,0,21
Rich Folkers,1004203,114287,STL,0.6245865821838379,,1.52,3.000000762939647,,3.2226642128273713,,,,0.15702479,0.1046832,0.0523416,90.0,55,0,,,,,5.700001449585329,3.80000096639022,1.5,0.4000001017252863,0.232824427480916,0.7444668,,2,0.2012383900928792,1.1444447354917913,82.06634766390374,91.67512984561216,,,,1.1399859189987185,-0.960362578320324,57,38,2,4,0,0,0,30
Don Hood,1005994,116120,BAL,0.6022396311163902,,0.02,3.4534892026496165,,2.9444987623489647,,,,0.11111111,0.08547009,0.02564103,57.1,20,2,,,,,4.081396330404092,3.1395356387723785,1.3,0.1569767819386189,0.2459893048128342,0.625,,1,0.219626168224299,1.1686049322097187,99.43601238982076,83.30637288816915,,,,0.3637999892234802,0.6954428423847309,26,20,0,1,0,0,0,22
John Montefusco,1009065,119261,SFG,0.5978322625160217,,0.15,4.805084435085721,,3.290083965245628,,,,0.18994413,0.10614525,0.08379888,39.1,7,5,,,,,7.77966051394831,4.347457346029938,1.78947368,0.6864406335836745,0.3089430894308943,0.68100358,,0,0.25625,1.5254236301859432,127.8337321069942,92.87906396035164,,,,-0.5680980384349823,0.0223633468270922,34,19,0,3,1,1,1,21
Rich Gossage,1004894,114989,CHW,0.5959520637989044,,0.48,4.130596985528028,,3.372995718238773,,,,0.16120907,0.11838791,0.04282116,89.1,39,3,,,,,6.4477611481413115,4.735074593166276,1.36170213,0.4029850717588319,0.3142857142857143,0.70901034,,1,0.264367816091954,1.555970138179935,110.9845790329559,94.21747445102967,,,,-0.5205719918012619,-0.3830124653051538,64,47,2,4,0,0,0,41
Grant Jackson,1006298,116428,BAL,0.5895933508872986,,1.79,2.5650009784702217,,3.2982198791504955,,,,0.20588235,0.08088235,0.125,66.2,49,0,,,,,7.560002883912233,2.9700011329655203,2.54545455,0.9450003604890292,0.2204301075268817,0.8496732,,12,0.1927710843373494,1.0500004005433656,73.85384870448792,93.33940755838314,,,,0.1399420499801635,-0.2277630951311946,56,22,1,7,0,0,0,19
Vern Ruhle,1011297,121548,DET,0.5803826227784157,,0.72,2.7272735154335472,,3.002462151337406,,,,0.07246377,0.04347826,0.02898551,33.0,5,3,,,,,2.7272735154335472,1.6363641092601282,1.66666667,0.2727273515433547,0.2833333333333333,0.71428571,,0,0.2671755725190839,1.2424246014752829,71.55663618395968,79.95751064615668,,,,-0.1460879035294056,-0.4244347479018356,10,6,1,1,1,1,0,10
Tom Bradley,1001316,111352,SFG,0.5648043155670166,,-1.27,5.15880894521048,,4.141495042434757,,,,0.1182266,0.08538588,0.03284072,134.1,30,21,,,,,4.823821351365644,3.4838709759862985,1.38461538,1.0049627815345092,0.2921108742004264,0.625,,0,0.2733812949640288,1.5186104254299249,137.2441649261959,116.8600287328,,,,-1.5690878629684448,-0.1899935289847036,72,52,1,15,9,2,0,77
Diego Segui,1011725,121978,BOS,0.5094820261001587,,-0.27,4.0,,3.6430344193070026,,,,0.16135881,0.10403397,0.05732484,108.0,58,0,,,,,6.333333333333333,4.083333333333333,1.55102041,0.75,0.2886904761904761,0.71129707,,10,0.2517814726840855,1.4351851851851851,103.47030658536649,96.84157997119726,,,,-1.2717820405960083,-0.4849166850032056,76,49,1,9,0,0,0,48
Chuck Taylor,1012864,123129,MON,0.4811249077320099,,3.24,2.1733743563230585,,3.5255879136586494,,,,0.09817352,0.05707763,0.04109589,107.2,61,0,,,,,3.5944268200727505,2.089783034926018,1.72,0.6687305711763256,0.2590529247910863,0.86587436,,11,0.2463414634146341,1.17027849955857,57.59146615919876,96.1969586577236,,,,2.043555974960327,0.2388078122344525,43,25,3,8,0,0,0,26
Bob Apodaca,1000279,110291,NYM,0.4684765487909317,,1.39,3.495145760513815,,3.694724500211879,,,,0.12442396,0.09677419,0.02764977,103.0,35,8,,,,,4.718446776693651,3.669903048539506,1.28571429,0.6116505080899177,0.2583586626139817,0.70522979,,3,0.2358974358974359,1.3009709219690313,100.43911987358103,104.0669505685866,,,,-0.0652399659156799,-0.0289790309408742,54,42,2,7,5,1,0,40
Ed Halicki,1005228,115333,SFG,0.4648483861237764,,-0.54,4.23766790771762,,3.88315226178936,,,,0.11494253,0.08908046,0.02586207,74.1,16,11,,,,,4.843049037391566,3.753363003978464,1.29032258,0.7264573556087349,0.2899628252788104,0.62615101,,0,0.2666666666666666,1.5470851091667503,112.73826951261816,109.58350944868756,,,,-1.295269951224327,-0.4150057381563397,40,31,2,6,3,2,0,35
J.R. Richard,1010913,121145,HOU,0.4520860165357589,,0.24,4.175258142457366,,3.598838261537322,,,,0.15107914,0.1294964,0.02158273,64.2,15,9,,,,,5.845361399440313,5.010309770948839,1.16666667,0.4175258142457366,0.2806122448979591,0.70484581,,0,0.2406639004149377,1.4536083903370092,119.54626217955656,103.68376558897477,,,,-0.3867239952087402,-0.2389258963959541,42,36,1,3,4,0,0,30
Cecil Upshaw,1013292,123576,- - -,0.4520169096067548,,0.29000000000000004,3.0591138466065795,,3.3319143203227943,,,,0.12318841,0.10144928,0.02173913,67.2,43,0,,,,,4.522168294983639,3.724138595868879,1.21428571,0.2660098997049199,0.291866028708134,0.7127193,,6,0.2571428571428571,1.3448278262859843,85.81487866483351,92.71451815568356,,,,-0.2764838933944702,-0.6856546385803928,34,28,3,2,0,0,0,23
Doyle Alexander,1000122,110124,BAL,0.4514674991369247,,-1.14,4.014577170178446,,3.907665639061084,,,,0.0804829,0.08651911,-0.00603622,114.1,30,12,,,,,3.1486879766105456,3.3848395748563367,0.93023256,0.5510203959068455,0.2977667493796526,0.6638246,,0,0.2822222222222222,1.4868804333994243,115.59136913689576,110.62588028607354,,,,-2.960000157356262,-1.6859851119219695,40,43,4,7,4,2,0,51
Dick Lange,1007316,117475,CAL,0.450722798705101,,-0.13,3.8005862764238314,,4.179392526504079,,,,0.11309524,0.09325397,0.01984127,113.2,21,18,,,,,4.5131962032533,3.721407395665002,1.21276596,0.8709676883471281,0.2597402597402597,0.67530696,,0,0.2450331125827814,1.3900292399883458,112.11595653527972,118.43081086235505,,,,-1.3149899691343307,0.8963992509010246,57,47,4,11,12,1,0,48
Pedro Borbon Sr.,1001195,111227,CIN,0.438012957572937,,0.5,3.237410427330668,,3.6213851866320694,,,,0.09298246,0.05614035,0.03684211,139.0,73,0,,,,,3.4316550529705077,2.0719426734916273,1.65625,0.712230294012747,0.2595744680851063,0.74869792,,14,0.249063670411985,1.1870504900212449,91.48517511844722,99.96399168908606,,,,0.7790460586547852,-0.854744180372922,53,32,4,11,0,0,0,50
Lew Krausse Jr.,1007146,117298,ATL,0.3493819385766983,,0.1,4.18500027937891,,3.8832196916103423,,,,0.09215017,0.10921502,-0.01706485,66.2,29,4,,,,,3.645000243330018,4.320000288391133,0.84375,0.4050000270366686,0.2707423580786026,0.70675105,,0,0.2509652509652509,1.4550000971317356,108.8686787602434,100.02478429454663,,,,-0.5062040314078331,-0.7140338625663872,27,32,2,3,2,0,0,31
Tom Johnson,1006508,116631,MIN,0.2999454140663147,,0.41,0.0,,1.4353624616350449,,,,0.16666667,0.0,0.16666667,7.0,4,0,,,,,5.142857142857143,0.0,4.0,0.0,0.2,0.75,,1,0.1666666666666666,0.5714285714285714,0.0,39.27245333453359,,,,0.1659960150718689,-0.0740944776202104,4,0,0,0,0,0,0,0
Steve Arlin,1000303,110317,- - -,0.2949691526591778,,-1.76,6.185758879207391,,4.296485959827574,,,,0.0745098,0.11568627,-0.04117647,107.2,27,22,,,,,3.176470775809201,4.931888836124812,0.6440678,0.5015480172330318,0.3407407407407407,0.63580875,,1,0.3207126948775056,1.885449027746397,175.05627044511752,120.19727654565006,,,,-2.4356819208769593,0.0252350729883676,38,59,2,6,7,2,0,74
Joe McIntosh,1008572,118755,SDP,0.2878979444503784,,0.32,3.616072475454332,,3.890719984471908,,,,0.13414634,0.10365854,0.03048781,37.1,10,5,,,,,5.303572963999687,4.098215472181576,1.29411765,0.7232144950908663,0.2727272727272727,0.70281124,,0,0.2465753424657534,1.4196432681413302,104.9428420639128,110.78645979515252,,,,-0.6055620249826461,-0.1604021187281831,22,17,1,3,4,0,0,15
Frank Linzy,1007643,117803,PHI,0.2780715227127075,,0.14,3.283785138015804,,2.9836251770867315,,,,0.11650485,0.06796117,0.04854369,24.2,22,0,,,,,4.378380184021072,2.5540551073456252,1.71428571,0.3648650153350893,0.3132530120481928,0.70552147,,0,0.28125,1.378378946821449,87.75243601995018,80.65459738034542,,,,-0.230414018034935,-0.4222048942447195,12,7,0,1,0,0,0,9
Bob Moose,1009134,119329,PIT,0.2640709495171904,,-0.99,7.570092378407077,,3.952051184277176,,,,0.0887574,0.04142012,0.04733728,35.2,7,6,,,,,3.7850461892035385,1.7663548882949849,2.14285714,1.0093456504542768,0.3900709219858156,0.60897436,,0,0.36875,1.850467025832841,214.40939156530703,109.16108915662684,,,,-1.7688339874148369,0.1159294992231754,15,7,2,4,1,0,0,30
Rusty Gerhardt,1004631,114713,SDP,0.2265451597049832,,-0.66,7.065419175342115,,3.3071914241703424,,,,0.13333333,0.1030303,0.03030303,35.2,23,1,,,,,5.551400780625948,4.289718785029142,1.29411765,0.2523363991193613,0.3495934959349593,0.56818182,,1,0.3013698630136986,1.710280038475671,205.04709838264768,94.2025466103952,,,,0.0464579835534095,0.474417805354916,22,17,2,1,1,0,0,28
Blue Moon Odom,1009726,119935,OAK,0.21702516451478,,0.04,3.812977154753258,,3.872112753102152,,,,0.13541667,0.13541667,0.0,87.1,34,5,,,,,5.358778703977552,5.358778703977552,1.0,0.4122137464598116,0.2967032967032967,0.7514881,,1,0.2583586626139817,1.5687023129165054,111.71420152068649,105.3616652114711,,,,-0.7548500299453735,-0.901821121245302,52,52,3,4,1,1,0,37
Jim Merritt,1008789,118977,TEX,0.2132552117109298,,0.03,4.132652930521264,,3.221076727017718,,,,0.12080537,0.04026846,0.08053691,32.2,26,1,,,,,4.959183516625517,1.6530611722085056,3.0,0.8265305861042528,0.3524590163934426,0.73221757,,0,0.3216783216783216,1.591836684348931,115.07826620521004,90.11485131448664,,,,-0.3418678939342499,-0.455439939265158,18,6,0,3,0,0,0,15
John Morris,1009219,119400,SFG,0.2083975374698639,,0.5,3.048388597248987,,2.916929448630964,,,,0.10843373,0.04819277,0.06024096,20.2,17,0,,,,,3.9193567678915544,1.7419363412851352,2.25,0.4354840853212838,0.2318840579710145,0.71428571,,1,0.2151898734177215,1.0161295324163289,81.09886445560261,82.36874108886705,,,,0.6771900057792664,0.5327027312335442,9,4,0,1,0,0,0,7
Rawly Eastwick,1003648,113716,CIN,0.2063063383102417,,0.26,2.037735482389435,,2.5782196044921877,,,,0.1971831,0.07042254,0.12676056,17.2,8,0,,,,,7.132074188363023,2.5471693529867943,2.8,0.5094338705973588,0.2156862745098039,0.76923077,,2,0.1818181818181818,0.962263977795011,57.58385958038117,71.22784663227694,,,,0.2387719750404358,0.4460794063218668,14,5,0,1,0,0,0,4
Bob Veale,1013391,123684,BOS,0.2006365209817886,,-0.19,5.538462351059891,,3.039758133747178,,,,0.27586207,0.06896552,0.20689655,13.0,18,0,,,,,11.076924702119785,2.7692311755299457,4.0,1.3846155877649728,0.3611111111111111,0.67901235,,2,0.2777777777777778,1.461538675974138,143.26659936891917,80.7718963966319,,,,0.1916159838438034,0.0811478590362438,16,4,0,2,0,0,0,8
Wayne Twitchell,1013244,123528,PHI,0.1977617740631103,,-0.97,5.207716120929265,,4.492166554919183,,,,0.13688213,0.12357414,0.01330799,112.1,25,18,,,,,5.768547087798571,5.207716120929265,1.10769231,0.8813058050803373,0.2991913746630728,0.68868981,,0,0.2687224669603524,1.6646887429295258,139.1655533187656,121.33242070764165,,,,-1.9932719767093656,-0.0644403380721143,72,65,7,11,7,2,0,65
Bill Slayback,1012062,122322,DET,0.1926622912287712,,-0.15,4.774390132848457,,3.5660244595642823,,,,0.09349593,0.10569106,-0.01219512,54.2,16,4,,,,,3.786585277776363,4.28048770531241,0.88461538,0.1646341425120157,0.2901554404145077,0.61465721,,0,0.2626728110599078,1.518292647610812,125.26770630198952,95.0030163321113,,,,-0.8949180394411087,-1.2677057831619334,23,26,3,1,1,0,0,29
Ray Burris,1001729,111770,CHC,0.1898400206118822,,-1.36,6.599999328613349,,4.0982194498698075,,,,0.11627907,0.0755814,0.04069767,75.0,40,5,,,,,4.7999995117187995,3.1199996826172196,1.53846154,0.95999990234376,0.3120300751879699,0.54644809,,1,0.2898089171974522,1.5599998413086098,169.95785003467114,106.56199106535696,,,,-1.4502519369125366,-0.1972001126894931,40,26,4,8,0,0,0,55
Pete Richert,1010922,121166,- - -,0.1852258741855621,,0.53,2.27368473549641,,3.5887461536017033,,,,0.09774436,0.11278195,-0.01503759,31.2,34,0,,,,,3.694737695181666,4.263158879055768,0.86666667,0.2842105919370512,0.2307692307692307,0.69948187,,1,0.211864406779661,1.2631581863868944,61.29885081783505,99.98190601458232,,,,0.2290180176496505,-0.0620956748773782,13,15,0,1,0,0,0,8
Jack Kucek,1007195,117349,CHW,0.1831644438207149,,-0.24,5.2566376561444565,,4.038396731198981,,,,0.14285714,0.12,0.02285714,37.2,9,7,,,,,5.973451881982337,5.0176995808651625,1.19047619,0.7168142258378803,0.36,0.68389058,,0,0.3137254901960784,1.83185857714125,141.2400482157902,112.84534178656156,,,,-0.8574359882622957,0.4008683475449194,25,21,1,3,2,0,0,22
Jerry Cram,1002728,112784,NYM,0.1744418442249298,,0.86,1.6119405279501913,,2.9812047364797354,,,,0.0952381,0.04761905,0.04761905,22.1,10,0,,,,,3.2238810559003825,1.6119405279501913,2.0,0.4029851319875478,0.2957746478873239,0.89430894,,0,0.275,1.1641792701862492,46.32192732702279,84.0101856541142,,,,0.7703580260276794,0.4272274481737366,8,4,0,1,0,0,0,4
Donald DeMola,1003197,113259,MON,0.1727268854156136,,0.68,3.121387730615434,,3.618682181363999,,,,0.20258621,0.09051724,0.11206897,57.2,25,1,,,,,7.335261166946269,3.2774571171462057,2.23809524,1.0924857057154018,0.2484076433121019,0.8041958,,0,0.2180094786729857,1.161849877506856,82.71253193656253,98.73170710772274,,,,0.9763939827680588,2.5347465121856834,47,21,0,7,0,0,0,20
Eduardo Rodriguez,1011102,121350,MIL,0.1701544970273971,,0.74,3.626865878140229,,3.858816692329355,,,,0.12236287,0.10759494,0.01476793,111.2,43,6,,,,,4.674627131825184,4.110447995225593,1.1372549,0.5641791365995912,0.254957507082153,0.72625698,,4,0.2320574162679425,1.325373209789516,100.6624380307017,107.24976029367598,,,,-0.9561220407485962,-1.1374033461395094,58,51,5,7,2,0,0,45
Ron Bryant,1001608,111646,SFG,0.1599477082490921,,-2.18,5.6131589371876,,4.22821991092286,,,,0.12647555,0.11467116,0.01180439,126.2,41,23,,,,,5.328948358089494,4.831579844667807,1.10294118,0.7815790925197924,0.3011494252873563,0.6143001,,0,0.272552783109405,1.6578950447389535,149.3316226892939,119.30273363978162,,,,-4.517937898635864,-1.6601302320468476,75,68,4,11,7,0,0,79
Jerry Johnson,1006464,116596,HOU,0.1546664983034134,,-0.46,4.800001627604718,,3.3337754162447824,,,,0.15920398,0.11940299,0.039801,45.0,34,0,,,,,6.400002170139625,4.800001627604718,1.33333333,0.4000001356337265,0.3146853146853147,0.65982405,,0,0.2655367231638418,1.577778312777477,137.43395820269117,96.06300911152208,,,,-0.0870539918541908,0.2523108149008449,32,24,0,2,0,0,0,24
Bob Miller,1008877,119112,NYM,0.1515012085437774,,0.32,3.576923776660582,,3.552578769460662,,,,0.09915014,0.11048159,-0.01133145,78.0,58,0,,,,,4.038462328487754,4.500000880314926,0.8974359,0.2307692759135859,0.3152173913043478,0.71315372,,2,0.2843450479233226,1.6410259620521668,102.78915404370996,100.07128899032747,,,,-0.089163951575756,0.6294348101624293,35,39,1,2,0,0,0,31
Dick Pole,1010418,120649,BOS,0.1497721970081329,,-0.35,4.200000356038442,,3.822664154429503,,,,0.16161616,0.06565657,0.0959596,45.0,15,2,,,,,6.400000542534769,2.6000002204047497,2.46153846,1.200000101725269,0.3356164383561644,0.67656766,,1,0.2989130434782608,1.511111239209598,108.64383112448652,101.626440694378,,,,-1.227589949965477,0.3593036059571828,32,13,1,6,0,0,0,21
Dennis Leonard,1007531,117687,KCR,0.1480079218745231,,-0.19,5.318184123552549,,3.896401994090682,,,,0.07619048,0.11428571,-0.03809524,22.0,5,4,,,,,3.2727286914169533,4.90909303712543,0.66666667,0.0,0.3414634146341463,0.65116279,,0,0.3111111111111111,1.818182606342752,143.00182605606548,110.00472086974004,,,,-0.4905759936664253,-0.1492870918320629,8,12,3,0,0,0,0,13
Chuck Dobson,1003343,113408,CAL,0.1437386274337768,,-0.13,5.7,,4.111552937825521,,,,0.11678832,0.09489051,0.02189781,30.0,5,5,,,,,4.8,3.9,1.23076923,0.9,0.3428571428571428,0.69037657,,0,0.314516129032258,1.7333333333333334,168.14799238090703,116.50500462699765,,,,-0.5488680005073547,-0.3055538178742792,16,13,0,3,2,2,0,19
Don Carrithers,1001992,112040,MON,0.1408974718651734,,0.94,3.000000476837234,,3.844886472490131,,,,0.12301587,0.06746032,0.05555556,60.0,22,3,,,,,4.650000739097712,2.550000405311649,1.82352941,0.9000001430511702,0.2564102564102564,0.79881657,,1,0.2413793103448276,1.216666860050656,79.49593471400557,104.8907434313111,,,,0.6500419825315475,0.1236598884809431,31,17,3,6,1,0,0,20
Jim Todd,1013097,123374,CHC,0.1405265033245086,,1.15,3.8863639733023185,,4.1577651959805575,,,,0.112,0.10933333,0.00266667,88.0,43,6,,,,,4.295454917860457,4.193182181720923,1.02439024,0.715909152976743,0.2659574468085106,0.69707401,,3,0.2477341389728096,1.3977273939069743,100.07850493121762,108.10748791809576,,,,0.9268000088632108,0.8989459740341368,42,41,3,7,2,0,0,38
George Stone,1012565,122824,NYM,0.1320717632770538,,-1.15,5.025974025974026,,4.331466357738941,,,,0.08309456,0.06017192,0.02292264,77.0,15,13,,,,,3.3896103896103895,2.4545454545454546,1.38095238,1.1688311688311688,0.3217993079584775,0.60909091,,0,0.3140243902439024,1.6103896103896105,144.43014462495535,121.96551820016104,,,,-2.0880702496506274,-0.3803849434777011,29,21,0,10,4,1,0,43
Tom Murphy,1009376,119572,MIL,0.1270845234394073,,5.06,1.9024389063865288,,3.7408211583950663,,,,0.0945674,0.10261569,-0.00804829,123.0,70,0,,,,,3.439024176929494,3.7317070856043446,0.92156863,0.4390243630122758,0.2327365728900255,0.86864407,,20,0.2184684684684684,1.2032519578854968,52.80154959011847,103.9638910616397,,,,4.307054042816162,-0.3042820891582121,47,51,2,6,0,0,0,26
Tom Burgmeier,1001668,111707,MIN,0.1025717332959175,,0.24,4.516364513454135,,3.745492558452556,,,,0.08923885,0.06824147,0.02099738,91.2,50,0,,,,,3.3381824664660997,2.5527277684740763,1.30769231,0.6872728607430205,0.2724358974358974,0.67150635,,4,0.2606232294617563,1.2872729772647051,121.07019238076634,102.81017558826792,,,,1.2426620721817017,1.1779903249555823,34,26,2,7,0,0,0,46
Randy Moffitt,1009027,119222,SFG,0.0984591096639633,,0.1,4.50000033659096,,3.6762589023095895,,,,0.11395349,0.06744186,0.04651163,102.0,61,1,,,,,4.323529735156021,2.5588237208066245,1.68965517,0.7941177064572283,0.2639296187683284,0.66439523,,15,0.2481203007518796,1.2549020546484595,119.71732136667234,103.75612183503578,,,,1.2113919779658318,0.244428711932833,49,29,2,9,1,0,0,51
Steve Barr,1000613,110607,BOS,0.0939097627997398,,0.14,4.0,,3.9115529378255207,,,,0.07692308,0.15384615,-0.07692308,9.0,1,1,,,,,3.0,6.0,0.5,0.0,0.2333333333333333,0.69230769,,0,0.2121212121212121,1.4444444444444444,103.47030658536649,103.99420262484496,,,,0.0821001008152961,-0.0767961066545867,3,6,0,0,0,1,0,4
Gary Ross,1011230,121478,SDP,0.0917718634009361,,0.07,4.500000953674519,,3.078219710456023,,,,0.13414634,0.07317073,0.06097561,18.0,9,0,,,,,5.500001165602189,3.0000006357830125,1.83333333,0.5000001059638354,0.34375,0.6884058,,0,0.3026315789473684,1.6111114525501362,130.59552665895845,87.69515814591117,,,,-0.1684459894895553,-0.1164496709534151,11,6,0,1,0,0,0,9
Randy Sterling,1012504,122761,NYM,0.0901910103857517,,-0.18,4.8214252870932395,,3.435361877753208,,,,0.04545455,0.06818182,-0.02272727,9.1,3,2,,,,,1.928570114837296,2.8928551722559437,0.66666667,0.0,0.3421052631578947,0.52941176,,0,0.325,1.7142845465220409,138.55207924166305,96.77636744718136,,,,-0.3363959845155477,-0.2075911499307202,2,3,1,0,0,0,0,5
Nino Espinosa,1003830,113903,NYM,0.0890132505446672,,0.02,5.0,,3.5782196044921877,,,,0.05128205,0.0,0.05128205,9.0,2,1,,,,,2.0,0.0,2.0,1.0,0.3055555555555556,0.66037736,,0,0.3076923076923077,1.3333333333333333,143.6837356088057,100.79204295760113,,,,-0.2941559925675392,-0.0545625491568333,2,0,0,1,1,0,0,5
Mac Scarce,1011498,121749,PHI,0.0792579799890518,,-0.92,4.990522770603493,,3.84362281413239,,,,0.16233766,0.11363636,0.0487013,70.1,58,0,,,,,6.398106116158325,4.478674281310827,1.42857143,0.7677727339389989,0.3069767441860465,0.68588469,,5,0.2656826568265683,1.521327454286535,133.36150561851403,103.84443655592086,,,,-1.6452360153198242,-0.5843533356568886,50,35,2,6,0,0,0,39
Jim Otten,1009901,120120,CHW,0.0769368670880794,,-0.13,5.510205154069619,,3.6190361335942263,,,,0.1375,0.15,-0.0125,16.1,5,1,,,,,6.061225669476581,6.612246184883543,0.91666667,0.0,0.3928571428571428,0.68571429,,0,0.3283582089552239,2.0816330582040785,148.05312683669246,101.10536329873516,,,,-0.0565520022064447,0.100203678175899,11,12,1,0,0,0,0,10
Jim Minshall,1008985,119177,PIT,0.0754695460200309,,0.12,0.0,,2.5782196044921877,,,,0.2,0.13333333,0.06666667,4.1,5,0,,,,,6.230772430376421,4.153848286917614,1.5,0.0,0.1,0.66666667,,0,0.0769230769230769,0.6923080478196023,0.0,71.2854578038544,,,,-0.5180400013923645,-0.5366096242512093,3,2,0,0,0,0,0,0
Fred Holdsworth,1005944,116066,DET,0.0714230705052614,,0.1,4.28971970263543,,4.400649543520311,,,,0.10126582,0.08860759,0.01265823,35.2,8,5,,,,,4.037383249539229,3.5327103433468245,1.14285714,1.0093458123848071,0.2926829268292683,0.70850202,,0,0.2797202797202797,1.5140187185772105,112.55120190753988,117.28512473962658,,,,-0.3675839975476265,-0.0149581981181217,16,14,1,4,2,0,0,17
Joe Niekro,1009582,119785,ATL,0.0687087252736091,,0.24,3.558139140313266,,4.0433357210917675,,,,0.1741573,0.1011236,0.07303371,43.0,27,2,,,,,6.488371373512426,3.7674414426846345,1.72222222,1.0465115118568429,0.2540983606557377,0.75510204,,0,0.2278481012658227,1.2558138142282116,92.56150088202688,104.14117945362996,,,,-1.0421900153160095,-0.7671834115165372,31,18,2,5,0,0,0,17
Steve Barber,1000530,110550,SFG,0.066707395017147,,-0.54,5.268292560384505,,3.3099269045455912,,,,0.19402985,0.17910448,0.01492537,13.2,13,0,,,,,8.56097541062482,7.902438840576757,1.08333333,0.0,0.3095238095238095,0.52,,1,0.2363636363636363,1.829268250133509,140.15685029548263,93.43796299406549,,,,-0.0867079868912696,0.1386434776822724,13,12,0,0,0,0,0,8
Fred Beene,1000774,110793,- - -,0.0666001737117767,,-1.01,4.662651138150679,,3.831231796656711,,,,0.12931034,0.08045977,0.04885057,83.0,38,0,,,,,4.879518632948385,3.036144927167884,1.60714286,0.867469979190824,0.260377358490566,0.61586639,,3,0.2421383647798742,1.2650603863199517,127.79963264042182,103.69912602443476,,,,-1.0021658837795258,-0.8663688309792734,45,28,2,8,0,0,0,43
John Montague,1009060,119256,MON,0.0603044442832469,,0.62,3.15725845303178,,3.848381051114168,,,,0.12250712,0.10826211,0.01424501,82.2,46,1,,,,,4.681452188978157,4.137097283283023,1.13157895,0.5443549056951346,0.2605363984674329,0.72222222,,3,0.2362459546925566,1.3427421007146652,83.66305732126526,104.98589298207308,,,,-0.3540419787168503,-0.0079011871471106,43,38,4,5,1,0,0,29
Jim Brewer,1001406,111442,LAD,0.057799469679594,,0.29,2.516949478013569,,3.671440084841515,,,,0.16666667,0.06410256,0.1025641,39.1,24,0,,,,,5.949153311668436,2.288135889103245,2.6,1.1440679445516224,0.208695652173913,0.78125,,0,0.1986301369863013,0.9915255519447392,73.1256257248412,101.79784747778793,,,,-0.2849880456924438,-0.5956802498584715,26,10,0,5,0,0,0,11
Mike Beard,1000718,110737,ATL,0.0564487911760807,,0.15,2.892856354616341,,3.1139337442359545,,,,0.20588235,0.02941176,0.17647059,9.1,6,0,,,,,6.7499981607714625,0.9642854515387804,7.0,0.9642854515387804,0.1666666666666666,0.71428571,,0,0.15625,0.6428569676925202,75.25482154017809,80.24734564596898,,,,0.0115639995783567,-0.2254048809165049,7,1,1,1,0,0,0,3
Jim Kern,1006868,117012,CLE,0.05536500364542,,-0.09,4.695653147418218,,4.730393963725538,,,,0.14473684,0.18421053,-0.03947368,15.1,4,3,,,,,6.456523077700051,8.217393007981883,0.78571429,0.5869566434272773,0.3,0.73426573,,0,0.2580645161290322,1.9565221447575911,128.4408215813268,127.67359304712086,,,,-0.143864001147449,0.2168168817416717,11,14,0,1,1,1,0,8
Tippy Martinez,1008200,118367,NYY,0.0462051518261432,,-0.09,4.263162602353209,,3.3676941604835227,,,,0.16666667,0.15,0.01666667,12.2,10,0,,,,,7.105271003922015,6.394743903529814,1.11111111,0.0,0.35,0.70833333,,0,0.28,1.8157914787800704,120.0381342325772,94.18187345890846,,,,-0.5642539858818054,-0.4152077975997901,10,9,1,0,0,0,0,6
John Denny,1003210,113272,STL,0.0448790825903415,,-0.09,0.0,,1.5782196044921877,,,,0.09090909,0.0,0.09090909,2.0,2,0,,,,,4.5,0.0,1.0,0.0,0.3,0.33333333,,0,0.2727272727272727,1.5,0.0,45.00363815326688,,,,-0.2187719941139221,-0.3869694771601537,1,0,0,0,0,0,0,0
Tom Underwood,1013281,123566,PHI,0.0439599193632602,,-0.14,4.8461542016656,,3.501296595285636,,,,0.14545455,0.09090909,0.05454546,13.0,7,0,,,,,5.5384619447606855,3.461538715475428,1.6,0.6923077430950857,0.3414634146341463,0.64516129,,0,0.3,1.5384616513224123,129.50355113106872,94.61360891328908,,,,0.215472012758255,0.5442538130863352,8,5,0,1,0,0,0,7
Larry Anderson,1000235,110247,MIL,0.0348697192966938,,0.07,0.0,,1.2925051436132078,,,,0.33333333,0.11111111,0.22222222,2.1,2,0,,,,,11.57143014791082,3.85714338263694,3.0,0.0,0.4,1.0,,0,0.25,1.28571446087898,0.0,35.784647364556335,,,,0.0015479999128729,0.0554495993760064,3,1,0,0,0,0,0,0
Craig Swan,1012754,123017,NYM,0.0347285158932209,,-0.12,4.450548517720041,,4.424373063694575,,,,0.07246377,0.15217391,-0.07971015,30.1,7,5,,,,,2.9670323451466936,6.230767924808057,0.47619048,0.2967032345146694,0.2547169811320754,0.6302521,,0,0.2393162393162393,1.6153842768020887,127.89428730684968,124.57708981323508,,,,-0.6422079801559448,-0.1326849550697684,10,21,0,1,3,0,0,15
Pat Darcy,1002984,113049,CIN,0.0344396904110908,,0.06,3.705880273998331,,3.87233652557097,,,,0.19178082,0.10958904,0.08219178,17.0,6,2,,,,,7.411760547996662,4.235291741712379,1.75,1.0588229354280947,0.3061224489795918,0.81081081,,0,0.2615384615384615,1.4705874103167982,104.72354786176383,106.87696332217595,,,,-0.1404819972813129,-0.1673481630957274,14,8,0,2,1,0,0,7
Herb Hutson,1006242,116370,CHC,0.0341803506016731,,0.29,3.4534879891275816,,4.0782194381536625,,,,0.17460317,0.11904762,0.05555556,28.2,20,2,,,,,6.906975978255163,4.709301803355793,1.46666667,0.9418603606711586,0.2470588235294117,0.69832402,,0,0.2181818181818181,1.3604649654138958,88.93143234243334,106.04289512348144,,,,-0.4040739983320236,-0.1118961365062375,22,15,1,3,1,0,0,11
Dave Johnson,1006441,116577,BAL,0.0332546010613441,,0.31,2.9347824870075354,,3.621697822094867,,,,0.08955224,0.07462687,0.01492537,15.1,11,0,,,,,3.5217389844090428,2.9347824870075354,1.2,0.5869564974015071,0.2909090909090909,0.82524272,,2,0.2741935483870967,1.434782549203684,84.50093531944889,102.5146172432247,,,,0.5158500075340271,0.2448166245384435,6,5,0,1,0,0,0,5
Joe Hoerner,1005895,116017,KCR,0.0240959394723176,,0.63,3.820755679482865,,3.681993467453904,,,,0.15686275,0.07843137,0.07843137,35.1,30,0,,,,,6.113209087172584,3.056604543586292,2.0,0.764151135896573,0.2636363636363636,0.75342466,,2,0.2335766423357664,1.245283332572193,102.73714230020948,103.93981578939304,,,,-0.0770919919013977,-0.054115909731735,24,12,4,3,0,0,0,15
Erskine Thomason,1012972,123270,PHI,0.0205731075257062,,0.03,0.0,,0.5782196044921877,,,,0.33333333,0.0,0.33333333,1.0,1,0,,,,,9.0,0.0,1.0,0.0,0.0,1.0,,0,0.0,0.0,0.0,15.79282802464789,,,,0.0034920000471174,-0.0011440313918889,1,0,0,0,0,0,0,0
Juan Jimenez,1006412,116547,PIT,0.0203639511018991,,-0.11,6.75,,3.0782196044921877,,,,0.10526316,0.10526316,0.0,4.0,4,0,,,,,4.5,4.5,1.0,0.0,0.4,0.5,,0,0.3529411764705882,2.0,191.18173474262943,85.07012832318406,,,,-0.3949519991874695,-0.7477868807516369,2,2,0,0,0,0,0,3
Rick Sawyer,1011477,121728,NYY,0.019775515422225,,-0.31,16.199967942301292,,3.1782184171700134,,,,0.125,0.125,0.0,1.2,1,0,,,,,5.399989314100431,5.399989314100431,1.0,0.0,0.3333333333333333,0.0,,0,0.2857142857142857,1.799996438033477,456.1435037331225,88.87114825563131,,,,-0.1640799939632415,0.0443816279349028,1,1,0,0,0,0,0,3
Jeff Terpko,1012921,123193,TEX,0.018144017085433,,0.25,1.285713760220489,,3.4353621113058472,,,,0.1,0.13333333,-0.03333333,7.0,3,0,,,,,3.857141280661468,5.142855040881957,0.75,0.0,0.2608695652173913,0.9,,0,0.2307692307692307,1.4285708446894327,35.802113763202634,96.12378457107243,,,,-0.1428460031747818,-0.7923676140631397,3,4,0,0,0,0,0,1
Bill Gogolewski,1004802,114890,CLE,0.0069009382277727,,-0.02,4.609758242052703,,3.7489518564420807,,,,0.05357143,0.03571429,0.01785714,13.2,5,0,,,,,1.975610675165444,1.3170737834436292,1.5,0.6585368917218146,0.2857142857142857,0.6626506,,0,0.2830188679245283,1.243903017696761,126.09132687453337,101.14247074733632,,,,0.035536091774702,0.4060449496851306,3,2,1,1,0,0,0,7
Aurelio Lopez,1007753,117916,KCR,0.0048054819926619,,-0.18,5.624997988343958,,3.828219157457512,,,,0.06578947,0.13157895,-0.06578947,16.0,8,1,,,,,2.812498994171979,5.624997988343958,0.5,0.0,0.3442622950819672,0.61290323,,0,0.3181818181818182,1.9374993070962525,151.25181174764435,108.07605488441044,,,,-0.2304000072181224,0.0553847813603047,5,10,0,0,0,0,0,10
Stan Thomas,1012994,123264,TEX,0.0036690686829388,,-0.24,6.585367998149964,,3.6757809375171817,,,,0.12121212,0.09090909,0.03030303,13.2,12,0,,,,,5.268294398519972,3.9512207988899783,1.33333333,0.6585367998149965,0.4117647058823529,0.67669173,,0,0.3666666666666666,2.048781154979989,183.37681491554264,102.86554479485008,,,,-0.4917500019073486,-0.6117210650105308,8,6,0,1,0,0,0,10
Gary Lavelle,1007389,117545,SFG,0.0029690181836485,,0.4,2.159998846436163,,3.718218995666829,,,,0.16,0.13333333,0.02666667,16.2,10,0,,,,,6.479996539308488,5.3999971160904074,1.2,0.5399997116090407,0.25,0.75221239,,0,0.2153846153846154,1.439999230957442,57.4642792685517,104.937975756846,,,,-0.2597739994525909,-0.3920738682675807,12,10,0,1,0,0,0,4
Francisco Barrios,1000603,110623,CHW,0.0005755593883804,,-0.21,27.0,,3.5782196044921877,,,,0.13333333,0.13333333,0.0,2.0,2,0,,,,,9.0,9.0,1.0,0.0,0.6363636363636364,0.33333333,,0,0.5384615384615384,4.5,725.4601803053283,99.96270665349329,,,,-0.0068120001815259,-0.3481304831180934,2,2,0,0,0,0,0,6
Ramon de los Santos,1003181,113244,HOU,-0.0001276941038668,,-0.08,2.189189414894456,,3.632273767219148,,,,0.12280702,0.15789474,-0.03508772,12.1,12,0,,,,,5.108108634753731,6.567568244683368,0.77777778,0.0,0.2682926829268293,0.7,,0,0.2291666666666666,1.6216217888107085,62.68101344259696,104.64506156472896,,,,-1.0139340162277222,-1.1354607292348065,7,9,0,0,0,0,0,3
Jim Hughes,1006157,116278,MIN,-0.002340170321986,,-0.13,5.22580805926417,,4.707252517525738,,,,0.19047619,0.0952381,0.0952381,10.1,2,2,,,,,6.967744079018894,3.483872039509447,2.0,1.7419360197547236,0.2142857142857142,0.43478261,,0,0.2105263157894736,1.1612906798364824,140.08824690640145,129.26238156512554,,,,-0.2820199728012085,-0.2844903740942712,8,4,0,2,1,1,0,6
Bill Castro,1002077,112130,MIL,-0.0030542979948222,,-0.12,4.49999856948898,,3.744885900285627,,,,0.12820513,0.06410256,0.06410256,18.0,8,0,,,,,4.999998410543311,2.4999992052716555,2.0,0.9999996821086624,0.2786885245901639,0.66037736,,0,0.2602739726027397,1.3333329094782165,124.89594111258084,104.07708356875445,,,,-0.0103898970410227,0.2724247460373097,10,5,0,2,0,0,0,9
Rick Rhoden,1010887,121124,LAD,-0.0060986746102571,,0.19,2.0000002119276483,,3.8004419562257503,,,,0.2,0.11428571,0.08571429,9.0,4,0,,,,,7.000000741746769,4.000000423855297,1.75,1.0000001059638242,0.1739130434782608,0.92105263,,0,0.1612903225806451,1.0000001059638242,58.10655645835568,105.36742418967152,,,,0.2637439966201782,0.2258153549960117,7,4,0,1,0,0,0,2
Barry Raziano,1010735,120964,CAL,-0.0085930805653333,,-0.65,6.480000988769683,,3.7182197784424096,,,,0.13043478,0.11594203,0.01449275,16.2,13,0,,,,,4.860000741577261,4.320000659179788,1.125,0.5400000823974735,0.2745098039215686,0.41666667,,1,0.2459016393442623,1.3800002105713212,191.15774682244117,105.33920209682644,,,,-0.6041219830513,-0.7326028567910923,9,8,0,1,0,0,0,12
Jim Kremmel,1007157,117310,CHC,-0.0093574803322553,,-0.06,5.225808380794542,,4.255639578574387,,,,0.14965986,0.12244898,0.02721088,31.0,23,2,,,,,6.387099132082219,5.225808380794542,1.22222222,0.8709680634657571,0.3300970873786408,0.67567568,,0,0.2890625,1.774194203356172,134.57079506697602,110.64779617086631,,,,-0.7013759613037109,-0.874682370488395,22,18,1,3,0,0,0,18
Doug Konieczny,1007094,117246,HOU,-0.0095913931727409,,-0.66,7.875,,4.203219604492188,,,,0.1038961,0.15584416,-0.05194805,16.0,6,3,,,,,4.5,6.75,0.66666667,0.0,0.3272727272727272,0.53125,,0,0.2857142857142857,1.875,225.4775112204025,121.06018448726108,,,,-1.022343993186951,-0.6196196977173903,8,12,2,0,0,0,0,14
John Strohmayer,1012626,122883,NYM,-0.0120490929111838,,0.03,0.0,,5.578219604492188,,,,0.0,0.25,-0.25,1.0,1,0,,,,,0.0,9.0,0.0,0.0,0.0,1.0,,0,0.0,1.0,0.0,157.01127032577745,,,,3.60000012733e-05,,0,1,0,0,0,0,0,0
Don Kirkwood,1006972,117122,CAL,-0.0195820089429616,,-0.3,8.590912814969503,,3.941856559249252,,,,0.10526316,0.15789474,-0.05263158,7.1,3,0,,,,,4.90909303712543,7.363639555688145,0.66666667,0.0,0.4285714285714285,0.55555556,,0,0.375,2.454546518562715,253.42890220289976,111.68772388657008,,,,0.0363520011305809,0.4285419474009904,4,6,0,0,0,0,0,7
Danny Fife,1004032,114111,MIN,-0.0262773260474205,,-0.46,17.357157636674504,,4.5067926752337995,,,,0.10344828,0.13793103,-0.03448276,4.2,4,0,,,,,5.785719212224834,7.714292282966446,0.75,0.0,0.4761904761904761,0.26666667,,0,0.4166666666666667,3.0000025544869513,465.2933588498782,123.7489423869082,,,,-0.1849820017814636,-0.3154642632088099,3,4,1,0,0,0,0,9
Bill Parsons,1010026,120259,OAK,-0.0297275632619857,,0.11,0.0,,5.0782209455974145,,,,0.2,0.3,-0.1,2.0,4,0,,,,,9.000004827978817,13.500007241968223,0.66666667,0.0,0.2,1.0,,0,0.1428571428571428,2.0000010728841815,0.0,138.24383947488073,,,,-0.2722800076007843,-0.1893704860947744,2,3,0,0,0,0,0,0
Mike Wallace,1013553,123863,- - -,-0.0359323844313621,,0.56,2.8186820128621877,,3.896901247936486,,,,0.13157895,0.13909774,-0.0075188,60.2,31,1,,,,,5.192308971061925,5.489012340836892,0.94594595,0.4450550546624507,0.2670157068062827,0.7718894,,0,0.2358078602620087,1.5000003694178894,78.3020420423581,108.6244198375265,,,,0.4349980056285858,0.5331407293774371,35,37,0,3,1,0,0,19
Juan Pizarro,1010382,120612,PIT,-0.036946564912796,,0.07,1.875,,4.453219604492188,,,,0.06666667,0.1047619,-0.03809524,24.0,7,2,,,,,2.625,4.125,0.63636364,0.75,0.2117647058823529,0.70921986,,0,0.2127659574468085,1.2916666666666667,53.10603742850818,122.97797225134065,,,,-0.2514339461922645,-0.5141685979026067,7,11,0,2,2,0,0,5
Terry Enyart,1003793,113864,MON,-0.038037646561861,,-0.23,16.20000617981193,,7.378221435547574,,,,0.15384615,0.30769231,-0.15384615,1.2,2,0,,,,,10.800004119874618,21.600008239749236,0.5,0.0,0.5714285714285714,0.25,,0,0.4444444444444444,4.800001831055386,429.27814298033786,201.09554252038328,,,,-0.0193520002067089,0.0129627629359556,2,4,0,0,0,0,0,3
Bill Gilbreth,1004699,114786,CAL,-0.0385577529668808,,-0.3,13.500014081612017,,4.828221951427524,,,,0.0,0.14285714,-0.14285714,1.1,3,0,,,,,0.0,6.750007040806008,0.0,0.0,0.3333333333333333,0.33333333,,0,0.3333333333333333,2.2500023469353363,398.2456605152694,136.8495509599915,,,,0.0658740028738975,0.1612904891958453,0,1,0,0,0,0,0,2
Don Rose,1011204,121452,SFG,-0.0396571494638919,,-0.06,9.0,,5.578219604492188,,,,0.0,0.14285714,-0.14285714,1.0,2,0,,,,,0.0,9.0,0.0,0.0,0.6666666666666666,0.8,,0,0.6666666666666666,5.0,239.4346248241157,157.3270158715602,,,,-0.465389996767044,-0.1743165086923421,0,1,0,0,0,0,0,1
Don Newhauser,1009534,119738,BOS,-0.0404528528451919,,-0.24,9.818173306054804,,4.760035894726588,,,,0.1,0.2,-0.1,3.2,2,0,,,,,4.909086653027402,9.818173306054804,0.5,0.0,0.3571428571428571,0.55555556,,0,0.3125,2.454543326513701,253.97235052143796,126.5955429430028,,,,-0.947100043296814,-0.4321583015065336,2,4,0,0,0,0,0,4
Jim York,1014351,124676,HOU,-0.043556373566389,,-0.4,3.2869576120650623,,3.699959107022328,,,,0.08196721,0.10382514,-0.02185792,38.1,28,0,,,,,3.521740298641138,4.460871044945441,0.78947368,0.2347826865760758,0.3197278911564626,0.72072072,,1,0.294478527607362,1.7478266667330091,94.11238372766826,106.59106607231804,,,,-0.750760018825531,-0.4204625740772252,15,19,1,1,0,0,0,14
Wayne Granger,1004945,115041,CHW,-0.0456618182361125,,-0.24,8.217387897081833,,4.404305803843706,,,,0.1,0.075,0.025,7.2,5,0,,,,,4.695650226903904,3.521737670177928,1.33333333,1.173912556725976,0.46875,0.625,,0,0.4324324324324324,2.4782598419770605,220.79213723910408,123.08894756613527,,,,-0.0777280032634735,-0.533430490406395,4,3,0,1,0,0,0,7
Larry Christenson,1002215,112267,PHI,-0.0484109073877334,,-0.01,4.304347469135163,,4.0999586087318916,,,,0.18181818,0.15151515,0.03030303,23.0,10,1,,,,,7.04347767676663,5.869564730638858,1.2,0.7826086307518477,0.28125,0.74534161,,2,0.238095238095238,1.521739004239704,115.02487526365675,110.75653211949292,,,,0.4021120145916939,0.3205162613837918,18,15,0,2,0,0,0,11
Ralph Garcia,1004510,114592,SDP,-0.0486653707921505,,-0.16,6.096774381107649,,4.12660674890048,,,,0.16981132,0.13207547,0.03773585,10.1,8,0,,,,,7.838709918566978,6.096774381107649,1.28571429,0.8709677687296642,0.3888888888888889,0.67961165,,0,0.3260869565217391,2.1290323235614013,176.93584277386535,117.49037437423507,,,,-0.3700880110263824,-0.6755068479609005,9,7,0,1,0,0,0,7
Horacio Piña,1010354,120584,- - -,-0.0498429015278816,,1.32,3.661018073507784,,4.069745486291656,,,,0.14448669,0.11787072,0.02661597,59.0,45,0,,,,,5.796611949720658,4.728815011614222,1.22580645,0.762712098647455,0.2834224598930481,0.78571429,,4,0.2521739130434782,1.5084750395471889,95.99097493399069,107.39535879237842,,,,-0.6561040226370096,-0.658235716758332,38,31,2,5,0,0,0,24
Jamie Easterly,1003639,113711,ATL,-0.051268994808197,,-0.28,16.87500402331448,,7.078220677376049,,,,0.0,0.21052632,-0.21052632,2.2,3,0,,,,,0.0,13.500003218651583,0.0,0.0,0.4,0.3,,0,0.4,3.750000894069885,438.98668326127097,182.16450905332263,,,,0.0063799992203712,0.1867741556406069,0,4,0,0,0,0,0,5
Ray Bare,1000536,110558,STL,-0.052355934632942,,-0.47,5.917810615802518,,4.263151793713738,,,,0.05882353,0.08823529,-0.02941177,24.1,10,3,,,,,2.2191789809259443,3.328768471388916,0.66666667,0.7397263269753147,0.2705882352941176,0.54487179,,0,0.2688172043010752,1.3972608398422612,161.88432663253957,121.20553010426802,,,,-0.0603920519351959,-0.0576582881256689,6,9,0,2,0,0,0,16
Skip Pitlock,1010373,120603,CHW,-0.0526760816574096,,0.06,4.429023147973659,,3.91260478368938,,,,0.1440678,0.11652542,0.02754237,105.2,40,5,,,,,5.791799501196323,4.684543714202908,1.23636364,0.5962146545349156,0.2865671641791045,0.68943299,,1,0.2512195121951219,1.4952684986748677,119.00296042612754,109.32380264783596,,,,-1.0131839960813522,-0.6904203428843148,68,55,7,7,2,0,0,52
Paul Siebert,1011950,122210,HOU,-0.0543570071458816,,0.14,3.5526306873545677,,4.6308506682970485,,,,0.0952381,0.1047619,-0.00952381,25.1,5,5,,,,,3.5526306873545677,3.907893756090024,0.90909091,1.0657892062063703,0.2222222222222222,0.71942446,,0,0.2234042553191489,1.2631575777260686,101.7191524660236,133.35489971169844,,,,-0.197502002120018,0.0618169441499185,10,11,0,3,3,1,1,10
Balor Moore,1009090,119286,MON,-0.0621937364339828,,-0.08,3.9512196960086214,,4.480658717385228,,,,0.23529412,0.22058824,0.01470588,13.2,8,2,,,,,10.536585856022992,9.878049240021554,1.06666667,0.658536616001437,0.3333333333333333,0.7518797,,0,0.2452830188679245,2.0487805831155814,104.7019510229352,122.20139801856112,,,,-0.4369199639186263,-0.2067405655556811,16,15,0,1,0,0,0,6
Bob Gebhard,1004587,114671,MON,-0.0691157877445221,,0.0,4.5,,9.078219604492189,,,,0.0,0.0,0.0,2.0,1,0,,,,,0.0,0.0,0.0,4.5,0.4,1.0,,0,0.4545454545454545,2.5,119.24388311770056,247.38268597127964,,,,-0.0005799999926239,0.2632137291070416,0,0,0,1,0,0,0,1
Stan Perzanowski,1010218,120449,CHW,-0.0809896662831306,,-0.46,19.285742531058748,,9.006800448178437,,,,0.11764706,0.11764706,0.0,2.1,2,1,,,,,7.7142970124235,7.7142970124235,1.0,3.85714850621175,0.5833333333333334,0.34883721,,0,0.5333333333333333,4.2857205624575,362.73046202389406,197.94515684874492,,,,-0.4023820012807846,-0.0307915438215707,2,2,0,1,0,0,0,5
Vic Albury,1000109,110113,MIN,-0.0815486125648021,,1.38,4.1158540893495,,4.62090274513231,,,,0.12022631,0.11315417,0.00707214,164.0,32,22,,,,,4.6646346345961005,4.3902443619728,1.0625,1.04268303596854,0.2707930367504835,0.74175824,,0,0.2560386473429952,1.4573172257104157,110.3337086553274,126.88742101092764,,,,0.1081060469150543,0.9159242006544888,85,80,6,19,15,4,1,75
Gary Gentry,1004614,114698,ATL,-0.0858282120898366,,0.2,1.3499993079904289,,5.878217912913236,,,,0.0,0.07407407,-0.07407407,6.2,3,1,,,,,0.0,2.6999986159808578,0.0,1.3499993079904289,0.1304347826086956,1.0,,0,0.1666666666666666,0.8999995386602859,35.11890828594471,151.31384665231457,,,,0.1126119997352361,0.157626834786095,0,2,1,1,0,0,0,1
Eddie Solomon,1012268,122526,LAD,-0.0866531580686569,,0.17,1.5,,5.078219604492188,,,,0.08,0.08,0.0,6.0,4,0,,,,,3.0,3.0,1.0,1.5,0.2,1.0,,1,0.217391304347826,1.1666666666666667,43.57991272587255,140.72447201599195,,,,0.1802500039339065,0.0327553610733865,2,2,0,1,0,0,0,1
Roger Miller,1008932,119115,MIL,-0.0879368782043457,,-0.15,11.571444336270382,,7.721083753945691,,,,0.18181818,0.0,0.18181818,2.1,2,0,,,,,7.714296224180255,0.0,2.0,3.857148112090127,0.2857142857142857,0.38461538,,0,0.3,1.2857160373633758,321.16153107454267,214.8038691698621,,,,-0.1342720091342926,-0.1014820256640077,2,0,1,1,0,0,0,3
Ken Wright,1014286,124607,NYY,-0.0879792273044586,,0.07,3.1764725483837144,,5.578221455743474,,,,0.06896552,0.24137931,-0.17241379,5.2,3,0,,,,,3.1764725483837144,11.117653919343,0.28571429,0.0,0.25,0.83333333,,0,0.2272727272727272,2.117648365589143,89.44013487510645,156.13968829141027,,,,-0.1330839991569519,-0.4251896324514117,2,7,0,0,0,0,0,2
Hank Webb,1013710,124014,NYM,-0.0885735377669334,,-0.32,7.2,,5.578219604492188,,,,0.14545455,0.18181818,-0.03636364,10.0,3,2,,,,,7.2,9.0,0.8,0.9,0.4,0.69105691,,0,0.3409090909090909,2.5,206.9045792766802,157.01127032577745,,,,-0.7996799945831299,-0.3684989572971364,8,10,1,1,0,0,0,8
Luis Quintana,1010617,120853,CAL,-0.0928520038723945,,0.09,4.263160034561174,,4.157167765440771,,,,0.16176471,0.20588235,-0.04411765,12.2,18,0,,,,,7.8157933966954865,9.947373413976074,0.78571429,0.0,0.3953488372093023,0.80645161,,0,0.3148148148148148,2.447369649470304,125.76171947543506,117.799902210508,,,,-1.15761399269104,-0.7037009856156824,11,14,0,0,0,0,0,6
Mike Johnson,1006486,116612,SDP,-0.0960132405161857,,-0.07,4.640626521315925,,4.031345080863841,,,,0.13761468,0.13761468,0.0,21.1,18,0,,,,,6.328127074521715,6.328127074521715,1.0,0.4218751383014477,0.3636363636363636,0.73394495,,0,0.3118279569892473,2.0625006761404108,134.67665247579816,114.78303262606369,,,,-0.8148800134658813,-1.819819533426448,15,15,1,1,0,0,0,11
Kent Tekulve,1012905,123175,PIT,-0.1009964421391487,,-0.19,6.000002543132588,,4.6893316104092095,,,,0.13636364,0.11363636,0.02272727,9.0,8,0,,,,,6.000002543132588,5.000002119277157,1.2,1.0000004238554314,0.3548387096774194,0.72289157,,0,0.3157894736842105,1.888889689504704,169.93939180092983,129.48742466578898,,,,-1.259745955467224,-0.747175964164885,6,5,1,1,0,0,0,6
Don McMahon,1008629,118814,SFG,-0.1031786352396011,,0.19,3.085716976245968,,4.46393553442028,,,,0.1,0.04,0.06,11.2,9,0,,,,,3.857146220307461,1.542858488122984,2.5,1.542858488122984,0.2682926829268293,0.81967213,,0,0.2708333333333333,1.2857154067691534,82.091942946762,125.94193321664083,,,,-0.1572960019111633,-0.8543317692046927,5,2,0,2,0,0,0,4
Mike Corkins,1002630,112689,SDP,-0.1032211333513259,,-0.05,4.792898218236609,,4.033840544845528,,,,0.16666667,0.1300813,0.03658537,56.1,25,2,,,,,6.5502942315900325,5.11242476611905,1.28125,0.7988163697061016,0.2874251497005988,0.6835443,,0,0.2488262910798122,1.508875365000414,139.09576319584633,114.85395384713745,,,,0.6191820800304413,1.2942811275223145,41,32,1,5,1,0,0,30
Jesse Jefferson,1006380,116514,BAL,-0.1046139672398567,,-0.3,4.395349373361046,,3.938684886722988,,,,0.12252964,0.15019763,-0.02766798,57.1,20,2,,,,,4.866279663364015,5.965117006704276,0.81578947,0.3139535266686461,0.2912087912087912,0.69844789,,0,0.2558139534883721,1.622093221121338,126.55490986095975,111.50571802392184,,,,-0.7401440143585205,-0.6330574918796901,31,38,0,2,0,0,0,28
Joe Henderson,1005633,115747,CHW,-0.1063528968952596,,-0.54,8.400005340579566,,4.911554421319845,,,,0.15789474,0.14473684,0.01315789,15.0,5,3,,,,,7.200004577639629,6.60000419616966,1.09090909,1.2000007629399383,0.3725490196078431,0.58219178,,0,0.3230769230769231,2.1333346896710013,225.6988662571324,137.28934667650236,,,,-0.5942840352654457,-0.2620398607429069,12,11,0,2,0,0,0,14
John Cumberland,1002871,112934,CAL,-0.1153910011053085,,0.21,3.738463951879852,,4.055143634864475,,,,0.12765957,0.10638298,0.0212766,21.2,17,0,,,,,4.984618602506469,4.153848835422058,1.2,0.8307697670844115,0.3142857142857143,0.80128205,,0,0.2857142857142857,1.569231782270555,110.283369841577,114.90367729747504,,,,-0.8392599821090698,-1.109943081784966,12,10,0,2,0,0,0,9
Greg Shanahan,1011787,122044,LAD,-0.1159503012895584,,0.03,3.857142857142857,,6.006791033063616,,,,0.05882353,0.14705882,-0.08823529,7.0,4,0,,,,,2.5714285714285716,6.428571428571429,0.4,1.2857142857142858,0.2307692307692307,0.8490566,,0,0.2413793103448276,1.7142857142857142,112.06263272367224,166.41872676735446,,,,-0.0578960292041301,-0.2794329459137011,2,5,0,1,0,0,0,3
Tom Timmermann,1013071,123349,CLE,-0.1177304089069366,,-0.12,5.400002059937309,,4.978220520019881,,,,0.04761905,0.11904762,-0.07142857,10.0,4,0,,,,,1.8000006866457698,4.500001716614424,0.4,0.9000003433228849,0.2352941176470588,0.63492063,,0,0.2432432432432432,1.400000534057821,147.7069705415853,134.373037288798,,,,-0.1024200096726417,-0.3511235262730003,2,5,0,1,0,0,0,6
Larry Demery,1003192,113254,PIT,-0.1224413514137268,,0.45,4.24825171991994,,4.749548261340157,,,,0.12142857,0.12142857,0.0,95.1,19,15,,,,,4.814685282575932,4.814685282575932,1.0,1.132867125311984,0.2712418300653594,0.76625387,,0,0.2574525745257452,1.5314685212550896,120.3241679166894,131.14755805151017,,,,-0.5111540108919144,-0.1779151506693379,51,51,0,12,9,2,0,45
Rex Hudson,1006140,116267,LAD,-0.129679799079895,,-0.16,22.5,,15.578219604492189,,,,0.0,0.0,0.0,2.0,1,0,,,,,0.0,0.0,0.0,9.0,0.4,0.3125,,0,0.5,3.0,653.6986908880882,431.2671988198601,,,,-0.0014700000174343,0.138776520489668,0,0,0,2,0,0,0,5
Barry Lersch,1007555,117707,STL,-0.138146311044693,,-0.18,40.500100180754515,,23.5782715500686,,,,0.0,0.41666667,-0.41666667,1.1,1,0,,,,,0.0,33.750083483962094,0.0,6.750016696792419,0.3333333333333333,0.3030303,,0,0.4285714285714285,6.000014841593261,1107.898152199102,669.3939255516545,,,,-0.0111440001055598,-0.030409185074859,0,5,0,1,0,0,0,6
Butch Metzger,1008811,119000,SFG,-0.1507405191659927,,0.21,3.552632292221931,,4.630851595553748,,,,0.08333333,0.2,-0.11666667,12.2,10,0,,,,,3.552632292221931,8.526317501332635,0.41666667,0.0,0.2558139534883721,0.7826087,,0,0.2291666666666666,1.8157898382467648,94.51368666957735,130.6433145930877,,,,0.0817499831318855,-0.0435965797470174,5,12,0,0,0,0,0,5
Lance Clemons,1002343,112396,BOS,-0.1566997468471527,,-0.37,9.94736892034475,,6.68348296844399,,,,0.03125,0.125,-0.09375,6.1,6,0,,,,,1.4210527029063929,5.684210811625571,0.25,1.4210527029063929,0.28,0.43103448,,0,0.2962962962962963,1.894736937208524,257.3143279764543,177.8310822587566,,,,0.0980179980397224,0.7768001912798106,1,4,1,1,0,0,0,7
Leon Hooten,1006004,116130,OAK,-0.1586073935031891,,0.06,3.2400012359623855,,5.698220794678189,,,,0.02857143,0.11428571,-0.08571429,8.1,6,0,,,,,1.0800004119874618,4.320001647949847,0.25,1.0800004119874618,0.1785714285714285,0.83333333,,0,0.2,1.2000004577638466,94.92691309476194,155.1469193209632,,,,-0.1571000069379806,-0.5318749691624653,1,4,1,1,0,0,0,3
Pat Osburn,1009873,120090,CIN,-0.1610649079084396,,-0.32,8.000005933977926,,5.911555410316323,,,,0.0952381,0.0952381,0.0,9.0,6,0,,,,,4.000002966988963,4.000002966988963,1.0,2.0000014834944815,0.28125,0.49180328,,0,0.2894736842105263,1.666667902912068,226.0701756070032,163.05144863678947,,,,-0.1045399978756904,-0.1798327752345119,4,4,0,2,0,0,0,8
Mike Paul,1010082,120308,CHC,-0.1655164361000061,,-0.36,27.000028163224034,,13.07823055685709,,,,0.11111111,0.11111111,0.0,1.1,2,0,,,,,6.750007040806008,6.750007040806008,1.0,6.750007040806008,0.5,0.27777778,,0,0.5,3.7500039115588937,695.2829097425442,339.63622071050224,,,,-0.0636599957942962,0.0373807797899759,1,1,0,1,0,0,0,4
David Clyde,1002367,112420,TEX,-0.1736715734004974,,0.22,4.384615634790318,,4.552578691503033,,,,0.1015625,0.09179688,0.00976563,117.0,28,21,,,,,4.000000228229764,3.6153848216692097,1.10638298,1.076923138369552,0.2911392405063291,0.72319202,,0,0.279826464208243,1.504273590103501,122.09444483020808,127.45247218015936,,,,-2.0587318427860737,-0.5739317927838901,52,47,4,14,7,4,0,57
Steve Blass,1001058,111086,PIT,-0.1862703561782837,,-0.16,9.0,,11.178219604492188,,,,0.07142857,0.25,-0.17857143,5.0,1,0,,,,,3.6,12.6,0.28571429,3.6,0.1764705882352941,0.43478261,,0,0.238095238095238,2.4,254.90897965683925,308.38179073632466,,,,-0.0277399998158216,-0.9737012896467157,2,7,0,2,0,0,0,5
Don Stanhouse,1012401,122659,TEX,-0.1919766515493393,,-0.24,4.882976840880374,,4.397367839329974,,,,0.17567568,0.11486486,0.06081081,31.1,18,0,,,,,7.468082227228807,4.882976840880374,1.52941176,1.1489357272659704,0.3434343434343434,0.71984436,,0,0.2945736434108527,1.7553184722118993,135.97186074317403,123.10009110431486,,,,-0.5087340474128723,-0.8400534722328086,26,17,2,4,0,0,0,17
Chuck Seelbach,1011718,121971,DET,-0.1928417682647705,,0.02,4.695652563315065,,7.534741754658089,,,,0.0,0.08823529,-0.08823529,7.2,4,0,,,,,0.0,3.521739422486299,0.0,2.3478262816575324,0.25,0.88235294,,0,0.3,1.5652175211050217,123.20183517273662,200.95644465337165,,,,-0.0592719987034797,-0.5848256664914568,0,3,1,2,0,0,0,4
George Culver,1002870,112933,PHI,-0.1959010362625122,,-0.48,6.64615579639018,,4.701297150561273,,,,0.09183673,0.16326531,-0.07142857,21.2,14,0,,,,,3.738462635469476,6.64615579639018,0.5625,0.4153847372743862,0.2676056338028169,0.58988764,,0,0.2469135802469135,1.661538949097545,177.60490920966686,126.9716279225504,,,,-0.0624580048024654,0.2164871602670902,9,16,1,1,0,0,0,16
Ron Diorio,1003318,113383,PHI,-0.2036438733339309,,-0.2,18.000019311925627,,18.5782367706483,,,,0.0,0.16666667,-0.16666667,1.0,2,0,,,,,0.0,9.000009655962813,0.0,9.000009655962813,0.25,0.625,,0,0.4,3.000003218654271,481.0136707001623,501.1633514538836,,,,0.0184880010783672,0.1541556481788263,0,1,0,1,0,0,0,2
Jim Ray,1010726,120953,DET,-0.2067662626504898,,0.14,4.471336384555787,,4.297964367782875,,,,0.11353712,0.12663755,-0.01310044,52.1,28,0,,,,,4.471336384555787,4.987259813542993,0.89655172,0.6878979053162749,0.2662721893491124,0.70844687,,2,0.2462311557788944,1.4904454615185956,117.3163561025884,114.54372352654389,,,,-0.3889040052890777,-0.925878024462122,26,29,1,4,0,0,0,26
Mike Thompson,1013020,123297,- - -,-0.2111938297748565,,-0.35,5.527560466383806,,4.373495653403167,,,,0.13917526,0.19072165,-0.05154639,42.1,20,5,,,,,5.740158945860106,7.866143740623108,0.72972973,0.2125984794763002,0.3385826771653543,0.69852941,,0,0.2838709677419355,1.913386315286702,150.63849230962188,123.55804333440672,,,,-0.670247882604599,-0.6889250243550147,27,37,2,1,0,0,0,26
Danny Frisella,1004365,114449,ATL,-0.2158357743173837,,-1.1,5.18399984179688,,4.546219544433596,,,,0.14438503,0.14973262,-0.00534759,41.2,36,1,,,,,5.83199982202149,6.0479998154296934,0.96428571,0.8639999736328133,0.2578125,0.65656566,,6,0.2327044025157232,1.5599999523925796,134.85667283001845,117.06973222058292,,,,-1.5340180397033691,-0.481879338926952,27,28,0,4,0,0,0,24
Gene Garber,1004493,114577,- - -,-0.2370662316679954,,0.21999999999999986,3.078947754778078,,3.999272414389762,,,,0.12166172,0.1305638,-0.00890208,76.0,51,0,,,,,4.8552637671500465,5.21052696962444,0.93181818,0.4736842699658582,0.2845528455284553,0.73426573,,5,0.2542955326460481,1.5526317737769797,82.57391997488274,110.06660166015048,,,,0.1590580344200134,0.4530152915443342,41,44,2,4,0,0,0,26
Steve Dunning,1003572,113644,TEX,-0.2398547530174255,,-0.23,19.285742531058748,,16.721097460601936,,,,0.08333333,0.25,-0.16666667,2.1,1,0,,,,,3.85714850621175,11.57144551863525,0.33333333,7.7142970124235,0.1666666666666666,0.3125,,0,0.3333333333333333,2.5714323374744996,537.0327124650131,468.6788108683349,,,,-0.1228440031409263,-0.33260280458653,1,3,0,2,0,0,0,5
Luke Walker,1013525,123827,DET,-0.2441264167428016,,-0.2,4.989131055392106,,4.545611153568378,,,,0.12380952,0.12857143,-0.00476191,92.0,28,9,,,,,5.0869571545174415,5.282609352768112,0.96296296,0.8804348921280187,0.3003300330033003,0.69735007,,0,0.2747252747252747,1.6739132517001838,130.90195529876496,121.15518612660156,,,,-1.8577920794487,-1.31507576531961,52,54,2,9,2,0,0,51
Jerry Bell,1000812,110827,MIL,-0.2473802715539932,,0.12,2.5714285714285716,,4.935362461635044,,,,0.06779661,0.08474576,-0.01694915,14.0,5,0,,,,,2.5714285714285716,3.2142857142857144,0.8,1.2857142857142858,0.3125,0.83333333,,0,0.3148148148148148,1.5714285714285714,71.36913189481785,137.22876460251982,,,,-0.406387984752655,-0.1399425879707097,4,5,0,2,0,0,0,4
Bill Stoneman,1012560,122833,CAL,-0.2571768090128898,,-0.89,6.1363620819019875,,4.913446285660443,,,,0.11870504,0.11151079,0.00719424,58.2,13,11,,,,,5.06249871756914,4.75568061347404,1.06451613,1.2272724163803974,0.3431372549019608,0.70140281,,0,0.3183673469387755,1.8579540747981016,181.0205201042355,139.26886919978227,,,,-1.7068040473386643,0.2457993883992006,33,31,2,8,2,0,0,40
Dick Baney,1000507,110528,CIN,-0.2582661285996437,,-0.79,5.487806154531654,,4.505049320972191,,,,0.06382979,0.09042553,-0.02659574,41.0,22,1,,,,,2.6341469541751943,3.731708185081525,0.70588235,0.8780489847250647,0.3032258064516129,0.65705128,,1,0.2982456140350877,1.6585369711473443,155.07854760243572,124.3063407664086,,,,0.7391319572925568,1.8544616885143432,12,17,0,4,0,0,0,25
Cy Acosta,1000033,110037,CHW,-0.2630215883255005,,0.35,3.744526381561142,,4.111066661271602,,,,0.0959596,0.09090909,0.00505051,45.2,27,0,,,,,3.744526381561142,3.5474460456895027,1.05555556,0.591241007614917,0.261437908496732,0.71197411,,3,0.2457142857142857,1.3357667209077757,100.61128829353352,114.8797327632944,,,,-1.7401599884033203,-1.2557077966476362,19,18,5,3,0,0,0,19
John Morlan,1009191,119385,PIT,-0.2638961672782898,,-0.37,4.292308196118657,,4.162835175102301,,,,0.12794613,0.16161616,-0.03367003,65.0,39,0,,,,,5.2615390791131915,6.646154626248243,0.79166667,0.2769231094270101,0.2524271844660194,0.66536204,,0,0.2195121951219512,1.569230953419724,121.57198918281054,114.97226488517438,,,,-1.0660439729690552,-1.3510368568767206,38,48,3,2,0,0,0,31
Larry Hardy,1005353,115464,SDP,-0.2682608962059021,,-0.21,4.691804727384588,,3.906088866959524,,,,0.12179487,0.09401709,0.02777778,101.2,76,1,,,,,5.045903197375878,3.895083169904187,1.29545455,0.7967215574804019,0.3351955307262569,0.71695761,,2,0.3042452830188679,1.7016398696803643,136.1619065554757,111.22324426511857,,,,-0.7520780861377716,1.019442354155661,57,44,0,9,0,0,0,53
Dave LaRoche,1007354,117509,CHC,-0.2704832963645458,,0.46,4.793478459626839,,4.4151762023990715,,,,0.11611374,0.11137441,0.00473934,92.0,49,4,,,,,4.793478459626839,4.5978262776012535,1.04255319,0.8804348191151337,0.2993630573248407,0.70512821,,5,0.2768817204301075,1.6304348502132104,123.43778425154018,114.78853444558774,,,,-1.076255977153778,-0.2304874709870727,49,47,3,9,0,0,0,49
Ken Tatum,1012843,123111,CHW,-0.2824971750378608,,0.06,4.790323556958278,,5.2878975761049505,,,,0.05319149,0.09574468,-0.04255319,20.2,10,1,,,,,2.177419798617399,3.919355637511318,0.55555556,1.3064518791704394,0.2597402597402597,0.71942446,,0,0.2705882352941176,1.5483874123501502,128.7107033834005,147.8250540520962,,,,-0.3447079993784427,-0.888083541986912,5,9,0,3,0,0,0,11
Dave Wallace,1013543,123855,PHI,-0.2861328125,,-0.23,9.0,,12.244886271158856,,,,0.17647059,0.17647059,0.0,3.0,3,0,,,,,9.0,9.0,1.0,6.0,0.2222222222222222,0.71428571,,0,0.2857142857142857,2.3333333333333335,240.5065773142404,330.3845339326524,,,,-0.6191200017929077,-1.2520391281236496,3,3,0,2,0,0,0,3
Daryl Patterson,1010059,120286,PIT,-0.2902412414550781,,-0.85,7.285712300515229,,4.9591713366867065,,,,0.07692308,0.08653846,-0.00961539,21.0,14,0,,,,,3.428570494360108,3.8571418061551217,0.88888889,1.2857139353850404,0.3809523809523809,0.6281407,,1,0.3684210526315789,2.095237524331177,206.35483206640217,136.9267281053118,,,,-0.0235860049724578,0.3281010787272697,8,9,0,3,0,0,0,17
Steve Kline,1007005,117156,- - -,-0.2906639128923416,,-0.42999999999999994,4.639174801622489,,4.980281223998944,,,,0.05623472,0.08801956,-0.03178484,97.0,20,15,,,,,2.134020408746345,3.340205857168192,0.63888889,1.1134019523893974,0.2522522522522522,0.67387687,,0,0.2608695652173913,1.36082460847593,127.64187615246884,135.5768013027894,,,,-1.496562033891678,-0.4245173992009976,23,36,5,12,6,1,0,50
Bruce Ellingsen,1003731,113800,CLE,-0.3095341096632182,,-0.11,3.2142854223446236,,4.578219422839954,,,,0.08648649,0.09189189,-0.00540541,42.0,16,2,,,,,3.4285711171675985,3.6428568119905735,0.94117647,1.0714284741148743,0.272108843537415,0.74545455,,0,0.2678571428571428,1.4761903421138272,87.92077427392985,123.55989003276372,,,,-0.2641500104218721,0.2662599154900026,16,17,0,5,1,0,0,15
Will McEnaney,1008482,118665,CIN,-0.3109917342662811,,-0.61,4.333332108862952,,4.541182012780533,,,,0.11926606,0.08256881,0.03669725,27.0,24,0,,,,,4.333332108862952,2.999999152289736,1.44444444,1.333332956573216,0.2409638554216867,0.62043796,,2,0.24,1.2222218768587814,122.45455302143732,125.30169020169922,,,,0.6264439821243286,0.2904166789443655,13,9,0,4,0,0,0,13
Jim Willoughby,1014047,124366,SFG,-0.3148941621184349,,-0.48,4.647542364140884,,4.88969570094321,,,,0.06629834,0.04972376,0.01657459,40.2,18,4,,,,,2.655738493794791,1.9918038703460936,1.33333333,1.5491807880469617,0.2875816993464052,0.65737052,,0,0.2965116279069767,1.4754102743304396,123.64250692358404,137.9339542608186,,,,-0.4366919919848442,-0.0883434531713999,12,9,0,7,1,0,0,21
Ed Farmer,1003935,114011,PHI,-0.3239240497350693,,-1.08,8.419357428814497,,5.99757549512183,,,,0.12578616,0.16981132,-0.04402516,31.0,14,3,,,,,5.806453399182412,7.838712088896256,0.74074074,1.451613349795603,0.3364485981308411,0.59016393,,0,0.3106060606060606,2.1935490619133553,224.99009315437755,161.92577784371406,,,,-0.2991119101643562,0.7069668315788407,20,27,0,5,1,0,0,29
Tom Hall,1005262,115354,CIN,-0.3358844742178917,,-0.39,4.078125364612821,,4.31259475955741,,,,0.17843866,0.11152416,0.0669145,64.0,40,1,,,,,6.7500006034970825,4.2187503771856765,1.6,1.265625113155703,0.2472527472527472,0.72829132,,1,0.2259414225941422,1.3125001173466548,115.24272918469792,119.00478338343302,,,,0.4602539837360382,0.9646375081771608,48,30,0,9,0,0,0,29
Dave Tomlin,1013110,123388,SDP,-0.3412020206451416,,0.44,4.3448290150178766,,4.129944252712858,,,,0.11111111,0.11494253,-0.00383142,58.0,47,0,,,,,4.500001479839943,4.65517394466201,0.96666667,0.620689859288268,0.2806122448979591,0.72599532,,2,0.2576419213973799,1.5344832632404404,126.09224737964888,117.58522641275344,,,,-0.5076540112495422,-0.61403215219546,29,30,2,4,0,0,0,28
Mike Nagy,1009439,119641,HOU,-0.3495092391967773,,-0.54,8.526323278861668,,6.288749179552358,,,,0.08064516,0.08064516,0.0,12.2,9,0,,,,,3.5526346995256946,3.5526346995256946,1.0,2.131580819715417,0.2916666666666667,0.53191489,,0,0.3035714285714285,1.7368436308792286,244.12624162264265,181.02073082682085,,,,-0.92604798078537,-1.32395827040556,5,5,1,3,0,0,0,12
Skip Lockwood,1007696,117858,CAL,-0.353246346116066,,-0.16,4.315574647598117,,4.102810078287534,,,,0.11016949,0.09039548,0.01977401,81.1,37,2,,,,,4.315574647598117,3.5409843262343523,1.21875,0.7745903213637646,0.2730627306273063,0.70240296,,1,0.2555205047318612,1.3893445446683397,127.30793209887084,116.25681542448218,,,,-2.1544620394706726,-2.4587054466085436,39,32,5,7,0,0,0,39
Tug McGraw,1008545,118724,NYM,-0.3562264516949653,,0.66,4.161655239458327,,4.202280185744217,,,,0.13846154,0.08205128,0.05641026,88.2,41,4,,,,,5.481204461725602,3.24812116250406,1.6875,1.2180454359390225,0.2876712328767123,0.76438849,,3,0.2681564245810056,1.44360940555736,119.59243422426624,118.33414481206316,,,,-2.9298379868268967,-1.0511555769404786,54,32,0,12,2,1,1,41
Tom Hilgendorf,1005806,115928,CLE,-0.3689051568508148,,-0.64,4.8413824945532005,,4.357531119584389,,,,0.10550459,0.07798165,0.02752294,48.1,35,0,,,,,4.28276143748937,3.1655193233617083,1.35294118,1.1172421141276616,0.3040935672514619,0.73964497,,3,0.29,1.5517251585106413,132.42697568745342,117.59406859474562,,,,-0.8618339896202087,0.0724969026776012,23,17,1,6,0,0,0,26
Jim McAndrew,1008328,118509,SDP,-0.375006340444088,,-0.46,5.615999057373205,,4.930219209716864,,,,0.08510638,0.06914894,0.01595745,41.2,15,5,,,,,3.455999419921973,2.807999528686602,1.23076923,1.511999746215863,0.2697368421052631,0.60546875,,0,0.2742857142857143,1.4639997542725025,162.98315537355234,140.32908389255024,,,,-1.4473979473114014,0.0219382041287532,16,13,0,7,1,1,0,26
Eddie Watt,1013684,123991,PHI,-0.3758199512958526,,-0.12,3.991305274603037,,4.5869157230832585,,,,0.1299435,0.14689266,-0.01694915,38.1,42,0,,,,,5.400001253874697,6.104349243510526,0.88461538,0.70434798963583,0.2926829268292683,0.74840764,,6,0.261744966442953,1.695652567641813,106.65946340122784,123.88733234587886,,,,1.2275159358978271,1.2159023544427692,23,26,2,3,0,0,0,17
Lloyd Allen,1000152,110154,- - -,-0.3772798404097557,,-0.71,7.448278372693993,,5.336841224008481,,,,0.1409396,0.20134228,-0.06040268,29.0,20,2,,,,,6.517243576107244,9.310347965867493,0.7,0.6206898643911661,0.3085106382978723,0.61461794,,0,0.2649572649572649,2.103448984881174,204.9793401686143,149.36228620236906,,,,-0.8260540030896664,-1.217927873467358,21,30,2,2,0,0,0,24
Jim Shellenback,1011859,122117,TEX,-0.3961526453495025,,-0.34,5.837839793950605,,5.659301717966118,,,,0.125,0.10714286,0.01785714,24.2,11,0,,,,,5.108109819706779,4.378379845462954,1.16666667,1.824324935609564,0.3125,0.69444444,,0,0.303030303030303,1.7027032732355931,162.56106989049258,158.48690237070096,,,,-0.0497119985520839,0.4200669367511747,14,12,1,5,0,0,0,16
Fred Scherman,1011554,121804,HOU,-0.4023030400276184,,-0.44,4.1086965039909416,,4.110828617885634,,,,0.12681159,0.0942029,0.0326087,61.1,53,0,,,,,5.135870629988677,3.815218182277303,1.34615385,0.7336958042840966,0.3054187192118227,0.72043011,,4,0.2757201646090535,1.516304662187133,117.6404650260122,118.4038740229896,,,,-1.1203440427780151,-0.5110717273640484,35,26,7,5,0,0,0,28
Dick Selma,1011737,121992,- - -,-0.4033230096101761,,-0.6,6.394737644539085,,4.512430373519442,,,,0.14782609,0.14782609,0.0,25.1,20,0,,,,,6.039474442064692,6.039474442064692,1.0,0.7105264049487873,0.3246753246753247,0.64814815,,1,0.28125,1.736842323208147,185.54286272213295,127.7783789349306,,,,-0.8568279668688774,-0.5393843300725378,17,17,2,2,0,0,0,18
Tom Carroll,1002007,112053,CIN,-0.4182628989219665,,-0.62,3.6765952672307094,,5.144176718080287,,,,0.10755814,0.12790698,-0.02034884,78.1,16,13,,,,,4.251063277735508,5.055318492442225,0.84090909,1.2638296231105564,0.2261904761904762,0.70393375,,0,0.2266666666666666,1.429787048367498,103.8959901477764,141.9124216298169,,,,-0.2451319620013237,-0.1685338468957029,37,44,0,11,7,0,0,32
Dave Sells,1011736,121991,CAL,-0.4617446660995483,,-0.04,3.692307692307693,,4.321809348081931,,,,0.07821229,0.08938547,-0.01117318,39.0,20,0,,,,,3.230769230769231,3.692307692307693,0.875,0.6923076923076923,0.3146853146853147,0.76433121,,2,0.3,1.641025641025641,108.9217764410734,122.47368919279364,,,,-0.7116379737854004,0.0302058838475178,14,16,3,3,0,0,0,16
Jim Sadowski,1011365,121612,PIT,-0.4715670049190521,,-0.32,6.0,,6.80044182671441,,,,0.02325581,0.20930233,-0.18604651,9.0,4,0,,,,,1.0,9.0,0.11111111,1.0,0.1875,0.68493151,,0,0.2058823529411764,1.7777777777777777,169.93931977122617,187.68934218930497,,,,-0.4602380096912384,-0.1362823938698134,1,9,0,1,0,0,0,6
Jack Aker,1000097,110100,- - -,-0.4851432144641876,,0.09999999999999998,3.568965517241379,,4.578219604492188,,,,0.10245902,0.0942623,0.00819672,58.0,41,0,,,,,3.8793103448275863,3.568965517241379,1.08695652,1.0862068965517242,0.2299465240641711,0.70552147,,2,0.228310502283105,1.2586206896551724,99.60301400520768,124.96541521683436,,,,0.205324113368988,0.2329446785403109,25,23,2,7,0,0,0,23
Mike McQueen,1008680,118865,CIN,-0.4853906035423279,,-0.23,5.4000013732913645,,7.578220876058266,,,,0.07042254,0.15492958,-0.08450704,15.0,10,0,,,,,3.000000762939647,6.6000016784672235,0.45454545,2.4000006103517175,0.2549019607843137,0.80357143,,0,0.2833333333333333,1.8666671413846696,152.59729415363276,208.9631825021736,,,,0.2266039997339248,0.592161398393102,5,11,0,4,0,0,0,9
Elias Sosa,1012284,122542,SFG,-0.4996110498905182,,-0.38,3.4752472622373025,,4.023764049753288,,,,0.11059908,0.10368664,0.00691244,101.0,68,0,,,,,4.27722739967668,4.009900687196887,1.06666667,0.7128712332794467,0.2590361445783132,0.66770186,,6,0.2422680412371134,1.3762375198033765,92.45494715609152,113.54400094814793,,,,-1.2496299743652344,-0.3352585696820697,48,45,1,8,0,0,0,39
Bill Moran,1009145,119336,CHW,-0.5085966065526009,,0.04,4.66187120726583,,5.124982578831855,,,,0.07692308,0.1040724,-0.02714932,46.1,15,5,,,,,3.3021587718132963,4.4676265736297545,0.73913043,0.9712231681803812,0.3058823529411765,0.74683544,,0,0.296875,1.7266189656540112,125.25933061419586,143.26425703336173,,,,-0.963248074054718,-0.1784519983815491,17,23,6,5,1,0,0,24
Dick Woodson,1014236,124566,- - -,-0.5175500344485044,,-0.53,5.072726393140204,,5.287310043839465,,,,0.09876543,0.06584362,0.03292181,55.0,13,7,,,,,3.9272720463020936,2.618181364201396,1.5,1.7999996878884597,0.2789473684210526,0.70570571,,0,0.2844444444444444,1.4545452023341088,139.96112652385804,146.7897691403497,,,,-0.4886439046131272,0.8266651272995847,24,16,2,11,3,0,0,31
Bill Travers,1013161,123442,MIL,-0.5358765572309494,,-0.36,4.924526529662463,,4.634822637952756,,,,0.13080169,0.12658228,0.00421941,53.0,23,1,,,,,5.2641490489495295,5.094337789305997,1.03333333,1.0188675578611994,0.3136094674556213,0.74754902,,0,0.2864077669902912,1.6792446786971618,136.6785713280595,128.85951089678895,,,,-1.0295740067958832,-0.4280136718954619,31,30,1,6,0,0,0,29
Milt Wilcox,1013939,124253,CLE,-0.5493498146533966,,-0.97,4.668224631922687,,4.695042185334007,,,,0.10679612,0.0776699,0.02912621,71.1,41,2,,,,,4.1635516987418555,3.028037599084986,1.375,1.2616823329520774,0.270042194092827,0.68539326,,4,0.2642857142857143,1.3738318736589288,127.69056576932348,126.71793570466517,,,,-0.471727967262268,0.2098118846737396,33,24,5,10,0,1,0,37
Sam McDowell,1008476,118659,NYY,-0.5546637738007121,,-0.12,4.687500372529059,,5.390719828009623,,,,0.14732143,0.18303571,-0.03571429,48.0,13,7,,,,,6.1875004917383585,7.687500610947658,0.80487805,1.1250000894069745,0.25,0.75067024,,0,0.2295081967213114,1.7291668040884975,131.9862391883217,150.88429463179008,,,,-1.0104720443487167,0.0547335303484217,33,41,0,6,2,0,0,25
Bob Johnson,1006430,116619,CLE,-0.5833448767662048,,-0.35,4.374999420510475,,5.411552562537067,,,,0.11111111,0.11419753,-0.00308642,72.0,14,10,,,,,4.499999403953631,4.624999387396787,0.97297297,1.499999801317877,0.2669491525423729,0.74338086,,0,0.2640845070422535,1.5555553495148355,119.66993778004144,146.08721312364267,,,,-0.5736839957535267,1.09760344289506,36,37,3,12,4,0,0,35
Charlie Hough,1006050,116176,LAD,-0.6153745055198669,,-0.48,3.7499997019768,,4.265719470381748,,,,0.16195373,0.10282776,0.05912596,96.0,49,0,,,,,5.90624953061346,3.7499997019768,1.575,1.12499991059304,0.1962962962962963,0.69414317,,1,0.1884057971014492,1.0937499130765669,108.94977315613136,118.2419953976152,,,,-0.7445780038833618,-1.2653861277961518,63,40,4,12,0,0,0,40
Ken Sanders,1011417,121670,- - -,-0.6226199343800545,,-0.8300000000000001,6.532259772645522,,6.11047859266347,,,,0.08,0.08,0.0,20.2,18,0,,,,,3.4838718787442784,3.4838718787442784,1.0,2.1774199242151737,0.3291139240506329,0.6875,,2,0.3369565217391304,1.8870972676531508,181.4820849144929,166.67582703680446,,,,-0.885858029127121,-0.6402599696038129,8,8,0,5,0,0,0,15
Dave Lemanczyk,1007511,117663,DET,-0.6269860081374645,,0.18,4.00423693215155,,4.993473627059789,,,,0.14772727,0.125,0.02272727,78.2,22,3,,,,,5.949152013482303,5.033897857561948,1.18181818,1.3728812338805314,0.2768595041322314,0.75785582,,0,0.2581699346405229,1.5635591830306053,105.06086893261036,133.11183633736772,,,,0.0619740039110183,0.8043948888099679,52,44,2,12,1,0,0,35
Pete Broberg,1001454,111491,TEX,-0.6722091361880302,,-1.18,8.068966578643613,,6.129944209621641,,,,0.1171875,0.1015625,0.015625,29.0,12,2,,,,,4.655173026140545,4.034483289321806,1.15384615,2.1724140788655877,0.2391304347826087,0.42168675,,0,0.2543859649122807,1.4482760525770586,224.68924914557732,171.68453285523577,,,,-1.1423459649086,-1.2606687204036893,15,13,1,7,0,0,0,26
Rich Troedson,1013189,123471,SDP,-0.6818572953343391,,-0.65,8.678575326671332,,7.024650173095402,,,,0.12222222,0.08888889,0.03333333,18.2,15,1,,,,,5.3035738107435915,3.857144589631703,1.375,2.8928584422237775,0.28125,0.6097561,,1,0.2962962962962963,1.714286484280757,251.86286116464265,199.85292493674345,,,,-0.663748025894165,-1.222173320410895,11,8,1,6,0,0,0,18
Bill Laxton,1007411,117567,SDP,-0.7015399783849716,,0.26,4.029852513695198,,4.996131112709307,,,,0.19047619,0.18095238,0.00952381,44.2,30,1,,,,,8.059705027390397,7.656719776020877,1.05263158,1.0074631284237996,0.2580645161290322,0.78873239,,0,0.2189349112426035,1.679105214039666,116.95124441122896,142.20230373375892,,,,-0.4546939954161644,-0.1935445912568436,40,38,3,5,0,0,0,20
Tom Buskey,1001759,111802,- - -,-0.7456670701503754,,0.46,3.3750001522334916,,4.311327790774252,,,,0.1,0.08372093,0.01627907,98.2,55,0,,,,,3.922297474217301,3.283783931902857,1.19444444,1.003378423636984,0.272189349112426,0.80414013,,18,0.2627551020408163,1.4087838473286949,92.61015131087396,116.68382200220508,,,,0.234063982963562,0.1686563282679848,43,36,2,11,0,0,0,37
Jesus Hernaiz,1005704,115814,PHI,-0.9306342005729676,,-1.3,5.879031353761095,,5.505638509039894,,,,0.08333333,0.13020833,-0.046875,41.1,27,0,,,,,3.483870431858427,5.443547549778792,0.64,1.3064514119469102,0.3241379310344827,0.67528736,,1,0.3173652694610778,1.8870964839233144,157.10507875735402,148.66069535936336,,,,-1.8929920196533203,-1.1605953431343354,16,25,0,6,0,0,0,27
Vicente Romo,1011177,121428,SDP,-1.0318622440099716,,-1.18,4.563382124386036,,4.592304924823063,,,,0.08024691,0.11419753,-0.03395062,71.0,54,1,,,,,3.295775978723249,4.690142738952315,0.7027027,0.7605636873976728,0.2845849802371542,0.64456722,,9,0.2736842105263158,1.6197189639024514,132.43492568454602,130.72554167403047,,,,0.2169240079820156,4.297720693427676,26,37,2,6,0,0,0,36
Lowell Palmer,1009974,120197,SDP,-1.119725465774536,,-0.55,5.671232728534,,5.468630487875458,,,,0.1516035,0.17201166,-0.02040816,73.0,22,8,,,,,6.410958736603653,7.2739724126849135,0.88135593,1.1095890121044782,0.2731481481481481,0.70840198,,0,0.2454873646209386,1.7397259819415891,164.58610400596578,155.63076148320988,,,,-0.6632940173149109,1.2388945313666906,52,59,7,9,2,1,0,46
Darold Knowles,1007058,117210,OAK,-1.1270036809146404,,-0.7,4.3874997907877065,,5.4469694676995335,,,,0.072,0.14,-0.068,53.1,45,1,,,,,3.03749985516072,5.906249718368067,0.51428571,1.01249995172024,0.291005291005291,0.77008929,,3,0.2863849765258216,1.7999999141693157,128.54680631616463,148.2970446836533,,,,-0.6909680664539337,0.1337255367055877,18,35,2,6,0,0,0,26
