Name,PlayerId,MLBAMID,Team,fWAR,fWAR,bWAR,ERA,xERA,FIP,xFIP,vFA,vFA,K%,BB%,K-BB%,IP,G,GS,Barrel%,HardHit%,EV,GB%,K/9,BB/9,K/BB,HR/9,BABIP,LOB%,HR/FB,SV,AVG,WHIP,ERA-,FIP-,SIERA,Chase%,Chase%,Whiff%,Whiff%,WPA,Clutch,SO,BB,HBP,HR,QS,CG,ShO,ER
Chris Sale,10603,519242,ATL,6.4253740310668945,,6.21,2.380863175718908,2.782230288705658,2.0858042942755386,2.644250116623746,94.94208480046947,,0.32051282,0.05555556,0.26495727,177.2,29,29,0.05581395,0.31162791,86.53829602541371,0.448356807,11.397749245462858,1.975609869213562,5.76923077,0.4559099698185143,0.3135391923990498,0.7981756,0.062937062,0,0.2152671755725191,1.0131332662633652,57.462253207147725,53.22823922997992,2.803292149652315,0.34492968,,0.28809869,,4.0414605140686035,-0.1089429499028442,225,39,8,9,18,0,0,47
Tarik Skubal,22267,669373,DET,5.9618635177612305,,6.66,2.390625,2.6851972148481353,2.4946047782897955,2.8256122650811455,96.99477782943676,,0.30278884,0.04648074,0.2563081,192.0,31,31,0.06652807,0.33679834,87.4467246960888,0.45702306,10.6875,1.640625,6.51428571,0.703125,0.2725321888412017,0.8,0.087719298,0,0.2002820874471086,0.921875,59.29183996943964,60.16304128751233,2.8893415627543417,0.32818846,,0.28405201999999996,,4.286072254180908,0.4736745710700125,228,35,9,15,22,0,0,51
Zack Wheeler,10310,554430,PHI,5.392975807189941,,6.49,2.565,2.821236140494097,3.126479778289795,3.300687974356115,95.46789937258688,,0.28462516,0.0660737,0.21855146,200.0,32,32,0.08349901,0.33200795,86.72028662008282,0.426,10.08,2.34,4.30769231,0.9,0.2463768115942029,0.80116959,0.102564102,0,0.1911966987620357,0.955,61.207644137788435,75.9598867875301,3.3169765272525167,0.32580424,,0.25257732,,3.951886177062988,0.842723545456467,224,52,8,20,26,0,0,57
Cole Ragans,21846,666142,KCR,4.855106353759766,,4.68,3.1395349694195023,3.254923066167714,2.9947445320993267,3.457536477955223,95.54908834226646,,0.29265092,0.08792651,0.20472441,186.1,32,32,0.06223176,0.35407725,88.32997982768053,0.407407407,10.771019972008446,3.236136045401641,3.32835821,0.724508069866039,0.2904656319290465,0.74747475,0.080645161,0,0.2119013062409288,1.143112732455306,75.78170451273822,72.87890091858776,3.4946125197414393,0.29949239,,0.29454305999999997,,2.5627102851867676,-0.2318506945288772,223,67,6,15,21,1,0,65
Dylan Cease,18525,656302,SDP,4.746432781219482,,4.03,3.470070515755412,3.3068118444664107,3.0978178046142695,3.4351364194456018,96.92338346541788,,0.29396325,0.08530184,0.20866142,189.1,33,33,0.08492569,0.38428875,89.01378973599138,0.397849462,10.64788760998921,3.0897888153986544,3.44615385,0.8556338258027043,0.2626931567328918,0.6935123,0.091370558,0,0.1971223021582734,1.066901437112014,87.43770375370642,77.31974145663848,3.457713576221004,0.31109799,,0.3069889,,1.2994163036346436,-0.8241842621410169,224,65,2,18,16,1,1,73
Seth Lugo,12447,607625,KCR,4.6767354011535645,,5.04,3.004838857581298,3.764560781549614,3.2487378468548225,3.8298950890902206,92.34196428571428,,0.21650718,0.05741627,0.15909091,206.2,33,33,0.08026756,0.38963211,88.50118511652542,0.441624365,7.882258452495868,2.090322683534816,3.77083333,0.6967742278449386,0.2766323024054983,0.75141777,0.073732718,0,0.2272143774069319,1.0887097310077165,72.53042652228318,79.21697918423996,3.937443872712888,0.28045515,,0.20457698000000002,,3.5803744792938232,0.2341389770819573,181,48,9,16,22,1,0,69
Cristopher Sánchez,20778,650911,PHI,4.654372692108154,,3.79,3.319266240910031,3.5964410251469223,2.995837566899727,3.1907934967201372,,,0.20291777,0.05835544,0.14456233,181.2,31,31,0.05385996,0.34470377,87.4145971145073,0.573770491,7.579816938197533,2.179816635821513,3.47727273,0.5449541589553782,0.3131868131868132,0.71225071,0.093220338,0,0.2563380281690141,1.244036766908237,79.20641983321478,72.85928569830588,3.577777788602064,0.35693431,,0.22051639999999995,,1.5996267795562744,-0.2882303092287239,153,44,0,11,17,2,1,67
Garrett Crochet,27463,676979,CHW,4.625381946563721,,4.05,3.5753424657534247,2.8508351995356422,2.6870277234952744,2.378815742520845,97.27986666341654,,0.3512605,0.05546218,0.29579832,146.0,32,32,0.09195402,0.38793103,88.29796511627907,0.450867052,12.883561643835616,2.0342465753424657,6.33333333,1.1095890410958904,0.3181818181818182,0.73637703,0.144,0,0.2208258527827648,1.0684931506849316,88.66931441634587,63.21058668364914,2.5324797444409644,0.33427495,,0.30671937000000005,,1.672254204750061,-0.0826012915908318,209,33,5,18,11,0,0,58
Logan Webb,17995,657277,SFG,4.439412593841553,,3.79,3.473941540743131,4.367291185973823,2.9466100605212424,3.28218585995796,92.8356818896812,,0.20451843,0.05945303,0.1450654,204.2,33,33,0.06969206,0.46191248,89.81251905487805,0.568181818,7.563518291238209,2.198697177685526,3.44,0.4837133790908157,0.3151815181518151,0.71668064,0.078571428,0,0.256020278833967,1.2312704195038946,86.3206696983493,75.77112448932698,3.614297077813484,0.34161114,,0.18546196000000004,,1.131911039352417,-1.1525217822816585,172,50,2,11,20,1,1,79
Paul Skenes,33677,694973,PIT,4.267452239990234,,5.78,1.962406015037594,2.5029111064749023,2.4446752670115997,2.5358691781759264,98.86830223321344,,0.3307393,0.06225681,0.26848249,133.0,23,23,0.05228758,0.3627451,87.8323406559406,0.513157894,11.50375939849624,2.1654135338345863,5.3125,0.6766917293233082,0.2837837837837837,0.8559322,0.106382978,0,0.1974789915966386,0.9473684210526316,46.70187387339791,61.11850670301294,2.7140478644684807,0.31047992,,0.26609848,,3.6879262924194336,0.5194684908679443,170,32,6,10,15,0,0,29
George Kirby,25436,669923,SEA,4.146920680999756,,2.08,3.5340314136125652,3.398079554381694,3.26072061598613,3.5761652496238656,96.18291523552504,,0.23007712,0.02956298,0.20051414,191.0,33,33,0.08084359,0.36203866,88.98805843360071,0.412811387,8.434554973821989,1.0837696335078535,7.7826087,1.036649214659686,0.2906764168190128,0.71587125,0.096069868,0,0.2419786096256684,1.068062827225131,93.98965265575102,82.77411141016428,3.5619932917794506,0.32970225,,0.21496512,,1.3643022775650024,0.5166363063627573,179,23,7,22,20,0,0,75
Logan Gilbert,22250,669302,SEA,4.012938499450684,,2.95,3.2348244388482548,3.0704950096826504,3.2671187608317407,3.111011874899547,96.76760925876728,,0.2739726,0.04607721,0.22789539,208.2,33,33,0.07195572,0.39298893,89.59813724347015,0.451492537,9.488818353954882,1.595846723165139,5.94594595,1.121405805467395,0.2364341085271318,0.69462647,0.128712871,0,0.1942257217847769,0.8865815128695217,86.03206644925821,82.9403107962842,3.1911980098513055,0.31638796,,0.29588504000000004,,1.048504114151001,-1.7317907379380504,220,37,4,26,22,1,0,75
Michael King,19853,650633,SDP,3.902183450758457,,4.07,2.9539348328033785,3.5290344688378044,3.3334663477855027,3.4974666620631862,93.8029189648717,,0.2768595,0.08677686,0.19008265,173.2,31,30,0.06153846,0.3032967,85.65022672925677,0.404017857,10.416507041990862,3.2648753415195237,3.19047619,0.8809981080290779,0.2899543378995434,0.75184017,0.103030303,0,0.2195121951219512,1.191938616745223,74.43228535146613,83.0640797554643,3.6298363705917778,0.296322,,0.26585179999999997,,1.7449124250561,0.1169984724628692,201,63,7,17,14,0,0,57
Tyler Glasnow,14374,607192,LAD,3.896384954452514,,2.15,3.4925373134328357,2.652902212316274,2.8978230618718848,2.6838001117555064,96.41026368261826,,0.32183908,0.06704981,0.25478927,134.0,22,22,0.0815047,0.39498433,88.95769481169872,0.485714285,11.28358208955224,2.3507462686567164,4.8,1.007462686567164,0.2532894736842105,0.69811321,0.136363636,0,0.188911704312115,0.9477611940298508,85.12839566261906,69.77221056994821,2.9002358520346823,0.28977871,,0.28497942,,0.4886683225631714,-1.5819216399945146,168,35,0,15,14,0,0,52
Tanner Houck,19879,656557,BOS,3.884846210479736,,3.17,3.1231345061763083,4.131934293010457,3.317599189878971,3.5750677723239668,93.7676010131836,,0.20726783,0.06460296,0.14266487,178.2,30,30,0.05714286,0.41714286,89.42369641136801,0.559386973,7.757463128244379,2.4179105854268195,3.20833333,0.5541045091603127,0.2821011673151751,0.7086999,0.088,0,0.2297496318114874,1.141791109784887,74.53506063978045,80.40890913622137,3.728518217924304,0.29393468,,0.21019608,,1.754722237586975,-1.2661581263165065,154,48,16,11,19,1,1,62
Corbin Burnes,19361,669203,BAL,3.836148262023926,,3.86,2.917667314785712,3.2966055908974865,3.547268810554597,3.5460831610000634,,,0.23086735,0.06122449,0.16964286,194.1,32,32,0.06690778,0.3164557,87.50493458638026,0.481751824,8.38250450755895,2.2229846207891137,3.77083333,1.0188679511950105,0.2693032015065913,0.75461455,0.116402116,0,0.2247956403269754,1.0960549171946323,73.60423052135725,86.94124349751547,3.7489375712265383,0.32624113,,0.26456477,,1.303120732307434,-0.2339927953860454,181,48,2,22,22,0,0,63
Sonny Gray,12768,543243,STL,3.8114938735961914,,1.58,3.8416834842072904,3.6564511125509465,3.124395608666241,2.819376976380927,92.57662771507664,,0.30253353,0.05812221,0.24441133,166.1,28,28,0.08920188,0.37793427,89.5566265060241,0.423076923,10.983968271747605,2.1102205054096386,5.20512821,1.1362725798359592,0.2987654320987654,0.67917206,0.142857142,0,0.2257551669316375,1.0881763859804687,95.21736830024892,78.9216852683884,3.0309612324089628,0.31255195,,0.27726894,,1.207058310508728,0.6037964426631599,203,39,3,21,13,0,0,71
Hunter Greene,22182,668881,CIN,3.6906678676605225,,6.03,2.75388035924807,3.051496028377187,3.472466484872914,4.194870973319694,97.79505429025424,,0.27659574,0.09328969,0.18330606,150.1,26,26,0.05191257,0.32513661,87.26188061118785,0.339779005,10.117516972020082,3.4124169668943476,2.96491228,0.7184035719777574,0.2372881355932203,0.80541237,0.068571428,0,0.1794392523364485,1.0177383936351565,63.653400704867536,81.60966947769687,3.804999171109145,0.29864972,,0.25911558999999995,,3.1646339893341064,-0.0816415858542471,169,57,19,12,13,0,0,46
Framber Valdez,17295,664285,HOU,3.6534717082977295,,4.63,2.9092628438408847,3.4488451971603906,3.2458748656460767,3.084911430636234,95.94760131835938,,0.24039829,0.07823613,0.16216216,176.1,28,28,0.05285412,0.45031712,90.2101765422078,0.605603448,8.62570913349315,2.80718344581138,3.07272727,0.6635160871917808,0.2760869565217391,0.77133479,0.139784946,0,0.2180685358255451,1.1058601453196346,72.7526814785996,79.27382259678772,3.4147841475661296,0.30287009,,0.25709371999999997,,2.8025505542755127,0.1100717185026982,169,55,6,13,17,1,0,57
Yusei Kikuchi,20633,579328,- - -,3.6429601907730103,,1.5899999999999999,4.047438476657994,3.6971066657237217,3.456802369442478,3.1990503021500785,95.57594159388648,,0.2798913,0.05978261,0.2201087,175.2,32,32,0.09710744,0.45041322,90.1006246737996,0.425887265,10.554080078374009,2.254269531303186,4.68181818,1.2808349609677194,0.3093681917211329,0.71910112,0.135135135,0,0.2420289855072463,1.201138563396395,101.2375424123476,83.43776698260423,3.295339773332474,0.28478731,,0.26775568000000005,,0.7819345593452454,-0.01380986623107,206,44,2,25,12,0,0,79
Reynaldo López,16400,625643,ATL,3.5334625020623207,,5.09,1.9901719155586892,3.912487405455899,2.915865537071293,3.439922898462065,95.70626747157566,,0.27255985,0.07734807,0.19521179,135.2,26,25,0.08831909,0.42165242,89.77873675028484,0.39367816,9.818181450089536,2.786240681782165,3.52380952,0.6633906385195631,0.2873900293255132,0.86956522,0.075187969,0,0.2164328657314629,1.1056510641992718,48.032899875926866,73.684567614934,3.578383661237745,0.30563798,,0.24951643999999995,,3.2384742349386215,0.8009758119760151,148,42,2,10,14,0,0,30
Ranger Suarez,17277,624133,PHI,3.4363789558410645,,2.9,3.4646020038302265,3.649265098862677,3.3655948359811876,3.2615301697807766,92.02605879934212,,0.23162939,0.06549521,0.16613419,150.2,27,27,0.05057471,0.34252874,86.91040558510639,0.518779342,8.661505009575565,2.4491152096041255,3.53658537,0.8362832423038478,0.2992874109263658,0.73918269,0.127272727,0,0.2413793103448276,1.201327514738067,82.6745132668652,81.6349316328304,3.612807451001345,0.30541455,,0.20072332999999998,,1.016124606132507,0.1568724738655766,145,41,5,14,11,1,1,58
Erick Fedde,17425,607200,- - -,3.40673166513443,,5.56,3.298872275069166,3.890610919619588,3.860088820740235,4.116248779535615,93.37863498263889,,0.21212121,0.07162534,0.14049587,177.1,31,31,0.07572816,0.37669903,88.58128693043372,0.421052631,7.815789697856177,2.639097820055333,2.96153846,1.0150376230982048,0.2707070707070707,0.79234973,0.0990099,0,0.2301943198804185,1.1616541686568345,81.79539038070195,93.33975241958746,4.188596535860157,0.24244505,,0.19236641,,1.211944401264191,-0.7221026914575643,154,52,5,20,13,0,0,65
Nick Martinez,12730,607259,CIN,3.397096633911133,,3.98,3.098360766457221,3.2174562410662766,3.2086343465409137,3.890930479787186,92.7943915005388,,0.20350877,0.03157895,0.17192982,142.1,42,16,0.05104408,0.30394432,86.38561090433373,0.369411764,7.334894875694646,1.1381733427802037,6.44444444,0.8220140808968137,0.2751196172248804,0.71536145,0.073863636,0,0.2340036563071298,1.0257611607772206,71.6157471159684,75.53857102940462,3.799622320021936,0.33499501,,0.21296296000000003,,1.1133502572774887,-0.7493137735107815,116,18,5,13,6,1,0,49
Max Fried,13743,608331,ATL,3.370835781097412,,3.48,3.2523901522515013,3.7449676372517144,3.3328277754948985,3.326133318840467,94.2176310741688,,0.232493,0.07983193,0.15266107,174.1,29,29,0.04958678,0.34504132,86.29476660564853,0.587866108,8.569789924980146,2.94263870917993,2.9122807,0.6711281266550717,0.2823779193205945,0.72471324,0.117117117,0,0.2246153846153846,1.1644359804357227,78.49660088118151,83.96033527346273,3.6100307144933352,0.27078734,,0.22503962,,1.7181962728500366,-0.8038440920217347,166,57,7,13,16,2,1,63
Jack Flaherty,17479,656427,- - -,3.3211296796798706,,3.31,3.166666741233796,3.5991857092253405,3.4751217608661884,2.9958705333118116,93.40228853798588,,0.29892142,0.05855162,0.2403698,162.0,28,28,0.07748184,0.34866828,88.36095914672543,0.395121951,10.777778031567657,2.1111111608225306,5.10526316,1.3333333647300194,0.2853470437017995,0.80892608,0.154838709,0,0.2224052718286655,1.0679012597143211,78.01665032508869,83.79930337611255,3.095200344407547,0.33261649,,0.28763667000000004,,1.6976162195205688,0.5229199427469431,194,38,4,24,15,0,0,57
Michael Wacha,14078,608379,KCR,3.319831132888794,,3.14,3.348000204345716,4.03393941164317,3.652479807952883,4.1408899252293105,93.75292179927304,,0.21167883,0.06569343,0.1459854,166.2,29,29,0.08163265,0.3244898,86.90333658854166,0.385892116,7.830000477905303,2.4300001483154388,3.22222222,0.9180000560302768,0.2896405919661733,0.77136515,0.085,0,0.24251968503937,1.194000072875981,80.81361241892021,89.29184336336515,4.167355678661037,0.27339901,,0.21742605999999998,,1.5582244396209717,0.1548559262894968,145,45,5,17,14,0,0,62
Tanner Bibee,30134,676440,CLE,3.2966694831848145,,2.64,3.4721691093324223,3.7446510296258944,3.558034503720317,3.722129034411703,94.68333164915116,,0.26338028,0.06197183,0.20140845,173.2,31,31,0.07006369,0.36942675,88.37435730502136,0.346153846,9.690979454405417,2.2802304598600984,4.25,1.1401152299300492,0.2850779510022271,0.77102804,0.10576923,0,0.2279635258358662,1.1170825990223714,87.36308984252452,87.75526140682352,3.5784903942583415,0.27685325,,0.24190214,,1.3862504959106443,0.1549790490669993,187,44,8,22,12,0,0,67
Pablo López,17085,641154,MIN,3.2251782417297363,,2.63,4.079136802594762,3.7023843764854183,3.6466956188069033,3.356718526512719,95.10556640625,,0.25647668,0.05310881,0.20336788,185.1,32,32,0.08190476,0.37333333,87.88922776442308,0.428846153,9.615108177544798,1.9910072488855388,4.82926829,1.2625899627079027,0.3086172344689378,0.72170301,0.138297872,0,0.2489626556016597,1.192446075890797,100.66229777814796,88.88183885035859,3.4550697763795433,0.32017229,,0.25113563000000005,,-0.0296732857823371,-0.8234353793121322,198,41,8,26,18,0,0,84
MacKenzie Gore,22201,669022,WSN,3.2249128818511963,,0.85,3.895791702294717,4.135993849376615,3.533213256437909,3.8698469066084726,96.12840411888956,,0.24760602,0.08891929,0.15868673,166.1,32,32,0.06751055,0.37974684,88.03888721955128,0.391489361,9.79358747382422,3.517034175682731,2.78461538,0.8116232713113994,0.3398692810457516,0.68141593,0.090361445,0,0.2610687022900763,1.418837718736965,94.48992008941164,86.85498728649755,3.981339008727779,0.29058663,,0.24800531999999997,,-0.5115516781806946,0.3871064490393017,181,65,11,15,11,0,0,72
Hunter Brown,25880,686613,HOU,3.1712649650871754,,2.8,3.4941176470588236,3.30537356622151,3.5841268371133244,3.47062797642806,96.12489516028828,,0.25140449,0.08426966,0.16713483,170.0,31,30,0.04487179,0.3034188,86.18433298266497,0.489270386,9.476470588235294,3.176470588235294,2.98333333,0.9529411764705882,0.3066666666666666,0.76608784,0.126760563,0,0.241112828438949,1.2705882352941176,87.37829542057277,87.7281491344797,3.74389310973516,0.26978665,,0.22247191,,1.808118578279391,0.5483373681135499,179,60,5,18,19,0,0,66
Joe Ryan,21390,657746,MIN,3.138313055038452,,2.47,3.6,2.89194254763638,3.4405538523638692,3.4365343724687896,94.0268952404318,,0.2732342,0.04275093,0.23048327,135.0,23,23,0.08539945,0.36639118,88.33175378655989,0.356545961,9.8,1.5333333333333334,6.39130435,1.2666666666666666,0.2645348837209302,0.70915619,0.116564417,0,0.2156862745098039,0.9851851851851852,88.83846988677065,83.75316435013785,3.279291674150377,0.28938547,,0.24577861,,0.4683623909950256,-0.3567267695930842,147,23,5,19,13,0,0,54
Brandon Pfaadt,27782,694297,ARI,3.123135805130005,,0.39,4.706422281887357,3.732572940314249,3.606846775425454,3.5789809378818194,93.88067346256685,,0.24342105,0.05526316,0.1881579,181.2,32,32,0.08128544,0.39319471,89.37907869481766,0.414913957,9.165138127885909,2.0807340614659897,4.4047619,1.1889908922662795,0.3148514851485148,0.64483112,0.1182266,0,0.2563025210084033,1.2385321794440414,113.00860981644826,92.08549676114342,3.649859675330122,0.2983683,,0.23160961000000002,,-0.4730537831783294,-0.8470358447824479,185,42,4,24,13,0,0,95
Aaron Nola,16149,605400,PHI,3.1189963817596436,,3.98,3.5668897231211,3.770285498880573,3.944071771375267,3.4439326983857663,92.5970207622298,,0.2402439,0.06097561,0.17926829,199.1,33,33,0.07192982,0.38245614,88.48973313053098,0.445229681,8.894649056390591,2.2575251412158863,3.94,1.3545150847295315,0.2944444444444444,0.79,0.15625,0,0.2464146023468057,1.1989966861124373,85.11536719357935,95.36423242228656,3.67964467596119,0.33312921,,0.22807018,,1.4350963830947876,-0.1437327217421184,197,50,3,30,20,1,1,79
Shota Imanaga,33829,684007,CHC,3.094568252563477,,3.01,2.907692393015125,3.360244518184616,3.720325948387914,3.623136663468888,91.9415578358209,,0.25072046,0.04034582,0.21037464,173.1,29,29,0.08588957,0.39263804,88.57921810699588,0.372427983,9.034615649725566,1.4538461965075624,6.21428571,1.4019231180608638,0.264069264069264,0.80168776,0.122171945,0,0.22473604826546,1.021153876118407,71.8053139050199,93.23610397511716,3.498430126574146,0.36291601,,0.26183844,,1.65561044216156,-0.1923903008548844,174,28,3,27,19,0,0,56
Blake Snell,13543,605483,SFG,3.0745391845703125,,2.18,3.1153846153846154,2.554713072060103,2.4260951629051797,3.013641060716831,96.10436625608271,,0.34688995,0.10526316,0.2416268,104.0,20,20,0.05701754,0.28947368,86.5,0.420353982,12.548076923076923,3.807692307692307,3.29545455,0.5192307692307693,0.2657657657657657,0.70866142,0.065217391,0,0.1742627345844504,1.0480769230769231,77.41122964044112,62.714377909265394,3.161739851251199,0.31758794,,0.35900621,,1.570679783821106,-0.6561402953677182,145,44,1,6,10,1,1,36
Nestor Cortes,17874,641482,NYY,3.0698745250701904,,2.41,3.768642454290741,3.5954363361862605,3.8376078865881462,4.164166497803895,92.05567741687932,,0.22816901,0.05492958,0.17323944,174.1,31,30,0.07920792,0.43564356,89.72691081709651,0.310621242,8.363288734179452,2.013384324895054,4.15384615,1.239005738396956,0.2869022869022869,0.76429405,0.098360655,0,0.2428785607196401,1.1529636732305006,94.76879147318498,91.91039282272948,4.01535543318152,0.26923077,,0.21174004000000002,,0.5209324955940247,-0.7317472514115458,162,39,4,24,13,0,0,73
Justin Steele,17312,657006,CHC,2.9989845752716064,,1.91,3.07425765796757,2.8147480327074934,3.2333114665064815,3.624330011330223,,,0.24324324,0.06666667,0.17657658,134.2,24,24,0.04221636,0.33245383,86.89809782608695,0.448369565,9.02227790925265,2.472772464017394,3.64864865,0.8019802586002356,0.2697547683923705,0.72485207,0.086956521,0,0.2159533073929961,1.0990099840077303,75.91863454523417,81.26909601033756,3.742663784137303,0.2774427,,0.20936902000000002,,1.0468320846557615,-0.6897845659236732,135,37,4,12,11,1,0,46
Kevin Gausman,14107,592332,TOR,2.9966886043548584,,1.09,3.828729281767956,4.815906858544872,3.77421458491963,4.217318957294878,94.01073561574697,,0.21428571,0.07407407,0.14021164,181.0,31,31,0.09701493,0.41604478,90.16864095363287,0.382739212,8.05524861878453,2.7845303867403315,2.89285714,0.994475138121547,0.2810077519379845,0.7025641,0.088888888,0,0.2363896848137535,1.2209944751381216,95.77322527889828,90.74250899730023,4.2391997227519,0.29828179,,0.21000704999999997,,0.3548747301101684,-0.0017581784167897,162,56,2,20,16,2,1,77
Bailey Ober,21224,641927,MIN,2.9579076766967773,,2.96,3.9794778385149736,3.2542256493713024,3.8157335465988487,3.831460975046075,91.7146841561284,,0.26939351,0.0606488,0.20874471,178.2,31,31,0.08315565,0.34328358,87.54753024193549,0.33548387,9.621269204510886,2.166044899444859,4.44186047,1.3600747043025858,0.2466063348416289,0.70652174,0.115384615,0,0.206060606060606,1.0018657286837978,98.20297836721768,93.08739372065835,3.5648284910230355,0.33462733,,0.27163121,,0.9747964143753052,-0.5001508700232635,191,43,6,27,18,1,0,79
Yoshinobu Yamamoto,33825,808967,LAD,2.8732681274414062,,1.9,3.0,3.4451073018592613,2.6109242227342397,2.8598201168080175,95.62048625627092,,0.28532609,0.05978261,0.22554348,90.0,18,18,0.08333333,0.4125,88.38649624208861,0.478991596,10.5,2.2,4.77272727,0.7,0.3047210300429184,0.75657895,0.093333333,0,0.2260869565217391,1.1111111111111112,73.12310909481381,63.036538283143194,3.142984721468253,0.32127352,,0.24964739000000002,,0.9634621739387512,-0.148050076011031,105,22,1,7,7,0,0,30
Zac Gallen,19291,668678,ARI,2.830951452255249,,2.68,3.6486486486486487,3.9425915564072422,3.3759392377492548,3.623460475899078,93.8180123390558,,0.25120773,0.08695652,0.16425121,148.0,28,28,0.07371007,0.41031941,90.00913387345679,0.461728395,9.486486486486486,3.283783783783784,2.88888889,0.7905405405405406,0.3045685279187817,0.74652778,0.095588235,0,0.236234458259325,1.2635135135135136,87.60979929049107,86.30885213593412,3.85248559822819,0.30811936,,0.23891403,,0.9488322138786316,-0.1586962766714251,156,54,4,13,12,0,0,60
Zach Eflin,13774,621107,- - -,2.807284414768219,,2.79,3.592741963115369,3.73579143558988,3.7652701054756896,3.809602550214079,92.63402827099117,,0.19590643,0.03508772,0.16081871,165.1,28,28,0.07456979,0.36137667,88.10814104893412,0.42746615,7.294354894809992,1.3064516229510432,5.58333333,1.1975806543717895,0.2874251497005988,0.75215783,0.113402061,0,0.2526636225266362,1.1491935572254546,92.2915265065924,93.74661773409382,3.9667455969497936,0.31727273,,0.19180328000000002,,1.3892845958471298,0.9711402115405336,134,24,3,22,13,0,0,66
Sean Manaea,15873,640455,NYM,2.7818140983581543,,2.92,3.4678901024433157,3.759899715147293,3.832534861457479,4.035993900054773,92.2266050054407,,0.24932249,0.08536585,0.16395664,181.2,32,32,0.0746888,0.37759336,88.55618612421384,0.37605042,9.115596840708143,3.1211010921989844,2.92063492,1.0403670307329949,0.2451193058568329,0.74178935,0.102439024,0,0.2012012012012012,1.0844037304465606,86.98464705971224,94.98832679716097,3.964953326715085,0.27850877,,0.24041095999999995,,1.6565766334533691,-0.337040153751539,184,63,9,21,15,0,0,70
Bryce Miller,29837,682243,SEA,2.7484092712402344,,3.51,2.944547217985628,3.6814591077978993,3.5823762780052792,3.8544157895150137,95.30685427433248,,0.24289773,0.06392045,0.17897727,180.1,31,31,0.09690722,0.41237113,90.33250325520834,0.38095238,8.534196174161735,2.2458410984636146,3.8,1.0480591792830205,0.2370689655172413,0.78208556,0.098591549,0,0.1996951219512195,0.9759704526656696,78.31197232172312,91.12949798854956,3.804413556635646,0.27808327,,0.22628826999999996,,2.795288562774658,-0.2467792698941608,171,45,3,21,18,0,0,59
Cade Smith,27867,671922,CLE,2.6926159858703613,,2.39,1.9115047474253068,2.497331961244542,1.4009927546261436,2.4126101284819432,96.09155939826304,,0.35640138,0.05882353,0.29757786,75.1,74,0,0.08433735,0.42771084,90.41646222370429,0.436363636,12.305311811550412,2.0309737941393884,6.05882353,0.1194690467140816,0.303030303030303,0.79022989,0.016949152,1,0.1895910780669145,0.902655019617506,48.09528445342242,33.42122607522935,2.1587212387582637,0.29116466,,0.27068966000000005,,2.94887638092041,0.3141799286170625,103,17,3,1,0,0,0,16
Spencer Schwellenbach,31846,680885,ATL,2.6549742221832275,,2.68,3.3477089637223516,3.4286303376259455,3.2877735813232136,3.3443858529273034,96.16492344034609,,0.254,0.046,0.208,123.2,21,21,0.0494186,0.39825581,87.60911649816177,0.416422287,9.242587791146493,1.6738544818611758,5.52173913,1.0188679454807157,0.2787878787878788,0.74523397,0.112,0,0.2250530785562632,1.0431267060873994,80.79712521874178,82.85000347674945,3.4207714448166087,0.34610778,,0.25476429,,1.2454023361206057,0.2648155635007057,127,23,6,14,12,0,0,46
Nathan Eovaldi,9132,543135,TEX,2.6279804706573486,,1.84,3.796875226311399,3.888923951016343,3.8344485681038374,3.473425029652539,95.63152639314929,,0.23850575,0.06034483,0.17816092,170.2,29,29,0.07692308,0.42619543,89.31239331670169,0.483263598,8.753906771773504,2.214843882014983,3.95238095,1.212890697293919,0.2707423580786026,0.74481074,0.146496815,0,0.2272024729520865,1.1074219410074917,95.7463422635567,92.87814494822464,3.635609554342357,0.33057167,,0.24908425,,0.851520836353302,-0.1425154177673583,166,42,7,23,16,0,0,72
Griffin Jax,20253,643377,MIN,2.6004717350006104,,2.84,2.0281692320239895,2.380353069292193,1.941127533941968,2.3161196463997125,97.09996285467793,,0.3442029,0.05434783,0.28985507,71.0,72,0,0.07926829,0.38414634,88.25093410326087,0.52173913,12.042254815142435,1.90140865502249,6.33333333,0.5070423080059974,0.26875,0.77054795,0.076923076,10,0.1814671814671814,0.8732395304547732,50.049847567899434,46.44840240430793,2.147908752252176,0.3653484,,0.35611510999999996,,2.032346487045288,-0.5204158741027902,95,15,2,4,0,0,0,16
Reese Olson,24968,681857,DET,2.491748094558716,,1.44,3.5252227115448953,3.625634507859583,3.166479778289795,3.715852346444056,94.34578689334086,,0.2172043,0.07096774,0.14623656,112.1,22,22,0.05504587,0.43730887,90.18482730263158,0.506172839,8.091988496955327,2.6439170336586715,3.06060606,0.560830885927597,0.290625,0.67610063,0.06930693,0,0.2336448598130841,1.183976314736038,87.4319229781141,76.86344771518804,3.934430826474607,0.325,,0.27095293,,0.9091039896011353,-0.2112647328232835,101,33,4,7,9,0,0,44
Ryan Feltner,21446,663372,COL,2.46358585357666,,1.33,4.490759894298887,4.375893930183558,4.158266257003266,4.1679836347803185,94.78199004305704,,0.19942197,0.07514451,0.12427746,162.1,30,30,0.06464646,0.36767677,88.08834196063394,0.449186991,7.650924264361067,2.8829569691795323,2.65384615,1.1088296035305891,0.3052631578947368,0.66326531,0.115606936,0,0.2606635071090047,1.336755688700766,95.74138837411384,97.19488778888145,4.314303782857828,0.25846408,,0.21915584,,-1.2769275903701782,-1.9031819496391171,138,52,7,20,13,0,0,81
Brady Singer,25377,663903,KCR,2.452664375305176,,2.85,3.7068647738859655,4.708361332938133,3.9345688755814816,3.621908066111205,91.73305708586626,,0.22309711,0.07086614,0.15223097,179.2,32,32,0.07954545,0.41666667,88.87244851878613,0.471264367,8.515770426494786,2.705009429592461,3.14814815,1.1020408787228546,0.3023715415019762,0.77809798,0.144736842,0,0.2507163323782235,1.2745826324622913,89.47584075333452,96.3310152023406,3.893191839085533,0.25448505,,0.23053665999999995,,0.8472063541412354,-0.2143944294722977,170,54,10,22,13,0,0,74
Mitchell Parker,27636,680730,WSN,2.432508945465088,,0.86,4.291390728476821,4.366667728817627,3.848598983587809,4.1714173409619075,92.60531838109496,,0.20588235,0.06656347,0.13931889,151.0,29,29,0.08119658,0.38888889,89.60807860262008,0.379609544,7.927152317880795,2.562913907284768,3.09302326,1.0728476821192052,0.3022222222222222,0.67318757,0.096256684,0,0.2562396006655574,1.304635761589404,104.08491982961291,94.44878285224478,4.245875295269778,0.32393162,,0.20162601999999996,,-0.6139795184135437,-1.0522663250429662,133,43,2,18,11,0,0,72
Jameson Taillon,11674,592791,CHC,2.3460159301757812,,2.27,3.266129132736241,4.042548530046877,3.922528188645406,4.155232218072615,92.54225017289072,,0.18518519,0.04888889,0.1362963,165.1,28,28,0.07170543,0.3875969,89.67224409448819,0.400785854,6.804435693200502,1.7963710230049326,3.78787879,1.1431451964576844,0.2686868686868687,0.7629256,0.101941747,0,0.2402496099843993,1.1310484218919945,80.65689073363967,98.20465400736612,4.291175715833407,0.2719704,,0.17770326999999997,,1.6216025352478027,-0.0022012890652809,125,33,1,21,16,0,0,60
Mason Miller,31757,695243,OAK,2.33666729927063,,2.48,2.492307984843091,1.776325026328185,2.1818642781048703,2.2147326747283302,101.11999322755418,,0.41767068,0.08433735,0.33333333,65.0,55,0,0.05691057,0.32520325,86.11382113821138,0.406504065,14.400001690204526,2.907692648983606,4.95238095,0.8307693282810303,0.2564102564102564,0.70564516,0.113207547,28,0.158590308370044,0.8769231798521987,64.3388361280756,54.31331467260835,1.9135996845798815,0.375,,0.37686567000000004,,3.479033946990967,0.0478498906497066,104,21,1,6,0,0,0,18
Chris Bassitt,12304,605135,TOR,2.3205277919769287,,0.05,4.157894736842105,4.521185009556146,4.078760480044181,4.275400760168569,92.66085178732014,,0.22163588,0.09234828,0.1292876,171.0,31,31,0.07539683,0.37103175,87.81763527054109,0.402805611,8.842105263157896,3.6842105263157894,2.4,0.9473684210526316,0.3333333333333333,0.72674419,0.101694915,0,0.2678571428571428,1.4619883040935673,104.00708956200856,98.21143213073424,4.314977973980293,0.24476534,,0.19593066999999997,,-1.166489839553833,0.3755141144547627,168,70,16,18,12,0,0,79
Luis Castillo,15689,622491,SEA,2.284731149673462,,1.92,3.644486797738508,4.011043964596625,3.9136280889372825,3.819234824997084,95.69790248054474,,0.2433936,0.06536857,0.17802504,175.1,30,30,0.08536585,0.41869919,89.72839506172839,0.393004115,8.9828899944259,2.412547598502956,3.72340426,1.2832699992037,0.284796573875803,0.78285714,0.122549019,0,0.2368815592203898,1.1692015548300378,96.92727883189828,99.73415589431436,3.7902529615666625,0.31477516,,0.23284823,,0.1409981250762939,0.1390622883179355,175,47,5,25,18,0,0,71
Freddy Peralta,18679,642547,MIL,2.270331382751465,,2.41,3.6794627875015222,3.828010143126509,4.156882907319939,3.9344894073369785,94.43561667171412,,0.27586207,0.0937931,0.18206897,173.2,32,32,0.08724832,0.36912752,87.56984304138322,0.366515837,10.364683908454992,3.523992528874697,2.94117647,1.347408908099149,0.2779097387173396,0.79631636,0.131313131,0,0.2210200927357032,1.214971280380002,89.9078532355994,102.0669214218702,3.7793950804725265,0.28457772,,0.28142458000000004,,0.7475526332855225,-0.1190063647766538,200,68,10,26,11,0,0,71
Zack Littell,15823,641793,TBR,2.2679834365844727,,2.81,3.626865789640896,4.382025429832069,3.8828977120460215,4.007155912614211,92.53914048321234,,0.21493902,0.0472561,0.16768293,156.1,29,29,0.0960334,0.39039666,89.25810855263158,0.340336134,8.117271053005814,1.7846482456963138,4.5483871,1.2665245614619,0.3107221006564551,0.78014184,0.108910891,0,0.2645161290322581,1.247334795379144,93.703429648382,97.48600221376952,3.99015773294394,0.3173913,,0.21450857999999995,,0.515932559967041,0.4361650240564627,141,31,5,22,10,0,0,63
Ryan Helsley,18138,664854,STL,2.2538928985595703,,2.81,2.0351760354488535,2.7306181467802455,2.412710876271701,3.351975720405567,99.82438497340424,,0.29699248,0.08646617,0.21052632,66.1,65,0,0.03658537,0.35365854,89.44478527607362,0.368098159,10.718593786697294,3.1206032543549087,3.43478261,0.4070352070897707,0.2919254658385093,0.78488372,0.044776119,49,0.205761316872428,1.100502596946417,50.44249660853053,61.360858227462536,3.0790250983214267,0.37782805,,0.32993890000000003,,4.113225936889648,0.3594139893701178,79,23,0,3,0,0,0,15
Emmanuel Clase,21032,661403,CLE,2.242258071899414,,4.4,0.605381145207661,2.4544813801537,2.2247757746334336,2.810682301936149,,,0.24444444,0.03703704,0.20740741,74.1,74,0,0.03645833,0.296875,86.50947779605264,0.57368421,7.991031116741125,1.210762290415322,6.6,0.2421524580830644,0.1947368421052631,0.85062241,0.04347826,47,0.1511627906976744,0.6591928025594531,15.231967600770398,54.17161522900429,2.6356106529051515,0.35514019,,0.24231464999999996,,6.23106575012207,0.563076497181525,66,10,2,2,0,0,0,5
Bryan Woo,30279,693433,SEA,2.2343571186065674,,2.38,2.8928572641249968,2.765136899293134,3.397249018732815,3.75402858748336,94.97071710918854,,0.21398305,0.02754237,0.18644068,121.1,22,22,0.04788732,0.35211268,88.75327746616809,0.40625,7.491758555810889,0.9642857547083322,7.76923077,1.0384615819935883,0.2404692082111437,0.76839827,0.093959731,0,0.2105263157894736,0.8983516860103266,76.93724747054068,86.32059828596539,3.747182009834144,0.31586402,,0.21538462000000003,,1.8659619092941284,-0.4577887725353462,101,13,3,14,10,0,0,39
Ronel Blanco,19407,669854,HOU,2.190775960683822,,4.67,2.79681283401589,3.972281998470077,4.146559489355193,4.090967087298483,93.61698084826718,,0.24556213,0.10059172,0.14497042,167.1,30,29,0.09318182,0.35454545,88.71513583682,0.398169336,8.928287123973805,3.657370629097703,2.44117647,1.183266968237492,0.2200956937799043,0.83550914,0.120218579,0,0.1881188118811881,1.087649435450624,69.94061526588766,101.785685227727,4.172175201866093,0.30521801,,0.26686657,,1.8561044870875776,0.2956056663999313,166,68,2,22,14,1,1,52
Andrew Heaney,15423,571760,TEX,2.1737462282180786,,0.36,4.27500028029086,4.435666857232042,4.04147983565927,4.176140982732315,91.81237906889358,,0.22943723,0.05916306,0.17027417,160.0,32,31,0.08316008,0.4012474,89.6293282166815,0.335429769,8.943750586397984,2.306250151209543,3.87804878,1.2937500848248658,0.296943231441048,0.71190211,0.108490566,0,0.2484375,1.250000081956392,107.8032897096734,97.99179313274408,3.952878047278601,0.31780616,,0.24140454,,-0.6910580024123192,-0.2749371177108008,159,41,12,23,7,0,0,76
Mitch Keller,17594,656605,PIT,2.1596126556396484,,1.97,4.247191011235955,4.246122886959055,4.076592137840357,4.078713848132097,94.52347448224852,,0.21474774,0.06468305,0.15006468,178.0,31,31,0.07195572,0.39114391,88.8278781366171,0.394052044,8.393258426966293,2.5280898876404496,3.32,1.1629213483146068,0.3063583815028902,0.73091248,0.116161616,0,0.2570621468926554,1.303370786516854,101.07581071553692,100.71802346573934,4.082250024311433,0.2801252,,0.19512195,,0.2813702225685119,1.358999092305821,166,50,15,23,15,1,0,84
Ryne Nelson,26253,669194,ARI,2.1585980653762817,,1.58,4.241150728826656,4.093454183260994,3.73727627700512,3.9764893178753735,95.24657074361484,,0.2,0.05396825,0.14603175,150.2,28,25,0.07526882,0.41505376,90.13836196373248,0.415948275,7.52654918073463,2.0309735884522016,3.70588235,1.0154867942261008,0.3080357142857143,0.71092832,0.1,1,0.2622673434856176,1.2544248634557715,101.83670720140196,95.34846897439988,4.0840710201235355,0.29268293,,0.16224899999999998,,0.527574434876442,0.7037897290300585,126,34,5,17,12,0,0,71
Gavin Stone,27792,694813,LAD,2.145951509475708,,2.11,3.527316042333899,3.9700223483309256,4.014460806648854,4.017035412189123,94.9641717863894,,0.2,0.0637931,0.1362069,140.1,25,25,0.06352941,0.36235294,88.18928571428572,0.442080378,7.43943019837695,2.372921701206441,3.13513514,1.1543943411274578,0.2825552825552825,0.79700272,0.116129032,0,0.2458410351201478,1.2114014690843693,85.97610525848953,95.9880918697892,4.197514068026134,0.28639391,,0.23169600999999995,,1.1566684246063232,0.4768590616143457,116,37,2,18,10,1,1,55
Tobias Myers,22191,668964,MIL,2.133734941482544,,2.64,3.0,4.123284249958439,3.912856589883998,3.9702576405760177,92.91630747767856,,0.22319859,0.06326889,0.1599297,138.0,27,25,0.07730673,0.3840399,89.72423475615832,0.375634517,8.282608695652174,2.347826086956522,3.52777778,1.173913043478261,0.2819843342036554,0.81100141,0.1125,0,0.2386363636363636,1.173913043478261,73.30514677930731,96.18003720015506,3.9921065480069458,0.2777242,,0.18984962000000005,,1.0376644134521484,0.1043117109305769,127,36,5,18,7,0,0,46
Luis Severino,15890,622663,NYM,2.1073484420776367,,1.66,3.9065934065934065,3.84674263898612,4.210435822245839,4.121125778089185,96.34099673000988,,0.21156373,0.07884363,0.13272011,182.0,31,31,0.05671078,0.35349716,87.0635838150289,0.459615384,7.961538461538462,2.967032967032967,2.68333333,1.137362637362637,0.2826086956521739,0.73730469,0.122994652,0,0.2405797101449275,1.2417582417582418,97.98858632772397,104.17696006032988,4.218684008499139,0.28709918,,0.18956044000000005,,-0.1788013726472854,0.2331661891707844,161,60,11,23,14,1,1,79
Luis Gil,21052,661563,NYY,2.095749616622925,,2.88,3.501099135923223,3.756296066247782,4.1357106125284275,4.357417141033389,96.5953136982362,,0.26844584,0.12087912,0.14756672,151.2,29,29,0.09448819,0.37270341,89.28759894459102,0.356200527,10.147253427845271,4.569231075696409,2.22077922,1.0681319397731863,0.2369146005509642,0.78754579,0.101694915,0,0.1884057971014492,1.1934066734502888,88.04096911913068,99.19065814462635,4.223043243113402,0.25293255,,0.25662251999999997,,1.6813844442367554,0.6053070761635528,171,77,8,18,10,0,0,59
Matt Strahm,13799,621381,PHI,2.053710460662842,,2.6,1.8670214660138744,2.483135638190294,2.2888201147789995,3.1479785280435646,93.56609806459566,,0.33333333,0.0464135,0.28691983,62.2,66,0,0.07092199,0.37588652,89.20428292410715,0.314285714,11.345745831930468,1.5797873943194325,7.18181818,0.5744681433888844,0.2335766423357664,0.82278481,0.057142857,3,0.1636363636363636,0.7500000760910436,44.55204112646757,56.079264456927035,2.371325891962523,0.32524272,,0.24470135000000004,,1.0487583875656128,-0.7996215898766258,79,11,6,4,0,0,0,13
Jeff Hoffman,17432,656546,PHI,2.0313034057617188,,2.18,2.1708544378121104,2.928357682004927,2.5182385225542343,2.801181328141988,96.85885847107438,,0.33584906,0.06037736,0.2754717,66.1,68,0,0.07643312,0.42038217,88.27179737580128,0.375796178,12.075377810329863,2.1708544378121104,5.5625,0.8140704141795414,0.2781456953642384,0.80204778,0.09375,10,0.1951219512195122,0.9648241945831602,51.802294699626685,61.52417355228895,2.394337756721309,0.35270541,,0.33075435,,2.304600238800049,0.2044179567625419,89,16,3,6,0,0,0,16
Grayson Rodriguez,24492,680570,BAL,2.0193307399749756,,1.62,3.857142941221901,3.7335579017860616,3.6636226462695065,3.573322863378851,96.25530133928572,,0.26476578,0.07331976,0.19144603,116.2,20,20,0.078125,0.396875,89.18562622070313,0.40625,10.028571647176944,2.7771429176797686,3.61111111,1.15714288236657,0.3081967213114754,0.75968992,0.122950819,0,0.2422222222222222,1.2428571699492792,97.3044585175311,89.85391106010762,3.613266514823055,0.31639723,,0.2715655,,0.9909462928771972,1.0684133827401605,130,36,5,15,11,0,0,50
Nick Pivetta,15454,601713,BOS,2.0111301988363266,,1.46,4.139588389771652,3.43740227356557,4.06579334223687,3.4976026633627244,94.05257329686154,,0.28907563,0.0605042,0.22857143,145.2,27,26,0.10103627,0.38860104,89.38955600828166,0.335064935,10.627003030458573,2.2242564482355145,4.77777778,1.7299772375165114,0.2793296089385474,0.75516693,0.150537634,0,0.2293906810035842,1.1258582021932853,98.79320632690778,98.9577028727024,3.305198365101914,0.31905594,,0.22454090000000004,,0.8573040217161179,0.616343511532021,172,36,1,28,11,0,0,67
Nick Lodolo,26378,666157,CIN,2.006086826324463,,1.17,4.760115816860124,3.673339399162138,3.9468266335127664,3.949817455871678,94.27840423583984,,0.2474645,0.07505071,0.17241379,115.1,21,21,0.08227848,0.37974684,89.21246006389777,0.447284345,9.520231633720249,2.8872833643249938,3.2972973,1.0144509117898626,0.2904290429042904,0.68214804,0.116071428,0,0.230593607305936,1.1965318446752229,110.02568011883676,92.52527354529192,3.782793281248485,0.29877369,,0.25990676,,0.3865539729595184,-0.2193881135811763,122,37,18,13,8,0,0,61
Brayan Bello,23920,678394,BOS,1.9821242094039917,,1.18,4.490759894298887,4.5164932712522265,4.189067079323561,3.8690408951852655,95.65701622596154,,0.21794872,0.09116809,0.12678063,162.1,30,30,0.07383966,0.41139241,88.52675490976645,0.508474576,8.482546467009008,3.548254731297886,2.390625,1.0533881233540598,0.3032967032967033,0.72054528,0.147286821,0,0.2503987240829346,1.3613963465570014,107.17407795864106,102.0138335777342,4.128617416888091,0.29682997,,0.24680511000000005,,-0.6753697395324707,-0.0961265315902727,153,64,11,19,10,0,0,81
Trevor Williams,16977,592866,WSN,1.9769130945205688,,2.47,2.0250000772476224,3.2446411383440923,2.79147976398468,3.816768755722639,89.18989839702073,,0.22692308,0.06923077,0.15769231,66.2,13,13,0.06557377,0.39344262,89.42692415006869,0.453551912,7.965000303840648,2.430000092697147,3.27777778,0.4050000154495245,0.2666666666666666,0.80246914,0.042253521,0,0.2107438016528925,1.0350000394821182,49.11507341818995,68.99567400412946,3.9571346158299097,0.27556326,,0.20570265,,1.667532205581665,0.0960336256185767,59,18,0,3,1,0,0,15
Miles Mikolas,9803,571945,STL,1.9394696950912476,,-0.48,5.3475731324174385,4.615169471188496,4.238324501998737,4.0838025414734505,93.39575892857142,,0.16944444,0.03472222,0.13472222,171.2,32,32,0.08098592,0.42253521,88.84655005530973,0.419469026,6.396116883871838,1.3106796893179995,4.88,1.3631068768907195,0.3099630996309963,0.62899787,0.126213592,0,0.2811594202898551,1.2757282309361864,132.54133052738305,106.40789052374792,4.2772303223837405,0.27085202,,0.14052045000000002,,-1.794643759727478,-0.4503086525149022,122,25,5,26,15,0,0,102
Kirby Yates,9073,489446,TEX,1.8954391479492188,,3.12,1.16756768794371,1.8576134852330684,2.5016148448774045,3.1196542932023377,93.3921148838141,,0.35864979,0.11814346,0.24050633,61.2,61,0,0.04098361,0.32786885,87.55289579028926,0.454545454,12.405406684401918,4.086486907802985,3.03571429,0.4378378829788912,0.1680672268907563,0.88114754,0.058823529,33,0.1111111111111111,0.8270271122934612,29.44272034304653,59.957307291573414,2.8491652202237674,0.33088235,,0.30891089000000005,,4.431180000305176,0.1988273749965436,85,28,2,3,0,0,0,8
Ryan Pepiot,26221,686752,TBR,1.891654372215271,,2.15,3.6,3.5973862448690803,3.951095162905179,4.053874416477405,95.03956514246325,,0.26345083,0.0890538,0.17439703,130.0,26,26,0.09064327,0.37134503,89.34970703125,0.352941176,9.830769230769231,3.3230769230769233,2.95833333,1.176923076923077,0.2615384615384615,0.74324324,0.109677419,0,0.2107438016528925,1.1538461538461535,93.00932714347154,99.23155043196672,3.879648991453097,0.29111531,,0.26919339,,0.1062042340636253,-0.2520714763680524,142,48,7,17,9,0,0,52
David Peterson,20302,656849,NYM,1.8781946897506712,,2.87,2.9008264462809916,4.589609629972819,3.6706120096947537,4.098189413338161,93.17740885416669,,0.19803922,0.09019608,0.10784314,121.0,21,21,0.07303371,0.42696629,89.33200911827196,0.50141643,7.512396694214876,3.4214876033057853,2.19565217,0.5950413223140496,0.293103448275862,0.78392622,0.077669902,0,0.2407002188183807,1.2892561983471074,72.76106138238151,91.05118491038124,4.3713836657811616,0.29355861,,0.22972972999999997,,1.194668173789978,0.6263151402617055,101,46,7,8,12,0,0,39
David Robertson,8241,502085,TEX,1.8453360795974731,,1.5,3.0000003178914727,3.1665192535608204,2.6525908349472744,2.8838193863377555,,,0.33445946,0.09121622,0.24324324,72.0,68,0,0.05454545,0.37575758,88.65460242523007,0.487804878,12.375001311302324,3.3750003576279064,3.66666667,0.6250000662273901,0.3,0.76923077,0.092592592,2,0.2007575757575757,1.1111112288486935,75.6514344314295,63.686396653981454,2.6917242015388076,0.24784854,,0.26996198000000005,,2.5465664863586426,-0.1006685754237721,99,27,5,5,0,0,0,24
Simeon Woods Richardson,24494,680573,MIN,1.8420921564102173,,2.03,4.1745639087221456,4.045841293142306,4.116604538877094,4.551368757712746,92.98466309652927,,0.2056239,0.08435852,0.12126538,133.2,28,28,0.08229426,0.36159601,88.448106895466,0.352644836,7.87780608581437,3.231920445462306,2.4375,1.077306815154102,0.2831168831168831,0.73567708,0.09090909,0,0.2413127413127413,1.2942644376504142,103.01718613761444,100.57287040293936,4.5094067955579185,0.27747253,,0.19437115000000005,,0.9499203562736512,0.0999585497152012,117,48,3,16,7,0,0,62
Kutter Crawford,20531,676710,BOS,1.8376601934432983,,1.53,4.361161766047359,3.845346132680945,4.647423598970047,4.348371778374868,92.76775045955884,,0.23056653,0.06719368,0.16337286,183.2,33,33,0.09923664,0.36259542,88.43571277750965,0.33011583,8.575318079306605,2.499092697397925,3.43137255,1.6660617982652832,0.246938775510204,0.70489845,0.1328125,0,0.2217453505007153,1.1215971583093085,104.08115822401967,113.37714150242252,4.093481215307128,0.3210728,,0.23376622999999996,,-0.1101957187056541,-0.8909776664425503,175,51,9,34,15,0,0,89
Joe Jiménez,15761,641729,ATL,1.8246062994003296,,1.77,2.6213593203853613,2.569237803615505,2.336382660167764,3.521129259993768,94.636664388668,,0.29602888,0.08303249,0.21299639,68.2,69,0,0.04761905,0.32738095,87.76526829154191,0.419161676,10.74757321357998,3.0145632184431657,3.56521739,0.2621359320385361,0.2590361445783132,0.72254335,0.028169014,3,0.18,0.9902912988122476,63.26663982671638,59.40358277642932,3.037028733626935,0.3452381,,0.30053666999999995,,1.304002285003662,-0.964079725157346,82,23,4,2,0,0,0,20
Jake Irvin,21504,663623,WSN,1.8131256103515625,,1.91,4.412078391911096,4.298777448564651,4.4080429006512505,4.034709167073764,94.06858093368236,,0.20286086,0.06762029,0.13524057,187.2,33,33,0.09156194,0.39138241,88.82399857954546,0.439421338,7.481350316718815,2.4937834389062714,3.0,1.3907638409284977,0.2727272727272727,0.70063694,0.142857142,0,0.2426367461430575,1.1989343456280153,107.01212142177332,107.91896355785876,4.211716742056929,0.26666667,,0.19809394000000002,,0.1350943595170974,0.3120405772786065,156,52,4,29,16,0,0,92
Jon Gray,14916,592351,TEX,1.8011972904205322,,0.18,4.470779373053059,4.592338138799375,3.702194082250401,4.238620411057316,95.14766438802084,,0.19589977,0.06378132,0.13211845,102.2,23,19,0.08615385,0.42153846,90.46312408447264,0.400621118,7.53896129573653,2.4545455381467773,3.07142857,0.9642857471290912,0.3057324840764331,0.67725753,0.083969465,0,0.2603406326034063,1.314935109721488,112.7402789195792,89.61147455845905,4.294668667187892,0.30515192,,0.22422061999999998,,0.1191844195127487,-0.2239261738485464,86,28,0,11,7,0,0,51
Andre Pallante,26108,669467,STL,1.781767725944519,,1.55,3.782967251015966,3.5247793858814305,3.710435853599281,3.8876064493861815,94.66781356749748,,0.18467583,0.09430255,0.09037328,121.1,29,20,0.03287671,0.37260274,87.40965687144886,0.618131868,6.972527874421584,3.5604397656620854,1.95833333,0.5934066276103476,0.2857142857142857,0.70564516,0.096385542,0,0.2396514161220043,1.3021978772560403,93.76206746040494,93.3822334744242,4.148061078911358,0.24736842,,0.18100559000000005,,0.7357182502746582,-0.2063652076014742,94,48,2,8,7,0,0,51
Gerrit Cole,13125,543037,NYY,1.776229739189148,,1.85,3.4105263157894736,3.6159158517010304,3.692795567763479,3.986026619374752,95.8891251790831,,0.25384615,0.07435897,0.17948718,95.0,17,17,0.07421875,0.39453125,89.65156555175781,0.38671875,9.378947368421052,2.7473684210526317,3.4137931,1.0421052631578946,0.273469387755102,0.76844262,0.097345132,0,0.2197183098591549,1.1263157894736842,85.76336470096123,88.37378610570838,3.788225709342552,0.28918919,,0.22764227999999997,,1.207422137260437,0.3516660036774419,99,29,6,11,8,0,0,36
Matt Waldron,25550,663362,SDP,1.7677234709262848,,0.85,4.909091249576308,4.0966304293835005,4.257388944862308,4.323836031040198,90.83219242508794,,0.2128,0.064,0.1488,146.2,27,26,0.07029478,0.34920635,88.06582921579343,0.389016018,8.161364202420613,2.454545624788154,3.325,1.288636453013781,0.2952380952380952,0.67226891,0.112299465,0,0.2526132404181184,1.2613637238494682,123.69767831271952,105.58628120053062,4.132900875515977,0.22924188,,0.19258589999999998,,-0.3369197677820921,0.3611330267981313,133,40,11,21,10,0,0,80
Jared Jones,27863,683003,PIT,1.7602245807647705,,1.64,4.1424658400123455,3.981060247514056,4.004835960197056,3.7841111746441536,97.4367709437964,,0.26190476,0.07738095,0.18452381,121.2,22,22,0.09756098,0.44512195,89.62874498279817,0.387195121,9.764383765743387,2.884931567151455,3.38461538,1.3315068771468257,0.2838709677419355,0.72115385,0.131386861,0,0.2304347826086956,1.1917808468289488,98.58353251195562,98.97681347507846,3.7159285119019545,0.31644144,,0.27659574,,0.7356902360916138,0.4221962547202248,132,39,5,18,11,0,0,56
Patrick Corbin,9323,571578,WSN,1.7376071214675903,,-0.79,5.616412540838375,5.472135449010188,4.414571454031656,4.138030626887474,91.37990046121988,,0.18193717,0.07068063,0.11125654,174.2,32,32,0.08274648,0.4665493,90.81438989433454,0.46332737,7.1622141575828815,2.782442910140112,2.57407407,1.2881680139537557,0.3370165745856354,0.65652174,0.136612021,0,0.2942008486562942,1.5000000873594843,136.22247099617658,108.07615678330647,4.413766262898331,0.29419703,,0.21181556,,-2.1950995922088623,0.1230602170037409,139,54,3,25,9,0,0,109
A.J. Puk,19343,640462,- - -,1.7042057365179062,,1.22,3.154206169735591,2.7544515139075494,2.872087202447806,3.465815301392606,95.72936915600394,,0.29931973,0.0952381,0.20408163,71.1,62,4,0.03977273,0.33522727,86.22528707570044,0.367816091,11.10280571746928,3.5327109101038623,3.14285714,0.6308412339471182,0.2690058479532163,0.67567568,0.070422535,3,0.1931818181818181,1.1074768329293854,75.51202307140356,71.72840575723059,3.2254566979989807,0.31751825,,0.29391303999999996,,0.7441999912261963,-0.3682343855333381,88,28,2,5,0,0,0,25
Ryan Walker,20423,676254,SFG,1.7019689865410328,,2.79,1.9125001823902303,2.6137226304616377,2.5164797163009585,2.800185837868136,94.84207153320312,,0.32142857,0.05844156,0.26298701,80.0,76,1,0.06043956,0.3021978,86.39776317234146,0.469273743,11.137501062154872,2.0250001931190673,5.5,0.5625000536441854,0.2542372881355932,0.82857143,0.086206896,10,0.1779359430604982,0.8500000810623246,47.52189828353441,64.98161024756286,2.445474578882208,0.29158879,,0.27109514999999995,,3.6364681869745255,0.2891397822237658,99,18,9,5,0,0,0,17
Lucas Erceg,19360,668674,- - -,1.674403429031372,,1.24,3.356757310487046,3.1863028595214757,2.5340472415313657,3.103048609526815,98.84966603562286,,0.28458498,0.06324111,0.22134387,61.2,61,0,0.06289308,0.33333333,85.8691836183176,0.465408805,10.508109841524664,2.3351355203388144,4.5,0.4378379100635277,0.2948717948717949,0.67365269,0.061224489,14,0.2121212121212121,1.0540542279307148,84.69645057586435,63.02767344471406,2.832863559848881,0.30406852,,0.29111111,,1.0258301086723804,-0.2624629806047122,72,16,6,3,0,0,0,23
José Soriano,22100,667755,LAA,1.6722606420516968,,1.94,3.424778761061947,4.13154762489249,3.803647919882715,3.8199363131175,99.09733429562998,,0.20726496,0.09615385,0.11111111,113.0,22,20,0.06624606,0.44164038,89.95031582777668,0.596825396,7.725663716814159,3.584070796460177,2.15555556,0.6371681415929203,0.2686084142394822,0.71001495,0.114285714,0,0.2198067632850241,1.2035398230088497,84.16453559447531,91.58292811204323,4.030982607182642,0.28734322,,0.22166246999999994,,0.163208395242691,-0.5948927236973213,97,45,9,8,9,0,0,43
Bailey Falter,20070,663559,PIT,1.6719183921813965,,1.57,4.426229666367458,4.81904774892186,4.3046531210699985,4.706593744881703,91.92334125360924,,0.16468591,0.07640068,0.08828523,142.1,28,28,0.08948546,0.41163311,90.12591384747708,0.361556064,6.133489680537764,2.845433356950509,2.15555556,1.0749414904035255,0.2813953488372093,0.69723618,0.092391304,0,0.2536764705882353,1.2857143316591189,105.33662148881312,106.25207050561076,4.909250310258509,0.27107791,,0.17680607999999998,,0.0974442213773727,-0.4289904970262614,97,45,0,17,8,0,0,70
Clarke Schmidt,19899,657376,NYY,1.6709344387054443,,1.91,2.8476564197335494,3.726684975886374,3.576636052737014,3.9171447419492136,,,0.26345609,0.08498584,0.17847026,85.1,16,16,0.05882353,0.3800905,89.14516129032258,0.404545454,9.808594334637782,3.1640626885928325,3.1,0.843750050291422,0.2957746478873239,0.79959514,0.09090909,0,0.2261146496815286,1.1835938205476892,71.60906366210179,85.5369382158137,3.7727427965282594,0.2578019,,0.27613105000000004,,1.297990322113037,0.6398717199362636,93,30,9,8,2,0,0,27
Spencer Arrighetti,29921,681293,HOU,1.6624017292633653,,0.43,4.531034810568599,4.018403404645538,4.180272955083682,4.007647967562841,94.23001182406556,,0.27056962,0.1028481,0.16772152,145.0,29,28,0.07712082,0.39845758,88.86067242855277,0.359897172,10.613793871331923,4.034483050506286,2.63076923,1.3034483701635695,0.3206521739130434,0.72136564,0.12804878,0,0.2482142857142857,1.4068966535098844,113.30874865419112,102.6283252476789,3.933580510984074,0.26315789,,0.26061121,,-0.3169894348829984,0.4606950424879749,171,65,7,21,10,0,0,73
Edwin Uceta,20539,670955,TBR,1.656965970993042,,1.88,1.512000230712926,1.9353554360857144,1.7024795549010892,2.493719543858397,94.21927806712964,,0.35849057,0.05031447,0.3081761,41.2,30,0,0.03225806,0.31182796,87.3109868646978,0.34065934,12.312001878662397,1.7280002636719152,7.125,0.4320000659179788,0.2637362637362637,0.83850932,0.051282051,5,0.1733333333333333,0.8160001245117378,39.06392336093971,41.67709761131847,2.0969607957052285,0.36666667,,0.31686046999999995,,2.1638338565826416,0.4871313501696002,57,8,1,2,0,0,0,7
DJ Herz,26389,687792,WSN,1.655349850654602,,0.84,4.16165425470264,3.298956324486011,3.707833177275504,3.851482044262386,93.5108648255814,,0.27748691,0.09424084,0.18324607,88.2,19,19,0.08016878,0.34599156,89.41168662067099,0.363636363,10.759398804840972,3.6541354431535376,2.94444444,1.1165413854080253,0.2876106194690265,0.70281124,0.106796116,0,0.2215743440233236,1.263157930966655,100.9382451672115,91.05945142801345,3.765901791858216,0.28255208,,0.26588846,,0.591576337814331,0.3347942473978548,106,36,3,11,2,0,0,41
Tanner Scott,17586,656945,- - -,1.6380876302719116,,3.66,1.7500001390775155,2.9854005734123277,2.9164797584215782,3.3828187329641146,97.17322716346152,,0.28571429,0.12244898,0.16326531,72.0,72,0,0.04624277,0.2716763,84.321875,0.5,10.500000834465093,4.500000357627897,2.33333333,0.3750000298023248,0.2470588235294117,0.79691517,0.0625,22,0.1750972762645914,1.1250000894069745,43.142544614708754,72.43271873560026,3.5521634865544804,0.32175503,,0.30615641000000005,,3.1661218404769897,0.0435015436216357,84,36,1,3,0,0,0,14
Jeremiah Estrada,22210,669093,SDP,1.6306425333023071,,1.23,2.9508202257288123,2.5699237478468095,2.068118916490737,2.653307346946776,97.22673473324517,,0.37301587,0.09126984,0.28174603,61.0,62,0,0.05185185,0.37037037,89.17537313432835,0.350746268,13.868855060925418,3.393443259588134,4.08695652,0.5901640451457624,0.2900763358778626,0.72390572,0.068965517,1,0.1834061135371179,1.065573970402071,74.35380449943196,52.21906109720885,2.38890368396469,0.34177215,,0.33891993,,0.311518132686615,-0.6427822865707704,94,23,0,4,0,0,0,20
Hunter Gaddis,25636,683769,CLE,1.6267188787460327,,2.57,1.5669644991962568,2.719621079918741,2.8182654451350713,3.94434715962253,95.49272792779126,,0.23741007,0.05035971,0.18705036,74.2,78,0,0.05670103,0.36597938,88.45051747744846,0.381443298,7.955358226688689,1.6875002299036612,4.71428571,0.4821429228296174,0.2052631578947368,0.81227437,0.044444444,0,0.1653846153846153,0.7633929611468944,39.42632285834982,69.12111202920012,3.3823924630052264,0.30897704,,0.22627737000000003,,2.3176023960113525,-0.9321464266135396,66,14,4,4,0,0,0,13
Carlos Rodón,16137,607074,NYY,1.6175439357757568,,1.89,3.96,4.0877042201564775,4.389336921146938,4.0909709225382125,95.44512270190414,,0.26494565,0.07744565,0.1875,175.0,32,32,0.10970464,0.4092827,90.36170212765956,0.338297872,10.028571428571428,2.9314285714285715,3.42105263,1.5942857142857143,0.2844243792325056,0.79180509,0.133620689,0,0.2346786248131539,1.2228571428571429,99.58079568056056,105.3847203207836,3.776771666071264,0.31507692,,0.28487229999999997,,0.4967585206031799,1.0764900315657493,195,57,10,31,16,0,0,77
Raisel Iglesias,17130,628452,ATL,1.5774812698364258,,2.86,1.9471155274549283,2.2856490516174386,2.647248970968481,3.380180346222837,95.70596655009024,,0.26254826,0.05019305,0.21235521,69.1,66,0,0.04,0.30857143,85.95029239766082,0.444444444,8.826923724462342,1.6875001237942713,5.23076923,0.5192308073213142,0.1988304093567251,0.7231405,0.058823529,34,0.1563786008230452,0.7355769770385285,46.99373177057934,67.06468416232238,3.00868320401202,0.36225597,,0.3014553,,4.141538143157959,0.0324043028029255,68,13,3,4,0,0,0,15
Cody Bradford,27597,674003,TEX,1.5319304838776588,,0.87,3.53711813961633,3.450511603781135,3.5856937800221007,3.823818125274144,90.08597951121143,,0.22727273,0.04220779,0.18506494,76.1,14,13,0.08928571,0.34821429,88.75856031813063,0.36036036,8.25327565910477,1.532751193833743,5.38461538,1.17903937987211,0.2523364485981308,0.71875,0.102040816,0,0.2176870748299319,1.008733691668361,89.19601088691782,86.73393066849468,3.779329040073213,0.31343284,,0.20695651999999998,,0.7319962084293365,-0.2886918292766629,70,13,1,10,8,0,0,30
Robert Garcia,23363,676395,WSN,1.5273667573928833,,-0.12,4.223464947247836,2.5169577258637332,2.378770046065,2.7743079346531694,94.6184765625,,0.29880478,0.06374502,0.23505976,59.2,72,0,0.03144654,0.30188679,87.70591976768092,0.467532467,11.312852537270988,2.4134085412844777,4.6875,0.6033521353211194,0.3290322580645161,0.57228916,0.08,0,0.235042735042735,1.189944489105541,102.43742372848484,59.058530512567216,2.7127469874712973,0.33571429,,0.25987526000000005,,-1.484488606452942,-1.2156890209660645,75,16,1,4,0,0,0,28
Tyler Anderson,12880,542881,LAA,1.5200124979019165,,2.92,3.814126502228534,4.370591016356247,4.660903612496297,4.8518883299472595,89.70206429503916,,0.18562092,0.09542484,0.09019608,179.1,31,31,0.07918969,0.32965009,87.24481336805556,0.374074074,7.126394254163841,3.6635688771405666,1.94520548,1.204461000703748,0.2581888246628131,0.75831703,0.104803493,0,0.2306569343065693,1.2881041257526191,93.73282426544417,112.6341963402092,4.857933908423025,0.30408971,,0.25874126,,0.1597004383802414,-0.4110928862541461,142,73,7,24,12,0,0,76
Cole Sands,21461,663485,MIN,1.5190880298614502,,1.28,3.2803744165250146,3.3961273183401213,2.633769402956673,3.257218311809954,95.65833216028528,,0.29109589,0.04109589,0.25,71.1,62,0,0.06349206,0.37037037,89.0032237063172,0.367021276,10.72430097710101,1.5140189614730837,7.08333333,0.7570094807365418,0.2896174863387978,0.6851312,0.074074074,4,0.2153284671532846,0.9953272802276756,80.95095661660842,63.68088640158952,2.6757039152068054,0.30740741,,0.24570446999999995,,-0.0611197501420974,-0.8287768406567126,85,12,6,6,0,0,0,26
Taj Bradley,22543,671737,TBR,1.5183112621307373,,1.7,4.108695652173913,4.14813912436857,4.094016010173853,3.621213309510031,96.33713753918497,,0.26643599,0.08131488,0.18512111,138.0,25,25,0.10160428,0.42780749,91.16386081861413,0.4200542,10.043478260869565,3.0652173913043477,3.27659574,1.434782608695652,0.2840909090909091,0.73654391,0.150684931,0,0.231060606060606,1.2246376811594204,106.15194945722295,102.88968174259708,3.689471798824171,0.31055363,,0.25172414,,-0.7677077651023865,-0.8972434695977294,154,47,3,22,10,0,0,63
Albert Suárez,6175,544150,BAL,1.4933455009013414,,2.44,3.7032421770922257,4.083852520611453,4.236305296116438,4.52856551190087,94.82818619908235,,0.19115044,0.07610619,0.11504425,133.2,32,24,0.07055961,0.38442822,88.76015056950031,0.33910891,7.271821002290189,2.8952620657266492,2.51162791,1.1446384911012333,0.2868020304568528,0.78843627,0.098837209,0,0.2504816955684008,1.2942644376504142,93.42199143055085,104.1897872056564,4.562196673572115,0.29780034,,0.21599999999999997,,1.1618003025650978,1.2274620830869454,108,43,3,17,7,0,0,55
Tyler Holton,26231,663947,DET,1.4913952946662905,,3.16,2.194346629907537,2.77003399198014,3.166479778289795,3.676424451392295,92.07029335171568,,0.21751412,0.0480226,0.16949153,94.1,66,9,0.0546875,0.328125,86.63819224440206,0.472440944,7.346290891429581,1.62190837862731,4.52941176,0.6678446264935983,0.2008032128514056,0.7771261,0.076086956,8,0.1711711711711711,0.784452418421052,54.42378006502771,76.86344771518804,3.483038033309753,0.29890454,,0.234375,,3.7119415402412415,1.1490477034023,77,17,4,7,0,0,0,23
Orion Kerkering,31776,689147,PHI,1.4712743405252695,,1.65,2.285714562517749,3.196443661632161,2.4204479419124745,2.943754796438939,97.73459216270328,,0.28793774,0.06614786,0.22178988,63.0,64,2,0.05063291,0.33544304,87.2741947297127,0.53548387,10.57142985164459,2.4285717226751085,4.35294118,0.2857143203147186,0.3141025641025641,0.76502732,0.051282051,0,0.2198275862068965,1.079365210077826,54.543159276080765,59.20325768882126,2.7101565829354635,0.29183673,,0.25306122,,0.95671197026968,-0.5184125273014129,74,17,8,2,0,0,0,16
Justin Slaten,25648,686580,BOS,1.4673744440078735,,0.82,2.9277111124899173,3.258495652181224,2.606238762936786,2.896125144040805,96.57988937762605,,0.25892857,0.04017857,0.21875,55.1,44,0,0.03870968,0.36774194,87.77402724228897,0.5,9.433735806911956,1.4638555562449589,6.44444444,0.6506024694422039,0.2847682119205298,0.70610687,0.088888888,2,0.2206572769953051,1.012048285798984,69.87119026530848,62.77327567121416,2.764214895805359,0.35516373,,0.26558890999999996,,0.8479920029640198,-0.1282925662768465,58,9,2,4,0,0,0,18
Dean Kremer,19350,665152,BAL,1.4360791444778442,,0.71,4.095116002501343,4.523177508082863,4.32329220837492,4.337739340901206,93.55228365384616,,0.22242315,0.09222423,0.13019892,129.2,24,24,0.09840426,0.3537234,87.4075891344851,0.416666666,8.537275734028224,3.5398460360604833,2.41176471,1.2493574244919352,0.2569832402234637,0.66282421,0.115384615,0,0.220440881763527,1.241645341624701,103.30782427877509,106.36731711817362,4.332369024556835,0.27255639,,0.20440882000000005,,-0.8835198879241943,-0.9150822253204556,123,51,3,18,9,0,0,59
Keegan Akin,19362,669211,BAL,1.435413479804993,,1.16,3.317797360972438,2.4681040799559932,2.9885136363219247,3.2695065817620836,93.92152652877698,,0.30990415,0.06070288,0.24920128,78.2,66,0,0.07692308,0.37435897,88.347087880291,0.37037037,11.09746013842505,2.1737293054647004,5.10526316,1.0296612499569635,0.2473118279569892,0.70977918,0.097826086,1,0.1883561643835616,0.9406781789730284,83.69834372226964,72.95401169360954,2.700322545864837,0.24956063,,0.28006873,,-0.441363126039505,-1.8528489365890004,97,19,2,9,0,0,0,29
Kyle Gibson,10123,502043,STL,1.428179144859314,,0.85,4.243615185667697,4.819796139998384,4.421882604049823,4.192405846893454,91.61108265027322,,0.20914127,0.09418283,0.11495845,169.2,30,30,0.09218437,0.39078156,88.17829297667343,0.447580645,8.00982366294778,3.607072907817543,2.22058824,1.220039365879463,0.2899159663865546,0.70717131,0.13372093,0,0.2476923076923076,1.3497053854415315,105.17937558346952,110.9371883087856,4.436054892573236,0.25841924,,0.24406779999999995,,-0.697921633720398,-0.3572073957349784,151,68,4,23,13,0,0,80
Kenley Jansen,3096,445276,BOS,1.4145267009735107,,1.22,3.2926830800071847,3.3310303665253325,3.001845624289436,4.042051866241064,,,0.28440367,0.09174312,0.19266055,54.2,54,0,0.11111111,0.37037037,90.42836112406717,0.305970149,10.207317548022273,3.2926830800071847,3.1,0.658536616001437,0.2595419847328244,0.73033708,0.055555555,27,0.1928934010152284,1.060975659113426,78.58141637850423,72.58093060789268,3.420406850484008,0.25443787,,0.23785166000000002,,3.0069282054901123,0.2823276111385817,62,20,1,4,0,0,0,20
Tylor Megill,21318,656731,NYM,1.3976918384432793,,0.47,4.038461538461538,4.144363227341973,3.5510951629051797,3.7879244052637846,95.76696853997008,,0.27002967,0.09495549,0.17507418,78.0,16,15,0.1,0.42380952,88.93268298637577,0.401913875,10.5,3.692307692307693,2.84375,0.9230769230769232,0.3069306930693069,0.70675105,0.098765432,0,0.2325581395348837,1.3076923076923077,101.29621793372311,88.14514182536571,3.809830832437285,0.29753266,,0.26576577,,-0.3033737940713763,0.3885966652420425,91,32,4,8,3,0,0,35
Justin Martinez,24453,679885,ARI,1.3910722732543943,,1.92,2.4770645669450064,3.093809841432485,2.588498046002627,2.8757310301507397,100.63514655363475,,0.29545455,0.11688312,0.17857143,72.2,64,0,0.02793296,0.31843575,86.44482983117815,0.588571428,11.27064377959978,4.458716220501012,2.52777778,0.2477064566945006,0.3220338983050847,0.7537155,0.064516129,8,0.2185185185185185,1.307339632554309,59.478220688641855,66.60933096070814,3.1391331296046876,0.31365936,,0.29963899000000005,,0.3436347544193268,-0.9061180087674164,91,36,2,2,0,0,0,20
Joe Musgrove,12970,605397,SDP,1.3782349824905396,,1.72,3.882943242891325,4.3175637160260925,3.959121938983373,3.741124184854151,93.07288009129212,,0.24634146,0.05609756,0.1902439,99.2,19,19,0.10507246,0.4057971,90.26691051136363,0.413043478,9.12040157051218,2.0769231299186153,4.39130435,1.2642140790808962,0.3053435114503817,0.77281192,0.132075471,0,0.2493368700265252,1.1739130734322607,97.84113591434534,98.31551023759928,3.6242298966183553,0.29036635,,0.26435246999999995,,0.690180242061615,0.7450950779753993,101,23,10,14,10,0,0,43
Kyle Bradish,24586,680694,BAL,1.3752909898757937,,1.05,2.74576280062927,2.692997801185986,2.505462807767934,2.9207908391830824,,,0.32515337,0.09202454,0.23312884,39.1,8,8,0.06521739,0.29347826,85.00219994848901,0.549450549,12.127119036112608,3.432203500786587,3.53333333,0.4576271334382116,0.2777777777777778,0.78199052,0.071428571,0,0.1862068965517241,1.0677966446891605,69.2675813689634,60.861875059112826,3.092767882601048,0.24846626,,0.25441696,,0.6509680151939392,0.0774174049112963,53,15,3,2,2,0,0,12
Alec Marsh,27451,679525,KCR,1.3656506463885307,,0.62,4.534883989135031,4.91662159424265,4.33702248317764,4.215606089577734,94.28972164890054,,0.22445255,0.07116788,0.15328467,129.0,26,25,0.096,0.408,89.69132792981982,0.37735849,8.581395856363214,2.720930393481019,3.15384615,1.3255814737471632,0.2921348314606741,0.70355191,0.124183006,0,0.2469879518072289,1.2558140277604704,109.46246555989826,106.37373016786646,4.0777442483947475,0.2763285,,0.21073171000000002,,-1.101501930737868,-0.6424950911920624,123,39,11,19,5,0,0,65
Osvaldo Bido,23150,674370,OAK,1.3592933267354963,,1.61,3.410526486975343,2.703471651357613,3.3559534720106474,4.6261956003714655,94.99340355282736,,0.24324324,0.1003861,0.14285714,63.1,16,9,0.04294479,0.26993865,85.56419542100694,0.296296296,8.952632028310274,3.694737027556622,2.42307692,0.4263158108719179,0.25,0.71030641,0.037974683,0,0.1902654867256637,1.0894737388949012,88.04261194459987,84.56867046326018,4.228238016815238,0.25148515,,0.24103586,,0.7982819974422455,-0.064992287823931,63,26,7,3,4,0,0,24
Casey Mize,20492,663554,DET,1.3465311788022518,,0.26,4.485342033477379,4.750024341660883,3.948238738372998,4.043152572821671,95.73400341940066,,0.17256637,0.06415929,0.10840708,102.1,22,20,0.0787172,0.44606414,90.64129692685287,0.48973607,6.85993487473011,2.550488607271451,2.68965517,0.9674267131029642,0.3313253012048193,0.6954612,0.108910891,0,0.2874109263657957,1.4657980501560064,111.24462517422926,96.2951758816872,4.330478196350169,0.28373702,,0.1984127,,-0.6881737112998962,0.157657303130198,78,29,2,11,6,0,0,51
Calvin Faucher,20116,676534,MIA,1.3354021310806274,,0.88,3.186335781208273,3.7041796736639094,2.495672245403843,3.7635055312544816,96.16922729863222,,0.26808511,0.1106383,0.15744681,53.2,53,0,0.07746479,0.3943662,89.60287629271583,0.464285714,10.565218642953749,4.360248963758689,2.42307692,0.0,0.3450704225352112,0.6835443,0.0,6,0.2390243902439024,1.3975156935124005,76.23783214828583,62.0733913187172,3.60755457319035,0.24470135,,0.24355972000000004,,0.681924045085907,-0.0586360831476065,63,26,4,0,0,0,0,19
Declan Cronin,25645,686539,MIA,1.313233494758606,,0.15,4.350711687044928,3.6273799612429385,2.5835412842739713,3.4305993070637726,93.99001593338816,,0.23529412,0.08169935,0.15359477,70.1,56,0,0.04901961,0.41666667,89.45049504950495,0.576354679,9.213271807859847,3.1990527110624467,2.88,0.1279621084424978,0.3645320197044335,0.61776062,0.020833333,0,0.2717391304347826,1.421801204916643,104.09726095996665,64.19592741689056,3.276340068709158,0.25,,0.24418605000000004,,0.9950541257858276,0.5992875410403802,72,25,5,1,0,0,0,34
Lance Lynn,2520,458681,STL,1.310463786125183,,0.19,3.835227438979905,4.867607119868009,4.308525282341589,4.391444693571976,92.49589554704016,,0.21330724,0.08610568,0.12720157,117.1,23,23,0.10451977,0.39265537,88.88571428571429,0.362857142,8.360795816976193,3.375000146302316,2.47727273,1.2272727804735697,0.2869822485207101,0.6998557,0.111111111,0,0.244060475161987,1.338068239821878,95.0573531301533,108.1400953970926,4.397215948826222,0.25885827,,0.20651067999999995,,-0.4080342054367065,0.1025395144178912,109,44,4,16,7,0,0,50
Chris Flexen,13896,623167,CHW,1.3038595765829086,,1.61,4.950000177025801,4.789999236824052,4.797729836627844,5.03069198144204,91.43145376352165,,0.17397454,0.08910891,0.08486563,160.0,33,30,0.08092486,0.37379576,88.73929818594966,0.356031128,6.91875024743379,3.5437501267343805,1.95238095,1.350000048279764,0.3151515151515151,0.70955535,0.103896103,0,0.2803738317757009,1.5187500543147343,122.76114141842834,114.273196315397,4.948244895190685,0.27533333,,0.21150855000000002,,-1.348541688174009,0.5947243657738153,123,63,2,24,10,0,0,88
Jason Adam,11861,592094,- - -,1.2961198687553406,,2.59,1.9547512999272496,3.2366074427081823,3.0307331602392917,3.5440803306491606,95.55576760165664,,0.28723404,0.08156028,0.20567376,73.2,74,0,0.06395349,0.37790698,88.4568030001849,0.429411764,9.895928455881702,2.8099549936454213,3.52173913,0.6108597812272656,0.2095808383233532,0.79032258,0.073529411,4,0.1581027667984189,0.8552036937181717,50.268877402218706,75.93250397633696,3.101437031864299,0.33277027,,0.3655914,,2.498415946960449,-0.4351508125910726,81,23,6,5,0,0,0,16
Ben Brown,23590,676962,CHC,1.292245864868164,,0.88,3.578313335242061,4.227760345792166,3.112262909574006,3.631742220049449,96.7000759956532,,0.28828829,0.08558559,0.2027027,55.1,15,8,0.10869565,0.51449275,91.7897824475365,0.386861313,10.40963879343145,3.0903615167999616,3.36842105,0.813253030736832,0.2706766917293233,0.72222222,0.080645161,0,0.2029702970297029,1.084337374315776,88.3662635376432,78.29466896796335,3.430769524174509,0.2979798,,0.2893401,,1.2193439602851868,0.522992008172261,64,19,1,5,2,0,0,22
Frankie Montas,14309,593423,- - -,1.287661075592041,,0.58,4.838495779395981,4.674356660320071,4.7063028521167745,4.261249924982076,95.75308814010356,,0.2259542,0.10076336,0.12519084,150.2,30,30,0.09195402,0.42988506,89.26603727520637,0.41588785,8.840708337661791,3.942478042470799,2.24242424,1.4336283790802904,0.2822384428223844,0.68946188,0.148148148,0,0.2401372212692967,1.3672566948636105,114.12568272356252,111.87612701935564,4.377862554354312,0.27195686,,0.22335423,,-1.40334352850914,-1.0426460625539884,148,66,6,24,9,0,0,81
Austin Gomber,16561,596295,COL,1.269293189048767,,2.43,4.745454545454545,5.153480421524781,4.833146444956462,4.503848664236791,90.53192259933776,,0.16666667,0.0545977,0.11206897,165.0,30,30,0.0961183,0.41219963,90.22444175606344,0.379888268,6.327272727272727,2.0727272727272728,3.05263158,1.6363636363636365,0.2896281800391389,0.73142857,0.135135135,0,0.2709284627092846,1.309090909090909,101.17138687928004,112.69346889836154,4.61430264619428,0.26218487,,0.18001586000000003,,0.850398600101471,0.8620550305544068,116,38,1,30,12,0,0,87
Kevin Ginkel,19876,656464,ARI,1.2588701248168943,,0.84,3.2142864149445485,3.234488756348698,2.852193995495217,3.2283166493307176,96.1226097020934,,0.26460481,0.05154639,0.21305842,70.0,72,0,0.05612245,0.40816327,89.80257329252578,0.438144329,9.90000215802921,1.9285718489667292,5.13333333,0.7714287395866917,0.331578947368421,0.71246819,0.086956521,5,0.2527472527472527,1.2000002615792982,77.18007810364021,73.20624765150029,2.9734867784333203,0.33386328,,0.25645439000000003,,0.3774441182613373,0.0746208406139327,77,15,3,6,0,0,0,25
Gavin Williams,30122,668909,CLE,1.2575023174285889,,-0.09,4.855263157894737,4.149747558779216,3.666479778289795,4.120383695611044,96.63327858664772,,0.23795181,0.09638554,0.14156627,76.0,16,16,0.06880734,0.44036697,90.76221378168202,0.405529953,9.355263157894736,3.789473684210526,2.46875,0.8289473684210527,0.3080568720379147,0.66872428,0.084337349,0,0.2424242424242424,1.368421052631579,122.16305661270356,90.4869050490835,4.1921545733622185,0.30735294,,0.21162444000000002,,-0.6162497997283936,-0.1960935022920804,79,32,3,7,3,0,0,41
Mitch Spence,27707,687765,OAK,1.2524684816598892,,1.61,4.579295481240794,4.151293295898921,4.210532716292747,4.121043966823202,,,0.19354839,0.06758833,0.12596006,151.1,35,24,0.08421053,0.41684211,89.48498612579282,0.484143763,7.493392605666754,2.6167402749947395,2.86363636,1.1894273977248817,0.3186813186813186,0.72727273,0.122699386,0,0.2745424292845257,1.3810573673583348,118.21433921543904,106.59050596031376,4.175338019279052,0.30399348,,0.20833332999999998,,-1.2057714760303495,-0.4982667205494115,126,44,6,20,4,0,0,77
Patrick Sandoval,19447,663776,LAA,1.2016021013259888,,0.01,5.08368217065028,4.370306149613551,3.8694086710216857,4.044345777258426,93.99777631222943,,0.22946176,0.09915014,0.13031162,79.2,16,16,0.05128205,0.36324786,87.93722943722943,0.45021645,9.150627907170504,3.953975021616885,2.31428571,0.9037657192267164,0.3407079646017699,0.66189624,0.102564102,0,0.2698412698412698,1.506276198711194,124.93237632378433,93.1977872760478,4.258796824398145,0.26466381,,0.25377644,,-1.073813796043396,-0.6302037031684564,81,35,3,8,4,0,0,45
Jhoan Duran,21029,661395,MIN,1.193232536315918,,0.22,3.644172120280084,2.816137326162552,2.8535963134172624,2.7035639763129105,100.42614032033426,,0.28947368,0.06578947,0.22368421,54.1,58,0,0.03546099,0.36170213,87.03065835994525,0.608695652,10.932516360840252,2.484662809281875,4.4,0.6625767491418334,0.3211678832116788,0.61514196,0.137931034,23,0.2318840579710145,1.1595093109982086,89.92852088047539,69.1500384787989,2.5020077025154035,0.28,,0.29861110999999996,,1.5297539234161377,0.6528420438687357,66,15,6,4,0,0,0,22
Joe Mantiply,14857,573009,ARI,1.1929107829928398,,0.55,3.921789255687804,3.2529274280285807,2.512848235675161,3.714063302810929,89.4680913289388,,0.218107,0.07407407,0.14403292,59.2,75,2,0.0755814,0.41860465,88.12095925336827,0.529761904,7.994416559671293,2.7150848693223257,2.94444444,0.1508380482956847,0.2982456140350877,0.62682216,0.017857142,1,0.2311111111111111,1.173184820077548,94.16833535826132,64.71678957975476,3.602268699143924,0.38657407,,0.25714286,,0.6640642061829567,-0.6346468674807791,53,18,0,1,0,0,0,26
Fernando Cruz,7048,518585,CIN,1.1860056519508362,,0.32,4.860001019668793,3.9394538145339615,3.271479800319677,2.673166105548196,94.80318019701087,,0.37847222,0.12152778,0.25694445,66.2,69,3,0.0979021,0.44055944,88.65251939073741,0.357142857,14.715003087330512,4.72500099134466,3.11428571,1.2150002549171983,0.3358208955223881,0.69767442,0.176470588,0,0.2142857142857142,1.3350002800942056,112.3344343163514,76.9847213707946,2.7426362166724356,0.31382114,,0.36672967999999995,,0.1010601818561554,-0.5322760569990418,109,35,1,9,0,0,0,36
Grant Holmes,16944,656550,ATL,1.1822115778923037,,1.13,3.556097825667057,3.5163518956632243,3.195748073151252,3.5235622019413335,94.53659018987342,,0.24822695,0.05319149,0.19503546,68.1,26,7,0.06666667,0.38461538,88.74507670822538,0.438144329,9.219512881359035,1.9756099031483647,4.66666667,0.9219512881359035,0.3138297872340425,0.76502732,0.093333333,0,0.2490566037735849,1.1853659418890188,85.8266009453342,80.58209369142158,3.369085380710592,0.37546468,,0.30601093,,-0.2837059199810028,-0.6397939862836335,70,15,2,7,1,0,0,27
JP Sears,23429,676664,OAK,1.1812256574630735,,2.25,4.383764084468382,4.42833295092105,4.710760308045702,4.863584175754567,92.25301067073173,,0.18073879,0.0646438,0.11609499,180.2,32,32,0.10035842,0.39964158,89.28160576047358,0.372727272,6.824723631501913,2.440959547033531,2.79591837,1.394834026876303,0.2716981132075471,0.72522983,0.108108108,0,0.2474820143884892,1.223247301347869,113.16670362170802,119.48097786257124,4.613705213974773,0.25796426,,0.19971161000000004,,-0.5418294072151184,0.7291801841917466,137,49,14,28,13,0,0,88
Clay Holmes,13649,605280,NYY,1.1604137420654297,,0.62,3.1428577137643203,3.252546246439863,3.023622609482326,3.014230319070536,97.45304870605467,,0.25092251,0.08118081,0.1697417,63.0,67,0,0.05617978,0.36516854,88.83657366071428,0.649717514,9.7142874789079,3.1428577137643203,3.09090909,0.5714286752298764,0.3218390804597701,0.70528967,0.117647058,30,0.2439024390243902,1.3015875380236075,79.03239188066627,72.03124288622304,2.873685002746116,0.27932961,,0.27685950000000004,,-1.672226905822754,-0.6609925586931347,68,22,3,4,0,0,0,22
Will Vest,19769,676684,DET,1.1541478633880615,,1.56,2.815166691109663,3.907440115921077,2.8252474520946844,3.474619261951478,96.27974390360984,,0.21799308,0.06228374,0.15570934,70.1,69,0,0.02926829,0.3804878,88.44313916973039,0.485294117,8.06161370635949,2.303318201816997,3.5,0.3838863669694994,0.2871287128712871,0.75835476,0.053571428,2,0.2276119402985074,1.1232230737255726,69.82124462706241,68.38163408360545,3.4269013709911853,0.28977273,,0.21070812000000005,,0.096295841038227,-0.5168170888766703,63,18,3,3,0,0,0,22
Dennis Santana,17878,642701,- - -,1.1523423865437508,,0.8500000000000001,3.893024015617622,3.262653122309772,3.012991376240355,3.954135710038356,95.70514166845034,,0.24041812,0.07317073,0.16724739,71.2,62,0,0.04663212,0.32642487,86.32879734538612,0.361256544,8.665117970245674,2.6372098170312923,3.28571429,0.5023256794345319,0.2804232804232804,0.64136126,0.050632911,3,0.2175572519083969,1.0883723054414858,95.86457618844813,73.76742151982805,3.5609232315918034,0.32245681,,0.25535714,,1.4925922453403473,0.9645614602352364,69,21,4,4,0,0,0,31
Mark Leiter Jr.,15551,643410,- - -,1.1324023008346558,,-0.47,4.500001183871877,3.414261261580962,3.287169465213562,2.7453831761040255,91.8655029296875,,0.3359375,0.0859375,0.25,58.0,60,0,0.08275862,0.4,88.81736246744792,0.458333333,13.34483109699936,3.4137940015579753,3.90909091,1.2413796369301728,0.3430656934306569,0.66860465,0.166666666,0,0.238095238095238,1.3275865561614348,111.96842606031088,80.94183879213988,2.6304549751281736,0.33737024,,0.36518047,,0.4605963081121444,0.3552043163070113,86,22,3,8,0,0,0,29
Carlos Estévez,14542,608032,- - -,1.1321791857481005,,2.15,2.4545455396668014,3.225368687785824,3.2392070535391824,4.091727484202306,96.92242747758964,,0.23584906,0.05660377,0.17924528,55.0,54,0,0.10067114,0.42281879,90.32483155935402,0.32885906,8.181818465556004,1.9636364317334412,4.16666667,0.8181818465556004,0.2291666666666666,0.75,0.067567567,26,0.1909547738693467,0.909090940617334,59.62129505663958,77.88418526778412,3.565859602801709,0.29512894,,0.24065420999999998,,2.0453699827194214,0.0965496526242044,50,12,1,5,0,0,0,15
José Berríos,14168,621244,TOR,1.131396770477295,,2.46,3.6031196793401095,4.690743447033807,4.715873233475008,4.247861471122299,94.18377198193916,,0.19465649,0.06870229,0.1259542,192.1,32,32,0.07773852,0.41696113,89.55921567531306,0.432384341,7.159445596610867,2.5268631517450117,2.83333333,1.4506066241499145,0.2560747663551402,0.81419624,0.149758454,0,0.2336578581363004,1.1542461310440175,90.1297447170061,113.83648654415596,4.331294978879399,0.30541872,,0.19264705999999998,,0.6004905104637146,0.0753158212003307,153,54,13,31,21,1,0,77
Tanner Banks,16990,621383,- - -,1.1209091879427433,,0.12000000000000001,3.9815673102272697,3.3538682671836395,3.249429097252863,3.592515383108407,93.6517807387249,,0.25080386,0.08038585,0.17041801,72.1,63,2,0.06341463,0.34146341,87.50738961356026,0.497536945,9.70507031867897,3.1105994611150543,3.12,0.7465438706676131,0.3165829145728643,0.63205418,0.088235294,2,0.2438162544169611,1.2995393304214005,97.57718413921911,77.52265976846404,3.3881388246348214,0.27486438,,0.24064171,,-0.2385015347972512,-0.3999160813294263,78,25,3,6,0,0,0,32
Charlie Morton,4676,450203,ATL,1.1207062005996704,,1.07,4.1915323870115095,4.539674218642657,4.4608346568186015,3.987567871947028,94.2796291076031,,0.2382311,0.09272468,0.14550642,165.1,30,30,0.09312639,0.38359202,88.66026960100446,0.46325167,9.09072608611587,3.538306560464261,2.56923077,1.2520161675488923,0.3060747663551402,0.7421875,0.157534246,0,0.2491909385113268,1.324596814943031,101.16284623356772,111.7593433407788,4.057593070291595,0.2884753,,0.24689441,,0.3747965693473816,1.2349535875040232,167,65,18,23,12,0,0,77
Derek Law,13133,571882,WSN,1.1202858686447144,,1.95,2.6000004408095365,3.718464246647318,3.3220353602185706,3.5373311039891107,95.47489627471752,,0.20821918,0.06575342,0.14246575,90.0,75,0,0.03787879,0.35227273,88.1790091245229,0.484732824,7.600001288520184,2.4000004069011105,3.16666667,0.7000001186794906,0.2918287937743191,0.781893,0.09589041,1,0.2411764705882353,1.1777779774607302,63.06133711918432,81.77028739729793,3.57810982517377,0.33333333,,0.26431718000000004,,0.6661680936813354,-0.383015524821593,76,24,1,7,0,0,0,26
Adrian Morejon,20039,670970,SDP,1.1192816495895386,,1.3,2.8272259214144184,3.2985651187056733,2.789516322101206,3.326445464190468,96.9541488155242,,0.26102941,0.07720588,0.18382353,63.2,60,0,0.08379888,0.32402235,86.61864406779661,0.514124293,10.036652021021183,2.968587217485139,3.38095238,0.5654451842828836,0.3371428571428571,0.76826196,0.070175438,2,0.252,1.319372096660062,71.23951557728458,69.80436287737143,3.1921768061432063,0.33613445,,0.25318761,,0.9267612099647522,0.7337841007503015,71,21,1,4,0,0,0,20
Alex Vesia,25007,681911,LAD,1.1170735359191897,,1.77,1.7638194335898076,2.708076258349557,3.4529119940009605,4.086933317762603,93.43581713623396,,0.33079848,0.12547529,0.20532319,66.1,67,0,0.11971831,0.34507042,87.5411735983456,0.220588235,11.804022363254866,4.4773877929587425,2.63636364,0.9497489257791272,0.1925925925925926,0.83916084,0.079545454,5,0.1441048034934497,0.9949750651019428,42.99198695531341,82.80432024349138,3.461899606330906,0.26501767,,0.27342256,,1.2856141328811646,-0.4965601387883749,87,33,1,7,0,0,0,13
Cooper Criswell,24975,681867,BOS,1.1097589954733849,,0.55,4.077181260245679,4.324302807471373,4.153056972127021,4.427374501615815,85.36280059814453,,0.17216981,0.07311321,0.0990566,99.1,26,18,0.07028754,0.37380192,89.27403533153044,0.503205128,6.614094044398545,2.808724868169245,2.35483871,0.9060402800545952,0.3069306930693069,0.7007874,0.096153846,0,0.266839378238342,1.348993305859064,97.3038310936688,101.1210919695404,4.453085693302208,0.28811659,,0.15197956999999995,,-0.6008558869361877,-0.3719265060373068,73,31,7,10,1,0,0,45
Ross Stripling,13273,548389,OAK,1.1064356863498688,,-1.1,6.011719242698786,4.795265824201701,3.893042337836237,4.740271796396652,91.96107332883692,,0.12860892,0.05774278,0.07086614,85.1,22,14,0.06796117,0.35275081,88.29999856387867,0.392156862,5.167969173548079,2.3203126901644437,2.22727273,0.7382813105068685,0.3377483443708609,0.54828151,0.064814814,0,0.3044692737430167,1.5351563758158693,155.19230430437628,98.40902842847872,5.005879557681314,0.27652733,,0.15100154,,-1.5036634802818298,-0.6632597967858009,49,22,1,7,2,0,0,57
Aaron Bummer,16258,607481,ATL,1.0976227521896362,,0.56,3.578314075312345,2.8104488916814727,2.226720526187563,2.521953763445943,93.72344970703124,,0.28278689,0.07377049,0.20901639,55.1,56,0,0.01290323,0.32903226,86.63648780616555,0.597315436,11.222894145297808,2.9277115161646456,3.83333333,0.3253012795738495,0.3856209150326797,0.72890026,0.071428571,0,0.2723214285714285,1.4277111714630062,86.36279125456744,56.70102962922039,2.635418423998699,0.26451613,,0.24162678999999998,,-0.5264338254928589,-0.9893126036525728,69,18,2,2,0,0,0,22
John Schreiber,20020,670167,KCR,1.0963646173477173,,0.4,3.65806523635672,3.3550770332878908,3.0309958806469535,4.213352472887431,93.01751569634705,,0.20535714,0.08928571,0.11607143,51.2,59,0,0.03896104,0.37012987,88.99800130208334,0.513157894,8.012904803448054,3.483871653673067,2.3,0.1741935826836533,0.3071895424836601,0.69405099,0.020408163,2,0.24,1.316129291387603,88.29792358744186,73.7835069494649,3.9429343292105807,0.23394495,,0.18811880999999997,,1.469673991203308,0.1882569811160661,46,20,4,1,0,0,0,21
Aroldis Chapman,10233,547973,PIT,1.0912429094314575,,0.37,3.794594985817058,2.976871813829896,3.0367500351849386,3.1350915873633136,97.87747637599468,,0.36981132,0.14716981,0.22264151,61.2,68,0,0.07142857,0.41269841,90.51451455393143,0.448,14.302704177310446,5.691892478725586,2.51282051,0.7297298049648187,0.3223140495867768,0.69230769,0.106382978,14,0.1964285714285714,1.345946084712888,90.3048069921766,75.48558331467923,3.150984408394061,0.26286765,,0.29740519,,0.9271655082702636,0.7411363672211015,98,39,2,5,0,0,0,26
Shane Baz,22264,669358,TBR,1.077201008796692,,2.17,3.063025406462431,3.643578097313974,4.074042861686071,4.390792338105314,95.66969209558825,,0.21630094,0.0846395,0.13166144,79.1,14,14,0.07305936,0.42009132,90.53287314497716,0.392694063,7.827731594292879,3.063025406462431,2.55555556,1.0210084688208103,0.2285714285714285,0.79575597,0.09574468,0,0.1979166666666666,1.0588235972956552,79.13609224400808,102.37845891365824,4.334226716348226,0.25830258,,0.22056385,,0.6980821490287781,0.1264753705275298,69,27,4,9,8,0,0,27
Edwin Díaz,14710,621242,NYM,1.0761754512786863,,0.47,3.521739547651249,2.483024330124616,3.017411437648472,2.5895923487040653,97.59613669397464,,0.38888889,0.09259259,0.2962963,53.2,54,0,0.0733945,0.30275229,85.93119266055047,0.440366972,14.086958190604996,3.354037664429761,4.2,1.1739131825504163,0.284313725490196,0.73170732,0.155555555,20,0.1865284974093264,1.043478384489259,88.3353458556381,75.16866243331665,2.256044671176436,0.28125,,0.35201794,,-0.2067702412605285,-0.7079817402712351,84,20,3,7,0,0,0,21
Yariel Rodríguez,33838,684320,TOR,1.0745073556900024,,0.04,4.465384746416085,3.905788171767896,4.3434028897482975,4.420581725274152,,,0.23097826,0.10869565,0.12228261,86.2,21,21,0.0625,0.37083333,87.81772481540085,0.373949579,8.82692333593877,4.1538462757358925,2.125,1.1423077258273704,0.2751091703056768,0.6988189,0.111111111,0,0.2276923076923077,1.3153846539830327,111.69875637641984,104.70173079366133,4.460928650758074,0.27260982,,0.23460411000000003,,-0.0589719340205192,0.21698795107779,85,40,3,11,2,0,0,43
Ryan Weathers,23796,677960,MIA,1.0660607814788818,,1.85,3.634615491268906,4.134486505357404,4.112633652207415,4.032796225556618,96.1697546675774,,0.21798365,0.0653951,0.15258856,86.2,16,16,0.08267717,0.38188976,89.47530191733068,0.466135458,8.307692551471785,2.4923077654415353,3.33333333,1.1423077258273704,0.2757201646090535,0.75313808,0.122222222,0,0.2335329341317365,1.1769231114585028,86.96359228086206,101.13218835832504,3.976601088124356,0.2651622,,0.23889740000000004,,0.6178239583969116,0.3498724635269237,80,24,9,11,7,0,0,35
Yu Darvish,13074,506433,SDP,1.063788890838623,,1.96,3.3061225519335236,3.5631428130482408,4.084847153826885,3.98905315667741,94.27335221069868,,0.23564955,0.06646526,0.16918429,81.2,16,16,0.0745614,0.39912281,89.39511284722222,0.386666666,8.595918635027163,2.4244898714179173,3.54545455,1.3224490207734094,0.2453703703703703,0.79234973,0.122448979,0,0.2124183006535947,1.0653061556230243,83.3065964962042,101.38027845994684,3.9053170279804337,0.3221831,,0.24341084999999996,,0.3877362012863159,0.3523605099034707,78,22,3,12,5,0,0,30
Jonathan Cannon,31730,686563,CHW,1.0622689872980118,,1.88,4.487935840430205,4.4410412450200765,4.646372600223769,4.624956670274857,94.38834402901786,,0.1743295,0.07662835,0.09770115,124.1,23,21,0.07235142,0.36175711,89.0272746296672,0.380829015,6.5871316367604615,2.895442477696906,2.275,1.302949114963608,0.2899728997289973,0.7232267,0.117647058,1,0.2615062761506276,1.3270778022777487,111.30183973345216,110.61152590281046,4.717075253039942,0.27948464,,0.19453206999999995,,-0.1342075988650322,0.5504895180627445,91,40,4,18,7,0,0,62
David Festa,30056,701581,MIN,1.0596416080370543,,0.46,4.8963730811893535,4.0237099404073895,3.7571533563380344,3.583690999556508,94.77882295496325,,0.27797834,0.08303249,0.19494585,64.1,14,13,0.08571429,0.38857143,89.47356441103179,0.362068965,10.77202077861658,3.2176165962101466,3.34782609,1.2590673637344052,0.3192771084337349,0.68548387,0.128571428,0,0.246031746031746,1.3212435298447462,120.82952570212078,91.62995628237124,3.584677457708394,0.32062392,,0.26503759000000005,,-0.3510337918996811,-0.1794417074777623,77,23,2,9,1,0,0,35
Chris Paddack,20099,663978,MIN,1.0569452047348022,,0.49,4.992453117655808,4.887062018026429,4.1853477614848575,4.093434171839778,93.3738518370607,,0.20572917,0.0546875,0.15104167,88.1,17,17,0.09893993,0.43109541,90.43225666442652,0.372759856,8.049057067240996,2.139622764709632,3.76190476,1.426415176473088,0.3271375464684015,0.70881226,0.12173913,0,0.281767955801105,1.392452910366586,123.20052665388326,102.2831575462722,4.130828906659986,0.32352941,,0.21896791999999998,,-0.3713377118110657,0.3344575032352578,79,21,1,14,4,0,0,49
Jose Quintana,11423,500779,NYM,1.0541503429412842,,2.45,3.751467822393065,4.504330515423755,4.563740093985491,4.438112718935702,90.80221940313506,,0.18828452,0.08786611,0.10041841,170.1,31,31,0.06692913,0.38188976,88.0223984375,0.474,7.133072620043151,3.328767222686804,2.14285714,1.1624266491922173,0.2633744855967078,0.7815735,0.125714285,0,0.2332814930015552,1.2504892741310216,94.09759099828968,112.7675266906824,4.574839284727576,0.27739075,,0.19866998999999996,,0.4377599954605102,0.900989042187746,135,63,11,22,12,0,0,71
Javier Assad,21741,665871,CHC,1.0471583604812622,,1.66,3.73469387755102,4.93618053113845,4.635867533391836,4.605455428980241,91.84855401894866,,0.19435737,0.09874608,0.09561129,147.0,29,29,0.08744395,0.39686099,89.13004407970183,0.436073059,7.591836734693878,3.857142857142857,1.96825397,1.2244897959183674,0.2887323943661972,0.80327869,0.118343195,0,0.2508771929824561,1.401360544217687,92.22807297666994,115.73295745163507,4.719035118377635,0.23021002,,0.15843430000000003,,0.4118442833423614,0.883700144192568,124,63,5,20,6,0,0,61
Bowden Francis,20548,670102,TOR,1.0404045954346657,,1.63,3.299035450706248,3.4132237071326355,4.362621286732996,4.170632066854422,93.03362024968592,,0.2254902,0.05392157,0.17156863,103.2,27,13,0.08710801,0.36236934,89.0884608555507,0.342657342,7.9871384596046,1.9099678925141437,4.18181818,1.4758842805791108,0.2111111111111111,0.78282828,0.127819548,0,0.1952506596306068,0.9260450387947362,82.52327134439332,105.1730578813826,3.876517566824969,0.29064748,,0.19875776,,1.422518610954285,0.0824945698762513,92,22,7,17,7,0,0,38
Andrew Abbott,29911,671096,CIN,1.018573522567749,,3.3,3.717391304347826,3.969323578936271,5.0432913724926935,4.912405187442251,92.9486276521217,,0.19453925,0.0887372,0.10580205,138.0,25,25,0.09330144,0.33492823,88.22102307457213,0.33737864,7.434782608695652,3.391304347826087,2.19230769,1.6304347826086956,0.2595419847328244,0.82876712,0.123152709,0,0.2387218045112782,1.2971014492753623,85.92406619184112,117.75626101146445,4.781807544798131,0.25797872,,0.19618528999999996,,1.043558120727539,1.6139763160922838,114,52,2,25,9,0,0,57
Blake Treinen,12572,595014,LAD,1.0153526067733765,,1.55,1.9285715336702365,2.4293812344523458,2.995051197519107,3.0602021642120674,94.19412157012196,,0.30434783,0.05978261,0.24456522,46.2,50,0,0.05217391,0.33913043,87.61504424778761,0.447368421,10.800000588553324,2.1214286870372603,5.09090909,0.9642857668351182,0.2545454545454545,0.8974359,0.111111111,1,0.1929824561403508,0.9428571942387824,47.007715551240366,72.05488574822775,2.6727748010898034,0.33241758,,0.25779037000000005,,1.3232600688934326,-0.1393052934196323,56,11,2,5,0,0,0,10
Trevor Megill,17722,656730,MIL,0.9825382828712464,,1.23,2.7194247589577607,2.8903740815458505,3.1017315697431815,3.872159443400745,98.8547137605042,,0.27322404,0.07650273,0.19672131,46.1,48,0,0.07627119,0.42372881,91.2059795673077,0.333333333,9.712231281992004,2.7194247589577607,3.57142857,0.7769785025593603,0.2543859649122807,0.75471698,0.068965517,21,0.1964285714285714,1.0143886005636091,66.44927703689366,76.61247935197821,3.3120251559280844,0.33123028,,0.26934097,,2.88476037979126,0.0720815143126742,50,14,1,4,0,0,0,14
Luke Weaver,16918,596133,NYY,0.9817817211151124,,1.81,2.8928576683512492,3.3007142521648434,3.3331464752318425,3.423536550772711,95.77221421142208,,0.31117825,0.07854985,0.2326284,84.0,62,0,0.08585859,0.38383838,89.07435897435897,0.364102564,11.035716290376987,2.7857147917456477,3.96153846,1.0714287660560182,0.2234042553191489,0.79411765,0.109890109,4,0.1727574750830564,0.9285715972485492,72.74572434470417,79.59043530557415,2.866379321068716,0.3125,,0.31360946999999995,,3.2771143913269043,1.4575856652989383,103,26,4,10,0,0,0,27
Drew Rasmussen,25385,656876,TBR,0.976460188627243,,0.6,2.8255816460171763,2.0620132099616617,1.3525261289948178,2.565649260212304,97.48515963692196,,0.30172414,0.05172414,0.25,28.2,16,4,0.0,0.36,86.23866861979167,0.533333333,10.988373067844574,1.883721097344784,5.83333333,0.0,0.3333333333333333,0.67741935,0.0,1,0.2272727272727272,1.0813954447720058,73.00151324583342,32.719862826923936,2.546713904614672,0.3286385,,0.29545455,,0.4602240100502968,-0.0967698761967166,35,6,0,0,0,0,0,9
Tim Herrin,25139,682120,CLE,0.9686737060546876,,1.71,1.9187822460610529,3.2720974117474673,2.8619111678039135,3.6402732374534814,95.62600038109755,,0.26459144,0.09727626,0.16731518,65.2,75,0,0.06918239,0.36477987,86.89161416330646,0.496774193,9.319799480867973,3.426396867966166,2.72,0.2741117494372933,0.2356687898089172,0.78549849,0.039215686,0,0.171806167400881,0.9746195535548206,48.27839326728597,70.22051042450596,3.445492607927897,0.32459677,,0.27754237000000004,,1.6008121967315674,-0.1074061036721381,68,25,5,2,0,0,0,14
José Buttó,23313,676130,NYM,0.9671626091003418,,2.22,2.554054185715453,3.507918442666387,3.828641974586394,4.204866162028448,94.444807645235,,0.26870748,0.1292517,0.13945578,74.0,30,7,0.0755814,0.37790698,88.74327256944444,0.415204678,9.608108603405752,4.621621859866058,2.07894737,0.7297297673472722,0.2108433734939759,0.83333333,0.085714285,3,0.1633466135458167,1.067567622600639,64.06301680647644,94.89367154749242,4.112386701421693,0.29795918,,0.29699248,,1.584352195262909,-0.3032986873546326,79,38,5,6,3,0,0,21
Josh Hader,14212,623352,HOU,0.9495227932929992,,0.74,3.80281731004498,2.696703568328289,3.5045079836271267,2.925812694299904,,,0.37769784,0.08992806,0.28776978,71.0,71,0,0.10204082,0.3877551,89.72137661637932,0.303448275,13.30986058515743,3.1690144250374837,4.2,1.521126924017992,0.2296296296296296,0.68965517,0.157894736,34,0.1706349206349206,0.957746581789106,95.09802700183212,85.73814214942314,2.3818619705685755,0.36515913,,0.38034864999999995,,1.788756012916565,-0.3030853073449635,105,25,1,12,0,0,0,30
Kyle Freeland,16256,607536,COL,0.939466953277588,,0.14,5.241176705805911,4.975940491004449,4.904715150417345,4.382373311680686,91.6418057026836,,0.17346939,0.05306122,0.12040816,113.1,21,21,0.10582011,0.40740741,90.33760416666668,0.401595744,6.750000302931856,2.0647059750144496,3.26923077,1.7470589019353038,0.3146067415730337,0.67588326,0.146666666,0,0.2894168466522678,1.4117647692406494,111.74000533071576,114.33703972216962,4.474777814299671,0.27742749,,0.15873015999999995,,-0.510079562664032,0.4310759263049031,85,26,1,22,10,0,0,66
Dedniel Núñez,23055,673380,NYM,0.93548846244812,,0.8,2.314286218760075,2.354676524560921,2.2236224299060607,2.318943461376176,96.4945122722672,,0.35555556,0.05925926,0.2962963,35.0,25,0,0.10126582,0.37974684,88.65769606370192,0.525641025,12.342859833387068,2.057143305564511,6.0,0.7714287395866917,0.2763157894736842,0.75539568,0.107142857,1,0.1889763779527559,0.9142859135842272,58.04894733895091,55.86774278160762,2.1251654101896875,0.38864629,,0.30743243,,1.028536081314087,0.2391184547554343,48,8,0,3,0,0,0,9
Trevor Rogers,22286,669432,- - -,0.935471698641777,,0.59,4.92225221208474,5.1033958890646645,4.517686267881684,4.6956042497440675,92.0599138408688,,0.17259786,0.09964413,0.07295374,124.1,25,25,0.08395062,0.44444444,90.73234170942165,0.462686567,7.021448008414998,4.053619468775668,1.73214286,1.013404867193917,0.3222506393861892,0.69844789,0.103703703,0,0.2788844621513944,1.576407571190538,119.1843896877972,111.03075995211027,4.911155240582004,0.27642981,,0.18937198,,-1.4805017709732056,0.0943304358215155,97,56,4,14,3,0,0,68
Luis Ortiz,27646,682847,PIT,0.935364067554474,,2.99,3.316953472397707,4.32867226001331,4.2500179126063795,4.589212613356862,95.865243334289,,0.19244604,0.07553957,0.11690648,135.2,37,15,0.0879397,0.37688442,89.03199041640428,0.396984924,7.0982804309310925,2.786240916814074,2.54761905,1.061425111167266,0.2434554973821989,0.75581395,0.095238095,1,0.2158415841584158,1.1130221651823415,78.93776391063467,104.92631188881832,4.377967445267089,0.23935091,,0.18500487,,2.2376214265823364,1.1345017087207232,107,42,9,16,7,0,0,50
Marcus Stroman,13431,573186,NYY,0.9215779416263103,,0.62,4.306034765969294,4.894560619896672,4.621221253279422,4.500401866062591,90.5891822076613,,0.16740741,0.08888889,0.07851852,154.2,30,29,0.06680162,0.39878543,89.28515297801225,0.491836734,6.575431466953111,3.491379539975103,1.88333333,1.105603520992116,0.311578947368421,0.73896353,0.125827814,1,0.2751235584843493,1.4676725103228674,108.28241621802488,111.04779990715922,4.73540324667028,0.25473684,,0.18283262,,-0.5547636734554544,1.3757142420675408,113,60,8,19,9,0,0,74
Jared Koenig,27517,657649,MIL,0.9209251999855042,,1.46,2.4677423150681395,3.5972856399796536,3.2793830214628477,3.9526818538311344,96.13403930664064,,0.23773585,0.08679245,0.1509434,62.0,55,6,0.08,0.35428571,87.51117446001838,0.464705882,9.145162697017224,3.338710190974542,2.73913043,0.5806452506042681,0.2923976608187134,0.78249337,0.064516129,1,0.226890756302521,1.2419356749035737,60.29940420652586,80.89813812469573,3.691916537270019,0.25526932,,0.21085595000000001,,1.4795324206352234,-0.3029039882103932,63,23,4,4,0,0,0,17
Kris Bubic,21455,663460,KCR,0.9188834428787231,,0.71,2.6703299501785813,1.8650076644290683,1.9466994306773568,2.036638771472684,93.16292081823671,,0.32231405,0.04132231,0.28099174,30.1,27,0,0.02597403,0.28571429,83.43698496361301,0.561643835,11.571429784107186,1.4835166389881007,7.8,0.5934066555952403,0.32,0.67375887,0.105263157,1,0.2241379310344827,1.0219781290806915,64.45609213053767,46.726276054660666,2.0857459609632145,0.37558685,,0.29237287999999995,,0.3884641528129577,-0.312046342530845,39,5,0,2,0,0,0,9
Reed Garrett,16866,657585,NYM,0.904451072216034,,0.2,3.7674424453579465,3.166337219041949,3.3060146836734225,3.1586725681162053,96.95459276758982,,0.33603239,0.12145749,0.2145749,57.1,53,0,0.0530303,0.37121212,87.51077223557692,0.442748091,13.02907179019623,4.709303056697433,2.76666667,0.9418606113394866,0.3492063492063492,0.73369565,0.130434782,4,0.2325581395348837,1.3953490538362765,94.49828043753492,82.18602851979384,3.0991016140703302,0.32971014,,0.35267857,,0.4461818635463714,0.1677475308419014,83,30,2,6,0,0,0,24
Aaron Civale,19479,650644,- - -,0.900985836982727,,1.08,4.360248653826442,4.062567810412015,4.737908424184511,4.31213023549402,92.11024305555556,,0.21625544,0.0754717,0.14078374,161.0,31,31,0.07261411,0.39419087,89.39287293632076,0.356394129,8.329192941283845,2.906832435884295,2.86538462,1.6211180892431645,0.2847682119205298,0.76396807,0.142156862,0,0.2503961965134706,1.3043478878967991,110.38006948452232,117.8257505298723,4.257796064760518,0.26701183,,0.19769356999999999,,-1.028247620910406,-0.1724604230571329,149,52,6,29,8,0,0,78
Hoby Milner,13346,571948,MIL,0.8988485410809517,,-0.57,4.731960065535731,3.2020488869512667,3.135551934724202,3.1452081815608537,88.92195041363055,,0.23880597,0.05223881,0.18656717,64.2,61,1,0.02659574,0.36170213,87.70110493865461,0.519337016,8.907218946890787,1.9484541446323596,4.57142857,0.8350517762710112,0.3131868131868132,0.58073654,0.115384615,1,0.25,1.1907219772753308,115.62567571930576,77.42836091373512,3.0814180897268595,0.25708502,,0.17002236999999998,,-0.2294794768095016,-0.1898118293256744,64,14,2,6,0,0,0,34
Chris Martin,11847,455119,BOS,0.8968307375907898,,0.12,3.451127918533897,3.37153736872868,2.783021120674918,2.6128629075936445,94.89652286022168,,0.27777778,0.01666667,0.26111111,44.1,45,0,0.04032258,0.34677419,88.50499674479167,0.462809917,10.150376230982047,0.6090225738589229,16.66666667,1.0150376230982048,0.3529411764705882,0.67391304,0.131578947,2,0.2701149425287356,1.1278195812202276,82.3627762988963,67.15596094027096,2.434122666148168,0.33962264,,0.19830028,,1.3525019884109497,0.5955543147019303,50,3,3,5,0,0,0,17
Porter Hodge,26413,687863,CHC,0.8960046768188477,,1.29,1.88372126445704,2.709152392816433,2.7478750528548974,3.409091510265791,,,0.31707317,0.11585366,0.20121951,43.0,39,0,0.0326087,0.35869565,88.61738918138587,0.413043478,10.88372286130734,3.9767448916315287,2.73684211,0.4186047254348977,0.1888888888888888,0.80110497,0.055555555,9,0.1319444444444444,0.8837210870292286,46.5183996177945,69.34086462362316,3.2243303635411635,0.25236593,,0.3125,,1.2331581115722656,-0.143803422603424,52,19,1,2,0,0,0,9
Evan Phillips,17734,623465,LAD,0.8947124481201172,,-0.53,3.6219516407514942,3.2622324121052926,3.2762358886155982,3.481269375273975,96.25171991604478,,0.27631579,0.0745614,0.20175439,54.2,61,0,0.06122449,0.32653061,85.88013698630137,0.397260273,10.37195242578837,2.7987808133079732,3.70588235,0.9878049929322258,0.2978723404255319,0.625,0.101694915,18,0.2285714285714285,1.189024528529531,88.28278832093717,78.65640402897546,3.149753686582016,0.27380952,,0.25348837,,0.154628574848175,0.2533148331833508,63,17,1,6,0,0,0,22
Joe Ross,12972,605452,MIL,0.8921629190444946,,0.48,3.7702703674489193,3.9545444763337745,3.8286419575191752,4.49913902586384,94.78997171336206,,0.20560748,0.09034268,0.1152648,74.0,25,10,0.08,0.38666667,88.71982113949888,0.409909909,8.027027233923505,3.5270271179360857,2.27586207,0.8513513732949173,0.2981651376146789,0.72668113,0.075268817,0,0.2474226804123711,1.3648649000442326,92.12674089450528,94.14844570742125,4.381774214782878,0.28366248,,0.25127334,,-0.1423197984695434,-0.0824625017065633,66,29,1,7,2,0,0,31
Matthew Boyd,15440,571510,CLE,0.8919454216957092,,0.67,2.7226892501888273,3.0376591098230747,3.292530206539278,3.887498823955499,92.13120626206565,,0.27710843,0.07831325,0.19879518,39.2,8,8,0.06666667,0.38095238,87.62571614583334,0.314285714,10.436975459057171,2.9495800210378964,3.53846154,0.907563083396276,0.2772277227722772,0.74879227,0.08,0,0.2119205298013245,1.1344538542453448,68.50546102095095,81.067435420246,3.648401168305867,0.296875,,0.28527607,,0.3703861236572265,0.0413002912151277,46,13,2,4,3,0,0,12
Robert Suarez,30115,663158,SDP,0.8877625465393066,,2.05,2.769231094270101,3.0362601311122615,3.4895567392879734,3.8109201933222305,99.23254751461988,,0.22868217,0.0620155,0.16666667,65.0,65,0,0.07650273,0.40437158,88.97833116319444,0.417582417,8.169231728096799,2.2153848754160808,3.6875,0.9692308829945352,0.2556818181818182,0.80756014,0.094594594,36,0.2148760330578512,1.0461539689464827,69.7781808602901,86.86905135393002,3.5338147135086957,0.32300885,,0.22467771999999997,,1.9354479312896729,0.3724551530669877,59,16,0,7,0,0,0,20
Ryan Thompson,16647,657044,ARI,0.8844500780105591,,0.99,3.256282031242722,3.976426872715763,3.302158196258242,3.347993053486448,92.50521484375,,0.19117647,0.05514706,0.13602941,66.1,67,0,0.07352941,0.44607843,90.00408561862245,0.614213197,7.0552777343592314,2.035176269526701,3.46666667,0.6783920898422336,0.2964824120603015,0.73972603,0.111111111,2,0.25,1.1909550021674769,78.18845897811167,84.46306199386837,3.2327580624707557,0.34883721,,0.20618557000000004,,0.4827761650085449,-0.2666474228051439,52,15,1,5,0,0,0,24
Anthony Bender,19742,669622,MIA,0.8830666542053223,,0.67,4.07547257811476,3.385336574277247,2.9211967064588142,3.3550146238125613,95.77737630208334,,0.25877193,0.07894737,0.17982456,53.0,59,0,0.04761905,0.40816327,87.71301102311644,0.5,10.018870087865452,3.0566044335860703,3.27777778,0.509434072264345,0.3263888888888889,0.69321534,0.073170731,1,0.2427184466019417,1.2830191449620545,97.51175509112038,72.35222264381986,3.207498132127901,0.25345622,,0.20293399,,-0.4430179297924042,-0.6122054740184578,59,18,4,3,0,0,0,24
Bryan Abreu,16609,650556,HOU,0.8758917450904846,,1.76,3.102127860998786,3.253697061877807,3.4856287351826745,3.478283806353638,96.89746418189368,,0.31692308,0.09846154,0.21846154,78.1,78,0,0.08695652,0.38043478,90.39617486338798,0.404371584,11.83404332158796,3.676595983405969,3.21875,1.0340426203329287,0.2857142857142857,0.82938389,0.116883116,1,0.205574912891986,1.1617022030900803,77.57570638724923,85.2662710456325,3.0083191941580703,0.30495356,,0.31218698,,1.7742241621017456,0.7621993465125407,103,32,6,9,0,0,0,27
Rhett Lowder,33876,695076,CIN,0.859745442867279,,1.92,1.1739130678158858,4.378030800909426,3.101262385633357,4.728314943452066,93.80345243566175,,0.171875,0.109375,0.0625,30.2,6,6,0.0326087,0.41304348,90.18790779532966,0.384615384,6.456521872987372,4.1086957373556,1.57142857,0.0,0.2717391304347826,0.8974359,0.0,0,0.219298245614035,1.271739156800543,27.133916202070495,73.06781159358613,5.156004913732597,0.25523013,,0.18454936,,1.2269359827041626,0.376223999067828,22,14,0,0,1,0,0,4
Ryan Pressly,7005,519151,HOU,0.855274498462677,,0.4,3.4941180390883098,3.909386365269461,3.0958915350758898,3.4323220744534573,93.94649767801856,,0.23770492,0.07377049,0.16393443,56.2,59,0,0.07831325,0.41566265,89.77683165015245,0.487804878,9.211765739414634,2.858823850163162,3.22222222,0.6352941889251472,0.3333333333333333,0.7320442,0.085106382,4,0.2589285714285714,1.3411766210641998,87.37830522415459,75.52511406346957,3.3778254546867585,0.32106339,,0.25413222999999996,,-0.2227899581193924,0.1234780045387815,58,18,2,4,0,0,0,22
Jakob Junis,13619,596001,- - -,0.8415619358420372,,1.83,2.686567278900457,3.897532824523685,3.6888678602982177,3.874310364919695,92.6155020672342,,0.20158103,0.03162055,0.16996047,67.0,24,6,0.08376963,0.42408377,90.02565585630727,0.387434554,6.850746561196166,1.074626911560183,6.375,1.074626911560183,0.2240437158469945,0.77868852,0.103896103,1,0.2024793388429752,0.8507463049851448,63.33962968638738,88.5201064482697,3.7240037971002966,0.26259947,,0.22147651000000002,,1.4667861312627792,0.707824018725222,51,8,3,8,1,0,0,20
Devin Williams,15816,642207,MIL,0.8337991833686829,,1.35,1.2461538827207677,2.101044831657164,2.058787438093557,2.4357774962530936,94.68864010167464,,0.43181818,0.125,0.30681818,21.2,22,0,0.05405405,0.32432432,84.17567567567568,0.432432432,15.784615847796392,4.569230903309482,3.45454545,0.4153846275735892,0.25,0.92592593,0.071428571,14,0.1333333333333333,0.9692307976717084,30.449831094149857,51.45252358470618,2.305961528383932,0.3254717,,0.37297296999999996,,2.088749885559082,0.0156536812566732,38,11,2,1,0,0,0,3
Kyle Harrison,27758,690986,SFG,0.8160495162010193,,0.7,4.560321902372627,4.832762945776294,4.332699665139938,4.226157253074172,92.9029866332498,,0.22180451,0.07894737,0.14285714,124.1,24,24,0.10136986,0.44109589,90.71878237223756,0.408839779,8.541555309205874,3.0402146015817517,2.80952381,1.302949114963608,0.30835734870317,0.73252688,0.123287671,0,0.2587991718426501,1.343163593820509,113.3151021789064,110.54019793496964,4.175550401900592,0.25129266,,0.20689654999999996,,-0.4767039120197296,0.7988984802283752,118,42,7,18,9,0,0,63
José Leclerc,14524,600917,TEX,0.8075965046882629,,-0.16,4.320000659179788,3.57887119966856,3.481479826354988,3.658728427747282,95.58239483890216,,0.30902778,0.11111111,0.19791667,66.2,64,0,0.07361963,0.30674847,87.42151651503164,0.352201257,12.015001833343783,4.320000659179788,2.78125,0.9450001441955788,0.3141025641025641,0.71776156,0.102941176,1,0.2222222222222222,1.3200002014160463,108.93807066039606,84.15985815633785,3.263838151907392,0.30298507,,0.34751772999999997,,-0.8666397929191589,-0.3676779599064294,89,32,4,7,0,0,0,32
Colin Rea,12317,607067,MIL,0.8043355643749237,,1.11,4.294234755280374,4.887420496457971,4.752960951768378,4.416255862175867,93.0369091892429,,0.18907563,0.06022409,0.12885154,167.2,32,27,0.08745247,0.42015209,90.3767305814303,0.38771593,7.2465211495356305,2.308151180963201,3.13953488,1.5566600987891357,0.2816901408450704,0.7662624,0.136792452,1,0.2556732223903177,1.2644135668325545,104.92983634687684,116.44669189763242,4.333975336028232,0.2489487,,0.17338710000000002,,-0.2821514904499054,1.2268144785484012,135,43,10,29,8,0,0,80
Ben Lively,14932,594902,CLE,0.7890021800994873,,1.42,3.814569536423841,4.026955443554211,4.656546003455358,4.56892738607743,89.99538799894958,,0.18670886,0.07753165,0.10917722,151.0,29,29,0.06521739,0.41521739,90.15711330689278,0.419213973,7.033112582781457,2.9205298013245033,2.40816327,1.3708609271523178,0.2654462242562929,0.78358209,0.121693121,0,0.2404844290657439,1.2450331125827814,95.97821149478116,115.42582581005354,4.5824181894481235,0.23614896,,0.16981132,,0.3657043278217315,0.3393654195408717,118,49,5,23,9,0,0,64
James Paxton,11828,572020,- - -,0.7889227569103241,,0.24,4.395349101803653,4.766265401062441,4.791064593695681,5.210397853640641,93.38611942498008,,0.16704805,0.11441648,0.05263158,100.1,21,21,0.0798722,0.4313099,90.45293830422794,0.374592833,6.548173151666666,4.485050103881278,1.46,1.0764120249315068,0.2757475083056478,0.71981424,0.091603053,0,0.2461139896373056,1.4451828112506342,106.9056181405066,114.297815180372,5.347175858235163,0.27809965,,0.1867995,,0.8484144508838654,0.9795893408581724,73,50,1,12,7,0,0,49
Dylan Lee,19996,669276,ATL,0.7830778956413269,,1.3,2.1117322036030868,2.615517568324432,2.998881984353042,3.1462432632862205,92.5487733004386,,0.31666667,0.07083333,0.24583333,59.2,52,0,0.07482993,0.31972789,87.50206761853448,0.351724137,11.4636891052739,2.5642462472323193,4.47058824,1.0558661018015434,0.3,0.83629893,0.106060606,0,0.2197309417040358,1.1061454399825692,50.96676357829263,75.73045485721492,2.727364191515293,0.40632603,,0.35582822000000003,,0.7939002513885498,-0.0891060207245386,76,17,0,7,0,0,0,14
Nick Mears,25376,683232,- - -,0.7764229327440262,,-0.38,5.930637178565033,3.223688749184906,3.3919133552527936,3.4657260238195904,96.85981674071084,,0.29296875,0.09375,0.19921875,57.2,54,0,0.07006369,0.33121019,88.05413857235271,0.407643312,11.705204957694145,3.7456655864621258,3.125,1.0924857960514534,0.36,0.59840426,0.111111111,0,0.2629310344827586,1.4739887724503735,131.30125360997027,81.16268194297152,3.1939752235412597,0.30952381,,0.26138614000000004,,0.6751682311296463,0.3755652170955451,75,24,0,7,0,0,0,38
Kevin Kelly,25679,687330,TBR,0.7703973054885864,,1.68,2.6745289756380055,3.3512266909446633,3.2655364070171284,3.133203174661399,92.21830055930398,,0.22661871,0.0323741,0.19424461,70.2,68,0,0.04975124,0.3681592,86.94132653061224,0.567839195,8.023586926914017,1.1462267038448597,7.0,0.8915096585460018,0.268041237113402,0.75949367,0.129629629,1,0.2234848484848484,0.96226439335124,69.09892790272474,81.68432762914901,2.834466191963464,0.23798077,,0.18777292999999995,,1.896571159362793,0.6036250997809169,63,9,5,7,0,0,0,21
Shane Bieber,19427,669456,CLE,0.7693706154823303,,0.7,0.0,2.78507361867924,0.083146444956462,0.5871492470304176,92.47847316576087,,0.44444444,0.02222222,0.42222222,12.0,2,2,0.04166667,0.41666667,88.54166666666667,0.5,15.0,0.75,20.0,0.0,0.4166666666666667,1.0,0.0,0,0.2272727272727272,0.9166666666666666,0.0,0.2258055502103893,1.3374920492290854,0.25316456,,0.35443038000000004,,0.4502339959144592,0.27113039329877,20,1,0,0,2,0,0,0
Brant Hurter,30133,676428,DET,0.7648656517267227,,1.33,2.580882425332979,2.2810669587716284,3.0341268334009244,3.321252462062087,92.2227783203125,,0.21714286,0.03428571,0.18285714,45.1,10,1,0.04580153,0.36641221,88.47031116485596,0.53125,7.544117858665631,1.1911765039998363,6.33333333,0.7941176693332243,0.2362204724409448,0.78488372,0.093023255,0,0.2011834319526627,0.8823529659258047,64.01056951332068,73.57362747847155,3.1864725944180914,0.26666667,,0.18506493999999996,,0.8925041863694787,-0.0029354671250311,38,6,0,4,0,0,0,13
Beau Brieske,26079,689225,DET,0.7632355988025665,,0.73,3.591133544791618,3.3289158286571325,3.5063813072206895,4.266351578302972,95.9616287979744,,0.24468085,0.10638298,0.13829787,67.2,46,12,0.05524862,0.35911602,89.04180735787429,0.376404494,9.177341281134137,3.990148383101798,2.3,0.6650247305169663,0.2840909090909091,0.7,0.064935064,1,0.22,1.2561578243098253,89.06663129795396,85.31218249254142,3.999947812372997,0.30377668,,0.22361359999999997,,0.7823702991008759,0.0524390248532627,69,30,2,5,0,0,0,27
Tony Santillan,19926,663574,CIN,0.7582406485453248,,0.72,3.000000572204699,2.409090045300169,2.733146362304672,2.5118213929788173,97.279615703382,,0.37704918,0.07377049,0.30327869,30.0,29,1,0.05970149,0.40298507,90.2,0.323076923,13.800002632141616,2.700000514984229,5.11111111,1.2000002288818796,0.2698412698412698,0.77868852,0.133333333,0,0.1858407079646017,1.0000001907348997,69.3422420825566,64.59701409275254,2.1875751521931344,0.28571429,,0.27380952000000003,,0.5086918026208878,0.0428756047107867,46,9,0,4,0,0,0,10
Randy Vásquez,24719,681190,SDP,0.7465266585350037,,0.5,4.86734693877551,5.890885512876524,4.697092023187754,4.901184378062585,94.30791015625,,0.14385151,0.06728538,0.07656613,98.0,20,20,0.08682635,0.39520958,88.69094009629909,0.386706948,5.6938775510204085,2.663265306122449,2.13793103,1.1938775510204085,0.3302180685358255,0.72164948,0.104,0,0.3005050505050505,1.510204081632653,122.6458188001735,116.30479954545883,5.006992517817579,0.27411168,,0.16306953999999996,,-0.5221199989318848,0.3596520602332347,62,29,6,13,6,0,0,53
Ryan Fernandez,24862,681676,STL,0.7444950938224792,,0.91,3.5100005355835777,3.459427634872115,3.3464798057556195,3.904607330425473,95.796632946047,,0.24912281,0.1122807,0.13684211,66.2,62,0,0.07222222,0.33888889,89.04124183439265,0.429378531,9.585001462555155,4.320000659179788,2.21875,0.5400000823974735,0.3068181818181818,0.71759259,0.06779661,2,0.2310756972111553,1.3500002059936838,86.99649908813231,84.40161478786474,3.865645307525396,0.30577223,,0.29824561000000005,,0.3713383376598358,0.4598660038365127,71,32,2,4,0,0,0,26
Joey Estes,26257,683155,OAK,0.7282214127480984,,0.62,5.005222256154438,4.433586827745919,4.936714879840504,5.294975346522007,92.63992135605376,,0.1694291,0.04972376,0.11970534,127.2,25,24,0.09661836,0.39613527,89.52634143364139,0.245742092,6.485640106566314,1.9033943791009835,3.40740741,1.6214100266415783,0.2736572890025575,0.69732938,0.100877192,0,0.2569169960474308,1.2297650926701826,129.20962276000225,125.3036495962528,5.035362862286821,0.30035336,,0.16800715,,-0.7429894357919693,0.2789201577334257,92,27,10,23,8,1,1,71
Bryan Hudson,19924,663542,MIL,0.7269054055213928,,2.43,1.7326204622336372,2.9919649405918816,3.5996348938482043,3.5951510064231633,91.43294404517454,,0.26839827,0.07359307,0.1948052,62.1,43,0,0.06711409,0.36241611,87.85270402238176,0.412162162,8.951872388207125,2.454545654830986,3.64705882,1.0106952696362883,0.1478873239436619,0.94240838,0.116666666,0,0.1327014218009478,0.7219251925973489,42.33666576562267,88.62388555361798,3.219562986761758,0.26010101,,0.19589977000000003,,2.57052230834961,0.4554242341020336,62,17,3,7,0,0,0,12
Cionel Pérez,19614,672335,BAL,0.7190252542495728,,-0.07,4.527951168832941,3.582049778069422,3.2969145856224316,4.592922036613899,96.52188621411484,,0.19327731,0.11764706,0.07563025,53.2,62,0,0.05031447,0.33962264,88.28333458533653,0.557692307,7.714287176530196,4.695653063974902,1.64285714,0.0,0.2955974842767295,0.6375,0.0,2,0.2292682926829268,1.3975157928496733,114.22699220411504,80.67416492947837,4.374425397893633,0.22302158,,0.21173469,,1.0268431901931765,0.5338857334849335,46,28,5,0,0,0,0,27
Andrew Nardi,25942,677053,MIA,0.7101933360099792,,0.0,5.073826542556362,2.8087916579435905,3.327553636783648,3.3523693354139605,94.23304219600726,,0.33333333,0.08571429,0.24761905,49.2,59,0,0.07438017,0.34710744,88.2440661414195,0.316666666,12.684566356390905,3.2617456345005182,3.88888889,1.2684566356390905,0.3245614035087719,0.63909774,0.114754098,0,0.2303664921465968,1.2483224033273588,121.39886153312018,82.16804929275105,2.769727582240861,0.35947712,,0.28205128,,-0.2773858606815338,-0.1051671433042681,70,18,1,7,0,0,0,28
Jesús Luzardo,19959,666200,MIA,0.6980787515640259,,0.55,4.995000190544135,4.552307390436034,4.261479820060732,4.230169401959262,95.5178902222938,,0.21167883,0.08029197,0.13138686,66.2,12,12,0.09895833,0.41145833,90.39999793320106,0.37037037,7.830000298690807,2.9700001132965133,2.63636364,1.2150000463485735,0.2841530054644808,0.66298343,0.118421052,0,0.244,1.2450000474929828,119.51282358664515,104.7276682725914,4.33362600072007,0.31164384,,0.28166351999999995,,-0.0254477988928556,-0.6537291672191995,58,22,2,9,4,0,0,37
Michel Otañez,22533,671305,OAK,0.6855605244636536,,0.41,3.441177242767613,2.519196050275536,2.7253032087042035,3.3836642093511315,98.09764840612448,,0.36423841,0.13245033,0.23178808,34.0,36,0,0.04109589,0.32876712,86.32054660744863,0.383561643,14.558826796324515,5.2941188350270965,2.75,0.5294118835027096,0.352112676056338,0.74152542,0.0625,1,0.2109375,1.3823532513681864,88.83386004319497,68.31730881642436,2.9885798839624855,0.28571429,,0.38434164000000004,,0.1569600403308868,0.2861502107245711,55,20,3,2,0,0,0,13
Hunter Harvey,15507,640451,- - -,0.6854808628559113,,-0.03999999999999998,4.440790198103661,5.124334279136306,3.521742994138088,3.5220659178922187,97.9638999696334,,0.25114155,0.07305936,0.17808219,50.2,49,0,0.09090909,0.48251748,90.42482027094417,0.44680851,9.769738435828057,2.842105726786343,3.4375,0.8881580396207321,0.3333333333333333,0.67692308,0.116279069,1,0.2575757575757575,1.3223686367686458,107.6257451658173,86.79374780083974,3.3046955968262055,0.31084337,,0.25161290000000003,,0.1558515653014183,0.2767762301045406,55,16,5,5,0,0,0,25
Shawn Armstrong,12857,542888,- - -,0.6851377971470356,,-0.3,4.860000533008634,5.1279639167273325,3.571479822707181,4.193209852266809,93.50069888607486,,0.22372881,0.08474576,0.13898305,66.2,57,7,0.08910891,0.38118812,88.8525,0.358208955,8.910000977182495,3.3750003701448845,2.64,0.8100000888347724,0.3622448979591837,0.69037657,0.075949367,1,0.2873134328358209,1.5300001677990145,124.37915407321812,89.72944466528402,3.9454131164472583,0.2771855,,0.18262411,,-0.1650678608566522,0.3601061402501391,66,25,2,6,0,0,0,36
Jesus Tinoco,16300,622786,- - -,0.6832907497882843,,1.0,3.319672572295656,3.251662032901145,3.166479778289795,3.731865377728999,96.64663668032046,,0.25925926,0.07407407,0.18518519,40.2,32,0,0.06666667,0.33333333,87.08076829176683,0.466666666,9.295083202427836,2.655738057836525,3.5,0.6639345144591312,0.2352941176470588,0.71428571,0.073170731,3,0.1836734693877551,0.9590165208854116,81.99883849958535,78.35020743253594,3.28519456384139,0.32492114,,0.24840764000000004,,1.2290223315358162,0.3527649269807777,42,12,3,3,0,0,0,15
Michael Lorenzen,14843,547179,- - -,0.679947517812252,,2.46,3.3145781344666205,4.570422988243004,4.892822556657826,4.9489345998156455,93.97086190328903,,0.18097015,0.1119403,0.06902985,130.1,26,24,0.08042895,0.39410188,88.53628810759514,0.418230563,6.698209980067962,4.1432226680832756,1.61666667,1.1739130892902614,0.2359550561797752,0.82402235,0.112582781,0,0.2148936170212766,1.235294165854458,83.21155114438815,119.23340554390136,5.068002180773644,0.23900574,,0.20578777999999998,,1.3785122777335346,0.0637234516633511,97,60,6,17,9,0,0,48
Justin Verlander,8700,434378,HOU,0.677863597869873,,-0.25,5.479705105585477,3.746711002913496,4.782716031654401,5.134759530442583,93.69962004226268,,0.18686869,0.06818182,0.11868687,90.1,17,17,0.06920415,0.32525952,88.56237069904181,0.282229965,7.37269414206046,2.6900370518328707,2.74074074,1.4944650287960393,0.3029197080291971,0.68181818,0.1,0,0.2699724517906336,1.3837639155518882,137.0323898328109,117.6858886008426,4.803953287696023,0.29472329,,0.19010417000000002,,-0.7172437310218811,-0.0397642610770377,74,27,6,15,6,0,0,55
Robert Gasser,29812,688107,MIL,0.6714549660682678,,0.55,2.5714285714285716,2.9373598710661075,3.3807654925755095,4.180203671114786,93.2071063701923,,0.14035088,0.00877193,0.13157895,28.0,5,5,0.0212766,0.24468085,85.99230554601648,0.430107526,5.142857142857143,0.3214285714285714,16.0,0.6428571428571429,0.2826086956521739,0.78767123,0.0625,0,0.2545454545454545,1.0357142857142858,62.83298295369196,83.34388609082768,4.344839576023173,0.30519481,,0.20673076999999995,,0.1175899654626846,-0.31553251203317,16,1,3,2,2,0,0,8
Tyler Ferguson,19481,621053,OAK,0.6693741679191589,,0.68,3.681818546623978,3.6890386220140585,3.283362906754048,3.7725661120566074,96.08382985561708,,0.29951691,0.11594203,0.18357488,51.1,48,0,0.08403361,0.38655462,88.20254568326271,0.372881355,10.870130947175554,4.207792624713117,2.58333333,0.7012987707855196,0.2434782608695652,0.66793893,0.078431372,2,0.1767955801104972,1.090909198999697,95.04600617786936,82.69806864673478,3.422846975664142,0.26038781,,0.25,,0.908348023891449,0.3751515009532759,62,24,2,4,0,0,0,21
Jacob Webb,19274,657097,BAL,0.6643909215927124,,0.99,3.0176478036796532,3.41162230705086,3.5194210418780587,4.309454260382244,93.54853562801932,,0.24472574,0.11392405,0.13080169,56.2,60,0,0.0794702,0.34437086,87.3906640625,0.34,9.211766979653678,4.288236352597402,2.14814815,0.6352942744588744,0.2448979591836734,0.72115385,0.0625,2,0.1913875598086124,1.182353233020683,76.12644644189585,86.24413461394191,4.028769956279538,0.29705215,,0.24295011,,1.0876314640045166,0.2201134672228457,58,27,1,4,0,0,0,19
Clayton Kershaw,2036,477132,LAD,0.6591532230377197,,-0.28,4.500000286102313,4.558398318391303,3.533146468268502,4.329689099088705,89.80517850907822,,0.18045113,0.06766917,0.11278196,30.0,7,7,0.04081633,0.40816327,90.38557103737114,0.385416666,7.200000457763701,2.700000171661388,2.66666667,0.6000000381469751,0.3541666666666667,0.63348416,0.06060606,0,0.2950819672131147,1.5000000953674375,109.68467061578428,84.68802645295068,4.514614630148575,0.29288703,,0.21031745999999996,,-0.2869380116462707,0.0594285380930022,24,9,2,2,1,0,0,15
Hunter Stratton,23455,676702,PIT,0.6573249697685242,,0.61,3.584071764399912,3.30214933393648,3.2461258174986822,3.9769676929394824,95.57860456194196,,0.20886076,0.0443038,0.16455696,37.2,36,0,0.06086957,0.31304348,87.33783783783784,0.378378378,7.8849578816798065,1.6725668233866258,4.71428571,0.7168143528799824,0.3035714285714285,0.70093458,0.068181818,1,0.25,1.1681419083970084,85.29471791850621,80.56622188742188,3.601698159730794,0.31521739,,0.24752474999999996,,0.29674232006073,0.0105054246899828,33,7,3,3,0,0,0,15
Spencer Turnbull,16207,605513,PHI,0.6572737786918879,,1.33,2.6503068104915224,4.0731785469332,3.8474613893188674,3.8032973449311833,,,0.26126126,0.09009009,0.17117117,54.1,17,7,0.07194245,0.42446043,87.82589787544964,0.474820143,9.607362188031768,3.3128835131144028,2.9,0.9938650539343208,0.2330827067669172,0.83955224,0.12,0,0.1878172588832487,1.0490797791528943,63.2432889327572,93.0713268395722,3.6664686155039288,0.23880597,,0.23453608000000004,,1.2284881174564362,0.7158694061598525,58,20,5,6,2,0,0,16
Huascar Brazobán,6107,623211,- - -,0.6459665764123201,,0.22000000000000003,3.8322588190403737,3.641905228013818,3.3213185184530425,4.076474050376518,96.63614992751288,,0.23502304,0.11520737,0.11981567,51.2,39,0,0.04347826,0.24637681,82.32846715328468,0.456521739,8.883872716866321,4.354839567091334,2.04,0.3483871653673067,0.2647058823529412,0.63291139,0.046511627,0,0.201058201058201,1.2193550787855734,94.10971682458292,82.30115686029092,4.021633034295631,0.31545064,,0.27586206999999996,,-1.0923618078231812,-1.852959131090405,51,25,3,2,0,0,0,22
Merrill Kelly,11156,518876,ARI,0.6452677845954895,,1.06,4.0316743473268515,4.975906492111245,4.252452666458644,3.8917012596031526,91.9974421417364,,0.21,0.06333333,0.14666667,73.2,13,13,0.10648148,0.40740741,90.4033156842417,0.424528301,7.696832844896717,2.3212670484609146,3.31578947,1.3438914491089506,0.2731707317073171,0.73002755,0.142857142,0,0.2401433691756272,1.1674208547815126,96.80684943581704,108.23670532701586,4.089927535685785,0.30120482,,0.19413919000000002,,0.8210939764976501,0.2910096071545337,63,19,2,11,5,0,0,33
Reid Detmers,27468,672282,LAA,0.6452233195304871,,-1.09,6.69847367255953,4.063474502865591,4.723731777380557,3.862215116366004,94.09653698065902,,0.27877238,0.0971867,0.18158568,87.1,17,17,0.10743802,0.39256198,89.91499837239583,0.383333333,11.23282508167675,3.9160307624194175,2.86842105,1.8549619400934083,0.3571428571428571,0.62943262,0.171428571,0,0.2792022792022792,1.5572519990907625,164.6161592254148,114.17704121444928,3.77472883896811,0.30146082,,0.26544020999999995,,-2.0110998153686523,-0.4377520076958379,109,38,2,18,4,0,0,65
Jose A. Ferrer,24017,678606,WSN,0.6362960338592529,,0.53,3.3750008046628963,2.7732769098146908,2.760229681432224,3.5352364335690663,98.43917262300532,,0.19379845,0.04651163,0.14728682,32.0,31,0,0.01041667,0.47916667,90.6778988486842,0.572916666,7.031251676381034,1.6875004023314482,4.16666667,0.2812500670552413,0.2736842105263158,0.68452381,0.04,1,0.2231404958677686,1.0312502458692183,81.85847209091159,68.24324065700058,3.272389919998578,0.3019802,,0.20869565,,0.4999221265316009,0.0684432689456872,25,6,2,1,0,0,0,12
Ian Hamilton,19261,641656,NYY,0.6335269808769226,,0.49,3.823009882026573,3.759959653095221,3.033736379608317,3.708292822267249,96.42869668111314,,0.25153374,0.08588957,0.16564417,37.2,35,0,0.03809524,0.37142857,89.51619233630953,0.438095238,9.796462822693094,3.3451336467732515,2.92857143,0.4778762352533216,0.3398058252427184,0.72265625,0.058823529,1,0.2534246575342466,1.353982666551078,96.1359509966798,72.27824139886543,3.480460423065235,0.34615385,,0.35256410000000005,,1.541240096092224,0.8295970261324475,41,14,3,2,0,0,0,16
Jalen Beeks,17192,656222,- - -,0.6291933953762054,,0.10999999999999999,4.500001103537694,3.800225616823051,3.995051410052291,4.651975704152948,94.72973188920454,,0.17628205,0.08653846,0.08974359,70.0,71,0,0.04845815,0.33039648,87.23121995192308,0.450892857,7.071430305559233,3.471429422729078,2.03703704,0.7714287606064618,0.3212669683257919,0.65922921,0.073170731,10,0.2730496453900709,1.4857146500568894,98.80653963128128,94.67251168062631,4.380582539986163,0.2423756,,0.20535714000000005,,-1.0787100493907928,-0.8495652705300895,55,27,3,6,0,0,0,35
Ben Joyce,31461,690829,LAA,0.6263366192579269,,1.63,2.076923457828569,3.2436508160632935,3.195325937426303,3.6926385706839735,102.43585205078124,,0.23239437,0.09859155,0.13380282,34.2,31,1,0.04395604,0.37362637,87.21333448621962,0.588888888,8.567309263542848,3.634616051199995,2.35714286,0.2596154322285711,0.2777777777777778,0.84507042,0.05,4,0.2096774193548387,1.1538463654603162,51.04075634923955,76.64462051943089,3.53216128857119,0.25213675,,0.27509293999999995,,2.67668017745018,0.9491556128045636,33,14,4,1,0,0,0,8
Andrés Muñoz,20373,662253,SEA,0.6240898370742798,,2.05,2.1235958241917205,2.9152054241927443,3.3518730645287547,2.9801479137674898,98.56423539959016,,0.33189655,0.11206897,0.21982759,59.1,60,0,0.08730159,0.33333333,86.2943984375,0.523809523,11.679777033054464,3.9438208163560526,2.96153846,0.910112496082166,0.2083333333333333,0.85271318,0.162162162,22,0.1527093596059113,0.9606743014200642,56.47828514714634,85.14190416207505,2.9417176575830655,0.33271719,,0.37731481,,1.4410440921783447,-0.4907549711053105,77,26,3,6,0,0,0,14
Davis Martin,21448,663436,CHW,0.622290613129735,,0.9,4.320000164794928,4.098292312828601,4.266479820251467,4.569208742394838,93.71335920198696,,0.21363636,0.10454545,0.10909091,50.0,11,10,0.07586207,0.37931034,87.88958316379123,0.458333333,8.4600003227234,4.140000157928473,2.04347826,0.9000000343322767,0.3214285714285714,0.74647887,0.094339622,0,0.2604166666666667,1.4600000556945822,107.13699640242656,101.42106903779344,4.513034925151691,0.29359823,,0.25174825,,0.0762062175199389,0.3043556781795497,47,23,5,5,2,0,0,24
Michael McGreevy,29869,700241,STL,0.6208943575620651,,0.92,1.9565217391304348,3.5571693450029445,2.5577841261158816,2.715701189961122,93.14202168782552,,0.20930233,0.02325581,0.18604651,23.0,4,3,0.04615385,0.33846154,87.27187824249268,0.625,7.043478260869565,0.782608695652174,9.0,0.391304347826087,0.234375,0.79545455,0.09090909,0,0.1927710843373494,0.782608695652174,48.49302442225197,64.94054194528938,2.766830581498455,0.28082192,,0.21678322000000005,,0.550835981965065,0.1351954209547444,18,2,1,1,2,0,0,5
Michael Tonkin,10315,543859,- - -,0.6205148547887802,,-0.15999999999999992,3.6302528572609383,4.329451045624828,3.443790760441672,3.890017287873473,93.22137601163752,,0.25,0.08823529,0.16176471,79.1,57,0,0.07373272,0.35023041,87.95509281864872,0.410138248,9.64285915209937,3.4033620536821303,2.83333333,0.680672410736426,0.3033175355450237,0.65261044,0.08,2,0.2317880794701986,1.260504464326715,90.88711698778329,82.75297199902637,3.5642552077330243,0.30136986,,0.21266967999999997,,-0.8806558400392532,-1.2388326577187612,85,30,8,6,0,0,0,32
Max Scherzer,3137,453286,TEX,0.6061842441558838,,0.33,3.946153961949098,3.834699262243833,4.18186442346968,4.03584451337931,92.62486713435374,,0.2259887,0.05649718,0.16949153,43.1,9,9,0.07936508,0.34920635,87.9040967597336,0.319672131,8.307692551471785,2.0769231378679462,4.0,1.4538461965075624,0.2773109243697479,0.75242718,0.125,0,0.2409638554216867,1.1538461877044146,99.51072535836896,101.45927609349545,4.007217645219987,0.36024845,,0.26923076999999995,,-0.2582278549671173,-0.2635151319108463,40,10,1,7,3,0,0,19
Jordan Montgomery,16511,656756,ARI,0.6054696589708328,,-1.38,6.230769281556621,5.173498950342771,4.4827191052578605,4.671788635345576,92.10142759947448,,0.15601504,0.08270677,0.07330827,117.0,25,21,0.05955335,0.40942928,88.56412263438295,0.42278481,6.384615436656785,3.3846154122035963,1.88636364,1.0769230857011445,0.3470437017994858,0.63854048,0.103703703,1,0.3065843621399177,1.6495726630184195,149.61058154632386,113.99731149623013,4.913535914264608,0.32802249,,0.25237592,,-1.5982997342944143,-0.2697613065955861,83,44,2,14,6,0,0,81
Yennier Cano,25911,666974,BAL,0.6054456233978271,,1.02,3.1500010013583504,3.7274664627422913,3.549813233481552,3.081417708004651,96.58121888827434,,0.26104418,0.09638554,0.16465863,60.0,70,0,0.06289308,0.43396226,89.94713500199045,0.628930817,9.750003099442514,3.6000011444095437,2.70833333,0.9000002861023859,0.3137254901960784,0.77903683,0.181818181,5,0.2410714285714285,1.3000004132590015,79.46533131845933,87.00493764287238,3.079301902633931,0.33003953,,0.2556701,,1.170611023902893,0.1667190664416863,65,24,1,6,0,0,0,21
Carmen Mlodzinski,27572,669387,PIT,0.6047606319189072,,0.75,3.375000169402683,3.3419995872888784,3.363848209249016,4.175751780193815,96.15126387001813,,0.22009569,0.09090909,0.1291866,50.2,40,4,0.02816901,0.35211268,89.32571585518973,0.460992907,8.17105304171176,3.375000169402683,2.42105263,0.5328947635898973,0.2733812949640288,0.69204152,0.056603773,0,0.2180851063829787,1.1842105857553271,80.31917504651614,83.42283174837524,3.9615174645761537,0.26139089,,0.23076923000000005,,0.0274430811405181,-0.7612084177219425,46,19,2,3,0,0,0,19
Aaron Ashby,23550,676879,MIL,0.6034631431102753,,0.2,2.858823850163162,3.022610990392711,2.813538562220269,2.856461554518226,96.4710431780134,,0.27731092,0.08403361,0.19327731,28.1,14,2,0.06578947,0.36842105,90.16666666666669,0.586666666,10.48235411726493,3.176470944625736,3.3,0.6352941889251472,0.2432432432432432,0.625,0.111111111,0,0.1834862385321101,1.0588236482085789,69.85550065079833,69.66011910402821,3.010957052348232,0.32911392,,0.25480769000000003,,0.4623379707336426,0.2515061748444019,33,10,0,2,0,0,0,9
José Alvarado,17780,621237,PHI,0.600022554397583,,0.43,4.086486907802985,3.9456952288256537,3.798912275925971,3.809038284378671,,,0.24418605,0.10852713,0.13565892,61.2,66,0,0.06626506,0.40963855,89.46686876917178,0.460122699,9.194595542556716,4.086486907802985,2.25,0.8756757659577824,0.26875,0.68965517,0.115384615,13,0.2139737991266375,1.2486487773842454,97.51432219358152,91.91908490899564,3.832277379597078,0.27083333,,0.26543209999999995,,0.78998202085495,0.3328977760101403,63,28,1,6,0,0,0,28
Dylan Floro,13394,571670,- - -,0.5986391305923462,,0.8,3.800971542455241,3.915940235988661,3.5014312935253145,4.096197249159715,89.96204502535183,,0.17204301,0.0609319,0.11111111,68.2,66,0,0.04225352,0.38967136,90.16730675330528,0.454545454,6.291263242684536,2.2281557317841068,2.82352941,0.6553399211129726,0.2884615384615384,0.68421053,0.071428571,0,0.2490421455938697,1.1941749673614166,91.64916271461531,87.51144574281874,4.073006139309117,0.22149123,,0.17330210999999995,,-0.5124216973781586,-1.6322193362820403,48,17,1,5,0,0,0,29
Braxton Garrett,21844,666129,MIA,0.5972195267677307,,0.11,5.351351351351352,4.480114960428012,3.815128426938444,3.488649892283453,90.82284322599084,,0.21118012,0.02484472,0.1863354,37.0,7,7,0.08474576,0.48305085,92.34273170405984,0.512820512,8.27027027027027,0.972972972972973,8.5,1.2162162162162162,0.3097345132743362,0.5952381,0.142857142,0,0.2631578947368421,1.1891891891891893,128.03905617760122,93.9457483090387,3.4529196995391054,0.32986111,,0.20430108000000002,,-0.343390017747879,-0.3279546584336239,34,4,5,5,2,1,1,22
Pete Fairbanks,17998,664126,TBR,0.5885121822357178,,0.84,3.573529511999509,4.001977979415096,3.4973621405119717,3.884547151803231,97.43406464041097,,0.23783784,0.09189189,0.14594595,45.1,46,0,0.05645161,0.41129032,89.09507876536885,0.434426229,8.735294362665467,3.3750000946662033,2.58823529,0.7941176693332243,0.2666666666666666,0.69620253,0.086956521,23,0.2142857142857142,1.1691176798516911,92.32543762178126,87.6180244306598,3.74939672383956,0.25641026,,0.21221864999999995,,1.467553973197937,0.3177436042123057,44,17,0,4,0,0,0,18
Tyler Rogers,15541,643511,SFG,0.5832422375679016,,1.5,2.81516608036031,3.0670987520317983,3.564584072482162,3.68959670916212,,,0.17586207,0.02068966,0.15517241,70.1,77,0,0.04424779,0.30973451,85.2174072265625,0.544642857,6.526066822653446,0.7677725673709936,8.5,0.8957346619328259,0.273972602739726,0.81196581,0.106060606,1,0.2418772563176895,1.0379147670015283,69.95138476532796,91.27256374532548,3.329631805251373,0.25,,0.16159696,,1.3720660209655762,0.3686194534976927,51,6,7,7,0,0,0,22
Bryan Hoeing,26304,663773,- - -,0.5812072865664959,,1.5499999999999998,2.180124559362415,4.946460611020312,3.3155481242291054,3.5017409104529493,94.64977866724918,,0.2047619,0.06666667,0.13809524,53.2,34,2,0.07843137,0.45751634,90.86357551221026,0.483443708,7.211181234814141,2.347826448544139,3.07142857,0.6708075567268968,0.261744966442953,0.81712062,0.097560975,0,0.2193877551020408,1.0621119648175867,53.015448388579514,82.21452311078711,3.658105317885213,0.27717391,,0.2084507,,0.946894109249115,-0.0495429481502489,43,14,0,4,0,0,0,13
Anthony Banda,14706,607455,LAD,0.5778200142085552,,0.65,3.080537543694934,3.284948387142414,3.669835586083085,3.883266911228637,96.12755204675796,,0.23923445,0.0861244,0.15311005,49.2,48,2,0.0647482,0.38848921,88.3171655455632,0.444444444,9.060404540279215,3.2617456345005182,2.77777778,0.9060404540279218,0.291044776119403,0.78947368,0.1,2,0.2328042328042328,1.2483224033273588,75.08616095942482,87.89714749902711,3.666145598033471,0.33246753,,0.28148147999999995,,1.1928052715957165,0.6525482482632547,50,18,2,5,0,0,0,17
Jack Kochanowicz,27688,686799,LAA,0.572874128818512,,0.75,3.9948982701903577,5.076341315304364,4.620561524144523,4.477425603858102,96.46599692486704,,0.09398496,0.03759398,0.05639098,65.1,11,11,0.06278027,0.44394619,90.3077963732798,0.570135746,3.4438778191296184,1.3775511276518473,2.5,0.9642857893562932,0.2824074074074074,0.73490814,0.129629629,0,0.2741935483870967,1.1938776439649343,98.175322003424,111.64353260931186,4.564234515561928,0.27840909,,0.13478261000000002,,0.2111261039972305,-0.3161618296249501,25,10,8,7,8,0,0,29
Edward Cabrera,21690,665795,MIA,0.5698563456535339,,0.27,4.951557354860793,4.69983094071079,4.682050792565845,3.944867597694068,96.28684786872384,,0.25598086,0.11961722,0.13636364,96.1,20,20,0.0859375,0.45703125,89.67579675099206,0.470355731,9.996540320190658,4.671280523453579,2.14,1.4013841570360734,0.2780082987551867,0.6637931,0.182926829,0,0.2258953168044077,1.3702422868797164,118.47338900024502,114.88684472956126,4.2232771645057525,0.29665588,,0.26175349000000003,,-1.1876276731491089,-0.891014286270708,107,50,5,15,5,0,0,53
Trent Thornton,17948,663423,SEA,0.5645291209220886,,0.31,3.608295565186877,3.411115356424243,3.470627297194436,3.5587832618279474,95.617680102323,,0.26190476,0.06462585,0.19727891,72.1,71,0,0.07772021,0.37305699,87.93722988696808,0.38095238,9.58064684549619,2.3640557151224364,4.05263158,0.9953918800515522,0.2972972972972973,0.72559367,0.109589041,1,0.2333333333333333,1.1336407522809344,95.96475162752512,88.22668592998374,3.1962546695300276,0.3194707,,0.24305555999999995,,-0.1728627979755401,0.0897769752933393,77,19,5,8,0,0,0,29
Tyson Miller,19976,668338,- - -,0.544001841917634,,1.3900000000000001,2.3225810024170723,3.3943244752326285,3.6664798551990265,4.174103818828874,,,0.22978723,0.04680851,0.18297872,62.0,58,0,0.07878788,0.34545455,88.1938641319977,0.306748466,7.83871088315762,1.5967744391617371,4.90909091,1.0161291885574693,0.2025316455696202,0.81858407,0.086419753,1,0.1780821917808219,0.8064517369503724,58.45961705556222,92.22571931977023,3.5730055461118035,0.3028169,,0.24435317999999995,,1.3423441797494888,-0.1520963656853178,54,11,5,7,0,0,0,16
Buck Farmer,14814,571656,CIN,0.5406852886080742,,1.68,3.042253848035984,4.135580354455921,3.997465783077402,4.440743026540897,92.87059364318849,,0.23411371,0.09698997,0.13712375,71.0,61,1,0.08290155,0.35751295,88.31263572291324,0.357894736,8.873240390104954,3.676056733043481,2.4137931,0.8873240390104954,0.2634408602150537,0.81508516,0.086419753,1,0.2129277566539923,1.1971832272363827,70.31888752343423,93.69054197804756,3.935807191115165,0.28764805,,0.23595506,,0.4416650608181953,-0.1891519543146975,70,29,7,7,0,0,0,24
Landen Roupp,30076,694738,SFG,0.540614128112793,,0.64,3.5761593017739104,4.01090577293728,3.4247579500845777,4.169877622624837,93.7073543772978,,0.21658986,0.11981567,0.09677419,50.1,23,4,0.04895105,0.39160839,88.99084300726233,0.471830985,8.40397435916869,4.649007092306083,1.80769231,0.357615930177391,0.2907801418439716,0.72916667,0.047619047,0,0.2263157894736842,1.3708610656799989,88.86058163519647,87.76512475793155,4.391002744694017,0.26898048,,0.23719676999999995,,0.5552980154752731,0.3256400661038797,47,26,1,2,0,0,0,20
Randy Rodríguez,23974,678495,SFG,0.5393635928630829,,-0.19,4.29936394526472,3.272283489743008,3.338454336100384,4.107228624419184,97.8717519171227,,0.239819,0.08144796,0.15837104,52.1,35,1,0.07482993,0.37414966,88.13541412353516,0.409722222,9.114651563961209,3.0955420405905985,2.94444444,0.6878982312423552,0.3006993006993007,0.625,0.06557377,0,0.235,1.2420384730764746,106.8308060684287,85.600259886828,3.6544980930573514,0.30092593,,0.28132387999999997,,-0.6157147791236639,-1.0069401290412927,53,18,3,4,0,0,0,25
Danny Coulombe,13293,543056,BAL,0.5361840128898621,,1.03,2.1235962337866736,2.9425028277431955,2.8294010110220693,2.941858421747514,90.85235236672794,,0.29906542,0.04672897,0.25233645,29.2,33,0,0.05714286,0.47142857,90.31884057971014,0.485714285,9.707868497310509,1.516854452704767,6.4,0.9101126716228602,0.1791044776119403,0.82278481,0.107142857,1,0.1470588235294117,0.674157534535452,53.57213481256695,68.97096996866551,2.5687753725526123,0.27038627,,0.22596154000000002,,1.773069977760315,0.6696398131218437,32,5,0,3,0,0,0,7
Cal Quantrill,19312,615698,COL,0.5353853106498718,,1.77,4.975281069475875,5.325844796496127,5.31704164978411,4.8710818225249986,94.232314453125,,0.16768293,0.10518293,0.0625,148.1,29,29,0.07296137,0.41201717,89.0570515862256,0.443722943,6.6741575322237345,4.186516997485797,1.5942029,1.3955056658285991,0.3002257336343115,0.75073602,0.149350649,0,0.2708333333333333,1.5168539845963034,106.07120584375711,123.8060918711223,5.070228204215913,0.23059533,,0.18952618,,-0.2126019895076751,0.8602303090832761,110,69,11,23,12,0,0,82
Joel Payamps,14332,606303,MIL,0.5345836877822876,,1.06,3.0508478521376596,4.020750825292666,3.725801884515033,3.797946463199728,94.83736221104452,,0.25106383,0.07659574,0.17446809,59.0,68,0,0.09615385,0.43589744,89.37973600898692,0.385620915,9.000001163806097,2.7457630669238937,3.27777778,1.067796748248181,0.2147651006711409,0.73170732,0.111111111,6,0.1813953488372093,0.9661018198435922,74.54761653409518,91.66753459304095,3.4608592793148807,0.26139089,,0.23953488,,2.083806276321411,0.2041043276541188,59,18,2,7,0,0,0,20
Graham Ashcraft,27552,668933,CIN,0.5345784425735474,,0.28,5.237069309962655,5.123135434301763,4.821652300944659,4.556212812417195,,,0.16285714,0.07714286,0.08571429,77.1,15,15,0.07692308,0.42692308,90.60117953431372,0.486381322,6.633621125952696,3.142241585977593,2.11111111,1.280172497990871,0.3132530120481928,0.67542214,0.135802469,0,0.2807570977917981,1.5000000986559705,121.05001954305604,112.65607635669376,4.665779383606132,0.2618683,,0.20516716999999995,,-0.4707158803939819,0.5242782557876493,57,27,6,11,3,0,0,45
Landon Knack,27487,689017,LAD,0.5298651680350304,,1.02,3.6521740644775913,4.001056130374021,4.717204480270359,4.227013500665944,93.53305810914004,,0.24125874,0.06293706,0.17832168,69.0,15,12,0.10204082,0.43877551,90.64387605628188,0.311224489,9.000000373176922,2.347826184307023,3.83333333,1.8260870322387956,0.2417582417582417,0.85858586,0.142857142,1,0.2188679245283019,1.1014493210329244,89.01944085001483,112.48676820242146,3.886973023027358,0.25394046,,0.22159090999999997,,0.3111281432211399,0.559694451114256,69,18,3,14,2,0,0,28
Greg Weissert,20375,669711,BOS,0.5297165513038635,,0.51,3.1263164171552993,3.4975069021817977,3.719111468190985,3.9056889523311265,94.15291714449542,,0.22053232,0.07604563,0.14448669,63.1,62,0,0.05945946,0.40540541,88.88406808035714,0.412087912,8.24210691795488,2.842105833777545,2.9,0.9947370418221408,0.3258426966292135,0.70478723,0.102941176,1,0.2674897119341564,1.342105532617174,74.61099842833886,90.3629677313112,3.7682334581394135,0.29247312,,0.19066936999999995,,-0.0742199495434761,-0.8375269326973294,58,20,0,7,0,0,0,22
Brenan Hanifee,22304,669724,DET,0.515727236866951,,0.9,1.840909529816125,3.049996837708153,3.098297943852161,3.552123684840213,95.63884049755032,,0.19166667,0.05,0.14166667,29.1,21,3,0.04395604,0.36263736,86.12966818337912,0.538461538,7.0568198642951465,1.840909529816125,3.83333333,0.6136365099387084,0.2808988764044944,0.86092715,0.076923076,0,0.2368421052631578,1.1250002682209654,45.65789834878916,75.16869147914267,3.51763245589259,0.27804878,,0.14090908999999996,,0.855753943324089,0.4227627791557339,23,6,0,2,0,0,0,6
Hogan Harris,21520,663687,OAK,0.5058782249689102,,1.91,2.8617513533035033,5.042184399584448,4.2309959821756395,4.68700554387487,93.06263173570382,,0.2,0.10819672,0.09180328,72.1,21,9,0.07211538,0.39423077,88.9209746570122,0.370731707,7.589862284848422,4.105991072131114,1.84848485,0.8709678031793271,0.2885572139303483,0.78947368,0.085365853,0,0.241635687732342,1.35483880494562,73.87600267672555,107.11782823969357,4.687650724853201,0.21988528,,0.18726591999999997,,0.8018080294132233,0.8600504863079431,61,33,3,7,3,0,0,23
Cade Povich,30055,700249,BAL,0.5049110054969788,,-0.21,5.19665288555362,4.08520671988708,4.785726691904329,4.991194794395859,92.35484651548671,,0.19602273,0.09659091,0.09943182,79.2,16,16,0.08943089,0.36585366,88.41147701075819,0.352459016,7.794979328330429,3.841004306713545,2.02941176,1.3556485788400747,0.2905982905982906,0.67864271,0.105263157,0,0.2539682539682539,1.4309623887756344,131.09638476923385,117.9433679782448,4.802433744099394,0.26380368,,0.21189024,,-0.9495358467102052,-0.3285441967549698,69,34,3,12,3,0,0,46
Daysbel Hernández,20271,678226,ATL,0.500784158706665,,0.41,2.500000529819177,2.415116116394976,2.110923999032809,3.454931756062397,97.50884726821192,,0.35135135,0.13513514,0.21621622,18.0,16,0,0.02702703,0.27027027,85.21388753255208,0.361111111,13.00000275505972,5.000001059638354,2.6,0.0,0.2702702702702703,0.71428571,0.0,0,0.1587301587301587,1.111111346586301,60.337639276182166,53.847298286052784,3.1529522410403175,0.31609195,,0.30379747,,0.9662980437278748,0.4556547351268749,26,10,1,0,0,0,0,5
Martín Pérez,6902,527048,- - -,0.4979420155286789,,0.88,4.533333461431813,5.462274159132652,4.899813160601958,4.483704095108578,91.48380100980718,,0.18135593,0.08305085,0.09830509,135.0,26,26,0.08624709,0.41491841,88.99272392165493,0.443661971,7.133333534900059,3.266666758972924,2.18367347,1.4666667081102924,0.3169533169533169,0.76923077,0.144736842,0,0.2817164179104477,1.4814815233437295,109.75137431218543,120.90341283029102,4.638850439160987,0.26360225,,0.19146825,,-0.1542737185955047,1.1127122626119823,107,49,5,22,8,0,0,68
Jordan Hicks,19618,663855,SFG,0.485898993909359,,0.98,4.103343595883852,4.730286544982442,4.370127233082393,4.340153211109096,95.87830300932949,,0.1995842,0.0977131,0.1018711,109.2,29,20,0.09422492,0.4224924,89.58024842062115,0.509202453,7.878419704096996,3.857142980130821,2.04255319,0.9848024630121244,0.3154574132492113,0.75396825,0.118811881,1,0.2635294117647059,1.4498480705456278,101.9600828180192,111.47904189884234,4.4368097824094965,0.24974824,,0.23495370000000004,,-0.0470397025346756,0.6237120569155518,96,47,9,12,3,0,0,50
John Means,16269,607644,BAL,0.4806542992591858,,0.77,2.6129033061889926,4.59159810280862,3.3116410730780723,4.541074295329494,90.576806640625,,0.2,0.025,0.175,20.2,4,4,0.06557377,0.52459016,90.85,0.183333333,6.9677421498373135,0.8709677687296642,8.0,0.8709677687296642,0.2372881355932203,0.80246914,0.058823529,0,0.2077922077922078,0.8709677687296642,65.91592410283971,81.04281081089191,4.60575388682436,0.26143791,,0.24025974000000005,,0.3813760578632355,-0.0440266681032506,16,2,1,2,2,0,0,6
Emilio Pagán,14771,641941,CIN,0.4752650931477546,,0.32,4.500000451740511,4.174481627147576,3.771742996944952,3.629016758897378,94.76647123448988,,0.27848101,0.06962025,0.20886076,38.0,38,1,0.08737864,0.50485437,90.3578431372549,0.31372549,10.421053677714868,2.605263419428717,4.0,1.4210527742338457,0.3505154639175257,0.72769953,0.125,1,0.272108843537415,1.3421053978875208,104.01335372642497,88.49638608295163,3.193921502201817,0.33082707,,0.26582278000000004,,-0.0032060220837593,-0.0575074641797545,44,11,0,6,0,0,0,19
Tim Hill,16814,657612,- - -,0.4738525599241256,,0.42999999999999994,3.358209624431877,3.5642986980690123,3.5694649332216204,4.016395037659975,90.76869309793308,,0.10652921,0.0652921,0.04123711,67.0,62,0,0.0167364,0.40585774,87.96808510638297,0.682203389,4.164179934295527,2.5522393145682263,1.63157895,0.2686567699545501,0.3164556962025316,0.69327731,0.054054054,0,0.2851851851851852,1.4328361064242674,83.74973178909033,85.09389855658195,3.617627875899316,0.27083333,,0.11336031999999996,,0.4737879633903503,0.1910503740700098,31,19,2,2,0,0,0,25
Ryan Burr,17536,621114,TOR,0.4634627848863601,,0.04,4.1326539862014,3.558874175827628,3.074643023040875,3.1491012832976812,94.05966362847222,,0.33571429,0.08571429,0.25,32.2,34,4,0.0875,0.475,91.28000183105468,0.325,12.94898249009772,3.30612318896112,3.91666667,1.10204106298704,0.3289473684210526,0.71428571,0.111111111,0,0.2283464566929134,1.25510232173524,103.3757082552047,73.58566562605114,2.7617917475877194,0.35294118,,0.30555555999999995,,-0.4266959242522716,-0.8189165578687928,47,12,1,4,0,0,0,15
Pierce Johnson,13435,572955,ATL,0.4612372815608978,,0.74,3.6745567936168775,3.7803389247256898,3.610266830658983,3.648191905226945,95.58000742364251,,0.28389831,0.1059322,0.1779661,56.1,58,0,0.08450704,0.3943662,89.36056475572182,0.450704225,10.704143703144815,3.9940834713226927,2.68,0.9585800331174462,0.3088235294117647,0.75075075,0.113207547,2,0.2296650717703349,1.2958581929180293,88.68561413030424,90.79764332573666,3.4175238051456063,0.3,,0.25970874,,0.015368090942502,-0.5236946164821898,67,25,2,6,0,0,0,23
Collin Snider,23307,676092,SEA,0.4611671268939972,,0.96,1.944000296630905,3.961810992890769,3.4064798149108944,3.5157371120511756,94.23020973342294,,0.27810651,0.07692308,0.20118343,41.2,42,0,0.10091743,0.36697248,85.64953271028037,0.308411214,10.152001549072502,2.8080004284668623,3.61538462,1.080000164794947,0.2980769230769231,0.83333333,0.108695652,0,0.2307692307692307,1.1760001794433868,51.70183602194964,86.5603791435756,3.223583639295465,0.29192547,,0.27350427,,0.3930598795413971,-0.4870628264215818,47,13,0,5,0,0,0,9
Richard Fitts,30160,690916,BOS,0.4604330956935882,,0.59,1.7419355374593284,4.079123469438508,3.3116410730780723,5.506492052857331,94.4650390625,,0.10588235,0.08235294,0.02352941,20.2,4,4,0.01449275,0.33333333,88.5253760494403,0.373134328,3.919354959283489,3.0483871905538247,1.28571429,0.0,0.2753623188405797,0.76923077,0.0,0,0.2435897435897435,1.2580645548317373,41.57210349357592,80.26119897402691,5.799357731603716,0.34459459,,0.12820513,,0.5772160291671753,0.1069164206650137,9,7,0,0,0,0,0,4
Adam Ottavino,1247,493603,NYM,0.4594545662403106,,-0.03,4.339286601057039,3.1980490439746965,3.666479880469207,3.8936317906988376,93.21128558168316,,0.28571429,0.09387755,0.19183673,56.0,60,0,0.07586207,0.34482759,87.12657069493007,0.433566433,11.250002299036767,3.6964293268263666,3.04347826,0.9642859113460088,0.3093525179856115,0.7082153,0.1,1,0.227906976744186,1.285714548461345,108.84177477768114,90.9507125009691,3.270367975301104,0.21809745,,0.23963133999999997,,-0.0421258434653282,-0.2871533501372989,70,23,7,6,0,0,0,27
Gregory Soto,19677,642397,- - -,0.4572862312197685,,0.28,4.415095134068459,4.544383195171132,3.675913832220771,3.835920205330475,98.21607607886904,,0.26639344,0.11065574,0.15573771,53.0,66,0,0.07638889,0.4375,88.67357003348214,0.507042253,11.037737835171148,4.584906485378784,2.40740741,0.6792454052413014,0.3714285714285714,0.71428571,0.1,2,0.2679425837320574,1.566038017639667,107.67277284956305,89.43616044408564,3.55738398036329,0.30128205,,0.28959276,,-0.0931237339973449,0.1292015693479627,65,27,8,4,0,0,0,26
Paul Blackburn,14739,621112,- - -,0.4513706266880035,,0.47,4.659292114043313,4.587771252290129,4.626656794086845,4.1414620614484,92.17164120431674,,0.18670886,0.0664557,0.12025316,75.1,14,14,0.08154506,0.35622318,87.56724180024246,0.456896551,7.048672685347577,2.5088495998694764,2.80952381,1.433628342782558,0.2895927601809955,0.70913462,0.151898734,0,0.2602739726027397,1.287610641202853,119.05498167624992,116.31102792249288,4.334100536667984,0.26129032,,0.20970537,,-0.2103498578071594,-0.1760171882869318,59,21,3,12,7,0,0,39
Christian Scott,30107,681035,NYM,0.445525199174881,,0.21,4.56338040428109,4.220312376898811,4.603099535193101,4.705872888263329,94.31343900240384,,0.19796954,0.06091371,0.13705584,47.1,9,9,0.10416667,0.35416667,89.04545454545455,0.323943661,7.415493156956771,2.281690202140545,3.25,1.5211268014270298,0.2720588235294117,0.73221757,0.111111111,0,0.2459016393442623,1.2042253844630653,114.46269118676196,113.7245485250422,4.475913067851298,0.2464986,,0.20595533,,-0.2947119474411011,-0.3827368112904142,39,12,2,8,3,0,0,24
Davis Daniel,27582,669721,LAA,0.4434129595756531,,-0.37,6.2307694919615315,4.401626450911796,4.155490808759879,4.15603019782228,91.6067044005102,,0.20895522,0.04477612,0.1641791,30.1,6,6,0.1010101,0.39393939,87.22020004734848,0.363636363,8.307692655948708,1.780219854846152,4.66666667,1.4835165457051265,0.3617021276595745,0.61538462,0.116279069,0,0.3070866141732283,1.4835165457051265,153.12224738410822,100.22298625542456,4.0223720602904685,0.30769231,,0.19199999999999995,,-0.6581898331642151,-0.1550960184244515,28,6,1,5,1,0,0,21
Joey Cantillo,23335,676282,CLE,0.4423272088170051,,-0.11,4.887931114853351,3.737801641612178,4.071652206966341,3.4621427820475024,92.26304340637382,,0.26993865,0.09202454,0.17791411,38.2,9,8,0.07692308,0.40384615,89.05242712520858,0.485436893,10.241379478740354,3.4913793677523937,2.93333333,1.3965517471009574,0.2959183673469387,0.67307692,0.166666666,0,0.2364864864864864,1.2931034695379235,122.98501359949783,100.6928517185646,3.6948093606567833,0.23495702,,0.27922077999999995,,-0.3482098281383514,-0.2728576684337617,44,15,0,6,1,0,0,21
Sam Moll,14874,594580,CIN,0.4328012764453888,,0.83,3.3451336467732515,2.917210825555866,3.458515255389047,3.9083643422822494,93.44672914431332,,0.25,0.09210526,0.15789474,37.2,48,0,0.06122449,0.36734694,88.78125,0.46875,9.079648469813112,3.3451336467732515,2.71428571,0.7168143528799824,0.2526315789473684,0.69587629,0.081081081,0,0.1985294117647058,1.0884958691881217,77.31967429679175,81.28863471594737,3.6001283213131408,0.26573427,,0.23381295000000002,,0.6611670851707458,-0.0407054974141117,38,14,2,3,0,0,0,14
Erik Miller,26252,669062,SFG,0.4310218244791031,,0.42,3.8762382459739664,3.149409570171,3.6714303543936833,3.5325459846146083,97.138500086668,,0.30633803,0.13380282,0.17253521,67.1,73,10,0.06962025,0.41139241,89.54679205478766,0.506410256,11.6287147379219,5.079208736103818,2.28947368,0.9356437145454402,0.2847682119205298,0.70707071,0.129629629,0,0.2040816326530612,1.3069309028571228,96.31695795066588,93.952726853682,3.5911464246541622,0.25333333,,0.28727273,,-0.5951367318630219,-1.1011276434316124,87,38,1,7,0,0,0,29
Andrew Chafin,12988,605177,- - -,0.4282768964767456,,0.47000000000000003,3.514793692773603,3.5990899885177887,3.5392609275233595,3.942157247356967,91.86337753080986,,0.28455285,0.12601626,0.15853659,56.1,62,0,0.0625,0.34027778,88.49370356206293,0.361111111,11.183434477006918,4.952663839817349,2.25806452,0.798816748357637,0.3381294964028777,0.75324675,0.086206896,1,0.2429906542056074,1.4733731136374193,87.77045028066246,85.8410626994946,3.715204862114972,0.34214876,,0.33783783999999994,,0.5748182833194733,0.2898329400532544,70,31,1,5,0,0,0,22
Gus Varland,24737,681402,- - -,0.4225006103515625,,0.34,3.4177220553432743,3.450231500750569,3.128505088785981,3.921122704043214,95.34033396121542,,0.23478261,0.06956522,0.16521739,26.1,26,0,0.05063291,0.39240506,89.47012923599837,0.384615384,9.22784954942684,2.7341776442746197,3.375,0.6835444110686549,0.3636363636363636,0.74585635,0.064516129,0,0.2830188679245283,1.443038201144938,84.46919780645227,73.5831694081392,3.5605871593599394,0.25757576,,0.24074074,,-0.3093719389289617,-0.3115831002138435,27,8,1,2,0,0,0,10
J.T. Ginn,27889,669372,OAK,0.4220513235777616,,0.53,4.235294355240674,4.51891793089289,3.960597469897422,3.898723272465243,92.98337113229852,,0.20422535,0.06338028,0.14084507,34.0,8,6,0.06862745,0.45098039,90.33038808785231,0.470588235,7.676471018873721,2.3823530748228787,3.22222222,1.0588235888101685,0.3265306122448979,0.74879227,0.121212121,0,0.2748091603053435,1.3235294860127105,109.33396319121,100.14987108898924,4.013313702904656,0.244,,0.26229508,,-0.0498039685189724,-0.1879366006086477,29,9,2,4,1,0,0,16
Sean Burke,29878,680732,CHW,0.4160543605685234,,0.92,1.4210526315789471,3.966157621939821,3.3243745151319004,3.4679618687221883,95.2273408203125,,0.28947368,0.09210526,0.19736842,19.0,4,3,0.08510638,0.40425532,90.31914633892951,0.319148936,10.421052631578949,3.3157894736842106,3.14285714,0.9473684210526316,0.2222222222222222,0.92592593,0.105263157,0,0.1739130434782608,1.0,35.24243168272186,78.62943248803761,3.5554285295502495,0.28834356,,0.26143791000000005,,0.5848780469968915,0.466744725053989,22,7,0,2,1,0,0,3
Garrett Whitlock,20191,676477,BOS,0.4150554835796356,,0.78,1.9636364998305231,4.357462612432776,3.330116153275672,3.858123067715136,,,0.22666667,0.09333333,0.13333333,18.1,4,4,0.06,0.36,89.41666666666667,0.448979591,8.345455124279724,3.436363874703416,2.42857143,0.4909091249576308,0.2653061224489796,0.87378641,0.066666666,0,0.208955223880597,1.1454546249011386,46.86310029232278,80.71922240386827,4.1827750114519455,0.28481013,,0.16326531,,0.4393199682235718,0.0747345935277563,17,7,1,1,0,0,0,4
River Ryan,29514,689981,LAD,0.4129149317741394,,0.75,1.3278689354986557,3.8417148015616087,3.3632011020673733,4.285439349772903,96.26431725543478,,0.22222222,0.11111111,0.11111111,20.1,4,4,0.07407407,0.27777778,84.28703703703704,0.5,7.967213612991934,3.983606806495967,2.0,0.4426229784995519,0.2641509433962264,0.88495575,0.047619047,0,0.2083333333333333,1.1803279426654718,32.36596834469417,80.69813128002988,4.4990155817036825,0.25,,0.23188405999999995,,0.5345860123634338,0.0942417406836877,18,9,0,1,0,0,0,3
Kyle Hendricks,12049,543294,CHC,0.4101332477293908,,-1.54,5.923469675972495,4.767363832128109,4.98025537674649,4.591979100568073,87.98416612413195,,0.15343915,0.07583774,0.07760141,130.2,29,24,0.07373272,0.33410138,85.87261807116444,0.445475638,5.992347230344268,2.9617348379862474,2.02325581,1.446428641807237,0.3050847457627119,0.64180929,0.142857142,0,0.2821497120921305,1.4540817034041007,146.27977860100248,124.19531784896265,4.826071994695044,0.27927063,,0.17227318999999996,,-1.7333858907222748,-1.352023441409106,87,43,3,21,5,0,0,86
Bryan King,25890,687911,HOU,0.4097328186035156,,0.64,2.392405698666698,3.1428184492674114,2.710783454734234,3.5377277253581587,92.06101490495392,,0.29357798,0.09174312,0.20183486,26.1,28,0,0.03125,0.34375,85.7225853704637,0.43548387,10.936711765333476,3.417722426666711,3.2,0.3417722426666711,0.3015873015873015,0.82278481,0.04347826,0,0.2083333333333333,1.1392408088889037,59.82750239675637,65.89965807753951,3.144547453451421,0.24725275,,0.21717171999999996,,0.1270900517702102,-0.3411815955308893,32,10,3,1,0,0,0,7
Luis Medina,21649,665622,OAK,0.4058942198753357,,0.33,5.175,4.661553500979614,4.441479778289795,5.107090706378221,96.08647135416666,,0.17777778,0.11111111,0.06666667,40.0,8,8,0.08661417,0.4488189,89.49527866633858,0.385826771,7.2,4.5,1.6,0.9,0.3170731707317073,0.68493151,0.076923076,0,0.270440251572327,1.575,133.59242877992585,112.54183024282574,5.141171807829805,0.27034884,,0.18965516999999998,,-0.2760798037052154,0.0674569235407081,32,20,1,4,1,0,0,23
Yimi García,12095,554340,- - -,0.4038777947425842,,0.49,3.461539138703789,2.9256069880421895,3.730582452745228,3.630285302480226,96.56106770833334,,0.32026144,0.07843137,0.24183007,39.0,39,0,0.13333333,0.34444444,87.40227161754261,0.272727272,11.307694519765713,2.7692313109630313,4.08333333,1.3846156554815157,0.2023809523809523,0.76923077,0.122448979,5,0.1654676258992805,0.8974360729972787,88.7775896974887,92.08513418960284,2.9141772901805147,0.31740614,,0.26751592,,1.49455988407135,0.1968816126695243,49,12,2,6,0,0,0,15
Sean Reid-Foley,17034,656887,NYM,0.3998883664608001,,0.2,1.66153880282979,3.001748821070253,2.797248933216508,3.70445416329573,95.17724982108778,,0.27777778,0.15555556,0.12222222,21.2,23,0,0.0,0.39215686,88.87058632046569,0.607843137,10.384617517686188,5.815385809904265,1.78571429,0.0,0.2549019607843137,0.62962963,0.0,0,0.1710526315789473,1.2461541021223426,41.67616679615598,69.8154277992849,3.983672786467878,0.23115578,,0.26470587999999995,,0.036714132875204,-0.4280293342002498,25,14,0,0,0,0,0,4
Jeffrey Springs,17677,605488,TBR,0.3987100720405578,,0.84,3.272727272727273,3.7288132947049233,3.9846615964716134,3.8018836523095767,89.971337890625,,0.26056338,0.07746479,0.18309859,33.0,7,7,0.09677419,0.46236559,89.29891304347827,0.380434782,10.090909090909092,3.0,3.36363636,1.3636363636363635,0.3295454545454545,0.87179487,0.128205128,0,0.2615384615384615,1.3636363636363635,84.55393376679231,100.09070026183538,3.74024117953449,0.32380952,,0.26739926999999997,,0.1314980238676071,0.2434887125361752,37,11,1,5,1,0,0,12
Michael Kopech,17282,656629,- - -,0.3981586694717407,,1.3800000000000001,3.458128501212496,3.48643407885304,4.02362274012879,3.8140153986112297,98.8300672380156,,0.31541219,0.1218638,0.19354839,67.2,67,0,0.10526316,0.40789474,89.02415845218121,0.375838926,11.704434927180756,4.52216804004711,2.58823529,1.197044481188941,0.2447552447552447,0.79545455,0.132352941,15,0.1833333333333333,1.1527095004041654,85.59245671536918,96.15469110660663,3.3382846907825994,0.32379249,,0.31401869000000004,,-0.0292978286743164,-0.2573764833710131,88,34,5,9,0,0,0,26
Sean Guenther,20045,674944,DET,0.3977787494659424,,0.97,0.8571430906958146,2.2334509897318844,2.595051051159252,3.747057769796642,90.4781494140625,,0.16438356,0.02739726,0.1369863,21.0,17,0,0.01754386,0.31578947,88.6175472861842,0.631578947,5.142858544174888,0.8571430906958146,6.0,0.0,0.1578947368421052,0.84615385,0.0,0,0.1304347826086956,0.5238096665363311,21.25870471715436,62.65977591979535,3.236089196384224,0.34513274,,0.18103448,,1.0677061080932615,0.3031249030620035,12,2,2,0,0,0,0,2
Michael Grove,23221,675627,LAD,0.3966157492250204,,-0.57,5.117647441613249,3.592459463261173,3.8723621840295537,3.766017146636916,94.99964735243056,,0.25,0.07407407,0.17592593,51.0,39,2,0.09285714,0.33571429,87.58920705232688,0.45323741,9.52941247748674,2.823529622959034,3.375,1.0588236086096376,0.2985074626865671,0.62080537,0.125,0,0.2371134020618556,1.215686365440695,124.73943072729348,92.6519690843262,3.382531955433456,0.29928741,,0.24538258999999996,,0.1853940784931183,0.0604293773969114,54,16,6,6,0,0,0,29
Jacob deGrom,10954,594798,TEX,0.3932059109210968,,0.4,1.687500100582844,2.4871645870966574,2.322729727998373,2.8049892137428785,97.67597903481013,,0.31818182,0.02272727,0.29545455,10.2,3,3,0.10714286,0.53571429,92.0925925925926,0.37037037,11.812500704079907,0.843750050291422,14.0,0.843750050291422,0.3703703703703703,0.94827586,0.083333333,0,0.2619047619047619,1.1250000670552294,42.55392989491409,55.538865749060605,2.589846397415837,0.31707317,,0.28915663,,0.2982200384140014,0.2103749463677961,14,1,1,1,0,0,0,2
Erik Sabrowski,24978,681870,CLE,0.3921062648296356,,0.6,0.0,1.5720720403095032,1.1138477872282349,2.6656461999107384,92.67867667214912,,0.40425532,0.08510638,0.31914894,12.2,8,0,0.0,0.33333333,88.57083129882812,0.208333333,13.500002710443338,2.842105833777545,4.75,0.0,0.25,1.0,0.0,1,0.1395348837209302,0.7894738427159846,0.0,26.188290129302843,2.1494723964190254,0.29896907,,0.26,,0.3493520021438598,0.173099522480515,19,4,0,0,0,0,0,0
Matt Festa,19330,670036,- - -,0.3839314470533281,,-0.86,5.704226424783652,3.899041373974464,3.377747423652153,4.515224858021987,92.09139783135775,,0.24,0.08,0.16,23.2,19,0,0.05970149,0.34328358,86.33181485262784,0.257575757,9.126762279653844,3.042254093217948,3.0,0.760563523304487,0.2923076923076923,0.44117647,0.057142857,0,0.2307692307692307,1.2253523431016735,143.64004814381997,81.68340787192723,3.898197884014893,0.29447853,,0.22897195999999997,,-0.3886600509285927,-0.1321399804666617,24,8,1,2,0,0,0,15
Ryan Brasier,5615,518489,LAD,0.383012555539608,,0.2,3.5357147674171947,3.5315370845467577,3.3093369406096813,3.5904891429449814,94.63082198409349,,0.22727273,0.04545455,0.18181818,28.0,29,4,0.075,0.4375,90.72179628029848,0.423076923,8.035715380493624,1.6071430760987249,5.0,0.9642858456592348,0.2467532467532467,0.65789474,0.096774193,0,0.2095238095238095,0.9642858456592348,86.18081888866394,79.43353452992416,3.418018818337862,0.39181287,,0.19431279999999995,,0.0503380596637725,-0.2800279661331941,25,5,0,3,0,0,0,11
Brock Burke,17968,656271,- - -,0.3815318383276462,,-0.18,5.823530555184137,3.4477371711753046,3.872362269827266,3.7660172195087345,95.89228549068922,,0.26623377,0.1038961,0.16233766,34.0,34,1,0.04210526,0.41052632,90.1147351716694,0.47368421,10.85294330738862,4.235294949224826,2.5625,1.0588237373062066,0.3626373626373626,0.66801619,0.125,0,0.2720588235294117,1.5588238354785822,145.49333655802613,93.61703295632292,3.5487096091992174,0.30120482,,0.26821192000000005,,-0.4791581332683563,-0.0529366522409405,41,16,2,4,0,0,0,22
Ryan Zeferjahn,25420,666171,LAA,0.3786185085773468,,0.48,2.1176472964171573,1.6625699005687722,2.4605973461507427,4.150489283881833,97.48545053842903,,0.28125,0.09375,0.1875,17.0,12,0,0.0,0.26315789,86.976318359375,0.394736842,9.529412833877208,3.176470944625736,3.0,0.0,0.1842105263157894,0.73333333,0.0,0,0.125,0.7647059681506402,52.04155178788275,58.602198890606225,3.365795490264893,0.27835052,,0.27102804,,0.143472135066986,-0.4455089108594555,18,6,2,0,0,0,0,4
Josh Sborz,18323,622250,TEX,0.3639289140701294,,-0.01,3.857143607848734,4.036453575693497,2.6154592628828333,3.3006921207101674,95.32390348179132,,0.24637681,0.05797101,0.1884058,16.1,17,0,0.0625,0.39583333,88.56874593098958,0.458333333,9.367348761918352,2.204082061627848,4.25,0.551020515406962,0.3191489361702128,0.64516129,0.0625,0,0.2461538461538461,1.2244900342376932,97.26613860723327,62.76925115070695,3.1915772273647853,0.32089552,,0.21582734000000003,,0.1090600118041038,-0.1210677107466544,17,4,0,1,0,0,0,7
Michael Soroka,18383,647336,CHW,0.3627607226371765,,0.62,4.744770253135191,4.54831945922709,4.9489066987797345,4.53569440504963,93.54206939436432,,0.24207493,0.12680115,0.11527378,79.2,25,9,0.09722222,0.35185185,87.62654121001185,0.402843601,9.489540506270382,4.970711693760676,1.90909091,1.4686193640656542,0.2610837438423645,0.67510549,0.144444444,0,0.22,1.3807532482668543,117.6713921640826,117.9305030709949,4.400050810232891,0.23278237,,0.22508039000000002,,-1.255917727947235,-0.8618723613010675,84,44,3,13,1,0,0,42
Cole Irvin,19244,608344,- - -,0.3561787158250808,,-0.64,5.108108590866592,5.703532712769264,4.815128582749383,4.777518468796031,91.88457397792652,,0.15853659,0.05894309,0.0995935,111.0,29,16,0.12664908,0.40897098,89.9325322265625,0.389333333,6.324324922025304,2.35135157357351,2.68965517,1.4594595973904547,0.3157894736842105,0.67700987,0.118421052,1,0.2888402625820569,1.4504505875300198,128.63980770622652,118.63051565043833,4.657511188532284,0.23719677,,0.15212263999999998,,-1.0475939959287643,0.1204968737293674,78,29,6,18,4,0,0,63
Matthew Liberatore,22294,669461,STL,0.3534696754068136,,0.25,4.395349617066426,4.18732282961217,4.1083404105183154,4.1685360468933785,94.88604145665325,,0.2122905,0.07821229,0.13407821,86.0,60,6,0.07142857,0.38492063,89.69465141139403,0.422131147,7.953489783263057,2.930233078044284,2.71428571,1.1511629949459687,0.2904564315352697,0.70083682,0.112244897,0,0.2469512195121951,1.2674420853445516,108.94016256597725,103.20053192146422,3.998483077085247,0.2796748,,0.22347949,,0.0026981532573699,0.0693647507771752,76,28,2,11,1,0,0,42
Burch Smith,12784,572143,- - -,0.3526083789765835,,-0.15000000000000002,4.952663672128739,4.45545216588484,3.663521293772249,4.023531062331743,95.11741420200892,,0.19087137,0.04979253,0.14107884,56.1,50,0,0.09392265,0.44751381,90.72809317942416,0.438202247,7.349113836061999,1.9171601311466084,3.83333333,0.9585800655733042,0.3314285714285714,0.63218391,0.092307692,0,0.2819383259911894,1.3491126848809467,122.03223431883492,90.35529989125038,3.787909163510719,0.26799007,,0.17286652000000002,,-0.4688959568738937,-0.5085017831210542,46,12,2,6,0,0,0,31
Victor Vodnik,24614,680767,COL,0.3500411808490753,,0.89,4.2760186900168975,4.9566696004901765,4.1845794663890565,4.139735399936896,98.15298178613396,,0.203125,0.115625,0.0875,73.2,64,0,0.07834101,0.48847926,91.2117352552817,0.544186046,7.941177567174239,4.520362615160721,1.75675676,0.8552037380033796,0.3095238095238095,0.72854291,0.120689655,9,0.2553191489361702,1.4796382133709265,91.1631830095412,97.79916898900564,4.2020253828430185,0.22492401,,0.19554031000000005,,0.2425420433282852,-0.059257705560662,65,37,1,7,0,0,0,35
Paul Sewald,13892,623149,ARI,0.3462543785572052,,0.17,4.31092464613231,3.761576026966453,3.947992433436588,4.306795299621884,91.39078083444149,,0.26060606,0.06060606,0.2,39.2,42,0,0.09174312,0.42201835,90.04298700350468,0.266055045,9.756303146509966,2.2689077084906897,4.3,1.3613446250944137,0.2815533980582524,0.73232323,0.098360655,16,0.2302631578947368,1.1344538542453448,103.51208882334126,100.61998312566816,3.4817514520742505,0.27131783,,0.21450150999999995,,-0.2348442077636718,-0.2120083096274024,43,10,3,6,0,0,0,19
Kyle Leahy,24763,681517,STL,0.3427821099758148,,0.17,4.068494001099888,4.3997734680732465,3.556890818799381,4.414655132047029,95.59716162743509,,0.17277487,0.05235602,0.12041885,48.2,33,0,0.06122449,0.43537415,89.86369595462328,0.410958904,6.1027410016498305,1.8493154550454032,3.3,0.7397261820181613,0.2517482517482518,0.61674009,0.064516129,1,0.2222222222222222,1.027397475025224,100.8389403558626,89.59350838818872,4.124951547192835,0.30461538,,0.21487603,,0.2582763135433197,-0.4177685833732054,33,10,1,4,0,0,0,22
Brady Basso,25582,669620,OAK,0.3422127738595009,,0.34,4.029850803629332,3.5988289984773685,3.8828976989350097,3.964579504634547,92.31164625214367,,0.20430108,0.05376344,0.15053764,22.1,7,4,0.07246377,0.42028986,89.57536072661911,0.420289855,7.65671652689573,2.014925401814666,3.8,1.2089552410887994,0.303030303030303,0.75630252,0.111111111,0,0.2613636363636363,1.2537313611291254,104.03044569615042,98.14760905683518,4.028227330495911,0.24390244,,0.24074074,,0.011040068231523,-0.2941763189529128,19,5,0,3,1,0,0,10
T.J. McFarland,3237,519008,OAK,0.340899646282196,,0.58,3.81176641655705,3.415875890110401,3.819421247792623,3.969074307582307,,,0.16595745,0.07234043,0.09361702,56.2,79,0,0.04571429,0.34857143,87.48529411764706,0.573099415,6.194120426905206,2.70000121172791,2.29411765,0.6352944027595083,0.2865497076023391,0.67251462,0.1,0,0.2476635514018691,1.2352946720323774,98.4006055129683,96.51187079809864,3.84614496927886,0.27559055,,0.19098143,,0.8785695433616638,0.3623388779089772,39,17,4,4,0,0,0,24
Yuki Matsui,33826,673513,SDP,0.3341242372989654,,0.79,3.7340433866313623,2.950118614409659,3.9164799456901114,4.018234441607012,92.21439268187066,,0.26848249,0.10505837,0.16342413,62.2,64,0,0.06832298,0.37267081,88.51366580939441,0.385093167,9.909576679906309,3.8776604399633374,2.55555556,1.1489364266558038,0.2483660130718954,0.74433657,0.109589041,0,0.2,1.164893877026023,94.08920595744247,97.2760383532568,3.629016091284658,0.31793961,,0.29961832,,-0.7610217928886414,-1.3608090820412664,69,27,0,8,0,0,0,26
Eli Morgan,20203,669212,CLE,0.3182216584682464,,1.08,1.928571778900833,2.5930610092364836,3.6426703409813586,4.456586659179814,92.36350661057692,,0.20359281,0.06586826,0.13772455,42.0,32,0,0.02479339,0.28099174,85.23613117121849,0.302521008,7.285715609180924,2.3571432853232404,3.09090909,0.8571430128448146,0.2222222222222222,0.85164835,0.070175438,0,0.1935483870967742,0.9761906535177056,48.52470726008642,89.8871657030624,4.0767673762209,0.34920635,,0.21739129999999995,,0.3197440207004547,-0.4284587777725278,34,11,1,4,0,0,0,9
Mason Montgomery,29770,682254,TBR,0.316844642162323,,0.35,1.8620692716909724,3.531971936578408,1.200962213727102,1.8266209674524752,97.22341202445652,,0.45945946,0.13513514,0.32432432,9.2,9,0,0.13333333,0.6,91.76000162760415,0.6,15.827588809373266,4.655173179227431,3.4,0.0,0.4,0.81818182,0.0,0,0.1875,1.1379312215889277,48.10828057069762,28.840507823099465,2.2178459590072626,0.325,,0.46987952,,0.0519460178911685,-0.1162535819809895,17,5,0,0,0,0,0,2
Shawn Dubin,24977,681869,HOU,0.3151590004563331,,0.0,4.169117851704884,3.979860648345991,3.7179503935946743,4.291840748254618,95.09757554235536,,0.23671498,0.12560386,0.11111111,45.1,31,2,0.07692308,0.42307692,89.47907203851744,0.465116279,9.727941653978064,5.1617649592536665,1.88461538,0.5955882645292693,0.3307086614173228,0.69767442,0.069767441,2,0.2513966480446927,1.5661765474658562,104.25819851718352,91.07295756241264,4.212568666442124,0.23300971,,0.23809524000000004,,0.2600079923868179,0.3751246613417634,49,26,2,3,0,0,0,21
Luis Guerrero,31184,692285,BOS,0.3145105242729187,,0.48,0.0,2.613408853862141,1.9664795494079157,3.6296891134840177,97.54955267137096,,0.25,0.05555556,0.19444445,10.0,9,0,0.08,0.36,86.27083333333333,0.416666666,8.100001544952688,1.800000343322819,4.5,0.0,0.24,0.875,0.0,0,0.1764705882352941,0.8000001525879197,0.0,46.91273779429705,3.2540585527886674,0.29090909,,0.265625,,0.3686999976634979,-0.0176089686959169,9,2,0,0,0,0,0,0
Jorge Alcala,19459,660896,MIN,0.3094933629035949,,1.39,3.2400004943848413,3.077600100587133,4.143622784532843,4.3825369184506275,97.99353710462287,,0.24680851,0.08510638,0.16170213,58.1,54,0,0.07142857,0.32467532,86.63618549547698,0.342105263,8.948572794015275,3.0857147565569916,2.9,1.2342859026227966,0.2191780821917808,0.77220077,0.102564102,0,0.1886792452830188,1.0285715855189972,79.9546350982027,101.24506696905166,3.727051106974754,0.24941176,,0.25827815,,0.9976463317871094,-0.0739997830862625,58,20,3,8,0,0,0,21
Joe Boyle,29608,671212,OAK,0.3061699829995632,,-0.52,6.419580890518067,4.292267541987405,4.676969399588164,5.108642231926464,98.03563082510964,,0.24778761,0.17699115,0.07079646,47.2,13,10,0.03968254,0.4047619,88.1615966796875,0.368,10.57342734908858,7.552448106491844,1.4,0.7552448106491844,0.3114754098360656,0.63432836,0.083333333,0,0.2307692307692307,1.7202798464786977,165.72123727797256,118.61021270845964,5.223604361427103,0.20841683,,0.27296588,,-1.1635017096996307,-0.3691806562016011,56,40,4,4,1,0,0,34
Sean Hjelle,21481,663546,SFG,0.3042439520359039,,0.63,3.904959170123539,3.5767035352863297,3.625157522082084,3.007014206896298,,,0.22255193,0.04154303,0.1810089,80.2,58,0,0.05349794,0.3744856,88.73640167364017,0.589958158,8.367769650264728,1.5619836680494157,5.35714286,1.115702620035297,0.3175965665236051,0.74157303,0.188679245,0,0.2641509433962264,1.2148761862606567,97.03061688184536,92.7920057142846,2.813068949686937,0.27436823,,0.19188192000000004,,-0.0340699627995491,-0.2820418188576736,75,14,5,10,0,0,0,35
Brooks Raley,10061,548384,NYM,0.3008638024330139,,0.52,0.0,3.333685322506421,1.8807653174108157,3.6087751599441784,,,0.36,0.12,0.24,7.0,8,0,0.15384615,0.30769231,82.8076923076923,0.307692307,11.57143014791082,3.85714338263694,3.0,0.0,0.1538461538461538,1.0,0.0,0,0.0909090909090909,0.7142858115994333,0.0,47.53119803767348,2.970313084014893,0.30508475,,0.20370370000000004,,0.6651120185852051,0.0417956104939616,9,3,0,0,0,0,0,0
Andrew Kittredge,12828,552640,STL,0.2956871688365936,,1.47,2.801887498287434,3.997488406889215,3.958932808108464,3.6384506072106406,,,0.23344948,0.06968641,0.16376307,70.2,74,0,0.085,0.395,88.85634121192894,0.451776649,8.533021017511732,2.547170452988577,3.35,1.2735852264942884,0.2631578947368421,0.81818182,0.14084507,1,0.2247191011235955,1.1320757568838118,69.44568831790367,99.513898015899,3.5020868786553385,0.39029126,,0.25729926999999997,,1.872925877571106,0.4437999937553629,67,20,0,10,0,0,0,22
Jhony Brito,25386,666745,SDP,0.2949548661708832,,0.19,4.1221380047598695,4.102124453715995,3.716098178924444,4.325818201825953,96.4999755859375,,0.15675676,0.05405405,0.1027027,43.2,26,0,0.06164384,0.35616438,87.34827586206896,0.48275862,5.97710010690181,2.0610690023799347,2.9,0.8244276009519739,0.3169014084507042,0.6741573,0.076923076,0,0.28,1.351145234893513,103.86828741825283,92.3913883497896,4.166388582101398,0.20141343,,0.16393442999999996,,-1.1471359729766846,-2.1953307440413306,29,10,0,4,0,0,0,20
Jason Foley,19531,671345,DET,0.2929273843765259,,0.86,3.1500006008149337,4.303536118602947,3.81647990226748,4.093954187457847,97.3644366197183,,0.184,0.08,0.104,60.0,69,0,0.06593407,0.41208791,89.47444661458333,0.472222222,6.900001316070807,3.000000572204699,2.3,0.7500001430511748,0.2598870056497175,0.68181818,0.092592592,28,0.2236842105263158,1.183333559036298,78.12573344926862,93.0201230617435,4.085345820014893,0.26478149,,0.20588235,,1.6851661205291748,-0.0125033012211418,46,20,2,5,0,0,0,21
Colten Brewer,12997,605155,CHC,0.2912097871303558,,-0.55,5.661291019229399,4.21943639071919,3.118092675561339,4.244941285966936,,,0.23157895,0.09473684,0.13684211,20.2,16,0,0.07936508,0.3015873,87.14425909323771,0.44262295,9.580646340234368,3.9193553210049688,2.44444444,0.4354839245561076,0.3709677419354839,0.55214724,0.041666666,1,0.2823529411764706,1.5967743900390612,139.80529017442134,78.43791903258912,3.8629562340982457,0.24431818,,0.25433525999999995,,-0.3708879649639129,-0.1644453535665067,22,9,1,1,0,0,0,13
Luis Peralta,24203,678821,COL,0.2897315919399261,,0.84,0.7297299742438256,3.0884571707166524,2.5989120205445975,4.070055827649571,95.07078296076642,,0.28571429,0.10204082,0.18367347,12.1,15,0,0.0,0.35714286,91.19259078414352,0.333333333,10.216219639413556,3.648649871219128,2.8,0.0,0.25,0.92857143,0.0,0,0.1666666666666666,0.9729732989917674,15.557581014519553,61.384415732407035,3.4161093453039086,0.2,,0.16438355999999998,,0.6272240877151489,0.2298954513419222,14,5,2,0,0,0,0,1
Eduardo Rodriguez,13164,593958,ARI,0.2878036201000213,,0.18,5.040000384521513,5.406017045900868,4.566479885101327,4.240409611441504,91.93803810586736,,0.20982143,0.08482143,0.125,50.0,10,10,0.10828025,0.42038217,88.73246626420455,0.37012987,8.460000645446826,3.420000260925313,2.47368421,1.4400001098632895,0.3221476510067114,0.72530864,0.137931034,0,0.2745098039215686,1.5000001144409267,121.01834531956534,116.092766081886,4.3957094007583475,0.27122642,,0.1925,,-0.6542337536811829,-0.0391247662458142,47,19,1,8,1,0,0,28
Cam Booser,16061,592155,BOS,0.284202516078949,,0.7,3.3750005029142653,3.6093050472933297,3.799292372586221,4.4021167836635575,95.41616004621478,,0.23497268,0.08743169,0.14754098,42.2,43,0,0.08064516,0.36290323,88.63442943135246,0.303278688,9.070313851582087,3.3750005029142653,2.6875,1.0546876571607078,0.3025210084033613,0.8,0.083333333,1,0.2455089820359281,1.33593769907023,80.54596004319623,92.35076602209536,3.924118401529011,0.30487805,,0.26648352,,-0.5977598428726196,-0.6453576288870514,43,16,0,5,0,0,0,16
Eduard Bazardo,20997,660825,SEA,0.2841310501098633,,-0.02,4.8795185208165295,2.3818942732208837,2.6966002170259813,2.959161142493741,94.5596348786157,,0.30555556,0.08333333,0.22222222,27.2,23,0,0.04545455,0.33333333,87.35538611778846,0.553846153,10.734940745796363,2.9277111124899173,3.66666667,0.6506024694422039,0.28125,0.53435115,0.09090909,0,0.202020202020202,1.048192867434662,129.77367692100782,68.1204162739525,2.813153983413542,0.3220339,,0.27,,0.3472220301628113,1.7606569057349313,33,9,0,2,0,0,0,15
Hunter Bigge,26259,685801,- - -,0.2812011400237679,,0.39999999999999997,2.5961541883736063,3.942396898957267,2.7626335712094563,2.832796156150084,97.53692454537428,,0.32876712,0.06849315,0.26027397,17.1,19,1,0.11363636,0.52272727,90.493182442405,0.295454545,12.461540104193311,2.5961541883736063,4.8,1.038461675349443,0.3571428571428571,0.88541667,0.111111111,1,0.25,1.2692309365382075,66.48161306840923,69.14034502038085,2.588800437455275,0.32666667,,0.33333333,,0.2307480927556753,0.6248163515879102,24,5,0,2,0,0,0,5
Alex Cobb,6562,502171,CLE,0.2744139432907104,,0.22,2.7551022553036946,5.01091196143531,3.288928767414404,3.696445693888006,94.55390167236328,,0.16129032,0.0483871,0.11290323,16.1,3,3,0.06122449,0.44897959,91.92857142857144,0.612244897,5.510204510607389,1.653061353182217,3.33333333,0.5510204510607389,0.2708333333333333,0.64102564,0.076923076,0,0.2372881355932203,1.0408164075591737,69.32100317594143,80.97671825135593,3.865934753828912,0.2992126,,0.13333333000000003,,-0.0806999504566192,-0.3441618028619811,10,3,0,1,1,0,0,5
Chad Kuhl,14975,641771,CHW,0.2723666355013847,,0.18,5.0625004827976685,4.337062275788961,4.10397986769677,4.302737767484801,95.30798736990316,,0.225,0.10416667,0.12083333,53.1,31,1,0.05806452,0.38064516,88.36710397820724,0.443708609,9.112500869035804,4.21875040233139,2.16,0.8437500804662781,0.34,0.675,0.1,1,0.2679425837320574,1.5187501448393006,125.55117484318971,97.48983137481356,4.035537341441779,0.22410546,,0.23543689,,-1.074762113392353,-1.032647911713228,54,25,6,5,0,0,0,30
Caleb Ferguson,19349,657571,- - -,0.2722612712532282,,-0.47000000000000003,4.638038220891119,4.121954227387537,3.7370320991137023,3.553726122117466,93.91943971256266,,0.26907631,0.10040161,0.1686747,54.1,62,0,0.06535948,0.37254902,88.15986713610198,0.467105263,11.098162885703749,4.14110555436707,2.68,0.9938653330480968,0.3401360544217687,0.66579634,0.133333333,1,0.2545454545454545,1.4907979995721452,116.42336494739624,90.07478963741002,3.4342845405391427,0.26789838,,0.23303167000000002,,-0.670915812253952,-0.6722156863193383,67,25,4,6,0,0,0,28
Cristian Javier,17606,664299,HOU,0.2689599096775055,,0.47,3.8942310549098567,4.458174344149296,4.7530183562160335,5.564646652192083,91.98366873604913,,0.18,0.12666667,0.05333333,34.2,7,7,0.06730769,0.30769231,88.93301539745146,0.252427184,7.009615898837742,4.932692669552486,1.42105263,1.0384616146426284,0.26,0.76036866,0.075471698,0,0.2290076335877862,1.4134616421524666,97.38403394582484,116.94361991730098,5.611124058366613,0.23529412,,0.23481781000000002,,0.1779821962118148,0.0445623586306693,27,19,0,4,3,0,0,15
Stephen Kolek,21487,663568,SDP,0.2670635282993316,,-0.21,5.207143566559869,4.575215976722092,3.573622690901472,3.463742545778873,95.78136685363248,,0.18483412,0.05687204,0.12796209,46.2,42,0,0.03821656,0.40764331,88.14341976768092,0.559210526,7.521429596142033,2.314286029582164,3.25,0.771428676527388,0.3594771241830065,0.64327485,0.129032258,0,0.3010204081632653,1.5214287787067928,131.2079032713155,88.91830342645294,3.409734266338003,0.28197674,,0.19387754999999995,,-0.8499004244804382,-1.3617444089008734,39,12,3,4,0,0,0,27
Luis García,6984,472610,- - -,0.2668987810611725,,-0.35000000000000003,4.881356642322375,3.5392522236277113,4.047835838709113,3.617741490099073,96.44981206849565,,0.20866142,0.05905512,0.1496063,59.0,60,0,0.07103825,0.39344262,88.65573770491804,0.50273224,8.084746938846434,2.2881359260886134,3.53333333,1.2203391605805938,0.3028571428571429,0.63421829,0.153846153,4,0.2584745762711864,1.288135780612849,118.44454251822404,97.88350352913416,3.471811021907649,0.33181818,,0.22921347999999997,,0.7062220573425293,0.4328999012718824,53,15,3,8,0,0,0,32
Daniel Hudson,7146,543339,LAD,0.2646166682243347,,0.58,3.0000001816522617,3.7869622836940944,4.182352855674688,4.062871592947487,95.22395573954184,,0.24901186,0.07509881,0.17391304,63.0,65,0,0.12352941,0.49411765,90.42294347426471,0.388235294,9.000000544956785,2.7142858786377606,3.31578947,1.4285715150725056,0.225,0.78846154,0.12345679,10,0.1974248927038626,1.0317460942190315,73.12311352247319,99.92978025443853,3.511379763075226,0.25306122,,0.29166667,,0.2363541722297668,-0.4828704018706033,63,19,1,10,0,0,0,21
Sam Hentges,18548,656529,CLE,0.2614495754241943,,0.34,3.042254583581994,2.648721588320794,3.166479778289795,2.7963459078059314,95.04112413194444,,0.2967033,0.05494505,0.24175824,23.2,25,0,0.05084746,0.3559322,89.1392822265625,0.47368421,10.267609219589229,1.9014091147387464,5.4,1.1408454688432477,0.2678571428571428,0.79787234,0.15,0,0.2093023255813953,0.9718313253109148,76.54602991396528,77.89233302598494,2.6522857782212736,0.3125,,0.28571429000000004,,0.6299220323562622,0.6253077184644549,27,5,0,3,0,0,0,8
John King,22051,667463,STL,0.2556123733520508,,0.75,2.8500009059908886,3.87758829176114,3.733146625095001,3.783819612536576,93.03410339355467,,0.15322581,0.05645161,0.09677419,60.0,56,0,0.06153846,0.36923077,88.51041666666667,0.61658031,5.700001811981777,2.1000006675722336,2.71428571,0.7500002384186549,0.2789473684210526,0.75757576,0.111111111,0,0.2489270386266094,1.200000381469848,70.63819469702437,93.9426219611358,3.5940408009155664,0.30827068,,0.15935334999999995,,0.2199781239032745,-0.2850428933071702,38,14,1,5,0,0,0,19
Ben Casparius,30085,676508,LAD,0.2541302442550659,,0.16,2.160000082397464,3.512088035757323,1.7264797233581524,3.3594488643705973,95.59963541666669,,0.32432432,0.10810811,0.21621622,8.1,3,0,0.04761905,0.38095238,88.33809988839286,0.238095238,12.960000494384785,4.320000164794928,3.0,0.0,0.4285714285714285,0.76923077,0.0,0,0.2727272727272727,1.5600000595092796,52.64864055665221,42.27197777961844,3.1247276250650016,0.25757576,,0.34666666999999995,,0.2356360107660293,0.22292421696143,12,4,0,0,0,0,0,2
Sean Reynolds,22253,669308,SDP,0.2486170828342437,,0.34,0.8181819600507494,1.90412873976617,0.9846612181544634,2.359214553060926,96.94927201704546,,0.42857143,0.10204082,0.32653061,11.0,9,0,0.0,0.22727273,83.75238327752976,0.38095238,17.181821161065738,4.090909800253747,4.2,0.0,0.4545454545454545,0.9375,0.0,0,0.2325581395348837,1.3636366000845823,20.616281863646936,25.807917332198276,2.026006885777914,0.28688525,,0.38144330000000004,,0.0673780664801597,0.0085542824612674,21,5,1,0,0,0,0,1
Alek Jacob,29628,689690,SDP,0.2482156306505203,,0.29,2.454545720549683,2.871929556388166,2.280116045869076,2.9401247146679528,87.13965363198139,,0.33333333,0.03508772,0.29824561,14.2,7,0,0.02941176,0.32352941,85.15882783777573,0.294117647,11.659092172610997,1.2272728602748415,9.5,0.6136364301374208,0.2424242424242424,0.77586207,0.066666666,0,0.1698113207547169,0.7500000812790699,61.8488415693275,57.38685553014208,2.240345889620685,0.25471698,,0.30107527,,0.094507984817028,0.1195024711778655,19,2,2,1,0,0,0,4
Bryce Elder,27779,693821,ATL,0.248003140091896,,-0.7,6.523490266914638,4.897077949289786,4.555741594391987,3.953494823384176,91.67380916262135,,0.20353982,0.07522124,0.12831859,49.2,10,10,0.08695652,0.45341615,89.93375244140626,0.50625,8.335570896613147,3.0805370704874675,2.70588235,1.4496645037588085,0.3660130718954248,0.64066852,0.163265306,0,0.3091787439613526,1.6308725667286594,157.4447676518094,114.0982641106156,4.123334577700083,0.27015251,,0.24338623999999998,,-0.9861198663711548,-0.2664645137974357,46,17,2,8,3,0,0,36
Enoli Paredes,20447,660600,- - -,0.2479520067572593,,0.67,1.66153880282979,4.3146962499972386,3.3510952008264385,4.816580572492873,,,0.18390805,0.11494253,0.06896552,21.2,18,0,0.08474576,0.3220339,86.71896888469827,0.457627118,6.64615521131916,4.153847007074475,1.6,0.0,0.2203389830508474,0.84,0.0,1,0.1733333333333333,1.0615386795856991,40.59978194031743,82.61240998293097,4.652311857871221,0.26011561,,0.26056338,,0.6991879492998123,0.5389257134934671,16,10,2,0,0,0,0,4
Matt Manning,20369,666159,DET,0.2466770261526107,,0.16,4.8795185208165295,4.597853540796012,4.214672645724457,5.209674057923791,94.1278595992823,,0.18699187,0.09756098,0.08943089,27.2,5,5,0.09090909,0.35227273,88.05341131036931,0.306818181,7.481928398585345,3.9036148166532234,1.91666667,0.975903704163306,0.3294117647058823,0.72164948,0.068181818,0,0.2792792792792792,1.5542170103341535,121.02091765298636,102.91776868374572,5.041285415808047,0.25906736,,0.20930232999999998,,-0.0359199307858943,0.2903336373610202,23,12,0,3,0,0,0,15
Dillon Tate,17796,622253,- - -,0.2286735773086547,,-0.1,4.663637050991317,3.8104007717029336,3.7119344041367337,4.4461243546487665,93.89016723632812,,0.16463415,0.07317073,0.09146342,36.2,33,0,0.04958678,0.30578512,87.45499674479167,0.495867768,6.627273704040293,2.9454549795734635,2.25,0.4909091632622439,0.3361344537815126,0.67028986,0.057142857,1,0.2837837837837837,1.4727274897867315,117.54552577954688,90.90661129349051,4.162745253794792,0.25,,0.18656715999999995,,-0.2035438865423202,-0.2629723635226793,27,12,4,2,0,0,0,19
Josh Winckowski,22387,670174,BOS,0.228209551423788,,0.17,4.144737258182049,4.273172198286515,4.482269384061874,4.144487508433421,95.10293283770162,,0.17857143,0.07738095,0.10119048,76.0,40,6,0.06097561,0.43089431,88.51458129882812,0.514522821,7.105263871169228,3.0789476775066653,2.30769231,1.1842106451948713,0.3008474576271186,0.69072165,0.144927536,2,0.2647058823529412,1.407894878176125,98.9160864713384,109.28273437910038,4.127042656680013,0.27115717,,0.19425676000000003,,0.4398801326751709,0.5174254234366984,60,26,4,10,0,0,0,35
Ty Madden,30140,680744,DET,0.2243164181709289,,-0.06,4.304347826086956,4.361994828874483,3.992566734811534,4.834316829883534,94.44258674172794,,0.16831683,0.07920792,0.08910891,23.0,6,1,0.08,0.37333333,90.12972775021116,0.445945945,6.6521739130434785,3.130434782608696,2.125,0.782608695652174,0.3150684931506849,0.70512821,0.066666666,0,0.2717391304347826,1.434782608695652,106.75564025188108,97.39701112879136,4.515287988578752,0.28358209,,0.21463414999999997,,-0.2206758856773376,-0.1295967838929299,17,8,1,2,0,0,0,11
Hans Crouse,22192,668968,LAA,0.2226355373859405,,0.51,2.842105619795149,3.583060730567309,3.7585851157471177,4.701859342217234,,,0.31775701,0.1588785,0.15887851,25.1,25,0,0.09259259,0.2962963,85.38076547475961,0.245283018,12.078948884129384,6.039474442064692,2.0,0.7105264049487873,0.2307692307692307,0.7615894,0.06060606,0,0.1590909090909091,1.223684364078467,69.84524148541938,90.47633974506532,3.995641296034449,0.27111111,,0.33505155,,-0.08335792273283,-0.3366834850724923,34,17,2,2,0,0,0,8
Anthony Molina,26952,683627,COL,0.2221325635910034,,-0.52,6.787710003495563,5.834604700785272,4.088267556542279,4.468655644594422,94.93300217848558,,0.15530303,0.08333333,0.0719697,59.2,35,1,0.07537688,0.43718593,90.31947567588404,0.419191919,6.184358003184847,3.318436001708942,1.86363636,0.7541900003883959,0.345360824742268,0.56179775,0.086206896,0,0.3,1.575419111922427,144.7115398978563,95.5873720312429,4.546597135181504,0.24897119,,0.15513626999999997,,-0.1110619455575943,-0.1483712129976533,41,22,2,5,0,0,0,45
Manuel Rodríguez,20794,655889,TBR,0.2216515839099884,,1.1,2.15044284085347,3.3719778347365343,3.670904642193696,4.040470037788355,96.7450297341418,,0.21518987,0.06962025,0.14556962,37.2,40,0,0.02777778,0.34259259,88.7076885516827,0.471153846,8.123895176557554,2.628319027709797,3.09090909,0.71681428028449,0.2476190476190476,0.78431373,0.085714285,2,0.204225352112676,1.0619470819029482,55.55867824674352,92.05993246058924,3.667124537934815,0.24915825,,0.25342465999999997,,0.7511183023452759,-0.149227287267591,34,11,5,3,0,0,0,9
Drew Smith,17755,622098,NYM,0.2208620309829712,,0.19,3.056604873587005,4.337085144794868,3.5627063359769995,4.230643000250978,95.13502903988488,,0.29113924,0.11392405,0.17721519,17.2,19,0,0.10638298,0.38297872,91.57826299252716,0.255319148,11.716985348750184,4.584907310380507,2.55555556,1.0188682911956684,0.3555555555555555,0.82644628,0.08,2,0.2571428571428571,1.5283024367935023,76.66843189253224,88.42746661990859,3.650597532458048,0.29746835,,0.2716763,,0.0190159697085618,0.2862128817677949,23,9,0,2,0,0,0,6
Josh Staumont,18335,622251,MIN,0.2201183140277862,,0.23,3.698630620176579,4.3374417059493915,3.536342840307453,5.027638997431875,94.06817267922794,,0.17647059,0.1372549,0.03921569,24.1,25,0,0.02898551,0.34782609,86.83235437729779,0.470588235,6.657535116317843,5.178082868247211,1.28571429,0.0,0.2463768115942029,0.625,0.0,0,0.1954022988505747,1.273972769171933,91.27241249245692,86.13633273151468,5.056188511830168,0.27619048,,0.24043716000000004,,0.1351983994245529,0.2061027679322858,18,14,1,0,0,0,0,10
Cody Poteet,18769,547001,NYY,0.2179778479039669,,0.83,2.219178111183194,4.924213767778739,4.029493488194371,4.328021640185355,93.3444003018466,,0.16666667,0.08333333,0.08333333,24.1,5,4,0.05633803,0.42253521,91.59718602140184,0.422535211,5.917808296488517,2.958904148244258,2.0,0.7397260370610647,0.2318840579710145,0.82644628,0.09090909,0,0.2068965517241379,1.06849316464376,55.804929815279266,96.59662333853151,4.736788453571871,0.23195876,,0.14457831,,0.4872840400785208,0.2760328434039962,16,8,1,2,1,0,0,6
Rob Zastryzny,15094,642239,MIL,0.2168582007288932,,0.31,1.1739134328803793,1.9114699938626936,2.644740474787404,4.814144559855285,91.49581654866536,,0.17241379,0.03448276,0.13793104,7.2,9,3,0.04545455,0.27272727,84.83333333333333,0.333333333,5.8695671644018965,1.1739134328803793,5.0,0.0,0.1818181818181818,0.83333333,0.0,0,0.1481481481481481,0.6521741293779886,28.68463216783223,65.58803864973429,4.350102183174906,0.33333333,,0.25,,0.2080920115113258,0.0240175981176926,5,1,1,0,0,0,0,1
Carson Fulmer,18311,608334,LAA,0.2167708650231361,,0.76,4.153846458570514,4.7566983428897585,4.504941414940294,4.564674001742361,93.32115122935436,,0.21372032,0.1055409,0.10817942,86.2,37,8,0.09486166,0.44268775,90.61606190386546,0.406374501,8.41153907860529,4.153846458570514,2.025,1.1423077761068914,0.2892561983471074,0.7323689,0.112244897,0,0.2425149700598802,1.3961539485750891,102.08150146549552,108.804298116733,4.391961388354959,0.29389313,,0.23076923000000005,,-0.3242358714342117,-0.1762003027527217,81,40,5,11,2,0,0,40
Alexis Díaz,21132,664747,CIN,0.2158411145210266,,0.5,3.994083200857237,3.641258636998505,4.568846768813003,5.063058442467817,94.08189394771529,,0.22727273,0.12809917,0.09917355,56.1,60,0,0.06666667,0.38,88.50822051583904,0.326530612,8.786983041885922,4.952663169062974,1.77419355,0.9585799682057368,0.25,0.67988669,0.085714285,28,0.2048780487804878,1.2958581051670146,92.31954379534608,106.8387135306652,4.4754484282084945,0.25819672,,0.23672565999999995,,0.835326075553894,0.1861359573100083,55,31,6,6,0,0,0,25
Yency Almonte,15068,622075,CHC,0.2157254517078399,,0.08,3.446809070150346,3.292135586070375,3.3579691710759256,3.879338469779127,94.41108842329544,,0.29850746,0.11940299,0.17910448,15.2,17,0,0.08108108,0.32432432,84.50540408572635,0.432432432,11.48936356716782,4.595745426867128,2.5,0.574468178358391,0.2222222222222222,0.68181818,0.071428571,1,0.1578947368421052,1.0851065591214053,85.11877248341652,84.33220768145388,3.4556647106719045,0.23972603,,0.28181818000000003,,0.2728101313114166,0.0440910432191986,20,8,2,1,0,0,0,6
Marco Gonzales,15467,594835,PIT,0.2156229764223098,,0.44,4.544554798734668,6.678047063767027,4.7110343504087675,4.801342622972623,89.72219094669117,,0.15231788,0.07284768,0.0794702,33.2,7,7,0.11111111,0.43589744,90.8919677734375,0.403508771,6.14851531593514,2.940594281534197,2.09090909,1.336633764333726,0.3392857142857143,0.78723404,0.111111111,0,0.3071428571428571,1.6039605172004712,108.15255527902865,116.1131734765516,4.956442228635354,0.33333333,,0.15658362999999997,,-0.2995937764644623,-0.0621364239524252,23,11,0,5,2,0,0,17
Pedro Avila,18864,658648,- - -,0.2145435400307178,,0.43,3.810484339865942,4.621330794421163,3.8922863192166415,4.02429406376157,93.49194555884009,,0.23229462,0.101983,0.13031162,82.2,54,0,0.05194805,0.41558442,89.57903759552401,0.449781659,8.927420453400206,3.9193553210049688,2.27777778,0.8709678491122153,0.2914798206278027,0.7367387,0.105263157,1,0.2332268370607028,1.318548549350437,95.90740486899784,96.12409902499869,3.895185900482016,0.26630435,,0.22154779999999996,,0.5138503462076187,0.9881176381863954,82,36,4,8,0,0,0,35
Hunter Strickland,7836,519326,LAA,0.2129904627799987,,1.0,3.313636938205535,3.4692334723312355,4.448298182369302,4.881728704784218,94.45367398648648,,0.19387755,0.08163265,0.1122449,73.1,72,0,0.09004739,0.35545024,88.88851300837321,0.357142857,6.9954557584339065,2.9454550561826975,2.375,1.227272940076124,0.2288557213930348,0.75,0.093457943,1,0.208955223880597,1.090909280067666,81.43320590620871,107.41333402931244,4.339648768986046,0.2810219,,0.20588235,,0.113710232079029,-0.5090990710723261,57,24,2,10,0,0,0,27
Anthony Maldonado,26034,687424,MIA,0.2116906344890594,,0.09,5.684210811625571,3.614594189603588,3.798058757359303,5.10333304158842,93.371220703125,,0.13414634,0.08536585,0.04878049,19.0,16,1,0.03125,0.265625,85.32667134602865,0.333333333,5.21052657732344,3.3157896401149167,1.57142857,0.4736842343021309,0.3174603174603174,0.60150376,0.04,1,0.28,1.4736842844955185,136.00321482372237,93.53341888867064,5.144354471368037,0.30065359,,0.28666667,,-0.1019199639558792,-0.2483948673696376,11,7,0,1,0,0,0,12
Carlos Hernández,22713,672578,KCR,0.2112018018960952,,0.17,3.3000006294251687,3.8996131198004305,3.499813175201428,5.435293380779239,97.90741671823432,,0.20930233,0.12403101,0.08527132,30.0,27,0,0.09411765,0.38823529,88.60941521139706,0.317647058,8.100001544952688,4.8000009155275185,1.6875,0.3000000572204699,0.2738095238095238,0.68181818,0.021276595,0,0.2142857142857142,1.3333335876465329,79.65500465095562,85.48224283169854,4.763904730512477,0.28178694,,0.22743681999999998,,-0.043825875967741,-0.2872013130106882,27,16,1,1,0,0,0,11
Justin Anderson,16201,605121,CHW,0.2081228047609329,,0.51,4.387501046061765,4.919957804866239,4.216480028629363,4.755439929360336,96.13156847133756,,0.23553719,0.1322314,0.10330579,53.1,56,0,0.08666667,0.35333333,87.30540672508445,0.378378378,9.618752293289257,5.4000012874606345,1.78125,0.8437502011657241,0.296551724137931,0.71052632,0.080645161,1,0.2318840579710145,1.500000357627954,108.8110337629758,100.21146213714036,4.3617731936743365,0.31485149,,0.27678570999999996,,-1.0711199045181274,-0.8101948105508726,57,32,3,5,0,0,0,26
Peter Lambert,17969,663567,COL,0.2076496072113514,,-0.42,5.722826472555783,4.418384034938316,4.536045087961265,4.679401969533193,94.739140625,,0.17857143,0.10357143,0.075,61.1,28,3,0.06030151,0.36683417,88.06396112587247,0.365482233,7.336957016097158,4.255435069336352,1.72413793,1.027173982253602,0.34375,0.6581741,0.106060606,0,0.2931726907630522,1.6630435903153558,122.00860540377764,105.87055490366886,4.680201842928799,0.25,,0.19678715000000002,,-0.8564999252557755,-1.1075198213418287,50,29,2,7,0,0,0,39
Jorge López,14527,605347,- - -,0.2031895145773887,,0.89,2.886792868386447,3.6064393103776218,3.940064795308386,3.951846629523958,95.84607015520136,,0.23041475,0.0875576,0.14285714,53.0,52,0,0.08219178,0.39726027,88.67832167832168,0.51048951,8.49056725996014,3.2264155587848533,2.63157895,1.0188680711952167,0.2857142857142857,0.81911263,0.115384615,4,0.2346938775510204,1.2264152708831313,72.01381503265924,98.02720836486588,3.699242960330471,0.25280899,,0.22093023,,0.4057060182094574,0.1909239049445407,50,19,2,6,0,0,0,17
Tayler Saucedo,17888,642048,SEA,0.2009279429912567,,0.38,3.491380917757391,3.0649212123303835,3.7613076383521657,4.004004362134085,91.68319702148438,,0.22891566,0.10843373,0.12048193,38.2,53,0,0.0462963,0.27777778,85.19626168224299,0.509259259,8.844831658318723,4.189657101308869,2.11111111,0.6982761835514782,0.3047619047619048,0.78740157,0.09375,3,0.2397260273972602,1.3706902862306791,92.85533752895772,95.77745188219372,3.9153386749368546,0.34023669,,0.26223776,,-0.3728970885276794,0.3222175565100302,38,18,2,3,0,0,0,15
Josh Winder,24606,680739,MIN,0.2003551125526428,,0.12,3.0,2.9230567472167555,1.9442575560675728,4.128269698388047,95.11592511432929,,0.26315789,0.02631579,0.23684211,9.0,4,0,0.04,0.36,85.39599609375,0.4,10.0,1.0,10.0,0.0,0.28,0.6,0.0,0,0.2,0.8888888888888888,74.03205823897555,46.52627534067451,2.897097508606577,0.32051282,,0.31343284000000005,,-0.0567199252545833,-0.2571874433831058,10,1,2,0,0,0,0,3
Brennan Bernardino,16835,657514,BOS,0.1968296319246292,,0.34,4.058824895575432,3.9107294575065863,4.146872265143764,3.981232732649937,,,0.24778761,0.09734513,0.15044248,51.0,57,3,0.06338028,0.36619718,87.85293825934914,0.45323741,9.882356267488008,3.8823542479417177,2.54545455,1.0588238858022867,0.3235294117647059,0.76149425,0.130434782,0,0.2525252525252525,1.4117651810697156,96.86574789516516,100.96776431549304,3.686783246839236,0.22580645,,0.19843341999999997,,0.0852560605853796,-0.3204702887824258,56,22,6,6,0,0,0,23
Angel Zerpa,22717,672582,KCR,0.1956883668899536,,0.48,3.85714386243601,4.391842611369698,3.967722223143652,3.6976169302858017,96.00045955882354,,0.20502092,0.07949791,0.12552301,53.2,60,0,0.07100592,0.43786982,90.3145478219697,0.584337349,8.217393446059326,3.186336234186269,2.57894737,1.0062114423746114,0.3251533742331288,0.78212291,0.142857142,0,0.2706422018348624,1.4534165278744384,93.10325869703362,97.15831458153758,3.5560885948058827,0.18858561,,0.14285714000000005,,-0.6183097958564758,-0.69802964616008,49,19,2,6,0,0,0,23
Gregory Santos,21894,666619,SEA,0.1935652643442154,,-0.09,4.90909239871488,2.973335599307836,2.348297711837315,3.379212847084088,,,0.19354839,0.03225806,0.16129032,7.1,8,0,0.04347826,0.34782609,85.67825980808423,0.565217391,7.36363859807232,1.22727309967872,6.0,0.0,0.3043478260869565,0.55555556,0.0,0,0.2413793103448276,1.09090942193664,130.56021167014526,59.07284640124152,3.0285646679562976,0.26415094,,0.18644068000000003,,0.0117439720779657,0.0172035648618244,6,1,1,0,0,0,0,4
Caleb Thielbar,10078,573204,MIN,0.1930923759937286,,-0.55,5.323945521268489,4.0941700724141015,4.096057567717627,4.2050814580924065,93.2335531655844,,0.24537037,0.11111111,0.13425926,47.1,59,0,0.10071942,0.3381295,88.27372262773723,0.379562043,10.077468308115357,4.563381875372991,2.20833333,1.1408454688432477,0.3308270676691729,0.625,0.109090909,3,0.2604166666666667,1.5633808276740802,131.3808816305606,100.06167498213436,3.94885779422431,0.28125,,0.23239436999999996,,-0.9000616669654846,-0.3501673514214389,53,24,0,6,0,0,0,28
Tayler Scott,13652,605463,HOU,0.191615242511034,,1.74,2.22815566989279,3.485813262038866,4.127644969223939,4.16761373027742,92.82086192255434,,0.25177305,0.12411348,0.12765957,68.2,62,1,0.03488372,0.35465116,88.02235179227941,0.423529411,9.305826621316946,4.587379320367509,2.02857143,0.9174758640735018,0.2303030303030303,0.8490566,0.112903225,0,0.1851851851851851,1.1650487162838117,55.72005983564948,101.3129325374774,4.038375365583583,0.3021148,,0.26741996,,-0.1815159022808075,-0.6224787039239068,71,35,4,7,0,0,0,17
Gabe Speier,17170,642100,SEA,0.1911366879940033,,-0.47,5.704226884499908,3.099221995301296,3.5045080381120117,3.8753332085660626,93.25717706549658,,0.31730769,0.13461538,0.18269231,23.2,29,0,0.07272727,0.36363636,88.24339438384433,0.396226415,12.549299145899798,5.3239450921999145,2.35714286,0.7605635845999877,0.320754716981132,0.62111801,0.086956521,0,0.2159090909090909,1.3943665717666442,151.707282928674,89.10677828138657,3.4841125843962817,0.26635514,,0.29081632999999996,,0.1964419037103653,0.0382334419837667,33,14,2,2,0,0,0,15
DL Hall,22207,669084,MIL,0.1868221424520015,,-0.18,5.023256148177933,4.410766301043787,4.6781077858433395,4.481651649195441,93.57830293299789,,0.22335025,0.10659898,0.11675127,43.0,13,7,0.0859375,0.375,87.32926432291667,0.455284552,9.20930293832621,4.395349129655691,2.0952381,1.2558140370444832,0.3442622950819672,0.72755418,0.130434782,0,0.2790697674418604,1.6046512695568398,122.74350975074704,114.64093616579336,4.356279137684753,0.26700252,,0.20833332999999998,,-0.5901119410991669,0.1110966843297723,44,21,4,6,1,0,0,24
Seth Halvorsen,33294,678020,COL,0.1843945682048797,,0.65,1.4594596099296373,2.694182563333438,3.8962095832546138,3.504435301276725,100.06078125,,0.2826087,0.04347826,0.23913044,12.1,12,0,0.06666667,0.46666667,92.363330078125,0.466666666,9.486487464542645,1.4594596099296373,6.5,1.4594596099296373,0.2142857142857142,0.97560976,0.142857142,2,0.1860465116279069,0.8108108944053541,31.115154811103817,91.1767727428731,2.753858572042303,0.24358974,,0.27586206999999996,,-0.1589960306882858,-0.3890421387068988,13,2,1,2,0,0,0,2
Tyler Mahle,16358,641816,TEX,0.1821448504924774,,0.02,4.973684460172375,3.991212128097672,3.798058757359303,4.562279276770329,91.55750419679752,,0.17857143,0.07142857,0.10714286,12.2,3,3,0.04878049,0.34146341,88.825,0.43902439,7.1052635145319645,2.8421054058127857,2.5,0.7105263514531964,0.325,0.68181818,0.066666666,0,0.2745098039215686,1.4210527029063929,125.4221079835772,91.97932086311891,4.533438276052741,0.36842105,,0.23423423,,-0.0153919532895088,-0.0199676607934011,10,4,1,1,0,0,0,7
Hayden Wesneski,27581,669713,CHC,0.1795785725116729,,-0.29,3.857143328275476,4.157717688355227,4.511307528761321,3.926450027950475,94.79456721547317,,0.23674912,0.07420495,0.16254417,67.2,28,7,0.09326425,0.36787565,87.63228861490886,0.447916666,8.911331137739893,2.7931037894408624,3.19047619,1.5960593082519212,0.2430939226519337,0.67524116,0.155844155,0,0.2153846153846154,1.1379311734759068,95.25195585640242,112.67224648109512,3.745863837289982,0.30093458,,0.23770492,,-0.5237280279397964,-0.4630053905201341,67,21,2,12,3,0,0,29
Kumar Rocker,31843,677958,TEX,0.1783629357814788,,-0.01,3.857143067340473,3.2358405770175005,3.680765520601858,3.862487021552208,96.33069766465054,,0.25454545,0.10909091,0.14545455,11.2,3,3,0.02941176,0.47058824,89.9030243844697,0.515151515,10.800000588553324,4.628571680808568,2.33333333,0.7714286134680947,0.3333333333333333,0.73863636,0.1,0,0.25,1.542857226936189,97.26612497715963,89.08219158268054,4.019669267539543,0.31481481,,0.27358490999999996,,-0.1484059244394302,0.0998475528838439,14,6,1,1,0,0,0,5
Craig Kimbrel,6655,518886,BAL,0.1780072450637817,,-1.03,5.331210709221781,4.298507292962367,4.179218730220814,4.000526749847051,93.97601241099684,,0.31465517,0.13362069,0.18103448,52.1,57,0,0.10569106,0.43089431,91.1508228739754,0.319672131,12.55414134752226,5.331210709221781,2.35483871,1.2038217730500795,0.2844827586206896,0.61933535,0.129629629,23,0.2040816326530612,1.356688029945328,134.4908859248431,102.76074803627856,3.519511908278926,0.24089069,,0.27294686,,-2.290898084640503,-0.9666743388512572,73,31,5,7,0,0,0,31
Brent Suter,13942,608718,CIN,0.1769662834703922,,1.37,3.152284569162724,4.155114704039224,4.308611868566144,4.1939826326551515,,,0.18518519,0.04444444,0.14074074,65.2,47,3,0.07317073,0.30243902,86.1310343624923,0.408866995,6.852792541658095,1.6446702099979431,4.16666667,1.3705585083316192,0.2717948717948718,0.828125,0.12345679,2,0.2470588235294117,1.1421320902763492,72.86214600530896,100.85039190666328,3.878743984993537,0.29019608,,0.18972332000000003,,1.0863521993160248,1.4246396124106813,50,12,3,10,0,0,0,23
Garrett Cleavinger,17897,664076,TBR,0.1762495338916778,,0.83,3.7500007152558736,4.314480581522826,3.999813270568878,4.287422151958879,96.51888261070113,,0.26691729,0.11654135,0.15037594,60.0,68,0,0.0955414,0.33757962,86.90065061891234,0.406451612,10.65000203132668,4.650000886917283,2.29032258,0.9000001716614097,0.304635761589404,0.74754902,0.095238095,6,0.2280701754385964,1.383333597183278,96.88473425374605,100.47851501722562,3.769855459416692,0.29411765,,0.2797619,,0.3707901835441589,-0.2052758407412245,71,31,7,6,0,0,0,25
Eduardo Salazar,23135,674285,- - -,0.1744810231029987,,0.51,2.761364294724188,4.85533105474944,3.7460253710096865,3.942122344944412,95.72854521780305,,0.20300752,0.10526316,0.09774436,29.1,26,0,0.04395604,0.42857143,88.36593191964286,0.56043956,8.284092884172564,4.295455569570959,1.92857143,0.6136365099387084,0.3595505617977528,0.82251082,0.095238095,0,0.288135593220339,1.6363640265032224,66.97511352892766,91.84640501794846,3.940796468981389,0.2751938,,0.21973094000000004,,0.1348422355949878,0.1553977794102608,27,14,1,2,0,0,0,9
Sam Long,25379,669674,KCR,0.1728724092245102,,0.64,3.1640632543714653,4.02125360297832,3.8930424515158353,3.9997390399122343,94.37239583333331,,0.25,0.09659091,0.15340909,42.2,43,0,0.07894737,0.33333333,87.45624651227679,0.428571428,9.281252212822965,3.5859383549543273,2.58823529,1.054687751457155,0.2660550458715596,0.77777778,0.108695652,1,0.2151898734177215,1.1953127849847758,76.37376520342629,95.29477640970111,3.693380555227341,0.27653631,,0.25454544999999995,,0.0402220711112022,-0.6208017943535323,44,17,1,5,0,0,0,15
Jared Shuster,27472,694363,CHW,0.1714018192142248,,0.95,4.29545506682284,4.636964354838641,4.5846617686059075,5.092273522508577,92.6427944649327,,0.17445483,0.10280374,0.07165109,73.1,39,4,0.07327586,0.31896552,87.46157183917849,0.34347826,6.8727281069165445,4.050000491575821,1.6969697,1.1045455886115876,0.2914798206278027,0.7309322,0.088235294,0,0.2569444444444444,1.4590910861906157,106.52827233464458,109.11860272556652,4.8271769526461945,0.23963134,,0.22075783000000004,,0.119347482919693,0.3749302522857606,56,33,0,9,0,0,0,35
Slade Cecconi,27500,677944,ARI,0.1705138385295868,,-1.13,6.66233807491563,4.503601668934328,5.023622750439766,4.698337238774359,94.46465918106487,,0.18934911,0.05029586,0.13905326,77.0,20,13,0.1027668,0.36363636,89.04136859939759,0.336,7.480519943764919,1.9870131100625563,3.76470588,1.8701299859412297,0.3206751054852321,0.61810155,0.132231404,0,0.2902208201892745,1.4155845032471808,159.97322783188105,127.52917003208184,4.35414729100927,0.24074074,,0.18383518,,-1.6288679242134094,-0.6724488747421924,64,17,4,16,3,0,0,57
Tyler Wells,20000,669330,BAL,0.1675900667905807,,-0.23,5.869565339079428,7.555787657146305,4.6012624167314335,4.3257967594836995,93.01465941011236,,0.19402985,0.04477612,0.14925373,15.1,3,3,0.11764706,0.45098039,89.86470779718137,0.372549019,7.630434940803257,1.7608696017238286,4.33333333,1.7608696017238286,0.3125,0.5952381,0.130434782,0,0.28125,1.3695652457852,148.07200193401786,113.32570232543716,4.215204246709573,0.33076923,,0.23134328000000004,,-0.5649700164794922,-0.4997673059134423,13,3,0,3,1,0,0,10
Taylor Rogers,13449,573124,SFG,0.1651354432106018,,1.1,2.4000004577637593,3.2074921592232903,3.7498132228851535,3.719954816641616,,,0.25702811,0.08835341,0.1686747,60.0,64,0,0.0621118,0.32919255,86.68937377929687,0.4625,9.600001831055035,3.3000006294251687,2.90909091,1.0500002002716446,0.2987012987012987,0.81845238,0.118644067,0,0.2355555555555555,1.2500002384186246,59.63532902346875,95.91890544875902,3.467815999764912,0.19871795,,0.22489082999999999,,-0.4154338836669922,-0.2825316254480517,64,22,2,7,0,0,0,16
AJ Smith-Shawver,29960,700363,ATL,0.1627172380685806,,0.29,0.0,2.828465679248902,2.7049412828930715,5.147416579815006,96.4449488863032,,0.22222222,0.11111111,0.11111111,4.1,1,1,0.08333333,0.5,89.4500020345052,0.25,8.307692917141027,4.153846458570514,2.0,0.0,0.25,1.0,0.0,0,0.1875,1.1538462384918091,0.0,68.486474287159,4.945226823105582,0.125,,0.21428570999999996,,0.2037399858236313,0.0627178478834893,4,2,0,0,0,0,0,0
Edgardo Henriquez,26944,683618,LAD,0.1586069762706756,,0.09,2.70000025749209,1.1945129882487562,1.9664796638488664,3.780889924350753,98.78361430921052,,0.35714286,0.14285714,0.21428572,3.1,3,0,0.0,0.14285714,84.67142159598214,0.428571428,13.50000128746045,5.40000051498418,2.5,0.0,0.2857142857142857,0.75,0.0,1,0.1666666666666666,1.200000114440929,65.81080446153983,47.90658039027096,3.2157851955759127,0.25806452,,0.25925926,,0.2658520042896271,0.1650327918297876,5,2,0,0,0,0,0,1
Joey Wentz,19962,666214,- - -,0.1573956087231636,,0.12,4.678218638987067,3.6716626483532098,4.191232432544106,4.241023483445997,93.78826508319352,,0.24013158,0.10855263,0.13157895,67.1,46,0,0.07216495,0.36082474,88.08854293823242,0.411458333,9.75742744703017,4.4108918596163775,2.21212121,1.0693071174827582,0.3118279569892473,0.71895425,0.112676056,1,0.247191011235955,1.4702972865387929,115.76004135189496,102.6944636342586,3.9487899211629465,0.29692308,,0.26863085,,-0.6464378088712692,-0.2153941820668747,73,33,4,8,0,0,0,35
Danny Young,18439,664849,NYM,0.1566882878541946,,-0.17,4.539824234906556,4.8221792552213785,3.644356013543117,3.4117940425350093,,,0.29090909,0.10909091,0.18181818,37.2,42,0,0.06521739,0.39130435,88.93707755442416,0.533333333,11.46902964607972,4.3008861172798944,2.66666667,0.7168143528799824,0.2921348314606741,0.64257028,0.15,0,0.2071428571428571,1.2477879476058953,113.87183478168758,90.41277235092844,3.217497577861862,0.27604167,,0.29811321,,0.2658959627151489,0.564474348721297,48,18,7,3,0,0,0,19
Anthony Veneziano,27453,685107,- - -,0.1554442252963781,,0.13999999999999999,3.3750008046628963,4.120112688980284,2.941479724645602,3.8942906697463138,95.03732110757744,,0.24137931,0.05172414,0.18965517,13.1,12,0,0.05,0.5,93.38000183105468,0.325,9.450002253056107,2.0250004827977377,4.66666667,0.6750001609325793,0.3846153846153846,0.69892473,0.058823529,0,0.2962962962962963,1.4250003397465565,80.89460911097026,72.61538927493767,3.3662724791033183,0.27102804,,0.25384615,,-0.3852658607065677,-0.4332183465902748,14,3,1,1,0,0,0,5
Bryan Baker,19804,641329,BAL,0.154114156961441,,-0.09,5.014286397428021,3.5312430711006164,3.766479860033319,3.7798606573606737,96.24721598756906,,0.24731183,0.07526882,0.17204301,23.1,19,0,0.0952381,0.47619048,90.62786565061477,0.412698412,8.871429780064961,2.700000367845858,3.28571429,1.157143014791082,0.2833333333333333,0.57017544,0.115384615,0,0.2325581395348837,1.157143014791082,126.49581054908742,92.42871977412818,3.4753132062571814,0.25730994,,0.22988505999999997,,0.1745480895042419,0.4188540577614465,23,7,0,3,0,0,0,13
Keegan Thompson,19795,624522,CHC,0.1528321355581283,,0.56,2.6703299501785813,4.351987672547644,3.8587875431509087,3.968773336244789,93.84918870192308,,0.28346457,0.14173228,0.14173228,30.1,24,0,0.12328767,0.46575342,90.64305284288194,0.375,10.681319800714324,5.340659900357163,2.0,0.8901099833928604,0.2285714285714285,0.76219512,0.107142857,2,0.1743119266055046,1.2197803476124385,65.94366060287444,96.63840733362026,3.9438620774513216,0.26545455,,0.25,,0.5271260142326355,0.1285001324738025,36,18,0,3,0,0,0,9
Brusdar Graterol,20367,660813,LAD,0.1520680040121078,,0.12,2.454545560947139,2.781355570341585,2.0755706400910663,3.1064855072040225,97.53387858072917,,0.25925926,0.07407407,0.18518519,7.1,7,0,0.0,0.27777778,84.31110975477431,0.444444444,8.590909463314986,2.454545560947139,3.5,0.0,0.1666666666666666,0.6,0.0,0,0.12,0.6818182113742053,59.82800094377619,50.467765606717784,3.197885464651477,0.36170213,,0.22916667000000002,,0.1363760083913803,-0.0359201684090093,7,2,0,0,0,0,0,2
Jonathan Loáisiga,19753,642528,NYY,0.1471207290887832,,0.34,0.0,4.289765960562785,2.416479778289795,3.1724839814007284,98.49819946289062,,0.15,0.05,0.1,4.0,3,0,0.0,0.1875,81.76249694824219,0.5625,6.75,2.25,3.0,0.0,0.4375,1.0,0.0,0,0.3684210526315789,2.0,0.0,57.20359954473019,3.321316584014893,0.30769231,,0.15625,,0.2362159937620163,0.0807166280138077,3,1,0,0,0,0,0,0
Kodai Senga,31838,673540,NYM,0.1458228677511215,,0.09,3.375000201165688,4.53000086950204,3.353979789465667,1.7669844233731715,95.9504815463362,,0.45,0.05,0.4,5.1,1,1,0.22222222,0.55555556,90.24444580078124,0.222222222,15.187500905245596,1.687500100582844,9.0,1.687500100582844,0.125,0.76923077,0.333333333,0,0.1111111111111111,0.5625000335276147,84.65470146185342,83.35229643727835,1.6592553483703,0.30555556,,0.25,,-0.0539060048758983,-0.2086625810330689,9,1,1,1,0,0,0,2
Quinn Priester,25977,682990,- - -,0.1433901190757751,,-0.07,4.711409637216127,4.446253776432534,4.696681198924093,4.112634417107759,93.09311837012616,,0.14932127,0.06334842,0.08597285,49.2,11,7,0.04093567,0.4619883,89.27380734398251,0.578947368,5.9798660780050845,2.5369128815779147,2.35714286,1.2684564407889574,0.298780487804878,0.68037975,0.170731707,0,0.2745098039215686,1.4093960453210637,112.13558820710684,115.58762264104392,4.135683873276101,0.31486146,,0.20740740999999996,,-0.5730460286140442,-0.2412472853179608,33,14,3,7,2,0,0,26
Kyle Hurt,27514,669165,LAD,0.1387048512697219,,0.13,1.350000128746045,6.0796717524211354,2.716479735374447,4.077287430750862,95.47313793285473,,0.11111111,0.03703704,0.07407407,6.2,3,1,0.04347826,0.47826087,90.37391198199728,0.347826086,4.050000386238135,1.350000128746045,3.0,0.0,0.3478260869565217,0.77777778,0.0,0,0.3076923076923077,1.350000128746045,32.90540223076991,65.5147195938352,4.729556119090862,0.425,,0.25454544999999995,,-0.0172455757856369,-0.0754981614293274,3,1,0,0,0,0,0,1
Connor Gillispie,26171,687362,CLE,0.1373606771230697,,0.2,2.25,3.4424923840757575,3.041479778289795,5.120491336844862,92.27677970096984,,0.25,0.15625,0.09375,8.0,3,0,0.15789474,0.47368421,90.25789602179276,0.315789473,9.0,5.625,1.6,0.0,0.2105263157894736,0.77777778,0.0,0,0.1481481481481481,1.125,56.612148186374824,74.7436900202103,4.704266193389894,0.21428571,,0.19696970000000003,,0.1079561039805412,0.2098983645190438,8,5,0,0,0,0,0,2
Colin Holderman,22361,670059,PIT,0.136998102068901,,0.68,3.15584470305289,4.093667127455702,4.257389058357461,4.416826991613249,97.23206583658856,,0.25112108,0.11210762,0.13901345,51.1,55,0,0.10948905,0.37956204,87.58161477481617,0.375,9.818183520608992,4.383117643129014,2.24,1.0519482343509634,0.2748091603053435,0.77044025,0.105263157,0,0.2176165803108808,1.3051950315095286,75.10365345225642,105.10517750075496,3.904948390704774,0.2529274,,0.27480916,,0.4616621732711792,0.2197162132653725,56,25,5,6,0,0,0,18
Cole Sulser,15256,642121,- - -,0.1367750167846679,,0.43000000000000005,2.7551022553036946,3.246993273925044,3.7787247239128385,4.834245303500664,92.36928062172204,,0.22727273,0.13636364,0.09090909,16.1,10,2,0.04761905,0.38095238,88.90243902439025,0.414634146,8.265306765911085,4.959184059546651,1.66666667,0.5510204510607389,0.1951219512195122,0.78313253,0.05,0,0.1578947368421052,1.102040902121478,69.10588000529822,94.09079702134608,4.605048407189288,0.31543624,,0.24087590999999997,,0.1328699886798858,-0.0767511843353605,15,9,0,1,0,0,0,5
Yohan Ramírez,19444,670990,- - -,0.1359388921409845,,-0.99,6.200001051161203,4.543715345683904,4.255368851791225,4.578221570389734,94.93939584585335,,0.21634615,0.08173077,0.13461538,45.0,38,0,0.06716418,0.34328358,88.48061920875726,0.438461538,9.000001525879165,3.40000057644324,2.64705882,0.8000001356337035,0.3461538461538461,0.59392265,0.09090909,1,0.2737430167597765,1.4666669153284566,152.5916304663621,102.61737206289466,3.839893546426757,0.19887955,,0.22082018999999997,,-1.9688018439337611,-1.8671379768152367,45,17,12,4,0,0,0,31
Jackson Rutledge,26215,671131,WSN,0.1358586885035038,,0.17,3.2400004943848413,4.769638974430758,3.6464798515319936,3.1751258320888223,96.1496058872768,,0.26470588,0.05882353,0.20588235,8.1,3,1,0.09090909,0.36363636,90.3181818181818,0.454545454,9.720001483154524,2.160000329589894,4.5,1.080000164794947,0.3333333333333333,0.83333333,0.166666666,0,0.2580645161290322,1.2000001831054967,78.58412646234383,89.58219810654822,3.139698834516709,0.28125,,0.21311475000000002,,0.0422560237348079,0.096499710391482,9,2,1,1,0,0,0,3
Michael Kelly,12791,547184,OAK,0.1345409452915191,,0.78,2.5851069599755583,3.549172395162393,3.836692693839014,4.937129202718809,95.40186848958334,,0.171875,0.078125,0.09375,31.1,28,0,0.03225806,0.20430108,85.21555447048611,0.388888888,6.3191503466069205,2.872341066639509,2.2,0.5744682133279019,0.2747252747252747,0.77956989,0.05,0,0.2347826086956521,1.1808513273962429,66.73443815246868,96.9569423887963,4.462223346710205,0.29279279,,0.19909502,,-0.491210013628006,-0.624193889735809,22,10,3,2,0,0,0,9
Nate Pearson,20160,663878,- - -,0.1330196801573038,,-0.10999999999999999,4.477387664215915,4.492202089897906,4.372510125553341,3.7075143698689983,97.75615038861974,,0.25964912,0.07368421,0.18596491,66.1,60,1,0.10160428,0.45454545,90.86378223316088,0.370967741,10.04020264096902,2.8492466954101276,3.52380952,1.6281409688057873,0.3142857142857143,0.76819407,0.162162162,2,0.2567049808429119,1.3266333819899008,111.65230016380173,106.93474110359342,3.3373148009699265,0.24948454,,0.25,,0.0770560353994369,-0.119125203455358,74,21,3,12,0,0,0,33
Matt Barnes,12863,598264,WSN,0.1323304325342178,,-0.24,6.750000643730225,5.757943309112429,3.541479814052586,4.607691264133953,91.7982190860215,,0.16666667,0.06666667,0.1,13.1,14,0,0.08695652,0.41304348,90.94000108506944,0.422222222,6.750000643730225,2.70000025749209,2.5,0.6750000643730225,0.3333333333333333,0.48387097,0.055555555,0,0.2857142857142857,1.5000001430511611,163.7169207619242,87.05402783638422,4.326164085702592,0.27819549,,0.17757009,,-0.4614359736442566,-1.3706810994417304,10,4,0,1,0,0,0,10
Carlos Carrasco,6632,471911,CLE,0.1320200562477111,,-1.23,5.6430869551554235,4.64157815695939,4.931753133492261,4.182668949490616,91.7931534426714,,0.19910515,0.0738255,0.12527964,103.2,21,21,0.08125,0.3875,89.32753164556962,0.465408805,7.72668829244358,2.864951838771215,2.6969697,1.649517725353124,0.3089700996677741,0.66450567,0.169642857,0,0.2738386308068459,1.3987138606795495,141.9854555261589,122.3580578510936,4.282497345495246,0.31158605,,0.21149143999999998,,-1.7619699239730835,-0.5685458102339029,89,33,5,19,4,0,0,65
Nick Nelson,20153,656793,PHI,0.1283466070890426,,-0.01,5.062500301748532,3.155886031401577,1.8539797000586944,3.838490851510977,94.79094989483173,,0.30769231,0.07692308,0.23076923,5.1,4,0,0.0,0.33333333,83.486669921875,0.333333333,13.500000804662752,3.375000201165688,4.0,0.0,0.5333333333333333,0.72727273,0.0,0,0.3478260869565217,1.8750001117587156,120.80456799878,45.75896561037076,2.902066358321999,0.36538462,,0.20454545000000002,,-0.0184945613145828,0.0314812130250821,8,2,1,0,0,0,0,3
John Brebbia,12777,605154,- - -,0.1238297931849956,,-0.47,5.855422830491906,4.79231901067639,4.5219017297925514,3.823020509471792,94.00000919358004,,0.2768595,0.0785124,0.19834711,55.1,59,0,0.10457516,0.37254902,88.84408167788857,0.296052631,10.89759249008216,3.090362049426284,3.52631579,1.789156975983638,0.3169014084507042,0.67092652,0.159420289,2,0.2545454545454545,1.355421951502756,144.99944759515984,108.32326625863983,3.285854307282864,0.32091097,,0.22109533000000003,,-1.0142917893826962,0.042705995741645,67,19,3,11,0,0,0,36
Chris Roycroft,31261,688297,STL,0.1235896572470665,,-0.07,4.19417584462697,3.4495993334144432,3.836382864584381,4.224117486321633,95.13843025128864,,0.21290323,0.10967742,0.10322581,34.1,27,0,0.01980198,0.33663366,86.88247019974227,0.535353535,8.650487679543126,4.456311834916155,1.94117647,0.5242719805783712,0.2929292929292929,0.67073171,0.076923076,0,0.2313432835820895,1.3980586148756566,103.95400551752094,96.48997707992396,4.03215780902822,0.27173913,,0.20370370000000004,,-1.0724918842315674,-1.2450187590836583,33,17,4,2,0,0,0,16
Justin Wilson,4301,458677,CIN,0.1194936335086822,,-0.23,5.592858362003514,4.128314514844739,4.730765833562809,3.9862627339592462,95.62091796875,,0.24401914,0.06220096,0.18181818,46.2,60,0,0.11188811,0.41258741,88.61914755097517,0.382978723,9.83571642973032,2.5071434036567477,3.92307692,1.9285718489667292,0.3383458646616541,0.71428571,0.158730158,2,0.2835051546391752,1.457143174774862,129.27375483348288,110.564668181097,3.4088077657440476,0.34920635,,0.21603563000000003,,-0.7556599974632263,-0.1482869073186865,51,13,2,10,0,0,0,29
Trevor Richards,19309,670950,- - -,0.1189441494643688,,-0.3,4.545918986679251,3.6888864339001426,4.360357491963134,4.957797210119272,92.35656449225866,,0.22382671,0.12635379,0.09747292,65.1,55,2,0.06741573,0.37640449,88.3187484741211,0.352272727,8.540817490124653,4.821429228296175,1.77142857,0.9642858456592348,0.2163742690058479,0.63202247,0.081395348,1,0.1833333333333333,1.209183838207612,113.43471953400416,105.40625921365262,4.510956211673748,0.29487179,,0.21223709000000002,,-1.536809504032135,-2.134869825036165,62,35,2,7,0,0,0,33
Jake Cousins,21620,664776,NYY,0.1177371069788932,,0.71,2.3684217659062132,3.527636794702417,4.061216889854364,3.544381265431777,94.64202880859376,,0.34193548,0.12903226,0.21290323,38.0,37,0,0.07792208,0.33766234,86.18289345189145,0.421052631,12.552635359302933,4.7368435318124265,2.65,1.1842108829531066,0.2083333333333333,0.81578947,0.166666666,1,0.1538461538461538,1.052631895958317,59.557910089924,97.37137231229342,3.15632717697398,0.34005764,,0.34657039999999995,,0.8917900919914246,0.1987836569844854,53,20,5,5,0,0,0,10
Naoyuki Uwasawa,33828,683822,BOS,0.1164971813559532,,0.11,2.25,2.1971350116083084,3.166479778289795,5.056490286067128,89.90042114257812,,0.1875,0.125,0.0625,4.0,2,0,0.0,0.36363636,80.7545498934659,0.363636363,6.75,4.5,1.5,0.0,0.1818181818181818,0.75,0.0,0,0.1428571428571428,1.0,53.69729869394192,76.66244468403043,4.894842365264893,0.29411765,,0.18518519,,0.0034800209105014,-0.2016198702278159,3,2,0,0,0,0,0,1
Sixto Sánchez,19680,664350,MIA,0.1157395541667938,,-0.64,6.0560750362394025,5.082954886956,4.736573306203715,5.296432990293223,94.08609454180744,,0.10493827,0.08641975,0.01851852,35.2,14,7,0.0625,0.4375,90.02142624627976,0.484126984,4.289719817336244,3.532710437806318,1.21428571,0.7570093795299253,0.32,0.55555556,0.076923076,0,0.296551724137931,1.5981309123409535,144.9006205853057,116.2038729439084,5.419656542621696,0.19172932,,0.12195122000000003,,-1.294507771730423,-0.8573556537365614,17,14,3,3,0,0,0,24
John McMillon,27942,669111,MIA,0.1156646758317947,,0.57,1.500000119209299,2.133917605573077,3.3331464582019397,3.761821565158509,95.3456962477993,,0.27659574,0.10638298,0.17021277,12.0,10,0,0.03448276,0.20689655,85.80714634486607,0.464285714,9.750000774860444,3.7500002980232474,2.6,0.7500000596046495,0.2142857142857142,0.75471698,0.083333333,0,0.1666666666666666,1.000000079472866,35.889738295981694,82.30314767898133,3.518991191942144,0.32291667,,0.36250000000000004,,0.4645080268383026,0.063879459529406,13,5,0,1,0,0,0,2
Yilber Díaz,29271,700270,ARI,0.1151696853339672,,0.3,3.8117648769497534,5.072101290206594,4.472362189837396,4.750206693820058,95.93330293543198,,0.15966387,0.10084034,0.05882353,28.1,7,4,0.04545455,0.45454545,91.316091954023,0.356321839,6.035294388503776,3.8117648769497534,1.58333333,0.9529412192374384,0.2823529411764706,0.74712644,0.096774193,0,0.2523364485981308,1.376470650009633,91.5264767781342,113.73821116369236,5.113349537392845,0.2139738,,0.1773399,,0.1977000497281551,0.3011161285302817,19,12,0,3,2,0,0,12
Ray Kerr,23809,678061,ATL,0.1150073558092117,,-0.12,5.641791365995912,5.013185737046839,4.420211192955553,3.784399671182591,95.28862017463236,,0.26213592,0.06796117,0.19417476,22.1,10,2,0.12121212,0.45454545,90.5857166108631,0.328125,10.880597634420688,2.820895682997956,3.85714286,1.6119403902845462,0.4032258064516129,0.74850299,0.16,0,0.3118279569892473,1.6119403902845462,136.16492006806178,110.75820405843156,3.378427353834509,0.33163265,,0.33870968,,-0.2958259582519531,-0.1848871701626843,27,7,3,4,0,0,0,14
Kyle Muller,20167,666205,OAK,0.1131652444601059,,0.41,4.0135136169617525,3.982202489670308,3.9570203392065046,4.0309754884636595,92.93552164082688,,0.17821782,0.04950495,0.12871287,49.1,21,0,0.07741935,0.43225806,90.16387348790325,0.425806451,6.567567736846505,1.8243243713462511,3.6,1.0945946228077508,0.2818791946308724,0.67193676,0.111111111,0,0.2513089005235602,1.1756757059786953,103.60870184178272,100.05769124241104,3.9281505185266976,0.26797386,,0.21122995,,-0.2429699599742889,-0.7265132647895074,36,10,1,6,0,0,0,22
Hayden Birdsong,31635,806185,SFG,0.109289638698101,,0.3,4.75,4.669169392325224,4.666479778289795,4.213377190153632,95.90337868537964,,0.27936508,0.13650794,0.14285714,72.0,16,16,0.08888889,0.5,92.03636585582386,0.397727272,11.0,5.375,2.04651163,1.375,0.272189349112426,0.73363431,0.150684931,0,0.2126865671641791,1.3888888888888888,118.02823284684538,118.91283505029872,4.280580821550425,0.27044855,,0.27474403000000003,,-0.1611817479133606,0.4537540950415558,88,43,4,11,1,0,0,38
Humberto Castellanos,21183,528748,ARI,0.107816532254219,,-0.1,5.225807094673291,5.41431511286831,3.553576600117447,5.163134133836683,90.58530495383523,,0.14583333,0.08333333,0.0625,10.1,7,0,0.0,0.37142857,86.94285714285714,0.257142857,6.0967749437855066,3.483871396448861,1.75,0.0,0.3142857142857143,0.64705882,0.0,1,0.2619047619047619,1.451613081853692,125.47985700533778,90.75282969027248,4.870499916736477,0.27472527,,0.13333333000000003,,0.1259040534496307,0.0909812998843679,7,4,2,0,0,0,0,6
Phil Maton,18064,664208,- - -,0.1068731546401977,,0.8999999999999999,3.656250653788564,4.2646172647426726,4.26022997386757,4.279487989491389,,,0.22641509,0.09056604,0.13584906,64.0,71,0,0.06976744,0.33139535,86.51286378380848,0.467836257,8.43750150874284,3.3750006034971363,2.5,0.984375176019998,0.2424242424242424,0.75498575,0.114754098,3,0.2025862068965517,1.109375198371744,93.61543202617716,107.32485364523228,3.820968139037194,0.29963899,,0.24752474999999996,,-0.1510441303253173,-1.203337251357194,60,24,9,7,0,0,0,26
Andrew Walters,33834,689958,CLE,0.1057864353060722,,0.31,0.0,2.70335973850453,3.51263368792789,5.7806467132118,95.9443771178464,,0.1875,0.15625,0.03125,8.2,9,1,0.0,0.23809524,87.5952395484561,0.238095238,6.230770373485707,5.192308644571423,1.2,0.0,0.0476190476190476,0.83333333,0.0,0,0.037037037037037,0.6923078192761897,0.0,86.61165371801322,5.8102397924689875,0.28985507,,0.29577465000000003,,0.0462600439786911,-0.2855544717067111,6,5,0,0,0,0,0,0
Prelander Berroa,22932,672860,CHW,0.1052554324269294,,0.45,3.315790139407136,2.2270489585480475,4.008585210520179,4.231751998717604,97.6558554946192,,0.31325301,0.15662651,0.15662651,19.0,17,0,0.04651163,0.18604651,84.38604878270348,0.418604651,12.31579194636936,6.15789597318468,2.0,0.9473686112591816,0.3170731707317073,0.83969466,0.1,0,0.217391304347826,1.4736845064031714,82.23235710309915,95.18202104475549,3.849758260992856,0.30645161,,0.32499999999999996,,0.514582097530365,0.4397868449944699,26,13,1,2,0,0,0,7
Fraser Ellard,29530,686642,CHW,0.1049688756465911,,0.26,3.7500014901167114,3.856225499336536,4.249813542101289,3.9478207775442793,95.19970703125,,0.25742574,0.11881188,0.13861386,24.0,25,0,0.06451613,0.40322581,90.08709519909274,0.451612903,9.75000387430345,4.500001788140054,2.16666667,1.1250004470350137,0.2542372881355932,0.70895522,0.142857142,1,0.2045454545454545,1.2500004967055705,93.0008983401972,101.01787445628348,3.853379024723997,0.1980198,,0.24022346000000006,,0.0553301610052585,-0.0061417940992774,26,12,1,3,0,0,0,10
Camilo Doval,21992,666808,SFG,0.1037257760763168,,-0.49,4.881356563420256,3.3213489339082174,3.7088527297809346,3.632248249517017,99.47867229278074,,0.28782288,0.14391144,0.14391144,59.0,62,0,0.08552632,0.42763158,89.46802588222789,0.6,11.898306623336872,5.949153311668436,2.0,0.7627119630344149,0.3333333333333333,0.68181818,0.125,23,0.2347826086956521,1.576271390271124,121.2921871738617,94.89144056599476,3.729722235492704,0.28877888,,0.32989691,,0.6213881373405457,0.9234780363028744,78,39,2,5,0,0,0,32
Ethan Roberts,24930,681799,CHC,0.1029260754585266,,0.22,3.712500088512899,4.1704158379644465,3.916479796171189,4.608591791538585,,,0.22033898,0.08474576,0.13559322,26.2,21,0,0.07407407,0.43209877,91.02962842399693,0.283950617,8.775000209212308,3.3750000804662723,2.6,1.0125000241398816,0.358974358974359,0.82010582,0.078947368,0,0.2897196261682243,1.5375000366568574,91.67999849931044,98.05603181314828,4.076819136678765,0.24267782,,0.23611110999999996,,-0.2150519043207168,-0.0343977641608317,26,10,1,3,0,0,0,11
Kyle Nicolas,27775,693312,PIT,0.1018871590495109,,0.18,3.951219971728903,4.370348744890453,4.026235975841918,4.485609725316336,97.36713521749522,,0.22633745,0.12757202,0.09876543,54.2,51,0,0.08496732,0.40522876,90.00198546150662,0.453947368,9.054879101878736,5.1036591301498335,1.77419355,0.6585366619548172,0.3154362416107382,0.69651741,0.078431372,0,0.2451923076923076,1.5000001744526392,94.03221114882236,99.49609867483312,4.321127871307731,0.24493927,,0.25290022999999995,,-0.3733325004577636,-0.547250012176852,55,31,4,4,0,0,0,24
Tristan Beck,21584,663941,SFG,0.101443420164287,,0.51,1.687500100582844,3.765095004554518,3.978979826718571,4.810993536420987,93.12252857646004,,0.20895522,0.05970149,0.14925373,16.0,7,1,0.125,0.3125,88.54791514078777,0.333333333,7.875000469386606,2.2500001341104587,3.5,1.1250000670552294,0.2608695652173913,0.98765432,0.076923076,0,0.2258064516129032,1.1250000670552294,41.93108522119305,101.66738697074877,4.090580676036197,0.30841121,,0.19354839000000001,,0.0228140503168106,0.0007232467856857,14,4,1,2,0,0,0,3
Julian Merryweather,16703,657240,CHC,0.0999913737177848,,-0.37,6.6000008392335054,5.87882343031807,3.699813179439978,5.413422924388174,96.26514902836136,,0.18918919,0.12162162,0.06756757,15.0,15,0,0.04166667,0.52083333,93.4553170711436,0.404255319,8.40000106811537,5.400000686645595,1.55555556,0.0,0.375,0.63333333,0.0,0,0.2903225806451613,1.800000228881865,162.98668083769738,92.73206050513386,4.734585907394522,0.22834646,,0.22834646000000003,,-0.4366518855094909,-0.0546491735266214,14,9,3,0,0,0,0,11
Griffin Canning,19867,656288,LAA,0.0996828749775886,,0.19,5.190291569699278,4.75894011845421,5.257742038134959,4.751002727914869,93.70315031828704,,0.1759134,0.08930988,0.08660352,171.2,32,31,0.08566108,0.41899441,90.45666343588766,0.407129455,6.815534384453598,3.460194379799519,1.96969697,1.6252428147543196,0.2826086956521739,0.69595262,0.148325358,0,0.2608695652173913,1.3980583352725329,127.55232090618492,127.29050704803348,4.840385431046198,0.29773031,,0.22832370000000002,,-2.1121675819158554,-0.8339870204261493,130,66,6,31,7,0,0,99
Kevin Herget,15369,643361,MIL,0.097532533109188,,0.25,1.588235472312868,5.277044101933857,3.5194209943593213,4.10672482033106,92.79103625660213,,0.20930233,0.06976744,0.13953488,11.1,7,0,0.12903226,0.48387097,89.2566650390625,0.4,7.147059625407906,2.382353208469302,3.0,0.794117736156434,0.1666666666666666,0.92105263,0.076923076,1,0.15,0.794117736156434,38.808611472665746,86.688807631593,3.878498144667734,0.31818182,,0.19444444000000005,,0.0075641325674951,0.1466556276398052,9,3,0,1,0,0,0,2
Luis Contreras,25839,664351,HOU,0.0974007174372673,,-0.11,9.000001430511702,3.449516246863366,2.1664796193440505,3.9304897069847473,91.8279379986702,,0.23076923,0.07692308,0.15384615,6.0,5,0,0.05555556,0.5,89.69444444444444,0.333333333,9.000001430511702,3.000000476837234,3.0,0.0,0.3888888888888889,0.33333333,0.0,0,0.2916666666666667,1.500000238418617,225.06534215949648,52.29523667492158,3.72030008793781,0.24561404,,0.19148936000000005,,0.0756239667534828,0.2672919731359862,6,2,0,0,0,0,0,6
Brock Stewart,16727,592779,MIN,0.0969598218798637,,-0.07,5.1702132904999605,4.035707381060809,3.804777715388555,3.496359664126141,97.2030505164195,,0.29850746,0.11940299,0.17910448,15.2,16,0,0.02564103,0.58974359,91.23076923076924,0.358974358,11.48936286777769,4.595745147111075,2.5,1.1489362867777688,0.3513513513513513,0.69306931,0.142857142,0,0.2542372881355932,1.4680852553271493,127.58717714340617,92.81481969004592,3.466508105616105,0.26984127,,0.27407406999999995,,0.8065260052680969,0.4894538892993196,20,8,0,2,0,0,0,9
Steven Cruz,23165,674444,KCR,0.0964284315705299,,0.23,0.0,1.30420250588665,1.7547149140116902,3.3556651708095657,97.99254977318547,,0.22222222,0.0,0.22222222,5.2,5,0,0.0,0.35714286,90.31428745814732,0.428571428,6.352941889251472,0.0,4.0,0.0,0.0714285714285714,1.0,0.0,0,0.0555555555555555,0.1764706080347631,0.0,41.935548024705405,3.037938963103238,0.27777778,,0.22727273000000003,,0.0569020509719848,0.0959386908169822,4,0,0,0,0,0,0,0
Elvis Peguero,21652,665625,MIL,0.0949578881263732,,0.4,2.98051999732773,4.085513934162539,4.043103306915598,4.119940548100033,96.81300354003906,,0.20704846,0.11894273,0.08810573,51.1,52,0,0.05298013,0.40397351,90.10743507179056,0.573333333,8.240261169082547,4.733767054579335,1.74074074,0.7012988229006423,0.3265306122448979,0.78249337,0.108108108,2,0.2626262626262626,1.5389613058097429,72.82915196092328,99.32210544705552,4.122406256001325,0.33991228,,0.2627551,,-0.7967239022254944,-0.1645547481504933,47,27,2,4,0,0,0,17
James McArthur,21527,663704,KCR,0.0896941050887107,,-0.57,4.923529964169891,4.411593658481019,4.172362244087945,3.6178281259647087,94.78899619020062,,0.19838057,0.05668016,0.14170041,56.2,57,0,0.08287293,0.40331492,90.19999890886872,0.533333333,7.782353814333053,2.223529661238015,3.5,1.2705883778502944,0.3468208092485549,0.66395664,0.166666666,18,0.2956521739130435,1.4470589858850575,118.84355375513576,102.26484453205302,3.4586058238454696,0.30697674,,0.26869159,,-1.460042953491211,-0.8443170862894647,49,14,3,8,0,0,0,31
Clayton Beeter,27494,690925,NYY,0.0883822292089462,,0.01,4.909091760304496,3.5468192467628015,1.25738853817138,2.4944865395871965,95.03036678538604,,0.33333333,0.06666667,0.26666667,3.2,3,0,0.11111111,0.44444444,89.84444173177083,0.333333333,12.27272940076124,2.454545880152248,5.0,0.0,0.4444444444444444,0.6,0.0,0,0.2857142857142857,1.3636366000845823,123.44728877777912,28.89627114398609,2.4774490801299596,0.37037037,,0.28,,-0.05987199395895,-0.2016544963495753,5,1,0,0,0,0,0,2
Ronny Henriquez,24094,678692,MIN,0.0871814582496881,,0.32,3.2586212254592017,5.208938822378411,4.045790267699421,3.9522799678177982,95.69659898546008,,0.18292683,0.06097561,0.12195122,19.1,16,1,0.08333333,0.5,91.67833658854168,0.533333333,6.982759768841146,2.3275865896137153,3.0,0.9310346358454862,0.3103448275862069,0.78512397,0.125,0,0.2666666666666666,1.2931036608965083,80.41414544731914,98.81105690387336,3.699737123065162,0.25675676,,0.23026316000000002,,-0.296731948852539,-0.3502321262795675,15,5,2,2,0,0,0,7
Will Warren,30182,701542,NYY,0.0857556276023387,,-1.17,10.323529701331916,4.466627916662318,4.9311857101414045,3.998019968397728,93.68538731166296,,0.26363636,0.09090909,0.17272727,22.2,6,5,0.11428571,0.5,92.67101586383322,0.36231884,11.514706205331752,3.970588346666122,2.9,1.985294173333061,0.4307692307692308,0.45945946,0.172413793,0,0.3333333333333333,1.89705887674048,259.60234896225546,118.6177524434704,3.846489976972885,0.25619835,,0.24226804000000002,,-1.2719639167189598,-0.7213422430037197,29,10,1,5,0,0,0,26
Chase Shugart,21544,663767,BOS,0.0839005187153816,,0.03,4.153846915657138,3.484123130769261,3.8587875975659847,4.801262888157938,96.13310102982956,,0.22222222,0.08333333,0.13888889,8.2,6,0,0.04,0.32,86.26400390625,0.28,8.307693831314277,3.1153851867428535,2.66666667,1.0384617289142846,0.2916666666666667,0.72916667,0.071428571,1,0.2424242424242424,1.2692310020063478,99.133492692867,93.82573699450586,4.195807785673966,0.3968254,,0.15000000000000002,,0.0759840384125709,-0.00051703367831,8,3,0,1,0,0,0,4
Brent Honeywell,16466,641703,- - -,0.083272703923285,,0.6000000000000001,2.6283186949805324,4.97296213994156,4.28152407313002,4.972223964246256,94.7176917904713,,0.12080537,0.0738255,0.04697987,37.2,20,1,0.05084746,0.39830508,88.2698306379647,0.422413793,4.300885137240871,2.6283186949805324,1.63636364,0.7168141895401452,0.2521739130434782,0.80882353,0.069767441,1,0.2352941176470588,1.141592968526898,63.92596010155906,102.56778310813326,5.0010398438515695,0.22710623,,0.12727272999999995,,0.3134561795741319,0.0216833545189477,18,11,2,3,0,0,0,11
Joel Kuhnel,19995,669270,- - -,0.0825690277852118,,0.12,4.5,3.651464039351033,3.766479778289795,4.734492387622595,94.73049263332202,,0.12820513,0.0,0.12820513,10.0,6,0,0.06060606,0.39393939,88.52424390388258,0.484848484,4.5,0.0,5.0,0.9,0.21875,0.52631579,0.066666666,0,0.2105263157894736,0.8,113.27845434039742,94.07418967433075,4.150358936684762,0.25,,0.19999999999999996,,-0.005602017045021,-0.1431168838979229,5,0,1,1,0,0,0,5
Chad Green,15552,643338,TOR,0.081682376563549,,0.76,3.206250305771857,3.873279959016376,4.291479885578166,4.439391563316963,95.48618861607144,,0.21904762,0.06666667,0.15238095,53.1,53,0,0.08783784,0.45945946,91.29932300464527,0.371621621,7.762500740289759,2.362500225305579,3.28571429,1.350000128746045,0.2357142857142857,0.80786026,0.108108108,17,0.211340206185567,1.0312500983476731,80.20231001901247,103.42833018898368,3.822909076613717,0.31658291,,0.21136363999999996,,0.6842100024223328,-0.8715716132986814,46,14,2,8,0,0,0,19
Justin Sterner,27694,686993,TBR,0.0812064558267593,,0.02,2.25,1.1969395772461944,1.916479778289795,4.562494489178062,93.62527391387196,,0.21052632,0.05263158,0.15789474,4.0,2,0,0.0,0.35714286,89.99285888671875,0.428571428,9.0,2.25,4.0,0.0,0.3571428571428571,0.66666667,0.0,0,0.2777777777777778,1.5,58.13082946466971,47.15454147357377,3.7184520742030895,0.25,,0.27777778,,0.0433399900794029,0.096170313292938,4,1,0,0,0,0,0,1
Alex Lange,19883,656638,DET,0.0803325399756431,,-0.6,4.339286748852295,4.971713590395861,3.970051398447627,5.185058443127595,96.6325046705163,,0.23333333,0.18888889,0.04444445,18.2,21,0,0.02,0.52,91.6124979654948,0.458333333,10.125002413988687,8.196430525609891,1.23529412,0.0,0.32,0.54285714,0.0,2,0.2253521126760563,1.7678575643472314,107.62218896500302,96.83736049715144,5.220963764371824,0.2764977,,0.28395062000000004,,-0.066487967967987,0.0830782351665061,21,17,2,0,0,0,0,9
Daniel Palencia,27914,694037,CHC,0.0800734460353851,,-0.15,6.136363902367847,4.653426311840683,3.6437525262517383,4.880850366787286,98.53504702919408,,0.23188406,0.17391304,0.05797101,14.2,10,0,0.05,0.45,92.49249877929688,0.55,9.818182243788556,7.363636682841418,1.33333333,0.0,0.35,0.59259259,0.0,1,0.25,1.772727349572934,151.53719055819818,91.35452799188567,4.885181513076975,0.203125,,0.28571429000000004,,-0.4085619151592254,-0.716441537518566,16,12,1,0,0,0,0,10
Vinny Nittoli,16754,657697,- - -,0.0796459354460239,,0.38,1.500000119209299,3.414894700364043,3.4164797981580115,4.601159168307335,,,0.17391304,0.04347826,0.13043478,12.0,9,0,0.05555556,0.41666667,91.45833333333331,0.333333333,6.000000476837196,1.500000119209299,4.0,0.7500000596046495,0.2571428571428571,0.94339623,0.055555555,0,0.2272727272727272,1.000000079472866,38.72244620199972,85.73754680873546,4.246555167458153,0.30588235,,0.25,,-0.1286719851195812,-0.6264808944870595,8,2,0,1,0,0,0,2
Scott Alexander,10591,518397,OAK,0.0793703645467758,,1.22,2.5603455011684817,4.038864156506156,3.890617899832396,3.9377961958991072,,,0.19375,0.09375,0.1,38.2,45,0,0.125,0.44642857,89.21651913704129,0.6,7.21551913965663,3.4913802288661113,2.06666667,0.6982760457732222,0.2568807339449541,0.77625571,0.111111111,0,0.2167832167832167,1.1896554853914156,66.0952220322423,98.34655256652604,3.825887326202393,0.28671329,,0.17689531000000003,,-0.6080640554428101,-0.7924834089714465,31,15,2,3,0,0,0,11
Jimmy Herget,17556,623474,ATL,0.0778029188513755,,0.05,4.378378491231003,2.9974068382211763,3.571885194144518,3.793087339160767,92.30914713541668,,0.28846154,0.05769231,0.23076923,12.1,8,0,0.08823529,0.26470588,83.87058392693015,0.264705882,10.945946228077508,2.1891892456155015,5.0,1.459459497077001,0.34375,0.75757576,0.105263157,0,0.2653061224489796,1.297297330735112,105.67238641249368,89.85175244442365,3.122767543499508,0.32098765,,0.27835052000000005,,-0.0284559950232505,-0.2688988498429649,15,3,0,2,0,0,0,6
José Ruiz,14552,614179,PHI,0.0756936073303222,,0.56,3.705882630133732,4.237534517541332,4.225303386899433,3.6684488415437824,96.4495456328452,,0.23963134,0.07834101,0.16129032,51.0,52,0,0.08163265,0.42176871,90.6830985915493,0.452054794,9.17647127461686,3.0000002243939736,3.05882353,1.411764811479517,0.3093525179856115,0.79584775,0.16,1,0.2562814070351759,1.3333334330639883,88.43210340804559,102.03885193569144,3.519305605209292,0.33726415,,0.24700239999999996,,0.7726040482521057,1.3510913144691716,52,17,1,8,0,0,0,21
Luke Little,28036,681432,CHC,0.0745885968208313,,0.33,3.461539477286552,3.5448098804750625,4.051095422485247,4.307099700717629,96.11241198497213,,0.25688073,0.16513761,0.09174312,26.0,30,1,0.03389831,0.40677966,87.44999642207705,0.724137931,9.692310536402346,6.230771059115794,1.55555556,0.3461539477286552,0.2413793103448276,0.73033708,0.076923076,0,0.1724137931034483,1.269231141671736,85.4825391290579,101.36383133906943,4.204560490321111,0.1980198,,0.25,,0.3801300302147865,0.3646732100420999,28,18,4,1,0,0,0,10
Tommy Nance,19178,667297,TOR,0.0719904527068138,,-0.14,4.090909445581388,4.463783714689732,3.9846616674060726,3.9712136165025096,94.06256103515624,,0.20430108,0.09677419,0.10752688,22.0,20,0,0.125,0.359375,87.30806609122983,0.523809523,7.772727946604637,3.68181850102325,2.11111111,0.8181818891162776,0.2580645161290322,0.63492063,0.117647058,0,0.216867469879518,1.2272728336744163,102.33149514982723,95.9036788173822,3.9558126750059417,0.27388535,,0.25179856,,-0.6524479389190674,-0.77142702778716,19,9,1,2,0,0,0,10
Kolby Allard,18694,663465,PHI,0.0653948578983545,,0.2,5.0,4.165019145687318,4.759072370882388,4.3116758604292515,90.13038488700565,,0.1965812,0.06837607,0.12820513,27.0,7,4,0.08139535,0.40697674,88.85814294149709,0.453488372,7.666666666666667,2.6666666666666665,2.875,1.6666666666666667,0.3580246913580246,0.77142857,0.142857142,0,0.3119266055045872,1.5555555555555556,119.31314646742383,114.7070751349312,4.184873655568062,0.23497268,,0.19905213,,0.0429541021585464,0.1182331020220534,23,8,0,5,0,0,0,15
Nabil Crismatt,17732,622503,LAD,0.0626904964447021,,0.09,2.5714285714285716,5.481301086030033,3.309336921146938,2.7482012693371094,90.9429867393092,,0.23076923,0.0,0.23076923,7.0,5,0,0.1,0.3,86.95999755859376,0.45,7.714285714285714,0.0,6.0,1.2857142857142858,0.3157894736842105,0.71428571,0.166666666,0,0.2692307692307692,1.0,62.67695065269756,79.43353407298729,2.747323767666372,0.37777778,,0.19607843000000003,,-0.3334499299526214,-0.6953128122853383,6,0,0,1,0,0,0,2
Jake Woodford,18674,663765,- - -,0.0625328570604324,,-1.29,7.971428788632768,5.647676901788786,4.937908397985966,4.78294849372506,92.03505770365398,,0.15568862,0.05389222,0.10179641,35.0,9,7,0.07751938,0.39534884,88.87578010559082,0.3515625,6.685714467885548,2.314285777344997,2.88888889,1.5428571848966648,0.3414634146341463,0.44573643,0.125,0,0.3096774193548387,1.6285714729464795,192.28269809872896,120.64503326944504,4.696194202698925,0.19858156,,0.12546124999999997,,-1.259583979845047,-0.4629459518580889,26,9,3,6,1,0,0,31
Grant Holman,30002,680880,OAK,0.0624429322779178,,0.25,4.021277738081919,3.3711641369625993,3.8686076373199714,4.582999404060582,94.4740234375,,0.21917808,0.12328767,0.09589041,15.2,18,0,0.0,0.25531915,84.26170316655585,0.44680851,9.191491972758673,5.170214234676752,1.77777778,0.5744682482974169,0.3478260869565217,0.7421875,0.0625,0,0.2698412698412698,1.6595749395258712,103.80913233410824,97.77936539981364,4.349447792747048,0.26785714,,0.26470587999999995,,-0.5712276101112366,-0.432469101988612,16,9,1,1,0,0,0,7
José Suarez,19911,660761,LAA,0.0622723288834095,,-0.59,6.019109084623786,4.826293737601366,4.542276140489518,4.421367922072436,93.15125087236352,,0.23333333,0.1125,0.12083333,52.1,22,3,0.08496732,0.47712418,89.00261693218954,0.405228758,9.630574535398056,4.643312722424063,2.07407407,1.203821816924757,0.3424657534246575,0.63938619,0.125,1,0.2727272727272727,1.605095755899676,147.92065594414174,109.72111130156644,4.166501942537236,0.29001883,,0.25835189000000003,,-1.083587884902954,-0.4861973775560642,56,27,4,7,0,0,0,35
Justin Topa,15145,623437,MIN,0.0619346536695957,,0.17,0.0,1.0636703841605823,1.4521938304511552,2.748201212351177,,,0.25,0.0,0.25,2.1,3,0,0.0,0.0,75.23333231608073,0.5,7.714286765273879,0.0,2.0,0.0,0.1666666666666666,1.0,0.0,0,0.125,0.4285714869596599,0.0,34.284046482361504,2.5238228340148927,0.42857143,,0.35714285999999995,,-0.2432295531034469,-0.744700068604258,2,0,0,0,0,0,0,0
Yosver Zulueta,27765,691172,CIN,0.0596076026558876,,0.06,4.959184059546651,3.3621691870195325,3.7787247239128385,3.112607369741817,95.93956580528848,,0.28985507,0.10144928,0.1884058,16.1,12,0,0.09756098,0.46341463,91.08048899580793,0.634146341,11.020409021214778,3.8571431574251727,2.85714286,1.102040902121478,0.3333333333333333,0.64356436,0.2,0,0.2459016393442623,1.3469388803706952,114.62695866631844,88.65704411358095,2.9799237929816074,0.25657895,,0.18018018000000002,,-0.0718618705868721,-0.5313655054624294,20,7,1,2,0,0,0,9
Scott Blewett,16427,656240,MIN,0.0566244199872016,,0.81,1.770492080077512,3.8404567410121433,4.002545482770842,4.136717293167703,93.60266676682691,,0.21176471,0.09411765,0.11764706,20.1,12,0,0.0862069,0.46551724,91.94482421875,0.413793103,7.967214360348804,3.5409841601550243,2.25,0.8852460400387561,0.2678571428571428,0.90517241,0.105263157,0,0.2236842105263158,1.2295083889427167,43.69105759464777,97.73515448216776,4.053243696238003,0.31055901,,0.24848484999999998,,0.3951275944709778,0.0932361173451752,18,8,1,2,0,0,0,4
Tommy Kahnle,11384,592454,NYY,0.0563624873757362,,0.76,2.10937550291431,3.2869059084446843,4.010229979455519,3.5499232803346,94.03273122902684,,0.25698324,0.10614525,0.15083799,42.2,50,0,0.0625,0.32142857,86.15181995738637,0.585585585,9.703127313405828,4.00781345553719,2.42105263,1.054687751457155,0.2336448598130841,0.79545455,0.166666666,1,0.189873417721519,1.1484377738089022,53.043760345780186,96.1261698926358,3.45940278074653,0.31143552,,0.34636871999999996,,0.1574470549821853,-0.0075014924162446,46,19,2,5,0,0,0,10
Richard Lovelady,19337,663992,- - -,0.0562456920742988,,0.18,4.4563114635682135,4.482130359053552,3.92376146490923,4.241128823808276,92.52760118541153,,0.17687075,0.07482993,0.10204082,34.1,35,0,0.08333333,0.46296296,89.47358444501769,0.509433962,6.815535179574915,2.883495652897079,2.36363636,0.786407905335567,0.2952380952380952,0.67757009,0.09090909,2,0.2537313432835821,1.3106798422259451,113.63747135694456,98.40218028273672,4.061543923299688,0.28627451,,0.21484375,,-0.6573678851127625,-0.8311602410948481,26,11,2,3,0,0,0,17
Peter Strzelecki,21367,657265,CLE,0.0542433187365531,,0.21,2.314286218760075,4.802451191747599,3.766479909079444,3.948201439738909,92.3494384765625,,0.19148936,0.06382979,0.12765957,11.2,10,0,0.08823529,0.38235294,87.54706169577206,0.411764705,6.942858656280225,2.314286218760075,3.0,0.7714287395866917,0.303030303030303,0.88235294,0.1,0,0.2558139534883721,1.2000002615792982,58.22965082761352,93.00582274818254,3.881693328665272,0.22772277,,0.12643678000000003,,0.1693820506334304,0.3838893368760354,9,3,1,1,0,0,0,3
Nick Ramirez,12575,598286,LAD,0.053472351282835,,-0.24,6.07500014483929,7.8491087531174095,3.991479797959328,5.579088662343834,90.38600158691406,,0.07936508,0.11111111,-0.03174603,13.1,8,0,0.09803922,0.50980392,92.7372568167892,0.509803921,3.3750000804662723,4.725000112652781,0.71428571,0.0,0.3529411764705882,0.56,0.0,0,0.3214285714285714,1.8750000447034847,148.07429944736435,95.44855485451885,5.655971719246866,0.2970297,,0.19780220000000004,,-0.0244399979710578,-0.0036547750610308,5,7,0,0,0,0,0,9
Nick Vespi,21093,663989,BAL,0.0531589053571224,,0.21,2.918918994154002,3.8238811504121335,3.4908041109735737,3.907893381831804,89.38332112630208,,0.18367347,0.06122449,0.12244898,12.1,11,0,0.05405405,0.35135135,89.1138916015625,0.459459459,6.567567736846505,2.1891892456155015,3.0,0.7297297485385005,0.25,0.77586207,0.083333333,0,0.217391304347826,1.0540540812222785,73.63580673852758,85.52777141135128,3.91114515680879,0.3452381,,0.22727273000000003,,-0.0408400259912014,-0.1535180727791556,9,3,0,1,0,0,0,4
Robbie Ray,11486,592662,SFG,0.0517819225788116,,0.01,4.695652563315065,3.7628381943902,4.959958187889299,4.092837001139525,94.33300125838926,,0.33333333,0.11627907,0.21705426,30.2,7,7,0.09230769,0.35384615,86.796875,0.28125,12.619566263909237,4.402174278107873,2.86666667,1.7608697112431495,0.2372881355932203,0.76687117,0.176470588,0,0.1851851851851851,1.1413044424724117,116.67780507596568,126.27453255100436,3.512566423398341,0.32063492,,0.33818181999999997,,0.0141641311347484,0.3473428193854749,43,15,6,6,2,0,0,16
Ricky Vanasco,23391,676568,- - -,0.049956789240241,,-0.009999999999999995,6.75,4.154412003611784,2.666479778289795,3.4224839814007284,94.99277750651042,,0.06666667,0.0,0.06666667,4.0,4,0,0.0,0.35714286,87.33571515764508,0.642857142,2.25,0.0,1.0,0.0,0.2142857142857142,0.0,0.0,0,0.2,0.75,164.5269954633311,64.7327670660334,3.05735576297436,0.16666667,,0.18181818000000005,,0.0551760010421276,-0.0239645897481591,1,0,0,0,0,0,0,3
Brett de Geus,23592,676969,- - -,0.0497938602202339,,-0.24,7.147060226816895,4.800188807106339,3.784126958385082,4.584602154142201,98.11990356445312,,0.13461538,0.07692308,0.05769231,11.1,13,0,0.02631579,0.34210526,86.38378411370354,0.54054054,5.558824620857585,3.1764712119186203,1.75,0.0,0.3684210526315789,0.52380952,0.0,0,0.3111111111111111,1.58823560595931,176.57924455202223,93.7488422507496,4.190140322690516,0.28571429,,0.17241379,,-0.5463879816234112,-0.2467235489084989,7,4,3,0,0,0,0,9
Max Lazar,23426,676661,PHI,0.0469663813710212,,0.08,4.609756955357427,4.634786559589065,4.1908702128136675,3.616048218629361,93.5752734375,,0.16666667,0.03703704,0.12962963,13.2,11,0,0.04651163,0.44186047,93.58809407552084,0.428571428,5.926830371173835,1.3170734158164077,4.5,1.3170734158164077,0.2682926829268293,0.6557377,0.166666666,0,0.25,1.0975611798470064,110.00092135875732,101.22163110071185,3.8305974046820057,0.30392157,,0.17142857,,-0.0652759820222854,-0.0945277865002199,9,2,0,2,0,0,0,7
José Marte,21761,665896,LAA,0.0467343181371688,,0.45,2.3275865896137153,4.41719040808125,4.097514414135281,4.5982106737041715,96.75828071489724,,0.175,0.125,0.05,19.1,14,0,0.03636364,0.36363636,88.11818181818182,0.563636363,6.5172424509184035,4.655173179227431,1.4,0.4655173179227431,0.2407407407407407,0.80508475,0.066666666,0,0.2028985507246377,1.2413795144606483,57.2008465475366,98.79928426702077,4.624437834014892,0.25786164,,0.25179856,,0.335214227437973,0.7236427077530564,14,10,1,1,0,0,0,5
Xzavion Curry,25595,675540,- - -,0.0460269562900066,,0.12999999999999995,4.6406253803288875,5.022311374931287,4.78366741082865,5.039432405372924,92.1191985697686,,0.1627907,0.04069767,0.12209302,42.2,16,5,0.10948905,0.43065693,89.95036193402144,0.233576642,5.906250484054948,1.476562621013737,4.0,1.6875001383014137,0.2325581395348837,0.65088757,0.105263157,0,0.2303030303030303,1.0546875864383836,115.20019600159412,118.33005556672406,4.9550510933376035,0.26490066,,0.16307691999999996,,-0.1079440712928772,-0.6380290296615734,28,7,0,8,0,0,0,22
Steven Matz,13361,571927,STL,0.0448672585189342,,-0.19,5.0751881154910246,4.590897992326016,4.880765541744541,4.499301137680204,,,0.17368421,0.07894737,0.09473684,44.1,12,7,0.07857143,0.30714286,87.63503649635037,0.401459854,6.699248312448152,3.0451128692946146,2.2,1.4210526723374868,0.3157894736842105,0.67615658,0.142857142,0,0.2832369942196532,1.4436090639618913,125.7901797408149,122.26012883861212,4.62816840826016,0.27377522,,0.16758242,,-0.2269638776779174,0.0658071152084369,33,15,2,7,0,0,0,25
Shaun Anderson,19453,641312,- - -,0.0448561944067478,,-0.63,8.265306765911085,6.5822627900114785,4.697092142347403,4.80877951642954,91.35446909311656,,0.11764706,0.01176471,0.10588235,16.1,6,2,0.10958904,0.4109589,91.62083435058594,0.347222222,5.510204510607389,0.5510204510607389,10.0,1.653061353182217,0.4428571428571428,0.53459119,0.111111111,0,0.4096385542168674,2.1428573096806516,199.18213324739705,114.76291470612485,4.591183178031453,0.23404255,,0.09599999999999997,,-0.7647079713642597,-0.6868563224025204,10,1,1,3,0,0,0,15
Héctor Neris,11804,593576,- - -,0.0435256138443946,,-0.18,4.095505969058774,4.211544062818939,4.278839424206993,4.233410710484566,93.1996174291237,,0.24615385,0.10769231,0.13846154,59.1,62,0,0.09036145,0.40361446,88.64812622070312,0.4,9.707866000731908,4.2471913753202095,2.28571429,1.2134832500914885,0.2974683544303797,0.73170732,0.119402985,18,0.2391304347826087,1.3988765244110215,101.51728923484808,106.53373190023014,3.893394283503193,0.32053743,,0.24171540000000002,,0.6155198812484741,0.6218316957279775,64,28,2,8,0,0,0,27
Jackson Jobe,30203,695549,DET,0.0416949167847633,,0.13,0.0,2.4499744185682455,2.916479778289795,4.806490286067128,97.07987015335648,,0.125,0.0625,0.0625,4.0,2,0,0.0,0.30769231,88.125,0.416666666,4.5,2.25,2.0,0.0,0.0769230769230769,1.0,0.0,0,0.0666666666666666,0.5,0.0,70.64934299791337,4.8455728340148925,0.15,,0.09523809999999999,,0.1493080407381057,0.047332871751934,2,1,0,0,0,0,0,0
Scott Barlow,14993,605130,CLE,0.0411704443395137,,0.18,4.2545466348950844,4.128962073735813,4.021025469914021,3.7849592492859414,91.61439165609136,,0.28215768,0.12863071,0.15352697,55.0,63,0,0.05797101,0.32608696,86.18623329936594,0.471014492,11.12727581434099,5.072728680067216,2.19354839,0.981818454206558,0.2878787878787879,0.73654391,0.139534883,2,0.2135922330097087,1.3636367419535529,107.04845536023238,99.41760754636474,3.703791391550816,0.27319588,,0.31944444000000005,,0.2130302339792251,0.2331695127392668,68,31,4,6,0,0,0,26
Jordan Lyles,7593,543475,KCR,0.0411098673939704,,0.17,0.0,4.293668968815943,3.166479778289795,5.585693228244782,90.8121980365954,,0.15789474,0.10526316,0.05263158,5.0,5,0,0.14285714,0.64285714,93.1499982561384,0.428571428,5.4,3.6,1.5,0.0,0.1428571428571428,1.0,0.0,0,0.1176470588235294,0.8,0.0,77.16433430636825,5.096152904853738,0.33333333,,0.28947367999999996,,0.0090600568801164,0.1712646479850384,3,2,0,0,0,0,0,0
Kyle Tyler,22092,667725,MIA,0.0399985052645206,,0.16,5.400000433670882,6.20793830561143,5.029637822655772,4.724466283649064,,,0.17605634,0.12676056,0.04929578,31.2,8,7,0.08163265,0.45918367,88.68163190569196,0.5,7.105263728514318,5.115789884530309,1.38888889,1.136842196562291,0.351063829787234,0.73412698,0.142857142,0,0.3008130081300813,1.7368422447479444,129.20305797361974,123.28304466652844,5.108807935648359,0.28164557,,0.23921568999999998,,-0.3242659717798233,0.2702339804952866,25,18,1,4,0,0,0,19
Josh Walker,23617,677020,NYM,0.0397505983710289,,-0.01,5.108109029738019,4.0962075101600846,3.896209639680941,4.558489571640776,94.42600866866438,,0.2,0.10909091,0.09090909,12.1,10,0,0.07894737,0.36842105,86.226318359375,0.47368421,8.027028475302602,4.378379168346874,1.83333333,0.7297298613911456,0.3243243243243243,0.68181818,0.071428571,0,0.2653061224489796,1.5405408184924183,128.1260501251866,96.5365742109501,4.370985612777636,0.30630631,,0.21782177999999996,,-0.1151421889662742,-0.2224113373331128,11,6,0,1,0,0,0,7
Colin Selby,24986,681882,- - -,0.0396155416965484,,0.2,2.57142892175796,3.3036739687727823,3.880765589889229,4.74477051115591,95.1881595734627,,0.17857143,0.14285714,0.03571429,7.0,5,0,0.0,0.44444444,90.07777913411458,0.611111111,6.4285723043948995,5.14285784351592,1.25,0.0,0.1666666666666666,0.625,0.0,0,0.1304347826086956,1.0000001362392066,62.0688314104689,95.1169345427178,4.714018617467137,0.23214286,,0.18181818000000005,,0.0809940285980701,0.02065772615034,5,4,1,0,0,0,0,2
Alek Manoah,26410,666201,TOR,0.0390473008155822,,-0.34,3.6986303302623975,4.0675633384005465,5.180178513654878,4.186653542613429,93.2358443233945,,0.25242718,0.0776699,0.17475728,24.1,5,5,0.10769231,0.35384615,88.6123046875,0.353846153,9.616438858682232,2.958904264209918,3.25,1.8493151651311988,0.2,0.59090909,0.185185185,0,0.1868131868131868,1.0273973139617771,92.5188828393783,125.22347452733898,3.841255264010449,0.2565445,,0.26344086,,-0.4270919561386108,-0.2096093014485453,26,8,4,5,2,0,0,10
José Quijada,19200,650671,LAA,0.038644466549158,,0.28,3.2586212254592017,4.97525313903597,4.304410999878723,5.352558668957315,93.9873974336592,,0.28571429,0.20238095,0.08333333,19.1,22,0,0.04878049,0.3902439,90.66499633789064,0.2,11.172415630145837,7.913794404686633,1.41176471,0.4655173179227431,0.275,0.74324324,0.045454545,0,0.1846153846153846,1.50000024663995,80.08118516655124,103.87995688255998,5.020388382121952,0.26388889,,0.30285713999999997,,0.167644053697586,0.1160886993465335,24,17,2,1,0,0,0,7
Enrique Hernández,10472,571771,LAD,0.0381587781012058,,0.02,4.153846458570514,7.512246952640072,3.166479778289795,5.60895507521173,51.883626302083336,,0.0,0.0,0.0,4.1,4,0,0.05555556,0.44444444,91.76666937934029,0.111111111,0.0,0.0,0.0,0.0,0.2777777777777778,0.6,0.0,0,0.2777777777777778,1.1538462384918091,101.24738925105255,76.07960311597371,7.052692043064596,0.13636364,,0.0,,0.000365945190424,,0,0,0,0,0,0,0,2
David Buchanan,11176,571527,CIN,0.0373359099030494,,0.1,2.70000025749209,3.667157368960658,4.366479892730725,7.541697848609026,,,0.07142857,0.14285714,-0.07142857,3.1,1,0,0.0,0.27272727,87.29999889026989,0.272727272,2.70000025749209,5.40000051498418,0.5,0.0,0.1818181818181818,0.75,0.0,0,0.1666666666666666,1.200000114440929,62.408011922608,102.18200553771084,7.450412749289292,0.14814815,,0.18181818000000005,,-0.0104099866002798,-0.0779288983327815,1,2,0,0,0,0,0,1
José Ureña,11589,570632,TEX,0.0370343439280986,,0.39,3.7981655363904134,4.404389297064579,4.616021214883237,4.605314177893282,96.55922564338236,,0.1511879,0.08423326,0.06695464,109.0,33,9,0.07714286,0.39714286,89.03400238652738,0.501440922,5.779817120594108,3.2201838243310026,1.79487179,1.0733946081103345,0.2729970326409495,0.74730354,0.117117117,1,0.25,1.321101056135796,95.77888019622178,112.18289825174882,4.656870711690918,0.24914676,,0.20338983,,0.933530420064926,0.1616839516892305,70,39,4,13,3,0,0,46
Tyler Duffey,13758,608648,KCR,0.036478828638792,,-0.02,5.0000015894577,5.405100895231046,3.944257803316548,5.79226866505455,91.09365787146228,,0.23809524,0.19047619,0.04761905,9.0,9,0,0.13043478,0.52173913,89.12174125339673,0.304347826,10.0000031789154,8.000002543132318,1.25,0.0,0.3043478260869565,0.6875,0.0,0,0.2121212121212121,1.6666671964858997,120.6894163327522,96.57279000005217,5.303667852397498,0.19191919,,0.22535211,,-0.1773119568824768,-0.1717755737410916,10,8,1,0,0,0,0,5
Kenta Maeda,18498,628317,DET,0.0329555422067642,,-1.66,6.089021253989345,4.362960629196611,4.964699505345128,4.505007803915084,90.94767141124429,,0.19793814,0.06391753,0.13402062,112.1,29,17,0.08215297,0.35977337,88.39376770538243,0.363636363,7.691395268197066,2.4836797220219693,3.09677419,1.7626114156284944,0.3081570996978852,0.61919505,0.141935483,0,0.2761692650334075,1.379822067789983,151.0187811815123,121.56075046955182,4.225623346265229,0.31237721,,0.22282608999999998,,-2.693677991628647,-1.0951280257569147,96,31,5,22,2,0,0,76
Will Klein,27787,694361,- - -,0.032063603401184,,-0.35,11.045456460685116,7.68470394718383,3.711934418323627,5.567581420447352,97.0912203501506,,0.18421053,0.15789474,0.02631579,7.1,8,0,0.08,0.4,91.40833028157552,0.375,8.590910580532869,7.363637640456744,1.16666667,0.0,0.48,0.5,0.0,0,0.375,2.454545880152248,276.90506825470254,92.46061799933032,5.364639046974672,0.17567568,,0.21153845999999998,,-0.2667620293796062,-0.1150597790587508,7,6,0,0,0,0,0,9
Nick Pratto,22117,668472,KCR,0.0296333022415637,,0.04,0.0,2.590274909570445,1.166479778289795,2.6784881845116617,78.68641764322916,,0.25,0.0,0.25,1.0,1,0,0.0,0.33333333,82.53333536783855,0.333333333,9.0,0.0,1.0,0.0,0.3333333333333333,1.0,0.0,0,0.25,1.0,0.0,27.256892673477335,2.7268540840148927,0.375,,0.28571429000000004,,6.20000137132e-05,,1,0,0,0,0,0,0,0
Carson Spiers,27685,686730,CIN,0.029397577047348,,-0.05,5.459559206370691,4.821141045992222,5.328244635761826,4.6452273218562095,92.37394766971984,,0.19512195,0.06585366,0.12926829,90.2,22,10,0.10402685,0.38926174,88.87610988161263,0.350340136,7.941177027448277,2.6801472467637937,2.96296296,1.9852942568620693,0.3309352517985611,0.73275862,0.152671755,0,0.2962962962962963,1.5330883427990425,126.19266798138982,124.31338223788634,4.280270218895467,0.28028169,,0.19512195,,-0.7938438253477216,0.7016607074660852,80,27,5,20,2,0,0,55
Dakota Hudson,19206,641712,COL,0.0292194448411464,,-0.78,6.168539854631733,5.9981236690490185,5.526030542356578,5.414308507470654,90.18636976522842,,0.12128713,0.12376238,-0.00247525,89.0,18,18,0.06333333,0.42,89.8736473289696,0.523489932,4.955056604540244,5.056180208714535,0.98,1.1123596459171978,0.3044982698961938,0.63492063,0.125,0,0.2836676217765043,1.6741574468854794,131.51105465987078,128.60550865699406,5.724704456277394,0.21750663,,0.16507936999999995,,-1.7173359394073486,-0.7835679640519442,49,50,5,11,4,0,0,61
Austin Davis,17117,656354,SDP,0.0288878418505191,,-0.25,9.00000122615286,3.824017592830903,4.452194239168776,5.748201621068798,,,0.18181818,0.15151515,0.03030303,7.0,7,0,0.0,0.35,81.65789473684211,0.47368421,7.714286765273879,6.4285723043948995,1.2,0.0,0.3,0.38461538,0.0,0,0.2307692307692307,1.5714287855187532,226.77909207387867,110.33499510234132,5.1931588393623835,0.2,,0.16363636000000004,,-0.1044579446315765,-0.3484604688985775,6,5,2,0,0,0,0,7
Daniel Lynch IV,21537,663738,KCR,0.0286890715360641,,0.81,3.323077166856411,3.782905019832799,4.412633715860949,4.3223662916590815,92.97948306074768,,0.22413793,0.08045977,0.14367816,43.1,16,3,0.09401709,0.47863248,90.21196622930022,0.461538461,8.100000594212503,2.9076925209993596,2.78571429,1.246153937571154,0.2072072072072072,0.77720207,0.122448979,1,0.1858974358974359,0.9923077651029562,80.21202324059564,108.26051175883302,3.8948522598163895,0.25649351,,0.27491409,,0.4775079935789108,-0.039118590205992,39,14,4,6,0,0,0,16
Nick Avila,25667,687014,SFG,0.0266631208360195,,-0.3,8.485714748149041,7.659866116079898,3.766479810987202,3.611519902503974,94.99170547876602,,0.25454545,0.05454545,0.2,11.2,8,0,0.13157895,0.65789474,94.58648516680744,0.243243243,10.800000588553324,2.314285840404284,4.66666667,1.542857226936189,0.4166666666666667,0.46511628,0.125,0,0.3269230769230769,1.714285807706877,210.85345603504115,96.33697497606629,3.3417591671744096,0.28828829,,0.21052632000000004,,-0.176441952586174,-0.4516887904043376,14,3,0,2,0,0,0,11
Diego Castillo,17496,650895,MIN,0.0260580740869045,,0.21,2.70000025749209,3.9216670946429746,4.366479892730724,6.18089015323261,96.71319986979168,,0.13953488,0.18604651,-0.04651163,10.0,7,0,0.0,0.37931034,89.00344322467673,0.517241379,5.40000051498418,7.2000006866455735,0.75,0.0,0.2758620689655172,0.8125,0.0,0,0.2285714285714285,1.600000152587905,66.62885876930112,106.78960841608183,6.351319673193259,0.15853659,,0.17105263000000004,,0.0141901196911931,0.0442586414435156,6,8,0,0,0,0,0,3
Caleb Boushley,19736,676961,MIN,0.0248024091124534,,0.03,4.5,6.979161813847859,4.166479778289795,6.812494489178062,92.54239654541016,,0.05,0.1,-0.05,4.0,2,0,0.11764706,0.41176471,85.94117647058823,0.411764705,2.25,4.5,0.5,0.0,0.3529411764705882,0.75,0.0,0,0.3333333333333333,2.0,111.04808735846332,101.81373426562006,6.379034084014893,0.28571429,,0.06451613,,0.0251319650560617,0.1263805136761891,1,2,0,0,0,0,0,2
Dylan Dodd,29928,689266,ATL,0.0244982875883579,,-0.06,9.0,4.1816974932138,2.666479778289795,3.4224839814007284,93.49198695591518,,0.22222222,0.11111111,0.11111111,2.0,1,0,0.0,0.33333333,92.51666259765624,0.5,9.0,4.5,2.0,0.0,0.6666666666666666,0.6,0.0,0,0.5,2.5,217.2154553602903,67.5386151078844,3.82435871506704,0.27777778,,0.13333333000000003,,-0.0884800031781196,-0.2401900772936652,2,1,0,0,0,0,0,2
Gavin Hollowell,25427,668970,CHC,0.0216892398893833,,0.05,0.0,1.4926967878779636,1.6664794206618412,1.6664794206618412,94.226318359375,,0.16666667,0.0,0.16666667,1.1,1,0,0.0,0.2,91.6999969482422,1.0,6.750001609325793,0.0,1.0,0.0,0.4,1.0,0.0,0,0.3333333333333333,1.500000357627954,0.0,42.76861549144481,0.5565624287025595,0.2,,0.23076923000000005,,0.0058320094831287,0.0358735489201336,1,0,0,0,0,0,0,0
Leo Rivas,21009,660844,SEA,0.0214248187839984,,0.0,0.0,6.485025946668349,3.166479778289795,7.702504996955395,46.37631530761719,,0.0,0.0,0.0,2.0,2,0,0.11111111,0.44444444,91.82222493489584,0.222222222,0.0,0.0,0.0,0.0,0.2222222222222222,0.5,0.0,0,0.2222222222222222,1.0,0.0,80.32609409412875,8.02791426623504,0.38461538,,0.0,,-6.19893908151e-05,,0,0,0,0,0,0,0,0
Forrest Whitley,19586,666215,HOU,0.0201078746467828,,0.0,0.0,6.0679485538646105,3.7664800071717184,4.67368539697623,97.53717719184029,,0.25,0.15,0.1,3.1,3,0,0.09090909,0.45454545,93.1636408025568,0.454545454,13.500005149843274,8.100003089905965,1.66666667,0.0,0.4545454545454545,0.77777778,0.0,0,0.3125,2.400000915527693,0.0,92.28591486802311,4.281521584014893,0.18367347,,0.17948717999999997,,0.0115839894860982,0.1958406094008998,5,3,1,0,0,0,0,0
Marc Church,26353,687847,TEX,0.0183690171688795,,0.03,0.0,4.1429379445172865,1.166479778289795,2.6784881845116617,96.6734619140625,,0.25,0.0,0.25,1.0,1,0,0.0,0.33333333,93.2999979654948,0.333333333,9.0,0.0,1.0,0.0,0.3333333333333333,1.0,0.0,0,0.25,1.0,0.0,26.979626722062715,2.7268540840148927,0.25,,0.28571429000000004,,0.00322603341192,0.040582825451794,1,0,0,0,0,0,0,0
Tyler Heineman,13897,623168,TOR,0.017542365938425,,0.02,0.0,2.285432720368834,3.166479778289795,4.678488184511662,59.11330032348633,,0.0,0.0,0.0,1.0,1,0,0.0,0.0,73.25,0.25,0.0,0.0,0.0,0.0,0.25,1.0,0.0,0,0.25,1.0,0.0,75.83794246431768,6.034729084014892,0.6,,0.0,,3.79999983124e-05,,0,0,0,0,0,0,0,0
Ian Gibaut,17871,664139,CIN,0.0168538819998502,,0.01,4.5,17.33715703679825,3.666479778289795,5.934492387622595,93.68226533777572,,0.1,0.1,0.0,2.0,2,0,0.0,0.5,94.4250030517578,0.125,4.5,4.5,1.0,0.0,0.375,0.75,0.0,0,0.3333333333333333,2.0,104.0133432848603,86.07415137159367,6.1139290840148925,0.25,,0.05263158000000001,,0.0507359765470027,0.1325719210907871,1,1,0,0,0,0,0,1
Jacob Barnes,12323,606930,WSN,0.0165776275098323,,0.08,4.363637372482155,4.885627057320803,4.378601270645949,4.172914060654222,95.46886882129276,,0.19855596,0.07220217,0.12635379,66.0,63,0,0.06435644,0.41584158,89.0193088644802,0.376237623,7.500001733953703,2.7272733578013466,2.75,1.3636366789006733,0.296875,0.69863014,0.129870129,0,0.2607003891050584,1.3181821229373176,105.83721567612112,107.21007377580352,4.015884338938589,0.29649123,,0.22404371999999995,,-0.8589017391204834,-0.2469925493080622,55,20,0,10,0,0,0,32
Kyle Farmer,14813,571657,MIN,0.0165270026773214,,-0.02,6.75,5.849859119321473,3.916479778289795,5.806490286067128,41.35568907202744,,0.0,0.05263158,-0.05263158,4.0,3,0,0.05555556,0.38888889,84.63888888888889,0.611111111,0.0,2.25,0.0,0.0,0.3888888888888889,0.625,0.0,0,0.3888888888888889,2.0,166.57213103769496,95.59389513656367,5.419127967443291,0.43478261,,0.0,,0.000183999974979,,0,1,0,0,0,0,0,3
Donovan Walton,19314,622268,SFG,0.0164330098778009,,0.03,0.0,1.6143297178990774,3.166479778289795,7.702504996955395,,,0.0,0.0,0.0,1.0,1,0,0.0,0.4,86.5,0.2,0.0,0.0,0.0,0.0,0.4,1.0,0.0,0,0.4,2.0,0.0,81.28640022625925,7.741129084014893,0.0,,0.16666667000000002,,0.0001540000084787,0.067000010700897,0,0,0,0,0,0,0,0
J.B. Bukauskas,20491,656266,MIL,0.0162214208394289,,0.19,1.50000047683731,7.170163815114796,3.8331466568841552,2.9264867071829412,,,0.27272727,0.04545455,0.22727273,6.0,6,0,0.26666667,0.53333333,94.16666666666669,0.466666666,9.000002861023859,1.50000047683731,6.0,1.50000047683731,0.1428571428571428,1.0,0.2,0,0.1428571428571428,0.6666668785943599,36.652585041196645,94.25711695195712,2.775125782453653,0.35416667,,0.35,,0.1035680547356605,-0.0668031889118683,6,1,0,1,0,0,0,1
Adam Kloffenstein,24493,680572,STL,0.0161979384720325,,0.08,0.0,1.6385417116438048,3.166479778289795,6.190496590733528,,,0.0,0.0,0.0,1.0,1,0,0.0,0.33333333,81.86666870117188,0.333333333,0.0,0.0,0.0,0.0,0.0,1.0,0.0,0,0.0,0.0,0.0,79.96011252456076,7.347395748822226,0.16666667,,0.0,,0.1179440170526504,-0.0001487610200002,0,0,0,0,0,0,0,0
Austin Adams,13801,613534,OAK,0.0161708183586597,,0.52,3.919356044448128,3.9981214305318344,4.472931793105837,4.64152042180829,93.60516906415344,,0.27748691,0.12041885,0.15706806,41.1,56,0,0.04901961,0.31372549,85.14356435643565,0.366336633,11.540326130875044,5.00806605679483,2.30434783,0.8709680098773618,0.3469387755102041,0.78947368,0.102564102,0,0.2451612903225806,1.4758069056255296,101.17802767750888,113.3523239459716,3.709793866030554,0.22622108,,0.31437126000000004,,-0.9400957822799684,-0.379532849389487,53,23,13,4,0,0,0,18
Ryan Yarbrough,16502,642232,- - -,0.0157612264156341,,1.33,3.192567835004793,4.254364604995161,4.636074495990414,4.841786417330351,86.80164761673151,,0.16331658,0.08040201,0.08291457,98.2,44,0,0.06228374,0.29411765,86.01459283251779,0.407801418,5.929054550723187,2.918919163432953,2.03125,1.0033784624300777,0.2122302158273381,0.79107505,0.101851851,1,0.1977401129943503,1.0337838703825044,78.22547330261989,110.61143630147843,4.5293143778992135,0.25541126,,0.19999999999999996,,0.7842363342642784,-0.0653481119197698,65,32,12,11,0,0,0,35
Chasen Shreve,10855,592741,COL,0.0156656149774789,,0.09,0.0,7.53775646520876,3.166479778289795,3.166479778289795,89.29976399739583,,0.0,0.0,0.0,1.0,1,0,0.0,1.0,102.9499969482422,1.0,0.0,0.0,0.0,0.0,0.25,1.0,0.0,0,0.25,1.0,0.0,74.41857362525921,-1.1832709159851076,0.16666667,,0.0,,0.0830240100622177,0.0084859797374588,0,0,0,0,0,0,0,0
Orlando Ribalta,26247,687377,WSN,0.0144150769338011,,-0.14,13.500005149843274,6.155002556172156,4.06648012161268,6.334493596123959,95.9581271701389,,0.13043478,0.08695652,0.04347826,3.1,4,0,0.0,0.35294118,90.40000287224264,0.294117647,8.100003089905965,5.400002059937309,1.5,0.0,0.5882352941176471,0.61538462,0.0,0,0.5,3.6000013732915397,327.4339352034577,99.69488208046644,5.063560841004517,0.26666667,,0.28301887000000003,,0.0010660158004611,0.2287953676709476,3,2,1,0,0,0,0,5
Tyler Fitzgerald,26208,666149,SFG,0.0141775105148553,,-0.06,9.0,4.2659045307017625,3.1664797782897955,6.694499392807485,59.225490993923614,,0.0,0.0,0.0,3.0,3,0,0.07142857,0.42857143,90.88571602957587,0.214285714,0.0,0.0,0.0,0.0,0.4285714285714285,0.5,0.0,0,0.4285714285714285,2.0,223.63244118349655,81.28640022625925,7.092933161997954,0.26666667,,0.0,,-5.39701031812e-05,,0,0,0,0,0,0,0,3
Phil Bickford,18519,641360,NYY,0.0140310060232877,,-0.25,8.640002307129523,2.745415905958032,4.006480002594055,4.623772272388361,93.2606677039195,,0.15384615,0.02564103,0.12820513,8.1,8,0,0.06451613,0.41935484,91.39999494881464,0.413793103,6.4800017303471416,1.0800002883911903,6.0,1.0800002883911903,0.3,0.28301887,0.083333333,0,0.2702702702702703,1.3200003524781214,217.267248592383,96.03458795081914,4.08625571609447,0.22058824,,0.25806452,,-0.1256079971790313,-0.3661519150203123,6,1,1,1,0,0,0,8
Isaac Mattson,20385,676755,PIT,0.0131060425192117,,0.01,5.062500301748532,5.489907545621065,4.291479845345025,5.14198462453886,93.98570033482144,,0.26086957,0.2173913,0.04347826,5.1,3,0,0.09090909,0.27272727,83.28181596235795,0.545454545,10.125000603497064,8.43750050291422,1.2,0.0,0.0909090909090909,0.57142857,0.0,0,0.0588235294117647,1.1250000670552294,120.47876370363122,105.93241246284155,5.375277284644407,0.26415094,,0.21739129999999995,,0.0056099845096468,-0.0721058233840639,6,5,1,0,0,0,0,3
Adam Oller,20132,670124,MIA,0.0126355309039354,,0.23,5.314960789566665,4.574995599578604,5.316086142070091,5.238050412817509,93.97574646832192,,0.19047619,0.11640212,0.07407407,42.1,8,8,0.08527132,0.3875969,90.44567390501967,0.390625,7.653543536975997,4.677165494818665,1.63636364,1.488189021078666,0.2950819672131147,0.73426573,0.120689655,0,0.2606060606060606,1.5354331169859252,127.16835775420068,130.20239767227383,5.077430387171862,0.24860335,,0.19672131000000004,,-0.0846538543701171,0.3070664972739735,36,22,2,7,1,0,0,25
Spencer Strider,27498,675911,ATL,0.0124232787638902,,-0.09,7.0,4.188773356600146,5.0553686671786835,4.014490052560966,96.99991414835164,,0.28571429,0.11904762,0.16666667,9.0,2,2,0.12,0.36,87.012001953125,0.4,12.0,5.0,2.4,2.0,0.3478260869565217,0.6557377,0.181818181,0,0.2702702702702703,1.6666666666666667,168.94535416911464,126.41125373595206,3.9745850998094783,0.3,,0.32967033,,-0.323030024766922,-0.2335908792330807,12,5,0,2,0,0,0,7
Josh Maciejewski,21310,656671,NYY,0.0118892015889287,,0.1,2.5714285714285716,3.827308763046711,3.8807654925755095,2.887627438988005,90.75949928977272,,0.25925926,0.07407407,0.18518519,7.0,4,0,0.05555556,0.38888889,86.41110568576389,0.555555555,9.0,2.5714285714285716,3.5,1.2857142857142858,0.1764705882352941,0.86956522,0.25,0,0.16,0.8571428571428571,64.66285433802634,92.96438795563152,2.9462434895907856,0.36842105,,0.28,,-0.0056760078296065,-0.5325821571989464,7,2,0,1,0,0,0,2
Noah Davis,25862,663562,COL,0.0099621145054697,,-0.18,5.7540987204941745,4.324929204633502,4.641889706621634,4.80596686643379,93.9127705891927,,0.15625,0.07291667,0.08333333,20.1,9,0,0.05405405,0.33783784,88.11370264340754,0.424657534,6.639344677493279,3.098360849496863,2.14285714,1.3278689354986557,0.3943661971830985,0.68047337,0.107142857,0,0.348314606741573,1.868852575886997,122.67531850037454,108.30126992033716,4.511212474555768,0.22699387,,0.14917126999999997,,-0.054149892181158,0.1815625227850878,15,7,0,3,0,0,0,13
Trevor McDonald,26448,686790,SFG,0.0091689396649599,,0.09,0.0,1.674388475661558,3.499813111623129,4.003815913697085,93.75360107421876,,0.1,0.1,0.0,3.0,1,0,0.0,0.125,85.3375015258789,0.875,3.0,3.0,1.0,0.0,0.0,1.0,0.0,0,0.0,0.3333333333333333,0.0,89.64783018715691,3.0836090840148924,0.35,,0.050000000000000044,,0.0075420010834932,0.0208993603255683,1,1,0,0,0,0,0,0
Matt Wallner,26466,670242,MIN,0.0074460883624851,,0.05,0.0,9.142090375090367,3.166479778289795,5.4344929283590675,78.34089660644531,,0.0,0.0,0.0,1.1,1,0,0.0,0.5,88.9500020345052,0.166666666,0.0,0.0,0.0,0.0,0.3333333333333333,1.0,0.0,0,0.3333333333333333,1.500000357627954,0.0,76.93437774939457,6.554395748056225,0.33333333,,0.0,,2.60043143498e-05,,0,0,0,0,0,0,0,0
Willi Castro,17338,650489,MIN,0.0074249668978154,,0.05,0.0,9.187274538758595,3.166479778289795,5.4344929283590675,75.14234924316406,,0.0,0.0,0.0,1.1,2,0,0.0,0.5,95.9250030517578,0.5,0.0,0.0,0.0,0.0,0.0,1.0,0.0,0,0.0,0.0,0.0,76.93437774939457,6.034729084014892,0.14285714,,0.0,,6.40106227365e-05,,0,0,0,0,0,0,0,0
Gordon Graceffo,29519,700669,STL,0.0070554129779338,,0.01,4.695652563315065,4.774768638967,4.0795233322677245,4.356056058967738,93.53343023255816,,0.19354839,0.06451613,0.12903226,7.2,2,1,0.13043478,0.39130435,88.9090909090909,0.409090909,7.043478844972598,2.3478262816575324,3.0,1.1739131408287662,0.2727272727272727,0.65789474,0.1,0,0.2413793103448276,1.1739131408287662,116.38326826485984,102.48947026178692,4.172589884571093,0.33333333,,0.19642857000000002,,-0.1130280115175992,-0.3148022496435839,6,2,0,1,0,0,0,4
Keider Montero,22630,672456,DET,0.0068048238754272,,0.23,4.759322326230596,5.4981610744625815,5.149530747552543,4.32906552445607,94.74290646530513,,0.1868932,0.07524272,0.11165049,98.1,19,16,0.07641196,0.3654485,89.12938928091398,0.392026578,7.047458059995305,2.83728830986824,2.48387097,1.7389831576611794,0.2872340425531915,0.74487896,0.172727272,0,0.2645502645502645,1.3322034716585642,118.0398338216348,126.15499324595518,4.4912172000269965,0.26315789,,0.18686130999999995,,-0.8020457625389099,-0.1370463505315251,77,31,3,19,4,1,1,52
Danny Mendick,18889,664901,CHW,0.0067048743367195,,0.04,0.0,3.0569258630517697,3.166479778289795,4.678488184511662,56.74022674560547,,0.0,0.0,0.0,1.0,1,0,0.0,0.5,90.3499984741211,0.75,0.0,0.0,0.0,0.0,0.5,1.0,0.0,0,0.5,2.0,0.0,74.80960530346626,3.655729084014893,0.36363636,,0.0,,6.0000020312e-06,,0,0,0,0,0,0,0,0
Evan Kravetz,27536,667478,CIN,0.0065431576222181,,0.03,0.0,1.719548468741501,3.1664797782897955,3.1664797782897955,90.90179443359376,,0.0,0.0,0.0,0.2,1,0,0.0,0.5,94.4499969482422,1.0,0.0,0.0,0.0,0.0,0.0,1.0,0.0,0,0.0,0.0,0.0,74.5685431339564,-1.1832709159851076,0.0,,0.0,,-0.0038099989760667,-0.0256891141870367,0,0,0,0,0,0,0,0
Luis Ortiz,16942,656814,PHI,0.0064874454401433,,-0.12,27.000028163224034,11.265691935850793,3.1664797782897955,3.1664797782897955,,,0.0,0.0,0.0,0.2,1,0,0.0,0.75,95.8000030517578,0.75,0.0,0.0,0.0,0.0,0.75,0.33333333,0.0,0,0.75,4.500004693870673,644.2916629726636,76.9092280628294,1.5437290840148925,0.8,,0.25,,-0.0122980009764432,0.038621327740285,0,0,0,0,0,0,0,2
Ernie Clement,20352,676391,TOR,0.0064117237925529,,-0.03,9.0,9.747228639117742,3.166479778289795,6.190496590733528,74.18569946289062,,0.0,0.0,0.0,1.0,1,0,0.0,0.4,92.1,0.4,0.0,0.0,0.0,0.0,0.4,0.5,0.0,0,0.4,2.0,225.12926981143625,75.83794246431768,6.034729084014892,0.125,,0.0,,3.79999983124e-05,,0,0,0,0,0,0,0,1
Miguel Rojas,7802,500743,LAD,0.0061801243573427,,0.03,0.0,8.038950704794642,3.166479778289795,4.678488184511662,63.243751525878906,,0.0,0.0,0.0,1.0,1,0,0.25,0.5,88.5250015258789,0.5,0.0,0.0,0.0,0.0,0.25,1.0,0.0,0,0.25,1.0,0.0,76.07960311597371,5.152729084014893,0.33333333,,0.0,,0.0002000260283239,,0,0,0,0,0,0,0,0
Weston Wilson,19358,642215,PHI,0.005947982892394,,0.03,0.0,2.779179991631882,3.166479778289795,6.190496590733528,44.40511322021485,,0.0,0.0,0.0,1.0,1,0,0.0,0.0,85.9000015258789,0.5,0.0,0.0,0.0,0.0,0.25,1.0,0.0,0,0.25,1.0,0.0,76.9092280628294,6.034729084014892,0.25,,0.0,,0.0,,0,0,0,0,0,0,0,0
Brandon Eisert,27668,685126,TOR,0.0058552725240588,,0.02,4.050000386238135,4.817098921584316,4.366479892730725,5.9540888706698745,91.16976318359374,,0.07692308,0.15384615,-0.07692308,6.2,3,0,0.05,0.3,86.40499877929688,0.55,2.70000025749209,5.40000051498418,0.5,0.0,0.25,0.66666667,0.0,0,0.2272727272727272,1.350000128746045,101.30818107664732,105.26768937062808,6.47462257607748,0.29032258,,0.14,,0.0630459859967231,0.109946686277084,2,4,0,0,0,0,0,3
Nick Loftin,27630,679845,KCR,0.0055112750269472,,0.03,0.0,14.039698366650653,3.166479778289795,3.166479778289795,56.32548904418945,,0.0,0.0,0.0,1.0,1,0,0.0,0.33333333,79.33333333333333,0.666666666,0.0,0.0,0.0,0.0,0.3333333333333333,1.0,0.0,0,0.3333333333333333,1.0,0.0,77.16433430636825,2.3160624232535594,0.25,,0.0,,0.0001379999885102,,0,0,0,0,0,0,0,0
Miguel Díaz,18815,622766,HOU,0.0054757329635322,,0.03,0.0,9.661773303177602,3.166479778289795,6.190496590733528,90.99163818359376,,0.0,0.0,0.0,1.0,1,0,0.33333333,0.66666667,96.06667073567708,0.333333333,0.0,0.0,0.0,0.0,0.0,1.0,0.0,0,0.0,0.0,0.0,77.289408459933,7.347395748822226,0.5,,0.14285714000000005,,0.0,,0,0,0,0,0,0,0,0
Tyler Jay,17952,664079,- - -,0.0051826672861352,,0.0,4.695652563315065,3.6316706058405654,3.949088538842306,5.132399563580578,92.10421316964286,,0.16666667,0.16666667,0.0,7.2,5,0,0.0,0.41666667,89.10434888756794,0.652173913,7.043478844972598,7.043478844972598,1.0,0.0,0.375,0.66666667,0.0,0,0.3,1.9565219013812771,117.7804569548554,97.50546735845994,5.2558818580042805,0.26865672,,0.19736842,,-0.013681998476386,-0.0563461500756425,6,6,0,0,0,0,0,4
Grae Kessinger,25813,666197,HOU,0.004953893367201,,0.03,0.0,5.667027939518544,3.166479778289795,6.190496590733528,74.62267511541194,,0.0,0.0,0.0,1.0,1,0,0.0,0.33333333,87.5,0.333333333,0.0,0.0,0.0,0.0,0.0,1.0,0.0,0,0.0,0.0,0.0,77.289408459933,7.347395748822226,0.25,,0.0,,0.0001000165939331,,0,0,0,0,0,0,0,0
Geoff Hartlieb,19558,664129,COL,0.0049495161511003,,-0.36,9.000000953674418,5.526449743193769,4.388702130023358,4.960268954440136,97.25115356445312,,0.15909091,0.09090909,0.06818182,9.0,5,0,0.09090909,0.36363636,88.1468734741211,0.40625,7.000000741746769,4.000000423855297,1.75,1.0000001059638242,0.375,0.44871795,0.083333333,0,0.325,1.888889089042779,191.87678855132037,102.48683313308736,4.707373186141713,0.35384615,,0.18421052999999998,,-0.194815918803215,-0.1860025629119791,7,4,0,1,0,0,0,9
Gerardo Reyes,16306,622103,OAK,0.0040582595393061,,-0.06,4.5,5.620534833544536,4.416479778289795,6.684492387622595,95.0901590983073,,0.11111111,0.16666667,-0.05555556,4.0,3,0,0.0,0.53846154,92.015380859375,0.307692307,4.5,6.75,0.66666667,0.0,0.3076923076923077,0.57142857,0.0,0,0.2666666666666666,1.75,116.16732937384856,111.89759989074317,6.660259938874583,0.23809524,,0.13157894999999997,,-0.0592579990625381,-0.072659053396873,2,3,0,0,0,0,0,2
Matt Mervis,27845,670223,CHC,0.0039754826575517,,-0.17,81.0000844896721,12.819098178462164,3.1664797782897955,5.434494753346566,82.74006652832031,,0.0,0.0,0.0,0.2,1,0,0.11111111,0.44444444,91.06667073567708,0.222222222,0.0,0.0,0.0,0.0,0.7777777777777778,0.14285714,0.0,0,0.7777777777777778,10.5000109523649,2000.2929151260416,79.62689567555682,5.718655010317633,0.25,,0.0,,0.0,,0,0,0,0,0,0,0,6
Casey Kelly,9174,543391,CIN,0.0033238676842302,,0.0,5.062500301748532,3.6508884569301503,4.666479867696768,4.496992466927331,90.85687255859376,,0.19047619,0.04761905,0.14285714,5.1,2,0,0.0625,0.375,88.43124389648438,0.375,6.750000402331376,1.687500100582844,4.0,1.687500100582844,0.2666666666666666,0.65217391,0.125,1,0.25,1.1250000670552294,117.01501817010644,109.08536990423144,3.992606634506484,0.4,,0.27906977,,-0.072843998670578,-0.185759731986455,4,1,0,1,0,0,0,3
Tucker Davidson,19871,656353,BAL,0.0031956520397216,,0.37,0.0,2.656094302372549,4.023622752209115,5.643631979584143,90.93521118164062,,0.05263158,0.10526316,-0.05263158,4.2,1,0,0.0,0.1875,84.61250305175781,0.5625,1.9285716913184696,3.85714338263694,0.5,0.0,0.25,1.0,0.0,0,0.2352941176470588,1.28571446087898,0.0,98.8657379986644,5.867316344489532,0.28125,,0.11764706000000003,,0.0574120059609413,0.0907692018564028,1,2,0,0,0,0,0,0
Walter Pennington,27624,679156,- - -,0.0023787934333086,,0.18,3.0000009636087333,5.154289005162281,4.1664800994927065,4.872266043180452,,,0.20238095,0.13095238,0.07142857,18.0,16,1,0.07407407,0.44444444,89.71538807795598,0.452830188,8.500002730224745,5.500001766616011,1.54545455,0.5000001606014556,0.3396226415094339,0.81699346,0.058823529,0,0.2676056338028169,1.666667202004852,75.65145071457344,101.08015278019494,4.66098409962111,0.24404762,,0.22666666999999996,,0.0227121040225029,0.0090751091423969,17,11,2,1,0,0,0,6
Miguel Sanó,12164,593934,LAA,0.0019474491709843,,0.01,0.0,0.3135291147855534,3.1664797782897955,3.1664797782897955,82.34489440917969,,0.0,0.0,0.0,0.1,1,0,0.0,0.0,83.30000305175781,1.0,0.0,0.0,0.0,0.0,0.0,1.0,0.0,0,0.0,0.0,0.0,75.9362574970943,-1.1832709159851076,1.0,,0.33333333,,0.0,,0,0,0,0,0,0,0,0
Jhonny Pereda,19802,640902,MIA,0.0018499523866921,,0.01,0.0,55.69964034131229,3.1664797782897955,3.1664797782897955,55.852099609375,,0.0,0.0,0.0,0.1,1,0,0.0,1.0,102.9000015258789,0.0,0.0,0.0,0.0,0.0,0.0,1.0,0.0,0,0.0,0.0,0.0,78.2772012361269,6.034729084014892,0.0,,0.0,,0.0,,0,0,0,0,0,0,0,0
Luis Torrens,15905,620443,NYM,0.0018022740259766,,0.01,0.0,2.4053210931205378,3.1664797782897955,3.1664797782897955,60.597269694010414,,0.0,0.0,0.0,0.1,1,0,0.0,1.0,97.0,1.0,0.0,0.0,0.0,0.0,0.0,1.0,0.0,0,0.0,0.0,0.0,78.79324785496993,-1.1832709159851076,0.5,,0.0,,6.20102873654e-05,,0,0,0,0,0,0,0,0
Keaton Winn,23499,676775,SFG,0.0015257716877385,,-1.08,7.156626670484122,5.54117687164893,4.847202708479248,4.071692062432718,96.17301872184684,,0.20168067,0.08403361,0.11764706,55.1,12,12,0.08433735,0.48192771,93.0673076923077,0.5,7.807229095073588,3.253012122947328,2.4,1.4638554553262977,0.2993630573248407,0.53412463,0.183673469,0,0.2616822429906542,1.3734940074666495,177.82821032880923,123.44614141962064,4.263202815941252,0.34074074,,0.23198198000000003,,-1.3696178197860718,-0.57656225642496,48,20,4,9,4,0,0,44
Alex Young,18333,622065,- - -,0.0008269399404525,,0.28,2.872341088495455,4.379483469700093,4.251586411721411,4.2327019119864175,88.33615112304688,,0.22058824,0.10294118,0.11764706,15.2,17,0,0.06521739,0.47826087,88.41522084111753,0.52173913,8.617023265486365,4.021277523893637,2.14285714,1.148936435398182,0.2954545454545454,0.88541667,0.117647058,0,0.2459016393442623,1.4042556432644446,72.04656677034095,104.97107134215118,3.999605163156587,0.29931973,,0.30081301000000005,,0.234540045261383,0.4341595456066177,15,7,0,2,0,0,0,5
Zac Kristofak,27585,670219,LAA,0.0004217818495817,,-0.04,0.0,6.558158189782693,4.166479778289795,4.922483981400728,93.24364516314338,,0.18181818,0.18181818,0.0,2.0,1,0,0.0,0.57142857,95.32856968470982,0.571428571,9.0,9.0,1.0,0.0,0.4285714285714285,0.6,0.0,0,0.3333333333333333,2.5,0.0,100.492837767778,5.278365444408439,0.25,,0.33333333,,-0.0247339997440576,-0.1106898104335909,2,2,0,0,0,0,0,0
Dylan Coleman,22276,669395,HOU,0.0002125312457792,,0.03,0.0,2.174668190992331,4.166479778289795,5.678488184511662,94.79739379882812,,0.25,0.25,0.0,1.0,1,0,0.0,0.5,93.1999969482422,0.5,9.0,9.0,1.0,0.0,0.0,1.0,0.0,0,0.0,1.0,0.0,102.28357627222782,6.2161040840148925,0.125,,0.19999999999999996,,0.0003579998156055,0.0331909022079955,1,1,0,0,0,0,0,0
Michael Stefanic,25353,683021,LAA,0.0001746188936522,,0.03,0.0,11.64005144336943,6.166479778289795,9.190496590733527,64.34112112862724,,0.0,0.0,0.0,1.0,1,0,0.0,0.25,84.9749984741211,0.0,0.0,0.0,0.0,0.0,0.25,1.0,0.0,0,0.25,1.0,0.0,149.60599830914546,7.741129084014893,0.125,,0.14285714000000005,,0.0,,0,0,1,0,0,0,0,0
Carl Edwards Jr.,13607,605218,SDP,0.0,,0.0,0.0,25.41374436468965,9.166479778289794,9.166479778289794,91.39786783854169,,0.0,0.66666667,-0.66666667,0.0,1,0,0.0,1.0,98.3000030517578,1.0,0.0,18.0,0.0,0.0,1.0,1.0,0.0,0,1.0,3.0,0.0,225.25380855876796,,0.22222222,,0.25,,-0.2727560102939605,-0.0036294549439115,0,2,0,0,0,0,0,0
Wander Suero,15855,593833,HOU,0.0,,0.0,0.0,,3.166479778289795,3.166479778289795,,,0.0,0.0,0.0,0.0,1,0,1.0,1.0,109.0,0.0,0.0,0.0,0.0,0.0,1.0,0.0,0.0,0,1.0,1.0,0.0,77.289408459933,,,,0.0,,-0.1842920035123825,2.983196245587294e-09,0,0,0,0,0,0,0,0
Jake Bauers,15194,641343,MIL,-0.0001042752410285,,0.01,4.5,8.321317326726373,5.666479778289795,9.824502895399927,65.22767857142857,,0.05,0.2,-0.15,4.0,4,0,0.2,0.4,88.82666829427083,0.133333333,2.25,9.0,0.25,0.0,0.3333333333333333,0.77777778,0.0,0,0.3125,2.25,109.95772016896096,138.484395136343,9.487086584014891,0.28,,0.12903226,,2.19648409256e-05,,1,4,0,0,0,0,0,2
Dominic Smith,15653,642086,BOS,-0.0002468845923431,,0.1,0.0,1.5636578533720584,4.166479778289796,7.190496590733529,48.58243630149148,,0.0,0.09090909,-0.09090909,3.0,3,0,0.0,0.0,77.8,0.2,0.0,3.0,0.0,0.0,0.2,1.0,0.0,0,0.2,1.0,0.0,101.453862363553,8.365704276613865,0.33333333,,0.0,,0.0001159999592346,0.1075999566061891,0,1,0,0,0,0,0,0
Garrett Hampson,19262,641658,KCR,-0.0002597396960482,,0.04,0.0,2.889143637916375,6.166479778289795,10.702504996955394,56.04959341195914,,0.0,0.0,0.0,1.0,1,0,0.0,0.0,86.36666870117188,0.0,0.0,0.0,0.0,0.0,0.0,1.0,0.0,0,0.0,0.0,0.0,152.0254967557046,10.525729084014891,0.3,,0.0,,0.0001379999739583,,0,0,1,0,0,0,0,0
Eddy Alvarez,16959,657193,NYM,-0.0003695514460559,,0.03,0.0,4.939599133436694,4.166479778289795,5.678488184511662,63.52572866586539,,0.2,0.0,0.2,1.0,1,0,0.33333333,0.66666667,97.63333129882812,0.333333333,9.0,0.0,1.0,0.0,0.3333333333333333,1.0,0.0,0,0.25,1.0,0.0,103.10817217799897,3.2969690840148926,0.375,,0.14285714000000005,,7.39999959478e-05,,1,0,1,0,0,0,0,0
Cole Winn,22113,668390,TEX,-0.0006666778353974,,-0.46,7.788462966857134,5.352040338214585,4.262633825477096,4.50725895444323,95.77727864583332,,0.18181818,0.05194805,0.12987013,17.1,13,0,0.10714286,0.41071429,89.91785539899554,0.375,7.269232102399991,2.076923457828569,3.5,1.0384617289142846,0.2962962962962963,0.45045045,0.1,0,0.2571428571428571,1.2692310020063478,196.4027776746804,103.45427091150934,3.9795123539742607,0.3359375,,0.22972972999999997,,-0.7053639888763428,-1.828451010895637,14,4,3,2,0,0,0,15
Anthony Misiewicz,18152,664948,NYY,-0.0011158705456182,,0.05,0.0,8.397371704766153,4.166479778289795,7.190496590733528,93.57049560546876,,0.16666667,0.16666667,0.0,1.0,1,0,0.0,0.75,101.7750015258789,0.25,9.0,9.0,1.0,0.0,0.5,1.0,0.0,0,0.4,3.0,0.0,99.94210276751473,5.98386797026267,0.3,,0.30769230999999997,,0.0368399918079376,0.0447472594308168,1,1,0,0,0,0,0,0
Raymond Burgos,22370,670103,SFG,-0.0014256825670599,,-0.05,9.0,2.199946318036961,4.166479778289795,5.678488184511662,92.8377685546875,,0.14285714,0.14285714,0.0,1.0,1,0,0.0,0.4,85.7,0.8,9.0,9.0,1.0,0.0,0.6,0.75,0.0,0,0.5,4.0,223.63244118349655,106.37069010895222,4.378749489993627,0.30769231,,0.07692308000000003,,-0.0815319865942001,0.0296048611228726,1,1,0,0,0,0,0,1
Amir Garrett,14375,607237,LAA,-0.0019282883731648,,0.01,5.0625012069943445,3.367624919157053,4.2914800465107605,3.5549893279172897,95.73661081414474,,0.45833333,0.20833333,0.25,5.1,6,0,0.125,0.375,92.4000015258789,0.25,18.56250442564593,8.43750201165724,2.2,1.6875004023314482,0.4285714285714285,0.78947368,0.166666666,0,0.2105263157894736,1.6875004023314482,124.41185044637184,103.56241688820316,3.3248019976839767,0.15686275,,0.39473684,,-0.1487640440464019,-0.3412748395697542,11,5,0,1,0,0,0,3
Luke Williams,19931,663897,ATL,-0.0029496662318706,,0.02,4.5,6.8770797058254685,4.666479778289795,6.934492387622595,59.373046875,,0.0,0.05263158,-0.05263158,4.0,3,0,0.05882353,0.41176471,90.40000287224264,0.294117647,0.0,2.25,0.0,0.0,0.2941176470588235,0.71428571,0.0,0,0.2941176470588235,1.5,108.60772768014516,116.82733581975502,6.681875885491934,0.37837838,,0.09999999999999998,,-0.0007120001246221,-0.1669531554180556,0,1,1,0,0,0,0,2
Evan Justice,30008,687145,COL,-0.0035075792111456,,0.01,0.0,4.959730917997307,6.16648290753691,6.16648290753691,91.88497488839286,,0.5,0.5,0.0,0.1,1,0,,,,0.0,27.000028163224034,27.000028163224034,1.0,0.0,0.0,1.0,0.0,0,0.0,3.0000031292471148,0.0,143.31345697980674,10.195229084014892,0.2,,0.5,,0.0025919999461621,0.0043477337654961,1,1,0,0,0,0,0,0
Kirby Snead,19179,669912,SEA,-0.0036014674697071,,0.02,4.354839647473906,4.696253958955816,3.843899279007958,5.307133535614362,92.67459810697116,,0.14583333,0.14583333,0.0,10.1,11,0,0.02941176,0.41176471,88.27576053503788,0.515151515,6.096775506463468,6.096775506463468,1.0,0.0,0.3529411764705882,0.73684211,0.0,0,0.2926829268292683,1.8387100733778712,115.81953240737045,97.92286751545296,5.445553302402266,0.26,,0.2278481,,-0.1421119719743728,-0.5532269326006931,7,7,0,0,0,0,0,5
Jacob Waguespack,18318,621097,TBR,-0.0036788806319236,,-0.08,5.4,6.672603128570946,5.266479778289796,5.176086503267289,94.1053580350654,,0.21568627,0.19607843,0.01960784,10.0,4,1,0.06666667,0.36666667,86.87586291082974,0.5,9.9,9.0,1.1,0.9,0.4137931034482758,0.74074074,0.125,0,0.3170731707317073,2.3,139.51399071520729,132.89948438994475,5.623465647576553,0.225,,0.34831460999999997,,0.0564161017537117,0.4937197752578902,11,10,0,1,0,0,0,6
Zach Logue,20231,656657,LAD,-0.0043881358578801,,-0.15,18.0,2.7011286841852495,5.666479778289795,0.6784881845116617,91.49906158447266,,0.33333333,0.0,0.33333333,2.0,2,0,0.0,0.625,93.3625030517578,0.5,18.0,0.0,4.0,4.5,0.7142857142857143,0.43478261,0.5,0,0.5,3.0,438.7386545688829,134.7733948637111,1.6450068661262818,0.52631579,,0.30769230999999997,,-0.0845799967646598,-0.4623565138259983,4,0,0,1,0,0,0,4
Austin Voth,15047,608723,SEA,-0.0054535861127078,,-0.16,3.6885250514952928,3.354419624044674,4.117299569341915,3.934358373273065,93.7398961715368,,0.24596774,0.07258065,0.1733871,61.0,68,0,0.07831325,0.29518072,85.8036573456555,0.347560975,9.000001125648515,2.6557380370766106,3.38888889,1.3278690185383053,0.2356687898089172,0.66176471,0.128571428,0,0.2026431718061674,1.0491804590919944,98.09850219969933,105.024763692387,3.5101093437327724,0.31213873,,0.29723992,,-0.3196819722652435,-1.1648700997841024,61,18,3,9,0,0,0,25
Troy Taylor,31883,700187,SEA,-0.0057627060450613,,0.11,3.7241381759734433,3.1683499917860964,4.356135028947978,3.3870410826349295,97.11894323470744,,0.30864198,0.08641975,0.22222222,19.1,21,0,0.14285714,0.34693878,85.71875,0.3125,11.63793179991701,3.258620903976763,3.57142857,1.8620690879867217,0.2444444444444444,0.85365854,0.181818181,1,0.2027027027027027,1.137931109325219,99.04565427842569,111.22879747530912,3.008804836870953,0.2392638,,0.26056338,,0.4081779718399048,0.2977670891865058,25,7,0,4,0,0,0,8
Jeff Criswell,27608,676105,COL,-0.0059058042243123,,0.61,2.7457630669238937,5.063160896284427,4.590208775954036,3.253131123686617,95.4199282997533,,0.31034483,0.10344828,0.20689655,19.2,13,0,0.12,0.42,87.65531499335107,0.395833333,12.35593380115752,4.11864460038584,3.0,1.8305087112825955,0.3478260869565217,0.98360656,0.235294117,0,0.2597402597402597,1.4745764618665356,58.53868261970408,107.11442059498587,3.127341841909667,0.3,,0.3597561,,0.2542881369590759,0.5775431666021814,27,9,1,4,0,0,0,6
Ryan Loutos,29521,702795,STL,-0.0061272657476365,,0.08,0.0,1.4107263663456162,4.452194239168775,7.69221269391883,94.27110531455592,,0.0,0.1,-0.1,2.1,3,0,0.0,0.22222222,85.37778049045139,0.444444444,0.0,3.85714338263694,0.0,0.0,0.2222222222222222,1.0,0.0,0,0.2222222222222222,1.28571446087898,0.0,111.68512817235496,7.385789084014892,0.22727273,,0.14285714000000005,,-0.0314939804375171,-0.352305458106321,0,1,0,0,0,0,0,0
Logan Allen,18555,663531,ARI,-0.0064210589043796,,-0.13,5.464286458735665,5.494882218249161,4.34505136742886,4.572203262184993,91.56210256177326,,0.1640625,0.078125,0.0859375,28.0,12,0,0.05263158,0.4,89.26000205592105,0.410526315,6.750000919614645,3.2142861521974497,2.1,0.9642858456592348,0.3152173913043478,0.67839196,0.1,1,0.2758620689655172,1.50000020435881,131.2061220509367,110.55325936264492,4.411663959503175,0.22222222,,0.18025751,,-0.3207898437976837,-0.2131938579453137,21,10,2,3,0,0,0,17
Austin Hedges,12976,595978,CLE,-0.0077062672935426,,0.06,0.0,22.264633405716086,4.666479778289795,6.178488184511662,64.86635131835938,,0.0,0.16666667,-0.16666667,2.0,1,0,0.2,0.8,97.22000122070312,0.4,0.0,4.5,0.0,0.0,0.0,1.0,0.0,0,0.0,0.5,0.0,115.67604909528066,8.178062405966893,0.0,,0.0,,0.0002279782347613,,0,1,0,0,0,0,0,0
Jake Eder,27590,671109,CHW,-0.0102868089452385,,0.01,4.5,4.131244260922543,5.166479778289795,5.922483981400728,94.06200062144886,,0.11111111,0.11111111,0.0,2.0,1,0,0.0,0.16666667,86.58333333333333,0.833333333,4.5,4.5,1.0,0.0,0.3333333333333333,0.75,0.0,0,0.2857142857142857,1.5,111.60103366195256,123.19408297470332,4.132358715664596,0.30769231,,0.30000000000000004,,-0.0104559464380145,-0.0634467939443449,1,1,1,0,0,0,0,1
Cole Tucker,17326,657061,LAA,-0.0109127666801214,,0.03,0.0,4.88498324168857,6.166479778289795,6.166479778289795,52.33751220703125,,0.0,0.25,-0.25,1.0,1,0,0.0,0.33333333,85.73333740234375,1.0,0.0,9.0,0.0,0.0,0.3333333333333333,1.0,0.0,0,0.3333333333333333,2.0,0.0,149.60599830914546,6.137604084014892,0.33333333,,0.25,,0.0,,0,1,0,0,0,0,0,0
Pablo Reyes,16357,622569,BOS,-0.011265356093645,,0.03,0.0,7.473784971490801,6.166479778289795,9.190496590733527,71.81034851074219,,0.0,0.2,-0.2,1.0,1,0,0.0,0.0,78.3499984741211,0.25,0.0,9.0,0.0,0.0,0.25,1.0,0.0,0,0.25,2.0,0.0,151.03669772259815,9.249769084014892,0.30769231,,0.14285714000000005,,0.0001000165866571,,0,1,0,0,0,0,0,0
James Meeker,29891,703231,MIL,-0.0113615011796355,,0.03,0.0,9.486843833726228,6.166479778289795,6.166479778289795,92.19002532958984,,0.0,0.25,-0.25,1.0,1,0,0.0,0.33333333,95.0,0.666666666,0.0,9.0,0.0,0.0,0.3333333333333333,1.0,0.0,0,0.3333333333333333,2.0,0.0,150.5463814900495,7.965479084014892,0.0,,0.0,,0.0001000000193016,-0.0063999982457606,0,1,0,0,0,0,0,0
David Bote,14593,623520,CHC,-0.0120534133166074,,0.03,0.0,8.721546762772785,6.166479778289795,9.190496590733527,66.9098388671875,,0.0,0.2,-0.2,1.0,1,0,0.25,0.25,93.8249969482422,0.5,0.0,9.0,0.0,0.0,0.25,1.0,0.0,0,0.25,2.0,0.0,153.3434384683833,8.775209084014893,0.0,,0.16666667000000002,,6.39724748907e-05,,0,1,0,0,0,0,0,0
Ryder Ryan,19891,656924,PIT,-0.0135250147432088,,-0.17,5.661291019229399,5.481555843457299,4.521318654686575,5.384943460012974,94.21875,,0.1827957,0.09677419,0.08602151,20.2,15,0,0.109375,0.4375,89.69516286542338,0.370967741,7.40322671745383,3.9193553210049688,1.88888889,0.8709678491122153,0.3064516129032258,0.62913907,0.068965517,0,0.2592592592592592,1.451613081853692,134.72894860424014,111.50959960143868,4.585457034459386,0.33125,,0.19553072999999999,,0.0090920850634574,0.2699653993827497,17,9,3,2,0,0,0,13
Alan Busenitz,15239,641427,CIN,-0.0150477420538663,,-0.25,13.5,9.400788078124323,4.916479778289795,4.312494489178062,94.51271057128906,,0.14285714,0.0,0.14285714,4.0,3,0,0.11111111,0.38888889,89.25,0.388888888,6.75,0.0,3.0,2.25,0.4705882352941176,0.26315789,0.142857142,0,0.4285714285714285,2.25,312.04002985458095,114.83817196568688,4.004525013443546,0.35294118,,0.31578947,,-0.2585859894752502,-0.1539765100459542,3,0,0,1,0,0,0,6
Patrick Wisdom,13602,621550,CHC,-0.0153951784595847,,0.01,0.0,7.808871139073471,12.16648916603114,12.16648916603114,86.0573501586914,,0.0,0.33333333,-0.33333333,0.1,1,0,0.0,0.5,93.4499969482422,1.0,0.0,27.000028163224034,0.0,0.0,0.5,1.0,0.0,0,0.5,6.0000062584942295,0.0,300.7767547313151,9.016951301623337,0.14285714,,0.0,,0.0001000165939331,,0,1,0,0,0,0,0,0
Andrew Knizner,19514,668800,TEX,-0.0166905298829078,,0.1,0.0,4.621920431885305,5.166480414072875,6.174486338657239,48.102559407552086,,0.0,0.18181818,-0.18181818,3.0,2,0,0.0,0.11111111,84.93333604600694,0.444444444,0.0,6.000001907349239,0.0,0.0,0.1111111111111111,1.0,0.0,0,0.1111111111111111,1.0000003178915398,0.0,125.77917633005612,8.012348906122511,0.15384615,,0.0,,0.0001760027080308,,0,2,0,0,0,0,0,0
Logan Gillaspie,22461,670810,SDP,-0.0172075703740119,,-0.15,7.147059625407906,4.959095501243432,4.490009338550518,4.597316819295411,94.95222516741072,,0.14285714,0.0,0.14285714,11.1,9,0,0.07317073,0.48780488,90.54878048780488,0.292682926,5.558824153095038,0.0,7.0,1.588235472312868,0.3333333333333333,0.53030303,0.111111111,0,0.3125,1.323529560260723,180.08927467010014,111.25680315058636,4.269507103142798,0.46774194,,0.16129032,,-0.0196839813143014,0.1218261175307067,7,0,1,2,0,0,0,9
Bradley Blalock,26419,687134,- - -,-0.0188704398460686,,-0.18,5.869565704143831,6.055562167748143,5.612132155016392,6.08588338583945,93.40664859218452,,0.13605442,0.13605442,0.0,30.2,7,6,0.08490566,0.4245283,90.71075373823923,0.367924528,5.869565704143831,5.869565704143831,1.0,1.1739131408287662,0.3039215686274509,0.67460317,0.09090909,0,0.2777777777777778,1.793478409599504,125.1370331291223,130.81868537838025,6.050840374086097,0.23181818,,0.19004525000000005,,-0.5437379805371165,0.0416998658125314,20,20,1,4,0,0,0,20
Joe Kelly,9761,523260,LAD,-0.019738445058465,,-0.38,4.781250569969484,4.9900112854443375,4.572729945927879,4.223486997044574,98.16278839111328,,0.24475524,0.11188811,0.13286713,32.0,35,0,0.12643678,0.42528736,88.74470358455882,0.470588235,9.843751173466584,4.500000536441867,2.1875,1.1250001341104667,0.3253012048192771,0.7112069,0.148148148,0,0.2540983606557377,1.468750175088665,116.53996901250645,109.09486490980188,3.869341385221022,0.24427481,,0.20472440999999997,,-0.5021299123764038,-0.1394697904947919,35,16,5,4,0,0,0,17
Kyle Finnegan,15009,640448,WSN,-0.0211733151227235,,1.03,3.675393037186172,4.377210520137227,4.250249520024179,3.813733706282776,97.38644244105409,,0.22140221,0.08856089,0.13284133,63.2,65,0,0.06951872,0.48128342,91.33621199324324,0.459459459,8.481676239660397,3.392670495864159,2.5,1.2722514359490595,0.2921348314606741,0.74585635,0.152542372,38,0.2469635627530364,1.3350786673539514,89.14429233378685,104.11964554515554,3.8146506469444574,0.29102845,,0.20781528000000005,,0.3788960874080658,0.3040242119621018,60,24,0,9,0,0,0,26
Isiah Kiner-Falefa,16512,643396,TOR,-0.0222269166260957,,0.01,4.5,6.336640824558334,6.166479778289795,9.190496590733527,67.8612060546875,,0.0,0.22222222,-0.22222222,2.0,2,0,0.14285714,0.28571429,83.0142822265625,0.285714285,0.0,9.0,0.0,0.0,0.1428571428571428,0.66666667,0.0,0,0.1428571428571428,1.5,112.56463490571812,149.41230271349525,9.733642659296423,0.1,,0.0,,-3.9903752622e-06,,0,2,0,0,0,0,0,1
David Hensley,25111,682073,MIA,-0.0223231445997953,,-0.03,9.0,5.748476656873399,6.166479778289795,9.190496590733527,75.97857421875,,0.0,0.1,-0.1,2.0,1,0,0.0,0.5,91.5625,0.25,0.0,4.5,0.0,0.0,0.25,0.5,0.0,0,0.25,1.5,215.33841266232935,150.744231448344,7.717729084014892,0.25,,0.16666667000000002,,9.99999901978e-05,,0,1,1,0,0,0,0,2
Jose Trevino,16725,624431,NYY,-0.0224149916321039,,-0.09,13.5,21.47483263523366,6.166479778289795,9.190496590733527,57.28080240885416,,0.0,0.15384615,-0.15384615,2.0,2,0,0.18181818,0.72727273,97.5909090909091,0.454545454,0.0,9.0,0.0,0.0,0.4545454545454545,0.57142857,0.0,0,0.4545454545454545,3.5,339.4799852746382,148.78610645069702,7.81126161637481,0.32,,0.050000000000000044,,0.0001159999956144,,0,2,0,0,0,0,0,3
Nick Robertson,26226,687798,- - -,-0.0239896555431187,,0.07,4.050000386238135,4.608044489811047,4.441479899883283,3.557691163998141,94.53605604663338,,0.25454545,0.03636364,0.21818182,13.1,9,0,0.1025641,0.48717949,90.3051280486278,0.333333333,9.450000901222316,1.350000128746045,7.0,2.0250001931190673,0.3333333333333333,0.859375,0.166666666,0,0.2830188679245283,1.275000121593487,100.38057012709872,111.11158897210262,3.1030781763359476,0.27835052,,0.21818181999999997,,-0.0288798584078904,-0.1040156194023254,14,2,0,3,0,0,0,6
Wes Parsons,14764,641149,- - -,-0.0267876461148262,,-0.010000000000000009,6.0,6.65875634997795,5.166479778289795,3.4535974275734693,95.11398703835228,,0.18421053,0.05263158,0.13157895,9.0,4,0,0.10344828,0.4137931,87.64482590247844,0.517241379,7.0,2.0,3.5,2.0,0.2962962962962963,0.65217391,0.285714285,0,0.2777777777777778,1.3333333333333333,150.08617987429082,125.06240366176452,3.520977001608982,0.35135135,,0.25333333,,0.0176080726087093,0.4934402616745295,7,2,0,2,0,0,0,6
Carlos Rodriguez,30161,692230,MIL,-0.0286945570260286,,-0.39,7.297298049648187,6.29570040388634,5.598912461505858,4.643465172079875,93.2031477107558,,0.15789474,0.05263158,0.10526316,12.1,3,3,0.04444444,0.37777778,87.41136585582386,0.272727272,6.567568244683368,2.189189414894456,3.0,2.189189414894456,0.3809523809523809,0.61797753,0.166666666,0,0.3518518518518518,1.783783967691779,178.30983487393772,136.85440303033417,4.849760958071809,0.31666667,,0.18584071000000002,,-0.6000739932060242,0.0235847565375472,9,3,0,3,0,0,0,10
Pavin Smith,19892,656976,ARI,-0.0289005227386951,,0.03,0.0,9.141268304402164,9.166479778289794,12.190496590733527,73.73787195542279,,0.0,0.2,-0.2,1.0,1,0,0.0,0.33333333,90.83333333333331,0.333333333,0.0,9.0,0.0,0.0,0.0,1.0,0.0,0,0.0,1.0,0.0,231.17157609549932,9.249769084014892,0.18181818,,0.0,,2.20036508835e-05,,0,1,1,0,0,0,0,0
Zach Penrod,25368,683068,BOS,-0.0289630219340324,,0.08,2.250001206994704,5.038301976308725,5.416480985284499,7.30649250694302,94.70798903245192,,0.15,0.2,-0.05,4.0,7,0,0.0,0.25,85.10833231608073,0.333333333,6.7500036209841126,9.000004827978817,0.75,0.0,0.25,0.75,0.0,0,0.2,1.7500009387736588,53.697327499433115,132.44316438606606,6.575291584014893,0.2244898,,0.26315789,,-0.1130220219492912,-0.1272447479627551,3,4,1,0,0,0,0,1
Tyler Gilbert,17964,656457,PHI,-0.0293604619801044,,0.12,3.240000123596196,5.745534340882813,4.846479842376712,5.645212986552075,92.04275512695312,,0.10526316,0.05263158,0.05263158,8.1,6,0,0.03225806,0.48387097,91.99354996219758,0.322580645,4.320000164794928,2.160000082397464,2.0,1.080000041198732,0.3,0.86206897,0.076923076,0,0.2857142857142857,1.4400000549316427,77.31492186022086,116.7815631464089,5.15575678662584,0.29850746,,0.14457831,,-0.0062839780002832,0.0248712851676709,4,2,1,1,0,0,0,3
Ryne Stanek,15947,592773,- - -,-0.0308929830789566,,-0.58,4.879519025409921,3.438534534659184,4.14238358337178,4.175647236294451,97.9493357977415,,0.2780083,0.10373444,0.17427386,55.1,63,0,0.09589041,0.41780822,90.15999797952588,0.331034482,10.89759249008216,4.066265854508268,2.68,1.301205073442646,0.2898550724637681,0.67901235,0.114285714,7,0.2253521126760563,1.319277366129349,127.0672011100303,104.62342865944836,3.557028181725155,0.32121212,,0.30677290999999995,,-0.2969741374254226,0.0718213243688691,67,25,3,8,0,0,0,30
Oswaldo Cabrera,21707,665828,NYY,-0.0310822054743766,,0.01,0.0,13.281831117036203,21.166498553772485,21.166498553772485,58.76851908365885,,0.0,0.66666667,-0.66666667,0.1,1,0,0.0,0.0,87.9000015258789,1.0,0.0,54.00005632644807,0.0,0.0,0.0,1.0,0.0,0,0.0,6.0000062584942295,0.0,515.1165926094371,22.729617944513336,0.0,,0.0,,-0.0002680000325199,-0.0118000046650882,0,2,0,0,0,0,0,0
Brandon Crawford,5343,543063,STL,-0.0312829762697219,,-0.12,27.00000643730317,9.151604832607724,9.916481387615589,12.18449453768486,87.29977416992188,,0.0,0.2,-0.2,1.1,1,0,0.0,0.42857143,84.62857491629464,0.428571428,0.0,13.500003218651583,0.0,0.0,0.4285714285714285,0.33333333,0.0,0,0.4285714285714285,3.750000894069885,669.2038965777192,246.51646169410895,8.587129084014892,0.13043478,,0.0,,-0.000728000071831,-0.021803792968096,0,2,1,0,0,0,0,4
Brent Headrick,27702,687396,MIN,-0.0340497083961963,,0.05,3.0,5.348853928708233,6.166479778289796,3.3451548511783287,92.43966542119566,,0.38461538,0.15384615,0.23076923,3.0,1,0,0.16666667,0.5,92.43332926432292,0.5,15.0,6.0,2.5,3.0,0.2,1.0,0.333333333,0,0.1818181818181818,1.3333333333333333,74.03205823897555,151.57244729807104,3.1090249350214965,0.36363636,,0.33333333,,-0.0051160138100385,-0.1196996233809451,5,2,0,1,0,0,0,1
Lake Bachar,19222,669199,MIA,-0.0352964363992214,,0.03,3.857144170878332,5.439140395419532,4.880766076457943,3.715060400372955,94.2095107041396,,0.275,0.1,0.175,9.1,10,0,0.16,0.48,91.61599609375,0.36,10.607146469915412,3.857144170878332,2.75,1.928572085439166,0.3478260869565217,0.80357143,0.2,0,0.2777777777777778,1.5000005108971293,92.28792257407736,119.68694689004056,3.4791947090148927,0.25287356,,0.26086957,,-0.0728520154953002,0.0099663828468526,11,4,0,2,0,0,0,4
Luke Maile,13355,571912,CIN,-0.0352997109293937,,-0.16,14.727275280913489,7.062116575329234,6.7119349385097085,7.290139783009184,64.4267999057112,,0.0,0.0,0.0,3.2,3,0,0.11111111,0.55555556,90.81110975477432,0.333333333,0.0,0.0,0.0,2.454545880152248,0.2941176470588235,0.0,0.1,0,0.3333333333333333,1.6363639201014988,340.40736432095383,156.15377932915604,6.78835871264793,0.35483871,,0.09999999999999998,,-5.79972402192e-05,-0.0722008391889608,0,0,0,1,0,0,0,6
Emmanuel Ramirez,17304,642629,MIA,-0.035950444638729,,-0.32,6.967742792897722,4.93666999233196,4.618092860143488,4.4868767996092185,94.10005326704544,,0.22826087,0.08695652,0.14130435,20.2,15,0,0.06666667,0.45,91.011867717161,0.4,9.14516241567826,3.483871396448861,2.625,1.3064517736683228,0.3157894736842105,0.53956835,0.125,0,0.2592592592592592,1.4032259791252355,166.71363031799785,113.34189758917393,3.832094157279048,0.27918782,,0.25581394999999996,,-0.4104609489440918,-0.6830254371515045,21,8,3,3,0,0,0,16
Rowdy Tellez,15679,642133,PIT,-0.0360088497400283,,-0.02,6.750001609325793,10.74738266607677,6.541480582952691,9.376497020539285,54.41807972301137,,0.0,0.06666667,-0.06666667,2.2,3,0,0.0,0.25,86.19167073567708,0.166666666,0.0,3.3750008046628963,0.0,0.0,0.4166666666666667,0.75,0.0,0,0.4166666666666667,2.250000536441931,160.6383803292241,160.5301334115767,7.319369076609292,0.32352941,,0.0,,0.0002060073165921,,0,1,2,0,0,0,0,2
Joey Lucchesi,19320,664192,NYM,-0.0395409986376762,,0.03,5.225806612377985,6.258971392235521,5.392286298376715,5.890102527368384,90.03147919323979,,0.15217391,0.17391304,-0.02173913,10.1,2,2,0.09677419,0.5483871,94.8793103448276,0.448275862,6.096774381107649,6.9677421498373135,0.875,0.8709677687296642,0.2333333333333333,0.68493151,0.083333333,0,0.2105263157894736,1.548387144408292,131.07824364438306,132.91356494858795,6.387316768422538,0.18681319,,0.12658228000000005,,-0.1862379163503646,-0.090165775226101,7,8,0,1,1,0,0,6
Josh Fleming,20418,676596,PIT,-0.0397447571158409,,0.0,4.021277126115461,4.3298475556345295,4.7622246696054535,4.86870028069797,88.42432403564453,,0.12318841,0.10144928,0.02173913,31.1,25,3,0.03773585,0.33018868,86.56346247746394,0.542857142,4.882979367425916,4.021277126115461,1.21428571,0.8617022413104558,0.3009708737864077,0.69196429,0.107142857,1,0.2764227642276423,1.5319150956630323,95.69945042704455,117.35533963057205,4.962219764000923,0.33650794,,0.15853658999999998,,-0.0830491185188293,-0.0558634353323868,17,14,1,3,0,0,0,14
Janson Junk,23301,676083,- - -,-0.0399031490087509,,-0.1,14.625,7.987971956996712,7.541479778289795,4.934492387622595,94.04678490048364,,0.16666667,0.08333333,0.08333333,8.0,6,0,0.11111111,0.5,90.46286097935268,0.342857142,9.0,4.5,2.0,3.375,0.5757575757575758,0.59633028,0.25,0,0.5,3.25,327.31502814015676,175.63115779227576,4.542562421822892,0.31460674,,0.13978495000000002,,-0.1053439704701304,-0.2563178599613966,8,4,0,3,0,0,0,13
Abner Uribe,25327,682842,MIL,-0.0399905778467655,,-0.44,6.906977816489568,5.045648580182674,4.631596284817885,4.6740201743806855,100.27649688720705,,0.21212121,0.18181818,0.03030303,14.1,14,0,0.075,0.475,86.8051257011218,0.575,8.790699039168542,7.534884890715893,1.16666667,0.6279070742263244,0.358974358974359,0.625,0.111111111,3,0.2777777777777778,1.8837212226789732,168.77234087972906,113.51889398447447,5.105150558600981,0.21374046,,0.21875,,-0.4965739846229553,-0.1735870082729287,14,12,0,1,0,0,0,11
Randy Dobnak,23798,677976,MIN,-0.0409940965473651,,0.0,5.586207263960165,4.316034755626656,4.614755735612801,4.521245444956527,93.1485011888587,,0.15555556,0.11111111,0.04444444,9.2,5,0,0.06060606,0.3030303,89.25,0.53125,6.517241807953526,4.655172719966804,1.4,0.9310345439933608,0.3125,0.68493151,0.125,0,0.275,1.6551725226548637,137.85280716682905,112.9665516255114,4.650259459485788,0.24731183,,0.16249999999999998,,-0.1141899302601814,-0.1542226632288771,7,5,0,1,0,0,0,6
Jairo Iriarte,26907,683568,CHW,-0.0416551977396011,,0.11,1.500000238418617,4.338568606470824,5.166480096181284,6.930490183821981,94.09365699404762,,0.2,0.26666667,-0.06666667,6.0,6,0,0.0625,0.3125,86.3375015258789,0.5,9.000001430511702,12.000001907348937,0.75,0.0,0.1875,0.72727273,0.0,0,0.1363636363636363,1.8333336247338652,37.20035046682065,123.19409066521015,7.177677958717536,0.18292683,,0.24444443999999999,,-0.2113139629364013,-0.4587249524832423,6,8,0,0,0,0,0,1
Justin Bruihl,23779,677865,PIT,-0.0423967577517032,,-0.28,9.529414437634648,3.579364144587483,4.754715517895569,3.7947226658794144,,,0.18518519,0.03703704,0.14814815,5.2,7,0,0.05,0.6,91.175,0.6,7.941178698028873,1.5882357396057745,5.0,1.5882357396057745,0.4210526315789473,0.52083333,0.2,0,0.36,1.764706377339749,226.78360530057017,117.17312521492084,3.166626205943477,0.44897959,,0.25862069,,0.0342800207436084,0.2730027147185545,5,1,1,1,0,0,0,6
Eli Villalobos,20408,681871,MIA,-0.0424383468925952,,0.11,2.076923229285257,6.953208430204439,6.1664799983685,5.260030032794311,93.48526161595396,,0.16666667,0.11111111,0.05555556,4.1,3,0,0.15384615,0.46153846,93.3692345252404,0.23076923,6.230769687855771,4.153846458570514,1.5,2.076923229285257,0.1666666666666666,1.0,0.166666666,0,0.1875,1.1538462384918091,49.69348349064514,150.74423676449408,5.192886497465151,0.23076923,,0.20689654999999996,,0.0246399994939565,0.2639296349529744,3,2,0,1,0,0,0,1
Daniel Robert,21229,642016,TEX,-0.0436508581042289,,0.08,3.176470944625736,3.7780436585633295,5.4605976827417155,6.1015552490859,95.12215523097828,,0.23076923,0.07692308,0.15384615,5.2,4,0,0.0625,0.1875,84.76249694824219,0.125,9.529412833877208,3.176470944625736,3.0,1.588235472312868,0.3333333333333333,0.93023256,0.09090909,0,0.2727272727272727,1.4117648642781049,80.10151930903496,133.04383859447248,4.535992398025503,0.26,,0.23404254999999996,,0.0761520266532898,0.3909970587208032,6,2,2,1,0,0,0,2
Sammy Peralta,25589,671111,CHW,-0.0444970354437828,,0.07,4.80000061035164,8.161485527092907,4.833146656884114,4.712622274861971,,,0.15277778,0.09722222,0.05555556,15.0,9,0,0.12962963,0.5,91.05925383391204,0.444444444,6.6000008392335054,4.200000534057685,1.57142857,1.20000015258791,0.3653846153846153,0.75396825,0.125,0,0.3230769230769231,1.8666669040256376,119.04111770961028,115.13000848983488,4.717646915095832,0.2,,0.18181818000000005,,-0.6326437592506409,-0.9249355068035244,11,7,0,2,0,0,0,8
Daniel Duarte,17480,650960,MIN,-0.0447031892836093,,0.11,2.25,2.82948390695148,5.666479778289795,3.9284881845116617,96.16897147042413,,0.2,0.06666667,0.13333333,4.0,2,0,0.09090909,0.36363636,86.14545232599431,0.545454545,6.75,2.25,3.0,2.25,0.1,1.0,0.25,0,0.1428571428571428,0.75,55.52404367923166,139.1327690399583,3.716017965784737,0.37931034,,0.22580645,,-0.042951975017786,-0.2946990485553996,3,1,0,1,0,0,0,1
Mike Yastrzemski,14854,573262,SFG,-0.0453512780368328,,-0.07,18.0,13.841568761811974,12.166479778289794,13.67848818451166,67.29019927978516,,0.0,0.375,-0.375,1.0,1,0,0.2,0.4,86.55999755859375,0.6,0.0,27.0,0.0,0.0,0.4,0.6,0.0,0,0.4,5.0,447.2648823669931,307.04500917049603,12.375791584014893,0.09090909,,0.0,,-5.4000000091e-05,,0,3,0,0,0,0,0,2
Emmanuel Rivera,19890,656896,MIA,-0.045641966164112,,-0.07,9.0,6.506350302864873,7.166479778289795,7.318498692288995,67.24392700195312,,0.0,0.0,0.0,4.0,4,0,0.05263158,0.47368421,89.0,0.263157894,0.0,0.0,0.0,2.25,0.3333333333333333,0.60606061,0.111111111,0,0.3684210526315789,1.75,215.33841266232935,174.89990818574972,6.691129084014892,0.30769231,,0.07142857000000002,,0.0002160026633646,,0,0,1,1,0,0,0,4
Josh Rogers,18510,642028,COL,-0.0464342609047889,,-0.06,6.545456247881867,7.34340015330012,5.166480298475921,6.59631337202144,89.71836103019068,,0.06,0.06,0.0,11.0,6,0,0.04761905,0.42857143,89.30000232514881,0.309523809,2.4545460929557,2.4545460929557,1.0,0.8181820309852333,0.3414634146341463,0.64516129,0.052631578,0,0.3333333333333333,1.636364061970467,139.54677681828406,120.3484598990237,6.008665084014892,0.2027027,,0.12658228000000005,,0.0693559721112251,0.4136656683586853,3,3,2,1,0,0,0,8
Josiah Gray,24580,680686,WSN,-0.0466881021857261,,-0.54,14.040000535583516,5.890800815252596,5.9264798835754435,5.528094999577626,93.3262720352564,,0.20454545,0.11363636,0.09090909,8.1,2,2,0.13333333,0.5,90.27333984375,0.3,9.720000370788588,5.40000020599366,1.8,2.160000082397464,0.4642857142857143,0.40697674,0.133333333,0,0.3846153846153846,2.4000000915527377,340.5311756994504,144.47959086334205,5.00585393893539,0.27472527,,0.29761905,,-0.614147961139679,-0.4047395126626693,9,5,0,2,0,0,0,13
Ryan Borucki,16350,621366,PIT,-0.0474233739078044,,-0.35,7.363637640456744,7.1355530107510345,4.530116378374378,3.266122272819605,,,0.25490196,0.07843137,0.17647059,11.0,14,0,0.12121212,0.33333333,89.11333821614583,0.5,10.63636548065974,3.2727278402029976,3.25,1.6363639201014988,0.3870967741935484,0.55555556,0.25,0,0.3043478260869565,1.6363639201014988,175.241858055265,111.72308204829396,3.24766219007338,0.31521739,,0.33333333,,-0.3383160233497619,0.0545789932987212,13,4,1,2,0,0,0,9
Jackson Stephens,14420,623451,ATL,-0.047438807785511,,0.06,2.70000025749209,5.338463579889897,7.6664802074432785,6.941697791388561,92.48709542410714,,0.11764706,0.05882353,0.05882353,3.1,3,0,0.07692308,0.30769231,84.82308255709134,0.23076923,5.40000051498418,2.70000025749209,2.0,2.70000025749209,0.3333333333333333,1.0,0.142857142,0,0.3333333333333333,1.8000001716613934,65.16464282267171,190.760427463774,5.511365767848436,0.21052632,,0.17857142999999998,,-0.0027200258336961,-0.2152960452264478,2,1,1,1,0,0,0,1
Alex Speas,21859,666208,HOU,-0.0479832664132118,,0.01,4.5,5.000401727011375,9.166479778289794,4.934492387622595,98.6528778076172,,0.25,0.125,0.125,2.0,1,0,0.2,0.4,89.67999877929688,0.4,9.0,4.5,2.0,4.5,0.25,1.0,0.333333333,0,0.2857142857142857,1.5,112.5326531931619,227.25441533370196,4.208604084014893,0.40909091,,0.35294117999999997,,-0.0121379988268017,-0.2034734502947258,2,1,0,1,0,0,0,1
Austin Warren,24937,681810,SFG,-0.0488137640058994,,0.25,1.687500100582844,4.829898577944584,4.478979856520896,4.67773774920079,94.07385602678572,,0.16666667,0.11904762,0.04761905,10.2,6,0,0.06666667,0.26666667,84.25,0.533333333,5.9062503520399545,4.21875025145711,1.4,0.843750050291422,0.2758620689655172,0.95238095,0.1,0,0.2432432432432432,1.312500078231101,41.93108522119305,114.2095326596654,4.781416168264149,0.21333333,,0.16867469999999996,,0.0408199802041053,0.2952316490535105,7,5,0,1,0,0,0,2
A.J. Minter,18655,621345,ATL,-0.0495571307837963,,1.1,2.621359611638576,3.2009771559447504,4.448033366201988,3.7615954768597617,94.75761640311244,,0.26119403,0.08208955,0.17910448,34.1,39,0,0.06896552,0.33333333,87.31646943933823,0.458823529,9.174758640735018,2.883495572802434,3.18181818,1.572815766983146,0.2222222222222222,0.94202899,0.166666666,1,0.1967213114754098,1.0194176267483352,63.26664685612744,111.44386372180192,3.3837406192474493,0.31300813,,0.26739926999999997,,-0.264037936925888,-0.730194086457416,35,11,1,6,0,0,0,10
Jack O'Loughlin,22690,672552,OAK,-0.0498367026448249,,0.07,4.655173179227431,6.679037240906909,4.821652464237326,5.197386229649734,92.23408840013587,,0.12765957,0.10638298,0.0212766,9.2,4,0,0.08333333,0.47222222,90.41666666666669,0.444444444,5.5862078150729175,4.655173179227431,1.2,0.9310346358454862,0.3428571428571428,0.78313253,0.09090909,0,0.3095238095238095,1.8620692716909724,120.17311911191528,122.33858157563238,5.175267786897231,0.22093023,,0.19277107999999998,,-0.0286239869892597,-0.063705896887876,6,5,0,1,0,0,0,5
Tejay Antone,16233,622088,CIN,-0.0508609637618064,,0.02,4.5,6.112906238826664,7.166479778289795,8.67848818451166,94.16669778262867,,0.18181818,0.36363636,-0.18181818,2.0,4,0,0.0,0.4,88.95999755859376,0.4,9.0,18.0,0.5,0.0,0.4,0.66666667,0.0,0,0.2857142857142857,3.0,104.0133432848603,166.6134090350546,9.735258004078512,0.23333333,,0.3125,,-0.0832380056381225,0.0136108055631723,2,4,0,0,0,0,0,1
Jhonathan Díaz,20298,646242,SEA,-0.0547358505427837,,-0.13,4.655172719966804,3.8860232827919288,5.131997148942446,4.632147221629698,90.53040049027425,,0.17021277,0.06382979,0.10638298,9.2,5,1,0.02777778,0.36111111,89.17142857142858,0.428571428,7.448276351946887,2.7931036319800824,2.66666667,1.8620690879867217,0.3529411764705882,0.77464789,0.142857142,0,0.3181818181818182,1.7586208053207928,123.80706784803208,131.3827344630355,4.436809556509747,0.27631579,,0.12820513,,-0.3732359707355499,-0.1139962337312853,8,3,0,2,0,0,0,5
Amos Willingham,26128,686294,WSN,-0.0551250986754894,,-0.07,18.0,14.974229747808645,14.166479778289794,4.190496590733528,97.74099496694711,,0.2,0.0,0.2,1.0,1,0,0.25,0.5,86.5999984741211,0.25,9.0,0.0,1.0,9.0,0.3333333333333333,0.0,0.5,0,0.4,2.0,436.5784137297653,342.8806891872972,3.747169084014893,0.3,,0.09090909000000003,,-0.009074019268155,-0.0463420918240484,1,0,0,1,0,0,0,2
Chayce McDermott,29866,694646,BAL,-0.0565978474915027,,-0.07,6.75,8.519398141657643,6.416479778289795,4.678488184511662,94.10085880055146,,0.16666667,0.11111111,0.05555556,4.0,1,1,0.07692308,0.69230769,96.65384615384616,0.615384615,6.75,4.5,1.5,2.25,0.3333333333333333,0.71428571,0.25,0,0.3125,1.75,170.2827986938089,158.76575761523156,4.817142671180979,0.36363636,,0.23255813999999997,,-0.1171000301837921,-0.0115315722623382,3,2,0,1,0,0,0,3
Joe Jacques,25178,682175,- - -,-0.0569397844374179,,-0.1,9.000002861023859,17.048321045308906,8.166481367747494,4.84115258146852,,,0.125,0.0625,0.0625,3.0,2,0,0.16666667,0.5,87.11666361490886,0.416666666,6.000001907349239,3.0000009536746197,2.0,3.0000009536746197,0.4545454545454545,0.75757576,0.5,0,0.4285714285714285,2.3333340750802596,215.665914539078,203.7817589859844,4.415822834014892,0.33333333,,0.16666667000000002,,-0.1787019483745098,-0.0832754348072984,2,1,1,1,0,0,0,3
J.P. France,21212,641585,HOU,-0.0570430383086204,,-0.5,7.460526690258563,5.605778968666346,5.53490094980045,5.595231342582405,92.62080862226276,,0.18181818,0.09917355,0.08264463,25.1,5,5,0.09302326,0.3255814,87.94883834484011,0.290697674,7.815789865985161,4.263158108719178,1.83333333,1.7763158786329911,0.3209876543209876,0.62162162,0.113636363,0,0.287037037037037,1.697368506249303,186.5673028162655,136.48612467086218,5.176864794229149,0.22568093,,0.22959184,,-0.7906979322433472,-0.1495596162585188,22,12,1,5,0,0,0,21
Matt Krook,19315,640454,BAL,-0.0593807324767112,,-0.1,18.0,11.065052851988666,15.166479778289794,3.6784881845116617,,,0.33333333,0.16666667,0.16666667,1.0,1,0,0.33333333,0.66666667,96.59999593098958,0.666666666,18.0,9.0,2.0,9.0,0.0,-1.66666667,1.0,0,0.2,2.0,454.0874631834904,377.80315346977613,3.690395743744726,0.16666667,,0.15384615000000001,,-0.006000000052154,-0.1625649518124308,2,1,0,1,0,0,0,2
Tyler Zuber,20379,676604,TBR,-0.0603120923042297,,0.07,2.70000025749209,3.7018565355197097,6.46648009300235,5.288095111822161,94.959228515625,,0.26666667,0.13333333,0.13333333,3.1,2,0,0.11111111,0.22222222,90.5111083984375,0.222222222,10.80000102996836,5.40000051498418,2.0,2.70000025749209,0.25,1.0,0.166666666,0,0.2307692307692307,1.5000001430511611,69.75700201014978,163.61409886297614,4.440275752723159,0.18421053,,0.13793102999999995,,0.0968600586056709,0.1566530403754183,4,2,0,1,0,0,0,1
Cody Bolton,23265,675989,SEA,-0.0604877434670925,,-0.11,4.339286305466557,3.921936570060456,4.880765726128435,4.573489877312623,95.0496114095052,,0.20481928,0.10843373,0.09638554,18.2,17,0,0.07017544,0.35087719,87.04561574835526,0.385964912,8.196429688103498,4.339286305466557,1.88888889,1.4464287684888524,0.2777777777777778,0.70175439,0.136363636,0,0.2432432432432432,1.4464287684888524,115.4058820908294,124.85670086215995,4.3852699350822295,0.27950311,,0.22556390999999998,,-0.1780899763107299,-0.1591967572901206,17,9,0,3,0,0,0,9
Adam Cimber,15288,643256,LAA,-0.0610614903271198,,-0.68,7.027398729172533,5.64200329261052,4.604836243325109,5.37547379607817,85.33611778846154,,0.17757009,0.13084112,0.04672897,24.1,28,0,0.08823529,0.35294118,88.33432690065298,0.447761194,7.027398729172533,5.178083274127129,1.35714286,0.3698630910090806,0.2835820895522388,0.54404145,0.047619047,0,0.2298850574712643,1.3972605660343047,172.6995498811767,111.25737348859084,4.9368916300912815,0.21717172,,0.14689266,,0.8599141836166382,0.5016096827972031,19,14,6,1,0,0,0,19
Brady Feigl,15968,621399,PIT,-0.061342816799879,,-0.16,32.40001235962386,13.29502994559918,10.966482753754796,5.888095947703331,92.71183558872768,,0.0,0.0,0.0,1.2,1,0,0.18181818,0.36363636,86.71818403764205,0.454545454,0.0,0.0,0.0,5.400002059937309,0.6,0.17857143,0.333333333,0,0.6363636363636364,4.2000016021734625,771.0643358819401,267.90566875290233,5.45426627744152,0.25,,0.09523809999999999,,-0.0039279996417462,-0.1059692151862662,0,0,0,1,0,0,0,6
Joan Adon,22925,672851,WSN,-0.0615240596234798,,-0.14,6.750001005828531,4.866618337532741,5.885230183415175,4.581736293845849,95.11141320430872,,0.125,0.08333333,0.04166667,10.2,8,1,0.08108108,0.2972973,84.01111178927951,0.583333333,5.062500754371398,3.3750005029142653,1.5,1.687500251457133,0.2857142857142857,0.63380282,0.25,0,0.2790697674418604,1.5000002235174512,163.71692954438552,143.48638868835403,4.523493858251424,0.27777778,,0.14102563999999995,,0.0469627529382705,0.218399530011685,6,4,1,2,0,0,0,8
Vladimir Gutierrez,19278,661269,MIA,-0.062543086707592,,-0.09,6.75,3.107077315348112,5.916479778289795,4.934492387622595,92.86908637152776,,0.23529412,0.11764706,0.11764706,4.0,1,0,0.09090909,0.18181818,81.33636474609375,0.181818181,9.0,4.5,2.0,2.25,0.2,0.55555556,0.166666666,0,0.2,1.25,161.50380949674698,144.7053122639926,4.547116623405591,0.31372549,,0.26315789,,-0.2840199768543243,-0.2031782899367296,4,2,0,1,0,0,0,3
Austin Kitchen,27910,685116,MIA,-0.0626698527485132,,-0.49,14.14285906966878,4.6535824406487,5.166480050768209,4.605344322509704,89.98700904846191,,0.0952381,0.07142857,0.02380952,7.0,4,1,0.02857143,0.4,89.8970588235294,0.647058823,5.14285784351592,3.85714338263694,1.33333333,1.28571446087898,0.4411764705882353,0.39772727,0.166666666,0,0.4102564102564102,2.7142860840778464,338.3889802855003,126.58856129283878,4.185123658155511,0.22972973,,0.09859154999999997,,-0.3876559734344482,-0.2828088989506664,4,3,0,1,0,0,0,11
James McCann,12859,543510,BAL,-0.0627391636371612,,-0.07,18.0,3.730085840560176,16.166479778289794,7.702504996955395,45.28511962890625,,0.0,0.0,0.0,1.0,1,0,0.2,0.4,90.04000244140624,0.2,0.0,0.0,0.0,9.0,0.25,0.0,0.333333333,0,0.4,2.0,454.0874631834904,402.8359987102955,7.741129084014893,0.33333333,,0.0,,1.60026556841e-05,,0,0,0,1,0,0,0,2
Alex Wood,13781,622072,OAK,-0.062831126153469,,-0.18,5.262712034539434,6.58176290810187,5.3020730676681165,5.125744123639656,,,0.17741935,0.10215054,0.07526882,39.1,9,9,0.08527132,0.48837209,92.2656015625,0.368,7.5508477017304925,4.347457767663011,1.73684211,1.372881400314635,0.3658536585365853,0.72072072,0.127659574,0,0.3148148148148148,1.779661074481934,135.85671162579092,134.7186429554705,5.013294045223333,0.20555556,,0.18611986999999997,,-0.8112258911132812,0.880927791806638,33,19,5,6,1,0,0,23
Casey Legumina,25921,668984,CIN,-0.0629914551973342,,-0.26,8.678572610933115,4.729848797052172,5.4164800848280095,4.088773724227745,93.56762989457832,,0.14893617,0.04255319,0.10638298,9.1,6,0,0.05405405,0.54054054,93.0594581397804,0.621621621,6.750000919614645,1.9285716913184696,3.5,1.9285716913184696,0.3714285714285714,0.46052632,0.222222222,0,0.3409090909090909,1.8214288195785548,200.5971893785716,126.34378725714136,3.4798635325872302,0.32258065,,0.10227273000000003,,-0.0674899742007255,-0.1627433624598279,7,2,1,2,0,0,0,9
Caleb Kilian,26213,668873,CHC,-0.0639583766460418,,-0.01,4.21875025145711,6.482012419262586,5.978979945927868,5.384240155561514,94.03938802083331,,0.14583333,0.125,0.02083333,10.2,2,1,0.14285714,0.37142857,89.08787952769886,0.424242424,5.9062503520399545,5.062500301748532,1.16666667,1.687500100582844,0.2727272727272727,0.77464789,0.153846153,0,0.2619047619047619,1.5937500949949084,104.18182020232145,148.7361586630647,5.518022067828921,0.25581395,,0.19047619000000005,,-0.0159439742565155,0.1281118811898566,7,6,0,2,0,0,0,5
Mason Englert,22288,669438,DET,-0.0646721199154853,,-0.25,5.400000158456661,5.530603255562623,4.920325983600505,4.683661080942523,92.90728759765624,,0.17204301,0.05376344,0.11827957,21.2,12,1,0.14084507,0.47887324,89.89000156947544,0.366197183,6.646154041177428,2.0769231378679462,3.2,1.661538510294357,0.2835820895522388,0.5982906,0.129032258,0,0.264367816091954,1.2923077302289443,133.92980715510004,120.45778362637044,4.247164453404594,0.32653061,,0.26315789,,0.0842981096357107,0.682450106058246,16,5,1,4,0,0,0,13
Tucker Barnhart,10200,571466,ARI,-0.0650649666786193,,-0.06,18.0,,16.166479778289794,6.190496590733528,45.99662642045455,,0.0,0.0,0.0,1.0,1,0,,,,0.571428571,0.0,0.0,0.0,9.0,0.5,0.76923077,0.5,0,0.5714285714285714,4.0,432.2083431664227,406.2915084433518,4.976525006031831,,,,,-1.999142114e-06,,0,0,0,1,0,0,0,2
Jack Neely,30106,680891,CHC,-0.065812699496746,,-0.17,9.0,5.486201523289065,6.166479778289796,3.5971562522153064,96.3527362530048,,0.25,0.07142857,0.17857143,6.0,6,0,0.10526316,0.47368421,91.0894775390625,0.315789473,10.5,3.0,3.5,3.0,0.3529411764705882,0.55555556,0.285714285,0,0.3076923076923077,1.6666666666666667,222.25453651754887,153.3434384683833,3.4321589254621525,0.31481481,,0.42307691999999997,,-0.0492040067911148,-0.3415101480066701,7,2,0,2,0,0,0,6
Tyler Phillips,20629,663969,PHI,-0.0677002556622028,,-0.57,6.872727749406832,5.957150370563396,5.566479944749323,4.272454037349172,,,0.175,0.04375,0.13125,36.2,8,7,0.13821138,0.40650407,88.9154504295287,0.422764227,6.872727749406832,1.718181937351708,4.0,2.209091062309339,0.3157894736842105,0.62801932,0.195652173,0,0.2980132450331126,1.4181819165442668,164.00135451914113,133.86970853146,4.265483872527574,0.34146341,,0.20132013000000004,,-0.8883058333303779,-0.4954461798793743,28,7,2,9,2,1,1,28
Spencer Howard,23252,675921,- - -,-0.0709152333438396,,-0.58,6.20689716407156,5.384488838144364,4.994066165488643,5.046768580128124,94.10673355882186,,0.1875,0.09722222,0.09027778,29.0,9,3,0.08737864,0.44660194,91.75099975585935,0.386138613,8.379311171496605,4.3448280148500915,1.92857143,1.55172429101789,0.3979591836734694,0.66666667,0.113636363,0,0.3384615384615385,2.000000197311947,154.71482841802137,126.67508669265855,4.6160906651618125,0.24669604,,0.20727273000000002,,-0.5010599140077829,0.5057813196645494,27,14,0,5,0,0,0,20
Owen Miller,24655,680911,MIL,-0.0711908936500549,,-0.11,18.0,6.348791359575705,11.166479778289794,8.44650079384446,59.530035895270274,,0.0,0.08333333,-0.08333333,2.0,1,0,0.09090909,0.27272727,88.3272705078125,0.272727272,0.0,4.5,0.0,4.5,0.4,0.43478261,0.2,0,0.4545454545454545,3.0,439.8308806758438,271.16624502711426,7.387423522052448,0.2,,0.05882352999999996,,0.0001019999763229,,0,1,0,1,0,0,0,4
Dallas Keuchel,9434,572971,MIL,-0.0721978172659874,,-0.02,5.40000020599366,5.167680825651304,5.626479872131352,4.828728416045852,,,0.13924051,0.10126582,0.03797468,16.2,4,4,0.05,0.35,88.25689486799568,0.525423728,5.9400002265930265,4.320000164794928,1.375,1.620000061798098,0.3508771929824561,0.78358209,0.176470588,0,0.323943661971831,1.860000070953372,131.94926923621827,137.5194384918776,5.133067274428245,0.20670391,,0.18584071000000002,,-0.2883719801902771,-0.0193965652831896,11,8,0,3,0,0,0,10
Andrew Wantz,24933,681806,LAA,-0.0722869485616684,,-0.02,6.750001609325793,5.986729449273405,10.666481566429564,3.1844923919171366,94.89863804408482,,0.5,0.16666667,0.33333333,1.1,1,0,0.5,0.5,96.4499969482422,0.0,20.250004827977374,6.750001609325793,3.0,6.750001609325793,0.0,1.0,0.5,0,0.2,1.500000357627954,165.88246726182916,260.1106534378199,2.5701735186859485,0.21052632,,0.27777778,,-0.076210007071495,-0.5108879644360935,3,1,0,1,0,0,0,1
Aaron Hicks,5297,543305,LAA,-0.0740424767136573,,-0.06,18.0,22.015306879166765,19.16647977828979,12.21451340317726,66.51602511935764,,0.0,0.16666667,-0.16666667,1.0,1,0,0.2,0.4,90.1,0.0,0.0,9.0,0.0,9.0,0.25,0.625,0.25,0,0.4,3.0,442.3531405663121,468.84154182803377,11.391617958142673,0.375,,0.25,,-9.99999974737e-05,,0,1,0,1,0,0,0,2
Kody Clemens,20572,665019,PHI,-0.0744723975658416,,-0.02,9.0,17.068616395304726,19.16647977828979,10.702504996955394,54.29054260253906,,0.0,0.16666667,-0.16666667,1.0,1,0,0.2,0.6,96.77999877929688,0.0,0.0,9.0,0.0,9.0,0.25,1.0,0.333333333,0,0.4,3.0,214.76366364136297,456.6457381825498,10.178229074148891,0.22222222,,0.0,,0.0,,0,1,0,1,0,0,0,1
Germán Márquez,15038,608566,COL,-0.0746483206748962,,-0.06,6.75,6.337337537011909,7.916479778289795,6.556490286067128,96.33279854910714,,0.15,0.2,-0.05,4.0,1,1,0.07692308,0.53846154,93.12307504507211,0.461538461,6.75,9.0,0.75,2.25,0.3333333333333333,0.78947368,0.2,0,0.3125,2.25,143.90757616449318,183.5020251536008,6.856136584014894,0.22857143,,0.28125,,-0.2065439522266388,-0.0803017666618073,3,4,0,1,0,0,0,3
Ildemaro Vargas,13324,545121,WSN,-0.0748996511101722,,0.01,4.5,8.325825127590857,11.166479778289794,6.934492387622595,70.26983642578125,,0.0,0.0,0.0,2.0,2,0,0.125,0.5,93.2125015258789,0.375,0.0,0.0,0.0,4.5,0.2857142857142857,1.0,0.333333333,0,0.375,1.5,109.14460343244131,270.6472786803789,6.034729084014892,0.4,,0.08333332999999998,,3.19999999192e-05,,0,0,1,1,0,0,0,1
Ben Heller,15100,621294,PIT,-0.0755825340747833,,-0.74,11.250000894069744,5.362213485245575,4.749813237455166,5.304489054943861,96.24659886853448,,0.22727273,0.09090909,0.13636364,12.0,8,0,0.07692308,0.46153846,89.22051532451923,0.435897435,11.250000894069744,4.500000357627897,2.5,0.7500000596046495,0.4736842105263157,0.50675676,0.076923076,0,0.3518518518518518,2.0833334989018044,267.7305913273986,117.05416821414131,3.830689131562595,0.27536232,,0.28846154,,-0.8841879963874817,-1.5174214101190595,15,6,6,1,0,0,0,15
Owen White,22273,669391,TEX,-0.0770608484745025,,-0.28,24.0,10.597271168995247,8.499813111623128,5.678488184511663,94.45245720358456,,0.0,0.05555556,-0.05555556,3.0,3,0,0.0,0.52941176,91.61176614200367,0.411764705,0.0,3.0,0.0,3.0,0.5,0.23255814,0.333333333,0,0.5294117647058824,3.3333333333333335,605.2114113209204,208.112105546476,5.895667349634621,0.23333333,,0.028571429999999953,,-0.0879639759659767,-0.5282674570411675,0,1,0,1,0,0,0,8
Ben Rortvedt,20287,666163,TBR,-0.0785273015499115,,0.01,4.5,9.418359047957525,11.666479778289794,5.922483981400728,77.8719012920673,,0.09090909,0.18181818,-0.09090909,2.0,1,0,0.125,0.25,83.30000305175781,0.625,4.5,9.0,0.5,4.5,0.2857142857142857,1.0,1.0,0,0.3333333333333333,2.5,116.26165892933942,296.7107186182356,6.025439826643331,0.28571429,,0.07692308000000003,,-4.365574568510055e-11,0.0500285390482634,1,2,0,1,0,0,0,1
Zach McKinstry,19392,656716,DET,-0.0798912569880485,,-0.05,9.000004827978817,5.689590061212652,11.16648406982652,8.446503626269974,52.46390279134115,,0.0,0.125,-0.125,2.0,3,0,0.14285714,0.28571429,82.10000174386161,0.285714285,0.0,4.500002413989408,0.0,4.500002413989408,0.0,0.0,0.2,0,0.1428571428571428,1.0000005364420907,223.2164584511181,275.7149053402124,8.851135334014891,0.3125,,0.0,,-0.0388819277286529,-1.2668800036019296,0,1,0,1,0,0,0,2
Luis Guillorme,16451,641645,- - -,-0.0830740584060549,,-0.07,12.0,5.698469045142939,9.499813111623128,7.182490986585618,60.278601358103195,,0.0,0.13333333,-0.13333333,3.0,3,0,0.07692308,0.38461538,84.92307692307692,0.538461538,0.0,6.0,0.0,3.0,0.25,0.43478261,0.25,0,0.3076923076923077,2.0,289.6206071470537,233.23760559568555,7.101902411916092,0.20833333,,0.22727273000000003,,-0.0002539883789722,-0.1592912871157981,0,2,0,1,0,0,0,4
Scott Effross,18384,664123,NYY,-0.0842455700039863,,-0.02,5.400002059937309,8.721669041365905,7.666481494904219,4.67368539697623,89.92596435546875,,0.14285714,0.14285714,0.0,3.1,3,0,0.1,0.5,89.6,0.6,5.400002059937309,5.400002059937309,1.0,2.7000010299686545,0.2222222222222222,0.83333333,0.5,0,0.25,1.5000005722048082,135.7920459104099,185.41915113624435,5.011096429685688,0.23076923,,0.14814815000000003,,-0.0397479906678199,-0.0535574380288254,2,2,0,1,0,0,0,2
Matt Foster,19647,641582,CHW,-0.0852083973586559,,0.26,2.70000025749209,7.449225103205925,6.166480064392118,6.938095269178438,91.94379552205405,,0.13333333,0.16666667,-0.03333333,6.2,6,1,0.19047619,0.47619048,91.1904761904762,0.285714285,5.40000051498418,6.750000643730225,0.8,1.350000128746045,0.2,0.93023256,0.083333333,0,0.2,1.5000001430511611,66.96062658303451,147.38632873177758,6.659402422359314,0.19642857,,0.14285714000000005,,-0.1178380101919174,-0.1360650255734885,4,5,0,1,0,0,0,2
Matt Andriese,12022,542882,MIA,-0.0854489654302597,,-0.1,6.0,4.769384477979463,5.666479778289796,3.349157653252284,91.60909016927084,,0.26923077,0.03846154,0.23076923,6.0,4,0,0.11111111,0.44444444,90.53333197699652,0.5,10.5,1.5,7.0,3.0,0.3125,0.57692308,0.25,0,0.28,1.3333333333333333,143.5589417748862,138.66639307964118,2.8124051179987415,0.375,,0.14,,-0.2929320037364959,-0.3524308024967386,7,1,0,2,0,0,0,4
Josh Rojas,19734,668942,SEA,-0.0866401717066764,,-0.04,9.0,10.410843992015591,12.666479778289794,9.190496590733527,76.57815372242646,,0.0,0.25,-0.25,2.0,2,0,0.16666667,0.33333333,88.2000020345052,0.166666666,0.0,9.0,0.0,4.5,0.0,0.625,0.25,0,0.1666666666666666,1.5,239.36031542997932,327.09983964670914,10.903666584014893,0.07692308,,0.0,,-0.0002259901957586,,0,2,0,1,0,0,0,2
Julio Teheran,6797,527054,NYM,-0.0872453600168228,,-0.2,13.500003218651583,7.6799126644908515,8.041480940580644,6.001496215876386,91.24310302734376,,0.1875,0.125,0.0625,2.2,1,1,0.09090909,0.45454545,89.18181818181819,0.363636363,10.125002413988687,6.750001609325793,1.5,3.3750008046628963,0.5,0.60606061,0.2,0,0.4285714285714285,3.000000715255908,338.61886639718904,197.32853219075045,5.197617444014568,0.19444444,,0.22580645,,-0.2416039854288101,-0.0487683499154176,3,2,0,1,0,0,0,4
Valente Bellozo,23899,678368,MIA,-0.089261844754219,,1.38,3.669903048539506,4.990669501154229,5.72958666933326,5.466067002213744,89.25913038531553,,0.14915254,0.07118644,0.0779661,68.2,13,13,0.10964912,0.42105263,89.97610446626106,0.299559471,5.766990504847795,2.7524272864046297,2.0952381,1.9660194902890211,0.2535211267605634,0.85915493,0.128205128,0,0.2536764705882353,1.310679660192681,87.80789967746006,140.19078273958976,5.324963830129462,0.2243346,,0.18181818000000005,,0.2411162406206131,0.5953402312915754,44,21,2,15,2,0,0,28
Drew Thorpe,31967,689672,CHW,-0.0915284603834152,,0.08,5.4812031647303066,4.693308365485678,5.873246773218341,5.812447445539124,91.06859509698276,,0.13157895,0.11052632,0.02105263,44.1,9,9,0.06993007,0.37062937,87.42411208998227,0.361702127,5.0751881154910246,4.2631580170124606,1.19047619,1.6240601969571278,0.2,0.61135371,0.119402985,0,0.2083333333333333,1.263157930966655,135.9350975322373,140.29235891714714,5.851135613274337,0.2421875,,0.22727273000000003,,-0.0847898200154304,0.4425845641145732,25,21,1,8,5,0,0,27
JoJo Romero,19574,668941,STL,-0.0925911143422126,,0.83,3.355933071313133,4.9706409231866635,4.268174978468349,3.8380805811940673,95.39280598958334,,0.20987654,0.06584362,0.14403292,59.0,65,0,0.10526316,0.39766082,89.88000118371212,0.487951807,7.779663028953172,2.4406785973186422,3.1875,1.2203392986593211,0.2699386503067484,0.80906149,0.153846153,1,0.2342342342342342,1.1525426709560254,83.17788713094463,107.14445129358256,3.624454819630255,0.26651982,,0.23929471000000002,,-0.0210636891424655,-0.3657778590132362,51,16,5,8,0,0,0,22
Dinelson Lamet,17186,659275,LAD,-0.0929020419716835,,0.0,2.076923229285257,4.585075661342539,6.1664799983685,5.95788011762915,93.83154296875,,0.16666667,0.11111111,0.05555556,4.1,3,0,0.15384615,0.30769231,88.32308255709134,0.384615384,6.230769687855771,4.153846458570514,1.5,2.076923229285257,0.0833333333333333,0.76923077,0.125,1,0.125,0.9230769907934476,50.62369462552629,146.51215838016,5.192886497465151,0.24324324,,0.14705882000000003,,0.1432520002126693,0.2824291841866714,3,2,0,1,0,0,0,1
Tyler Kinley,18297,641755,COL,-0.0931023880839347,,-0.24,6.187500737607567,4.480953059577851,4.791479972004914,4.234489231258826,96.062802734375,,0.25263158,0.11578947,0.13684211,64.0,67,0,0.08988764,0.33146067,87.48171316964286,0.378531073,10.1250012069942,4.640625553205675,2.18181818,1.5468751844018918,0.2994011976047904,0.64516129,0.154929577,12,0.244,1.468750175088665,131.91529387631385,111.7366009651895,3.9277834896646544,0.31948882,,0.31794871999999996,,3.2184300422668457,2.970590723700237,72,33,2,11,0,0,0,44
Dan Altavilla,16507,656186,KCR,-0.0946462862193584,,-0.25,14.727279231078285,6.050503064573787,7.257390675811541,4.949032897857532,96.82484690348308,,0.23809524,0.14285714,0.0952381,3.2,5,1,0.08333333,0.33333333,91.2545498934659,0.545454545,12.272732692565238,7.363639615539142,1.66666667,2.4545465385130476,0.3636363636363636,0.39473684,0.333333333,0,0.2941176470588235,2.181819145344931,355.485233907912,179.24778272808018,4.321783520246434,0.21621622,,0.27777778,,-0.2235459834337234,-0.0734267745175462,5,3,1,1,0,0,0,6
Lyon Richardson,24581,680689,CIN,-0.0949839651584625,,-0.1,27.000028163224034,5.92816890067303,24.166501683019597,9.202511293026896,96.60562569754464,,0.2,0.2,0.0,0.2,1,0,0.0,0.33333333,78.39999898274739,0.0,13.500014081612017,13.500014081612017,1.0,13.500014081612017,0.5,0.625,0.5,0,0.5,4.500004693870673,624.0807106760707,557.8045931692013,6.806329084014894,0.33333333,,0.16666667000000002,,-0.0647799968719482,0.0168414927846031,1,1,0,1,0,0,0,2
Grant Hartwig,29946,701643,NYM,-0.0952087342739105,,-0.12,6.750000643730225,5.832663405850678,6.616480107307466,6.934492746968315,,,0.12903226,0.12903226,0.0,6.2,4,0,0.14285714,0.23809524,84.46190243675595,0.38095238,5.40000051498418,5.40000051498418,1.0,1.350000128746045,0.25,0.56603774,0.1,0,0.24,1.5000001430511611,169.3094089786835,162.6797447694598,5.742096409640822,0.20588235,,0.22448979999999996,,-0.0324059911072254,-0.1022520961509531,4,4,2,1,0,0,0,5
Easton Lucas,26058,687922,- - -,-0.0952868489548564,,-0.55,10.800001471383432,5.065965661092926,5.137908618304231,6.356436039629155,94.2914569561298,,0.16393443,0.14754098,0.01639344,11.2,8,0,0.04878049,0.36585366,89.3365850681212,0.390243902,7.714286765273879,6.942858088746491,1.11111111,0.771428676527388,0.4,0.46875,0.055555555,0,0.3333333333333333,2.228571732190232,273.53285858918804,125.51136362480383,5.49596852927517,0.24793388,,0.13934426,,-0.1817499734461307,0.0122796725996915,10,9,1,1,0,0,0,14
Walker Buehler,19374,621111,LAD,-0.0959861576557159,,-1.14,5.376106557667593,4.6891255809754675,5.542586133407077,4.487551299283281,95.01657104492188,,0.18604651,0.08139535,0.10465116,75.1,16,16,0.06882591,0.37651822,88.34066227956431,0.454545454,7.646018215349465,3.345132969215391,2.28571429,1.9115045538373665,0.316017316017316,0.70281124,0.188235294,0,0.2861736334405145,1.55309744999286,131.03920877389044,131.86467974706534,4.54391646798823,0.23370429,,0.18046357999999996,,-1.943553805351257,0.6408677910467144,64,28,5,16,3,0,0,45
Sam Aldegheri,26443,691951,LAA,-0.1008947193622589,,-0.34,4.846153846153846,4.528879779433085,6.397249009059026,7.421265821502759,92.30882626488096,,0.14925373,0.14925373,0.0,13.0,3,3,0.04444444,0.37777778,90.38666449652776,0.222222222,6.923076923076923,6.923076923076923,1.0,1.3846153846153846,0.3023255813953488,0.61983471,0.076923076,0,0.2727272727272727,1.9230769230769231,119.09507630631477,155.272901448534,6.536751583020674,0.17431193,,0.19354839000000001,,-0.4019579887390136,-0.1084279106944253,10,10,2,2,1,0,0,7
Kyle Nelson,20515,669459,ARI,-0.1009799242019653,,0.07,4.218751383014476,5.6566495677522015,5.228980454430205,3.783735497225088,90.60270579268293,,0.19047619,0.0952381,0.0952381,10.2,11,0,0.06666667,0.53333333,91.0066650390625,0.366666666,6.750002212823163,3.3750011064115815,2.0,1.6875005532057907,0.2142857142857142,0.76086957,0.285714285,0,0.2105263157894736,1.1250003688038606,101.2988636379856,132.66663106492703,4.261640651628566,0.32835821,,0.22972972999999997,,-0.4842759370803833,-0.6110272349452683,8,4,0,2,0,0,0,5
Dane Dunning,19409,641540,TEX,-0.1014763861894607,,-0.79,5.305263370926038,5.103554414109606,5.1664798585992155,4.40632087508304,89.42831159319196,,0.21615202,0.09501188,0.12114014,95.0,26,15,0.10915493,0.45774648,90.42811492159696,0.437722419,8.621052977754813,3.789473836375742,2.275,1.705263226369084,0.2969924812030075,0.70458404,0.168224299,0,0.2586666666666666,1.4421053210652128,133.7835805061388,125.77916260992149,4.31408898746818,0.24489796,,0.21642764000000003,,-0.7899440228939056,-0.0296585349217395,91,40,6,18,2,0,0,56
Kody Funderburk,24993,681892,MIN,-0.1023519039154052,,-0.6,6.490385805714278,5.269335900773432,4.551095416842174,4.1414860192841045,,,0.19875776,0.0931677,0.10559006,34.2,27,0,0.0733945,0.34862385,87.8314796730324,0.546296296,8.307693831314277,3.894231483428567,2.13333333,1.0384617289142846,0.3523809523809524,0.63176895,0.16,1,0.2907801418439716,1.6153849116444423,160.1655399873532,111.3827238588804,3.863166875645491,0.2392638,,0.24175824,,-0.5028920769691467,0.2296219204330921,32,15,5,4,0,0,0,25
Parker Mushinski,21324,656786,HOU,-0.1039681062102317,,-0.31,6.545455680405995,6.086035229299426,5.439207445097432,6.1817637272265085,92.38291488155242,,0.06,0.1,-0.04,11.0,10,0,0.0,0.31707317,87.42750244140625,0.375,2.454545880152248,4.090909800253747,0.6,0.8181819600507494,0.25,0.44871795,0.071428571,0,0.25,1.4545457067568877,163.6838875720754,134.09434515576837,6.197228684014892,0.17204301,,0.15116279,,-0.1299060732126236,-0.2102733280609857,3,5,1,1,0,0,0,8
Ron Marinaccio,23488,676760,NYY,-0.1043599992990493,,0.15,3.857143067340473,4.204100500476214,4.923622731189344,4.250259912322188,93.56044051670791,,0.25252525,0.1010101,0.15151515,23.1,16,0,0.08196721,0.39344262,89.20344490840517,0.389830508,9.642857668351182,3.857143067340473,2.5,1.542857226936189,0.2456140350877192,0.78740157,0.166666666,0,0.2093023255813953,1.2000000653948135,96.99428679280862,118.43304935757526,3.733638078667237,0.30049261,,0.23463687,,0.0751159563660621,0.1968628615181901,25,10,3,4,0,0,0,10
Chase Silseth,30074,681217,LAA,-0.1044918149709701,,-0.19,6.75,6.086329082524485,6.541479778289795,3.5564902860671284,94.17409261067708,,0.31578947,0.10526316,0.21052632,8.0,2,2,0.13636364,0.45454545,92.66666666666669,0.238095238,13.5,4.5,3.0,3.375,0.2631578947368421,0.64102564,0.3,0,0.2352941176470588,1.5,165.88242771236702,158.81471591065184,3.579939606380655,0.27631579,,0.31884058000000004,,-0.3488979339599609,0.0807327529849332,12,4,0,3,0,0,0,6
Yoendrys Gómez,22872,672782,NYY,-0.105354756116867,,0.09,3.97058868078217,4.735488126520085,5.813538898811242,6.321083943755603,92.22159830729169,,0.18518519,0.12962963,0.05555556,11.1,5,0,0.13888889,0.5,91.58888753255208,0.333333333,7.94117736156434,5.558824153095038,1.42857143,1.588235472312868,0.2647058823529412,0.86419753,0.095238095,0,0.2391304347826087,1.588235472312868,99.84706569507972,140.16658364209897,5.1858374439253945,0.25471698,,0.27722771999999996,,-0.0334059782326221,-0.6843711592225438,10,7,1,2,0,0,0,5
Ryan Miller,22187,668943,LAA,-0.1078405454754829,,0.01,4.1538467632949185,4.208779453061644,5.3203262481464195,5.064951294780183,93.71207157258064,,0.18965517,0.13793103,0.05172414,13.0,13,0,0.1025641,0.35897436,87.80270138302365,0.421052631,7.615385732707352,5.538462351059891,1.375,1.3846155877649728,0.2972972972972973,0.76923077,0.133333333,0,0.26,1.6153848523924683,102.08150895415096,128.82736122485724,4.975265051337624,0.25531915,,0.17117117000000004,,-0.6758179664611816,-0.4091721081343918,11,8,0,2,0,0,0,6
Rich Hill,4806,448179,BOS,-0.1088477596640586,,-0.01,4.90909303712543,7.211975121718762,7.257390642560987,4.536666775643608,86.48891420717592,,0.33333333,0.2,0.13333333,3.2,4,0,0.33333333,0.66666667,95.53333536783856,0.5,12.272732592813576,7.363639555688145,1.66666667,2.454546518562715,0.0,0.83333333,0.5,0,0.0909090909090909,1.0909095638056512,117.1577933914999,178.0819246098742,4.349800198638382,0.23076923,,0.26086957,,-0.2122519463300705,-0.2124497566761503,5,3,1,1,0,0,0,2
Trey Wingenter,17793,622259,- - -,-0.1090358234941959,,-0.17,9.720000370788588,5.957568576946289,6.286479897308354,4.618007903634191,97.2412109375,,0.14285714,0.0952381,0.04761905,8.1,7,0,0.03125,0.5,90.02580408896169,0.548387096,6.480000247192392,4.320000164794928,1.5,2.160000082397464,0.3666666666666666,0.56338028,0.25,0,0.3421052631578947,2.040000077819827,233.76402129324632,155.80406624926766,4.534691677117926,0.24705882,,0.28409091,,-0.0718440192285925,-0.4310745586099442,6,4,0,2,0,0,0,9
Jordan Wicks,30094,696136,CHC,-0.109460525214672,,-0.48,5.478261210291979,5.218625238683197,5.318653825190215,4.648751156451943,92.8328369778068,,0.19811321,0.09433962,0.10377359,46.0,11,10,0.08783784,0.39864865,89.37603007277397,0.390410958,8.217391815437969,3.913043721637128,2.1,1.7608696747367076,0.3309352517985611,0.71428571,0.157894736,0,0.2894736842105263,1.63043488401547,135.28537846839004,132.51050575087197,4.621397300418205,0.31590909,,0.22065727999999996,,-0.9955399255268276,0.3681541603543277,42,20,2,9,1,0,0,28
Luke Jackson,11752,592426,- - -,-0.1100714690983295,,-0.33,5.094340355976084,4.038732103793762,4.24195163121808,3.808751159046885,94.95040002147766,,0.25106383,0.1106383,0.14042553,53.0,52,0,0.08783784,0.39864865,89.16781156357021,0.506849315,10.018869366752964,4.415094975179273,2.26923077,1.1886794163944197,0.3191489361702128,0.66951567,0.155555555,0,0.251207729468599,1.4716983250597575,125.49474189707432,107.69667468005638,3.732535925712415,0.31836735,,0.29137528999999995,,-1.318275898694992,-0.8704433320324614,59,26,2,7,0,0,0,30
Joely Rodríguez,11487,570257,BOS,-0.110619269311428,,-0.53,5.926830784754372,4.76043643199118,4.922577788587387,3.064631629498595,,,0.1875,0.03125,0.15625,13.2,14,0,0.10204082,0.28571429,85.69183474170919,0.591836734,7.902441046339163,1.317073507723194,6.0,1.9756102615847908,0.3478260869565217,0.50561798,0.333333333,0,0.3114754098360656,1.5365857590103928,141.44657909218034,120.19860394349656,2.865775959014893,0.33009709,,0.18487394999999995,,-0.8050059676170349,-0.362165168057886,12,2,1,3,0,0,0,9
Aaron Brooks,12272,605156,OAK,-0.1112926173955202,,-0.19,5.062500120699409,6.694176728899932,5.228979827463628,5.1500902282823136,92.40851100145188,,0.10084034,0.06722689,0.03361345,26.2,5,4,0.10204082,0.47959184,91.50206009383054,0.474226804,4.050000096559526,2.7000000643730178,1.5,1.3500000321865089,0.3085106382978723,0.63186813,0.121212121,0,0.3,1.5375000366568574,130.6882486614303,132.83508760059868,5.3033068910188845,0.30693069,,0.18592964999999995,,-0.7773879803717136,-0.5323379370761652,12,8,1,4,2,0,0,15
Wade Miley,8779,489119,MIL,-0.1116298735141754,,-0.1,6.428571428571429,8.0495611888024,6.595051206861223,6.033915555051395,90.38611328125,,0.06666667,0.13333333,-0.06666667,7.0,2,2,0.08695652,0.34782609,89.96190243675595,0.523809523,2.5714285714285716,5.142857142857143,0.5,1.2857142857142858,0.2272727272727272,0.625,0.166666666,0,0.24,1.4285714285714286,157.0824573842299,160.88522693608363,6.6129490900334265,0.26229508,,0.09615384999999999,,-0.1341139674186706,-0.1618329168696082,2,4,1,1,0,0,0,5
Andrew Saalfrank,26203,685314,ARI,-0.1124098449945449,,-0.28,36.00003862385125,23.431878850757155,15.16649265290688,16.678502681339516,,,0.0,0.5,-0.5,1.0,2,0,0.25,0.75,96.8249969482422,0.25,0.0,36.00003862385125,0.0,0.0,0.5,0.33333333,0.0,0,0.5,6.000006437308542,864.4176137523319,381.2746973368118,16.676729084014895,0.1875,,0.19999999999999996,,-0.2663359940052032,-0.1277383507889834,0,4,0,0,0,0,0,4
Deivi García,20276,665620,CHW,-0.1145128980278968,,-0.71,7.0714304982404705,4.8383789263533465,5.237908914138014,5.432777518536599,95.26309706289555,,0.22058824,0.16176471,0.05882353,14.0,14,0,0.07142857,0.35714286,89.36904761904762,0.333333333,9.642859770327917,7.0714304982404705,1.36363636,1.285714636043722,0.35,0.45454545,0.105263157,1,0.2807017543859649,1.9285719540655828,175.37310068273172,124.92211368896528,5.030799791045754,0.25308642,,0.28813559,,-0.4153119325637817,-0.197041337125101,15,11,0,2,0,0,0,11
Nick Burdi,16074,595897,NYY,-0.1158917918801307,,0.34,1.8620698228039416,3.6549941143930544,5.442342895050169,5.974491506392847,97.6647265625,,0.26666667,0.2,0.06666667,9.2,12,0,0.04545455,0.31818182,83.99090576171875,0.272727272,11.172418936823652,8.379314202617739,1.33333333,0.9310349114019708,0.1904761904761904,0.95890411,0.083333333,0,0.1470588235294117,1.4482765288475103,46.82484711302447,131.10123415465475,5.1615557583292935,0.23893805,,0.24418605000000004,,-0.0883399024605751,-0.0317019427195992,12,9,2,1,0,0,0,2
Anthony Gose,5097,543238,CLE,-0.1173388212919235,,-0.15,10.384616146426286,10.499699835292018,8.012633979955396,3.7572587518850824,95.89326615767044,,0.18181818,0.04545455,0.13636364,4.1,3,0,0.17647059,0.47058824,89.72941320082721,0.470588235,8.307692917141027,2.076923229285257,4.0,4.153846458570514,0.4666666666666667,0.69444444,0.4,0,0.4285714285714285,2.3076924769836187,261.28685695115803,199.9628092818233,3.6787084283924174,0.25714286,,0.21052632000000004,,-0.086691990494728,-0.1100962584918595,4,1,0,2,0,0,0,5
Seranthony Domínguez,19249,622554,- - -,-0.1180872321128845,,0.18,4.44886426313612,3.728423937527204,4.683525446562266,4.00894547560023,97.90028135926572,,0.26666667,0.08235294,0.18431373,58.2,63,0,0.12195122,0.32926829,86.88827100212191,0.358024691,10.431819651491592,3.221591362960639,3.23809524,1.8409093502632223,0.2631578947368421,0.73883162,0.155844155,11,0.2241379310344827,1.2443183571223633,108.25479238377976,114.19239968468214,3.410144451715227,0.26974952,,0.24652087,,0.2549322042614221,0.4039994048589074,68,21,2,12,0,0,0,29
Blair Henley,26190,668874,HOU,-0.1204695180058479,,-0.32,135.00014081612017,15.535617826838015,39.16651732925518,48.23857722948226,92.24776204427084,,0.0,0.33333333,-0.33333333,0.1,1,1,0.0,0.2,86.34000244140626,0.4,0.0,81.0000844896721,0.0,0.0,0.8,0.375,0.0,0,0.8,21.0000219047298,3375.98311721966,977.0803882576766,11.83549585866688,0.09090909,,0.125,,-0.5151079893112183,-0.0270458224592405,0,3,1,0,0,0,0,5
Zach Brzykcy,27783,694350,WSN,-0.120900310575962,,-0.27,14.294119250815813,8.049426246675361,7.931186195228399,6.278025857120664,93.98627761314656,,0.14285714,0.10714286,0.03571429,5.2,6,0,0.19047619,0.47619048,92.72857375372024,0.285714285,6.352941889251472,4.764706416938604,1.33333333,3.176470944625736,0.3684210526315789,0.32608696,0.181818181,0,0.36,2.1176472964171573,346.69466156584826,192.7485155151547,5.508195929541771,0.3559322,,0.21739129999999995,,-0.0155739756301045,-0.2875444878470729,4,3,0,2,0,0,0,9
Mike Clevinger,12808,605182,CHW,-0.1214188858866691,,-0.14,6.7500008046628,6.873605099360984,6.228980143368288,5.341493172293263,93.55582819065124,,0.19230769,0.11538462,0.07692308,16.0,4,4,0.14814815,0.37037037,90.00377727004717,0.339622641,8.437501005828501,5.0625006034971,1.66666667,2.2500002682209335,0.36,0.70866142,0.16,0,0.3188405797101449,1.937500230968026,167.40157044875113,148.89834556961415,5.110304569177712,0.32236842,,0.25174825,,-0.7538999319076538,-0.0458867768620624,15,9,0,4,0,0,0,12
Antonio Senzatela,15488,622608,COL,-0.1216434240341186,,0.0,6.567567736846505,8.976677917437943,7.139452853666076,5.816219800099876,94.76309967041016,,0.12962963,0.14814815,-0.01851852,12.1,3,3,0.15384615,0.46153846,89.87948843149039,0.435897435,5.1081082397695035,5.837837988308004,0.875,2.1891892456155015,0.3333333333333333,0.69148936,0.2,0,0.3260869565217391,1.8648649129317236,140.01818582306765,165.65765065498866,6.253057472586525,0.21568627,,0.14285714000000005,,-0.2368160188198089,-0.0026895080907046,7,8,0,3,0,0,0,9
Luis Frías,21997,666818,- - -,-0.1284859515726566,,-0.78,13.965519537682292,8.043981276997838,5.545790514339371,4.107452407125379,96.2218501984127,,0.22641509,0.13207547,0.09433962,9.2,11,0,0.11764706,0.52941176,91.67058967141544,0.411764705,11.172415630145837,6.5172424509184035,1.71428571,1.8620692716909724,0.53125,0.43103448,0.25,0,0.4130434782608695,2.689655614664738,342.80316252878504,138.17738610759775,4.329316475372107,0.30534351,,0.24299064999999997,,-0.9308298965916038,-0.8873581273225217,12,7,0,2,0,0,0,15
Tim Mayza,15042,641835,- - -,-0.1303314715623855,,-1.23,6.328126508742931,5.094070886232939,4.502417596802191,4.679989596138255,,,0.14358974,0.07692308,0.06666667,42.2,50,0,0.09271523,0.38410596,88.30067827912416,0.452702702,5.9062514081600686,3.1640632543714653,1.86666667,1.054687751457155,0.3356164383561644,0.57142857,0.104166666,0,0.3016759776536313,1.6171878855676378,158.5173156993247,108.43371685143468,4.600844110589141,0.21551724,,0.16408668999999998,,-1.008674755692482,-0.8567678109198649,28,15,1,5,0,0,0,30
Clayton Andrews,23631,677076,NYY,-0.1305998563766479,,-0.08,27.000028163224034,4.8346703573205785,45.1665235877494,10.702512857650452,91.62059783935548,,0.33333333,0.0,0.33333333,0.1,1,0,0.0,1.0,95.1999969482422,0.0,27.000028163224034,0.0,1.0,27.000028163224034,0.0,1.0,1.0,0,0.5,3.0000031292471148,678.9606787604527,1101.245248187455,2.618173530885782,0.25,,0.33333333,,-0.1184279918670654,-0.0219153503478965,1,0,1,1,0,0,0,1
Ky Bush,29823,681066,CHW,-0.1340200901031494,,0.12,5.6037737865726465,5.610451153829777,6.279687437496821,7.033209269997471,91.81214913922156,,0.12643678,0.18390805,-0.05747126,17.2,4,4,0.03389831,0.49152542,90.17368249725877,0.368421052,5.6037737865726465,8.150943689560213,0.6875,1.0188679611950269,0.3157894736842105,0.76023392,0.076923076,0,0.2857142857142857,2.0377359223900533,138.97487710872474,150.12506853987955,6.990353829099568,0.24431818,,0.20740740999999996,,-0.2763600051403045,0.234793633324075,11,16,1,2,1,0,0,11
Parker Dunshee,20018,670161,ATL,-0.1352995634078979,,-0.14,19.2857169131847,18.902688788028275,15.595052900119937,7.0442090029688185,92.771484375,,0.21428571,0.14285714,0.07142857,2.1,1,0,0.375,0.625,96.875,0.375,11.57143014791082,7.714286765273879,1.5,7.714286765273879,0.3333333333333333,0.47619048,0.5,0,0.3636363636363636,2.57142892175796,465.4617534718963,386.1550300103258,4.820999482645555,0.125,,0.35,,-0.0420880019664764,0.3275915743168871,3,2,1,2,0,0,0,5
Nick Hernandez,19281,663321,HOU,-0.137989267706871,,-0.11,7.875000938773267,4.163764873804252,7.541480299830499,2.7424891847457777,90.87237079326924,,0.29411765,0.02941176,0.26470588,8.0,5,0,0.04347826,0.30434783,82.9478229025136,0.391304347,11.250001341104667,1.1250001341104667,10.0,4.500000536441867,0.3157894736842105,0.74074074,0.444444444,0,0.303030303030303,1.375000163912793,196.93216656417695,186.63890567419872,2.503088939894021,0.37681159,,0.29230769,,0.0090239513665437,0.3089606399595008,10,1,0,4,0,0,0,7
Mike Burrows,24728,681347,PIT,-0.1380537897348404,,-0.01,2.70000025749209,6.491070993141765,8.566480293273976,6.4808901818428435,94.4285987647804,,0.14285714,0.21428571,-0.07142857,3.1,1,0,0.11111111,0.44444444,90.08888753255208,0.444444444,5.40000051498418,8.10000077247627,0.66666667,2.70000025749209,0.125,0.83333333,0.25,0,0.1818181818181818,1.5000001430511611,64.25534293988692,209.66805912752352,6.894565825110728,0.28947368,,0.12121212000000003,,0.0792240127921104,0.2126270139854751,2,3,0,1,0,0,0,1
Lucas Gilbreath,21290,656458,COL,-0.1383730918169021,,-0.4,54.00005793577688,7.797097994961205,22.166500163100174,12.190506272463615,92.143798828125,,0.0,0.08333333,-0.08333333,1.0,3,0,0.0,0.5,86.25999755859375,0.5,0.0,9.000009655962813,0.0,9.000009655962813,0.6666666666666666,0.39473684,0.5,0,0.7,8.000008583078056,1151.2618444859045,510.7528478745152,6.143604079349392,0.13636364,,0.0,,-0.1968760043382644,0.0245534946779016,0,1,1,1,0,0,0,6
Victor Mederos,31533,682989,LAA,-0.1384186893701553,,-0.31,11.812500704079907,11.22722997596571,7.103980012983098,6.083987833019826,97.27209123883928,,0.18518519,0.22222222,-0.03703704,5.1,4,0,0.125,0.6875,98.0187530517578,0.4375,8.43750050291422,10.125000603497064,0.83333333,1.687500100582844,0.4,0.51724138,0.2,0,0.3333333333333333,2.4375001452863305,290.2942657995289,172.62779807617636,6.4266879298454525,0.16363636,,0.19999999999999996,,-0.6687999963760376,-0.3906487379808483,5,6,0,1,0,0,0,7
Eric Orze,27626,679358,NYM,-0.1392969042062759,,-0.19,21.600008239749236,5.760874745546759,15.166484355928262,11.90250832948582,94.03003607855902,,0.09090909,0.18181818,-0.09090909,1.2,2,0,0.14285714,0.42857143,91.25714983258928,0.142857142,5.400002059937309,10.800004119874618,0.5,5.400002059937309,0.3333333333333333,0.43478261,0.2,0,0.375,3.0000011444096164,541.7902637392398,370.572451036251,8.055919165769266,0.30434783,,0.11111110999999996,,-0.2059539854526519,-0.1374928030261437,1,2,1,1,0,0,0,4
Ricardo Pinto,16318,620982,PHI,-0.1405301094055175,,-0.51,10.968750653788486,4.647242786245745,6.072729951515804,5.336239364617144,94.12042236328124,,0.13559322,0.08474576,0.05084746,10.2,6,0,0.02272727,0.40909091,88.27500221946023,0.59090909,6.750000402331376,4.21875025145711,1.6,1.687500100582844,0.4047619047619047,0.51724138,0.166666666,1,0.3653846153846153,2.2500001341104587,261.7432306640234,145.88480920755924,4.401715578789901,0.25663717,,0.22857143000000002,,0.0188380237668752,0.8640632710349986,8,5,2,2,0,0,0,13
Gerson Garabito,19835,642520,TEX,-0.1410086154937744,,-0.09,4.7848110507648425,6.5675514689225505,5.293062467518614,5.098338148624643,93.53492238898026,,0.19130435,0.10434783,0.08695652,26.1,18,2,0.11688312,0.35064935,87.70133138020833,0.342105263,7.518988794059037,4.101266614941293,1.83333333,1.3670888716470977,0.2602739726027397,0.71856287,0.129032258,0,0.2323232323232323,1.3291141807680118,120.6592603723886,128.90573830032585,4.628519439709344,0.28278689,,0.19999999999999996,,-0.3074639588594436,-0.2877135936301633,22,12,4,4,0,0,0,14
Joe La Sorsa,25481,686747,WSN,-0.1418050974607467,,0.08,4.584906815379438,4.353246738428396,5.5438388677458,4.312149960736194,90.7873065655048,,0.18918919,0.06756757,0.12162162,17.2,16,0,0.09259259,0.33333333,86.62884990985577,0.384615384,7.132077268368015,2.547170452988577,2.8,2.0377363623908615,0.26,0.8045977,0.2,0,0.25,1.245283332572193,111.20396358650804,135.26643567227308,4.074358006157858,0.2,,0.07999999999999996,,-0.0785839632153511,-0.1719618337779933,14,5,1,4,0,0,0,9
Jacob Lopez,25098,682052,TBR,-0.1423024386167526,,0.02,5.225806612377985,3.741765713290862,6.74712504973397,7.157463913109507,90.58964192708332,,0.17391304,0.15217391,0.02173913,10.1,4,1,0.10344828,0.27586207,88.33103364089439,0.206896551,6.9677421498373135,6.096774381107649,1.14285714,1.7419355374593284,0.1111111111111111,0.625,0.1,0,0.1351351351351351,1.161290358306219,135.013543555328,170.7973483539374,6.256285165972448,0.20879121,,0.23188405999999995,,0.120398499071598,0.1152107187108692,8,7,2,2,0,0,0,6
Adrian Houser,12718,605288,NYM,-0.1431486867368221,,-0.93,5.841346582364785,5.220287983421042,4.926095291989805,5.105296948584282,93.81407020970394,,0.14563107,0.10355987,0.0420712,69.1,23,7,0.0877193,0.40350877,90.9916325371696,0.484581497,5.841346582364785,4.153846458570514,1.40625,1.0384616146426284,0.3,0.62753036,0.103896103,1,0.271062271062271,1.5288462660016475,146.51775454547078,121.57816590821346,5.079205362976713,0.23709369,,0.16831682999999997,,-1.2548816949129105,-0.1028047263489138,45,32,4,8,0,0,0,45
Jaden Hill,30250,677955,COL,-0.1455948948860168,,0.01,5.062500301748532,3.151184408320971,6.16647995710374,5.42998937020508,96.86682942708332,,0.13333333,0.08888889,0.04444445,10.2,9,0,0.03030303,0.39393939,90.56896551724138,0.606060606,5.062500301748532,3.375000201165688,1.5,1.687500100582844,0.1935483870967742,0.625,0.166666666,0,0.2051282051282051,1.1250000670552294,107.93068855654022,143.31338922329442,4.678815992147223,0.20967742,,0.19402984999999995,,-0.2007059454917907,-0.31548010940153,6,4,2,2,0,0,0,6
Seth Johnson,26020,686751,PHI,-0.1461827158927917,,-0.39,34.71429044373246,13.558783544915514,12.595052491402312,12.207652688526824,95.32708740234376,,0.0,0.16666667,-0.16666667,2.1,1,1,0.06666667,0.46666667,93.16666666666669,0.266666666,0.0,11.57143014791082,0.0,3.85714338263694,0.5,0.20833333,0.125,0,0.5333333333333333,4.71428635655626,828.3742440451487,300.6825591557901,9.093621695071285,0.125,,0.25,,-0.3413799703121185,0.035731172631804,0,3,0,1,0,0,0,9
Garrett Stubbs,18067,596117,PHI,-0.1473014503717422,,-0.22,15.75,5.601043308145368,11.166479778289794,7.690496590733528,59.33323692908654,,0.0,0.10526316,-0.10526316,4.0,4,0,0.05882353,0.41176471,90.38235294117646,0.411764705,0.0,4.5,0.0,4.5,0.2666666666666666,0.19230769,0.25,0,0.3529411764705882,2.0,375.8364113723852,266.7774831226896,7.334457601372516,0.24242424,,0.06666667000000004,,-0.0002039833925664,,0,2,0,2,0,0,0,7
Bryan Shaw,8110,543766,CHW,-0.1473717391490936,,-0.21,9.00000429153647,7.530122717163636,7.416481804848684,7.1904985095351845,,,0.16666667,0.16666667,0.0,4.0,5,0,0.1875,0.5625,95.4562530517578,0.25,9.00000429153647,9.00000429153647,1.0,2.2500010728841175,0.4666666666666667,0.66037736,0.125,0,0.4,3.0000014305121567,223.20217375499536,177.6266693818417,5.98386797026267,0.15217391,,0.09302326000000005,,-0.7337660193443298,-0.1662900723919185,4,4,0,1,0,0,0,4
Brandon Leibrandt,16135,605335,CIN,-0.1510137021541595,,-0.16,9.94736892034475,3.851410077531182,8.692795845147991,4.444806250312528,88.88048444475446,,0.15625,0.0625,0.09375,6.1,2,0,0.12,0.36,89.092001953125,0.56,7.1052635145319645,2.8421054058127857,2.5,4.263158108719178,0.3636363636363636,0.68181818,0.375,0,0.3666666666666666,2.052631681975901,229.92424406510415,201.73579845921816,4.033592365264893,0.32142857,,0.23333333,,0.0363800227642059,0.1707637647747308,5,2,0,3,0,0,0,7
Touki Toussaint,16929,657053,CHW,-0.15256367623806,,-0.33,7.434783841802156,5.651772328532864,5.079523573841227,4.501442734735502,91.79297614820076,,0.22222222,0.15384615,0.06837607,23.0,11,0,0.05555556,0.38888889,88.76666259765625,0.513888888,10.17391473088716,7.0434794290757266,1.44444444,1.1739132381792878,0.463768115942029,0.70281124,0.176470588,0,0.3571428571428571,2.3043482082778612,184.38434706628965,121.0904177084447,4.607360238421781,0.28082192,,0.25742573999999996,,-0.7666280269622803,-0.1552252961650178,26,18,1,3,0,0,0,19
Darius Vines,25928,670241,ATL,-0.1529381517320871,,-0.46,8.560976008018681,6.44294060438517,6.751845798742063,5.491567204242505,90.92526528269974,,0.13636364,0.06060606,0.07575758,13.2,4,2,0.09615385,0.48076923,88.30576970027043,0.403846153,5.926829544012932,2.634146464005748,2.25,2.634146464005748,0.3541666666666667,0.58823529,0.173913043,0,0.3442622950819672,1.829268377781769,206.6195891011442,168.2198475018034,4.963858045072299,0.22131148,,0.21538462000000003,,-0.1707239411771297,0.2788211005204799,9,4,1,4,0,0,0,13
Seth Martinez,21045,661527,HOU,-0.1530699133872985,,0.48,3.588608028147254,4.088465151008652,4.780404023752846,4.947351287146491,91.02888723080524,,0.16216216,0.08108108,0.08108108,52.2,44,0,0.06707317,0.40243902,88.44465531643081,0.403726708,6.151899476823864,3.075949738411932,2.0,1.1962026760490847,0.267515923566879,0.76797386,0.106060606,1,0.245,1.2721520523061696,89.74124059504257,117.6281018873678,4.578094801622798,0.25307125,,0.19895288,,0.3448180556297302,0.5271692677377184,36,18,4,7,0,0,0,21
Vidal Bruján,20536,660644,MIA,-0.1540079265832901,,-0.25,43.20001647949847,30.33218158714035,24.76648801803903,14.6097144059361,74.35539899553571,,0.0625,0.1875,-0.125,1.2,2,0,0.18181818,0.45454545,94.19999556107956,0.181818181,5.400002059937309,16.20000617981193,0.33333333,10.800004119874618,0.5555555555555556,0.36585366,0.333333333,0,0.5833333333333334,6.000002288819233,1033.6247750757411,600.0400178008091,8.151611896514893,0.1,,0.04166667000000002,,0.0,,1,3,1,2,0,0,0,8
Shelby Miller,10197,571946,DET,-0.156554564833641,,0.09,4.526946935038663,3.762231577769784,4.477857263439884,4.358874253448959,93.6259708737864,,0.21777778,0.05777778,0.16,55.2,51,0,0.07594937,0.41139241,91.1272127175633,0.398734177,7.922157136317661,2.101796791267951,3.76923077,1.4550900862624274,0.2147651006711409,0.60344828,0.123287671,2,0.1980676328502415,0.970060057508285,112.27650226298888,109.45959578158396,3.672548383354278,0.27525253,,0.22541966000000002,,-1.3415634632110596,-1.2256763026975317,49,13,5,9,0,0,0,28
Matt Carasiti,13276,571539,COL,-0.1614640355110168,,-0.53,10.384618431859655,8.734905770885929,5.935711360119036,3.9824858374292473,94.83487955729169,,0.1627907,0.06976744,0.09302326,8.2,7,0,0.03125,0.46875,90.515625,0.46875,7.269232902301759,3.115385529557897,2.33333333,2.076923686371931,0.4666666666666667,0.58139535,0.333333333,0,0.4102564102564102,2.1923083356148165,221.3963359884509,138.01380289414823,3.976957855376048,0.28,,0.15662651000000005,,-0.7632280588150024,-0.5327190945961576,7,3,1,2,0,0,0,10
Tyler Beede,16981,595881,CLE,-0.1643849462270736,,-0.72,8.357143426428074,4.826661328431823,5.023622761940478,4.462487071906314,94.23315085827464,,0.26470588,0.13235294,0.13235294,14.0,13,0,0.05263158,0.44736842,89.0945945945946,0.432432432,11.571429359669642,5.785714679834821,2.0,1.285714373296627,0.3888888888888889,0.55555556,0.166666666,0,0.2857142857142857,1.7857144073564262,210.27370758743743,124.67217515554636,3.977222165258824,0.31972789,,0.28813559,,-0.42904993891716,-0.1905020247467539,18,9,3,2,0,0,0,13
Miguel Castro,15684,612434,ARI,-0.1701621115207672,,-0.12,5.926830371173835,6.184810057332494,5.727455864599477,4.643953309286822,,,0.125,0.046875,0.078125,13.2,11,0,0.05769231,0.25,84.58823529411765,0.470588235,5.268293663265631,1.9756101237246115,2.66666667,1.9756101237246115,0.3469387755102041,0.75757576,0.1875,0,0.3333333333333333,1.6829271424320764,142.31252971963758,145.13705679434284,4.418199787139892,0.29411765,,0.17757009,,-0.1767999678850174,-0.0126666392996291,8,3,1,3,0,0,0,9
Kai-Wei Teng,24282,678906,SFG,-0.1705530732870102,,-0.27,9.818182669395332,6.884254418190949,6.711934631126998,6.4101278861726945,94.26187838040866,,0.12727273,0.14545455,-0.01818182,11.0,4,0,0.1025641,0.51282051,89.52051407251602,0.435897435,5.727273223813944,6.545455112930221,0.875,1.6363637782325553,0.3513513513513513,0.56603774,0.133333333,0,0.3260869565217391,2.090909272186043,243.96268426026413,170.2216175208282,5.883549576961307,0.19047619,,0.20238095,,-0.0053700753487646,0.274126767540001,7,8,1,2,0,0,0,12
Yonny Chirinos,16401,630023,MIA,-0.17172372341156,,-0.19,6.3,4.664367540915238,6.133146444956462,5.519026561578115,92.94357115963857,,0.17361111,0.09027778,0.08333333,30.0,6,6,0.0776699,0.34951456,87.61286548576733,0.362745098,7.5,3.9,1.92307692,2.1,0.375,0.77235772,0.145833333,0,0.3359375,1.8666666666666667,150.73688886363053,149.93904222376383,5.0112691496913495,0.28333333,,0.19502074999999996,,-0.5105779767036438,0.4258328376965679,25,13,3,7,0,0,0,21
Brandon Williamson,25463,682227,CIN,-0.1720264423638582,,0.25,3.767442194689568,4.750641820771563,6.58508473273033,4.961467824847525,92.81027123235889,,0.20338983,0.08474576,0.11864407,14.1,4,3,0.075,0.425,90.005126953125,0.325,7.534884389379137,3.139535162241307,2.4,2.5116281297930456,0.1666666666666666,0.87719298,0.210526315,0,0.1923076923076923,1.0465117207471024,87.08094628935858,153.23480178403366,4.476023574696773,0.19379845,,0.17475728000000001,,0.1208699569106102,0.0771736553386149,12,5,2,4,0,0,0,6
John Curtiss,16128,595928,COL,-0.1758145093917846,,-0.23,15.42857353054776,7.508855767206976,13.452195465321632,6.197358950070541,94.03091251148896,,0.08333333,0.0,0.08333333,2.1,3,0,0.18181818,0.54545455,88.77272727272727,0.09090909,3.85714338263694,0.0,1.0,7.714286765273879,0.4444444444444444,0.625,0.333333333,0,0.5,2.57142892175796,328.9316474750792,310.62938806328884,6.437749918749811,0.4375,,0.24,,-0.2690620124340057,0.0513590025264916,1,0,0,2,0,0,0,4
Zebby Matthews,31827,805673,MIN,-0.1792611181735992,,-0.62,6.690265938430782,5.9043900863984025,5.715152516739616,4.046208480069212,94.87341069240196,,0.24293785,0.06214689,0.18079096,37.2,9,9,0.14049587,0.4214876,90.51239669421489,0.380165289,10.274336976875844,2.6283187615263786,3.90909091,2.6283187615263786,0.3636363636363636,0.67901235,0.207547169,0,0.3109756097560975,1.6460178102488432,165.09805252938068,140.34371545247242,3.7790520718282905,0.27433628,,0.23098591999999996,,-0.799481987953186,0.3471442204440187,43,11,2,11,0,0,0,28
Jonathan Bermúdez,21241,642834,MIA,-0.1803409364074468,,-0.12,8.10000077247627,5.571236406560231,7.6664802074432785,6.4880952262630895,88.96922200520834,,0.12121212,0.06060606,0.06060606,6.2,3,1,0.12,0.44,88.50400146484375,0.4,5.40000051498418,2.70000025749209,2.0,2.70000025749209,0.391304347826087,0.73770492,0.166666666,0,0.3793103448275862,1.9500001859665097,193.8045898787424,186.97775692094535,5.088311183275543,0.15254237,,0.13461537999999995,,-0.2386979795992374,-0.2303889766895756,4,2,2,2,0,0,0,6
Riley O'Brien,20348,676617,STL,-0.181096538901329,,-0.44,11.250002682209654,6.344147922706436,7.041480702162009,5.681490885692503,96.43820190429688,,0.23913043,0.17391304,0.06521739,8.0,8,0,0.07692308,0.42307692,88.95384803185097,0.384615384,12.37500295043062,9.000002145767724,1.375,2.250000536441931,0.4583333333333333,0.625,0.2,0,0.3513513513513513,2.6250006258489194,278.83495690738306,175.57579445522734,4.947423792401347,0.17,,0.24675325000000004,,-0.5514599084854126,-0.4392763379736237,11,8,1,2,0,0,0,10
Michael Petersen,20827,656848,- - -,-0.1820738166570663,,-0.26,5.949153311668436,5.104637585882095,5.556310595797628,6.033476877794053,97.1337640224359,,0.15555556,0.12222222,0.03333333,19.2,16,0,0.0625,0.375,88.7203140258789,0.265625,6.406780489489085,5.033898956027138,1.27272727,1.3728815334619469,0.2950819672131147,0.65972222,0.09375,0,0.2692307692307692,1.6271188544734183,144.39197684945026,132.92355044568734,5.493307358704498,0.3258427,,0.15425531999999997,,0.2620479613542557,0.1880020930975184,14,11,1,3,0,0,0,13
David Bednar,19569,670280,PIT,-0.1830412894487381,,-0.9,5.7745671106423515,4.26123008438489,4.796537761474123,4.865219951088323,97.318359375,,0.22137405,0.10687023,0.11450382,57.2,62,0,0.09248555,0.39306358,90.16000114889704,0.370588235,9.052024119385308,4.369942678323942,2.07142857,1.4046244323184098,0.274390243902439,0.62154696,0.1125,23,0.2337662337662337,1.4219654746927113,137.4247239399766,118.18796896416325,4.229277400691249,0.32186235,,0.25769231000000004,,-1.7171223163604736,-0.7975472825609917,58,28,3,9,0,0,0,37
Matt Sauer,22284,669422,KCR,-0.1838213950395584,,-0.24,7.714286314850345,5.743278082434471,6.656275968341141,7.323395045092614,95.3331074617347,,0.10714286,0.13095238,-0.02380952,16.1,14,0,0.0952381,0.42857143,90.22222222222224,0.317460317,4.959184059546651,6.061224961668128,0.81818182,1.653061353182217,0.3333333333333333,0.68181818,0.09090909,0,0.3194444444444444,2.081632815118347,186.20648335913947,164.24773413920457,6.282178191961712,0.25748503,,0.14012738999999996,,-0.0665219947695732,-0.2000806838881905,9,11,1,3,0,0,0,14
Jose E. Hernandez,22318,669796,PIT,-0.1839116513729095,,0.22,3.3750014081603203,9.78342111163668,6.353981108218987,6.751497035741556,93.44358723958334,,0.16,0.16,0.0,5.1,7,0,0.23529412,0.47058824,91.32941032858456,0.176470588,6.750002816320641,6.750002816320641,1.0,1.6875007040801602,0.25,0.92105263,0.1,1,0.238095238095238,1.6875007040801602,80.31920452680843,155.98033756998518,6.307871484014893,0.31578947,,0.31818181999999995,,0.0345519632101058,0.08888356758164,4,4,0,1,0,0,0,2
Tyler Matzek,10058,554431,ATL,-0.1851990669965744,,-0.46,9.900001888275506,7.199708085304299,5.966480312347514,4.0320908714804355,93.89904477415966,,0.20833333,0.0625,0.14583333,10.0,11,0,0.17142857,0.51428571,93.30285295758928,0.314285714,9.000001716614097,2.700000514984229,3.33333333,2.700000514984229,0.40625,0.54054054,0.23076923,0,0.3555555555555555,1.900000362396309,238.93704646994416,148.8650174439818,3.833145753839684,0.29885057,,0.13186812999999997,,0.1169860139489173,0.5789238952038269,10,3,0,3,0,0,0,11
Elieser Hernández,16933,622694,- - -,-0.1859892271459102,,-0.26,6.319149577277729,6.446452131414028,7.251586575721863,5.997985524282125,91.94078935895648,,0.125,0.078125,0.046875,15.2,9,1,0.15686275,0.52941176,91.9313725490196,0.215686274,4.595745147111075,2.8723407169444224,1.6,2.8723407169444224,0.1956521739130435,0.66666667,0.166666666,0,0.2372881355932203,1.212766080487645,154.09500454233384,172.87257933641277,5.988003481170289,0.20909091,,0.19642857000000002,,-0.3601420000195503,-0.8565853093348049,8,5,0,5,1,0,0,11
J.P. Feyereisen,16610,656420,LAD,-0.1919156610965728,,-0.31,8.181818891162775,8.327682741684093,6.711934631126998,5.365764923467216,91.89094669117648,,0.1875,0.10416667,0.08333333,11.0,10,0,0.18181818,0.42424242,92.64848188920456,0.333333333,7.363637002046499,4.090909445581388,1.8,2.454545667348833,0.2666666666666666,0.546875,0.1875,1,0.2619047619047619,1.4545455806511602,199.42667845750145,159.31807862934636,4.685616661110045,0.29166667,,0.19101124000000003,,-0.3013159930706024,-0.5323714426872238,9,5,1,3,0,0,0,10
Blake Walston,26270,686796,ARI,-0.1931314207613468,,-0.08,4.41818235444635,4.984467465518773,6.166480142420033,5.309472861089734,91.40726615287164,,0.21686747,0.12048193,0.09638554,18.1,7,2,0.09615385,0.36538462,90.11730487530048,0.346153846,8.8363647088927,4.909091504940389,1.8,1.9636366019761555,0.25,0.72649573,0.166666666,0,0.2285714285714285,1.4181819903161124,106.08751529013232,156.12018562734292,4.654433459784034,0.24444444,,0.18181818000000005,,0.1750118434429168,0.5883155187945692,18,10,3,4,0,0,0,9
Tom Cosgrove,23443,676680,SDP,-0.195130243897438,,-0.88,11.65909520506032,4.829526371077299,5.825571667163201,5.022127142394243,,,0.19736842,0.07894737,0.11842105,14.2,18,0,0.03921569,0.37254902,86.637998046875,0.38,9.204548846100252,3.681819538440101,2.5,1.8409097692200505,0.4166666666666667,0.48611111,0.166666666,0,0.3484848484848485,1.977273455828943,293.7820738649735,143.8134306241713,4.09262433665085,0.18309859,,0.16783216999999995,,-0.2705139219760895,0.1319261213997534,15,6,4,3,0,0,0,19
Jesse Chavez,5448,445926,ATL,-0.1964453607797622,,0.63,3.126316228850788,4.2449770496671535,4.42963785055274,3.881056661748712,,,0.20833333,0.0719697,0.13636364,63.1,46,0,0.06349206,0.35449735,87.3256705381016,0.430851063,7.815790572126971,2.7000003794620446,2.89473684,1.4210528312958128,0.2793296089385474,0.8030303,0.158730158,0,0.2459016393442623,1.247368596359658,75.45380036112105,110.99051800520864,3.8075314757733425,0.21325052,,0.15068493000000005,,-0.2054218053817749,-0.0283228045040729,55,19,1,10,0,0,0,22
Chris Stratton,13761,608717,KCR,-0.1981007903814315,,-0.77,5.554286561802584,4.983920574670581,4.623622857775041,5.168226449415517,91.87176368733508,,0.17120623,0.12840467,0.04280156,58.1,57,0,0.08474576,0.37853107,87.12045565518466,0.448863636,6.788572464425381,5.091429348319036,1.33333333,0.7714286891392479,0.2790697674418604,0.62195122,0.078125,4,0.2398190045248869,1.4742859392438958,134.06867803846208,113.52547590145868,5.019127279046125,0.23647295,,0.18309858999999995,,-0.7726378440856934,-0.7912817650404625,44,33,3,5,0,0,0,36
Tanner Rainey,17610,663432,WSN,-0.1986301094293594,,0.11,4.764706238743369,5.497908990480458,5.4213819077362455,5.902180267794263,94.21664437875376,,0.19047619,0.12554113,0.06493507,51.0,50,0,0.14285714,0.42857143,91.04771114174837,0.281045751,7.764706463137343,5.117647441613249,1.51724138,1.411764811479517,0.2671232876712329,0.75581395,0.094117647,0,0.2373737373737373,1.4901961898950458,115.56488286660536,132.31794105167327,5.09638609653244,0.2735426,,0.23644252,,0.17000612616539,0.9962955697259102,44,29,4,8,0,0,0,27
Kenny Rosenberg,20009,670046,LAA,-0.200484000146389,,-0.29,6.000000238418589,5.885937039492469,5.458146536019116,4.891825088996502,90.49851896324935,,0.16346154,0.07692308,0.08653846,24.0,7,1,0.10126582,0.37974684,90.3499990609976,0.371794871,6.37500025331975,3.0000001192092944,2.125,1.8750000745058089,0.3108108108108108,0.65517241,0.147058823,0,0.2916666666666667,1.5000000596046472,147.45105271461577,132.21175618693186,4.618464884577921,0.25120773,,0.21808510999999997,,-0.5975944101810455,-1.4533877544084426,17,8,0,5,0,0,0,16
JT Chargois,13767,608638,- - -,-0.2012924626469612,,0.8400000000000001,2.2293582272825416,4.225552567100892,4.900425066176217,4.584692066148183,94.80777316623264,,0.20547945,0.0890411,0.11643836,36.1,36,0,0.07920792,0.41584158,89.66633469987623,0.366336633,7.431194090941806,3.2201841060747824,2.30769231,1.486238818188361,0.1894736842105263,0.98039216,0.136363636,0,0.183206106870229,1.018348819869803,57.30763847763941,122.62371089177444,4.180103064659358,0.24521073,,0.22088353000000005,,0.0767239853739738,-0.0927620219338632,30,13,2,6,0,0,0,9
Riley Pint,21858,666207,COL,-0.2018441706895828,,-0.37,21.600008239749236,7.398944528411365,13.066483554841527,7.534494053887807,94.87266438802084,,0.31818182,0.22727273,0.09090909,3.1,4,0,0.125,0.375,91.04999542236328,0.25,18.900007209780583,13.500005149843274,1.4,5.400002059937309,0.5,0.43478261,0.4,0,0.3333333333333333,3.0000011444096164,460.504419394873,301.7715382757603,5.042384039426844,0.11111111,,0.31999999999999995,,-0.2402519881725311,-0.1514583232869197,7,5,2,2,0,0,0,8
Domingo Germán,17149,593334,PIT,-0.2027775943279266,,-0.51,7.838709918566978,5.543474945420382,6.118092772318102,5.796814642433885,90.841494140625,,0.18,0.13,0.05,20.2,7,2,0.07462687,0.35820896,88.8984892874053,0.333333333,7.838709918566978,5.661290496742818,1.38461538,1.7419355374593284,0.3333333333333333,0.61046512,0.133333333,0,0.2941176470588235,1.8387097339848468,186.5477577737934,150.25635476264102,5.248354069576786,0.29319372,,0.19444444000000005,,-0.4079518616199493,0.128791245258836,18,13,2,4,1,0,0,18
Kaleb Ort,20061,672391,HOU,-0.2159852683544159,,0.56,2.5540545148690095,3.030898557364,5.234047718898041,3.6289779351769167,97.55764124076354,,0.27956989,0.04301075,0.23655914,24.2,22,0,0.06349206,0.36507937,88.16935483870968,0.338709677,9.486488198084892,1.4594597227822912,6.5,2.5540545148690095,0.1607142857142857,1.0,0.205882352,0,0.1797752808988764,0.8108109571012729,63.86989576848524,128.96654853081634,2.9699604388711056,0.30357143,,0.25274725,,-0.0979719758033752,-0.1872923791219584,26,4,0,7,0,0,0,7
Johnny Cueto,6893,456501,LAA,-0.2237800657749176,,-0.18,7.147059023999018,10.843929929809402,7.490009311326238,5.303199071634356,91.26222330729166,,0.12,0.06,0.06,11.1,2,2,0.17073171,0.56097561,93.85365853658536,0.414634146,4.764706015999345,2.3823530079996726,2.0,3.176470677332897,0.2702702702702703,0.70175439,0.222222222,0,0.2978723404255319,1.5000000420738682,175.6402225043759,182.10735752777535,5.274616424096974,0.20779221,,0.14102563999999995,,-0.4202299416065216,-0.045042112019888,6,3,0,4,1,0,0,9
Nick Anderson,18337,623433,KCR,-0.2244325578212738,,0.25,4.037383465446648,5.253003292737705,5.073021970306268,4.751387457852154,94.74593777126736,,0.18954248,0.09803922,0.09150327,35.2,37,0,0.07407407,0.37962963,89.18796115451389,0.398148148,7.31775753112205,3.785046998856232,1.93333333,1.514018799542493,0.284313725490196,0.79812207,0.136363636,1,0.2554744525547445,1.4018692588356416,97.45385981149452,124.73965589072124,4.4436721816021,0.22745098,,0.21960784,,-0.0986479893326759,-0.1754520315775072,29,15,1,6,0,0,0,16
Sean Newcomb,16943,656794,OAK,-0.2258856296539306,,-0.07,6.300000600814877,5.703165928397615,7.066480150222814,5.978488452685706,93.87452294360632,,0.15555556,0.17777778,-0.02222222,10.0,7,0,0.06896552,0.44827586,88.73928397042411,0.5,6.300000600814877,7.2000006866455735,0.875,1.8000001716613934,0.2592592592592592,0.72368421,0.2,0,0.25,1.7000001621246492,162.63427663340127,180.1860267959204,5.966634264232418,0.15789474,,0.18421052999999998,,-0.0224079526960849,0.2029915301718843,7,8,1,2,0,0,0,7
Tanner Gordon,27669,685299,COL,-0.2335194051265716,,-1.07,8.650485757271692,5.796538030713502,6.137353674726539,4.508860757274178,92.18538519246688,,0.1625,0.0375,0.125,34.1,8,8,0.07936508,0.36507937,90.2147556992828,0.37704918,6.81553423300194,1.5728155922312168,4.33333333,2.6213593203853613,0.3706896551724138,0.57446809,0.204081632,0,0.3486842105263157,1.7184466655859592,184.42525007028732,142.64450597868506,4.480229984571803,0.32950192,,0.16871166000000004,,-1.4275778532028198,-0.3364520724434576,26,6,2,10,1,0,0,33
Cristian Mena,27974,691441,ARI,-0.237671285867691,,-0.17,12.0,10.39288538493039,13.49981311162313,7.35316045532624,95.435791015625,,0.13333333,0.2,-0.06666667,3.0,1,1,0.2,0.5,94.75999755859377,0.4,6.0,9.0,0.66666667,6.0,0.25,0.71428571,0.4,0,0.3333333333333333,2.3333333333333335,288.1388954442818,339.5791532632175,7.196742421186559,0.29268293,,0.26470587999999995,,-0.2690799832344055,-0.0854767603453213,2,3,0,2,0,0,0,4
Matt Bowman,13528,621199,- - -,-0.2399283871054649,,0.27,4.402174697361589,4.861357020975649,5.188219268929933,4.794315749329,93.8125991821289,,0.18181818,0.09848485,0.08333333,30.2,25,1,0.11827957,0.40860215,89.25161250945061,0.440860215,7.043479515778543,3.815218071046711,1.84615385,1.4673915657871963,0.2386363636363636,0.76470588,0.142857142,0,0.2222222222222222,1.2717393570155704,108.99263085075164,129.1507049626592,4.501666637434744,0.218107,,0.17209302000000004,,0.5480240061879158,0.8254668148239344,24,13,2,5,0,0,0,15
Steven Okert,13580,595345,MIN,-0.2403220632113516,,-0.22,5.094341322774918,4.0074741401333585,5.119310618686848,4.880227143224153,93.02947998046876,,0.20625,0.1,0.10625,35.1,44,1,0.08333333,0.2962963,85.49134797316331,0.326923076,8.405663182578614,4.075473058219934,2.0625,1.5283023968324754,0.3039215686274509,0.71428571,0.130434782,1,0.2624113475177305,1.500000500594837,125.71485783229753,125.5195524435131,4.344708622997292,0.21908127,,0.21863798999999995,,-1.8987883552908895,-1.2504197585507506,33,16,3,6,0,0,0,20
Daulton Jefferies,19345,641726,- - -,-0.2411702163517475,,-0.7,9.818182243788556,4.278732527463564,6.098298087198877,5.1301305558354,93.31519458912037,,0.16438356,0.05479452,0.10958904,14.2,6,1,0.08928571,0.35714286,87.65178571428571,0.392857142,7.363636682841418,2.454545560947139,3.0,2.454545560947139,0.3846153846153846,0.38461538,0.16,0,0.3529411764705882,1.9090909918477748,239.4534078526575,151.9597090782594,4.352086608667063,0.28682171,,0.17985611999999995,,-0.785361971706152,-1.0136263841379876,12,4,1,4,0,0,0,16
Jack Leiter,30146,683004,TEX,-0.2460983172059059,,-1.65,8.831776094515796,6.143947980520829,5.661806992295846,5.27243581748537,96.7057929574928,,0.17919075,0.0982659,0.08092486,35.2,9,6,0.09836066,0.44262295,91.23135427701273,0.381355932,7.822430255142562,4.289719817336244,1.82352941,1.766355218903159,0.3217391304347826,0.46125461,0.137254901,0,0.2875816993464052,1.710280450049091,222.71215310967796,138.01368509475722,4.846266313403994,0.26347305,,0.25460123,,-2.09283185005188,-0.8631109023488084,31,17,3,7,0,0,0,35
Matt Koch,13420,571863,COL,-0.2466430515050888,,-0.45,81.0000844896721,23.758699268298304,51.166529846243634,21.238549066258223,92.9669451032366,,0.0,0.2,-0.2,0.1,2,0,0.25,0.5,94.4499969482422,0.25,0.0,27.000028163224034,0.0,27.000028163224034,0.6666666666666666,0.0,0.5,1,0.75,12.00001251698846,1726.8927152633885,1176.7367072980198,9.249769084014892,0.23076923,,0.19999999999999996,,-0.4987040162086487,0.0794658536894066,0,1,0,1,0,0,0,3
Jonathan Heasley,22224,669169,BAL,-0.2487628757953643,,-0.62,16.87500100582844,8.557725976893257,8.791480113565942,5.050486195251729,93.5225132533482,,0.13793103,0.10344828,0.03448276,5.1,4,0,0.0952381,0.57142857,92.16666666666669,0.666666666,6.750000402331376,5.062500301748532,1.33333333,3.375000201165688,0.4210526315789473,0.26785714,0.5,0,0.4,2.4375001452863305,425.70702210863806,218.21877345438105,4.205715998063612,0.16,,0.22222222000000003,,-0.3743119835853576,-0.5701573215867566,4,3,1,2,0,0,0,10
Angel Chivilli,26790,683409,COL,-0.2489663511514663,,0.26,4.547369060146601,4.815778872672046,5.3138485011368015,3.920340745066252,96.16161653037383,,0.21052632,0.07518797,0.13533835,31.2,30,0,0.10638298,0.46808511,89.11064245345744,0.5,7.957895855256552,2.8421056625916257,2.8,1.989473963814138,0.2758620689655172,0.77639752,0.225806451,1,0.2540983606557377,1.2947370240695184,96.94827546238618,123.732761413082,3.7263751913014858,0.3649635,,0.35766423,,-0.3620399534702301,-0.5420950494846315,28,10,1,7,0,0,0,16
José Cisnero,6399,542585,LAA,-0.2503798604011535,,-0.42,6.893618559934822,5.984746989654952,6.2303102493719384,4.648362107684371,95.58019649621212,,0.22972973,0.10810811,0.12162162,15.2,15,0,0.08510638,0.40425532,88.01304560122283,0.413043478,9.76595962657433,4.595745706623215,2.125,2.2978728533116075,0.3255813953488372,0.58035714,0.222222222,0,0.28125,1.6595748385028275,169.41187888074364,151.17345639598966,4.07320772553515,0.22222222,,0.22377621999999997,,-0.330900102853775,0.0763391124790688,17,8,2,4,0,0,0,12
Yunior Marte,14416,628708,PHI,-0.2511533796787262,,-0.65,6.9230774309508565,6.281780808959258,5.628018420405656,4.581872580412649,97.20133231026786,,0.18110236,0.11811024,0.06299213,26.0,23,0,0.07865169,0.42696629,87.03820114992978,0.449438202,7.961539045593486,5.192308073213143,1.53333333,1.730769357737714,0.3452380952380952,0.64285714,0.2,0,0.3035714285714285,1.8846155228699557,165.20283030487124,135.3302339054489,4.645616987520991,0.27160494,,0.20952380999999998,,-0.4086340367794037,-0.1297447939197236,23,15,0,5,0,0,0,20
Mason Black,30171,696131,SFG,-0.255535215139389,,-0.49,6.440367535964505,5.894988273820502,5.450883647884043,5.23511653750691,92.52458370011738,,0.18343195,0.0887574,0.09467456,36.1,9,8,0.1,0.40833333,89.83697458475578,0.319327731,7.678899754419218,3.7155966553641377,2.06666667,1.7339451058365976,0.3451327433628318,0.70110701,0.127272727,0,0.304635761589404,1.6788992294608325,160.03056824296482,138.58904910030694,4.87751149880842,0.2715655,,0.14511041000000002,,-0.877797931432724,-0.1755276636750067,31,15,3,7,0,0,0,26
Bryse Wilson,19990,669060,MIL,-0.2562295123934746,,0.9,4.041401519374575,5.3000854549192375,5.0868620605457995,4.610771284475122,93.647109375,,0.18552036,0.07013575,0.11538462,104.2,34,9,0.09230769,0.44307692,89.6888575125774,0.377708978,7.050955842313089,2.665605257459826,2.64516129,1.7197453273934362,0.2688524590163934,0.80733945,0.143884892,0,0.2506142506142506,1.2707007141295945,98.7518438572896,124.50171313275386,4.3400211926515055,0.26535948,,0.18227848000000002,,1.0009803511202335,0.4732079055667382,82,31,4,20,2,0,0,47
Drew Smyly,11760,592767,CHC,-0.2569051384925842,,0.05,3.835227937737887,3.700570384901836,4.905116443397637,4.570626845413412,,,0.21789883,0.09727626,0.12062257,58.2,50,0,0.06358382,0.38150289,89.17023577008929,0.352941176,8.590910580532869,3.835227937737887,2.24,1.5340911750951551,0.2883435582822086,0.78873239,0.136986301,0,0.2489082969432314,1.3977275150866968,94.71075641567656,122.3489903837566,4.132105395796742,0.29019608,,0.23565574,,-1.8369797468185425,-1.5285800517383483,56,25,3,10,0,0,0,25
Zack Kelly,20349,677161,BOS,-0.2594481110572815,,0.43,3.970588814428605,4.18210735297374,4.84295061104854,3.936322898638508,96.61027187771268,,0.25311203,0.1120332,0.14107884,56.2,49,3,0.09933775,0.31125828,87.19666829427084,0.473333333,9.688236707205798,4.288235919582894,2.25925926,1.5882355257714422,0.2411347517730496,0.71186441,0.192307692,0,0.2075471698113207,1.2529413592196932,94.75995269297668,118.22453332648948,3.8423961807593616,0.24944812,,0.25675676000000003,,0.2197399884462356,-0.211339704879025,61,27,2,10,0,0,0,25
Jake Bloss,33168,814005,HOU,-0.2645530104637146,,-0.22,6.942857521212852,5.407130572354644,7.623622878327675,4.7738092827959475,93.59375,,0.2,0.05454545,0.14545455,11.2,3,3,0.14634146,0.29268293,86.90999755859374,0.25,8.485714748149041,2.314285840404284,3.66666667,3.857143067340473,0.3055555555555556,0.83333333,0.238095238,0,0.3076923076923077,1.6285715173215332,173.62181724537365,188.69199106569172,4.55276578614505,0.33050847,,0.22131148,,-0.3413800001144409,0.4225902053680225,11,3,0,5,0,0,0,9
Paolo Espino,8246,502179,TOR,-0.2669845372438431,,-0.27,8.307692917141027,9.805493788065188,9.051095594598024,7.342495603819321,88.21464186448317,,0.06818182,0.11363636,-0.04545455,8.2,3,1,0.17142857,0.45714286,90.48571428571428,0.314285714,3.1153848439278855,5.192308073213143,0.6,3.1153848439278855,0.34375,0.75949367,0.1875,0,0.3684210526315789,2.1923078531344378,207.81164891706663,220.15689046334091,6.692410708466326,0.27631579,,0.09859154999999997,,-0.2403380163013935,0.247520700159062,3,5,1,3,0,0,0,8
Jay Jackson,7432,543351,MIN,-0.2672027051448822,,-0.61,7.518988249451389,4.6811765940547065,5.444961066002337,3.826641971873295,92.03648639547414,,0.25438596,0.07894737,0.1754386,26.1,20,0,0.10526316,0.42105263,88.29999743009868,0.355263157,9.91139360154956,3.075949738411932,3.22222222,2.3924053520981694,0.3043478260869565,0.47794118,0.21875,0,0.2666666666666666,1.4050634607560677,185.548725327186,133.62152602194345,3.4752167010611097,0.2464455,,0.23529412000000005,,-0.5683640241622925,-0.9128336586558544,29,9,0,7,0,0,0,22
Jacob Latz,21306,656641,TEX,-0.2774646878242492,,0.2,3.709924852478184,4.884216850421023,5.044342975223197,5.197147697797357,95.15597792288555,,0.20833333,0.140625,0.06770833,43.2,46,0,0.08870968,0.40322581,87.98842652376032,0.360655737,8.24427744995152,5.564887278717276,1.48148148,1.236641617492728,0.2796610169491525,0.80204778,0.107142857,0,0.2378048780487804,1.5114508658244452,93.55370232761996,122.76239582240515,4.852186987519421,0.29166667,,0.25974025999999995,,-0.9812098145484924,-0.5823134211810581,40,27,1,6,0,0,0,18
Zach Plesac,19979,668676,LAA,-0.2832565307617187,,-0.29,8.250000655651144,8.084902110397175,8.416480195522341,7.359164991641856,90.40425441576087,,0.09259259,0.12962963,-0.03703704,12.0,3,3,0.23809524,0.45238095,90.85122308498477,0.195121951,3.7500002980232474,5.250000417232546,0.71428571,3.000000238418598,0.2105263157894736,0.59701493,0.153846153,0,0.2553191489361702,1.5833334591653712,202.7452055389676,204.85831416398827,7.497679730101096,0.18947368,,0.15789474000000003,,-0.3776999711990356,-0.1669650005457792,5,7,0,4,1,0,0,11
Allan Winans,21238,642216,ATL,-0.2853026986122131,,-0.6,15.260870830773962,6.831675154216338,8.77517589558279,5.660403993221923,90.34786854619566,,0.09756098,0.09756098,0.0,7.2,2,2,0.15151515,0.39393939,85.54242128314394,0.515151515,4.695652563315065,4.695652563315065,1.0,3.521739422486299,0.3666666666666666,0.28985507,0.3,0,0.3783783783783784,2.3478262816575324,368.3218896334597,218.08352352735577,5.624157373914331,0.3030303,,0.26315789,,-0.8661119937896729,-0.2810659877286816,4,4,0,3,0,0,0,13
Zack Thompson,25918,668868,STL,-0.2877912055701017,,-0.66,9.529412833877208,4.815405843104245,6.990009619042996,4.358490790669892,91.4054765279314,,0.24096386,0.09638554,0.14457831,17.0,5,2,0.12962963,0.40740741,88.97547077682783,0.407407407,10.588236482085788,4.235294592834315,2.5,3.176470944625736,0.375,0.6097561,0.272727272,0,0.3243243243243243,1.8823531523708064,236.18958074460804,174.30574502586705,4.01912825788537,0.30573248,,0.19333332999999997,,-0.4314918294548988,-0.0067880972044965,20,8,1,6,0,0,0,18
Adam Mazur,31900,800049,SDP,-0.2898928523063659,,-0.66,7.485149080268866,5.70307929829709,6.22588594998699,6.199522444549446,94.57932044719828,,0.13924051,0.13291139,0.00632911,33.2,8,8,0.0619469,0.38938053,90.66726009402656,0.336283185,5.881188563068394,5.61386181020165,1.04761905,1.6039605172004712,0.3177570093457944,0.64102564,0.117647058,0,0.2962962962962963,1.8118813249857175,188.60834235537143,153.57177937288702,6.048006514590544,0.21381579,,0.15686275000000005,,-1.1414740085601809,0.1628408354335235,22,21,2,6,1,0,0,28
Spencer Bivens,30226,702352,SFG,-0.2912105731666088,,0.57,3.143835965543325,4.034626757495979,4.789767629779487,3.9701599096704823,94.8433920370566,,0.18316832,0.05445545,0.12871287,48.2,27,2,0.07843137,0.36601307,88.73552503083882,0.539473684,6.842466513241354,2.034246801233916,3.36363636,1.6643837464641134,0.2638888888888889,0.84051724,0.176470588,1,0.2473684210526315,1.191780954258254,78.11819018388098,122.0054232560805,3.787776976491468,0.21449275,,0.16193181999999995,,0.0190820395946502,0.0578269319536358,37,11,1,9,0,0,0,17
Jordan Romano,16122,605447,TOR,-0.292381227016449,,-0.31,6.5853666195481715,7.228669814110568,6.166480127195074,4.353027573262517,96.5783999544903,,0.20967742,0.06451613,0.14516129,13.2,15,0,0.13636364,0.5,91.64651276344476,0.279069767,8.560976605412623,2.6341466478192688,3.25,2.6341466478192688,0.3,0.71428571,0.222222222,8,0.2807017543859649,1.4634148043440385,164.72875316660955,149.4123112703228,3.927063114113403,0.3047619,,0.23529412000000005,,-0.16851806640625,-0.0618356735886619,13,4,1,4,0,0,0,10
Jonathan Bowlan,24607,680742,KCR,-0.2951819598674774,,-0.2,13.500003218651583,6.697594601376706,18.91648353338331,7.126496484097351,95.559033203125,,0.17647059,0.17647059,0.0,2.2,1,1,0.09090909,0.36363636,85.71818403764205,0.363636363,10.125002413988687,10.125002413988687,1.0,10.125002413988687,0.375,1.0,0.6,0,0.4285714285714285,3.3750008046628963,325.86139820128557,470.18553086893934,6.12280173936725,0.26470588,,0.3125,,-0.3270620107650757,0.0884794165049598,3,3,0,3,0,0,0,4
Brendon Little,21574,663893,TOR,-0.3062556087970733,,0.18,3.744526381561142,4.138663260821949,4.896407170940849,3.565899607214159,,,0.1865285,0.0984456,0.0880829,45.2,49,0,0.05839416,0.37956204,87.92255785949249,0.708955223,7.0948920913790054,3.744526381561142,1.89473684,1.3795623511014732,0.2615384615384615,0.78125,0.35,1,0.2369942196531791,1.3138689058109267,93.6669433411688,118.26404286159406,3.3921597731946926,0.26628895,,0.27672956000000004,,0.1411562263965606,0.5265636113262352,36,19,1,7,0,0,0,19
Max Meyer,27474,676974,MIA,-0.313399076461792,,-0.16,5.684210526315789,4.648862266373837,5.9033218835529535,4.434559539770871,94.15740184294872,,0.18548387,0.0766129,0.10887097,57.0,11,11,0.13888889,0.47777778,90.595556640625,0.5,7.263157894736843,3.0,2.42105263,2.210526315789474,0.2891566265060241,0.71428571,0.215384615,0,0.2743362831858407,1.4210526315789471,136.00320799726063,144.3874744121846,4.441428885883986,0.26915521,,0.21786492000000002,,-0.8399337530136108,0.1026354015705854,46,19,3,14,3,0,0,36
Julian Aguiar,30031,687924,CIN,-0.3183863759040832,,-0.13,6.2526320810926,4.8049030307994425,6.861216917117241,5.868892737381621,94.37644675925924,,0.13571429,0.08571429,0.05,31.2,7,7,0.11538462,0.35576923,88.8588196997549,0.372549019,5.400000433670882,3.4105265896868726,1.58333333,2.273684393124582,0.2291666666666666,0.69832402,0.166666666,0,0.2439024390243902,1.3263158959893393,144.52381490769227,159.58893925475127,5.450180701196989,0.22807018,,0.16412214000000003,,-0.2912740111351013,0.3813851855042429,19,12,5,8,2,0,0,22
Colin Poche,19403,621363,TBR,-0.3185382783412933,,0.48,3.85714338263694,3.683681481008725,4.880765726128435,4.58977762031728,91.30698902027028,,0.21568627,0.08496732,0.13071895,37.1,43,0,0.08411215,0.42056075,91.05428757440475,0.333333333,7.955358226688689,3.1339289983925136,2.53846154,1.6875002299036612,0.23,0.81325301,0.132075471,2,0.2142857142857142,1.1517858712040865,99.65286408748764,123.02693830498416,4.118668852526714,0.25704225,,0.19305019,,0.1014360338449478,-0.321097233767228,33,13,0,7,0,0,0,16
Lucas Sims,13470,608371,- - -,-0.3233626186847687,,0.49999999999999994,4.378379422265379,4.31791810606747,5.234047838804002,5.332654725448332,94.43479322350544,,0.22790698,0.13953488,0.08837209,49.1,58,0,0.09701493,0.31343284,85.37727494673295,0.28030303,8.939191320458482,5.472974277831724,1.63333333,1.459459807421793,0.2619047619047619,0.79288026,0.111111111,1,0.2240437158469945,1.4391895323187125,102.57297499044684,124.21950657090858,4.753479130646915,0.26327434,,0.23227383999999995,,-0.1880261600017547,0.0944002231337266,49,30,2,8,0,0,0,24
Justin Wrobleski,31204,680736,LAD,-0.3243899587541818,,-0.32,5.6972479058098715,6.2900072250580354,6.359140440482767,5.178087515797033,95.08825055803572,,0.16883117,0.1038961,0.06493507,36.1,8,6,0.11711712,0.36936937,90.02636940696023,0.309090909,6.440367197872029,3.963302890998172,1.625,2.2293578761864716,0.2450980392156862,0.703125,0.183673469,1,0.2481751824817518,1.3761468371521428,138.86682671891157,151.03534712715276,5.219768651685024,0.23773585,,0.19780220000000004,,-0.3511718809604645,-0.0231959123447409,26,16,1,9,0,0,0,23
Brandon Bielak,19866,656232,- - -,-0.3286946713924408,,0.07,5.157303978677211,6.664735407257842,5.930525047907647,5.982043139612509,92.1554093070652,,0.1,0.09285714,0.00714286,29.2,16,0,0.0990991,0.38738739,89.21531443552928,0.387387387,4.247191511851821,3.943820689576691,1.07692308,1.5168541113756504,0.320754716981132,0.78723404,0.113636363,0,0.312,1.7528091953674183,130.44022850089536,148.25904510663213,5.567814991116174,0.23773585,,0.13304720999999997,,-0.1171019673347473,-0.1996215782509492,14,13,2,5,0,0,0,17
Jake Bird,21267,656234,COL,-0.3447888195514679,,0.39,4.5000008583070485,5.633284574717496,5.416480207443319,5.416889244209843,94.70468139648438,,0.16756757,0.13513514,0.03243243,40.0,35,0,0.088,0.416,88.2504116089876,0.467213114,6.9750013303759255,5.62500107288381,1.24,1.125000214576762,0.3166666666666666,0.78461538,0.116279069,1,0.2756410256410256,1.7000003242493291,95.93840240846018,126.08969209943106,5.13976651896135,0.25386997,,0.21262457999999995,,-0.507727861404419,-0.1332169895284775,31,25,4,5,0,0,0,20
Austin Pruitt,15290,643493,TEX,-0.3556107878684997,,-0.3,12.461542118231588,26.58597765051832,13.781867508635225,7.573265821357446,91.88704612038352,,0.04166667,0.125,-0.08333333,4.1,4,0,0.25,0.35,87.475,0.25,2.076923686371931,6.230771059115794,0.33333333,6.230771059115794,0.2941176470588235,0.73529412,0.375,0,0.3809523809523809,2.538462283343472,314.24447885875134,338.5782336668658,7.125123191840254,0.19512195,,0.05714286000000002,,-0.2399059981107711,-0.0201015284527507,1,3,0,3,0,0,0,6
Mitch White,19225,669952,- - -,-0.3573391884565353,,-0.5800000000000001,7.225352889085462,6.408906915058172,6.039719523657114,5.6952790830012034,94.34982584635416,,0.11818182,0.11818182,0.0,23.2,13,0,0.08433735,0.42168675,89.30493766878858,0.407407407,4.943662503058474,4.943662503058474,1.0,1.521126924017992,0.2784810126582278,0.55232558,0.137931034,0,0.2708333333333333,1.647887501019491,178.9730621549011,148.47760171079824,5.598784456343849,0.28877005,,0.14150943000000005,,-0.5498307645320892,-0.7330594590795043,13,13,1,4,0,0,0,19
Louis Varland,27691,686973,MIN,-0.3618416413664818,,-1.33,7.610738644733743,5.3463806561402825,5.54231882611673,4.136637126381421,96.24626247545812,,0.20588235,0.06722689,0.13865546,49.2,16,7,0.0887574,0.44970414,90.58922097211828,0.419161676,8.879195085522701,2.899329007517617,3.0625,2.1744967556382124,0.3566878980891719,0.61797753,0.210526315,0,0.3119266055045872,1.6912752543852765,187.8128821961834,136.0437244454506,4.038915298493828,0.25307125,,0.21881837999999998,,-1.0049339532852173,0.5541245151870211,49,16,4,12,1,0,0,42
Bryan Sammons,20462,676614,DET,-0.367956668138504,,0.44,3.6219513880079033,4.439670340130718,5.800626242295543,5.491567204242505,91.5142830569728,,0.17307692,0.08653846,0.08653846,27.1,6,0,0.09210526,0.31578947,87.37600260416667,0.2,5.926829544012932,2.963414772006466,2.0,1.9756098480043107,0.1428571428571428,0.85227273,0.130434782,0,0.1702127659574468,0.9146341888908848,89.83096975680185,142.33889558707023,5.238999049314758,0.33333333,,0.21693121999999998,,0.1641381233930587,0.413660997341801,18,9,1,6,0,0,0,11
Jose Cuas,17701,621016,- - -,-0.3727004528045654,,-0.54,7.714286765273879,6.762182482491235,7.023623160926735,5.969104242347868,91.91716003417967,,0.20481928,0.12048193,0.08433735,16.1,13,0,0.11764706,0.43137255,92.7529416551777,0.333333333,9.367348214975426,5.510204832338485,1.7,2.2040819329353942,0.3191489361702128,0.66901408,0.173913043,0,0.2794117647058823,1.7755104459757345,191.03192670730067,173.63684834983914,4.625115197653265,0.24571429,,0.22695034999999997,,-0.6606139689683914,-1.2957583808620887,17,10,5,4,0,0,0,14
Will Smith,8048,519293,KCR,-0.3789942264556885,,-0.91,6.532258868341614,5.412219868922562,5.271318746977649,5.410880167333589,91.34497568558672,,0.15591398,0.08064516,0.07526882,41.1,45,0,0.08633094,0.30935252,87.00437671076642,0.306569343,6.31451690606356,3.266129434170807,1.93333333,1.5241937359463766,0.2878787878787879,0.60150376,0.109375,1,0.2678571428571428,1.451613081853692,157.6748519074173,129.68789829457992,4.850828634422779,0.26911315,,0.22292994,,-1.4054309129714966,-0.8336834695594963,29,15,3,7,0,0,0,30
Brad Keller,15734,641745,- - -,-0.384687889367342,,-0.29,5.4435489313536,4.725645970859205,5.682609062115459,4.644425375369136,,,0.16666667,0.078125,0.08854167,41.1,16,2,0.1048951,0.39160839,88.55319322085549,0.5,6.967742632132609,3.2661293588121603,2.13333333,1.959677615287296,0.291044776119403,0.70610687,0.183673469,1,0.2742857142857143,1.524193700779008,131.74466774453117,137.46745700142228,4.363812662115292,0.26666667,,0.19648094000000005,,-0.9180498942732812,-0.7510108951506234,32,15,2,9,0,0,0,25
Isaiah Campbell,25551,663462,BOS,-0.3894580602645874,,-1.27,16.20000154495254,8.294895040855689,8.116480250358627,3.627287387835514,93.81863536005434,,0.16216216,0.05405405,0.10810811,6.2,8,0,0.10344828,0.48275862,90.60689991918105,0.517241379,8.10000077247627,2.70000025749209,3.0,4.050000386238135,0.4230769230769231,0.25423729,0.5,0,0.4,2.400000228881858,386.6205874673943,199.37997390092272,3.677761956829428,0.26229508,,0.21052632000000004,,-1.071526050567627,0.1261916673795676,6,2,0,3,0,0,0,12
Emerson Hancock,27470,676106,SEA,-0.3897972106933594,,-0.55,4.747252946256404,5.935570287675971,5.6884579059885105,5.235502631981925,93.72014111467236,,0.14661654,0.07142857,0.07518797,60.2,12,12,0.0990099,0.46039604,88.54109297648515,0.346534653,5.7857145282499935,2.81868143683974,2.05263158,1.780219854846152,0.2631578947368421,0.71225071,0.14117647,0,0.2572614107883817,1.335164891134614,126.25599584909236,145.83746133348615,5.109002371224007,0.26501035,,0.19329388999999997,,-0.844671905040741,0.2735962408513344,39,19,6,12,4,0,0,32
Jonathan Hernández,17464,642546,- - -,-0.3981681801378727,,-0.5,5.400000871511747,4.76873387793588,5.174172410005701,4.8396574266637895,96.26934814453124,,0.203125,0.14583333,0.05729167,43.1,29,1,0.08870968,0.39516129,89.21057228150407,0.495934959,8.10000130726762,5.8153855539357275,1.39285714,1.2461540472719417,0.2966101694915254,0.68181818,0.142857142,0,0.2515337423312883,1.5923079492919252,137.03146909102512,126.1816823766379,4.850500821248937,0.28604651,,0.28089887999999996,,-0.4642539322376251,-0.4804469038910131,39,28,1,6,0,0,0,26
Thyago Vieira,14510,600986,- - -,-0.4014531597495079,,0.05000000000000002,5.210527100391453,4.950219527706966,6.061217056285047,5.035331677268653,97.6266926804634,,0.22033898,0.14689266,0.07344633,38.0,28,0,0.09090909,0.43636364,89.48476373581659,0.3853211,9.236843496148484,6.15789566409899,1.5,1.894737127415074,0.284313725490196,0.78066914,0.186046511,1,0.2483221476510067,1.6578949864881898,124.11458788747608,148.21168559652443,4.74749364196581,0.23563218,,0.23885350000000005,,-0.4137378158047795,-0.5974416026964988,39,26,2,8,0,0,0,22
Mike Baumann,20206,657508,- - -,-0.4084940366446972,,-0.64,5.554286749088714,4.718778972941614,4.82933723094907,4.689873294931226,96.69837590360092,,0.21969697,0.10606061,0.11363636,58.1,57,0,0.09195402,0.43678161,91.14277393142612,0.393063583,8.948573095754039,4.320000804846777,2.07142857,1.3885716872721785,0.303030303030303,0.6505102,0.125,0,0.2543103448275862,1.4914288492923398,139.40221356729592,120.38674214808202,4.185851451428389,0.27431907,,0.22157996000000002,,-1.2316258666105568,-0.8240163142813925,58,28,4,9,0,0,0,36
Alex Faedo,19874,656412,DET,-0.4114124700427055,,0.65,3.610465676801365,4.410213733845286,4.910666095585141,4.425930484872542,94.10687050122893,,0.22357724,0.11382114,0.1097561,57.1,37,6,0.0625,0.34375,88.3301282051282,0.388535031,8.63372227061196,4.395349519584271,1.96428571,1.41279091700923,0.2649006622516556,0.83086053,0.152542372,0,0.227906976744186,1.343023464317416,89.54610326758113,120.21767340363192,4.277877878459227,0.31351351,,0.30271399,,-0.8670958280563354,-0.6321336979062964,55,28,3,9,0,0,0,23
Hurston Waldrep,33527,694462,ATL,-0.415991723537445,,-0.6,16.71428799142674,6.042384249608315,11.737909517482995,8.326492490174118,95.8212245725236,,0.08333333,0.22222222,-0.13888889,7.0,2,2,0.04166667,0.33333333,84.89166768391927,0.458333333,3.85714338263694,10.28571568703184,0.375,3.85714338263694,0.2857142857142857,0.36231884,0.3,0,0.3333333333333333,2.428571759438073,403.4001863423101,291.09819854410983,8.239478363834507,0.22058824,,0.20754717,,-0.7858240604400635,-0.1657869716741848,3,8,1,3,0,0,0,13
Jordan Leasure,29950,673929,CHW,-0.4197940528392792,,-0.37,6.319149961942301,4.770309053390638,5.815416378497932,5.449300463974536,96.25878614738808,,0.18309859,0.12676056,0.05633803,31.1,33,0,0.07216495,0.35051546,88.82842310855263,0.357894736,7.468086318659084,5.170213605225519,1.44444444,1.723404535075173,0.2857142857142857,0.68075117,0.136363636,2,0.2601626016260163,1.5957449398844197,156.71637058169978,138.8933121961129,4.987833033175905,0.23247232,,0.23985239999999997,,-1.212499737739563,-0.4110678824389634,26,18,1,6,0,0,0,22
Ty Adcock,25651,686654,NYM,-0.4219827651977539,,-0.38,14.538465804603518,12.370019066964202,15.166483299549842,6.306805851165462,96.52435487689394,,0.14285714,0.0952381,0.04761905,4.1,3,0,0.25,0.5,90.01875305175781,0.25,6.230771059115794,4.153847372743862,1.5,8.307694745487725,0.25,0.58823529,0.444444444,0,0.3684210526315789,2.076923686371931,364.6664915685007,370.57242535048977,5.550087369960901,0.28947368,,0.13636364,,0.0770700126886367,0.2883752989957076,3,2,0,4,0,0,0,7
Kent Emanuel,15849,592288,MIA,-0.4276659190654754,,-0.33,6.622642462768909,5.6983609267152575,6.449499118807716,4.961054163362082,,,0.14634146,0.08536585,0.06097561,17.2,12,0,0.1,0.45,89.45833333333333,0.6,6.113208427171301,3.5660382491832587,1.71428571,2.0377361423904334,0.2857142857142857,0.6557377,0.235294117,0,0.2777777777777778,1.5283021067928253,158.45659061808848,157.58075514832868,4.299768045298939,0.15909091,,0.11475409999999997,,-0.3270019292831421,0.2308127745566085,12,7,3,4,0,0,0,13
Dominic Leone,13763,608678,CHW,-0.4314256906509399,,-0.66,6.631580944537397,5.950147196096693,6.324375466164746,4.7812237431827995,95.06306966145831,,0.19101124,0.15730337,0.03370787,19.0,23,0,0.10344828,0.34482759,88.00351219846492,0.49122807,8.052634004081124,6.631580944537397,1.21428571,1.8947374127249703,0.2962962962962963,0.59859155,0.266666666,0,0.2666666666666666,1.789474223129139,164.46473071628472,151.206172002507,5.076387081628794,0.33039648,,0.35542169,,-0.9387620091438292,-0.067481334073481,17,14,0,4,0,0,0,14
Génesis Cabrera,17490,650893,TOR,-0.4374055564403534,,-0.05,3.5904263332993867,4.329186410951043,5.129246173826793,4.7437235628130665,96.04533192334254,,0.18450185,0.10701107,0.07749078,62.2,69,0,0.07368421,0.41052632,89.8026717078877,0.427807486,7.180852666598773,4.164894546627289,1.72413793,1.4361705333197543,0.2944444444444444,0.7875,0.142857142,2,0.2625,1.4680854340601937,89.81222874749369,123.97436975439064,4.579663710552135,0.28731343,,0.24497992000000002,,1.38653302192688,1.2946287872557878,50,29,2,10,0,0,0,25
Darren McCaughan,20038,670766,- - -,-0.4379660189151764,,-0.53,6.214285996495474,5.539843721937339,6.118860864747415,5.853160577336643,89.50085580949303,,0.14358974,0.07692308,0.06666667,42.0,12,5,0.08219178,0.39041096,89.13873205050616,0.342657342,6.000000272478388,3.2142858602562794,1.86666667,1.928571516153768,0.3211678832116788,0.68403909,0.128571428,2,0.3045977011494253,1.619047692573533,150.27322224595227,150.5724505465779,5.136803466620789,0.21296296,,0.13043477999999997,,-0.4169449731707573,0.0252969453521821,28,15,6,9,0,0,0,29
Victor González,16408,624647,NYY,-0.4382261931896209,,0.05,3.857144013230028,5.305465448299643,5.952194898955927,5.965575698470868,,,0.11340206,0.13402062,-0.02061856,23.1,27,0,0.07142857,0.44285714,89.2536231884058,0.550724637,4.242858414553031,5.014287217199036,0.84615385,1.1571432039690084,0.1492537313432835,0.68548387,0.115384615,2,0.1604938271604938,1.1142860482664525,96.99431057877696,143.55284073298012,5.732273140836066,0.25592417,,0.17575757999999997,,0.0095080910250544,-0.0682186108491734,11,13,3,3,0,0,0,10
Wandy Peralta,14295,593974,SDP,-0.4607777893543243,,0.37,3.991305274603037,5.246207000406195,5.4621324852510185,4.847322845727306,95.571787109375,,0.13580247,0.08024691,0.05555556,38.1,46,0,0.08196721,0.43442623,89.1344537815126,0.529411764,5.165218590662754,3.052174621755263,1.69230769,1.40869597927166,0.2327586206896551,0.75117371,0.166666666,0,0.2291666666666666,1.2000002786388215,100.5716070053329,134.9539758452167,4.566563251754781,0.32448378,,0.17182131,,-0.865875244140625,-0.5974344114495683,22,13,5,6,0,0,0,17
Caden Dana,31508,702674,LAA,-0.4630952179431915,,-0.46,9.580645456026309,6.905113482566991,10.230996124652629,5.842877532969299,93.85837131076389,,0.15384615,0.13461538,0.01923077,10.1,3,3,0.13888889,0.41666667,91.23055013020831,0.555555555,6.9677421498373135,6.096774381107649,1.14285714,4.354838843648321,0.2903225806451613,0.66666667,0.384615384,0,0.3181818181818182,2.0322581270358833,235.44603367364465,249.41662023011045,5.551697191822355,0.2254902,,0.24731183,,-0.5192238092422485,0.2192309947002921,8,7,1,5,1,0,0,11
Roansy Contreras,22810,672710,- - -,-0.464963249862194,,0.42000000000000004,4.346342029560261,4.9757411269249054,5.156723939973955,4.900578019532056,94.90462764616936,,0.18791946,0.10402685,0.08389262,68.1,49,3,0.09661836,0.43478261,89.81568699257046,0.443902439,7.375610716829533,4.082927361102063,1.80645161,1.4487806765200868,0.2653061224489796,0.75060533,0.13253012,2,0.2395437262357414,1.3756099352816986,105.9935246172232,125.32258396816472,4.5479167046216205,0.27326733,,0.19488189,,-1.448557548224926,-1.8695367240771663,56,31,4,11,0,0,0,33
Giovanny Gallegos,14986,606149,STL,-0.4656780958175659,,-0.33,6.532260074080213,4.730403852345589,6.360029147840121,4.049068830021443,92.47981219103109,,0.22340426,0.10638298,0.11702128,20.2,21,0,0.0952381,0.41269841,86.86349051339286,0.476190476,9.1451641037123,4.354840049386809,2.1,2.612904029632085,0.3157894736842105,0.7421875,0.3,1,0.2857142857142857,1.6451617964350167,161.90417973360186,158.76097134956223,4.008319391377125,0.29816514,,0.25668449000000004,,-0.4829678237438202,0.1909752836434822,21,10,0,6,0,0,0,15
Tommy Henry,26285,674072,ARI,-0.4716301560401916,,-0.76,7.043478319279864,6.40970031821014,6.375175457072844,5.21629901699248,90.19022216796876,,0.16483516,0.0989011,0.06593407,38.1,9,7,0.1,0.41538462,91.46608780570652,0.434108527,7.043478319279864,4.226086991567919,1.66666667,2.113043495783959,0.3305785123966942,0.68493151,0.1875,0,0.30625,1.747826101450929,169.12500525025385,161.34114411067353,5.0149776514452284,0.24749164,,0.15333333000000005,,-1.0692398995161057,0.3437615911236471,30,18,4,9,1,0,0,30
Bailey Horn,27753,690544,BOS,-0.4828387498855591,,-0.34,6.500002066295009,6.078728813738428,6.999814330207364,4.732709970600402,94.91822645399306,,0.14772727,0.11363636,0.03409091,18.0,18,0,0.10769231,0.41538462,90.7453155517578,0.46875,6.500002066295009,5.0000015894577,1.3,2.50000079472885,0.2833333333333333,0.72,0.3125,0,0.282051282051282,1.7777783429182932,155.12557887337013,171.6962426659644,4.896433112994079,0.2016129,,0.21428570999999996,,-0.5665440559387207,-0.263554766376419,13,10,0,5,0,0,0,13
Jordan Weems,13190,607179,WSN,-0.4848953485488891,,-1.03,6.696001021728671,5.235844737693034,5.542480140838679,5.426907622915225,96.14769262749444,,0.17857143,0.12244898,0.05612245,41.2,41,0,0.08888889,0.42962963,89.71127525845864,0.406015037,7.560001153564629,5.1840007910157455,1.45833333,1.512000230712926,0.328125,0.61349693,0.122807017,0,0.288235294117647,1.7520002673340251,162.40719468884393,135.2337205127901,4.918629306458795,0.24786325,,0.16806723,,-1.6770071983337402,-1.1516961611014147,35,24,2,7,0,0,0,31
Guillo Zuñiga,19588,670871,LAA,-0.5001742243766785,,-0.08,5.094340355976084,4.179602229993337,7.015536936138392,5.219169787184608,97.20100911458331,,0.15789474,0.10526316,0.05263158,17.2,15,0,0.07272727,0.49090909,90.46908735795456,0.363636363,6.113208427171301,4.075472284780867,1.5,2.547170177988042,0.22,0.83333333,0.227272727,2,0.2388059701492537,1.3584907615936224,125.19430308776248,170.45593856025306,4.965661215666692,0.20634921,,0.18032786999999995,,0.5345804691314697,1.422981236150829,12,8,1,5,0,0,0,10
Chase Anderson,6895,502624,- - -,-0.5006175115704536,,-0.66,5.40000020599366,4.586393633223242,5.6864798744201694,5.526448132375804,93.8322345684101,,0.16470588,0.08235294,0.08235294,58.1,29,1,0.08510638,0.32978723,86.4877038639497,0.315508021,6.480000247192392,3.240000123596196,2.0,1.8514286420549693,0.2443181818181818,0.61708861,0.12371134,3,0.2391304347826087,1.3028571925572006,130.33333197363194,139.07313605300237,4.832713493872817,0.23123732,,0.22080679000000003,,-1.2143438905477524,-4.21991288420798,42,21,4,12,0,0,0,35
Nick Nastrini,29833,680897,CHW,-0.5261313346563838,,-0.75,7.065420875612636,6.3211017777696314,7.372087442344936,7.3642511160138096,93.87392042921827,,0.14942529,0.20689655,-0.05747126,35.2,9,8,0.12612613,0.31531532,87.69639628642314,0.315315315,6.560747955926019,9.084112554359104,0.72222222,1.766355218903159,0.2403846153846154,0.60810811,0.116666666,0,0.2335766423357664,1.9065421410383303,175.22406066113516,176.55267036119602,7.182650357570814,0.22641509,,0.26369863000000004,,-1.2535578235983849,-0.0408595570449954,26,36,1,7,1,0,0,28
Erasmo Ramírez,10314,541640,TBR,-0.5322167277336121,,-0.16,4.3548392455610765,4.267252188592063,6.456802763824831,5.652815680975872,91.87643432617188,,0.17647059,0.11764706,0.05882353,20.2,13,0,0.15254237,0.3220339,87.97627284163136,0.372881355,6.532258868341614,4.3548392455610765,1.5,2.1774196227805382,0.1296296296296296,0.6875,0.15625,1,0.1621621621621621,1.064516260026041,112.51129667989416,163.36640273225694,5.032992050291522,0.20472441,,0.21985816000000002,,0.0025516115128993,0.1265483186374173,15,10,1,5,0,0,0,10
Brandon Hughes,23460,676714,ARI,-0.5446330606937408,,-0.39,8.150945009562566,9.71402671174006,8.71365068757543,5.137662827016292,92.41499644312366,,0.23595506,0.11235955,0.12359551,17.2,15,2,0.21428571,0.41071429,86.54821068899972,0.285714285,10.698115325050868,5.094340630976604,2.1,4.075472504781283,0.3333333333333333,0.80645161,0.296296296,0,0.3116883116883117,1.9245286828133836,195.71702432353655,219.8430904196366,4.236756363135479,0.28089888,,0.25641026,,-0.043871983885765,0.7926837500969305,21,10,2,8,0,0,0,16
George Soriano,21863,666277,MIA,-0.5495513081550598,,-0.64,6.750001170418682,6.7634322920221415,6.030116638467417,4.8350361254577106,94.27141367364251,,0.22137405,0.09923664,0.1221374,29.1,22,0,0.12941176,0.45882353,88.9654773530506,0.261904761,8.897728815551899,3.9886370552474033,2.23076923,2.1477276451332172,0.2564102564102564,0.61403509,0.189189189,1,0.2368421052631578,1.3636366000845823,161.5038375007582,147.450287523897,4.211380741836551,0.25311203,,0.24358974,,-1.2010719776153564,-1.8002126092812103,29,13,4,7,0,0,0,22
Tyler Alexander,17735,641302,TBR,-0.5661172270774841,,0.36,5.099071508535823,4.653666807179851,5.079792584771361,4.633910782275909,89.79818543002136,,0.1978022,0.05274725,0.14505495,107.2,23,9,0.09821429,0.37202381,88.44302793560605,0.312121212,7.523220258495476,2.006192068932127,3.75,1.9226007327266217,0.2779552715654952,0.73033708,0.138554216,0,0.2582159624413145,1.2445821168375233,131.73922501815645,128.12113132980872,4.199634494957421,0.31983806,,0.18742442999999998,,-0.5049059242010117,0.5301762385912078,90,24,5,23,1,0,0,61
Connor Brogdon,21205,641401,- - -,-0.5686419904232025,,-0.74,24.000008583071917,24.867794675657567,24.499820741020383,10.190499102718588,93.28406052362352,,0.15789474,0.31578947,-0.15789474,3.0,4,0,0.3,0.5,94.23999938964845,0.3,9.000003218651969,18.000006437303938,0.5,12.00000429153596,0.1666666666666666,0.37037037,0.666666666,0,0.3846153846153846,3.666667977969321,575.7737513850931,580.7294151642853,8.99275400989718,0.16666667,,0.25641026,,-0.5658493847586215,-0.329020969778839,3,6,0,4,0,0,0,8
Bryce Jarvis,27477,686826,ARI,-0.5941861867904663,,0.81,3.185393531490157,5.368241411255191,5.121536125659415,5.514309696692248,95.7727435530086,,0.14728682,0.12790698,0.01937985,59.1,44,0,0.07142857,0.4010989,90.54751165400552,0.434065934,5.76404543793457,5.00561840662739,1.15151515,0.9101124375686164,0.2613636363636363,0.79656863,0.089552238,0,0.2363636363636363,1.4325843924691184,76.48631447657782,129.97868198128398,5.335932376649035,0.25965665,,0.19628099,,0.9937618374824524,0.8511960906493874,38,33,5,6,0,0,0,21
Ty Blach,14361,621389,COL,-0.6153393164277077,,-0.61,6.939252552918264,7.180910485659016,6.264610716057343,5.1165467555577235,,,0.10909091,0.05454545,0.05454546,71.1,20,12,0.12222222,0.42592593,90.69961571147424,0.409090909,4.542056216455591,2.271028108227795,2.0,2.144859879992918,0.3399209486166007,0.69767442,0.184782608,0,0.3366013071895425,1.696261735157798,147.942372634628,145.5669559365059,5.178515165796265,0.28087649,,0.1254417,,-0.9739798605442048,0.67290051362518,36,18,6,17,2,0,0,55
Zach Pop,20185,647315,TOR,-0.6273666024208069,,-1.3,5.586208807076145,4.661839243054823,5.525101274610834,4.418294407688244,,,0.15789474,0.09090909,0.06698565,48.1,58,0,0.07096774,0.44516129,88.86158681705298,0.546052631,6.144829687783759,3.537932244481558,1.73684211,1.6758626421228435,0.2465753424657534,0.56179775,0.214285714,1,0.2393617021276596,1.3241383838995306,139.73545663902962,133.68263168491046,4.3502471126832765,0.29333333,,0.19073569,,-0.9266359806060792,-0.6863641488703418,33,19,2,9,0,0,0,30
Erik Swanson,16587,657024,TOR,-0.6286770105361938,,-0.25,5.033898956027138,5.187174147457411,6.064785237820572,4.005268310189684,93.88000891516516,,0.2202381,0.08333333,0.13690476,39.1,45,0,0.12068966,0.5,92.00603616648706,0.422413793,8.466102789682006,3.2033902447445426,2.64285714,2.516949478013569,0.238095238095238,0.81460674,0.268292682,0,0.2352941176470588,1.271186605057358,125.91977736388228,146.9182657948762,3.834310503552895,0.30617978,,0.21791044999999998,,-1.0497499704360962,-1.2190447300703366,37,14,1,11,0,0,0,22
Scott McGough,12056,543518,ARI,-0.6602873727679253,,-1.08,7.438776740825464,5.4546488828418545,6.044031274740798,5.600286907289429,93.23187859961604,,0.16666667,0.14,0.02666667,32.2,26,2,0.10679612,0.37864078,90.93978389616936,0.40776699,6.887756241505059,5.78571524286425,1.19047619,1.6530614979612144,0.2886597938144329,0.54621849,0.142857142,0,0.265625,1.683673747923459,178.6167427965053,153.0568659953345,5.348033268801796,0.26377953,,0.25482625000000003,,-0.9999998435378076,-0.868550601452251,25,21,1,6,0,0,0,27
Chris Devenski,12763,606965,TBR,-0.667786180973053,,-0.8,6.750000643730225,5.890491047594616,7.328980175256767,5.719795468225636,93.2190147307982,,0.19672131,0.1147541,0.08196721,26.2,19,0,0.11904762,0.44047619,90.99404761904762,0.25,8.10000077247627,4.725000450611158,1.71428571,3.037500289678601,0.2533333333333333,0.57823129,0.183673469,0,0.2592592592592592,1.5750001502037192,174.39250502537442,185.69022433111653,5.004122257615265,0.27272727,,0.25,,-1.501391053199768,-2.19438802784986,24,14,0,9,0,0,0,20
Dany Jiménez,21170,666204,OAK,-0.6867781281471252,,-0.34,4.909091760304496,5.059974579595988,6.5950518013596025,5.971376809649604,92.76541697485207,,0.21367521,0.16239316,0.05128205,25.2,25,0,0.18055556,0.31944444,87.19857003348214,0.323943661,8.766235286258029,6.662338817556102,1.31578947,2.103896468701927,0.2272727272727272,0.70552147,0.146341463,1,0.2164948453608247,1.558441828668094,126.72801765460856,168.03768874912572,5.254239787173497,0.22767857,,0.26344086,,-0.6803818941116333,0.4326439974559543,25,19,1,6,0,0,0,14
Nick Sandlin,20517,680704,CLE,-0.6947419615462422,,-0.07,3.7456658961857823,4.498293814262718,5.23006423035511,4.2553683481444375,92.67956399114848,,0.27642276,0.1097561,0.16666667,57.2,68,1,0.11034483,0.42758621,91.27446671073318,0.375886524,10.61272003919305,4.213874133209005,2.51851852,1.8728329480928911,0.2556390977443609,0.80385852,0.181818181,1,0.215962441314554,1.265896344544269,94.24453012067552,129.872259040551,3.6150741073285753,0.29582577,,0.32264957000000005,,0.2118421159684658,0.2574324421368202,68,27,6,12,0,0,0,24
Logan Allen,27589,671106,CLE,-0.7080196738243103,,-1.07,5.732877011906716,5.813131397106363,5.868534714009268,4.747695445109355,91.3851875,,0.18287037,0.09490741,0.08796296,97.1,20,20,0.11363636,0.46428571,91.01283023231908,0.434210526,7.304794902268235,3.791096088518957,1.92682927,2.0342466816443188,0.3181818181818182,0.74685535,0.188034188,0,0.2919896640826873,1.5821918635011367,144.24465908103318,145.95478402256074,4.809260391103026,0.25383707,,0.19812584,,-1.7573797702789309,0.5498941530708099,79,41,4,22,5,0,0,62
Yerry Rodríguez,21955,666720,- - -,-0.7119100242853165,,-0.77,8.723077946950818,8.819149581662934,7.874172638548966,5.9770775268917005,96.52833203125,,0.16190476,0.12380952,0.03809524,21.2,16,0,0.12328767,0.49315068,90.7901405012104,0.347222222,7.061539290388757,5.400000633826697,1.30769231,2.907692648983606,0.2878787878787879,0.60897436,0.212121212,0,0.2888888888888888,1.8000002112755658,219.2972467561253,192.34020379731325,5.236400921346047,0.22488038,,0.18483412,,-0.1170958131551742,0.3619089760007299,17,13,2,7,0,0,0,21
Michael Mercado,23223,675650,PHI,-0.7472432553768158,,-0.69,11.076923889521373,10.382127266475962,12.935711264187116,7.192344333180248,95.60191470286884,,0.15625,0.140625,0.015625,13.0,5,2,0.22727273,0.47727273,92.37045288085938,0.295454545,6.9230774309508565,6.230769687855771,1.11111111,6.230769687855771,0.2,0.74626866,0.321428571,0,0.2962962962962963,1.9230770641530155,264.32452848779394,308.7675950007255,6.10581454820125,0.21487603,,0.20338983,,-0.5157959014177322,0.3215302599640339,10,9,1,9,0,0,0,16
Steven Wilson,20353,621051,CHW,-0.753273069858551,,-0.64,5.711540137522811,5.266935585411076,6.714557742508511,6.113417056751301,93.63738816784274,,0.20858896,0.1595092,0.04907976,34.2,40,0,0.12,0.31,86.62473824097938,0.237113402,8.826925667080708,6.7500019807087765,1.30769231,2.076923686371931,0.2282608695652173,0.61965812,0.145454545,0,0.2164179104477611,1.5865389270896697,141.6475073665059,160.6455548212407,5.371242607776497,0.23355263,,0.21180555999999995,,-1.1306648254394531,0.0859970543012884,34,26,3,8,0,0,0,22
Matt Moore,1890,519043,LAA,-0.7791074514389038,,-0.47,5.027587132765933,4.324263348752411,6.166480330763294,5.460230654108274,92.9817616637324,,0.1952381,0.12380952,0.07142857,48.1,51,0,0.09219858,0.35460993,88.84558823529412,0.294117647,7.63448416457049,4.84138020192275,1.57692308,2.0482762392750096,0.2153846153846154,0.69767442,0.152777777,1,0.2142857142857142,1.3448278338674304,123.5538309805439,149.60601187600528,4.9394689847456315,0.25060241,,0.23844282000000006,,0.53407222032547,0.9486064699936642,41,26,2,11,0,0,0,27
Adbert Alzolay,17859,640470,CHC,-0.8019464612007141,,-0.62,4.67307778011428,6.656826530551334,7.378019012219949,4.884337401598944,95.06507895026408,,0.17333333,0.08,0.09333333,17.1,18,0,0.16363636,0.38181818,91.96363636363635,0.418181818,6.75000123794285,3.1153851867428535,2.16666667,3.1153851867428535,0.2653061224489796,0.73863636,0.260869565,4,0.2794117647058823,1.4423079568253951,115.4014151255284,183.11359972945007,4.41734384379387,0.23493976,,0.20805368999999996,,-2.016508102416992,-0.3993503570761354,13,6,1,6,0,0,0,9
Jake Diekman,5003,518617,NYM,-0.809823751449585,,-0.8,5.625002346933868,5.083485106913335,6.135231016949336,4.425486608254779,94.7489752435065,,0.27586207,0.16551724,0.11034483,32.0,43,0,0.1038961,0.38961039,87.00666666666666,0.447368421,11.250004693867735,6.750002816320641,1.66666667,1.9687508214268536,0.2285714285714285,0.65533981,0.291666666,4,0.1965811965811965,1.46875061281051,141.0912195612442,150.97820955687533,4.357454034963187,0.23255814,,0.25475285000000003,,-0.6033818125724792,0.062736097563717,40,24,4,7,0,0,0,20
Justin Lawrence,17639,664875,COL,-0.827526867389679,,-1.62,6.486034625352337,6.2462584475094145,5.630167349160063,4.936319526583107,,,0.16129032,0.11827957,0.04301075,59.2,56,0,0.07731959,0.41237113,89.89735243055556,0.53125,6.787710654438492,4.977654479921561,1.36363636,1.3575421308876985,0.3459459459459459,0.60756972,0.18,2,0.3054393305439331,1.7765366157295808,138.2799291634713,130.99700388168122,4.725170054509543,0.23597679,,0.20734341,,-2.440647602081299,-0.8743369837651849,45,33,7,9,0,0,0,43
Bobby Miller,27483,676272,LAD,-0.8587680459022522,,-1.87,8.517857142857142,6.898379803703588,6.970051206861223,4.697631942321148,97.81014130806012,,0.20155039,0.11627907,0.08527132,56.0,13,13,0.11494253,0.47701149,91.45379888523392,0.442528735,8.357142857142858,4.821428571428571,1.73333333,2.732142857142857,0.3312101910828025,0.62176166,0.274193548,0,0.3053097345132743,1.7678571428571428,207.6173990370606,165.37801484645985,4.839199726396396,0.23977695,,0.21946169999999998,,-1.9159358739852903,0.0051670952518452,52,30,2,17,2,0,0,53
Rafael Montero,12760,606160,HOU,-0.8999406099319458,,-0.05,4.695652796956309,5.792325784632806,6.4012628161930305,5.384298197801484,95.61858350409835,,0.1402439,0.11585366,0.02439024,38.1,41,0,0.10084034,0.42016807,89.77142693014706,0.420168067,5.400000716499755,4.460870157108493,1.21052632,1.8782611187825236,0.2432432432432432,0.7860262,0.186046511,0,0.2464788732394366,1.4086958390868929,117.42539282564108,158.1401185456513,5.26012895703206,0.25945946,,0.16883117000000003,,-0.3342336416244507,0.0638454499758601,23,19,3,8,0,0,0,20
Grant Anderson,20546,681982,TEX,-0.9493771195411682,,-1.12,8.10000193119095,5.127712084993044,7.591480833292259,4.326891718586401,92.39405776515152,,0.24166667,0.08333333,0.15833333,26.2,23,0,0.1,0.4125,89.00499877929687,0.4,9.7875023335224,3.3750008046628963,2.9,3.712500885129186,0.3188405797101449,0.6993007,0.297297297,1,0.3027522935779816,1.6125003844500505,204.25890001992735,185.67640411416272,3.6701826288266095,0.20192308,,0.23148148000000002,,0.1822960078716278,0.8350457543350154,29,10,1,11,0,0,0,24
Enyel De Los Santos,18403,660853,- - -,-0.963316723704338,,0.12000000000000005,5.203126162989325,5.144052771358134,5.963355403440213,4.565616518229076,95.53763710446589,,0.23741007,0.08992806,0.14748201,64.0,64,0,0.12637363,0.42307692,89.32555609809027,0.344444444,9.2812520745215,3.515625785803598,2.64,2.390625534346446,0.2909090909090909,0.8005618,0.195402298,2,0.2620967741935484,1.406250314321439,130.64371039882985,145.511253756503,3.861627436862672,0.28070175,,0.27533783999999994,,-0.2433720082044601,1.2798034528426128,66,25,5,17,0,0,0,37
Triston McKenzie,18000,663474,CLE,-0.9754260182380676,,-0.54,5.1145376168318295,5.455943022451157,6.457228787569189,5.410967956245599,91.18369126284875,,0.21764706,0.14411765,0.07352941,75.2,16,16,0.12962963,0.41666667,90.7319267165493,0.350467289,8.801762410361754,5.828194028482782,1.51020408,2.2599119702280177,0.2538071065989847,0.79004329,0.171171171,0,0.2379310344827586,1.5594714180520823,128.6866495417208,160.7834838406041,5.210206207083115,0.24786325,,0.21557970999999998,,-0.7595759630203247,0.2815195099872941,74,49,1,19,3,0,0,43
Taijuan Walker,11836,592836,PHI,-1.1590610146522522,,-1.51,7.09960164757536,6.973518412669927,6.94337223726928,5.292547125706909,91.74001750540226,,0.15223097,0.09711286,0.05511811,83.2,19,15,0.13427562,0.46289753,91.44999878795434,0.378091872,6.23904387211168,3.98007971151952,1.56756757,2.5816733263910403,0.3204633204633205,0.69664903,0.208695652,0,0.313782991202346,1.72111555092736,169.41516224750453,166.54822565472682,5.252135332812257,0.25212465,,0.15262321,,-2.781355768442154,0.1661724843808976,58,37,3,24,2,0,0,66
Roddery Muñoz,25311,682610,MIA,-1.6370356584666297,,-1.15,6.532258265472482,6.794024551323689,7.267286356058631,5.35513710780325,95.52745907270727,,0.18469657,0.11081794,0.07387863,82.2,18,17,0.13740458,0.45038168,90.76488232794608,0.339694656,7.620967976384562,4.572580785830738,1.66666667,2.830645248371409,0.2669491525423729,0.70281124,0.218487394,0,0.2680722891566265,1.5846774681053613,156.2940139985805,177.3349592913379,5.111360132634378,0.25430464,,0.21386430999999995,,-2.5858937799930573,-0.0311701887175437,70,42,5,26,2,0,0,60
