Name,PlayerId,MLBAMID,Team,fWAR,fWAR,bWAR,ERA,xERA,FIP,xFIP,vFA,vFA,K%,BB%,K-BB%,IP,G,GS,Barrel%,HardHit%,EV,GB%,HR/9,BABIP,LOB%,HR/FB,SV,AVG,WHIP,ERA-,FIP-,SIERA,Chase%,Whiff%,WPA,Clutch,SO,BB,HBP,HR,QS,CG,ShO
Steve Carlton,1001964,112008,PHI,5.2890167236328125,,5.53,2.4157894736842107,,2.326554780257376,,,,0.23460026,0.08125819,0.15334207,190.0,24,24,,,,,0.4263157894736842,0.279296875,0.77075099,,0,0.2171428571428571,1.1263157894736842,68.50201713652028,67.88608924265782,,,,3.8277339935302734,-0.231225473736599,179,62,1,9,16,10,1
Fernando Valenzuela,1013327,123619,LAD,4.876076698303223,,4.76,2.4800693896756596,,2.4390604769892565,,,,0.23746702,0.08047493,0.15699208,192.1,25,25,,,,,0.5147313827628728,0.2554455445544554,0.78778135,,0,0.2011494252873563,1.0450606862155296,73.03295992786761,72.40733545053712,,,,4.012380123138428,0.8143067737180902,180,61,1,11,16,11,8
Bill Gullickson,1005136,115242,MON,4.7507805824279785,,2.6,2.8029664641514747,,2.110832147836609,,,,0.1796875,0.053125,0.1265625,157.1,22,22,,,,,0.1716101916827433,0.2871900826446281,0.71672355,,0,0.2358803986710963,1.1186442124504752,79.77763531059821,62.95392949329936,,,,1.436661958694458,-0.8876654524221881,115,34,4,3,18,3,2
Len Barker,1000546,110566,CLE,4.551955699920654,,2.44,3.9071275585702705,,2.457690389973499,,,,0.19242424,0.06969697,0.12272727,154.1,22,22,,,,,0.4082073568655506,0.2985386221294363,0.66773504,,0,0.2446982055464926,1.2699784435817132,104.28735219336208,64.41305772416887,,,,-0.5612297058105469,-0.6921345057591031,127,46,1,7,11,9,3
Don Sutton,1012745,123006,HOU,3.9341771602630615,,2.76,2.609243613836349,,2.348138158528972,,,,0.16666667,0.04647436,0.12019231,158.2,23,23,,,,,0.3403361235438716,0.2603305785123967,0.72265625,,0,0.2222222222222222,1.0147058498252468,80.37723379338554,72.8711294953625,,,,1.3539180755615234,-0.7342950301443403,104,29,1,6,17,6,3
Bert Blyleven,1001098,111126,CLE,3.8796193599700928,,5.58,2.880752954155642,,2.8387326994065987,,,,0.16614907,0.0621118,0.10403727,159.1,20,20,,,,,0.5083681683804073,0.2815734989648033,0.77790304,,0,0.2420701168614357,1.1610877919799427,76.89180693707172,74.65113057517789,,,,1.9126060009002688,0.0047415352940622,107,40,5,9,15,9,1
Nolan Ryan Jr.,1011348,121597,HOU,3.842144727706909,,4.67,1.691275167785235,,2.2848027491729535,,,,0.23140496,0.11239669,0.11900826,149.0,21,21,,,,,0.1208053691275167,0.2461928934010152,0.81113801,,0,0.1847014925373134,1.1208053691275168,52.099397254114464,70.96235900163987,,,,2.9541661739349365,0.1787979751046382,140,68,1,2,18,5,3
Dennis Leonard,1007531,117687,KCR,3.7431647777557377,,3.38,2.9900823429749703,,3.1605695127673927,,,,0.12783751,0.04898447,0.07885305,201.2,26,26,,,,,0.6694214200690232,0.2786885245901639,0.74222222,,0,0.2547288776796974,1.2049585561242415,80.78660671623726,85.98985133318604,,,,0.7073079347610474,-0.5064673703124426,107,41,3,15,17,9,2
Dave Righetti,1010958,121201,NYY,3.4683759212493896,,3.46,2.0506330104119512,,2.116061752214203,,,,0.21090047,0.09004739,0.12085308,105.1,15,15,,,,,0.0854430421004979,0.2517006802721088,0.78853047,,0,0.1953125,1.0727848619284743,57.52451888501338,57.47844321705898,,,,1.904774069786072,0.0132875438327562,89,38,0,1,13,2,0
Mario Soto,1012289,122547,CIN,3.342036724090576,,2.34,3.2914285714285714,,2.9373818479265488,,,,0.21059972,0.08507671,0.12552301,175.0,25,25,,,,,0.6685714285714286,0.263803680981595,0.72949947,,0,0.2174578866768759,1.16,93.47593984735964,85.16313681203266,,,,1.776422142982483,-0.2519293102768243,151,61,3,13,18,10,3
Burt Hooton,1006005,116131,LAD,3.311283826828003,,3.25,2.2763466855604073,,2.572135945282946,,,,0.1295972,0.05779335,0.07180385,142.1,23,23,,,,,0.1896955571300339,0.2636165577342048,0.75581395,,0,0.2313432835820895,1.1030445359042715,67.03374387851674,76.24795239369693,,,,2.2387781143188477,2.6980702822640183,74,33,2,3,13,5,4
Dennis Eckersley,1003660,113726,BOS,3.18091082572937,,0.76,4.266233766233766,,3.0742649648096654,,,,0.12172573,0.05392912,0.06779661,154.0,23,23,,,,,0.525974025974026,0.2887189292543021,0.62567422,,0,0.2618657937806874,1.2662337662337662,111.2524031164397,81.80044226222225,,,,-0.1169578284025192,-1.131332326241898,79,35,3,9,11,8,2
Ken Forsch,1004234,114315,CAL,3.1482934951782227,,3.34,2.8823529411764706,,3.083899121502646,,,,0.08928571,0.04383117,0.04545455,153.0,20,20,,,,,0.4117647058823529,0.260038240917782,0.73081608,,0,0.2444444444444444,1.1111111111111112,80.67706409098011,82.06589073103723,,,,1.0396699905395508,-0.7019777258871716,55,27,4,7,15,10,4
Steve Rogers,1011138,121390,MON,3.041351795196533,,1.35,3.4170126644791514,,2.886546062852983,,,,0.13343558,0.06288344,0.07055215,160.2,22,22,,,,,0.3921162073992468,0.2757281553398058,0.7025247,,0,0.244663382594417,1.1825726889818555,97.25453147047772,85.34828085564456,,,,0.2615320086479187,-0.6552363352484758,87,41,2,7,15,7,3
Rick Reuschel,1010852,121089,- - -,2.986581443808973,,3.21,3.10874195369335,,3.0352070007654777,,,,0.1171875,0.0515625,0.065625,156.1,25,24,,,,,0.4605543635101259,0.2967244701348747,0.72033898,,0,0.2691029900332226,1.247334734506591,85.40776508925516,84.83190212341208,,,,-0.4059898424893617,-0.421083072942748,75,33,5,8,16,4,0
Lary Sorensen,1012279,122537,STL,2.975154399871826,,1.01,3.2707836108874244,,2.7142532343004646,,,,0.08981002,0.04490501,0.04490501,140.1,23,23,,,,,0.1923990359345543,0.2937625754527163,0.68102445,,0,0.269927536231884,1.2470307884647045,91.8045443351654,80.47439500223294,,,,1.5040119886398315,0.3116956731286548,52,26,1,3,11,3,1
Dave Stieb,1012532,122791,TOR,2.9489245414733887,,4.43,3.185118143742453,,3.5149395859097297,,,,0.11898396,0.0815508,0.03743316,183.2,25,25,,,,,0.4900181759603774,0.2391681109185442,0.72815534,,0,0.2189349112426035,1.1379310975079877,82.32978523174792,91.86966360293444,,,,2.180212020874023,1.196658771191066,89,61,11,10,15,11,2
Dennis Martinez,1008161,118371,BAL,2.8062033653259277,,1.73,3.3184363199477076,,3.4158815879425557,,,,0.11686587,0.08233732,0.03452855,179.0,25,24,,,,,0.5027933818102587,0.2758037225042301,0.68609865,,0,0.251088534107402,1.3128493858378978,91.62459130827948,92.54690515977369,,,,2.4538160264492035,1.1956554791487877,88,62,2,10,14,9,2
Milt Wilcox,1013939,124253,DET,2.8031296730041504,,2.25,3.030060212895891,,3.47799452864639,,,,0.11516035,0.07580175,0.0393586,166.1,24,24,,,,,0.5410821808742663,0.2634508348794063,0.76020408,,0,0.2420382165605095,1.2264529433150035,82.99608110977641,90.22607851818482,,,,1.7773679494857788,0.5150353156615337,79,52,6,10,15,8,1
Gaylord Perry,1010210,120438,ATL,2.802353620529175,,1.35,3.9424777430145217,,3.1378495921038536,,,,0.0931677,0.03726708,0.05590062,150.2,23,23,,,,,0.537610601320162,0.3162705667276051,0.70921986,,0,0.2954545454545454,1.36725659101177,107.73643258366738,86.63464110792214,,,,0.0182359740138053,0.3069620481384147,60,24,4,9,12,3,0
Ron Guidry,1005124,115228,NYY,2.7842576801776886,,3.06,2.7637792577583555,,2.8285854251853797,,,,0.20925553,0.05231388,0.15694165,127.0,23,21,,,,,0.8503936177718018,0.2485875706214689,0.78039927,,0,0.2127659574468085,0.9921258874004354,77.52975364177442,77.40090538182517,,,,1.358965750783682,-0.3960753402332277,104,26,1,12,12,0,0
Bob Knepper,1007031,117184,HOU,2.710289478302002,,3.51,2.182978652532743,,2.8619411099469736,,,,0.12155592,0.06158833,0.05996759,156.2,22,22,,,,,0.2872340332279925,0.2484848484848484,0.79141104,,0,0.2226086956521739,1.0595744336854835,67.24622591395902,88.35586265215692,,,,2.193269968032837,0.7314714309259092,75,38,4,5,17,6,5
Jack Morris,1009211,119399,DET,2.6847856044769287,,3.36,3.0454545454545454,,3.751754142298843,,,,0.12155388,0.09774436,0.02380952,198.0,25,25,,,,,0.6363636363636364,0.228995057660626,0.76850984,,0,0.213091922005571,1.1666666666666667,83.41774575796762,97.45336273675588,,,,1.5148903131484983,-0.1666369276056449,97,78,2,14,17,15,1
Steve McCatty,1008383,118565,OAK,2.681519031524658,,4.5,2.326750193871523,,3.47815630930466,,,,0.12280702,0.08232119,0.04048583,185.2,22,22,,,,,0.5816875484678807,0.2226086956521739,0.8216971,,0,0.2064896755162241,1.0825851596485558,67.02868643982225,94.858506161807,,,,3.588019847869873,1.162376268079806,91,61,2,12,17,16,4
Larry Gura,1005150,115255,KCR,2.6617178916931152,,3.72,2.715667151111055,,3.4010126379061822,,,,0.08970588,0.05147059,0.03823529,172.1,23,23,,,,,0.5744680511965694,0.2249560632688927,0.7195572,,0,0.2168486739469578,1.0096711202848796,73.37240548724573,92.658959117514,,,,2.1032819747924805,0.1937469985329829,61,35,4,11,13,12,2
Rollie Fingers,1004051,114129,MIL,2.564244508743286,,4.22,1.0384615384615383,,2.074597965142666,,,,0.20538721,0.04377104,0.16161616,78.0,47,0,,,,,0.3461538461538461,0.2374429223744292,0.92592593,,28,0.1943462897526501,0.8717948717948718,29.762841359378715,57.206260668126056,,,,3.5857598781585693,-0.0963990989160075,61,13,1,3,0,0,0
Doc Medich,1008714,118900,TEX,2.5554540157318115,,1.67,3.076743312606936,,3.151401625014866,,,,0.11111111,0.05641026,0.05470086,143.1,20,20,,,,,0.5023254387929691,0.2683438155136268,0.75093867,,0,0.2472727272727272,1.1790694327223858,86.2747848063081,87.27204693989333,,,,0.6934640407562256,-0.3218647543369914,65,33,2,8,11,4,4
Jerry Reuss,1010853,121090,LAD,2.5476772785186768,,4.14,2.2991267907506145,,3.052204086401334,,,,0.08388158,0.04440789,0.03947368,152.2,22,22,,,,,0.353711813961633,0.2538461538461538,0.77833126,,0,0.2391681109185442,1.0807860982161008,67.70457128215104,90.10293152915604,,,,1.9425199031829832,-0.491813132474574,51,27,4,6,15,8,2
Rick Langford,1007319,117478,OAK,2.5025391578674316,,1.14,2.9948808580085684,,3.60877151903615,,,,0.10206561,0.07047388,0.03159174,195.1,24,24,,,,,0.6450512617249224,0.2650602409638554,0.7346586,,0,0.2493438320209973,1.2696247056173076,86.2760989490076,98.4836325123668,,,,-0.4483539164066314,-0.4879603862301011,84,58,3,14,19,18,2
Scott McGregor,1008546,118728,BAL,2.4231487214565277,,2.66,3.2624997277558077,,3.3814889255911167,,,,0.12349398,0.06024096,0.06325301,160.0,24,22,,,,,0.73124993897975,0.2911153119092627,0.76271186,,0,0.2676282051282051,1.293749892041096,90.58337985411876,91.72220339051094,,,,1.2900781519711018,0.5359293378977239,82,40,0,13,13,8,3
Britt Burns,1001702,111757,CHW,2.399330638349056,,3.91,2.642553105697531,,3.4364091764029587,,,,0.16589862,0.07526882,0.0906298,156.2,24,23,,,,,0.804255293038379,0.2637130801687763,0.81422018,,0,0.2332214765100671,1.199999961041391,72.43540536515675,93.4510325281651,,,,1.731467992067337,0.4377553099339284,108,49,6,14,14,5,1
Rudy May,1008310,118477,NYY,2.354663133621216,,0.43,4.144469490271114,,3.284211896857846,,,,0.1295082,0.06721311,0.06229508,147.2,27,22,,,,,0.6094808073928109,0.2656903765690376,0.65662651,,1,0.2416225749559082,1.2054175968435594,116.26098490122747,90.14041353782692,,,,-1.4149640500545502,-1.3444892506436257,79,41,2,10,13,4,0
Dennis Lamp,1007284,117439,CHW,2.3081020414829254,,2.62,2.409448674152484,,2.9309476323340324,,,,0.1381323,0.08365759,0.05447471,127.0,27,10,,,,,0.2834645499002922,0.250632911392405,0.74964639,,0,0.2191489361702127,1.1496062301511851,66.04574607884965,79.45958195816878,,,,1.5902079939842224,-0.2196323653937504,71,43,1,4,9,3,0
John Denny,1003210,113272,CLE,2.2328381538391113,,3.28,3.151029638258818,,3.5338774021196375,,,,0.15088283,0.105939,0.04494382,145.2,19,19,,,,,0.5560640538103796,0.2882483370288248,0.74718526,,0,0.2509025270758123,1.4073226053225658,84.10591482635607,93.32869454165032,,,,0.7797919511795044,0.735896565285418,94,66,3,9,10,6,3
Joe Niekro,1009582,119785,HOU,2.215477705001831,,1.82,2.8192773675828833,,3.148431812258141,,,,0.11390533,0.06952663,0.0443787,166.0,24,24,,,,,0.4337349796281359,0.2610294117647059,0.73735199,,0,0.2384737678855326,1.1867470970380942,86.8472820632618,96.98997435772006,,,,0.8653461933135986,0.7873739937125456,77,47,0,8,19,5,2
Bruce Berenyi,1000864,110893,CIN,2.1842669444158673,,1.0,3.4999996258153256,,3.0605564018886544,,,,0.19485294,0.14154412,0.05330882,126.0,21,20,,,,,0.2142856913764485,0.2625698324022346,0.7008245,,0,0.2077087794432548,1.3809522333148905,99.39931776994194,88.65140926919479,,,,0.3420080989599228,-0.2069323587050038,106,77,0,3,11,5,3
Scott Sanderson,1011422,121678,MON,2.1566319465637207,,1.65,2.9490289077737377,,3.1245107966101338,,,,0.1375,0.05535714,0.08214286,137.1,22,22,,,,,0.6553397572830528,0.2539682539682539,0.74285714,,0,0.231060606060606,1.1140775873811897,83.93484393542533,92.21816646223712,,,,0.3033018708229065,-0.4274721330813733,77,31,1,10,11,4,1
Luis Leal,1007431,117585,TOR,2.1097217798233032,,1.23,3.678663094776493,,3.440855924390899,,,,0.12633452,0.07829181,0.04804271,129.2,29,19,,,,,0.5552699010983386,0.2741935483870967,0.68567961,,1,0.2475633528265107,1.318766015108554,95.08706706152095,89.89951646737897,,,,-0.5464018881320953,-0.4062389518564414,71,44,5,8,11,3,0
Mike Krukow,1007185,117340,CHC,2.0673091411590576,,2.27,3.678984352303429,,3.3762206244145467,,,,0.16237942,0.08842444,0.07395498,144.1,25,25,,,,,0.6859123368701309,0.2980132450331126,0.7196162,,0,0.2584070796460177,1.3926098960696596,99.719526458412,95.63502042860786,,,,-0.4165540039539337,0.1483199562436999,101,55,2,11,10,2,1
Dan Petry,1010246,120476,DET,2.060608010739088,,2.03,2.9999997108540915,,3.635699883891723,,,,0.135506,0.09777015,0.03773585,141.0,23,22,,,,,0.6382978108200195,0.2408256880733945,0.75471698,,0,0.219047619047619,1.2198580384560371,82.17269685653828,94.3895174197159,,,,1.5972140431404114,0.0557456777893716,79,57,1,10,14,7,2
Jerry Koosman,1007103,117255,- - -,2.0377127081155777,,1.2,4.005494862301862,,3.432656647352597,,,,0.14700193,0.07930368,0.06769826,121.1,27,16,,,,,0.741758307833678,0.2948717948717949,0.70394737,,5,0.2626050420168067,1.3681319900043394,106.63297066029632,92.09209546642668,,,,-1.0786139741539955,-0.7715365695242256,76,41,0,10,8,3,1
Rick Rhoden,1010887,121124,PIT,2.0313122272491455,,0.91,3.8948652350565913,,3.267720603571168,,,,0.1292517,0.09013605,0.03911565,136.1,21,21,,,,,0.396087990005755,0.3126385809312638,0.70247934,,0,0.275797373358349,1.4669925555768706,107.71857089569112,94.20586415001416,,,,-0.7606379985809326,0.0777836769473292,76,53,2,6,15,4,2
Albert Williams,1013971,124282,MIN,2.022644132375717,,2.31,4.0800004150391045,,3.6002390925089625,,,,0.11875,0.08125,0.0375,150.0,23,22,,,,,0.6600000671386788,0.298,0.71356275,,0,0.272572402044293,1.4133334771050494,107.88437659653452,96.37966225234013,,,,-0.6857339814305305,0.210276690988585,76,52,1,11,13,4,0
Phil Niekro,1009583,119786,ATL,1.9674062728881836,,1.69,3.1004782425380695,,3.497368111888457,,,,0.10726644,0.09688581,0.01038062,139.1,22,22,,,,,0.3875597803172587,0.2516556291390728,0.71767497,,0,0.2303262955854126,1.2631578025155097,84.7270389151059,96.34473726206866,,,,-0.0307637546211481,-0.5306885523302873,62,56,1,6,15,3,3
Pete Vuckovich,1013461,123762,MIL,1.9557932615280151,,1.97,3.547884203566733,,3.4821989057946308,,,,0.13548387,0.09193548,0.04354839,149.2,24,23,,,,,0.5412026751203491,0.2746781115879828,0.73894283,,0,0.2450805008944543,1.2962138144857744,101.68418453767634,97.1833461912025,,,,1.1266138702630997,0.2194270924938852,84,57,4,9,16,2,1
Bob Welch,1013750,124064,LAD,1.8959715366363523,,1.58,3.438679369033215,,3.3007107141052723,,,,0.14642263,0.06821963,0.078203,141.1,23,23,,,,,0.7004717233215808,0.2838427947598253,0.76061321,,0,0.2531418312387791,1.2877358953992697,101.26205887982483,97.27494284788318,,,,0.367325872182846,0.304386313815182,88,41,3,11,15,2,1
Moose Haas,1005172,115275,MIL,1.894786298274994,,0.28,4.456310906546417,,3.5104332118920283,,,,0.10977702,0.06861063,0.04116638,137.1,24,22,,,,,0.6553398391980024,0.2905982905982906,0.68208092,,0,0.2693726937269373,1.354369001009205,127.7201606870319,97.9852249317904,,,,-0.4116298407316208,-0.3338347987454654,64,40,1,10,12,5,0
Rick Waits,1013494,123796,CLE,1.8602779814973471,,0.42,4.915567592706465,,3.5817693957685575,,,,0.08823529,0.07612457,0.01211073,126.1,22,21,,,,,0.4986807702745688,0.3494736842105263,0.69164265,,0,0.324577861163227,1.717678208723515,131.2041956875456,94.61548529380376,,,,-1.222769932821393,0.4751547551032624,51,44,1,7,8,5,1
Frank Pastore,1010048,120275,CIN,1.857566714286804,,-0.55,4.0227272727272725,,3.3199359604806613,,,,0.14568345,0.06294964,0.08273381,132.0,22,22,,,,,0.75,0.2676056338028169,0.6097561,,0,0.2413127413127413,1.2121212121212122,114.24468263778267,95.99697327639804,,,,-1.303699970245361,-1.0233938266304154,81,35,3,11,10,2,1
Floyd Bannister,1000516,110540,SEA,1.8408082155510783,,1.21,4.450549743151881,,3.7376017029225057,,,,0.16283525,0.07471264,0.08812261,121.1,21,20,,,,,1.0384616067354389,0.2992125984251969,0.71808511,,0,0.2666666666666666,1.3763737168636374,118.05101733769118,94.19994922032994,,,,0.3951320797204971,0.6272638801706393,85,39,3,14,10,5,2
Tom Seaver,1011708,121961,CIN,1.7967584133148191,,3.98,2.543086250109051,,3.580198940589307,,,,0.12965723,0.09836066,0.03129657,166.1,23,23,,,,,0.5410821808742663,0.2178217821782178,0.78857143,,0,0.1993355481727574,1.1182365071401503,72.22316151878853,103.3675555592551,,,,2.346791982650757,-0.1611274581933632,87,66,3,10,15,6,1
Steve Trout,1013197,123480,CHW,1.7810302786529064,,1.37,3.4652402882662394,,3.4745704524064234,,,,0.10444874,0.07350097,0.03094778,124.2,20,18,,,,,0.5053475420388266,0.2777777777777778,0.71984436,,0,0.2568421052631578,1.283422328987496,94.9862027094369,94.5073574121362,,,,-0.0088120251893997,-0.8937911437531824,54,38,4,7,12,3,0
Mike Parrott,1010024,120250,SEA,1.7521356344223022,,0.16,5.082353625446134,,3.0708272894361115,,,,0.11375661,0.07407407,0.03968254,85.0,24,12,,,,,0.3176471015903834,0.3267326732673267,0.63091483,,1,0.2922636103151863,1.5294119706203646,134.80964163517365,77.11920617547015,,,,-0.8368659019470215,-0.2688782960449914,43,28,1,3,5,0,0
Danny Darwin,1002996,113060,TEX,1.723914384841919,,0.31,3.636986301369863,,3.6207869359891713,,,,0.16306156,0.09484193,0.06821963,146.0,22,22,,,,,0.7397260273972602,0.2406542056074766,0.68858561,,0,0.2137546468401487,1.178082191780822,101.98452669368388,100.52458377351864,,,,-1.5915241241455078,-1.2367120252345931,98,57,6,12,13,6,2
Jim Beattie,1000731,110748,SEA,1.7064040526747704,,1.76,2.9700004956723087,,2.8102390258312284,,,,0.13090909,0.06545455,0.06545455,66.2,13,9,,,,,0.2700000450611189,0.2626728110599078,0.72178478,,1,0.2313725490196078,1.1550001927614533,78.77938687171256,70.44372331183142,,,,2.0773980021476746,0.6894179555013706,36,18,2,2,6,0,0
Jim Bibby,1000945,110973,PIT,1.6894917488098145,,2.68,2.4982205049116737,,3.0272852309395333,,,,0.12467532,0.06753247,0.05714286,93.2,14,14,,,,,0.3843416161402574,0.2459016393442623,0.75936884,,0,0.2212885154061624,1.1209963804090843,69.09218325431672,87.41929874658008,,,,0.4013022780418396,-0.4079927434645655,48,26,2,4,10,2,2
Larry Christenson,1002215,112267,PHI,1.6622425615787506,,1.14,3.54374983102084,,3.134613965302707,,,,0.15695067,0.06726457,0.0896861,106.2,20,15,,,,,0.6749999678134934,0.2967359050445103,0.71205008,,1,0.2602409638554216,1.2937499383091955,100.48641005208012,90.77734599599025,,,,-0.5563858449459076,-0.7858464737069563,70,30,1,8,9,0,0
Tommy Boggs,1001123,111152,ATL,1.65814109146595,,0.59,4.100467143532329,,3.665659513547647,,,,0.13366337,0.08910891,0.04455446,142.2,25,24,,,,,0.693925208905471,0.2822757111597374,0.68832599,,0,0.2550091074681239,1.3598130356329432,112.05382268890762,100.89005440736032,,,,-1.970999926328659,-1.3009838096005708,81,54,3,11,13,2,0
Doyle Alexander,1000122,110124,SFG,1.616032361984253,,3.3,2.8949672739030525,,3.433937049254639,,,,0.11919505,0.06811146,0.05108359,152.1,24,24,,,,,0.6498906125088485,0.283203125,0.80921758,,0,0.26,1.312910328300704,85.13749706765346,103.39766225068304,,,,1.145711898803711,1.7410792685517609,77,44,2,11,19,1,1
Dick Ruthven,1011330,121581,PHI,1.6015509739518166,,-1.11,5.154545812055124,,3.5616026938257184,,,,0.12345679,0.08333333,0.04012346,146.2,23,22,,,,,0.6136364061970385,0.3033932135728543,0.6097561,,0,0.2741116751269035,1.4727273748728926,146.16206809192153,102.87337657925856,,,,-0.7424980401992798,0.5858964379748232,80,54,3,10,10,5,0
Matt Keough,1006858,117004,OAK,1.5961211919784546,,0.86,3.399050004430848,,3.7261297679326937,,,,0.10362694,0.07772021,0.02590674,140.1,19,19,,,,,0.7054632084667798,0.2462203023758099,0.7373868,,0,0.2340823970037453,1.2114014690843693,97.91934585000496,101.74082194233443,,,,0.6134661436080933,-0.0991908761876458,60,45,0,11,10,10,2
Dan Spillner,1012342,122598,CLE,1.5899376273155212,,2.02,3.1438361503636343,,2.9906500159922476,,,,0.14390244,0.09512195,0.04878049,97.1,32,5,,,,,0.2773973073850265,0.2686084142394822,0.69536424,,7,0.2318059299191374,1.284246793449197,83.91390937110079,78.73293597061455,,,,-0.1655560731887817,-0.5634984981963768,59,39,0,3,2,1,0
Ron Davis,1003075,113135,NYY,1.5711331367492676,,1.61,2.71232905059491,,2.4221567803910964,,,,0.29122807,0.0877193,0.20350877,73.0,43,0,,,,,0.7397261047077027,0.239766081871345,0.78616352,,6,0.1807692307692307,0.9863014729436036,76.08646837396489,66.03698919806232,,,,0.927268087863922,-0.4279160015139499,83,25,0,6,0,0,0
Tommy John,1006515,116550,NYY,1.5681393146514893,,2.55,2.629453777012543,,3.711877985943466,,,,0.0862069,0.06724138,0.01896552,140.1,20,20,,,,,0.6413301895152543,0.2615062761506276,0.7791411,,0,0.2509293680297397,1.2399050330628252,73.76164466534244,102.09813761376292,,,,1.0071858167648315,0.1027426282861424,50,39,3,10,14,7,0
Mike Witt,1014174,124491,CAL,1.5563208758831024,,1.25,3.2790699613745615,,3.6932623112418783,,,,0.13513514,0.08468468,0.05045045,129.0,22,21,,,,,0.6279070138802352,0.2760290556900726,0.71852732,,0,0.2474849094567404,1.317829535304197,91.78117421131824,98.6053958285048,,,,-0.7070981115102768,-1.4849438803066723,75,47,11,9,12,7,1
Rick Honeycutt,1005992,116118,TEX,1.548396110534668,,1.08,3.3133159928945037,,3.5950170784848785,,,,0.07858546,0.03339882,0.04518664,127.2,20,20,,,,,0.8459530194624265,0.2454545454545454,0.73211314,,0,0.2439024390243902,1.0731070709847448,92.90850592279855,99.79700245005534,,,,0.8939259648323059,0.5063220913380985,40,17,0,12,12,8,2
Pete Redfern,1010751,120981,MIN,1.543242633342743,,2.15,4.065882372899039,,3.757886055289669,,,,0.1281198,0.08652246,0.04159734,141.2,24,23,,,,,0.7623529449185699,0.2794759825327511,0.69977427,,0,0.2559414990859232,1.3552941242996797,107.51106384650876,100.67188147660768,,,,-0.4333338811993599,-0.7332192490143319,77,52,2,12,12,3,0
Mike Flanagan,1004133,114216,BAL,1.5265926122665403,,0.62,4.189655447970124,,3.6002390565543383,,,,0.14937759,0.07676349,0.07261411,116.0,20,20,,,,,0.8534483319939141,0.2694444444444444,0.69908815,,0,0.2437923250564334,1.2500000822133086,116.32587971506544,97.7635859335591,,,,-0.3706358969211578,-0.3221505614442044,72,37,2,11,8,3,2
Doug Bird,1000976,111006,- - -,1.5257253646850586,,2.3600000000000003,3.217616977792574,,3.4163012677600686,,,,0.11610487,0.05992509,0.05617978,128.2,29,16,,,,,0.6994819516940378,0.2797202797202797,0.73825503,,0,0.2594810379241516,1.259067513049268,88.27382541422374,95.56142476442592,,,,0.2992339432239532,0.377321291363253,62,32,1,10,9,2,1
Rick Mahler,1007988,118162,ATL,1.4362410604953766,,1.86,2.804154429637985,,3.392523893125853,,,,0.11297071,0.08995816,0.02301255,112.1,34,14,,,,,0.4005934899482836,0.2773333333333333,0.76712329,,2,0.2511520737327189,1.3531157882697578,76.62937227690831,93.51304045267705,,,,0.8291179686784744,0.8085836781633414,54,43,1,5,7,1,0
Rich Gossage,1004894,114989,NYY,1.4193971157073977,,2.28,0.7714286134680947,,2.0645246758752926,,,,0.27745665,0.08092486,0.19653179,46.2,32,0,,,,,0.3857143067340473,0.1851851851851851,0.90643275,,20,0.1392405063291139,0.7714286134680947,21.64017628633141,56.03744484410226,,,,1.488739848136902,-0.4051131650527722,48,14,1,2,0,0,0
Rick Camp,1001901,111913,ATL,1.411784052848816,,2.78,1.7763161461109656,,2.731817964569689,,,,0.15460526,0.03947368,0.11513158,76.0,48,0,,,,,0.5921053820369885,0.2635983263598326,0.86486486,,17,0.2336769759450171,1.0526317902879796,48.54154600158487,75.66829048057903,,,,1.1932579278945925,-0.2010872276256364,47,12,1,5,0,0,0
Charlie Hough,1006050,116176,TEX,1.4098448753356934,,0.83,2.9634146341463414,,2.7953609420032044,,,,0.20909091,0.09393939,0.11515152,82.0,21,5,,,,,0.4390243902439024,0.2556053811659193,0.72706935,,1,0.206081081081081,1.1219512195121952,83.09694175826826,77.21966107360564,,,,0.975308008491993,0.927763504617222,69,31,3,4,5,2,0
Bob Forsch,1004233,114316,STL,1.3907500505447388,,1.54,3.1849863345896265,,3.468871627489954,,,,0.08183633,0.05788423,0.0239521,124.1,20,20,,,,,0.506702371411986,0.2357142857142857,0.7120743,,0,0.2264957264957265,1.0857907958828272,89.39638140151887,102.28686309881154,,,,1.453408122062683,0.2093568960311076,41,29,4,7,11,1,0
Glenn Abbott,1000010,110016,SEA,1.3711082339286804,,1.35,3.936061765086549,,4.104075454637422,,,,0.06603774,0.05283019,0.01320755,130.1,22,20,,,,,0.966752012477398,0.249448123620309,0.67208272,,0,0.2529880478087649,1.1892584280475926,104.40420228701588,103.58789791649863,,,,-1.1008659563958645,-1.2776208631674368,35,28,0,14,10,1,0
Juan Eichelberger,1003711,113779,SDP,1.3470960818231106,,1.3,3.502358616607904,,3.5483522324512853,,,,0.13170732,0.1203252,0.01138211,141.1,25,24,,,,,0.3183962378734458,0.2898230088495575,0.74271845,,0,0.2527881040892193,1.4858491100760804,105.03097769719132,105.56071954156812,,,,-0.0475099654868245,0.6349734257957707,81,74,3,5,14,3,1
Tom Underwood,1013281,123566,- - -,1.3445309875532985,,-0.22,3.6573699203927905,,3.173944076335502,,,,0.21367521,0.10826211,0.10541311,83.2,25,11,,,,,0.6454182212457865,0.2739130434782608,0.70576541,,1,0.2218649517684887,1.2788842532092437,104.06020799570528,86.63703561912482,,,,-0.7224499844014645,-1.1128452911427429,75,38,2,6,5,1,0
Richard Dotson,1003424,113489,CHW,1.3422722816467283,,0.96,3.7659578543543017,,3.891019272313791,,,,0.12186978,0.08180301,0.04006678,141.0,24,24,,,,,0.8297873238407784,0.2869565217391304,0.72858732,,0,0.2655677655677655,1.3758866737188973,103.22921540539645,106.03488734401306,,,,-0.4267998039722442,0.2300441653999563,73,49,4,13,9,5,4
Mike Scott,1011691,121941,NYM,1.2775835990905762,,1.05,3.9044117647058822,,3.629650755489574,,,,0.09800363,0.06170599,0.03629764,136.0,23,23,,,,,0.7279411764705882,0.2638580931263858,0.6684492,,0,0.251937984496124,1.2058823529411764,113.56161486086808,106.44530134505708,,,,-1.1350020170211792,-1.179561850453582,54,34,1,11,11,1,0
Bryan Clark,1002270,112318,SEA,1.2566252052783966,,0.01,4.3392864828208415,,3.7038106148097327,,,,0.12351544,0.13064133,-0.00712589,93.1,29,9,,,,,0.2892857655213894,0.2870967741935484,0.65368567,,2,0.2520547945205479,1.575000278949787,115.0997547224158,93.33432378302112,,,,-0.2592020183801651,0.6383655818933683,52,55,1,3,5,1,0
Steve Mura,1009337,119533,SDP,1.2282650098204613,,-0.22,4.283653689030365,,3.609854338366606,,,,0.1147541,0.08196721,0.03278689,138.2,23,22,,,,,0.6490384377318735,0.3041666666666666,0.69791667,,0,0.2785714285714286,1.4855768685862882,128.46095569470597,107.35505387553891,,,,-1.823651909828186,-1.0466922180163687,70,50,0,10,13,2,0
Mike Torrez,1013134,123416,BOS,1.2151316404342651,,1.42,3.675392376533838,,3.9745844307269,,,,0.099631,0.09409594,0.00553506,127.1,22,22,,,,,0.7068062262565072,0.2810304449648712,0.71856287,,0,0.2647657841140529,1.4214658550269756,95.84477942150032,106.23598189767404,,,,0.3502697646617889,0.7379744513130202,54,51,0,10,9,2,0
Joey McLaughlin,1008614,118798,TOR,1.2110159397125244,,1.07,2.8500010871891353,,2.816905740102164,,,,0.15261044,0.08433735,0.06827309,60.0,40,0,,,,,0.3000001144409616,0.2819148936170212,0.71038251,,10,0.2412280701754386,1.266667149861838,73.66758996978116,73.30646959167508,,,,0.488161951303482,-0.458300305604741,38,21,0,2,0,0,0
Roger Erickson,1003812,113883,MIN,1.2092832326889038,,1.13,3.843065265397648,,3.6513337642257833,,,,0.11027569,0.07769424,0.03258145,91.1,14,14,,,,,0.6897809450713727,0.2712933753943217,0.66549912,,0,0.2527173913043478,1.3576640823627018,101.61927897089367,97.77080565486573,,,,-0.6047859787940979,-0.3312593218534464,44,31,0,7,6,1,0
Doug Corbett,1002608,112665,MIN,1.1996618509292605,,2.83,2.5665395516893,,3.1363605860254564,,,,0.15957447,0.09042553,0.06914894,87.2,54,0,,,,,0.51330791033786,0.2707581227436823,0.79439252,,17,0.2339181286549707,1.3003800395225786,67.8650714161007,83.74974405960792,,,,-1.6817419528961182,-0.9458265836463478,60,34,0,5,0,0,0
Vern Ruhle,1011297,121548,HOU,1.1985233202576635,,1.39,2.911764705882353,,3.217886049607221,,,,0.09466019,0.04854369,0.04611651,102.0,20,15,,,,,0.5294117647058824,0.2630057803468208,0.74817518,,1,0.248081841432225,1.1470588235294117,89.69633623896388,99.08315099088465,,,,-0.0310142170637846,-0.1788062596346887,39,20,1,6,8,1,0
Kent Tekulve,1012905,123175,PIT,1.1954665184020996,,2.12,2.4923082773785583,,2.584854371787528,,,,0.12686567,0.06343284,0.06343284,65.0,45,0,,,,,0.1384615709654754,0.2790697674418604,0.77319588,,3,0.244,1.200000281700787,68.92867138362473,74.93117801264462,,,,0.204161986708641,-0.5866681209903035,34,17,1,1,0,0,0
Pete Falcone,1003910,113987,NYM,1.189981371164322,,2.06,2.548950878960211,,2.9673718334322814,,,,0.14105793,0.0906801,0.05037783,95.1,35,9,,,,,0.2832167643289123,0.2682119205298013,0.75993092,,1,0.2326869806094182,1.2587411747951658,74.13741056523932,87.38946127182375,,,,1.3578240275382996,1.288374693729761,56,36,0,3,4,3,1
Frank Tanana,1012818,123084,BOS,1.1770990416407583,,1.12,4.011793030331166,,4.057786370410183,,,,0.13087248,0.07214765,0.05872483,141.1,24,23,,,,,1.0825473256449178,0.2753303964757709,0.72033898,,0,0.2586520947176685,1.3089624525771884,104.61724319062316,108.49416287880618,,,,-1.0394700318574903,-0.5744570384523431,78,43,4,17,12,5,2
Ray Burris,1001729,111770,MON,1.1683418862521648,,1.13,3.0515972804112,,3.6690351397199814,,,,0.09386282,0.07400722,0.0198556,135.2,22,21,,,,,0.5970516418195826,0.2405345211581291,0.70754717,,0,0.2294117647058823,1.164619251944371,86.85413045965784,107.93822669178029,,,,0.2808719053864479,-0.7566046153395392,52,41,3,9,12,4,0
Larry Andersen,1000236,110224,SEA,1.126075267791748,,1.43,2.6600980222921846,,3.0731453058578575,,,,0.14652015,0.06593407,0.08058608,67.2,41,0,,,,,0.5320196044584369,0.2535885167464115,0.70028011,,5,0.225296442687747,1.108374175955077,70.55921085541635,77.17858674267967,,,,-0.7317200303077698,-1.8456920987795609,40,18,2,4,0,0,0
Eddie Solomon,1012268,122526,PIT,1.1142693310976028,,2.79,3.118110236220472,,3.734097258500227,,,,0.07293666,0.05182342,0.02111324,127.0,22,17,,,,,0.7086614173228346,0.2776523702031602,0.76510067,,1,0.2708757637474542,1.2598425196850394,86.23620029718818,107.36988255823744,,,,0.2422761023044586,0.0676770218592289,38,27,3,10,13,2,0
Geoff Zahn,1014410,124734,CAL,1.1098040342330933,,-0.58,4.407024515512986,,4.205610790386875,,,,0.0754717,0.06240929,0.01306241,161.1,25,25,,,,,1.0041321680915662,0.2829861111111111,0.65895372,,0,0.2801857585139319,1.388429664521672,123.3526242429704,112.51170068115717,,,,-1.898465871810913,-0.6681060057423318,52,43,0,18,10,9,0
Dave Rozema,1011273,121523,DET,1.0991123914718628,,0.82,3.6346151179816086,,4.0233158094643215,,,,0.1097852,0.05966587,0.05011933,104.0,28,9,,,,,1.0384614622804595,0.2612612612612612,0.77132486,,3,0.2531969309462916,1.1923076048405277,99.55538502204205,104.62262092385122,,,,0.6561558432877064,0.912152185100822,46,25,3,12,3,2,2
Gary Lucas,1007805,117975,SDP,1.096402883529663,,2.13,1.9999998304579136,,2.8669056348447466,,,,0.14363144,0.09756098,0.04607046,90.0,57,0,,,,,0.0999999915228956,0.2789855072463768,0.78719723,,13,0.2363636363636363,1.266666559290012,59.977278337836296,85.67939989152981,,,,0.3806239366531372,-0.2515717838168227,53,36,3,1,0,0,0
Dan Quisenberry,1010622,120858,KCR,1.0962902307510376,,2.08,1.732620568267169,,2.937137434613419,,,,0.07874016,0.05905512,0.01968504,62.1,40,0,,,,,0.1443850473555974,0.2672811059907834,0.80163043,,18,0.2478991596638655,1.187165944923801,46.81226815238747,79.7925744893373,,,,2.018090009689331,0.2641196830058672,20,15,1,1,0,0,0
Brad Havens,1005507,115622,MIN,1.0933742672204971,,1.41,3.576923689193379,,3.459213496790704,,,,0.13312693,0.07430341,0.05882353,78.0,14,12,,,,,0.6923078108116217,0.2811244979919678,0.73434125,,0,0.2550335570469799,1.2820515015030032,94.58189781539654,92.53998933775496,,,,-0.1235780194401741,-0.0783954511128589,43,24,1,6,6,1,1
Tom Griffin,1005054,115146,SFG,1.0888278484344482,,0.56,3.757732106542375,,3.605393669488442,,,,0.14901257,0.10233393,0.04667864,129.1,22,22,,,,,0.5567010528210926,0.2810945273631841,0.70771001,,0,0.2454361054766734,1.3762887139188122,110.51037056127096,108.45743809919033,,,,-1.3268879652023315,-0.8054239827579599,83,57,7,8,13,3,1
Dave Smith,1012117,122371,HOU,1.0833321809768677,,0.65,2.75999971923831,,2.5602389948527016,,,,0.1704918,0.07540984,0.09508197,75.0,42,0,,,,,0.23999997558594,0.2300884955752212,0.69553806,,8,0.1928571428571428,1.0266665622287432,85.02124582254889,79.26331709129154,,,,0.2390799820423126,-0.2347171941616783,52,23,2,2,0,0,0
Al Holland,1005947,116070,SFG,1.0664960741996763,,2.18,2.413907757381038,,2.93798740128145,,,,0.18097448,0.10208817,0.07888631,100.2,47,3,,,,,0.3576159640564501,0.2739273927392739,0.80062794,,7,0.2259740259740259,1.3013247580943044,70.99011669950102,88.76192495766658,,,,1.793429970741272,0.4708577802860267,78,44,2,4,2,0,0
Bruce Sutter,1012743,123004,STL,1.0587966442108154,,1.62,2.623481700341794,,2.9160284547137225,,,,0.17378049,0.07317073,0.10060976,82.1,48,0,,,,,0.5465586875712071,0.2448132780082987,0.79268293,,25,0.2112211221122112,1.068825877917027,73.63603671909584,86.30676749363488,,,,1.1229519844055176,-0.6416742965118747,57,24,1,5,0,0,0
Dave Goltz,1004818,114906,LAD,1.0319909155368805,,0.12,4.090909090909091,,3.002836393381094,,,,0.15047022,0.07836991,0.07210031,77.0,26,8,,,,,0.4675324675324675,0.3264462809917355,0.71289063,,1,0.282312925170068,1.4025974025974026,120.46888726124952,88.67815804769211,,,,-2.114971935749054,-1.6107962418487398,48,25,0,4,2,0,0
Allen Ripley,1010979,121224,SFG,1.0304224863648417,,0.35,4.069852712863882,,3.273033070688019,,,,0.11868687,0.06818182,0.05050505,90.2,19,14,,,,,0.4963235015687661,0.3121019108280254,0.6984127,,0,0.2814207650273224,1.4338234489764354,119.689461269825,98.6493004576538,,,,-1.1738440096378326,-0.2080038286386545,47,27,3,5,6,1,0
Steve Renko,1010835,121071,CAL,1.0234942138195038,,1.71,3.4411764062399697,,3.7767095570195783,,,,0.11792453,0.0990566,0.01886793,102.0,22,15,,,,,0.6176470472738407,0.2654320987654321,0.76069731,,1,0.2440944881889764,1.3235293870153728,96.31853389934776,100.87034417154553,,,,0.7028318792581558,0.2615964396940592,50,42,1,7,7,0,0
Randy Lerch,1007551,117701,MIL,1.0194212198257446,,-0.75,4.310241137192554,,3.747829398380032,,,,0.10707071,0.08686869,0.02020202,110.2,23,18,,,,,0.6506024358026496,0.3222506393861892,0.68757539,,0,0.2964601769911504,1.5993976546815136,123.53372603185856,104.72748218382618,,,,-1.7158600576221943,0.0290069595789135,53,43,0,8,7,1,0
Fernando Arroyo,1000327,110340,MIN,1.0114886909723282,,1.48,3.8571432966469894,,4.018420970560968,,,,0.07195572,0.06273063,0.00922509,128.1,23,19,,,,,0.7714286593293979,0.293598233995585,0.70405728,,0,0.2862823061630218,1.3870131450568972,101.9915337430852,107.76540838125187,,,,-0.800719864666462,0.3078904172190934,39,34,5,11,12,2,0
Vida Blue,1001094,111119,SFG,0.9921626448631288,,2.87,2.4545455046168345,,3.643019760718948,,,,0.12280702,0.10526316,0.01754386,124.2,18,18,,,,,0.5053476038917012,0.2319587628865979,0.78762307,,0,0.2117903930131004,1.21122997123249,72.185223848833,109.56780401811623,,,,1.5264039039611816,0.3684471577056312,63,54,1,7,14,1,0
Luis Tiant,1013054,123331,PIT,0.9351706504821776,,0.01,3.9244189528016338,,3.1583785751821463,,,,0.1322314,0.0785124,0.05371901,57.1,9,9,,,,,0.470930274336196,0.2712765957446808,0.61046512,,0,0.242152466367713,1.2732559269089745,108.53592503967973,91.11955942336677,,,,-0.3973660171031952,-1.1307666238405274,32,19,0,3,4,1,0
Mike Norris,1009637,119843,OAK,0.9126973152160645,,0.29,3.75289597399478,,4.245026732472762,,,,0.10818308,0.08737864,0.02080444,172.2,23,23,,,,,0.8861004383043231,0.2314647377938517,0.72605561,,0,0.2237654320987654,1.2046332756032627,108.11288987736404,116.14241470665851,,,,0.6971320509910583,0.4865145651728092,78,63,10,17,13,12,2
Ross Baumgarten,1000689,110705,CHW,0.9105543494224548,,0.02,4.072131554988829,,3.93794404266408,,,,0.11954023,0.09195402,0.02758621,101.2,19,19,,,,,0.7967213911934665,0.2762762762762762,0.66460587,,0,0.2563451776649746,1.3868853846701084,111.62178699451428,107.33379051986964,,,,-1.4311718940734863,-1.492096640594559,52,40,1,9,8,2,1
Lee Smith,1012175,122426,CHC,0.9012091904878616,,0.81,3.510000334739717,,2.930239022254947,,,,0.17793594,0.11032028,0.06761566,66.2,40,1,,,,,0.270000025749209,0.2791878172588832,0.67285383,,1,0.2289156626506024,1.3200001258850218,95.13918454966137,83.25806593906402,,,,0.9214220196008682,-0.16399950738966,50,31,1,2,1,0,0
Pascual Perez,1010185,120414,PIT,0.8986482508480549,,-0.08,3.9613901072539,,3.5732119995828953,,,,0.12105263,0.08947368,0.03157895,86.1,17,13,,,,,0.5212355404281447,0.2979452054794521,0.64754098,,0,0.2682215743440233,1.459459513198805,109.55841996097166,102.82871076583352,,,,-1.0879360288381577,-0.1942712154755292,46,34,3,5,5,2,0
Larry McWilliams,1008700,118884,ATL,0.8962836861610413,,0.66,3.1061953816869887,,2.7064337046875204,,,,0.15646259,0.05442177,0.10204082,37.2,6,5,,,,,0.477876212567229,0.2543859649122807,0.71823204,,0,0.2230215827338129,1.0353984605623296,84.88327167446144,74.98269685829392,,,,0.2522179950028658,-0.1319027417366947,23,8,0,2,4,2,1
Andy Rincon,1010970,121214,STL,0.8883985280990601,,0.96,1.7663554550519311,,2.460052049906554,,,,0.09774436,0.03759398,0.06015038,35.2,5,5,,,,,0.0,0.2389380530973451,0.76470588,,0,0.2142857142857142,0.8971964216136793,49.578167490260654,73.12663449871663,,,,0.4943600296974182,-0.3651568453976971,13,5,2,0,4,1,1
Shane Rawley,1010719,120949,SEA,0.8644021153450012,,0.59,3.951220247449223,,3.4782879346612967,,,,0.11864407,0.12881356,-0.01016949,68.1,46,0,,,,,0.1317073415816407,0.2863636363636364,0.70866142,,8,0.25,1.4926832045919287,104.80628166315644,87.55711507121423,,,,-0.3527000248432159,0.1896007930968793,35,38,1,1,0,0,0
Chris Welsh,1013772,124079,SDP,0.8605341613292694,,0.92,3.7843670121432607,,3.740400847006341,,,,0.09960938,0.08007813,0.01953125,123.2,22,19,,,,,0.6549865982555643,0.275609756097561,0.71994716,,0,0.2595744680851063,1.31805945081058,113.48802643041952,111.16377032753832,,,,-1.2862399518489838,0.1261445976054598,51,41,1,9,12,4,2
Bill Lee,1007448,117617,MON,0.8405421115458012,,0.72,2.9436093602700324,,3.254374404177032,,,,0.09315068,0.03835616,0.05479452,88.2,31,7,,,,,0.6090226262627654,0.2718446601941747,0.74795082,,6,0.2578796561604584,1.1729324653949555,83.78059354041395,95.96724353915592,,,,0.8275859653949738,0.634893154213219,34,14,2,6,5,0,0
Mike Griffin,1005048,115144,- - -,0.8386729657649994,,0.55,4.313610514156929,,3.1505349823016537,,,,0.09756098,0.03658537,0.06097561,56.1,18,9,,,,,0.6390534095047302,0.3110047846889952,0.69060773,,1,0.2911392405063291,1.384615720593582,117.07246168609213,89.10497995473143,,,,-0.1254680529236793,0.1255548462063803,24,9,0,4,1,0,0
Dickie Noles,1009620,119825,PHI,0.834326446056366,,0.21,4.165713695479496,,3.2173817604843578,,,,0.13654618,0.09236948,0.04417671,58.1,13,8,,,,,0.308571384850333,0.2941176470588235,0.66084788,,0,0.2556053811659193,1.3714283771125912,118.12278928361437,93.12204906412514,,,,0.2126460075378418,-0.124188798011851,34,23,3,2,5,0,0
Joe Price,1010530,120761,CIN,0.8337536454200745,,0.9,2.5155284271294116,,2.8052079737349773,,,,0.18981481,0.08333333,0.10648148,53.2,41,0,,,,,0.5031056854258824,0.2532467532467532,0.73476703,,4,0.2121212121212121,1.1180126342797383,71.44052463414518,81.42000586438,,,,0.6125640273094177,-0.0500420273633632,41,18,0,3,0,0,0
John Butcher,1001762,111806,TEX,0.8285155482590199,,0.74,1.626505837210019,,2.0942149525405744,,,,0.17924528,0.0754717,0.10377359,27.2,5,3,,,,,0.0,0.2278481012658227,0.76923077,,0,0.1836734693877551,0.9397589281657888,45.60875797357281,57.42363671184032,,,,0.6591159850358963,-0.3401537347683636,19,8,0,0,3,1,1
Brian Kingman,1006938,117091,OAK,0.8146356381475925,,-0.01,3.9468440539005343,,3.935787231244983,,,,0.11954023,0.07356322,0.04597701,100.1,18,15,,,,,0.8970100122501214,0.3026706231454006,0.74626866,,0,0.2807017543859649,1.4352160196001944,113.70011839370828,107.55970625456222,,,,-0.7689259983599186,-0.072693032736655,52,32,4,10,6,3,1
Silvio Martinez,1008196,118382,STL,0.796630822122097,,-0.1,3.989691584608873,,3.6724041711436985,,,,0.08232446,0.09443099,-0.01210654,97.0,18,16,,,,,0.3711341008938486,0.2716417910447761,0.67233385,,0,0.2546916890080429,1.3814435977715478,111.98289509084498,108.17003153882074,,,,-0.4685999974608421,-0.0704826052033745,34,39,1,4,9,0,0
Brian Allard,1000131,110138,SEA,0.7951586246490479,,0.9,3.7500005960465423,,3.621072486374139,,,,0.10471204,0.04188482,0.06282723,48.0,7,7,,,,,0.9375001490116356,0.2721518987341772,0.69387755,,0,0.2622950819672131,1.1666668521033687,99.4689220273108,91.21482326944928,,,,-0.0193460248410701,-0.3324609471439209,20,8,0,5,5,1,0
Mark Bomback,1001156,111185,TOR,0.7747887074947357,,1.04,3.885610059385142,,3.928652686299979,,,,0.08753316,0.0928382,-0.00530504,90.1,20,11,,,,,0.5977861629823296,0.2582781456953642,0.69892473,,0,0.2463343108504398,1.3173435813869856,100.43628752421095,102.8717612715065,,,,-0.9159540608525276,-0.7251517704966903,33,35,1,6,5,0,0
Jon Matlack,1008246,118428,TEX,0.764803122729063,,-0.78,4.140575518272934,,3.980430830208003,,,,0.09619687,0.0917226,0.00447427,104.1,17,16,,,,,0.6900959197121557,0.2627118644067797,0.63732929,,0,0.2493827160493827,1.3610225083211958,116.10564337607516,110.67870202922263,,,,-1.8428341122344136,-1.0104414791866052,43,41,1,8,6,1,1
Dick Drago,1003475,113540,SEA,0.7613769769668579,,-0.69,5.5341621463091055,,3.401481321730801,,,,0.1125,0.0625,0.05,53.2,39,0,,,,,0.6708075328859522,0.345360824742268,0.65920398,,5,0.3155555555555555,1.6024846618942192,146.7938814724613,85.58956203816946,,,,-0.4794919490814209,0.3199863876068559,27,15,0,4,0,0,0
Ed Whitson,1013911,124223,SFG,0.7422451376914978,,0.53,4.024389994279195,,3.795360867872665,,,,0.12172285,0.08801498,0.03370787,123.0,22,22,,,,,0.7317072716871263,0.2926829268292683,0.71515152,,0,0.268041237113402,1.439024300984682,118.35245753058308,114.06347093176554,,,,-0.3136139512062073,0.4217859612681183,65,47,2,10,7,2,1
Paul Splittorff,1012346,122602,KCR,0.7412236779928207,,0.32,4.3636367419534805,,3.933572439713922,,,,0.11455847,0.0548926,0.05966587,99.0,21,15,,,,,1.09090918548837,0.2955223880597015,0.73604061,,0,0.2810126582278481,1.3535354708837186,117.89755762176668,107.43043040747511,,,,-0.1033659875392913,1.5029644353045744,48,23,1,12,5,1,0
Gary Lavelle,1007389,117545,SFG,0.7388554075732827,,-0.54,3.8375637675957464,,2.9657212543642393,,,,0.16728625,0.08550186,0.08178439,65.2,34,3,,,,,0.4111675465281157,0.2806122448979591,0.63451777,,4,0.2377049180327868,1.2335026395843471,112.85812345993288,89.5803656794246,,,,-0.4262059722095728,-0.5996242395821986,45,23,2,3,0,0,0
Lynn McGlothen,1008534,118715,- - -,0.7384056150913239,,0.18,4.5982538112953,,3.229060024806981,,,,0.11111111,0.10233918,0.00877193,76.1,31,6,,,,,0.1179039438793666,0.3157894736842105,0.66334992,,0,0.2786885245901639,1.572052585058222,124.99723544315027,90.4739641353345,,,,-0.9817438125610352,-1.0955694930339366,38,35,2,1,2,0,0
Woodie Fryman,1004381,114466,MON,0.7341286540031433,,0.28,1.883721097344784,,2.7862855189165097,,,,0.14534884,0.08139535,0.06395349,43.0,35,0,,,,,0.2093023441494204,0.2824427480916031,0.71705426,,7,0.2420382165605095,1.2093024328633182,53.61420361350812,82.4538247872036,,,,-0.2404679805040359,-0.3191069307695466,25,14,1,1,0,0,0
Danny Boone,1001185,111215,SDP,0.7139690518379211,,0.77,2.8421049778481557,,2.69497582337863,,,,0.16412214,0.08015267,0.08396947,63.1,37,0,,,,,0.2842104977848155,0.3128205128205128,0.75425791,,2,0.2625,1.3263156563291392,85.23086788598403,80.66331858576868,,,,-0.027868004515767,0.2474025977021142,43,21,1,2,0,0,0
Neil Allen,1000154,110156,NYM,0.7128507494926453,,0.97,2.9700004531861044,,3.050239059448253,,,,0.17482517,0.09090909,0.08391608,66.2,43,0,,,,,0.5400000823974735,0.2912621359223301,0.75829384,,18,0.2461538461538461,1.3500002059936838,86.38383140071578,89.77381105811547,,,,0.5004040002822876,0.4101996767498355,50,26,0,4,0,0,0
Marty Bystrom,1001802,111845,PHI,0.7114821672439575,,1.1,3.354037664429761,,3.382847779150636,,,,0.10572687,0.07048458,0.03524229,53.2,9,9,,,,,0.5031056496644641,0.2841530054644808,0.75221239,,0,0.2619047619047619,1.322981523191739,95.1069404300814,97.80948432547792,,,,0.5577720403671265,-0.1160801944375417,24,16,1,3,6,1,0
Gene Garber,1004493,114577,ATL,0.7103560566902161,,0.44,2.6079551672395107,,2.907057245753046,,,,0.13545817,0.07968127,0.05577689,58.2,35,0,,,,,0.3068182549693542,0.241025641025641,0.69486405,,2,0.2121212121212121,1.1761366440491912,71.26781794884354,80.40126020712715,,,,-1.404297947883606,-1.448942665772214,34,20,0,2,0,0,0
Bob Stoddard,1012555,122815,SEA,0.6995923519134521,,1.35,2.59615346524848,,3.3213927311304916,,,,0.15602837,0.06382979,0.09219858,34.2,5,5,,,,,0.7788460395745439,0.3018867924528302,0.85784314,,0,0.2671755725190839,1.2692305830103678,68.86307881603567,83.53793466735287,,,,0.6104159951210022,0.3542922754990167,22,9,1,3,4,1,0
Don Aase,1000003,110003,CAL,0.6946467161178589,,2.24,2.3418374639510997,,3.3349330971212914,,,,0.14339623,0.09056604,0.05283019,65.1,39,0,,,,,0.5510205797532,0.2613065326633166,0.84677419,,11,0.2323651452282157,1.224490177229333,65.54803489565919,88.87952468414639,,,,1.9522939920425415,0.4932619305833179,38,24,0,4,0,0,0
Steve Howe,1006107,116222,LAD,0.6837747693061829,,1.05,2.4999998233936576,,2.896535266148866,,,,0.14096916,0.07929515,0.06167401,54.0,41,0,,,,,0.333333309785821,0.28,0.78549849,,8,0.2440191387559808,1.277777687512314,73.61987034784661,85.61026044372444,,,,0.9637138843536376,0.7549038054986409,32,18,0,2,0,0,0
Pat Zachry,1014407,124732,NYM,0.6490026712417603,,-0.01,4.143884892086331,,4.017505177834051,,,,0.12337662,0.09090909,0.03246753,139.0,24,24,,,,,0.841726618705036,0.2955032119914347,0.68983402,,0,0.2715827338129496,1.4892086330935252,120.52680109120789,117.60508855515542,,,,-2.262144088745117,0.2475865078024117,76,56,4,13,10,3,0
Frank LaCorte,1007239,117394,HOU,0.6183696985244751,,-0.09,3.6428568119905735,,2.505000904195702,,,,0.2173913,0.11413043,0.10326087,42.0,37,0,,,,,0.2142856948229749,0.3278688524590163,0.72607261,,5,0.2515337423312883,1.4761903421138272,112.21748406339414,77.59857948798691,,,,-0.9640520215034484,-0.4707970975531577,40,21,0,1,0,0,0
Jackson Todd,1013096,123373,TOR,0.6118972674012184,,0.74,3.962457518445446,,4.166791963192356,,,,0.09879518,0.0746988,0.02409639,97.2,21,13,,,,,0.921501748475685,0.2553191489361702,0.67826087,,0,0.2473684210526315,1.2798635395495626,102.4226611890215,109.20472868448336,,,,-0.3973159939050674,0.3370570558254271,41,31,4,10,8,3,0
Jesse Jefferson,1006380,116514,CAL,0.5890027284622192,,0.08,3.623376533622827,,3.587251953347616,,,,0.08108108,0.07207207,0.00900901,77.0,26,5,,,,,0.4675324559513326,0.2753623188405797,0.66733068,,0,0.260586319218241,1.3506493171927385,101.4183157977616,95.728033223903,,,,-0.5774159729480743,-0.714287478826029,27,24,2,4,3,0,0
Odell Jones,1006579,116712,PIT,0.5737107917666435,,0.89,3.312883454965717,,3.4836745787745493,,,,0.12931034,0.09913793,0.03017241,54.1,13,8,,,,,0.4969325182448575,0.2727272727272727,0.73065903,,0,0.2440191387559808,1.3619631981525726,91.62295734930652,100.3014139054768,,,,0.1625660099089145,0.2897438299293149,30,23,0,3,3,0,0
Joaquin Andujar,1000266,110278,- - -,0.5714905634522438,,-0.4,4.1012659713141275,,3.524289657160023,,,,0.11011905,0.06845238,0.04166667,79.0,20,11,,,,,0.6835443285523546,0.2925925925925925,0.67269076,,0,0.2715654952076677,1.3670886571047092,119.16772451161196,105.27989410371347,,,,-0.6359679698944092,-0.1547806250189457,37,23,0,6,2,1,0
Tug McGraw,1008545,118724,PHI,0.5637804269790649,,1.25,2.659090678553956,,2.9638753228936343,,,,0.14606742,0.07865169,0.06741573,44.0,34,0,,,,,0.4090908736236855,0.2426470588235294,0.77922078,,10,0.2134146341463414,1.1136362670866995,75.40105510604408,85.94054422028584,,,,1.338020086288452,0.0182630679210754,26,14,0,2,0,0,0
Ed Lynch,1007862,118029,NYM,0.5637594312429428,,1.45,2.9128630129061692,,3.720570918824526,,,,0.08035714,0.0625,0.01785714,80.1,17,13,,,,,0.6721991568245006,0.2597864768683274,0.74514039,,0,0.2515923566878981,1.2448132533787049,84.72196262809804,109.06135937474812,,,,-0.0037240386009216,0.6957323458850148,27,21,1,6,6,0,0
Tippy Martinez,1008200,118367,BAL,0.5567046999931335,,1.19,2.898304147783652,,3.4137980498106817,,,,0.2016129,0.12903226,0.07258065,59.0,37,0,,,,,0.6101692942702425,0.2716049382716049,0.79301075,,11,0.2222222222222222,1.3559317650449834,80.47148121359324,92.61450813191506,,,,0.9160879254341124,0.3370516896449882,50,32,0,4,0,0,0
Ken Kravec,1007147,117300,CHC,0.5530609041452408,,0.02,5.0553202157391945,,3.800239244014712,,,,0.14044944,0.10955056,0.03089888,78.1,24,12,,,,,0.5744682063339993,0.2906976744186046,0.64655172,,0,0.255591054313099,1.5191492567499094,137.02535529772544,107.40245462790551,,,,-0.8325200080871582,0.1522662106858712,50,39,4,5,4,0,0
Steve Comer,1002482,112538,TEX,0.5465084239840508,,0.92,2.560344238202007,,3.44075603867829,,,,0.06666667,0.09393939,-0.02727273,77.1,36,1,,,,,0.1163792835546367,0.2509090909090909,0.76540755,,6,0.2348993288590604,1.3060341821131451,71.79446763590605,95.44162518486849,,,,1.5139139965176582,0.7367567101807342,22,31,1,1,0,0,0
Rod Scurry,1011700,121952,PIT,0.5421161949634552,,0.74,3.7702697843771,,3.640779397224683,,,,0.19637462,0.12084592,0.0755287,74.0,27,7,,,,,0.7297296356858903,0.3133640552995391,0.77348066,,7,0.2569444444444444,1.5405403420035462,104.27268943964008,104.735878410165,,,,0.2447119876742363,1.2037097382058222,65,40,3,6,4,0,0
Darrell Jackson,1006294,116425,MIN,0.5282944142818451,,0.31,4.408163737178346,,3.2430962024555336,,,,0.17931034,0.13103448,0.04827586,32.2,14,5,,,,,0.2755102335736466,0.3469387755102041,0.72761194,,0,0.28,1.65306140144188,116.56175204491436,86.65581124082286,,,,-0.2056740224361419,-0.1479953457690242,26,19,1,1,2,0,0
Fred Kuhaulua,1007201,117355,SDP,0.5271214148961008,,0.49,2.45454492253717,,2.8729662043989332,,,,0.13445378,0.07563025,0.05882353,29.1,5,4,,,,,0.3068181153171462,0.2903225806451613,0.75842697,,0,0.2545454545454545,1.2613633629704903,73.60846824573399,85.85621803251293,,,,0.3954961048439145,0.2332070360422188,16,9,0,1,3,0,0
Greg Minton,1008986,119178,SFG,0.5249879360198975,,1.66,2.8814225773358157,,3.1931242947622547,,,,0.08077994,0.10027855,-0.01949861,84.1,55,0,,,,,0.0,0.2857142857142857,0.76666667,,21,0.2600619195046439,1.422924729548551,84.739163872432,96.29115007558268,,,,0.9210301637649536,-0.0474474362559351,29,36,0,0,0,0,0
Luis Aponte,1000280,110292,BOS,0.5218451023101807,,1.06,0.5744681084193821,,1.7704517230668062,,,,0.19298246,0.05263158,0.14035088,15.2,7,0,,,,,0.0,0.2558139534883721,0.92857143,,1,0.2037037037037037,0.8936170575412611,14.980650634114763,46.413691945348255,,,,0.9311360120773317,0.1759008156316219,11,3,0,0,0,0,0
Dave Beard,1000716,110735,OAK,0.5059964656829834,,-0.06,2.7692332070276175,,2.4463927015043794,,,,0.28301887,0.0754717,0.20754717,13.0,8,0,,,,,0.6923083017569044,0.25,0.71428571,,3,0.1875,1.0000008803155285,79.77567372788921,66.22268763902969,,,,0.6943759918212891,-0.0252135684472417,15,4,1,1,0,0,0
Bob Ojeda,1009756,119964,BOS,0.4965223968029022,,1.67,3.1206032543549087,,4.153002928940965,,,,0.10486891,0.09363296,0.01123596,66.1,10,10,,,,,0.8140704141795414,0.2135922330097087,0.75801749,,0,0.2083333333333333,1.1306533530271408,81.37730613070738,111.07843221653496,,,,0.7448980212211609,-0.6922552632536262,28,25,2,6,7,2,0
Jerry Garvin,1004558,114642,TOR,0.486428689211607,,1.15,3.396226903984056,,3.694578770956331,,,,0.11312217,0.1040724,0.00904977,53.0,35,4,,,,,0.5094340355976084,0.2529411764705882,0.75617284,,0,0.2323232323232323,1.3018869798605548,87.7865809004982,96.64690623102884,,,,-0.6794179826974869,-0.808718855182496,25,23,0,3,1,0,0
Craig Swan,1012754,123017,NYM,0.476166658103466,,0.13,3.2926844586090733,,1.5026775045806675,,,,0.18,0.02,0.16,13.2,5,3,,,,,0.0,0.25,0.45454545,,0,0.2040816326530612,0.8048784232155513,95.76924435250923,45.24561529214794,,,,0.1131859980523586,-0.1765743496278626,9,1,0,0,0,0,0
Charlie Lea,1007423,117578,MON,0.4655846487730741,,-0.19,4.616580402128791,,3.7038659556023585,,,,0.11610487,0.09737828,0.01872659,64.1,16,11,,,,,0.5595855032883383,0.2878048780487804,0.66350711,,0,0.2625,1.3834197164628363,131.39645886365562,108.94376947502488,,,,-0.9977139830589294,-0.8191536866143982,31,26,1,4,5,2,2
Kevin Saucier,1011457,121708,DET,0.4560233354568481,,1.59,1.653062511414907,,3.5186070526808617,,,,0.12169312,0.11111111,0.01058201,49.0,38,0,,,,,0.183673612379434,0.1798561151079136,0.81027668,,13,0.1595092024539877,0.9591844202037112,45.27887257586858,91.29825366525858,,,,1.4589520692825315,-0.3123097343318501,23,21,5,1,0,0,0
Rick Wise,1014155,124473,SDP,0.4549809396266937,,0.52,3.76530612244898,,3.957381847926549,,,,0.06443914,0.04534606,0.01909308,98.0,18,18,,,,,0.9183673469387756,0.2920110192837465,0.75206612,,0,0.29,1.3775510204081634,112.91641623868315,117.49422769929956,,,,-0.5634599924087524,0.1891245093540573,27,19,0,10,11,0,0
Jamie Easterly,1003639,113711,MIL,0.4523573517799377,,0.8,3.1935491730595675,,3.2454004398866347,,,,0.12252964,0.13438735,-0.01185771,62.0,44,0,,,,,0.0,0.2446808510638297,0.7125,,4,0.2100456621004566,1.290322898205886,91.52876046999336,90.45806472119108,,,,1.1207880973815918,0.1610451185008463,31,34,0,0,0,0,0
John Martin,1008179,118343,STL,0.4514869824051857,,0.79,3.4188313487911626,,3.9833559467049025,,,,0.08845209,0.06388206,0.02457003,102.2,17,15,,,,,0.8766234227669647,0.2252252252252252,0.70707071,,0,0.2242744063324538,1.0811688880792565,95.95995684024918,117.15818468379722,,,,0.6390061415731907,-0.3152706582626198,36,26,2,10,10,4,0
Aurelio Lopez,1007753,117916,DET,0.4435732513666153,,0.5,3.6367357414340775,,3.787994434955764,,,,0.15680473,0.09171598,0.06508876,81.2,29,3,,,,,0.8816329070143217,0.2540983606557377,0.75163399,,3,0.2295081967213114,1.2367350501173124,99.61347081034268,98.41011048965224,,,,-0.295596107840538,1.539331001268494,53,31,2,8,1,0,0
Greg Harris,1005415,115521,NYM,0.4361358415335417,,0.18,4.456310349524759,,3.8526660824801926,,,,0.18,0.09333333,0.08666667,68.2,16,14,,,,,1.0485436116528846,0.2740384615384615,0.70405728,,1,0.2407407407407407,1.3543688317183091,129.61383944896312,112.86215120011774,,,,-0.5070479735732079,0.2542612355725561,54,28,2,8,5,0,0
Jim Slaton,1012054,122313,MIL,0.4347002245485782,,0.13,4.3721591027545905,,4.236602631580731,,,,0.094,0.1,-0.006,117.1,24,21,,,,,0.7670454566236123,0.2813299232736573,0.70886076,,0,0.2678571428571428,1.4488636402890456,125.3083267446096,118.60906522397724,,,,-0.2447459995746612,0.168049584338813,47,50,2,10,8,0,0
Jim Clancy,1002255,112306,TOR,0.433016687631607,,-0.3,4.896,,4.608238990783692,,,,0.10071942,0.11510791,-0.01438849,125.0,22,22,,,,,0.864,0.2720763723150358,0.66217733,,0,0.2587268993839836,1.52,126.55311680872808,120.94436977508288,,,,-1.7464498281478882,-0.2255341945256832,56,64,5,12,6,2,0
Jeff Reardon,1010741,120971,- - -,0.4206305146217346,,1.99,2.1753557845296303,,3.1120874106730163,,,,0.17562724,0.07526882,0.10035842,70.1,43,0,,,,,0.6398105248616559,0.2128712871287128,0.84375,,8,0.1875,0.9810428047878724,62.79244056737908,91.74249842022888,,,,2.45512792468071,1.257156464982235,49,21,2,5,0,0,0
Tom Burgmeier,1001668,111707,BOS,0.4164710938930511,,0.95,2.8659226427753173,,3.572306319912162,,,,0.1372549,0.06666667,0.07058824,59.2,32,0,,,,,0.7541901691513992,0.2886597938144329,0.78666667,,6,0.2606837606837607,1.3072629598624252,74.73589086423753,95.31776553846912,,,,0.5547899603843689,0.3194025481203559,35,17,4,5,0,0,0
Ken Clay,1002328,112380,SEA,0.4073049277067184,,-0.25,4.633663366336633,,4.590338000684682,,,,0.07191011,0.09438202,-0.02247191,101.0,22,14,,,,,0.8910891089108911,0.2960893854748603,0.67346939,,0,0.29,1.5643564356435644,122.90811382079704,116.044473084019,,,,-1.5817878544330597,-0.2819670252808863,32,42,3,10,6,0,0
Tom Brennan,1001392,111427,CLE,0.4014162719249725,,1.25,3.1655179492530183,,4.193342795309721,,,,0.07317073,0.06829268,0.00487805,48.1,7,6,,,,,0.93103469095677,0.2573099415204678,0.76785714,,0,0.256544502617801,1.3034485673394782,84.49263053212432,111.0476054632334,,,,0.2249140962958336,0.1249385424409267,15,14,0,5,2,1,0
John Candelaria,1001909,111952,PIT,0.3950091004371643,,0.72,3.540983163679384,,3.6822060685746143,,,,0.08333333,0.06547619,0.01785714,40.2,6,6,,,,,0.6639343431898844,0.2785714285714286,0.73770492,,0,0.267515923566879,1.3032785255208843,97.93141044370545,105.90519393760036,,,,0.0362580046057701,-0.0057859644835206,14,11,0,3,3,0,0
Mike Jones,1006577,116711,KCR,0.382264744490385,,0.89,3.211454176237021,,4.225789870113542,,,,0.08978328,0.08668731,0.00309598,75.2,12,11,,,,,0.8325992308762646,0.2607003891050584,0.78556263,,0,0.2525597269624573,1.3480178023710951,86.76767251324144,115.53558849286232,,,,0.6267061531543732,0.717839274818267,29,28,2,7,8,0,0
LaMarr Hoyt,1006114,116240,CHW,0.3533910065889358,,0.46,3.5735301134084474,,3.7362686256018094,,,,0.16172507,0.0754717,0.08625337,90.2,43,1,,,,,0.9926472537245687,0.2592592592592592,0.73195876,,10,0.2352941176470588,1.1911767044694823,97.954550768057,101.75130524058324,,,,1.96628013253212,1.3474467228912117,60,28,3,10,0,0,0
Dave Frost,1004376,114460,CAL,0.3476967066526413,,-0.51,5.514085766153712,,4.015732271750354,,,,0.08,0.095,-0.015,47.1,12,9,,,,,0.5704226654641771,0.2546583850931677,0.56856187,,0,0.2444444444444444,1.3309862194164133,154.33927067153982,107.3579651425332,,,,-0.5891419947147369,-0.3549968180632692,16,19,1,3,2,0,0
Scott Brown,1001559,111591,CIN,0.3454000949859619,,0.24,2.7692315818292417,,1.7540848963358675,,,,0.13207547,0.01886792,0.11320755,13.0,10,0,,,,,0.0,0.3555555555555555,0.76470588,,0,0.3076923076923077,1.307692691419364,78.64564554537115,51.652464095105145,,,,0.1749079972505569,0.3467703790250235,7,1,0,0,0,0,0
Chuck Rainey,1010654,120892,BOS,0.3382720022927969,,0.05,2.7000006437303172,,3.225239139795339,,,,0.11695906,0.07602339,0.04093567,40.0,11,2,,,,,0.4500001072883862,0.2720588235294117,0.6300813,,0,0.2468354430379747,1.3000003099442268,70.40907190983792,85.89802714897534,,,,-0.35869200527668,-0.912493365813718,20,13,0,2,1,0,0
Charlie Leibrandt,1007492,117643,CIN,0.3377555459737777,,0.28,3.5999996566772787,,3.500238904953011,,,,0.0703125,0.1171875,-0.046875,30.0,7,4,,,,,0.0,0.2692307692307692,0.72093023,,0,0.247787610619469,1.4333331966400278,102.2392994577502,101.1031074162596,,,,-0.1153318881988525,-0.2438730041341084,9,15,0,0,1,1,1
Bob Stanley,1012409,122674,BOS,0.3369540870189667,,0.5,3.831081105767592,,3.7657795388346784,,,,0.06511628,0.08837209,-0.02325581,98.2,35,1,,,,,0.2736486504119709,0.3014084507042253,0.72096128,,0,0.2849740932642487,1.500000009665618,99.90474102100043,100.5688155138944,,,,-0.8174159750342369,-0.838795374169882,28,38,6,3,1,0,0
Al Hrabosky,1006116,116242,ATL,0.3281027972698211,,1.19,1.069307011466981,,3.0160806063541843,,,,0.09923664,0.06870229,0.03053435,33.2,24,0,,,,,0.2673267528667452,0.2129629629629629,0.88607595,,1,0.1967213114754098,0.9801980938447324,29.22104581472355,83.34582983630646,,,,0.4831179976463318,-0.0020688192989599,13,9,0,1,0,0,0
Fergie Jenkins,1006388,116522,TEX,0.3206209018826484,,-0.71,4.500000566806505,,4.26061655841041,,,,0.13490364,0.0856531,0.04925054,106.0,19,16,,,,,1.188679395005492,0.3085714285714285,0.75140449,,0,0.2857142857142857,1.5283020792927753,126.1842607859742,118.58941332854106,,,,-1.7012960314750671,1.0851329082599726,63,40,0,14,7,1,0
Dave Stewart,1012519,122775,LAD,0.3109340369701385,,0.88,2.4923088624496987,,3.131008470749831,,,,0.1576087,0.07608696,0.08152174,43.1,32,0,,,,,0.6230772156124247,0.2681159420289855,0.82329317,,6,0.2352941176470588,1.2461544312248494,73.39338731282943,92.37726095744834,,,,-0.5432820320129395,-0.3544768974811878,29,14,0,3,0,0,0
Mike Stanton,1012421,122679,CLE,0.3078610599040985,,0.35,4.3615382055700325,,3.4771620162422168,,,,0.18378378,0.0972973,0.08648649,43.1,24,0,,,,,0.8307691820133396,0.3023255813953488,0.72202166,,2,0.2574850299401197,1.4076922250781587,116.41628386341452,91.80483160566824,,,,0.279846042394638,0.1423462432066876,34,18,0,4,0,0,0
Rawly Eastwick,1003648,113716,CHC,0.3016538619995117,,0.97,2.284615250536684,,3.131008190403325,,,,0.13114754,0.08196721,0.04918033,43.1,30,0,,,,,0.4153845910066698,0.2887323943661972,0.76086957,,1,0.2559523809523809,1.3384614599103803,61.92490348064265,88.829844786091,,,,-0.4940859973430633,-0.652311254115855,24,15,0,2,0,0,0
Dale Murray,1009383,119578,TOR,0.2870152592658996,,0.55,1.1739130678158858,,2.0132824568757486,,,,0.19354839,0.08064516,0.11290323,15.1,11,0,,,,,0.0,0.2666666666666666,0.88235294,,0,0.2105263157894736,1.1086956751594477,30.34361878974594,51.935278197311504,,,,-0.1399780064821243,-0.6504917483421333,12,5,0,0,0,0,0
Willie Hernandez,1005714,115822,CHC,0.2828516960144043,,0.05,3.9512194202883784,,2.453897530773011,,,,0.20967742,0.12903226,0.08064516,13.2,12,0,,,,,0.0,0.3414634146341463,0.68181818,,2,0.2592592592592592,1.6097560601174876,107.0985064880052,70.03855882710135,,,,-0.2728380262851715,-0.1392057343395213,13,8,0,0,0,0,0
Bob Owchinko,1009914,120132,OAK,0.2803983986377716,,0.15,3.2033902447445426,,3.464645882222695,,,,0.15853659,0.11585366,0.04268293,39.1,29,0,,,,,0.4576271778206489,0.2758620689655172,0.76171875,,2,0.2361111111111111,1.3474578013607996,92.28280750762175,94.4835344772472,,,,-0.1926359236240387,-0.5616363771714676,26,19,1,2,0,0,0
Atlee Hammaker,1005281,115390,KCR,0.2762637734413147,,-0.27,5.53846289279226,,3.6258802672267025,,,,0.06508876,0.07100592,-0.00591716,39.0,10,6,,,,,0.461538574399355,0.2916666666666667,0.60150376,,0,0.2802547770700637,1.4358977870202154,149.6392313688959,98.8960534668709,,,,-0.7450979873538017,-0.9308899654874484,11,12,0,2,2,0,0
Dave Ford,1004217,114298,BAL,0.2743698507547378,,-1.09,6.524999688863769,,3.4002389526367205,,,,0.06486486,0.05405405,0.01081081,40.0,15,2,,,,,0.4499999785423289,0.3664596273291925,0.55718475,,0,0.3485714285714286,1.7749999153614084,181.1667661872654,92.2400366168327,,,,-1.508799970149994,-1.4331038768504492,12,10,0,2,0,0,0
Jerry Augustine,1000365,110379,MIL,0.2705821953713894,,-0.01,4.255434738496752,,3.529586807237006,,,,0.09558824,0.06617647,0.02941177,61.1,27,2,,,,,0.5869565156547244,0.3183856502242152,0.7239819,,2,0.2964426877470356,1.516304332108038,121.9629464801396,98.52920362423563,,,,-0.5245998650789261,-0.8179506638740793,26,18,1,4,1,0,0
Angel Moreno,1009163,119358,CAL,0.2653035335242748,,0.76,2.872340454673163,,4.00449432417946,,,,0.09160305,0.10687023,-0.01526718,31.1,8,4,,,,,0.5744680909346326,0.2427184466019417,0.81151832,,0,0.2307692307692307,1.3085106515733298,80.3968145754549,107.0529416454404,,,,0.1030860245227813,0.0719790600761045,12,14,0,2,2,1,0
Dave Schmidt,1011580,121830,TEX,0.2607866860926151,,0.41,3.1263167937643894,,3.3265550135774387,,,,0.09848485,0.08333333,0.01515152,31.2,14,1,,,,,0.2842106176149445,0.2830188679245283,0.76923077,,1,0.2583333333333333,1.3263162155364077,87.6648719810926,92.21729486135384,,,,0.2838300168514251,0.3970514584756108,13,11,1,1,1,0,0
George Frazier,1004308,114393,NYY,0.2596080303192138,,0.73,1.6265056129464357,,3.033973820902741,,,,0.14529915,0.09401709,0.05128205,27.2,16,0,,,,,0.3253011225892872,0.2840909090909091,0.84269663,,3,0.2452830188679245,1.337349059533736,45.62686369206623,83.14365147992804,,,,0.2825300097465515,0.6037112759727835,17,11,0,1,0,0,0
Randy Martz,1008207,118388,CHC,0.2590233162045479,,2.0,3.678019053671274,,4.123459002910179,,,,0.06896552,0.10560345,-0.03663793,107.2,33,14,,,,,0.5015480527733556,0.2579787234042553,0.71922545,,6,0.2487922705314009,1.4117648892879635,99.69336186697277,116.3725023307677,,,,0.2539539337158203,0.5100587188263248,32,49,1,6,5,1,0
Bruce Hurst,1006222,116350,BOS,0.2383521944284439,,0.25,4.304346041328579,,3.904586276034776,,,,0.10576923,0.11538462,-0.00961539,23.0,5,5,,,,,0.3913041855753253,0.2784810126582278,0.72254335,,0,0.2527472527472527,1.5217384994595986,112.24627321940775,104.33616439051252,,,,0.1845320016145706,0.1338222496682802,11,12,1,1,1,0,0
Dennis Lewallyn,1007572,117727,CLE,0.2341739535331726,,-0.01,5.4000001287460355,,2.3752389854192733,,,,0.19298246,0.03508772,0.15789474,13.1,7,0,,,,,0.6750000160932544,0.3488372093023256,0.60240964,,0,0.2909090909090909,1.3500000321865089,144.13445858338235,62.197704033524715,,,,0.0558119900524616,0.221145881476997,11,2,0,1,0,0,0
Tom Niedenfuer,1009578,119781,LAD,0.2294717282056808,,0.01,3.807692587022971,,2.984854403614295,,,,0.11214953,0.05607477,0.05607477,26.0,17,0,,,,,0.3461538715475428,0.2758620689655172,0.68627451,,2,0.25,1.1923077797748698,112.1287417534939,88.15918986027472,,,,-0.6462880969047546,-0.435134385670742,12,6,1,1,0,0,0
Bob Galasso,1004441,114527,SEA,0.2223035991191864,,-0.09,4.831577007262779,,3.768659574239396,,,,0.10294118,0.09558824,0.00735294,31.2,13,1,,,,,0.5684208243838563,0.2803738317757009,0.61611374,,1,0.2601626016260163,1.4210520609596409,128.15778139103108,94.99555791309656,,,,0.067563995718956,0.3745277285634592,14,13,0,2,0,0,0
Steve Fireovid,1004063,114143,SDP,0.2143301609903574,,0.54,2.734176555059758,,3.5496058501794407,,,,0.1,0.06363636,0.03636364,26.1,5,4,,,,,0.6835441387649395,0.3111111111111111,0.84795322,,0,0.2912621359223301,1.4050629519057087,81.99424108454009,105.59729405064915,,,,-0.0125219989567995,0.190096548380849,11,7,0,2,2,0,0
Mike Caldwell,1001830,111875,MIL,0.211056487634778,,0.3,3.9907618434448353,,4.463980198920256,,,,0.06732348,0.06239737,0.00492611,144.1,24,23,,,,,1.12240176846886,0.2602739726027397,0.72208738,,0,0.2649122807017544,1.3094687298803365,114.37728529212106,125.0667850173094,,,,0.0580320041626691,0.5669752056658893,41,38,1,18,13,3,0
Dave LaRoche,1007354,117509,NYY,0.2105908244848251,,0.7,2.4893605782473776,,3.4938556086160837,,,,0.125,0.08333333,0.04166667,47.0,26,1,,,,,0.5744678257493948,0.2364864864864864,0.76771654,,0,0.2171428571428571,1.1489356514987896,69.83173920829054,96.00214006568866,,,,0.2817198038101196,0.0323357579617132,24,16,1,3,0,0,0
Renie Martin,1008194,118334,KCR,0.2016506344079971,,0.46,2.772973258866311,,3.621860717734438,,,,0.09469697,0.10984848,-0.01515152,61.2,29,0,,,,,0.2918919219859275,0.2548076923076923,0.72660099,,4,0.2340425531914893,1.3621623026009948,74.92071267702566,98.78456427876093,,,,-0.4467419981956482,-0.3216597617881775,25,29,0,2,0,0,0
Eric Show,1011937,122197,SDP,0.1936304122209549,,0.11,3.130435821014345,,3.1219782942860825,,,,0.23913043,0.09782609,0.14130435,23.0,15,0,,,,,0.7826089552535862,0.2586206896551724,0.74380165,,3,0.2073170731707317,1.1304351575885134,93.87751823595036,93.12118783815716,,,,-0.228254035115242,-0.2140336412032708,22,9,1,2,0,0,0
Jerry Don Gleaton,1004772,114860,SEA,0.1888832561671733,,0.18,4.746093820722309,,4.803364023612813,,,,0.08401084,0.10298103,-0.01897019,85.1,20,13,,,,,1.054687515716069,0.2708333333333333,0.68421053,,0,0.2674772036474164,1.476562522002496,125.89033630699448,121.5015552484024,,,,-1.3982719294726849,-0.6939515374915137,31,38,2,10,4,1,0
Ron Reed,1010773,121001,PHI,0.183807224035263,,0.55,3.0815219946755112,,3.4480651480489115,,,,0.15936255,0.06772908,0.09163347,61.1,39,0,,,,,0.8804348556215748,0.2566844919786096,0.72327044,,8,0.2317596566523605,1.157608791650589,87.37949841461207,99.6570068385021,,,,-0.5582699775695801,-0.6720250008911375,40,17,1,6,0,0,0
Bill Campbell,1001874,111941,BOS,0.1815843135118484,,0.18,3.1655165751455216,,3.6554111824988658,,,,0.17788462,0.09615385,0.08173077,48.1,30,0,,,,,0.9310342868075064,0.273972602739726,0.72413793,,7,0.2393617021276596,1.344827303166398,82.54853001193094,97.57331175346438,,,,0.0471240654587745,0.4450763828803386,37,20,0,5,0,0,0
Charlie Puleo,1010565,120798,NYM,0.1801454983651638,,0.61,0.0,,3.2002391338348732,,,,0.1509434,0.1509434,0.0,13.1,4,1,,,,,0.0,0.2162162162162162,0.9375,,0,0.1777777777777777,1.200000286102363,0.0,94.08978327659608,,,,0.4020799994468689,0.0229562587167364,8,8,0,0,1,0,0
Joe Sambito,1011392,121645,HOU,0.1782127618789672,,1.28,1.837696518593086,,3.259924920535056,,,,0.16078431,0.08627451,0.0745098,63.2,49,0,,,,,0.5654450826440265,0.2096774193548387,0.81433225,,10,0.1861471861471861,1.0209425103294922,56.60987802479352,100.3500971941595,,,,0.6777180433273315,-0.5136295006909868,41,22,2,4,0,0,0
Jim Palmer,1009973,120196,BAL,0.1729614734649658,,1.07,3.7460736725166752,,4.61071039574023,,,,0.06578947,0.08646617,-0.02067669,127.1,22,22,,,,,0.9895288946270464,0.2367816091954023,0.7221458,,0,0.2417355371900826,1.280104839874671,104.00982153414913,125.67051280911146,,,,-0.2403720319271087,0.2017964375434738,35,46,2,14,13,5,0
Tom Gorman,1004887,114981,MON,0.1663753390312194,,0.05,4.200001068115506,,2.266905572679286,,,,0.20634921,0.0952381,0.11111111,15.0,9,0,,,,,0.0,0.2790697674418604,0.63157895,,0,0.2142857142857142,1.2000003051758588,119.53983674138406,67.45966678457603,,,,-0.0040500001050531,-0.0920136219551221,13,6,1,0,0,0,0
John Tudor,1013215,123499,BOS,0.1608265936374664,,-0.03,4.576272055596767,,4.481595280306807,,,,0.13293051,0.08459215,0.04833837,78.2,18,11,,,,,1.2584748152891108,0.2571428571428571,0.68080357,,1,0.2466666666666666,1.2966104157524172,119.33740422977388,119.99674591480216,,,,-0.7178620398044586,-0.4725036973144734,44,28,3,11,5,2,0
Francisco Barrios,1000603,110623,CHW,0.1528496965765953,,-0.31,3.9633035411760833,,4.251615466273726,,,,0.07058824,0.08235294,-0.01176471,36.1,8,7,,,,,0.7431194139705156,0.3,0.66308244,,0,0.2903225806451613,1.6238535342318676,108.63868656840936,116.01638619930728,,,,-0.9141579568386078,-0.1899299743876067,12,14,1,3,3,1,0
Ted Power,1010504,120728,LAD,0.1461020074784755,,0.06,3.1395349533510197,,3.2979134248616955,,,,0.10606061,0.10606061,0.0,14.1,5,2,,,,,0.0,0.3137254901960784,0.75,,0,0.2758620689655172,1.60465119837941,92.4528690183991,97.19421184162374,,,,-0.351511999964714,-0.1537876648577205,7,7,1,0,0,0,0
Ernie Camacho,1001856,111900,PIT,0.138971995562315,,-0.09,4.984616847292635,,3.6617777638182343,,,,0.11458333,0.15625,-0.04166667,21.2,7,3,,,,,0.0,0.3285714285714285,0.65789474,,0,0.2839506172839506,1.7538466684918532,137.85735085777532,105.3285814999502,,,,-0.3506840094923973,0.1213128893310853,11,15,0,0,1,0,0
Larry Bradford,1001300,111338,ATL,0.1374220252037048,,-0.04,3.712500088512899,,3.387739009559155,,,,0.12389381,0.10619469,0.01769912,26.2,25,0,,,,,0.3375000080466272,0.2906976744186046,0.68306011,,1,0.2574257425742574,1.4250000339746485,101.45181319326878,93.38380738967138,,,,0.6533620357513428,1.1331084347900295,14,12,0,1,0,0,0
Dave Geisel,1004603,114688,CHC,0.131279032677412,,0.87,0.5625001676381134,,3.6002392888070043,,,,0.10606061,0.15151515,-0.04545455,16.0,11,2,,,,,0.0,0.2244897959183673,0.85714286,,0,0.1964285714285714,1.312500391155598,15.246667280476586,101.85202310443034,,,,0.1837379857897758,-0.1644129405033727,7,10,0,0,0,0,0
Tom Hausman,1005505,115618,NYM,0.1306905895471573,,0.95,2.1818186862410776,,3.2366027742706724,,,,0.1,0.05384615,0.04615385,33.0,20,0,,,,,0.5454546715602694,0.2407407407407407,0.83850932,,0,0.2276422764227642,1.0606063058116348,63.459201609546135,95.1360791702848,,,,0.3484060168266296,0.5505550036292879,13,7,0,2,0,0,0
George Cappuzzello,1001927,111971,DET,0.1262865364551544,,0.15,3.475247787267688,,4.0259816727396665,,,,0.13013699,0.12328767,0.00684932,33.2,18,3,,,,,0.5346535057334905,0.2476190476190476,0.75221239,,1,0.2222222222222222,1.3663367368744754,95.19017014945048,104.69300001053138,,,,0.160271942615509,0.4345463097257787,19,18,2,2,0,0,0
Bobby Sprowl,1012367,122625,HOU,0.1252619735896587,,-1.0,5.965116014475445,,3.263029659058741,,,,0.13043478,0.10144928,0.02898551,28.2,15,1,,,,,0.313953474446076,0.3714285714285714,0.64638783,,0,0.3225806451612903,1.8837208466764563,183.7542197890889,100.44366623152725,,,,-1.012138046324253,-0.4298948980225021,18,14,0,1,1,0,0
Terry Leach,1007427,117581,NYM,0.1213315948843956,,0.85,2.5471711404901733,,3.44929603761375,,,,0.11510791,0.08633094,0.02877698,35.1,21,1,,,,,0.5094342280980346,0.2201834862385321,0.76704545,,0,0.2047244094488189,1.0754722593180732,74.08564605194837,101.2559309063622,,,,0.2609300091862678,-0.4280462954078946,16,12,0,2,0,0,0
Elias Sosa,1012284,122542,MON,0.118854321539402,,0.16,3.6610184877441,,3.362951175730379,,,,0.10588235,0.04705882,0.05882353,39.1,32,0,,,,,0.6864409664520187,0.3071428571428571,0.76771654,,3,0.2857142857142857,1.3728819329040374,104.19939072265085,99.10178363813482,,,,-0.6097280383110046,-0.7827417708269325,18,8,1,3,0,0,0
Luis DeLeon,1003169,113230,STL,0.1134353205561637,,0.31,2.3478254055032384,,2.9915432250342313,,,,0.13559322,0.05084746,0.08474576,15.1,10,0,,,,,0.5869563513758096,0.2127659574468085,0.79365079,,0,0.1964285714285714,0.9130432132512594,65.89889982733203,88.48954428956563,,,,-0.1555580049753189,-0.6480588169779633,8,3,0,1,0,0,0
Jim Kern,1006868,117012,TEX,0.1090555563569068,,0.47,2.7000006866456823,,3.5669059032864667,,,,0.15267176,0.16793893,-0.01526718,30.0,23,0,,,,,0.0,0.2386363636363636,0.77272727,,6,0.1944444444444444,1.4333336978489426,75.71056618950372,99.0033168019464,,,,0.8211039900779724,0.6365655687088688,20,22,1,0,0,0,0
Bob Shirley,1011911,122172,STL,0.1083973944187164,,-0.52,4.084033089769752,,3.999398475241848,,,,0.10526316,0.0994152,0.00584795,79.1,28,11,,,,,0.6806721816282921,0.2716981132075471,0.67877629,,1,0.254071661237785,1.41176452485868,114.63087793641093,117.62189872132758,,,,-0.4474680013954639,-0.0566920317388241,36,34,1,6,5,1,0
Jesse Orosco,667,120051,NYM,0.1026884317398071,,0.5,1.5576924219639428,,3.0617774861804152,,,,0.26086957,0.08695652,0.17391304,17.1,8,0,,,,,1.0384616146426284,0.2558139534883721,0.92592593,,1,0.2063492063492063,1.0961539265672189,45.306201690560535,90.10580775494796,,,,-0.2477719783782959,-0.2980676772754779,18,6,0,2,0,0,0
Joe Edelen,1003666,113733,- - -,0.0985672995448112,,-0.30999999999999994,5.7,,3.300238990783692,,,,0.12,0.024,0.096,30.0,18,0,,,,,0.9,0.3009708737864077,0.56213018,,0,0.2809917355371901,1.2333333333333334,160.08745602912953,96.6938114030448,,,,0.1248120218515396,0.2780377042061273,15,3,1,3,0,0,0
Bryn Smith,1012104,122358,MON,0.0947835147380828,,0.19,2.7692309723803428,,2.9079313210481743,,,,0.16981132,0.05660377,0.11320755,13.0,7,0,,,,,0.6923077430950857,0.325,0.83333333,,0,0.28,1.3076924036240507,78.81746051223301,85.96565921734053,,,,0.2333239763975143,0.335150841057752,9,3,0,1,0,0,0
John Montefusco,1009065,119261,ATL,0.0903577283024787,,0.77,3.4913794538637464,,4.281273542644014,,,,0.10526316,0.08359133,0.02167183,77.1,26,9,,,,,1.047413836159124,0.2608695652173913,0.78299776,,1,0.2533783783783784,1.3189655714596376,95.40923035562396,117.5169347693196,,,,-0.6780199757777154,-0.5103919395651082,34,27,0,9,5,0,0
Mickey Mahler,1007987,118161,CAL,0.0899879112839698,,0.24,0.0,,1.968660582333261,,,,0.25,0.1,0.15,6.1,6,0,,,,,0.0,0.0769230769230769,1.0,,0,0.0555555555555555,0.473683806337823,0.0,51.7957762671528,,,,0.0745140016078949,0.196519259688362,5,2,0,0,0,0,0
Tim Leary,1007438,117592,NYM,0.0859316661953926,,0.11,0.0,,1.1002389907836916,,,,0.42857143,0.14285714,0.28571429,2.0,1,1,,,,,0.0,0.0,1.0,,0,0.0,0.5,0.0,33.66619806654359,,,,0.0959839969873428,0.0206994762994526,3,1,0,0,0,0,0
Bob Veselic,1013419,123715,MIN,0.0825443714857101,,0.57,3.176470142747354,,3.614944730827985,,,,0.12745098,0.11764706,0.00980392,22.2,5,0,,,,,0.3970587678434192,0.2763157894736842,0.79754601,,0,0.2444444444444444,1.499999789630695,83.9930064380934,96.78004943636624,,,,-0.3384499847888946,-0.5929847633057503,13,12,0,1,0,0,0
Doug Bair,1000439,110457,- - -,0.0734121203422546,,-0.82,5.103658952080479,,3.7343854245793535,,,,0.12820513,0.08119658,0.04700855,54.2,35,0,,,,,0.8231707987226579,0.2777777777777778,0.59701493,,1,0.2558139534883721,1.353658646788371,144.61523058039452,107.9464912288913,,,,-0.3970559239387512,-0.1428231420549052,30,19,0,5,0,0,0
Howard Bailey,1000425,110445,DET,0.0673761181533336,,-1.2,7.363637640456744,,4.40023930289534,,,,0.1030303,0.07878788,0.02424243,36.2,9,5,,,,,0.9818183520608992,0.3203125,0.54151625,,0,0.3020134228187919,1.5818184560981154,201.6966739701383,114.57344303138478,,,,-0.851472020149231,-0.6388046661818978,17,13,3,4,1,0,0
Dyar Miller,1008889,119066,NYM,0.0667640641331672,,-0.05,3.2869576120650623,,3.382847946037278,,,,0.12643678,0.0862069,0.04022989,38.1,23,0,,,,,0.4695653731521517,0.3507462686567164,0.72347267,,0,0.310126582278481,1.6695657712076506,95.60267638253303,99.34401107306984,,,,-1.0170140266418457,-1.4183336472393262,22,15,1,2,0,0,0
Terry Forster,1004236,114317,LAD,0.0648193806409835,,0.02,4.108694459630667,,3.382847459284771,,,,0.12408759,0.10948905,0.01459854,30.2,21,0,,,,,0.2934781756879048,0.3461538461538461,0.75098814,,0,0.3032786885245901,1.6956516817523388,120.99262991399648,99.64544568538732,,,,-0.801300048828125,-1.366622104844723,17,15,0,1,0,0,0
Mark Lee,1007459,117608,PIT,0.0486356429755687,,0.54,2.745764132102906,,3.51549370148466,,,,0.06024096,0.06024096,0.0,19.2,12,0,,,,,0.4576273553504842,0.2222222222222222,0.77669903,,2,0.2179487179487179,1.1186446464122948,75.93838823090246,101.19954530348411,,,,0.3073240220546722,0.1926286477191083,5,5,0,1,0,0,0
Ed Glynn,1004789,114876,CLE,0.0482356436550617,,0.26,1.173912556725976,,3.121977904884125,,,,0.13333333,0.13333333,0.0,7.2,4,0,,,,,0.0,0.2272727272727272,0.88888889,,0,0.1923076923076923,1.173912556725976,31.333564213677867,82.2615322985253,,,,-0.0173979997634887,-0.2689360238647837,4,4,0,0,0,0,0
Wayne Garland,1004538,114622,CLE,0.0471576005220413,,-0.41,5.785714482774546,,4.671667632764702,,,,0.05681818,0.0530303,0.00378788,56.0,12,10,,,,,1.2857143295054547,0.3568281938325991,0.68627451,,0,0.356,1.8392857769314144,154.42977863157805,123.899523507707,,,,-0.9514139890670776,1.312427550094088,15,14,0,8,3,2,1
Grant Jackson,1006298,116428,- - -,0.0463865101337432,,0.54,3.767443113807117,,3.85605336205273,,,,0.11052632,0.1,0.01052632,43.0,45,0,,,,,0.6279071856345195,0.2789115646258503,0.74829932,,4,0.2573099415204678,1.4651167664805456,105.71147342226573,111.91135255953311,,,,-0.1921079307794571,0.1338507708150126,21,19,0,3,0,0,0
Steve Stone,1012573,122830,BAL,0.0442485809326171,,-0.57,4.595745286989097,,4.435345615796699,,,,0.11111111,0.1,0.01111111,62.2,15,12,,,,,1.0053192815288652,0.2731707317073171,0.64039409,,0,0.2603305785123967,1.436170402184093,127.60097341999492,120.827335273394,,,,-1.1097959950566292,-0.5855929492053735,30,27,1,7,4,0,0
José Álvarez,1000195,110206,ATL,0.0439005866646766,,0.07,0.0,,0.6002389907836916,,,,0.33333333,0.0,0.33333333,2.0,1,0,,,,,0.0,0.0,1.0,,0,0.0,0.0,0.0,18.0973013476141,,,,0.0070739998482167,-0.0039634806372387,2,0,0,0,0,0,0
Dave Heaverlo,1005569,115684,OAK,0.0388370342552661,,0.22,1.588235472312868,,3.482592030957507,,,,0.07407407,0.11111111,-0.03703704,5.2,6,0,,,,,0.0,0.3181818181818182,0.9,,0,0.2916666666666667,1.764706080347631,45.75366008205886,94.98161626116328,,,,-0.3177799880504608,-0.142318768703996,2,3,0,0,0,0,0
Bob Tufts,1013217,123501,SFG,0.0364130996167659,,-0.13,3.521739860563664,,3.252413039036222,,,,0.16216216,0.08108108,0.08108108,15.1,11,0,,,,,0.5869566434272773,0.3518518518518518,0.703125,,0,0.2985074626865671,1.6956525254565789,103.5701231425451,98.04079238135468,,,,-0.4315179884433746,-0.6971142467044729,12,6,1,1,0,0,0
Willie Mueller,1009285,119480,MIL,0.0288882106542587,,0.01,4.5,,1.6002389907836916,,,,0.1,0.0,0.1,2.0,1,0,,,,,0.0,0.4444444444444444,0.75,,0,0.4,2.0,128.97231255730773,43.73405506004788,,,,-0.0008560009882785,0.0058279697898788,1,0,0,0,0,0,0
Chuck Porter,1010448,120676,MIL,0.0280510168522596,,0.03,4.153849201091767,,2.831008390844345,,,,0.05,0.05,0.0,4.1,3,0,,,,,0.0,0.3333333333333333,0.71428571,,0,0.3157894736842105,1.615385800424576,119.05145277314011,78.68897171605751,,,,-0.0353120006620883,-0.1292664225017964,1,1,0,0,0,0,0
Bill Paschall,1010037,120265,KCR,0.0277752876281738,,0.0,4.5,,1.6002389907836916,,,,0.14285714,0.0,0.14285714,2.0,2,0,,,,,0.0,0.3333333333333333,0.5,,0,0.2857142857142857,1.0,121.58184575658385,42.71137362965664,,,,-0.0046299998648464,-0.1415092697146616,1,0,0,0,0,0,0
Rick Engle,1003782,113853,MON,0.0267296098172664,,-0.17,18.0,,2.1002389907836916,,,,0.15384615,0.07692308,0.07692308,2.0,1,0,,,,,0.0,0.6,0.42857143,,0,0.5,3.5,512.3134557464207,62.648112005063986,,,,-0.1098380014300346,-0.2190007462691561,2,1,0,0,0,0,0
Craig Minetto,1008977,119170,OAK,0.0237104389816522,,0.14,2.700001995564982,,3.65023976683674,,,,0.12903226,0.12903226,0.0,6.2,8,0,,,,,0.0,0.3181818181818182,0.83333333,,0,0.2692307692307692,1.6500012195119331,77.78127090063222,99.6345523640632,,,,-0.0183640085160732,-0.0227053580937577,4,4,1,0,0,0,0
Dave Rucker,1011279,121529,DET,0.0218076780438423,,-0.12,6.75,,3.1002389907836916,,,,0.11111111,0.05555556,0.05555556,4.0,2,0,,,,,0.0,0.2142857142857142,0.2,,0,0.1875,1.0,184.8885857471372,80.2532903452043,,,,-0.0006240000948309,0.0131538043421627,2,1,1,0,0,0,0
Jerry Ujdur,1013269,123553,DET,0.0204288177192211,,-0.46,6.428571428571429,,4.814524705069406,,,,0.07692308,0.07692308,0.0,14.0,4,4,,,,,1.2857142857142858,0.320754716981132,0.56603774,,0,0.3166666666666666,1.7142857142857142,176.0843673782259,125.51062368111413,,,,-0.8157979846000671,-0.4946654852352048,5,5,0,2,0,0,0
Dave LaPoint,1007338,117495,STL,0.0183280915953218,,0.03,4.218752514572451,,3.912739773095121,,,,0.08888889,0.04444444,0.04444444,10.2,3,2,,,,,0.84375050291449,0.2972972972972973,0.73529412,,0,0.2857142857142857,1.312500782311429,118.4121905753573,115.11700327625758,,,,-0.1517620106169488,-0.0697582524335716,4,2,1,1,0,0,0
Dave Wehrmeister,1013731,124037,NYY,0.0153853930532932,,-0.06,5.142855741540162,,3.6002387183053894,,,,0.21212121,0.21212121,0.0,7.0,5,0,,,,,0.0,0.3157894736842105,0.69230769,,0,0.2307692307692307,1.857142351111725,144.26779473704818,98.97665664408886,,,,-0.105223998427391,-0.1344508929327172,7,7,0,0,0,0,0
Roy Lee Jackson,1006311,116443,TOR,0.0110664200037717,,1.4,2.612903386571539,,4.035722950072993,,,,0.10150376,0.09398496,0.0075188,62.0,39,0,,,,,0.7258064962698719,0.2884615384615384,0.80952381,,7,0.2708333333333333,1.451612992539744,67.53902522277556,105.71913907588176,,,,0.8728660941123962,0.1222251633082525,27,25,1,5,0,0,0
Mike Rowland,1011261,121511,SFG,0.0105882436037063,,0.07,3.446807339160535,,3.74917477050387,,,,0.12121212,0.09090909,0.03030303,15.2,9,1,,,,,0.5744678898600892,0.24,0.69892473,,0,0.2203389830508474,1.2127655452601882,101.36644803411129,112.70049468923398,,,,-0.1086500026285648,-0.1962244982187461,8,6,1,1,0,0,0
John Verhoeven,1013414,123710,MIN,0.0030336633790284,,0.34,3.980768938741762,,3.9079312025442703,,,,0.07174888,0.06278027,0.00896861,52.0,25,0,,,,,0.6923076415203064,0.2834224598930481,0.68249258,,0,0.2753623188405797,1.3653845152206043,105.26047344210556,104.7571277394876,,,,-0.2632560133934021,-0.1431495464706456,16,14,2,4,0,0,0
Gordie Pladson,1010383,120613,HOU,-0.0002746426907833,,-0.13,9.0,,3.3502389907836916,,,,0.125,0.125,0.0,4.0,2,0,,,,,0.0,0.5,0.66666667,,0,0.4285714285714285,3.0,277.243221102252,103.07193690770052,,,,-0.073573999106884,-0.2339263226621583,3,3,0,0,0,0,0
Jim Wright,1014284,124602,KCR,-0.002002328634262,,0.5,3.4615390963809483,,4.138700811397446,,,,0.1173913,0.09130435,0.02608696,52.0,17,4,,,,,0.8653847740952371,0.2971428571428571,0.80821918,,0,0.2753623188405797,1.500000275098411,93.52451388812736,113.12002215434438,,,,-0.5250979959964752,-0.3527222052176925,27,21,2,5,1,0,0
Randy Moffitt,1009027,119222,SFG,-0.0022834679111838,,-0.4,7.9411793662613075,,3.4825922537016147,,,,0.21568627,0.03921569,0.17647059,11.1,10,0,,,,,1.5882358732522617,0.3611111111111111,0.49295775,,0,0.3061224489795918,1.5000005469604691,233.5405104933229,104.83350315335151,,,,0.1323979943990707,0.4053909770875513,11,2,0,2,0,0,0
Frank DiPino,1003320,113385,MIL,-0.003409449243918,,0.08,0.0,,3.8859550281470674,,,,0.3,0.3,0.0,2.1,2,0,,,,,0.0,0.0,1.0,,0,0.0,1.2857160373633758,0.0,108.65036966894536,,,,0.0018799999961629,0.101594382176841,3,3,0,0,0,0,0
Rich Bordi,1001199,111233,OAK,-0.004341687541455,,0.06,0.0,,4.100238990783692,,,,0.0,0.125,-0.125,2.0,2,0,,,,,0.0,0.1428571428571428,1.0,,0,0.1428571428571428,1.0,0.0,112.12394045152318,,,,0.0020920000970363,0.1155099798290004,0,1,0,0,0,0,0
Dennis Kinney,1006946,117096,DET,-0.0070020030252635,,-0.19,9.81817841332924,,4.236602059671899,,,,0.15,0.2,-0.05,3.2,6,0,,,,,0.0,0.3846153846153846,0.55555556,,0,0.3125,2.45454460333231,268.928758733854,110.25340162812408,,,,-0.0964720025658607,-0.1074088951423803,3,4,0,0,0,0,0
Preston Hanna,1005318,115427,ATL,-0.0189131330698728,,-0.83,6.367924757468916,,4.043635269143312,,,,0.13414634,0.1402439,-0.00609756,35.1,20,1,,,,,0.5094339805975133,0.3675213675213675,0.62883436,,0,0.3191489361702128,1.9245283711461616,169.22738002502217,110.025697140091,,,,-0.1004080176353454,1.515432043407963,22,23,0,2,0,0,0
Juan Agosto,1000084,110088,CHW,-0.0224316492676734,,-0.03,4.764706416938604,,4.364945071131323,,,,0.13636364,0.0,0.13636364,5.2,2,0,,,,,1.588235472312868,0.2352941176470588,0.65217391,,0,0.238095238095238,0.8823530401738156,130.6060567005368,119.15341132631885,,,,0.0008500050171278,-0.003046364824047,3,0,1,1,0,0,0
Jeff Schattinger,1011528,121778,KCR,-0.0228958688676357,,0.09,0.0,,4.933572324117025,,,,0.07142857,0.07142857,0.0,3.0,1,0,,,,,0.0,0.2,1.0,,0,0.1818181818181818,1.0,0.0,135.1671644461391,,,,0.0129079995676875,0.091595302769937,1,1,2,0,0,0,0
Donnie Moore,1009102,119292,MIL,-0.0243774950504302,,-0.03,6.749995172027226,,4.60023756027324,,,,0.10526316,0.21052632,-0.10526316,4.0,3,0,,,,,0.0,0.3076923076923077,0.625,,0,0.2666666666666666,1.9999985694895488,193.4583304637808,128.93661206177987,,,,0.0011079889954999,-0.0738742780102524,2,4,0,0,0,0,0
Luis Gomez,1004823,114912,ATL,-0.0277784541249275,,-0.11,27.0,,8.60023899078369,,,,0.0,0.25,-0.25,1.0,1,0,,,,,0.0,0.5,0.4,,0,0.5,5.0,737.8313510870478,234.1661961564624,,,,-0.000508000026457,-0.3756000304162509,0,2,0,0,0,0,0
Alan Hargesheimer,1005357,115469,SFG,-0.0320061328820884,,0.09,4.33928586208091,,4.260953333061571,,,,0.075,0.1125,-0.0375,18.2,6,3,,,,,0.4821428735645455,0.3015873015873015,0.73426573,,0,0.2857142857142857,1.553571481485758,127.6131653331413,127.80335165143308,,,,-0.2037759805098176,-0.1559553790575913,6,9,1,1,1,0,0
Jerry Reed,1010769,120994,PHI,-0.0351525098085403,,-0.17,7.714286765273879,,4.314524938622331,,,,0.18518519,0.22222222,-0.03703704,4.2,4,0,,,,,0.0,0.4375,0.69230769,,0,0.3333333333333333,2.7857146652377898,218.74596687637543,124.20267614036408,,,,-0.4784999787807464,-0.4271748127510583,5,6,0,0,0,0,0
Bob McClure,1008400,118584,MIL,-0.0433254316449165,,0.06,3.521737670177928,,4.295890461610101,,,,0.17647059,0.11764706,0.05882353,7.2,4,0,,,,,1.173912556725976,0.2608695652173913,0.83333333,,0,0.2333333333333333,1.4347820137761929,100.93481145400722,120.29289093274944,,,,0.094971977174282,0.3339667270586121,6,4,0,1,0,0,0
Mike Marshall,1008144,118320,NYM,-0.0455877408385276,,0.62,2.612903868866919,,3.6970134542586943,,,,0.06299213,0.06299213,0.0,31.0,20,0,,,,,0.5806453041926487,0.2201834862385321,0.76923077,,0,0.2184873949579832,1.096774463475003,75.9975127385391,108.3835372935276,,,,-0.5324580669403076,-0.7875966594194936,8,8,0,2,0,0,0
Freddie Martinez,1008151,118358,CAL,-0.0463156253099441,,0.09,3.0,,4.933572324117025,,,,0.16,0.12,0.04,6.0,2,0,,,,,1.5,0.2352941176470588,0.90909091,,0,0.2272727272727272,1.3333333333333333,83.97000548244868,132.27023500129306,,,,0.0142119992524385,0.7369895982901986,4,3,0,1,0,0,0
Mike Boddicker,1001111,111139,BAL,-0.0499797239899635,,-0.04,4.764711228214969,,5.247300784236452,,,,0.08,0.08,0.0,5.2,2,0,,,,,1.5882370760716562,0.25,0.60606061,,0,0.2608695652173913,1.4117662898414722,132.2923166578992,143.25169570120272,,,,0.001118000014685,0.0827034032319415,2,2,0,1,0,0,0
John Henry Johnson,1006472,116599,TEX,-0.0502501800656318,,0.43,2.6619719024973025,,3.910098180901412,,,,0.08510638,0.06382979,0.0212766,23.2,24,0,,,,,0.7605634007135149,0.2207792207792207,0.81896552,,2,0.2183908045977011,1.0563380565465486,74.64420320907456,108.69294320006944,,,,-0.2306360602378845,-0.2592404149881087,8,6,1,2,0,0,0
Warren Brusstar,1001599,111637,PHI,-0.0534745156764984,,0.05,4.378380522579243,,3.978618044188268,,,,0.13333333,0.16666667,-0.03333333,12.1,14,0,,,,,0.0,0.2926829268292683,0.73913043,,0,0.2448979591836734,1.783784657347099,124.15316022158318,114.68687444166386,,,,-0.4997560083866119,-0.3929380693903809,8,10,1,0,0,0,0
Jim Kaat,1006660,116803,STL,-0.0538453310728073,,-0.67,3.396226277594132,,3.7511823404128144,,,,0.0349345,0.07423581,-0.03930131,53.0,41,1,,,,,0.3396226277594132,0.2871287128712871,0.70080863,,4,0.2830188679245283,1.4528301298597122,95.32547638914276,110.44713784764872,,,,0.0738060474395752,0.6144523370711358,8,17,0,2,0,0,0
Rich Gale,1004444,114529,KCR,-0.0649061501026153,,-1.04,5.399999527227725,,4.646140451008404,,,,0.10681818,0.08636364,0.02045455,101.2,19,15,,,,,1.2393441537899696,0.2743362831858407,0.65934066,,0,0.2675,1.4262293833297268,145.89820213445043,127.19474210590296,,,,-1.285097986459732,-0.4318599025414653,47,38,2,14,5,2,0
Rick Matula,1008268,118448,ATL,-0.0714150443673133,,-0.1,6.428574931866745,,5.31452618423854,,,,0.0,0.06666667,-0.06666667,7.0,5,0,,,,,1.285714986373349,0.2592592592592592,0.58139535,,0,0.2857142857142857,1.4285722070814988,175.67422694605804,145.4236543102761,,,,-0.0579119995236396,0.0317309390566805,0,2,0,1,0,0,0
Steve Luebber,1007819,117987,BAL,-0.0726504549384117,,-0.3,7.560002018738332,,4.400239471435675,,,,0.15584416,0.05194805,0.1038961,16.2,7,0,,,,,1.6200004325867854,0.4035087719298245,0.63432836,,0,0.3611111111111111,1.8000004806519838,209.90362964178485,119.85778317867056,,,,-0.0724940001964569,2.1249425457267153,12,4,1,3,0,0,0
Bill Travers,1013161,123442,CAL,-0.0772100687026977,,-0.52,8.379315855957463,,5.496792620003555,,,,0.10869565,0.08695652,0.02173913,9.2,4,4,,,,,1.8620701902127696,0.3428571428571428,0.46052632,,0,0.3333333333333333,1.8620701902127696,234.53706612130577,147.55731684619218,,,,-0.4931918978691101,-0.2483320279192579,5,4,0,2,0,0,0
Bud Black,1001007,111034,SEA,-0.0809002146124839,,0.08,0.0,,11.60023899078369,,,,0.0,0.42857143,-0.42857143,1.0,2,0,,,,,0.0,0.5,1.0,,0,0.5,5.0,0.0,295.6169269154868,,,,-0.1204000040888786,-0.1873104465245352,0,3,0,0,0,0,0
Kevin Hickey,1005771,115891,CHW,-0.0852378010749816,,-0.1,3.65413670084608,,3.998735752835895,,,,0.09042553,0.09574468,-0.00531915,44.1,41,0,,,,,0.6090227834743467,0.2348993288590604,0.66287879,,3,0.2248520710059171,1.2631583657245709,100.16406959420964,109.01653813522232,,,,0.313194066286087,-0.0604313342146298,17,18,1,3,0,0,0
Bob Babcock,1000394,110413,TEX,-0.085446186363697,,0.6,2.1976747597921356,,4.030471770965875,,,,0.15384615,0.13675214,0.01709402,28.2,16,0,,,,,0.6279070742263244,0.2375,0.88068182,,0,0.21,1.2906978747985556,61.624873351774426,112.09154856505994,,,,-0.4852839708328247,0.2396745506914974,18,16,1,2,0,0,0
Randy Stein,1012471,122721,SEA,-0.0871893987059593,,-0.49,10.607146469915412,,5.278811331671422,,,,0.11764706,0.15686275,-0.03921569,9.1,5,0,,,,,0.9642860427195832,0.4722222222222222,0.56910569,,0,0.4186046511627907,2.78571523452324,281.355001986028,133.68107674182147,,,,-0.5177739858627319,-0.5407554435826165,6,8,0,1,0,0,0
Alejandro Pena,1010140,120369,LAD,-0.0896164774894714,,0.39,2.842105833777545,,3.823923446993468,,,,0.13461538,0.10576923,0.02884615,25.1,14,0,,,,,0.7105264584443862,0.2077922077922078,0.80152672,,2,0.1935483870967742,1.1447370719381778,83.69419111139452,112.37509400701796,,,,-0.3334983587265014,-0.3533311434821163,14,11,0,2,0,0,0
Larry Rothschild,1011245,121495,DET,-0.0910992622375488,,0.17,1.5882346704346886,,5.423767293778694,,,,0.03703704,0.22222222,-0.18518519,5.2,5,0,,,,,0.0,0.2,0.9,,1,0.1904761904761904,1.764705189371876,43.50317956314668,141.59469571757597,,,,-0.0070640025660395,-0.0692850854178641,1,6,0,0,0,0,0
Doug Capilla,1001926,111970,CHC,-0.0938316956162452,,1.02,3.176471301016258,,3.8747490806976224,,,,0.12444444,0.15111111,-0.02666667,51.0,42,0,,,,,0.1764706278342365,0.31875,0.7852194,,0,0.2751322751322751,1.686274888193816,86.09882065623754,109.47026382268416,,,,-0.9456499814987184,-1.7098196651156683,28,34,2,1,0,0,0
Bill Caudill,1002088,112141,CHC,-0.0942036104388535,,-0.77,5.8309865420689695,,4.374887068804682,,,,0.13595166,0.09365559,0.04229607,71.0,30,10,,,,,1.140845193013494,0.319672131147541,0.65176909,,0,0.2919463087248322,1.6619720095752135,158.04992929541388,123.35017520763373,,,,-1.7481719404459,0.0160524985692203,45,31,2,9,2,0,0
Bob Long,1007728,117898,PIT,-0.0964754950255155,,-0.28,5.949151580753718,,4.634136967109749,,,,0.08888889,0.11111111,-0.02222222,19.2,5,3,,,,,0.9152540893467258,0.3,0.62913907,,0,0.2875,1.6779658304689973,164.53306280090612,132.77454028937944,,,,-0.770883996039629,-0.6432476441936259,8,10,0,2,0,0,0
Michael LaCoss,1007240,117395,CIN,-0.0995046198368072,,-1.6,6.115384316303335,,4.395110697874817,,,,0.06214689,0.08474576,-0.02259887,78.0,20,13,,,,,0.8076922681910066,0.3231292517006803,0.63311688,,1,0.3157894736842105,1.6923076095430614,173.67574112238717,126.44565202089234,,,,-1.3232080936431885,0.1040661765723054,22,30,1,7,4,1,1
Doug Rau,1010717,120944,CAL,-0.1015344336628913,,-0.42,8.709680098773617,,5.697014137014311,,,,0.06666667,0.08888889,-0.02222222,10.1,3,3,,,,,1.7419360197547236,0.3333333333333333,0.52631579,,0,0.3414634146341463,1.7419360197547236,243.78396188146496,152.99178492201935,,,,-0.6344280242919922,-0.3329198214015756,3,4,0,2,0,0,0
Sammy Stewart,1012528,122783,BAL,-0.1021027937531471,,3.34,2.323442123348326,,4.113592097945436,,,,0.12311015,0.12311015,0.0,112.1,29,3,,,,,0.6409495512685037,0.2396449704142011,0.84179971,,4,0.2208436724565756,1.2997032567389104,64.51042390525974,111.94123277209872,,,,0.9233700633049012,0.5694553376556402,57,57,3,8,1,0,0
Paul Mirabella,1008989,119181,TOR,-0.1055227685719728,,-0.64,7.36363327133884,,4.7820562563655695,,,,0.12328767,0.09589041,0.02739726,14.2,8,1,,,,,1.2272722118898065,0.3333333333333333,0.47619048,,0,0.3076923076923077,1.84090831783471,190.33716125906463,125.56678692989874,,,,-0.4691320061683655,-0.8786331246683867,9,7,1,2,0,0,0
Len Whitehouse,1013885,124203,TEX,-0.110415419563651,,-0.5,16.199967942301292,,7.100230085867384,,,,0.1,0.1,0.0,3.1,2,1,,,,,2.6999946570502154,0.4666666666666667,0.34883721,,0,0.4444444444444444,2.999994063389128,454.2623826837543,198.7625290738359,,,,-0.4143600016832351,-0.1498641160135906,2,2,0,1,0,0,0
Ed Figueroa,1004037,114116,OAK,-0.1123558040708303,,-0.09,5.400002059937309,,6.080240318298847,,,,0.02702703,0.16216216,-0.13513514,8.1,2,1,,,,,1.0800004119874618,0.2413793103448276,0.71428571,,0,0.2580645161290322,1.680000640869385,155.56248616774295,167.0773796510936,,,,-0.1398480013012886,0.0892266062081356,1,6,0,1,0,0,0
Ray Searage,1011703,121956,NYM,-0.1138790175318718,,0.28,3.681817671090189,,3.8275115478137542,,,,0.1025641,0.10897436,-0.00641026,36.2,26,0,,,,,0.4909090228120252,0.2644628099173554,0.72614108,,1,0.2446043165467626,1.3909088979674047,107.0873631034094,112.13837640711782,,,,0.3699040114879608,0.1252404283292368,16,17,0,2,0,0,0
Bill Castro,1002077,112130,NYY,-0.1154810562729835,,-0.42,3.789475966690043,,4.337082142183295,,,,0.04651163,0.05813953,-0.01162791,19.0,11,0,,,,,0.9473689916725108,0.32,0.63829787,,0,0.3209876543209876,1.6315799301026577,106.30267858917097,119.57910929292626,,,,-0.1377239972352981,0.0246546242726992,4,5,0,2,0,0,0
Dwight Bernard,1000887,110916,MIL,-0.1162309795618057,,-0.04,3.600002746584127,,5.800241432191804,,,,0.03703704,0.22222222,-0.18518519,5.0,6,0,,,,,0.0,0.25,0.72727273,,0,0.238095238095238,2.2000016784680776,103.17792876435873,163.01776107940665,,,,-0.2136239856481552,-0.2506156866294932,1,6,0,0,0,0,0
John Hobbs,1005870,115991,MIN,-0.1167405545711517,,0.14,3.176468806284284,,6.482589754020038,,,,0.03448276,0.20689655,-0.17241379,5.2,4,0,,,,,0.0,0.25,0.84615385,,0,0.238095238095238,1.9411753816181736,83.99297109900752,174.85679052805355,,,,-0.0889300033450126,-0.1994477063505423,1,6,2,0,0,0,0
Dick Tidrow,1013056,123333,CHC,-0.1185056418180465,,-0.76,5.0625012069943445,,3.845775002028332,,,,0.11890244,0.09146341,0.02743903,74.2,51,0,,,,,0.7232144581420492,0.2658730158730158,0.61715481,,9,0.2457912457912457,1.379464614604279,137.21999734533767,108.6661704445498,,,,-0.9708558917045592,-0.6420930247944064,39,30,1,6,0,0,0
Andy McGaffigan,1008497,118680,NYY,-0.1192316561937332,,0.04,2.5714285714285716,,5.171667562212264,,,,0.06451613,0.09677419,-0.03225806,7.0,2,0,,,,,1.2857142857142858,0.16,0.75757576,,0,0.1785714285714285,1.1428571428571428,72.13391702345132,142.91446934413568,,,,-0.0794520080089569,0.047325328883443,2,3,0,1,0,0,0
Terry Felton,1003979,114058,MIN,-0.1198401153087616,,-0.25,40.500100180754515,,15.350270529169372,,,,0.1,0.2,-0.1,1.1,1,0,,,,,6.750016696792419,0.5,0.0,,0,0.5,4.500011131194946,1070.9136312810936,416.2951869702963,,,,-0.1598040014505386,-0.1349350648771777,1,2,0,1,0,0,0
Mike Barlow,1000553,110571,TOR,-0.1235585063695907,,-0.28,4.200000267028826,,4.8002391306559336,,,,0.06410256,0.07692308,-0.01282051,15.0,12,0,,,,,0.6000000381469751,0.3387096774193548,0.68627451,,0,0.3235294117647059,1.8666667853461447,108.56272965481784,126.05033400309811,,,,-0.7516340017318726,-1.4929556371572308,5,6,4,1,0,0,0
Dewey Robinson,1011060,121307,CHW,-0.134622037410736,,-0.02,4.500001072883862,,7.100240063667553,,,,0.11111111,0.16666667,-0.05555556,4.0,4,0,,,,,2.250000536441931,0.3333333333333333,0.90909091,,0,0.3333333333333333,2.000000476837272,123.35018023107703,194.86786503995367,,,,0.0471760034561157,0.3762418004817917,2,3,0,1,0,0,0
Mark Mercer,1008777,118965,TEX,-0.1510274559259414,,-0.16,4.6956551917804,,4.9480665866738915,,,,0.22222222,0.19444444,0.02777778,7.2,7,0,,,,,1.1739137979451,0.3,0.79365079,,2,0.2413793103448276,1.8260881301368224,131.6706010330841,137.99874849058082,,,,-0.0262199789285659,-0.1367699476787175,8,7,0,1,0,0,0
Steve Crawford,1002749,112807,BOS,-0.1587533690035343,,-0.44,4.994219377869436,,4.941279324159989,,,,0.11284047,0.07003891,0.04280156,57.2,14,11,,,,,1.5606935555841988,0.299492385786802,0.68421053,,0,0.2923728813559322,1.5086704370647257,130.23639536029592,132.4730147266906,,,,-1.035957995802164,-0.203428251793883,29,18,3,10,3,0,0
Dan Larson,1007361,117516,PHI,-0.1608862653374672,,0.37,4.178571428571429,,4.993096133640835,,,,0.12295082,0.12295082,0.0,28.0,5,4,,,,,1.2857142857142858,0.2613636363636363,0.7967033,,0,0.2523364485981308,1.5,118.48738258207638,143.4257079900828,,,,0.3902759961783886,0.2004502333235934,15,15,0,4,2,1,0
Dan Boitano,1001132,111161,NYM,-0.1680540740489959,,-0.13,5.510207727920041,,4.498199430400595,,,,0.10526316,0.06578947,0.03947368,16.1,15,0,,,,,1.1020415455840082,0.3220338983050847,0.71428571,,0,0.3043478260869565,1.5918377880657897,160.26693020903036,131.43616862724335,,,,-0.441927969455719,-0.132810077466158,8,5,2,2,0,0,0
Reggie Patterson,1010070,120296,CHW,-0.1707048509269952,,-0.45,13.499995098874397,,6.282055835931255,,,,0.05,0.15,-0.1,7.1,6,1,,,,,1.2272722817158543,0.4193548387096774,0.48387097,,0,0.4117647058823529,2.727271737146343,370.0503181208443,172.22008042834725,,,,-0.4049239978194237,-0.8211720512491658,2,6,0,1,0,0,0
Bobby Castillo,1002057,112119,LAD,-0.1855797059834003,,-1.07,5.328948839549949,,3.922607776894234,,,,0.15909091,0.10909091,0.05,50.2,34,1,,,,,0.8881581399249915,0.2884615384615384,0.64179104,,5,0.2551020408163265,1.4605267189877638,156.92662014888455,115.22316746714512,,,,-0.7473019286990166,-0.6514829802535558,35,24,0,5,0,0,0
Andy Hassler,1005480,115595,CAL,-0.1909133940935135,,1.0,3.2114548238526814,,4.120063290137841,,,,0.13968254,0.1047619,0.03492064,75.2,42,0,,,,,0.9515421700304242,0.2782608695652174,0.81023454,,5,0.2553191489361702,1.387665664627702,89.88862638851532,110.18974664738958,,,,-0.3021001815795898,0.1106465052815929,44,33,0,8,0,0,0
Luis Sanchez,1011408,121660,CAL,-0.1926174759864807,,0.11,2.940593948341825,,4.441823079644228,,,,0.08666667,0.07333333,0.01333333,33.2,17,0,,,,,1.069306890306118,0.2892561983471074,0.77092511,,2,0.2826086956521739,1.485148458758497,82.30722998797282,118.9230403026534,,,,-0.3804399967193603,-0.0025271155282836,13,11,1,4,0,0,0
Mike Armstrong,1000314,110326,SDP,-0.2022289037704467,,-0.37,6.000000476837196,,4.933572509553713,,,,0.15517241,0.18965517,-0.03448276,12.0,10,0,,,,,0.7500000596046495,0.3513513513513513,0.6779661,,0,0.2978723404255319,2.0833334989018044,179.9318645662194,145.9747552290562,,,,-0.6929479837417603,-0.7447629739099773,9,11,0,1,0,0,0
Ken Brett,1001402,111439,KCR,-0.2033816277980804,,-0.14,4.175257403559939,,4.363125450064555,,,,0.04861111,0.09722222,-0.04861111,32.1,22,0,,,,,0.5567009871413251,0.275,0.72033898,,2,0.2713178294573643,1.5154637983291628,112.80788925192428,119.34482938834569,,,,-0.2742681205272674,-0.133240518541971,7,14,1,2,0,0,0
Steve Bedrosian,1000766,110786,ATL,-0.2080504745244979,,-0.15,4.438356744211895,,4.901609154449119,,,,0.08490566,0.14150943,-0.05660377,24.1,15,1,,,,,0.7397261240353158,0.1645569620253164,0.60283688,,0,0.1666666666666666,1.232876873392193,121.2873612291916,134.27133852598206,,,,-0.6867959797382355,-1.1226853236923762,9,15,1,2,0,0,0
Bob Sykes,1012798,123064,STL,-0.2108909152448177,,-0.33,4.580355781461137,,4.073452838622069,,,,0.0875,0.1125,-0.025,37.1,22,1,,,,,0.4821427138380144,0.28,0.67669173,,0,0.2624113475177305,1.4732138478383774,128.56169206983745,119.76246202222488,,,,-0.167479932308197,-0.3659397238339363,14,18,1,2,0,0,0
Jay Howell,1006098,116226,CHC,-0.2180550061166286,,0.07,4.835823235839018,,5.062926749775784,,,,0.10309278,0.10309278,0.0,22.1,10,2,,,,,1.2089558089597543,0.2777777777777778,0.71428571,,0,0.2705882352941176,1.4776126553952555,131.07585054351446,142.44476515740496,,,,-0.3230820000171661,-0.0723980873085202,10,10,2,3,0,0,0
Sparky Lyle,1007859,118026,PHI,-0.2261902540922165,,-0.27,4.440000903320496,,3.880239251200411,,,,0.0873494,0.09939759,-0.01204819,75.0,48,0,,,,,0.4800000976562699,0.3056603773584905,0.69664903,,2,0.285234899328859,1.5733336534288846,125.90046495300864,111.8999322831614,,,,-1.1165339946746826,-0.5226787528421486,29,33,1,4,0,0,0
John D'Acquisto,1002919,112985,CAL,-0.2435790747404098,,-1.06,10.70689831222309,,5.134722166140849,,,,0.08421053,0.12631579,-0.04210526,19.1,6,0,,,,,0.9310346358454862,0.3333333333333333,0.41436464,,0,0.3170731707317073,1.965517564562693,299.68610332579783,137.7298999326971,,,,0.0446179993450641,1.0712715276956888,8,12,1,2,0,0,0
Sid Monge,1009053,119249,CLE,-0.2451846897602081,,0.15,4.3448273004448135,,4.289894052067786,,,,0.16803279,0.08606557,0.08196721,58.0,31,0,,,,,1.396551632285833,0.2832369942196532,0.72289157,,4,0.2600896860986547,1.3620688759330963,115.97024364022272,113.64180242266345,,,,-0.2301059961318969,0.0576370601543434,41,21,0,9,0,0,0
Rick Sutcliffe,1012734,122996,LAD,-0.2620212100446224,,-0.21,4.0212765957446805,,4.706621969507095,,,,0.08121827,0.10152284,-0.02030457,47.0,14,6,,,,,0.9574468085106383,0.2337662337662337,0.69642857,,0,0.2342857142857143,1.297872340425532,118.41835300999423,137.85016424149734,,,,-0.5916041433811188,-0.7365094270633394,16,20,2,5,4,0,0
Bob Lacey,1007232,117386,- - -,-0.2638310194015503,,-0.5900000000000001,7.656715546028303,,5.510686420560532,,,,0.10280374,0.02803738,0.07476636,22.1,15,0,,,,,2.4179101724299903,0.3563218390804598,0.60126582,,0,0.3557692307692308,1.7910445721703632,204.91350551063505,147.39271968528024,,,,-0.1872799843549728,0.3884008166409144,11,3,0,6,0,0,0
Tim Lollar,1007715,117878,SDP,-0.2664687447249889,,-1.68,6.104349243510526,,4.400239408741924,,,,0.10526316,0.14127424,-0.03601108,76.2,24,11,,,,,0.4695653264238866,0.3132075471698113,0.62776957,,1,0.2833876221498371,1.8000004179582323,183.0611423429796,130.414671879271,,,,-2.3461219668388367,-0.5818474887240774,38,51,3,4,4,0,0
Bo McLaughlin,1008608,118800,OAK,-0.2676804959774017,,-1.01,11.571432985579948,,5.771668772016715,,,,0.04918033,0.14754098,-0.09836066,11.2,11,0,,,,,0.7714288657053299,0.3404255319148936,0.46875,,1,0.3333333333333333,2.2285722787042865,333.34818464516354,158.51320978328184,,,,0.1828320026397705,2.5297931501625626,3,9,1,1,0,0,0
Stephen Ratzer,1010713,120943,MON,-0.2681658565998077,,-0.66,6.230769687855771,,4.85023915584272,,,,0.04878049,0.08536585,-0.03658537,17.1,12,0,,,,,1.0384616146426284,0.3043478260869565,0.58823529,,0,0.3066666666666666,1.730769357737714,177.3392861525243,142.03881101236382,,,,-0.5742279887199402,-0.657255121471868,4,7,0,2,0,0,0
Jim Otten,1009901,120120,STL,-0.2691586911678314,,-0.68,5.299068632185277,,4.254445600830947,,,,0.125,0.125,0.0,35.2,24,0,,,,,0.7570098045978966,0.3504273504273504,0.68561873,,0,0.3142857142857143,1.794393610898718,148.73456610189712,124.99411140557282,,,,-0.2718519866466522,-0.2171947466923567,20,20,0,3,0,0,0
Mark Davis,1003067,113126,PHI,-0.269395649433136,,-1.18,7.744186046511628,,5.0420994558999706,,,,0.14948454,0.12371134,0.0257732,43.0,9,9,,,,,1.4651162790697674,0.3134328358208955,0.56962025,,0,0.288235294117647,1.697674418604651,219.59378954388393,144.8139078303423,,,,-1.1825400590896606,-0.4585009343943484,29,24,0,7,1,0,0
Mike Proly,1010545,120778,PHI,-0.270263984799385,,0.45,3.8571433242487014,,4.187540770309907,,,,0.07251908,0.07251908,0.0,63.0,35,2,,,,,0.8571429609441559,0.2764976958525346,0.73453608,,2,0.2727272727272727,1.3492065125972823,109.37298178253349,120.60538122157044,,,,-0.0322439223527908,-0.5082399130768839,19,19,1,6,2,0,0
Rickey Keeton,1006759,116904,MIL,-0.2719044685363769,,-0.34,4.8396228156763765,,4.49646547411888,,,,0.05696203,0.06962025,-0.01265823,35.1,17,0,,,,,1.0188679611950269,0.3208955223880597,0.72519084,,0,0.3197278911564626,1.6415094930364318,138.7060769873092,125.9893949611864,,,,-0.1130300015211105,0.3696333483743377,9,11,0,4,0,0,0
Juan Berenguer,1000865,110892,- - -,-0.2798510119318962,,-1.16,5.261029891360427,,4.94950391082514,,,,0.12098765,0.12592593,-0.00493827,90.2,20,14,,,,,1.091911864244617,0.2525951557093425,0.62600321,,0,0.2406876790830945,1.4889707239699324,138.19501192833067,131.48181111476038,,,,-2.541024148464203,-1.534772386785614,49,51,5,11,8,1,0
Jeff Schneider,1011595,121847,BAL,-0.2885695099830627,,-0.25,4.875001549721257,,4.975239745776099,,,,0.1559633,0.11009174,0.04587156,24.0,11,0,,,,,1.50000047683731,0.3066666666666666,0.72674419,,1,0.28125,1.6250005165737522,135.35452996698942,135.73798678975857,,,,-0.1580779999494552,0.0695481958259084,17,12,1,4,0,0,0
Gene Nelson,1009501,119715,NYY,-0.2897364761548715,,-0.36,4.805085163234981,,5.269730748136459,,,,0.08938547,0.12849162,-0.03910615,39.1,8,7,,,,,1.144067896008329,0.2611940298507462,0.70175439,,0,0.2580645161290322,1.6016950544116606,134.79262784377022,145.6563573479189,,,,-0.8554180189967155,-0.3311477257888207,16,23,1,5,3,0,0
Geoff Combe,1002477,112532,CIN,-0.2918967306613922,,-0.49,7.641513008969473,,5.487032794172159,,,,0.10588235,0.11764706,-0.01176471,17.2,14,0,,,,,1.5283026017938943,0.3809523809523809,0.67073171,,0,0.36,2.0943406024583,217.01750315037876,157.36861176672207,,,,-0.0675660073757171,2.1121774282249053,9,10,0,3,0,0,0
Bruce Kison,1006978,117128,CAL,-0.2967068329453468,,0.66,3.4772719735943243,,5.054783913320861,,,,0.10555556,0.07777778,0.02777778,44.0,11,4,,,,,1.6363632816914468,0.2302158273381295,0.8411215,,0,0.2409638554216867,1.227272461268585,97.32884889556024,135.56019365200655,,,,0.1793199833482504,0.3507450504011873,19,14,0,8,3,0,0
Billy Smith,1012098,122355,HOU,-0.304009735584259,,0.37,3.048386627876124,,4.6324967427011075,,,,0.03703704,0.03703704,0.0,20.2,10,1,,,,,1.3064514119469102,0.2361111111111111,0.85106383,,1,0.2564102564102564,1.112903054621442,93.90494754193428,141.71597169160938,,,,-0.1314859986305236,-0.0568371396354237,3,3,0,3,1,0,0
Ed Farmer,1003935,114011,CHW,-0.3199457824230194,,-1.28,4.61392427342689,,4.233150462037653,,,,0.17283951,0.1399177,0.03292181,52.2,42,0,,,,,0.8544304210049797,0.2981366459627329,0.67901235,,10,0.2548076923076923,1.651898813942961,126.47294555754796,115.50526483493188,,,,-0.7560679912567139,0.3136711978027701,42,34,1,5,0,0,0
John Urrea,1013301,123586,SDP,-0.3327576220035553,,1.15,2.3877558455971997,,3.987994524976936,,,,0.08837209,0.13023256,-0.04186047,49.0,38,0,,,,,0.1836735265843999,0.2560975609756097,0.82644628,,2,0.233695652173913,1.4489800430547108,71.60555454716702,118.38735772580466,,,,-1.0351080894470217,-0.826487680896655,19,28,3,1,0,0,0
Bob Walk,1013507,123810,ATL,-0.3445860370993614,,-0.25,4.5692311044275655,,5.254085339314853,,,,0.08465608,0.12169312,-0.03703704,43.1,12,8,,,,,1.246153937571154,0.2430555555555555,0.70143885,,0,0.2469879518072289,1.4769231852695162,124.86377626699093,143.7912309897794,,,,-1.1471920311450958,-0.5410950538926977,16,23,0,6,4,0,0
Paul Moskau,1009245,119439,CIN,-0.3589848205447197,,-0.65,4.939024275360473,,4.191702368399844,,,,0.1300813,0.1300813,0.0,54.2,27,1,,,,,0.6585365700480631,0.2824858757062147,0.68796069,,2,0.2535211267605634,1.5731706951148174,140.26734168740074,120.6851791761261,,,,-0.171573981642723,-0.1107818790206905,32,32,1,4,0,0,0
Dave Roberts,1011031,121276,NYM,-0.3707905514165759,,-0.91,9.391301110923166,,6.5132811203350105,,,,0.13157895,0.06578947,0.06578947,15.1,7,4,,,,,2.9347815971634894,0.375,0.54166667,,0,0.3661971830985915,2.021738433601515,273.1503191957617,189.41638381906736,,,,-0.9176560351625084,0.0713312041419964,10,5,0,5,1,0,0
Fred Breining,1001381,111418,SFG,-0.3729988485574722,,0.99,2.5493569953346156,,3.8620419480705217,,,,0.11349693,0.11656442,-0.00306749,77.2,45,1,,,,,0.4635194536972028,0.2530612244897959,0.77689243,,1,0.2307692307692307,1.339056199569697,74.97351547676638,116.03126499347871,,,,0.1280820220708847,-0.1599690613661335,37,38,2,4,0,0,0
Nino Espinosa,1003830,113903,- - -,-0.3805779246613383,,-1.2,6.147321009818417,,4.930595974897862,,,,0.06606607,0.07207207,-0.00600601,74.2,15,14,,,,,1.32589276682358,0.3309090909090909,0.66308244,,0,0.3311688311688311,1.6874998850481928,174.0108908506927,141.54674970977445,,,,-2.0776700316928327,-0.3519723210340055,22,24,1,11,5,2,0
Enrique Romo,1011175,121427,PIT,-0.4352377355098724,,-0.8,4.53599944628913,,4.35223877691653,,,,0.12432432,0.0972973,0.02702703,41.2,33,0,,,,,1.0799998681640786,0.302158273381295,0.65517241,,9,0.281437125748503,1.5599998095703358,125.45013715495396,124.81763909004128,,,,-0.5644740462303162,0.0369585197320551,23,18,0,5,0,0,0
Mark Littell,1007657,117817,STL,-0.4424244671245105,,-0.31,4.390245127862641,,4.429507794059791,,,,0.11827957,0.16666667,-0.0483871,41.0,28,1,,,,,0.439024512786264,0.2595419847328244,0.7165109,,2,0.232258064516129,1.6341467975933162,123.22565520430624,130.0543359365198,,,,0.0485739707946777,-0.1092676395583256,22,31,0,2,0,0,0
Tim Stoddard,1012556,122816,BAL,-0.4732933044433594,,0.41,3.8571425943958695,,4.582381712903791,,,,0.19753086,0.11111111,0.08641975,37.1,31,0,,,,,1.4464284728984511,0.3076923076923077,0.84677419,,7,0.2676056338028169,1.499999897820616,107.09365270047115,124.8881388319988,,,,-0.6395439505577087,0.1328663169221157,32,18,2,6,0,0,0
Victor Cruz,1002845,112908,PIT,-0.4990235567092895,,0.93,2.6470591205214467,,4.659062751189261,,,,0.19444444,0.10416667,0.09027778,34.0,22,0,,,,,1.588235472312868,0.2872340425531915,0.96059113,,1,0.2578125,1.4117648642781049,73.20854723612338,133.47809926257037,,,,0.1696100533008575,0.2004119785348814,28,15,1,6,0,0,0
Mark Clear,1002330,112382,BOS,-0.517534613609314,,0.35,4.108694970720545,,4.400238692242215,,,,0.23699422,0.14739884,0.08959538,76.2,34,0,,,,,1.2913041336550284,0.29,0.80675422,,9,0.2354948805460751,1.5652171317030648,107.14419654706838,117.78864955843594,,,,1.5661200284957886,0.9092530603897768,82,51,2,11,0,0,0
Dan Schatzeder,1011527,121779,DET,-0.5247604846954346,,-1.52,6.0560741456214275,,5.712388204505814,,,,0.06289308,0.09119497,-0.02830189,71.1,17,14,,,,,1.64018674777247,0.2401574803149606,0.64516129,,0,0.2578397212543554,1.4439250856458496,165.88133095759227,149.21431983019582,,,,-1.4041460156440737,-0.4656363626931199,20,29,2,13,4,1,0
Don Robinson,1011061,121308,PIT,-0.5469059720635414,,-0.99,5.869566872350226,,4.869804848092445,,,,0.09444444,0.12777778,-0.03333333,38.1,16,2,,,,,0.939130699576036,0.3161764705882353,0.66770186,,2,0.2993630573248407,1.826087471397848,162.33202360262695,139.4265377482898,,,,-0.9774059653282166,-0.0015755498260074,17,23,0,4,1,0,0
Dave Tobik,1013086,123364,DET,-0.5596917271614075,,1.0,2.6850837783674475,,4.688637485069484,,,,0.12403101,0.12790698,-0.00387597,60.1,27,0,,,,,1.0441992471428962,0.2150537634408602,0.86894587,,1,0.2088888888888889,1.3259672979592332,73.54686553999066,122.1871870854581,,,,-0.0150740211829543,0.1969931293956724,32,33,0,7,0,0,0
Stan Bahnsen,1000414,110434,MON,-0.6132212840020657,,-0.46,4.95918251523796,,4.845136425665073,,,,0.13461538,0.11538462,0.01923077,49.0,25,3,,,,,1.2857139854320638,0.2567567567567567,0.71428571,,1,0.2459016393442623,1.4081629364255936,141.1475517810437,141.8914985427879,,,,0.7105539739131927,0.87616808749922,28,24,1,7,0,0,0
Reggie Cleveland,1002347,112400,MIL,-0.7249767780303955,,-1.5,5.149484131057257,,4.486836780540404,,,,0.06569343,0.10948905,-0.04379562,64.2,35,0,,,,,0.6958762339266563,0.2363636363636363,0.58024691,,1,0.2345679012345679,1.3453607189248689,147.58686152435837,125.7159317262983,,,,-0.5131579637527466,-0.0552930019738533,18,30,1,5,0,0,0
John Littlefield,1007665,117823,SDP,-0.7342953085899353,,0.13,3.6562508717181377,,4.318989400565722,,,,0.08015267,0.10687023,-0.02671756,64.0,42,0,,,,,0.7031251676381034,0.2318840579710145,0.72,,2,0.2274678111587982,1.265625301748586,109.64599739780326,128.0441891594321,,,,1.0590499639511108,0.654639206788046,21,28,1,5,0,0,0
Jack O'Connor,1009714,119924,MIN,-0.7417548298835754,,-0.98,6.113210407175578,,5.51533469420538,,,,0.09195402,0.17241379,-0.08045977,35.1,28,0,,,,,0.7641513008969473,0.3495934959349593,0.67750678,,0,0.323943661971831,2.1509444025247406,161.6470163460175,148.5215494978684,,,,-0.7557479739189148,0.3097848048905554,16,30,2,3,0,0,0
Don Cooper,1002594,112653,MIN,-0.8507792800664902,,0.15,4.295454173048698,,5.157056950931726,,,,0.1259542,0.1221374,0.00381679,58.2,27,2,,,,,1.3806816984799386,0.2780748663101604,0.74938575,,0,0.2663755458515284,1.5852271352917815,113.58145796999877,138.76680008702488,,,,-0.7366860061883926,-0.1159730608200694,33,32,1,9,0,0,0
Randy Jones,1006582,116715,NYM,-0.9038783311843872,,-1.48,4.8539320641494,,5.853047630994921,,,,0.04929577,0.13380282,-0.08450704,59.1,13,12,,,,,1.21348301603735,0.2556053811659193,0.60344828,,0,0.2653061224489796,1.7359548701645422,138.83886949931247,168.86812396440357,,,,-2.1352239288389683,0.0179994038115869,14,38,1,8,5,0,0
John Curtis,1002905,112970,SDP,-0.912982776761055,,-0.84,5.130001223087603,,5.2102396130563315,,,,0.10580205,0.10238908,0.00341297,66.2,28,8,,,,,1.4850003540516743,0.2681818181818182,0.70093458,,0,0.2671755725190839,1.500000357627954,153.8417686566101,154.04656473064497,,,,-2.6687198877334595,-0.0464263926822541,31,30,1,11,2,0,0
Mike Willis,1014024,124362,TOR,-0.9374468326568604,,-0.81,5.9142850696797975,,5.714524365639237,,,,0.0952381,0.11904762,-0.02380952,35.0,20,0,,,,,1.5428569746990777,0.296,0.70143885,,0,0.2925170068027211,1.7999998038155909,152.8740214998578,150.36441891539874,,,,-0.4278639853000641,0.5251326463414023,16,20,1,6,0,0,0
Jeff Jones,1006566,116698,OAK,-0.9464945197105408,,-0.5,3.393441774101439,,4.796959752762401,,,,0.15750916,0.14652015,0.01098901,61.0,33,0,,,,,1.032786626900438,0.2444444444444444,0.79572447,,3,0.2217391304347826,1.4918029055228548,97.7577847536645,131.46089821029634,,,,0.370963990688324,1.150874454320264,43,40,3,7,0,0,0
Tom Hume,1006179,116305,CIN,-1.0392274856567385,,0.6,3.458128208785342,,4.56575630603348,,,,0.09608541,0.11032028,-0.01423488,67.2,51,0,,,,,0.9310345177498998,0.2604651162790697,0.79812207,,13,0.253012048192771,1.3891626137855648,98.2101775608565,131.27829281988943,,,,1.2167999744415283,0.2231434609292353,27,31,1,7,0,0,0
