Name,Team,W,L,SV,G,GS,IP,K/9,BB/9,HR/9,BABIP,LOB%,GB%,HR/FB,vFA,ERA,xERA,FIP,xFIP,fWAR,NameASCII,PlayerId,MLBAMID,K/BB,K%,BB%,K-BB%,AVG,WHIP,ERA-,FIP-,xFIP-,E-F,SIERA,QS,CG,ShO,HLD,BS,TBF,H,R,ER,HR,BB,IBB,HBP,WP,BK,SO,WPA,-WPA,+WPA,RE24,REW,pLI,inLI,gmLI,exLI,Pulls,WPA/LI,Clutch,SD,MD,Year,bWAR,EV,Barrel%,HardHit%,Chase%,Z-Swing%,Swing%,O-Contact%,Z-Contact%,Whiff%,Zone%
Roger Clemens,BOS,18,11,0,32,32,246.2,7.58918950216714,2.2621622554536667,0.4013513679030699,0.2746781115879828,0.75019335,,,,2.4081082074184192,,2.540074980215403,,7.575290679931641,Roger Clemens,815,112388,3.35483871,0.21031345,0.06268959,0.14762386,0.2211328976034858,1.0743243686294297,58.04520674118672,64.08682453252615,,-0.1319667727969835,,23,11,5,,,989,203,80,66,11,62,5,9,3,0,208,4.247481822967529,-15.052326202392578,19.299808502197266,36.467098236083984,3.8299002647399902,1.0185261964797974,0.9330306649208068,0.8747687339782715,1.0671619176864624,21,3.993413209915161,0.1768102341627244,0,0,1992,8.74,,,,,,,,,,
Charles Nagy,CLE,17,10,0,33,33,252.0,6.035714285714286,2.0357142857142856,0.3928571428571428,0.300385109114249,0.73804574,,,,2.9642857142857144,,2.711889662061419,,6.975656032562256,Charles Nagy,397,119640,2.96491228,0.16601179,0.05599214,0.11001965,0.2554744525547445,1.1984126984126984,75.32500937529153,69.36589314155866,,0.2523960522242956,,24,10,3,,,1018,245,91,83,11,57,1,2,7,0,169,3.2150721549987793,-15.129677772521973,18.344749450683594,37.18389892578125,3.7594964504241943,0.9847539067268372,0.9159146547317504,0.8762000203132629,1.8502521514892576,23,3.4378421306610107,-0.1729937933894585,0,0,1992,5.96,,,,,,,,,,
Greg Maddux,CHC,20,11,0,35,35,268.0,6.682835820895522,2.3507462686567164,0.2350746268656716,0.251621271076524,0.78851744,,,,2.1828358208955225,,2.5780943528929754,,6.972506523132324,Greg Maddux,104,118120,2.84285714,0.18755891,0.06597549,0.12158341,0.2057318321392016,1.0111940298507462,60.68286931197376,71.41283865896818,,-0.3952585319974528,,30,9,4,,,1061,201,68,65,7,70,7,14,5,0,199,4.7624101638793945,-15.328791618347168,20.091203689575195,44.417999267578125,5.168058395385742,1.0706251859664917,0.945950210094452,0.8571256995201111,1.2991230487823486,26,4.516965389251709,-0.0687138196977983,0,0,1992,9.11,,,,,,,,,,
Kevin Brown,TEX,21,11,0,35,35,265.2,5.860727953394258,2.5746550546703095,0.3726474421233343,0.2995226730310262,0.69452796,,,,3.319949938916978,,2.990344590225176,,6.320103645324707,Kevin Brown,642,111554,2.27631579,0.15613718,0.06859206,0.08754513,0.2563600782778865,1.2722710650271414,85.09217955450778,76.59324188679925,,0.329605348691802,,23,11,1,,,1108,262,117,98,11,76,2,10,8,2,173,2.1089463233947754,-17.999759674072266,20.108705520629883,10.3302001953125,1.052226424217224,1.013375997543335,0.904079794883728,0.8749028444290161,1.2986083030700684,24,2.093367576599121,-0.0122581675472348,0,0,1992,4.79,,,,,,,,,,
Melido Perez,NYY,13,16,0,33,33,247.2,7.921937438066367,3.379542118074184,0.5814266009589995,0.2878120411160059,0.75104312,,,,2.8707938422350594,,3.0498054255961984,,5.880381107330322,Melido Perez,1010183,120411,2.34408602,0.21520237,0.09180652,0.12339585,0.2316939890710382,1.2314938423089918,74.26222599297463,76.82302432973844,,-0.1790115833611389,,23,10,1,,,1013,212,94,79,16,93,5,5,13,0,218,1.1023399829864502,-16.660240173339844,17.762575149536133,28.68739891052246,2.938243865966797,0.9445707201957704,0.8516008853912354,0.8749939203262329,1.0953912734985352,23,2.3250572681427,-1.1580297926795808,0,0,1992,5.91,,,,,,,,,,
Juan Guzman,TOR,16,5,0,28,28,180.2,8.219556964168845,3.5867157661827687,0.2988929805152307,0.263803680981595,0.76152305,,,,2.640221327884538,,2.600661412064016,,5.475878715515137,Juan Guzman,1005162,115267,2.29166667,0.22510232,0.09822647,0.12687585,0.2045454545454545,1.1457564253083845,65.7306713517636,64.41704550116391,,0.0395599158205222,,20,1,0,,,733,135,56,53,6,72,2,1,14,2,165,4.665227890014648,-9.925935745239258,14.591163635253906,33.64970016479492,3.4458975791931152,1.0433557033538818,0.9644318222999572,0.8751785755157471,1.2379111051559448,27,3.603759765625,0.8676087954689846,0,0,1992,5.46,,,,,,,,,,
Mark Langston,CAL,13,14,0,32,32,229.0,6.838427491938329,2.9082967494450367,0.550218303949061,0.2852897473997028,0.68693694,,,,3.655021590518762,,3.106462316761661,,5.408113956451416,Mark Langston,1007323,117480,2.35135135,0.18490967,0.07863974,0.10626993,0.2392566782810685,1.2227073421090244,91.4923853480326,77.1342423857288,,0.548559273757101,,20,9,2,,,941,206,103,93,14,74,2,6,5,0,174,1.5875719785690308,-15.660982131958008,17.248554229736328,7.183399200439453,0.7096548080444336,1.0259746313095093,0.9587517380714417,0.8741437792778015,1.3326174020767212,23,1.625246286392212,-0.0778669164532854,0,0,1992,3.25,,,,,,,,,,
Mike Mussina,BAL,18,5,0,32,32,241.0,4.854771476855046,1.7925310068387863,0.5975103356129288,0.2575558475689882,0.80133556,,,,2.539418926354947,,3.1899572118932333,,5.34407901763916,Mike Mussina,837,119608,2.70833333,0.13584117,0.05015674,0.08568443,0.2337375964718853,1.078838105967788,63.9705066012304,79.89582394457399,,-0.6505382855382864,,24,8,4,,,957,212,70,68,16,48,2,2,6,0,130,4.215362071990967,-13.662006378173828,17.877368927001953,40.849998474121094,4.389459609985352,0.9927242398262024,0.9503225684165956,0.8781625032424927,1.3755667209625244,24,3.5950570106506348,0.6511998075861758,0,0,1992,8.22,,,,,,,,,,
David Cone,- - -,17,10,0,35,34,249.2,9.408545109647545,4.001335276516771,0.5407209833130773,0.2835365853658536,0.7689769,,,,2.8117491132280015,,2.951542539409614,,5.188458040356636,David Cone,1680,112552,2.35135135,0.24739336,0.10521327,0.14218009,0.2156652360515021,1.2496662725457786,78.54045883949377,81.55784879233298,,-0.1397934261816131,,24,7,5,,,1055,201,91,78,15,111,7,12,12,1,261,0.8050360381603241,-17.397393610328436,18.202431559562683,17.574900031089783,1.8799822255969048,1.0067438368856068,0.8708242342877294,0.873411454473223,1.3504213903631483,28,1.0269400961697102,-0.2272967224881508,1,0,1992,5.16,,,,,,,,,,
Jose Rijo,CIN,15,10,0,33,33,211.0,7.293838862559242,1.8767772511848344,0.6398104265402843,0.2819237147595356,0.78199052,,,,2.559241706161137,,2.7548822145326444,,5.097727298736572,Jose Rijo,349,121206,3.88636364,0.20454545,0.05263158,0.15191388,0.2344740177439797,1.085308056872038,71.83240848976902,74.98965049708306,,-0.1956405083715071,,23,2,0,,,836,185,67,60,15,44,1,3,2,1,171,2.1833341121673584,-13.507760047912598,15.691089630126951,26.652599334716797,2.9817094802856445,1.0401078462600708,0.962419092655182,0.8725818395614624,1.0493097305297852,31,2.4599976539611816,-0.3608556082415948,0,0,1992,5.52,,,,,,,,,,
John Smiley,MIN,16,9,0,34,34,241.0,6.087136544056712,2.427385738427523,0.6348547315887367,0.2614742698191933,0.72561459,,,,3.211618053919492,,3.231450985199687,,5.003741264343262,John Smiley,1012084,122342,2.50769231,0.16804124,0.06701031,0.10103093,0.2280311457174638,1.1203318792742414,79.1124050123417,82.43443442098635,,-0.0198329312801948,,22,5,2,,,970,205,93,86,17,65,0,6,4,0,163,3.4861397743225098,-14.256101608276367,17.742244720458984,24.077800750732425,2.5799431800842285,0.9575411677360536,0.9206886291503906,0.8733588457107544,1.063048243522644,29,3.3022611141204834,0.3384594019121656,0,0,1992,5.07,,,,,,,,,,
John Smoltz,ATL,15,12,0,35,35,246.2,7.844594432839173,2.918918858730855,0.6202702574803067,0.2684659090909091,0.75224551,,,,2.845945887262584,,2.9698047161311285,,4.950601100921631,John Smoltz,115,122477,2.6875,0.21057786,0.07835455,0.13222331,0.22008547008547,1.159459435551423,79.00669809621606,83.20775533663387,,-0.1238588288685447,,23,9,3,,,1021,206,90,78,17,80,5,5,17,1,215,2.509666204452514,-15.467718124389648,17.977384567260742,19.671499252319336,2.2688956260681152,1.0034538507461548,0.8975762724876404,0.8773486018180847,1.231576919555664,26,1.5536974668502808,0.9473305600852484,0,0,1992,3.55,,,,,,,,,,
Sid Fernandez,NYM,14,11,0,32,32,214.2,8.09161529027407,2.809006344292035,0.5031056139030511,0.2546689303904924,0.76780759,,,,2.7251554086415264,,2.704125683153399,,4.8823089599609375,Sid Fernandez,1004001,114074,2.88059701,0.22312139,0.07745665,0.14566474,0.2040302267002519,1.0667702368870249,78.09222648781045,77.39203376725658,,0.0210297254881273,,26,5,2,,,865,162,67,65,12,67,4,4,0,0,193,1.7678861618041992,-12.61398220062256,14.38187026977539,23.09980010986328,2.6500930786132812,0.9634971618652344,0.9116249680519104,0.874750018119812,1.2510740756988523,27,1.870279550552368,-0.035415648741025,0,0,1992,6.07,,,,,,,,,,
Jack McDowell,CHW,20,10,0,34,34,260.2,6.1457795714723575,2.58951386438442,0.7250638820276377,0.2832080200501253,0.78104139,,,,3.1764703403115555,,3.4086378777783763,,4.807124614715576,Jack McDowell,1008473,118656,2.37333333,0.16496756,0.0695088,0.09545876,0.2477432296890672,1.2352940212322716,82.5439156884405,87.0981620554184,,-0.2321675374668208,,22,13,1,,,1079,247,95,92,21,75,9,7,6,0,178,2.248445987701416,-16.57674789428711,18.825193405151367,27.042999267578125,2.9254322052001953,0.9609818458557128,0.8841583132743835,0.8764705657958984,1.491876244544983,21,1.9504897594451904,0.3892484961711493,0,0,1992,5.26,,,,,,,,,,
Kevin Appier,KCR,15,8,0,30,30,208.1,6.480000632812562,2.937600286875028,0.4320000421875041,0.2524115755627009,0.79820628,,,,2.4624002404687735,,2.9753182522399926,,4.794773101806641,Kevin Appier,3,110293,2.20588235,0.17605634,0.07981221,0.09624413,0.2135549872122762,1.128000110156261,60.863805657320235,77.77140742654586,,-0.5129180117712191,,23,3,0,,,852,167,59,57,10,68,5,2,4,0,150,4.380119800567627,-12.847651481628418,17.22777557373047,36.89200210571289,3.9375109672546382,1.0848480463027954,0.9873684644699096,0.8695666790008545,1.5121999979019165,27,2.7887163162231445,1.2488259142258542,0,0,1992,8.0,,,,,,,,,,
Doug Drabek,PIT,15,11,0,34,34,256.2,6.206493752476828,1.8935065685522527,0.5961039197294129,0.2620599739243807,0.7631786,,,,2.7701299799190364,,2.966435123864385,,4.762106895446777,Doug Drabek,1003473,113538,3.27777778,0.17335945,0.05288932,0.12047013,0.2268470343392299,1.0597403017411786,79.97599235888173,86.05200166298916,,-0.1963051439453487,,25,10,4,,,1021,218,84,79,17,54,8,6,11,1,177,1.853318214416504,-17.96082878112793,19.814144134521484,28.340600967407227,3.2375802993774414,1.0938634872436523,0.9983007311820984,0.8755235075950623,1.464158296585083,24,2.3812761306762695,-0.6869895619870205,0,0,1992,5.29,,,,,,,,,,
Andy Benes,SDP,13,14,0,34,34,231.1,6.574928098451644,2.373198899441126,0.5446685998717338,0.3033707865168539,0.74529667,,,,3.3458213992120793,,2.964874433447235,,4.745213985443115,Andy Benes,1144,110854,2.7704918,0.17585848,0.06347555,0.11238293,0.2569832402234637,1.2579250997037663,94.07799342253908,82.35208173330673,,0.3809469657648443,,23,2,2,,,961,230,90,86,14,61,6,5,1,1,169,1.3617699146270752,-16.088394165039062,17.450164794921875,9.001099586486816,1.024609088897705,1.0213377475738523,0.9420315027236938,0.9003705978393555,1.1556249856948853,32,1.4176313877105713,-0.0843115159424849,0,0,1992,2.64,,,,,,,,,,
Jose Guzman,TEX,16,11,0,33,33,224.0,7.191964285714286,2.9330357142857144,0.6830357142857143,0.314540059347181,0.71934798,,,,3.65625,,3.2029610906328476,,4.689084053039551,Jose Guzman,1005160,115266,2.45205479,0.18901795,0.07708553,0.11193242,0.2632183908045977,1.3482142857142858,93.71173879738105,82.02623538309203,,0.4532889093671524,,21,5,0,,,947,229,103,91,17,73,0,4,6,0,179,1.2380239963531494,-16.75638198852539,17.99440574645996,10.446000099182127,1.051401138305664,1.0570980310440063,0.9435377717018129,0.8756303191184998,1.8748643398284912,28,-0.0668314471840858,1.2379848880153566,0,0,1992,3.63,,,,,,,,,,
Tom Glavine,ATL,20,8,0,33,33,225.0,5.16,2.8,0.24,0.2682584269662921,0.72141213,,,,2.76,,2.9433182334899906,,4.59332799911499,Tom Glavine,90,114849,1.84285714,0.14036997,0.07616975,0.06420022,0.2325855962219598,1.1866666666666668,76.62074241169047,82.4635984166525,,-0.1833182334899907,,21,7,5,,,919,197,81,69,6,70,7,2,5,0,129,2.8139584064483643,-13.399707794189451,16.21366310119629,20.031999588012695,2.273284912109375,0.9849644899368286,0.90024334192276,0.8673818111419678,0.944653868675232,26,2.6256587505340576,0.2312548084804806,0,0,1992,3.74,,,,,,,,,,
Greg Swindell,CIN,12,8,0,31,30,213.2,5.812792788443616,1.726989161783973,0.5897036162189176,0.2916666666666667,0.77549272,,,,2.695787959857909,,2.947124793550801,,4.582496639341116,Greg Swindell,76,123057,3.36585366,0.15916955,0.0472895,0.11188005,0.2548543689320388,1.1747270450075262,75.66496805211175,80.23828458357468,,-0.2513368336928923,,21,5,3,,,867,210,72,64,14,41,4,2,3,2,138,1.8098841703031212,-13.40248966217041,15.212373713264242,22.935500383377075,2.4688802994787693,0.9595979661170232,0.9113898307823384,0.8500645321703726,1.3937692229564371,26,1.5305877849459648,0.3554980908158909,0,0,1992,5.37,,,,,,,,,,
Kevin Tapani,MIN,16,11,0,34,34,220.0,5.645454153896391,1.9636362274422228,0.6954544972191206,0.2972972972972973,0.68965517,,,,3.968181542956158,,3.256045473429785,,4.491492748260498,Kevin Tapani,1012824,123090,2.875,0.15148189,0.05268935,0.09879254,0.2634032634032634,1.2454544590721506,97.74897890043938,83.06046915139777,,0.7121360695263741,,19,4,1,,,911,226,103,97,17,48,2,5,4,0,138,-0.3972780406475067,-15.34451389312744,14.947236061096191,1.434800386428833,0.1363758444786071,0.91455340385437,0.888575553894043,0.8766470551490784,0.9939066767692566,30,0.3945126831531524,-0.8289083553721668,0,0,1992,2.28,,,,,,,,,,
Jim Abbott,CAL,7,15,0,29,29,211.0,5.545023696682464,2.9004739336492893,0.5118483412322274,0.296969696969697,0.78647416,,,,2.772511848341232,,3.314123920693782,,4.426800727844238,Jim Abbott,1000012,110009,1.91176471,0.14874142,0.0778032,0.07093822,0.2593516209476309,1.3080568720379149,69.40142927429858,82.27880766055635,,-0.5416120723525499,,19,7,0,,,874,208,73,65,12,68,3,4,2,0,130,1.1428020000457764,-14.29556369781494,15.438365936279297,21.77739906311035,2.2547929286956787,1.0056278705596924,0.9176310896873474,0.8700000047683716,1.278681755065918,22,2.063791275024414,-0.9273848233916264,0,0,1992,5.72,,,,,,,,,,
Dave Fleming,SEA,17,10,0,33,33,228.1,4.414598343470292,2.364963398287657,0.5124087362956589,0.2800528401585205,0.71639586,,,,3.3897808708789743,,3.383318206759266,,4.3650288581848145,Dave Fleming,1004145,114226,1.86666667,0.11839323,0.06342495,0.05496829,0.2551020408163265,1.2481751268740409,85.51819173149983,85.76508723589774,,0.006462664119708,,22,7,4,,,946,225,95,86,13,60,3,4,8,1,112,2.333348035812378,-14.66533660888672,16.998687744140625,18.97749900817871,1.8907073736190796,0.959434986114502,0.8844271302223206,0.86855149269104,1.235076904296875,26,2.2028417587280273,0.2291604817384351,0,0,1992,5.14,,,,,,,,,,
Curt Schilling,PHI,14,11,2,42,26,226.1,5.845360906841982,2.346097234718891,0.4374079590153863,0.2274741506646972,0.75381679,,,,2.346097234718891,,2.911447837646013,,4.174643620848656,Curt Schilling,73,121811,2.49152542,0.16424581,0.06592179,0.09832402,0.1976047904191616,0.9896907355499652,67.2669927112881,83.71355711076953,,-0.565350602927122,,22,10,4,,,895,165,67,59,11,59,4,1,4,0,147,2.596120104193687,-11.780547499656675,14.376668334007263,37.103500962257385,3.868868321180344,0.8714481110282251,0.8502940945811086,0.8463428502991086,1.1744909449057146,22,4.24040225148201,-1.2613148321168852,5,3,1992,5.85,,,,,,,,,,
Jaime Navarro,MIL,17,11,0,34,34,246.0,3.658536585365854,2.341463414634146,0.5121951219512195,0.2560975609756097,0.71428571,,,,3.3292682926829267,,3.563806038368039,,4.002628803253174,Jaime Navarro,1009465,119667,1.5625,0.09960159,0.06374502,0.03585657,0.2398286937901499,1.170731707317073,85.06596363537258,91.4735987092964,,-0.2345377456851123,,23,5,3,,,1004,224,98,91,14,64,4,6,6,0,100,1.1825119256973269,-15.889528274536133,17.07204818725586,17.16899871826172,1.932889461517334,0.9797347784042358,0.943379282951355,0.8524705767631531,1.4324275255203247,29,1.35796856880188,-0.1509970988053075,0,0,1992,4.6,,,,,,,,,,
Bob Tewksbury,STL,16,5,0,33,32,233.0,3.5150216894204913,0.772532239433075,0.5793991795748062,0.2569974554707379,0.80821918,,,,2.16309027041261,,3.135249587009502,,3.986573837697506,Bob Tewksbury,1012941,123213,4.55,0.09945355,0.02185792,0.07759563,0.2432735426008968,1.0171674485868822,62.4189044775835,89.55132076033672,,-0.9721593165968918,,27,5,0,,,915,217,63,56,15,20,0,3,2,0,91,4.002007871866226,-12.734653793275356,16.73666214942932,33.59380108118057,3.860078550875187,0.9608755195012656,0.9466873947846688,0.9116303342761416,1.5412518978118896,27,2.328623652458191,1.8363361062662635,1,0,1992,6.39,,,,,,,,,,
Terry Mulholland,PHI,13,11,0,32,32,229.0,4.912664082800458,1.8078603824705688,0.5502183772736513,0.2843791722296395,0.6825273,,,,3.812227328253156,,3.128296422415534,,3.838570117950439,Terry Mulholland,665,119488,2.7173913,0.13340448,0.04909285,0.08431163,0.2556306306306306,1.1921398174262443,109.3036827751534,89.96631870982057,,0.683930905837622,,17,12,2,,,937,227,101,97,14,46,3,3,3,0,125,0.2387900799512863,-16.310726165771484,16.549516677856445,6.250999927520752,0.6035103797912598,0.9998694062232972,0.9327329397201538,0.8677687644958496,1.4060699939727783,20,1.7877634763717651,-1.5489422078490656,0,0,1992,2.07,,,,,,,,,,
Dennis Martinez,MON,16,11,0,32,32,226.1,5.845360956101811,2.385861614735433,0.4771723229470866,0.238095238095238,0.74041035,,,,2.465390335226614,,3.0881783287061846,,3.827000141143799,Dennis Martinez,1008161,118371,2.45,0.16333333,0.06666667,0.09666667,0.2069795427196149,1.0250368418863345,71.33752714520276,89.55323360502004,,-0.6227879934795704,,25,6,0,,,900,172,75,62,12,60,3,9,2,0,147,3.042584180831909,-13.560157775878906,16.60274314880371,22.14419937133789,2.3336899280548096,1.0232298374176023,0.95315283536911,0.8732812404632568,1.3147846460342407,26,3.919090986251831,-0.9455809598918744,0,0,1992,4.68,,,,,,,,,,
Chris Bosio,MIL,16,6,0,33,33,231.1,4.668588306841523,1.7118157125085582,0.8170029536972665,0.2700534759358289,0.70778146,,,,3.61815593780218,,3.5484479837779066,,3.807307243347168,Chris Bosio,1001212,111249,2.72727273,0.1280683,0.04695838,0.08110993,0.2508436445444319,1.154178775858043,92.44731706021751,91.08017909336895,,0.0697079540242735,,22,4,2,,,937,223,100,93,21,44,1,4,8,2,120,0.9957099556922911,-15.369547843933104,16.365257263183594,5.056799411773682,0.5262227654457092,0.959389626979828,0.8979047536849976,0.8732181787490845,1.1621999740600586,29,0.8513318300247192,0.1865259158702414,0,0,1992,3.34,,,,,,,,,,
Frank Viola,BOS,13,12,0,35,35,238.0,4.575629665390186,3.365545786939889,0.4915965756204332,0.2613784135240572,0.72309801,,,,3.4411760293430325,,3.6866794621942054,,3.7236006259918217,Frank Viola,1013435,123732,1.35955056,0.12112112,0.08908909,0.03203203,0.2369878183831672,1.2731090804529166,82.94634495273161,92.93557833951404,,-0.2455034328511729,,23,6,1,,,999,214,99,91,13,89,4,7,12,2,121,2.4997000694274902,-17.657068252563477,20.15677261352539,14.9443998336792,1.530070662498474,1.1290253400802612,1.0141572952270508,0.8742571473121643,1.3395655155181885,29,1.1512691974639893,1.0627644302044468,0,0,1992,6.2,,,,,,,,,,
Jack Morris,TOR,21,6,0,34,34,240.2,4.936287984318868,2.9916896874659806,0.6731301796798457,0.2666666666666666,0.69037657,,,,4.038781078079074,,3.780548129311984,,3.713273763656616,Jack Morris,1009211,119399,1.65,0.13134328,0.07960199,0.05174129,0.2426229508196721,1.254847618909342,100.54906719416772,93.5628890100832,,0.2582329487670902,,19,6,1,,,1005,222,114,108,18,80,2,10,9,2,132,2.0973799228668213,-15.885299682617188,17.982675552368164,4.954300403594971,0.4075806438922882,0.9750933647155762,0.9242125153541564,0.8729117512702942,1.1467499732971191,28,1.5605900287628174,0.5903628940668888,0,0,1992,2.83,,,,,,,,,,
Charlie Leibrandt,ATL,15,7,0,32,31,193.0,4.849740549216746,1.9585490679529165,0.4196890859899107,0.2848200312989045,0.70984916,,,,3.357512687919286,,3.042385570520799,,3.646256487816572,Charlie Leibrandt,1007492,117643,2.47619048,0.1301627,0.05256571,0.077597,0.2539893617021276,1.2072537905635703,93.20837492936454,85.24696702751895,,0.3151271173984868,,18,5,2,,,799,191,78,72,9,42,4,5,3,2,104,1.3988061398267746,-12.07766819000244,13.476474329829216,7.377400696277618,0.8805332705378532,0.941803748333076,0.889263411956047,0.866699980571866,1.5155851322191731,27,1.4605141580104828,0.0247274778425914,0,0,1992,1.91,,,,,,,,,,
Nolan Ryan Jr.,TEX,5,9,0,27,27,157.1,8.980932493724904,3.9470340259045753,0.5148305251179881,0.3014018691588785,0.69767442,,,,3.7182204591854697,,3.0756911242977365,,3.5417325496673584,Nolan Ryan Jr.,1011348,121597,2.27536232,0.23259259,0.10222222,0.13037037,0.2323232323232323,1.3156780086348585,95.3000764341243,78.7741035022349,,0.6425293348877332,,18,2,0,,,675,138,75,65,9,69,0,12,9,0,157,-0.052056074142456,-12.02632999420166,11.974273681640623,-1.4010000228881836,-0.1268418878316879,1.049972414970398,0.9211821556091307,0.8772000074386597,1.018615961074829,25,0.391196459531784,-0.4407749755006285,0,0,1992,2.01,,,,,,,,,,
Tom Candiotti,LAD,11,15,0,32,30,203.2,6.716857631442536,2.7839607288215773,0.5744680868996905,0.2697368421052631,0.73398577,,,,3.004909993013766,,3.092647203359055,,3.488608330488205,Tom Candiotti,1001911,111954,2.41269841,0.18116806,0.07508939,0.10607867,0.2289780077619663,1.178396075691673,88.94482696526784,89.43352691404775,,-0.0877372103452889,,19,6,2,,,839,177,78,68,13,63,5,3,9,2,152,0.2958079874515533,-14.578569933772089,14.87437590956688,5.274400174617767,0.7129297330975533,1.0686372119407102,0.9595366871127716,0.9619124941527843,0.8126959896087647,25,0.7686043865978718,-0.4917957707774026,1,1,1992,4.43,,,,,,,,,,
Dwight Gooden,NYM,10,13,0,31,31,206.0,6.334950987069511,3.0582522006542465,0.4805824886742387,0.2933753943217665,0.69520817,,,,3.669902640785096,,3.132832770707619,,3.4815335273742676,Dwight Gooden,1004852,114947,2.07142857,0.16801854,0.0811124,0.08690614,0.2493670886075949,1.2961164088487045,105.1649631810419,89.69905292864698,,0.5370698700774765,,21,3,0,,,863,197,93,84,11,70,7,3,3,1,145,-0.6457621455192566,-15.362606048583984,14.716841697692873,-5.428500175476074,-0.6618645191192627,0.996569037437439,0.883552610874176,0.874232292175293,1.033742904663086,28,-0.715752124786377,0.0677667657592104,0,0,1992,2.29,,,,,,,,,,
Steve Avery,ATL,11,11,0,35,35,233.2,4.968616154329435,2.734664705096046,0.5392296601597837,0.2675496688741722,0.71802543,,,,3.196861556661575,,3.369623498901819,,3.4685447216033936,Steve Avery,1706,110397,1.81690141,0.13312693,0.07327141,0.05985552,0.2405345211581291,1.2282453370306183,88.7485166155081,94.440953718182,,-0.172761942240244,,23,2,2,,,969,216,95,83,14,71,3,0,7,3,129,0.2596421241760254,-17.410316467285156,17.669958114624023,6.454799652099609,0.7126132249832153,1.063787817955017,0.9531151056289672,0.8557714223861694,1.6594667434692385,33,1.032421588897705,-0.7883483632095684,0,0,1992,2.31,,,,,,,,,,
Randy Johnson,SEA,12,14,0,31,31,210.1,10.312203101983728,6.1616483264965005,0.5562599183642675,0.2786561264822134,0.71188717,,,,3.765451755081195,,3.605822215344848,,3.441375732421875,Randy Johnson,60,116615,1.67361111,0.26138829,0.15618221,0.10520607,0.2026315789473684,1.4167987664320658,94.99570544902136,91.39365233289534,,0.1596295397363474,,19,6,2,,,922,154,104,88,13,144,1,18,13,1,241,0.450389951467514,-18.10376739501953,18.55415725708008,2.523900270462036,0.1009198501706123,1.142301321029663,0.9699226021766664,0.870322585105896,1.4239840507507324,25,0.8596867918968201,-0.4654038271694962,0,0,1992,2.37,,,,,,,,,,
Kevin Gross,LAD,8,13,0,34,30,204.2,6.947883316202705,3.385993768022837,0.4837133954318338,0.2817133443163097,0.72992701,,,,3.166124042826549,,3.1106798243377973,,3.368193194270134,Kevin Gross,1005088,115189,2.05194805,0.18457944,0.08995327,0.09462617,0.2345360824742268,1.2654724183519694,93.7167355410008,89.95638671603047,,0.0554442184887515,,21,4,3,,,856,182,82,72,11,77,10,3,4,2,158,-0.3350760582834482,-15.482186198234558,15.147110432386398,2.1251998841762543,0.235645551700145,1.074252132056416,1.0017589074042108,0.9814823339967168,1.722773265838623,30,0.0439303368330001,-0.3558459926502429,0,1,1992,4.02,,,,,,,,,,
Ken Hill,MON,16,9,0,33,33,218.0,6.192660117006906,3.096330058503453,0.5366972101405986,0.2608695652173913,0.76580227,,,,2.6834860507029927,,3.2557952646394064,,3.1998322010040283,Ken Hill,1005827,115941,2.0,0.16519824,0.08259912,0.08259912,0.2253012048192771,1.2018347782635626,77.64825563340315,94.42688987615212,,-0.5723092139364137,,24,3,3,,,908,187,76,65,13,75,4,3,11,4,150,2.3282840251922607,-14.775761604309082,17.104045867919922,20.43400001525879,2.275343656539917,1.0349513292312622,0.9329020977020264,0.8726363778114319,1.2321733236312866,30,0.978585422039032,1.2710701505777555,0,0,1992,4.05,,,,,,,,,,
Mike Morgan,CHC,16,8,0,34,34,240.0,4.612499706745166,2.962499811649334,0.524999966621401,0.253012048192771,0.77241899,,,,2.5499998378753763,,3.541651518609792,,3.1720917224884033,Mike Morgan,67,119374,1.55696203,0.12732919,0.08178054,0.04554865,0.2296380090497737,1.1749999252955166,70.89003461738233,98.1886458260632,,-0.9916516807344156,,27,6,1,,,966,203,80,68,14,79,10,3,11,0,123,1.8222819566726685,-15.147100448608398,16.96938133239746,23.913999557495117,2.8125529289245605,0.9933182001113892,0.8832494020462036,0.8685117959976196,1.2260714769363403,28,2.1421468257904053,-0.3076068400453333,0,0,1992,5.44,,,,,,,,,,
Tim Belcher,CIN,15,14,0,35,34,227.2,5.890190994708506,3.1625186548770503,0.6720352141613731,0.2628571428571428,0.69177556,,,,3.9136168354103495,,3.5388088010439525,,3.1220033168792725,Tim Belcher,1000789,110809,1.8625,0.15700738,0.08429926,0.07270811,0.2321016166281755,1.2342607528061822,109.84680443306787,96.39252505424176,,0.3748080343663971,,21,2,1,,,949,201,104,99,17,80,2,3,3,1,149,-0.4705940783023834,-16.93996524810791,16.46937197446823,-0.4718002080917358,0.0089103728532791,1.040262332291608,0.9384230158086552,0.9091714143753052,1.1843937635421753,32,1.1295213997364044,-1.581901596244823,0,1,1992,2.26,,,,,,,,,,
Bill Wegman,MIL,13,14,0,35,35,261.2,4.3681530360579,1.891719818765232,0.963057362280482,0.2593023255813954,0.76504714,,,,3.198726239003029,,3.9374584057467583,,3.077010154724121,Bill Wegman,1013727,124033,2.30909091,0.11770158,0.05097312,0.06672845,0.2472906403940886,1.1694267970548708,81.73049030760656,101.04526483418223,,-0.7387321667437292,,21,7,0,,,1079,251,104,93,28,55,3,9,1,2,127,1.0777320861816406,-17.809627532958984,18.887359619140625,14.20139980316162,1.593669056892395,0.9966328740119934,0.925133228302002,0.8667714595794678,1.4696500301361084,28,1.8085737228393557,-0.7272005168330369,0,0,1992,4.82,,,,,,,,,,
Danny Darwin,BOS,9,9,3,51,15,161.1,6.917355753539931,2.9566117333678736,0.6136363974914455,0.298989898989899,0.69940476,,,,3.9607440201720574,,3.2110042074991796,,3.068452954292298,Danny Darwin,1002996,113060,2.33962264,0.18023256,0.07703488,0.10319768,0.2523809523809524,1.3140496592746105,95.47004772940406,80.96751216634627,,0.7497398126728778,,9,2,0,,,688,159,76,71,11,53,9,5,5,0,124,0.7499319016933441,-12.56047773361206,13.310409545898438,2.7841005325317383,0.3001370429992676,1.1043123008480975,1.0850270973599476,1.3702215412083794,1.3689499838011605,28,0.5482999756932259,0.1307940642060002,10,11,1992,2.63,,,,,,,,,,
Erik Hanson,SEA,8,17,0,31,30,186.2,5.400000294276662,2.748214435480087,0.6750000367845828,0.3150242326332795,0.64325178,,,,4.821428834175591,,3.586889705852589,,3.060796782374382,Erik Hanson,1005333,115446,1.96491228,0.13844252,0.07045735,0.06798517,0.2805369127516778,1.4250000776563414,121.63614439003392,90.91472674946831,,1.2345391283230018,,15,6,1,,,809,209,110,100,14,57,1,7,6,0,112,-2.3089197874069214,-14.20884207636118,11.899922281503676,-21.078500390052795,-2.224017657339573,0.8950280893763765,0.8135233092672971,0.8724709941494849,1.0945520305633545,25,-0.772057481110096,-1.807660200170381,1,0,1992,0.63,,,,,,,,,,
Julio Valera,CAL,8,11,0,30,28,188.0,5.409574468085107,3.0638297872340425,0.7180851063829787,0.2892976588628762,0.73819742,,,,3.734042553191489,,3.671616105830416,,3.059490617364645,Julio Valera,1013331,123620,1.765625,0.14267677,0.08080808,0.06186869,0.2589531680440771,1.3404255319148937,93.4704355970872,91.13524451191246,,0.0624264473610733,,14,4,2,,,792,188,82,78,15,64,5,2,5,0,113,0.2637079805135727,-13.707921613007784,13.971629649400713,4.947399258613586,0.6198576241731644,1.014348376306092,0.9209964672724406,0.8701133529345194,1.335561495560866,26,0.098860178142786,0.1611175441797029,1,0,1992,3.14,,,,,,,,,,
Dennis Eckersley,OAK,7,1,51,69,0,80.0,10.462499002218342,1.237499881982815,0.5624999463558248,0.2864321608040201,0.85074627,,,,1.9124998176098045,,1.720818334817877,,3.059014081954956,Dennis Eckersley,1003660,113726,8.45454545,0.30097087,0.03559871,0.26537217,0.2087542087542087,0.9124999129772268,51.69354536787672,44.6353432362589,,0.1916814827919275,,0,0,0,,,309,62,17,17,5,11,6,1,0,0,93,4.755646228790283,-5.574411869049072,10.330058097839355,27.732999801635746,2.9157516956329346,1.6597362756729126,1.633472561836243,1.6680550575256348,1.7202000617980957,4,2.2752373218536377,0.5900650147252176,42,5,1992,2.86,,,,,,,,,,
Rheal Cormier,STL,10,10,0,31,30,186.0,5.661289858148238,1.5967740625546312,0.7258063920702869,0.2973421926910299,0.70616114,,,,3.67741905315612,,3.1865440068623725,,3.01672656647861,Rheal Cormier,952,112690,3.54545455,0.1515544,0.04274611,0.10880829,0.2643051771117166,1.220430007407075,106.11691603569209,91.02028318182444,,0.4908750462937479,,17,3,0,,,772,194,83,76,15,33,2,5,4,2,117,-0.7143719084560871,-13.932703816331925,13.218332384712994,-5.26299974322319,-0.6078896522521973,1.0165609246687566,0.9197860390256724,0.8492258109392659,1.1686444282531738,27,0.293445885181427,-0.9961798690681902,0,0,1992,0.96,,,,,,,,,,
Rick Sutcliffe,BAL,16,15,0,36,36,237.1,4.133426789126159,2.8061796550030804,0.7584269337846163,0.2858910891089108,0.6875,,,,4.474718909329236,,3.984160878648966,,2.959123134613037,Rick Sutcliffe,1012734,122996,1.47297297,0.10707269,0.07269155,0.03438114,0.2678762006403415,1.369381963777779,112.72265184649012,99.74343807313528,,0.4905580306802699,,18,5,2,,,1018,251,123,118,20,74,4,7,7,2,109,1.647732138633728,-16.763151168823242,18.410888671875,-1.440000057220459,-0.1695567071437835,1.0325732231140137,0.9414160251617432,0.8704388737678528,1.5527935028076172,31,-0.0720964223146438,1.6678497323458013,0,0,1992,1.61,,,,,,,,,,
Randy Tomlin,PIT,14,9,0,35,33,208.2,3.881789326617906,1.8115016857550228,0.474440917697744,0.2994428969359331,0.72981366,,,,3.4073484089201616,,3.2817208136977216,,2.950574541464448,Randy Tomlin,1013111,123389,2.14285714,0.1039261,0.04849885,0.05542725,0.2759462759462759,1.2843451105353072,98.37302664180808,95.22341092864929,,0.1256275952224399,,20,1,1,,,866,226,85,79,11,42,4,5,7,2,90,1.4361061044037342,-14.604491658508778,16.04059597104788,5.170400023460388,0.5239999741315842,1.043469683936532,0.9389306248054592,0.8470799769674029,1.104594128973344,34,0.44970035366714,0.9265793088008344,1,0,1992,1.99,,,,,,,,,,
Danny Jackson,- - -,8,13,0,34,34,201.1,4.336093153400866,3.4420533279573884,0.2682119476330433,0.2932761087267525,0.68053597,,,,3.8443712494069535,,3.4141129992195554,,2.829506039619446,Danny Jackson,1006295,116424,1.25974026,0.10985277,0.08720272,0.02265006,0.2630922693266833,1.430463720709564,108.45323042032436,96.29927805216144,,0.4302582501873981,,19,0,0,,,883,211,99,86,6,77,6,4,2,2,97,-2.0669801235198975,-17.453330516815186,15.386350154876707,-13.77900004386902,-1.5439881682395935,1.1102690595976064,0.9113845374662553,0.8756529688835144,1.332641145762275,34,-1.282184898853302,-0.5795080895733329,0,0,1992,0.38,,,,,,,,,,
John Burkett,SFG,13,9,0,32,32,189.2,5.077328919064644,2.1353252463355976,0.6168717378302837,0.2873015873015873,0.65391459,,,,3.843585443404076,,3.3211038510856223,,2.7654786109924316,John Burkett,179,111734,2.37777778,0.1339174,0.0563204,0.077597,0.2586666666666666,1.2601055157387848,113.43966217417214,94.8140481957218,,0.5224815923184534,,15,3,1,,,799,194,96,81,13,45,6,4,0,0,107,-2.0329320430755615,-14.98720645904541,12.95427417755127,-14.668498992919922,-1.6709644794464111,0.9917041063308716,0.8873222470283508,0.8745124936103821,1.4908413887023926,29,-0.6665218472480774,-1.3834162644302617,0,0,1992,-0.38,,,,,,,,,,
Jimmy Key,TOR,13,13,0,33,33,216.2,4.85999988591121,2.450769173237277,0.9969230535202483,0.2600574712643678,0.76791809,,,,3.5307691478842127,,4.015625896869187,,2.749819040298462,Jimmy Key,1006885,117032,1.98305085,0.13,0.06555556,0.06444445,0.2449223416965352,1.218461509858081,87.90165582992098,99.36983617330682,,-0.4848567489849742,,21,4,2,,,900,205,88,85,24,59,0,4,5,0,117,-0.2120078206062317,-14.421675682067873,14.209668159484863,14.358301162719728,1.5692259073257446,0.8845319151878357,0.8585183620452881,0.865745484828949,1.2931654453277588,29,1.0180325508117676,-1.2577161811771125,0,0,1992,3.89,,,,,,,,,,
Bill Swift,SFG,10,4,1,30,22,164.2,4.20850126058154,2.350202002662418,0.3279351631621979,0.2623574144486692,0.82048458,,,,2.0769227000272537,,3.159836383787329,,2.704185485839844,Bill Swift,1012788,123053,1.79069767,0.11755725,0.06564885,0.0519084,0.2364532019704433,1.135627324283908,61.29834055264215,90.19860115041332,,-1.0829136837600752,,17,3,2,,,655,144,41,38,6,43,3,3,0,1,77,3.0814979672431946,-8.94949209690094,12.03098976612091,27.327799320220947,3.170298933982849,0.9879660956528156,0.9217780338236566,1.07198668718338,1.0687279939651488,25,2.269131541252136,0.849900559952756,6,0,1992,4.44,,,,,,,,,,
Bruce Hurst,SDP,14,9,0,32,32,217.1,5.424847133598761,2.111963387889594,0.911043030070021,0.2879656160458452,0.73190789,,,,3.851227354386907,,3.597735487643494,,2.6976122856140137,Bruce Hurst,1006222,116350,2.56862745,0.14523282,0.05654102,0.0886918,0.2620446533490012,1.260736314339322,108.28902636585356,99.97926723554328,,0.2534918667434129,,22,6,4,,,902,223,96,93,22,51,3,0,4,3,131,0.9438779950141908,-14.6561918258667,15.600071907043455,2.93850040435791,0.4394665360450744,0.9618381261825562,0.9195959568023682,0.8756437301635742,1.1889692544937134,26,0.564452588558197,0.4168746944019331,0,0,1992,1.02,,,,,,,,,,
Rod Beck,SFG,3,3,17,65,0,92.0,8.510871682591235,1.467391669412282,0.3913044451766085,0.2377049180327868,0.80381471,,,,1.7608700032947382,,2.0115789110583457,,2.672430992126465,Rod Beck,1730,110763,5.8,0.24715909,0.04261364,0.20454545,0.1850746268656716,0.8369567299610793,51.970354568071606,57.335670712263806,,-0.2507089077636075,,0,0,0,,,352,62,20,18,4,15,2,2,5,2,87,2.6511499881744385,-7.230884075164795,9.882034301757812,23.13599967956543,2.6360013484954834,1.5079327821731567,1.5375123023986816,1.674636960029602,1.5817304849624634,23,2.02219820022583,-0.2640628114893808,29,9,1992,2.85,,,,,,,,,,
Kirk McCaskill,CHW,12,13,0,34,34,209.0,4.69377990430622,4.090909090909091,0.4736842105263157,0.263768115942029,0.63890883,,,,4.177033492822966,,3.8742273243990817,,2.662442922592163,Kirk McCaskill,1008382,118564,1.14736842,0.11964874,0.10428101,0.01536773,0.2382716049382716,1.3779904306220097,108.54459935727073,98.9703333752684,,0.3028061684238849,,15,0,0,,,911,193,116,97,11,95,5,6,6,2,109,-1.2121119499206543,-16.725515365600586,15.51340389251709,-16.35460090637207,-1.7730146646499634,1.0367473363876345,0.9586586356163024,0.8705000281333923,1.473888278007507,34,-0.3787978887557983,-0.7903509553049421,0,0,1992,0.14,,,,,,,,,,
Doug Jones,HOU,11,8,36,80,0,111.2,7.495523070881227,1.3701493785481813,0.4029851113377004,0.284375,0.8018018,,,,1.8537315121534217,,2.290780875188357,,2.6300859451293945,Doug Jones,1006552,116682,5.47058824,0.21136364,0.03863636,0.17272727,0.2296650717703349,1.0119403906924476,55.0414832300914,68.27714173126424,,-0.4370493630349354,,0,0,0,,,440,96,29,23,5,17,5,5,2,1,93,4.07719612121582,-11.438555717468262,15.515751838684082,17.023000717163086,1.9990558624267576,1.9510806798934937,1.8563686609268188,1.8474700450897217,1.8197001218795776,10,1.409095048904419,0.6806166494546608,45,13,1992,2.81,,,,,,,,,,
Cal Eldred,MIL,11,2,0,14,14,100.1,5.561462075950753,2.0631230281752795,0.3588040049000486,0.2376237623762376,0.83857442,,,,1.794020024500243,,2.813218567231661,,2.611504077911377,Cal Eldred,1653,113793,2.69565217,0.15736041,0.05837563,0.09898477,0.2059620596205962,0.9867110134751336,45.83891376392662,72.24617424082518,,-1.0191985427314183,,12,2,1,,,394,76,21,20,4,23,0,2,3,0,62,3.25858211517334,-4.445558071136475,7.7041401863098145,25.69379997253418,2.923262357711792,0.974227011203766,0.9559885263442992,0.8728571534156799,1.3875333070755005,12,2.2707884311676025,1.0739988491060155,0,0,1992,4.24,,,,,,,,,,
Craig Lefferts,- - -,14,12,0,32,32,196.1,4.767402500415601,1.879456754971535,0.870967764499004,0.2972560975609756,0.70052539,,,,3.75891350994307,,3.608445589331152,,2.568160831928253,Craig Lefferts,1007476,117628,2.53658537,0.12682927,0.05,0.07682927,0.2747111681643132,1.2988115786388656,103.68068007980766,98.84624877881632,,0.1504679206119181,,19,1,0,,,820,214,95,82,19,41,2,0,5,1,104,-0.4152839928865433,-14.292134523391724,13.87684965133667,-3.0861997604370117,-0.3148649334907532,0.9692273748504532,0.900659832401552,0.8687875289469957,1.3228580913236063,31,-0.4880931302905082,0.0596240180240295,0,0,1992,0.22999999999999998,,,,,,,,,,
Pete Harnisch,HOU,9,10,0,34,34,206.2,7.1419353081011545,2.7870967056004505,0.7838709484501267,0.2697368421052631,0.70416298,,,,3.7016128121255982,,3.330092413581746,,2.548281669616699,Pete Harnisch,1005374,115487,2.5625,0.19091967,0.07450524,0.11641444,0.230379746835443,1.1903225513501925,109.9092604226281,99.36562091756755,,0.3715203985438524,,15,0,0,,,859,182,92,85,18,64,3,5,4,1,164,-0.7561500668525696,-15.794378280639648,15.038228034973145,-6.490200519561768,-0.6503639817237854,1.0353102684020996,0.9570895433425904,0.8720764517784119,1.2317293882369995,34,-0.1140001341700553,-0.6163606957477368,0,0,1992,0.96,,,,,,,,,,
Donovan Osborne,STL,11,9,0,34,29,179.0,5.229050725078112,1.91061468800931,0.7039106745297459,0.3003355704697986,0.66541706,,,,3.7709500421236384,,3.3084579430598007,,2.5179017782211304,Donovan Osborne,299,120085,2.73684211,0.13793103,0.05039788,0.08753316,0.2703081232492997,1.290502903304534,108.81587961844804,94.51163743523752,,0.4624920990638377,,16,0,0,,,754,193,91,75,14,38,2,2,6,0,104,-0.1322780027985572,-14.014833569526672,13.882555603981018,-12.252400875091553,-1.4344160854816437,1.0460477799597998,0.942425843899843,0.8717176773968864,1.225137524306774,32,-0.6203096807003021,0.4938546512716839,1,1,1992,-0.12,,,,,,,,,,
Chris Nabholz,MON,11,12,0,32,32,195.0,6.0,3.4153846153846152,0.5076923076923077,0.2787162162162162,0.73038397,,,,3.3230769230769233,,3.398702848874606,,2.4999196529388428,Chris Nabholz,1009431,119632,1.75675676,0.16009852,0.091133,0.06896552,0.2401091405184174,1.2820512820512822,96.15519571824991,98.58209316884135,,-0.0756259257976825,,17,1,1,,,812,176,80,72,11,74,2,5,5,1,130,-0.1946339905261993,-14.573424339294434,14.378789901733398,8.123000144958496,0.8403923511505127,1.0312139987945557,0.9142886996269226,0.874287486076355,1.562090277671814,31,0.6759828329086304,-0.8647254127744177,0,0,1992,2.23,,,,,,,,,,
Ron Darling,OAK,15,10,0,33,33,206.1,4.318255037507778,3.140549118187475,0.6542810662890572,0.2707100591715976,0.69565217,,,,3.663973971218721,,3.873786677305086,,2.4941811561584473,Ron Darling,1002989,113054,1.375,0.11431871,0.08314088,0.03117783,0.250632911392405,1.3085621325781145,99.03467857300328,100.2511696423065,,-0.2098127060863657,,19,4,3,,,866,198,98,84,15,72,5,4,13,0,99,0.651118278503418,-14.33469581604004,14.985814094543455,2.1407995223999023,0.3029398918151855,0.9612575173377992,0.8919644951820374,0.8706181645393372,1.1263034343719482,29,0.5123770833015442,0.1649838389897985,0,0,1992,1.68,,,,,,,,,,
Rob Dibble,CIN,3,5,25,63,0,70.1,14.075831928674766,3.9668253617174343,0.3838863253274936,0.3214285714285714,0.71614583,,,,3.071090602619949,,1.6174412454583431,,2.4632530212402344,Rob Dibble,1003269,113333,3.5483871,0.38461538,0.10839161,0.27622378,0.1897233201581027,1.123222951884148,86.1989057717385,43.935076259959466,,1.4536493571616058,,0,0,0,,,286,48,26,24,3,31,2,2,6,0,110,0.375868022441864,-7.49452018737793,7.870391845703125,4.697000026702881,0.4744388461112976,1.6408244371414185,1.531451940536499,1.5061397552490234,1.533657193183899,14,0.6995440721511841,-0.4704714096933486,26,8,1992,0.91,,,,,,,,,,
Duane Ward,TOR,7,4,12,79,0,101.1,9.148026086204275,3.4638157025433665,0.4440789362235085,0.2669172932330827,0.81651376,,,,1.9539473193834376,,2.5760813965856864,,2.3767311573028564,Duane Ward,1013609,123929,2.64102564,0.24879227,0.0942029,0.15458937,0.2032085561497326,1.1348683925711884,48.64526611182231,63.80986408780824,,-0.6221340772022488,,0,0,0,,,414,76,27,22,5,39,3,1,7,0,103,3.6653101444244385,-8.030781745910645,11.696091651916504,24.996000289916992,2.554492950439453,1.457781434059143,1.4042476415634155,1.3940075635910034,1.4496136903762815,44,1.8570456504821775,0.6572614046011802,35,6,1992,3.05,,,,,,,,,,
Frank Castillo,CHC,10,11,0,33,33,205.1,5.917207938781538,2.761363704764718,0.8327922284211055,0.2527646129541864,0.70912376,,,,3.4626624234351224,,3.679422151791063,,2.3670573234558105,Frank Castillo,180,112113,2.14285714,0.15771028,0.07359813,0.08411215,0.2274459974587039,1.178571457765541,96.26206849885352,102.01708490430512,,-0.2167597283559406,,21,0,0,,,856,179,91,79,19,63,6,6,11,0,135,0.1510361582040786,-14.785353660583496,14.936389923095703,-1.5800000429153442,-0.2433975040912628,1.0377163887023926,0.960014581680298,0.8750242590904236,1.6714060306549072,33,0.6438953876495361,-0.4983487239865086,0,0,1992,1.92,,,,,,,,,,
Orel Hershiser,LAD,10,15,0,33,33,210.2,5.553797736532368,2.94778495246718,0.6408228157537347,0.2819767441860465,0.69811321,,,,3.674050810321413,,3.5712929550834716,,2.26662540435791,Orel Hershiser,1005741,115861,1.88405797,0.14285714,0.07582418,0.06703297,0.2509003601440576,1.3196203168854683,108.75128185050536,103.31196550938664,,0.1027578552379409,,19,1,0,,,910,209,101,86,15,69,13,8,10,0,130,-1.7953059673309326,-16.59197425842285,14.79666805267334,-15.443099975585938,-1.700481414794922,1.01677405834198,0.8968037962913513,0.8752484917640686,1.3059812784194946,32,-1.731513500213623,-0.0341747100643605,0,0,1992,2.08,,,,,,,,,,
Scott Kamieniecki,NYY,6,14,0,28,28,188.0,4.21276629937081,3.5425534790163633,0.6223404760434151,0.2884615384615384,0.67769898,,,,4.356383332303906,,4.006722588105251,,2.2414369583129883,Scott Kamieniecki,1006681,116824,1.18918919,0.10945274,0.0920398,0.01741294,0.2662068965517241,1.4202128812272807,112.69172964496396,100.87144806728328,,0.3496607441986556,,12,4,0,,,804,193,100,91,13,74,9,5,9,1,88,-1.7978800535202026,-15.929132461547852,14.131254196166992,-3.241000175476074,-0.3650659620761871,1.0515611171722412,0.8935277462005615,0.8733571767807007,1.0734916925430298,24,0.1902908831834793,-1.900015619254828,0,0,1992,1.17,,,,,,,,,,
Zane Smith,PIT,8,8,0,23,22,141.0,3.574468085106383,1.2127659574468086,0.5106382978723404,0.2702702702702703,0.69688769,,,,3.0638297872340425,,3.173389155475806,,2.1964331306517124,Zane Smith,1012218,122473,2.94736842,0.09893993,0.0335689,0.06537103,0.2532110091743119,1.1134751773049645,88.4553538747325,92.07212938933802,,-0.1095593682417632,,14,4,3,,,566,138,56,48,8,19,3,2,0,0,56,1.2961160391569138,-10.054194197058678,11.35030797123909,7.337000727653503,0.8307175934314728,1.13182376009667,1.0730165062279535,0.9111043214797974,1.207557904092889,19,1.505409635603428,-0.3602525141040422,1,0,1992,1.89,,,,,,,,,,
Mark Gubicza,KCR,7,6,0,18,18,111.1,6.547903144623488,2.9101791753882167,0.6467064834196037,0.2965116279069767,0.73637703,,,,3.718562279662722,,3.2593660615627544,,2.1417248249053955,Mark Gubicza,1005115,115217,2.25,0.17234043,0.07659574,0.09574468,0.2540415704387991,1.3113770358230854,91.91269891646344,85.17846636240888,,0.4591962180999669,,8,2,1,,,470,110,47,46,8,36,3,1,5,1,81,0.7984460592269897,-7.993442058563232,8.791892051696777,5.0370001792907715,0.5174336433410645,1.0677475929260254,0.9876967072486876,0.8752777576446533,0.7973250150680542,16,0.52826988697052,0.2195155114858237,0,0,1992,2.61,,,,,,,,,,
Arthur Rhodes,BAL,7,5,0,15,15,94.1,7.346290742893117,3.6254421848043954,0.5724382397059572,0.2977941176470588,0.73979592,,,,3.6254421848043954,,3.217947267340809,,2.0499329566955566,Arthur Rhodes,1097,121125,2.02631579,0.19543147,0.0964467,0.09898477,0.2450704225352112,1.3250885178378635,91.32852039828892,80.59531180041562,,0.4074949174635862,,10,2,1,,,394,87,39,38,6,38,2,1,2,1,77,0.537942111492157,-6.95700216293335,7.494944095611572,7.519999980926514,0.722958505153656,1.0444719791412354,0.915540874004364,0.8700000047683716,1.4072307348251345,13,0.4095092117786407,0.1055281680986566,0,0,1992,1.74,,,,,,,,,,
Bret Saberhagen,NYM,3,5,0,17,15,97.2,7.464163579577437,2.4880545265258123,0.552901005894625,0.2795698924731182,0.71294559,,,,3.501706370665958,,2.875468401139095,,2.000541239976883,Bret Saberhagen,1011355,121604,3.0,0.20403023,0.06801008,0.13602015,0.2295081967213114,1.1365187343389511,100.34512018093343,82.31081905127166,,0.626237969526863,,7,1,1,,,397,84,39,38,6,27,1,4,1,2,81,0.5287699699401855,-7.074399709701538,7.603169828653336,-0.6156994104385376,0.0057826936244964,1.1037967015003811,1.0523872435092927,0.8894941175685209,1.3515750616788864,16,0.2394619882106781,0.2395845329661229,0,2,1992,1.51,,,,,,,,,,
Ben McDonald,BAL,13,13,0,35,35,227.0,6.26431718061674,2.933920704845815,1.2687224669603523,0.2642335766423357,0.72850318,,,,4.242290748898679,,4.320763167410695,,1.9616507291793823,Ben McDonald,1008454,118648,2.13513514,0.16492693,0.07724426,0.08768267,0.2434285714285714,1.26431718061674,106.8675536518504,108.15532613381843,,-0.0784724185120167,,19,4,2,,,958,213,113,107,32,74,5,9,3,2,158,-0.9726317524909972,-15.991950035095217,15.019317626953123,-6.61959981918335,-0.7487182021141052,0.9085726737976074,0.8695887327194214,0.8675714135169983,1.2006322145462036,31,-0.6207616329193115,-0.4497435457425547,0,0,1992,2.24,,,,,,,,,,
Mike Bielecki,ATL,2,4,0,19,14,80.2,6.917355344640892,3.0123966823436144,0.2231404949884158,0.3073770491803279,0.76320939,,,,2.5661156923667825,,2.6097645151656668,,1.951553165912628,Mike Bielecki,1000951,110979,2.2962963,0.18452381,0.08035714,0.10416667,0.25,1.2892561932664028,71.23829328385219,73.09216503157036,,-0.0436488227988842,,7,1,1,,,336,77,27,23,2,27,1,1,4,0,62,0.8703560084104538,-5.849210113286972,6.719566076993942,7.669100046157837,0.910815417766571,1.1124305311929097,0.99131841229838,1.0178315827721045,1.3377000424597,18,0.4444990009069443,0.3378923341071456,1,2,1992,1.4,,,,,,,,,,
Bill Krueger,- - -,10,8,0,36,29,178.2,4.986940742156465,2.6697763569120467,0.9067164985739028,0.2893401015228426,0.68387681,,,,4.533582492869513,,3.9419004261121993,,1.9475678130984304,Bill Krueger,1007175,117332,1.86792453,0.12941176,0.06928105,0.06013072,0.2669491525423729,1.3544777324375583,114.49403867838154,101.4151746263974,,0.5916820667573139,,13,2,2,,,765,189,95,90,18,53,2,4,12,0,99,-0.6915859244763851,-13.781450390815737,13.089863896369934,-4.672000050544739,-0.4235296845436096,0.98871448928525,0.9204934545212392,0.8419777866866853,1.3597548046419698,31,0.1529574617743492,-0.8524373742982756,1,2,1992,0.5700000000000001,,,,,,,,,,
John Doherty,DET,7,4,3,47,11,116.0,2.8706897495759685,1.9396552361999784,0.3103448377919965,0.3016627078384798,0.64119171,,,,3.879310472399957,,3.343663079503317,,1.931738197803497,John Doherty,1003358,113421,1.48,0.07535642,0.0509165,0.02443992,0.2835497835497835,1.3448276304319853,96.89863823581804,82.86469832015729,,0.5356473928966401,,7,0,0,,,491,131,61,50,4,25,5,4,5,0,37,0.4117440246045589,-8.158339738845825,8.57008409500122,0.1449995040893554,-0.0040286779403686,0.989227029946771,0.9704275692466402,1.230719156721805,1.2640052375040556,38,0.5819150507450104,-0.1656870139649051,10,11,1992,0.17,,,,,,,,,,
Mark Gardner,MON,12,10,0,33,30,179.2,6.612244429986814,3.005565649994006,0.7513914124985015,0.2918149466192171,0.69162996,,,,4.358070192491309,,3.551407232932903,,1.915711022913456,Mark Gardner,1004529,114610,2.2,0.16966581,0.07712082,0.09254499,0.2524682651622003,1.330241093238088,126.10333796452193,103.02214974696408,,0.8066629595584058,,17,0,0,,,778,179,91,87,15,60,2,9,2,0,132,-0.076255977153778,-13.900233954191208,13.823978245258331,-8.354399919509888,-0.950798898935318,1.0508449265640345,0.9734914563596248,0.9120666763999246,1.4803187996149063,32,-0.1042814254760742,0.0317150788857037,0,1,1992,-0.17,,,,,,,,,,
Joe Hesketh,BOS,8,9,1,30,25,148.2,6.2959642332609755,3.511210822395544,0.9080717644126408,0.30625,0.68656716,,,,4.358744469180675,,3.906636638355998,,1.8837249875068665,Joe Hesketh,1005747,115866,1.79310345,0.15781487,0.08801214,0.06980273,0.2704507512520868,1.479820653116896,105.06347807220274,98.46973638869665,,0.4521078308246773,,11,1,0,,,659,162,84,72,15,58,9,2,6,0,104,-1.6678438931703568,-11.772262439131737,10.104417592287064,-11.672399818897247,-1.218961451202631,0.96858674248867,0.8925595794930871,0.8713466922442118,1.4330285361834936,28,-1.1149680316448212,-0.6069674646897947,1,0,1992,1.11,,,,,,,,,,
Scott Erickson,MIN,13,12,0,32,32,212.0,4.287735540445037,3.523584652048892,0.7641508883961452,0.2640117994100295,0.76864536,,,,3.396226170649534,,4.221997375223474,,1.8639674186706543,Scott Erickson,137,113884,1.21686747,0.11373874,0.09346847,0.02027027,0.247176913425345,1.3207546219192634,83.6598922459151,107.64806913608828,,-0.8257712045739396,,18,5,3,,,888,197,86,80,18,83,3,8,6,1,101,1.198598027229309,-15.88581371307373,17.084407806396484,13.867600440979004,1.4791604280471802,1.061773657798767,0.9699659943580629,0.8745562434196472,1.3803999423980713,27,0.59627366065979,0.5325903099478455,0,0,1992,3.72,,,,,,,,,,
Pedro Astacio,LAD,5,5,0,11,11,82.0,4.719512195121951,2.1951219512195124,0.1097560975609756,0.2872727272727273,0.78528827,,,,1.975609756097561,,2.6979523798314538,,1.8413515090942385,Pedro Astacio,862,110359,2.15,0.12609971,0.05865103,0.06744868,0.2507836990595611,1.2195121951219512,58.47771424619423,77.98926390222482,,-0.7223426237338928,,10,4,4,,,341,80,23,18,1,20,4,2,1,0,43,0.5715060234069824,-5.434994220733643,6.006500244140625,10.484200477600098,1.2495911121368408,1.0153710842132568,0.8475241661071777,0.8736363649368286,0.6291428804397583,7,0.48701873421669,0.0758356077008801,0,0,1992,3.08,,,,,,,,,,
Rusty Meacham,KCR,10,4,2,64,0,101.2,5.665574762538806,1.8590167189580455,0.4426230283233442,0.2585669781931464,0.68932039,,,,2.744262775604734,,2.8128264353782133,,1.7815272808074951,Rusty Meacham,1008702,118887,3.04761905,0.15533981,0.05097087,0.10436893,0.2256410256410256,1.0721313352721005,67.83067736186847,73.5341402321243,,-0.0685636597734791,,0,0,0,,,412,88,39,31,5,21,5,1,4,0,64,1.1481280326843262,-7.523017883300781,8.671146392822266,6.992000102996826,0.7664024233818054,1.2228363752365112,1.215902328491211,1.3759281635284424,1.287586331367493,44,0.8756071925163269,0.0632984991484835,23,12,1992,1.95,,,,,,,,,,
Alex Fernandez,CHW,8,11,0,29,29,187.2,4.555950513386458,2.3978686912560305,1.0071048503275328,0.2825396825396825,0.68980668,,,,4.268206270435734,,4.152767686051767,,1.780977725982666,Alex Fernandez,1003993,114073,1.9,0.1181592,0.06218905,0.05597015,0.2667560321715818,1.3268206758283367,110.91381967481698,106.07289748413156,,0.1154385843839671,,14,4,2,,,804,199,100,89,21,50,3,8,3,0,95,-1.4173660278320312,-15.23153018951416,13.814162254333496,-12.494600296020508,-1.3802144527435305,1.0120562314987185,0.9120342135429382,0.8758276104927063,1.2307440042495728,25,-0.5173808336257935,-0.883100665048548,0,0,1992,0.39,,,,,,,,,,
Roberto Hernandez,CHW,7,3,12,43,0,71.0,8.619720162344954,2.5352118124543983,0.5070423624908796,0.2265193370165746,0.85173502,,,,1.6478876780953589,,2.6143041126596973,,1.7113770246505735,Roberto Hernandez,605,115832,3.4,0.24548736,0.07220217,0.1732852,0.1778656126482213,0.9154931544974216,42.82209087190213,66.84326449904606,,-0.9664164345643383,,0,0,0,,,277,45,15,13,4,20,1,4,2,0,68,1.7261399030685425,-5.879042148590088,7.605181694030762,15.57800006866455,1.7013458013534546,1.4900184869766235,1.4927499294281006,1.6550604104995728,1.686900019645691,16,1.57749605178833,-0.419027268913676,17,7,1992,2.65,,,,,,,,,,
Gregg Olson,BAL,1,5,36,59,0,61.1,8.510870271008555,3.521739422486299,0.4402174278107874,0.270440251572327,0.85106383,,,,2.054347996450341,,2.701796487599104,,1.6251438856124878,Gregg Olson,1009791,120002,2.41666667,0.23770492,0.09836066,0.13934426,0.209090909090909,1.1413044424724117,51.75108396029262,67.69640193977887,,-0.6474484911487632,,0,0,0,,,244,46,14,14,3,24,0,0,4,0,58,0.3543960452079773,-8.619569778442383,8.973965644836426,16.58300018310547,1.7752478122711182,2.0927579402923584,1.9617267847061155,1.974539041519165,2.2644667625427246,3,0.8259044885635376,-0.6565604672676641,24,10,1992,2.59,,,,,,,,,,
Mark Eichhorn,- - -,4,4,2,65,0,87.2,6.262356506121892,2.5665395516893,0.307984746202716,0.295373665480427,0.72610294,,,,3.07984746202716,,2.760504548586086,,1.575098693370819,Mark Eichhorn,1003712,113780,2.44,0.16397849,0.0672043,0.09677419,0.2492753623188406,1.2661595121667213,76.88510091843055,68.49132210656293,,0.3193429134410741,,0,0,0,,,372,86,34,30,3,25,8,2,9,1,61,-0.3095500282943249,-6.214873671531677,5.9053239822387695,1.977999687194824,0.1926559805870056,1.0192863330018096,1.0322840670558897,1.0697599640259376,1.2364050791813777,39,0.6706330925226212,-0.974325998305726,9,12,1992,1.48,,,,,,,,,,
Hipolito Pichardo,KCR,9,6,0,31,24,143.2,3.696055749880899,3.0696056227824418,0.5638051143886117,0.2808080808080808,0.68836713,,,,3.946635800720282,,3.862204563492889,,1.5435827006585896,Hipolito Pichardo,1472,120539,1.20408163,0.09593496,0.0796748,0.01626016,0.2628774422735346,1.371229722648846,97.55005316663416,100.89856757794064,,0.0844312372273932,,12,1,1,,,615,148,71,63,9,49,1,3,3,1,59,-0.0754700601100921,-9.859533667564392,9.784064382314682,-0.93459951877594,-0.1343336552381515,0.9183518169813292,0.8161866036153609,0.7431225968945411,0.9563200543324152,30,0.4433600157499313,-0.5255399153424059,1,1,1992,1.55,,,,,,,,,,
Carl Willis,MIN,7,3,1,59,0,79.1,5.105041853158074,1.2478991196608624,0.4537814980584954,0.2727272727272727,0.75255102,,,,2.722688988350973,,2.7202930254263107,,1.5357226133346558,Carl Willis,1013979,124356,4.09090909,0.14376997,0.03514377,0.1086262,0.2417218543046357,1.0588234954698228,67.06852133496713,69.42328198103532,,0.0023959629246621,,0,0,0,,,313,73,25,24,4,11,1,0,2,1,45,0.5428838729858398,-4.646177768707275,5.189062118530273,8.189000129699707,0.84895259141922,0.9511414766311646,1.1162749528884888,1.3097525835037231,1.644789457321167,38,0.8709098100662231,-0.3001389139124006,12,10,1992,1.98,,,,,,,,,,
Omar Olivares,STL,9,9,0,32,30,197.0,5.66497461928934,2.8781725888324874,0.9137055837563453,0.2784184514003295,0.75438596,,,,3.8375634517766497,,3.864536507601666,,1.4875665921717882,Omar Olivares,1009771,119982,1.96825397,0.15158924,0.07701711,0.07457213,0.251664447403462,1.2791878172588833,110.73809993025424,110.43653759104131,,-0.026973055825016,,18,1,0,,,818,189,84,84,20,63,5,4,2,0,124,-0.8123280368745327,-15.28919160924852,14.476863749325275,0.3874000310897827,-0.0122230350971221,1.0339965646699911,0.9551493798814168,0.8290562750771642,1.3731067101160686,30,-0.3657852262258529,-0.4198344408315457,0,0,1992,1.45,,,,,,,,,,
Mark Leiter,DET,8,5,0,35,14,112.0,6.026786124827939,3.4553573782346847,0.7232143349793526,0.3101449275362319,0.70281124,,,,4.178571713214037,,3.720818297352114,,1.4790122509002686,Mark Leiter,1007501,117653,1.74418605,0.15789474,0.09052632,0.06736842,0.2703962703962704,1.4196429538483588,104.37367972011197,92.19184002203804,,0.457753415861923,,4,1,0,,,475,116,57,52,9,43,5,3,3,0,75,0.7237676978111267,-7.498538017272949,8.2223060131073,6.084000110626221,0.5858536660671234,0.97078262962505,0.9199460458755492,1.0807828903198242,1.3694592714309692,27,-0.2634190320968628,1.0089697617083628,8,3,1992,0.38,,,,,,,,,,
Norm Charlton,CIN,4,2,26,64,0,81.1,9.959017016239915,2.8770493602470872,0.7745902123742158,0.3348837209302325,0.70264766,,,,2.987705104871975,,2.7587280680177932,,1.4742727279663086,Norm Charlton,1002160,112213,3.46153846,0.26392962,0.07624633,0.18768328,0.2532051282051282,1.2909836872903595,83.85845425364415,75.09465053295908,,0.2289770368541819,,0,0,0,,,341,79,39,27,7,26,4,3,8,0,90,1.642069935798645,-8.735568046569824,10.377639770507812,-2.8499996662139893,-0.2843981385231018,1.7624850273132324,1.6120887994766235,1.6192030906677246,2.079400062561035,18,0.634350061416626,0.2973287388860633,32,9,1992,-0.15,,,,,,,,,,
Mike Maddux,SDP,2,2,5,50,1,79.2,6.778243543328774,2.7112974173315094,0.2259414514442924,0.2827868852459016,0.75921909,,,,2.372385240165071,,2.507167570613633,,1.466007977724075,Mike Maddux,1007951,118121,2.5,0.18181818,0.07272727,0.10909091,0.2320261437908496,1.1924687715115434,66.70686100356045,69.60349541515954,,-0.1347823304485622,,0,0,0,,,330,71,25,21,2,24,4,0,4,1,60,0.3566620126366615,-5.447613939642906,5.804276078939438,9.20299994945526,0.9943265318870544,1.037287569417494,1.0063618199622375,1.2077640438079833,1.347061081065072,36,0.9193326979875563,-0.5754916811353532,10,6,1992,1.19,,,,,,,,,,
Bert Blyleven,CAL,8,12,0,25,24,133.0,4.736842648710397,1.9624062401800215,1.1503760718296678,0.2975391498881432,0.6741573,,,,4.736842648710397,,4.159258240972534,,1.4382701348513365,Bert Blyleven,1001098,111126,2.4137931,0.12323944,0.05105634,0.0721831,0.2808988764044944,1.3458648160621605,118.57249600741652,103.2159890862197,,0.5775844077378629,,13,1,0,,,568,150,76,70,17,29,2,5,3,1,70,-2.029903843998909,-10.488824343308806,8.458919782191515,-16.0441991686821,-1.6555011421442032,0.8988874540394076,0.8368890570922637,0.8608960127830505,0.8640166881183783,24,-1.1043100208044052,-1.1539302459575302,0,0,1992,0.25,,,,,,,,,,
Todd Stottlemyre,TOR,12,11,0,28,27,174.0,5.068965072722593,3.2586204038930955,1.03448266790257,0.274822695035461,0.67727273,,,,4.499999605376179,,4.409754872470142,,1.4238252006471157,Todd Stottlemyre,75,122840,1.55555556,0.12980132,0.08344371,0.04635762,0.2565982404692082,1.367815972004509,112.03151494160755,109.10570426748252,,0.0902447329060374,,13,6,2,,,755,175,99,87,20,63,4,10,7,0,98,-1.152919877320528,-11.606419563293455,10.453500282019377,-15.0331991314888,-1.570539966225624,0.8566575092009092,0.811155198028733,0.8717571326664516,1.0510545752265237,22,-0.4688866809010505,-0.876948574072635,0,0,1992,0.13,,,,,,,,,,
Tom Edens,MIN,6,3,3,52,0,76.1,6.720523793565382,4.244541343304452,0.1179039262029014,0.2895927601809955,0.75787402,,,,2.8296942288696347,,2.953623904671959,,1.4219396114349363,Tom Edens,1003671,113739,1.58333333,0.17981073,0.11356467,0.06624606,0.2329749103942652,1.3231440607214495,69.70440199830568,75.3625490525271,,-0.1239296758023242,,0,0,0,,,317,65,26,24,1,36,3,2,5,0,57,1.8766499757766724,-4.936466217041016,6.813116073608398,13.124000549316406,1.4159531593322754,1.1767603158950806,1.3254176378250122,1.6481153964996338,1.849810481071472,38,1.1425557136535645,0.4522040266502491,18,7,1992,1.76,,,,,,,,,,
Jeff Montgomery,KCR,1,6,39,65,0,82.2,7.512097698592856,2.9395164907537263,0.5443549056951346,0.2445414847161572,0.80952381,,,,2.1774196227805382,,2.98896342008593,,1.409045934677124,Jeff Montgomery,1009071,119266,2.55555556,0.20720721,0.08108108,0.12612613,0.2013201320132013,1.064516260026041,53.81986347195972,78.12722978851227,,-0.8115437973053918,,0,0,0,,,333,61,23,20,5,27,2,3,2,0,69,1.2295979261398315,-9.497300148010254,10.726898193359377,14.36299991607666,1.52400803565979,1.837931990623474,1.7387295961380005,1.6953262090682983,2.235333204269409,3,0.955044448375702,-0.2860327915718393,33,10,1992,3.09,,,,,,,,,,
Bob Ojeda,LAD,6,9,0,29,29,166.1,5.086172033631959,4.382765263023284,0.4328657049899539,0.2943327239488117,0.71309425,,,,3.625250279290865,,3.757266069717387,,1.4032386541366575,Bob Ojeda,1009756,119964,1.16049383,0.12859097,0.11080711,0.01778386,0.2604006163328197,1.503005920104007,107.3067943955011,108.7042967742774,,-0.1320157904265224,,14,2,1,,,731,169,80,67,8,81,8,1,3,0,94,-2.3926219940185547,-13.248071670532228,10.855449676513672,-16.243900299072266,-1.7990177869796753,0.9532813429832458,0.8008943200111389,0.8692896366119385,1.1912000179290771,27,-1.1929450035095217,-1.3169352240117314,0,0,1992,1.67,,,,,,,,,,
Mel Rojas,MON,7,1,10,68,0,100.2,6.258278303797597,3.0397351761302613,0.1788079515370742,0.2371134020618556,0.86372361,,,,1.4304636122965937,,2.7237155829776323,,1.3983420133590698,Mel Rojas,1011153,121404,2.05882353,0.1754386,0.08521303,0.09022556,0.1955922865013774,1.0430463839662665,41.391310460805045,78.95605775029846,,-1.2932519706810386,,0,0,0,,,399,71,17,16,2,34,8,2,2,0,70,3.047368288040161,-5.7179179191589355,8.765286445617676,30.821001052856445,3.379298210144043,1.2038888931274414,1.137483835220337,1.3692735433578491,1.382704734802246,42,2.6492722034454346,-0.1180018300443133,25,8,1992,3.89,,,,,,,,,,
Butch Henry,HOU,6,9,0,28,28,165.2,5.2152920707406105,2.2273643218788024,0.869215345123435,0.3039568345323741,0.71358749,,,,4.020120971195887,,3.640461143264489,,1.376704454421997,Butch Henry,1005667,115783,2.34146341,0.13521127,0.05774648,0.07746479,0.2769461077844311,1.3641851944298355,119.36648838750696,108.64954728264676,,0.3796598279313978,,10,2,1,,,710,185,81,74,16,41,7,1,2,2,96,-0.9922641515731812,-12.636743545532228,11.644479751586914,-11.82979965209961,-1.3412541151046753,0.990893304347992,0.9184781908988952,0.8716071248054504,1.2191768884658811,26,-1.8850692510604856,0.8836858052150309,0,0,1992,-0.2,,,,,,,,,,
Mark Guthrie,MIN,2,3,5,54,0,75.0,9.120002783203974,2.760000842285413,0.8400002563477345,0.2639593908629442,0.76177285,,,,2.880000878906518,,2.8899849327087503,,1.359886884689331,Mark Guthrie,876,115260,3.30434783,0.25082508,0.07590759,0.17491749,0.2107142857142857,1.0933336669922893,70.94361538100384,73.74266551260888,,-0.0099840538022322,,0,0,0,,,303,59,27,24,7,23,7,0,2,0,76,0.4673300683498382,-5.1955180168151855,5.662847995758057,19.652999877929688,2.041041851043701,1.0710461139678955,1.1682677268981934,1.4556111097335815,2.054466724395752,39,0.5212054252624512,-0.084874942143919,16,12,1992,1.34,,,,,,,,,,
Mike Moore,OAK,17,12,0,36,36,223.0,4.721973417271732,4.156950957085371,0.807174943123373,0.2847411444141689,0.7275641,,,,4.116592209929203,,4.393183814497163,,1.3524813652038574,Mike Moore,1009122,119313,1.13592233,0.1191446,0.10488798,0.01425662,0.2629161882893226,1.4887893395386658,111.26863605716672,113.668320488334,,-0.2765916045679599,,19,2,0,,,982,229,113,102,20,103,5,8,22,0,117,-0.0040819770656526,-16.984371185302734,16.980289459228516,-10.205400466918944,-1.0725290775299072,1.0214303731918335,0.9406869411468506,0.8680499792098999,1.2535176277160645,34,-1.831615328788757,1.8276189946549903,0,0,1992,0.86,,,,,,,,,,
Wally Whitehurst,NYM,3,9,0,44,11,97.0,6.494844083718352,3.0618550680386516,0.3711339476410487,0.3064516129032258,0.69785276,,,,3.6185559895002246,,3.0204315889273268,,1.348063163459301,Wally Whitehurst,1013896,124204,2.12121212,0.16627078,0.0783848,0.08788599,0.2578125,1.3608244746838452,103.69357028036048,86.47231948268309,,0.5981244005728978,,2,0,0,,,421,99,45,39,4,33,5,4,2,1,70,-1.3655800223350525,-8.672758102416992,7.307178020477295,-8.440499782562256,-0.9442328810691832,1.1254468339763275,1.0251177560005869,1.1963545680046082,0.9322919072331608,37,-0.8949897289276123,-0.3183772477338333,8,7,1992,0.62,,,,,,,,,,
Tim Wakefield,PIT,8,1,0,13,13,92.0,4.989130434782608,3.4239130434782608,0.2934782608695652,0.2579505300353357,0.79777365,,,,2.152173913043478,,3.2724486682725993,,1.328483819961548,Tim Wakefield,219,123801,1.45714286,0.13672922,0.09383378,0.04289544,0.2255192878338278,1.2065217391304348,62.135078740810734,94.95369161309942,,-1.1202747552291212,,10,4,1,,,373,76,26,22,3,35,1,1,3,1,51,2.085145950317383,-6.03941011428833,8.124555587768555,12.613399505615234,1.436132788658142,1.180931568145752,1.013563871383667,0.8700000047683716,1.59333336353302,9,1.3338735103607178,0.4318053880291266,0,0,1992,2.36,,,,,,,,,,
Bobby Witt,- - -,10,14,0,31,31,193.0,5.8290156016474866,5.316062228702508,0.7461139970108783,0.2825719120135364,0.7230658,,,,4.29015548281255,,4.368810477138107,,1.3268002569675446,Bobby Witt,1014170,124492,1.09649123,0.14740566,0.13443396,0.0129717,0.25,1.5388601188349365,110.7418101155457,111.9927380001444,,-0.0786549943255563,,15,0,0,,,848,183,99,92,16,114,2,2,9,1,125,-0.5790700614452362,-16.30435013771057,15.725280046463013,-4.0687994956970215,-0.3745717406272888,1.1090023346170534,0.9655112387502894,0.8773483807040799,1.3489677713763328,31,-1.2542157769203186,0.7320617260497284,0,0,1992,1.7,,,,,,,,,,
Pete Schourek,NYM,6,8,0,22,21,136.0,3.970587789806165,2.9117643791911876,0.5955881684709248,0.2764578833693304,0.72183099,,,,3.6397054739889847,,3.775965180941532,,1.290945589542389,Pete Schourek,1011608,121860,1.36363636,0.10380623,0.07612457,0.02768166,0.2575187969924812,1.3308822036202146,104.29963125125389,108.16164224858431,,-0.136259706952547,,11,0,0,,,578,137,60,55,9,44,6,2,4,2,60,-0.2609159052371979,-10.385351918637753,10.124436497688292,-0.1178998947143554,0.0126414597034454,1.0564938771764305,0.9684581917228428,0.9660727029496972,1.4932909093119882,22,-0.3865519911050796,0.1395880371496457,1,0,1992,1.7,,,,,,,,,,
Jeff Fassero,MON,8,7,1,70,0,85.1,6.64453402231563,3.5859389961703405,0.10546879400501,0.2985074626865671,0.70934256,,,,2.84765743813527,,2.7247244590427626,,1.288079857826233,Jeff Fassero,279,114032,1.85294118,0.17119565,0.0923913,0.07880435,0.2439759036144578,1.3476568122862391,82.39865180397109,78.98539198871678,,0.1229329790925075,,0,0,0,,,368,81,35,27,1,34,6,2,7,1,63,-0.8472101092338562,-8.006245613098145,7.159036159515381,2.385000228881836,0.3530948162078857,1.2592577934265137,1.3615187406539917,1.5664000511169434,1.7092000246047974,48,0.0152184935286641,-0.6880037751893384,18,17,1992,0.38,,,,,,,,,,
Chuck Finley,CAL,7,12,0,31,31,204.1,5.461663675894376,4.3164761309487805,1.0570961953343951,0.2955974842767295,0.76592699,,,,3.964110732503982,,4.5794029727850045,,1.280603051185608,Chuck Finley,384,114133,1.26530612,0.14011299,0.11073446,0.02937853,0.2704081632653061,1.5171287988595488,99.22949501621127,113.62456706479824,,-0.6152922402810224,,17,4,1,,,885,212,99,90,24,98,2,3,6,0,124,-0.888312041759491,-17.168445587158203,16.280132293701172,-3.120199918746948,-0.4023484587669372,1.053901195526123,0.9269149899482728,0.8783935308456421,1.4790518283843994,27,-1.9646252393722536,1.1217454271750271,0,0,1992,2.21,,,,,,,,,,
John Wetteland,MON,4,4,37,67,0,83.1,10.691998694824376,3.8879995253906823,0.6479999208984472,0.2871287128712871,0.80543933,,,,2.915999644043012,,2.7833182334899904,,1.274497389793396,John Wetteland,1013815,124123,2.75,0.28530259,0.1037464,0.1815562,0.2084690553745928,1.1999998535156429,84.37617394293835,80.68907374792636,,0.1326814105530216,,0,0,0,,,347,64,27,27,6,36,3,4,4,0,99,1.862776041030884,-9.79032039642334,11.653096199035645,12.119000434875488,1.3450192213058472,1.9591758251190183,1.757259726524353,1.7656447887420654,2.0516889095306396,9,1.0293947458267212,-0.0785989993971114,29,10,1992,1.47,,,,,,,,,,
Pete Smith,ATL,7,0,0,12,11,79.0,4.898733704121872,3.1898731096607538,0.3417721188922236,0.2409638554216867,0.82949309,,,,2.0506327133533415,,3.251672618638593,,1.2513480000197887,Pete Smith,1012191,122443,1.53571429,0.13312693,0.08668731,0.04643963,0.2135593220338983,1.15189862293305,56.92789888073635,91.12703827855908,,-1.2010399052852514,,8,2,1,,,323,63,19,18,3,28,2,0,2,1,43,2.0778102166950703,-4.21554577536881,6.293355990201235,15.073200523853302,1.7320777848362925,1.0638207969580882,1.022731594097467,0.8200166548291842,1.273640041798353,10,1.050854006782174,0.902304102775756,0,0,1992,2.35,,,,,,,,,,
Greg Hibbard,CHW,10,7,1,31,28,176.0,3.528409090909091,2.914772727272727,0.8693181818181818,0.2809917355371901,0.69982394,,,,4.3977272727272725,,4.34581823348999,,1.2464561611413956,Greg Hibbard,1005764,115884,1.21052632,0.09139073,0.07549669,0.01589404,0.2706222865412446,1.3863636363636365,114.27955885939454,110.9955373532533,,0.051909039237282,,16,0,0,,,755,187,92,86,17,57,2,7,1,1,69,-0.9978519827127456,-14.969712421298029,13.971860229969025,-9.540199518203735,-0.923797219991684,1.0958412227080894,1.0255163841777375,0.9503935421666792,1.5864068763009431,29,-0.6087297350168228,-0.3018510699713409,2,0,1992,0.34,,,,,,,,,,
Jeff Russell,- - -,4,3,30,59,0,66.1,6.51256312617408,3.391959961549,0.40703519538588,0.2626262626262626,0.87403599,,,,1.62814078154352,,3.1451272960552172,,1.2437972873449326,Jeff Russell,1011314,121569,1.92,0.17391304,0.09057971,0.08333333,0.2208835341365461,1.2060302085507555,41.73016168078501,80.65770990880357,,-1.5169865145116972,,0,0,0,,,276,55,14,12,3,25,3,2,3,0,48,2.003163993358612,-8.94717201590538,10.950336158275604,15.098999738693236,1.615211009979248,2.2160656673091275,2.1567433050700595,2.290220361644939,1.8840000629425049,13,0.8748355507850647,0.0290925335261584,31,10,1992,3.32,,,,,,,,,,
Jose Melendez,SDP,6,7,0,56,3,89.1,8.261194676592396,2.014925530876194,0.9067164888942874,0.2931726907630522,0.79004329,,,,2.9216420197704815,,3.0295869094859698,,1.2384352087974548,Jose Melendez,1008745,118931,4.1,0.22589532,0.05509642,0.1707989,0.2411764705882353,1.1417911341631766,82.15089388325077,84.15452922455349,,-0.1079448897154882,,0,0,0,,,363,82,32,29,9,20,7,3,1,1,82,-0.2939559817314148,-6.317470192909241,6.023514211177826,3.9395999908447266,0.4388433694839477,1.0543794187719635,1.1105962269581282,1.2526892274618149,1.246715823286458,38,0.4693933725357055,-0.7481886301990099,16,8,1992,0.82,,,,,,,,,,
Mike Henneman,DET,2,6,24,60,0,77.1,6.749999778024089,2.327586130353134,0.6982758391059403,0.2911392405063291,0.6812933,,,,3.956896421600328,,3.0678009827553736,,1.2186540365219116,Mike Henneman,1005656,115769,2.9,0.18068536,0.0623053,0.11838006,0.2491694352159468,1.2284482354641542,98.8366044999872,76.04256052441943,,0.8890954388449543,,0,0,0,,,321,75,36,34,6,20,10,0,7,0,58,0.753637969493866,-7.431112289428711,8.1847505569458,6.724000453948975,0.5865238308906555,1.4374208450317385,1.343400001525879,1.2944766283035278,2.435028553009033,7,0.9086968302726746,-0.3843980682930362,20,10,1992,0.25,,,,,,,,,,
Lee Smith,STL,4,9,43,70,0,75.0,7.200002197266295,3.120000952148728,0.4800001464844197,0.2636363636363636,0.72815534,,,,3.120000952148728,,2.9166516075134403,,1.2006723880767822,Lee Smith,1012175,122426,2.30769231,0.19354839,0.08387097,0.10967742,0.2183098591549295,1.1733336914063592,90.031860466458,83.29114239758462,,0.2033493446352876,,0,0,0,,,310,62,28,26,4,26,4,0,2,0,60,0.6748359203338623,-10.94497013092041,11.619806289672852,1.573000192642212,0.1657470762729644,2.237720251083374,2.195424318313598,2.1815943717956543,1.590426683425903,15,0.6037330031394958,-0.3021600428880319,42,14,1992,0.55,,,,,,,,,,
Jose DeLeon,- - -,2,8,0,32,18,117.1,6.05965945209294,3.68181840127166,0.5369318501854504,0.2810810810810811,0.64814815,,,,4.372159351510096,,3.4907046392898695,,1.1869625225663183,Jose DeLeon,1003168,113229,1.64583333,0.15612648,0.09486166,0.06126482,0.2434210526315789,1.355113717134708,126.09383469971826,99.8022996055322,,0.8814547122202261,,7,0,0,,,506,111,63,57,7,48,1,2,3,0,79,-1.546578120440245,-8.515368223190308,6.968790054321289,-9.858899563550947,-1.1200735159218311,0.8686519914741552,0.7892222495079041,0.7342312391847372,0.7419034355673296,29,-1.0836483985185623,-0.6967862699331933,2,2,1992,-0.55,,,,,,,,,,
Frank Seminara,SDP,9,4,0,19,18,100.1,5.471761490801116,4.126246370112317,0.4485050402295997,0.290625,0.72142857,,,,3.6777413298827177,,3.6803283139491896,,1.1805757284164429,Frank Seminara,1011743,121997,1.32608696,0.14022989,0.10574713,0.03448276,0.2538860103626943,1.435216128734719,102.39043382400844,102.03318081820446,,-0.0025869840664722,,10,0,0,,,435,98,46,41,5,46,3,3,1,1,61,1.3862620303407311,-6.013286023400724,7.399548053741455,-0.5900001525878906,-0.0794782191514968,0.9393384708764124,0.8244410077523854,0.8303789357213598,0.9256947226822376,19,0.1048441752791404,1.3709412559800884,0,0,1992,0.26,,,,,,,,,,
Anthony Young,NYM,2,14,15,52,13,121.0,4.7603311788172675,2.305785414739614,0.5950413973521584,0.3050847457627119,0.64599483,,,,4.165289781465109,,3.378359630842149,,1.1702589988708496,Anthony Young,1014362,124685,2.06451613,0.1237911,0.05996132,0.06382979,0.2762886597938144,1.3636365355986964,119.36080855061554,96.7474639767371,,0.7869301506229602,,6,1,0,,,517,134,66,56,8,31,5,1,3,1,64,-2.3046239614486694,-12.333598136901855,10.028972148895264,-11.9607994556427,-1.3602489531040192,1.191650218581798,1.1640473551220365,1.6838807165622711,1.324896025657654,25,-0.8475618958473206,-1.0864149754794343,17,8,1992,-0.5,,,,,,,,,,
Dave Stewart,OAK,12,10,0,31,31,199.1,5.869565367161304,3.5668897231211,1.1287625706079432,0.2516778523489933,0.73127753,,,,3.657190728769736,,4.418769780237499,,1.1530308723449707,Dave Stewart,1012519,122775,1.64556962,0.15513126,0.09427208,0.06085919,0.233022636484687,1.274247524152967,98.85133222805244,114.32926129315872,,-0.7615790514677632,,17,2,0,,,838,175,96,81,25,79,1,8,3,1,130,-0.0243996120989322,-14.794960021972656,14.770560264587402,0.252000093460083,0.1022553667426109,0.9908855557441713,0.916735291481018,0.8695871233940125,1.2053172588348389,29,0.3528625965118408,-0.3774866431108527,0,0,1992,1.2,,,,,,,,,,
Chris Hammond,CIN,7,10,0,28,26,147.1,4.825791522010249,3.3597282748172623,0.7941175922295347,0.2851153039832285,0.69915254,,,,4.214931835679838,,4.038974255391391,,1.150941625237465,Chris Hammond,92,115391,1.43636364,0.12599681,0.0877193,0.03827751,0.2618629173989455,1.384615289015599,118.30406821215774,110.04811304094686,,0.175957580288447,,13,0,0,,,627,149,75,69,13,55,6,3,6,0,79,-1.352061826735735,-11.662229500710964,10.310168031603098,-11.054400503635406,-1.224693078547716,0.9794407173351276,0.8983023974757928,0.8266142968620572,1.4823629039305228,27,-0.6711312681436539,-0.7093114710702504,0,0,1992,0.47,,,,,,,,,,
Rick Reed,KCR,3,7,0,19,18,100.1,4.395348475132875,1.7940197857685205,0.8970098928842601,0.2835820895522388,0.71551724,,,,3.6777405608254665,,3.8497633283634993,,1.1374097019433975,Rick Reed,750,120999,2.45,0.11694511,0.0477327,0.06921241,0.266497461928934,1.2458470734503613,90.9036975684797,100.57413993296764,,-0.1720227675380328,,6,1,1,,,419,105,47,41,10,20,3,5,0,0,49,-0.1466839909553527,-7.875921785831451,7.729237735271454,-1.128199815750122,-0.1699858754873275,1.0625894738675266,0.9332336254209002,0.8907263404444644,1.1635333630773756,18,-0.8099186718463898,0.6718747757201988,1,0,1992,1.59,,,,,,,,,,
Todd Frohwirth,BAL,4,3,4,65,0,106.0,4.9245283018867925,3.481132075471698,0.3396226415094339,0.2751479289940828,0.79763663,,,,2.462264150943396,,3.424827667452255,,1.1311527490615845,Todd Frohwirth,1004374,114458,1.41463415,0.13063063,0.09234234,0.03828829,0.2425,1.30188679245283,62.02690051932033,85.76537399484917,,-0.9625635165088586,,0,0,0,,,444,97,33,29,4,41,4,3,1,0,58,2.3071420192718506,-6.437009811401367,8.744152069091797,10.097999572753906,1.0400917530059814,1.0531902313232422,1.2011157274246216,1.3350861072540283,1.728866696357727,42,1.538298726081848,0.6523235856852545,23,9,1992,2.65,,,,,,,,,,
Ramon Martinez,LAD,8,11,0,25,25,150.2,6.0331856370373735,4.121681276787909,0.6570796238357536,0.2731092436974789,0.66633267,,,,4.002212254272317,,3.8651766040478472,,1.072172999382019,Ramon Martinez,1008193,118378,1.46376812,0.15256798,0.10422961,0.04833837,0.2397959183673469,1.3938052626819015,118.46480502316162,111.83318639483706,,0.1370356502244698,,14,1,1,,,662,141,82,67,11,69,4,5,9,0,101,-1.6388081312179563,-12.503496170043944,10.8646879196167,-20.092500686645508,-2.371340274810791,1.0220154523849487,0.8996074199676514,0.8700000047683716,1.061758279800415,24,-1.6864203214645386,0.0829141050040374,0,0,1992,0.52,,,,,,,,,,
Jim Deshaies,SDP,4,7,0,15,15,96.0,4.312500342726735,3.0937502458691792,0.5625000447034871,0.2783171521035599,0.73129252,,,,3.2812502607703418,,3.699984973006784,,1.071662187576294,Jim Deshaies,1003228,113290,1.39393939,0.1164557,0.0835443,0.03291139,0.2548476454293629,1.3020834368136276,92.26237853674805,102.82723936790332,,-0.4187347122364424,,9,0,0,,,395,92,40,35,6,33,2,1,1,2,46,0.7931879162788391,-6.790701866149902,7.583889961242676,8.074399948120117,0.8945642113685608,1.0503597259521484,0.9507920742034912,0.8746933341026306,1.5815200805664062,15,0.3937593102455139,0.3613990385381052,0,0,1992,0.8,,,,,,,,,,
Todd Burns,TEX,3,5,1,35,10,103.0,4.805825776682634,2.796116815524442,0.6990292038811105,0.2664670658682634,0.64860427,,,,3.844660621346107,,3.773609605654898,,1.070187658071518,Todd Burns,1001721,111760,1.71875,0.12702079,0.073903,0.05311778,0.2443324937027707,1.252427323620323,98.540808728113,96.60802778791177,,0.0710510156912103,,7,0,0,,,433,97,54,44,8,32,1,4,5,0,55,0.7705119550228119,-7.996847867965698,8.767359972000122,2.1060001850128174,0.2243396043777465,1.1083747321860635,1.0694843815942097,0.9634457315717424,1.4534846544265747,26,0.7991279205307364,-0.1039551304553798,7,5,1992,0.69,,,,,,,,,,
Steve Farr,NYY,2,2,30,50,0,52.0,6.403846623629542,3.288461779701657,0.3461538715475428,0.2176870748299319,0.86206897,,,,1.5576924219639428,,3.071779793112943,,1.0663827657699585,Steve Farr,1003953,114017,1.94736842,0.17874396,0.09178744,0.08695652,0.1827956989247312,1.0192308440010984,40.29467562789856,77.37526534088471,,-1.5140873711490004,,0,0,0,,,207,34,10,9,2,19,0,2,0,0,37,1.91565203666687,-5.427150249481201,7.342802047729492,12.605999946594238,1.2751671075820925,1.9092726707458496,2.094827651977539,2.0956039428710938,1.8402999639511108,8,1.4002248048782349,-0.3968835503687213,23,5,1992,2.63,,,,,,,,,,
Rich Monteleone,NYY,7,3,0,47,0,92.2,6.021582403301958,2.6223020143411753,0.6798560777921565,0.2640845070422535,0.74596774,,,,3.3021580921333316,,3.3013038165697286,,1.0661150217056274,Rich Monteleone,1009068,119263,2.2962963,0.16315789,0.07105263,0.09210526,0.2322946175637393,1.1762589282435725,85.4208361794502,83.1434668010427,,0.0008542755636029,,0,0,0,,,380,82,35,34,7,27,3,0,0,3,62,1.868433952331543,-5.612674236297607,7.48110818862915,4.309000015258789,0.402425616979599,1.0308942794799805,1.170646071434021,1.2288085222244265,1.9383312463760376,32,-0.6120165586471558,2.4244564853426915,16,13,1992,1.53,,,,,,,,,,
Mark Grant,SEA,2,4,0,23,10,81.0,4.666667325997151,2.4444447898080317,0.6666667608567359,0.3357142857142857,0.73529412,,,,3.8888894383309593,,3.598133163426001,,1.0570659190416336,Mark Grant,1004951,115047,1.90909091,0.11931818,0.0625,0.05681818,0.3048780487804878,1.5061730523059589,98.10982045088822,91.19914649214876,,0.2907562749049583,,3,0,0,,,352,100,39,35,6,22,2,2,2,0,42,-0.7491660192608833,-6.617991924285889,5.868826150894165,-0.1222000122070312,-0.0352984964847564,1.0163527817437144,0.8482024765783741,0.7547130481056545,1.3785894481759322,19,-0.3956678509712219,-0.3414443336144986,1,1,1992,1.25,,,,,,,,,,
Kenny Rogers,TEX,3,6,6,81,0,78.2,8.008477165247115,2.974577232806071,0.8008477165247114,0.3119658119658119,0.76923077,,,,3.088984049452458,,3.151962420461683,,1.0556923151016235,Kenny Rogers,1277,121386,2.69230769,0.20771513,0.07715134,0.1305638,0.2572347266881029,1.3474580627241175,79.17239422675286,80.72306539003762,,-0.0629783710092248,,0,0,0,,,337,80,32,27,7,26,8,0,4,1,70,-0.4777121245861053,-8.642536163330078,8.164823532104492,-4.084000110626221,-0.5357913374900818,1.445160984992981,1.4333157539367676,1.3568888902664185,1.9727318286895752,44,0.38759845495224,-0.7181582538582598,21,14,1992,1.22,,,,,,,,,,
Xavier Hernandez,HOU,9,1,7,77,0,111.0,7.783783783783784,3.4054054054054053,0.4054054054054054,0.2467532467532467,0.79831933,,,,2.108108108108108,,2.855390305562063,,1.0514428615570068,Xavier Hernandez,1005715,115820,2.28571429,0.21145374,0.09251101,0.11894273,0.1980440097799511,1.108108108108108,62.594499968800655,85.1660608629593,,-0.7472821974539552,,0,0,0,,,454,81,31,26,5,42,7,3,5,0,96,1.0323299169540403,-6.93506383895874,7.96739387512207,16.09000015258789,1.84266996383667,1.0641601085662842,1.0308914184570312,1.1737583875656128,1.1006922721862793,52,1.6996009349822998,-0.7295120276421512,28,12,1992,2.06,,,,,,,,,,
Tom Gordon,KCR,6,10,0,40,11,117.2,7.4957525712822015,4.206799912454297,0.6883854402197941,0.3057142857142857,0.66502463,,,,4.589236268131961,,3.616179630299124,,1.0356516540050509,Tom Gordon,282,114971,1.78181818,0.18992248,0.10658915,0.08333333,0.2538293216630197,1.4532581515751208,113.43338087310067,94.48302371508588,,0.9730566378328368,,3,0,0,,,516,116,67,60,9,55,4,4,5,2,98,-2.6029120087623596,-10.20790195465088,7.604990243911743,-12.844000339508057,-1.3081073760986328,0.9483476226980035,0.8518671144300433,0.9011150121688842,1.2381851562747248,27,-0.982934147119522,-1.7617471769683686,6,7,1992,0.12,,,,,,,,,,
Rich Rodriguez,SDP,6,3,0,61,1,91.0,6.329671391023303,2.868132349057434,0.3956044619389564,0.2683823529411764,0.77689243,,,,2.373626771633739,,2.904197374638005,,1.0180209130048752,Rich Rodriguez,1276,121363,2.20689655,0.17344173,0.07859079,0.09485095,0.2264705882352941,1.164835360153594,66.74177045490495,80.6620333976278,,-0.5305706030042661,,0,0,0,,,369,77,28,24,4,29,4,0,1,1,64,-0.0886200293898582,-5.159030199050903,5.070410132408142,11.688000679016112,1.2387677878141403,0.8015830566615411,0.8580983562902971,0.9496590328998252,1.2009956992190818,46,0.9975942522287368,-1.108150517924953,12,8,1992,1.48,,,,,,,,,,
John Dopson,BOS,7,11,0,25,25,141.1,3.502358616607904,2.4198114078381883,1.082547208769716,0.2921810699588477,0.69063927,,,,4.075471844780107,,4.417752254573679,,1.0162429809570312,John Dopson,1003404,113469,1.44736842,0.09197324,0.06354515,0.02842809,0.2849462365591398,1.3938679746904183,98.23545514665626,111.32948777718228,,-0.3422804097935721,,11,0,0,,,598,159,78,64,17,38,2,2,3,3,55,-0.7725918292999268,-11.136898040771484,10.36430549621582,-11.06879997253418,-1.0979480743408203,0.9832407236099244,0.9397870898246764,0.8700000047683716,1.1759120225906372,25,-1.3611681461334229,0.5754075376189683,0,0,1992,1.35,,,,,,,,,,
Mike Gardiner,BOS,4,10,0,28,18,130.2,5.441326159951316,3.9948976870528647,0.826530555941972,0.2746987951807229,0.63829787,,,,4.752550696666339,,4.145563038653611,,1.0110699981451037,Mike Gardiner,1004516,114601,1.36206897,0.13957597,0.1024735,0.03710247,0.2490118577075099,1.408163169382619,114.55581060940102,104.48116317841252,,0.606987658012728,,7,0,0,,,566,126,78,69,12,58,2,2,8,0,79,-1.5097620263695717,-10.815487742424011,9.305726051330566,-9.865899622440338,-1.0035214722156525,1.0077835946099427,0.9232464745328144,1.176678602184568,1.1268719959259033,25,-0.1419229805469513,-1.3561784317447592,4,4,1992,0.5,,,,,,,,,,
Darren Holmes,MIL,4,4,6,41,0,42.1,6.590551972943641,2.338582958141292,0.2125984507401174,0.265625,0.77253219,,,,2.5511814088814093,,2.5470977326676376,,0.9763993620872498,Darren Holmes,95,116100,2.81818182,0.17919075,0.06358382,0.11560694,0.21875,1.0866143037828224,65.18510551766246,65.4290896999395,,0.0040836762137717,,0,0,0,,,173,35,12,12,1,11,4,2,0,0,31,0.2647500038146972,-4.0501861572265625,4.31493616104126,9.53600025177002,1.0399894714355469,1.4162814617156982,1.4307823181152344,1.4750683307647705,1.5374250411987305,16,0.948842227458954,-0.7619090429392777,9,8,1992,1.13,,,,,,,,,,
Jose Mesa,- - -,7,12,0,28,27,160.2,3.473029229459984,3.921162033261272,0.7842324066522545,0.2818181818181818,0.70277529,,,,4.593361238963205,,4.526056914939445,,0.937538519501686,Jose Mesa,961,118986,0.88571429,0.08857143,0.1,-0.01142857,0.2699680511182108,1.4875519459514983,116.24091416983084,114.5169644102344,,0.0673043240237598,,13,1,1,,,700,169,86,82,14,70,1,4,2,0,62,-0.6774398842826486,-13.276025995612144,12.598585437983274,-5.135399550199509,-0.5552380383014679,1.028836559683617,0.9195202316411516,0.8597142973116466,1.3849846766545222,26,-0.1848557703197002,-0.4735966125261927,0,0,1992,0.79,,,,,,,,,,
Scott Sanderson,NYY,12,11,0,33,33,193.1,4.841379437713082,2.9793104232080507,1.303448310153522,0.2949308755760368,0.69131833,,,,4.934482888438334,,4.645387247995022,,0.9189451932907104,Scott Sanderson,1011422,121678,1.625,0.12220917,0.07520564,0.04700353,0.280970625798212,1.4689655558873027,127.64611586820776,116.92182209020594,,0.2890956404433114,,17,2,1,,,851,220,116,106,28,64,5,4,4,1,104,-2.6390140056610107,-15.563070297241213,12.92405605316162,-18.858400344848633,-1.98753559589386,0.9049866199493408,0.8184325695037842,0.8765212297439575,1.0045548677444458,31,-2.802581787109375,-0.1134989012534397,0,0,1992,-0.12,,,,,,,,,,
Bryan Hickerson,SFG,5,3,0,61,1,87.1,7.0076339959084315,2.1641222634423096,0.7213740878141032,0.2701612903225806,0.75406032,,,,3.0916032334890136,,3.0237762627613582,,0.913201704621315,Bryan Hickerson,1005767,115887,3.23809524,0.19710145,0.06086957,0.13623188,0.2291021671826625,1.0877863228942826,91.24564330563312,86.30458399931568,,0.0678269707276553,,0,0,0,,,345,74,31,30,7,21,2,1,4,1,68,0.1387100666761398,-5.841429948806763,5.980139821767807,6.257999658584595,0.6805401593446732,0.983431566527436,1.1869508635323005,1.376154127668162,1.463852826154457,53,0.1544833704829216,-0.013436376063234,19,14,1992,0.88,,,,,,,,,,
Curt Young,- - -,4,2,0,23,7,67.2,2.6600985846519136,2.261083796954127,0.2660098584651914,0.3070866141732283,0.66528067,,,,3.99014787697787,,3.418786228712392,,0.8970618937164545,Curt Young,1014368,124689,1.17647059,0.06779661,0.05762712,0.01016949,0.2898550724637681,1.4334975706179758,101.07479565838094,87.32435468086933,,0.5713616482654786,,4,0,0,,,295,80,35,30,2,17,2,2,0,0,20,-1.3300740271806717,-5.1753939390182495,3.845319926738739,0.1358006000518798,0.0219779163599014,0.8098187476297549,0.7108810729271656,0.731930426929308,0.7661888632509444,18,0.1911219954490661,-1.833556220482314,1,5,1992,0.41,,,,,,,,,,
Ben Rivera,- - -,7,4,0,28,14,117.1,5.9062503520399545,3.4517047511921812,0.6903409502384362,0.2556818181818182,0.79763663,,,,3.0681820010597165,,3.720818289369349,,0.892351783812046,Ben Rivera,1010999,121245,1.71111111,0.15811088,0.09240246,0.06570842,0.2260273972602739,1.2272728004238866,87.41165519314454,106.55678603897496,,-0.6526362883096319,,9,4,1,,,487,99,40,40,9,45,4,4,5,0,77,0.6048399955034256,-6.299240171909332,6.904080152511597,10.515400126576424,1.0719753643497825,0.7877564335332333,0.7253364690991698,0.686357149056026,1.019423556678435,17,0.1533100306987762,0.6144907383671219,0,2,1992,2.56,,,,,,,,,,
Todd Worrell,STL,5,3,3,67,0,64.0,9.000001609325697,3.51562562864285,0.562500100582856,0.2530864197530864,0.85626911,,,,2.10937537718571,,2.8145682390779267,,0.8761495351791382,Todd Worrell,1014259,124581,2.56,0.25,0.09765625,0.15234375,0.1956521739130435,1.0937501955777758,60.86888835702931,80.36769317014853,,-0.7051928618922165,,0,0,0,,,256,45,15,15,4,25,5,1,1,1,64,1.9854819774627688,-5.792259693145752,7.7777419090271,13.116000175476074,1.5732181072235107,1.578254222869873,1.4495832920074463,1.4517552852630615,1.903615117073059,53,1.0419909954071045,0.2160331864337645,37,7,1992,1.85,,,,,,,,,,
Roger Pavlik,TEX,4,4,0,13,12,62.0,6.532259672167298,4.935485085637514,0.4354839781444864,0.331578947368421,0.71862348,,,,4.209678455396703,,3.751060407144404,,0.8619097867049277,Roger Pavlik,1010087,120315,1.32352941,0.16363636,0.12363636,0.04,0.2773109243697479,1.6129036227573574,107.89642060392434,96.031827687641,,0.4586180482522985,,7,1,0,,,275,66,32,29,3,34,0,3,9,0,45,-0.3915100282174535,-5.784470082842745,5.392960144090466,-3.466999650001526,-0.3867751695215702,1.1400228344504064,0.9632373048208546,0.8073076937490931,1.9601000849312793,12,-0.2611292861402035,-0.0822936843358191,0,0,1992,0.65,,,,,,,,,,
Charlie Hough,CHW,7,12,0,27,27,176.1,3.87901712512118,3.368620134973656,0.969754281280295,0.241852487135506,0.70251938,,,,3.930056824135932,,4.564036621338017,,0.860190212726593,Charlie Hough,1006050,116176,1.15151515,0.1011984,0.08788282,0.01331558,0.2359882005899705,1.281663553037115,102.12665140466528,116.5599377160128,,-0.6339797972020853,,15,4,0,,,751,160,88,77,19,66,2,7,10,1,76,0.2751161754131317,-12.6593656539917,12.934481620788574,-3.950000286102295,-0.4349732995033264,0.9689299464225768,0.9412602782249452,0.8796963095664978,1.2706173658370972,23,-0.415079802274704,0.699017951187222,0,0,1992,1.06,,,,,,,,,,
Greg Harris,SDP,4,8,0,20,20,118.0,5.033898305084746,2.669491525423729,0.9915254237288136,0.2631578947368421,0.6676783,,,,4.11864406779661,,4.037555521625584,,0.8417361974716187,Greg Harris,1005416,115522,1.88571429,0.13306452,0.07056452,0.0625,0.2461873638344226,1.2542372881355932,115.80826448512668,112.22964869794568,,0.081088546171026,,8,1,0,,,496,113,62,54,13,35,2,2,2,1,66,-0.6164340376853943,-8.33454418182373,7.718110084533691,-7.573299884796143,-0.7943379282951355,0.971525013446808,0.8879122138023376,0.8685200214385986,0.9736526012420654,19,0.4243759512901306,-1.0588774094650362,0,0,1992,-0.52,,,,,,,,,,
Jeff Parrett,OAK,9,1,0,66,0,98.1,7.138983974002124,3.844068293693451,0.6406780489489086,0.2633451957295373,0.78125,,,,3.020339373616283,,3.4646742538007342,,0.838432788848877,Jeff Parrett,1010019,120245,1.85714286,0.1902439,0.10243902,0.08780488,0.221311475409836,1.2508476193764404,81.63768121638186,89.68291135575409,,-0.4443348801844511,,0,0,0,,,410,81,35,33,7,42,3,2,13,0,78,1.6167480945587158,-6.616405963897705,8.233154296875,9.546000480651855,1.000270962715149,1.1139962673187256,1.1631464958190918,1.378833293914795,1.4239115715026855,52,1.0341836214065552,0.4171211468311895,23,10,1992,1.54,,,,,,,,,,
David Nied,ATL,3,0,0,6,2,23.0,7.434782608695652,1.9565217391304348,0.0,0.1694915254237288,0.8,,,,1.173913043478261,,1.7833182334899904,,0.8332285583019257,David Nied,1009577,119780,3.8,0.22891566,0.06024096,0.1686747,0.1282051282051282,0.6521739130434783,32.589162651475164,49.87255796503551,,-0.6094051900117294,,2,0,0,,,83,10,3,3,0,5,0,0,0,0,19,0.9701319932937622,-0.874499998986721,1.8446320295333865,7.158300161361694,0.8268930017948151,1.105531467409695,1.1352411210536957,1.3395333290100098,0.9957333405812582,6,0.8685994148254395,0.0089260305305581,3,0,1992,1.05,,,,,,,,,,
Derek Lilliquist,CLE,5,3,6,71,0,61.2,6.85946228829968,2.627028110412643,0.7297300306701786,0.2035928143712574,0.88461538,,,,1.7513520736084287,,3.2860211435072246,,0.8261954188346863,Derek Lilliquist,1007607,117767,2.61111111,0.19665272,0.07531381,0.12133891,0.1780821917808219,0.9243247055155596,44.5033387733946,84.01303942728427,,-1.534669069898796,,0,0,0,,,239,39,13,12,5,18,6,2,2,0,47,2.1823179721832275,-4.745811939239502,6.928130149841309,17.85300064086914,1.8280519247055056,1.546202540397644,1.710891842842102,1.69040846824646,2.11391019821167,49,1.3422555923461914,0.0691493919076766,24,7,1992,2.47,,,,,,,,,,
Darryl Kile,HOU,5,10,0,22,22,125.1,6.462767006531899,4.523936904572329,0.574468178358391,0.2982005141388175,0.72302558,,,,3.9494687262139383,,3.7806588209177527,,0.8190848231315613,Darryl Kile,1163,117046,1.42857143,0.16245487,0.11371841,0.04873646,0.2546201232032854,1.4920215187919323,117.26866336168932,112.84322013499391,,0.1688099052961855,,11,2,0,,,554,124,61,55,8,63,4,4,3,4,90,-1.0795621871948242,-10.576268196105955,9.496706008911133,-7.005199909210205,-0.8282925486564636,1.07315993309021,0.8706072568893433,0.8822363615036011,1.2345900535583496,20,-1.1353288888931274,0.1293630920839057,0,0,1992,-0.12,,,,,,,,,,
Dennis Rasmussen,- - -,4,1,0,8,6,42.2,2.531249698251522,1.687499798834348,0.4218749497085869,0.2222222222222222,0.73298429,,,,2.531249698251522,,3.463005652464936,,0.818719856441021,Dennis Rasmussen,1010703,120936,1.5,0.07594937,0.05063291,0.02531646,0.2147651006711409,0.9374998882413044,66.46717828845965,92.40274842706606,,-0.9317559542134144,,4,1,1,,,158,32,13,12,2,8,1,1,3,0,12,1.3010820597410202,-2.158742018043995,3.459824088960886,7.988600134849548,0.8059668391942978,1.0447329409115496,1.0668838687918405,0.7198000028729439,0.8053333424031734,6,1.1144520118832588,0.1309208569053916,0,1,1992,1.58,,,,,,,,,,
Scott Scudder,CLE,6,10,0,23,22,109.0,5.449541665841315,4.54128472153443,0.825688131188078,0.3297872340425531,0.62711864,,,,5.2844040396037,,4.333777057609826,,0.8063695728778839,Scott Scudder,1011699,121951,1.2,0.12966601,0.10805501,0.021611,0.2964601769911504,1.733945075494964,134.2811800858718,110.74321298778706,,0.9506269819938744,,12,0,0,,,509,134,80,64,10,55,0,2,7,0,66,-1.4395358860492706,-10.046443551778792,8.606907904148102,-20.81899929046631,-2.07573664188385,1.0411500148267054,0.955587915579478,0.8794347825257675,1.4691564997901088,23,-2.3484321236610413,0.9657919031843842,0,1,1992,-1.69,,,,,,,,,,
Tom Browning,CIN,6,5,0,16,16,87.0,3.413792804078481,2.896551470127196,0.620689600741542,0.3217665615141956,0.6867284,,,,5.068965072722593,,3.95573192377957,,0.7927543520927429,Tom Browning,1001566,111611,1.17857143,0.08549223,0.07253886,0.01295337,0.3033707865168539,1.5632182537194392,142.27494372555967,107.775419128036,,1.113233148943023,,7,0,0,,,386,108,49,49,6,28,7,2,3,1,33,-0.9757300615310668,-6.852441787719727,5.876711845397949,-10.94159984588623,-1.275895357131958,0.9775826930999756,0.8222059607505798,0.8738124966621399,1.2648625373840332,16,-1.1972272396087646,0.1991223545509429,0,0,1992,-0.26,,,,,,,,,,
Rick Aguilera,MIN,2,6,41,64,0,66.2,7.020001874542737,2.295000612831279,0.9450002523422916,0.2704081632653061,0.73313783,,,,2.8350007570268745,,3.3983183977127513,,0.791744589805603,Rick Aguilera,1000086,110090,3.05882353,0.19047619,0.06227106,0.12820513,0.2352941176470588,1.1550003084183562,69.8351187266765,86.68192250163807,,-0.5633176406858769,,0,0,0,,,273,60,28,21,7,17,4,1,5,0,52,0.2104180753231048,-9.051843643188477,9.262264251708984,4.894999980926514,0.4104143679141998,1.995819926261902,1.728550672531128,1.7186719179153442,1.1509333848953247,3,0.8077124953269958,-0.7022831063554115,28,8,1992,0.58,,,,,,,,,,
Joe Grahe,CAL,5,6,21,46,7,94.2,3.7077467278861143,3.7077467278861143,0.4753521446007839,0.2580645161290322,0.75609756,,,,3.517605870045801,,4.072050714407672,,0.7882346883416176,Joe Grahe,1004939,115035,1.0,0.09774436,0.09774436,0.0,0.2401129943502825,1.3098592428999378,88.05259936072046,101.0555280073587,,-0.5544448443618708,,3,0,0,,,399,85,37,37,5,39,2,6,3,0,39,1.2413261532783508,-9.155344009399414,10.396667957305908,3.92240047454834,0.4077208042144775,1.5017615140202534,1.3517423901293013,1.6024956767973693,1.3663866599400838,15,0.4587820172309875,0.3677980633540378,24,4,1992,1.85,,,,,,,,,,
Storm Davis,BAL,7,3,4,48,2,89.1,5.339553112839383,3.626866265324864,0.5037314257395644,0.2681159420289855,0.74545455,,,,3.425373695029038,,3.6004825463563948,,0.7879935055971146,Storm Davis,1003080,113105,1.47222222,0.14247312,0.09677419,0.04569893,0.2365269461077844,1.2873136435566646,86.28859472354274,90.1550921518176,,-0.1751088513273568,,0,0,0,,,372,79,35,34,5,36,6,2,4,0,53,1.5163859128952026,-5.602768123149872,7.119153916835785,13.457000494003296,1.4448679089546204,1.103697080845085,0.9946942837150008,1.2032000521818798,1.6069083313147228,24,1.0503032058477402,0.3236117380371597,17,8,1992,1.4,,,,,,,,,,
Jim Gott,LAD,3,3,6,68,0,88.0,7.670456540486563,4.193182908799321,0.4090910154926166,0.2741935483870967,0.80258303,,,,2.4545460929557,,3.1015001344286923,,0.7818544507026672,Jim Gott,1004898,114992,1.82926829,0.20325203,0.11111111,0.09214092,0.2201834862385321,1.2840912430740468,72.65414871786437,89.69021959291534,,-0.6469540414729922,,0,0,0,,,369,72,27,24,4,41,13,1,9,3,75,0.9664300680160522,-6.878809928894043,7.845240116119385,8.78600025177002,1.0418236255645752,1.2428139448165894,1.3783297538757324,1.5410912036895752,2.003314971923828,40,0.9950277805328368,-0.217413341906084,20,15,1992,2.53,,,,,,,,,,
Larry Andersen,SDP,1,1,2,34,0,35.0,9.0,2.057142857142857,0.5142857142857142,0.2553191489361702,0.65217391,,,,3.342857142857143,,2.2976039477757046,,0.7805083990097046,Larry Andersen,1000236,110224,4.375,0.25,0.05714286,0.19285714,0.1984732824427481,0.9714285714285714,93.99464429639384,63.766484542407476,,1.0452531950814383,,0,0,0,,,140,26,14,13,2,8,2,1,0,0,35,-0.1026739850640297,-2.465092182159424,2.3624179363250732,-0.5569998621940613,-0.0676778852939605,1.0450806617736816,1.2561510801315308,1.3797706365585327,1.6638095378875732,21,0.2713336050510406,-0.3695786389700247,7,5,1992,0.14,,,,,,,,,,
Rick Honeycutt,OAK,1,4,3,54,0,39.0,7.384616106924996,2.3076925334140617,0.4615385066828122,0.319672131147541,0.68359375,,,,3.692308053462498,,2.8089592616390355,,0.7803584337234497,Rick Honeycutt,1005992,116118,3.2,0.18934911,0.0591716,0.13017752,0.2628205128205128,1.3076924356013016,99.80052919031544,72.744375634519,,0.8833487918234626,,0,0,0,,,169,41,19,16,2,10,3,3,2,0,32,-0.2241599410772323,-4.258790016174316,4.034629821777344,-1.5800000429153442,-0.1455380171537399,1.324593186378479,1.5077180862426758,1.6407407522201538,1.1691830158233645,47,-0.0349000170826911,-0.1343292552572184,15,10,1992,-0.02,,,,,,,,,,
Kevin Ritz,DET,2,5,0,23,11,80.1,6.385892065642645,4.929460541899585,0.448132776536326,0.3230769230769231,0.64142195,,,,5.6016597067040745,,3.7667207153335953,,0.7641507983207703,Kevin Ritz,1010998,121244,1.29545455,0.1548913,0.11956522,0.03532609,0.2741433021806853,1.6431535139665283,139.92001962768262,93.32701815748644,,1.8349389913704792,,3,0,0,,,368,88,52,50,4,44,4,3,7,1,57,-0.6149780284613371,-4.6736361384391785,4.058658093214035,-4.907999932765961,-0.5941896885633469,0.7092889444712474,0.6118200505773227,0.53437391312226,0.8759368156131945,19,0.0018974244594573,-0.8689319852755489,2,0,1992,-0.54,,,,,,,,,,
Mark Portugal,HOU,6,3,0,18,16,101.1,5.506579223762272,3.641447551197632,0.6217105575215469,0.2346938775510204,0.7948244,,,,2.664473817949487,,3.7010814374503687,,0.7484427616000175,Mark Portugal,1010460,120690,1.51219512,0.15308642,0.10123457,0.05185185,0.209366391184573,1.1546053211114442,79.114256841498,110.46285607836992,,-1.0366076195008818,,11,1,1,,,405,76,32,30,7,41,3,1,1,1,62,0.9620498418807985,-6.571025878190994,7.533075837418437,9.7391996383667,1.1999387443065643,1.0346626421984504,0.9660794532523964,0.9148888985315958,1.5854352993123673,17,1.0816744714975357,-0.1518546416865013,0,1,1992,1.87,,,,,,,,,,
Bob Wickman,NYY,6,1,0,8,8,50.1,3.7549672668626055,3.5761593017739104,0.357615930177391,0.2916666666666667,0.68376068,,,,4.112583197039997,,3.7766958173160767,,0.7359814047813416,Bob Wickman,413,124233,1.05,0.09859155,0.09389671,0.00469484,0.2670157068062827,1.4105961690330424,106.3850626611758,95.09061199113565,,0.3358873797239199,,5,0,0,,,213,51,25,23,2,20,0,2,3,0,21,0.0767760053277015,-4.292156219482422,4.368931770324707,-0.3377999067306518,-0.0178367719054222,1.1333997249603271,0.9739614725112916,0.871275007724762,1.5733749866485596,8,-0.2438523769378662,0.3115919428093763,0,0,1992,0.59,,,,,,,,,,
Pat Mahomes,MIN,3,4,0,14,13,69.2,5.684210111319794,4.77990395724619,0.6459329671954311,0.3148148148148148,0.66990291,,,,5.038277144124363,,4.0464760360055,,0.7349359397776425,Pat Mahomes,291,118163,1.18918919,0.14569536,0.12251656,0.02317881,0.2754716981132075,1.578947253144387,124.10884958874458,103.18030167328304,,0.9918011081188628,,4,0,0,,,302,73,41,39,5,37,0,0,2,1,44,-1.0845419212710112,-6.354928086104337,5.270385926356539,-7.810600459575653,-0.8500103130936623,1.0249846300611924,0.8685410999330796,0.7892857235191124,1.1044615507125854,13,-0.841003030538559,-0.2171025151087577,0,0,1992,-0.04,,,,,,,,,,
Mike Timlin,TOR,0,2,1,26,0,43.2,7.21374276870758,4.12213872497576,0.0,0.3358208955223881,0.65151515,,,,4.12213872497576,,2.623012838629822,,0.7267168164253235,Mike Timlin,1187,123348,1.75,0.18421053,0.10526316,0.07894737,0.2662721893491124,1.4885500951301356,102.62433036811252,64.96917577889732,,1.4991258863459378,,0,0,0,,,190,45,23,20,0,20,5,1,0,0,35,-0.5223780274391174,-2.198132038116455,1.675753831863403,-1.3360003232955933,-0.1278773695230484,0.6443488597869873,0.5995916724205017,0.769015371799469,0.2630499899387359,12,0.7339684367179871,-1.544675275885528,2,5,1992,0.01,,,,,,,,,,
Jeff Reardon,- - -,5,2,30,60,0,58.0,6.0517247349697705,1.3965518619161008,0.931034574610734,0.3227513227513227,0.8045977,,,,3.413793440239358,,3.3522838068632166,,0.7079427540302277,Jeff Reardon,1010741,120971,4.33333333,0.15918367,0.03673469,0.12244898,0.2863247863247863,1.3103449568595515,83.42126581895168,86.36553909378263,,0.0615096333761413,,0,0,0,,,245,67,22,22,6,9,1,2,0,0,39,-1.201915979385376,-8.515672206878662,7.3137558698654175,-3.5390000343322754,-0.3725385069847107,1.79244926071167,1.9299113477979388,1.9533299446105956,2.149260067939758,10,-0.275987297296524,-0.3945566370451209,20,14,1992,1.1800000000000002,,,,,,,,,,
Paul Quantrill,BOS,2,3,1,27,0,49.1,4.378379168346874,2.736486980216796,0.1824324653477864,0.313953488372093,0.76149425,,,,2.189189584173437,,3.046831794547904,,0.7064689993858337,Paul Quantrill,669,120824,1.6,0.11267606,0.07042254,0.04225352,0.2791878172588832,1.4189191749272276,52.76837710927681,76.83690776215204,,-0.857642210374467,,0,0,0,,,213,55,18,12,1,15,5,1,1,0,24,-1.1304360628128052,-4.659979820251465,3.5295441150665283,3.5999999046325684,0.3927409648895263,1.137177586555481,1.0160194635391235,1.1574963331222534,1.92908239364624,17,-0.0871894061565399,-0.9068822992460472,3,8,1992,1.26,,,,,,,,,,
Alan Mills,BAL,10,4,2,35,3,103.1,5.225807384050518,4.703226645645466,0.4354839486708765,0.237012987012987,0.79365079,,,,2.612903692025259,,3.847834552463244,,0.7032357789576054,Alan Mills,1008949,119142,1.11111111,0.14018692,0.12616822,0.01401869,0.2091152815013404,1.2774195827679042,65.82166146135037,96.33656345021716,,-1.2349308604379847,,0,0,0,,,428,78,33,30,5,54,10,1,2,0,60,2.83933586999774,-6.2024160623550415,9.041752099990845,16.60500067472458,1.709320344030857,1.1454929105440776,1.07184656529591,1.3457600014550346,0.9484956212665724,23,1.0271602272987366,1.4515420360344633,15,2,1992,2.64,,,,,,,,,,
Jimmy Jones,HOU,10,6,0,25,23,139.1,4.456938243918551,2.5191390074322246,0.8397130024774083,0.2693156732891832,0.71517413,,,,4.069378396621286,,3.953174809590995,,0.6959476321935654,Jimmy Jones,1006569,116694,1.76923077,0.11917098,0.06735751,0.05181347,0.2523364485981308,1.2488039524022996,120.82905280837076,118.00361672932344,,0.1162035870302915,,10,0,0,,,579,135,64,63,13,39,3,5,4,1,69,0.0281340181827545,-9.912384279072285,9.940517663955688,-4.454800128936768,-0.5540154874324799,1.0033159241324563,0.9366983851870976,0.9642799830436708,1.4727249989906948,24,-0.1563660502433776,0.1844070864773847,1,0,1992,0.33,,,,,,,,,,
Steve Howe,NYY,3,0,6,20,0,22.0,4.90909303712543,1.2272732592813576,0.4090910864271191,0.1269841269841269,0.47169811,,,,2.454546518562715,,2.692409103172853,,0.6842737793922424,Steve Howe,1006107,116222,4.0,0.15189873,0.03797468,0.11392405,0.1184210526315789,0.5454547819028256,63.49466324961153,67.84124561303004,,-0.2378625846101378,,0,0,0,,,79,9,7,6,1,3,1,0,1,0,12,1.5401519536972046,-1.549693942070007,3.089846134185791,7.352999687194824,0.7449210286140442,2.0105106830596924,2.3561415672302246,2.4877700805664062,3.320659875869751,10,0.9932159185409546,-0.2271657967115461,10,5,1992,0.68,,,,,,,,,,
John Habyan,NYY,5,6,7,56,0,72.2,5.449543191592432,2.600918341441843,0.7431195261262408,0.3209876543209876,0.76064909,,,,3.839450884985577,,3.595245123146438,,0.6813403367996216,John Habyan,1005176,115281,2.0952381,0.13924051,0.0664557,0.07278481,0.2866894197952218,1.444954634134357,99.31962550391292,90.53054832854892,,0.2442057618391384,,0,0,0,,,316,84,32,31,6,21,5,2,2,1,44,1.355654001235962,-8.296895980834961,9.652549743652344,-2.127000093460083,-0.188976839184761,1.7389464378356934,1.673374056816101,1.682474970817566,1.4827722311019895,36,0.1127731055021286,0.6668104237773699,22,11,1992,0.79,,,,,,,,,,
Paul Assenmacher,CHC,4,4,8,70,0,68.0,8.86765004359415,3.4411776288574316,0.794117914351715,0.336734693877551,0.74514039,,,,4.1029425574838605,,3.239200739877086,,0.6774788498878479,Paul Assenmacher,1000344,110358,2.57692308,0.22483221,0.08724832,0.13758389,0.2676579925650557,1.4411769556753349,114.06186604917612,89.78399271670662,,0.8637418176067744,,0,0,0,,,298,72,32,31,6,26,5,3,4,0,67,-0.0062739453278481,-7.756710052490234,7.750435829162598,-2.0289998054504395,-0.2437295764684677,1.5988067388534546,1.6431021690368652,1.7601171731948853,1.6941829919815063,47,-0.4206640124320984,0.4167398700230244,24,15,1992,-0.07,,,,,,,,,,
Tim Pugh,CIN,4,2,0,7,7,45.1,3.573529812703953,2.5808826425084104,0.397058868078217,0.2941176470588235,0.79037801,,,,2.5808826425084104,,3.489200665629043,,0.6669658422470093,Tim Pugh,1010560,120793,1.38461538,0.09625668,0.06951872,0.02673797,0.2716763005780346,1.323529560260723,72.4398230126162,95.0381167237054,,-0.9083180231206324,,5,0,0,,,187,47,15,13,2,13,3,1,0,0,18,0.5169100761413574,-3.04285192489624,3.5597620010375977,4.137500286102295,0.4853100776672363,1.0715702772140503,0.9576389193534852,0.880057156085968,1.1760857105255127,7,0.1595429182052612,0.3228426864843905,0,0,1992,1.08,,,,,,,,,,
Jack Armstrong,CLE,6,15,0,35,23,166.2,6.156000375732445,3.6180002208252087,1.2420000758056686,0.2897727272727273,0.6828812,,,,4.644000283447283,,4.46931833639527,,0.6536506116390228,Jack Armstrong,1000313,110325,1.70149254,0.15510204,0.09115646,0.06394558,0.2646616541353383,1.4580000889892633,118.00797851694752,114.20111941215744,,0.1746819470520124,,7,1,0,,,735,176,100,86,23,67,0,3,6,3,114,-2.7408140897750854,-13.46662211418152,10.725808024406431,-19.95099925994873,-2.1543679237365723,0.8833525254936416,0.8145761173733032,0.8318514193807329,1.012765500052222,29,-1.563032627105713,-1.539708363240631,4,0,1992,-0.41,,,,,,,,,,
Tom Henke,TOR,3,2,34,57,0,55.2,7.437126088268078,3.556886390041255,0.8083832704639216,0.2258064516129032,0.78181818,,,,2.2634731572989804,,3.4839170678920564,,0.6455934643745422,Tom Henke,1005649,115765,2.09090909,0.20175439,0.09649123,0.10526316,0.1941747572815534,1.113772505972514,56.35118868430883,86.23543767967477,,-1.220443910593076,,0,0,0,,,228,40,19,14,5,22,2,0,4,0,46,2.6386899948120117,-4.814209938049316,7.452899932861328,9.199000358581545,0.9313921332359314,1.6827316284179688,1.5541660785675049,1.5687474012374878,2.252314329147339,7,1.0930688381195068,0.4750302872845799,29,4,1992,1.21,,,,,,,,,,
Dan Plesac,MIL,5,4,1,44,4,79.0,6.151899031235853,3.987341964689905,0.5696202806699864,0.2532188841201717,0.77894737,,,,2.9620254594839293,,3.682052454102635,,0.6386939436197281,Dan Plesac,1319,120624,1.54285714,0.16363636,0.10606061,0.05757576,0.2191780821917808,1.25316461747397,75.68256081292174,94.5026580989532,,-0.7200269946187063,,0,0,0,,,330,64,28,26,5,35,5,3,3,1,54,-0.5156560577452183,-4.9854819774627686,4.469826102256775,2.5046002864837646,0.2367208302021026,0.8858561863941429,0.9647936871711243,1.1820091009140017,1.4857806351877028,31,0.3649007081985473,-0.9469997731090544,9,7,1992,1.51,,,,,,,,,,
Walt Terrell,DET,7,10,0,36,14,136.2,4.017073693987514,3.1609760214983713,0.9219513396036916,0.3072164948453608,0.65843621,,,,5.202439702049403,,4.3418550218676595,,0.6333226782735437,Walt Terrell,1012924,123194,1.27083333,0.09983633,0.07855974,0.0212766,0.2910714285714286,1.5439026401299916,129.94817667188985,107.55023162713744,,0.8605846801817432,,6,1,0,,,611,163,86,79,14,48,10,3,3,0,61,-2.4360862374305725,-11.174717903137209,8.738631963729858,-17.471999883651733,-1.788102775812149,0.9346594001087292,0.8459611658255259,1.0361277924643622,1.0520142785140447,28,-0.7741736769676208,-1.8322155993261624,5,8,1992,-1.01,,,,,,,,,,
Bob Welch,OAK,11,7,0,20,20,123.2,3.4204854565631595,3.1293803113237417,0.946091722028108,0.2475490196078431,0.79545455,,,,3.2749328839434506,,4.481431580719928,,0.6275487542152405,Bob Welch,1013750,124064,1.09302326,0.09161793,0.08382066,0.00779727,0.2435897435897435,1.2695418834052388,88.51916745511652,115.94795105702912,,-1.2064986967764773,,10,0,0,,,513,114,47,45,13,43,0,2,1,0,47,1.3934659957885742,-7.745550155639648,9.139016151428224,14.392199516296388,1.54389226436615,0.9777610898017884,0.9174984097480774,0.8798999786376953,0.9587600231170654,20,1.0752923488616943,0.3498676522087691,0,0,1992,2.46,,,,,,,,,,
Juan Agosto,- - -,2,4,0,39,1,50.0,4.500001266003011,2.1600006076814453,0.3600001012802409,0.3459459459459459,0.57544757,,,,6.120001721764095,,3.2033183516502715,,0.6093058809638023,Juan Agosto,1000084,110088,2.08333333,0.11013216,0.05286344,0.05726872,0.3113207547169811,1.5600004388810438,168.76420983851477,89.24504654583873,,2.9166833701138235,,0,0,0,,,227,66,36,34,2,12,2,3,2,0,25,-1.648069992661476,-4.476991981267929,2.828921988606453,-17.78800004720688,-1.9828239902853968,1.022660755504996,1.0743477161114032,1.3143641031705415,1.233037025840194,27,-1.3020224180072546,-0.3095286108064494,6,9,1992,-1.1700000000000002,,,,,,,,,,
Kelly Downs,- - -,6,7,0,37,20,144.1,4.427252531678699,4.364896862218435,0.4988453556821069,0.26875,0.74457594,,,,3.3672061508542215,,4.120500923026749,,0.6066920459270477,Kelly Downs,1003453,113519,1.01428571,0.11163522,0.11006289,0.00157233,0.2450805008944543,1.4341803975860574,94.73171381247872,111.08861069285076,,-0.7532947721725276,,7,0,0,,,636,137,63,54,8,70,3,7,7,1,71,0.2546659708023071,-9.743611872196198,9.998278200626372,-2.0373997688293457,-0.2520929835736751,0.9588979299661832,0.8292224469049921,0.7615675652349317,1.1937400023142497,30,-0.616141214966774,0.8817231531938053,4,2,1992,1.1,,,,,,,,,,
Doug Henry,MIL,1,4,29,68,0,65.0,7.200000845102263,3.323077313124122,0.8307693282810303,0.2974358974358974,0.67839196,,,,4.015385086691646,,3.491010624247905,,0.5955941081047058,Doug Henry,1005668,115790,2.16666667,0.18772563,0.0866426,0.10108303,0.2529644268774703,1.3538463127542717,102.59689869910392,89.6088349336276,,0.524374462443741,,0,0,0,,,277,64,34,29,6,24,4,0,4,0,52,0.5448940396308899,-7.126532077789307,7.671422004699707,-9.13700008392334,-0.9338131546974182,1.478919267654419,1.6004174947738647,1.517358899116516,1.884783387184143,12,-0.0777554661035537,0.4461961589448184,25,11,1992,-0.22,,,,,,,,,,
Don Robinson,- - -,2,4,0,11,11,60.0,3.900000619888404,1.050000166893032,1.050000166893032,0.2890995260663507,0.60422961,,,,5.100000810623298,,3.833318400383022,,0.5804141163825989,Don Robinson,1011061,121308,3.71428571,0.1031746,0.02777778,0.07539683,0.2786885245901639,1.250000198682181,144.04261476062305,107.06011628364926,,1.2666824102402758,,5,0,0,,,252,68,36,34,7,7,0,1,1,0,26,-0.7992720007896423,-4.253105878829956,3.4538339376449585,-11.864399909973145,-1.3458872437477112,0.8822892589515514,0.7432887920966516,0.8762181780555032,0.981181811202656,11,-0.8078766763210297,-0.0980303067691183,0,0,1992,-0.29999999999999993,,,,,,,,,,
Bill Gullickson,DET,14,13,0,34,34,221.2,2.598496180977586,2.0300751413887395,1.4210525989721174,0.2506493506493506,0.73799127,,,,4.344360802571902,,4.935197883362054,,0.5748991966247559,Bill Gullickson,1005136,115242,1.28,0.06964091,0.05440696,0.01523395,0.2623705408515535,1.2541353095690433,108.51481178660391,122.22374715881524,,-0.590837080790152,,17,4,1,,,919,228,109,107,35,50,5,0,6,0,64,-0.1711940020322799,-15.92817211151123,15.756978034973145,8.823999404907227,0.808938205242157,0.9322793483734132,0.9178723692893982,0.8802117705345154,1.3570467233657837,30,-0.7526315450668335,0.5690020328064049,0,0,1992,1.65,,,,,,,,,,
Bobby Ayala,CIN,2,1,0,5,5,29.0,7.137931034482759,4.0344827586206895,0.3103448275862069,0.3595505617977528,0.70175439,,,,4.344827586206897,,3.0936630610761973,,0.5705381035804749,Bobby Ayala,1000384,110402,1.76923077,0.18110236,0.1023622,0.07874016,0.2920353982300885,1.5862068965517242,121.94996245906768,84.2390930924773,,1.2511645251306995,,3,0,0,,,127,33,15,14,1,13,2,1,0,0,23,-0.1654340028762817,-1.9481079578399656,1.7826740741729736,-1.8402999639511108,-0.2302039712667465,0.7767252922058105,0.7174450755119324,0.8700000047683716,0.4568400084972381,5,-0.4970551133155823,0.2840660365643048,0,0,1992,0.04,,,,,,,,,,
Bob Walk,PIT,10,6,2,36,19,135.0,3.999999943485967,2.8666666261649434,0.6666666572476612,0.2723214285714285,0.76047904,,,,3.199999954788774,,3.946281180022021,,0.566991850733757,Bob Walk,1013507,123810,1.39534884,0.10582011,0.07583774,0.02998236,0.2548262548262548,1.2962962779815634,92.3867016305454,114.5549419744098,,-0.7462812252332474,,10,1,0,,,567,132,54,48,10,43,5,6,7,2,60,0.0854860544204711,-10.12244176864624,10.20792818069458,5.086800813674927,0.5740009099245071,1.0295142225933551,0.9091544675994928,0.9951499766773648,1.046000029359545,28,0.2385554909706115,-0.1555201597974966,6,2,1992,1.26,,,,,,,,,,
Mike Trombley,MIN,3,2,0,10,7,46.1,7.381295774313923,3.302158635877281,0.9712231281992004,0.2857142857142857,0.75925926,,,,3.302158635877281,,3.7113758893247817,,0.5622147545218468,Mike Trombley,758,123472,2.23529412,0.19587629,0.08762887,0.10824742,0.2443181818181818,1.294964170932267,81.34270857572965,94.65057224669673,,-0.4092172534475007,,2,0,0,,,194,43,20,17,5,17,0,1,0,0,38,-0.2426100373268127,-3.932418141514063,3.689808040857315,1.1723997592926023,0.1745592057704925,1.05551384575665,0.9656054135411978,0.6696600183844567,0.8208800092339515,10,0.3057402893900871,-0.5355904598091181,0,0,1992,0.61,,,,,,,,,,
Vicente Palacios,PIT,3,2,0,20,8,53.0,5.603774391573692,4.584906320378476,0.1698113451992028,0.3216374269005848,0.71078431,,,,4.24528362998007,,3.3116201963319547,,0.5505657605826855,Vicente Palacios,1009965,120185,1.22222222,0.14224138,0.11637931,0.02586207,0.2731707317073171,1.566037961281537,122.5649242504119,96.0931601236542,,0.9336634336481148,,2,0,0,,,232,56,25,25,1,27,1,0,7,0,33,-0.2331079542636871,-3.795144021511078,3.562035918235779,-4.48039972782135,-0.4405309110879898,0.9682437492768292,0.8363796512959367,0.762060022354126,1.0210000276565552,16,-0.2150866687297821,-0.0256667101975726,1,3,1992,0.04,,,,,,,,,,
Terry Leach,CHW,6,5,0,51,0,73.2,2.6877837333105212,2.4434397575550193,0.2443439757555019,0.2254098360655737,0.81841432,,,,1.9547518060440152,,3.516350160756496,,0.5491520166397095,Terry Leach,1007427,117581,1.1,0.07534247,0.06849315,0.00684932,0.2126865671641791,1.0452492296207585,50.796277308888136,89.84474208649492,,-1.5615983547124808,,0,0,0,,,292,57,17,16,2,20,5,4,0,0,22,0.5676661133766174,-5.35191011428833,5.919576168060303,17.05699920654297,1.8074951171875,1.1132057905197144,1.1286407709121704,1.1171529293060305,1.4546200037002563,30,1.5894261598587036,-1.079487999088272,15,9,1992,2.19,,,,,,,,,,
Scott Radinsky,CHW,3,7,15,68,0,59.1,7.280904181635614,5.15730712865856,0.4550565113522258,0.293103448275862,0.8041958,,,,2.7303390681133552,,3.6428694215997504,,0.5486995577812195,Scott Radinsky,1010641,120877,1.41176471,0.18390805,0.1302682,0.05363985,0.24,1.4831471481109584,70.95072633893976,93.07088552873572,,-0.9125303534863952,,0,0,0,,,261,54,21,18,3,34,5,2,3,0,48,0.8878480792045593,-7.463863849639893,8.351712226867676,5.465000152587891,0.590675950050354,1.7698894739151,2.016404151916504,2.1582705974578857,2.669445753097534,35,0.1431997120380401,0.3584406967500786,27,17,1992,1.11,,,,,,,,,,
Mike Fetters,MIL,5,1,2,50,0,62.2,6.1755332932749445,3.446809279967411,0.4308511599959264,0.2108433734939759,0.83333333,,,,1.8670216933156811,,3.517360950520087,,0.5454233288764954,Mike Fetters,988,114097,1.79166667,0.17695473,0.09876543,0.0781893,0.1792452830188679,0.9893619229536088,47.70417566499474,90.28383808462732,,-1.650339257204406,,0,0,0,,,243,38,15,13,3,24,2,7,4,1,43,1.4843919277191162,-3.346266031265259,4.830657958984375,10.515999794006348,1.1520265340805054,1.1785974502563477,1.3525480031967163,1.4995919466018677,1.5787230730056765,39,1.0459744930267334,0.2134817593147744,14,8,1992,2.23,,,,,,,,,,
Dwayne Henry,CIN,3,3,0,60,0,83.2,7.745021568242137,4.733068736147972,0.430278976013452,0.238095238095238,0.74186992,,,,3.3346620641042533,,3.2972625659505024,,0.5450761318206787,Dwayne Henry,1005670,115781,1.63636364,0.20454545,0.125,0.07954545,0.1921824104234527,1.231075959149599,93.5967896222582,89.79779557521485,,0.0373994981537508,,0,0,0,,,352,59,31,31,4,44,6,1,12,0,72,0.2517518997192383,-3.88429594039917,4.136047840118408,2.9789998531341553,0.2807983458042145,0.6643856167793274,0.7667785286903381,0.8752933144569397,0.8345714211463928,49,0.328369528055191,0.0505548396029013,10,6,1992,1.05,,,,,,,,,,
Mike Magnante,KCR,4,9,0,44,12,89.1,3.12313383935854,3.526118850888674,0.5037312644126677,0.3333333333333333,0.68275862,,,,4.936566391244144,,4.059437436668748,,0.5346646904945374,Mike Magnante,929,118141,0.88571429,0.07692308,0.08684864,-0.00992556,0.314207650273224,1.6791042147088924,122.01843246812842,106.04177047461624,,0.8771289545753955,,3,0,0,,,403,115,53,49,5,35,5,2,2,0,31,-1.48917818069458,-8.651400327682495,7.162222146987915,-14.512999892234802,-1.491724669933319,1.1208665339645167,1.0326096511112068,1.1860363320870833,1.3358484614979138,33,-0.5253418982028961,-0.8032535550196576,9,7,1992,0.08,,,,,,,,,,
Scott Bankhead,CIN,10,4,1,54,0,70.2,6.750001700419729,3.693397156833436,0.5094340905977154,0.2523809523809524,0.75539568,,,,2.9292460209368634,,3.377658005853992,,0.5305510759353638,Scott Bankhead,1000510,110531,1.82758621,0.17725753,0.09698997,0.08026756,0.2134831460674157,1.2169814386500977,82.21763354215945,91.99276324799088,,-0.4484119849171284,,0,0,0,,,299,57,26,23,4,29,5,3,6,0,53,0.5145360231399536,-5.463616371154785,5.978152275085449,6.322000026702881,0.6848430037498474,1.183181643486023,1.3611291646957395,1.414462924003601,1.6389000415802002,44,0.4608025848865509,-0.0259276643933883,19,12,1992,1.05,,,,,,,,,,
Frank Tanana,DET,13,11,0,32,31,186.2,4.387500239099788,4.339285950758033,1.06071434351863,0.2730263157894737,0.71990559,,,,4.387500239099788,,4.8993897773781665,,0.5248438054695725,Frank Tanana,1012818,123084,1.01111111,0.11124694,0.11002445,0.00122249,0.260748959778086,1.4892857954453491,109.59236221304003,121.33820385255348,,-0.5118895382783784,,18,3,0,,,818,188,102,91,22,90,9,7,11,1,91,-0.0797420591115951,-13.833506152033806,13.753763765096664,-6.428000330924988,-0.5829318165779114,0.974391765754532,0.8508684550872957,0.8745562508702278,1.1160551186265617,29,-1.1026970241218803,1.0208592439659223,1,0,1992,0.29,,,,,,,,,,
Chuck McElroy,CHC,4,7,6,72,0,83.2,8.928289566432015,5.48605744443413,0.5378487690621696,0.2956521739130435,0.71794872,,,,3.5498018758103194,,3.4048323666284976,,0.5242859721183777,Chuck McElroy,1008477,118660,1.62745098,0.22493225,0.13821138,0.08672087,0.2295597484276729,1.4820721636379786,98.68454661185773,94.38664698202858,,0.1449695091818217,,0,0,0,,,369,73,40,33,5,51,10,0,3,0,83,-1.973713994026184,-9.089717864990234,7.116004467010498,-8.590999603271484,-0.9950090050697328,1.3520063161849976,1.3334853649139404,1.462405562400818,1.679709553718567,42,-0.8831256031990051,-0.5767152055299662,19,20,1992,-0.21,,,,,,,,,,
Greg Harris,BOS,4,9,4,70,2,107.2,6.102168624020184,5.015481060838507,0.5015481060838507,0.240506329113924,0.78488372,,,,2.5077405304192535,,3.935021291904759,,0.5216339826583862,Greg Harris,1005415,115521,1.21666667,0.15904139,0.13071895,0.02832244,0.2075949367088607,1.3188857604427184,60.446751143914334,99.18389885273274,,-1.4272807614855054,,1,1,0,,,459,82,38,30,6,60,11,4,5,0,73,1.4715760052204132,-8.497337818145752,9.968913793563845,14.027299880981444,1.5330404043197632,1.2654980275811267,1.215697938745672,1.4370285953794206,1.6656766267533,47,1.386807918548584,-0.2239645374070233,24,10,1992,3.1,,,,,,,,,,
Dave Haas,DET,5,3,0,12,11,61.2,4.232432868795948,2.33513537588742,1.16756768794371,0.2857142857142857,0.74525745,,,,3.940540946810021,,4.356291368636377,,0.5152786020189524,Dave Haas,1005170,115278,1.8125,0.10984848,0.06060606,0.04924242,0.2753036437246963,1.3621623026009948,98.42807230176368,107.90724604877884,,-0.4157504218263561,,6,1,1,,,264,68,30,27,8,16,1,1,2,0,29,0.0465739578939974,-3.927783966064453,3.974358035717159,-1.7509998679161072,-0.1635111421346664,0.8405238160335305,0.8055258091825706,0.758733327810963,0.9747400283813475,10,-0.1013194024562835,0.1567300368792104,0,0,1992,0.56,,,,,,,,,,
Dave Eiland,SDP,0,2,0,7,7,27.0,3.3333333333333335,1.6666666666666667,0.3333333333333333,0.3076923076923077,0.46448087,,,,5.666666666666667,,3.0796145297862867,,0.510212242603302,Dave Eiland,1003714,113782,2.0,0.08333333,0.04166667,0.04166667,0.2869565217391304,1.4074074074074074,159.33565058790404,85.54795695631537,,2.5870521368803803,,1,0,0,,,120,33,21,17,1,5,0,0,0,1,10,-0.881060004234314,-2.8108580112457275,1.9297980070114136,-9.84149932861328,-1.0836817026138306,1.0548919439315796,0.971966028213501,0.8700000047683716,1.2200000286102295,7,-0.9479126930236816,0.1126991820069934,0,0,1992,-0.83,,,,,,,,,,
Dave Burba,SFG,2,7,0,23,11,70.2,5.985848948895275,3.9481131365053943,0.5094339530974702,0.3247863247863248,0.65176909,,,,4.9669810427003345,,3.589921992560985,,0.5024081170558929,Dave Burba,1239,111692,1.51612903,0.14779874,0.09748428,0.05031447,0.2807017543859649,1.5707546887172,146.59558368251618,102.5075769500542,,1.3770590501393496,,2,0,0,,,318,80,43,39,4,31,2,2,1,1,47,-0.8932459950447083,-4.493196099996567,3.5999499559402466,-17.9854998588562,-2.095871090888977,0.8066292221241809,0.7296232382456461,0.8068261016970095,0.8929578818772969,19,-0.5872496068477631,-0.5201315424396757,1,1,1992,-1.04,,,,,,,,,,
Gary Wayne,MIN,3,3,0,41,0,48.0,5.437501728535248,3.562501132488611,0.3750001192093274,0.2802547770700637,0.76687117,,,,2.625000834465292,,3.4916517919964978,,0.4965198338031769,Gary Wayne,1013690,123997,1.52631579,0.13809524,0.09047619,0.04761905,0.2446808510638297,1.3541670971447937,64.66215025803281,89.05765586848672,,-0.8666509575312058,,0,0,0,,,210,46,18,14,2,19,5,3,1,1,29,-0.694748044013977,-5.339699745178223,4.644951820373535,-1.6710000038146973,-0.1745035499334335,1.466849446296692,1.5600664615631104,1.712029218673706,1.9290571212768557,28,-0.0740806981921196,-0.3995521247045896,12,12,1992,0.83,,,,,,,,,,
Rob Murphy,HOU,3,1,0,59,0,55.2,6.790422263880868,3.395211131940434,0.3233534411371841,0.3050847457627119,0.66037736,,,,4.041918014214802,,2.873138633805875,,0.4831924736499786,Rob Murphy,1009374,119569,2.0,0.17355372,0.08677686,0.08677686,0.253393665158371,1.3832341648646211,120.01369191721204,85.69695897465773,,1.1687793804089268,,0,0,0,,,242,56,28,25,2,21,4,0,4,0,42,-0.4970060586929321,-3.198080062866211,2.7010738849639893,-8.5,-0.942209541797638,0.7884403467178345,0.9509481191635132,1.063481330871582,1.1823736429214478,53,-0.1186574026942253,-0.5117086874759417,12,11,1992,-0.46,,,,,,,,,,
Steve Foster,CIN,1,1,2,31,1,50.0,6.120001196480032,2.340000457477659,0.7200001407623566,0.3037974683544304,0.82491582,,,,2.8800005630494265,,3.2433183234214957,,0.4793986529111862,Steve Foster,1004260,114339,2.61538462,0.16267943,0.06220096,0.10047847,0.2653061224489796,1.300000254154255,80.83541949073944,88.32500223487492,,-0.3633177603720692,,0,0,0,,,209,52,16,16,4,13,1,0,1,0,34,1.2690640687942505,-2.2798101007938385,3.548874154686928,5.571000576019287,0.5621666312217712,0.9068149418201088,0.9602068683196758,1.1848581183341242,1.2640416659414768,24,-0.4201868399977684,1.8196609887662651,9,6,1992,0.99,,,,,,,,,,
Jay Howell,LAD,1,3,4,41,0,46.2,6.942858088746491,3.4714290443732456,0.385714338263694,0.2671232876712329,0.89160839,,,,1.542857353054776,,3.0190325513178036,,0.4767907559871673,Jay Howell,1006098,116226,2.0,0.1773399,0.08866995,0.08866995,0.2228260869565217,1.264285886530997,45.66831639503271,87.29905392564031,,-1.4761751982630276,,0,0,0,,,203,41,9,8,2,18,5,1,3,1,36,-1.3957760334014893,-4.507966041564941,3.112190008163452,5.376999855041504,0.6224467158317566,1.225469708442688,1.3151438236236572,1.537639021873474,2.6430625915527344,16,0.5084487795829773,-1.6474210640756104,6,8,1992,2.32,,,,,,,,,,
Scott Chiamparino,TEX,0,4,0,4,4,25.1,4.618421632167117,1.7763160123719683,0.7105264049487873,0.2804878048780488,0.69852941,,,,3.5526320247439367,,3.375423570947313,,0.4742537140846252,Scott Chiamparino,1002183,112237,2.6,0.12745098,0.04901961,0.07843137,0.2577319587628865,1.1842106749146455,91.0559519578844,86.43317243692573,,0.1772084537966236,,2,0,0,,,102,25,11,10,2,5,0,0,1,0,13,-0.2091539949178695,-2.1472699642181396,1.9381160736083984,1.5302000045776367,0.1192120164632797,1.053004026412964,0.9132240414619446,0.8700000047683716,0.5339999794960022,4,0.060913011431694,-0.2595390277351153,0,0,1992,0.54,,,,,,,,,,
Willie Blair,HOU,5,7,0,29,8,78.2,5.491524802374862,2.860169167903574,0.5720338335807148,0.2749003984063745,0.57446809,,,,4.0042368350650035,,3.4189113819130066,,0.4731966182589531,Willie Blair,1001033,111060,1.92,0.14501511,0.0755287,0.06948641,0.2434210526315789,1.2584744338775726,118.89485244306708,102.02242452871944,,0.5853254531519969,,2,0,0,,,331,74,47,35,5,25,2,2,2,0,48,-1.4559200331568718,-5.571601986885071,4.115682125091553,-15.974599659442902,-1.8524849340319631,0.8020711107530456,0.8499569621953097,0.815848288864925,0.6779642701148987,28,-0.7446039095520973,-1.0705967798106486,4,5,1992,-1.12,,,,,,,,,,
John Franco,NYM,6,2,15,31,0,33.0,5.454546085074001,3.0000003467907006,0.2727273042537,0.2395833333333333,0.86309524,,,,1.6363638255222004,,2.9651364363257904,,0.4638190269470215,John Franco,874,114374,1.81818182,0.15625,0.0859375,0.0703125,0.2051282051282051,1.0606061832088336,46.89174572353685,84.88494544023025,,-1.32877261080359,,0,0,0,,,128,24,6,6,1,11,2,0,0,0,20,0.6145240068435669,-3.8388419151306152,4.453365802764893,5.2920002937316895,0.6393423080444336,2.057525634765625,2.080852508544922,2.0206708908081055,2.178800106048584,1,0.5837634205818176,-0.2850920473264521,13,6,1992,1.67,,,,,,,,,,
Sam Militello,NYY,3,3,0,9,9,60.0,6.299999198913676,4.799999389648515,0.8999998855590966,0.2138728323699422,0.77259475,,,,3.44999956130987,,4.383318030039495,,0.4591583013534546,Sam Militello,1008865,119054,1.3125,0.16470588,0.1254902,0.03921569,0.1945701357466063,1.2499998410543007,89.24522664371767,110.33572263574884,,-0.9333184687296252,,6,0,0,,,255,43,24,23,6,32,1,2,1,0,42,1.0750659704208374,-3.856881856918335,4.931948184967041,9.574800491333008,0.9386858344078064,1.010388731956482,0.9709680676460266,0.8700000047683716,1.0713332891464231,9,0.538511335849762,0.5255008966888142,0,0,1992,1.37,,,,,,,,,,
Ted Power,CLE,3,3,6,64,0,99.1,4.6208059606367735,3.171141345535041,0.6342282691070081,0.2596153846153846,0.80204778,,,,2.5369130764280325,,3.850432464050989,,0.4580569267272949,Ted Power,1010504,120728,1.45714286,0.12469438,0.08557457,0.0391198,0.2378378378378378,1.2382551920660636,64.46510886090066,98.41220659454306,,-1.3135193876229565,,0,0,0,,,409,88,33,28,7,35,9,4,2,1,51,2.6951019763946533,-6.920628070831299,9.615730285644531,19.911001205444336,2.051609754562378,1.268204689025879,1.4498062133789062,1.8011937141418457,1.5794583559036257,48,1.0737361907958984,1.0513955010485696,30,10,1992,2.22,,,,,,,,,,
Bob Scanlan,CHC,3,6,14,69,0,87.1,4.328244904997863,3.091603503569902,0.4122138004759869,0.254416961130742,0.73964497,,,,2.8854966033319087,,3.481791617629857,,0.4500069618225097,Bob Scanlan,1011489,121743,1.4,0.11666667,0.08333333,0.03333333,0.2310030395136778,1.2137406347348505,80.2168498445744,96.525229038033,,-0.5962950142979482,,0,0,0,,,360,76,32,28,4,30,6,1,6,4,42,1.2627660036087036,-8.165118217468262,9.427884101867676,7.619999408721924,0.8729566335678101,1.5315698385238647,1.4858204126358032,1.4828318357467651,2.31620717048645,28,0.9574064016342164,-0.1329151039825439,24,13,1992,1.14,,,,,,,,,,
Dave Stieb,TOR,4,6,0,21,14,96.1,4.20415238786824,4.017301170629652,0.8408304775736481,0.2834394904458598,0.6570997,,,,5.044982865441889,,4.527262927716816,,0.4485788494348526,Dave Stieb,1012532,122791,1.04651163,0.10843373,0.10361446,0.00481928,0.266304347826087,1.463667868368943,125.59936062986816,112.00841631533514,,0.5177199377250732,,5,1,0,,,415,98,58,54,9,43,3,4,4,0,45,-1.534032128751278,-7.793243914842606,6.259212017059326,-12.536900162696838,-1.2447747439146042,0.9029606225029114,0.824398050502855,0.7431523601214091,0.7348706056089962,17,-0.4885133951902389,-1.210378107408294,0,1,1992,-0.24,,,,,,,,,,
Danny Cox,- - -,5,3,3,25,7,62.2,6.89361625194774,3.877659141720604,0.7180850262445563,0.308080808080808,0.65116279,,,,4.59574416796516,,3.58119048487283,,0.4301922796294093,Danny Cox,1002695,112752,1.77777778,0.17266187,0.0971223,0.07553957,0.2629482071713147,1.484042387572083,132.02576153841173,103.3564915768799,,1.0145536830923292,,2,0,0,,,278,66,37,32,5,27,2,0,1,0,48,-0.1227400749921798,-4.784286070615053,4.661545842885971,-11.512400269508362,-1.265520341694355,1.0336969728685088,1.0450930612674658,1.358408031463623,0.6222470525433036,17,-0.5436780899763107,0.4249391575679317,9,3,1992,-0.65,,,,,,,,,,
Mike Jackson,SFG,6,6,2,67,0,82.0,8.780489438776051,3.621951893495121,0.7682928258929045,0.3108108108108108,0.75581395,,,,3.731708011479822,,3.2955134507519266,,0.4286568760871887,Mike Jackson,732,116436,2.42424242,0.23121387,0.09537572,0.13583815,0.2459546925566343,1.32926854003693,110.137709279075,94.08165536047034,,0.4361945607278952,,0,0,0,,,346,76,35,34,7,33,10,4,1,0,80,0.5589339733123779,-5.4196457862854,5.978579998016357,1.2890005111694336,0.1765639632940292,0.9952526092529296,1.1596968173980713,1.1150119304656982,1.6929116249084473,43,-0.151128888130188,0.7127289966010742,20,11,1992,0.07,,,,,,,,,,
Willie Banks,MIN,4,4,0,16,12,71.0,4.6901404670817035,4.6901404670817035,0.7605633189862222,0.3057851239669421,0.66003617,,,,5.704224892396667,,4.487543448255415,,0.4276317954063415,Willie Banks,1434,110536,1.0,0.11419753,0.11419753,0.0,0.2807017543859649,1.647887191136815,140.5132685121214,114.40735043062348,,1.216681444141252,,5,0,0,,,324,80,46,45,6,37,0,2,5,1,37,-0.6014299243688583,-5.455303966999054,4.853873807936907,-14.044000387191772,-1.5308187007904053,0.8902997719476939,0.8448317151565057,0.7357250154018402,1.0135285665414162,14,-1.2451434135437012,0.5696069893872396,0,1,1992,-0.62,,,,,,,,,,
Sergio Valdez,MON,0,2,0,27,0,37.1,7.71428440055091,2.8928566502065913,0.4821427750344318,0.2254901960784313,0.73099415,,,,2.4107138751721595,,2.7297468140417203,,0.4208937585353851,Sergio Valdez,1013320,123606,2.66666667,0.21621622,0.08108108,0.13513514,0.1838235294117647,0.9910712597929988,69.75543144311193,79.13142276896129,,-0.3190329388695607,,0,0,0,,,148,25,12,10,2,12,1,0,4,0,32,-0.1073120087385177,-2.228677988052368,2.121366024017334,3.64900016784668,0.4548830986022949,0.8058834075927734,0.8772464990615845,0.9673185348510742,0.7270110845565796,18,0.6411342024803162,-0.7742949149698135,4,3,1992,0.5,,,,,,,,,,
Joe Boever,HOU,3,6,2,81,0,111.1,5.416166427482919,3.637723719951214,0.2425149146634142,0.2777777777777778,0.77131258,,,,2.5059874515219476,,3.2503839950639732,,0.414627194404602,Joe Boever,1001118,111147,1.48888889,0.13987474,0.09394572,0.04592902,0.2395348837209302,1.329341013710567,74.40843799840896,96.981337265821,,-0.7443965435420257,,0,0,0,,,479,103,38,31,3,45,9,4,4,0,67,0.4177500307559967,-6.927358150482178,7.345108032226563,11.789999961853027,1.2915749549865725,0.9448365569114684,1.0120242834091189,1.154498815536499,1.4605963230133057,55,0.3208122253417969,0.1213277698776514,17,13,1992,1.17,,,,,,,,,,
Rod Nichols,CLE,4,3,0,30,9,105.1,4.784810877480584,2.6487345928910377,1.110759667986564,0.2853107344632768,0.69099379,,,,4.528481723329839,,4.264331124138742,,0.4044665992259979,Rod Nichols,1009569,119766,1.80645161,0.12280702,0.06798246,0.05482456,0.2695035460992908,1.3765824945132634,115.07255411371544,108.97151995340025,,0.2641505991910966,,6,0,0,,,456,114,58,53,13,31,1,2,3,0,56,-0.6430841088294983,-7.797542095184326,7.154458045959473,-8.17550015449524,-0.7618657797574997,0.8872725072686586,0.8742931574583054,0.8642599880695343,1.1648399925231934,25,-0.5777648687362671,-0.1470227287168994,2,6,1992,-0.04,,,,,,,,,,
Brad Brink,PHI,0,4,0,8,7,41.1,3.483871396448861,2.8306455096146994,0.4354839245561076,0.3290322580645161,0.62305296,,,,4.137097283283023,,3.654286082602206,,0.3961889296770096,Brad Brink,1001436,111472,1.23076923,0.0855615,0.06951872,0.01604278,0.3063583815028902,1.5967743900390612,118.61831158666088,105.13306721412252,,0.4828112006808167,,1,0,0,,,187,53,27,19,2,13,2,1,0,0,16,-1.3630180284380913,-4.109750006347895,2.746731974184513,-11.122399747371674,-1.1777335032820702,1.0202791305879753,0.8621305149534474,0.8376250043511391,0.7572249732911587,8,-0.4041571915149688,-0.9317694069763672,0,0,1992,-0.5,,,,,,,,,,
Mike Boddicker,KCR,1,4,3,29,8,86.2,4.880769803651053,3.842308143299765,0.519230830175644,0.2949152542372881,0.66923077,,,,4.984615969686182,,4.006395300125952,,0.3871877826750278,Mike Boddicker,1001111,111139,1.27027027,0.11989796,0.09438776,0.0255102,0.2651296829971181,1.4884617131701794,123.2060867560664,104.65860109762534,,0.9782206695602298,,1,0,0,,,392,92,50,48,5,37,3,8,2,0,47,-1.261260211467743,-6.062334299087524,4.801073908805847,-16.199199676513672,-1.6398423910140991,0.778869712756852,0.7089354582130909,0.8755586167861675,0.9968190249942598,21,-0.7418385110795498,-0.8775083332128586,4,6,1992,-0.02,,,,,,,,,,
David Wells,TOR,7,9,2,41,14,120.0,4.650001034736864,2.700000600814953,1.200000267028868,0.2997542997542997,0.61403509,,,,5.400001201629906,,4.583318634033293,,0.3772865869104862,David Wells,855,124071,1.72222222,0.11720227,0.06805293,0.04914934,0.2845360824742268,1.450000322659882,134.43785963499587,113.3931177618373,,0.8166825675966134,,4,0,0,,,529,138,84,72,16,36,6,8,3,1,62,-1.1730099618434906,-9.653484106063845,8.48047399520874,-21.03249955177307,-2.3340904712677,0.9471165661339288,0.9373208511876696,1.0598732058594866,0.9234518475002712,27,-1.5306638553738594,0.2921574203828163,7,6,1992,-1.88,,,,,,,,,,
Keith Shepherd,PHI,1,1,2,12,0,22.0,4.090908381564681,2.4545450289388087,0.0,0.2533333333333333,0.6,,,,3.272726705251745,,2.6924091583441085,,0.3674507141113281,Keith Shepherd,1011866,122125,1.66666667,0.10989011,0.06593407,0.04395604,0.2235294117647059,1.1363634393235225,93.83519155572635,77.39764481601564,,0.5803175469076365,,0,0,0,,,91,19,10,8,0,6,1,0,1,0,10,-0.5376739501953125,-2.4840779304504395,1.946403980255127,-1.6200001239776611,-0.1915774792432785,1.377990961074829,1.3415828943252563,1.6532000303268433,2.3451333045959473,6,0.1135303005576133,-0.5037171489357248,4,5,1992,0.02,,,,,,,,,,
Bryan Harvey,CAL,0,4,13,25,0,28.2,10.674419551620444,3.4534886784654377,1.2558140648965228,0.2465753424657534,0.76642336,,,,2.8255816460171763,,3.3763415419133485,,0.367318332195282,Bryan Harvey,1005469,115583,3.09090909,0.27868852,0.09016393,0.18852459,0.1981981981981982,1.1511628928218125,70.72987077842126,83.8201740352145,,-0.5507598958961721,,0,0,0,,,122,22,12,9,4,11,1,0,4,0,34,-0.4514620006084442,-3.5987179279327393,3.1472558975219727,2.4010000228881836,0.2205397933721542,1.743175029754639,1.5413249731063845,1.527176022529602,1.5819333791732788,3,-0.3165875971317291,0.0575992609621879,10,6,1992,0.32,,,,,,,,,,
John Candelaria,LAD,2,5,5,50,0,25.1,8.171056732908918,4.618423370774606,0.3552633362134312,0.2676056338028169,0.75949367,,,,2.8421066897074496,,3.020160457632278,,0.3622037470340729,John Candelaria,1001909,111952,1.76923077,0.21296296,0.12037037,0.09259259,0.2105263157894736,1.3026322327825812,84.12587675523804,87.33175781671284,,-0.1780537679248284,,0,0,0,,,108,20,9,8,1,13,3,0,1,0,23,0.4633079767227173,-3.0764260292053223,3.53973388671875,2.436999797821045,0.3006580770015716,2.0797910690307617,2.3335673809051514,2.468780040740967,2.3781538009643555,39,0.3519670069217682,-0.1292004109777673,19,12,1992,0.92,,,,,,,,,,
Bob Ayrault,PHI,2,2,0,30,0,43.1,5.6076914849367165,3.5307687127379324,0.0,0.2406015037593984,0.68,,,,3.1153841582981756,,2.7833182334899904,,0.3599712550640106,Bob Ayrault,1000389,110409,1.58823529,0.15168539,0.09550562,0.05617978,0.2,1.1307690648637825,89.32388665221522,80.01897976584516,,0.3320659248081852,,0,0,0,,,178,32,16,15,0,17,1,1,0,0,27,-0.621616005897522,-1.4569300413131714,0.8353139758110046,3.253000020980835,0.2951161861419678,0.3841558992862701,0.4254980981349945,0.5366533398628235,0.4620608687400818,23,0.3772350251674652,-1.9953697643513044,1,4,1992,0.41,,,,,,,,,,
Pedro Martínez,LAD,0,1,0,2,1,8.0,9.0,1.125,0.0,0.2727272727272727,0.71428571,,,,2.25,,1.1583182334899904,,0.3556851102039218,Pedro Martinez,200,118377,8.0,0.25806452,0.03225806,0.22580645,0.2,0.875,66.5996190026101,33.34723400369228,,1.0916817665100096,,1,0,0,,,31,6,2,2,0,1,0,0,0,0,8,-0.0068840002641081,-0.287988000549376,0.281104002147913,1.4679999947547913,0.1707606017589569,0.4666192240772708,0.507950235158205,0.4794000014662742,0.6948000192642212,1,0.2049885988235473,-0.2197415277833885,0,0,1992,0.3,,,,,,,,,,
Tony Fossas,BOS,1,2,2,60,0,29.2,5.764048773208618,4.24719383289056,0.3033709880636114,0.3191489361702128,0.82959641,,,,2.4269679045088917,,3.4574759847424605,,0.3537270426750183,Tony Fossas,1004242,114325,1.35714286,0.14728682,0.10852713,0.03875969,0.2719298245614035,1.5168549403180571,58.499802183916515,87.1687818576971,,-1.0305080802335689,,0,0,0,,,129,31,9,8,1,14,3,1,0,0,19,0.5633699893951416,-2.565439939498902,3.128809928894043,1.375000238418579,0.2224566340446472,1.223735809326172,1.6882374286651611,1.784553289413452,2.016916275024414,43,-0.1440327912569046,0.6044017574190954,14,7,1992,1.29,,,,,,,,,,
Jesse Orosco,MIL,3,1,1,59,0,39.0,9.230771939430806,3.000000880315012,1.1538464924288507,0.2828282828282828,0.8,,,,3.230770178800782,,3.475626128947301,,0.3448255360126495,Jesse Orosco,667,120051,3.07692308,0.25316456,0.08227848,0.17088608,0.2291666666666666,1.1794875255939363,82.54924337222457,89.21473799922227,,-0.244855950146519,,0,0,0,,,158,33,15,14,5,13,1,1,2,0,40,0.5667139887809753,-2.042102098464966,2.608815908432007,-0.1599999219179153,0.0340153165161609,0.9005554914474487,1.3146480321884155,1.3856474161148071,1.2745822668075562,45,0.6235515475273132,0.0057422540907356,13,6,1992,0.65,,,,,,,,,,
Randy Myers,SDP,3,6,38,66,0,79.2,7.456067897661651,3.841004674552971,0.7907950800550236,0.3208333333333333,0.74175824,,,,4.292887577441556,,3.5866656164030304,,0.3447828292846679,Randy Myers,1009427,119626,1.94117647,0.18965517,0.09770115,0.09195402,0.268370607028754,1.4811717372459172,120.70765324453794,99.67093624796286,,0.7062219610385259,,0,0,0,,,348,84,38,38,7,34,3,1,5,0,66,0.618742048740387,-12.33558750152588,12.954330444335938,-6.232999801635742,-0.7078326344490051,2.240896224975586,1.9562768936157229,1.9916999340057373,2.2872400283813477,10,-0.2618118524551391,0.5379255081631933,36,14,1992,-0.92,,,,,,,,,,
Mike Perez,STL,9,3,0,77,0,93.0,4.4516139988103065,3.096774955694126,0.3870968694617657,0.2244897959183673,0.82135524,,,,1.8387101299433877,,3.417726991774551,,0.3446835279464721,Mike Perez,1010184,120412,1.4375,0.12201592,0.08488064,0.03713528,0.2034883720930232,1.096774463475003,53.05847542877117,97.64086916949016,,-1.5790168618311635,,0,0,0,,,377,70,23,19,4,32,9,1,4,0,46,0.8342939615249634,-6.90043830871582,7.734732151031494,16.288000106811523,1.8592156171798704,1.285675048828125,1.145984411239624,1.1823610067367554,1.498185396194458,55,1.4247980117797852,-0.7758829050540144,20,12,1992,2.22,,,,,,,,,,
Ed Nunez,- - -,1,3,3,49,0,59.1,7.432584667880062,3.3370788304767625,0.9101124083118444,0.3097826086956521,0.67430025,,,,4.853932844329837,,3.6597227748273222,,0.3406984210014343,Ed Nunez,1009658,119866,2.22727273,0.18631179,0.08365019,0.1026616,0.2635983263598326,1.432584346416792,124.36071797683654,93.75044613548368,,1.1942100695025148,,0,0,0,,,263,63,34,32,6,22,0,2,5,0,49,-0.1508940458297729,-4.02211993932724,3.8712259232997894,-11.666000127792358,-1.2627394814044235,0.8750462144830801,1.03875502794981,1.222208181206061,1.376581845861493,33,-0.5199462547898293,0.3475050244498852,9,12,1992,-0.28,,,,,,,,,,
Luis Aquino,KCR,3,6,0,15,13,67.2,1.4630541133042898,2.6600983878259816,0.6650245969564954,0.296875,0.70526316,,,,4.522167259304169,,4.349820617431957,,0.3391912132501602,Luis Aquino,1000285,110298,0.55,0.03754266,0.06825939,-0.03071672,0.2977941176470588,1.492610762057912,111.77561823490883,113.61403564724571,,0.1723466418722115,,3,0,0,,,293,81,35,34,5,20,1,1,1,1,11,-0.2205779552459716,-5.467598021030426,5.247019916772842,-0.8857996463775635,-0.0880081951618194,1.0248167753219604,0.9555731778209274,0.9567466894785563,1.3631285343851365,14,-0.2300691232085228,0.0148326433249123,0,2,1992,0.64,,,,,,,,,,
Kevin Wickander,CLE,2,0,1,44,0,41.0,8.341461862431622,6.146340319686458,0.2195121542745163,0.3275862068965517,0.81896552,,,,3.073170159843229,,3.5881961324965506,,0.3388760387897491,Kevin Wickander,1013915,124227,1.35714286,0.20320856,0.14973262,0.05347594,0.2516129032258064,1.6341460373769552,78.09185531153743,91.72207718370277,,-0.5150259726533215,,0,0,0,,,187,39,14,14,1,28,3,4,1,1,38,-0.0834679901599884,-2.993896007537842,2.910428047180176,4.567000389099121,0.4039432406425476,1.0176644325256348,1.311878681182861,1.6064636707305908,1.9117529392242432,34,0.2443328350782394,-0.3263520031775292,9,11,1992,1.02,,,,,,,,,,
Russ Swan,SEA,3,10,9,55,9,104.1,3.881789894331159,3.881789894331159,0.6900959812144283,0.2696629213483146,0.65340909,,,,4.744409870849195,,4.29769552559943,,0.3317058347165584,Russ Swan,1012758,123019,1.0,0.09846827,0.09846827,0.0,0.254278728606357,1.4281152944576363,119.69309180828982,108.89560202988386,,0.4467143452497648,,3,1,0,,,457,104,60,55,8,45,7,3,6,0,45,-0.6544200479984283,-10.097445964813232,9.443026065826416,-5.386199951171875,-0.5482110679149628,1.205003969669342,1.2467216923832891,1.387112741036849,1.8526214872087752,28,-0.1397093683481216,-0.4033760193108119,15,10,1992,0.29,,,,,,,,,,
Mark Wohlers,ATL,1,2,4,32,0,35.1,4.3301897700805805,3.5660386341840073,0.0,0.2592592592592592,0.74418605,,,,2.547170452988577,,3.0946390666330386,,0.3175200819969177,Mark Wohlers,414,124498,1.21428571,0.12142857,0.1,0.02142857,0.224,1.1886795447280023,70.7123518685169,86.71506685987445,,-0.5474686136444618,,0,0,0,,,140,28,11,10,0,14,4,1,1,0,17,0.3037139177322387,-2.9680440425872803,3.2717580795288086,8.614999771118164,0.9652668237686156,1.4281456470489502,1.1282232999801636,1.1593999862670898,1.3433500528335571,16,0.7039397954940796,-0.4912766694608082,8,6,1992,0.57,,,,,,,,,,
Dave Righetti,SFG,2,7,3,54,4,78.1,5.400001139539594,4.136171085604795,0.4595745650671994,0.2964426877470356,0.62157221,,,,5.0553202157391945,,3.625871602779856,,0.301684632897377,Dave Righetti,1010958,121201,1.30555556,0.13823529,0.10588235,0.03235294,0.2598684210526316,1.4680854161868873,149.20282790638825,103.53644858203543,,1.4294486129593382,,1,0,0,,,340,79,47,44,4,36,5,0,5,2,47,-1.0489321500062945,-7.080264091491699,6.031331777572632,-8.788199543952942,-1.0361865926533935,1.16259355768973,1.065097865851029,1.1300148478260748,1.2974064311673563,31,-1.1902486383914948,0.288014024180575,9,10,1992,-1.48,,,,,,,,,,
Tim Fortugno,CAL,1,1,1,14,5,41.2,6.695999182617287,4.103999499023499,1.0799998681640786,0.2622950819672131,0.65306122,,,,5.183999367187577,,4.223318057708762,,0.2845121920108795,Tim Fortugno,1004240,114320,1.63157895,0.17514124,0.10734463,0.06779661,0.2341772151898734,1.34399983593752,129.7657089022463,104.80299362847845,,0.9606813094788152,,2,1,1,,,177,37,24,24,5,19,0,0,2,1,31,-0.5420098453760147,-2.682435840368271,2.140425980091095,-4.157799988985062,-0.477213978767395,0.7616228298707441,0.7175955708990706,0.7202285953930446,1.1850000321865082,8,-0.258317619562149,-0.4533336389328198,2,1,1992,0.01,,,,,,,,,,
Kent Bottenfield,MON,1,2,1,10,4,32.1,3.896906450231011,3.0618550680386516,0.2783504607307865,0.2314814814814814,0.79234973,,,,2.226803685846292,,3.4328026418618256,,0.2834054641425609,Kent Bottenfield,1001226,111264,1.27272727,0.1037037,0.08148148,0.02222222,0.2113821138211382,1.1443296718932334,64.43388136811842,99.5735840883668,,-1.2059989560155335,,2,0,0,,,135,26,9,8,1,11,1,1,0,0,14,0.5284299310296774,-1.8359100222587583,2.3643399477005005,4.6874001026153564,0.5462269186973572,0.9634193641798836,0.942112319609698,1.0438600063323975,1.1959500312805176,8,0.2513181716203689,0.2971760258981815,3,1,1992,0.78,,,,,,,,,,
Jeff Brantley,SFG,7,7,7,56,4,91.2,8.44363694927125,4.418182124618678,0.7854545999322093,0.2468619246861924,0.79961464,,,,2.9454547497457853,,3.6124092000851,,0.2776981592178345,Jeff Brantley,1001358,111397,1.91111111,0.22572178,0.11811024,0.10761155,0.2012012012012012,1.2218182665612145,86.93221386137543,103.15115694336085,,-0.6669544503393148,,1,0,0,,,381,67,32,30,8,45,5,3,3,1,86,-0.3714840412139892,-7.827793836593628,7.456310033798218,5.906800389289856,0.7079783827066422,1.2468659088129888,1.151703423792773,1.3665499559470586,1.193774938583374,24,-0.0868733525276184,-0.211060882892805,11,13,1992,1.05,,,,,,,,,,
Eric King,DET,4,6,1,17,14,79.1,5.105042344104052,3.1764707918869655,1.3613446250944137,0.2977099236641221,0.70450098,,,,5.2184877295285865,,4.7118897857070765,,0.269365482032299,Eric King,1006929,117078,1.60714286,0.12931034,0.08045977,0.04885057,0.2821316614420062,1.4873950533438964,130.34902935438774,116.70128274247932,,0.50659794382151,,6,0,0,,,348,90,47,46,12,28,1,1,3,0,45,-1.331038013100624,-6.5776540115475655,5.24661585688591,-6.322000026702881,-0.6015514135360718,0.8847967519571907,0.7904712713900066,0.845670594888575,0.7595733330895503,15,-0.5412418842315674,-0.9631013563559884,0,0,1992,-0.17,,,,,,,,,,
Eric Plunk,CLE,9,6,4,58,0,71.2,6.279074000954065,4.77209624072509,0.6279074000954066,0.2592592592592592,0.73913043,,,,3.6418629205533577,,3.8856445581019265,,0.266605943441391,Eric Plunk,1010400,120631,1.31578947,0.1618123,0.12297735,0.03883495,0.2250922509225092,1.3813962802098945,92.54281978021484,99.31053164596165,,-0.2437816375485688,,0,0,0,,,309,61,31,29,5,38,2,0,5,0,50,0.9005020260810852,-7.198395729064941,8.098897933959961,2.073000192642212,0.2440864145755767,1.505861759185791,1.6686067581176758,1.630815505981445,1.83207106590271,38,0.6877925395965576,-0.0897947349587797,18,14,1992,0.67,,,,,,,,,,
Steve Olin,CLE,8,5,29,72,0,88.1,4.788678693815561,2.750943079425961,0.8150942457558403,0.2627737226277372,0.86172345,,,,2.343395956548041,,3.949355835057373,,0.2660307586193084,Steve Olin,1009768,119978,1.74074074,0.13055556,0.075,0.05555556,0.243161094224924,1.211320615220485,59.54767502549445,100.9359230828966,,-1.6059598785093323,,0,0,0,,,360,80,25,23,8,27,6,4,1,1,47,3.279249906539917,-9.778360366821287,13.057609558105469,22.551000595092773,2.382180690765381,1.935950517654419,1.8268450498580933,1.826652765274048,2.653820037841797,10,1.1211600303649902,0.5727106944472473,33,9,1992,2.66,,,,,,,,,,
Brian Barnes,MON,6,6,0,21,17,100.0,5.85,4.14,0.81,0.2312925170068027,0.81128748,,,,2.97,,4.12331823348999,,0.2618891149759292,Brian Barnes,1000560,110576,1.41304348,0.1558753,0.11031175,0.04556355,0.2092391304347826,1.23,85.93870617318584,119.65112353696875,,-1.15331823348999,,7,0,0,,,417,77,34,33,9,46,1,3,1,2,65,0.5606040954589844,-6.180594198405743,6.741198055446148,7.9068005084991455,0.8571220338344574,0.9121421790822634,0.8337883581624967,0.7639428377151489,1.2234947022638822,19,0.7787915915250778,-0.1641899336749531,0,0,1992,1.85,,,,,,,,,,
Matt Whiteside,TEX,1,1,4,20,0,28.0,4.178571997856685,3.5357147674171947,0.321428615219745,0.2688172043010752,0.81460674,,,,1.9285716913184696,,3.497604045089424,,0.2503495514392853,Matt Whiteside,1956,124209,1.18181818,0.11016949,0.09322034,0.01694915,0.2429906542056074,1.3214287514589516,49.430374451653975,89.55525242655624,,-1.5690323537709543,,0,0,0,,,118,26,8,6,1,11,2,0,2,0,13,1.0933879613876345,-1.625823974609375,2.719212055206299,7.115000247955322,0.754183828830719,1.2835557460784912,1.2364286184310913,1.4493999481201172,0.7651000022888184,12,0.4286685883998871,0.4231743991198556,7,2,1992,0.94,,,,,,,,,,
Mark Clark,STL,3,10,0,20,20,113.1,3.4941178038706076,2.8588236577123154,0.9529412192374384,0.2651515151515151,0.69016153,,,,4.447059023108046,,4.336259479654705,,0.2459046691656112,Mark Clark,1002296,112332,1.22222222,0.09016393,0.07377049,0.01639344,0.2588495575221239,1.3500000605863711,128.3259215606422,123.94567408748708,,0.1107995434533402,,10,1,1,,,488,117,59,56,12,36,2,0,4,0,44,-1.2251720428466797,-9.2119140625,7.98674201965332,-6.674799919128418,-0.7540137767791748,1.004175066947937,0.9292272329330444,0.8330699801445007,1.2283263206481934,19,-1.3144466876983645,0.0943685527468214,0,0,1992,-0.17,,,,,,,,,,
Scott Lewis,CAL,4,0,0,21,2,38.1,4.226088358369366,3.2869576120650623,0.7043480597282276,0.2682926829268293,0.71129707,,,,3.99130567179329,,4.113753457421087,,0.2458453401923179,Scott Lewis,1007588,117743,1.28571429,0.1125,0.0875,0.025,0.25,1.3043482587559772,99.91023788006412,102.08866306703972,,-0.1224477856277967,,1,0,0,,,160,36,18,17,3,14,1,2,1,1,18,1.409955993294716,-2.160799980163574,3.5707558393478394,6.106800079345703,0.6686240136623383,1.1585144582916709,1.1936698677588482,1.3172094765163602,2.003128613744463,14,0.4562960565090179,0.7607418347347539,5,2,1992,0.24,,,,,,,,,,
Tommy Greene,PHI,3,3,0,13,12,64.1,5.455958980576825,4.756477059990052,0.6994819205867724,0.3181818181818182,0.68627451,,,,5.316062596459471,,4.166738031983829,,0.2435935847461223,Tommy Greene,1005013,115099,1.14705882,0.13087248,0.11409396,0.01677852,0.2840909090909091,1.69430065208796,152.42145067002627,119.90946003152506,,1.1493245644756414,,6,0,0,,,298,75,39,38,5,34,2,0,1,0,39,-1.1390938945114613,-5.807695992290974,4.668601859360933,-8.296499967575073,-0.9741696789860724,1.034234402860914,0.8678815604159327,0.8319230927870824,0.940476900109878,13,-0.9457452073693275,-0.1556433089674751,0,0,1992,-0.61,,,,,,,,,,
Mark Dewey,NYM,1,0,0,20,0,33.1,6.4800017303471416,2.7000007209779757,0.5400001441955952,0.3271028037383177,0.70135747,,,,4.320001153564761,,3.0233182975769215,,0.2400421798229217,Mark Dewey,1003257,113321,2.4,0.16783217,0.06993007,0.0979021,0.2781954887218045,1.4100003765107207,123.79422745653724,86.55518906822363,,1.2966828559878398,,0,0,0,,,143,37,16,16,2,10,2,0,0,1,24,0.9070180058479308,-0.8975740075111389,1.8045920133590696,-1.9439998865127563,-0.2219496071338653,0.6000444889068604,0.7354102730751038,0.7787299752235413,0.8472999930381775,14,0.4888349771499634,1.0227496180194782,5,0,1992,0.07,,,,,,,,,,
Pat Clements,- - -,4,1,0,50,0,48.1,3.724139057753968,4.282759916417064,0.0,0.294478527607362,0.74666667,,,,2.979311246203175,,3.631594352200617,,0.2315324991941452,Pat Clements,1002339,112394,0.86956522,0.0952381,0.10952381,-0.01428571,0.2622950819672131,1.468965961669621,78.86709975765955,95.81963312939013,,-0.6522831059974421,,0,0,0,,,210,48,19,16,0,23,4,4,1,0,20,0.1362780928611755,-2.4885279536247253,2.624806046485901,-1.4440001249313354,-0.2358653470873832,0.7963973499006696,0.9659663454278724,1.1838399934768675,1.2593897397701557,39,0.4495406001806259,-0.2784223852868008,9,4,1992,0.48,,,,,,,,,,
Chris Haney,- - -,4,6,0,16,13,80.0,6.075000724196521,2.9250003486872136,1.2375001475215135,0.2622950819672131,0.69196429,,,,4.612500549852913,,4.3458184197545275,,0.2301467498764395,Chris Haney,192,115415,2.07692308,0.15929204,0.07669617,0.08259587,0.2427184466019417,1.262500150501746,124.92332426111514,119.74823334008614,,0.2666821300983857,,5,2,2,,,339,75,43,41,11,26,2,4,5,1,54,-0.6485019605606794,-5.350192114710808,4.701690059155226,-8.388400077819824,-0.9220858365297318,0.8009510343509346,0.7742141147693956,0.7623500041663647,0.7452166841054956,12,-1.0452581942081451,0.2355932674549075,0,1,1992,0.30000000000000004,,,,,,,,,,
Paul Miller,PIT,1,0,0,6,0,11.1,3.970587678434193,0.7941175356868385,0.0,0.275,0.75,,,,2.3823526070605157,,2.165671261289116,,0.2260918170213699,Paul Miller,1008921,119103,5.0,0.10869565,0.02173913,0.08695652,0.2444444444444444,1.0588233809157848,68.78053206153253,62.75841953843792,,0.2166813457713994,,0,0,0,,,46,11,3,3,0,1,0,0,1,0,5,0.081337995827198,-0.4044899940490722,0.4858278930187225,1.561000108718872,0.1765976101160049,0.6256706118583679,0.7994264960289001,1.0955666303634644,0.7575600147247314,5,0.1411606222391128,-0.0111593175820061,1,0,1992,0.28,,,,,,,,,,
Bob Milacki,BAL,6,8,1,23,20,115.2,3.968299210128554,3.4236306910913017,1.2449566149422917,0.3009708737864077,0.6601467,,,,5.835734132541991,,4.892828053253318,,0.2209000885486602,Bob Milacki,1008855,119044,1.15909091,0.09714286,0.08380952,0.01333333,0.2922755741127348,1.5907778968707058,147.0079887073438,122.45156220772706,,0.9429060792886732,,7,0,0,,,525,140,78,75,16,44,2,2,7,1,51,-2.3470936715602875,-10.385052174329758,8.037957787513733,-25.494999170303345,-2.6994417309761047,0.9246576906344212,0.853381916399925,0.9588347932566768,1.1079364048147744,22,-3.4478847086429596,0.909546796858641,1,1,1992,-0.97,,,,,,,,,,
Pat Combs,PHI,1,1,0,4,4,18.2,5.303573234957707,5.785716256317499,0.0,0.3076923076923077,0.5,,,,7.714288341756665,,3.533318488938555,,0.214895874261856,Pat Combs,1002480,112535,0.91666667,0.125,0.13636364,-0.01136364,0.2631578947368421,1.7142862981681477,221.18306521080612,101.64500421756844,,4.18096985281811,,1,0,0,,,88,20,16,16,0,12,0,0,1,0,11,-0.7387720346450806,-2.287791967391968,1.5490200519561768,-6.26200008392334,-0.7482864260673523,1.2622342109680176,1.003608226776123,0.8825500011444092,2.7525999546051025,4,-0.3951484262943268,-0.1901407603127375,0,0,1992,-0.62,,,,,,,,,,
Frank DiPino,STL,0,0,0,8,0,11.0,6.545457382833907,2.454546518562715,0.0,0.2647058823529412,0.83333333,,,,1.6363643457084769,,2.1469543212700275,,0.2130737602710724,Frank DiPino,1003320,113385,2.66666667,0.17777778,0.06666667,0.11111111,0.2142857142857142,1.0909095638056512,47.21951329651054,61.24865916732752,,-0.5105899755615508,,0,0,0,,,45,9,2,2,0,3,0,0,0,0,8,-0.0565399900078773,-0.5970979928970337,0.5405580401420593,0.5349999666213989,0.058783296495676,0.7117331624031067,0.8213384747505188,0.9725750088691713,2.127000093460083,5,0.1209869906306266,-0.2004268607878284,0,1,1992,0.33,,,,,,,,,,
Joe Magrane,STL,1,2,0,5,5,31.1,5.744681433888845,4.308511075416633,0.5744681433888844,0.3076923076923077,0.74688797,,,,4.021277003722191,,3.9641694171226978,,0.2058442533016204,Joe Magrane,1007973,118146,1.33333333,0.13986014,0.1048951,0.03496504,0.2698412698412698,1.5638299458919631,116.03940372093652,113.28981091881624,,0.0571075865994936,,3,0,0,,,143,34,15,14,2,15,0,2,4,0,20,-0.3315899968147278,-2.475454092025757,2.1438639163970947,-1.5252000093460083,-0.1657916009426117,0.9588273763656616,0.8372616171836853,0.8339200019836426,1.258999943733215,5,-0.3909274041652679,0.0450987336577713,0,0,1992,0.14,,,,,,,,,,
Tim Crews,LAD,0,3,0,49,2,78.0,4.961539432142097,2.3076927591358594,0.6923078277407578,0.332089552238806,0.65377532,,,,5.192308708055684,,3.5269081225448784,,0.2038255706429481,Tim Crews,1002765,112824,2.15,0.12684366,0.05899705,0.06784661,0.2996845425867508,1.4743592627812434,153.69145853353035,102.02501755104367,,1.6654005855108056,,2,0,0,,,339,95,46,45,6,20,9,2,3,0,43,-0.7728540152311325,-3.6147560477256775,2.84190171957016,-12.810300052165983,-1.3804548233747482,0.554655914161344,0.6675066868464152,0.8075347226493212,0.732705553372701,36,-1.2477736100554466,-0.1456200156119376,7,9,1992,-0.3,,,,,,,,,,
Kevin Rogers,SFG,0,2,0,6,6,34.0,6.882352941176471,3.4411764705882355,1.0588235294117647,0.3173076923076923,0.74889868,,,,4.235294117647059,,4.018612351137049,,0.2018098086118698,Kevin Rogers,1011135,121380,2.0,0.17567568,0.08783784,0.08783784,0.2761194029850746,1.4705882352941178,125.0005602811914,114.77662093015437,,0.2166817665100096,,4,0,0,,,148,37,17,16,4,13,1,1,2,0,26,-0.4365720450878143,-3.315812110900879,2.879240036010742,-3.015300035476685,-0.3757504224777221,1.1507225036621094,1.0412790775299072,0.8798666596412659,1.1817333698272705,6,-0.4887644052505493,0.109374896747458,0,0,1992,-0.1,,,,,,,,,,
Mike Hartley,PHI,7,6,0,46,0,55.0,8.672727874251478,3.76363662467517,0.8181818749293848,0.30625,0.77777778,,,,3.436363874703416,,3.401500094547748,,0.1881036013364792,Mike Hartley,1005451,115566,2.30434783,0.218107,0.09465021,0.12345679,0.2477064220183486,1.4000000971013915,98.52697505127286,97.84406175178547,,0.0348637801556681,,0,0,0,,,243,54,23,21,5,23,6,2,4,0,53,-1.1175260543823242,-5.828207969665527,4.710681915283203,-1.3430001735687256,-0.1907436400651931,1.2598931789398191,1.1514406204223633,1.1106783151626587,1.7141484022140503,31,0.3040764331817627,-1.1910770718571029,12,11,1992,0.32,,,,,,,,,,
Doug Brocail,SDP,0,0,0,3,3,14.0,9.642857142857142,3.2142857142857144,1.2857142857142858,0.3571428571428571,0.625,,,,6.428571428571429,,3.569032519204276,,0.1787156909704208,Doug Brocail,551,111492,3.0,0.234375,0.078125,0.15625,0.288135593220339,1.5714285714285714,180.7589313392189,99.17979862266505,,2.859538909367153,,0,0,0,,,64,17,10,10,2,5,0,0,0,0,15,-0.4202120006084442,-1.257539987564087,0.8373280167579651,-3.007999897003174,-0.3470541834831238,0.857204794883728,0.7738119959831238,0.8665333390235901,1.4145333766937256,3,-0.1637966036796569,-0.3264153073088275,0,0,1992,-0.33,,,,,,,,,,
Matt Young,BOS,0,4,0,28,8,70.2,7.259433831638951,5.3490565075234375,0.8915094179205729,0.2924528301886792,0.69097889,,,,4.584905577877232,,4.368223865348787,,0.1707540154457092,Matt Young,1014385,124707,1.35714286,0.17757009,0.13084112,0.04672897,0.25,1.5707546887172,110.51488107422182,110.08334551133336,,0.2166817125284454,,1,1,0,,,321,69,42,36,7,42,2,3,2,0,57,-1.8158060014247897,-5.450636029243469,3.6348299980163574,-13.842800080776216,-1.4533955678343773,0.7679802563629652,0.684486006581506,0.8304857271058219,0.8635217366011246,23,-0.6935038864612579,-1.670887628008351,2,4,1992,0.1,,,,,,,,,,
Ron Robinson,MIL,1,4,0,8,8,35.1,3.0566042135856506,3.5660382491832587,0.7641510533964126,0.3428571428571428,0.65286624,,,,5.858491409372497,,4.56633735808162,,0.1593256443738937,Ron Robinson,1011076,121321,0.85714286,0.07017544,0.08187135,-0.01169591,0.3290322580645161,1.839622906324697,149.69001395385172,117.15494294741156,,1.2921540512908765,,1,0,0,,,171,51,26,23,3,14,0,2,0,0,12,-1.0916759967803955,-3.596773862838745,2.5050981044769287,-10.993200302124023,-1.2359150648117063,0.945651352405548,0.7164256572723389,0.8890750408172607,0.9287500381469728,8,-1.0342459678649902,-0.1201710315961641,0,0,1992,-0.46,,,,,,,,,,
Jim Corsi,OAK,4,2,0,32,0,44.0,3.8863639733023185,3.68181850102325,0.4090909445581388,0.2876712328767123,0.84459459,,,,1.431818305953486,,3.7378637707923144,,0.1560927182435989,Jim Corsi,1002644,112704,1.05555556,0.1027027,0.0972973,0.00540541,0.2634730538922156,1.4090910312558114,38.70105705414707,96.73998713950822,,-2.3060454648388284,,0,0,0,,,185,44,12,7,2,18,2,0,0,0,19,-0.090388000011444,-2.771697998046875,2.681309938430786,5.749000072479248,0.6225225329399109,0.978809893131256,1.005663514137268,0.9296937584877014,1.7248375415802002,16,0.1398021876811981,-0.2321469837909808,7,6,1992,1.01,,,,,,,,,,
Mike Harkey,CHC,4,0,0,7,7,38.0,4.973685209110704,3.552632292221931,0.9473686112591816,0.2542372881355932,0.83333333,,,,1.8947372225183632,,4.309634329407561,,0.1554103046655655,Mike Harkey,1005363,115476,1.4,0.13207547,0.09433962,0.03773585,0.2377622377622377,1.289473943102775,52.67372385681461,119.52973526134028,,-2.414897106889198,,3,0,0,,,159,34,13,8,4,15,0,1,3,1,21,0.2741478979587555,-2.536586046218872,2.8107340335845947,0.900999903678894,0.136679396033287,1.0165269374847412,0.9410194754600524,0.8784571290016174,1.6436572074890137,7,-0.2271945029497146,0.4968852389739832,0,0,1992,0.74,,,,,,,,,,
Mike Dunne,CHW,2,0,0,4,1,12.2,4.263156824825481,4.263156824825481,0.0,0.2926829268292683,0.63157895,,,,4.263156824825481,,3.493844370960904,,0.1450206711888313,Mike Dunne,1003570,113642,1.0,0.11111111,0.11111111,0.0,0.2553191489361702,1.421052274941827,110.78260453093964,89.27086182765076,,0.7693124538645773,,0,0,0,,,54,12,7,6,0,6,1,1,0,0,6,-0.0650658831000328,-1.0446520149707794,0.9795860052108764,0.6522000730037689,0.065317902714014,1.1705217382364106,0.8827285809176308,1.0329999923706057,1.475499987602234,4,0.1033776924014091,-0.158964770346724,0,1,1992,0.0,,,,,,,,,,
Milt Hill,CIN,0,0,1,14,0,20.0,4.5000008583070485,2.2500004291535243,0.4500000858307048,0.2222222222222222,0.6122449,,,,3.1500006008149337,,3.3333183383941853,,0.1431171149015426,Milt Hill,1005831,115943,2.0,0.125,0.0625,0.0625,0.2027027027027027,1.0000001907348997,88.4137396464066,90.78219537482856,,-0.1833177375792516,,0,0,0,,,80,15,9,7,1,5,2,1,0,0,10,0.6872360110282898,-0.1944539994001388,0.8816899657249451,0.4959999620914459,0.0536897107958793,0.5357753038406372,0.8858520984649658,1.1511857509613037,0.624822199344635,9,0.3054229915142059,0.9772714628623316,5,0,1992,0.11,,,,,,,,,,
Russ Springer,NYY,0,0,0,14,0,16.0,6.750004425647776,5.625003688039814,0.0,0.3461538461538461,0.62068966,,,,6.187504056843795,,3.3458186022939715,,0.1404866725206375,Russ Springer,1652,122620,1.2,0.16,0.13333333,0.02666667,0.28125,1.7500011473901642,160.05949916767233,84.26217432518797,,2.8416854545498236,,0,0,0,,,75,18,11,11,0,10,0,1,0,0,12,-0.1462219953536987,-0.8480119705200195,0.7017899751663208,-5.2789998054504395,-0.5642074942588806,0.61153644323349,0.7819818258285522,0.8367000222206116,0.7538889050483704,9,-0.1856711953878402,-0.0534347433859015,2,3,1992,-0.21,,,,,,,,,,
Paul Abbott,MIN,0,0,0,6,0,11.0,10.636367324956488,4.090910509598649,0.8181821019197297,0.3666666666666666,0.84337349,,,,3.272728407678919,,3.237863845667618,,0.1331150084733963,Paul Abbott,1061,110015,2.6,0.26,0.1,0.16,0.2727272727272727,1.5454550814039338,80.61774810603963,82.59766909928693,,0.0348645620113008,,0,0,0,,,50,12,4,4,1,5,0,1,1,0,13,-0.0735979974269867,-0.3852420151233673,0.3116439878940582,-0.2400000989437103,-0.0207314901053905,0.4616183042526245,0.7587845921516418,1.2950999736785889,0.3339999914169311,1,0.0093100033700466,-0.1687447501055434,1,1,1992,0.25,,,,,,,,,,
Larry Casian,MIN,1,0,0,6,0,6.2,2.700001416207103,1.3500007081035514,0.0,0.28,0.75,,,,2.700001416207103,,2.633318154811818,,0.1277727633714676,Larry Casian,1002045,112093,2.0,0.07142857,0.03571429,0.03571429,0.2592592592592592,1.2000006294253789,66.5096540082618,67.20940018897265,,0.0666832613952848,,0,0,0,,,28,7,2,2,0,1,0,0,0,0,2,0.4218639731407165,-0.2919140160083771,0.713778018951416,2.8339998722076416,0.3013778030872345,1.2159503698349,1.2756749391555786,1.1638000011444092,1.1909600496292114,5,0.1638962030410766,0.183045566628352,3,0,1992,0.13,,,,,,,,,,
Bob MacDonald,TOR,1,0,0,27,0,47.1,4.943662503058474,3.042253848035984,0.760563462008996,0.2929936305732484,0.70032573,,,,4.373239906551727,,3.860783138002735,,0.1265233904123306,Bob MacDonald,1007900,118069,1.625,0.12745098,0.07843137,0.04901961,0.267379679144385,1.3943663470164926,108.87571886645254,95.54487335913318,,0.5124567685489918,,0,0,0,,,204,50,24,23,4,16,3,1,0,0,26,0.5852859616279602,-0.5018220543861389,1.087108135223389,-0.3829999566078186,-0.0131465997546911,0.2636770904064178,0.3535282909870147,0.3486148118972778,0.3310111165046692,18,0.3810878098011017,1.838619487203092,3,2,1992,0.13,,,,,,,,,,
Rich DeLucia,SEA,3,6,1,30,11,83.2,7.099603427921284,3.7649412117764385,1.3984067358026773,0.3270676691729323,0.69023569,,,,5.486057194302811,,4.552242993308761,,0.1213186765089631,Rich DeLucia,1003185,113247,1.88571429,0.17277487,0.09162304,0.08115183,0.2898550724637681,1.6135462336184736,138.403545498417,115.33475340241657,,0.9338142009940498,,5,0,0,,,382,100,55,51,13,35,1,2,1,0,66,-1.378316067159176,-6.647652268409729,5.269335985183716,-15.778800308704376,-1.667709283530712,0.8696891105904871,0.8292130939662457,1.0061933557192484,1.0237749988834064,24,-1.7065141629427671,0.1216764889107793,6,4,1992,-0.42,,,,,,,,,,
Mark Williamson,BAL,0,0,1,12,0,18.2,6.750001609325793,4.821429720946995,0.4821429720946995,0.2830188679245283,0.93495935,,,,0.964285944189399,,3.586889853647823,,0.1206803247332573,Mark Williamson,1014022,124351,1.4,0.17948718,0.12820513,0.05128205,0.2352941176470588,1.392857474940243,24.291328901287205,89.81540281123587,,-2.622603909458424,,0,0,0,,,78,16,3,2,1,10,1,0,1,0,14,-0.3223660290241241,-0.5980640053749084,0.2756980061531067,-1.5250000953674316,-0.148316204547882,0.2623096406459808,0.5018559694290161,0.8465499877929688,0.2300000041723251,7,0.0519572980701923,-1.2809095707744838,1,1,1992,0.74,,,,,,,,,,
Kip Gross,LAD,1,1,0,16,1,23.2,5.3239450921999145,3.802817922999939,0.3802817922999938,0.369047619047619,0.68965517,,,,4.1830997152999325,,3.417121220656647,,0.1194372223690152,Kip Gross,1005089,115190,1.4,0.12844037,0.09174312,0.03669725,0.3232323232323232,1.7746483640666382,123.81904323951213,98.84172224143528,,0.7659784946432855,,1,0,0,,,109,32,14,11,1,10,1,0,1,1,14,-0.2279760912060737,-1.137354016304016,0.9093779921531676,-2.4693000316619873,-0.307066798210144,0.5281268690238919,0.547820718123995,0.6202000118792057,0.8703111410140991,9,-0.6059279516339302,0.1742587740603113,0,1,1992,-0.08,,,,,,,,,,
Bill Risley,MON,1,0,0,1,1,5.0,3.6,1.8,0.0,0.25,0.8,,,,1.8,,2.5833182334899902,,0.1186976879835128,Bill Risley,1010986,121231,2.0,0.10526316,0.05263158,0.05263158,0.2222222222222222,1.0,52.084064347385365,74.87384243612897,,-0.7833182334899902,,0,0,0,,,19,4,1,1,0,1,0,0,0,0,2,0.0627000033855438,-0.3709880113601684,0.4336880147457123,0.9350000023841858,0.1137470006942749,1.1256599426269531,0.9215199947357178,0.8700000047683716,1.590000033378601,1,0.022681200876832,0.0330194605851196,0,0,1992,0.15,,,,,,,,,,
Dan Smith,TEX,0,3,0,4,2,14.1,3.1395349533510197,5.023255925361632,0.627906990670204,0.320754716981132,0.73170732,,,,5.023255925361632,,4.667039205500602,,0.1169416457414627,Dan Smith,1012120,137203,0.625,0.07462687,0.11940299,-0.04477612,0.3050847457627119,1.8139535286028112,128.74886760749015,119.437851418957,,0.3562167198610293,,0,0,0,,,67,18,8,8,1,8,1,0,0,0,5,-0.1807760000228881,-1.5433560013771055,1.3625799715518951,-1.736799955368042,-0.1929391920566558,1.311897134780884,1.3498001173138618,2.3046000599861145,2.5410666465759277,3,-0.2576595079153776,0.1198621187526352,2,0,1992,-0.02,,,,,,,,,,
Mike Stanton,ATL,5,4,8,65,0,63.2,6.2198973997876195,2.8272260908125544,0.8481678272437663,0.2760416666666667,0.67493113,,,,4.099477831678204,,3.662899683965007,,0.1167091503739357,Mike Stanton,849,122681,2.2,0.16666667,0.07575758,0.09090909,0.2438016528925619,1.2408381176343988,113.80617208820692,102.6807606241219,,0.4365781477131967,,0,0,0,,,264,59,32,29,6,20,2,2,3,0,44,1.2553179264068604,-4.728539943695068,5.983858108520508,0.3679998219013214,0.0717305168509483,1.2438886165618896,1.5249403715133667,1.5870708227157593,1.431957125663757,42,-0.8805966377258301,1.8897850085275192,26,12,1992,-0.64,,,,,,,,,,
Jim Austin,MIL,5,2,0,47,0,58.1,4.628571832150865,4.937143287627588,0.3085714554767242,0.2130177514792899,0.85260116,,,,1.8514287328603456,,3.949032620846504,,0.1115101352334022,Jim Austin,1000373,110388,0.9375,0.12765957,0.13617021,-0.00851064,0.1890547263681592,1.2000001046317057,47.30576073100562,101.34175572321249,,-2.0976038879861587,,0,0,0,,,235,38,13,12,2,32,6,2,1,0,30,0.9804820418357848,-2.736475944519043,3.7169580459594727,15.486000061035156,1.7132595777511597,0.9046789407730104,1.0282684564590454,1.2184340953826904,1.2806514501571655,35,1.2631807327270508,-0.1793906745678499,16,4,1992,2.0,,,,,,,,,,
Jeff Johnson,NYY,2,3,0,13,8,52.2,2.3924047889245252,3.9303792960902912,0.6835442254070072,0.3316831683168317,0.57522124,,,,6.66455619771832,,4.66306485335926,,0.1103296466171741,Jeff Johnson,1006465,116638,0.60869565,0.05714286,0.09387755,-0.03673469,0.3227272727272727,1.7848099218960742,172.39997216676258,117.3660805496839,,2.00149134435906,,3,0,0,,,245,71,44,39,4,23,0,2,1,0,14,-1.799284040927887,-5.291246175765991,3.491961896419525,-18.554800033569336,-1.8898327052593231,0.9107650215700857,0.8131055054018053,0.8169230956297654,0.9517399445176123,10,-1.0626018941402435,-0.9129724837888368,0,2,1992,-1.25,,,,,,,,,,
Jim Poole,BAL,0,0,0,6,0,3.1,8.100003089905965,2.7000010299686545,0.0,0.3,0.25,,,,0.0,,1.8833178901671055,,0.1089496165513992,Jim Poole,1010435,120666,3.0,0.21428571,0.07142857,0.14285714,0.2307692307692307,1.2000004577638466,0.0,47.24214309623132,,-1.8833178901671055,,0,0,0,,,14,3,3,0,0,1,0,0,0,0,3,-0.3653959929943084,-0.5564280152320862,0.1910320073366165,-2.7780001163482666,-0.3255319893360138,1.1875747442245483,1.4042667150497437,1.4042667150497437,0.6434400081634521,5,0.0148644056171178,-0.3225469281457536,1,1,1992,-0.16,,,,,,,,,,
Paul Wagner,PIT,2,0,0,6,1,13.0,3.461538715475428,3.461538715475428,0.0,0.2142857142857142,0.92857143,,,,0.6923077430950857,,3.167933646320594,,0.1042611412703991,Paul Wagner,1013490,123789,1.0,0.09615385,0.09615385,0.0,0.1914893617021276,1.0769231559256889,19.987509312969305,91.9134329789762,,-2.475625903225509,,0,0,0,,,52,9,1,1,0,5,0,0,1,0,5,0.4100119993090629,-0.5225119590759277,0.9325239062309264,4.59799998998642,0.5222146883606911,0.9109633120623502,0.8439857108252389,0.641599973042806,0.9518799781799316,5,0.2702448852360248,0.1798412970283603,2,0,1992,0.61,,,,,,,,,,
Shane Reynolds,HOU,1,3,0,8,5,25.1,3.5526302861379535,2.131578171682772,0.7105260572275908,0.3846153846153846,0.57522124,,,,7.105260572275907,,3.7306863097934446,,0.100236926227808,Shane Reynolds,574,121110,1.66666667,0.08196721,0.04918033,0.03278689,0.3620689655172414,1.8947361526069089,210.9712642150879,111.34841389587824,,3.3745742624824624,,0,0,0,,,122,42,22,20,2,6,1,0,1,1,10,-1.476217981427908,-3.2017119377851486,1.725493956357241,-13.146400213241575,-1.5477597266435623,0.9510738849639891,0.7065332697497474,0.6302250027656555,0.4467000160366297,8,-1.5202156752347946,-0.0319434206737239,0,0,1992,-0.89,,,,,,,,,,
Roger McDowell,LAD,6,10,14,65,0,83.2,5.378486709714695,4.517928836160343,0.3227092025828816,0.3367003367003367,0.70521862,,,,4.087649899383168,,3.596067336291322,,0.0980045646429061,Roger McDowell,1008475,118658,1.19047619,0.12722646,0.10687023,0.02035623,0.2942857142857142,1.733067939796957,120.99374485110069,104.03030412848427,,0.4915825630918458,,0,0,0,,,393,103,46,38,3,42,13,1,4,1,50,-2.3765480518341064,-12.03954792022705,9.662996292114258,-11.51099967956543,-1.3198734521865845,1.697240710258484,1.7875036001205444,1.99857234954834,2.4185538291931152,26,-1.086347222328186,-0.3138949692889161,22,17,1992,-0.65,,,,,,,,,,
John Kiely,DET,4,2,0,39,0,55.0,2.9454547497457853,4.581818499604554,0.3272727499717539,0.2295081967213114,0.83815029,,,,2.1272728748164003,,4.128772872262756,,0.0901632606983184,John Kiely,1006894,117041,0.64285714,0.07792208,0.12121212,-0.04329004,0.2167487684729064,1.3090909998870155,53.13569155968576,102.28065743208263,,-2.0014999974463556,,0,0,0,,,231,44,14,13,2,28,3,0,0,0,18,0.1665619760751724,-3.464008092880249,3.6305699348449703,11.89900016784668,1.1319899559020996,0.9299200177192688,1.0030847787857056,1.2515590190887451,1.3274210691452026,19,0.5262624621391296,-0.3471481588642264,8,7,1992,1.55,,,,,,,,,,
Mike Jeffcoat,TEX,0,1,0,6,3,19.2,2.745763599513296,2.288136332927747,0.9152545331710988,0.3421052631578947,0.52980132,,,,7.32203626536879,,4.2578949813767615,,0.0881388656343915,Mike Jeffcoat,1006378,116512,1.2,0.06741573,0.05617978,0.01123596,0.3333333333333333,1.6779666441470142,187.6678974263772,108.98298124449524,,3.0641412839920283,,1,0,0,,,89,28,17,16,2,5,0,0,0,0,6,-0.434439979493618,-1.599320024251938,1.164879947900772,-6.701599836349487,-0.7246809937059879,0.8068789641062418,0.7940545786510814,0.6978333294391632,1.1851500272750854,4,-0.3312705755233764,-0.2071496818132806,1,0,1992,-0.51,,,,,,,,,,
Pete Young,MON,0,0,0,13,0,20.1,4.868854133649591,3.9836079275314833,0.0,0.28125,0.67857143,,,,3.9836079275314833,,3.176760991764705,,0.082650251686573,Pete Young,1014388,124686,1.22222222,0.12941176,0.10588235,0.02352941,0.24,1.3278693091771612,115.26805090683568,92.1288769845216,,0.8068469357667785,,0,0,0,,,85,18,9,9,0,9,2,1,1,0,11,0.0214119926095008,-0.317328006029129,0.3387399911880493,-1.5579997301101685,-0.166582703590393,0.232824757695198,0.3748083412647247,0.5201230645179749,0.2858857214450836,7,0.0647567138075828,0.0272094190962569,1,1,1992,0.04,,,,,,,,,,
Bobby Thigpen,CHW,1,3,22,55,0,55.0,7.363639428006021,5.400002247204415,0.6545457269338685,0.3214285714285714,0.73529412,,,,4.7454565202705465,,4.056046035861401,,0.0769634544849395,Bobby Thigpen,1012958,123230,1.36363636,0.17786561,0.13043478,0.04743083,0.2672811059907834,1.6545461430828343,123.31566831943177,103.6065701012128,,0.6894104844091453,,0,0,0,,,253,58,29,29,4,33,5,3,0,0,45,-1.1469099521636963,-8.698360443115234,7.551449775695801,-8.003000259399414,-0.9068827629089355,1.9733684062957764,1.9649945497512815,1.983643651008606,2.4178667068481445,15,-0.3034487664699554,-0.2777452713511775,19,15,1992,-0.49,,,,,,,,,,
Victor Cole,PIT,0,2,0,8,4,23.0,4.695654120923797,5.478263141077764,0.3913045100769831,0.2857142857142857,0.64606742,,,,5.478263141077764,,4.13114487931071,,0.0719923079013824,Victor Cole,1002439,112470,0.85714286,0.11538462,0.13461538,-0.01923077,0.2555555555555555,1.608696319205375,158.16208419345864,119.93247955131892,,1.3471182617670534,,1,0,0,,,104,23,14,14,1,14,0,0,1,0,12,-0.3612100034952163,-1.6551639661192894,1.2939538806676865,-2.9851999282836914,-0.3400528877973556,0.8006145852533254,0.6433479681059167,0.5260250121355057,0.8982999871174494,6,-0.3057783991098404,-0.1453875053695597,0,0,1992,-0.23,,,,,,,,,,
Dave Smith,CHC,0,0,0,11,0,14.1,1.8837207213423173,2.511627628456423,0.0,0.2777777777777778,0.78947368,,,,2.511627628456423,,3.2019228382327274,,0.0705716386437416,Dave Smith,1012117,122371,0.75,0.04918033,0.06557377,-0.01639344,0.2631578947368421,1.325581248352001,69.82328660679364,88.74809579067346,,-0.6902952097763042,,0,0,0,,,61,15,4,4,0,4,2,0,0,1,3,0.1131559982895851,-0.4153380095958709,0.5284940004348755,2.806999921798706,0.3225728869438171,0.5354718565940857,0.4371529519557953,0.413418173789978,0.5929714441299438,7,0.1166384890675544,0.0946816707057779,1,0,1992,0.25,,,,,,,,,,
Mike Butcher,CAL,2,2,0,19,0,27.2,7.807231786238626,4.228917217545923,0.9759039732798284,0.3132530120481928,0.82914573,,,,3.253013244266094,,4.084523531196428,,0.051460962742567,Mike Butcher,1001764,111807,1.84615385,0.192,0.104,0.088,0.2636363636363636,1.5180728473241774,81.42932508489088,101.3645269696883,,-0.8315102869303339,,0,0,0,,,125,29,11,10,3,13,1,2,0,0,24,-0.1097260117530822,-1.6785839796066284,1.568858027458191,0.7180001139640808,0.0525779202580452,0.6986046433448792,0.8297539353370667,1.0746526718139648,1.2512153387069702,13,-0.1471919119358062,-0.0098726206268752,5,3,1992,0.32,,,,,,,,,,
Gene Harris,- - -,0,2,0,22,1,30.1,7.417581504186875,4.450548902512125,0.890109780502425,0.2325581395348837,0.68965517,,,,4.15384564234465,,4.003098303067388,,0.0499473586678504,Gene Harris,1005414,115535,1.66666667,0.19230769,0.11538462,0.07692308,0.2017543859649122,1.2527470984848943,110.79613120960757,105.48672274192006,,0.1507473392772622,,0,0,0,,,130,23,15,14,3,15,0,1,1,2,25,-0.2614279668778181,-1.9472658932209015,1.6858380138874054,0.6072999238967896,0.0518882870674133,0.8417702382025511,0.8998631929096422,0.9132454314015128,0.968077775504854,18,0.2787025570869446,-0.5892718252949184,4,3,1992,-0.04000000000000001,,,,,,,,,,
Scott Ruskin,CIN,4,3,0,57,0,53.2,7.211180465943732,3.3540374260203403,1.0062112278061022,0.3048780487804878,0.67055394,,,,5.03105613903051,,3.808163002551761,,0.0490557625889778,Scott Ruskin,1011309,121560,2.15,0.18376068,0.08547009,0.0982906,0.2629107981220657,1.4161491354308104,141.2109215177996,103.74647156595653,,1.2228931364787492,,0,0,0,,,234,56,31,30,6,20,4,1,1,0,43,-1.85192608833313,-4.169698238372803,2.3177719116210938,-10.32699966430664,-1.1564807891845703,0.7865869402885437,0.9830684065818788,1.0704281330108645,1.231089472770691,38,-0.1814007312059402,-2.1729812111814937,8,11,1992,-0.56,,,,,,,,,,
Bruce Walton,OAK,0,0,0,7,0,10.0,6.2999987983705905,2.699999485015967,0.8999998283386558,0.4210526315789473,0.48387097,,,,9.899998111725214,,3.5833180809021288,,0.048160646110773,Bruce Walton,1013591,123899,2.33333333,0.14285714,0.06122449,0.08163265,0.3695652173913043,1.999999618530346,267.5900916790433,92.74773788478583,,6.316680030823085,,0,0,0,,,49,17,11,11,1,3,0,0,0,1,7,0.1348519623279571,-0.3017500042915344,0.4366019964218139,-4.751999855041504,-0.460651159286499,0.4376277923583984,0.5675076842308044,0.7715142965316772,0.807960033416748,5,-0.4120711982250213,0.720214247370125,1,0,1992,-0.5,,,,,,,,,,
Brian Drahman,CHW,0,0,0,5,0,7.0,1.285714986373349,2.571429972746698,0.0,0.2307692307692307,0.625,,,,2.571429972746698,,3.35474711632259,,0.0461200140416622,Brian Drahman,1003476,113541,0.5,0.03448276,0.06896552,-0.03448276,0.2222222222222222,1.142857765665199,66.82130671124536,85.72398925746518,,-0.7833171435758919,,0,0,0,,,29,6,3,2,0,2,0,0,1,0,1,0.0401059463620185,-0.1692279130220413,0.209333911538124,-0.0379998981952667,-0.0166500024497509,0.3156903088092804,0.4611499905586242,0.5329200029373169,1.275333285331726,3,0.1369644999504089,-0.0099224424564996,0,0,1992,0.05,,,,,,,,,,
Don Carman,TEX,0,0,0,2,0,2.1,7.714286765273879,0.0,0.0,0.4444444444444444,0.25,,,,7.714286765273879,,1.0690322856513506,,0.0432804226875305,Don Carman,1001967,112011,2.0,0.18181818,0.0,0.18181818,0.3636363636363636,1.71428594783864,197.72149780661593,27.497911867340957,,6.645254479622529,,0,0,0,,,11,4,3,2,0,0,0,0,0,0,2,-0.009349999949336,-0.0116999996826052,0.0023499999660998,-0.7319999933242798,-0.0780809968709945,0.03045454621315,0.025000000372529,0.0350000001490116,0.0599999986588954,1,-0.0134219974279403,-0.2935929186340431,0,0,1992,-0.08,,,,,,,,,,
Mike Munoz,DET,1,2,2,65,0,48.0,4.312502056361225,4.687502235175245,0.5625002682210294,0.2578616352201258,0.81790123,,,,3.0000014305121567,,4.199985575676287,,0.041329126805067,Mike Munoz,1009328,119525,0.92,0.10952381,0.11904762,-0.00952381,0.2378378378378378,1.4375006854537418,74.93498016988914,104.04176517838538,,-1.1999841451641302,,0,0,0,,,210,44,16,16,3,25,6,0,2,0,23,0.2162679135799408,-2.4234321117401123,2.639699935913086,9.494000434875488,0.9858013391494752,0.827963650226593,1.218682885169983,1.4280554056167605,1.5377720594406128,50,0.3492897152900696,-0.0880851158843424,11,9,1992,1.07,,,,,,,,,,
Peter Hoy,BOS,0,0,0,5,0,3.2,4.90909590997496,4.90909590997496,0.0,0.5333333333333333,0.7,,,,7.36364386496244,,3.3287733345983193,,0.0372182950377464,Peter Hoy,1006113,116237,1.0,0.10526316,0.10526316,0.0,0.4705882352941176,2.7272755055416447,177.493780883057,83.93060240988306,,4.03487053036412,,0,0,0,,,19,8,3,3,0,2,1,0,0,0,2,-0.4614019989967346,-0.8320000171661377,0.3705979883670807,-3.3010001182556152,-0.3622067272663116,1.186255693435669,1.0676666498184204,1.067199945449829,1.7942665815353394,3,-0.3936029374599457,0.0046463224991285,1,3,1992,-0.09,,,,,,,,,,
Todd Revenig,OAK,0,0,0,2,0,2.0,4.5,0.0,0.0,0.3333333333333333,1.0,,,,0.0,,1.7833182334899904,,0.0283083748072385,Todd Revenig,1010854,121091,1.0,0.14285714,0.0,0.14285714,0.2857142857142857,1.0,0.0,46.24985072638215,,-1.7833182334899904,,0,0,0,,,7,2,0,0,0,0,0,0,0,0,1,0.0058120097965002,-0.0039419997483491,0.0097540095448493,0.9409999847412108,0.100609004497528,0.052142858505249,0.0631000027060508,0.0631000027060508,,0,0.0686957985162735,0.0427674001481252,0,0,1992,0.06,,,,,,,,,,
Tony Menendez,CIN,1,0,0,3,0,4.2,9.64285057418648,0.0,1.928570114837296,0.0,1.0,,,,1.928570114837296,,3.426174938435756,,0.0162990316748619,Tony Menendez,1008764,118949,5.0,0.33333333,0.0,0.33333333,0.0666666666666666,0.214285568315255,54.13081380967106,93.31737940441796,,-1.49760482359846,,0,0,0,,,15,1,1,1,1,0,0,0,0,0,5,0.0309620182961225,-0.0940480008721351,0.125009998679161,0.9710000157356262,0.1115287020802497,0.3623064160346985,0.4951602220535278,0.3959333300590515,1.4043999910354614,2,0.0516021028161048,0.0338559981885355,0,0,1992,0.12,,,,,,,,,,
Trevor Wilson,SFG,8,14,0,26,26,154.0,5.142857142857143,3.74025974025974,1.051948051948052,0.2762886597938144,0.71138211,,,,4.207792207792208,,4.523577973749731,,0.0136711318045854,Trevor Wilson,1014109,124427,1.375,0.13313162,0.096823,0.03630862,0.2571912013536379,1.4025974025974026,124.18886833131351,129.22864978578895,,-0.3157857659575231,,12,1,1,,,661,152,82,72,18,64,5,6,2,7,88,-1.5695722103118896,-12.371047973632812,10.80147647857666,-17.475400924682617,-1.9939303398132324,0.9959560632705688,0.8708022236824036,0.8700000047683716,1.081272006034851,25,-1.677262783050537,0.1013175499268466,0,0,1992,-0.84,,,,,,,,,,
Pat Rapp,SFG,0,2,0,3,2,10.0,2.7,5.4,0.0,0.2424242424242424,0.46666667,,,,7.2,,4.28331823348999,,0.0129752233624458,Pat Rapp,1010700,120933,0.5,0.06976744,0.13953488,-0.06976744,0.2222222222222222,1.4,212.50095247802537,122.35245753904606,,2.9166817665100098,,0,0,0,,,43,8,8,8,0,6,1,1,0,0,3,-0.3006320372223854,-0.9237080365419388,0.6230760291218758,-2.918000042438507,-0.2912625074386596,0.961686612443721,0.8873072374950756,0.8514666755994161,0.5455999970436096,2,-0.115888699889183,-0.1967204529599513,1,0,1992,-0.29,,,,,,,,,,
Steve Cooke,PIT,2,0,1,11,0,23.0,3.9130434782608696,1.565217391304348,0.782608695652174,0.2666666666666666,0.73275862,,,,3.5217391304347827,,3.565926929142164,,0.0112837674096226,Steve Cooke,1002570,112633,2.5,0.10989011,0.04395604,0.06593407,0.2528735632183908,1.1304347826086956,101.67558339405392,103.49074016240642,,-0.0441877987073815,,0,0,0,,,91,22,9,9,2,4,1,0,0,0,10,0.7874040007591248,-0.3740060031414032,1.1614099740982056,2.944000005722046,0.3231228291988373,0.5797955989837646,0.7427518963813782,0.803672730922699,1.1257333755493164,3,0.5573660731315613,0.8007056372078156,4,1,1992,0.19,,,,,,,,,,
Blas Minor,PIT,0,0,0,1,0,2.0,0.0,0.0,0.0,0.3333333333333333,0.33333333,,,,4.5,,2.7833182334899904,,0.0107901012524962,Blas Minor,1008982,119175,0.0,0.0,0.0,0.0,0.3333333333333333,1.5,129.91880100351335,80.72527736425437,,1.7166817665100096,,0,0,0,,,9,3,2,1,0,0,0,0,1,0,0,-0.0146840000525116,-0.0215199999511241,0.0068359998986124,-1.1799999475479126,-0.1382550001144409,0.0579399988055229,0.0606999993324279,0.0876000002026557,0.0099999997764825,1,-0.2065470069646835,-0.0468875866706893,0,0,1992,-0.06,,,,,,,,,,
Eric Bell,CLE,0,2,0,7,1,15.1,5.869564152620433,5.28260773735839,0.5869564152620433,0.3888888888888889,0.62091503,,,,7.630433398406563,,4.283317961381879,,0.0061603114008903,Eric Bell,1000803,110819,1.11111111,0.13333333,0.12,0.01333333,0.3384615384615385,2.0217387636803714,193.89577209193175,109.45590896809622,,3.3471154370246836,,0,0,0,,,75,22,13,13,1,9,0,1,1,0,10,-0.6234100013971329,-1.9515280723571775,1.3281180262565613,-8.168299913406372,-0.8202054798603058,1.1140912969907124,1.157979959533328,0.9686285597937448,1.1077200412750243,5,-0.6631207913160324,0.1035526454369339,1,4,1992,-0.51,,,,,,,,,,
Buddy Groom,DET,0,5,1,12,7,38.2,3.491379130946196,5.1206893920544205,0.9310344349189856,0.3235294117647059,0.65217391,,,,5.81896521824366,,5.059180185514178,,0.0054620839655399,Buddy Groom,143,115183,0.68181818,0.08474576,0.12429379,-0.03954802,0.3096774193548387,1.810344734564694,145.3479451054536,125.2898601170134,,0.7597850327294822,,2,0,0,,,177,48,28,25,4,22,4,0,0,1,15,-1.4258519411087036,-3.849263846874237,2.42341198772192,-12.087000131607056,-1.196494460105896,0.9830010865933329,0.9461017635133532,1.16211665670077,0.8467111123932732,9,-0.9285736232995988,-0.5219353950068866,0,1,1992,-0.66,,,,,,,,,,
Pedro Borbon Jr.,ATL,0,1,0,2,0,1.1,6.750001609325793,6.750001609325793,0.0,0.4,0.66666667,,,,6.750001609325793,,3.5333184123039674,,0.0040678670629858,Pedro Borbon Jr.,1289,111228,1.0,0.14285714,0.14285714,0.0,0.3333333333333333,2.250000536441931,187.38772992269844,99.04008091164182,,3.2166831970218253,,0,0,0,,,7,2,1,1,0,1,1,0,0,0,1,-0.3182139694690704,-0.4424439966678619,0.1242300271987915,-0.257999986410141,-0.0287148989737033,1.5439685583114624,1.1390999555587769,1.1390999555587769,,0,-0.0588259026408195,-0.1472754248480512,0,1,1992,-0.05,,,,,,,,,,
Johnny Guzman,OAK,0,0,0,2,0,3.0,0.0,0.0,0.0,0.4705882352941176,0.55555556,,,,12.0,,3.783318233489991,,0.0032762072514742,Johnny Guzman,1005161,115265,0.0,0.0,0.0,0.0,0.4705882352941176,2.6666666666666665,324.3516881427913,97.91417417091324,,8.216681766510009,,0,0,0,,,18,8,4,4,0,0,0,1,0,0,0,-0.0003999990294687,-0.0040600001811981,0.0036599999293684,-2.565999984741211,-0.2715339958667755,0.0103333098813891,0.0119999991729855,0.0130000002682209,,0,-0.1921866536140442,0.1534769822638057,0,0,1992,-0.11,,,,,,,,,,
Tom Filer,NYM,0,1,0,9,1,22.0,3.681818820228372,2.454545880152248,0.8181819600507494,0.2253521126760563,0.75471698,,,,2.045454900126874,,3.965136620229962,,0.0015403628349304,Tom Filer,1004040,114119,1.5,0.10227273,0.06818182,0.03409091,0.2195121951219512,1.090909280067666,58.61468554225903,113.59224182507504,,-1.9196817201030885,,1,0,0,,,88,18,8,5,2,6,2,0,1,0,9,-0.1048500090837478,-1.0628080368041992,0.9579580128192902,2.124700039625168,0.2468259930610656,0.6913000876756058,0.7295432615280152,0.9530222283469306,1.051774978637695,8,-0.0436667054891586,-0.1080040536399057,0,3,1992,0.34,,,,,,,,,,
Brian Williams,HOU,7,6,0,16,16,96.1,5.044982965329865,3.9238756397010057,0.9342561046907156,0.2671009771986971,0.75,,,,3.9238756397010057,,4.319650494536946,,0.0005460396641865,Brian Williams,1013978,124291,1.28571429,0.13075061,0.10169492,0.02905569,0.2479784366576819,1.391003533650621,116.50874671093798,128.9658463234839,,-0.3957748548359401,,11,0,0,,,413,92,44,42,10,42,1,0,2,1,54,-0.399504005908966,-7.619669914245605,7.220166206359863,-6.5553998947143555,-0.7466087341308594,1.050615310668945,0.9217205047607422,0.8769000172615051,0.8382624983787537,16,-1.2007523775100708,0.8204952064484814,0,0,1992,0.44,,,,,,,,,,
Joe Vitko,NYM,0,1,0,3,1,4.2,11.571444927452784,1.928574154575464,1.928574154575464,0.5238095238095238,0.17241379,,,,13.500019082028247,,3.6404623021901967,,-0.0020117089152336,Joe Vitko,1013443,123741,6.0,0.20689655,0.03448276,0.17241379,0.4285714285714285,2.7857182232756705,386.85740431553904,104.27172166264268,,9.859556779838051,,0,0,0,,,29,12,11,7,1,1,0,0,1,0,6,-0.4248840138316154,-0.5547320023179054,0.1298479977995157,-8.326300144195557,-0.9807182848453522,0.4600243405862288,0.4141331687569618,0.3342666675647099,0.1296000060392543,2,-0.7503599971532822,-0.1732520301802442,0,1,1992,-0.54,,,,,,,,,,
Scott Service,MON,0,0,0,5,0,7.0,14.142851362425384,6.428568801102447,1.285713760220489,0.5833333333333334,0.48387097,,,,14.142851362425384,,3.64046074030365,,-0.0025527880061417,Scott Service,1684,122012,2.2,0.26829268,0.12195122,0.14634146,0.4166666666666667,2.8571416893788655,409.23176689781695,105.6114834694028,,10.502390622121734,,0,0,0,,,41,15,11,11,1,5,0,0,0,0,11,-0.045728001743555,-0.3477959930896759,0.3020679950714111,-6.585999965667725,-0.7207232117652893,0.4883906245231628,0.5076001286506653,0.7599999904632568,0.3479999899864197,5,-0.5130136013031006,0.419383626755163,1,0,1992,-0.67,,,,,,,,,,
Jeremy Hernandez,SDP,1,4,1,26,0,36.2,6.136365338790988,2.7000007490680344,0.981818454206558,0.3017241379310345,0.74889868,,,,4.172728430377871,,3.8196821573746904,,-0.0098969470709562,Jeremy Hernandez,1005705,115824,2.27272727,0.15923567,0.07006369,0.08917197,0.2689655172413793,1.3636367419535529,117.32901162015914,106.16118519844288,,0.3530462730031809,,0,0,0,,,157,39,17,17,4,11,5,1,0,0,25,0.1771979928016662,-2.3937580585479736,2.570955991744995,3.7300000190734863,0.4162755906581878,1.083716869354248,1.0491684675216677,1.0962307453155518,1.1109333038330078,15,-0.0442150123417377,0.207724502516282,7,3,1992,-0.16,,,,,,,,,,
Kent Mercker,ATL,3,2,6,53,0,68.1,6.453659737500398,4.609756955357427,0.5268293663265631,0.2373737373737373,0.74340528,,,,3.42439088112266,,3.7784403698846094,,-0.0102379648014903,Kent Mercker,439,118967,1.4,0.16955017,0.12110727,0.04844291,0.2031872509960159,1.2585368195579008,95.0649897171888,105.92695990740926,,-0.3540494887619494,,0,0,0,,,289,51,27,26,4,35,1,3,6,0,49,0.0132859339937567,-5.255462169647217,5.268747806549072,-2.9020004272460938,-0.3591775596141815,1.113402247428894,1.2334282398223877,1.2377547025680542,1.4294285774230957,35,0.3119581043720245,-0.3000253693479691,11,9,1992,0.46,,,,,,,,,,
Mike Williams,PHI,1,1,0,5,5,28.2,1.5697672677852643,2.1976741748993702,0.9418603606711586,0.2452830188679245,0.50314465,,,,5.337208710469899,,4.527504086584729,,-0.0112692983821034,Mike Williams,1014,124328,0.71428571,0.04132231,0.05785124,-0.01652893,0.2543859649122807,1.2558138142282116,153.02774928201964,130.31203717929486,,0.8097046238851702,,1,1,0,,,121,29,20,17,3,7,0,0,0,0,5,-0.6247960925102234,-2.013319969177246,1.388524055480957,-6.1483001708984375,-0.6345179080963135,0.7605164051055908,0.670126736164093,0.8700000047683716,1.5041000843048096,4,-0.2253609895706176,-0.5961809105327418,0,0,1992,-0.54,,,,,,,,,,
Randy Kramer,SEA,0,1,0,4,4,16.1,3.306121162055984,3.857141355731981,1.1020403873519946,0.4117647058823529,0.68181818,,,,7.714282711463962,,5.109847940121979,,-0.0127569800242781,Randy Kramer,1007138,117291,0.85714286,0.07142857,0.08333333,-0.01190476,0.3947368421052631,2.265305240667989,194.6177446623284,129.44018800333487,,2.6044347713419835,,1,0,0,,,84,30,14,14,2,7,0,1,0,0,6,-0.6390179991722107,-2.1882641315460205,1.5492459535598757,-5.966599941253662,-0.6035659909248352,1.217992663383484,1.0046439170837402,0.8834999799728394,1.5052000284194946,4,-0.6827468276023865,0.1580983478676473,0,0,1992,-0.34,,,,,,,,,,
Jeff Robinson,CHC,4,3,1,49,5,78.0,5.307693346012477,4.615385518271719,0.5769231897839648,0.2933884297520661,0.8018018,,,,3.000000586876617,,4.052549251014713,,-0.013358648866415,Jeff Robinson,1011072,121315,1.15,0.13731343,0.11940299,0.01791045,0.2593856655290102,1.487179778109776,83.4000623439429,112.38572686256153,,-1.052548664138096,,1,0,0,,,335,76,29,26,5,40,7,2,8,1,46,0.1887399107217788,-7.775740146636963,7.964479923248291,2.9469999074935913,0.3307396024465561,1.3120477612201984,1.2765530512688008,1.4561387653253517,1.3808810710906982,37,-0.8255538046360016,0.9694052072299526,13,9,1992,1.08,,,,,,,,,,
Ricky Trlicek,TOR,0,0,0,2,0,1.2,5.400002059937309,10.800004119874618,0.0,0.3333333333333333,0.5,,,,10.800004119874618,,5.1833191490176835,,-0.0171755664050579,Ricky Trlicek,1013188,123470,0.5,0.11111111,0.22222222,-0.11111111,0.2857142857142857,2.400000915527693,268.8757620066526,128.2144737948935,,5.616684970856935,,0,0,0,,,9,2,2,2,0,2,0,0,0,0,1,-0.2219440042972564,-0.3169220089912414,0.0949779972434043,-1.5420000553131104,-0.1451686024665832,1.2138866186141968,1.0,0.9480000138282776,1.5475000143051147,2,-0.1309110969305038,-0.0519264110326643,0,1,1992,-0.11,,,,,,,,,,
Jonathan Hurst,MON,1,1,0,3,3,16.1,2.204082061627848,3.857143607848734,0.551020515406962,0.288135593220339,0.6504065,,,,5.510205154069619,,4.558828783134645,,-0.0205045659095048,Jonathan Hurst,1006226,116354,0.57142857,0.05555556,0.09722222,-0.04166667,0.28125,1.5306125427971164,159.4410443399203,132.3140964615272,,0.951376370934974,,1,0,0,,,72,18,10,10,1,7,0,1,1,0,4,-0.1907680034637451,-1.599828004837036,1.409060001373291,-1.8927998542785645,-0.2010600119829177,1.2625776529312134,1.0808444023132324,0.8700000047683716,1.4323999881744385,3,-0.0450272038578987,-0.1060668718378465,0,0,1992,-0.23,,,,,,,,,,
Alan Embree,CLE,0,2,0,4,4,18.0,6.0,4.0,1.5,0.2807017543859649,0.58823529,,,,7.0,,5.1166515668233234,,-0.0234030410647392,Alan Embree,1030,113833,1.5,0.14814815,0.09876543,0.04938272,0.2638888888888889,1.5,177.87592575370047,130.7157764691334,,1.8833484331766768,,0,0,0,,,81,19,14,14,3,8,0,1,1,1,12,-0.3864279985427856,-1.77047598361969,1.3840479850769043,-4.080599784851074,-0.4013200998306274,0.9863772392272948,0.945210099220276,0.86080002784729,1.0081000328063965,4,-0.3038302958011627,-0.0879346225028163,0,0,1992,-0.3,,,,,,,,,,
Steve Reed,SFG,1,0,0,18,0,15.2,6.319148807948725,1.7234042203496522,1.1489361468997683,0.2391304347826087,0.84507042,,,,2.2978722937995366,,3.8045948085120065,,-0.0255393423140048,Steve Reed,1053,121002,3.66666667,0.17460317,0.04761905,0.12698413,0.2203389830508474,1.021276575022016,67.81945154239811,108.65147584477984,,-1.50672251471247,,0,0,0,,,63,13,5,4,2,3,0,1,0,0,11,-0.1285619884729385,-1.2306300401687622,1.1020680665969849,-2.7980000972747803,-0.3423340022563934,1.1375470161437988,1.330217361450195,1.4013333320617676,0.8385124802589417,16,0.2267519980669021,-0.3397688550832866,4,3,1992,0.27,,,,,,,,,,
Daryl Irvine,BOS,3,4,0,21,0,28.0,3.2142857142857144,4.5,0.3214285714285714,0.297029702970297,0.59210526,,,,6.107142857142857,,4.247603947775705,,-0.0256545208394527,Daryl Irvine,1006273,116405,0.71428571,0.078125,0.109375,-0.03125,0.2767857142857143,1.6071428571428572,147.20699370932576,107.0485289194082,,1.859538909367152,,0,0,0,,,128,31,20,19,1,14,2,2,3,0,10,-0.3703900277614593,-2.6546080112457275,2.2842180728912354,-1.8209999799728391,-0.191758394241333,1.2833017110824585,1.177836775779724,1.2702380418777466,2.8879077434539795,13,0.0429865941405296,-0.3316093120585454,6,5,1992,-0.43,,,,,,,,,,
Dennis Cook,CLE,5,7,0,32,25,158.0,5.468354232340672,2.848101162677433,1.6518986743529112,0.258130081300813,0.77060932,,,,3.81645555798776,,4.941546003430001,,-0.0259354412555694,Dennis Cook,8,112621,1.92,0.14349776,0.07473842,0.06875934,0.252836304700162,1.3037974211367804,96.97936649641836,126.24851263610404,,-1.1250904454422406,,10,1,0,,,669,156,79,67,29,50,2,2,4,5,96,-1.0073800086975098,-12.319018244743347,11.311638236045836,-4.360199809074402,-0.4522828236222267,0.9451536515722302,0.93245673041011,0.7830500146374106,1.4219266384840012,30,-1.2703963965177536,0.2045591043253485,0,2,1992,1.18,,,,,,,,,,
Steve Fireovid,TEX,1,0,0,3,0,6.2,0.0,5.400005536085082,0.0,0.3703703703703703,0.64285714,,,,4.050004152063812,,4.583320078851685,,-0.026156973093748,Steve Fireovid,1004063,114143,0.0,0.0,0.12903226,-0.12903226,0.3703703703703703,2.1000021529219763,103.80387862605475,117.2985749765042,,-0.5333159267878731,,0,0,0,,,31,10,5,3,0,4,2,0,0,0,0,-0.1536500006914138,-0.3019980192184448,0.1483480036258697,-2.8299999237060547,-0.2922054827213287,0.2961878180503845,0.2845333516597748,0.2520000040531158,0.5600666999816895,3,-0.2747423052787781,-0.2440163719105601,0,1,1992,-0.07,,,,,,,,,,
Floyd Bannister,TEX,1,1,0,36,0,37.0,7.297298049648187,5.108108634753731,0.7297298049648187,0.3103448275862069,0.6122449,,,,6.324324976361762,,4.1616967539790926,,-0.026949206367135,Floyd Bannister,1000516,110540,1.42857143,0.1734104,0.12138728,0.05202312,0.261744966442953,1.6216217888107085,162.0959973345823,106.52482610223537,,2.1626282223826694,,0,0,0,,,173,39,27,26,3,21,6,3,3,0,30,-0.8060360550880432,-2.5857300758361816,1.7796939611434937,-7.684999942779541,-0.8199110627174377,0.7654969096183777,1.0644385814666748,1.223283290863037,1.027642846107483,28,-0.4400647580623626,-0.6128931898539463,3,9,1992,-0.78,,,,,,,,,,
Jim Pena,SFG,1,1,0,25,2,44.0,6.545453694241217,4.09090855890076,0.8181817117801521,0.3061224489795918,0.79192547,,,,3.4772722750656464,,3.942408991845206,,-0.027789182960987,Jim Pena,1010147,120373,1.6,0.15686275,0.09803922,0.05882353,0.2677595628415301,1.5681816142452916,102.62828756623333,112.59569395598936,,-0.4651367167795595,,1,0,0,,,204,49,19,17,4,20,5,1,0,0,32,0.4555259346961975,-2.5119539499282837,2.9674800634384155,-1.8132000863552096,-0.1994891725480556,0.946953525001876,0.8173433935867166,0.778791983127594,1.1058857157116844,21,-0.4575806334614754,0.9386242355699264,2,2,1992,0.1,,,,,,,,,,
Mike Raczka,OAK,0,0,0,8,0,6.1,2.8421049778481557,7.105262444620389,0.0,0.3076923076923077,0.46153846,,,,8.526314933544466,,4.520160164397197,,-0.0365694612264633,Mike Raczka,1010629,120865,0.4,0.06060606,0.15151515,-0.09090909,0.2857142857142857,2.0526313728903345,230.4603868610199,116.94839409385465,,4.006154769147269,,0,0,0,,,33,8,7,6,0,5,0,0,0,0,2,0.0165140014141798,-0.1368380039930343,0.1533520072698593,-6.254000186920166,-0.682630717754364,0.3405939042568207,0.7633833289146423,1.0758249759674072,1.1007143259048462,7,-0.0830144584178924,0.1315003567495538,0,1,1992,-0.42,,,,,,,,,,
Al Leiter,TOR,0,0,0,1,0,1.0,0.0,18.0,0.0,0.2,0.66666667,,,,9.0,,8.78331823348999,,-0.0411334373056888,Al Leiter,883,117652,0.0,0.0,0.28571429,-0.28571429,0.2,3.0,224.06304953224105,217.14251105004237,,0.2166817665100104,,0,0,0,,,7,1,1,1,0,2,0,0,0,0,0,-0.0066479798406362,-0.1162760034203529,0.1096279993653297,-0.4909999966621399,-0.0497466996312141,1.1052600145339966,0.6480000019073486,0.6480000019073486,0.5996000170707703,1,-0.0648213997483253,0.0588065437386838,0,0,1992,-0.03,,,,,,,,,,
Steve Wilson,LAD,2,5,0,60,0,66.2,7.290001112365893,3.915000597381683,0.8100001235962103,0.3222748815165877,0.70083682,,,,4.185000638580419,,3.683318370819113,,-0.0443587601184845,Steve Wilson,1014105,124425,1.86206897,0.17940199,0.09634551,0.08305648,0.2730627306273063,1.545000235748327,123.87531024672704,106.5601670191737,,0.5016822677613062,,0,0,0,,,301,74,37,31,6,29,7,1,7,0,54,-3.736844062805176,-6.723038196563721,2.986193895339966,-8.77500057220459,-0.9999154806137084,0.7962824106216431,0.8502932190895081,1.060146689414978,1.361809492111206,42,-1.506535291671753,-3.186327457723767,3,13,1992,-0.1,,,,,,,,,,
John Briscoe,OAK,0,1,0,2,2,7.0,5.142857142857143,11.571428571428571,0.0,0.4444444444444444,0.71428571,,,,6.428571428571429,,5.497603947775705,,-0.0445314534008502,John Briscoe,1001441,111478,0.44444444,0.1,0.225,-0.125,0.3870967741935484,3.0,173.7598329336382,142.19787998051137,,0.930967480795724,,0,0,0,,,40,12,6,5,0,9,0,0,2,0,4,-0.3717299997806549,-1.001389980316162,0.6296600103378296,-3.5952000617980957,-0.3819379806518554,1.2846999168395996,0.8171250224113464,0.8700000047683716,2.0410001277923584,2,-0.3386330008506775,0.0492813826960489,0,0,1992,-0.19,,,,,,,,,,
Steve Searcy,PHI,0,0,0,10,0,10.1,4.354840451299786,6.967744722079658,0.0,0.3513513513513513,0.57142857,,,,6.096776631819701,,4.138157485005479,,-0.0477461852133274,Steve Searcy,1011704,121957,0.625,0.1,0.16,-0.06,0.3095238095238095,2.0322588772732337,174.80598126364825,119.0853488351525,,1.9586191468142216,,0,0,0,,,50,13,9,7,0,8,0,0,0,0,5,-0.4990760087966919,-0.616133987903595,0.1170580014586448,-4.991000175476074,-0.5192195177078247,0.4148235023021698,0.3408923149108886,0.4091599881649017,0.4734285771846771,7,-0.2884103953838348,-0.9146940720027552,0,2,1992,-0.27,,,,,,,,,,
Bud Black,SFG,10,12,0,28,28,177.0,4.169491525423729,3.0,1.1694915254237288,0.2654109589041096,0.72886297,,,,3.9661016949152543,,4.562979250439143,,-0.0543890930712223,Bud Black,1001007,111034,1.38983051,0.10947931,0.0787717,0.03070761,0.2583454281567489,1.3389830508474576,117.0556094158614,130.35630751567172,,-0.5968775555238883,,16,2,1,,,749,178,88,78,23,59,11,1,3,7,82,-0.8484359979629517,-12.997329711914062,12.14889430999756,-11.234599113464355,-1.2351467609405518,0.928031325340271,0.8825122714042664,0.8700000047683716,1.2685614824295044,26,-2.0019125938415527,1.0876805255955104,0,0,1992,-0.35,,,,,,,,,,
Sterling Hitchcock,NYY,0,2,0,3,3,13.0,4.153846153846154,4.153846153846154,1.3846153846153846,0.3962264150943396,0.66176471,,,,8.307692307692308,,5.475625925797683,,-0.0549013055860996,Sterling Hitchcock,824,115982,1.0,0.08823529,0.08823529,0.0,0.3770491803278688,2.230769230769231,214.90492091679351,137.7866704901932,,2.8320663818946255,,1,0,0,,,68,23,12,12,2,6,0,1,0,0,6,-0.6315000057220459,-1.7911499738693235,1.1596499681472778,-5.490600109100342,-0.5422810316085815,1.0626391172409058,0.9735715985298156,0.8700000047683716,1.0733332633972168,3,-0.5826079845428467,-0.0116671512734471,0,0,1992,-0.37,,,,,,,,,,
Kerry Woodson,SEA,0,1,0,8,1,13.2,3.951221350330888,7.243905808939961,0.0,0.2790697674418604,0.72,,,,3.2926844586090733,,4.7589289086554345,,-0.0608817068859934,Kerry Woodson,1014240,124568,0.54545455,0.09677419,0.17741935,-0.08064516,0.2448979591836734,1.6829276121779708,83.06862052992977,120.56317664097509,,-1.4662444500463612,,0,0,0,,,62,12,7,5,0,11,0,2,1,0,6,-0.1200959980487823,-0.7303999811410904,0.6103040128946304,-2.1582999229431152,-0.2187445908784866,0.5084125380667429,0.528778938870681,0.7648249715566635,0.3674999885261059,8,-0.0954932272434234,-0.140724389468886,1,0,1992,0.1,,,,,,,,,,
David Weathers,TOR,0,0,0,2,0,3.1,8.100008304127623,5.400005536085082,2.700002768042541,0.4444444444444444,0.71428571,,,,8.100008304127623,,6.683322231773661,,-0.062374472618103,David Weathers,902,124000,1.5,0.2,0.13333333,0.06666667,0.3846153846153846,2.1000021529219763,201.65695131770127,165.2679082253399,,1.4166860723539625,,0,0,0,,,15,5,3,3,1,2,0,0,0,0,3,-0.0804599970579147,-0.1143639981746673,0.0339040011167526,-2.1470000743865967,-0.2335604131221771,0.225813403725624,0.239400252699852,0.376800000667572,0.0350000001490116,2,-0.1542783975601196,-0.2020334764492644,0,1,1992,-0.08,,,,,,,,,,
Brian Fisher,SEA,4,3,1,22,14,91.1,2.562043537017159,4.63138639383871,0.8868612243520935,0.2282958199356913,0.68457539,,,,4.532846257799589,,5.071639170398479,,-0.0640787184238433,Brian Fisher,1004077,114160,0.55319149,0.06598985,0.11928934,-0.05329949,0.2312138728323699,1.390510808552048,114.35571505346331,128.47364115758583,,-0.5387929125988897,,8,0,0,,,394,80,49,46,9,47,2,1,3,1,26,0.0751159787178039,-7.172404050827026,7.247520208358765,-0.7684000134468079,0.0224094493314623,1.0687690011446518,1.0255455017089845,1.3483000126751987,1.5676199913024902,20,0.2979342937469482,-0.2276515865975504,2,3,1992,0.71,,,,,,,,,,
Hilly Hathaway,CAL,0,0,0,2,1,5.2,1.588234403142142,4.7647032094264254,1.588234403142142,0.2916666666666667,0.625,,,,7.94117201571071,,6.312728018250306,,-0.0685567501932382,Hilly Hathaway,1005492,115606,0.33333333,0.03448276,0.10344828,-0.06896552,0.3076923076923077,1.9411753816181736,198.78316780976823,156.56560031331583,,1.628443997460404,,0,0,0,,,29,8,5,5,1,3,0,0,0,0,1,-0.0580820015165954,-0.3229379854165017,0.2648560101515613,-3.043200045824051,-0.3364511951804161,0.7560844421386719,0.7610999890603125,0.4403000022284686,2.174000024795532,2,-0.1408178005367517,0.0639983366256787,0,0,1992,-0.14,,,,,,,,,,
Bill Sampen,- - -,1,6,0,52,2,83.0,4.012048699856215,3.469879956632402,0.4337349945790502,0.2915129151291513,0.76719577,,,,3.2530124593428766,,3.8194629427621662,,-0.0690031964331865,Bill Sampen,1011395,121648,1.15625,0.10632184,0.09195402,0.01436782,0.266025641025641,1.3855423437941885,90.46856980415266,109.29987441038432,,-0.56645048341929,,0,0,0,,,348,83,32,30,4,32,7,4,2,2,37,-0.1058799996972084,-5.600672096014023,5.4947919845581055,2.5060001611709595,0.3125565983355045,0.9350766862634076,0.9534376629508368,1.0897807329893112,1.007933369813821,39,0.4181623198091984,-0.5313936742559742,10,8,1992,0.86,,,,,,,,,,
Bill Pecota,NYM,0,0,0,1,0,1.0,0.0,0.0,9.0,0.0,1.0,,,,9.0,,15.78331823348999,,-0.0690279752016067,Bill Pecota,1010117,120345,0.0,0.0,0.0,0.0,0.25,1.0,257.9045716664836,452.86022173405695,,-6.7833182334899895,,0,0,0,,,4,1,1,1,1,0,0,0,0,0,0,0.0,0.0,0.0,-0.5609999895095825,-0.0628573969006538,0.0,0.0,0.0,,0,0.0,,0,0,1992,-0.02,,,,,,,,,,
Clay Parker,SEA,0,2,0,8,6,33.1,5.399998970031935,2.969999433517564,1.6199996910095804,0.3565217391304348,0.62015504,,,,7.559998558044708,,5.09331779289254,,-0.0700887665152549,Clay Parker,1009999,120230,1.81818182,0.12987013,0.07142857,0.05844156,0.3333333333333333,1.7399996681214012,190.72542763187133,129.02203369530557,,2.4666807651521685,,1,0,0,,,154,47,28,28,6,11,0,2,1,0,20,-1.0444460213184357,-2.766140043735504,1.7216939702630043,-11.337900400161743,-1.1612264215946198,0.7665503432291635,0.6631998908825409,0.7978750020265579,0.684428573985185,7,-1.0808843672275543,-0.2816432613148989,0,1,1992,-0.64,,,,,,,,,,
David West,MIN,1,3,0,9,3,28.1,6.035296216787256,6.352943386091849,0.9529415079137774,0.3020833333333333,0.5942623,,,,6.988237724701034,,5.04214254854487,,-0.0728824958205223,David West,1013799,124105,0.95,0.13669065,0.14388489,-0.00719425,0.2711864406779661,1.8352947559820896,172.1426034843595,128.52426536651726,,1.946095176156164,,0,0,0,,,139,32,24,22,3,20,0,1,2,0,19,-0.4228000044822693,-1.5716299563646317,1.1488300263881683,-10.966599941253662,-1.1705498099327087,0.5856794823299755,0.5519875641912222,0.4507333437601725,0.5731750093400478,8,-0.5701126009225845,-0.1517839606579373,1,0,1992,-0.61,,,,,,,,,,
Darrin Chapin,PHI,0,0,0,1,0,2.0,4.5,0.0,4.5,0.1666666666666666,0.0,,,,9.0,,8.28331823348999,,-0.0742733106017112,Darrin Chapin,1002138,112192,1.0,0.125,0.0,0.125,0.25,1.0,258.0468215223536,238.60977172942887,,0.7166817665100105,,0,0,0,,,8,2,2,2,1,0,0,0,1,0,1,0.0149699999019503,-0.0648540034890174,0.0798240005970001,-1.0740000009536743,-0.1160449981689453,0.4926669895648956,0.6739000082015991,0.3704000115394592,0.8374000191688538,1,-0.0170419998466968,0.0474276360249422,0,0,1992,-0.07,,,,,,,,,,
Randy St. Claire,ATL,0,0,0,10,0,15.1,4.1086975261718415,4.695654315624962,0.5869567894531202,0.3076923076923077,0.59322034,,,,5.869567894531202,,4.283318917647964,,-0.074820838868618,Randy St. Claire,1012443,121625,0.875,0.10294118,0.11764706,-0.01470588,0.2833333333333333,1.6304355262586672,162.94588757782742,120.11188850508954,,1.5862489768832375,,0,0,0,,,68,17,11,10,1,8,3,0,0,0,7,-0.2524260282516479,-0.5000439286231995,0.2476179152727127,-3.0239999294281006,-0.3289679884910583,0.2597286403179168,0.311168372631073,0.4286800026893616,0.1655555516481399,9,-0.3955674171447754,-0.5763162686230696,0,1,1992,-0.28,,,,,,,,,,
Mike Christopher,CLE,0,0,0,10,0,18.0,6.499997933706305,4.999998410543311,0.9999996821086624,0.2777777777777778,0.78512397,,,,2.999999046325987,,4.449984370337761,,-0.0767875015735626,Mike Christopher,1002220,112275,1.3,0.16455696,0.12658228,0.03797468,0.2463768115942029,1.4999995231629937,76.23251537506478,113.70787450523396,,-1.4499853240117742,,0,0,0,,,79,17,8,6,2,10,1,0,2,0,13,-0.3254719972610473,-1.096187949180603,0.7707160115242004,1.3200000524520874,0.1310003995895385,0.6145057082176208,0.6731618642807007,1.1584399938583374,1.3353999853134155,6,-0.1912366896867752,-0.3384117625710268,1,2,1992,0.17,,,,,,,,,,
Tom Bolton,- - -,4,5,0,37,9,75.1,5.9734520332229115,4.420354504584955,1.075221365980124,0.3142857142857143,0.76923077,,,,4.539823545249413,,4.641725532714895,,-0.0815367698669433,Tom Bolton,1001155,111183,1.35135135,0.14492754,0.10724638,0.03768116,0.2828947368421052,1.6327435557475958,122.21404140689178,124.30762022623566,,-0.1019019874654825,,1,0,0,,,345,86,39,38,9,37,3,4,5,2,50,-0.919824056327343,-6.126798123121262,5.20697408169508,-6.144500255584717,-0.6628925874829292,0.9703870969396448,0.9173000597435496,1.054718922924351,1.4394071442740304,28,-1.4332500621676445,0.485356114249092,4,6,1992,0.41000000000000003,,,,,,,,,,
Denny Neagle,PIT,4,6,2,55,6,86.1,8.027029095992294,4.482626638021671,0.9382241800510472,0.2891566265060241,0.70546737,,,,4.482626638021671,,3.918453661206073,,-0.087973415851593,Denny Neagle,441,119673,1.79069767,0.20263158,0.11315789,0.08947368,0.2417910447761194,1.4362938064978996,129.41721736848567,113.74546164549342,,0.5641729768155983,,3,0,0,,,380,81,46,43,9,43,8,2,3,2,77,0.5607300400733948,-6.463329792022705,7.024060130119324,-5.883300304412842,-0.6408498883247375,1.105028173312765,1.135600016495892,1.3115782130848277,1.5006936281285388,47,-0.088099330663681,0.5955343930588611,16,9,1992,-0.84,,,,,,,,,,
Barry Manuel,TEX,1,0,0,3,0,5.2,14.294134887465312,1.588237209718368,3.1764744194367363,0.3333333333333333,0.96153846,,,,4.764711629155104,,5.253909448607452,,-0.0893923565745353,Barry Manuel,1008084,118260,9.0,0.36,0.04,0.32,0.2608695652173913,1.2352956075587307,122.1222322423869,134.43415795139316,,-0.4891978194523476,,0,0,0,,,25,6,3,3,2,1,0,1,0,0,9,-0.2863500118255615,-0.6131999492645264,0.3268499970436096,-2.8489999771118164,-0.2884460091590881,0.7568519711494446,1.1221427917480469,1.3983333110809326,1.1583333015441897,3,-0.1328314840793609,-0.2455120001698465,1,2,1992,0.02,,,,,,,,,,
Ed Pierce,KCR,0,0,0,2,1,5.1,5.062503130642771,6.7500041741903605,1.68750104354759,0.4444444444444444,0.94827586,,,,3.37500208709518,,6.345820436534903,,-0.0919744595885276,Ed Pierce,1010327,120555,0.75,0.11538462,0.15384615,-0.03846154,0.4090909090909091,2.437501507346519,83.4208297035033,165.6633309096073,,-2.970818349439723,,0,0,0,,,26,9,2,2,1,4,0,0,0,0,3,-0.0173199959099292,-0.4664239902049303,0.4491039961576462,0.5771999955177307,0.0548851992934942,1.1367733500621937,0.8116666475931803,0.6400000005960464,1.1017000377178192,2,-0.1612472012639045,0.1460110982104843,0,0,1992,0.14,,,,,,,,,,
Paul Gibson,NYM,0,1,0,43,1,62.0,7.112904757540712,3.629033039561588,1.0161292510772446,0.328125,0.68075117,,,,5.225807576968687,,3.8800926632241586,,-0.0939436703920364,Paul Gibson,1004671,114755,1.96,0.17948718,0.09157509,0.08791209,0.282258064516129,1.532258394481559,149.75107386106373,111.15086019454976,,1.345714913744528,,0,0,0,,,273,70,37,36,7,25,0,0,1,0,49,-1.2950820699334145,-3.3120519816875458,2.0169700384140015,-14.266999900341034,-1.6148216873407364,0.5166417805241866,0.5591532704118011,0.7033163142758746,1.13582577243928,31,-1.2615737915039062,-1.2451574074700122,2,11,1992,-0.51,,,,,,,,,,
Wayne Rosenthal,TEX,0,0,0,6,0,4.2,1.928572873681042,3.857145747362084,1.928572873681042,0.3,0.65789474,,,,7.714291494724168,,6.426178105998625,,-0.1003570929169654,Wayne Rosenthal,1011216,121469,0.5,0.04166667,0.08333333,-0.04166667,0.3181818181818182,1.928572873681042,197.7216190250802,164.38916134624884,,1.2881133887255425,,0,0,0,,,24,7,4,4,1,2,0,0,1,0,1,0.0154420183971524,-0.1223419979214668,0.1377840191125869,0.8860000371932983,0.0860105976462364,0.3373076915740967,0.4796499907970428,0.5746999979019165,0.979699969291687,4,-0.1023757010698318,0.1481559153456758,0,0,1992,-0.09,,,,,,,,,,
Dave Mlicki,CLE,0,2,0,4,4,21.2,6.646152871036108,6.646152871036108,1.2461536633192702,0.3076923076923077,0.72625698,,,,4.984614653277081,,5.460240917657312,,-0.1027686521410942,Dave Mlicki,569,119211,1.0,0.15841584,0.15841584,0.0,0.2738095238095238,1.7999997359056126,126.66327799673162,139.48137049510385,,-0.4756262643802307,,2,0,0,,,101,23,14,12,3,16,0,1,1,0,16,-0.1556160151958465,-2.0409460067749023,1.8853299617767336,-1.2375999689102173,-0.1334612965583801,1.1165387630462646,0.9309088587760924,0.8799999952316284,1.3487999439239502,4,-0.4309306144714355,0.2915570249945438,0,0,1992,-0.07,,,,,,,,,,
Kevin Campbell,OAK,2,3,1,32,5,65.0,5.261538615932131,6.230769413603839,0.553846170098119,0.2952380952380952,0.68311195,,,,5.123077073407601,,4.491010591292524,,-0.1067197024822235,Kevin Campbell,1001886,111932,0.84444444,0.12794613,0.15151515,-0.02356902,0.2619047619047619,1.7076923578025336,138.47322477044884,116.19539760727974,,0.6320664821150777,,1,0,0,,,297,66,39,37,4,45,3,0,2,0,38,0.5810119360685349,-3.9444501399993896,4.525461912155151,-2.4845999479293823,-0.2795119732618332,0.927298843276267,0.9077999083007254,1.0037187468260529,1.189976930618286,26,-0.2016607075929641,0.8282245605314025,6,4,1992,-0.55,,,,,,,,,,
Rich Sauveur,KCR,0,1,0,8,0,14.1,4.39534922713783,5.023256259586091,0.6279070324482614,0.2978723404255319,0.76271186,,,,4.39534922713783,,4.806574226934388,,-0.1083764135837555,Rich Sauveur,1011465,121716,0.875,0.10769231,0.12307692,-0.01538462,0.2727272727272727,1.6046513051455569,108.6410229986176,125.5247098144538,,-0.4112249997965582,,0,0,0,,,65,15,7,7,1,8,1,2,0,1,7,-0.427884042263031,-0.8661980628967285,0.4383140206336975,0.0320000387728214,0.0167450346052646,0.624499499797821,0.5380560755729675,0.5488250255584717,1.135800004005432,6,0.0963114798069,-0.7814746262970999,1,2,1992,0.14,,,,,,,,,,
Dave Otto,CLE,5,9,0,18,16,80.1,3.5850618664911407,3.697095049818989,1.344398199934178,0.3379310344827586,0.62893082,,,,7.058090549654433,,5.198255740779162,,-0.1086962134577333,Dave Otto,1009905,120123,0.96969697,0.08695652,0.08967391,-0.00271739,0.3293413173652694,1.7800828017646984,179.35205579617528,132.7976485003395,,1.859834808875271,,5,0,0,,,368,110,64,63,12,33,0,1,5,0,32,-1.8323259819298985,-7.924842093139887,6.092515870928764,-25.76110029220581,-2.635360687971115,0.97507807727932,0.8702185979385054,0.7827222363816367,0.8592333164479997,18,-1.6347931027412417,-0.2443651150729529,0,0,1992,-1.51,,,,,,,,,,
Mike Campbell,TEX,0,1,0,1,0,3.2,4.909086333822937,4.909086333822937,2.4545431669114683,0.2,0.27777778,,,,9.818172667645872,,6.874223511675771,,-0.1090650334954261,Mike Campbell,1001887,111935,1.0,0.13333333,0.13333333,0.0,0.2307692307692307,1.3636350927285934,251.64527384561123,175.83807415602797,,2.9439491559701025,,0,0,0,,,15,3,4,4,1,2,0,0,0,0,2,-0.3095999956130981,-0.4857999980449676,0.1762000024318695,-2.1429998874664307,-0.2285870015621185,0.929062008857727,0.722000002861023,1.0,0.6399999856948853,1,-0.05163050070405,-0.2816088231100282,0,1,1992,-0.18,,,,,,,,,,
Shawn Hillegas,- - -,1,8,0,26,9,86.0,5.12790731793164,3.8720932808871567,1.3604652067981902,0.3181818181818182,0.68403909,,,,5.232558487685347,,4.899597444064953,,-0.10957632958889,Shawn Hillegas,1005818,115947,1.32432432,0.12727273,0.0961039,0.03116883,0.2988505747126437,1.6395349928080754,135.59981623018396,123.6396736379176,,0.3329610436203944,,3,1,1,,,385,104,57,50,13,37,2,0,2,0,49,-1.4658400416374209,-6.241459995508194,4.775620069354773,-12.026800096035004,-1.2256709020584822,0.7478491565072797,0.748919373436978,0.6280307655151074,0.5181999978560367,19,-1.6365032121539116,-0.3235712612645149,1,6,1992,-0.53,,,,,,,,,,
Lance McCullers Sr.,TEX,1,0,0,5,0,5.0,5.400007724773014,14.400020599394702,0.0,0.0833333333333333,0.55555556,,,,5.400007724773014,,6.3833233833386664,,-0.1098624244332313,Lance McCullers Sr.,1008436,118617,0.375,0.13043478,0.34782609,-0.2173913,0.0666666666666666,1.8000025749243378,138.40522759870595,163.29409379951298,,-0.9833156585656528,,0,0,0,,,23,1,4,3,0,8,0,0,0,0,3,-0.1958599984645843,-0.3328759968280792,0.1370159983634948,0.0189999938011169,0.00120809674263,0.6942080855369568,0.4225498735904693,0.6505200266838074,2.1045501232147217,4,0.0854137986898422,-0.367548222856179,0,1,1992,-0.1,,,,,,,,,,
Kyle Abbott,PHI,1,14,0,31,19,133.1,5.940000056648255,3.0375000289678575,1.3500000128746037,0.3002364066193853,0.68484848,,,,5.130000048923493,,4.4483182493686675,,-0.1099825501441955,Kyle Abbott,1000014,110012,1.95555556,0.152513,0.0779896,0.0745234,0.2768361581920904,1.4400000137329103,147.0866896704695,128.02873815449587,,0.6816817995548252,,10,0,0,,,577,147,80,76,20,45,0,1,9,1,88,-2.0323339104652405,-10.215186357498167,8.18285197019577,-13.860100746154783,-1.535758912563324,0.851646059722052,0.8107528960962089,0.9148322574553952,0.6352580804978648,31,-1.8043243885040283,-0.5820353994206928,1,4,1992,-1.31,,,,,,,,,,
Richie Lewis,BAL,1,1,0,2,2,6.2,5.40000514984622,9.450009012230884,1.350001287461555,0.4285714285714285,0.64516129,,,,10.80001029969244,,6.683321952823372,,-0.1100660189986229,Richie Lewis,1007587,117742,0.57142857,0.1,0.175,-0.075,0.3939393939393939,3.0000028610256777,272.0630782891408,167.19705194259024,,4.1166883468690685,,0,0,0,,,40,13,8,8,1,7,0,0,0,0,4,-0.6107959747314453,-1.1020939350128174,0.4912979900836944,-6.036199569702148,-0.6561700105667114,1.0403982400894165,0.9558501243591307,0.8899999856948853,2.257699966430664,2,-0.6131960153579712,0.0261169996543779,0,0,1992,-0.34,,,,,,,,,,
Miguel Batista,PIT,0,0,0,1,0,2.0,4.5,13.5,4.5,0.375,0.89285714,,,,9.0,,12.78331823348999,,-0.1107247769832611,Miguel Batista,46,110683,0.33333333,0.07692308,0.23076923,-0.15384615,0.4,3.5,259.8376020070267,371.61730200730847,,-3.7833182334899895,,0,0,0,,,13,4,2,2,1,3,0,0,0,0,1,-0.0194199997931718,-0.0258399993181228,0.0064199999906122,-1.0219999551773071,-0.1064580008387565,0.0439999997615814,0.0570000000298023,0.1059999987483024,,0,-0.2736150026321411,-0.167748631422431,0,0,1992,-0.05,,,,,,,,,,
Kevin Brown,SEA,0,0,0,2,0,3.0,6.0,9.0,3.0,0.3333333333333333,0.71428571,,,,9.0,,8.783318233489991,,-0.1124292761087417,Kevin Brown,1001535,111566,0.66666667,0.13333333,0.2,-0.06666667,0.3333333333333333,2.3333333333333335,227.05412382126147,222.36600452926984,,0.2166817665100087,,0,0,0,,,15,4,3,3,1,3,0,0,0,0,2,-0.0634199976921081,-0.0647099986672401,0.0012900000438094,-2.1649999618530273,-0.2170425057411193,0.0669333338737487,0.2327499985694885,0.4605000019073486,0.7524999976158142,2,-0.0161479972302913,-0.9313619207984808,0,1,1992,-0.08,,,,,,,,,,
Gene Nelson,OAK,3,1,0,28,2,51.2,4.006452401724027,3.8322588190403737,0.8709679134182667,0.3423913043478261,0.63855422,,,,6.445162559295174,,4.428479847724494,,-0.1156613826751709,Gene Nelson,1009501,119715,1.04545455,0.0982906,0.09401709,0.0042735,0.320754716981132,1.7419358268365337,174.20827970517524,114.58009332681688,,2.016682711570679,,0,0,0,,,234,68,37,37,5,22,5,0,2,0,23,-0.4800960719585418,-2.7258421182632446,2.2457460165023804,-11.99019980430603,-1.2872604951262474,0.6068914728126062,0.6574562601745129,0.8663214019366673,0.8226199984550476,20,-1.623922899365425,0.8328488878398352,2,5,1992,-0.99,,,,,,,,,,
Shawn Barton,SEA,0,1,0,14,0,12.1,2.918918994154002,5.1081082397695035,0.7297297485385005,0.2368421052631578,0.76923077,,,,2.918918994154002,,4.891426395934548,,-0.1191086992621421,Shawn Barton,1000633,110649,0.57142857,0.08,0.14,-0.06,0.2325581395348837,1.3783784139060564,73.63917719143055,123.91489482834544,,-1.9725074017805464,,0,0,0,,,50,10,5,4,1,7,2,0,2,0,4,-0.0076139857992529,-0.8423960208892822,0.8347820043563843,3.6570000648498535,0.3846562802791595,0.784585177898407,1.157099962234497,1.253157138824463,1.2851333618164062,12,0.154557004570961,-0.1642614777291818,3,2,1992,0.22,,,,,,,,,,
Dave Schmidt,SEA,0,0,0,3,0,3.1,2.699997940065048,8.099993820195145,2.699997940065048,0.4285714285714285,0.34883721,,,,18.899985580455336,,8.783313655856764,,-0.1199604794383049,Dave Schmidt,1011580,121830,0.33333333,0.05263158,0.15789474,-0.10526316,0.4375,2.999997711183387,476.81329624497374,222.36588873132632,,10.116671924598572,,0,0,0,,,19,7,7,7,1,3,0,0,0,0,1,-0.1195499971508979,-0.1973700076341629,0.0778199955821037,-5.229000091552734,-0.5205389857292175,0.3361053764820099,0.3745000064373016,0.3776666522026062,0.2256666719913482,3,-0.2332639992237091,-0.1224280114255074,0,1,1992,-0.3,,,,,,,,,,
Gerald Alexander,TEX,1,0,0,3,0,1.2,5.400002059937309,5.400002059937309,5.400002059937309,0.4444444444444444,0.2173913,,,,27.000010299686547,,11.183321437836916,,-0.1251568347215652,Gerald Alexander,1000124,110126,1.0,0.08333333,0.08333333,0.0,0.4545454545454545,3.6000013732915397,692.0254120289434,285.9485357751092,,15.81668886184963,,0,0,0,,,12,5,5,5,1,1,0,0,0,0,1,0.1024560034275055,-0.0325219891965389,0.1349779963493347,-5.090000152587891,-0.5183413028717041,0.5226174592971802,0.8566666841506958,0.8566666841506958,0.3349000215530395,2,-0.1733208894729614,0.3693648631383056,1,0,1992,-0.34,,,,,,,,,,
Jerry Nielsen,NYY,1,0,0,20,0,19.2,5.491526666437138,8.237289999655708,0.4576272222030949,0.2711864406779661,0.74404762,,,,4.576272222030949,,4.96975940623811,,-0.1328909695148468,Jerry Nielsen,1009584,119787,0.66666667,0.13333333,0.2,-0.06666667,0.2361111111111111,1.7796614196787022,118.3798561074133,125.0736657562118,,-0.393487184207161,,0,0,0,,,90,17,10,10,1,18,2,0,1,0,12,0.1378040164709091,-0.5406879782676697,0.67849200963974,2.942000150680542,0.2923212051391601,0.4356189966201782,0.438008040189743,0.4047600030899048,0.788224995136261,8,-0.0483568161725997,0.3646975119183875,1,1,1992,0.09,,,,,,,,,,
Vince Horsman,OAK,2,1,1,58,0,43.1,3.738462635469476,4.361539741381056,0.6230771059115794,0.2608695652173913,0.84229391,,,,2.4923084236463176,,4.306395603496073,,-0.1332451105117797,Vince Horsman,1006033,116159,0.85714286,0.1,0.11666667,-0.01666667,0.2452830188679245,1.3846157909146208,67.36537038184852,111.42639338616776,,-1.814087179849755,,0,0,0,,,180,39,13,12,3,21,4,0,1,0,18,0.8919080495834351,-1.8598099946975708,2.751718044281006,8.46399974822998,0.8956247568130493,0.806040346622467,0.9303361773490906,1.0077310800552368,1.1980162858963013,49,0.5960065126419067,0.5105237662960862,11,4,1992,0.9,,,,,,,,,,
Mickey Weston,PHI,0,1,0,1,1,3.2,0.0,2.4545431669114683,2.4545431669114683,0.375,0.52631579,,,,12.27271583455734,,7.9651315858586464,,-0.13589808344841,Mickey Weston,1013811,124120,0.0,0.0,0.05263158,-0.05263158,0.4117647058823529,2.1818161483657494,351.8817013949534,229.4349585585029,,4.307584248698695,,0,0,0,,,19,7,5,5,1,1,0,1,0,0,0,-0.3482359945774078,-0.5962560176849365,0.2480199933052063,-3.4570000171661377,-0.3741340041160583,1.1387200355529783,0.8465999960899353,0.926800012588501,0.3459999859333038,1,-0.4002589881420135,0.0944454574190737,0,0,1992,-0.24,,,,,,,,,,
Rich Scheid,HOU,0,1,0,7,1,12.0,6.000001907349239,4.500001430511929,1.50000047683731,0.3,0.69767442,,,,6.000001907349239,,5.11665230857025,,-0.1384310238063335,Rich Scheid,1011542,121791,1.33333333,0.14285714,0.10714286,0.03571429,0.28,1.6666671964858997,178.1536334677937,152.80621890832273,,0.883349598778989,,0,0,0,,,56,14,8,8,2,6,1,0,1,1,8,-0.0979799926280975,-0.6044299900531769,0.5064500272274017,-2.633000075817108,-0.2818976975977421,0.677532928888915,0.5052285747868674,0.3169714340141841,0.3761999979615211,4,-0.165442194789648,0.0208293081676284,1,0,1992,-0.17,,,,,,,,,,
Mauro Gozzo,MIN,0,0,0,2,0,1.2,5.400002059937309,0.0,10.800004119874618,0.5555555555555556,0.47619048,,,,27.000010299686547,,17.18332372665615,,-0.1513871550559997,Mauro Gozzo,1004906,115000,1.0,0.08333333,0.0,0.08333333,0.5833333333333334,4.2000016021734625,665.0964449397584,437.5691625241531,,9.8166865730304,,0,0,0,,,12,7,5,5,2,0,0,0,1,0,1,-0.1039799973368644,-0.1363559961318969,0.0323759987950325,-5.095000267028809,-0.536624014377594,0.2537384629249573,0.3059999942779541,0.2919999957084656,0.1024999991059303,2,-0.3908469080924988,-0.0189451121563839,0,1,1992,-0.23,,,,,,,,,,
Jeff Hartsock,CHC,0,0,0,4,0,9.1,5.785714482774546,3.857142988516365,1.9285714942581824,0.3823529411764705,0.74074074,,,,6.7500002299036375,,5.569032614085142,,-0.1526854336261749,Jeff Hartsock,1005462,115578,1.5,0.13043478,0.08695652,0.04347826,0.3571428571428571,2.0357143550503034,187.6501099560435,154.52652301498733,,1.1809676158184956,,0,0,0,,,46,15,7,7,2,4,0,0,2,0,6,-0.1595979928970337,-0.3331159949302673,0.1735180020332336,-5.15500020980835,-0.5851449370384216,0.2548118233680725,0.3334597945213318,0.5616999864578247,0.0458000004291534,4,-0.2896051108837127,-0.3367315747044452,0,1,1992,-0.2,,,,,,,,,,
Tim Burke,- - -,3,4,0,38,0,43.1,3.1153849124908732,3.738461894989048,0.6230769824981746,0.3043478260869565,0.62874251,,,,4.153846549987831,,4.306395301818862,,-0.1538335047662258,Tim Burke,1001692,111730,0.83333333,0.07575758,0.09090909,-0.01515152,0.2905027932960894,1.615384769439712,113.24268064420438,112.51168915378052,,-0.1525487518310306,,0,0,0,,,198,52,29,20,3,18,4,1,4,0,15,-0.6416420042514801,-3.0637179613113403,2.422075927257538,-8.435000121593475,-0.963885709643364,0.898093034397988,0.7677289407168116,0.7154999955704338,1.0339368895480507,19,-0.9278900772333144,0.2134407054245384,5,3,1992,-0.52,,,,,,,,,,
Jessie Hollins,CHC,0,0,0,4,0,4.2,0.0,9.64285845659235,1.9285716913184696,0.3333333333333333,0.51724138,,,,13.50000183922929,,8.783319050925229,,-0.1547102332115173,Jessie Hollins,1005960,116084,0.0,0.0,0.18518519,-0.18518519,0.3636363636363636,2.7857146652377898,375.30025826004015,243.84671788750737,,4.716682788304061,,0,0,0,,,27,8,7,7,1,5,0,0,1,0,0,-0.0795919969677925,-0.0923440009355545,0.0127520002424716,-4.8979997634887695,-0.5672572255134583,0.1479929238557815,0.1073199957609176,0.1341499984264373,0.4404000043869018,1,-0.103008896112442,-0.4348005808146749,0,1,1992,-0.26,,,,,,,,,,
Armando Reynoso,ATL,1,0,1,3,1,7.2,2.347825113451952,2.347825113451952,2.347825113451952,0.36,0.89285714,,,,4.695650226903904,,6.826794817768352,,-0.1588970422744751,Armando Reynoso,72,121117,1.0,0.0625,0.0625,0.0,0.3793103448275862,1.69565147082641,130.35659655471014,191.57268673658652,,-2.131144590864448,,0,0,0,,,32,11,4,4,2,2,1,1,0,0,2,-0.2155899927020073,-0.8916420191526413,0.6760520040988922,-1.7300000488758087,-0.2044183015823364,1.0449396406902989,0.8631500005722046,1.077733278274536,0.5137999951839447,2,-0.2866666913032532,0.0803485612344329,1,0,1992,-0.08,,,,,,,,,,
Keith Brown,CIN,0,1,0,2,2,8.0,5.625,5.625,2.25,0.32,0.81967213,,,,4.5,,6.65831823348999,,-0.1599181890487671,Keith Brown,1001534,111565,1.0,0.13513514,0.13513514,0.0,0.3125,1.875,126.3053182611772,181.56181285661793,,-2.1583182334899904,,0,0,0,,,37,10,5,4,2,5,0,0,0,0,5,-0.2491420060396194,-0.7824059724807739,0.5332640409469604,-2.1791000366210938,-0.2360240072011947,0.891799807548523,0.7965333461761475,0.7595000267028809,1.2226999998092651,2,-0.2476039975881576,-0.0317658833321896,0,0,1992,-0.06,,,,,,,,,,
Jeff Shaw,CLE,0,1,0,2,1,7.2,3.521742160471619,4.695656213962159,2.3478281069810794,0.2083333333333333,0.48780488,,,,8.217398374433778,,6.95723486812302,,-0.1650106534361839,Jeff Shaw,1011823,122079,0.75,0.09090909,0.12121212,-0.03030303,0.2413793103448276,1.434783843155104,208.8110490199088,177.67242966869367,,1.2601635063107572,,0,0,0,,,33,7,7,7,2,4,0,0,0,0,3,-0.4882699809968471,-0.8096800288185477,0.3214099891483783,-2.6282999515533447,-0.2634879946708679,0.784340134688786,0.6005555589993795,0.6040000021457672,0.2419999986886978,1,-0.0803300142288208,-0.542193250108003,0,0,1992,-0.22,,,,,,,,,,
Eric Gunderson,SEA,2,1,0,9,0,9.1,1.9285722824995744,4.821430706248937,0.9642861412497872,0.3055555555555556,0.36144578,,,,8.678575271248086,,5.676176657239353,,-0.1682521104812622,Eric Gunderson,1005144,115249,0.4,0.04444444,0.11111111,-0.06666667,0.3076923076923077,1.821429377916265,218.94514491445568,143.76630316349494,,3.002398614008733,,0,0,0,,,45,12,12,9,1,5,3,1,0,2,2,0.1183599829673767,-0.3293099999427795,0.4476700127124786,-7.64900016784668,-0.7665436267852783,0.6627458930015564,0.9244623184204102,1.0464444160461426,1.3866000175476074,5,-0.2853704988956451,0.4639607915209647,1,0,1992,-0.66,,,,,,,,,,
Dennis Powell,SEA,4,2,0,49,0,57.0,5.526315789473684,4.578947368421052,0.7894736842105263,0.2573099415204678,0.68918919,,,,4.578947368421052,,4.379809461560166,,-0.1739377528429031,Dennis Powell,1010484,120713,1.20689655,0.14403292,0.11934156,0.02469136,0.2322274881516587,1.368421052631579,115.51876475116816,110.97279442234328,,0.1991379068608862,,0,0,0,,,243,49,30,29,5,29,2,3,2,0,35,0.8532959222793579,-3.518641948699951,4.371938228607178,7.914999961853027,0.7859609127044678,0.954483449459076,1.2216391563415527,1.3411673307418823,1.5447263717651367,38,0.1154687404632568,0.778518392328765,12,7,1992,0.21,,,,,,,,,,
Heathcliff Slocumb,CHC,0,3,1,30,0,36.0,6.749999284744338,5.249999443690041,0.7499999205271487,0.4016393442622951,0.67335244,,,,6.499999311235289,,4.1999847500412715,,-0.1757605373859405,Heathcliff Slocumb,1012069,122329,1.28571429,0.15517241,0.12068966,0.03448276,0.3421052631578947,2.0277775629067354,180.700080581319,116.4827380539865,,2.3000145611940175,,0,0,0,,,174,52,27,26,3,21,3,1,1,0,27,-0.8589459657669067,-2.835416078567505,1.9764699935913088,-13.586999893188477,-1.5027086734771729,0.8011283874511719,0.9364252090454102,1.0410066843032837,0.8166210651397705,19,-0.8250783681869507,-0.247091809803726,3,6,1992,-1.1,,,,,,,,,,
Gil Heredia,- - -,2,3,0,20,5,44.2,4.432835600056938,4.029850545506308,0.8059701091012615,0.2857142857142857,0.70707071,,,,4.231343072781623,,4.372870393106368,,-0.1974387504160404,Gil Heredia,1005686,115804,1.1,0.11764706,0.10695187,0.01069519,0.2650602409638554,1.432835749513354,124.5343011682306,125.44362327041256,,-0.1415273203247444,,0,0,0,,,187,44,23,21,4,20,1,1,1,0,22,0.1050480008125305,-2.8443300276994705,2.949377976357937,-5.556199133396149,-0.5846211314201355,0.8865968615270509,0.9259796189326868,0.9096300333738327,0.8351000025868416,16,0.0802365541458129,0.0382479627422782,4,2,1992,-0.26,,,,,,,,,,
Jim Acker,SEA,0,0,0,17,0,30.2,3.2282617396355215,3.521740079602387,1.1739133598674625,0.3388429752066115,0.73929961,,,,5.282610119403581,,4.935492726580338,,-0.2161838561296463,Jim Acker,1000030,110033,0.91666667,0.07432432,0.08108108,-0.00675676,0.3308823529411764,1.8586961531234825,133.27093468339,125.02961726504374,,0.3471173928232431,,0,0,0,,,148,45,19,18,4,12,1,0,1,0,11,-0.4250999987125397,-0.8227859735488892,0.3976860046386719,-7.519000053405762,-0.8459152579307556,0.2471668273210525,0.3207783699035644,0.4898706078529358,0.6835428476333618,14,-0.4436402916908264,-1.2762506957852733,0,1,1992,-0.04,,,,,,,,,,
Dennis Lamp,PIT,1,1,0,21,0,28.0,4.821428571428571,2.892857142857143,0.9642857142857144,0.3125,0.70351759,,,,5.142857142857143,,4.28331823348999,,-0.2217278778553009,Dennis Lamp,1007284,117439,1.66666667,0.12,0.072,0.048,0.2894736842105263,1.5,148.478629718301,124.35908106071248,,0.8595389093671528,,0,0,0,,,125,33,16,16,3,9,4,2,0,1,15,-0.1336201280355453,-1.456626057624817,1.3230060338974,-3.0859997272491455,-0.3369964361190796,0.69575035572052,0.7510918974876404,0.8620095252990723,1.0196841955184937,19,0.1865402460098266,-0.3785920745671662,2,4,1992,-0.37,,,,,,,,,,
Tim Scott,SDP,4,1,0,34,0,37.2,7.168144980710113,5.01770148649708,0.9557526640946816,0.2991452991452991,0.66787004,,,,5.25663965252075,,4.3231419700869775,,-0.2264577001333236,Tim Scott,1011694,121947,1.42857143,0.1734104,0.12138728,0.05202312,0.2582781456953642,1.5929211068244695,147.80648804833547,120.18413613333897,,0.9334976824337726,,0,0,0,,,173,39,24,22,4,21,6,1,0,1,30,0.1382820010185241,-2.549057960510254,2.687340021133423,-7.580999851226807,-0.8386732339859009,0.9526019096374512,0.8606595396995544,0.8451058864593506,1.5020333528518677,18,-0.97710382938385,1.1222662520281137,5,6,1992,-0.75,,,,,,,,,,
Brian Bohanon,TEX,1,1,0,18,7,45.2,5.715328785434293,4.927007573650253,1.3795621206220707,0.3164556962025316,0.6147541,,,,6.306569694272324,,5.213975303157449,,-0.2293242122977972,Brian Bohanon,1001126,111155,1.16,0.13181818,0.11363636,0.01818182,0.2938144329896907,1.7956205379525365,161.6409194932314,133.41371996989187,,1.0925943911148748,,2,0,0,,,220,57,38,32,7,25,0,1,2,0,29,-1.2101639211177826,-3.611033946275711,2.400869995355606,-20.609200477600098,-2.119450271129608,0.7506662776735094,0.6801393064005035,0.6141444378428988,0.7364266872406006,15,-1.4014981985092163,-0.210621537131985,0,1,1992,-0.98,,,,,,,,,,
Mike Birkbeck,NYM,0,1,0,1,1,7.0,2.5714285714285716,1.2857142857142858,3.857142857142857,0.3333333333333333,0.68181818,,,,9.0,,8.21188966206142,,-0.2323722094297409,Mike Birkbeck,1000981,111009,2.0,0.06060606,0.03030303,0.03030303,0.375,1.8571428571428572,257.9045716664836,235.50501764990375,,0.7881103379385799,,0,0,0,,,33,12,7,7,3,1,1,0,1,0,2,-0.4286240041255951,-0.9130719900131226,0.4844479858875274,-4.151299953460693,-0.4889639914035797,0.9058110117912292,0.7925140261650085,0.8700000047683716,0.1827999949455261,1,-0.7022730112075806,0.2290793774958454,0,0,1992,-0.23,,,,,,,,,,
Tim Leary,- - -,8,10,0,26,23,141.0,2.9361700538922,5.5531911888830745,0.7659574053631827,0.2531914893617021,0.6565176,,,,5.361701837542279,,5.279771999118141,,-0.2340281084179878,Tim Leary,1007438,117592,0.52873563,0.07371795,0.13942308,-0.06570513,0.2481060606060606,1.54609920712198,137.717147380166,133.14929161783124,,0.0819298384241378,,7,3,0,,,624,131,89,84,12,87,5,9,9,0,46,-1.3514578118920326,-11.522550363093616,10.17109222151339,-12.430399894714355,-1.306771069765091,1.0026032659816813,0.8652118763357803,0.7824923201249196,1.6363143021506923,21,-0.6579543203115463,-0.6899944224733443,0,0,1992,-0.12000000000000001,,,,,,,,,,
Steve Shifflett,KCR,1,4,0,34,0,52.0,4.326924029186842,2.9423083398470524,1.0384617670048422,0.2865497076023391,0.89939024,,,,2.596154417512105,,4.417933977849464,,-0.2377426475286483,Steve Shifflett,1011896,122155,1.47058824,0.11312217,0.07692308,0.0361991,0.2722772277227723,1.3846156893397894,64.16984344257902,115.39021436918355,,-1.821779560337359,,0,0,0,,,221,55,15,15,6,17,6,2,2,1,25,-0.3581520318984985,-3.3638360500335693,3.0056838989257812,3.562999963760376,0.3935523331165313,0.980137050151825,0.822993278503418,0.8301176428794861,1.2950315475463867,19,-0.146768108010292,-0.2186420474807386,7,4,1992,1.37,,,,,,,,,,
Matt Maysey,MON,0,0,0,2,0,2.1,3.85714338263694,0.0,3.85714338263694,0.3333333333333333,1.0,,,,3.85714338263694,,8.783319050925229,,-0.2418992817401886,Matt Maysey,1008314,118496,1.0,0.08333333,0.0,0.08333333,0.3636363636363636,1.71428594783864,111.60872452130778,255.14603686972268,,-4.926175668288289,,0,0,0,,,12,4,1,1,1,0,0,1,0,0,1,-0.3280640244483948,-0.6084240078926086,0.2803599834442138,-1.090999960899353,-0.1319454908370971,1.5509997606277466,1.7115999460220337,2.349799871444702,2.1487998962402344,1,-0.3871504962444305,0.1756327173405736,0,1,1992,-0.02,,,,,,,,,,
Ken Ryan,BOS,0,0,1,7,0,7.0,6.428570552748196,6.428570552748196,2.5714282210992785,0.1111111111111111,0.64516129,,,,6.428570552748196,,7.211889058716525,,-0.2524329423904419,Ken Ryan,1011345,121596,1.0,0.16666667,0.16666667,0.0,0.16,1.2857141105496392,154.95470910943914,181.63042069055209,,-0.783318505968329,,0,0,0,,,30,4,5,5,2,5,0,0,0,0,5,0.1620820015668869,-0.0503119975328445,0.2123939990997314,-0.5539999604225159,-0.0491452552378177,0.2927400171756744,0.862755537033081,1.0987714529037476,0.0099999997764825,1,0.1921968907117843,0.3614752827431378,1,0,1992,-0.12,,,,,,,,,,
Wally Ritchie,PHI,2,1,1,40,0,39.0,4.384616242358133,3.923077690530961,0.6923078277407578,0.3037037037037037,0.77464789,,,,3.000000586876617,,4.116651827657376,,-0.2533860206604004,Wally Ritchie,1010989,121235,1.11764706,0.1091954,0.09770115,0.01149425,0.2802547770700637,1.5641028700809714,86.01562400096738,118.46523988414646,,-1.1166512407807585,,0,0,0,,,174,44,17,13,3,17,3,0,0,0,19,-1.2899320125579834,-3.8199641704559326,2.530032157897949,-2.1030001640319824,-0.1863853633403778,0.9675008058547974,1.154645323753357,1.266909956932068,1.0039629936218262,27,-0.4870639145374298,-0.8461980370309874,8,10,1992,0.15,,,,,,,,,,
Scott Taylor,BOS,1,1,0,4,1,14.2,4.295453544613977,2.4545448826365583,2.4545448826365583,0.2142857142857142,0.78947368,,,,4.909089765273117,,6.192408348262988,,-0.2639116942882538,Scott Taylor,1012888,123153,1.75,0.12280702,0.07017544,0.05263158,0.2452830188679245,1.159090639022819,118.3290391430532,155.98012149052596,,-1.283318582989871,,0,0,0,,,57,13,8,8,4,4,0,0,0,0,7,-0.1157780289649963,-0.9635080099105836,0.8477299809455872,-2.193700075149536,-0.2390302121639251,0.7767084392450624,0.9881276663611916,1.6567500233650208,0.0586666663487752,3,-0.0756478905677795,-0.073414515754893,1,1,1992,0.11,,,,,,,,,,
Pat Hentgen,TOR,5,2,0,28,2,50.1,6.973509052919671,5.721853581882807,1.251655471036864,0.2781456953642384,0.71629213,,,,5.364237733015132,,4.948880873855359,,-0.2667857781052589,Pat Hentgen,145,115797,1.21875,0.17030568,0.13973799,0.03056769,0.248730964467005,1.6092713199045396,133.54749609725397,122.4233235255528,,0.4153568591597736,,1,0,0,,,229,49,30,30,7,32,5,0,2,1,39,0.5334359928965569,-2.0712340474128723,2.604669988155365,-0.1482000350952148,0.0116982981562614,0.6648647136326078,0.6781414171745037,0.7276428767613002,0.9852555592854818,18,-0.2140490221790969,1.0163716330182757,6,2,1992,-0.29,,,,,,,,,,
Doug Simons,MON,0,0,0,7,0,5.1,10.125000603497064,3.375000201165688,5.062500301748532,0.5217391304347826,0.28985507,,,,23.625001408159815,,9.533318635821368,,-0.2848471999168396,Doug Simons,1011988,122253,3.0,0.17142857,0.05714286,0.11428571,0.46875,3.1875001899898168,683.6033853053698,276.95314221933796,,14.091682772338451,,0,0,0,,,35,15,14,14,3,2,0,1,1,0,6,-0.408596009016037,-0.4469679892063141,0.0383720025420188,-11.098000526428224,-1.2024834156036377,0.2214055657386779,0.4085250198841095,0.4664285778999328,0.5603199601173401,5,-0.8024080395698547,-1.04305599676922,0,3,1992,-0.78,,,,,,,,,,
Stan Belinda,PIT,6,4,18,59,0,71.1,7.191590066997148,3.6588791568932857,1.0093459743153892,0.2439024390243902,0.80474934,,,,3.154206169735591,,3.862757678243948,,-0.2972941100597381,Stan Belinda,1000792,110811,1.96551724,0.19063545,0.09698997,0.09364549,0.2148148148148148,1.2196263856310952,91.06459637554052,112.12530992065967,,-0.7085515085083571,,0,0,0,,,299,58,26,25,8,29,5,0,1,0,57,0.7075541019439697,-9.09378433227539,9.801342010498049,-4.028999328613281,-0.4630696177482605,1.934637188911438,2.0020954608917236,1.999250888824463,2.357529401779175,17,0.3534941375255584,0.0122354711056542,26,13,1992,0.87,,,,,,,,,,
Jeff Mutis,CLE,0,2,0,3,2,11.1,6.352942958423098,4.764707218817324,3.176471479211549,0.4347826086956521,0.6557377,,,,9.529414437634648,,7.548025452307314,,-0.3083911910653114,Jeff Mutis,1009412,119610,1.33333333,0.125,0.09375,0.03125,0.4137931034482758,2.647059566009624,242.15048785499172,192.74458019593044,,1.9813889853273337,,0,0,0,,,64,24,14,12,4,6,0,0,2,0,8,-0.6555000133812428,-1.1955000013113022,0.5399999916553497,-8.720299903303385,-0.9026137650944293,0.6345452268918356,0.5725714968783515,0.8493333657582601,0.3379999895890553,3,-0.8837259262800217,-0.1492973880581052,0,0,1992,-0.55,,,,,,,,,,
Bryn Smith,STL,4,2,0,13,1,21.1,3.7968751838780097,2.10937510215445,1.2656250612926698,0.2394366197183098,0.71428571,,,,4.6406252247397894,,4.89269333564444,,-0.3138895463198423,Bryn Smith,1012104,122358,1.8,0.0989011,0.05494505,0.04395604,0.2409638554216867,1.171875056752472,133.91153692538418,139.88074903008243,,-0.2520681109046503,,0,0,0,,,91,20,11,11,3,5,1,3,1,0,9,-0.4823900163173675,-2.107542008161545,1.6251519918441772,-2.6281999349594116,-0.3047620058059692,1.1423886498225104,1.120682992041111,1.134938432620122,1.4102400422096253,10,-0.0206515118479728,-0.4016128518537455,3,3,1992,-0.21,,,,,,,,,,
Greg Mathews,PHI,2,3,0,14,7,52.1,4.643312891654974,4.127389237026644,1.2038218607994378,0.2781065088757396,0.69364162,,,,5.159236546283305,,4.923445986022324,,-0.3149411380290985,Greg Mathews,1008237,118417,1.125,0.11842105,0.10526316,0.0131579,0.2660098522167488,1.4904461133707323,147.9249546944857,141.7288988889992,,0.2357905602609804,,3,0,0,,,228,54,31,30,7,24,2,1,1,2,27,-0.0327260270714759,-3.599496066570282,3.566770076751709,-4.7532998919487,-0.5597203969955444,0.8804725926636644,0.8935254320763705,1.0662428736686709,1.473092280901395,13,-0.7180806249380112,0.6809119187861581,1,2,1992,-0.47,,,,,,,,,,
Rich Gossage,OAK,0,2,0,30,0,38.0,6.1578941186710034,4.49999954825958,1.1842104074367314,0.2432432432432432,0.86956522,,,,2.8421049778481557,,4.783318032716471,,-0.3173639476299286,Rich Gossage,1004894,114989,1.36842105,0.1595092,0.11656442,0.04294479,0.2253521126760563,1.3421051284282957,76.82012895367333,123.74633070676478,,-1.941213054868315,,0,0,0,,,163,32,13,12,5,19,4,2,0,0,26,-0.0865740105509758,-2.824392080307007,2.7378180027008057,3.677000045776367,0.3610123991966247,0.9689822196960448,0.9692583084106444,0.9168866872787476,1.2522705793380735,17,-0.020216966047883,-0.0691283374997225,6,5,1992,0.58,,,,,,,,,,
Jeff Innis,NYM,6,9,1,76,0,88.0,3.988638092664412,3.6818197778440727,0.4090910864271191,0.28125,0.78253707,,,,2.8636376049898344,,3.9196823624542105,,-0.3179976642131805,Jeff Innis,1006266,116395,1.08333333,0.10455764,0.09651475,0.0080429,0.256797583081571,1.3750005960467062,82.0605811025487,112.28737321512418,,-1.056044757464376,,0,0,0,,,373,85,32,28,4,36,4,6,1,0,39,0.3092999756336212,-8.377169609069824,8.686470031738281,1.6089999675750732,0.1607595086097717,1.3749957084655762,1.3930193185806274,1.4593578577041626,1.845908284187317,48,0.1097032129764556,0.1152429259309769,22,15,1992,1.49,,,,,,,,,,
Joel Johnston,KCR,0,0,0,5,0,2.2,0.0,6.750001609325793,6.750001609325793,0.1111111111111111,0.45454545,,,,13.500003218651583,,14.78332109451362,,-0.3210514783859253,Joel Johnston,1006474,116644,0.0,0.0,0.15384615,-0.15384615,0.2727272727272727,1.8750004470349424,333.6831920211256,385.68637841713536,,-1.2833178758620356,,0,0,0,,,13,3,4,4,2,2,0,0,1,0,0,-0.2614800035953522,-0.3128300011157989,0.051350001245737,-2.194000005722046,-0.2460189759731292,0.4998427927494049,0.8096333742141724,0.9511600136756896,0.3575000166893005,4,-0.2242286950349807,-0.2988957900797713,0,2,1992,-0.22,,,,,,,,,,
Bruce Ruffin,MIL,1,6,0,25,6,58.0,6.982758161429165,6.362068547079906,1.0862068251112034,0.329608938547486,0.65843621,,,,6.672413354254535,,4.92124912735966,,-0.3289621248841285,Bruce Ruffin,1011294,121545,1.09756098,0.16544118,0.15073529,0.01470588,0.2857142857142857,1.844827464871409,170.48649188191075,126.2465405282152,,1.7511642268948746,,1,1,0,,,272,66,43,43,7,41,3,0,2,0,45,-2.441368103027344,-5.401701927185059,2.960334062576294,-18.10580015182495,-1.9549481272697449,0.8283781684036796,0.7589623824409817,0.8659519934654236,0.6877000033855438,18,-1.112096905708313,-1.8350692511834907,2,4,1992,-1.17,,,,,,,,,,
Neal Heaton,- - -,3,1,0,32,0,42.0,6.642858349547313,4.928572323857684,1.0714287660560182,0.2945736434108527,0.76666667,,,,4.07142931101287,,4.569032843583354,,-0.3296686494722962,Neal Heaton,1005568,115683,1.34782609,0.16402116,0.12169312,0.04232804,0.2606060606060606,1.5714288568821602,100.63460775403011,119.31076777742476,,-0.4976035325704844,,0,0,0,,,189,43,21,19,5,23,2,1,3,1,31,0.4041180906933732,-3.486487865447998,3.8906059859436937,-0.5489999651908875,-0.0600811280310153,1.1942722951292548,1.240070868982002,1.22786872490542,1.5113825798034668,23,-0.9834335632622242,1.321813757076932,8,8,1992,0.18,,,,,,,,,,
Bob Patterson,PIT,6,3,9,60,0,64.2,5.984536317826746,3.2010310537212825,0.974226842436912,0.2666666666666666,0.83102493,,,,2.922680527310736,,3.927648175400014,,-0.3305965662002563,Bob Patterson,1010055,120297,1.86956522,0.16044776,0.0858209,0.07462687,0.2408163265306122,1.2680412869813775,84.38025551656155,114.0129227304419,,-1.004967648089278,,0,0,0,,,268,59,22,21,7,23,6,0,3,0,43,0.1290700137615203,-6.354406356811523,6.483476161956787,4.547999858856201,0.5402917861938477,1.4001665115356443,1.6004890203475952,1.796233296394348,2.027805805206299,34,0.8152756094932556,-0.7230937063423498,19,11,1992,1.0,,,,,,,,,,
Alejandro Pena,ATL,1,6,15,41,0,42.0,7.285714285714286,2.7857142857142856,1.5,0.2773109243697479,0.78703704,,,,4.071428571428571,,4.259508709680467,,-0.3459035456180572,Alejandro Pena,1010140,120369,2.61538462,0.19653179,0.07514451,0.12138728,0.25,1.261904761904762,113.02749268805272,119.44292346109808,,-0.1880801382518955,,0,0,0,,,173,40,19,19,7,13,5,0,0,0,34,-0.7468880414962769,-5.788805961608887,5.041913986206055,0.0090001476928591,0.0001962571404874,1.859744906425476,1.739370822906494,1.814936637878418,1.1846799850463867,10,-0.0904625356197357,-0.3111452541990483,17,8,1992,-0.22,,,,,,,,,,
Larry Carter,SFG,1,5,0,6,6,33.0,5.7272727272727275,4.909090909090909,1.6363636363636365,0.2745098039215686,0.80275229,,,,4.636363636363637,,5.510590960762718,,-0.3518041372299194,Larry Carter,1002019,112065,1.16666667,0.14285714,0.12244898,0.02040816,0.2635658914728682,1.5757575757575757,136.8377345502436,157.4767909075439,,-0.8742273243990812,,3,0,0,,,147,34,17,17,6,18,0,0,2,0,21,-0.6280720233917236,-2.539184093475342,1.9111119508743288,-3.992100238800049,-0.4582972824573517,0.7959384918212891,0.7299116253852844,0.8817333579063416,0.5022000074386597,6,-1.1302807331085205,0.3411845531329154,0,0,1992,-0.11,,,,,,,,,,
Doug Linton,TOR,1,3,0,8,3,24.0,5.999999284744348,6.37499924004087,1.8749997764826087,0.3333333333333333,0.6097561,,,,8.62499897182,,6.283317816257527,,-0.3582646013237536,Doug Linton,1662,117800,0.94117647,0.13793103,0.14655172,-0.00862069,0.3131313131313131,1.999999761581449,214.72706353760364,155.3869036110132,,2.3416811555624735,,1,0,0,,,116,31,23,23,5,17,0,0,2,0,16,-0.3661540076136589,-1.853641986846924,1.4874879121780396,-9.68410062789917,-1.0740732848644257,0.8275238734980425,0.8313999860375015,0.6997249945998192,0.7423666715621948,6,-0.5546913146972656,0.1122218955784163,1,0,1992,-0.81,,,,,,,,,,
Eric Hillman,NYM,2,2,0,11,8,52.1,2.751592122689692,1.7197450766810576,1.547770569012952,0.3052631578947368,0.72289157,,,,5.331209737711279,,5.095419947694523,,-0.3706634193658829,Eric Hillman,1005830,115955,1.6,0.07048458,0.04405286,0.02643172,0.3116279069767442,1.4713374544937938,152.77148487429045,146.03961433824165,,0.2357897900167556,,3,0,0,,,227,67,31,31,9,10,2,2,1,0,16,-0.5588600262999535,-3.832695968449116,3.273836001753807,-10.56119954586029,-1.1820721328258514,0.8406653771129977,0.8393070818856359,0.7219636494463141,1.1215333350830607,9,-1.2507048845291138,0.585921914378513,0,0,1992,-0.21,,,,,,,,,,
Andy Ashby,PHI,1,3,0,10,8,37.0,5.837836671694312,5.108107087732523,1.459459167923578,0.3025210084033613,0.59352518,,,,7.54053903427182,,5.377912309798574,,-0.3832513242959976,Andy Ashby,637,110351,1.14285714,0.14035088,0.12280702,0.01754386,0.2818791946308724,1.7027023625775075,216.20134781767564,154.83329419962718,,2.162626724473246,,2,0,0,,,171,42,31,31,6,21,0,1,2,0,24,-1.0790580213069916,-3.841803967952728,2.762745898216963,-12.497399806976318,-1.433856189250946,1.045200377702713,0.9417795225977896,0.7986999988555908,1.5578199982643128,10,-1.1437990069389343,0.1114055593985732,0,1,1992,-1.1,,,,,,,,,,
Greg Cadaret,NYY,4,8,1,46,11,103.2,6.337621433881604,6.424438165852584,1.0418007836517704,0.2967741935483871,0.77818627,,,,4.254019866578063,,5.079138478944818,,-0.3849877119064331,Greg Cadaret,1001810,111854,0.98648649,0.15498938,0.15711253,-0.00212314,0.2632911392405063,1.717042032314955,110.04377258398657,127.82248706648458,,-0.8251186123667553,,5,1,1,,,471,104,53,49,12,74,7,2,5,1,73,-0.6460300236940384,-8.79452395439148,8.148493766784668,-1.373200237751007,-0.2435307577252388,1.0167393623254235,0.94785967949898,1.317704369192538,1.6513166295157538,36,-0.3202914148569107,-0.3151025195497186,7,6,1992,0.63,,,,,,,,,,
Mike Walker,SEA,0,3,0,5,3,14.2,3.06818112823358,5.522726030820444,2.454544902586864,0.3035714285714285,0.6557377,,,,7.363634707760592,,7.487862630114813,,-0.3958589136600494,Mike Walker,1013528,123835,0.55555556,0.06756757,0.12162162,-0.05405405,0.3230769230769231,2.0454540854890535,185.77151407893476,189.59555585187903,,-0.1242279223542217,,0,0,0,,,74,21,14,12,4,9,3,0,1,0,5,-0.851828008890152,-1.8280199766159055,0.9761920124292374,-8.325600147247314,-0.835745096206665,1.0627974626384205,0.9630234171362484,1.2115999937057496,0.6400000154972076,4,-0.5384800061583519,-0.2630160820760595,0,2,1992,-0.43,,,,,,,,,,
Ricky Bones,MIL,9,10,0,31,28,163.1,3.581632931894803,2.644898165091547,1.4877552178639952,0.2553956834532374,0.72263549,,,,4.573469743804133,,5.18331842033232,,-0.4206684082746506,Ricky Bones,1001161,111191,1.35416667,0.09219858,0.06808511,0.02411348,0.2608024691358024,1.328571532002004,116.85649119026144,132.95983875115064,,-0.6098486765281868,,12,0,0,,,705,169,90,83,27,48,0,9,3,2,65,-0.4898240715265274,-11.6729456782341,11.183121979236605,-15.388999700546265,-1.6008092537522316,0.9248678520934224,0.8999005373981264,0.8293741864542807,1.179477410931741,31,-1.8298600800335407,1.300244881042875,1,0,1992,0.28,,,,,,,,,,
Barry Jones,- - -,7,6,1,61,0,69.2,3.875599819205171,4.5215331224060336,0.3875599819205171,0.3293172690763052,0.64516129,,,,5.684213068167584,,4.075184839891714,,-0.4258278012275696,Barry Jones,1006526,116664,0.85714286,0.09404389,0.10971787,-0.01567398,0.301418439716312,1.7224888085356318,162.94434295052983,117.17162345376376,,1.6090282282758706,,0,0,0,,,319,85,46,44,3,35,7,2,2,2,30,-1.6662380397319794,-6.569964289665222,4.903725802898407,-17.77899980545044,-1.9445704221725464,1.0625301523871291,1.092638603665612,1.089934482926228,1.2631136016412214,44,-0.8309786766767502,-0.7372008577943727,10,15,1992,-1.3599999999999999,,,,,,,,,,
Jeff Robinson,- - -,7,5,0,24,11,82.0,3.512194708370913,3.951219046917277,0.8780486770927283,0.2697841726618705,0.66176471,,,,5.158535977919779,,4.624781431281685,,-0.4288962483406067,Jeff Robinson,1011073,121316,0.88888889,0.09014085,0.10140845,-0.01126761,0.2610062893081761,1.451219341306037,138.61770644774492,124.51662067670132,,0.533754546638094,,4,0,0,,,355,83,48,47,8,36,1,1,6,1,32,-1.2993459701538086,-7.198697924613953,5.899351984262466,-9.551999419927595,-1.043552964925766,0.994789551071664,0.9957609072975492,1.4500833600759506,1.3873727267438716,22,-0.472362857311964,-0.8337887490796116,4,6,1992,-0.21000000000000002,,,,,,,,,,
Mike Flanagan,BAL,0,0,0,42,0,34.2,4.41346429050493,5.97115756950667,0.7788466395008701,0.3560606060606061,0.59620596,,,,8.04808194150899,,5.350627526659525,,-0.4325254559516907,Mike Flanagan,1004133,114216,0.73913043,0.09444444,0.12777778,-0.03333333,0.3289473684210526,2.1057705438356855,202.73924622021283,133.8922387958138,,2.697454414849465,,0,0,0,,,180,50,34,31,3,23,1,5,4,0,17,-0.8035980463027954,-1.734012007713318,0.9304139614105223,-21.56100082397461,-2.238440990447998,0.4708075523376465,0.6789824366569519,0.8835190534591675,1.4406962394714355,27,-0.9721659421920776,-0.7346844307740794,4,8,1992,-1.47,,,,,,,,,,
Scott Aldred,DET,3,8,0,16,13,65.0,4.707691755125573,4.569230232915998,1.6615382665149083,0.3063063063063063,0.65524194,,,,6.784614588269209,,5.798702494942972,,-0.4494721814990043,Scott Aldred,1000115,110118,1.03030303,0.11184211,0.10855263,0.00328947,0.2985074626865671,1.7384613344091169,169.46823906863918,143.57842950520038,,0.9859120933262364,,3,0,0,,,304,80,51,49,12,33,4,3,1,0,34,-1.7050700560212135,-6.905679821968079,5.200610101222992,-17.93500006198883,-1.8130924552679064,1.102533879159372,0.9616670608520508,0.9640750177204608,1.2733375579118729,16,-1.5913889408111572,0.0448876602144594,1,1,1992,-1.34,,,,,,,,,,
Steve Frey,CAL,4,2,4,51,0,45.1,4.764708020696313,4.36764901897162,1.1911770051740782,0.237410071942446,0.82417582,,,,3.5735310155222346,,5.033319243263249,,-0.4538028538227081,Steve Frey,1004344,114428,1.09090909,0.12435233,0.11398964,0.01036269,0.2307692307692307,1.3455888391781254,89.45251584106293,124.86979410034078,,-1.4597882277410146,,0,0,0,,,193,39,18,18,6,22,3,2,1,0,24,1.6022599935531616,-2.9178340435028076,4.52009391784668,13.880000114440918,1.485737919807434,1.3349838256835938,1.2472294569015503,1.243996024131775,1.2611548900604248,31,-0.3816247582435608,1.5818340512158604,14,7,1992,0.67,,,,,,,,,,
Kurt Knudsen,DET,2,3,5,48,1,70.2,6.495283252618295,5.221698301124512,1.146226456344405,0.2890995260663507,0.73440644,,,,4.58490582537762,,4.778601324163584,,-0.4630587138235569,Kurt Knudsen,1007064,117217,1.24390244,0.1629393,0.13099042,0.03194888,0.2583025830258302,1.5707547735089995,114.52322109287374,118.35107556752187,,-0.1936954987859644,,0,0,0,,,313,70,39,36,9,41,9,1,5,0,51,-0.2842120006680488,-6.036314100027084,5.752101927995682,-2.586999773979187,-0.3204871118068695,1.1148479307020032,1.1593821141454907,1.435616632302602,1.3430764701436548,34,-0.1142673194408416,-0.1406661049671713,12,10,1992,-0.54,,,,,,,,,,
Bill Landrum,MON,1,1,0,18,0,20.0,3.1499990987780286,4.049998841286037,1.3499996137620125,0.3243243243243243,0.65088757,,,,7.199997940064066,,5.6833174037935725,,-0.4691428542137146,Bill Landrum,1007297,117462,0.77777778,0.07368421,0.09473684,-0.02105263,0.3214285714285714,1.7999994850160166,208.33619778407711,165.00990364460537,,1.5166805362704938,,0,0,0,,,95,27,16,16,3,9,2,2,0,0,7,0.0394499562680721,-1.475256085395813,1.514706015586853,-5.586999893188477,-0.5903897881507874,0.9426177740097046,0.804347813129425,0.8117111325263977,0.6209333539009094,12,-0.5353581309318542,0.5772096187308378,4,2,1992,-0.73,,,,,,,,,,
Mike Schooler,SEA,2,7,13,53,0,51.2,5.748387804140621,4.180645675738633,1.2193549887571014,0.2874251497005988,0.72649573,,,,4.703226385205962,,4.718802342628247,,-0.477688580751419,Mike Schooler,1011605,121856,1.375,0.14224138,0.10344828,0.0387931,0.2657004830917874,1.5290324462192224,118.65410511399766,119.54811632615775,,-0.0155759574222846,,0,0,0,,,232,55,29,27,7,24,6,1,0,0,33,-2.586738109588623,-9.070070266723633,6.483334064483643,-11.157999038696287,-1.145390868186951,1.773453950881958,1.7966058254241943,1.9049811363220217,1.8080235719680784,17,-0.5608941912651062,-0.8976935032742472,15,15,1992,-0.18,,,,,,,,,,
Terry Mathews,TEX,2,4,0,40,0,42.1,5.527560217336865,6.590552566824725,0.850393879590287,0.3211678832116788,0.68548387,,,,5.952757157132009,,5.0510352457307555,,-0.486653059720993,Terry Mathews,1008241,118420,0.83870968,0.13065327,0.15577889,-0.02512563,0.2874251497005988,1.8661421246564631,152.57250566383465,129.25010957000563,,0.9017219114012534,,0,0,0,,,199,48,29,28,4,31,3,1,2,1,26,-1.504256010055542,-4.622518062591553,3.1182620525360107,-9.659000396728516,-1.0388352870941162,1.04162335395813,1.0217033624649048,1.0708800554275513,1.1236482858657837,29,-1.0560302734375,-0.3881155440880242,6,9,1992,-0.53,,,,,,,,,,
Dennis Moeller,KCR,0,3,0,5,4,18.0,3.0000015894580363,5.5000029140064,2.500001324548363,0.2835820895522388,0.64285714,,,,7.000003708735417,,7.561098542626864,,-0.4989493675529957,Dennis Moeller,1009022,119217,0.54545455,0.06741573,0.12359551,-0.05617978,0.3076923076923077,1.9444454746487272,173.02096479972954,197.35389939788112,,-0.5610948338914463,,0,0,0,,,89,24,17,14,5,11,2,0,1,1,6,-0.5658700191415846,-1.5444619378540665,0.9785920379217714,-8.250799804925919,-0.8261908888816833,0.8293063172529782,0.7401899734511972,0.7000000037252903,0.6726000308990479,4,-0.8825497254729271,0.2002083428388344,0,0,1992,-0.47,,,,,,,,,,
Danny Leon,TEX,1,1,0,15,0,18.1,7.363637640456744,4.909091760304496,2.454545880152248,0.2549019607843137,0.70833333,,,,5.890910112365395,,6.819682569740354,,-0.504297137260437,Danny Leon,1007538,117681,1.5,0.17857143,0.11904762,0.05952381,0.2535211267605634,1.527272992094732,150.98733120788694,174.44438842491758,,-0.9287724573749588,,0,0,0,,,84,18,14,12,5,10,0,3,0,0,15,-0.3383020162582397,-0.9311540126800536,0.5928518772125244,-4.875999927520752,-0.523244321346283,0.4905010759830475,0.6329916715621948,0.7586933374404907,0.8514499664306641,12,-0.5736179947853088,-0.1160889861427656,1,4,1992,-0.3,,,,,,,,,,
Denis Boucher,CLE,2,2,0,8,7,41.0,3.73170716517175,4.390243723731471,1.975609675679162,0.2846715328467153,0.70921986,,,,6.365853399410633,,6.344293698294406,,-0.5092270523309708,Denis Boucher,1001231,111270,0.85,0.0923913,0.10869565,-0.01630435,0.294478527607362,1.6585365178541112,161.76172380464394,162.03517710693708,,0.0215597011162271,,3,0,0,,,184,48,29,29,9,20,0,1,1,0,17,-0.8703680969774723,-3.078016061335802,2.2076479620300233,-8.893899917602539,-0.8983360230922699,0.7336293755368115,0.6891907009967538,0.8189499825239182,0.6323999986052513,8,-0.9810988903045654,-0.205287759412952,0,0,1992,-0.46,,,,,,,,,,
Jeff Nelson,SEA,1,7,6,66,0,81.0,5.111110629695315,4.888888428404214,0.7777777045188523,0.2570281124497992,0.7823741,,,,3.44444412001206,,4.622824233066323,,-0.5472298264503479,Jeff Nelson,1092,119704,1.04545455,0.13068182,0.125,0.00568182,0.2350993377483443,1.419752952693143,86.89724908007051,117.12020933702028,,-1.178380113054263,,0,0,0,,,352,71,34,31,7,44,12,6,2,0,46,-0.5990380048751831,-7.636705875396728,7.037667751312256,6.809999942779541,0.668648898601532,1.3783841133117676,1.3577218055725098,1.524687886238098,1.5868512392044067,39,-0.0496618263423442,-0.3849325650830672,19,13,1992,1.41,,,,,,,,,,
Marvin Freeman,ATL,7,5,3,58,0,64.1,5.735751068599441,4.056994658277653,0.9792745726877096,0.2727272727272727,0.80049261,,,,3.2176164531167597,,4.322178276284962,,-0.5753769874572754,Marvin Freeman,1004326,114410,1.4137931,0.14855072,0.10507246,0.04347826,0.2479674796747967,1.3989636752681565,89.32469617169434,121.20367034066052,,-1.1045618231682024,,0,0,0,,,276,61,26,23,7,29,7,1,4,0,41,-0.0011280288454145,-6.70051383972168,6.699385643005371,-5.616000175476074,-0.6321435570716858,1.444756269454956,1.5836585760116575,1.6916310787200928,1.8302372694015503,43,-0.5086405873298645,0.5078598128357417,20,14,1992,0.23,,,,,,,,,,
Jerry Don Gleaton,PIT,1,0,0,23,0,31.2,5.11578896012668,5.399999457911496,1.1368419911392622,0.297029702970297,0.78059072,,,,4.263157466772233,,5.088581159966828,,-0.5822098851203918,Jerry Don Gleaton,1004772,114860,0.94736842,0.12676056,0.13380282,-0.00704225,0.2764227642276423,1.6736840425105806,123.08095701604972,147.7835373659963,,-0.8254236931945949,,0,0,0,,,142,34,16,15,4,19,3,0,1,0,18,-0.569167971611023,-1.9192301034927368,1.3500620126724243,-0.7049998044967651,-0.1175521910190582,0.7248904705047607,0.735105037689209,0.9964174032211304,1.316635251045227,17,-0.1151165217161178,-0.6700613703517637,3,5,1992,-0.16,,,,,,,,,,
Wilson Alvarez,CHW,5,3,1,34,9,100.1,5.920265855760871,5.830564857946312,1.0764119737747038,0.2954545454545454,0.69587629,,,,5.2026578732444015,,5.085643844063663,,-0.5922125428915024,Wilson Alvarez,1193,110209,1.01538462,0.14505495,0.14285714,0.0021978,0.266839378238342,1.6744186258717613,135.1965253365992,129.86051906470237,,0.1170140291807388,,3,0,0,,,455,103,64,58,12,65,2,4,2,0,66,-1.0949080884456637,-7.126835823059082,6.031928062438965,-12.941400051116943,-1.3429471850395205,0.8187835686361765,0.7932120872580487,1.0854353063246782,1.0567466974258424,30,-1.4457630515098572,0.1085255562955609,6,7,1992,-1.34,,,,,,,,,,
Donn Pall,CHW,5,2,1,39,0,73.0,3.328767819081726,3.328767819081726,1.109589273027242,0.2713178294573643,0.68134172,,,,4.931507880121075,,4.838113183540438,,-0.6014353632926941,Donn Pall,1009968,120188,1.0,0.08359133,0.08359133,0.0,0.2687074829931973,1.45205509803565,128.15040817716817,123.5486783862314,,0.0933946965806375,,0,0,0,,,323,79,43,40,9,27,8,2,1,2,27,0.2738779187202453,-4.55767822265625,4.83155632019043,-7.308000087738037,-0.7682075500488281,0.9171180725097656,0.9176951050758362,0.9377692341804504,1.1478148698806765,27,-0.2626578211784363,0.561286674899263,7,5,1992,-0.63,,,,,,,,,,
Rob Mallicoat,HOU,0,0,0,23,0,23.2,7.605632781225824,7.225351142164533,0.7605632781225825,0.3243243243243243,0.65677966,,,,7.225351142164533,,5.2340221296627565,,-0.6070871353149414,Rob Mallicoat,1008023,118198,1.05263158,0.16666667,0.15833333,0.00833333,0.2708333333333333,1.901408195306456,214.5370249767089,156.31705190241712,,1.9913290125017769,,0,0,0,,,120,26,19,19,2,19,2,5,2,0,20,0.1469440162181854,-1.5310699939727783,1.678014039993286,-10.039000511169434,-1.1510157585144043,0.826434850692749,1.1713687181472778,1.315773844718933,1.5237765312194824,17,-0.5397195219993591,0.7175242407802908,5,2,1992,-1.12,,,,,,,,,,
Joe Slusarski,OAK,5,5,0,15,14,76.0,4.5,3.1973684210526314,1.7763157894736843,0.2777777777777778,0.68041237,,,,5.447368421052632,,5.651739286121569,,-0.637868095189333,Joe Slusarski,1012071,122330,1.40740741,0.11242604,0.07988166,0.03254438,0.2786885245901639,1.4736842105263157,147.23859527534606,146.17952896777786,,-0.2043708650689373,,3,0,0,,,338,85,52,46,15,27,0,6,0,1,38,-1.5076620490290225,-6.108004060108215,4.600341772777028,-16.110800445079803,-1.7361664939671757,0.8387113206941162,0.8011833029311328,0.8250666948656241,1.2929142713546753,14,-1.8845176547765732,0.086924118324384,0,0,1992,-0.94,,,,,,,,,,
Bob Kipper,MIN,3,3,0,25,0,38.2,5.120691507523852,3.258621868424269,1.8620696390995823,0.2644628099173554,0.74235808,,,,4.422415392861509,,5.654008927101847,,-0.6393898129463196,Bob Kipper,1006956,117107,1.57142857,0.13095238,0.08333333,0.04761905,0.2649006622516556,1.3965522293246868,108.93820865961676,144.09887703414185,,-1.2315935342403384,,0,0,0,,,168,40,23,19,8,14,3,3,1,0,22,-0.6068078875541687,-3.0349440574645996,2.428136110305786,-3.377999782562256,-0.3873343467712402,0.845802903175354,0.8646202087402344,0.8643199801445007,1.2098153829574585,13,-0.5988332629203796,-0.1186008878446051,5,6,1992,-0.29,,,,,,,,,,
Jay Baller,PHI,0,0,0,8,0,11.0,7.363636363636363,8.181818181818182,4.090909090909091,0.1851851851851851,0.76923077,,,,8.181818181818182,,9.78331823348999,,-0.6828277707099915,Jay Baller,1000492,110517,0.9,0.17647059,0.19607843,-0.01960784,0.2439024390243902,1.818181818181818,234.5880195657759,281.8618059013153,,-1.601500051671808,,0,0,0,,,51,10,10,10,5,10,0,0,1,0,9,-0.244480013847351,-0.7762560248374939,0.5317760109901428,-4.730999946594238,-0.5268787145614624,0.6654691696166992,0.668999969959259,0.7253000140190125,1.1261000633239746,4,-0.658184289932251,0.2908043645960133,0,2,1992,-0.44,,,,,,,,,,
Calvin Jones,SEA,3,5,0,38,1,61.2,7.15135297342007,6.859461015321291,1.1675678323951135,0.2485207100591716,0.6833713,,,,5.6918931829261785,,5.264399877329606,,-0.6969221960753202,Calvin Jones,1006534,116665,1.04255319,0.17818182,0.17090909,0.00727273,0.2212389380530973,1.572973329754528,143.5964243926128,133.3498058343576,,0.4274933055965721,,0,0,0,,,275,50,39,39,8,47,1,2,10,0,49,-0.773697916418314,-4.11491197347641,3.341213971376419,-2.6409997940063477,-0.2839963939040899,0.8059912517264083,0.8061128243421897,0.8711894829022256,1.2348249380787213,24,-0.6580806211568415,-0.3018527711238774,3,7,1992,-0.45,,,,,,,,,,
Mitch Williams,PHI,5,8,29,66,0,81.0,8.222222222222221,7.111111111111111,0.4444444444444444,0.2954545454545454,0.74962519,,,,3.7777777777777777,,4.190725640897398,,-0.701810896396637,Mitch Williams,1014025,124329,1.15625,0.20108696,0.17391304,0.02717391,0.2315436241610738,1.6419753086419753,108.31594977481508,120.60113528514604,,-0.4129478631196202,,0,0,0,,,368,69,39,34,4,64,2,6,5,3,74,0.1911720484495163,-12.84599781036377,13.03717041015625,0.1590000838041305,0.003509261412546,2.0447309017181396,1.763023018836975,1.6619060039520264,1.4832799434661863,10,-0.523111879825592,0.6166068469573935,28,13,1992,-0.37,,,,,,,,,,
Cris Carpenter,STL,5,4,1,73,0,88.0,4.704546270291809,2.761364115171279,1.022727450063437,0.2201492537313432,0.8255814,,,,2.9659096051839664,,4.2719548552489925,,-0.7042104005813599,Cris Carpenter,1001978,112021,1.7037037,0.12957746,0.07605634,0.05352113,0.2129629629629629,1.090909280067666,85.58534558976682,122.1041272476784,,-1.306045250065026,,0,0,0,,,355,69,29,29,10,27,8,4,5,0,46,-0.4537559449672699,-7.330214023590088,6.876458168029785,8.973999977111816,1.04327130317688,1.1328405141830444,1.1223270893096924,1.193531513214111,1.288184642791748,52,-0.2301585227251052,-0.1703885439504708,17,15,1992,1.19,,,,,,,,,,
Chuck Crim,CAL,7,6,1,57,0,87.0,3.103449364479982,3.0000010523306493,1.13793143364266,0.2899022801302932,0.66053512,,,,5.172415607466637,,4.944238531720496,,-0.737159252166748,Chuck Crim,1002768,112827,1.03448276,0.07832898,0.07571802,0.00261097,0.2873563218390804,1.4827591408071026,129.4757445937135,122.66292712742856,,0.2281770757461405,,0,0,0,,,383,100,56,50,11,29,6,6,4,0,30,-1.0755759477615356,-5.8996782302856445,4.82410192489624,-22.98699951171875,-2.439100503921509,0.7735440135002136,0.9100053310394288,1.142768383026123,1.0728683471679688,41,-1.2165372371673584,-0.1739149271440891,15,11,1992,-1.17,,,,,,,,,,
Francisco Oliveras,SFG,0,3,0,16,7,44.2,3.425373621894156,2.014925659937739,2.216418225931513,0.2142857142857142,0.90163934,,,,3.6268661878879302,,5.962423163613979,,-0.7784729152917862,Francisco Oliveras,1009776,119991,1.7,0.09497207,0.05586592,0.03910615,0.244047619047619,1.141791207298052,107.04340547729582,170.40815047163832,,-2.3355569757260484,,2,0,0,,,179,41,19,18,11,10,2,1,0,0,17,-0.0597859919071197,-2.6512519121170044,2.5914660692214966,1.004499912261963,0.0802156925201416,0.7746005091038379,0.7459305926245086,0.6253374982625246,0.7123076824041513,13,-0.5587356574833393,0.4815526564338199,1,1,1992,0.2,,,,,,,,,,
Juan Berenguer,- - -,4,5,1,47,2,78.0,5.192307946244653,4.1538463569957225,1.1538462102765896,0.268,0.62376238,,,,5.42307718829997,,4.757677304407711,,-0.7996243536472321,Juan Berenguer,1000865,110892,1.25,0.13119534,0.10495627,0.02623907,0.2524590163934426,1.4487180195694958,140.7167520816318,129.16529860888417,,0.6653998838922597,,0,0,0,,,343,77,52,47,10,36,7,2,4,3,45,-2.0387938916683197,-7.300502061843872,5.261707842350006,-11.570799589157104,-1.2306675016880035,0.9279655933380128,0.9530466059420972,1.1631447089479323,1.3811892077729508,37,-1.0214596837759018,-1.1755979510169072,9,12,1992,-1.5,,,,,,,,,,
Shawn Boskie,CHC,5,11,0,23,18,91.2,3.8290903779337966,3.5345449642465816,1.3745452638736706,0.2733333333333333,0.69587629,,,,5.007272032682657,,5.226954258154294,,-0.8250584602355957,Shawn Boskie,1001213,111250,1.08333333,0.09923664,0.09160305,0.00763359,0.2719546742209632,1.4399998002486072,139.20223933475864,145.02067902323273,,-0.2196822254716366,,5,0,0,,,393,96,55,51,14,36,3,4,5,1,39,-1.767261981964111,-8.230664193630219,6.4634018540382385,-17.504001021385193,-1.994719222187996,1.0372928040368217,0.9363513101230968,1.1191043594609136,1.0760857037135534,21,-2.543168991804123,0.8394437031619226,3,2,1992,-0.83,,,,,,,,,,
Scott Bailes,CAL,3,1,0,32,0,38.2,5.818967622186196,6.517243736848538,1.6293109342121346,0.3741007194244604,0.69053708,,,,7.44827855639833,,6.093664258555915,,-0.8254156112670898,Scott Bailes,1000430,110438,0.89285714,0.125,0.14,-0.015,0.3450292397660818,2.2500008139119956,186.4450742587169,151.13856040917776,,1.3546142978424154,,0,0,0,,,200,59,34,32,7,28,4,1,2,1,25,-0.4248140454292297,-2.4786360263824463,2.0538220405578613,-20.791000366210938,-2.286986827850342,0.6738937497138977,0.8710917830467224,1.0570563077926636,0.998763620853424,22,-3.1794772148132324,2.5490899384665013,5,7,1992,-1.48,,,,,,,,,,
Bob McClure,STL,2,2,0,70,0,54.0,4.000001695421726,4.166668432730964,1.0000004238554314,0.2658959537572254,0.82152975,,,,3.166668008875533,,4.838874660303933,,-0.8897541761398315,Bob McClure,1008400,118584,0.96,0.10434783,0.10869565,-0.00434783,0.2561576354679803,1.4259265303123745,91.37850170280582,138.33949733299298,,-1.6722066514284002,,0,0,0,,,230,52,21,19,6,25,5,2,1,0,24,0.6378099918365479,-2.805255889892578,3.443065881729126,0.1650000959634781,0.0107516795396804,0.8155583143234253,1.198698878288269,1.2996742725372314,1.2129037380218506,54,0.1472128480672836,0.6348403547937101,13,8,1992,0.45,,,,,,,,,,
Mark Davis,- - -,2,3,0,27,6,53.0,5.773584490104208,6.962263649831545,1.5283017767922904,0.3125,0.66381156,,,,7.132074958364022,,6.085204788288149,,-0.9435023833066224,Mark Davis,1003067,113126,0.82926829,0.1302682,0.15708812,-0.02681992,0.2922374429223744,1.981131932878895,183.00489346809903,162.4464020088556,,1.0468701700758736,,0,0,0,,,261,64,44,42,9,41,2,1,5,1,34,-1.1423440612852571,-3.1424339562654495,2.000090003013611,-21.044399738311768,-2.2930567264556885,0.557707796847693,0.4900161133658501,0.5075333350234561,0.8336374778300524,16,-1.9314109683036804,-0.1168732187600074,0,0,1992,-1.15,,,,,,,,,,
Brad Arnsberg,CLE,0,0,0,8,0,10.2,4.21875025145711,9.281250553205645,5.062500301748532,0.2333333333333333,0.68181818,,,,11.812500704079907,,12.814568831399118,,-0.9537317156791688,Brad Arnsberg,1000323,110336,0.45454545,0.09259259,0.2037037,-0.11111111,0.3170731707317073,2.2500001341104587,300.16564260063603,327.1037536372129,,-1.002068127319209,,0,0,0,,,54,13,14,14,6,11,0,2,2,0,5,-0.1093720123171806,-0.8359479904174805,0.7265759706497192,-9.7839994430542,-0.9746224880218506,0.6465209126472473,0.8010461330413818,0.9255499839782716,0.9490286111831664,7,-0.7742774486541748,0.605107341117598,2,2,1992,-0.77,,,,,,,,,,
Cliff Brantley,PHI,2,6,0,28,9,76.1,3.772926109865241,6.838428574130748,0.7074236455997326,0.2569169960474308,0.70626003,,,,4.598253696398261,,5.403405809785296,,-1.0059852451086044,Cliff Brantley,1001357,111396,0.55172414,0.09065156,0.16430595,-0.07365439,0.2439862542955326,1.6899564867104722,131.84052787877607,155.56839135468496,,-0.8051521133870345,,1,0,0,,,353,71,45,39,6,58,4,4,4,1,32,-1.3484899997711182,-6.195839762687683,4.847350060939789,-6.22329980134964,-0.7457140609622002,0.912859150996575,0.761760203611283,0.6739857175520488,0.8406454365361821,22,-0.7814295887947083,-0.695786253648194,2,3,1992,-0.57,,,,,,,,,,
Ken Patterson,CHC,2,3,0,32,1,41.2,4.968002577393915,5.832003025636335,1.5120007844242351,0.2556390977443609,0.74324324,,,,3.88800201709089,,5.879319839691996,,-1.0313501209020617,Ken Patterson,1010067,120293,0.85185185,0.12041885,0.14136126,-0.02094241,0.2515337423312883,1.6320008466801268,108.08651572843576,163.14893921909632,,-1.9913178226011057,,0,0,0,,,191,41,25,18,7,27,6,1,3,1,23,-1.3981780409812927,-3.504637897014618,2.1064599752426147,-10.174000263214111,-1.139110505580902,0.7859242697163383,0.9202260573705038,1.0910687148571014,1.1225428091628211,28,-1.0667745471000671,-0.7122493294445948,4,8,1992,-0.58,,,,,,,,,,
Jim Bullinger,CHC,2,8,7,39,9,85.0,3.8117650480171696,5.717647572025754,0.9529412620042924,0.2274368231046931,0.68994889,,,,4.658823947576541,,5.359789052983078,,-1.0416482388973236,Jim Bullinger,1001646,111684,0.66666667,0.09473684,0.14210526,-0.04736842,0.2236024844720497,1.4823530742288993,129.5153772225971,148.71195856321742,,-0.7009651054065369,,3,1,0,,,380,72,49,44,9,54,6,4,4,0,36,-0.3332200050354004,-7.368355751037598,7.035135984420776,-14.472000122070312,-1.6779534220695496,1.1976491945516552,1.2169134508479724,1.4950409944240863,1.3871391182360442,23,-0.6870955973863602,0.4088672091811289,12,6,1992,-0.91,,,,,,,,,,
Roger Mason,PIT,5,7,8,65,0,88.0,5.7272742168966335,3.3750008778140876,1.1250002926046958,0.2555555555555555,0.7480315,,,,4.090910154926167,,4.396955016821979,,-1.083604335784912,Roger Mason,1008222,118402,1.6969697,0.14973262,0.08823529,0.06149733,0.2373887240356083,1.2840912430740468,118.1080316313566,127.66468445844912,,-0.3060448618958116,,0,0,0,,,374,80,41,40,11,33,8,4,3,0,56,1.0056700706481934,-8.317802429199219,9.323472023010254,1.418000102043152,0.1163666322827339,1.456921935081482,1.4572088718414309,1.559301495552063,2.024646043777466,39,-0.0414143316447734,0.7316847204916191,21,14,1992,-0.32,,,,,,,,,,
Les Lancaster,DET,3,4,0,41,1,86.2,3.634615251298492,5.296153651892088,1.1423076504080971,0.2960526315789473,0.63753582,,,,6.334615152263085,,5.494856595569818,,-1.0838090404868126,Les Lancaster,1007287,117444,0.68627451,0.08663366,0.12623762,-0.03960396,0.2885714285714286,1.7538460895154626,158.22801149053987,136.064245358012,,0.8397585566932673,,0,0,0,,,404,101,66,61,11,51,12,3,2,0,35,-2.22093003988266,-5.998697996139526,3.777768075466156,-28.715999603271484,-2.9411118030548096,0.6430912423824918,0.6562019944190979,0.8767902240520571,0.9056083573959768,24,-1.455221340060234,-1.9983011051446968,4,10,1992,-1.98,,,,,,,,,,
Lee Guetterman,- - -,4,5,2,58,0,66.0,2.7272728060887887,3.6818182882198647,1.3636364030443944,0.3253968253968254,0.64150943,,,,7.09090929583085,,5.419681946042486,,-1.1785061359405518,Lee Guetterman,1005122,115226,0.74074074,0.06451613,0.08709677,-0.02258065,0.3262411347517731,1.803030355136477,194.07358061612348,146.97879124981785,,1.6712273497883643,,0,0,0,,,310,92,52,52,10,27,8,1,4,0,20,-1.4196920320391655,-5.704872250556946,4.2851802110672,-22.402999877929688,-2.3360987305641174,0.952943865209818,1.1034139644267946,1.1990138148439342,1.5209389130274455,36,-1.388555645942688,-0.1012404311080621,14,12,1992,-1.78,,,,,,,,,,
Ryan Bowen,HOU,0,7,0,11,9,33.2,5.881189229453291,8.019803494709032,2.1386142652557423,0.3418803418803419,0.5377907,,,,10.960398109435678,,7.416982474877432,,-1.193119274452329,Ryan Bowen,1001248,111285,0.73333333,0.12290503,0.16759777,-0.04469274,0.3265306122448979,2.316832120693721,325.4390211206055,221.61500612472892,,3.5434156345582464,,0,0,0,,,179,48,43,41,8,30,3,2,5,0,22,-2.878435941413045,-5.1116261192946695,2.233189939521253,-28.34600067138672,-3.3238348215818405,0.9548434158499094,0.7397356544797485,0.7295818369496953,0.5029600068926812,10,-2.460735499858856,-0.5538278239620857,0,0,1992,-2.28,,,,,,,,,,
Al Osuna,HOU,6,3,0,66,0,61.2,5.400000890783509,5.545946860804684,1.1675677601694072,0.2365591397849462,0.77694236,,,,4.232433130614101,,5.16710241050253,,-1.380741834640503,Al Osuna,1009888,120106,0.97368421,0.13703704,0.14074074,-0.0037037,0.2251082251082251,1.459459700211759,125.67051682180106,154.3153111159327,,-0.9346692798884284,,0,0,0,,,270,52,29,29,8,38,5,1,3,1,37,-0.5348880887031555,-3.789885997772217,3.254997968673706,-2.369999885559082,-0.2449445575475692,0.8404050469398499,1.0657318830490112,1.0884636640548706,1.53900408744812,49,-0.5415982604026794,-0.0948663713255959,11,10,1992,-0.21,,,,,,,,,,
