Name,PlayerId,MLBAMID,Team,fWAR,fWAR,bWAR,ERA,xERA,FIP,xFIP,vFA,vFA,K%,BB%,K-BB%,IP,G,GS,Barrel%,HardHit%,EV,GB%,HR/9,BABIP,LOB%,HR/FB,SV,AVG,WHIP,ERA-,FIP-,SIERA,Chase%,Whiff%,WPA,Clutch,SO,BB,HBP,HR,QS,CG,ShO
Mike Scott,1011691,121941,HOU,8.56335163116455,,8.37,2.2227604548020965,,2.157209806715552,,,,0.28732394,0.06760563,0.21971831,275.1,37,37,,,,,0.5556901137005241,0.2470059880239521,0.7881137,,0,0.1836528758829465,0.9225182279734192,62.57649211477123,60.729538139949824,,,,5.480810165405273,-0.8217869177184172,306,72,2,17,32,7,5
Roger Clemens,815,112388,BOS,7.1316728591918945,,8.84,2.480314811627557,,2.8103813812303873,,,,0.23871615,0.0672016,0.17151454,254.0,33,33,,,,,0.7440944434882671,0.2368815592203898,0.78422484,,0,0.193304535637149,0.9685038788259984,57.35852568724636,68.75164278526738,,,,5.739694118499756,0.3380636473398013,238,67,4,21,23,10,1
Mike Witt,1014174,124491,CAL,6.744836330413818,,6.07,2.8438661710037176,,3.1353235725133395,,,,0.19421102,0.0681606,0.12605042,269.0,34,34,,,,,0.7360594795539034,0.2562091503267973,0.75607903,,0,0.2190954773869346,1.0817843866171004,69.07668315216843,74.55771749904825,,,,3.5042221546173096,-0.666524483890901,208,73,3,22,24,14,3
Fernando Valenzuela,1013327,123619,LAD,6.166613578796387,,5.45,3.141088990274222,,2.8007142740305166,,,,0.21960073,0.07713249,0.14246824,269.1,34,34,,,,,0.6014851257971915,0.2751322751322751,0.72524407,,0,0.2224409448818897,1.1547029266847315,87.17642579594586,76.93527948259343,,,,2.058581829071045,0.2967565400164886,242,85,1,18,23,20,3
Kirk McCaskill,1008382,118564,CAL,5.573409605771303,,4.22,3.3612993303889445,,3.3149896989037995,,,,0.1994077,0.09081935,0.10858835,246.1,34,33,,,,,0.6941813834498907,0.2705035971223021,0.73900505,,0,0.2259825327510917,1.2138025359737854,81.64498427959586,78.80106652236142,,,,2.374583974480629,-0.2995961857607891,202,92,5,19,23,10,2
Bob Welch,1013750,124064,LAD,5.449011325836182,,4.03,3.2843000003237366,,2.779497868163677,,,,0.18654434,0.05606524,0.1304791,235.2,33,33,,,,,0.5346534884247943,0.2950138504155125,0.72011878,,0,0.2470076169749728,1.1966054264745398,91.15104225202217,76.34724775593298,,,,0.4087040722370147,-0.7937959191968398,183,55,7,14,22,7,3
Teddy Higuera,1005799,115921,MIL,5.118888854980469,,9.39,2.790604084001663,,3.3951723914646657,,,,0.20077595,0.07177498,0.12900097,248.1,34,34,,,,,0.942281898494068,0.2773925104022191,0.82145536,,0,0.2368972746331236,1.208053716018036,66.1562704475108,82.67120301492909,,,,4.111876010894775,0.9389733003066848,207,74,3,26,26,15,4
Mark Eichhorn,1003712,113780,TOR,4.9446120262146,,7.25,1.7197452229299364,,2.3124125787406973,,,,0.27124183,0.07352941,0.19771242,157.0,69,0,,,,,0.4585987261146497,0.2512953367875647,0.85733882,,10,0.1875,0.9554140127388536,40.86098416966751,56.21192761510612,,,,5.264051914215088,-0.8345466450859016,166,45,7,8,0,0,0
Dwight Gooden,1004852,114947,NYM,4.843436241149902,,4.45,2.844,,3.0630113048553467,,,,0.19607843,0.07843137,0.11764706,250.0,33,33,,,,,0.612,0.2503477051460361,0.7348367,,0,0.2104700854700854,1.108,79.89398133555989,84.07249482543614,,,,3.063607931137085,0.4305290195400686,200,80,4,17,22,12,2
Rick Rhoden,1010887,121124,PIT,4.581048965454102,,6.63,2.838370508133907,,3.3110901376530486,,,,0.15665025,0.07487685,0.0817734,253.2,34,34,,,,,0.6031537329784552,0.254927726675427,0.78054299,,0,0.2251867662753468,1.1314060219922657,76.11141601096976,87.34284707824028,,,,3.277682065963745,-0.4022951914783732,159,76,2,17,24,12,1
Tom Candiotti,1001911,111954,CLE,4.263831898570061,,4.85,3.566710987707744,,3.7300602593278738,,,,0.15491651,0.09833024,0.05658627,252.1,36,34,,,,,0.6420079777873939,0.2772785622593068,0.73110285,,0,0.2427385892116182,1.3474241509118146,84.15219271742949,89.51857347570896,,,,2.324151873588562,0.3757462480476432,167,106,8,18,17,17,3
Mike Krukow,1007185,117340,SFG,4.207599639892578,,3.4,3.0489797817295483,,3.3138684815220536,,,,0.18034448,0.05572442,0.12462006,245.0,34,34,,,,,0.8816327079699899,0.2479338842975206,0.75414124,,0,0.2198275862068965,1.0571429229825342,85.40123223987283,88.97960054015076,,,,2.7994399070739746,1.4658371940868091,178,55,4,24,25,10,2
Bruce Hurst,1006222,116350,BOS,4.1898980140686035,,4.61,2.9942639496918586,,3.109443437100212,,,,0.23162275,0.06934813,0.16227462,174.1,25,25,,,,,0.9292543292147148,0.3126293995859213,0.80792683,,0,0.2529940119760479,1.2562141857902624,69.24385762148391,76.01219449360471,,,,1.1432480812072754,-0.0980640449925249,167,50,3,18,16,11,4
Bob Ojeda,1009756,119964,NYM,4.178789936006069,,4.73,2.5674847001310463,,3.0516861555865185,,,,0.16991963,0.05970149,0.11021814,217.1,32,30,,,,,0.6211656532575112,0.2599388379204893,0.76605505,,0,0.226438188494492,1.0904908134965197,72.12608112222411,83.75910237064437,,,,3.234346091747284,1.215925834431868,148,52,2,15,21,7,2
Mark Langston,1007323,117480,SEA,4.096473502111621,,2.1,4.850975069697303,,3.945106046099914,,,,0.23178808,0.11636708,0.115421,239.1,37,36,,,,,1.1281337371389075,0.3114503816793893,0.68652038,,0,0.2516129032258064,1.4916434968836667,112.86488998695371,90.108210009326,,,,0.4253299999982118,0.7700670881123821,245,123,4,30,19,9,0
Jack Morris,1009211,119399,DET,3.971837997436523,,5.13,3.269662921348315,,3.969513177514523,,,,0.20421245,0.07509158,0.12912088,267.0,35,35,,,,,1.348314606741573,0.253012048192771,0.80784314,,0,0.2267326732673267,1.1647940074906369,80.42271452359914,94.44847338144422,,,,2.980598211288452,1.4819974514884828,223,82,0,40,20,15,6
Sid Fernandez,1004001,114074,NYM,3.970026768743992,,2.62,3.523654510712567,,3.005921605569518,,,,0.23391813,0.10643275,0.12748538,204.1,32,31,,,,,0.5725938579907921,0.2695810564663023,0.72943172,,1,0.2112860892388451,1.2332790787493986,98.9869155104892,82.49269392587935,,,,0.269762126263231,-0.8433839560734074,200,91,2,13,19,2,1
Doyle Alexander,1000122,110124,- - -,3.9078562259674072,,3.1500000000000004,4.138686085290995,,3.629405455878664,,,,0.14389234,0.03830228,0.10559006,228.1,34,34,,,,,1.0642335647891128,0.300395256916996,0.70487994,,0,0.2756756756756757,1.278832102544942,101.0382094844788,89.85432629406222,,,,-0.5329200029373169,-0.3001751061038579,139,37,4,27,18,5,0
Dennis Eckersley,1003660,113726,CHC,3.7342133224010463,,1.92,4.567164179104478,,3.452603344656342,,,,0.15893271,0.04988399,0.10904872,201.0,33,32,,,,,0.9402985074626866,0.3115501519756838,0.67188788,,0,0.2769607843137255,1.3383084577114428,114.19556358067646,86.61729344188743,,,,-2.0319819897413254,-1.063280310361613,137,43,3,21,16,1,0
Mike Moore,1009122,119313,SEA,3.726669736206531,,4.62,4.296992481203008,,4.237176718389182,,,,0.12751092,0.08209607,0.04541485,266.0,38,37,,,,,0.9473684210526316,0.2901734104046243,0.70561018,,1,0.2685274302213667,1.4022556390977443,99.97569080395355,96.74309574437264,,,,-0.5628620982170105,-0.9514717616662828,146,94,12,28,20,11,1
Charlie Leibrandt,1007492,117643,KCR,3.7072726041078568,,3.28,4.085014229589711,,3.7176971421888343,,,,0.11076923,0.06461538,0.04615385,231.1,35,34,,,,,0.7002881536439504,0.2813299232736573,0.68977841,,0,0.2621145374449339,1.301152680535982,96.93922407726345,91.02966409478752,,,,-0.3896717615425586,-0.8275610776186837,108,63,4,18,16,8,1
Orel Hershiser,1005741,115861,LAD,3.5692496299743652,,2.24,3.8515850990929743,,3.358907571383567,,,,0.1548583,0.08704453,0.06781377,231.1,35,35,,,,,0.5057636998808956,0.2735978112175102,0.67179846,,0,0.2374581939799331,1.2925072330289558,106.895227619303,92.4061076008386,,,,-0.5914021134376526,-1.1511284565821978,153,86,5,13,19,8,1
Tom Henke,1005649,115765,TOR,3.538780689239502,,1.43,3.350365150082172,,2.1250258674212024,,,,0.31891892,0.08648649,0.23243243,91.1,63,0,,,,,0.5912409088380304,0.2676056338028169,0.65068493,,27,0.1869436201780415,1.0401460433261644,79.60435972421406,51.698743710782495,,,,3.491406202316284,-0.0972764393374556,118,32,1,6,0,0,0
Bob Knepper,1007031,117184,HOU,3.5060999523848295,,3.57,3.139535069401176,,3.3872904110711333,,,,0.13580247,0.05887939,0.07692308,258.0,40,38,,,,,0.6627907368735816,0.2581818181818182,0.72955048,,0,0.2350557244174265,1.1395349511159825,88.38608366006866,95.7623656025212,,,,0.8410961329936981,-0.4303456798694787,143,62,4,19,23,8,5
Bret Saberhagen,1011355,121604,KCR,3.4552193731069565,,1.98,4.153846052271377,,3.1812677050796805,,,,0.17177914,0.04447853,0.12730061,156.0,30,25,,,,,0.8653845942232036,0.3036437246963562,0.68,,0,0.2657004830917874,1.243589713180011,98.57263417269282,77.97043934369879,,,,-0.2862538695335388,-0.1247451056400977,112,29,2,15,10,4,2
Ron Darling,1002989,113054,NYM,3.4516332149505615,,4.63,2.810126582278481,,3.4334585622393132,,,,0.19027921,0.08376422,0.106515,237.0,34,34,,,,,0.7974683544303798,0.2684365781710914,0.78804348,,0,0.2298980747451868,1.19831223628692,78.94240531473898,94.3236069835766,,,,3.5922162532806396,1.929634414280128,184,81,3,21,26,4,2
Jimmy Key,1006885,117032,TOR,3.4357478050515056,,4.79,3.568965679078894,,3.896011355869346,,,,0.14702815,0.07716371,0.06986444,232.0,36,35,,,,,0.9310345249771028,0.2761506276150627,0.7573474,,0,0.2517006802721088,1.2758621268204742,84.79828765942189,94.3526925685922,,,,3.00396209070459,0.6101624069872531,141,74,3,24,22,4,2
Floyd Youmans,1014361,124684,MON,3.421624042093754,,3.69,3.534246821590533,,3.428545597244283,,,,0.22320442,0.13038674,0.09281768,219.0,33,32,,,,,0.5753425058403193,0.2310405643738977,0.70331447,,0,0.1851851851851851,1.2009133256825713,96.12670414489824,91.7146395048815,,,,0.916529893875122,-0.6886196700063663,202,118,4,14,19,6,2
Ed Correa,1002637,112697,TEX,3.379196882247925,,2.76,4.2256996336156565,,3.779248410419784,,,,0.21331828,0.14221219,0.0711061,202.1,32,32,,,,,0.6672157316235247,0.2748643761301989,0.70545455,,0,0.2206076618229854,1.4481052545606867,99.11447343575188,90.5912325941418,,,,0.3847880065441131,-0.134539275843561,189,126,3,15,16,4,2
Zane Smith,1012218,122473,ATL,3.3469628542661667,,2.13,4.045602618430578,,3.5332262909364696,,,,0.15635546,0.11811024,0.03824522,204.2,38,32,,,,,0.3517915320374415,0.3180379746835443,0.68226121,,1,0.2682926829268293,1.5342019591632867,101.67262989969184,90.34260624461568,,,,-1.1248620823025703,0.3637402040117286,139,105,5,8,18,3,1
Danny Darwin,1002996,113060,- - -,3.234539470402524,,3.74,3.1678697198109615,,3.361263953503885,,,,0.15810277,0.05797101,0.10013175,184.2,39,22,,,,,0.7797833156457751,0.2673611111111111,0.69886948,,0,0.2387640449438202,1.1588446496402491,78.13345134149057,84.6570946418456,,,,0.3186184018850326,-0.6936007330261491,120,44,3,16,12,6,1
Nolan Ryan Jr.,1011348,121597,HOU,3.1988306045532227,,2.34,3.337078651685393,,3.063146136316021,,,,0.26611797,0.11248285,0.15363512,178.0,30,30,,,,,0.7078651685393258,0.2413793103448276,0.71736785,,0,0.1850699844479004,1.1292134831460674,93.9474496599117,86.5307019129492,,,,0.6621379852294922,-0.9549827117171104,194,82,4,14,15,1,0
Bill Gullickson,1005136,115242,CIN,3.196213960647583,,4.32,3.384196114933604,,3.817332808989408,,,,0.11932939,0.0591716,0.06015779,244.2,37,37,,,,,0.8828337691131141,0.2738537794299876,0.74615947,,0,0.2573529411764705,1.2465939795347212,87.0820206014449,98.46563634313031,,,,1.6978940963745115,1.0008486835483847,121,60,2,24,21,6,2
Tom Browning,1001566,111611,CIN,3.1508870124816895,,2.08,3.80958912072564,,3.827175710493415,,,,0.14468504,0.06889764,0.0757874,243.1,39,39,,,,,0.9616438557171516,0.2577720207253886,0.66640986,,0,0.238095238095238,1.2123287924639303,98.0282191183176,98.72119194623946,,,,0.0771900117397308,-0.5683532470991699,147,70,1,26,19,4,2
Danny Cox,1002695,112752,STL,3.142836093902588,,2.51,2.9045454545454548,,3.4619203957644378,,,,0.12258797,0.06810443,0.05448354,220.0,32,32,,,,,0.5727272727272728,0.2510760401721664,0.71737252,,0,0.2307692307692307,1.1318181818181818,78.68280933272965,94.95616214737848,,,,0.6115480661392212,-0.8028601577396045,108,60,2,14,21,8,0
Rick Honeycutt,1005992,116118,LAD,3.130141369998455,,2.67,3.3157896216226153,,3.1277364669699494,,,,0.14025245,0.0631136,0.07713885,171.0,32,28,,,,,0.4736842316603736,0.2787769784172662,0.70712136,,0,0.2466165413533834,1.2222222767533095,92.0249915871107,85.99899300586353,,,,1.3346599063370377,-0.0838004604240179,100,45,3,9,16,0,0
Jim Clancy,1002255,112306,TOR,3.0879361629486084,,3.58,3.939209817792662,,3.960980937313547,,,,0.13800657,0.06900329,0.06900329,219.1,34,34,,,,,0.9848024544481656,0.2557471264367816,0.71792693,,0,0.2387706855791962,1.208206714947981,93.59525344783148,95.91747625671974,,,,0.2846520245075226,-1.4035950774766883,126,63,4,24,18,6,3
David Palmer,1009970,120193,ATL,3.026649236679077,,3.37,3.6486488256723777,,3.734445373856419,,,,0.1912261,0.11473566,0.07649044,209.2,35,35,,,,,0.7297297651344755,0.2756302521008403,0.71915216,,0,0.2314578005115089,1.349761591719324,91.69652995489788,95.52412300199296,,,,0.3804160058498382,0.4197899606202016,170,102,5,17,23,2,0
Ron Guidry,1005124,115228,NYY,3.0261423587799072,,2.48,3.9774697758949262,,3.816071991070877,,,,0.17305315,0.04697157,0.12608158,192.1,30,30,,,,,1.310225337941858,0.2890365448504983,0.728444,,0,0.2623376623376623,1.2478336551827218,97.89811822670433,92.4684452453964,,,,1.0379059314727783,0.947683015158141,140,38,1,28,16,5,0
John Candelaria,1001909,111952,CAL,2.9892241954803467,,2.31,2.5527275560111367,,2.5201021861021156,,,,0.22191781,0.07123288,0.15068493,91.2,16,16,,,,,0.3927273163094056,0.2549800796812749,0.73304158,,0,0.2023809523809523,1.025454659252337,62.00501076960138,60.02743779860015,,,,1.5545400381088257,-0.3578002732623857,81,26,3,4,6,1,1
Mark Gubicza,1005115,115217,KCR,2.9620940685272217,,3.43,3.643252798032514,,3.519624893492165,,,,0.15424837,0.10980392,0.04444445,180.1,35,24,,,,,0.3992605806063028,0.2672727272727273,0.71735395,,0,0.2292899408284023,1.3253233161792553,86.45602671353798,86.2076505479116,,,,0.7193982619792223,-0.061778653664945,118,84,5,8,13,3,2
Dave Righetti,1010958,121201,NYY,2.9571850299835205,,3.78,2.4468755833805997,,2.7428862981498225,,,,0.1908046,0.08045977,0.11034483,106.2,74,0,,,,,0.3375000804662896,0.270096463022508,0.78726968,,46,0.2211055276381909,1.1531252749264895,60.22535145321949,66.60942265872481,,,,2.7441041469573975,-0.5400487218720811,83,35,2,4,0,0,0
Mike Boddicker,1001111,111139,BAL,2.9142236709594727,,1.13,4.699236750694141,,4.122156374499374,,,,0.18736617,0.07922912,0.10813705,218.1,33,33,,,,,1.236641250182669,0.2857142857142857,0.6770428,,0,0.2520612485276796,1.3190840001948465,114.65580269235946,97.67953908016918,,,,-1.000627875328064,-0.5058697772114205,175,74,11,30,17,7,0
Joe Johnson,1006473,116602,- - -,2.888219617307186,,1.1099999999999999,4.422857769526356,,3.6452971430175336,,,,0.11609499,0.07519789,0.0408971,175.0,33,30,,,,,0.5657143658696502,0.3082077051926298,0.66225166,,0,0.2801724137931034,1.440000204031837,108.47290873197292,91.14701152676494,,,,-0.1288559436798095,-0.4474084015695962,88,57,5,11,13,2,0
Frank Viola,1013435,123732,MIN,2.8804402351379395,,2.47,4.506106021052161,,4.224199967471084,,,,0.18138651,0.07882241,0.1025641,245.2,37,37,,,,,1.355495307145772,0.2976995940460081,0.71085165,,0,0.265770423991727,1.3839892024911786,104.19489050821647,101.0353471049328,,,,0.8738800287246704,-0.0516073541424707,191,83,3,37,18,7,1
Danny Jackson,1006295,116424,KCR,2.869093954563141,,3.26,3.199281730203195,,3.783578586468479,,,,0.14575412,0.10012674,0.04562738,185.2,32,27,,,,,0.6301615529188112,0.2837370242214533,0.73200993,,1,0.2507082152974504,1.378815021771074,75.92039368773801,92.63352944641836,,,,0.6429639160633087,0.428642708622328,115,79,4,13,19,4,1
Bert Blyleven,1001098,111126,MIN,2.8636486530303955,,4.23,4.008589107156357,,4.331747559615948,,,,0.19094139,0.05150977,0.13943162,271.2,36,36,,,,,1.6564417798166766,0.2673392181588903,0.75384615,,0,0.2476370510396975,1.1779141545363034,92.69078471772406,103.59466904651046,,,,0.9205099940299988,0.2500829370198528,215,58,10,50,21,16,3
Curt Young,1014368,124689,OAK,2.8470965549349785,,2.08,3.4545457540465057,,3.816465940948369,,,,0.14043584,0.06900726,0.07142857,198.0,29,27,,,,,0.8636364385116264,0.2503987240829346,0.71227741,,0,0.2309711286089238,1.1767677787906956,88.24323775795632,94.36024344632362,,,,1.286284253001213,-0.6372648431260246,116,57,7,19,17,5,2
Rick Reuschel,1010852,121089,PIT,2.7944117058068514,,1.13,3.964451326538625,,3.72155226618917,,,,0.1344086,0.06129032,0.07311828,215.2,35,34,,,,,0.8346213319028682,0.2944444444444444,0.71003717,,0,0.2682080924855491,1.3400309162218274,106.3074758227395,98.25228870922956,,,,-1.6193138789385555,-0.0469300852086498,125,57,8,20,21,4,2
Jay Tibbs,1013055,123332,MON,2.7777509912848473,,1.32,3.9719789908721097,,3.5118169102957797,,,,0.1468005,0.08782936,0.05897114,190.1,35,31,,,,,0.567425570124587,0.2840336134453781,0.66610455,,0,0.25,1.3187390564932533,108.03242348350912,93.95844236422936,,,,-0.2601479291915893,0.0396786096744911,117,70,3,12,17,3,2
Scott Sanderson,1011422,121678,CHC,2.7457244843244553,,2.63,4.190569383426,,3.6079463997167984,,,,0.17790531,0.05308465,0.12482066,169.2,37,28,,,,,1.1139488234423545,0.2807017543859649,0.68155785,,1,0.2507598784194529,1.1905696419860083,104.77933651995237,90.54273225454192,,,,-0.280824065208435,-0.9595964098694408,124,37,2,21,12,1,1
Bruce Ruffin,1011294,121545,PHI,2.653736114501953,,3.72,2.4601370162980576,,3.2698724220491195,,,,0.11666667,0.07333333,0.04333333,146.1,21,21,,,,,0.3690205524447086,0.2755741127348643,0.74455899,,0,0.2486486486486486,1.2437359360173512,64.07085517050669,87.03845950897339,,,,2.212251901626587,0.8629631689195021,70,44,1,6,16,6,0
John Denny,1003210,113272,CIN,2.6414947509765625,,1.24,4.202334755102217,,3.6173148319245434,,,,0.15731874,0.07660739,0.08071135,171.1,27,27,,,,,0.7879377665816657,0.3031423290203327,0.68807339,,0,0.2667660208643815,1.3715953714569735,108.13433657202778,93.27248118043047,,,,-0.0895520225167274,0.0458475328907393,115,56,4,15,17,2,1
Tom Seaver,1011708,121961,- - -,2.616744488477707,,2.52,4.032135873249486,,3.927911049078828,,,,0.13570487,0.07378129,0.06192358,176.1,28,28,,,,,0.8676748081676111,0.2829861111111111,0.72992701,,0,0.2586206896551724,1.338374213905596,93.37113161475769,95.02775016847303,,,,0.4019881188869476,0.053078964979865,103,56,7,17,15,2,0
Mike Flanagan,1004133,114216,BAL,2.60312875919044,,1.23,4.238372469025764,,3.957057921702062,,,,0.12851406,0.08835341,0.04016064,172.0,29,28,,,,,0.7848837905603268,0.2882249560632688,0.67111111,,0,0.263235294117647,1.4244187310168892,103.41126087626137,93.78762657931745,,,,-0.4754398316144943,-0.109366007895967,96,66,1,15,14,2,0
Storm Davis,1003080,113105,BAL,2.56601881980896,,2.83,3.623376982391851,,3.8294529681705294,,,,0.14611872,0.07458143,0.07153729,154.0,25,25,,,,,0.935065027714026,0.3024193548387097,0.75285566,,0,0.2730263157894737,1.3961040344341362,88.40610048254977,90.7795589360084,,,,-0.1831439435482025,-0.4536507088131242,96,49,0,16,16,2,0
Dennis Leonard,1007531,117687,KCR,2.5568527318537235,,1.34,4.437716101891022,,3.92845070920821,,,,0.13885505,0.06211937,0.07673569,192.2,33,30,,,,,1.0276816235958155,0.2936507936507936,0.67474048,,0,0.2702349869451697,1.3391002974127295,105.30899806331908,96.16040079266864,,,,-1.3697480335831642,0.25221182321492,114,51,4,22,14,5,2
Mike Morgan,67,119374,SEA,2.5428091660141945,,2.55,4.534668867705915,,4.388885008929832,,,,0.12197687,0.09043113,0.03154574,216.1,37,33,,,,,0.9984592002288254,0.3037447988904299,0.70808283,,1,0.2822299651567944,1.5208012818300165,105.50557269980536,100.18940949065518,,,,-0.1936777085065841,0.8253697095432564,116,86,4,24,11,9,1
Floyd Bannister,1000516,110540,CHW,2.509812716394663,,1.84,3.538306522196205,,3.9020597145146465,,,,0.13372093,0.06976744,0.06395349,165.1,28,27,,,,,0.9254032442666996,0.2741020793950851,0.69606801,,0,0.2539184952978056,1.270161315660176,82.0746136312081,93.5749390140982,,,,-0.2877600826323032,0.0803876870954378,92,48,2,17,14,6,1
Tim Leary,1007438,117592,MIL,2.5061165243387222,,3.38,4.205309848084842,,3.9391529293233583,,,,0.13463892,0.06487148,0.06976744,188.1,33,30,,,,,0.9557522382011006,0.3125996810207336,0.72177419,,0,0.285336856010568,1.428318622644978,99.69440567382024,95.83358585983598,,,,-0.0604580445215106,0.968785317983722,110,53,7,20,13,3,2
Dan Plesac,1319,120624,MIL,2.503077745437622,,3.17,2.9670339620515467,,2.792989334203877,,,,0.19893899,0.07692308,0.12201592,91.0,51,0,,,,,0.4945056603419244,0.2835820895522388,0.73786408,,14,0.2327586206896551,1.2087916141691486,70.33885686104179,68.10052742866036,,,,3.603148460388184,0.7075959065100119,75,29,0,5,0,0,0
Juan Nieves,1009594,119797,MIL,2.4797106832265854,,0.22,4.922382891792606,,3.978592586340221,,,,0.13908873,0.09232614,0.04676259,184.2,35,33,,,,,0.8285198926779633,0.3322632423756019,0.63982746,,0,0.2962962962962963,1.6299639718697188,116.69390713736152,96.78788445840574,,,,-1.5049860030412674,0.6586921408773485,116,77,1,17,17,4,3
Oil Can Boyd,1001279,111312,BOS,2.429560422897339,,3.47,3.779160276307014,,4.166034666109417,,,,0.14445689,0.05039194,0.09406495,214.1,30,30,,,,,1.3437014315758269,0.2773722627737226,0.75825156,,0,0.2624113475177305,1.2457232021900897,87.3949793665654,101.6638447187882,,,,0.5838439464569092,-0.1838839974231124,129,45,2,32,19,10,0
Frank Tanana,1012818,123084,DET,2.3277493938803673,,1.33,4.157521936174052,,4.178090887340819,,,,0.14655172,0.08004926,0.06650246,188.1,32,31,,,,,1.0991149946207264,0.287375415282392,0.72907679,,0,0.2634408602150537,1.3858406453913508,102.26106110676596,99.38452711518114,,,,0.5484081357717514,1.2471440968127414,119,65,3,23,17,3,1
Bob Tewksbury,1012941,123213,NYY,2.242415236542002,,2.28,3.3145783284939356,,3.645691697096802,,,,0.08781362,0.05555556,0.03225807,130.1,23,20,,,,,0.5524297214156559,0.2924731182795699,0.72274882,,0,0.2758620689655172,1.3427111284408304,81.58226192971165,88.3630346913224,,,,1.221230149269104,0.7341789942717012,49,31,5,8,13,2,0
Don Sutton,1012745,123006,CAL,2.22053861618042,,2.37,3.739130434782609,,4.350721449782883,,,,0.13599062,0.05744431,0.07854631,207.0,34,34,,,,,1.3478260869565215,0.246177370030581,0.75274177,,0,0.2397003745318352,1.1642512077294689,90.82239204559616,103.26294702150356,,,,0.9854800701141356,-0.2658724708737945,116,49,3,31,19,3,1
Bob Forsch,1004233,114316,STL,2.182924270629883,,2.44,3.247826086956522,,3.853620000507521,,,,0.11075612,0.07241747,0.03833866,230.0,33,33,,,,,0.7434782608695653,0.257372654155496,0.74685535,,0,0.2428078250863061,1.2130434782608697,87.98212482643251,105.77770492142942,,,,1.532522201538086,0.0785258601859737,104,68,2,19,24,3,0
Mike Mason,1008221,118401,TEX,2.157827317714691,,1.51,4.333334098627673,,3.8154559337553504,,,,0.14505119,0.09556314,0.04948806,135.0,27,22,,,,,0.7333334628446831,0.2857142857142857,0.6833713,,0,0.2547169811320754,1.4148150646801465,101.6390573504105,91.45424309267293,,,,-0.7536760903894901,-1.4245858798548112,85,56,0,11,12,2,1
Bryn Smith,1012104,122358,MON,2.1453654766082764,,0.57,3.9395015654376393,,3.795922281229367,,,,0.13011152,0.07806691,0.05204461,187.1,30,30,,,,,0.7206405302629828,0.2702265372168285,0.65217391,,0,0.2466124661246612,1.307829110477265,107.14908170696556,101.61385717992506,,,,-1.9207558631896973,-1.707741099512568,105,63,6,15,18,1,0
John Tudor,1013215,123499,STL,2.115807294845581,,2.74,2.9178082191780823,,3.839504455540278,,,,0.12172924,0.06029579,0.06143345,219.0,30,30,,,,,0.9041095890410958,0.2514367816091954,0.77202543,,0,0.2387878787878788,1.1415525114155252,79.04209156712567,105.38773267792348,,,,2.549678087234497,0.9818355341322283,107,53,1,22,21,3,0
Rick Mahler,1007988,118162,ATL,2.1094136238098145,,1.0,4.88499319646306,,4.222624270212587,,,,0.12973485,0.08996212,0.03977273,237.2,39,39,,,,,0.9467041078416782,0.3241206030150754,0.69942197,,0,0.2954070981210856,1.5904629011740194,122.767891998047,108.09503374942813,,,,-2.7080860137939453,-0.7754448715476592,137,95,3,25,17,7,1
Richard Dotson,1003424,113489,CHW,2.08019495010376,,-0.47,5.482233502538071,,4.319234655109154,,,,0.12775842,0.08013937,0.04761905,197.0,34,34,,,,,1.0964467005076142,0.3079268292682927,0.65299924,,0,0.2860759493670886,1.49746192893401,127.16597438188998,103.52435766775348,,,,-1.7148977518081665,-0.2546172806029216,110,69,2,24,14,3,1
Kent Tekulve,1012905,123175,PHI,2.011874198913574,,2.73,2.5363638122810928,,2.652829478476658,,,,0.12780269,0.05605381,0.07174888,110.0,73,0,,,,,0.1636363749858769,0.2679558011049723,0.73432343,,4,0.2351543942992874,1.1272728054582637,66.05607630786025,70.48799134993273,,,,1.7523460388183594,-0.7130411045673242,57,25,0,2,0,0,0
Gene Garber,1004493,114577,ATL,1.972556710243225,,3.01,2.538462035049445,,2.642806151570021,,,,0.17554859,0.06269592,0.11285267,78.0,61,0,,,,,0.3461539138703789,0.3054393305439331,0.79741379,,24,0.2550335570469799,1.230769471539125,63.795714840654114,67.41373286798394,,,,2.093981981277466,0.692240132988494,56,20,1,3,0,0,0
Steve Trout,1013197,123480,CHC,1.9640961289405825,,1.41,4.7515526824488505,,3.870390160794493,,,,0.09704641,0.10970464,-0.01265823,161.0,37,25,,,,,0.3354037187610953,0.3195691202872531,0.68735271,,0,0.2911392405063291,1.6273291539890182,118.80594066182988,97.17455062242752,,,,-0.5660879611968994,0.1426829089578766,69,78,1,6,9,0,0
Ken Dixon,1003331,113397,BAL,1.9445224264636636,,1.41,4.5815487553315135,,4.456349088639647,,,,0.19450801,0.09496568,0.09954233,202.1,35,33,,,,,1.4678748439411646,0.2742759795570698,0.72044866,,0,0.2455696202531645,1.3690280531033756,111.7843552017508,105.5575584063278,,,,0.6112480312585831,1.129095979160752,170,83,1,33,17,2,0
Mike Smithson,1012181,122475,MIN,1.9189945608377457,,0.23,4.7727272727272725,,4.402324436168478,,,,0.12954545,0.06477273,0.06477273,198.0,34,33,,,,,1.181818181818182,0.3109118086696562,0.67758749,,0,0.2892459826946848,1.4696969696969695,110.35998560266464,105.27419478136468,,,,-1.2505421042442322,0.0746699566461317,114,57,14,26,13,8,1
Don Aase,1000003,110003,BAL,1.9034345149993896,,2.27,2.975510852691525,,3.113868522449432,,,,0.19881306,0.08308605,0.115727,81.2,66,0,,,,,0.6612246339314499,0.2754237288135593,0.77262693,,34,0.2297734627831715,1.2122451622076582,72.59893538770523,73.91088450248057,,,,0.0829200521111488,-0.6945358337373974,67,28,0,6,0,0,0
Michael LaCoss,1007240,117395,SFG,1.8793277349323032,,-0.16,3.567700192096474,,3.935774879229779,,,,0.10213777,0.08313539,0.01900238,204.1,37,31,,,,,0.6166395393746993,0.2477477477477477,0.66270178,,0,0.2336814621409921,1.2185971849547628,99.93047329905067,105.80442503790478,,,,-1.4412959218025208,-1.7107568512250009,86,70,6,14,17,4,1
Andy McGaffigan,1008497,118680,MON,1.8641905784606936,,3.47,2.6495327575101184,,3.331758978402462,,,,0.17838765,0.09433962,0.08404803,142.2,48,14,,,,,0.567757019466454,0.2542372881355932,0.77020202,,2,0.2167300380228136,1.1845794603682804,72.06368552063147,89.10665742623232,,,,1.5401979982852936,-0.4408101387869367,104,55,2,9,6,1,1
Lee Smith,1012175,122426,CHC,1.8386130332946775,,3.16,3.0885607986573844,,3.1141847269283893,,,,0.25,0.11290323,0.13709678,90.1,66,0,,,,,0.6974169545355384,0.2695652173913043,0.78063241,,31,0.209090909090909,1.2287822532292818,77.22515049262387,78.06562966498298,,,,1.570281982421875,-0.4685800652961308,93,42,0,7,0,0,0
Dennis Rasmussen,1010703,120936,NYY,1.834425926208496,,3.18,3.8762373309569913,,4.404674547787412,,,,0.15995116,0.09035409,0.06959707,202.0,31,31,,,,,1.2475246582390316,0.2260273972602739,0.73678862,,0,0.215343203230148,1.1584157540791007,95.40646739808616,106.65116023042113,,,,2.6376678943634033,0.4253071231612648,131,74,2,28,18,3,1
Scott Bankhead,1000510,110531,KCR,1.8330080062150955,,0.76,4.611570611399706,,3.713160139442384,,,,0.18181818,0.07156673,0.11025145,121.0,24,17,,,,,1.0413223961225144,0.2899728997289973,0.6718529,,0,0.2536687631027253,1.305785226883788,109.4346437298699,90.91921203070706,,,,0.0532637238502502,0.3056450659195181,94,37,3,14,6,0,0
Neil Allen,1000154,110156,CHW,1.7879453301429749,,1.9,3.823008655969637,,3.744462582995764,,,,0.1223176,0.08154506,0.04077253,113.0,22,17,,,,,0.6371681093282728,0.2576177285318559,0.70107858,,0,0.2370892018779342,1.2300884332865267,88.67856879531055,89.81632437185239,,,,0.5348560623824596,-0.4294115924323791,57,38,2,8,7,2,2
Charlie Hough,1006050,116176,TEX,1.7764674425125122,,3.0,3.790159273275312,,4.585772560558761,,,,0.15240084,0.09290188,0.05949896,230.1,33,33,,,,,1.2503618221114432,0.2287390029325513,0.70895522,,0,0.2186046511627907,1.2026049469613531,88.89880331766199,109.81482881855167,,,,2.220776081085205,1.1457095630669951,146,89,9,32,20,7,2
Ron Robinson,1011076,121321,CIN,1.7495169639587402,,2.13,3.2400007062641047,,3.036725648490763,,,,0.24024641,0.08829569,0.15195072,116.2,70,0,,,,,0.7714287395866917,0.3174603174603174,0.78723404,,14,0.248868778280543,1.3114288572973758,83.37158919559906,78.19838754344185,,,,1.6373260021209717,-0.2054253911149814,117,43,2,10,0,0,0
Matt Young,1014385,124707,SEA,1.7292341142892838,,1.95,3.819936417570629,,3.8803362746043937,,,,0.1790393,0.10043668,0.07860262,103.2,65,5,,,,,0.7813506308667195,0.31629392971246,0.74297189,,13,0.2673267326732673,1.4855308290552447,88.8762975137635,88.63685367769043,,,,-0.0815399885177612,0.5144348699306919,82,46,8,9,1,1,0
Jose Rijo,349,121206,OAK,1.6941675245761871,,-0.78,4.647160701972217,,4.299410824615098,,,,0.20560748,0.12616822,0.07943925,193.2,39,26,,,,,1.115318568473332,0.2720588235294117,0.67092652,,1,0.2311827956989247,1.4457833295024674,118.70750481252566,106.23393374949669,,,,-4.025197982788086,-1.9623338559406072,176,108,4,24,12,4,0
Joe Cowley,1002690,112751,CHW,1.6848318576812744,,1.67,3.880903612357063,,4.3356930787262895,,,,0.19075145,0.1199422,0.07080925,162.1,27,27,,,,,1.1088296035305891,0.2488986784140969,0.72251309,,0,0.2194719471947194,1.3305955242367071,90.02150111247572,103.91688303543911,,,,0.0469202920794487,0.3804181069314781,132,83,3,20,14,4,0
Shane Rawley,1010719,120949,PHI,1.672295331954956,,2.85,3.5391119365696353,,3.8872903386120776,,,,0.10846954,0.07429421,0.03417533,157.2,23,23,,,,,0.7420718576678268,0.2854477611940298,0.75452716,,0,0.2668810289389067,1.369978814155988,92.17125990054704,103.59898528005604,,,,1.5454299449920654,1.119656374436521,73,50,1,13,14,7,1
Kelly Downs,1003453,113519,SFG,1.667341709136963,,1.61,2.750943079425961,,3.1785584277332672,,,,0.17204301,0.08064516,0.09139785,88.1,14,14,,,,,0.5094339035974002,0.2703703703703703,0.78846154,,0,0.2300884955752212,1.2226413686337605,77.05329179698923,85.31897264474857,,,,0.5571720004081726,-0.1441847790642986,64,30,3,5,9,1,0
Mark Clear,1002330,112382,MIL,1.6291978359222412,,2.58,2.199095781799518,,2.675988647617096,,,,0.27777778,0.11764706,0.16013072,73.2,59,0,,,,,0.4886879515110038,0.2722222222222222,0.79383886,,16,0.1970260223048327,1.2081452134577595,52.13350618769551,65.26952940061653,,,,2.210530042648315,0.5248282901321555,85,36,1,4,0,0,0
Rick Aguilera,1000086,110090,NYM,1.6249268352985382,,0.44,3.875294395916705,,3.589834893063612,,,,0.17190083,0.05950413,0.11239669,141.2,28,20,,,,,0.9529412448975504,0.2934537246049661,0.70658683,,0,0.2580071174377224,1.2776471505663451,108.8652243801579,98.65089318749855,,,,-0.4840357601642608,0.3954648714382046,104,36,7,15,9,2,0
Don Carman,1001967,112011,PHI,1.5997761189937592,,3.11,3.215880741096632,,3.604758163658177,,,,0.17981651,0.09541284,0.08440367,134.1,50,14,,,,,0.7369726698346448,0.2677165354330709,0.77326343,,1,0.2306122448979591,1.2282877830577414,83.75315189495966,96.02084211483904,,,,1.303237795829773,0.3411667581447333,98,52,3,11,9,2,1
Moose Haas,1005172,115275,OAK,1.595105528831482,,1.86,2.7373268039788727,,3.2134075560034474,,,,0.13793103,0.06551724,0.07241379,72.1,12,12,,,,,0.4976957825416132,0.2389380530973451,0.75966851,,0,0.2148148148148148,1.064515979325117,69.92253024924983,79.5334407619224,,,,1.308877944946289,0.2887563517864957,40,19,1,4,5,1,0
Chris Welsh,1013772,124079,CIN,1.5867524147033691,,0.21,4.77990395724619,,3.962398777682475,,,,0.06688963,0.06688963,0.0,139.1,24,24,,,,,0.581339670475888,0.3043478260869565,0.65667011,,0,0.2936936936936937,1.456937692674139,122.99632785495562,102.23204821922955,,,,-0.4079479575157165,0.3018240809435392,40,40,3,9,13,1,0
Ed Lynch,1007862,118029,- - -,1.5840119570493698,,2.04,3.7302632003150618,,3.619695525032847,,,,0.13942308,0.05528846,0.08413462,101.1,24,13,,,,,0.8881579048369195,0.2993827160493827,0.70940171,,0,0.2729591836734694,1.2828947514311058,93.27002309511056,90.90072962579896,,,,0.2309621199965477,-0.1764082027463248,58,23,1,10,7,1,1
Mark Davis,1003067,113126,SFG,1.5629559867084026,,0.51,2.988141999634106,,2.80658442389861,,,,0.26315789,0.0994152,0.16374269,84.1,67,2,,,,,0.6403161427787369,0.2701421800947867,0.72544643,,4,0.2052117263843648,1.1501975157321755,83.69717976014651,75.25572622163294,,,,-0.6214960962533951,-0.8346854654449004,90,34,1,6,1,0,0
Bill Swift,1012788,123053,SEA,1.5433648228645325,,-0.55,5.462428167232857,,3.9935547518074626,,,,0.10299625,0.10299625,0.0,115.1,29,17,,,,,0.3901734405166326,0.3470873786407767,0.61576355,,0,0.3135593220338983,1.7601157427750318,127.09122296001487,91.20880536818528,,,,-2.703588083386421,-0.9050972525396124,55,55,7,5,3,1,0
Dave Stewart,1012519,122775,- - -,1.53465411439538,,1.29,3.952576938754466,,4.020495720549246,,,,0.15857143,0.09857143,0.06,161.2,37,17,,,,,0.890721563662978,0.2714570858283433,0.73412698,,0,0.2420382165605095,1.3670101775660983,101.21526735600578,99.85488423984565,,,,0.3135580196976661,0.7445065108847126,111,69,3,16,8,4,1
Gary Lucas,1007805,117975,CAL,1.5339900255203247,,0.34,3.153285110541171,,2.0921790935582893,,,,0.16756757,0.03243243,0.13513514,45.2,27,0,,,,,0.1970803194088232,0.2993197278911564,0.66532258,,2,0.2513966480446927,1.116788476649998,76.59237930750649,49.92076341718256,,,,0.624954104423523,-0.1875361006613615,31,6,0,1,0,0,0
Rick Sutcliffe,1012734,122996,CHC,1.52792289853096,,2.36,4.635848923136904,,4.361577296798534,,,,0.15968586,0.12565445,0.03403141,176.2,28,27,,,,,0.9169811056754316,0.2808349146110057,0.71909167,,0,0.2488755622188905,1.483018825228167,115.91292970691796,109.58659599643195,,,,-0.4183119833469391,-0.5389953744080127,122,96,1,18,10,4,1
Eric King,1006929,117078,DET,1.5083328485488892,,2.43,3.513253141224069,,4.202336658687375,,,,0.13644214,0.10880829,0.02763385,138.1,33,16,,,,,0.715662676916014,0.2320574162679425,0.76405868,,3,0.2125984251968504,1.2361446237640243,86.41421492747872,99.95831052800207,,,,1.1206959187984469,-0.5073458431962354,79,63,8,11,8,3,1
Jim Acker,1000030,110033,- - -,1.505893476307392,,1.28,4.00645210591619,,3.9581082251268103,,,,0.10438729,0.07261725,0.03177005,155.0,44,19,,,,,0.7548388025639199,0.2840909090909091,0.67926456,,0,0.2672131147540983,1.361290490093907,98.37888875593796,99.02082065957576,,,,-1.2981038987636566,-1.4961508069482847,69,48,3,13,11,0,0
Doug Drabek,1003473,113538,NYY,1.4919713425915688,,1.57,4.101265545530113,,4.107720075250347,,,,0.13547237,0.08912656,0.04634581,131.2,27,21,,,,,0.8886075348648579,0.269689737470167,0.71517413,,0,0.2480314960629921,1.3367087703949998,100.94512387968496,99.4958725078946,,,,0.6331039667129517,-0.0850225388023048,76,50,3,13,9,0,0
Scott Garrelts,1004546,114628,SFG,1.4820942878723145,,1.81,3.1094045578362683,,3.9168844659838977,,,,0.17433752,0.10320781,0.07112971,173.2,53,18,,,,,0.8809979580536094,0.2545090180360721,0.79001019,,10,0.2246489859594383,1.2552781363116787,87.09371651551636,105.2933708202227,,,,2.5970180332660675,0.8810314156505261,125,74,2,17,11,2,0
Kevin Gross,1005088,115189,PHI,1.4732432663440704,,2.91,4.022068880866344,,4.268942307811742,,,,0.14807692,0.09038462,0.05769231,241.2,37,36,,,,,1.0427585987431265,0.2804232804232804,0.74966975,,0,0.255863539445629,1.3820689364293817,104.74920341614344,113.83574242941066,,,,0.5019901022315025,1.5802782187046782,154,94,8,28,21,7,2
Dave Dravecky,1003486,113551,SDP,1.441849708557129,,2.46,3.068181914910621,,4.085060933059491,,,,0.12850812,0.07976366,0.04874446,161.1,26,26,,,,,0.9483471373360102,0.2548262548262548,0.75471698,,0,0.2395498392282958,1.258264502478497,84.04987067440392,107.59313499291802,,,,1.1707220077514648,0.7167928696326709,87,54,1,17,14,3,1
Gene Nelson,1009501,119715,CHW,1.4124205484986303,,1.07,3.845929870046528,,3.494848445929863,,,,0.14344262,0.08401639,0.05942623,114.2,54,1,,,,,0.5494185528637897,0.3024523160762943,0.72273325,,6,0.2657657657657657,1.3866277762752788,89.21024963684245,83.86314907325867,,,,-0.4411619156599045,-0.3581658142056346,70,41,3,7,0,0,0
Jim Deshaies,1003228,113290,HOU,1.394104242324829,,1.61,3.2499996556176445,,3.7085112055142826,,,,0.21368948,0.0984975,0.11519199,144.0,26,26,,,,,0.9999998940361984,0.2741116751269035,0.78105781,,0,0.2304832713754646,1.270833198671002,91.4959492748732,104.9107682594449,,,,0.9533719420433044,1.371989845143479,128,59,2,16,10,1,1
Jeff Robinson,1011072,121315,SFG,1.3851763680577278,,-0.13,3.364218154429468,,2.9914586483079906,,,,0.20881671,0.07424594,0.13457077,104.1,64,1,,,,,0.6900960316778396,0.28,0.69420035,,8,0.2311557788944723,1.188498721222946,94.23098756957002,80.25724476415165,,,,-0.0746699869632721,-0.8967617355460242,90,32,1,8,0,0,0
John Franco,874,114374,CIN,1.3659008741378784,,1.66,2.9405938372777176,,3.374971655272656,,,,0.1958042,0.1025641,0.09324009,101.0,74,0,,,,,0.6237623291195158,0.2842465753424658,0.76069731,,29,0.2349869451697128,1.326732573047859,75.6672617134436,86.98041814968254,,,,3.093724012374878,0.5198935595983496,84,44,2,7,0,0,0
Roger McDowell,1008475,118658,NYM,1.3632221221923828,,1.41,3.0234375,,3.216323804855347,,,,0.1240458,0.08015267,0.04389313,128.0,75,0,,,,,0.28125,0.2512195121951219,0.71038251,,22,0.2233820459290187,1.1640625,84.93476061681851,88.31499791168771,,,,1.8913838863372805,-0.131402398855837,65,42,3,4,0,0,0
Greg Harris,1005415,115521,TEX,1.3617311716079712,,3.09,2.8293418343991643,,3.624304873959857,,,,0.20562771,0.09090909,0.11471862,111.1,73,0,,,,,0.970060057508285,0.2916666666666667,0.82043344,,20,0.2458233890214797,1.3023954475805677,66.36267373463855,86.89813551580319,,,,0.683302104473114,-0.0759683167720737,95,42,1,12,0,0,0
Mark Portugal,1010460,120690,MIN,1.3416280448436737,,1.85,4.3136093457462,,4.093496474641733,,,,0.13929314,0.1039501,0.03534304,112.2,27,15,,,,,0.7988165455085555,0.2889518413597733,0.71812081,,1,0.2604651162790697,1.4378697819154,99.7437812992909,97.92498163446824,,,,-0.6312080323696136,-1.2947398345281302,67,50,1,10,7,3,0
Andy Hawkins,1005514,115630,SDP,1.3402220904827118,,0.83,4.299363436005039,,4.290119718910461,,,,0.12928177,0.08287293,0.04640884,209.1,37,35,,,,,1.0318472246412091,0.283625730994152,0.70726172,,0,0.2642424242424242,1.3996816519438626,117.77689550360677,113.02708283347272,,,,-2.165017783641815,-0.9397312372468782,117,75,5,24,17,3,1
Eric Show,1011937,122197,SDP,1.3173346370458603,,3.54,2.97066025752733,,4.047294971052274,,,,0.16520211,0.12126538,0.04393673,136.1,24,22,,,,,0.7261613962844586,0.2506393861892583,0.81032413,,0,0.219758064516129,1.3056235205922588,81.37835936303571,106.5923572557245,,,,2.3778441566973925,1.6745903561392748,94,69,4,11,14,2,0
Calvin Schiraldi,1011563,121814,BOS,1.2695523500442505,,2.86,1.411764705882353,,2.8298348342671114,,,,0.27777778,0.07575758,0.2020202,51.0,25,0,,,,,0.8823529411764706,0.2540983606557377,0.97777778,,9,0.1978021978021978,1.0,32.64776784264923,69.2239287169214,,,,1.4915499687194824,-0.1368523762156341,55,15,1,5,0,0,0
Bob Sebra,1011709,121962,MON,1.265043094754219,,1.48,3.5474452307802378,,3.5264857521511384,,,,0.17506631,0.066313,0.10875332,91.1,17,13,,,,,0.8868613076950594,0.2664233576642336,0.72895277,,0,0.2349570200573066,1.1715328385601402,96.4856829144656,94.35370440696931,,,,0.468517929315567,0.0308574068352629,66,25,3,9,9,3,1
Dan Quisenberry,1010622,120858,KCR,1.2524656057357788,,1.73,2.7663943941190854,,3.201339321718316,,,,0.10227273,0.06818182,0.03409091,81.1,62,0,,,,,0.2213115515295268,0.313588850174216,0.76592083,,12,0.283076923076923,1.4262299987458398,65.6477825989189,78.4590772421225,,,,-0.4784920215606689,-1.0541183572268926,36,24,3,2,0,0,0
Jose Guzman,1005160,115266,TEX,1.2168288230895996,,0.85,4.543520443575668,,4.64528602168158,,,,0.11477573,0.07915567,0.03562005,172.1,29,29,,,,,1.201160577037245,0.3024054982817869,0.70446735,,0,0.2875722543352601,1.502901398321964,106.56901231862032,111.23333903469964,,,,-1.1629140377044678,0.4592992829535745,87,60,6,23,13,2,0
John Henry Johnson,1006472,116599,MIL,1.215503454208374,,1.27,2.6590911396279022,,2.1346476133204644,,,,0.22826087,0.05434783,0.17391304,44.0,19,0,,,,,0.4090909445581388,0.3153846153846154,0.75697211,,1,0.2471264367816092,1.204545558976742,63.03852043588508,52.17101309869497,,,,0.3923261165618896,-0.0620286833303131,42,10,0,2,0,0,0
Bob Patterson,1010055,120297,PIT,1.1704306155443192,,-0.02,4.954128613747715,,2.0829378862792756,,,,0.12578616,0.03144654,0.09433962,36.1,11,5,,,,,0.0,0.3656716417910448,0.62962963,,0,0.3181818181818182,1.4862385841243144,132.84585039629093,54.700480416753805,,,,-0.5761938914656639,-0.5265404541525048,20,5,0,0,3,0,0
Joel Davis,1003061,113119,CHW,1.0910611152648926,,0.0,4.699367315527388,,4.337467076697809,,,,0.11538462,0.10897436,0.00641026,105.1,19,19,,,,,0.7689873789044817,0.3002832861189802,0.66709845,,0,0.2764423076923077,1.5759494431869625,109.00659801899728,103.9591920209315,,,,-1.152411937713623,-0.1261213543730412,54,51,1,9,7,1,0
Ricky Horton,1006036,116163,STL,1.0611709654331207,,2.94,2.242524945363966,,3.508552842441718,,,,0.12661499,0.06718346,0.05943153,100.1,42,9,,,,,0.6279069847019105,0.2302631578947368,0.83864119,,3,0.2138888888888888,1.026578086099949,60.7489762034301,96.24448363217508,,,,2.8404038548469543,0.5316002975316962,49,26,1,7,4,1,0
Ted Power,1010504,120728,CIN,1.058962732553482,,1.33,3.6976746372947185,,3.840778809984637,,,,0.17690875,0.09683426,0.08007449,129.0,56,10,,,,,0.9069767978270064,0.2712765957446808,0.72763685,,1,0.2376033057851239,1.2945737199752996,95.1484393949363,99.07437523200304,,,,-1.470921754837036,-1.9130313186046812,95,52,1,13,8,0,0
Ken Dayley,1003097,113158,STL,1.0497219562530518,,-0.45,3.258622189906898,,2.331355930026638,,,,0.19411765,0.06470588,0.12941177,38.2,31,0,,,,,0.2327587278504927,0.3306451612903225,0.66539924,,5,0.2658227848101265,1.3706902862306791,88.2745863228266,63.721890841875826,,,,-1.1846020221710205,-0.3622488252932895,33,11,1,1,0,0,0
Dennis Martinez,1008161,118371,- - -,1.0195202082395554,,0.44999999999999996,4.72929878850818,,3.841074869123864,,,,0.14476615,0.06681514,0.077951,104.2,23,15,,,,,0.945859757701636,0.3029411764705882,0.68389058,,0,0.2740384615384615,1.3757960112023797,127.42674499478136,102.24580941177744,,,,-0.1945320349186658,0.0873340547866516,65,30,3,11,6,1,1
Ernie Camacho,1001856,111900,CLE,1.013853669166565,,0.93,4.081396254028554,,3.4686858781935612,,,,0.13483146,0.11610487,0.01872659,57.1,51,0,,,,,0.1569767790010982,0.299492385786802,0.73144105,,20,0.2564102564102564,1.5872096543444376,96.29556342212628,83.28173552647881,,,,-0.2838299870491028,0.0020883561778665,36,31,2,1,0,0,0
Mike Bielecki,1000951,110979,PIT,0.9849152779206634,,-0.48,4.6614346386845815,,4.244105368162596,,,,0.12443778,0.12443778,0.0,148.2,31,27,,,,,0.6053811219070885,0.2842535787321063,0.66818182,,0,0.2560137457044673,1.5605380031382723,124.99720877741332,112.14093316323265,,,,-1.4267759285867214,-0.5082289246508316,83,83,2,10,10,0,0
Guy Hoffman,1005906,116028,CHC,0.9565238058567048,,1.47,3.857142681978195,,3.6876779298933746,,,,0.13165266,0.08123249,0.05042017,84.0,32,8,,,,,0.6428571136630324,0.315018315018315,0.7504363,,0,0.2822085889570552,1.440476125059758,96.44246738376468,92.55750686436056,,,,0.4316219519823789,0.5906039077159928,47,29,2,6,3,1,0
Steve Farr,1003953,114017,KCR,0.9488394856452942,,2.51,3.128049799121233,,3.6216213379497177,,,,0.18735892,0.08803612,0.0993228,109.1,56,0,,,,,0.8231709997687455,0.260586319218241,0.78991597,,8,0.225,1.1798784330018686,74.2300279410062,88.69072548720148,,,,2.304434061050415,1.2512583199957934,83,39,4,10,0,0,0
Neal Heaton,1005568,115683,- - -,0.9478307217359544,,2.46,4.077181651685626,,4.819669245887507,,,,0.10588235,0.09529412,0.01058824,198.2,33,29,,,,,1.1778524771536252,0.2688172043010752,0.73505654,,1,0.2620599739243807,1.4194632416979585,95.02323667734696,115.32563121968587,,,,0.217789888381958,-0.4741292873326709,90,81,2,26,13,5,0
Scott McGregor,1008546,118728,BAL,0.9160816818475724,,1.53,4.522166807854291,,4.963129201908897,,,,0.109447,0.0656682,0.0437788,203.0,34,33,,,,,1.5517239046558844,0.2669616519174041,0.73127753,,0,0.2673267326732673,1.3448273840350995,110.3355061195183,117.50402928232732,,,,-0.954429873265326,-0.1173275516247713,95,57,3,35,16,4,2
Dale Mohorcic,1009034,119229,TEX,0.9122478365898132,,2.22,2.506329355971842,,3.467213903736414,,,,0.08923077,0.04615385,0.04307692,79.0,58,0,,,,,0.5696203081754185,0.2945454545454545,0.81052632,,7,0.2783171521035599,1.2784811361270505,58.78636342194651,83.1538541058096,,,,-0.2405738681554794,-0.486637538654367,29,15,1,5,0,0,0
Jay Howell,1006098,116226,OAK,0.9119907021522522,,0.28,3.3750003218651123,,3.2772613531351142,,,,0.1826087,0.1,0.0826087,53.1,38,0,,,,,0.5062500482797668,0.3105590062111801,0.74175824,,16,0.2572815533980582,1.425000135898603,86.2113218464881,81.10335119573135,,,,0.2196539789438247,0.1062061629448054,42,23,1,3,0,0,0
Greg Swindell,76,123057,CLE,0.901720643043518,,0.52,4.232432083341685,,3.954794991000722,,,,0.18039216,0.05882353,0.12156863,61.2,9,9,,,,,1.3135134051750057,0.2608695652173913,0.62913907,,0,0.2384937238493724,1.1675674712666717,99.85906948118146,94.88112697817724,,,,0.0988539904356002,-0.5151088388988008,46,15,1,9,5,1,0
Tommy John,1006515,116550,NYY,0.8878318518400192,,1.54,2.9292449931226145,,4.171954562435728,,,,0.09655172,0.05172414,0.04482759,70.2,13,10,,,,,1.0188678236948223,0.2742616033755274,0.79949239,,0,0.2673992673992674,1.2452828956270052,72.09798912605868,101.04363918604416,,,,1.3460279013961554,0.691733498940502,28,15,2,8,6,1,0
Dave Schmidt,1011580,121830,CHW,0.8798194378614426,,1.59,3.3140799472398363,,3.767401354352291,,,,0.17005076,0.06852792,0.10152284,92.1,49,1,,,,,0.9747293962470108,0.2947368421052631,0.79464286,,8,0.2596685082872928,1.3104695216209812,76.87345047873758,90.36340286918814,,,,-0.9894940108060836,-0.8592734471242208,67,27,5,10,0,0,0
Scott Bailes,1000430,110438,CLE,0.8788397312164307,,-0.31,4.95266249830878,,4.262135497894549,,,,0.12,0.086,0.034,112.2,62,10,,,,,0.9585798383823444,0.2890625,0.64580559,,7,0.2697368421052631,1.4733727145506406,116.85202710801109,102.21479498501245,,,,-1.0903381258249285,-0.3157122564381389,60,43,1,12,5,0,0
Randy O'Neal,1009802,120014,DET,0.8709381818771362,,-0.13,4.328805379893715,,4.189489903916564,,,,0.1302682,0.08429119,0.04597701,122.2,37,11,,,,,0.9538045752308184,0.2741116751269035,0.66088117,,2,0.2547368421052631,1.3451090163511543,106.47405792883744,99.65428824342682,,,,-0.3512560948729515,-0.0804748935782516,68,44,3,13,7,1,0
Al Nipper,1009602,119805,BOS,0.8673734664916992,,-0.85,5.377358490566038,,4.70182891491824,,,,0.11253561,0.06695157,0.04558405,159.0,26,26,,,,,1.3584905660377358,0.2956204379562044,0.63421829,,0,0.2857142857142857,1.4654088050314464,124.3541157214116,114.67171974723888,,,,-2.422879934310913,0.0057070810663213,79,47,4,24,8,3,0
Bob McClure,1008400,118584,- - -,0.8557887896895409,,1.72,3.189874803995699,,3.3786065056164323,,,,0.15963855,0.09939759,0.06024096,79.0,65,0,,,,,0.4556964005708142,0.2780082987551867,0.76458753,,6,0.2382550335570469,1.3164562683156853,83.97561500077673,87.85673292036931,,,,0.9473120532929896,0.0839080296442871,53,33,1,4,0,0,0
Paul Assenmacher,1000344,110358,ATL,0.849987804889679,,1.97,2.5024397694478164,,3.224669976509629,,,,0.19512195,0.09059233,0.10452962,68.1,61,0,,,,,0.6585367814336358,0.28,0.8,,7,0.2337164750957854,1.273171110771696,62.89041621790318,82.3970888980661,,,,-0.0928380787372589,-0.1644676394062697,56,26,0,5,0,0,0
Bill Wegman,1013727,124033,MIL,0.8482826491817832,,1.78,5.1277310513429795,,4.797902044914224,,,,0.09808612,0.05143541,0.04665072,198.1,35,32,,,,,1.452100828698897,0.275297619047619,0.66156616,,0,0.2760814249363867,1.3109243592420596,121.56205323411363,116.6122421544631,,,,-2.13003608584404,-0.8692779545099625,82,43,7,32,14,2,0
Bob Stanley,1012409,122674,BOS,0.8436086885631084,,-0.4,4.3724695005696566,,3.681942450807359,,,,0.14754098,0.06010929,0.08743169,82.1,66,1,,,,,0.9838056376281726,0.3558718861209964,0.70101351,,16,0.3168604651162791,1.5910930682628472,101.115553150511,89.91117836804904,,,,0.2631820142269134,0.2332286397985338,54,22,0,9,0,0,0
Rob Murphy,1009374,119569,CIN,0.842658281326294,,2.47,0.7152318061482968,,2.5922033533182725,,,,0.18461538,0.10769231,0.07692308,50.1,34,0,,,,,0.0,0.1884057971014492,0.91489362,,1,0.1494252873563218,0.933774858026943,18.404320778861425,66.65705867897897,,,,1.5218160152435305,0.081064112667373,36,21,0,0,0,0,0
Phil Niekro,1009583,119786,CLE,0.8379642702639103,,0.91,4.321711952675847,,4.924735743317568,,,,0.0851735,0.09989485,-0.01472135,210.1,34,32,,,,,1.0269414541011914,0.2912751677852349,0.70038911,,0,0.2835294117647058,1.5974644841574088,101.96551903537537,118.02556548933327,,,,-1.006348043680191,0.5629534239320524,81,95,6,24,17,5,0
Bill Dawley,1003090,113150,CHW,0.8296350240707397,,1.58,3.3174064888710295,,3.641318562738179,,,,0.16296296,0.0691358,0.09382716,97.2,46,0,,,,,0.9215018024641748,0.27,0.77358491,,2,0.2420212765957446,1.218430161035965,76.9506129906329,87.35638984725858,,,,-0.1516960710287094,-1.2716228714398403,66,28,1,10,0,0,0
Willie Hernandez,1005714,115822,DET,0.824076235294342,,1.16,3.5526319865327975,,3.8198836056412206,,,,0.20478723,0.05585106,0.14893617,88.2,64,0,,,,,1.3195490235693248,0.2846153846153846,0.82278481,,24,0.2485714285714285,1.2180452525255308,87.38280212154547,90.90744491997648,,,,-0.3237139284610748,-0.3703161027399387,77,21,5,13,0,0,0
Greg Mathews,1008237,118417,STL,0.8221192955970764,,1.11,3.6536694690340745,,4.140277264060208,,,,0.11336717,0.07445008,0.03891709,145.1,23,22,,,,,0.928899017551036,0.2678185745140389,0.75609756,,0,0.255045871559633,1.2591742237914043,98.9762366248845,113.69722743680808,,,,0.7286560559878126,1.1091151781138298,67,44,2,15,12,1,0
Dave Stieb,1012532,122791,TOR,0.8193567991256714,,-0.16,4.741463155457138,,4.863694117294763,,,,0.13819369,0.09466812,0.04352557,205.0,37,34,,,,,1.2731706621134908,0.3177004538577912,0.70905459,,1,0.2925336597307221,1.5902438155134022,112.65671702586204,117.65920257991486,,,,-2.559162020683289,-0.0508338850086484,127,87,15,29,15,1,1
Bobby Witt,1014170,124492,TEX,0.8072772026062012,,-0.35,5.479915786963548,,4.825979724966677,,,,0.23481781,0.19298246,0.04183536,157.2,31,31,,,,,1.0274842100556651,0.2779156327543424,0.68580542,,0,0.2184873949579832,1.73150116879751,128.532317672666,115.5401943119377,,,,-1.9221339225769043,0.2486565612448625,174,143,3,18,10,0,0
Jose DeLeon,1003168,113229,- - -,0.7976627498865128,,0.8700000000000001,3.8706292964157742,,4.354927358402182,,,,0.19362745,0.14460784,0.04901961,95.1,22,14,,,,,0.8496503333595602,0.22265625,0.71550256,,1,0.191860465116279,1.311188786048704,94.90821814329188,107.13038442348874,,,,1.0193021297454834,0.6729376974175103,79,59,5,9,8,1,0
Bob Kipper,1006956,117107,PIT,0.7946045738644898,,0.3,4.0263157242140295,,4.235923561813392,,,,0.16330645,0.06854839,0.09475806,114.0,20,19,,,,,1.3421052414046764,0.292817679558011,0.73224852,,0,0.2673913043478261,1.3771929601342103,107.96638078044234,111.92347354248508,,,,-0.423885999713093,0.9330524458615832,81,34,2,17,9,0,0
Craig Lefferts,1007476,117628,SDP,0.7671446204185486,,1.66,3.0928793300210424,,3.5326212299656334,,,,0.16143498,0.09865471,0.06278027,107.2,83,0,,,,,0.5851393327066837,0.2826086956521739,0.76576577,,4,0.2443890274314214,1.318885480069033,84.72643243103737,92.95377916524214,,,,-0.4702680110931396,-1.2630439737462875,72,44,1,7,0,0,0
Larry Andersen,1000236,110224,- - -,0.7629814147949219,,0.75,3.0258623799231934,,3.0684251285230113,,,,0.13003096,0.08049536,0.0495356,77.1,48,0,,,,,0.2327586446094764,0.3214285714285714,0.74626866,,1,0.2804054054054054,1.409482903468496,83.71324445126302,86.12827670746296,,,,0.5681900382041931,0.2652810730634598,42,26,1,2,0,0,0
Ken Schrom,1011620,121871,CLE,0.762235127389431,,1.22,4.543689617507045,,4.960331836367823,,,,0.09852775,0.05549264,0.04303511,206.0,34,33,,,,,1.4854369903388416,0.2610556348074179,0.69444444,,0,0.2639902676399027,1.291262220359908,107.20281112161896,118.87494890256868,,,,-0.2971740327775478,1.0113870930904716,87,49,12,34,16,3,1
Juan Berenguer,1000865,110892,SFG,0.7509325221180916,,1.18,2.700000327717214,,3.3982841082643964,,,,0.22929936,0.14012739,0.08917198,73.1,46,4,,,,,0.4909091504940389,0.3125,0.83333333,,4,0.2388059701492537,1.4727274514821167,75.62639687440335,91.26334952559743,,,,-1.1306600272655487,-1.2864085666945142,72,44,2,4,0,0,0
Bill Mooneyham,1009082,119281,OAK,0.7362611889839172,,-0.21,4.515051751330362,,3.8947575185197927,,,,0.16447368,0.14692982,0.01754386,99.2,45,6,,,,,0.3612041401064289,0.3224755700325732,0.71684588,,2,0.266839378238342,1.7056862171692475,115.33290150099386,96.28512137105064,,,,-1.9751899242401123,-1.0975270047599432,75,67,3,4,1,0,0
Freddie Toliver,1013102,123379,PHI,0.7204992175102234,,0.07,3.506493072200989,,2.4982840659063816,,,,0.17857143,0.09821429,0.08035714,25.2,5,5,,,,,0.0,0.345679012345679,0.64102564,,0,0.2772277227722772,1.5194803312870953,91.32174683645972,66.34273864667448,,,,-0.4608519971370697,-0.2502565222863346,20,11,0,0,2,0,0
Brian Holton,1005986,116113,LAD,0.7204366475343704,,0.08,4.438356918160425,,2.1956687413901066,,,,0.22641509,0.05660377,0.16981132,24.1,12,3,,,,,0.3698630765133687,0.3648648648648648,0.6547619,,0,0.2828282828282828,1.3972605112727263,123.18023899671704,60.16589962156751,,,,-0.8983000218868256,-0.6165464972166076,24,6,1,1,0,0,0
Rich Gossage,1004894,114989,SDP,0.7163216471672058,,-0.81,4.453607897130601,,3.451423622472522,,,,0.22419929,0.07117438,0.15302491,64.2,45,0,,,,,1.1134019742826502,0.324468085106383,0.68922306,,21,0.2664092664092664,1.3762885515438317,122.00227306249388,90.80208611749306,,,,-1.9115259647369385,-0.1895853127738987,63,20,2,8,0,0,0
Bobby Thigpen,1012958,123230,CHW,0.7124277949333191,,1.56,1.7663552661329085,,3.107459926975901,,,,0.14084507,0.08450704,0.05633803,35.2,20,0,,,,,0.2523364665904155,0.2314814814814814,0.85106383,,7,0.2015503875968992,1.0654206367150876,40.97240448047007,74.62412203294846,,,,0.7459200620651245,-0.2735803206941812,20,12,1,1,0,0,0
Charlie Kerfeld,1006860,117007,HOU,0.7044253349304199,,1.37,2.5943065428858256,,3.230086125201398,,,,0.1974359,0.10769231,0.08974359,93.2,61,0,,,,,0.4804271375714492,0.25,0.76851852,,7,0.2052023121387283,1.2064059232349724,73.0364815396396,91.28517069045576,,,,1.0021600723266602,0.0243988565300752,77,42,2,5,0,0,0
Tim Burke,1001692,111730,MON,0.6925679296255112,,1.94,2.9309211997444353,,3.530879764048349,,,,0.18181818,0.10199557,0.07982262,101.1,68,2,,,,,0.6217105575215469,0.3076923076923077,0.81005587,,4,0.256857855361596,1.470394810646198,79.71706823606927,94.472104082652,,,,-1.1239460110664368,-0.0474044759539775,82,46,4,7,1,0,0
Pete Ladd,1007245,117400,SEA,0.687898576259613,,1.43,3.820756504484737,,4.002143956300428,,,,0.18027211,0.06122449,0.11904762,70.2,52,0,,,,,1.2735855014949122,0.2809523809523809,0.75,,6,0.2527472527472527,1.2311326514450818,88.89537801160375,91.40392386440097,,,,0.8490459322929382,0.8187726523210398,53,18,3,10,0,0,0
Lance McCullers Sr.,1008436,118617,SDP,0.6836787462234497,,3.34,2.779411920626692,,3.932776075910948,,,,0.16727273,0.10545455,0.06181818,136.0,70,7,,,,,0.7941176916076262,0.2369791666666666,0.80296896,,5,0.2110655737704918,1.18382359582248,76.13929648183043,103.55766795736798,,,,1.5508920773863792,-0.0098641409471535,92,58,4,12,4,0,0
Brad Havens,1005507,115622,BAL,0.6807920336723328,,0.26,4.563380281690141,,3.672419755559572,,,,0.19387755,0.09863946,0.0952381,71.0,46,0,,,,,0.8873239436619719,0.2835820895522388,0.67307692,,1,0.2415094339622641,1.3098591549295775,111.34106599553262,87.07777062209969,,,,0.0837500020861625,0.0816302055454807,57,29,0,7,0,0,0
Joe Hesketh,1005747,115866,MON,0.6733802556991577,,0.02,5.008064207995987,,4.077462837376039,,,,0.18508287,0.08563536,0.09944751,82.2,15,15,,,,,1.1975805714773011,0.3227091633466135,0.72080292,,0,0.2796352583586626,1.4879031342596771,136.21253148472343,109.2001612954086,,,,-0.5719861388206482,0.7389685301678642,67,31,2,11,8,0,0
Mike Maddux,1007951,118121,PHI,0.6640944480895996,,-0.97,5.423076923076923,,4.065883099727142,,,,0.12535613,0.0968661,0.02849003,78.0,16,16,,,,,0.6923076923076923,0.3106060606060606,0.59176672,,0,0.2802547770700637,1.564102564102564,141.23651398889484,108.38924151272116,,,,-1.1563780307769775,-0.4842984360065883,44,34,3,6,5,0,0
Rod Scurry,1011700,121952,NYY,0.6321924924850464,,0.34,3.661017422565191,,3.10151982217026,,,,0.20338983,0.12429379,0.07909605,39.1,31,0,,,,,0.2288135889103244,0.3189655172413793,0.72607261,,2,0.2483660130718954,1.5254239260688298,90.10922437083016,75.25090237575299,,,,-0.5599679946899414,-0.4961431448627115,36,22,2,1,0,0,0
Frank Williams,1013997,124309,SFG,0.624025821685791,,1.8,1.2038217730500795,,2.942985843862501,,,,0.17010309,0.10824742,0.06185567,52.1,36,0,,,,,0.0,0.2573529411764705,0.86666667,,1,0.2071005917159763,1.0700637982667374,33.71877486092974,78.94587953183485,,,,0.4502599537372589,-0.4835622000205692,33,21,4,0,0,0,0
Rich Bordi,1001199,111233,BAL,0.6084796003997326,,0.39,4.4579436073699945,,4.060730839063019,,,,0.17887931,0.08836207,0.09051724,107.0,52,1,,,,,1.093457865958678,0.2848297213622291,0.71320182,,3,0.2505966587112171,1.3644858840168117,108.76853620639108,96.23153756843024,,,,-0.9054238498210908,-0.5639659876801197,83,41,4,13,0,0,0
Walt Terrell,1012924,123194,DET,0.5658741849474609,,0.91,4.555214190896836,,5.103833117769181,,,,0.10130719,0.10675381,-0.00544662,217.1,34,33,,,,,1.2423311429718646,0.2435158501440922,0.71317829,,0,0.2435740514075887,1.366564257269051,112.04295344220829,121.29249320028872,,,,-0.4140857117017731,0.3475556642773048,93,98,3,30,14,9,2
Tom Hume,1006179,116305,PHI,0.5657873600721359,,1.51,2.7667843777071037,,3.5554635805270927,,,,0.12686567,0.08457711,0.04228856,94.1,48,1,,,,,0.4770317892598455,0.2718446601941747,0.74789916,,4,0.2438356164383561,1.3038868906435777,72.05706022782562,94.6986514358553,,,,1.079120010137558,0.4680943734109564,51,34,3,5,1,0,0
Allan Anderson,1000216,110226,MIN,0.5642074346542358,,-0.08,5.549406696258764,,4.359943991390976,,,,0.13746631,0.08086253,0.05660377,84.1,21,10,,,,,1.1739129549778151,0.3417266187050359,0.68256579,,0,0.3117647058823529,1.612648099767504,128.31917855479858,104.26566265107968,,,,-0.3410560749471187,0.2467311371117828,51,30,1,11,3,1,0
Al Holland,1005947,116070,NYY,0.5628354325890541,,-0.59,5.090163059050237,,3.213634179555367,,,,0.20903955,0.05084746,0.15819209,40.2,25,1,,,,,1.1065571867500517,0.3095238095238095,0.52173913,,0,0.2619047619047619,1.3032784643945052,125.28502113783686,77.95236188926975,,,,0.1225719936192035,0.5708585444250279,37,9,0,5,0,0,0
Jimmy Jones,1006569,116694,SDP,0.5595102906227112,,0.44,2.5,,2.326566860410902,,,,0.23076923,0.04615385,0.18461538,18.0,3,3,,,,,0.5,0.1956521739130435,0.60344828,,0,0.1612903225806451,0.7222222222222222,68.48507764968392,60.99398524645614,,,,0.1609840095043182,-0.370755089054112,15,3,0,1,2,1,1
Rick Anderson,1000241,110251,NYM,0.5483725816011429,,0.84,2.7181211533157494,,3.375038227814403,,,,0.10447761,0.05472637,0.04975124,49.2,15,5,,,,,0.5436242306631499,0.253012048192771,0.75289575,,1,0.2368421052631578,1.1275169228569035,76.35777802067477,92.70698440487274,,,,0.994202047586441,0.3028527219987038,21,11,0,3,2,0,0
Mike Loynd,1007798,117967,TEX,0.5481659322977066,,-0.28,5.357142857142857,,3.937677971522014,,,,0.17098446,0.0984456,0.07253886,42.0,9,8,,,,,0.8571428571428571,0.3333333333333333,0.62111801,,1,0.2848837209302325,1.619047619047619,125.65265859928073,94.36741947225936,,,,-0.8390359133481979,-0.1564934983196374,33,19,2,4,2,0,0
Chuck Finley,384,114133,CAL,0.5346620678901672,,0.58,3.302158364005284,,3.288996930581666,,,,0.18686869,0.11616162,0.07070707,46.1,25,0,,,,,0.3884892192947393,0.2814814814814815,0.76797386,,0,0.2298850574712643,1.3597122675315876,80.20846738655398,78.18717012302997,,,,0.0845880135893821,0.1853287065764666,37,23,1,2,0,0,0
Ron Romanick,1011168,121417,CAL,0.5339776873588562,,-0.78,5.501566871804085,,4.886998563241534,,,,0.08085106,0.09361702,-0.01276596,106.1,18,18,,,,,1.100313374360817,0.296,0.66755674,,0,0.2910798122065727,1.5799371529283526,133.63146111406112,115.92872332189808,,,,-1.414647936820984,-0.0825076757868854,38,44,0,13,7,1,1
Dave Gumpert,1005142,115247,CHC,0.5130900144577026,,0.39,4.374303260742602,,3.5922406526575976,,,,0.17374517,0.10810811,0.06563707,59.2,38,0,,,,,0.6033521738955313,0.3093922651933701,0.68345324,,2,0.2608695652173913,1.4748608695224097,109.3733455912764,90.14585613372708,,,,-1.0398859977722168,-1.0832544773232815,45,28,1,4,0,0,0
Don Robinson,1011061,121308,PIT,0.5117740035057068,,0.78,3.3750002475885426,,3.434472891988137,,,,0.17966102,0.09152542,0.08813559,69.1,50,0,,,,,0.6490385091516429,0.2692307692307692,0.75903614,,14,0.2293233082706766,1.2692308623409905,90.50123905431262,90.62216778314884,,,,2.0708959102630615,0.9271217989383423,53,27,2,5,0,0,0
Terry Forster,1004236,114317,CAL,0.5112210512161255,,0.25,3.5121947951717103,,3.502718553849453,,,,0.15384615,0.09340659,0.06043956,41.0,41,0,,,,,0.4390243493964638,0.3409090909090909,0.76323988,,5,0.2901234567901234,1.56097546452076,85.3101912841222,83.2348408196384,,,,0.4171500205993652,0.6485583020205006,28,17,3,2,0,0,0
Vern Ruhle,1011297,121548,CAL,0.504787415266037,,0.02,4.153845710610801,,3.6731091106950657,,,,0.11675127,0.03553299,0.08121828,47.2,16,3,,,,,0.9440558433206364,0.2546583850931677,0.61702128,,1,0.2433862433862433,1.111887993244305,100.8957056209102,87.25911972795804,,,,0.3515779972076416,0.0793065199107204,23,7,1,5,1,0,0
Steve Carlton,1001964,112008,- - -,0.5011898949742317,,-1.7000000000000002,5.103970011891688,,4.733204220538152,,,,0.15151515,0.10858586,0.04292929,176.1,32,32,,,,,1.275992502972922,0.3053571428571429,0.65725806,,0,0.2780141843971631,1.5992439370593956,130.8529528783418,122.71866860174562,,,,-3.062600150704384,0.2745964858771774,120,86,1,25,12,0,0
Dennis Lamp,1007284,117439,TOR,0.496654137969017,,-0.73,5.054794784691943,,3.7847099879643,,,,0.09118541,0.06990881,0.0212766,73.0,40,2,,,,,0.6164383883770662,0.3247232472324723,0.60550459,,2,0.3039215686274509,1.5890411789275485,120.1014469610364,91.67201399420924,,,,-2.7490198612213135,-2.9356595880574012,30,23,0,5,0,0,0
Ed Wojna,1014183,124503,SDP,0.4909109771251678,,0.36,3.230770178800782,,3.771011598293685,,,,0.10795455,0.09090909,0.01704546,39.0,7,7,,,,,0.4615385969715403,0.2898550724637681,0.71174377,,0,0.2641509433962264,1.4871799235749632,88.5038186253819,99.27099606384752,,,,-0.4914960265159607,0.0730486302093013,19,16,1,2,2,1,0
Roger Mason,1008222,118402,SFG,0.4805811643600464,,-0.52,4.8,,4.071011304855347,,,,0.16412214,0.11450382,0.04961832,60.0,11,11,,,,,0.75,0.281767955801105,0.65853659,,0,0.2445414847161572,1.4333333333333331,134.44691145798848,109.4630610243496,,,,-0.4876980185508728,-0.2871059926439576,43,30,3,5,6,1,0
Donnie Moore,1009102,119292,CAL,0.4620520770549774,,0.9,2.972475919907767,,4.00954293815025,,,,0.17966102,0.07457627,0.10508475,72.2,49,0,,,,,1.2385316332949028,0.238095238095238,0.79411765,,21,0.2197802197802197,1.1284399325575782,72.20057659198858,95.2050034725595,,,,0.7287399768829346,-0.5473209712709293,53,22,0,10,0,0,0
Joe Niekro,1009582,119785,NYY,0.4525587856769562,,-0.61,4.870026328088317,,4.911594772593512,,,,0.1033275,0.11033275,-0.00700525,125.2,25,25,,,,,1.0742705135488937,0.2863741339491917,0.65384615,,0,0.2741617357001972,1.6074269906435297,119.86675954742633,118.86569274736355,,,,-1.584351897239685,-0.3735080192778506,59,63,1,15,10,0,0
Dan Petry,1010246,120476,DET,0.4497454464435577,,-1.07,4.655172107619443,,4.986528400518674,,,,0.10769231,0.10192308,0.00576923,116.0,20,20,,,,,1.1637930269048606,0.2736572890025575,0.64150943,,0,0.264069264069264,1.508620590432227,114.5015821126037,118.51644206782818,,,,-1.407923936843872,0.2612086482029723,56,53,5,15,10,2,0
John Cerutti,1002106,112160,TOR,0.4454007595777511,,1.62,4.14908238729939,,4.773304795243609,,,,0.14448052,0.0762987,0.06818182,145.1,34,20,,,,,1.548165069887832,0.2753303964757709,0.76687117,,1,0.2640845070422535,1.355504527857346,98.58180588939116,115.48218783574526,,,,-0.4127858281135559,-0.4444296299326661,89,47,1,25,9,2,1
Bill Campbell,1001874,111941,DET,0.4352513253688812,,0.21,3.8802399641299634,,3.794963517611865,,,,0.16157205,0.09170306,0.069869,55.2,34,0,,,,,0.8083833258604091,0.2484848484848484,0.68852459,,3,0.2222222222222222,1.203592951836609,95.44085687878808,90.31770360166972,,,,-0.1688461452722549,-0.8907663559511755,37,21,1,5,0,0,0
Ricky Wright,1014292,124603,TEX,0.4326891601085663,,0.17,5.0338987119237215,,3.5337232309043953,,,,0.1299435,0.11864407,0.01129944,39.1,21,1,,,,,0.2288135778147146,0.3257575757575757,0.67610063,,0,0.282051282051282,1.6525425064396055,118.07091450423928,84.73911159675286,,,,-0.529322013258934,-0.7274216766841767,23,21,0,1,0,0,0
Mark Thurmond,1013052,123329,- - -,0.4326140820048749,,-0.08999999999999986,4.561307593732836,,4.536678760493864,,,,0.09124767,0.08193669,0.00931099,122.1,42,19,,,,,1.0299726824558015,0.2930232558139535,0.68734793,,3,0.2839756592292089,1.504087091840218,122.6887715165242,114.23490059816564,,,,-1.0474360776133835,-0.2394366019022211,49,44,0,14,6,2,1
Doug Jones,1006552,116682,CLE,0.4312948882579803,,0.64,2.5000018543681017,,2.60434451456414,,,,0.15189873,0.07594937,0.07594937,18.0,11,0,,,,,0.0,0.3,0.8,,1,0.25,1.3333343223296543,58.98449259493355,62.65707830346207,,,,0.4997420012950897,-0.0705873799367499,12,6,1,0,0,0,0
Lee Guetterman,1005122,115226,SEA,0.4279116988182068,,-1.91,7.342106184470802,,4.310485182244386,,,,0.10764873,0.08498584,0.02266289,76.0,41,4,,,,,0.8289474724402519,0.3686131386861314,0.56732224,,0,0.3385579937304075,1.8157897015357896,170.82462698257856,98.40842310257231,,,,-1.9243999123573303,-1.4888701518150378,38,30,4,7,2,1,0
Vida Blue,1001094,111119,SFG,0.4120407104492187,,1.14,3.2744682977209405,,4.545479505179755,,,,0.15082956,0.11613876,0.0346908,156.2,28,28,,,,,1.0914894325736468,0.2526766595289079,0.79509072,,0,0.2337883959044368,1.365957535501523,91.71711443659947,122.29914733837886,,,,0.0816459953784942,1.0773705845640236,100,77,0,19,9,0,0
Gene Walter,1013587,123890,SDP,0.4050439298152923,,0.45,3.857143757989943,,3.607746194154752,,,,0.19905213,0.11611374,0.08293839,98.0,57,0,,,,,0.642857292998324,0.2949640287769784,0.71860817,,1,0.2411924119241192,1.408163594186805,105.66271590877396,94.94455042253368,,,,-0.0239341240376234,-0.0187107685149054,84,49,4,7,0,0,0
Mickey Mahler,1007987,118161,- - -,0.3959889328107238,,0.77,4.078125243075206,,4.052261381223802,,,,0.09859155,0.10211268,-0.00352113,64.0,31,5,,,,,0.421875025145711,0.3136363636363636,0.73412698,,3,0.2868525896414343,1.5781250940635856,95.65309206007102,97.12113271984204,,,,-0.1934339855797588,0.0052781320183227,28,29,4,3,1,0,0
Steve Crawford,1002749,112807,BOS,0.3931615650653839,,0.31,3.924418169463161,,3.7826390996502943,,,,0.12903226,0.0766129,0.05241936,57.1,40,0,,,,,0.7848836338926322,0.3333333333333333,0.72839506,,4,0.3013100436681222,1.5348835507233696,90.754141097493,92.35586572116031,,,,0.8613958358764648,0.4800270008001055,32,19,0,5,0,0,0
Mike Birkbeck,1000981,111009,MIL,0.3908673822879791,,0.23,4.500000780279121,,3.2255568382168742,,,,0.13402062,0.12371134,0.01030928,22.0,7,4,,,,,0.0,0.3333333333333333,0.66666667,,0,0.2823529411764706,1.6363639201014988,106.68058229430216,78.56711345119903,,,,0.0230260044336318,-0.1584491650706651,13,12,0,0,0,0,0
Alejandro Pena,1010140,120369,LAD,0.3831094428896904,,-0.06,4.885713220713322,,3.899582487417781,,,,0.14886731,0.09708738,0.05177994,70.0,24,10,,,,,0.7714284032705245,0.3008849557522124,0.67287785,,1,0.2661870503597122,1.4857139618543436,135.59597240465422,107.39139806110975,,,,-0.3212339505553245,0.0537184845444745,46,30,1,6,3,0,0
Doug Bair,1000439,110457,OAK,0.3793265223503113,,0.88,2.9999997456868703,,3.637677898053776,,,,0.21164021,0.0952381,0.11640212,45.0,31,0,,,,,0.9999999152289568,0.2539682539682539,0.83333333,,4,0.2163742690058479,1.2222221186131694,76.63227228134468,89.9645578866734,,,,-0.3392180204391479,-0.7789195876130899,40,18,0,5,0,0,0
Jerry Reed,1010769,120994,SEA,0.3775524459779262,,1.02,3.115385529557897,,4.097934771148525,,,,0.10526316,0.08552632,0.01973684,34.2,11,4,,,,,0.7788463823894742,0.2916666666666667,0.81196581,,0,0.2733812949640288,1.4711542778467848,72.48391096811805,93.579976345133,,,,0.4560600221157074,0.3954408868065397,16,13,0,3,0,0,0
Jesse Orosco,667,120051,NYM,0.3720608353614807,,2.2,2.333333553110151,,3.610517556767994,,,,0.18343195,0.1035503,0.07988166,81.0,58,0,,,,,0.6666667294600432,0.25,0.84401709,,21,0.2133333333333333,1.2222223373434125,65.54827965605416,99.22322919792003,,,,1.4810738563537598,-0.5133534271684785,62,35,3,6,0,0,0
Don Schulze,1011629,121898,CLE,0.3560518277809024,,0.64,4.996063648667778,,4.755263534113471,,,,0.08894879,0.0916442,-0.00269542,84.2,19,13,,,,,0.9566930391065956,0.2724137931034482,0.69055944,,0,0.2650602409638554,1.4409450712469714,117.87602428124876,113.98166990508764,,,,-0.0105959773063659,-0.1827219279937654,33,34,5,9,4,1,0
Ken Howell,1006100,116227,LAD,0.3521624803543091,,-0.11,3.8703069656785063,,3.600362797500741,,,,0.23798627,0.14416476,0.09382151,97.2,62,0,,,,,0.6450511609464178,0.3038461538461538,0.73136428,,12,0.2318059299191374,1.525597190174861,107.41482621017666,99.09825585705129,,,,-2.1464340686798096,-0.6941072444992016,104,63,3,7,0,0,0
Greg Maddux,104,118120,CHC,0.3518191128969192,,0.04,5.516129032258065,,3.900043562919863,,,,0.13888889,0.07638889,0.0625,31.0,6,5,,,,,0.8709677419354839,0.3761467889908257,0.69498069,,0,0.3333333333333333,1.7741935483870968,137.92310478007698,97.9238767869276,,,,-0.6097060143947601,-0.2982395805673686,20,11,1,3,3,1,0
Joaquin Andujar,1000266,110278,OAK,0.3449604804627597,,1.53,3.8240344599788303,,4.927663735988189,,,,0.11128284,0.08655332,0.02472952,155.1,28,26,,,,,1.3326180693865624,0.2357723577235772,0.77338129,,1,0.2367972742759795,1.2553648479728483,97.68149159734284,121.68016944636074,,,,1.2718201354146004,0.7798372884429514,72,56,4,23,13,7,1
Mario Soto,1012289,122547,CIN,0.3437294065952301,,0.05,4.714285714285714,,4.694820828664871,,,,0.14533623,0.09978308,0.04555315,105.0,19,19,,,,,1.2857142857142858,0.2951807228915662,0.71223022,,0,0.2729468599033816,1.5142857142857142,121.30784143417772,121.24824571882206,,,,-1.2713379859924316,0.2278970418646591,67,46,1,15,9,1,1
Jamie Moyer,1091,119469,CHC,0.3416931629180908,,0.78,5.0496181735666825,,4.774828040397681,,,,0.11392405,0.10632911,0.00759494,87.1,16,16,,,,,1.0305343211360576,0.3288135593220339,0.72463768,,0,0.3057142857142857,1.7061068205474732,126.25865210537296,120.0292289654507,,,,0.3431121110916137,1.181208294587679,45,42,3,10,6,1,1
Sergio Valdez,1013320,123606,MON,0.3297300040721893,,-0.49,6.84,,3.651011304855347,,,,0.16666667,0.09166667,0.075,25.0,5,5,,,,,0.72,0.4302325581395348,0.64315353,,0,0.3611111111111111,2.0,186.0386921293751,97.70913115575593,,,,-0.9830960035324096,-0.5346820757414588,20,11,1,2,0,0,0
Joe Sambito,1011392,121645,BOS,0.3247683346271515,,-0.13,4.835821996847579,,3.8008622856654792,,,,0.15,0.08,0.07,44.2,53,0,,,,,0.8059703328079298,0.3378378378378378,0.69277108,,12,0.2967032967032967,1.5671645360154192,111.83081233269814,92.79828354634738,,,,1.1415640115737915,1.1435057815054208,30,16,2,4,0,0,0
Doug Sisk,1012017,122277,NYM,0.3168108761310577,,0.29,3.056603223584153,,3.421954583951972,,,,0.09935897,0.09935897,0.0,70.2,41,0,,,,,0.0,0.3142857142857143,0.72566372,,1,0.2789855072463768,1.5283016117920765,85.86645601098611,94.00526592600976,,,,0.5029460787773132,0.2990296214456941,31,31,5,0,0,0,0
Todd Worrell,1014259,124581,STL,0.3143336474895477,,2.52,2.0836014906317404,,3.706702715000157,,,,0.16976744,0.09534884,0.0744186,103.2,74,0,,,,,0.7813505589869026,0.2516339869281045,0.85788562,,36,0.2216494845360824,1.2250805060658845,56.443812423801354,101.7187993976207,,,,2.5994300842285156,0.3136915402029561,73,41,1,9,0,0,0
Randy St. Claire,1012443,121625,MON,0.313522607088089,,0.61,2.368421528147954,,2.8762744838841448,,,,0.27631579,0.07894737,0.19736842,19.0,11,0,,,,,0.9473686112591816,0.2340425531914893,0.86419753,,1,0.1857142857142857,1.0000002007735806,64.417842618085,76.83331413744844,,,,1.050719976425171,0.575683879106944,21,6,0,2,0,0,0
John Butcher,1001762,111806,- - -,0.3037461889907717,,-1.3599999999999999,6.563536361177838,,4.875983824728037,,,,0.08122744,0.066787,0.01444043,120.2,29,18,,,,,1.2679558879548096,0.3348115299334812,0.62634989,,0,0.327485380116959,1.6988951439917384,153.13823662716837,116.67197575850288,,,,-2.1317659690976143,-0.4988926272103926,45,37,4,17,6,2,1
Jim Slaton,1012054,122313,- - -,0.3017416372895241,,-0.72,5.082353425867463,,4.756305611834825,,,,0.08651911,0.0804829,0.00603622,113.1,36,12,,,,,1.1117648119085075,0.2921914357682619,0.6714472,,2,0.2863436123348017,1.5000001430511611,123.88761522213564,112.92082459360626,,,,-1.009949829429388,-0.7275098892203959,43,40,3,14,5,0,0
Steve Fireovid,1004063,114143,SEA,0.3014613091945648,,0.21,4.285711560932257,,3.1519634436048807,,,,0.11235955,0.04494382,0.06741573,21.0,10,1,,,,,0.4285711560932257,0.3698630136986301,0.69620253,,0,0.3333333333333333,1.5238085549981355,99.7132240200562,72.09061687713984,,,,0.0372320062597282,-0.0120199948309406,10,4,1,1,0,0,0
Drew Hall,1005242,115335,CHC,0.2945896442979574,,0.46,4.563379668735495,,3.911856222039221,,,,0.20792079,0.0990099,0.10891089,23.2,5,4,,,,,1.1408449171838737,0.3134328358208955,0.73825503,,1,0.2637362637362637,1.436619525342656,114.10093718286925,98.2223765851306,,,,0.2720199823379516,0.3562273116719422,21,10,0,3,2,1,0
Mike Trujillo,1013205,123488,- - -,0.2903510052710771,,1.48,3.255319941578303,,4.515692580733915,,,,0.11675127,0.10659898,0.01015229,47.0,14,4,,,,,0.9574470416406774,0.2297297297297297,0.81132075,,1,0.2215909090909091,1.276596055520903,75.5777643448977,103.92777057831285,,,,0.6520200222730637,-0.0385883060626331,23,21,0,5,2,1,1
Jeff Dedmon,1003132,113192,ATL,0.2878107130527496,,1.65,2.9799331864049696,,3.944924378287608,,,,0.13679245,0.09198113,0.04481132,99.2,57,0,,,,,0.7224080451890835,0.2603174603174603,0.73891626,,3,0.2362204724409448,1.294314414297108,74.89060902988462,100.9440885078002,,,,0.947297990322113,0.6854380648114045,58,39,4,8,0,0,0
Pat Clements,1002339,112394,PIT,0.2839227616786957,,1.26,2.803279915666387,,3.639864144213935,,,,0.12109375,0.125,-0.00390625,61.0,65,0,,,,,0.1475410481929677,0.2736842105263158,0.78271028,,2,0.2387387387387387,1.3934432329335842,75.17045545852845,96.08114614411096,,,,-0.6855079531669617,-1.15348006307228,31,32,2,1,0,0,0
Odell Jones,1006579,116712,BAL,0.2734498083591461,,0.64,3.831082661018438,,3.926417186749797,,,,0.14611872,0.10502283,0.04109589,49.1,21,0,,,,,0.7297300306701786,0.3375,0.78249337,,0,0.2959183673469387,1.641892569007902,93.47387266984695,93.06532387220236,,,,-0.2385301142930984,0.3621684990941429,32,23,0,4,0,0,0
Pete Vuckovich,1013461,123762,MIL,0.2731628119945526,,0.56,3.0618557905160095,,4.441114463318625,,,,0.08633094,0.07913669,0.00719425,32.1,6,6,,,,,0.835051579231639,0.2702702702702703,0.66985646,,0,0.2619047619047619,1.3608247957848931,72.58677822121807,107.97925914048324,,,,0.1515019834041595,0.3236846817410563,12,11,2,3,4,0,0
Steve Bedrosian,1000766,110786,PHI,0.2663740217685699,,0.93,3.3874540652710223,,3.811601769350367,,,,0.2152231,0.08923885,0.12598425,90.1,68,0,,,,,1.1955720230368314,0.2648221343873518,0.76923077,,29,0.2276657060518732,1.250922579658907,88.22154106656826,101.56884901706484,,,,2.079007863998413,0.0137783742230365,82,34,0,12,0,0,0
Jim Winn,1014140,124458,PIT,0.2652949467301368,,0.05,3.5795454545454546,,3.8732840321280744,,,,0.18567639,0.10079576,0.08488064,88.0,50,3,,,,,0.9204545454545454,0.2945736434108527,0.72064057,,3,0.2522255192878338,1.3977272727272727,95.98615559185896,102.28508181971928,,,,-2.0335381627082825,-1.3605847572436511,70,38,2,9,1,0,0
Tony Arnold,1000321,110333,BAL,0.2528443038463592,,0.01,3.5526293499662063,,3.521010834292657,,,,0.06730769,0.10576923,-0.03846154,25.1,11,0,,,,,0.0,0.2906976744186046,0.58333333,,0,0.2688172043010752,1.4210517399864824,86.6799421690432,83.508565318022,,,,0.1867220103740692,0.0227480074577962,7,11,0,0,0,0,0
Kevin Brown,642,111554,TEX,0.252691239118576,,0.16,3.6,,1.1710113048553468,,,,0.21052632,0.0,0.21052632,5.0,1,1,,,,,0.0,0.4,0.66666667,,0,0.3157894736842105,1.2,84.43858657871664,28.423600085859995,,,,-0.0253240000456571,-0.0540320194734431,4,0,0,0,0,0,0
Don Gordon,1004873,114966,TOR,0.2526413202285766,,-0.89,7.061538047113387,,3.417165113087944,,,,0.12745098,0.07843137,0.04901961,21.2,14,0,,,,,0.4153845910066698,0.3417721518987341,0.47752809,,1,0.3010752688172043,1.6615383640266792,167.781477459211,82.81974479257754,,,,-1.6520041227340698,-1.656916609130553,13,8,1,1,0,0,0
Bob Woodward,1014249,124570,BOS,0.2524789869785309,,-0.32,5.2990658692433525,,4.453254437948475,,,,0.08695652,0.06832298,0.01863354,35.2,9,6,,,,,1.0093458798558763,0.3206106870229007,0.61068702,,0,0.3087248322147651,1.5981309764384712,122.54355953305728,108.63689249988832,,,,-0.4732079356908798,0.065770335948699,14,11,1,4,2,0,0
Dave Smith,1012117,122371,HOU,0.243777260184288,,1.33,2.732143415480358,,3.5210114581244647,,,,0.20627803,0.09865471,0.10762332,56.0,54,0,,,,,0.8035715927883406,0.2281879194630872,0.81818182,,33,0.195,1.0892859368908616,76.91694825947984,99.57075535596172,,,,1.4465440511703491,-0.0279712884145812,46,22,1,5,0,0,0
Bob Shirley,1011911,122172,NYY,0.2398223057389259,,-0.05,5.041138936227549,,4.384935258073206,,,,0.14096916,0.08810573,0.05286344,105.1,39,6,,,,,1.1107594266264091,0.2844311377245509,0.68524096,,3,0.2627737226277372,1.405063206330842,124.07838233415768,106.17553076393509,,,,0.4335980117321014,0.1074356401138024,64,40,3,13,2,0,0
Bob Owchinko,1009914,120132,MON,0.2368339598178863,,0.31,3.6,,3.437677971522014,,,,0.09677419,0.0483871,0.0483871,15.0,3,3,,,,,0.6,0.3076923076923077,0.75268817,,0,0.288135593220339,1.3333333333333333,97.91510112072378,91.96071761709206,,,,0.2026180326938629,0.034336566357907,6,3,0,1,0,0,0
Bill Landrum,1007297,117462,CIN,0.2296411991119384,,-0.21,6.750004506114153,,1.5710105037683864,,,,0.21538462,0.06153846,0.15384615,13.1,10,0,,,,,0.0,0.4893617021276595,0.59259259,,0,0.3770491803278688,2.025001351834246,173.69088891375046,40.14337727607015,,,,0.0435300096869468,0.3756417936072837,14,4,0,0,0,0,0
Marvin Freeman,1004326,114410,PHI,0.2156348526477813,,0.63,2.25,,3.646011304855347,,,,0.13114754,0.16393443,-0.03278689,16.0,3,3,,,,,0.0,0.1395348837209302,0.75,,0,0.1176470588235294,1.0,58.59812814432871,97.12734338343994,,,,0.2658299803733825,-0.0889408572861192,8,10,0,0,2,0,0
George Frazier,1004308,114393,- - -,0.2107185870409011,,-0.26,5.0553204619245715,,4.200798910248155,,,,0.18232044,0.13812155,0.0441989,78.1,50,0,,,,,0.8042555280334546,0.3319327731092437,0.6918239,,6,0.2765273311897106,1.736170663691267,123.59239392182047,104.07179401265208,,,,-0.1541720032691955,0.7763939448325928,66,50,1,7,0,0,0
Bob Walk,1013507,123810,PIT,0.2087263166904449,,0.93,3.748235462333924,,4.373364317943484,,,,0.13175676,0.10810811,0.02364865,141.2,44,15,,,,,0.8894118046216092,0.2655889145496535,0.73696145,,2,0.2457142857142857,1.3623530023172268,100.50960851066873,115.57643395583128,,,,-1.364316115155816,-1.298594104082356,78,64,3,14,8,1,1
Mike Madden,1007944,118110,HOU,0.2053389847278595,,-0.02,4.084034268040099,,3.9054652681998183,,,,0.16216216,0.11891892,0.04324324,39.2,13,6,,,,,0.6806723780066831,0.3384615384615385,0.75617284,,0,0.2883435582822086,1.7394960771281902,114.9761944065272,110.52004107594426,,,,-0.7370301261544228,-0.1062463749418982,30,22,0,3,1,0,0
Keith Atherton,1000348,110362,- - -,0.2043469846248626,,1.1300000000000001,4.082474588042891,,4.317403194265533,,,,0.15545244,0.10672854,0.0487239,97.0,60,0,,,,,1.0206186470107228,0.2908496732026144,0.75987842,,10,0.2604166666666667,1.5051547723592478,96.64557568242904,103.95127951440762,,,,0.0829758048057556,0.1944033322958679,67,46,1,11,0,0,0
Randy Niemann,1009589,119792,NYM,0.2014554301276803,,0.06,3.78504760609598,,3.499983436399758,,,,0.11392405,0.07594937,0.03797468,35.2,31,1,,,,,0.5046730141461307,0.3333333333333333,0.73308271,,0,0.3013698630136986,1.5700938217879623,106.33000098299505,96.16450047848528,,,,-0.5711579248309135,-0.5837261066098219,18,12,0,2,1,0,0
Jim Beattie,1000731,110748,SEA,0.1923315599560737,,0.06,6.024792438728957,,5.101589449878071,,,,0.12765957,0.07446809,0.05319149,40.1,9,7,,,,,1.5619832248556555,0.3571428571428571,0.7165109,,0,0.3333333333333333,1.7603303010278022,140.17543401512577,116.37971196603884,,,,-0.7508838959038258,0.2945889047465552,24,14,3,7,1,0,0
Ed Olwine,1009797,120008,ATL,0.1911768019199371,,0.69,3.3986023958813423,,3.715067525933497,,,,0.1957672,0.08994709,0.10582011,47.2,37,0,,,,,0.9440562210781506,0.2325581395348837,0.7173913,,1,0.2046783625730994,1.0909094110236408,85.41245301712253,95.02513134435544,,,,0.577888011932373,0.3645647084434655,37,17,1,5,0,0,0
Dave Vonohlen,1013454,123754,OAK,0.1830946058034896,,0.06,3.5217416128742145,,3.618837989436176,,,,0.05882353,0.10294118,-0.04411765,15.1,24,0,,,,,0.0,0.3157894736842105,0.72,,1,0.2950819672131147,1.6304359318862105,89.95969502008346,89.50135960498326,,,,0.3571979999542236,0.2736768120384029,4,7,0,0,0,0,0
Curt Brown,1001507,111540,MON,0.1828913986682891,,0.02,3.7499991059305415,,2.6043446779251007,,,,0.0754717,0.03773585,0.03773585,12.0,6,0,,,,,0.0,0.3191489361702128,0.64705882,,0,0.2941176470588235,1.4166663289070935,101.99487268328129,69.50597830241152,,,,-0.3948040008544922,-0.5490291897034701,4,2,0,0,0,0,0
Terry Mulholland,665,119488,SFG,0.1675411090254783,,-0.65,4.939024964661129,,4.472231014905291,,,,0.11020408,0.14285714,-0.03265306,54.2,15,10,,,,,0.4939024964661129,0.2681564245810056,0.65217391,,0,0.2440191387559808,1.5731709146698412,138.34096919012282,120.31750991169254,,,,-0.8927800059318542,-0.3191205886829803,27,35,1,3,4,0,0
Bert Roberge,1011022,121268,MON,0.1642051786184311,,-0.59,6.279070324482614,,3.4338020613285116,,,,0.15625,0.078125,0.078125,28.2,21,0,,,,,0.6279070324482614,0.3263157894736842,0.58252427,,1,0.282051282051282,1.5000001330708466,170.7821682682919,91.85627854850938,,,,-1.1047539710998535,-0.5474934744655493,20,10,1,2,0,0,0
Bill Latham,1007372,117529,MIN,0.1605920884758234,,-0.32,7.312500435858991,,3.896011371910576,,,,0.1038961,0.07792208,0.02597403,16.0,7,2,,,,,0.5625000335276147,0.3770491803278688,0.57432432,,0,0.3428571428571428,1.8750001117587156,169.08727373389806,93.22540680927122,,,,-0.4027840048074722,-0.2594934411314171,8,6,1,1,0,0,0
Ed Whitson,1013911,124223,- - -,0.1574856713414192,,-1.7,6.230769265929731,,4.572786462951836,,,,0.13878327,0.11406844,0.02471483,112.2,31,16,,,,,1.038461544321622,0.331578947368421,0.63053097,,0,0.2982832618025751,1.766272199316263,163.79953989705027,117.00959984514334,,,,-2.828620126470923,-1.444605391286677,73,60,0,13,5,0,0
Greg Booker,1001179,111208,SDP,0.1573698371648788,,0.1,1.6363636363636365,,2.589193123037165,,,,0.14893617,0.08510638,0.06382979,11.0,9,0,,,,,0.0,0.2777777777777778,0.64285714,,0,0.2325581395348837,1.2727272727272727,44.826596279793115,67.95344034489847,,,,0.142764002084732,0.4167789178797629,7,4,0,0,0,0,0
Carlos Diaz,1003262,113326,LAD,0.1515072435140609,,-0.03,4.263158429692724,,3.205221885657384,,,,0.15929204,0.0619469,0.09734513,25.1,19,0,,,,,0.7105264049487873,0.3604651162790697,0.69892473,,0,0.3113207547169811,1.5789475665528607,118.31785589430991,88.14657091457025,,,,-0.551829993724823,-0.7271360901790356,18,7,0,2,0,0,0
Joel McKeon,1008595,118779,CHW,0.1508039087057113,,0.93,2.4545454545454546,,4.013435547279589,,,,0.13953488,0.13178295,0.00775194,33.0,30,0,,,,,0.5454545454545454,0.1739130434782608,0.77639752,,1,0.1607142857142857,1.0606060606060606,56.93567489370984,96.23119824793125,,,,0.1507501006126403,-0.8058415266855884,18,17,0,2,0,0,0
Mark Grant,1004951,115047,SFG,0.143996441620402,,0.06,3.6,,3.271011304855347,,,,0.12820513,0.12820513,0.0,10.0,4,1,,,,,0.0,0.2068965517241379,0.63636364,,0,0.1764705882352941,1.1,100.83518359349137,87.82015841422258,,,,0.003796019940637,-0.230732549421914,5,5,0,0,1,0,0
Willie Fraser,1004306,114390,CAL,0.1383629143238067,,-0.11,8.307698402183535,,2.540241904794694,,,,0.1,0.05,0.05,4.1,1,1,,,,,0.0,0.3529411764705882,0.42857143,,0,0.3157894736842105,1.615385800424576,201.79158080735783,60.50309705257786,,,,-0.1235359981656074,-0.101156105258935,2,1,0,0,0,0,0
Bob Stoddard,1012555,122815,SDP,0.1322830468416214,,0.52,2.3142864079380168,,3.4138686403936847,,,,0.16666667,0.10784314,0.05882353,23.1,18,0,,,,,0.3857144013230028,0.2638888888888889,0.81699346,,1,0.2222222222222222,1.328571826779232,63.39763374049726,89.80689923524125,,,,-0.4342939257621765,-0.8765712824235378,17,11,1,1,0,0,0
Tom Gorman,1004887,114981,PHI,0.1317693889141082,,-0.29,7.714284242902764,,2.6852970354897607,,,,0.13114754,0.08196721,0.04918033,11.2,8,0,,,,,0.0,0.4375,0.61538462,,0,0.375,2.228571003505243,200.9078296032853,71.35884365307406,,,,-0.3720139861106872,-1.1206206579219449,8,5,0,0,0,0,0
Bryan Clark,1002270,112318,CHW,0.1304116547107696,,0.04,4.500002413989408,,2.2710110366343015,,,,0.16129032,0.06451613,0.09677419,8.0,5,0,,,,,0.0,0.3333333333333333,0.6,,0,0.2758620689655172,1.2500006705526134,104.38212663340424,54.67522438215908,,,,-0.0802979990839958,-0.5961316299519925,5,2,0,0,0,0,0
Cliff Speck,1012310,122567,ATL,0.124262124300003,,0.26,4.129411394059898,,3.9004229681879687,,,,0.17073171,0.12195122,0.04878049,28.1,13,1,,,,,0.6352940606245996,0.2738095238095238,0.73298429,,0,0.2336448598130841,1.411764579165777,103.77888190479156,99.7981494705473,,,,0.1320840131375007,0.4415281264708652,21,15,1,2,0,0,0
Steve Ontiveros,1009826,120036,OAK,0.1128804236650466,,-0.74,4.7064207006554,,4.147157708555756,,,,0.17704918,0.08196721,0.09508197,72.2,46,0,,,,,1.2385317633303683,0.2883720930232558,0.69047619,,10,0.2580645161290322,1.334862011589397,120.22124772567447,102.49063630723778,,,,0.8226799368858337,0.3117217271543112,54,25,1,10,0,0,0
Craig McMurtry,1008651,118837,ATL,0.1116677336394786,,0.22,4.744770480330142,,4.352601464965394,,,,0.14044944,0.12078652,0.01966292,79.2,37,5,,,,,0.7907950800550236,0.2952755905511811,0.69112628,,0,0.2636655948553054,1.569037857252031,119.24386513095877,111.44202749830872,,,,-1.1352259516716003,-0.1734201391713761,50,43,2,7,2,0,0
Brad Arnsberg,1000323,110336,NYY,0.1111041139811277,,0.15,3.375,,4.021011304855347,,,,0.07692308,0.02564103,0.05128205,8.0,2,1,,,,,1.125,0.3529411764705882,0.87301587,,0,0.3421052631578947,1.75,83.06943047500245,97.40657513196344,,,,0.0357560018310323,0.1916552778933546,3,1,0,1,0,0,0
Dennis Powell,1010484,120713,LAD,0.1014839261770248,,0.54,4.270408745062326,,4.010807392131506,,,,0.11397059,0.09191176,0.02205882,65.1,27,6,,,,,0.6887756040423106,0.2857142857142857,0.70238095,,0,0.2642276422764227,1.3775512080846213,118.5190780124264,110.47409610039828,,,,-0.2216520011425018,-0.5657379475638831,31,25,1,5,2,0,0
Roy Lee Jackson,1006311,116443,MIN,0.0978022664785385,,0.61,3.8571431934590534,,4.211011430413393,,,,0.12851406,0.06425703,0.06425703,58.1,28,0,,,,,1.080000094168535,0.2617801047120419,0.70996979,,1,0.2478260869565217,1.251428680544493,89.18889410044052,100.72149803034274,,,,0.6875700354576111,1.0673308258891698,32,16,3,7,0,0,0
Charles Hudson,1006134,116261,PHI,0.0933865904808044,,-0.37,4.93750019619863,,4.6460113793611555,,,,0.12852665,0.09090909,0.03761756,144.0,33,23,,,,,1.2500000496705392,0.303347280334728,0.6974359,,0,0.2844827586206896,1.5486111726473903,128.59034187088687,123.94957604090344,,,,-2.0161920338869095,-0.524180268647255,82,58,0,20,11,0,0
Ray Hayward,1005535,115651,SDP,0.0907701402902603,,-0.55,9.0,,4.071011304855347,,,,0.11764706,0.07843137,0.03921569,10.0,3,3,,,,,0.9,0.375,0.43010753,,0,0.3404255319148936,2.0,246.54627953886205,107.2208273811096,,,,-0.7663739919662476,-0.1824818299712514,6,4,0,1,1,0,0
Chuck Cary,1002027,112073,DET,0.0896799191832542,,-0.12,3.4105272059561815,,4.097327440504973,,,,0.15,0.10714286,0.04285714,31.2,22,0,,,,,0.8526318014890454,0.297029702970297,0.68493151,,0,0.264,1.5157898693138585,83.8875023075698,97.473236049441,,,,-0.6320120096206665,-0.8206907910802729,21,15,0,3,0,0,0
Mark Huismann,1006171,116298,- - -,0.0834517981857061,,1.35,3.791096385680994,,4.630600588888572,,,,0.17647059,0.06127451,0.11519608,97.1,46,1,,,,,1.7568495445838752,0.2714776632302405,0.79055441,,5,0.256544502617801,1.2636987952269978,88.54853744510314,106.57362523026308,,,,-0.144564151763916,-0.0425671207290709,72,25,1,19,0,0,0
Karl Best,1000925,110952,SEA,0.0793570652604103,,0.33,4.037383465446648,,4.425217030281404,,,,0.14110429,0.12883436,0.01226994,35.2,26,0,,,,,0.7570093997712465,0.2782608695652174,0.71969697,,1,0.2482269503546099,1.5700935698959186,93.93551484304284,101.01475360446685,,,,-1.3602440357208252,-1.4353329016197638,23,21,1,3,0,0,0
Aurelio Lopez,1007753,117916,HOU,0.0765929222106933,,0.37,3.461538800121092,,3.6043447196993137,,,,0.13707165,0.07788162,0.05919003,78.0,45,0,,,,,0.6923077600242185,0.2357723577235772,0.70719603,,7,0.2162162162162162,1.1410257526325085,97.45132677827765,101.94409557798274,,,,-0.2075559645891189,0.2289154818728158,44,25,0,6,0,0,0
Bud Black,1001007,111034,KCR,0.0749852508306503,,2.2,3.198346502443455,,4.390845709193634,,,,0.13518887,0.08548708,0.04970179,121.0,56,4,,,,,1.0413221170746132,0.2318059299191374,0.77453988,,9,0.2207505518763796,1.18181795826722,75.8982003125698,107.41727785954104,,,,1.2599799633026123,0.4491093450206442,68,43,7,14,0,0,0
Ron Meridith,1008782,118970,TEX,0.0665699243545532,,0.08,3.000004053121321,,2.4376775211752,,,,0.2,0.1,0.1,3.0,5,0,,,,,0.0,0.2857142857142857,0.66666667,,0,0.2222222222222222,1.0000013510404402,70.3655838822182,58.614735576890226,,,,0.0621980018913745,-0.0173865947759697,2,1,0,0,0,0,0
Jeff Lahti,1007257,117412,STL,0.066506028175354,,0.12,0.0,,1.485296843976367,,,,0.3,0.1,0.2,2.1,4,0,,,,,0.0,0.5,1.0,,0,0.3333333333333333,1.71428594783864,0.0,40.347691638706706,,,,-0.0666200071573257,-0.0828293769283826,3,1,0,0,0,0,0
David Cone,1680,112552,KCR,0.0658062621951103,,-0.06,5.558825556382915,,3.9180705466486465,,,,0.19444444,0.12037037,0.07407407,22.2,11,0,,,,,0.7941179366261307,0.380281690140845,0.72139303,,0,0.3085106382978723,1.8529418521276384,131.91342941068402,95.90769863570144,,,,-0.3439239859580993,-0.9355357071106096,21,13,1,2,0,0,0
Larry McWilliams,1008700,118884,PIT,0.0620632618665695,,-0.96,5.149864777270644,,4.536679228490996,,,,0.14678899,0.08990826,0.05688073,122.1,49,15,,,,,1.1771119490904332,0.2875318066157761,0.67650677,,0,0.263803680981595,1.455041159292341,138.09455084874858,119.91708894011086,,,,-2.311112016439438,-0.7186927863171393,80,49,7,16,5,0,0
Stan Fansler,1003926,114003,PIT,0.0588771477341651,,0.17,3.75,,4.646011304855348,,,,0.13131313,0.15151515,-0.02020202,24.0,5,5,,,,,0.75,0.2608695652173913,0.71428571,,0,0.238095238095238,1.4583333333333333,100.556924905757,122.82296459238016,,,,-0.3482359051704407,-0.3661904178184902,13,15,0,2,1,0,0
Mike Smith,1012182,122434,CIN,0.0546208429150283,,-0.23,13.500013840212706,,3.071011612415629,,,,0.05555556,0.05555556,0.0,3.1,2,1,,,,,0.0,0.4375,0.375,,0,0.4117647058823529,2.4000024604822587,347.38190206103314,79.08856918199935,,,,-0.342109986464493,-0.3109942377648412,1,1,0,0,0,0,0
Jeff Reardon,1010741,120971,MON,0.0519437417387962,,0.14,3.9438195485628023,,3.928314477225628,,,,0.18206522,0.07065217,0.11141304,89.0,62,0,,,,,1.2134829380193235,0.2709923664122137,0.72961373,,35,0.2434017595307918,1.2247188911491325,107.26652497205944,105.18125604810484,,,,0.8711499571800232,0.6376235385291071,67,26,1,12,0,0,0
Terry Leach,1007427,117581,NYM,0.0501726530492305,,0.02,2.70000025749209,,2.9210113191604634,,,,0.13333333,0.1,0.03333333,6.2,6,0,,,,,0.0,0.2608695652173913,0.66666667,,0,0.2222222222222222,1.350000128746045,75.848723691308,80.14303455599807,,,,0.0228060074150562,0.1254308810870021,4,3,0,0,0,0,0
Frank Wills,1014051,124370,CLE,0.0496549606323242,,-0.02,4.909092456752196,,4.308201872121186,,,,0.17582418,0.08791209,0.08791209,40.1,26,0,,,,,1.3388433972960534,0.2890625,0.71146245,,4,0.2590361445783132,1.4628103785271696,115.82404515309172,103.31401714180252,,,,0.3081219792366028,0.2927040142996637,32,16,0,6,0,0,0
Bryan Clutterbuck,1002365,112418,MIL,0.0422641262412071,,0.38,4.288234909216047,,4.218069998500268,,,,0.152,0.064,0.088,56.2,20,0,,,,,1.2705881212491992,0.3225806451612903,0.72192513,,0,0.293103448275862,1.4823528081240658,101.66029284589293,102.58238106662246,,,,-0.0198340062052011,0.7619044515882077,38,16,2,8,0,0,0
Eric Bell,1000803,110819,BAL,0.0316477343440055,,0.09,5.014284348001658,,5.256724913266424,,,,0.17142857,0.13333333,0.03809524,23.1,4,4,,,,,1.5428567224620486,0.2753623188405797,0.73248408,,0,0.2527472527472527,1.5857138536415498,122.3425903712856,124.4250439851824,,,,-0.2699760794639587,-0.0853067652231114,18,14,0,4,3,0,0
Jack Lazorko,1007420,117576,DET,0.0298613924533128,,0.04,4.04999806881043,,3.671010875702109,,,,0.09677419,0.12903226,-0.03225807,6.2,3,0,,,,,0.0,0.3333333333333333,0.75,,0,0.2962962962962963,1.7999991416935246,99.616335489028,87.38432734869069,,,,-0.110554002225399,-0.4051010718534319,3,4,0,0,0,0,0
Bryan Kelly,1006796,116938,DET,0.0293346792459487,,0.04,4.5000002413988245,,5.071011428236968,,,,0.20454545,0.11363636,0.09090909,20.0,6,4,,,,,1.8000000965595295,0.3035714285714285,0.78740157,,0,0.2692307692307692,1.550000083148484,110.6848759262642,120.5157581249158,,,,-0.3978080078959465,0.0055444356383463,18,10,0,4,2,0,0
Barry Jones,1006526,116664,PIT,0.02745215408504,,0.28,2.892858423749362,,3.9495832552717536,,,,0.18238994,0.13207547,0.05031447,37.1,26,0,,,,,0.7232146059373405,0.2452830188679245,0.74235808,,3,0.2101449275362318,1.3392863072913712,77.57251927465364,104.31299587928042,,,,-1.3619760274887085,-1.139628779404179,29,21,0,3,0,0,0
Ed Vosberg,1426,123756,SDP,0.0273152915760874,,-0.26,6.5853643218798,,4.5271084573566265,,,,0.12307692,0.13846154,-0.01538462,13.2,5,3,,,,,0.6585364321879801,0.3404255319148936,0.6097561,,0,0.3035714285714285,1.9024385818763867,180.39967477415848,119.30715729198066,,,,-0.4070060588419437,0.0374058055840265,8,9,0,1,0,0,0
Paul Mirabella,1008989,119181,SEA,0.024998290464282,,-0.37,8.526313649650962,,4.349958277012933,,,,0.17647059,0.08823529,0.08823529,6.1,8,0,,,,,1.421052274941827,0.5,0.61643836,,0,0.4193548387096774,2.5263151554521373,198.37691149424228,99.3051220807518,,,,-0.529092013835907,-0.7247784117655792,6,3,0,1,0,0,0
Wes Gardner,1004532,114614,BOS,0.0202490705996751,,-0.02,9.0,,0.7710113048553469,,,,0.25,0.0,0.25,1.0,1,0,,,,,0.0,0.3333333333333333,0.0,,0,0.25,1.0,208.1295199968889,19.240340360455647,,,,0.0002920209954027,0.0175544601993978,1,0,0,0,0,0,0
Bill Earley,1003628,113698,STL,0.0184952542185783,,0.23,0.0,,3.437677971522014,,,,0.18181818,0.18181818,0.0,3.0,3,0,,,,,0.0,0.0,1.0,,0,0.0,0.6666666666666666,0.0,94.28641311595388,,,,-0.0334599986672401,-0.2432057972037781,2,2,0,0,0,0,0
Roy Smith,1012202,122427,MIN,0.0183287113904953,,-0.18,6.967744079018894,,4.22262465465095,,,,0.16,0.1,0.06,10.1,5,0,,,,,0.8709680098773618,0.3428571428571428,0.625,,0,0.2954545454545454,1.7419360197547236,161.11545711770182,100.99785921157311,,,,-0.7175319790840149,-0.4441339948881244,8,5,1,1,0,0,0
Manny Hernandez,1005708,115828,HOU,0.0173749327659606,,-0.07,3.903613605629582,,4.361372403445177,,,,0.072,0.096,-0.024,27.2,9,4,,,,,0.6506022676049303,0.3039215686274509,0.71090047,,0,0.2920353982300885,1.6265056690123258,109.89688316798048,123.50432515574497,,,,-0.2900440022349357,-0.0116285429821847,9,12,0,2,1,0,0
Rich Yett,1014342,124666,CLE,0.0169845912605524,,-0.22,5.148305126354291,,4.601519794225761,,,,0.14285714,0.10571429,0.03714286,78.2,39,3,,,,,1.1440678058565092,0.2936507936507936,0.68518519,,1,0.2692307692307692,1.538135605651529,121.46797614222513,110.3130823900186,,,,-1.413883924484253,-1.0880303869416723,50,37,1,10,1,1,1
Tim Conroy,1002543,112597,STL,0.0140890628099441,,-1.56,5.228323022117003,,4.626502393964864,,,,0.1539961,0.10916179,0.04483431,115.1,25,21,,,,,1.1705200795784334,0.2972222222222222,0.68125,,0,0.2687224669603524,1.5433524012219344,141.63288194900412,127.130240841386,,,,-2.2689819037914276,-0.1180333363392525,79,56,3,15,8,1,0
Rocky Childress,1002189,112241,PHI,0.0135987643152475,,-0.09,6.750001609325793,,3.1460113942623353,,,,0.08333333,0.08333333,0.0,2.2,2,0,,,,,0.0,0.4,0.4,,0,0.3636363636363636,1.8750004470349424,175.79442634564347,83.71623045200907,,,,-0.0363480001688003,-0.1726048593678961,1,1,0,0,0,0,0
Jeff Russell,1011314,121569,TEX,0.0130784334614872,,0.66,3.4024387078225944,,4.368572131825812,,,,0.15976331,0.09171598,0.06804734,82.0,37,0,,,,,1.2073169608402754,0.2614107883817427,0.72847682,,2,0.2418300653594771,1.280487685739686,79.80475428034858,104.63783152589596,,,,0.4262998700141907,0.4184682689836456,54,31,1,11,0,0,0
Greg Gross,1005086,115188,PHI,0.0103639708831906,,0.02,0.0,,1.2710097402317897,,,,0.5,0.25,0.25,0.2,1,0,,,,,0.0,1.0,1.0,,0,0.3333333333333333,3.0000031292471148,0.0,33.42450360149872,,,,3.9999999899e-06,,2,1,0,0,0,0,0
Dave Rozema,1011273,121523,TEX,0.0099324015900492,,-0.25,5.906251936220268,,4.271011796593827,,,,0.05769231,0.05769231,0.0,10.2,6,0,,,,,0.8437502766028954,0.4,0.63106796,,0,0.3877551020408163,2.0625006761404108,138.53210152006886,102.3124696731919,,,,-0.367136001586914,-0.2594653983399514,3,3,0,1,0,0,0
Bill Swaggerty,1012751,123014,BAL,0.00432841014117,,-0.09,18.0,,3.771011304855347,,,,0.11111111,0.11111111,0.0,1.0,1,0,,,,,0.0,0.8571428571428571,0.71428571,,0,0.75,7.0,439.1786492046008,89.4018970853176,,,,-0.0475759990513324,0.0040077932387651,1,1,0,0,0,0,0
Sal Butera,1001765,111808,CIN,0.0012263100361451,,0.03,0.0,,3.771011304855347,,,,0.25,0.25,0.0,1.0,1,0,,,,,0.0,0.0,1.0,,0,0.0,1.0,0.0,97.26297065343678,,,,0.0001740000006975,,1,1,0,0,0,0,0
Fernando Arroyo,1000327,110340,OAK,0.0,,0.0,0.0,,11.771011304855346,,,,0.0,1.0,-1.0,0.0,1,0,,,,,0.0,0.0,1.0,,0,0.0,3.0,0.0,289.9308175384808,,,,-0.4560959935188293,-0.002453502063176,0,3,0,0,0,0,0
Jose Roman,1011166,121415,CLE,-0.0022490350529551,,-0.53,6.545454545454546,,6.180102213946256,,,,0.08571429,0.16190476,-0.07619048,22.0,6,5,,,,,1.2272727272727273,0.2666666666666666,0.57065217,,0,0.264367816091954,1.818181818181818,147.71757623385946,144.44393408339826,,,,-0.3652780149132013,0.1517502504550065,9,17,1,3,1,0,0
Tippy Martinez,1008200,118367,BAL,-0.0038414457812905,,-0.08,5.6250056996999325,,4.458513014765327,,,,0.14864865,0.16216216,-0.01351351,16.0,14,0,,,,,0.5625005699699932,0.34,0.6993007,,1,0.2903225806451613,1.8750018998999771,137.2434669423554,105.6085692486268,,,,0.0660619661211967,0.1508703882634995,11,12,0,1,0,0,0
Reggie Ritter,1010994,121239,CLE,-0.0039005689322948,,-0.22,6.3,,4.371011304855347,,,,0.125,0.08333333,0.04166667,10.0,5,0,,,,,0.9,0.3611111111111111,0.51136364,,0,0.3255813953488372,1.8,148.64081108532108,104.81275719408303,,,,0.0007719988934695,0.2801932594868042,6,4,1,1,0,0,0
Urbano Lugo,1007823,117992,CAL,-0.0045031234622001,,0.2,3.796875650645345,,5.2085117225535935,,,,0.10465116,0.06976744,0.03488372,21.1,6,3,,,,,1.687500289175709,0.2537313432835821,0.79439252,,0,0.2625,1.2656252168817816,92.22500656394952,123.52221118718552,,,,0.0437280088663101,0.5146761582739708,9,6,0,4,2,0,0
Vance Law,1007409,117551,MON,-0.01070789527148,,0.02,2.25,,4.271011304855347,,,,0.0,0.125,-0.125,4.0,3,0,,,,,0.0,0.2142857142857142,0.6,,0,0.2142857142857142,1.25,61.196938200452344,114.4154580024978,,,,-0.0007340000011026,-0.1024423099009844,0,2,0,0,0,0,0
Jeff Sellers,1011733,121989,BOS,-0.0156924277544021,,-0.54,4.939024849777673,,5.1612554296860225,,,,0.13934426,0.10928962,0.03005465,82.0,14,13,,,,,1.4268294010468834,0.2972972972972973,0.67073171,,0,0.2786377708978328,1.5853660011632036,114.21743013743703,125.82555856156394,,,,-0.8166679901769385,0.1950883285412222,51,40,3,13,7,1,0
Craig Reynolds,1010867,121107,HOU,-0.0195110067725181,,-0.1,27.0,,6.771011304855347,,,,0.125,0.25,-0.125,1.0,1,0,,,,,0.0,0.6,0.4,,0,0.5,5.0,760.1202745211036,192.1310993535439,,,,-0.0002280000044265,,1,2,0,0,0,0,0
Randy Lerch,1007551,117701,PHI,-0.0207619052380323,,-0.43,7.87500657141757,,4.146012452245716,,,,0.11904762,0.16666667,-0.04761905,8.0,4,0,,,,,0.0,0.3333333333333333,0.52941176,,0,0.2857142857142857,2.1250017732396618,205.0936196486033,110.53848948853484,,,,-0.1614260077476501,-0.0611874394482706,5,7,0,0,0,0,0
Jim Gott,1004898,114992,SFG,-0.0215464038774371,,-0.69,7.615389364008507,,4.386396927523817,,,,0.13636364,0.1969697,-0.06060606,13.0,9,2,,,,,0.0,0.3636363636363636,0.5862069,,1,0.3018867924528302,2.2307706217802696,213.3053290710331,117.99538641940956,,,,-0.6223320290446281,-0.1544244809755838,9,13,0,0,0,0,0
John Habyan,1005176,115281,BAL,-0.0255735777318477,,-0.1,4.443036901972106,,5.239365139284295,,,,0.11965812,0.15384615,-0.03418803,26.1,6,5,,,,,1.0253162081474092,0.2560975609756097,0.66137566,,0,0.2424242424242424,1.5949363237848586,108.40483027635024,124.01581712552216,,,,-0.6548380944877863,-0.4739210123119742,14,18,0,3,2,0,0
Jeff Bittiger,1001000,111028,PHI,-0.041935808956623,,-0.13,5.522726075708633,,5.089192620584896,,,,0.11764706,0.10294118,0.01470588,14.2,3,3,,,,,1.227272461268585,0.28,0.66037736,,0,0.2666666666666666,1.5681814782876364,143.83173790684447,135.83668551677135,,,,-0.2020520120859146,0.2155098099369045,8,7,1,2,1,0,0
Rafael Montalvo,1009061,119257,HOU,-0.043244831264019,,-0.04,9.0,,8.771011304855346,,,,0.0,0.33333333,-0.33333333,1.0,1,0,,,,,0.0,0.25,0.66666667,,0,0.25,3.0,253.37342484036787,249.0913137305919,,,,-0.0005760050262324,0.0657134010745636,0,2,0,0,0,0,0
Randy Myers,1009427,119626,NYM,-0.0486028082668781,,0.04,4.21875100582862,,4.364761684835048,,,,0.24528302,0.16981132,0.0754717,10.2,10,0,,,,,0.8437502011657241,0.3448275862068966,0.81632653,,0,0.2558139534883721,1.8750004470349424,118.51364772118366,120.09486746036832,,,,0.0132580017670989,0.1925014148221696,13,9,1,1,0,0,0
Frank Pastore,1010048,120275,MIN,-0.0506076929159462,,0.1,4.013513791530669,,4.554795212202311,,,,0.08071749,0.10762332,-0.02690583,49.1,33,1,,,,,0.7297297802783034,0.2824858757062147,0.69060773,,2,0.271356783919598,1.581081190602991,92.80465841416432,108.90255869700805,,,,0.1682820618152618,0.4332924961150617,18,24,0,4,0,0,0
Ed Nunez,1009658,119866,SEA,-0.0508540868759155,,-0.1,5.815387345715964,,4.894089224719905,,,,0.1827957,0.05376344,0.12903226,21.2,14,1,,,,,2.0769240520414156,0.303030303030303,0.65217391,,0,0.2840909090909091,1.384616034694277,135.30332429572988,111.66598883481886,,,,-0.753432035446167,-0.2454204839241612,17,5,0,5,0,0,0
John Smiley,1012084,122342,PIT,-0.0587867200374603,,0.02,3.8571446438233226,,4.485297813221268,,,,0.21428571,0.0952381,0.11904762,11.2,12,0,,,,,1.542857857529329,0.074074074074074,0.38461538,,0,0.1052631578947368,0.6857146033463685,103.43002781322257,118.55145125557743,,,,0.2434840053319931,0.2786250562176788,9,4,0,2,0,0,0
Charlie Puleo,1010565,120798,ATL,-0.067763764411211,,0.58,2.958904496141263,,5.031285572741034,,,,0.18556701,0.12371134,0.06185567,24.1,5,3,,,,,1.4794522480706316,0.1451612903225806,0.78431373,,0,0.1547619047619047,1.0273973944934942,74.36212354969513,128.91856613656574,,,,0.155808025971055,-0.1075788926569202,18,12,1,4,1,1,0
Rick Ownbey,1009926,120145,STL,-0.0707689970731735,,-0.09,3.796875565778549,,4.294449031865258,,,,0.13513514,0.1027027,0.03243243,42.2,17,3,,,,,0.8437501257285663,0.3185185185185185,0.76923077,,0,0.2865853658536585,1.5468752305023716,102.85562435758337,117.9565536134268,,,,-0.3789419680833816,0.9361975884946224,25,19,2,4,2,0,0
George Riley,1010966,121209,MON,-0.071592278778553,,0.05,4.15384874400464,,4.732550989524205,,,,0.11627907,0.18604651,-0.06976744,8.2,10,0,,,,,0.0,0.2413793103448276,0.75,,0,0.2058823529411764,1.7307703100019334,112.97903328039048,126.85196255865928,,,,-0.198865994811058,-0.0733983150526217,5,8,1,0,0,0,0
Tom Dozier,1003472,113535,OAK,-0.0770979300141334,,-0.15,5.684213379414899,,5.928907626752514,,,,0.13333333,0.16666667,-0.03333333,6.1,4,0,,,,,1.4210533448537248,0.25,0.52083333,,0,0.24,1.7368429770434417,145.1980747741206,146.29676707260992,,,,-0.1393519937992096,-0.4003419980873454,4,5,0,1,0,0,0
John Mitchell,1009003,119193,NYM,-0.0775479096919298,,0.1,3.6,,4.871011304855347,,,,0.05,0.1,-0.05,10.0,4,1,,,,,0.9,0.2727272727272727,0.79365079,,0,0.2777777777777778,1.4,101.1316219437467,134.10393766240537,,,,-0.2177720107138157,-0.1244116782265279,2,4,0,1,0,0,0
Juan Agosto,1000084,110088,- - -,-0.0827583074569702,,-1.5,8.64000004119873,,4.731011314201355,,,,0.08633094,0.1294964,-0.04316547,25.0,26,1,,,,,0.3600000017166138,0.4528301886792453,0.57692308,,1,0.4117647058823529,2.680000012779236,199.888184695185,113.13588414452208,,,,-0.583532027900219,0.4633867692713416,12,18,2,1,0,0,0
Jaime Cocanower,1002380,112433,MIL,-0.0848619900643825,,0.04,4.432836073282502,,4.763548731734856,,,,0.10731707,0.18536585,-0.07804878,44.2,17,2,,,,,0.2014925487855682,0.2746478873239437,0.64885496,,0,0.2424242424242424,1.7462687561415915,105.0883225588314,115.78101487960924,,,,-0.5711440145969391,-0.189225204225689,22,38,2,1,1,0,0
Luis Aquino,1000285,110298,TOR,-0.0852543637156486,,-0.15,6.3529381471536155,,4.976892605950352,,,,0.1,0.06,0.04,11.1,7,0,,,,,1.588234536788404,0.3,0.63380282,,0,0.2978723404255319,1.4999992847446038,150.9452107210747,120.38557305408956,,,,-0.4057560265064239,0.0779116003454469,5,3,0,2,0,0,0
Alan Hargesheimer,1005357,115469,KCR,-0.0866883695125579,,-0.09,6.230767802374225,,5.001780024223896,,,,0.06557377,0.1147541,-0.04918033,13.0,5,1,,,,,0.6923075335971361,0.3541666666666667,0.69105691,,0,0.3396226415094339,1.923076482214267,147.85892097820627,122.2903030446022,,,,-0.5530680119991302,-0.5196306150466498,4,7,1,1,0,0,0
Bill Krueger,1007175,117332,OAK,-0.0882496684789657,,-0.66,6.029125097121989,,4.83897208695999,,,,0.06711409,0.08724832,-0.02013423,34.1,11,3,,,,,1.0485434951516504,0.2950819672131147,0.5907173,,1,0.2941176470588235,1.5436890345288186,154.0085317424442,119.4995952055841,,,,-0.8055198937654495,-0.5135977363514634,10,13,0,4,0,0,0
Ray Soff,1012263,122520,STL,-0.0904148817062377,,-0.04,3.286956957869416,,3.9970984240606056,,,,0.13580247,0.08024691,0.05555556,38.1,30,0,,,,,0.9391305593912618,0.2682926829268293,0.74324324,,0,0.2483221476510067,1.3043479991545304,89.04216224132117,109.741604498636,,,,0.2081540524959564,0.3531604937366954,22,13,0,4,0,0,0
Nate Snell,1012228,122486,BAL,-0.0905240029096603,,0.58,3.857142721531504,,4.540596496095607,,,,0.0976431,0.07407407,0.02356902,72.1,34,0,,,,,1.1198156288317271,0.2542372881355932,0.70528967,,0,0.2518248175182482,1.2580644718973724,94.10970723508689,107.5435463588905,,,,0.1503000110387802,0.0697805195840857,29,22,1,9,0,0,0
Jeff Musselman,1009407,119603,TOR,-0.1002501100301742,,-0.28,10.125002413988687,,6.521012198925232,,,,0.13793103,0.17241379,-0.03448276,5.1,6,0,,,,,1.6875004023314482,0.3684210526315789,0.51724138,,0,0.3333333333333333,2.437500581145425,240.56910165506088,157.5754871322709,,,,-0.2705340087413788,-0.8024432375167978,4,5,0,1,0,0,0
Dave LaPoint,1007338,117495,- - -,-0.1029115291312336,,-1.0899999999999999,5.023255739681396,,4.817522902503322,,,,0.13095238,0.0952381,0.03571429,129.0,40,12,,,,,1.3255813757492572,0.3057471264367816,0.67434211,,0,0.2862523540489642,1.612403076934769,129.21504402475998,119.82684552262586,,,,-1.735934030264616,-0.2329239802983669,77,56,1,19,4,0,0
Jeff Parrett,1010019,120245,MON,-0.1041459888219833,,-0.01,4.868854133649591,,4.541503717091562,,,,0.23076923,0.14285714,0.08791209,20.1,12,0,,,,,1.3278693091771612,0.2962962962962963,0.75539568,,0,0.2435897435897435,1.5737710330988577,132.42620689954265,121.70406227408144,,,,-0.2820840775966644,-0.2120981921973236,21,13,0,3,0,0,0
Bruce Berenyi,1000864,110893,NYM,-0.1051387852057814,,-1.06,6.352942194729043,,4.636557822355145,,,,0.16304348,0.11956522,0.04347826,39.2,14,7,,,,,1.134453963344472,0.3333333333333333,0.63492063,,0,0.2919254658385093,1.7394960771281902,178.46759674105942,127.61608035729633,,,,-1.3199939727783203,-0.4742034037105485,30,22,1,5,1,0,0
Randy Bockus,1001110,111138,SFG,-0.107289470732212,,-0.11,2.5714285714285716,,6.056725590569632,,,,0.11111111,0.16666667,-0.05555556,7.0,5,0,,,,,1.2857142857142858,0.24,0.68965517,,0,0.2333333333333333,1.8571428571428572,72.02513113820812,163.18383714591488,,,,0.0042579742148518,0.3267830956403452,4,6,0,1,0,0,0
Chris Codiroli,1002388,112441,OAK,-0.1115127652883529,,-0.34,4.025454322096151,,5.269192984421793,,,,0.10591133,0.09359606,0.01231527,91.2,16,16,,,,,1.472727191010787,0.2467532467532467,0.7,,0,0.2486338797814207,1.4072726491880854,102.82657927237908,130.07701277677788,,,,-1.0383100509643557,0.2394191399213865,43,38,2,15,7,1,0
Joe Price,1010530,120761,CIN,-0.1146145090460777,,-0.8,5.400001318359696,,4.475011720871073,,,,0.15463918,0.11340206,0.04123711,41.2,25,2,,,,,1.0800002636719397,0.3211678832116788,0.640625,,0,0.2848837209302325,1.7040004160157265,138.9526522940455,115.54124467972235,,,,-1.21628999710083,-1.1562825150671203,30,22,0,5,0,0,0
Dane Iorg,1006267,116396,SDP,-0.1160439774394035,,-0.11,12.0,,11.104344638188682,,,,0.13333333,0.06666667,0.06666667,3.0,2,0,,,,,6.0,0.3,0.625,,0,0.3571428571428571,2.0,328.7283727184828,293.60038834439405,,,,3.9999999899e-06,,2,1,0,2,0,0,0
Mike Kinnunen,1006948,117098,BAL,-0.1174996569752693,,-0.1,6.4285723043948995,,6.485297525172401,,,,0.03225806,0.16129032,-0.12903226,7.0,9,0,,,,,1.28571446087898,0.2916666666666667,0.60344828,,0,0.3076923076923077,1.8571431101585263,156.84953894212558,153.38653348109614,,,,-0.0354739986360073,0.1045694138972648,1,5,0,1,0,0,0
Doug Corbett,1002608,112665,CAL,-0.1179743707180023,,0.35,3.661017067505693,,4.550672379337281,,,,0.11538462,0.07051282,0.0448718,78.2,46,0,,,,,1.258474616955082,0.2272727272727272,0.7201087,,10,0.2283737024221453,1.118644103960073,88.92504104632883,107.98538189935746,,,,1.676990032196045,1.3151477260741606,36,22,1,11,0,0,0
Tim Birtsas,1000985,111013,OAK,-0.1222281455993652,,-0.19,22.5,,14.271011304855346,,,,0.08333333,0.33333333,-0.25,2.0,2,0,,,,,4.5,0.1666666666666666,0.2173913,,0,0.25,3.0,574.7420908315718,351.39585581066814,,,,-0.0687839984893798,-0.2151087249110177,1,4,0,1,0,0,0
Kurt Kepshire,1006859,117006,STL,-0.1232554353773593,,-0.03,4.5,,6.021011304855347,,,,0.17142857,0.11428571,0.05714286,8.0,2,1,,,,,2.25,0.2608695652173913,0.86956522,,0,0.2580645161290322,1.5,121.90294403662335,165.65654427713898,,,,-0.1126900007948279,0.2520555700451711,6,4,0,2,1,0,0
T.R. Bryden,1001609,111647,CAL,-0.1240657046437263,,-0.48,6.553397572830528,,4.838972316726314,,,,0.1572327,0.13207547,0.02515723,34.1,16,0,,,,,1.0485436116528846,0.3177570093457944,0.64981949,,0,0.2794117647058823,1.7184464746533386,159.18012328577055,114.79444091520296,,,,-0.6727679967880249,-0.9964476017066012,25,21,2,4,0,0,0
Bruce Sutter,1012743,123004,ATL,-0.12591452896595,,0.16,4.339284531924512,,4.592439379984154,,,,0.2,0.1125,0.0875,18.2,16,0,,,,,1.4464281773081704,0.2692307692307692,0.77981651,,3,0.2394366197183098,1.3928567633337938,109.05333811924638,117.61800324420022,,,,-1.0522199869155884,-0.1939349539873122,16,9,0,3,0,0,0
Ray Fontenot,1004207,114290,- - -,-0.126643668860197,,-0.7,5.22580778366674,,4.388523237895052,,,,0.10559006,0.07763975,0.02795031,72.1,57,0,,,,,0.9953919587936648,0.300395256916996,0.62124248,,2,0.2847457627118644,1.506912826507076,126.4522669471675,108.8504497188162,,,,-0.9117039740085602,-0.3175368438284975,34,25,2,8,0,0,0
Darrel Akerfelds,1000096,110101,OAK,-0.1328636407852172,,-0.13,6.749991349887012,,7.458505297832438,,,,0.19230769,0.11538462,0.07692308,5.1,2,0,,,,,3.374995674943506,0.3125,0.69444444,,0,0.3043478260869565,1.8749975971908368,172.42240629018156,183.90347883020044,,,,-0.0595519989728927,-0.5499567009120065,5,3,0,2,0,0,0
Dave Tomlin,1013110,123388,MON,-0.1329566836357116,,-0.22,5.225805165492601,,5.190365548138958,,,,0.11538462,0.13461538,-0.01923077,10.1,7,0,,,,,0.8709675275821003,0.3243243243243243,0.66326531,,0,0.2954545454545454,1.9354833946268897,142.13478922678016,139.1880910286834,,,,-0.3850420117378235,-0.3225737850551918,6,7,1,1,0,0,0
Brian Fisher,1004077,114160,NYY,-0.1446886211633682,,-1.18,4.934483277891307,,4.446873550176923,,,,0.15801887,0.08726415,0.07075472,96.2,62,0,,,,,1.3034484130278925,0.2983606557377049,0.66450567,,6,0.272020725388601,1.468965671825085,121.4532490615864,107.6679693093376,,,,-2.6284022331237793,-1.5984585786596792,67,37,1,14,0,0,0
Dwayne Henry,1005670,115781,TEX,-0.1455862522125244,,0.07,4.655173638488148,,5.2537705787156925,,,,0.1827957,0.23655914,-0.05376344,19.1,19,0,,,,,0.4655173638488148,0.25,0.73033708,,0,0.2,1.8620694553952593,109.18785619790025,125.73663869559265,,,,0.2789219617843628,0.945999531401964,17,22,1,1,0,0,0
Greg Minton,1008986,119178,SFG,-0.1480745077133178,,-0.81,3.932039417457865,,4.067128001721088,,,,0.11486486,0.11486486,0.0,68.2,48,0,,,,,0.5242719223277152,0.2645739910313901,0.68181818,,5,0.2413793103448276,1.4126215684941217,110.1355323767246,109.35800358492412,,,,-0.6573740839958191,-0.1712271049872798,34,34,1,4,0,0,0
John Pacella,1009933,120152,DET,-0.1553873568773269,,0.1,4.090908026892568,,5.407374255519446,,,,0.09803922,0.25490196,-0.15686275,11.0,5,0,,,,,0.0,0.303030303030303,0.7826087,,1,0.2631578947368421,2.0909085470784237,100.62258290937535,128.4758847888853,,,,0.2801600098609924,0.3092134419771989,5,13,0,0,0,0,0
Bill Caudill,1002088,112141,TOR,-0.1586334556341171,,-0.41,6.192664018075376,,4.725140839448021,,,,0.19631902,0.10429448,0.09202454,36.1,40,0,,,,,1.4862393643380902,0.2830188679245283,0.64377682,,2,0.25,1.458716413146644,147.13711254248764,114.32216539586916,,,,-0.5983899831771851,-1.0483837993205294,32,17,2,6,0,0,0
Matt Keough,1006858,117004,- - -,-0.1600582934916019,,0.45,3.9375,,4.724136304855347,,,,0.16176471,0.11029412,0.05147059,64.0,29,7,,,,,1.265625,0.2620320855614973,0.7622739,,0,0.2416666666666666,1.375,103.7656256862846,127.18194582009129,,,,0.2651460021734237,0.4941546898533286,44,30,2,9,2,0,0
Frank DiPino,1003320,113385,- - -,-0.1648427546024322,,-0.36,4.36929529740825,,4.003376645149982,,,,0.20289855,0.08695652,0.11594203,80.1,61,0,,,,,1.2323653402946346,0.271551724137931,0.67328918,,3,0.2364217252396166,1.294606014046889,114.89280800446464,107.55957944837874,,,,-1.5650280714035034,-0.3566086107665212,70,30,2,11,0,0,0
Ray Searage,1011703,121956,- - -,-0.1926668882369995,,1.29,3.3529428066274787,,4.849443687910977,,,,0.16363636,0.12727273,0.03636364,51.0,46,0,,,,,1.2352947182311764,0.25,0.83860759,,1,0.2303664921465968,1.4117653922642015,79.30724349208539,117.18606795177674,,,,0.9000259935855865,0.7580956488160633,36,28,1,7,0,0,0
Mike Cook,1002573,112626,CAL,-0.1958851590752601,,-0.49,9.000000953674418,,8.104345203329075,,,,0.13043478,0.15217391,-0.02173913,9.0,5,1,,,,,3.0000003178914727,0.3333333333333333,0.50632911,,0,0.3333333333333333,2.222222457697387,218.60740866957224,191.91591688561655,,,,-1.2972779273986816,-1.2978610663605492,6,7,0,3,0,0,0
Chuck Hensley,1005680,115796,SFG,-0.1962935030460357,,0.24,2.454547316576266,,5.498286101051198,,,,0.2,0.06666667,0.13333333,7.1,11,0,,,,,2.454547316576266,0.15,1.0,,1,0.1785714285714285,0.954546178668548,68.75131369607759,148.07602278929423,,,,-0.1669040024280548,-0.2107895427189205,6,2,0,2,0,0,0
Duane Ward,1013609,123929,- - -,-0.1966536296531558,,-0.51,8.000000423855274,,5.3821225543081095,,,,0.10227273,0.13636364,-0.03409091,18.0,12,1,,,,,1.0000000529819093,0.359375,0.59659091,,0,0.3333333333333333,2.0555556644628137,198.99553106295252,136.36558167699522,,,,-0.5925800153054297,-0.6034420621092325,9,12,1,2,0,0,0
Scott Nielsen,1009586,119788,NYY,-0.2001534659648314,,0.57,4.017856869162364,,5.5924396840893635,,,,0.08510638,0.05106383,0.03404255,56.0,10,9,,,,,1.9285712971979347,0.2857142857142857,0.80696203,,0,0.2986425339366516,1.3928570479762865,98.89217240041305,135.27103998645197,,,,-0.1813779748044908,0.1277614837253207,20,12,2,12,6,2,2
Tom Funk,1004408,114494,HOU,-0.2050862163305282,,-0.18,6.48000321350257,,6.011012911606632,,,,0.04878049,0.14634146,-0.09756098,8.1,8,0,,,,,1.0800005355837616,0.28125,0.68493151,,0,0.2857142857142857,1.9200009521489096,182.42895635352625,170.48626365071448,,,,-0.0456539876759052,0.0663181238842063,2,6,0,1,0,0,0
Mike Jackson,732,116436,PHI,-0.2081709951162338,,0.19,3.3750000804662723,,5.621011372804643,,,,0.05555556,0.07407407,-0.01851852,13.1,9,0,,,,,1.3500000321865089,0.2325581395348837,0.85526316,,0,0.25,1.20000002861023,87.89719431212546,150.10125075761837,,,,-0.0392560102045536,-0.2042937676002629,3,4,2,2,0,0,0
John Montefusco,1009065,119261,NYY,-0.2120184153318405,,0.48,2.189188060663553,,5.608847679789582,,,,0.06,0.1,-0.04,12.1,4,0,,,,,1.4594587071090352,0.175,0.98214286,,0,0.2,1.135134549973694,53.88284604503598,135.66640001986718,,,,0.0278319921344518,0.0841453074666085,3,5,0,2,0,0,0
Dennis Burtt,1001739,111781,MIN,-0.2133931666612625,,-0.59,31.5,,12.771011304855346,,,,0.0625,0.1875,-0.125,2.0,3,0,,,,,4.5,0.5454545454545454,0.34883721,,0,0.5384615384615384,5.0,728.3759049775866,304.4247615032405,,,,-0.4494520127773285,-0.0881164625251857,1,3,0,1,0,0,0
Todd Fischer,1004072,114150,CAL,-0.2207682579755783,,0.09,4.235294117647059,,6.418070128384759,,,,0.09589041,0.10958904,-0.01369863,17.0,9,0,,,,,2.1176470588235294,0.2592592592592592,0.88235294,,0,0.2769230769230769,1.5294117647058822,102.8740637671048,152.08952425358692,,,,-0.0072099794633686,0.0067742852544771,7,8,0,4,0,0,0
Joe Boever,1001118,111147,STL,-0.2311014235019683,,0.45,1.661538510294357,,4.75562674770694,,,,0.08602151,0.11827957,-0.03225806,21.2,11,0,,,,,0.8307692551471785,0.2361111111111111,0.91911765,,0,0.2317073170731707,1.3846154252452976,45.0103191189128,130.69757841403452,,,,-0.2289259880781173,-0.6317695249737002,8,11,0,2,0,0,0
Milt Wilcox,1013939,124253,SEA,-0.2348324097692966,,-0.01,5.49700557993659,,5.968615857890357,,,,0.1003861,0.10810811,-0.00772201,55.2,13,10,,,,,1.778442981744191,0.3264248704663212,0.74200913,,0,0.3217391304347826,1.8323351933121963,127.8957160412551,136.07570232802928,,,,-1.134112000465393,0.435916871972523,26,28,1,11,2,0,0
Cecilio Guante,1005113,115215,PIT,-0.2362866401672363,,0.79,3.346154500746996,,4.219729536979525,,,,0.19325153,0.08895706,0.10429448,78.0,52,0,,,,,1.2692310175247226,0.2454545454545454,0.79656863,,4,0.2210884353741496,1.20512844088206,89.72773516124707,111.49306168128383,,,,0.3845580518245697,-0.030709150711377,63,29,3,11,0,0,0
Jeff Calhoun,1001835,111877,HOU,-0.2371095865964889,,-0.29,3.7124992918969553,,4.533510968685214,,,,0.11764706,0.10084034,0.01680672,26.2,20,0,,,,,1.0124998068809878,0.2777777777777778,0.67039106,,0,0.2616822429906542,1.4999997138977597,104.51651781170804,128.40684994506,,,,-0.1453760117292404,-0.0379578980499064,14,12,0,3,0,0,0
Jay Baller,1000492,110517,CHC,-0.2414623796939849,,-0.86,5.366459500177526,,4.578464678179027,,,,0.16935484,0.11290323,0.05645161,53.2,36,0,,,,,1.1739130156638338,0.301775147928994,0.65217391,,5,0.2660550458715596,1.6024844340807889,134.18082710041966,115.06722816575964,,,,-0.7891119718551636,-0.2594750871444012,42,28,2,7,0,0,0
Ray Chadwick,1002111,112165,CAL,-0.2423377484083175,,-0.88,7.243903281502989,,6.2466214651724385,,,,0.06766917,0.11278195,-0.04511278,27.1,7,7,,,,,1.6463416548870429,0.3300970873786408,0.60416667,,0,0.3333333333333333,1.9756099858644516,175.95230635790736,148.04025502178263,,,,-1.452828049659729,0.1304646136818776,9,15,1,5,2,0,0
Steve Davis,1003081,113138,TOR,-0.2426101118326187,,-0.39,17.18183568491236,,11.225565372034444,,,,0.22727273,0.22727273,0.0,3.2,3,0,,,,,4.90909590997496,0.6,0.58823529,,0,0.4705882352941176,3.5454581572041377,408.2387940760892,270.8840217044459,,,,-0.3845439851284027,-0.076563694838273,5,5,0,2,0,0,0
Rich Sauveur,1011465,121716,PIT,-0.2645348906517029,,-0.14,6.0,,7.021011304855348,,,,0.10526316,0.10526316,0.0,12.0,3,3,,,,,2.25,0.35,0.81730769,,0,0.3469387755102041,1.9166666666666667,160.8910798492112,185.94675134952908,,,,-0.3766800165176391,0.2050787933612696,6,6,2,3,1,0,0
Chris Bosio,1001212,111249,MIL,-0.2696251645684242,,-0.36,7.009614741837543,,5.5979341225511465,,,,0.18831169,0.08441558,0.1038961,34.2,10,4,,,,,2.336538247279181,0.3106796116504854,0.65217391,,0,0.2907801418439716,1.5576921648527875,166.17547836771055,135.97015619954033,,,,-1.179790049791336,-1.365599715991693,29,13,0,9,0,0,0
Pete Filson,1004046,114124,- - -,-0.273271769285202,,-0.12000000000000001,5.9999990463258355,,6.8265662157978095,,,,0.08988764,0.07865169,0.01123596,18.0,7,1,,,,,2.4999996026357647,0.3235294117647059,0.78571429,,0,0.3333333333333333,1.8888885886581332,139.0301298964315,163.23074797735433,,,,-0.5891700200736523,-1.3961650343484702,8,7,1,5,0,0,0
Mike Brown,1001545,111576,- - -,-0.2766150757670402,,-0.16999999999999998,5.794521002144043,,5.661422490321997,,,,0.12275449,0.10778443,0.01497006,73.0,21,12,,,,,1.7260275325535448,0.3181818181818182,0.72878229,,0,0.3063973063973064,1.7397261637642871,134.22708485486325,135.60022582303577,,,,-1.0971559565514326,0.3688083649942428,41,36,1,14,5,0,0
Rick Rodriguez,1011110,121362,OAK,-0.2897904813289642,,-0.31,6.612242324111968,,6.995499456371326,,,,0.02777778,0.09722222,-0.06944445,16.1,3,3,,,,,2.204080774703989,0.2203389830508474,0.65217391,,0,0.2615384615384615,1.4693871831359928,168.90373237533885,172.52001012393902,,,,-0.5921919941902161,-0.1661949825212383,2,7,0,4,1,0,0
Greg Bargar,1000540,110562,STL,-0.2909102737903595,,-0.73,5.597561236012214,,4.746621152859658,,,,0.0952381,0.07936508,0.01587302,27.1,22,0,,,,,0.9878049240021554,0.336734693877551,0.66964286,,0,0.3185840707964602,1.6829269075592277,151.63537646559317,130.44877951644676,,,,-0.4106040298938751,-0.0715833633389632,12,10,3,3,0,0,0
Dave Leiper,1007498,117649,OAK,-0.294627845287323,,-0.13,4.831578462341865,,4.949958454538933,,,,0.11029412,0.13235294,-0.02205882,31.2,33,0,,,,,0.8526314933544467,0.2551020408163265,0.70776256,,1,0.2413793103448276,1.4526314331223906,123.41828922058464,122.22830773795638,,,,-0.1464380174875259,-0.3334803879983021,15,18,2,3,0,0,0
Mike Armstrong,1000314,110326,NYY,-0.2967430055141449,,-0.24,9.34615028945082,,8.655624450065122,,,,0.19047619,0.11904762,0.07142857,8.2,7,1,,,,,4.153844573089253,0.36,0.72580645,,0,0.3513513513513513,2.0769222865446264,230.03833531213593,209.08022750451792,,,,-0.4182119946926832,-0.6774127324054664,8,5,0,4,0,0,0
Jim Kern,1006868,117012,CLE,-0.3232377171516418,,-1.15,7.902439943457806,,5.295401842348813,,,,0.07746479,0.16197183,-0.08450704,27.1,16,0,,,,,0.3292683309774086,0.3173076923076923,0.54607509,,0,0.293103448275862,2.0853660961902545,186.44842583311225,126.8702899910174,,,,-0.364253968000412,-0.1096811345930656,11,23,3,1,0,0,0
Ray Krawczyk,1007149,117302,PIT,-0.3351224660873413,,-0.48,7.297298049648187,,7.230471224084795,,,,0.10769231,0.15384615,-0.04615385,12.1,12,0,,,,,2.189189414894456,0.3111111111111111,0.61403509,,0,0.3090909090909091,2.189189414894456,195.6783605315732,191.51386851820664,,,,-0.531283974647522,-0.4214881317270165,7,10,0,3,0,0,0
Dan Schatzeder,1011527,121779,- - -,-0.3504070173949003,,0.26,3.260378118225253,,4.220068246288792,,,,0.12533333,0.09333333,0.032,88.1,55,1,,,,,0.9169813457508524,0.2535211267605634,0.70599613,,2,0.238235294117647,1.3132078531740603,87.38334617933211,112.8477169248303,,,,0.179933875799179,-0.2848575594061447,47,35,0,9,0,0,0
Hipolito Pena,1010145,120372,PIT,-0.3530356138944626,,-0.69,8.640004284670093,,7.451013625718314,,,,0.15789474,0.07894737,0.07894737,8.1,10,1,,,,,3.240001606751285,0.16,0.14705882,,1,0.2058823529411764,1.2000005950930686,231.68326987706385,197.3755407420483,,,,-0.1831920072436332,0.1876085877786713,6,3,1,3,0,0,0
Mark Knudson,1007065,117218,- - -,-0.3564708642661571,,-0.25,5.220994750228099,,5.439519732749709,,,,0.10622711,0.07326007,0.03296703,60.1,13,8,,,,,1.7900553429353483,0.2748815165876777,0.71428571,,0,0.2777777777777778,1.491712785779457,137.0367819833234,144.84590301877046,,,,-0.5981220044195652,-0.438025064951049,29,20,1,12,3,0,0
Jamie Easterly,1003639,113711,CLE,-0.3588498830795288,,-0.64,7.641510533964126,,5.9974268636402,,,,0.1011236,0.13483146,-0.03370787,17.2,13,0,,,,,1.5283021067928253,0.3692307692307692,0.66091954,,0,0.3506493506493506,2.2075474875896366,180.29211487070677,143.6218028022493,,,,-0.9627439975738524,-0.8462312507331269,9,12,0,3,0,0,0
Carl Willis,1013979,124356,CIN,-0.3681511282920837,,-0.11,4.4713376882598705,,4.739164218918452,,,,0.10300429,0.13733906,-0.03433476,52.1,29,0,,,,,0.6878981058861339,0.2906976744186046,0.71253071,,0,0.27,1.6433121418390977,115.05631100007996,122.39955276334996,,,,-0.3043299913406372,0.1555092709150627,24,32,1,4,0,0,0
Bill Scherrer,1011552,121805,DET,-0.3768274188041687,,-0.63,7.285719579583725,,6.390061553537459,,,,0.15533981,0.21359223,-0.05825243,21.0,13,0,,,,,1.2857152199265398,0.2622950819672131,0.60846561,,0,0.2375,1.9523823709995605,179.20420543113204,151.73147288848276,,,,-0.7038900256156921,-0.8729583001792531,16,22,1,3,0,0,0
Dick Ruthven,1011330,121581,CHC,-0.3789604902267456,,-0.2,5.062500301748532,,8.771011662483236,,,,0.06382979,0.12765957,-0.06382979,10.2,6,0,,,,,3.375000201165688,0.2352941176470588,0.72580645,,0,0.2926829268292683,1.687500100582844,126.58075173441088,221.01072624914843,,,,-0.3955219984054565,-0.6605378032490214,3,6,0,4,0,0,0
Tim Stoddard,1012556,122816,- - -,-0.3798443935811519,,0.86,3.802816390612912,,4.513968817219599,,,,0.19708029,0.13868613,0.05839416,94.2,54,0,,,,,1.1408449171838737,0.2375478927203065,0.77057793,,0,0.2090395480225988,1.3838026310285876,98.62252989917113,114.09482461471616,,,,-0.1708060204982757,-0.0571695441235449,81,57,0,12,0,0,0
Bob James,1006345,116484,CHW,-0.3960705697536468,,-0.79,5.245714400061785,,4.845297064356902,,,,0.121673,0.08745247,0.03422053,58.1,49,0,,,,,1.2342857411910082,0.2704081632653061,0.67708333,,14,0.2584745762711864,1.4400000313895096,121.6796735681063,116.07068928608489,,,,-1.337455987930298,0.5074759194679583,32,23,4,8,0,0,0
Jerry Reuss,1010853,121090,LAD,-0.4065164923667907,,-1.46,5.837838665423848,,5.041281896964621,,,,0.08761329,0.05135952,0.03625378,74.0,19,13,,,,,1.581081305218959,0.3074074074074074,0.59917355,,1,0.3076923076923077,1.5270272435020715,162.02085034865445,139.03462167479202,,,,-2.1207819879055023,-0.0995496267229749,29,17,2,13,3,0,0
Ken Forsch,1004234,114315,CAL,-0.4181366264820099,,-1.23,9.529408557193344,,6.4180689008182314,,,,0.15294118,0.11764706,0.03529412,17.0,10,0,,,,,2.1176463460429655,0.3571428571428571,0.52631579,,1,0.3287671232876712,1.999999326818356,231.466565566438,152.0894952609586,,,,-1.421720027923584,-0.7796783894340369,13,10,2,4,0,0,0
Joe Beckwith,1000758,110779,LAD,-0.422833502292633,,-0.55,6.872729179445906,,5.880103076509448,,,,0.15116279,0.06976744,0.08139535,18.1,15,0,,,,,2.454546135516395,0.3709677419354839,0.66666667,,0,0.35,1.854545969056832,190.7427542431047,162.2833033630526,,,,-0.2210639864206314,0.2663600707059445,13,6,0,5,0,0,0
Dave Rucker,1011279,121529,PHI,-0.4305384457111358,,-0.6,5.760000878906384,,5.41101170768744,,,,0.11764706,0.11764706,0.0,25.0,19,0,,,,,1.440000219726596,0.3448275862068966,0.68396226,,0,0.3238095238095238,1.9200002929687947,150.01123093937878,144.46859130152112,,,,-0.3218460083007812,0.1711436483404628,14,14,0,4,0,0,0
Rick Langford,1007319,117478,OAK,-0.4372901618480682,,-1.71,7.3636343207246755,,5.789192285695584,,,,0.11952191,0.07171315,0.04780877,55.0,16,11,,,,,2.1272721370982395,0.2962962962962963,0.55873926,,0,0.2974137931034483,1.5818177429704858,188.09735936055205,142.8617235584996,,,,-1.720591962337494,-0.3060641719570611,30,18,1,13,3,0,0
Steve Shields,1011892,122151,- - -,-0.4377909898757934,,0.06,5.062497812324217,,6.614759643842253,,,,0.09090909,0.125,-0.03409091,21.1,9,0,,,,,2.109374088468424,0.171875,0.7,,0,0.2077922077922078,1.2656244530810543,126.04661995326865,167.2001056040475,,,,-0.5187040120363235,-0.933201548691068,8,11,0,5,0,0,0
Balvino Galvez,1004465,114551,LAD,-0.4411041140556335,,0.13,3.9193567678915544,,5.335528696191796,,,,0.12087912,0.13186813,-0.01098901,20.2,10,0,,,,,1.3064522559638514,0.2461538461538461,0.78358209,,0,0.240506329113924,1.5000007383288665,108.77613321426703,147.1899357510701,,,,-0.2507799863815307,-0.1826699019504232,11,12,0,3,0,0,0
Alfonso Pulido,1010566,120799,NYY,-0.4486020486801862,,0.18,4.695652271263543,,6.1949244193183475,,,,0.0962963,0.06666667,0.02962963,30.2,10,3,,,,,2.3478261356317716,0.2857142857142857,0.83798883,,1,0.3015873015873015,1.5326087274262952,115.5748621874116,149.7882539962713,,,,-0.4362120628356933,-0.1951243855948412,13,9,0,8,0,0,0
Sammy Stewart,1012528,122783,BOS,-0.4588659107685089,,0.3,4.3822007033266015,,4.985671875353736,,,,0.15932203,0.16271186,-0.00338983,63.2,27,0,,,,,0.9895291910737486,0.2953367875647668,0.77299413,,0,0.2591093117408907,1.759163006353331,101.34059210148828,121.56278616920756,,,,-0.0010339039145037,0.5392875442302585,47,48,0,7,0,0,0
Bob Gibson,1004663,114757,MIL,-0.4639397412538528,,-0.17,4.724999457858565,,5.996010934822304,,,,0.08943089,0.18699187,-0.09756098,26.2,11,1,,,,,1.012499883826835,0.2325581395348837,0.66985646,,0,0.23,1.7249998020753492,112.01457913377251,145.60219087750562,,,,-0.276524007320404,0.1778209507476794,11,23,0,3,0,0,0
Eric Plunk,1010400,120631,OAK,-0.4670654833316803,,-0.8,5.3102503736369915,,5.322258354474371,,,,0.18249534,0.18994413,-0.00744879,120.1,26,15,,,,,1.0470916229706744,0.2421383647798742,0.68946188,,0,0.2116279069767442,1.6038784383598426,135.64552900370046,131.3816787772617,,,,-1.152724027633667,-0.4554599663167646,98,102,5,14,8,0,0
Mitch Williams,1014025,124329,TEX,-0.4698246121406555,,1.91,3.581632931894803,,4.750603295703186,,,,0.20689655,0.1816092,0.02528736,98.0,80,0,,,,,0.7346939347476519,0.2469635627530364,0.81190798,,8,0.2,1.510204199203507,84.00778400360612,113.74358841892204,,,,0.5189139246940613,0.2482955225142819,90,79,11,8,0,0,0
Stan Clarke,1002310,112360,TOR,-0.4994464516639709,,-0.61,9.23684743699252,,7.823645800304247,,,,0.14516129,0.16129032,-0.01612903,12.2,10,0,,,,,2.842106903690006,0.358974358974359,0.66964286,,0,0.3461538461538461,2.210527591758894,219.46662323478483,188.94924336918535,,,,-0.5460519790649414,-0.0086452281988876,9,10,0,4,0,0,0
Scott Terry,1012930,123201,CIN,-0.5033171474933624,,-0.72,6.1437139080591745,,5.21412560747537,,,,0.12403101,0.12403101,0.0,55.2,28,3,,,,,1.2934134543282472,0.3118279569892473,0.66820276,,0,0.2920353982300885,1.760479423946781,158.0898396372898,134.7311852659002,,,,-1.0859941244125366,-0.7938506753097099,32,32,0,8,0,0,0
Pat Perry,1010215,120445,STL,-0.5125006437301636,,-0.13,3.8009710145587743,,4.358390004422038,,,,0.10069444,0.11805556,-0.01736111,68.2,46,0,,,,,0.6553398300963403,0.2454545454545454,0.72093023,,2,0.2322834645669291,1.3543689821991034,102.96656819390796,119.72306029650466,,,,0.6744139790534973,0.4338623857385222,29,34,0,5,0,0,0
Ed Vande Berg,1013348,123636,LAD,-0.5878411531448364,,0.61,3.406542298970609,,4.48129180063483,,,,0.12923077,0.10153846,0.02769231,71.1,60,0,,,,,1.009345866361662,0.3112033195020747,0.80340265,,0,0.2852233676975945,1.6261683402493443,94.54370215758712,123.51399366058952,,,,-1.56387197971344,-0.7868105540713206,42,33,1,8,0,0,0
Bill Laskey,1007367,117522,SFG,-0.6736494302749634,,-0.24,4.280488601403325,,5.990524099073232,,,,0.06837607,0.11111111,-0.04273504,27.1,20,0,,,,,1.6463417697705096,0.2527472527472527,0.79411765,,1,0.2692307692307692,1.5000002791242422,119.89551499787538,161.3928466045377,,,,-0.2308880239725113,-0.1452232489061075,8,13,0,5,0,0,0
Julio Solano,1012266,122524,HOU,-0.6879389807581902,,-1.15,7.593749094754565,,5.833510939776941,,,,0.13548387,0.14193548,-0.00645161,32.0,16,1,,,,,1.4062498323619566,0.3269230769230769,0.63157895,,0,0.3,1.9062497727573189,213.7838017240453,165.43098846683048,,,,-0.7669079899787903,0.4947532969454756,21,22,3,5,0,0,0
Ray Burris,1001729,111770,STL,-0.695400059223175,,-1.19,5.597560585006115,,5.319791614803664,,,,0.09418283,0.08864266,0.00554017,82.0,23,10,,,,,1.426829168727049,0.2841726618705036,0.69216758,,0,0.283076923076923,1.5121950164286673,151.63535883013537,146.2838444377348,,,,-0.6968779861927032,-0.2101528294485857,34,32,4,13,5,0,0
Tom Niedenfuer,1009578,119781,LAD,-0.7012084126472473,,0.65,3.712500708103315,,4.308511598110255,,,,0.15942029,0.08405797,0.07536232,80.0,60,0,,,,,1.2375002360344385,0.3012048192771084,0.80516899,,11,0.273015873015873,1.4375002741814182,103.03513956448288,118.72523530722184,,,,-1.7517999410629272,-0.0271955586035961,55,29,1,11,0,0,0
Tim Lollar,1007715,117878,BOS,-0.7517211977392435,,-0.92,6.906978582420859,,6.166361045708698,,,,0.13270142,0.16113744,-0.02843602,43.0,32,1,,,,,1.465116668998364,0.316546762589928,0.67774936,,0,0.293103448275862,1.9767447121406496,159.72734855422726,150.22725431078786,,,,-1.4500480219721794,-1.239387490158694,28,34,3,7,1,0,0
Ron Davis,1003075,113135,- - -,-0.8158238497562706,,-2.71,8.590909184010561,,5.4641931522237375,,,,0.1384083,0.11072664,0.02768166,58.2,53,0,,,,,1.5340909257161717,0.3743842364532019,0.57407407,,2,0.3399209486166007,2.011363658161203,203.55238917327824,132.24865252560122,,,,-3.0668559670448303,-0.9683573170334284,40,32,4,10,0,0,0
LaMarr Hoyt,1006114,116240,SDP,-0.8275858759880066,,-1.04,5.1509437051775295,,5.2489988748674925,,,,0.12160229,0.09728183,0.02432046,159.0,35,25,,,,,1.5283019784592669,0.2771317829457364,0.69389764,,0,0.2707006369426751,1.4968554356926154,141.10511184729344,138.43686616581147,,,,-1.7602159976959229,0.6261501103767393,85,68,3,27,12,1,0
Dickie Noles,1009620,119825,CLE,-0.8744553327560425,,-0.2,5.103657349456846,,5.661254535013704,,,,0.12749004,0.11952191,0.00796813,54.2,32,0,,,,,1.481706972422955,0.2685714285714285,0.73979592,,0,0.2592592592592592,1.5731703657823968,120.4145663372739,135.60015841782356,,,,-0.4429500997066498,-0.0321755310528454,32,30,5,9,0,0,0
Bryan Oelkers,1009736,119943,CLE,-1.3080708980560305,,0.4,4.695651914311732,,6.263764734945246,,,,0.10377358,0.12578616,-0.02201258,69.0,35,4,,,,,1.6956520801681254,0.252212389380531,0.79754601,,1,0.2573529411764705,1.5942028104144768,110.78817605041849,149.97707808157705,,,,0.1905701085925102,0.6557763465098527,33,40,6,13,0,0,0
