Name,Team,G,PA,HR,R,RBI,SB,BB%,K%,ISO,BABIP,AVG,OBP,SLG,wOBA,xwOBA,wRC+,BsR,Off,Def,WAR,NameASCII,PlayerId,MLBAMID
"Aaron Judge","NYY",158,704,58,122,144,10,0.188920454,0.242897727,0.379248659,0.367469879,0.322003577,0.458036984,0.701252236,0.4757340011100992,0.4809395285213695,219.7835722854021,-0.4931896701455116,95.99530419615104,-9.598692893981934,11.3301788795295,"Aaron Judge",15640,592450
"Bobby Witt Jr.","KCR",161,709,32,125,109,31,0.080394922,0.149506346,0.256289308,0.35375494,0.331761006,0.389280677,0.588050314,0.40973835374627793,0.40694056919642857,169.13393177564416,4.488509424030781,60.57304130091224,17.54539966583252,10.492325777805815,"Bobby Witt Jr.",25764,677951
"Shohei Ohtani","LAD",159,731,54,134,130,59,0.110807113,0.221614227,0.336477988,0.336470588,0.309748427,0.39010989,0.646226415,0.43054929176412915,0.44389798050139273,179.6782932394558,9.737880982458591,79.3874901857637,-17.17592430114746,8.950996990191552,"Shohei Ohtani",19755,660271
"Juan Soto","NYY",157,713,41,128,109,7,0.180925666,0.16690042,0.28125,0.297619047,0.288194444,0.419354838,0.569444444,0.4205848819428188,0.4636422871534512,180.99055562627643,-3.8677096739411354,62.20612550082791,-5.455176591873169,8.299217739628983,"Juan Soto",20123,665742
"Gunnar Henderson","BAL",159,719,37,118,92,21,0.108484005,0.221140472,0.247619048,0.319634703,0.28095238,0.364394993,0.528571428,0.38146476194387025,0.37391566563319495,153.79507079266284,3.9905477464199066,48.247039197559765,4.4383018016815186,7.899848028107995,"Gunnar Henderson",26289,683002
"Francisco Lindor","NYM",152,689,33,107,91,29,0.081277213,0.184325108,0.226537217,0.295010845,0.273462783,0.343976777,0.5,0.36288581496572286,0.38103285501169604,136.87564878805517,4.007105514407158,34.38937253454479,16.907704830169678,7.678644854683361,"Francisco Lindor",12916,596019
"Jarren Duran","BOS",160,735,21,111,75,34,0.073469387,0.217687074,0.207153502,0.344827586,0.284649776,0.341961852,0.491803278,0.3568673902286514,0.33954088805151766,130.74070663303564,8.32556726783514,34.178320024105346,7.675283670425415,6.835882905888461,"Jarren Duran",24617,680776
"Elly De La Cruz","CIN",160,696,25,105,76,67,0.099137931,0.31321839,0.21197411,0.359042553,0.258899676,0.338616714,0.470873786,0.34864824028373453,0.3298914370329484,119.26510609565474,7.461562395095825,23.495564233948343,16.739577770233154,6.560381376068529,"Elly De La Cruz",26668,682829
"José Ramírez","CLE",158,682,39,114,118,41,0.079178885,0.120234604,0.258064516,0.265346534,0.279032258,0.334801762,0.537096774,0.3642762730118049,0.3333672949729657,141.43936858837043,6.291075125336647,38.62832715644046,0.7672991752624512,6.400794706536588,"Jose Ramirez",13510,608070
"Ketel Marte","ARI",136,583,36,93,95,7,0.111492281,0.181818181,0.267857143,0.299191374,0.291666666,0.372212692,0.559523809,0.3909995480337077,0.39414922007313974,151.5932209536712,0.9338681921362877,36.902380948618564,4.832349181175232,6.324790547352229,"Ketel Marte",13613,606466
"William Contreras","MIL",155,679,23,99,92,9,0.114874815,0.204712812,0.18487395,0.330275229,0.280672268,0.365243004,0.465546218,0.3587271837346278,0.3591032848867535,131.57793467399807,-2.5740872099995613,23.065721493793603,7.381562352180481,5.490771103047341,"William Contreras",20503,661388
"Matt Chapman","SFG",154,647,27,98,78,15,0.098918083,0.244204018,0.215652174,0.293367346,0.246956521,0.327666151,0.462608695,0.34013576694527026,0.3417041044280003,120.6726386704186,3.683193765580654,19.677355335947794,11.599823713302612,5.465906668528573,"Matt Chapman",16505,656305
"Cal Raleigh","SEA",153,628,34,73,100,6,0.111464968,0.280254777,0.216117216,0.251461988,0.219780219,0.31210191,0.435897435,0.32256641812049425,0.34666320408902235,117.55250684811342,-2.5751669853925705,10.037426615675756,21.550546884536743,5.409784663621995,"Cal Raleigh",21534,663728
"Jackson Merrill","SDP",156,593,24,77,90,16,0.048903878,0.170320404,0.207581228,0.31797235,0.292418772,0.32597623,0.5,0.351507786788097,0.3753677679567921,129.64684290775756,3.7243598848581314,24.747347278772814,7.156049728393555,5.3439871982908596,"Jackson Merrill",29490,701538
"Vladimir Guerrero Jr.","TOR",159,697,30,98,103,2,0.103299856,0.137733142,0.22077922,0.342105263,0.323051948,0.395982783,0.543831168,0.39789022276871394,0.4129388982599432,164.49173188476283,-5.590876989066601,45.84219034356644,-17.402435302734375,5.32058980093082,"Vladimir Guerrero Jr.",19611,665489
"Yordan Alvarez","HOU",147,635,35,88,86,6,0.108661417,0.149606299,0.259057971,0.316901408,0.307971014,0.392125984,0.567028985,0.40158736975397163,0.41476764400735666,167.06348230854238,-2.898996725678444,45.82752750672614,-16.469484329223633,5.203419072671794,"Yordan Alvarez",19556,670541
"Brent Rooker","OAK",145,614,39,82,112,11,0.096091205,0.288273615,0.269230769,0.362275449,0.293040293,0.364820846,0.562271062,0.39218441668103954,0.3811160639712685,163.63141597278016,0.7586114928126335,45.46252725777745,-16.324011087417603,5.108937172040304,"Brent Rooker",19627,667670
"Bryce Harper","PHI",145,631,30,85,87,7,0.12044374,0.218700475,0.24,0.330729166,0.285454545,0.373015873,0.525454545,0.38021706340771305,0.35910433102277367,143.72135955460536,-0.4876883178949356,32.502462569460775,-4.22327184677124,5.100994177378258,"Bryce Harper",11579,547180
"Willy Adames","MIL",161,688,32,93,112,21,0.107558139,0.251453488,0.211475409,0.296568627,0.250819672,0.331395348,0.462295081,0.34193181539103934,0.341207106096031,120.27350052093948,1.2336751446127892,17.912999917890613,6.019538044929504,4.8490419125907325,"Willy Adames",15986,642715
"Marcell Ozuna","ATL",162,688,39,96,104,1,0.107558139,0.247093023,0.244224422,0.359102244,0.301980198,0.378457059,0.54620462,0.39450213334856243,0.40405732985825565,154.4543814593856,-4.6017351895570755,40.19873292649194,-17.5,4.721617329685525,"Marcell Ozuna",10324,542303
"Corey Seager","TEX",123,533,30,68,74,1,0.099437148,0.18011257,0.233684211,0.29059829,0.277894736,0.35272045,0.511578947,0.364663478286787,0.39080930856557994,141.93696475653223,-5.228743731975555,20.347090653540665,6.969314098358154,4.643773564076813,"Corey Seager",13624,608369
"Corbin Carroll","ARI",158,684,22,121,74,35,0.106725146,0.190058479,0.196943973,0.255605381,0.23089983,0.321585903,0.427843803,0.3248603077011837,0.329689624927662,107.07697861964971,11.088264040648937,16.876753804743707,2.2890007495880127,4.342917578864627,"Corbin Carroll",25878,682998
"Jurickson Profar","SDP",158,668,24,94,85,10,0.113772455,0.151197604,0.179078015,0.301801801,0.280141843,0.380090497,0.459219858,0.365296050431334,0.3664177068267498,138.92728947203236,-0.7606855393387377,30.33441114230439,-10.679159879684448,4.338184624082814,"Jurickson Profar",10815,595777
"Patrick Bailey","SFG",121,448,8,46,46,4,0.087053571,0.223214285,0.104738154,0.286666666,0.234413965,0.297539149,0.339152119,0.2813692890290979,0.3215222648020541,81.11877081707404,0.47925594449043274,-9.635829650599097,36.545279026031494,4.327184612654185,"Patrick Bailey",27478,672275
"Mookie Betts","LAD",116,516,19,75,75,16,0.118217054,0.110465116,0.202222223,0.293650793,0.288888888,0.372093023,0.491111111,0.3709689515573969,0.3629713448864675,139.57664027743849,0.6137904971837997,25.034029466551335,-0.6650608777999878,4.2997795446263405,"Mookie Betts",13611,605141
"Marcus Semien","TEX",159,718,23,101,74,8,0.08913649,0.146239554,0.153846154,0.250478011,0.236923076,0.307799442,0.39076923,0.30588280763373027,0.31968205306172204,100.58944061998207,1.4936504289507866,1.9779009677378823,15.64097785949707,4.274843923197253,"Marcus Semien",12533,543760
"Dansby Swanson","CHC",149,593,16,82,66,19,0.091062394,0.242833052,0.147940075,0.299734748,0.241573033,0.311973018,0.389513108,0.30656940884598216,0.32316527285818325,97.49036048581739,4.4262571930885315,2.6466370145053544,18.392554759979248,4.2219567480902604,"Dansby Swanson",18314,621020
"Carlos Correa","MIN",86,367,14,55,54,0,0.108991825,0.166212534,0.206896552,0.342741935,0.310344827,0.387978142,0.517241379,0.3853048369370771,0.3582737959550889,154.25036509244535,-0.5709470063447952,22.21013444666588,6.478839874267578,4.217891249123326,"Carlos Correa",14162,621043
"Kyle Tucker","HOU",78,339,23,56,49,11,0.16519174,0.159292035,0.296028881,0.282178217,0.288808664,0.407738095,0.584837545,0.4188836233035938,0.402151159338049,179.23002027364984,-0.3242393732070923,30.408061238053477,-0.888338565826416,4.207942853035591,"Kyle Tucker",18345,663656
"Rafael Devers","BOS",138,601,28,87,83,3,0.111480865,0.244592346,0.243809524,0.323033707,0.272380952,0.354409317,0.516190476,0.36402783280133794,0.3657234909188034,135.77750816682595,-0.891932025551796,23.711187070505414,-3.1296701431274414,4.180736125443036,"Rafael Devers",17350,646240
"Steven Kwan","CLE",122,540,14,83,44,12,0.098148148,0.094444444,0.133333334,0.303614457,0.291666666,0.368029739,0.425,0.3494486094185854,0.336855523205158,131.00928721131478,0.17713705450296402,19.33694496714379,3.25350284576416,4.179624011207938,"Steven Kwan",24610,680757
"Alex Bregman","HOU",145,634,26,79,75,3,0.06940063,0.135646687,0.192771085,0.264270613,0.259896729,0.315457413,0.452667814,0.3307042115295856,0.32537634161454215,117.20282126136706,-2.315688468515873,10.163735581622364,9.190238237380981,4.166801995562279,"Alex Bregman",17678,608324
"Jazz Chisholm Jr.","- - -",147,621,24,74,73,40,0.085346215,0.244766505,0.179715302,0.30927835,0.256227758,0.323671497,0.43594306,0.32729744707996195,0.3168021708435655,110.69860007689752,6.1584789380431175,13.773456945369732,4.285347402095795,4.004038004416174,"Jazz Chisholm Jr.",20454,665862
"Freddie Freeman","LAD",147,638,22,81,89,9,0.122257053,0.156739811,0.193726938,0.306074766,0.282287822,0.377742946,0.47601476,0.36535710949207906,0.3680987024003533,135.79948589731632,-1.4673912599682808,25.844938860061248,-8.952909469604492,3.949142098803482,"Freddie Freeman",5361,518692
"Julio Rodríguez","SEA",143,613,20,76,68,24,0.061990212,0.254486133,0.135802469,0.34351145,0.273368606,0.324632952,0.409171075,0.32055336402522194,0.3484102136948529,116.13648348758166,1.9596376195549965,13.277775486346249,4.610975742340088,3.9436674833437553,"Julio Rodriguez",23697,677594
"Colton Cowser","BAL",153,561,24,77,69,9,0.092691622,0.306595365,0.204408818,0.316993464,0.242484969,0.320855614,0.446893787,0.3314574734042923,0.3331306198202007,118.6189228018079,1.125409372150898,13.076925995844901,6.451620101928711,3.93520740360048,"Colton Cowser",29591,681297
"Riley Greene","DET",137,584,24,82,74,4,0.109589041,0.267123287,0.216796875,0.329341317,0.26171875,0.34819897,0.478515625,0.35539623961366457,0.3551679681108884,133.72925301154325,-0.16524822264909744,22.373260520514833,-3.647522211074829,3.930943901939177,"Riley Greene",25976,682985
"Jackson Chourio","MIL",148,573,21,80,79,22,0.068062827,0.211169284,0.189393939,0.319587628,0.274621212,0.326923076,0.464015151,0.33854969905715593,0.3271342551687197,117.99710439718523,3.9637898579239845,16.295364677133882,2.5441055297851562,3.9256656695503453,"Jackson Chourio",28806,694192
"Eugenio Suárez","ARI",158,640,30,90,101,2,0.0765625,0.275,0.213660246,0.308510638,0.255691768,0.31875,0.469352014,0.3372951490804553,0.3366846288525083,115.44647922839142,-1.112243240699172,10.709207124803791,5.312299728393555,3.8661473905326313,"Eugenio Suarez",12552,553993
"Trea Turner","PHI",121,539,21,88,62,19,0.050092764,0.181818181,0.174257426,0.330749354,0.295049504,0.337662337,0.46930693,0.3490665514084315,0.32174241744107646,122.75492973144709,2.6377431601285934,17.304211473356442,2.0858211517333984,3.865041496254836,"Trea Turner",16252,607208
"Jose Altuve","HOU",153,682,20,94,65,22,0.068914956,0.174486803,0.144904458,0.337423312,0.294585987,0.350439882,0.439490445,0.344237520589548,0.31915624784264546,126.72242722685445,-0.7059546858072281,20.146917680595887,-5.346066832542419,3.86070213487869,"Jose Altuve",5417,514888
"Nico Hoerner","CHC",151,641,7,86,48,31,0.068642745,0.102964118,0.099656357,0.296875,0.273195876,0.335413416,0.372852233,0.3131190129555762,0.31806489708651214,101.89869300171439,4.990682788193226,6.446054950087607,9.120695352554321,3.822636607942256,"Nico Hoerner",21479,663538
"Byron Buxton","MIN",102,388,18,62,56,7,0.051546391,0.255154639,0.245070422,0.3375,0.278873239,0.335051546,0.523943661,0.3656734152665742,0.3554602728949653,140.44122218308823,2.7694888040423393,20.72350468501605,2.1842567920684814,3.692630362101058,"Byron Buxton",14161,621439
"Ezequiel Tovar","COL",157,695,26,83,78,6,0.033093525,0.287769784,0.2,0.344036697,0.26870229,0.294629898,0.46870229,0.3244099165637826,0.29165700797978816,94.34281409814777,0.06549038738012314,-4.636118940954295,16.888237953186035,3.666902853008046,"Ezequiel Tovar",24064,678662
"Masyn Winn","STL",150,637,15,85,57,11,0.064364207,0.171114599,0.148211244,0.303418803,0.267461669,0.313880126,0.415672913,0.315483457292614,0.2951017107282366,103.83917595298146,2.223257541656494,5.14767072741037,8.514049291610718,3.6120676395915075,"Masyn Winn",27479,691026
"Oneil Cruz","PIT",146,599,21,72,76,22,0.085141903,0.302170283,0.190388171,0.346938775,0.258780036,0.323873121,0.449168207,0.3310161504881952,0.3451237048132945,110.33786992820657,5.2553625628352165,12.660262091856978,2.1694772243499756,3.601391245015108,"Oneil Cruz",21711,665833
"Brenton Doyle","COL",149,603,23,82,72,30,0.07628524,0.253731343,0.186346863,0.315508021,0.260147601,0.317195325,0.446494464,0.3279812993811923,0.3308289139359086,96.74659953880382,5.357014939188957,3.0110791522221607,11.295143127441406,3.56114535994425,"Brenton Doyle",25479,686668
"Ian Happ","CHC",153,657,25,89,86,13,0.121765601,0.255707762,0.198594025,0.298941798,0.242530755,0.340943683,0.44112478,0.34104491788439634,0.3470029641653745,120.6947412320549,1.2602601945400238,17.51899151423578,-5.038127660751343,3.5592203251636296,"Ian Happ",17919,664023
"Zach Neto","LAA",155,602,23,70,77,30,0.064784053,0.232558139,0.193726938,0.294736842,0.24907749,0.317725752,0.442804428,0.32995627543435024,0.3190859340181287,114.88853789941251,1.77750413864851,12.03294062760098,2.330495834350586,3.541966399714351,"Zach Neto",31347,687263
"Manny Machado","SDP",152,643,29,77,105,11,0.069984447,0.192846034,0.197301855,0.301801801,0.274873524,0.32503888,0.472175379,0.3396645368923385,0.3401139627291462,121.67552391873824,-0.3632918745279312,16.303110430182336,-3.5402600169181824,3.5399670763093356,"Manny Machado",11493,592518
"Anthony Volpe","NYY",160,689,12,90,60,28,0.06095791,0.226415094,0.120879121,0.302966101,0.2433281,0.293002915,0.364207221,0.28735230665137296,0.27838217547911703,87.27204133519592,5.045647397637367,-4.988571835820478,16.008126258850098,3.4941149751229936,"Anthony Volpe",27647,683011
"Austin Wells","NYY",115,414,13,42,55,1,0.11352657,0.210144927,0.166666666,0.260536398,0.228813559,0.322033898,0.395480225,0.3147913115076522,0.3432796441235589,106.57319770127978,-1.8425224795937538,1.2712196527898554,18.651103079319,3.4732082121040153,"Austin Wells",27562,669224
"Seiya Suzuki","CHC",132,585,21,74,73,16,0.107692307,0.273504273,0.19921875,0.370149253,0.283203125,0.365811965,0.482421875,0.36487284691882704,0.3484517818063549,136.7325707850044,-0.8131459578871727,24.883028647295664,-11.006206035614014,3.454599990763587,"Seiya Suzuki",30116,673548
"Alec Bohm","PHI",143,606,15,62,97,5,0.0660066,0.141914191,0.167870036,0.305010893,0.279783393,0.331683168,0.447653429,0.3352790382129467,0.34475500979016177,113.47498826994982,-2.6185740530490875,7.146202377563688,5.9848379492759705,3.450141560402428,"Alec Bohm",21618,664761
"Teoscar Hernández","LAD",154,652,33,84,99,12,0.081288343,0.288343558,0.229202037,0.344173441,0.271646859,0.339477726,0.500848896,0.359840165041847,0.34669400293270625,132.08620411701298,0.6009092852473259,25.617448085067206,-14.38288402557373,3.413228104725821,"Teoscar Hernandez",13066,606192
"Kyle Schwarber","PHI",150,692,38,110,104,5,0.15317919,0.28468208,0.237347295,0.300578034,0.247818499,0.365606936,0.485165794,0.36580757077696713,0.38023195504094986,134.02278329888222,-2.4103949144482613,25.743417838873054,-16.54370427131653,3.34129102450476,"Kyle Schwarber",16478,656941
"Isaac Paredes","- - -",153,641,19,64,80,1,0.118564742,0.163806552,0.154981549,0.259433962,0.23800738,0.346333853,0.392988929,0.327380766424588,0.30940429257674956,116.36798017405934,-0.7876776978373528,11.056274435842715,-0.36277714371681213,3.303922271639357,"Isaac Paredes",20036,670623
"Salvador Perez","KCR",158,652,27,58,104,0,0.067484662,0.19785276,0.184745763,0.302272727,0.27118644,0.330261136,0.455932203,0.33502383720466283,0.3613753341173342,116.57821504541221,-5.635987289249897,6.731770514528549,3.4393088817596436,3.279964636903192,"Salvador Perez",7304,521692
"Fernando Tatis Jr.","SDP",102,438,21,64,49,11,0.07305936,0.219178082,0.216080402,0.315602836,0.276381909,0.340182648,0.492462311,0.3587745542395605,0.39027537470278534,134.5378755115181,0.015863269567489624,18.105548695707785,-1.1127433776855469,3.2684617146217163,"Fernando Tatis Jr.",19709,665487
"Anthony Santander","BAL",155,665,44,91,102,2,0.087218045,0.193984962,0.270588235,0.224824355,0.235294117,0.308270676,0.505882352,0.3451743663437777,0.3271819560502553,128.2676654172403,-2.7223064973950386,18.786543704610157,-9.702141284942627,3.2121886986659742,"Anthony Santander",14551,623993
"Nolan Arenado","STL",152,635,16,70,71,2,0.069291338,0.144881889,0.12283737,0.295597484,0.271626297,0.324921135,0.394463667,0.3136587862538386,0.29794544038318455,102.6110472697124,-2.096810720860958,-0.11414387710808871,9.854319334030151,3.200148537811167,"Nolan Arenado",9777,571448
"Joey Ortiz","MIL",142,511,11,58,60,11,0.109589041,0.201565557,0.159090909,0.28313253,0.238636363,0.328740157,0.397727272,0.3187137223838821,0.30670558039849927,104.64613241625626,-0.15280018001794815,2.68625456927065,11.20247507095337,3.200127053161797,"Joey Ortiz",25493,687401
"JJ Bleday","OAK",159,642,20,74,60,2,0.10436137,0.194704049,0.194055944,0.278688524,0.243006993,0.324492979,0.437062937,0.33021923363302047,0.3216156578959434,120.0438407845668,-2.593656487762928,12.130200135938727,-2.4218196868896484,3.1979830688400854,"JJ Bleday",26368,668709
"Daulton Varsho","TOR",136,513,18,73,58,10,0.093567251,0.26705653,0.193899782,0.262295081,0.213507625,0.29296875,0.407407407,0.304275134421608,0.2658830204272317,98.6409669653947,1.5699750408530235,0.7722504389651648,13.039516508579254,3.18065509012607,"Daulton Varsho",19918,662139
"Brendan Donovan","STL",153,652,14,65,73,5,0.072085889,0.124233128,0.139693356,0.299798792,0.277683134,0.342024539,0.41737649,0.33223725133146975,0.3409130371843798,115.11562774919648,-1.776802971959114,10.008345769611939,-1.0786335468292236,3.175188239995478,"Brendan Donovan",24679,680977
"Victor Robles","- - -",91,295,4,44,28,34,0.07118644,0.179661016,0.125984252,0.37,0.307086614,0.380622837,0.433070866,0.357417311222908,0.3312704811493556,141.07545516453135,6.904105931520462,20.654141330409846,-0.12011577188968658,3.1306479756621433,"Victor Robles",18363,645302
"Lawrence Butler","OAK",125,451,22,63,57,18,0.077605321,0.239467849,0.22815534,0.3006993,0.262135922,0.31707317,0.490291262,0.3445680385946963,0.3409686863820643,130.1370832211039,3.79275693744421,19.344653771553016,-3.9961519837379456,3.127356133285554,"Lawrence Butler",22542,671732
"Wyatt Langford","TEX",134,557,16,74,74,19,0.091561938,0.206463195,0.162324649,0.296495956,0.25250501,0.324955116,0.414829659,0.32110500604667386,0.3321077654885294,111.29704584628975,4.364920698106289,11.564807920575173,-0.2523379325866699,3.072991688342407,"Wyatt Langford",33333,694671
"Wilyer Abreu","BOS",132,447,15,59,58,8,0.089485458,0.279642058,0.205513784,0.325757575,0.253132832,0.322147651,0.458646616,0.33560124473017067,0.32363778191643794,115.7816655992959,1.243766650557518,9.315484402791066,5.600612163543701,3.0690202752254754,"Wilyer Abreu",23772,677800
"Tyler Stephenson","CIN",138,515,19,69,66,1,0.093203883,0.227184466,0.185995623,0.306501547,0.258205689,0.337864077,0.444201312,0.33936225926434554,0.3246214687824249,113.01500435136597,-3.389812648296356,4.625359067865292,7.783809661865234,3.0611431274036347,"Tyler Stephenson",17988,663886
"Christian Walker","ARI",130,552,26,72,84,2,0.099637681,0.240942028,0.217118998,0.286585365,0.25052192,0.335144927,0.467640918,0.3434478165241924,0.35420117658727307,119.58764615968676,-3.2009108290076256,9.728615421498088,1.3842363357543945,3.055113787898655,"Christian Walker",13419,572233
"Luis García Jr.","WSN",140,528,18,58,70,22,0.051136363,0.162878787,0.162,0.309823677,0.282,0.318181818,0.444,0.3281335896412229,0.3348572649274554,110.26560092143444,0.5397384017705917,7.02129897137524,4.618099570274353,3.0265637491312907,"Luis Garcia Jr.",20391,671277
"Christian Yelich","MIL",73,315,11,44,42,21,0.126984126,0.184126984,0.188888889,0.366336633,0.314814814,0.405750798,0.503703703,0.39138049156435073,0.3726688866476411,153.55584910191052,4.691304832696915,24.86468846155415,-6.181448698043823,3.018026645863369,"Christian Yelich",11477,592885
"Tyler Fitzgerald","SFG",96,341,15,53,34,17,0.064516129,0.316715542,0.216560509,0.380208333,0.280254777,0.33431085,0.496815286,0.35674211146894436,0.29308692684567433,131.84984683581993,3.885584771633148,16.87300854405038,0.7227799892425537,2.995558629882835,"Tyler Fitzgerald",26208,666149
"Joc Pederson","ARI",132,449,23,62,64,7,0.122494432,0.233853006,0.239782017,0.322314049,0.275204359,0.392776523,0.514986376,0.3910353168878966,0.38067950411326323,151.61729584435759,-1.1469493806362152,26.56728427453759,-12.638888359069824,2.9899863251250425,"Joc Pederson",11899,592626
"Jake McCarthy","ARI",142,495,8,66,56,25,0.062626262,0.157575757,0.115384615,0.328690807,0.285067873,0.348979591,0.400452488,0.3292398854998723,0.3142106518302996,110.02473468136019,4.541013538837433,10.474901889182023,1.78767991065979,2.9768951327797954,"Jake McCarthy",21622,664983
"Yainer Diaz","HOU",148,619,16,70,84,2,0.038772213,0.17285945,0.141880342,0.338297872,0.299145299,0.324717285,0.441025641,0.3288189165028939,0.3431905771230722,115.87666623872789,-1.552468627691269,9.692430694951293,-1.5417224168777466,2.9584615595678874,"Yainer Diaz",23003,673237
"Nathaniel Lowe","TEX",140,565,16,62,69,2,0.125663716,0.221238938,0.135802469,0.323782234,0.265432098,0.361061946,0.401234567,0.3372676782574214,0.33229811590337244,122.66619954801395,-0.8439948558807373,13.809214786509738,-4.198644161224365,2.9245794432244456,"Nathaniel Lowe",19566,663993
"Josh Smith","TEX",149,592,13,67,62,11,0.077702702,0.204391891,0.135755258,0.311224489,0.258126195,0.337288135,0.393881453,0.3227134973367325,0.3092953175154526,112.42849146778795,-0.5694538950920105,7.8492596524568565,0.8592327833175659,2.9237415484382856,"Josh Smith",26396,669701
"Carlos Santana","MIN",150,594,23,63,71,4,0.109427609,0.166666666,0.182341651,0.251870324,0.238003838,0.328282828,0.420345489,0.32645044845171184,0.3326018252615201,112.85098632720843,-0.9472040608525276,7.787104168270172,0.8511838912963867,2.9233300141184264,"Carlos Santana",2396,467793
"Willi Castro","MIN",158,635,12,89,60,14,0.08031496,0.236220472,0.137992832,0.315,0.247311827,0.331230283,0.385304659,0.3171236067540262,0.3234887907776651,106.29029540741563,-0.5988160520792007,3.9715435690969274,3.2978399991989136,2.922152458608753,"Willi Castro",17338,650489
"Jonathan India","CIN",151,637,15,84,58,13,0.125588697,0.196232339,0.144465291,0.2925,0.247654784,0.357480314,0.392120075,0.33337109332948217,0.35369952469594096,108.98253900584913,-0.05186343193054199,6.790400593466311,0.16471941163763404,2.9194252169047554,"Jonathan India",21523,663697
"Mark Vientos","NYM",111,454,27,58,71,0,0.072687224,0.297356828,0.249394673,0.32421875,0.266343825,0.321585903,0.515738498,0.35599902613572615,0.3326000693618067,132.24036784261304,-1.9793761298060417,15.523810576618256,-2.7155758142471313,2.891575831790902,"Mark Vientos",22184,668901
"Taylor Ward","LAA",156,663,25,73,75,6,0.095022624,0.245852187,0.179487179,0.29382716,0.246153846,0.322775263,0.425641025,0.32538151929820824,0.34549720049624716,111.67056100911094,-2.5675477609038353,6.285868197143344,-0.8825621604919434,2.8251744075744916,"Taylor Ward",17548,621493
"Brandon Nimmo","NYM",151,663,23,88,90,15,0.116138763,0.238310708,0.175131348,0.267175572,0.224168126,0.32730015,0.399299474,0.32051343887234024,0.33825581868489585,108.35613521399686,2.4805020317435265,9.105416439145763,-4.4436936378479,2.7724098387671727,"Brandon Nimmo",12927,607043
"Miguel Rojas","LAD",103,337,6,41,36,8,0.068249258,0.100890207,0.12703583,0.301115241,0.283387622,0.337313432,0.410423452,0.327027644328217,0.31183229092352405,110.00112850480102,-0.34628136456012726,3.684044789434159,11.884222745895386,2.772339098659276,"Miguel Rojas",7802,500743
"Alejandro Kirk","TOR",103,386,5,23,54,0,0.090673575,0.132124352,0.105882353,0.276450511,0.252941176,0.318652849,0.358823529,0.29695486263795334,0.3285189668337504,93.49173830063077,-3.4946725890040398,-6.369143511571541,20.228118896484375,2.751253264719486,"Alejandro Kirk",22581,672386
"Jeremy Peña","HOU",157,650,15,78,70,20,0.038461538,0.17076923,0.127906977,0.300829875,0.26578073,0.307573415,0.393687707,0.3050573243998891,0.31361267945476784,99.16227710219016,2.185185857117176,1.5621409500028798,3.420610189437866,2.7372868599209714,"Jeremy Pena",21636,665161
"Andrés Giménez","CLE",152,633,9,64,63,30,0.041074249,0.153238546,0.087478559,0.285714285,0.252144082,0.298412698,0.339622641,0.28149777878259435,0.30095423954658934,83.21128527282949,2.21562247723341,-9.944186907545681,15.409588813781738,2.7290023140723267,"Andres Gimenez",19950,665926
"Adley Rutschman","BAL",148,638,19,68,79,1,0.09090909,0.161442006,0.140105079,0.271929824,0.250437828,0.318181818,0.390542907,0.30890228964212374,0.3204838790292815,102.75314592908194,-2.9636977836489677,-0.9538854008701083,6.193449318408966,2.7227758150000785,"Adley Rutschman",26288,668939
"Jacob Young","WSN",150,521,3,75,36,33,0.057581573,0.195777351,0.074786325,0.320547945,0.256410256,0.31640625,0.331196581,0.2896075388416648,0.29149270245409387,84.33492792090736,4.275671362876892,-5.4839148584091255,14.065381050109863,2.6865593485361425,"Jacob Young",29931,696285
"Willson Contreras","STL",84,358,15,48,36,4,0.125698324,0.268156424,0.205980067,0.336842105,0.262458471,0.379888268,0.468438538,0.37018280752589194,0.3667514243822419,140.65558808979728,-1.6810779720544815,15.723542547448695,-1.9282018840312958,2.6617995073877436,"Willson Contreras",11609,575929
"Jordan Westburg","BAL",107,447,18,57,63,6,0.049217002,0.217002237,0.216346154,0.304635761,0.264423076,0.311659192,0.48076923,0.3395621362288437,0.3545980752850862,124.31990814331,0.28621523082256317,12.724917157303798,-1.7738217115402222,2.6595239616822353,"Jordan Westburg",27815,676059
"Ha-Seong Kim","SDP",121,470,11,60,47,22,0.123404255,0.163829787,0.136476427,0.261006289,0.23325062,0.330472103,0.369727047,0.3083755688749867,0.31775883028450097,100.61590370479183,2.320876806974411,2.667032882735815,7.1377726793289185,2.6366755464616216,"Ha-Seong Kim",27506,673490
"Pete Crow-Armstrong","CHC",123,410,10,46,47,27,0.051219512,0.23902439,0.147849463,0.292134831,0.236559139,0.286069651,0.384408602,0.2894473162293434,0.28563318252563474,85.96601850130516,4.924683943390846,-1.9559117734302687,13.557831645011902,2.614950944203839,"Pete Crow-Armstrong",27769,691718
"Will Smith","LAD",128,544,20,77,75,1,0.09375,0.193014705,0.18487395,0.272980501,0.247899159,0.327205882,0.432773109,0.3257519090928996,0.3366978773430212,109.14247124469465,-1.1997324310068507,4.747621537058743,2.3400936126708984,2.6117632860683178,"Will Smith",19197,669257
"Matt Olson","ATL",162,685,29,78,98,0,0.103649635,0.248175182,0.21,0.293103448,0.246666666,0.332846715,0.456666666,0.33945008884457983,0.3410483591655302,117.40058190255142,-3.611402541399002,10.641904079029395,-8.303495407104492,2.608482942617259,"Matt Olson",14344,621566
"Brice Turang","MIL",155,619,7,72,57,50,0.080775444,0.169628432,0.094812165,0.3,0.254025044,0.315960912,0.348837209,0.29423238577694916,0.30165485319544055,88.1685147784398,7.250690534710884,-1.5070323507757628,5.595221757888794,2.5611371874742206,"Brice Turang",22186,668930
"Tyler O'Neill","BOS",113,473,31,74,61,4,0.112050739,0.336152219,0.270072993,0.304932735,0.240875912,0.336152219,0.510948905,0.35966480504243803,0.3399524851741954,132.7084653409226,-0.7628751322627068,16.939311530836047,-7.914902210235596,2.549447378453918,"Tyler O'Neill",15711,641933
"Jose Iglesias","NYM",85,291,4,39,26,6,0.041237113,0.134020618,0.111111111,0.381578947,0.337037037,0.381443298,0.448148148,0.3617972910404205,0.31567737973969556,136.14299757220334,-0.1892404928803444,12.3877995008451,2.49344801902771,2.5424349238510637,"Jose Iglesias",10231,578428
"Gabriel Moreno","ARI",97,351,5,39,45,3,0.116809116,0.148148148,0.114754098,0.302788844,0.26557377,0.353276353,0.380327868,0.324803192785808,0.3282281389209124,107.03853636659439,0.07183093577623367,3.0261048497834633,9.742034435272217,2.5315243909404956,"Gabriel Moreno",22664,672515
"Otto Lopez","MIA",117,434,6,49,39,20,0.057603686,0.172811059,0.106699751,0.317901234,0.270471464,0.313225058,0.377171215,0.30242097917123073,0.3168405413351037,91.62366958166143,2.3686988428235054,-1.9784530433418208,11.68523383140564,2.5021558775875112,"Otto Lopez",19608,672640
"Dylan Moore","SEA",135,441,10,53,42,32,0.120181405,0.278911564,0.16576087,0.266666666,0.201086956,0.320454545,0.366847826,0.3058058915485825,0.2990225177921661,105.76281017956457,4.096604101359844,7.0044977005296065,1.719145119190216,2.408960668915499,"Dylan Moore",18042,664238
"Austin Riley","ATL",110,469,19,63,56,0,0.078891257,0.251599147,0.204705882,0.310344827,0.256470588,0.32196162,0.46117647,0.33795924811983413,0.3668878134619245,116.3971439034069,-1.2070955634117126,7.98897585037723,-0.3607074022293091,2.408432293508158,"Austin Riley",18360,663586
"Kerry Carpenter","DET",87,296,18,37,57,0,0.074324324,0.253378378,0.303030303,0.327586206,0.284090909,0.344709897,0.587121212,0.3904375917699239,0.37692140278063324,158.37805572102616,-1.7147208377718925,18.057112688925503,-4.785245060920715,2.3828624667741654,"Kerry Carpenter",25961,681481
"Matt Vierling","DET",144,567,16,80,57,6,0.072310405,0.21340388,0.166023166,0.303108808,0.256756756,0.312169312,0.422779922,0.3174157493316664,0.31111639973083277,107.01300052232018,2.7747438177466393,7.324546239273101,-3.4304471015930176,2.3410342609966617,"Matt Vierling",21558,663837
"Heliot Ramos","SFG",121,518,22,54,72,6,0.071428571,0.26061776,0.2,0.329192546,0.269473684,0.322393822,0.469473684,0.3387795454540918,0.33786463737487793,119.75980864309486,-0.614727072417736,11.625057629478048,-6.496053457260132,2.319630585280299,"Heliot Ramos",22515,671218
"Max Muncy","LAD",73,293,15,47,48,1,0.153583617,0.262798634,0.261603376,0.264900662,0.23206751,0.358361774,0.493670886,0.3617018884625928,0.3533483834102236,133.33927159314624,-0.5051967352628708,11.175937419784706,1.3854434490203857,2.3097552461155386,"Max Muncy",13301,571970
"Brandon Marsh","PHI",135,476,16,55,60,19,0.105042016,0.323529411,0.16985646,0.347826086,0.248803827,0.328421052,0.418660287,0.3257733355070415,0.32654618112664474,107.07699876956016,2.910208508372307,6.938467240522312,-0.8966553211212158,2.26877475539164,"Brandon Marsh",20202,669016
"Luke Raley","SEA",137,455,22,58,58,11,0.059340659,0.296703296,0.22029703,0.305220883,0.242574257,0.3200883,0.462871287,0.3390953546065105,0.32112964029587027,129.17929832078818,0.38921670615673065,15.58040854492139,-8.71355414390564,2.26506887654178,"Luke Raley",19354,670042
"Josh Naylor","CLE",152,633,31,84,108,6,0.091627172,0.165876777,0.213143873,0.245939675,0.243339253,0.319620253,0.456483126,0.33160023488998414,0.3372639124887139,118.45437607436351,-2.547035478055477,10.819186953261484,-9.875957131385803,2.2619626483970343,"Josh Naylor",18839,647304
"Brandon Lowe","TBR",107,425,21,56,58,5,0.077647058,0.263529411,0.228571428,0.287401574,0.244155844,0.310588235,0.472727272,0.334698090739284,0.34447160003878546,123.27430266211141,0.7210210040211678,12.0390607588506,-4.412285476922989,2.2409665658586406,"Brandon Lowe",18882,664040
"Xavier Edwards","MIA",70,303,1,39,26,31,0.108910891,0.171617161,0.094339623,0.398148148,0.328301886,0.397350993,0.422641509,0.3586137106648315,0.3002261098225911,129.44522967220914,6.179306767880917,16.8481874725258,-5.385389566421509,2.2308505066235242,"Xavier Edwards",22266,669364
"Michael Busch","CHC",152,567,21,73,65,2,0.111111111,0.285714285,0.191532259,0.321766561,0.24798387,0.335097001,0.439516129,0.3364596908168321,0.32410807651756085,117.60856911592568,-1.6090402156114578,10.329972359070307,-8.012014865875244,2.1986286983357735,"Michael Busch",26319,683737
"Bryan Reynolds","PIT",156,692,24,73,88,10,0.082369942,0.225433526,0.172025723,0.330337078,0.274919614,0.343930635,0.446945337,0.3427446141990418,0.3532597793068254,118.23192994662918,0.9803749248385429,16.067275292156044,-18.260099411010742,2.164695598015755,"Bryan Reynolds",19326,668804
"Parker Meadows","DET",82,298,9,39,28,9,0.083892617,0.255033557,0.188888889,0.306451612,0.244444444,0.309764309,0.433333333,0.32112619310918483,0.29535376165331023,109.62300244886809,2.9670753702521324,6.2482735939166405,4.711624503135681,2.1509265170046175,"Parker Meadows",23800,678009
"Jake Rogers","DET",102,337,10,43,36,1,0.065281899,0.293768545,0.15483871,0.251231527,0.196774193,0.255192878,0.351612903,0.2641894125512668,0.3019914886382411,69.57250826054512,-0.6453194320201874,-12.37811926420518,22.04239583015442,2.1504784449765117,"Jake Rogers",19452,668670
"Logan O'Hoppe","LAA",136,522,20,64,56,2,0.06321839,0.296934865,0.164926931,0.318032786,0.244258872,0.303262955,0.409185803,0.31106662246865185,0.33327742356520434,101.60117024516721,-4.74073401093483,-3.7843911475966325,7.252404097467661,2.143151226016867,"Logan O'Hoppe",24729,681351
"Ernie Clement","TOR",139,452,12,48,51,12,0.024336283,0.090707964,0.14516129,0.266318537,0.262672811,0.284444444,0.407834101,0.2974025495599267,0.2887652601514544,93.80665042405936,0.653203196823597,-2.5498904504418576,8.260013818740845,2.1353458003467902,"Ernie Clement",20352,676391
"Lourdes Gurriel Jr.","ARI",133,553,18,72,75,7,0.052441229,0.182640144,0.155945419,0.313283208,0.278752436,0.32188065,0.434697855,0.32670330580161966,0.3247544108957484,108.31744267166582,-0.6922918781638145,4.807879627773279,-2.6734776496887207,2.1312953209595107,"Lourdes Gurriel Jr.",19238,666971
"Cedric Mullins","BAL",147,499,18,69,54,32,0.082164328,0.196392785,0.171171171,0.26060606,0.234234234,0.304878048,0.405405405,0.3102922748501708,0.2921208017240695,103.7308899102351,3.245793677866459,5.37598488266154,-1.262463092803955,2.1311692494264354,"Cedric Mullins",17929,656775
"Iván Herrera","STL",72,259,5,37,27,5,0.096525096,0.204633204,0.126637555,0.369942196,0.301310043,0.372093023,0.427947598,0.35088068015815677,0.36996400588217415,127.66393328480997,1.9252434968948364,10.493155097901349,1.4189117699861526,2.125210560471377,"Ivan Herrera",20599,671056
"Cody Bellinger","CHC",130,569,18,72,78,9,0.079086115,0.156414762,0.160852714,0.287439613,0.265503875,0.32513181,0.426356589,0.32181783715176837,0.30497690112565334,107.75359795665254,1.3989968299865723,6.674657193737231,-5.56675523519516,2.080567792974182,"Cody Bellinger",15998,641355
"Jake Cronenworth","SDP",155,656,17,72,83,5,0.092987804,0.179878048,0.149046793,0.274157303,0.240901213,0.323619631,0.389948006,0.31488512410708,0.3394956897330027,104.99728058093454,0.09399667382240295,4.014112129483124,-5.92658719420433,2.069253519046578,"Jake Cronenworth",18036,630105
"Pete Alonso","NYM",162,695,34,91,88,3,0.100719424,0.247482014,0.21875,0.275862068,0.240131578,0.329496402,0.458881578,0.3398528206020637,0.3459385178431717,121.37286475824538,-4.213640347123146,13.549053342630984,-16.834993839263916,2.0621673447419173,"Pete Alonso",19251,624413
"Isiah Kiner-Falefa","- - -",133,496,8,53,43,11,0.032258064,0.157258064,0.107526882,0.307086614,0.268817204,0.306288032,0.376344086,0.29883789133590327,0.2887694830807066,92.83747432101116,2.2272317931056023,-2.272538329509741,5.712219029664993,2.0590438321903552,"Isiah Kiner-Falefa",16512,643396
"Matt Wallner","MIN",75,261,13,26,37,3,0.091954022,0.363984674,0.263636363,0.38938053,0.259090909,0.371647509,0.522727272,0.38523802583701766,0.3605342587291966,154.2033688002696,-0.10247628390789032,16.084748365527307,-4.907581210136414,2.0468438082128504,"Matt Wallner",26466,670242
"Geraldo Perdomo","ARI",98,388,3,61,37,9,0.092783505,0.149484536,0.100890208,0.316725978,0.272997032,0.34383202,0.37388724,0.3171501502277344,0.28805172632610987,101.88751413841415,2.8009272441267967,3.676683449650246,3.008270502090454,2.031118155295543,"Geraldo Perdomo",22799,672695
"Xander Bogaerts","SDP",111,463,11,50,44,13,0.060475161,0.170626349,0.11682243,0.296511627,0.264018691,0.306695464,0.380841121,0.2997738561928916,0.3084424860823956,94.82636145546134,2.6330677047371864,-0.23136325395212332,4.338234186172485,2.0240177042938705,"Xander Bogaerts",12161,593428
"Michael Harris II","ATL",110,470,16,58,48,10,0.04893617,0.2,0.154545455,0.3003003,0.263636363,0.304255319,0.418181818,0.3120455870242007,0.34646811414120804,98.95547370436697,-1.355753816664219,-1.9428084499013014,5.514255166053772,1.9929083971536017,"Michael Harris II",25931,671739
"Randy Arozarena","- - -",154,648,20,77,60,20,0.11265432,0.260802469,0.169398908,0.274725274,0.218579234,0.331790123,0.387978142,0.3203924835464101,0.322468658871776,114.24854061392074,-1.149713784456253,9.414836093951916,-11.771666646003723,1.972432512441969,"Randy Arozarena",19290,668227
"J.T. Realmuto","PHI",99,413,14,50,47,2,0.065375302,0.246973365,0.163157895,0.328301886,0.265789473,0.322033898,0.428947368,0.32606597331542414,0.3402486462372643,107.27396407379653,-0.47925133258104324,3.1131304699724227,2.0580079555511475,1.9611607613812283,"J.T. Realmuto",11739,592663
"Shea Langeliers","OAK",137,534,29,58,80,4,0.076779026,0.27153558,0.226141078,0.251592356,0.22406639,0.288389513,0.450207468,0.31521909476671006,0.3280744050678454,109.4924367781867,-2.7879098132252693,3.012044568457779,-1.743086814880371,1.9570718836786027,"Shea Langeliers",25816,669127
"Jake Meyers","HOU",148,513,13,51,61,11,0.06822612,0.228070175,0.14099783,0.262686567,0.219088937,0.286274509,0.360086767,0.28458094643611537,0.30692627674012674,84.75877468073166,2.208105057477951,-6.738182553277285,8.57271122932434,1.943673114721071,"Jake Meyers",20308,676694
"Freddy Fermin","KCR",111,368,6,40,36,2,0.0625,0.179347826,0.09439528,0.318518518,0.27138643,0.318801089,0.36578171,0.30039438133031293,0.28098267855709547,92.21914859223246,-0.45415162295103073,-3.730428129821423,10.231613636016846,1.9298063029082093,"Freddy Fermin",21840,666023
"Ryan McMahon","COL",153,645,20,68,65,4,0.106976744,0.286821705,0.155202822,0.319672131,0.241622574,0.32503888,0.396825396,0.31540381861777744,0.32574901610942436,88.2810928471532,-2.6520228162407875,-11.690767361198144,8.739616394042969,1.9239715739414993,"Ryan McMahon",15112,641857
"Yandy Díaz","TBR",145,621,14,55,65,0,0.080515297,0.152979066,0.13321492,0.31441048,0.280639431,0.341384863,0.413854351,0.3305333292234731,0.33901513355835355,120.34472436052373,-3.6281698495149612,10.827859382823558,-12.772235035896301,1.9227032254289889,"Yandy Diaz",16578,650490
"José Caballero","TBR",139,483,9,53,44,44,0.055900621,0.275362318,0.120181406,0.301324503,0.226757369,0.283333333,0.346938775,0.27710887074221646,0.26737929690059126,82.76486924839071,2.92787579447031,-6.597175444437967,9.216593265533447,1.922149469669689,"Jose Caballero",23401,676609
"Josh Rojas","SEA",143,476,8,48,31,10,0.096638655,0.226890756,0.111374407,0.282467532,0.225118483,0.304439746,0.33649289,0.2855414129414801,0.29596934217087767,91.50836209292643,-1.6327427178621292,-6.257660612438277,8.923283219337463,1.902984845126649,"Josh Rojas",19734,668942
"Victor Caratini","HOU",87,274,8,30,30,0,0.083941605,0.193430656,0.13877551,0.310160427,0.269387755,0.335766423,0.408163265,0.32435033915243744,0.32486996931188244,112.73337767462517,-3.403351590037346,0.5887335107126375,8.621212482452393,1.8881272656851302,"Victor Caratini",14968,605170
"Francisco Alvarez","NYM",100,342,11,39,47,1,0.087719298,0.251461988,0.165584415,0.291079812,0.237012987,0.307017543,0.402597402,0.3098268491482874,0.2960755740894991,101.16332780513616,-2.124374210834503,-1.6486124872071197,8.404433250427246,1.8794868112573342,"Francisco Alvarez",26121,682626
"Edmundo Sosa","PHI",90,274,7,39,31,7,0.047445255,0.240875912,0.164658634,0.320224719,0.257028112,0.3125,0.421686746,0.3184949926593724,0.30533736499387826,102.17817513070442,1.825033575296402,2.5387154092670103,6.426589488983154,1.8727072966017013,"Edmundo Sosa",17022,624641
"Garrett Mitchell","MIL",69,224,8,33,21,11,0.111607142,0.316964285,0.214285715,0.358974358,0.25510204,0.342342342,0.469387755,0.3512370078950315,0.31086123367240526,126.53653291123945,2.220398746430874,9.328497991283676,1.2379744052886963,1.86530016722277,"Garrett Mitchell",27555,669003
"Spencer Horwitz","TOR",97,381,12,46,40,0,0.11023622,0.183727034,0.167682927,0.3,0.265243902,0.35695538,0.432926829,0.34409546867838636,0.34008116709525477,126.65140327915627,-3.684685356914997,7.9338307386380595,-2.5582741498947144,1.8580074966589084,"Spencer Horwitz",26477,687462
"Travis d'Arnaud","ATL",99,341,15,40,48,1,0.070381231,0.260997067,0.198697068,0.280193236,0.237785016,0.302052785,0.436482084,0.31879015821865225,0.32542269089642695,103.49503243261593,-1.2233696430921555,0.20180101894305347,6.291479170322418,1.8489167753888918,"Travis d'Arnaud",7739,518595
"Gleyber Torres","NYY",154,665,15,80,63,4,0.09774436,0.204511278,0.120954003,0.306306306,0.257240204,0.330316742,0.378194207,0.31267272580982514,0.3136443399264845,105.0829412563799,-4.58467809855938,-0.7170710480532385,-3.6354358196258545,1.8244552147998419,"Gleyber Torres",16997,650402
"Jose Siri","TBR",130,448,18,50,47,14,0.069196428,0.379464285,0.179104477,0.261467889,0.186567164,0.254504504,0.365671641,0.2707812407532254,0.2984053910989525,78.31388509339176,1.5324629098176956,-9.58396807300319,12.386746764183044,1.821403814442588,"Jose Siri",17452,642350
"CJ Abrams","WSN",138,602,20,79,65,31,0.066445182,0.212624584,0.186691312,0.28463476,0.245841035,0.314475873,0.432532347,0.32224908431238153,0.320060089930592,106.30492547494421,1.6094076707959175,6.148173046532586,-8.701845645904541,1.81643825429295,"CJ Abrams",25768,682928
"Bryson Stott","PHI",148,571,11,65,57,32,0.092819614,0.162872154,0.110671937,0.274939172,0.245059288,0.315236427,0.355731225,0.2959171467705777,0.3119384603009131,86.98173722315366,4.602924786508083,-4.286024455080682,2.4610875844955444,1.7845817403885609,"Bryson Stott",26294,681082
"Paul DeJong","- - -",139,482,24,54,56,2,0.047717842,0.323651452,0.2,0.285185185,0.226966292,0.275933609,0.426966292,0.3023871950094136,0.2929727150691495,95.74027976134981,-2.3931554704904556,-4.74242974455701,6.030293852090836,1.7812101181786681,"Paul DeJong",18015,657557
"Carson Kelly","- - -",91,313,9,32,37,0,0.079872204,0.175718849,0.135231317,0.266055045,0.238434163,0.313099041,0.37366548,0.30414682855240455,0.3192191231289094,98.27293025446896,-2.994383342564106,-3.612911993276702,10.371513545513153,1.7683187554983508,"Carson Kelly",13620,608348
"David Fry","CLE",122,392,14,44,51,4,0.107142857,0.214285714,0.185074627,0.307053941,0.262686567,0.356410256,0.447761194,0.34722092886662853,0.33190838907666775,129.4422912181214,-1.3451499491930008,11.860606349151531,-8.082047939300537,1.7306877290288933,"David Fry",24934,681807
"Colt Keith","DET",148,556,13,54,61,7,0.064748201,0.197841726,0.120155039,0.306329113,0.259689922,0.309352517,0.379844961,0.3007700167838417,0.3159625199589416,95.30405231459929,0.3411382734775543,-2.6463323883055523,0.9607534408569336,1.7271631980963353,"Colt Keith",27899,690993
"Lars Nootbaar","STL",109,405,12,39,45,7,0.128395061,0.195061728,0.172413793,0.28076923,0.244252873,0.341584158,0.416666666,0.3307730666737058,0.35826771294892723,114.13013111030143,0.9950780048966408,7.83832947188567,-4.789616107940674,1.7143179880753392,"Lars Nootbaar",21454,663457
"Mike Yastrzemski","SFG",140,474,18,60,57,3,0.080168776,0.261603375,0.205607476,0.282229965,0.231308411,0.302325581,0.436915887,0.31878834445092635,0.3039272551840924,106.30436004811878,1.8471078351140022,5.420499616558882,-4.714818999171257,1.7107603468087964,"Mike Yastrzemski",14854,573262
"Jose Trevino","NYY",74,234,8,26,28,1,0.085470085,0.175213675,0.138755981,0.228395061,0.215311004,0.287553648,0.354066985,0.28372043192130814,0.2691959168266329,84.7173064811377,-0.891972005367279,-4.983837680725503,13.350429654121399,1.664247292045666,"Jose Trevino",16725,624431
"David Hamilton","BOS",98,317,8,47,28,33,0.06940063,0.25236593,0.146258504,0.31553398,0.248299319,0.302839116,0.394557823,0.3048386513622777,0.28517367486321965,94.14262920093036,6.149821043014526,4.025267956346051,1.3918272256851196,1.6434490518807503,"David Hamilton",27531,666152
"J.P. Crawford","SEA",105,451,9,55,37,5,0.115299334,0.226164079,0.119897959,0.24822695,0.201530612,0.303769401,0.321428571,0.2831537932355758,0.31217273465774636,89.82886163262253,1.3918306827545166,-3.8568688484639573,4.7347226440906525,1.6328604629969679,"J.P. Crawford",15491,641487
"Jesús Sánchez","MIA",149,537,18,60,64,16,0.076350093,0.260707635,0.165644172,0.315315315,0.251533742,0.313432835,0.417177914,0.31695893931478153,0.34766889873303863,101.40871327945555,0.656784787774086,1.5613881105284366,-3.978126287460327,1.6059768352621162,"Jesus Sanchez",19913,660821
"Randal Grichuk","ARI",106,279,12,40,46,0,0.071684587,0.164874551,0.236220473,0.313131313,0.291338582,0.34767025,0.527559055,0.373031150269252,0.37098274924538355,139.4992575937193,0.6253616139292717,13.803510825329651,-7.647074580192566,1.5998909267290098,"Randal Grichuk",10243,545341
"Bo Naylor","CLE",123,389,13,39,39,6,0.074550128,0.313624678,0.149717514,0.262443438,0.200564971,0.263565891,0.350282485,0.2685594781075117,0.26268770292207794,74.11022035632865,-0.9538395404815674,-12.477317161209616,15.013127118349075,1.5920809689918962,"Bo Naylor",21865,666310
"Ryan O'Hearn","BAL",142,494,15,60,59,3,0.093117408,0.139676113,0.162528216,0.281767955,0.264108352,0.334008097,0.426636568,0.3300667288826733,0.35416370399614944,117.64064470398175,-0.32547627389431,9.645714129304993,-10.798557162284851,1.5701735116910263,"Ryan O'Hearn",16442,656811
"Kyle Higashioka","SDP",84,263,17,29,45,2,0.05703422,0.281368821,0.256097561,0.237179487,0.219512195,0.263358778,0.475609756,0.31389006608315095,0.2989070979693464,104.32753832343454,-1.1370956525206566,0.2239038154167572,6.115130424499512,1.5634621696027549,"Kyle Higashioka",5517,543309
"Blake Perkins","MIL",121,434,6,54,43,23,0.096774193,0.248847926,0.091383812,0.312727272,0.240208877,0.315668202,0.331592689,0.28822558540119586,0.2795588821516852,84.12552638252333,2.42087871581316,-5.817663041925103,6.405575513839722,1.5603798614910964,"Blake Perkins",19921,663368
"Ryan Jeffers","MIN",122,465,21,56,64,3,0.068817204,0.202150537,0.206310679,0.237623762,0.225728155,0.299568965,0.432038834,0.316508739159025,0.30743980407714844,105.85778498447152,-0.792476549744606,2.324201818494623,-2.6306926757097244,1.5584171360365615,"Ryan Jeffers",24618,680777
"Michael Massey","KCR",100,356,14,45,45,1,0.042134831,0.15730337,0.189759036,0.270676691,0.259036144,0.29378531,0.44879518,0.3165411601323244,0.3148532899851164,103.57712254568187,0.4953404664993286,1.952440686913482,1.28006911277771,1.5511908116118172,"Michael Massey",27684,686681
"Spencer Steer","CIN",158,656,20,74,92,25,0.109756097,0.208841463,0.177700349,0.260143198,0.224738675,0.31859756,0.402439024,0.3164798483593773,0.32053507268885195,97.61357331117141,4.537148714065552,2.6651169169378583,-9.60627418756485,1.5499026380051468,"Spencer Steer",26323,668715
"Sal Frelick","MIL",145,524,2,66,32,18,0.07442748,0.148854961,0.075789474,0.305555555,0.258947368,0.319845857,0.334736842,0.29205405206808926,0.28336377023958836,86.70234687598976,3.2697247117757797,-5.062626576707284,2.2777485847473145,1.5230354519388145,"Sal Frelick",29622,686217
"Vinnie Pasquantino","KCR",131,554,19,64,97,1,0.072202166,0.128158844,0.183467742,0.264916467,0.262096774,0.314647377,0.445564516,0.3245793902787609,0.3362866000852723,109.23137778473206,-1.4427802860736847,4.4089176054039845,-8.167843103408813,1.506193659445492,"Vinnie Pasquantino",27676,686469
"Kyle Isbel","KCR",136,426,8,62,42,11,0.063380281,0.206572769,0.138020834,0.275862068,0.229166666,0.287081339,0.3671875,0.28624969877694784,0.2826655545680643,82.2694900262207,4.035009630024433,-4.607431574150638,4.9745179414749146,1.4946218843801327,"Kyle Isbel",21614,664728
"Luis Rengifo","LAA",78,304,6,41,30,24,0.052631578,0.144736842,0.116607774,0.339055793,0.300353356,0.346534653,0.41696113,0.3346977892881966,0.3000701803578795,118.2238155738176,2.059890665113926,8.398857836876989,-4.015278875827789,1.492256250383373,"Luis Rengifo",19858,650859
"Gavin Lux","LAD",139,487,10,59,50,5,0.090349075,0.225872689,0.132118451,0.311526479,0.250569476,0.320328542,0.382687927,0.3096331884239244,0.31852347777061857,98.29346735824318,0.8276018649339676,-0.16621152831287778,-2.125897169113159,1.4460762116506707,"Gavin Lux",19955,666158
"Trevor Larnach","MIN",112,400,15,59,52,4,0.1,0.2225,0.174647887,0.304347826,0.259154929,0.3375,0.433802816,0.33586232494889645,0.3432626388779837,119.47149246152105,-1.7062004953622818,7.205587358836862,-6.449581861495972,1.4458813837156097,"Trevor Larnach",21501,663616
"Ryan Mountcastle","BAL",124,507,13,54,63,3,0.053254437,0.224852071,0.154334038,0.326704545,0.270613107,0.307692307,0.424947145,0.3155164792692873,0.33629885586825287,107.40570198559645,-0.8313432559370995,3.4648103240597186,-6.378881931304932,1.4327314159596551,"Ryan Mountcastle",18373,663624
"Zack Gelof","OAK",138,547,17,60,49,25,0.069469835,0.34369287,0.150905433,0.296296296,0.211267605,0.270220588,0.362173038,0.2764205327805351,0.2734827424500748,82.200735945859,4.284939453005791,-6.8553116399817515,2.527271419763565,1.4234802331437453,"Zack Gelof",29766,680869
"Jesse Winker","- - -",145,508,14,63,58,14,0.124015748,0.208661417,0.15116279,0.303514376,0.253488372,0.359683794,0.404651162,0.33783508328691364,0.3302987719339038,117.67612396301912,-2.8242243863642216,7.913494632075048,-11.522997736930847,1.3825829790641346,"Jesse Winker",13590,608385
"Jake Burger","MIA",137,579,29,68,76,1,0.053540587,0.259067357,0.209345795,0.291666666,0.250467289,0.300518134,0.459813084,0.3254176387547207,0.3390461868709988,107.10199781380807,-0.6797754690051079,4.237452943601808,-10.27430772781372,1.3772279527887012,"Jake Burger",22275,669394
"Lane Thomas","- - -",130,528,15,65,63,32,0.083333333,0.259469696,0.163135593,0.298461538,0.237288135,0.308712121,0.400423728,0.3088420941662291,0.31128774422169636,98.80129304021477,3.991972252726555,3.3859326003675436,-7.666747584939003,1.37564052097333,"Lane Thomas",16939,657041
"Kevin Newman","ARI",111,311,3,41,28,8,0.048231511,0.154340836,0.097222223,0.322175732,0.277777777,0.311475409,0.375,0.2984641043371276,0.2755295655908364,89.31052439754703,0.8855513110756874,-3.089823428569407,5.998698949813843,1.3750643553773023,"Kevin Newman",17696,621028
"Ben Rortvedt","TBR",112,328,3,27,31,1,0.103658536,0.268292682,0.075862069,0.316582914,0.227586206,0.31707317,0.303448275,0.283089577061374,0.2696756702259274,86.97182020926962,-1.0637360662221909,-5.953221924260679,8.304723381996155,1.3644560706396227,"Ben Rortvedt",20287,666163
"Yasmani Grandal","PIT",72,243,9,26,27,1,0.098765432,0.189300411,0.172093024,0.248447204,0.227906976,0.304166666,0.4,0.3082559163371722,0.327454662322998,95.01867221816315,-1.0568812489509583,-2.5043616035708713,7.502209663391113,1.3558386766509494,"Yasmani Grandal",11368,518735
"Rob Refsnyder","BOS",93,307,11,32,40,2,0.091205211,0.254071661,0.1875,0.358695652,0.283088235,0.359477124,0.470588235,0.35831892098251145,0.32713259958197966,131.76174300797626,-1.2053412050008774,9.951681330725936,-7.044528007507324,1.3500328839968783,"Rob Refsnyder",13770,608701
"Nick Gonzales","PIT",94,387,7,42,49,5,0.046511627,0.19121447,0.128133704,0.319148936,0.270194986,0.310880829,0.39832869,0.3070752961294992,0.32173537212003306,94.22403389143035,0.20115718245506287,-2.4718300581517525,2.4798105359077454,1.3380800529226482,"Nick Gonzales",27490,693304
"Max Schuemann","OAK",133,459,7,55,34,14,0.102396514,0.259259259,0.088383839,0.291970802,0.219696969,0.310572687,0.308080808,0.28090951227406574,0.300053634307458,85.35837579404581,2.23555651307106,-5.454110766055376,3.204970121383667,1.3372676338190914,"Max Schuemann",24488,680474
"LaMonte Wade Jr.","SFG",117,401,8,45,34,2,0.154613466,0.224438902,0.120845921,0.330508474,0.259818731,0.38,0.380664652,0.3374564818189114,0.35563551504400714,118.8692961257012,-1.967234380543232,7.080948234183451,-7.622247874736786,1.3297278299187243,"LaMonte Wade Jr.",18126,664774
"Joey Bart","PIT",80,282,13,38,45,0,0.078014184,0.258865248,0.197628458,0.321428571,0.264822134,0.336879432,0.462450592,0.3469483698090763,0.33606085096086774,121.06134562344147,-1.487460918724537,5.614798114183161,-2.191148042678833,1.3280212996666318,"Joey Bart",21524,663698
"Ozzie Albies","ATL",99,435,10,52,53,8,0.062068965,0.149425287,0.152882205,0.274390243,0.250626566,0.303448275,0.403508771,0.3070691708860726,0.3077458324520269,95.60600452924389,0.31047792732715607,-1.9751742742555747,0.15620243549346924,1.3152577559712744,"Ozzie Albies",16556,645277
"Michael Conforto","SFG",130,488,20,56,66,0,0.086065573,0.241803278,0.212328767,0.277227722,0.237442922,0.309426229,0.449771689,0.32669340829829663,0.3526939785357603,111.62500987908453,-1.7196526229381561,5.064169268105349,-8.690475940704346,1.3117387154208755,"Michael Conforto",16376,624424
"James Wood","WSN",79,336,9,43,41,14,0.116071428,0.288690476,0.162711865,0.365079365,0.264406779,0.354166666,0.427118644,0.34206041827130673,0.35438569577154283,119.6393112199534,0.36490148305892944,8.255806469719055,-6.82402229309082,1.3088997515596787,"James Wood",29518,695578
"Richie Palacios","TBR",92,316,5,46,21,19,0.142405063,0.212025316,0.09469697,0.279792746,0.223484848,0.346031746,0.318181818,0.30282458691551284,0.3251031973423102,100.85382916243945,3.0551841482520103,3.3639033723072,-1.2280041575431824,1.3011550749197816,"Richie Palacios",24589,680700
"Jeff McNeil","NYM",129,472,12,57,44,5,0.074152542,0.144067796,0.146226415,0.256484149,0.238207547,0.307855626,0.384433962,0.3035550645057191,0.2926733463368517,96.94198683400211,-1.9417532980442047,-3.6677606207636737,0.09978371858596802,1.2624758182231068,"Jeff McNeil",15362,643446
"Andy Pages","LAD",116,443,13,65,46,1,0.065462753,0.243792325,0.158808933,0.304195804,0.248138957,0.305429864,0.40694789,0.3098208853022545,0.3238623408358841,98.41980022325755,-0.5208190977573395,-1.3579184516168894,-1.278678372502327,1.2584588355569466,"Andy Pages",24816,681624
"Maikel Garcia","KCR",157,626,7,84,58,37,0.067092651,0.164536741,0.100869566,0.268085106,0.231304347,0.281350482,0.332173913,0.27008225181861706,0.3051139610756632,70.89697766953812,8.07634337246418,-12.769431015395416,4.184570789337158,1.2539865910272465,"Maikel Garcia",22715,672580
"Harrison Bader","NYM",143,437,12,57,51,17,0.048054919,0.217391304,0.136815921,0.275747508,0.236318407,0.28375286,0.373134328,0.2853290042199126,0.2997695396686422,84.67459893540745,-1.6377280503511429,-9.64629056731273,6.980713963508606,1.2347332209118194,"Harrison Bader",18030,664056
"Leody Taveras","TEX",151,529,12,59,44,23,0.079395085,0.211720226,0.122916667,0.272222222,0.229166666,0.288973384,0.352083333,0.28214366399743257,0.2994106190414721,83.89084219336124,1.5992902666330338,-8.151372028638287,2.1449450850486755,1.1885891346269017,"Leody Taveras",18900,665750
"Alex Call","WSN",30,113,3,15,14,5,0.10619469,0.168141592,0.181818182,0.402597402,0.343434343,0.424778761,0.525252525,0.4119153708483266,0.31910293714135096,166.65648259228635,0.3610305227339268,9.368071124061789,-1.8341959118843079,1.1685464125523102,"Alex Call",19296,669743
"Paul Goldschmidt","STL",154,654,22,70,65,11,0.071865443,0.264525993,0.168614357,0.307881773,0.245409015,0.301538461,0.414023372,0.30982255549342547,0.3324428593780234,100.02900100910847,-0.057403504848480225,-0.0347230300250172,-10.644748568534851,1.156907138801215,"Paul Goldschmidt",9218,502671
"Justin Turner","- - -",139,539,11,59,55,0,0.109461966,0.176252319,0.123913043,0.299168975,0.258695652,0.354359925,0.382608695,0.32655321508368523,0.333037392387177,116.46404160788208,-4.549349710345268,5.6045022565255564,-12.289708524942398,1.1526814183778926,"Justin Turner",5235,457759
"Royce Lewis","MIN",82,325,16,40,47,0,0.086153846,0.227692307,0.219178082,0.251207729,0.232876712,0.295384615,0.452054794,0.3174114555766339,0.318437327509341,106.49277414759028,-1.1199725419282913,1.2944832860522957,-1.0420693159103394,1.137408559323133,"Royce Lewis",20437,668904
"Connor Wong","BOS",126,487,13,54,52,8,0.057494866,0.234086242,0.14541387,0.347826086,0.279642058,0.333333333,0.425055928,0.3301827815390125,0.29075034953052215,111.97020793659279,-0.1933029666543007,6.476857211786928,-11.666717529296875,1.129302982323623,"Connor Wong",19896,657136
"Luis Arraez","- - -",150,672,4,83,46,9,0.035714285,0.043154761,0.078492936,0.323966942,0.313971742,0.346268656,0.392464678,0.3227873320343612,0.3302921483899164,109.21884083893246,-0.9649398364126682,6.443160817672371,-18.086537420749664,1.1195551647829287,"Luis Arraez",18568,650333
"Johan Rojas","PHI",120,363,3,47,32,25,0.035812672,0.190082644,0.079881657,0.296992481,0.24260355,0.278873239,0.322485207,0.26546722213986895,0.2580012361768266,66.48685072161118,4.765934608876705,-9.78139069186294,8.431192755699158,1.114879874777356,"Johan Rojas",24336,679032
"Mauricio Dubón","HOU",137,428,4,45,47,3,0.037383177,0.128504672,0.092039801,0.298850574,0.268656716,0.296470588,0.360696517,0.2863087520879858,0.27550820425047096,85.97414846092626,-1.5914893820881844,-8.460253684176013,5.016772031784058,1.1079140851282747,"Mauricio Dubon",16530,643289
"Michael Siani","STL",124,334,2,42,20,20,0.062874251,0.275449101,0.05704698,0.321951219,0.228187919,0.284829721,0.285234899,0.25681112332978856,0.2456755118206654,64.34867343344483,2.8304398134350777,-11.408689874907799,10.635393977165222,1.0742532049889406,"Michael Siani",22557,672279
"Jonah Bride","MIA",71,272,11,30,39,0,0.110294117,0.202205882,0.185344828,0.306358381,0.275862068,0.356617647,0.461206896,0.3511037305272373,0.3044175433056821,124.39049825938962,-1.639749027788639,6.293495864299759,-5.087992906570435,1.0643816872066916,"Jonah Bride",24703,681146
"Jorge Soler","- - -",142,574,21,84,64,1,0.118466898,0.245644599,0.200811359,0.292537313,0.24137931,0.338003502,0.442190669,0.33977710313429554,0.35220611304567573,119.58796962459358,-4.397943772375584,9.047111707983206,-17.958884358406067,1.0630357554873535,"Jorge Soler",14221,624585
"Brayan Rocchio","CLE",143,442,8,50,36,10,0.099547511,0.203619909,0.109660574,0.244827586,0.206266318,0.297727272,0.315926892,0.2758581871866908,0.2790691950549818,79.24428137441816,-2.2011389434337616,-12.698149918713439,8.34060001373291,1.0613842911470195,"Brayan Rocchio",23690,677587
"George Springer","TOR",145,614,19,74,56,16,0.097719869,0.187296416,0.150458715,0.244552058,0.220183486,0.303425774,0.370642201,0.2983212936760745,0.3252579235639729,94.45291379764271,3.4526417925953865,-0.44443436923725965,-9.685314416885376,1.0533999225067363,"George Springer",12856,543807
"Mike Tauchman","CHC",109,350,7,50,29,6,0.134285714,0.2,0.117449665,0.301801801,0.248322147,0.357142857,0.365771812,0.3253509421007974,0.33222526397267865,110.13161976808792,0.03643528372049332,4.276848812376294,-5.828287243843079,1.049175474264906,"Mike Tauchman",15274,643565
"Jose Miranda","MIN",121,429,9,44,49,2,0.041958041,0.153846153,0.157107232,0.318181818,0.284289276,0.321678321,0.441396508,0.3278782245154693,0.3113827928204403,113.8553131680205,-3.5514694154262543,3.2496319233688897,-7.39108681678772,1.0392485006133967,"Jose Miranda",20538,669304
"Ceddanne Rafaela","BOS",152,571,15,70,75,19,0.026269702,0.264448336,0.143382353,0.312335958,0.246323529,0.274165202,0.389705882,0.28604016988210273,0.27597564374896844,80.91939343147581,0.5871540158987045,-11.879040305694076,2.9653398990631104,1.0319518315763703,"Ceddanne Rafaela",24262,678882
"Wenceel Pérez","DET",112,425,9,51,37,9,0.075294117,0.216470588,0.141388175,0.294117647,0.241645244,0.300236406,0.383033419,0.29876415132067163,0.2966077156614459,93.89308558469209,1.528752163052559,-1.440973767525577,-2.643949329853058,1.0314089476339658,"Wenceel Perez",22857,672761
"Zach McKinstry","DET",118,325,4,32,23,16,0.073846153,0.212307692,0.121212121,0.265486725,0.215488215,0.276923076,0.336700336,0.27027658737622773,0.3019558706401307,73.85435134267033,5.041903577744961,-4.680830086177645,3.7166831493377686,1.0117649109455216,"Zach McKinstry",19392,656716
"Tyrone Taylor","NYM",130,345,7,47,35,11,0.055072463,0.231884057,0.153605016,0.309012875,0.247648902,0.299418604,0.401253918,0.3036750242244398,0.30530926228959776,97.0227279474779,0.5206727385520935,-0.7076115600102579,-1.135659098625183,1.001758497093111,"Tyrone Taylor",13675,621438
"Jake Fraley","CIN",116,382,5,44,26,20,0.068062827,0.183246073,0.108571428,0.330935251,0.277142857,0.329842931,0.385714285,0.31398372625181187,0.28985292535079155,95.93351203322158,1.5850796401500702,-0.2724858699100863,-2.857235550880432,0.9967481173899175,"Jake Fraley",19260,641584
"Josh Lowe","TBR",106,387,10,37,34,25,0.082687338,0.317829457,0.150141643,0.337837837,0.240793201,0.302325581,0.390934844,0.29874266905821956,0.29748859853719606,97.98252478205855,3.3328504264354706,2.439493968751839,-5.744450569152832,0.9820208456183805,"Josh Lowe",19953,666139
"Oswaldo Cabrera","NYY",109,326,8,47,36,4,0.064417177,0.193251533,0.117056856,0.285714285,0.247491638,0.296296296,0.364548494,0.2897587115014041,0.2926744496600228,88.96475564950256,-0.45731402188539505,-4.573596415937093,3.09084552526474,0.9616241791697525,"Oswaldo Cabrera",21707,665828
"Max Kepler","MIN",105,399,8,43,42,1,0.055137844,0.200501253,0.127717391,0.300353356,0.252717391,0.301507537,0.380434782,0.2980898906238115,0.30219683021005955,92.90159078123989,-0.8644040822982788,-4.1051093539630426,0.06757259368896484,0.9473957155379149,"Max Kepler",12144,596146
"Ronald Acuña Jr.","ATL",49,222,4,38,15,16,0.121621621,0.238738738,0.114583333,0.325925925,0.25,0.351351351,0.364583333,0.32185090957461177,0.3497789477870475,105.55512789789567,2.552006311714649,4.026722070567444,-2.309011973440647,0.9445092043475668,"Ronald Acuna Jr.",18401,660670
"Pavin Smith","ARI",60,158,9,26,36,1,0.11392405,0.196202531,0.277372263,0.28,0.270072992,0.348101265,0.547445255,0.3774610286272025,0.39620269099368327,142.48086937972263,-1.590066872537136,6.436166208034445,-2.7595309615135193,0.9256742923913445,"Pavin Smith",19892,656976
"Mike Trout","LAA",29,126,10,17,14,6,0.126984126,0.214285714,0.321100917,0.194444444,0.220183486,0.325396825,0.541284403,0.365490749835968,0.40723031616210936,139.88421286665803,1.2181470319628716,6.968270604568432,-2.2117769569158554,0.922097763229796,"Mike Trout",10155,545361
"Jacob Stallings","COL",82,281,9,31,36,0,0.096085409,0.231316725,0.189300412,0.323529411,0.263374485,0.357142857,0.452674897,0.352632313646296,0.3205215233758038,113.33842187131926,-3.486170470714569,0.9958316075010067,-1.601572871208191,0.9084194694818183,"Jacob Stallings",13723,607732
"Ramón Urías","BAL",100,301,11,39,37,1,0.07641196,0.182724252,0.169117647,0.280193236,0.25367647,0.322259136,0.422794117,0.3252721706102061,0.3313096258727419,114.2680545022634,-0.6279665306210518,4.28605282297338,-5.52109032869339,0.9017197768813113,"Ramon Urias",18795,602104
"Nicky Lopez","CHW",124,445,1,40,21,5,0.083146067,0.150561797,0.052763819,0.287878787,0.24120603,0.312072892,0.293969849,0.2751438505014146,0.2725661290835028,77.2715264897333,-0.4568093791604042,-12.029541141406302,5.986721992492676,0.8975920312834567,"Nicky Lopez",19339,670032
"Ramón Laureano","- - -",98,309,11,35,33,8,0.048543689,0.310679611,0.178321679,0.35,0.258741258,0.310679611,0.437062937,0.32408985736686435,0.3133974167907122,107.97904954957181,-0.7560369372367859,2.403393598893996,-4.14779669046402,0.8845908723805851,"Ramon Laureano",17128,657656
"Masataka Yoshida","BOS",108,421,10,45,56,2,0.064133016,0.123515439,0.134920635,0.301886792,0.28042328,0.349168646,0.415343915,0.33647743681547476,0.3270965721148493,116.39799700540044,-2.487942636013031,5.4111736260573835,-10.914548193453811,0.871236471756974,"Masataka Yoshida",31837,807799
"Jonny DeLuca","TBR",107,362,6,29,31,16,0.066298342,0.212707182,0.114457832,0.26506024,0.216867469,0.277777777,0.331325301,0.26887733275511805,0.27662726697151374,76.9746373265509,0.6466024592518806,-8.890592430900323,5.074645757675171,0.8437592727808346,"Jonny DeLuca",26365,676356
"Jason Heyward","- - -",87,258,10,33,37,5,0.085271317,0.205426356,0.201754386,0.226190476,0.210526315,0.287937743,0.412280701,0.30021066759146897,0.29259989205307846,93.01913708660175,2.6382408812642097,0.47296588643002346,-0.9415745437145233,0.840915065581071,"Jason Heyward",4940,518792
"Mark Canha","- - -",125,462,7,46,42,7,0.11038961,0.207792207,0.1043257,0.298305084,0.241730279,0.344155844,0.346055979,0.309831370478091,0.2926722443622092,101.35053264332015,0.8821382373571396,1.62995332842615,-8.819568395614624,0.8403395922376131,"Mark Canha",11445,592192
"Sean Murphy","ATL",72,264,10,19,25,0,0.102272727,0.253787878,0.158798283,0.222929936,0.193133047,0.284090909,0.35193133,0.28139100781864995,0.31131127602295855,78.32284064567278,-0.36207328736782074,-7.205404837432154,6.479703912511468,0.8372878031095292,"Sean Murphy",19352,669221
"Giancarlo Stanton","NYY",114,459,27,49,72,0,0.082788671,0.31154684,0.242206235,0.281124497,0.232613908,0.298474945,0.474820143,0.3298972602485306,0.35361228640384085,117.19903053424487,-4.371744930744171,4.661052282975906,-11.774690628051758,0.8348733557392649,"Giancarlo Stanton",4949,519317
"Orlando Arcia","ATL",157,602,17,50,46,2,0.068106312,0.212624584,0.136116153,0.249394673,0.217785843,0.271214642,0.353901996,0.2726847584048907,0.26586151123046875,72.46293801034192,-1.0931492075324059,-20.916422932949434,8.801468014717102,0.8289707244589458,"Orlando Arcia",13185,606115
"Tommy Edman","LAD",37,153,6,20,20,6,0.071895424,0.196078431,0.179856116,0.257142857,0.237410071,0.294117647,0.417266187,0.30703503360935286,0.27187910890267564,96.54473107452908,1.6943481341004372,1.062177133634401,1.793796718120575,0.8236410394506196,"Tommy Edman",19470,669242
"Luis Torrens","NYM",48,130,3,14,15,0,0.069230769,0.215384615,0.144067796,0.272727272,0.228813559,0.292307692,0.372881355,0.29180257182854874,0.3237966097318209,89.03175367415045,-1.036647416651249,-2.7417159199108108,6.0558847188949585,0.7914872195933252,"Luis Torrens",15905,620443
"Donovan Solano","SDP",96,309,8,31,35,2,0.071197411,0.210355987,0.130742049,0.345971563,0.286219081,0.343042071,0.41696113,0.3331028579894007,0.3125218725823737,117.2590642392403,-3.16308306902647,3.2142193030587434,-5.981096506118774,0.781974617381074,"Donovan Solano",8623,456781
"Brendan Rodgers","COL",135,539,13,67,54,1,0.057513914,0.244897959,0.139720559,0.337988826,0.267465069,0.314126394,0.407185628,0.31360177787322574,0.29945947173842813,87.06819590311625,-0.8647441491484642,-9.199812517111909,-1.4780972003936768,0.7596926777531677,"Brendan Rodgers",17907,663898
"Jorge Mateo","BAL",68,208,5,30,18,13,0.048076923,0.23076923,0.171875,0.274647887,0.229166666,0.266990291,0.401041666,0.28582991789845585,0.2777928236054211,86.52356846832944,3.850664645433426,0.6433331313650186,-0.19414269924163818,0.7576488512272912,"Jorge Mateo",17273,622761
"Adrian Del Castillo","ARI",25,87,4,12,19,1,0.08045977,0.32183908,0.2125,0.4375,0.3125,0.367816091,0.525,0.383930592016242,0.2982922696519172,146.8353290042033,-0.8326333686709404,4.039892038456433,0.27093198150396347,0.7458355249637464,"Adrian Del Castillo",29554,680728
"Christian Vázquez","MIN",93,315,7,29,27,3,0.034920634,0.206349206,0.105442177,0.256637168,0.221088435,0.248387096,0.326530612,0.25004671965875935,0.2724122816516507,59.107043202858364,-2.5389744490385056,-17.27786096153593,13.935109257698059,0.731912939714841,"Christian Vazquez",9774,543877
"Andy Ibáñez","DET",99,244,5,30,32,2,0.061475409,0.258196721,0.116071429,0.310126582,0.241071428,0.295081967,0.357142857,0.2869353824463047,0.271197255452474,85.57248799530191,-0.1729697808623314,-4.200945816461997,3.154392719268799,0.7262741121902838,"Andy Ibanez",18819,628451
"Rece Hinds","CIN",24,51,5,9,11,2,0.078431372,0.31372549,0.456521739,0.28,0.260869565,0.333333333,0.717391304,0.4332526349553875,0.3954307705748315,176.2096630151336,1.11134722083807,5.759083760080131,-0.6148670762777328,0.7075105343679664,"Rece Hinds",27493,677956
"Nolan Schanuel","LAA",147,607,13,62,54,10,0.112026359,0.169686985,0.111753372,0.285365853,0.250481695,0.343283582,0.362235067,0.3154721189889544,0.32231627605520746,104.700086465124,-3.4747486487030983,-0.2103728761851662,-13.053220748901367,0.7058069927431152,"Nolan Schanuel",33189,694384
"Luisangel Acuña","NYM",14,40,3,6,6,0,0.025,0.15,0.333333334,0.3,0.307692307,0.325,0.641025641,0.4056757137179375,0.3071946608714568,165.67618373107783,-0.14655131846666336,2.994891687302367,2.4472881853580475,0.7002736398890026,"Luisangel Acuna",26548,682668
"Abraham Toro","OAK",94,364,6,34,26,4,0.054945054,0.17032967,0.109792284,0.278810408,0.240356083,0.292817679,0.350148367,0.2830058539343012,0.297054935360219,86.83298532864347,0.6179018095135689,-4.866058596042965,-0.407754585146904,0.7000331440590138,"Abraham Toro",19844,647351
"Gio Urshela","- - -",128,461,9,34,52,0,0.04989154,0.156182212,0.111111111,0.278089887,0.25,0.286334056,0.361111111,0.2813197794167892,0.3068714433999761,80.39614628953665,-2.700071230530739,-13.075684179370898,4.362367779016495,0.6813883219282741,"Gio Urshela",10681,570482
"Sam Hilliard","COL",58,158,10,26,27,5,0.088607594,0.354430379,0.268115942,0.31081081,0.239130434,0.305194805,0.507246376,0.341869484365376,0.30068224708505925,106.09430001475887,0.6931206583976746,1.8445630157599213,-0.5743132829666138,0.6771482600220622,"Sam Hilliard",17954,656541
"Nathan Lukes","TOR",22,91,1,13,10,1,0.109890109,0.098901098,0.144736843,0.318840579,0.302631578,0.370786516,0.447368421,0.35107741864879477,0.3290220824154941,131.5626494713879,0.4515092372894287,3.737909463835977,-0.285422682762146,0.6677401450988967,"Nathan Lukes",18123,664770
"Junior Caminero","TBR",43,177,6,15,18,2,0.062146892,0.214689265,0.175757576,0.289256198,0.248484848,0.299435028,0.424242424,0.3093870064190456,0.3030593915917407,105.46996905675994,-0.12130790203809738,0.986498175251606,-0.4012116491794586,0.6656998257554065,"Junior Caminero",28163,691406
"Dane Myers","MIA",44,108,3,17,19,4,0.074074074,0.333333333,0.178947369,0.379310344,0.263157894,0.333333333,0.442105263,0.3348583391419164,0.31292381993046514,113.45623629804764,0.11029814928770065,1.8481335700245487,0.9723313450813293,0.6644788911284469,"Dane Myers",22054,667472
"Trevor Story","BOS",26,106,2,8,10,6,0.103773584,0.311320754,0.138297873,0.372881355,0.255319148,0.339622641,0.393617021,0.31758052282608473,0.25945476385263294,103.10552179880825,-0.08094165474176407,0.29571535540265215,2.5832890272140503,0.6598047919928359,"Trevor Story",12564,596115
"Alec Burleson","STL",152,595,21,71,78,9,0.058823529,0.127731092,0.151736745,0.276315789,0.268738574,0.314189189,0.420475319,0.31856830126127683,0.33302860583289196,105.91548739806633,-3.0353196635842323,1.173582044276496,-14.712289810180664,0.6577406725968857,"Alec Burleson",27615,676475
"Kevin Pillar","- - -",100,314,8,38,45,12,0.050955414,0.219745222,0.147887324,0.271428571,0.228873239,0.290734824,0.376760563,0.2925059909637744,0.27858532731906294,88.63006003430426,1.4326462745666504,-2.652366575642792,-1.4794928580522537,0.6469961778445065,"Kevin Pillar",12434,607680
"Triston Casas","BOS",63,243,13,28,32,0,0.12345679,0.316872427,0.221698113,0.311475409,0.240566037,0.337448559,0.46226415,0.342131487245839,0.32826999055237327,120.37517154324489,-2.186658851802349,3.478513863485171,-5.2843093276023865,0.6444417771969828,"Triston Casas",22514,671213
"Enrique Hernández","LAD",126,393,12,44,42,0,0.06870229,0.195928753,0.143646409,0.257246376,0.229281767,0.280612244,0.372928176,0.2851201274565288,0.2890635704507633,81.79449705125262,0.4760786443948746,-8.079640428990583,0.984812643378973,0.6252507905842724,"Enrique Hernandez",10472,571771
"Jhonkensy Noel","CLE",67,198,13,25,28,0,0.065656565,0.318181818,0.268156425,0.25,0.217877094,0.287878787,0.486033519,0.3305375124468948,0.3248105289960148,117.70683540533226,-0.5604059994220734,3.4511397360485967,-4.053384184837341,0.6148639726080435,"Jhonkensy Noel",24257,678877
"Alex Verdugo","NYY",149,621,13,74,61,2,0.078904991,0.149758454,0.123434705,0.252699784,0.232558139,0.290791599,0.355992844,0.2834208144509927,0.30673150892381545,84.5065494338301,-2.4912079721689224,-13.500144260779242,-1.1273622512817383,0.6128182662555085,"Alex Verdugo",17027,657077
"Miguel Amaya","CHC",117,363,8,32,47,0,0.063360881,0.170798898,0.125,0.260536398,0.231707317,0.287709497,0.356707317,0.28308923717317636,0.30265874541207644,81.68659547466942,-2.7299939393997192,-10.679442401583437,4.3445411920547485,0.6000710380384144,"Miguel Amaya",21693,665804
"Will Wagner","TOR",24,86,2,8,11,0,0.046511627,0.186046511,0.146341464,0.359375,0.304878048,0.337209302,0.451219512,0.3415291163810464,0.3671436975168627,124.84617866401932,-0.44030316919088364,2.0046112533142586,0.9386499375104904,0.5980509466353416,"Will Wagner",29634,695238
"Starling Marte","NYM",94,370,7,46,40,16,0.072972972,0.218918918,0.119402985,0.333333333,0.268656716,0.326975476,0.388059701,0.31305298876892673,0.3421676927576951,103.33474090927403,2.115960270166397,3.5914123392539015,-10.180971622467041,0.5979586206284604,"Starling Marte",9241,516782
"J.D. Martinez","NYM",120,495,16,46,69,0,0.098989898,0.284848484,0.170506912,0.308243727,0.235023041,0.3197556,0.405529953,0.3184588671701746,0.3526300858478157,106.97326762546105,-2.3012517392635345,1.8263978037709592,-12.638888359069824,0.5937540498808267,"J.D. Martinez",6184,502110
"Rafael Marchán","PHI",17,56,3,8,6,0,0.053571428,0.142857142,0.25490196,0.3,0.294117647,0.345454545,0.549019607,0.38196159492839465,0.37624228234384577,144.8955488489419,-0.5157514810562134,2.4906889037693882,1.308113932609558,0.5858364541803557,"Rafael Marchan",21646,665561
"Nick Fortes","MIA",110,335,4,28,29,0,0.03283582,0.122388059,0.090909091,0.246268656,0.227272727,0.259146341,0.318181818,0.2524887932146468,0.24701326702712872,58.01588577381421,-2.2504338547587395,-19.06908205275628,13.428182125091553,0.5749935537150334,"Nick Fortes",21538,663743
"Brett Wisely","SFG",91,272,4,25,31,2,0.047794117,0.238970588,0.107142857,0.301075268,0.238095238,0.277777777,0.345238095,0.2723225388262007,0.26259121555514103,75.02968781063545,-1.198996715247631,-9.320831682430727,5.664020538330078,0.5622129262299347,"Brett Wisely",27735,689172
"Luis Robert Jr.","CHW",100,425,14,47,35,23,0.065882352,0.331764705,0.155216285,0.30962343,0.223918575,0.278301886,0.37913486,0.28526280544945415,0.2825585227114571,84.38940604609681,0.9303082302212715,-6.66095349442746,-2.073997139930725,0.5511646610968237,"Luis Robert Jr.",20043,673357
"Danny Jansen","- - -",94,324,9,35,24,0,0.12345679,0.188271604,0.143884892,0.227488151,0.205035971,0.308641975,0.348920863,0.2942591960783358,0.294214906159395,90.14526188489567,-1.0800258070230484,-4.733413026692195,-0.6656303107738495,0.5503193726034807,"Danny Jansen",16535,643376
"Jarred Kelenic","ATL",131,449,15,49,45,7,0.071269487,0.296213808,0.162621359,0.299625468,0.230582524,0.285714285,0.393203883,0.2941608500960689,0.3113518699970288,86.91781982188918,1.776605263352394,-5.247447280362547,-4.6477580070495605,0.5295388823010571,"Jarred Kelenic",22558,672284
"Leo Jiménez","TOR",63,210,4,18,19,0,0.057142857,0.28095238,0.12849162,0.310924369,0.229050279,0.328571428,0.357541899,0.30816414923894975,0.3129441397530692,101.37657940807239,-1.4754075556993484,-1.1446375118232723,-0.7338520288467407,0.5240903626936009,"Leo Jimenez",23782,677870
"Trent Grisham","NYY",76,209,9,21,31,1,0.105263157,0.272727272,0.195530726,0.217391304,0.189944134,0.289855072,0.38547486,0.29526050634754514,0.3030832161023779,92.83483050009183,-1.1037002503871918,-2.817177576995327,0.9370309412479401,0.5204997145453126,"Trent Grisham",18564,663757
"Connor Joe","PIT",123,416,9,49,36,2,0.10576923,0.21875,0.14010989,0.278195488,0.228021978,0.319711538,0.368131868,0.3049523913716695,0.27879475395460634,92.79517347246482,-0.3959171772003174,-3.9800008802359113,-4.90429151058197,0.5199141026973821,"Connor Joe",16572,656582
"Kyle Farmer","MIN",107,242,5,26,25,3,0.078512396,0.202479338,0.139534884,0.251533742,0.213953488,0.293388429,0.353488372,0.28496870386155315,0.29573647181193036,83.6718800561812,-3.1553816124796867,-7.676617387153734,4.676897168159485,0.5177164320843584,"Kyle Farmer",14813,571657
"Andrew McCutchen","PIT",120,515,20,66,50,3,0.112621359,0.258252427,0.178571428,0.282828282,0.232142857,0.328155339,0.410714285,0.32450418655510543,0.3237934967695389,105.95487183118608,-2.8623973801732063,0.8048561209507605,-13.105377435684204,0.5091824408083043,"Andrew McCutchen",9847,457705
"Dairon Blanco","KCR",88,132,4,37,13,31,0.06060606,0.242424242,0.133333333,0.317647058,0.258333333,0.307692307,0.391666666,0.3056062542475187,0.2844767350416917,95.88528643732,4.09748338162899,3.4760148444906327,-2.965137481689453,0.5041371954178825,"Dairon Blanco",19779,680118
"Austin Barnes","LAD",54,156,1,12,11,3,0.089743589,0.23076923,0.042857143,0.349514563,0.264285714,0.331168831,0.307142857,0.2893326820491196,0.27497192481895544,84.62983504646165,0.0974181517958641,-2.7698242539934457,2.3938053846359253,0.5002144935694766,"Austin Barnes",12158,605131
"Nick Ahmed","- - -",71,228,2,20,17,2,0.048245614,0.22368421,0.066666667,0.2875,0.228571428,0.266666666,0.295238095,0.24845846520529852,0.2658179428960596,58.688072297776394,-0.4895608313381672,-11.75301488857167,8.94250714033842,0.4975777949979353,"Nick Ahmed",12147,605113
"Garrett Hampson","KCR",113,231,0,16,16,7,0.06060606,0.255411255,0.070422535,0.314102564,0.230046948,0.27510917,0.300469483,0.25504547097276914,0.24969484094987837,60.319798946461056,1.4137047454714775,-9.074265612923309,6.187820905819535,0.4918006913293756,"Garrett Hampson",19262,641658
"Pedro Pagés","STL",68,218,7,19,27,2,0.059633027,0.266055045,0.138613861,0.294964028,0.237623762,0.28110599,0.376237623,0.2856715068839113,0.2831092302189317,83.7736898335252,-0.38710563629865646,-4.617078207618411,1.9601067304611206,0.47888025782505445,"Pedro Pages",25782,686780
"Elias Díaz","- - -",96,351,6,27,39,0,0.056980056,0.196581196,0.116923077,0.317460317,0.264615384,0.313390313,0.381538461,0.30250530973888057,0.28096077009305487,80.76345030590231,-2.904433013871312,-10.978560076210286,3.8618807084858418,0.477865467228439,"Elias Diaz",11680,553869
"Brett Baty","NYM",50,171,4,15,16,0,0.093567251,0.245614035,0.098039216,0.289719626,0.228758169,0.305882352,0.326797385,0.2822889675050092,0.2837056492912699,82.62844584346738,0.1028192937374115,-3.4493697415067137,2.345077157020569,0.4768316597413,"Brett Baty",26123,683146
"Will Brennan","CLE",114,353,8,37,30,4,0.053824362,0.135977337,0.124242424,0.287272727,0.263636363,0.308781869,0.387878787,0.30253500952000634,0.3058113250297699,98.00930298881285,-0.4216843247413635,-1.2257388067878234,-5.981172561645508,0.4627725737705467,"Will Brennan",25660,686823
"David Peralta","SDP",91,260,8,35,28,2,0.084615384,0.207692307,0.148305085,0.316091954,0.266949152,0.334615384,0.415254237,0.32920125952133766,0.31822046133188103,114.63302103068335,-0.5903541743755341,3.9591977823763846,-8.182274341583252,0.4622650222233527,"David Peralta",2136,444482
"Whit Merrifield","- - -",95,335,4,44,15,17,0.104477611,0.15522388,0.092150171,0.257383966,0.221843003,0.311178247,0.313993174,0.2832089419451365,0.2979239603368247,79.07661072376965,3.058295823633671,-5.32352024734082,-1.449145495891571,0.45810734985881496,"Whit Merrifield",11281,593160
"Dylan Crews","WSN",31,132,3,12,8,12,0.083333333,0.196969696,0.134453782,0.252747252,0.218487394,0.287878787,0.352941176,0.2825809396577604,0.32739118037333015,79.60554502382399,1.5632447972893715,-1.6559504603441346,1.6355364322662354,0.4540099590257148,"Dylan Crews",33541,686611
"Ryan Bliss","SEA",33,71,2,10,9,5,0.070422535,0.309859154,0.174603174,0.307692307,0.222222222,0.289855072,0.396825396,0.2995942019034123,0.30859997693230123,101.39338083010412,0.03282362222671509,0.1460203277643083,1.6792377308011055,0.4312935144994297,"Ryan Bliss",29547,669208
"Miguel Andujar","OAK",75,319,4,31,30,3,0.040752351,0.131661442,0.092715232,0.319066147,0.284768211,0.319749216,0.377483443,0.3057821045474946,0.28691952505081797,102.85426513893357,-2.0583187863230705,-1.0165037921800606,-5.3780434131622314,0.4304084576790248,"Miguel Andujar",15878,609280
"Michael A. Taylor","PIT",113,300,5,35,21,12,0.076666666,0.35,0.096654275,0.288343558,0.19330855,0.253378378,0.289962825,0.24189622176660075,0.2693750290643601,50.354049070646624,2.6075824797153473,-15.20251812886757,9.24840760231018,0.42170542287264623,"Michael A. Taylor",11489,572191
"Jared Triolo","PIT",125,446,9,41,46,8,0.094170403,0.264573991,0.098984772,0.279411764,0.21573604,0.295964125,0.314720812,0.2745213358926132,0.29636004158620083,72.31298720339208,0.004638224840164185,-14.76168071327033,3.9100619554519653,0.4203963461332312,"Jared Triolo",25807,669707
"César Salazar","HOU",12,32,0,5,8,0,0.0625,0.1875,0.08,0.38095238,0.32,0.387096774,0.4,0.3425097427060527,0.3396337263045772,125.50707297950201,0.2481890171766281,1.1821230692236702,1.7897599041461945,0.41635355428003984,"Cesar Salazar",21587,663967
"Trey Sweeney","DET",36,119,4,11,17,2,0.058823529,0.268907563,0.154545454,0.266666666,0.218181818,0.268907563,0.372727272,0.2793314522054015,0.29156626825747284,80.22372817893127,-0.2664998546242714,-2.959255787995889,3.0291566848754883,0.41414055451328924,"Trey Sweeney",29575,700242
"Austin Hedges","CLE",66,146,2,12,15,2,0.04109589,0.342465753,0.068181818,0.219512195,0.151515151,0.202797202,0.219696969,0.1914935778904628,0.1706894027603256,19.90049232962589,-0.6557095348834991,-14.036701498550858,13.130360126495361,0.40564316198727923,"Austin Hedges",12976,595978
"Thairo Estrada","SFG",96,381,9,43,47,2,0.026246719,0.199475065,0.126373626,0.24911032,0.217032967,0.24671916,0.343406593,0.25634105749956265,0.26506488197728206,64.27305540880529,0.13248056173324585,-16.14481076682084,7.2906733751297,0.40208799123678596,"Thairo Estrada",16426,642731
"Casey Schmitt","SFG",40,113,6,11,16,0,0.03539823,0.221238938,0.224299066,0.272727272,0.252336448,0.28318584,0.476635514,0.3229154459143107,0.3138562430322698,109.08218222988893,0.36217550188302994,1.589416738022522,-1.5026080012321472,0.3994302948894825,"Casey Schmitt",27577,669477
"Jonathan Aranda","TBR",44,143,6,22,14,0,0.083916083,0.223776223,0.1953125,0.263736263,0.234375,0.307692307,0.4296875,0.32012464575000577,0.3606765908254704,113.02304384263526,-1.3216900303959846,0.8091661939576138,-1.7171320915222168,0.3952168632880813,"Jonathan Aranda",21837,666018
"Steward Berroa","TOR",28,45,0,7,1,6,0.177777777,0.311111111,0.027027027,0.304347826,0.189189189,0.333333333,0.216216216,0.2679501374562581,0.24300106896294488,73.0892222830327,0.5023462325334549,-0.8832744911421184,3.171548902988434,0.3902056068223569,"Steward Berroa",22766,672642
"Juan Yepez","WSN",62,249,6,32,26,2,0.072289156,0.168674698,0.146017699,0.320441988,0.28318584,0.334677419,0.429203539,0.33125993657496666,0.3037946437432514,112.36984670688723,-1.5552413314580917,2.12795567651151,-6.683725118637085,0.38989540050091565,"Juan Yepez",18400,660766
"Michael Toglia","COL",116,458,25,62,55,10,0.11790393,0.320960698,0.238095238,0.269565217,0.218045112,0.3107221,0.45614035,0.3292400415127094,0.36121773508797705,97.59381927524072,1.0777818113565445,-0.24003488564734088,-11.368006706237793,0.383740010813577,"Michael Toglia",25845,669911
"Gary Sánchez","MIL",89,280,11,30,37,0,0.096428571,0.271428571,0.171428571,0.267080745,0.220408163,0.307142857,0.391836734,0.3070861337440354,0.31454732077462333,96.81996823521422,-1.3110026493668556,-2.3757603110727263,-3.3577285706996918,0.37538189612605144,"Gary Sanchez",11442,596142
"Griffin Conine","MIA",30,89,3,14,12,0,0.06741573,0.314606741,0.18292683,0.372549019,0.268292682,0.325842696,0.451219512,0.33657811397916815,0.28908598011937636,114.61376264746059,-0.5424162968993187,1.012880724996914,-0.3625428080558777,0.37469971399023855,"Griffin Conine",21626,665052
"Tyler Freeman","CLE",118,383,7,48,32,11,0.073107049,0.138381201,0.112121212,0.227106227,0.209090909,0.305263157,0.321212121,0.28292879375744623,0.307025939619321,84.21789042984936,-0.32237301021814346,-7.238603141054261,-1.8686716556549072,0.36909256743730806,"Tyler Freeman",22532,671289
"Austin Wynns","CIN",7,20,0,3,2,0,0,0.25,0.210526316,0.5,0.368421052,0.4,0.578947368,0.4191554367542267,0.3060595989227295,166.72128231710175,0.03610685467720032,1.631823092767763,1.2329468578100204,0.3649757656030455,"Austin Wynns",15271,642851
"Davis Schneider","TOR",135,454,13,48,46,6,0.103524229,0.317180616,0.151133501,0.257142857,0.191435768,0.281938325,0.342569269,0.2774735540808035,0.2931440910406872,79.788188020766,-0.43398425728082657,-10.933438127109664,-0.5810034275054932,0.36327085624310923,"Davis Schneider",23565,676914
"Nasim Nuñez","WSN",51,78,0,14,1,8,0.153846153,0.192307692,0.016393442,0.326086956,0.245901639,0.369863013,0.262295081,0.29956116088449136,0.26991073290507,91.03439783819086,-0.2916082590818405,-1.12785675704795,1.9595192670822144,0.35541665015845003,"Nasim Nunez",25979,683083
"Eguy Rosario","SDP",30,57,3,5,6,0,0.035087719,0.350877192,0.283018868,0.333333333,0.245283018,0.285714285,0.528301886,0.34465725826365606,0.27464944975716726,125.03596763345874,-0.8908074572682381,0.8156698660029151,0.6965378038585186,0.35313753836328265,"Eguy Rosario",19964,666703
"Josh Jung","TEX",46,188,7,19,16,4,0.042553191,0.255319148,0.157303371,0.322580645,0.264044943,0.29787234,0.421348314,0.31074903334708925,0.2955621557032808,104.01244316319223,0.274711512029171,1.1378338376285289,-3.9976628609001637,0.3475106920945271,"Josh Jung",26299,673962
"Emmanuel Rivera","- - -",124,302,5,24,29,2,0.086092715,0.228476821,0.105660377,0.295918367,0.237735849,0.312292358,0.343396226,0.29128454808776955,0.32175589399876386,86.33532009663045,-0.7958617210388184,-5.97465348958119,-0.8534020424121991,0.33573404341109947,"Emmanuel Rivera",19890,656896
"Heston Kjerstad","BAL",39,114,4,8,14,1,0.087719298,0.289473684,0.141414141,0.338709677,0.252525252,0.350877192,0.393939393,0.3265521962727819,0.29892669405256,115.16845069357507,-0.1870340257883072,1.7915371727815657,-2.369259774684906,0.33015793427674245,"Heston Kjerstad",31166,677008
"Weston Wilson","PHI",41,98,3,13,10,3,0.081632653,0.295918367,0.204545454,0.385964912,0.284090909,0.346938775,0.488636363,0.3581331840583256,0.3176016266812983,128.8573949875798,0.4178879192331806,3.799661165195957,-3.93685781955719,0.32446390468772207,"Weston Wilson",19358,642215
"Nick Sogard","BOS",31,86,0,13,8,3,0.081395348,0.290697674,0.051948052,0.388888888,0.272727272,0.325581395,0.324675324,0.2887300197468248,0.3087504187295603,82.8114887575353,0.3811858557164669,-1.3101985461413066,1.598366379737854,0.3238389328587937,"Nick Sogard",25483,686765
"Nolan Gorman","STL",107,402,19,42,50,6,0.084577114,0.37562189,0.197260274,0.279187817,0.202739726,0.271144278,0.4,0.290496850846117,0.3070928626191945,87.02147707883658,-0.6935254484415054,-6.9324912619791785,-3.4122010469436646,0.3207111343437456,"Nolan Gorman",22263,669357
"Bligh Madris","DET",21,75,1,8,5,0,0.08,0.266666666,0.089552239,0.361702127,0.268656716,0.324324324,0.358208955,0.3012389701765937,0.29365346238419815,95.63392370787035,-0.06537880003452301,-0.4400567980192679,1.0455256700515747,0.31899448526323815,"Bligh Madris",20054,676632
"Garrett Stubbs","PHI",56,187,1,18,11,5,0.09090909,0.267379679,0.054878048,0.289473684,0.207317073,0.295698924,0.262195121,0.2577483541862939,0.2491134520499937,61.2915234901811,1.5790345296263695,-7.076800478203193,3.8875834941864014,0.3167924648510696,"Garrett Stubbs",18067,596117
"Billy Cook","PIT",16,49,3,5,8,1,0,0.387755102,0.224489796,0.296296296,0.224489795,0.224489795,0.448979591,0.2846528534986535,0.2777344839913504,79.13219302877422,0.2052059918642044,-1.0175341644731968,2.335952043533325,0.3054798370250372,"Billy Cook",29573,695257
"Tyler Soderstrom","OAK",61,213,9,18,26,0,0.093896713,0.248826291,0.195767196,0.2734375,0.232804232,0.31455399,0.428571428,0.3221122113601217,0.3509878122581626,114.3411957589133,-2.0891479924321175,1.406040282672926,-5.571719564497471,0.29813312048501855,"Tyler Soderstrom",27467,691016
"Daniel Schneemann","CLE",73,221,5,17,22,3,0.113122171,0.316742081,0.150259067,0.305785123,0.21761658,0.30316742,0.367875647,0.2952188630988695,0.27967499607828405,92.86297618829073,-2.787957787513733,-4.592699377862895,0.1518401801586151,0.2970692205928628,"Daniel Schneemann",25180,682177
"Bo Bichette","TOR",81,336,4,29,31,5,0.059523809,0.19047619,0.096463023,0.269387755,0.225080385,0.276785714,0.321543408,0.2636339559483884,0.30341795492028184,70.05313206678242,-0.4033389613032341,-11.916545405781067,3.605175696313381,0.2905750026581093,"Bo Bichette",19612,666182
"David Bote","CHC",37,48,0,4,6,0,0.041666666,0.270833333,0.086956521,0.424242424,0.304347826,0.333333333,0.391304347,0.3169406900803248,0.2828409671783447,104.47094366792045,0.2362334132194519,0.49286004254285765,0.7142158895730972,0.29052525207093716,"David Bote",14593,623520
"TJ Friedl","CIN",85,341,13,35,55,9,0.076246334,0.152492668,0.154882155,0.228813559,0.225589225,0.309734513,0.38047138,0.30498200567071065,0.29672500790928946,89.87473704885883,1.985836148262024,-2.1429460537840264,-6.559422969818115,0.2795446250806152,"TJ Friedl",19522,670770
"Chadwick Tromp","ATL",19,54,0,3,6,0,0.018518518,0.314814814,0.115384615,0.361111111,0.25,0.259259259,0.365384615,0.26644041803148055,0.2570062919899269,68.26006891355027,-0.012938469648361206,-2.0625002963005103,2.9409335255622864,0.27731642867009454,"Chadwick Tromp",16953,644433
"Yoán Moncada","CHW",12,45,0,4,0,1,0.111111111,0.244444444,0.125,0.379310344,0.275,0.355555555,0.4,0.3326861116621229,0.3157067828708225,117.74792809898128,-0.12375505268573761,0.7900757267475602,0.3997724689543247,0.27676264109991655,"Yoan Moncada",17232,660162
"Eli White","ATL",35,42,1,9,4,3,0.023809523,0.285714285,0.153846153,0.384615384,0.282051282,0.333333333,0.435897435,0.3351706110295795,0.2702938261486235,114.52019999133161,0.41404638439416885,1.1433076937374085,0.073325514793396,0.2707796570847669,"Eli White",19346,642201
"Jon Berti","NYY",25,74,1,10,6,5,0.081081081,0.189189189,0.045454546,0.333333333,0.272727272,0.342465753,0.318181818,0.2999132806307649,0.3084517439750776,96.10768694830834,0.9687934070825577,0.6392253667404713,-0.4904105067253113,0.26841278856424067,"Jon Berti",12037,542932
"Kevin Kiermaier","- - -",116,281,5,31,26,6,0.042704626,0.306049822,0.115830116,0.272189349,0.196911196,0.237226277,0.312741312,0.2408609912343269,0.23749823079389684,53.539053134534726,-0.08932949602603912,-15.172917693015396,8.445275008678436,0.2683656393289096,"Kevin Kiermaier",11038,595281
"Stone Garrett","WSN",2,6,1,2,3,0,0.166666666,0,0.8,0.5,0.6,0.666666666,1.4,0.8124831120173136,0.7667322953542074,436.2660297751477,0.07781536132097244,2.4904720672289407,-0.10802468657493591,0.2667864051302169,"Stone Garrett",19273,656448
"Austin Shenton","TBR",19,50,1,3,3,0,0.16,0.28,0.19047619,0.296296296,0.214285714,0.34,0.404761904,0.3296003949642181,0.2914113426208496,119.68847935049243,-0.21124263852834702,0.915144767894831,-0.01630699634552002,0.2638052808621699,"Austin Shenton",25425,668853
"Zach Remillard","CHW",15,39,0,3,1,1,0.128205128,0.256410256,0.090909091,0.347826086,0.242424242,0.342105263,0.333333333,0.30474400049761724,0.3009707476641681,98.09287648142224,0.15420860797166824,0.06910479152394164,1.130071297287941,0.25720896193622694,"Zach Remillard",19788,621545
"Jorge Polanco","SEA",118,469,16,43,45,4,0.098081023,0.292110874,0.141486811,0.27443609,0.213429256,0.296375266,0.354916067,0.2870646742024647,0.31026648656493094,92.57985517143483,-1.5412100777029991,-5.523114506413711,-7.5244786739349365,0.25622304418925673,"Jorge Polanco",13152,593871
"Drew Millas","WSN",20,62,1,7,1,4,0.080645161,0.258064516,0.070175438,0.325,0.245614035,0.306451612,0.315789473,0.2795199896058729,0.27149474236272997,77.54531582256489,1.0408239737153053,-0.6239678145748206,0.9954196810722351,0.25260007630788467,"Drew Millas",25643,686452
"Stuart Fairchild","CIN",94,233,8,33,30,13,0.072961373,0.257510729,0.153110048,0.26056338,0.215311004,0.285714285,0.368421052,0.28830328493407276,0.29847643989662936,78.64881473102221,1.1346774995326996,-4.8142570995532585,-0.5473160743713379,0.2513867571336092,"Stuart Fairchild",20321,656413
"Nick Castellanos","PHI",162,659,23,80,86,6,0.062215477,0.210925644,0.176567657,0.293721973,0.254125412,0.311077389,0.430693069,0.32075803446806006,0.33601245792230705,103.70135739075258,-3.845052734017372,-0.9282455556613334,-18.760087490081787,0.2437695897000428,"Nick Castellanos",11737,592206
"Alexander Canario","CHC",15,28,1,4,2,1,0.071428571,0.392857142,0.16,0.461538461,0.28,0.357142857,0.44,0.3503951515470232,0.29493587357657297,126.98808940951407,0.027152597904205322,0.9307842940334696,0.46961209177970886,0.241382120293774,"Alexander Canario",22842,672744
"Romy Gonzalez","BOS",89,216,6,25,29,11,0.055555555,0.268518518,0.150753769,0.338129496,0.266331658,0.305555555,0.417085427,0.31094158440828323,0.3174380196465386,98.43555693754746,-0.303645022213459,-0.6902960066439157,-4.171249538660049,0.23652415408950656,"Romy Gonzalez",21562,663853
"Eric Haase","MIL",30,69,5,10,14,0,0.04347826,0.405797101,0.242424243,0.393939393,0.272727272,0.304347826,0.515151515,0.35000611992849817,0.30890276812124945,125.7080609371324,-1.802687831223011,0.31850277806743943,-0.33789777755737305,0.23642238963366624,"Eric Haase",14111,606992
"Derek Hill","- - -",53,172,7,19,25,6,0.029069767,0.325581395,0.179012346,0.32,0.24074074,0.270588235,0.419753086,0.29620820178705104,0.2973438908072079,89.49824867540018,0.3018862120807171,-1.8890897077133775,-1.6330236047506332,0.22896302080221542,"Derek Hill",16947,656537
"Blake Sabol","SFG",11,38,0,3,1,0,0.131578947,0.236842105,0.0625,0.434782608,0.3125,0.421052631,0.375,0.3524133208635691,0.3298369227228938,128.93627403647585,-0.007386051118373871,1.307498097057157,-0.4503289498388767,0.21983325910066498,"Blake Sabol",25805,666165
"Amed Rosario","- - -",103,346,3,29,32,13,0.02601156,0.210982658,0.099397591,0.350194552,0.280120481,0.306358381,0.379518072,0.2989004953748229,0.2842320475964188,96.36473905559566,0.6977455019950867,-1.033439160973534,-8.323028281331062,0.21938609070189788,"Amed Rosario",15518,642708
"Christian Bethancourt","- - -",62,147,5,18,22,3,0.034013605,0.244897959,0.158273381,0.244897959,0.208633093,0.24137931,0.366906474,0.26333866324918026,0.27350931697421604,66.02621175940548,0.4824493443593383,-5.489589097719197,2.6214922070503235,0.2117393603813135,"Christian Bethancourt",10028,542194
"Austin Hays","- - -",85,255,5,26,20,2,0.035294117,0.231372549,0.140425532,0.317919075,0.255319148,0.303149606,0.39574468,0.3032646808228474,0.2937553572276282,96.78422286664988,-0.11829920671880245,-1.1241819113755194,-5.335554003715515,0.20770220615043344,"Austin Hays",19363,669720
"Dominic Smith","- - -",93,307,6,33,34,1,0.091205211,0.247557003,0.145454546,0.300518134,0.232727272,0.312703583,0.378181818,0.30558141900972746,0.3077929736742007,94.41289142676915,-1.8788885967805982,-3.913003408557511,-4.264399200677872,0.20628720952300972,"Dominic Smith",15653,642086
"Rhys Hoskins","MIL",131,517,26,59,82,3,0.102514506,0.28820116,0.204899777,0.25,0.213808463,0.302912621,0.41870824,0.31343205418104325,0.30632476212913423,101.09120767772927,-3.311321906745434,-2.6367018629185024,-12.712034225463867,0.20128062262350332,"Rhys Hoskins",16472,656555
"Luis Urías","SEA",41,109,4,11,16,0,0.082568807,0.311926605,0.20212766,0.25,0.191489361,0.302752293,0.393617021,0.30894377034738524,0.3140440774620126,107.97005820735339,-0.4168996661901474,0.5771168453357012,-2.256298750638962,0.19930418253398013,"Luis Urias",16622,649966
"Buddy Kennedy","- - -",14,26,1,3,6,1,0.153846153,0.269230769,0.19047619,0.214285714,0.19047619,0.307692307,0.38095238,0.3009231365644015,0.3919775669391339,93.34556545232834,-0.0004110208246856928,-0.2186566089386885,1.265833929181099,0.1975244278692162,"Buddy Kennedy",22505,671083
"Ezequiel Duran","TEX",92,285,3,26,20,1,0.049122807,0.221052631,0.074626866,0.310344827,0.246268656,0.287719298,0.320895522,0.26977162068350274,0.25659023875921544,75.18809426861371,-0.9117105901241302,-9.002866874553655,1.38299560546875,0.1875965279135846,"Ezequiel Duran",23733,677649
"Mason McCoy","SDP",19,57,0,7,3,1,0.087719298,0.333333333,0.040816327,0.333333333,0.204081632,0.277777777,0.244897959,0.24089317741217436,0.2450123553006154,55.19562859224856,0.8163676783442497,-2.2375443936847192,2.0706489086151123,0.17972357677932382,"Mason McCoy",22232,669200
"Reese McGuire","BOS",53,158,3,10,18,3,0.082278481,0.246835443,0.086330935,0.26,0.208633093,0.280254777,0.294964028,0.2585388627021935,0.2838851733085437,61.57441233863345,-0.246006578207016,-7.192781254296275,3.69130802154541,0.17865792100713665,"Reese McGuire",15674,624512
"Kyle McCann","OAK",54,157,5,13,15,0,0.101910828,0.375796178,0.135714286,0.368421052,0.235714285,0.318471337,0.371428571,0.30438493536068845,0.2786287405552008,101.87146780041243,-2.7350048422813416,-2.398812653206307,-1.1213945150375366,0.17330361555220197,"Kyle McCann",25575,668832
"Jose Herrera","ARI",42,114,1,11,13,0,0.078947368,0.236842105,0.092783505,0.3,0.226804123,0.289719626,0.319587628,0.27071823862111455,0.26289248916338076,70.63565489842043,-0.2758468985557556,-4.278854871899358,2.1236482858657837,0.17133548411443206,"Jose Herrera",17040,645444
"Darren Baker","WSN",9,14,0,1,0,0,0,0.214285714,0.142857142,0.636363636,0.5,0.5,0.642857142,0.49410327417509897,0.21907142230442592,221.97457519548433,-0.044881153386086226,1.997132465956792,-0.8533361852169037,0.16650486350752722,"Darren Baker",29912,671117
"James McCann","BAL",66,233,8,27,31,1,0.055793991,0.240343347,0.154205608,0.272727272,0.233644859,0.278969957,0.387850467,0.2883366561242951,0.31530629608022187,88.28685932815415,-1.498502179980278,-4.62123542967574,-1.5665862560272217,0.15768098673022174,"James McCann",12859,543510
"Dustin Harris","TEX",2,7,1,1,3,0,0.142857142,0.285714285,0.666666667,0.333333333,0.333333333,0.428571428,1,0.5704554234232221,0.3682207039424351,286.69522157975325,-0.007892422378063202,1.4874369007074337,-0.21604937314987183,0.15524256718851995,"Dustin Harris",25705,687957
"Matt Duffy","TEX",4,10,0,2,0,0,0.2,0.1,0,0.333333333,0.285714285,0.5,0.285714285,0.3861874878406525,0.4818453788757324,157.07739263284313,0.06291060149669647,0.7159956377618011,0.3947836309671402,0.14891383225671,"Matt Duffy",13836,622110
"Diego Castillo","MIN",4,8,0,3,2,0,0.25,0.125,0.166666667,0.4,0.333333333,0.5,0.5,0.4393022879958153,0.4086577594280243,192.23327488504157,0.16395244747400284,1.0082260751867869,0.16315222531557083,0.14833334841147616,"Diego Castillo",19906,660636
"Brandon Crawford","STL",29,80,1,5,4,0,0.1,0.325,0.112676056,0.25,0.169014084,0.2625,0.28169014,0.24806679859757425,0.2809166968623294,58.463143498877244,0.09331286698579788,-3.8802940000447084,2.6295127868652344,0.14725747336362655,"Brandon Crawford",5343,543063
"Oliver Dunn","MIL",41,104,1,11,7,3,0.057692307,0.384615384,0.094736842,0.37037037,0.221052631,0.281553398,0.315789473,0.2662219329945092,0.2659984699730734,69.31556004718337,0.8207254558801651,-2.995313721168827,0.9064229130744934,0.1436300124369163,"Oliver Dunn",26295,686554
"Matthew Batten","SDP",1,3,0,0,0,0,0,0,0.666666667,0.333333333,0.333333333,0.333333333,1,0.529969334602356,0.2639999985694885,249.7636974386288,0.18887364864349365,0.7261393206599187,0.5360796079039574,0.14072542958171413,"Matthew Batten",20157,676946
"Luis Guillorme","- - -",79,187,0,14,10,4,0.122994652,0.192513368,0.068322981,0.259842519,0.204968944,0.301075268,0.273291925,0.26349073263906664,0.2848560553725048,67.4526099610692,0.07707977294921875,-7.036071093409952,2.0764805153012276,0.12974798234863416,"Luis Guillorme",16451,641645
"Tomás Nido","- - -",49,140,4,14,12,0,0.035714285,0.25,0.123076923,0.225806451,0.192307692,0.218978102,0.315384615,0.2310289388155415,0.28904080913014657,47.6364039535538,-0.6278843283653259,-9.394233882216495,5.927660338580608,0.12574196019072006,"Tomas Nido",13755,621512
"Mickey Moniak","LAA",124,418,14,48,49,8,0.050239234,0.272727272,0.160714285,0.271698113,0.219387755,0.265550239,0.38010204,0.28058166652204886,0.28603218499419214,80.15742967875556,-1.303552582859993,-10.793849873807698,-1.8435649573802948,0.1241904691360508,"Mickey Moniak",19956,666160
"David Dahl","PHI",19,62,3,6,8,0,0.048387096,0.338709677,0.189655173,0.257142857,0.206896551,0.241935483,0.396551724,0.2725337532258803,0.270053144361152,71.24311052599064,-0.05022980645298958,-2.182267517373311,1.3025694489479065,0.12338415165590053,"David Dahl",13744,621311
"Ehire Adrianza","LAA",8,28,1,4,2,0,0.071428571,0.392857142,0.153846154,0.285714285,0.192307692,0.25,0.346153846,0.26169467185224804,0.24104271616254533,66.87193192413147,-0.04120276856701821,-1.102555516470256,1.3611427769064903,0.12245250482566139,"Ehire Adrianza",8418,501303
"Ke'Bryan Hayes","PIT",96,396,4,38,25,11,0.058080808,0.189393939,0.057534246,0.279310344,0.232876712,0.282828282,0.290410958,0.25572980929024614,0.28500636054662654,59.66500171321371,0.42105329036712646,-18.6791730240638,6.587974190711975,0.11960325699618005,"Ke'Bryan Hayes",18577,663647
"Jo Adell","LAA",130,451,20,54,62,15,0.077605321,0.279379157,0.195061728,0.244274809,0.207407407,0.28,0.402469135,0.2959931448998058,0.3140186600620971,90.99817829772509,-3.0499210506677628,-7.6952081013664,-6.094253122806549,0.11805346861202948,"Jo Adell",20220,666176
"Joshua Palacios","PIT",23,78,2,10,9,1,0.128205128,0.153846153,0.119402985,0.245283018,0.223880597,0.333333333,0.343283582,0.30664655795464146,0.34008987326371043,93.93546371140025,-0.041812464594841,-0.6074698817625857,-0.8690962195396423,0.11702803981143407,"Joshua Palacios",19818,641943
"Evan Carter","TEX",45,162,5,23,15,2,0.092592592,0.265432098,0.173611111,0.226804123,0.1875,0.271604938,0.361111111,0.2782459454036053,0.2847596627694589,81.14910733655807,1.1814454421401024,-2.312793041499428,-1.9821812510490417,0.11038496165016234,"Evan Carter",27790,694497
"Cavan Biggio","- - -",78,224,5,27,19,2,0.107142857,0.321428571,0.106382979,0.288288288,0.19680851,0.313636363,0.303191489,0.2846688582138582,0.2597017076882449,83.50099728851276,0.42547232657670975,-3.898375896744877,-2.504291767254472,0.10805851084782005,"Cavan Biggio",19252,624415
"Kody Clemens","PHI",44,120,5,17,18,0,0.041666666,0.241666666,0.228070176,0.25,0.219298245,0.258333333,0.447368421,0.3009244292974472,0.25695980389912926,90.35198159367181,-0.16015949472784996,-1.5446202636206336,-1.473467767238617,0.10295169638525883,"Kody Clemens",20572,665019
"Jung Hoo Lee","SFG",37,158,2,15,8,2,0.063291139,0.082278481,0.068965517,0.272727272,0.262068965,0.310126582,0.331034482,0.28445094107072566,0.32367754893697753,83.19293387647001,-0.15378696471452713,-3.329273532614687,-0.9615468382835388,0.10281356563762378,"Jung Hoo Lee",33824,808982
"Jason Delay","PIT",7,19,0,1,6,0,0.157894736,0,0.2,0.2,0.2,0.333333333,0.4,0.32392947872479755,0.2790773974524604,105.56805406738023,-0.05008305050432682,0.07642504829501356,0.27138006687164307,0.10157391048511033,"Jason Delay",19806,641511
"Lenyn Sosa","CHW",100,369,8,28,35,3,0.032520325,0.208672086,0.105413105,0.303370786,0.253561253,0.283378746,0.358974358,0.27978696946889325,0.3212715880511558,80.53759119167991,-0.7226373553276062,-8.939926411069031,-2.2989983558654785,0.10106749840402403,"Lenyn Sosa",22896,672820
"Hunter Renfroe","KCR",120,424,15,44,52,1,0.08490566,0.198113207,0.163636364,0.2543554,0.228571428,0.297169811,0.392207792,0.3020456982952244,0.29408388317755935,93.38071866799376,-3.6399453952908516,-6.851255928387083,-6.2172335386276245,0.10018710225116689,"Hunter Renfroe",15464,592669
"Connor Norby","- - -",45,194,9,32,20,3,0.077319587,0.329896907,0.202247191,0.311320754,0.235955056,0.293814432,0.438202247,0.3156419227418211,0.31614484246244134,101.34341351442401,-1.9300278946757317,-1.5544646713838366,-3.9915027134120464,0.09643082579927792,"Connor Norby",29592,681393
"Tyler Heineman","- - -",8,16,0,2,0,0,0.1875,0.375,0,0.166666666,0.083333333,0.3125,0.083333333,0.22933093085885048,0.253661572933197,45.00592236480861,-0.062292931601405144,-1.069089003532091,1.462604995816946,0.09535355233522086,"Tyler Heineman",13897,623168
"Jake Bauers","MIL",117,346,12,45,43,13,0.112716763,0.341040462,0.162251656,0.279069767,0.198675496,0.300578034,0.360927152,0.2941344585971556,0.305205834430197,88.10260307390767,1.0599149018526077,-3.8626260079639785,-6.863013610243797,0.08786303905867421,"Jake Bauers",15194,641343
"Hunter Feduccia","LAD",5,14,0,2,1,0,0.142857142,0.142857142,0,0.4,0.333333333,0.428571428,0.333333333,0.35036459139415194,0.2853758675711496,125.7084935380296,-0.05303815007209778,0.37735559266740026,0.0028520617634058,0.08764316384372703,"Hunter Feduccia",23372,676439
"Greg Jones","COL",6,6,1,1,1,0,0.166666666,0.666666666,0.6,0,0.2,0.333333333,0.8,0.4564569691816966,0.44265516599019367,183.21953182696816,-0.007892422378063202,0.5891948351695186,0.028393663465976715,0.084515786753566,"Greg Jones",25448,675659
"Livan Soto","- - -",13,16,0,1,0,0,0.1875,0.1875,0.076923077,0.3,0.23076923,0.375,0.307692307,0.3178287334740162,0.34922408463899046,111.7575074828593,-0.050513336434960365,0.07853386450756572,0.14570264890789986,0.07797855509659377,"Livan Soto",22471,670869
"Spencer Torkelson","DET",92,381,10,45,37,0,0.086614173,0.275590551,0.15497076,0.285087719,0.219298245,0.294736842,0.374269005,0.29464481692565114,0.28509957449776785,90.99546164756588,-1.232272207736969,-5.157745575310171,-6.705101549625397,0.07766429940283559,"Spencer Torkelson",27465,679529
"Jahmai Jones","NYY",33,47,1,8,4,1,0.042553191,0.340425531,0.142857142,0.36,0.238095238,0.304347826,0.38095238,0.3018388190995092,0.2656910108483356,97.4621500299255,-0.40489985048770905,-0.5413799748846778,-0.2758142948150635,0.07631886635014251,"Jahmai Jones",18872,663330
"Logan Driscoll","TBR",15,37,1,2,5,0,0.027027027,0.162162162,0.085714286,0.172413793,0.171428571,0.189189189,0.257142857,0.19317014475126523,0.2668612798055013,23.720655217776464,-0.0508439380209893,-3.280187755514025,2.785238027572632,0.0754044796849376,"Logan Driscoll",25475,686482
"Jonatan Clase","- - -",26,66,1,7,5,3,0.045454545,0.257575757,0.081967213,0.325581395,0.245901639,0.303030303,0.327868852,0.2825273952700875,0.2141599361713116,87.2816226331196,0.44365697354078293,-0.5168073767189565,-0.9611111506819725,0.0730514006203386,"Jonatan Clase",26599,682729
"Michael Helman","MIN",9,10,0,2,0,0,0,0.3,0.2,0.428571428,0.3,0.3,0.5,0.3390603005886078,0.11320000886917114,121.72101383448259,0.10251796990633011,0.3510519069601623,0.02338419295847416,0.07286598158494774,"Michael Helman",24605,680737
"Brooks Baldwin","CHW",33,121,2,9,8,4,0.049586776,0.256198347,0.105263158,0.271604938,0.210526315,0.25,0.315789473,0.2489004562298457,0.26441529591878254,58.81138702529407,1.278408333659172,-4.424129102714239,1.1142187714576721,0.0719203387000815,"Brooks Baldwin",31394,681460
"Cal Stevenson","PHI",18,27,0,2,6,0,0.111111111,0.148148148,0.125,0.3,0.25,0.333333333,0.375,0.31392084227667916,0.3175558867277922,99.09945838275746,-0.6006585508584976,-0.6297341609627659,0.3929762188345194,0.06884509685425952,"Cal Stevenson",22411,670276
"Jace Jung","DET",34,94,0,14,3,0,0.159574468,0.308510638,0.063291139,0.38,0.240506329,0.361702127,0.303797468,0.3080121437285809,0.29087424808078344,100.39831230382232,-0.42326316982507706,-0.3804224082233034,-2.0859617472160608,0.06671111444919392,"Jace Jung",31437,690291
"Estevan Florial","CLE",36,111,3,11,11,2,0.099099099,0.369369369,0.193877551,0.259259259,0.173469387,0.263636363,0.367346938,0.27678382179953837,0.25385013927112926,79.89539166409553,0.9415749758481979,-1.6118564734398557,-1.4300755858421326,0.06540145489844318,"Estevan Florial",19151,664314
"Joey Loperfido","- - -",81,262,4,24,25,4,0.04961832,0.362595419,0.135802469,0.331034482,0.213991769,0.264367816,0.349794238,0.26834626718499194,0.2562084855704472,73.41310217147075,-0.429875910282135,-8.400174017597886,0.3046157956123352,0.05981999541105773,"Joey Loperfido",29630,694388
"Andrés Chaparro","WSN",33,132,4,12,15,1,0.053030303,0.181818181,0.198347107,0.236559139,0.214876033,0.28030303,0.41322314,0.301315063328454,0.30583049311782373,92.2148944062362,-0.9125132635235786,-2.1413656666349468,-1.7052152156829834,0.05885213329805905,"Andres Chaparro",21797,665953
"Oswald Peraza","NYY",4,11,1,2,1,0,0.09090909,0.272727272,0.3,0.166666666,0.2,0.272727272,0.5,0.32913204756650055,0.3332723487507213,116.66076430678756,-0.015784844756126404,0.19391263607739492,-0.0009948015213012695,0.057538694390687026,"Oswald Peraza",22823,672724
"Leo Rivas","SEA",43,86,0,10,8,3,0.116279069,0.279069767,0.04109589,0.346938775,0.232876712,0.333333333,0.273972602,0.281922786008744,0.3035486085074289,88.96294601005128,0.29438416659832,-0.7916843531081326,-1.5057477355003357,0.056804043272655175,"Leo Rivas",21009,660844
"Dominic Canzone","SEA",67,188,8,20,17,1,0.09574468,0.281914893,0.184523809,0.229357798,0.196428571,0.271276595,0.38095238,0.2799725596622754,0.3095714610110047,87.59111697107532,0.058060988783836365,-2.6112313955336752,-3.0725616812705994,0.05585809620984972,"Dominic Canzone",26438,686527
"Charles Leblanc","LAA",11,28,2,6,6,0,0.25,0.321428571,0.285714286,0.2,0.19047619,0.392857142,0.476190476,0.38166280942303793,0.369877885889124,151.25996984059324,-0.07036478037480265,1.571895484339545,-1.9738394021987915,0.054234344409755414,"Charles Leblanc",19813,641779
"Jordyn Adams","LAA",11,38,1,4,4,2,0.078947368,0.315789473,0.085714286,0.318181818,0.228571428,0.289473684,0.314285714,0.270762584711376,0.3164089821480416,73.25048701112466,0.5399883091449738,-0.623079628043395,-0.14710570313036442,0.05039827861252628,"Jordyn Adams",23788,677941
"Samad Taylor","SEA",3,5,0,2,0,0,0,0.2,0,0.5,0.4,0.4,0.4,0.3526842832565308,0.175,138.7380282417669,-0.015784844756126404,0.2058372845329003,0.03191070631146431,0.04165160836325618,"Samad Taylor",22274,669392
"Jacob Wilson","OAK",28,103,0,11,3,0,0.077669902,0.097087378,0.065217391,0.277108433,0.25,0.31372549,0.315217391,0.2811220545394748,0.2911003898171818,85.50788236400159,-0.27365488931536674,-1.9816030413496755,-1.0419636964797974,0.03994212655330159,"Jacob Wilson",33266,805779
"Cade Marlowe","SEA",8,9,0,1,0,0,0.111111111,0.111111111,0,0.285714285,0.25,0.333333333,0.25,0.27250579330656266,0.33045898543463814,82.33884103266259,0.2162482962012291,0.03437567901676197,0.043689146637916565,0.03883792213311795,"Cade Marlowe",25505,687799
"Santiago Espinal","CIN",118,391,9,32,45,11,0.061381074,0.138107416,0.109243697,0.265100671,0.246498599,0.294573643,0.355742296,0.28462399411077943,0.29500324861990973,76.17239980572825,0.8793103694915771,-10.261540124308501,-2.464434489607811,0.036767848253101795,"Santiago Espinal",19997,669289
"Charlie Blackmon","COL",124,499,12,59,52,6,0.086172344,0.172344689,0.155902005,0.292613636,0.256124721,0.328657314,0.412026726,0.32288467776127744,0.30791771121141387,93.31622383481536,-0.48278602212667465,-4.471048450763502,-11.916666865348816,0.03177926050930702,"Charlie Blackmon",7859,453568
"José Tena","- - -",44,168,3,14,15,6,0.041666666,0.244047619,0.086956522,0.341880341,0.267080745,0.297619047,0.354037267,0.2863384158838363,0.306144147034151,82.38674592262004,0.44503433629870415,-3.119850972727326,-2.2418009005486965,0.026631196620891,"Jose Tena",23691,677588
"Kyle Manzardo","CLE",53,156,5,11,15,0,0.057692307,0.262820512,0.186206897,0.29,0.234482758,0.282051282,0.420689655,0.30264653723973495,0.2756939423389924,98.08775386445173,0.00480208545923233,-0.3365275505864459,-4.57948611676693,0.025728382250144066,"Kyle Manzardo",29794,700932
"Aaron Schunk","COL",39,98,2,14,7,0,0.040816326,0.31632653,0.095744681,0.327868852,0.234042553,0.265306122,0.329787234,0.2568972663781078,0.22984373569488525,48.902172790999124,-0.6466158628463745,-6.634726191467565,3.5945366621017456,0.024649391549470857,"Aaron Schunk",25524,668845
"Ildemaro Vargas","WSN",97,303,1,21,30,9,0.06270627,0.102310231,0.069852941,0.269387755,0.246323529,0.295302013,0.31617647,0.27094010958735576,0.28579154480185975,71.77046845236738,-0.7409074231982231,-10.969304612912028,1.0162372291088104,0.019068562336855194,"Ildemaro Vargas",13324,545121
"Myles Straw","CLE",7,4,0,2,0,2,0,0,0,0.25,0.25,0.25,0.25,0.22042767703533173,0.2122500091791153,40.25332855061905,0.4462621621787548,0.1728112893175036,-0.12544557824730873,0.018569851623560472,"Myles Straw",17620,664702
"Blake Dunn","CIN",19,29,1,8,1,2,0.068965517,0.379310344,0.153846154,0.214285714,0.153846153,0.24137931,0.307692307,0.24710110754802309,0.24480402058568493,50.91692509961414,0.7275878861546516,-0.9745355222279564,0.1601804494857788,0.01610305952015715,"Blake Dunn",29487,694362
"Brandon Lockridge","SDP",12,12,1,4,1,2,0,0.333333333,0.25,0.142857142,0.166666666,0.166666666,0.416666666,0.24427681664625803,0.18595401446024576,57.47304973222649,0.419081574305892,-0.19116699474502474,-0.06860579922795296,0.014636553220617347,"Brandon Lockridge",21496,663604
"Ben Gamel","- - -",38,99,1,22,4,1,0.181818181,0.242424242,0.086419753,0.339285714,0.24691358,0.383838383,0.333333333,0.32661508784002186,0.3450772810955437,113.84119515324622,-0.7497218400239944,0.8307444025237709,-3.9904032945632935,0.013286839374965387,"Ben Gamel",12160,592325
"Eddy Alvarez","NYM",13,11,0,2,0,0,0.09090909,0.181818181,0,0,0,0.181818181,0,0.128120248967951,0.2684839205308394,-21.137669403948752,0.5569064170122147,-1.036524294593422,0.716492585837841,0.004957707848593482,"Eddy Alvarez",16959,657193
"Jorge Barrosa","ARI",8,18,0,3,1,1,0,0.111111111,0.117647059,0.2,0.176470588,0.176470588,0.294117647,0.19944723564035752,0.3476078370038201,22.665384539570184,0.20880810357630253,-1.4557835774286074,0.8978354409337044,0.004574329621404561,"Jorge Barrosa",23968,678489
"Avisaíl García","MIA",18,51,2,4,2,0,0.019607843,0.25490196,0.14,0.285714285,0.24,0.25490196,0.38,0.2740822633107503,0.30269301171396296,72.54977129771389,0.0014273673295974731,-1.6726573340399848,-0.008688271045684814,0.0025819580156904998,"Avisail Garcia",5760,541645
"Joe Hudson","NYM",1,0,0,0,0,0,0,0,0,0,0,0,0,0,,,0,0,0.018904230557382107,0.0019523860115591265,"Joe Hudson",14412,621529
"Luis Castillo","SEA",30,1,0,0,0,0,0,1,0,0,0,0,0,0,0,-100,0,-0.23953720037590315,0.2194138765335083,0.0013412159327968048,"Luis Castillo",15689,622491
"Zach DeLoach","CHW",22,75,1,10,5,0,0.106666666,0.28,0.119402985,0.288888888,0.208955223,0.293333333,0.328358208,0.2785143105189006,0.26898528434134816,79.64237689643976,-0.5406286781653762,-2.2876328434199866,-0.1835552453994751,0.00124433962785582,"Zach DeLoach",27471,676113
"Adam Ottavino","NYM",60,0,0,0,0,0,0,0,0,0,0,0,0,0,,,0,0,0,0,"Adam Ottavino",1247,493603
"Matt Moore","LAA",51,0,0,0,0,0,0,0,0,0,0,0,0,0,,,0,0,0,0,"Matt Moore",1890,519043
"Clayton Kershaw","LAD",7,0,0,0,0,0,0,0,0,0,0,0,0,0,,,0,0,0,0,"Clayton Kershaw",2036,477132
"Lance Lynn","STL",23,0,0,0,0,0,0,0,0,0,0,0,0,0,,,0,0,0,0,"Lance Lynn",2520,458681
"Kenley Jansen","BOS",54,0,0,0,0,0,0,0,0,0,0,0,0,0,,,0,0,0,0,"Kenley Jansen",3096,445276
"Max Scherzer","TEX",9,0,0,0,0,0,0,0,0,0,0,0,0,0,,,0,0,0,0,"Max Scherzer",3137,453286
"T.J. McFarland","OAK",79,0,0,0,0,0,0,0,0,0,0,0,0,0,,,0,0,0,0,"T.J. McFarland",3237,519008
"Justin Wilson","CIN",60,0,0,0,0,0,0,0,0,0,0,0,0,0,,,0,0,0,0,"Justin Wilson",4301,458677
"Charlie Morton","ATL",30,0,0,0,0,0,0,0,0,0,0,0,0,0,,,0,0,0,0,"Charlie Morton",4676,450203
"Rich Hill","BOS",4,0,0,0,0,0,0,0,0,0,0,0,0,0,,,0,0,0,0,"Rich Hill",4806,448179
"Jake Diekman","NYM",43,0,0,0,0,0,0,0,0,0,0,0,0,0,,,0,0,0,0,"Jake Diekman",5003,518617
"Anthony Gose","CLE",3,0,0,0,0,0,0,0,0,0,0,0,0,0,,,0,0,0,0,"Anthony Gose",5097,543238
"Jesse Chavez","ATL",46,0,0,0,0,0,0,0,0,0,0,0,0,0,,,0,0,0,0,"Jesse Chavez",5448,445926
"Ryan Brasier","LAD",29,0,0,0,0,0,0,0,0,0,0,0,0,0,,,0,0,0,0,"Ryan Brasier",5615,518489
"Huascar Brazobán","- - -",39,0,0,0,0,0,0,0,0,0,0,0,0,0,,,0,0,0,0,"Huascar Brazoban",6107,623211
"Albert Suárez","BAL",32,0,0,0,0,0,0,0,0,0,0,0,0,0,,,0,0,0,0,"Albert Suarez",6175,544150
"José Cisnero","LAA",15,0,0,0,0,0,0,0,0,0,0,0,0,0,,,0,0,0,0,"Jose Cisnero",6399,542585
"Alex Cobb","CLE",3,0,0,0,0,0,0,0,0,0,0,0,0,0,,,0,0,0,0,"Alex Cobb",6562,502171
"Carlos Carrasco","CLE",21,0,0,0,0,0,0,0,0,0,0,0,0,0,,,0,0,0,0,"Carlos Carrasco",6632,471911
"Craig Kimbrel","BAL",57,0,0,0,0,0,0,0,0,0,0,0,0,0,,,0,0,0,0,"Craig Kimbrel",6655,518886
"Julio Teheran","NYM",1,0,0,0,0,0,0,0,0,0,0,0,0,0,,,0,0,0,0,"Julio Teheran",6797,527054
"Johnny Cueto","LAA",2,0,0,0,0,0,0,0,0,0,0,0,0,0,,,0,0,0,0,"Johnny Cueto",6893,456501
"Chase Anderson","- - -",29,0,0,0,0,0,0,0,0,0,0,0,0,0,,,0,0,0,0,"Chase Anderson",6895,502624
"Martín Pérez","- - -",26,0,0,0,0,0,0,0,0,0,0,0,0,0,,,0,0,0,0,"Martin Perez",6902,527048
"Luis García","- - -",60,0,0,0,0,0,0,0,0,0,0,0,0,0,,,0,0,0,0,"Luis Garcia",6984,472610
"Ryan Pressly","HOU",59,0,0,0,0,0,0,0,0,0,0,0,0,0,,,0,0,0,0,"Ryan Pressly",7005,519151
"Fernando Cruz","CIN",69,0,0,0,0,0,0,0,0,0,0,0,0,0,,,0,0,0,0,"Fernando Cruz",7048,518585
"Daniel Hudson","LAD",65,0,0,0,0,0,0,0,0,0,0,0,0,0,,,0,0,0,0,"Daniel Hudson",7146,543339
"Jay Jackson","MIN",20,0,0,0,0,0,0,0,0,0,0,0,0,0,,,0,0,0,0,"Jay Jackson",7432,543351
"Jordan Lyles","KCR",5,0,0,0,0,0,0,0,0,0,0,0,0,0,,,0,0,0,0,"Jordan Lyles",7593,543475
"Hunter Strickland","LAA",72,0,0,0,0,0,0,0,0,0,0,0,0,0,,,0,0,0,0,"Hunter Strickland",7836,519326
"Will Smith","KCR",45,0,0,0,0,0,0,0,0,0,0,0,0,0,,,0,0,0,0,"Will Smith",8048,519293
"Bryan Shaw","CHW",5,0,0,0,0,0,0,0,0,0,0,0,0,0,,,0,0,0,0,"Bryan Shaw",8110,543766
"David Robertson","TEX",68,0,0,0,0,0,0,0,0,0,0,0,0,0,,,0,0,0,0,"David Robertson",8241,502085
"Paolo Espino","TOR",3,0,0,0,0,0,0,0,0,0,0,0,0,0,,,0,0,0,0,"Paolo Espino",8246,502179
"Justin Verlander","HOU",17,0,0,0,0,0,0,0,0,0,0,0,0,0,,,0,0,0,0,"Justin Verlander",8700,434378
"Wade Miley","MIL",2,0,0,0,0,0,0,0,0,0,0,0,0,0,,,0,0,0,0,"Wade Miley",8779,489119
"Kirby Yates","TEX",61,0,0,0,0,0,0,0,0,0,0,0,0,0,,,0,0,0,0,"Kirby Yates",9073,489446
"Nathan Eovaldi","TEX",29,0,0,0,0,0,0,0,0,0,0,0,0,0,,,0,0,0,0,"Nathan Eovaldi",9132,543135
"Casey Kelly","CIN",2,0,0,0,0,0,0,0,0,0,0,0,0,0,,,0,0,0,0,"Casey Kelly",9174,543391
"Patrick Corbin","WSN",32,0,0,0,0,0,0,0,0,0,0,0,0,0,,,0,0,0,0,"Patrick Corbin",9323,571578
"Dallas Keuchel","MIL",4,0,0,0,0,0,0,0,0,0,0,0,0,0,,,0,0,0,0,"Dallas Keuchel",9434,572971
"Joe Kelly","LAD",35,0,0,0,0,0,0,0,0,0,0,0,0,0,,,0,0,0,0,"Joe Kelly",9761,523260
"Miles Mikolas","STL",32,0,0,0,0,0,0,0,0,0,0,0,0,0,,,0,0,0,0,"Miles Mikolas",9803,571945
"Tyler Matzek","ATL",11,0,0,0,0,0,0,0,0,0,0,0,0,0,,,0,0,0,0,"Tyler Matzek",10058,554431
"Brooks Raley","NYM",8,0,0,0,0,0,0,0,0,0,0,0,0,0,,,0,0,0,0,"Brooks Raley",10061,548384
"Caleb Thielbar","MIN",59,0,0,0,0,0,0,0,0,0,0,0,0,0,,,0,0,0,0,"Caleb Thielbar",10078,573204
"Kyle Gibson","STL",30,0,0,0,0,0,0,0,0,0,0,0,0,0,,,0,0,0,0,"Kyle Gibson",10123,502043
"Shelby Miller","DET",51,0,0,0,0,0,0,0,0,0,0,0,0,0,,,0,0,0,0,"Shelby Miller",10197,571946
"Aroldis Chapman","PIT",68,0,0,0,0,0,0,0,0,0,0,0,0,0,,,0,0,0,0,"Aroldis Chapman",10233,547973
"Zack Wheeler","PHI",32,0,0,0,0,0,0,0,0,0,0,0,0,0,,,0,0,0,0,"Zack Wheeler",10310,554430
"Erasmo Ramírez","TBR",13,0,0,0,0,0,0,0,0,0,0,0,0,0,,,0,0,0,0,"Erasmo Ramirez",10314,541640
"Michael Tonkin","- - -",57,0,0,0,0,0,0,0,0,0,0,0,0,0,,,0,0,0,0,"Michael Tonkin",10315,543859
"Scott Alexander","OAK",45,0,0,0,0,0,0,0,0,0,0,0,0,0,,,0,0,0,0,"Scott Alexander",10591,518397
"Chris Sale","ATL",29,0,0,0,0,0,0,0,0,0,0,0,0,0,,,0,0,0,0,"Chris Sale",10603,519242
"Chasen Shreve","COL",1,0,0,0,0,0,0,0,0,0,0,0,0,0,,,0,0,0,0,"Chasen Shreve",10855,592741
"Jacob deGrom","TEX",3,0,0,0,0,0,0,0,0,0,0,0,0,0,,,0,0,0,0,"Jacob deGrom",10954,594798
"Merrill Kelly","ARI",13,0,0,0,0,0,0,0,0,0,0,0,0,0,,,0,0,0,0,"Merrill Kelly",11156,518876
"David Buchanan","CIN",1,0,0,0,0,0,0,0,0,0,0,0,0,0,,,0,0,0,0,"David Buchanan",11176,571527
"Tommy Kahnle","NYY",50,0,0,0,0,0,0,0,0,0,0,0,0,0,,,0,0,0,0,"Tommy Kahnle",11384,592454
"Jose Quintana","NYM",31,0,0,0,0,0,0,0,0,0,0,0,0,0,,,0,0,0,0,"Jose Quintana",11423,500779
"Robbie Ray","SFG",7,0,0,0,0,0,0,0,0,0,0,0,0,0,,,0,0,0,0,"Robbie Ray",11486,592662
"Joely Rodríguez","BOS",14,0,0,0,0,0,0,0,0,0,0,0,0,0,,,0,0,0,0,"Joely Rodriguez",11487,570257
"José Ureña","TEX",33,0,0,0,0,0,0,0,0,0,0,0,0,0,,,0,0,0,0,"Jose Urena",11589,570632
"Jameson Taillon","CHC",28,0,0,0,0,0,0,0,0,0,0,0,0,0,,,0,0,0,0,"Jameson Taillon",11674,592791
"Luke Jackson","- - -",52,0,0,0,0,0,0,0,0,0,0,0,0,0,,,0,0,0,0,"Luke Jackson",11752,592426
"Drew Smyly","CHC",50,0,0,0,0,0,0,0,0,0,0,0,0,0,,,0,0,0,0,"Drew Smyly",11760,592767
"Héctor Neris","- - -",62,0,0,0,0,0,0,0,0,0,0,0,0,0,,,0,0,0,0,"Hector Neris",11804,593576
"James Paxton","- - -",21,0,0,0,0,0,0,0,0,0,0,0,0,0,,,0,0,0,0,"James Paxton",11828,572020
"Taijuan Walker","PHI",19,0,0,0,0,0,0,0,0,0,0,0,0,0,,,0,0,0,0,"Taijuan Walker",11836,592836
"Chris Martin","BOS",45,0,0,0,0,0,0,0,0,0,0,0,0,0,,,0,0,0,0,"Chris Martin",11847,455119
"Jason Adam","- - -",74,0,0,0,0,0,0,0,0,0,0,0,0,0,,,0,0,0,0,"Jason Adam",11861,592094
"Matt Andriese","MIA",4,0,0,0,0,0,0,0,0,0,0,0,0,0,,,0,0,0,0,"Matt Andriese",12022,542882
"Kyle Hendricks","CHC",29,0,0,0,0,0,0,0,0,0,0,0,0,0,,,0,0,0,0,"Kyle Hendricks",12049,543294
"Yimi García","- - -",39,0,0,0,0,0,0,0,0,0,0,0,0,0,,,0,0,0,0,"Yimi Garcia",12095,554340
"Aaron Brooks","OAK",5,0,0,0,0,0,0,0,0,0,0,0,0,0,,,0,0,0,0,"Aaron Brooks",12272,605156
"Chris Bassitt","TOR",31,0,0,0,0,0,0,0,0,0,0,0,0,0,,,0,0,0,0,"Chris Bassitt",12304,605135
"Colin Rea","MIL",32,0,0,0,0,0,0,0,0,0,0,0,0,0,,,0,0,0,0,"Colin Rea",12317,607067
"Jacob Barnes","WSN",63,0,0,0,0,0,0,0,0,0,0,0,0,0,,,0,0,0,0,"Jacob Barnes",12323,606930
"Seth Lugo","KCR",33,0,0,0,0,0,0,0,0,0,0,0,0,0,,,0,0,0,0,"Seth Lugo",12447,607625
"Blake Treinen","LAD",50,0,0,0,0,0,0,0,0,0,0,0,0,0,,,0,0,0,0,"Blake Treinen",12572,595014
"Nick Ramirez","LAD",8,0,0,0,0,0,0,0,0,0,0,0,0,0,,,0,0,0,0,"Nick Ramirez",12575,598286
"Adrian Houser","NYM",23,0,0,0,0,0,0,0,0,0,0,0,0,0,,,0,0,0,0,"Adrian Houser",12718,605288
"Nick Martinez","CIN",42,0,0,0,0,0,0,0,0,0,0,0,0,0,,,0,0,0,0,"Nick Martinez",12730,607259
"Rafael Montero","HOU",41,0,0,0,0,0,0,0,0,0,0,0,0,0,,,0,0,0,0,"Rafael Montero",12760,606160
"Chris Devenski","TBR",19,0,0,0,0,0,0,0,0,0,0,0,0,0,,,0,0,0,0,"Chris Devenski",12763,606965
"Sonny Gray","STL",28,0,0,0,0,0,0,0,0,0,0,0,0,0,,,0,0,0,0,"Sonny Gray",12768,543243
"John Brebbia","- - -",59,0,0,0,0,0,0,0,0,0,0,0,0,0,,,0,0,0,0,"John Brebbia",12777,605154
"Burch Smith","- - -",50,0,0,0,0,0,0,0,0,0,0,0,0,0,,,0,0,0,0,"Burch Smith",12784,572143
"Michael Kelly","OAK",28,0,0,0,0,0,0,0,0,0,0,0,0,0,,,0,0,0,0,"Michael Kelly",12791,547184
"Mike Clevinger","CHW",4,0,0,0,0,0,0,0,0,0,0,0,0,0,,,0,0,0,0,"Mike Clevinger",12808,605182
"Andrew Kittredge","STL",74,0,0,0,0,0,0,0,0,0,0,0,0,0,,,0,0,0,0,"Andrew Kittredge",12828,552640
"Shawn Armstrong","- - -",57,0,0,0,0,0,0,0,0,0,0,0,0,0,,,0,0,0,0,"Shawn Armstrong",12857,542888
"Matt Barnes","WSN",14,0,0,0,0,0,0,0,0,0,0,0,0,0,,,0,0,0,0,"Matt Barnes",12863,598264
"Tyler Anderson","LAA",31,0,0,0,0,0,0,0,0,0,0,0,0,0,,,0,0,0,0,"Tyler Anderson",12880,542881
"Joe Musgrove","SDP",19,0,0,0,0,0,0,0,0,0,0,0,0,0,,,0,0,0,0,"Joe Musgrove",12970,605397
"Joe Ross","MIL",25,0,0,0,0,0,0,0,0,0,0,0,0,0,,,0,0,0,0,"Joe Ross",12972,605452
"Andrew Chafin","- - -",62,0,0,0,0,0,0,0,0,0,0,0,0,0,,,0,0,0,0,"Andrew Chafin",12988,605177
"Colten Brewer","CHC",16,0,0,0,0,0,0,0,0,0,0,0,0,0,,,0,0,0,0,"Colten Brewer",12997,605155
"Yu Darvish","SDP",16,0,0,0,0,0,0,0,0,0,0,0,0,0,,,0,0,0,0,"Yu Darvish",13074,506433
"Gerrit Cole","NYY",17,0,0,0,0,0,0,0,0,0,0,0,0,0,,,0,0,0,0,"Gerrit Cole",13125,543037
"Derek Law","WSN",75,0,0,0,0,0,0,0,0,0,0,0,0,0,,,0,0,0,0,"Derek Law",13133,571882
"Eduardo Rodriguez","ARI",10,0,0,0,0,0,0,0,0,0,0,0,0,0,,,0,0,0,0,"Eduardo Rodriguez",13164,593958
"Jordan Weems","WSN",41,0,0,0,0,0,0,0,0,0,0,0,0,0,,,0,0,0,0,"Jordan Weems",13190,607179
"Ross Stripling","OAK",22,0,0,0,0,0,0,0,0,0,0,0,0,0,,,0,0,0,0,"Ross Stripling",13273,548389
"Matt Carasiti","COL",7,0,0,0,0,0,0,0,0,0,0,0,0,0,,,0,0,0,0,"Matt Carasiti",13276,571539
"Danny Coulombe","BAL",33,0,0,0,0,0,0,0,0,0,0,0,0,0,,,0,0,0,0,"Danny Coulombe",13293,543056
"Hoby Milner","MIL",61,0,0,0,0,0,0,0,0,0,0,0,0,0,,,0,0,0,0,"Hoby Milner",13346,571948
"Steven Matz","STL",12,0,0,0,0,0,0,0,0,0,0,0,0,0,,,0,0,0,0,"Steven Matz",13361,571927
"Dylan Floro","- - -",66,0,0,0,0,0,0,0,0,0,0,0,0,0,,,0,0,0,0,"Dylan Floro",13394,571670
"Matt Koch","COL",2,0,0,0,0,0,0,0,0,0,0,0,0,0,,,0,0,0,0,"Matt Koch",13420,571863
"Marcus Stroman","NYY",30,0,0,0,0,0,0,0,0,0,0,0,0,0,,,0,0,0,0,"Marcus Stroman",13431,573186
"Pierce Johnson","ATL",58,0,0,0,0,0,0,0,0,0,0,0,0,0,,,0,0,0,0,"Pierce Johnson",13435,572955
"Taylor Rogers","SFG",64,0,0,0,0,0,0,0,0,0,0,0,0,0,,,0,0,0,0,"Taylor Rogers",13449,573124
"Lucas Sims","- - -",58,0,0,0,0,0,0,0,0,0,0,0,0,0,,,0,0,0,0,"Lucas Sims",13470,608371
"Matt Bowman","- - -",25,0,0,0,0,0,0,0,0,0,0,0,0,0,,,0,0,0,0,"Matt Bowman",13528,621199
"Blake Snell","SFG",20,0,0,0,0,0,0,0,0,0,0,0,0,0,,,0,0,0,0,"Blake Snell",13543,605483
"Steven Okert","MIN",44,0,0,0,0,0,0,0,0,0,0,0,0,0,,,0,0,0,0,"Steven Okert",13580,595345
"Carl Edwards Jr.","SDP",1,0,0,0,0,0,0,0,0,0,0,0,0,0,,,0,0,0,0,"Carl Edwards Jr.",13607,605218
"Jakob Junis","- - -",24,0,0,0,0,0,0,0,0,0,0,0,0,0,,,0,0,0,0,"Jakob Junis",13619,596001
"Clay Holmes","NYY",67,0,0,0,0,0,0,0,0,0,0,0,0,0,,,0,0,0,0,"Clay Holmes",13649,605280
"Tayler Scott","HOU",62,0,0,0,0,0,0,0,0,0,0,0,0,0,,,0,0,0,0,"Tayler Scott",13652,605463
"Max Fried","ATL",29,0,0,0,0,0,0,0,0,0,0,0,0,0,,,0,0,0,0,"Max Fried",13743,608331
"Tyler Duffey","KCR",9,0,0,0,0,0,0,0,0,0,0,0,0,0,,,0,0,0,0,"Tyler Duffey",13758,608648
"Chris Stratton","KCR",57,0,0,0,0,0,0,0,0,0,0,0,0,0,,,0,0,0,0,"Chris Stratton",13761,608717
"Dominic Leone","CHW",23,0,0,0,0,0,0,0,0,0,0,0,0,0,,,0,0,0,0,"Dominic Leone",13763,608678
"JT Chargois","- - -",36,0,0,0,0,0,0,0,0,0,0,0,0,0,,,0,0,0,0,"JT Chargois",13767,608638
"Zach Eflin","- - -",28,0,0,0,0,0,0,0,0,0,0,0,0,0,,,0,0,0,0,"Zach Eflin",13774,621107
"Alex Wood","OAK",9,0,0,0,0,0,0,0,0,0,0,0,0,0,,,0,0,0,0,"Alex Wood",13781,622072
"Matt Strahm","PHI",66,0,0,0,0,0,0,0,0,0,0,0,0,0,,,0,0,0,0,"Matt Strahm",13799,621381
"Austin Adams","OAK",56,0,0,0,0,0,0,0,0,0,0,0,0,0,,,0,0,0,0,"Austin Adams",13801,613534
"Paul Sewald","ARI",42,0,0,0,0,0,0,0,0,0,0,0,0,0,,,0,0,0,0,"Paul Sewald",13892,623149
"Chris Flexen","CHW",33,0,0,0,0,0,0,0,0,0,0,0,0,0,,,0,0,0,0,"Chris Flexen",13896,623167
"Brent Suter","CIN",47,0,0,0,0,0,0,0,0,0,0,0,0,0,,,0,0,0,0,"Brent Suter",13942,608718
"Michael Wacha","KCR",29,0,0,0,0,0,0,0,0,0,0,0,0,0,,,0,0,0,0,"Michael Wacha",14078,608379
"Kevin Gausman","TOR",31,0,0,0,0,0,0,0,0,0,0,0,0,0,,,0,0,0,0,"Kevin Gausman",14107,592332
"José Berríos","TOR",32,0,0,0,0,0,0,0,0,0,0,0,0,0,,,0,0,0,0,"Jose Berrios",14168,621244
"Josh Hader","HOU",71,0,0,0,0,0,0,0,0,0,0,0,0,0,,,0,0,0,0,"Josh Hader",14212,623352
"Wandy Peralta","SDP",46,0,0,0,0,0,0,0,0,0,0,0,0,0,,,0,0,0,0,"Wandy Peralta",14295,593974
"Frankie Montas","- - -",30,0,0,0,0,0,0,0,0,0,0,0,0,0,,,0,0,0,0,"Frankie Montas",14309,593423
"Joel Payamps","MIL",68,0,0,0,0,0,0,0,0,0,0,0,0,0,,,0,0,0,0,"Joel Payamps",14332,606303
"Ty Blach","COL",20,0,0,0,0,0,0,0,0,0,0,0,0,0,,,0,0,0,0,"Ty Blach",14361,621389
"Tyler Glasnow","LAD",22,0,0,0,0,0,0,0,0,0,0,0,0,0,,,0,0,0,0,"Tyler Glasnow",14374,607192
"Amir Garrett","LAA",6,0,0,0,0,0,0,0,0,0,0,0,0,0,,,0,0,0,0,"Amir Garrett",14375,607237
"Yunior Marte","PHI",23,0,0,0,0,0,0,0,0,0,0,0,0,0,,,0,0,0,0,"Yunior Marte",14416,628708
"Jackson Stephens","ATL",3,0,0,0,0,0,0,0,0,0,0,0,0,0,,,0,0,0,0,"Jackson Stephens",14420,623451
"Thyago Vieira","- - -",28,0,0,0,0,0,0,0,0,0,0,0,0,0,,,0,0,0,0,"Thyago Vieira",14510,600986
"José Leclerc","TEX",64,0,0,0,0,0,0,0,0,0,0,0,0,0,,,0,0,0,0,"Jose Leclerc",14524,600917
"Jorge López","- - -",52,0,0,0,0,0,0,0,0,0,0,0,0,0,,,0,0,0,0,"Jorge Lopez",14527,605347
"Carlos Estévez","- - -",54,0,0,0,0,0,0,0,0,0,0,0,0,0,,,0,0,0,0,"Carlos Estevez",14542,608032
"José Ruiz","PHI",52,0,0,0,0,0,0,0,0,0,0,0,0,0,,,0,0,0,0,"Jose Ruiz",14552,614179
"Anthony Banda","LAD",48,0,0,0,0,0,0,0,0,0,0,0,0,0,,,0,0,0,0,"Anthony Banda",14706,607455
"Edwin Díaz","NYM",55,0,0,0,0,0,0,0,0,0,0,0,0,0,,,0,0,0,0,"Edwin Diaz",14710,621242
"Paul Blackburn","- - -",14,0,0,0,0,0,0,0,0,0,0,0,0,0,,,0,0,0,0,"Paul Blackburn",14739,621112
"Wes Parsons","- - -",4,0,0,0,0,0,0,0,0,0,0,0,0,0,,,0,0,0,0,"Wes Parsons",14764,641149
"Emilio Pagán","CIN",38,0,0,0,0,0,0,0,0,0,0,0,0,0,,,0,0,0,0,"Emilio Pagan",14771,641941
"Buck Farmer","CIN",61,0,0,0,0,0,0,0,0,0,0,0,0,0,,,0,0,0,0,"Buck Farmer",14814,571656
"Michael Lorenzen","- - -",26,0,0,0,0,0,0,0,0,0,0,0,0,0,,,0,0,0,0,"Michael Lorenzen",14843,547179
"Joe Mantiply","ARI",75,0,0,0,0,0,0,0,0,0,0,0,0,0,,,0,0,0,0,"Joe Mantiply",14857,573009
"Sam Moll","CIN",48,0,0,0,0,0,0,0,0,0,0,0,0,0,,,0,0,0,0,"Sam Moll",14874,594580
"Jon Gray","TEX",24,0,0,0,0,0,0,0,0,0,0,0,0,0,,,0,0,0,0,"Jon Gray",14916,592351
"Ben Lively","CLE",29,0,0,0,0,0,0,0,0,0,0,0,0,0,,,0,0,0,0,"Ben Lively",14932,594902
"Chad Kuhl","CHW",31,0,0,0,0,0,0,0,0,0,0,0,0,0,,,0,0,0,0,"Chad Kuhl",14975,641771
"Giovanny Gallegos","STL",21,0,0,0,0,0,0,0,0,0,0,0,0,0,,,0,0,0,0,"Giovanny Gallegos",14986,606149
"Scott Barlow","CLE",63,0,0,0,0,0,0,0,0,0,0,0,0,0,,,0,0,0,0,"Scott Barlow",14993,605130
"Kyle Finnegan","WSN",65,0,0,0,0,0,0,0,0,0,0,0,0,0,,,0,0,0,0,"Kyle Finnegan",15009,640448
"Germán Márquez","COL",1,0,0,0,0,0,0,0,0,0,0,0,0,0,,,0,0,0,0,"German Marquez",15038,608566
"Tim Mayza","- - -",50,0,0,0,0,0,0,0,0,0,0,0,0,0,,,0,0,0,0,"Tim Mayza",15042,641835
"Austin Voth","SEA",68,0,0,0,0,0,0,0,0,0,0,0,0,0,,,0,0,0,0,"Austin Voth",15047,608723
"Yency Almonte","CHC",17,0,0,0,0,0,0,0,0,0,0,0,0,0,,,0,0,0,0,"Yency Almonte",15068,622075
"Rob Zastryzny","MIL",9,0,0,0,0,0,0,0,0,0,0,0,0,0,,,0,0,0,0,"Rob Zastryzny",15094,642239
"Ben Heller","PIT",8,0,0,0,0,0,0,0,0,0,0,0,0,0,,,0,0,0,0,"Ben Heller",15100,621294
"Justin Topa","MIN",3,0,0,0,0,0,0,0,0,0,0,0,0,0,,,0,0,0,0,"Justin Topa",15145,623437
"Alan Busenitz","CIN",3,0,0,0,0,0,0,0,0,0,0,0,0,0,,,0,0,0,0,"Alan Busenitz",15239,641427
"Cole Sulser","- - -",10,0,0,0,0,0,0,0,0,0,0,0,0,0,,,0,0,0,0,"Cole Sulser",15256,642121
"Adam Cimber","LAA",28,0,0,0,0,0,0,0,0,0,0,0,0,0,,,0,0,0,0,"Adam Cimber",15288,643256
"Austin Pruitt","TEX",4,0,0,0,0,0,0,0,0,0,0,0,0,0,,,0,0,0,0,"Austin Pruitt",15290,643493
"Kevin Herget","MIL",7,0,0,0,0,0,0,0,0,0,0,0,0,0,,,0,0,0,0,"Kevin Herget",15369,643361
"Andrew Heaney","TEX",32,0,0,0,0,0,0,0,0,0,0,0,0,0,,,0,0,0,0,"Andrew Heaney",15423,571760
"Matthew Boyd","CLE",8,0,0,0,0,0,0,0,0,0,0,0,0,0,,,0,0,0,0,"Matthew Boyd",15440,571510
"Nick Pivetta","BOS",27,0,0,0,0,0,0,0,0,0,0,0,0,0,,,0,0,0,0,"Nick Pivetta",15454,601713
"Marco Gonzales","PIT",7,0,0,0,0,0,0,0,0,0,0,0,0,0,,,0,0,0,0,"Marco Gonzales",15467,594835
"Antonio Senzatela","COL",3,0,0,0,0,0,0,0,0,0,0,0,0,0,,,0,0,0,0,"Antonio Senzatela",15488,622608
"Hunter Harvey","- - -",49,0,0,0,0,0,0,0,0,0,0,0,0,0,,,0,0,0,0,"Hunter Harvey",15507,640451
"Tyler Rogers","SFG",77,0,0,0,0,0,0,0,0,0,0,0,0,0,,,0,0,0,0,"Tyler Rogers",15541,643511
"Mark Leiter Jr.","- - -",60,0,0,0,0,0,0,0,0,0,0,0,0,0,,,0,0,0,0,"Mark Leiter Jr.",15551,643410
"Chad Green","TOR",53,0,0,0,0,0,0,0,0,0,0,0,0,0,,,0,0,0,0,"Chad Green",15552,643338
"Miguel Castro","ARI",11,0,0,0,0,0,0,0,0,0,0,0,0,0,,,0,0,0,0,"Miguel Castro",15684,612434
"Brad Keller","- - -",16,0,0,0,0,0,0,0,0,0,0,0,0,0,,,0,0,0,0,"Brad Keller",15734,641745
"Joe Jiménez","ATL",69,0,0,0,0,0,0,0,0,0,0,0,0,0,,,0,0,0,0,"Joe Jimenez",15761,641729
"Devin Williams","MIL",22,0,0,0,0,0,0,0,0,0,0,0,0,0,,,0,0,0,0,"Devin Williams",15816,642207
"Zack Littell","TBR",29,0,0,0,0,0,0,0,0,0,0,0,0,0,,,0,0,0,0,"Zack Littell",15823,641793
"Kent Emanuel","MIA",12,0,0,0,0,0,0,0,0,0,0,0,0,0,,,0,0,0,0,"Kent Emanuel",15849,592288
"Wander Suero","HOU",1,0,0,0,0,0,0,0,0,0,0,0,0,0,,,0,0,0,0,"Wander Suero",15855,593833
"Sean Manaea","NYM",32,0,0,0,0,0,0,0,0,0,0,0,0,0,,,0,0,0,0,"Sean Manaea",15873,640455
"Luis Severino","NYM",31,0,0,0,0,0,0,0,0,0,0,0,0,0,,,0,0,0,0,"Luis Severino",15890,622663
"Ryne Stanek","- - -",63,0,0,0,0,0,0,0,0,0,0,0,0,0,,,0,0,0,0,"Ryne Stanek",15947,592773
"Brady Feigl","PIT",1,0,0,0,0,0,0,0,0,0,0,0,0,0,,,0,0,0,0,"Brady Feigl",15968,621399
"Cam Booser","BOS",43,0,0,0,0,0,0,0,0,0,0,0,0,0,,,0,0,0,0,"Cam Booser",16061,592155
"Nick Burdi","NYY",12,0,0,0,0,0,0,0,0,0,0,0,0,0,,,0,0,0,0,"Nick Burdi",16074,595897
"Jordan Romano","TOR",15,0,0,0,0,0,0,0,0,0,0,0,0,0,,,0,0,0,0,"Jordan Romano",16122,605447
"John Curtiss","COL",3,0,0,0,0,0,0,0,0,0,0,0,0,0,,,0,0,0,0,"John Curtiss",16128,595928
"Brandon Leibrandt","CIN",2,0,0,0,0,0,0,0,0,0,0,0,0,0,,,0,0,0,0,"Brandon Leibrandt",16135,605335
"Carlos Rodón","NYY",32,0,0,0,0,0,0,0,0,0,0,0,0,0,,,0,0,0,0,"Carlos Rodon",16137,607074
"Aaron Nola","PHI",33,0,0,0,0,0,0,0,0,0,0,0,0,0,,,0,0,0,0,"Aaron Nola",16149,605400
"Justin Anderson","CHW",56,0,0,0,0,0,0,0,0,0,0,0,0,0,,,0,0,0,0,"Justin Anderson",16201,605121
"Spencer Turnbull","PHI",17,0,0,0,0,0,0,0,0,0,0,0,0,0,,,0,0,0,0,"Spencer Turnbull",16207,605513
"Tejay Antone","CIN",4,0,0,0,0,0,0,0,0,0,0,0,0,0,,,0,0,0,0,"Tejay Antone",16233,622088
"Kyle Freeland","COL",22,0,0,0,0,0,0,0,0,0,0,0,0,0,,,0,0,0,0,"Kyle Freeland",16256,607536
"Aaron Bummer","ATL",56,0,0,0,0,0,0,0,0,0,0,0,0,0,,,0,0,0,0,"Aaron Bummer",16258,607481
"John Means","BAL",4,0,0,0,0,0,0,0,0,0,0,0,0,0,,,0,0,0,0,"John Means",16269,607644
"Jesus Tinoco","- - -",32,0,0,0,0,0,0,0,0,0,0,0,0,0,,,0,0,0,0,"Jesus Tinoco",16300,622786
"Gerardo Reyes","OAK",3,0,0,0,0,0,0,0,0,0,0,0,0,0,,,0,0,0,0,"Gerardo Reyes",16306,622103
"Ricardo Pinto","PHI",6,0,0,0,0,0,0,0,0,0,0,0,0,0,,,0,0,0,0,"Ricardo Pinto",16318,620982
"Ryan Borucki","PIT",14,0,0,0,0,0,0,0,0,0,0,0,0,0,,,0,0,0,0,"Ryan Borucki",16350,621366
"Tyler Mahle","TEX",3,0,0,0,0,0,0,0,0,0,0,0,0,0,,,0,0,0,0,"Tyler Mahle",16358,641816
"Reynaldo López","ATL",26,0,0,0,0,0,0,0,0,0,0,0,0,0,,,0,0,0,0,"Reynaldo Lopez",16400,625643
"Yonny Chirinos","MIA",6,0,0,0,0,0,0,0,0,0,0,0,0,0,,,0,0,0,0,"Yonny Chirinos",16401,630023
"Victor González","NYY",27,0,0,0,0,0,0,0,0,0,0,0,0,0,,,0,0,0,0,"Victor Gonzalez",16408,624647
"Scott Blewett","MIN",12,0,0,0,0,0,0,0,0,0,0,0,0,0,,,0,0,0,0,"Scott Blewett",16427,656240
"Brent Honeywell","- - -",20,0,0,0,0,0,0,0,0,0,0,0,0,0,,,0,0,0,0,"Brent Honeywell",16466,641703
"Ryan Yarbrough","- - -",44,0,0,0,0,0,0,0,0,0,0,0,0,0,,,0,0,0,0,"Ryan Yarbrough",16502,642232
"Dan Altavilla","KCR",5,0,0,0,0,0,0,0,0,0,0,0,0,0,,,0,0,0,0,"Dan Altavilla",16507,656186
"Jordan Montgomery","ARI",25,0,0,0,0,0,0,0,0,0,0,0,0,0,,,0,0,0,0,"Jordan Montgomery",16511,656756
"Austin Gomber","COL",30,0,0,0,0,0,0,0,0,0,0,0,0,0,,,0,0,0,0,"Austin Gomber",16561,596295
"Erik Swanson","TOR",45,0,0,0,0,0,0,0,0,0,0,0,0,0,,,0,0,0,0,"Erik Swanson",16587,657024
"Bryan Abreu","HOU",78,0,0,0,0,0,0,0,0,0,0,0,0,0,,,0,0,0,0,"Bryan Abreu",16609,650556
"J.P. Feyereisen","LAD",10,0,0,0,0,0,0,0,0,0,0,0,0,0,,,0,0,0,0,"J.P. Feyereisen",16610,656420
"Ryan Thompson","ARI",67,0,0,0,0,0,0,0,0,0,0,0,0,0,,,0,0,0,0,"Ryan Thompson",16647,657044
"Julian Merryweather","CHC",15,0,0,0,0,0,0,0,0,0,0,0,0,0,,,0,0,0,0,"Julian Merryweather",16703,657240
"Brock Stewart","MIN",16,0,0,0,0,0,0,0,0,0,0,0,0,0,,,0,0,0,0,"Brock Stewart",16727,592779
"Vinny Nittoli","- - -",9,0,0,0,0,0,0,0,0,0,0,0,0,0,,,0,0,0,0,"Vinny Nittoli",16754,657697
"Tim Hill","- - -",62,0,0,0,0,0,0,0,0,0,0,0,0,0,,,0,0,0,0,"Tim Hill",16814,657612
"Brennan Bernardino","BOS",57,0,0,0,0,0,0,0,0,0,0,0,0,0,,,0,0,0,0,"Brennan Bernardino",16835,657514
"Reed Garrett","NYM",53,0,0,0,0,0,0,0,0,0,0,0,0,0,,,0,0,0,0,"Reed Garrett",16866,657585
"Luke Weaver","NYY",62,0,0,0,0,0,0,0,0,0,0,0,0,0,,,0,0,0,0,"Luke Weaver",16918,596133
"Touki Toussaint","CHW",11,0,0,0,0,0,0,0,0,0,0,0,0,0,,,0,0,0,0,"Touki Toussaint",16929,657053
"Elieser Hernández","- - -",9,0,0,0,0,0,0,0,0,0,0,0,0,0,,,0,0,0,0,"Elieser Hernandez",16933,622694
"Luis Ortiz","PHI",1,0,0,0,0,0,0,0,0,0,0,0,0,0,,,0,0,0,0,"Luis Ortiz",16942,656814
"Sean Newcomb","OAK",7,0,0,0,0,0,0,0,0,0,0,0,0,0,,,0,0,0,0,"Sean Newcomb",16943,656794
"Grant Holmes","ATL",26,0,0,0,0,0,0,0,0,0,0,0,0,0,,,0,0,0,0,"Grant Holmes",16944,656550
"Trevor Williams","WSN",13,0,0,0,0,0,0,0,0,0,0,0,0,0,,,0,0,0,0,"Trevor Williams",16977,592866
"Tyler Beede","CLE",13,0,0,0,0,0,0,0,0,0,0,0,0,0,,,0,0,0,0,"Tyler Beede",16981,595881
"Tanner Banks","- - -",63,0,0,0,0,0,0,0,0,0,0,0,0,0,,,0,0,0,0,"Tanner Banks",16990,621383
"Sean Reid-Foley","NYM",23,0,0,0,0,0,0,0,0,0,0,0,0,0,,,0,0,0,0,"Sean Reid-Foley",17034,656887
"Pablo López","MIN",32,0,0,0,0,0,0,0,0,0,0,0,0,0,,,0,0,0,0,"Pablo Lopez",17085,641154
"Austin Davis","SDP",7,0,0,0,0,0,0,0,0,0,0,0,0,0,,,0,0,0,0,"Austin Davis",17117,656354
"Raisel Iglesias","ATL",66,0,0,0,0,0,0,0,0,0,0,0,0,0,,,0,0,0,0,"Raisel Iglesias",17130,628452
"Domingo Germán","PIT",7,0,0,0,0,0,0,0,0,0,0,0,0,0,,,0,0,0,0,"Domingo German",17149,593334
"Gabe Speier","SEA",29,0,0,0,0,0,0,0,0,0,0,0,0,0,,,0,0,0,0,"Gabe Speier",17170,642100
"Dinelson Lamet","LAD",3,0,0,0,0,0,0,0,0,0,0,0,0,0,,,0,0,0,0,"Dinelson Lamet",17186,659275
"Jalen Beeks","- - -",71,0,0,0,0,0,0,0,0,0,0,0,0,0,,,0,0,0,0,"Jalen Beeks",17192,656222
"Ranger Suarez","PHI",27,0,0,0,0,0,0,0,0,0,0,0,0,0,,,0,0,0,0,"Ranger Suarez",17277,624133
"Michael Kopech","- - -",67,0,0,0,0,0,0,0,0,0,0,0,0,0,,,0,0,0,0,"Michael Kopech",17282,656629
"Framber Valdez","HOU",28,0,0,0,0,0,0,0,0,0,0,0,0,0,,,0,0,0,0,"Framber Valdez",17295,664285
"Emmanuel Ramirez","MIA",15,0,0,0,0,0,0,0,0,0,0,0,0,0,,,0,0,0,0,"Emmanuel Ramirez",17304,642629
"Justin Steele","CHC",24,0,0,0,0,0,0,0,0,0,0,0,0,0,,,0,0,0,0,"Justin Steele",17312,657006
"Erick Fedde","- - -",31,0,0,0,0,0,0,0,0,0,0,0,0,0,,,0,0,0,0,"Erick Fedde",17425,607200
"Jeff Hoffman","PHI",68,0,0,0,0,0,0,0,0,0,0,0,0,0,,,0,0,0,0,"Jeff Hoffman",17432,656546
"Jonathan Hernández","- - -",29,0,0,0,0,0,0,0,0,0,0,0,0,0,,,0,0,0,0,"Jonathan Hernandez",17464,642546
"Jack Flaherty","- - -",28,0,0,0,0,0,0,0,0,0,0,0,0,0,,,0,0,0,0,"Jack Flaherty",17479,656427
"Daniel Duarte","MIN",2,0,0,0,0,0,0,0,0,0,0,0,0,0,,,0,0,0,0,"Daniel Duarte",17480,650960
"Génesis Cabrera","TOR",69,0,0,0,0,0,0,0,0,0,0,0,0,0,,,0,0,0,0,"Genesis Cabrera",17490,650893
"Diego Castillo","MIN",7,0,0,0,0,0,0,0,0,0,0,0,0,0,,,0,0,0,0,"Diego Castillo",17496,650895
"Ryan Burr","TOR",34,0,0,0,0,0,0,0,0,0,0,0,0,0,,,0,0,0,0,"Ryan Burr",17536,621114
"Jimmy Herget","ATL",8,0,0,0,0,0,0,0,0,0,0,0,0,0,,,0,0,0,0,"Jimmy Herget",17556,623474
"Tanner Scott","- - -",72,0,0,0,0,0,0,0,0,0,0,0,0,0,,,0,0,0,0,"Tanner Scott",17586,656945
"Mitch Keller","PIT",31,0,0,0,0,0,0,0,0,0,0,0,0,0,,,0,0,0,0,"Mitch Keller",17594,656605
"Cristian Javier","HOU",7,0,0,0,0,0,0,0,0,0,0,0,0,0,,,0,0,0,0,"Cristian Javier",17606,664299
"Tanner Rainey","WSN",50,0,0,0,0,0,0,0,0,0,0,0,0,0,,,0,0,0,0,"Tanner Rainey",17610,663432
"Justin Lawrence","COL",56,0,0,0,0,0,0,0,0,0,0,0,0,0,,,0,0,0,0,"Justin Lawrence",17639,664875
"Jeffrey Springs","TBR",7,0,0,0,0,0,0,0,0,0,0,0,0,0,,,0,0,0,0,"Jeffrey Springs",17677,605488
"Jose Cuas","- - -",13,0,0,0,0,0,0,0,0,0,0,0,0,0,,,0,0,0,0,"Jose Cuas",17701,621016
"Trevor Megill","MIL",48,0,0,0,0,0,0,0,0,0,0,0,0,0,,,0,0,0,0,"Trevor Megill",17722,656730
"Nabil Crismatt","LAD",5,0,0,0,0,0,0,0,0,0,0,0,0,0,,,0,0,0,0,"Nabil Crismatt",17732,622503
"Evan Phillips","LAD",61,0,0,0,0,0,0,0,0,0,0,0,0,0,,,0,0,0,0,"Evan Phillips",17734,623465
"Tyler Alexander","TBR",23,0,0,0,0,0,0,0,0,0,0,0,0,0,,,0,0,0,0,"Tyler Alexander",17735,641302
"Drew Smith","NYM",19,0,0,0,0,0,0,0,0,0,0,0,0,0,,,0,0,0,0,"Drew Smith",17755,622098
"José Alvarado","PHI",66,0,0,0,0,0,0,0,0,0,0,0,0,0,,,0,0,0,0,"Jose Alvarado",17780,621237
"Trey Wingenter","- - -",7,0,0,0,0,0,0,0,0,0,0,0,0,0,,,0,0,0,0,"Trey Wingenter",17793,622259
"Dillon Tate","- - -",33,0,0,0,0,0,0,0,0,0,0,0,0,0,,,0,0,0,0,"Dillon Tate",17796,622253
"Adbert Alzolay","CHC",18,0,0,0,0,0,0,0,0,0,0,0,0,0,,,0,0,0,0,"Adbert Alzolay",17859,640470
"Ian Gibaut","CIN",2,0,0,0,0,0,0,0,0,0,0,0,0,0,,,0,0,0,0,"Ian Gibaut",17871,664139
"Nestor Cortes","NYY",31,0,0,0,0,0,0,0,0,0,0,0,0,0,,,0,0,0,0,"Nestor Cortes",17874,641482
"Dennis Santana","- - -",62,0,0,0,0,0,0,0,0,0,0,0,0,0,,,0,0,0,0,"Dennis Santana",17878,642701
"Tayler Saucedo","SEA",53,0,0,0,0,0,0,0,0,0,0,0,0,0,,,0,0,0,0,"Tayler Saucedo",17888,642048
"Garrett Cleavinger","TBR",68,0,0,0,0,0,0,0,0,0,0,0,0,0,,,0,0,0,0,"Garrett Cleavinger",17897,664076
"Trent Thornton","SEA",71,0,0,0,0,0,0,0,0,0,0,0,0,0,,,0,0,0,0,"Trent Thornton",17948,663423
"Tyler Jay","- - -",5,0,0,0,0,0,0,0,0,0,0,0,0,0,,,0,0,0,0,"Tyler Jay",17952,664079
"Tyler Gilbert","PHI",6,0,0,0,0,0,0,0,0,0,0,0,0,0,,,0,0,0,0,"Tyler Gilbert",17964,656457
"Brock Burke","- - -",34,0,0,0,0,0,0,0,0,0,0,0,0,0,,,0,0,0,0,"Brock Burke",17968,656271
"Peter Lambert","COL",28,0,0,0,0,0,0,0,0,0,0,0,0,0,,,0,0,0,0,"Peter Lambert",17969,663567
"Logan Webb","SFG",33,0,0,0,0,0,0,0,0,0,0,0,0,0,,,0,0,0,0,"Logan Webb",17995,657277
"Pete Fairbanks","TBR",46,0,0,0,0,0,0,0,0,0,0,0,0,0,,,0,0,0,0,"Pete Fairbanks",17998,664126
"Triston McKenzie","CLE",16,0,0,0,0,0,0,0,0,0,0,0,0,0,,,0,0,0,0,"Triston McKenzie",18000,663474
"Phil Maton","- - -",71,0,0,0,0,0,0,0,0,0,0,0,0,0,,,0,0,0,0,"Phil Maton",18064,664208
"Ryan Helsley","STL",65,0,0,0,0,0,0,0,0,0,0,0,0,0,,,0,0,0,0,"Ryan Helsley",18138,664854
"Anthony Misiewicz","NYY",1,0,0,0,0,0,0,0,0,0,0,0,0,0,,,0,0,0,0,"Anthony Misiewicz",18152,664948
"Tyler Kinley","COL",67,0,0,0,0,0,0,0,0,0,0,0,0,0,,,0,0,0,0,"Tyler Kinley",18297,641755
"Carson Fulmer","LAA",37,0,0,0,0,0,0,0,0,0,0,0,0,0,,,0,0,0,0,"Carson Fulmer",18311,608334
"Jacob Waguespack","TBR",4,0,0,0,0,0,0,0,0,0,0,0,0,0,,,0,0,0,0,"Jacob Waguespack",18318,621097
"Josh Sborz","TEX",17,0,0,0,0,0,0,0,0,0,0,0,0,0,,,0,0,0,0,"Josh Sborz",18323,622250
"Alex Young","- - -",17,0,0,0,0,0,0,0,0,0,0,0,0,0,,,0,0,0,0,"Alex Young",18333,622065
"Josh Staumont","MIN",25,0,0,0,0,0,0,0,0,0,0,0,0,0,,,0,0,0,0,"Josh Staumont",18335,622251
"Nick Anderson","KCR",37,0,0,0,0,0,0,0,0,0,0,0,0,0,,,0,0,0,0,"Nick Anderson",18337,623433
"Michael Soroka","CHW",25,0,0,0,0,0,0,0,0,0,0,0,0,0,,,0,0,0,0,"Michael Soroka",18383,647336
"Scott Effross","NYY",3,0,0,0,0,0,0,0,0,0,0,0,0,0,,,0,0,0,0,"Scott Effross",18384,664123
"Enyel De Los Santos","- - -",64,0,0,0,0,0,0,0,0,0,0,0,0,0,,,0,0,0,0,"Enyel De Los Santos",18403,660853
"Danny Young","NYM",42,0,0,0,0,0,0,0,0,0,0,0,0,0,,,0,0,0,0,"Danny Young",18439,664849
"Kenta Maeda","DET",29,0,0,0,0,0,0,0,0,0,0,0,0,0,,,0,0,0,0,"Kenta Maeda",18498,628317
"Josh Rogers","COL",6,0,0,0,0,0,0,0,0,0,0,0,0,0,,,0,0,0,0,"Josh Rogers",18510,642028
"Phil Bickford","NYY",8,0,0,0,0,0,0,0,0,0,0,0,0,0,,,0,0,0,0,"Phil Bickford",18519,641360
"Dylan Cease","SDP",33,0,0,0,0,0,0,0,0,0,0,0,0,0,,,0,0,0,0,"Dylan Cease",18525,656302
"Sam Hentges","CLE",25,0,0,0,0,0,0,0,0,0,0,0,0,0,,,0,0,0,0,"Sam Hentges",18548,656529
"Logan Allen","ARI",12,0,0,0,0,0,0,0,0,0,0,0,0,0,,,0,0,0,0,"Logan Allen",18555,663531
"A.J. Minter","ATL",39,0,0,0,0,0,0,0,0,0,0,0,0,0,,,0,0,0,0,"A.J. Minter",18655,621345
"Jake Woodford","- - -",9,0,0,0,0,0,0,0,0,0,0,0,0,0,,,0,0,0,0,"Jake Woodford",18674,663765
"Freddy Peralta","MIL",32,0,0,0,0,0,0,0,0,0,0,0,0,0,,,0,0,0,0,"Freddy Peralta",18679,642547
"Kolby Allard","PHI",7,0,0,0,0,0,0,0,0,0,0,0,0,0,,,0,0,0,0,"Kolby Allard",18694,663465
"Cody Poteet","NYY",5,0,0,0,0,0,0,0,0,0,0,0,0,0,,,0,0,0,0,"Cody Poteet",18769,547001
"Miguel Díaz","HOU",1,0,0,0,0,0,0,0,0,0,0,0,0,0,,,0,0,0,0,"Miguel Diaz",18815,622766
"Pedro Avila","- - -",54,0,0,0,0,0,0,0,0,0,0,0,0,0,,,0,0,0,0,"Pedro Avila",18864,658648
"Tommy Nance","TOR",20,0,0,0,0,0,0,0,0,0,0,0,0,0,,,0,0,0,0,"Tommy Nance",19178,667297
"Kirby Snead","SEA",11,0,0,0,0,0,0,0,0,0,0,0,0,0,,,0,0,0,0,"Kirby Snead",19179,669912
"José Quijada","LAA",22,0,0,0,0,0,0,0,0,0,0,0,0,0,,,0,0,0,0,"Jose Quijada",19200,650671
"Dakota Hudson","COL",18,0,0,0,0,0,0,0,0,0,0,0,0,0,,,0,0,0,0,"Dakota Hudson",19206,641712
"Lake Bachar","MIA",10,0,0,0,0,0,0,0,0,0,0,0,0,0,,,0,0,0,0,"Lake Bachar",19222,669199
"Mitch White","- - -",13,0,0,0,0,0,0,0,0,0,0,0,0,0,,,0,0,0,0,"Mitch White",19225,669952
"Cole Irvin","- - -",29,0,0,0,0,0,0,0,0,0,0,0,0,0,,,0,0,0,0,"Cole Irvin",19244,608344
"Seranthony Domínguez","- - -",63,0,0,0,0,0,0,0,0,0,0,0,0,0,,,0,0,0,0,"Seranthony Dominguez",19249,622554
"Ian Hamilton","NYY",35,0,0,0,0,0,0,0,0,0,0,0,0,0,,,0,0,0,0,"Ian Hamilton",19261,641656
"Jacob Webb","BAL",60,0,0,0,0,0,0,0,0,0,0,0,0,0,,,0,0,0,0,"Jacob Webb",19274,657097
"Vladimir Gutierrez","MIA",1,0,0,0,0,0,0,0,0,0,0,0,0,0,,,0,0,0,0,"Vladimir Gutierrez",19278,661269
"Nick Hernandez","HOU",5,0,0,0,0,0,0,0,0,0,0,0,0,0,,,0,0,0,0,"Nick Hernandez",19281,663321
"Zac Gallen","ARI",28,0,0,0,0,0,0,0,0,0,0,0,0,0,,,0,0,0,0,"Zac Gallen",19291,668678
"Trevor Richards","- - -",55,0,0,0,0,0,0,0,0,0,0,0,0,0,,,0,0,0,0,"Trevor Richards",19309,670950
"Cal Quantrill","COL",29,0,0,0,0,0,0,0,0,0,0,0,0,0,,,0,0,0,0,"Cal Quantrill",19312,615698
"Matt Krook","BAL",1,0,0,0,0,0,0,0,0,0,0,0,0,0,,,0,0,0,0,"Matt Krook",19315,640454
"Joey Lucchesi","NYM",2,0,0,0,0,0,0,0,0,0,0,0,0,0,,,0,0,0,0,"Joey Lucchesi",19320,664192
"Matt Festa","- - -",19,0,0,0,0,0,0,0,0,0,0,0,0,0,,,0,0,0,0,"Matt Festa",19330,670036
"Richard Lovelady","- - -",35,0,0,0,0,0,0,0,0,0,0,0,0,0,,,0,0,0,0,"Richard Lovelady",19337,663992
"A.J. Puk","- - -",62,0,0,0,0,0,0,0,0,0,0,0,0,0,,,0,0,0,0,"A.J. Puk",19343,640462
"Daulton Jefferies","- - -",6,0,0,0,0,0,0,0,0,0,0,0,0,0,,,0,0,0,0,"Daulton Jefferies",19345,641726
"Caleb Ferguson","- - -",62,0,0,0,0,0,0,0,0,0,0,0,0,0,,,0,0,0,0,"Caleb Ferguson",19349,657571
"Dean Kremer","BAL",24,0,0,0,0,0,0,0,0,0,0,0,0,0,,,0,0,0,0,"Dean Kremer",19350,665152
"Lucas Erceg","- - -",61,0,0,0,0,0,0,0,0,0,0,0,0,0,,,0,0,0,0,"Lucas Erceg",19360,668674
"Corbin Burnes","BAL",32,0,0,0,0,0,0,0,0,0,0,0,0,0,,,0,0,0,0,"Corbin Burnes",19361,669203
"Keegan Akin","BAL",66,0,0,0,0,0,0,0,0,0,0,0,0,0,,,0,0,0,0,"Keegan Akin",19362,669211
"Walker Buehler","LAD",16,0,0,0,0,0,0,0,0,0,0,0,0,0,,,0,0,0,0,"Walker Buehler",19374,621111
"Colin Poche","TBR",43,0,0,0,0,0,0,0,0,0,0,0,0,0,,,0,0,0,0,"Colin Poche",19403,621363
"Ronel Blanco","HOU",30,0,0,0,0,0,0,0,0,0,0,0,0,0,,,0,0,0,0,"Ronel Blanco",19407,669854
"Dane Dunning","TEX",26,0,0,0,0,0,0,0,0,0,0,0,0,0,,,0,0,0,0,"Dane Dunning",19409,641540
"Shane Bieber","CLE",2,0,0,0,0,0,0,0,0,0,0,0,0,0,,,0,0,0,0,"Shane Bieber",19427,669456
"Yohan Ramírez","- - -",38,0,0,0,0,0,0,0,0,0,0,0,0,0,,,0,0,0,0,"Yohan Ramirez",19444,670990
"Patrick Sandoval","LAA",16,0,0,0,0,0,0,0,0,0,0,0,0,0,,,0,0,0,0,"Patrick Sandoval",19447,663776
"Shaun Anderson","- - -",6,0,0,0,0,0,0,0,0,0,0,0,0,0,,,0,0,0,0,"Shaun Anderson",19453,641312
"Jorge Alcala","MIN",54,0,0,0,0,0,0,0,0,0,0,0,0,0,,,0,0,0,0,"Jorge Alcala",19459,660896
"Aaron Civale","- - -",31,0,0,0,0,0,0,0,0,0,0,0,0,0,,,0,0,0,0,"Aaron Civale",19479,650644
"Tyler Ferguson","OAK",48,0,0,0,0,0,0,0,0,0,0,0,0,0,,,0,0,0,0,"Tyler Ferguson",19481,621053
"Jason Foley","DET",69,0,0,0,0,0,0,0,0,0,0,0,0,0,,,0,0,0,0,"Jason Foley",19531,671345
"Geoff Hartlieb","COL",5,0,0,0,0,0,0,0,0,0,0,0,0,0,,,0,0,0,0,"Geoff Hartlieb",19558,664129
"David Bednar","PIT",62,0,0,0,0,0,0,0,0,0,0,0,0,0,,,0,0,0,0,"David Bednar",19569,670280
"JoJo Romero","STL",65,0,0,0,0,0,0,0,0,0,0,0,0,0,,,0,0,0,0,"JoJo Romero",19574,668941
"Forrest Whitley","HOU",3,0,0,0,0,0,0,0,0,0,0,0,0,0,,,0,0,0,0,"Forrest Whitley",19586,666215
"Guillo Zuñiga","LAA",15,0,0,0,0,0,0,0,0,0,0,0,0,0,,,0,0,0,0,"Guillo Zuniga",19588,670871
"Cionel Pérez","BAL",62,0,0,0,0,0,0,0,0,0,0,0,0,0,,,0,0,0,0,"Cionel Perez",19614,672335
"Jordan Hicks","SFG",29,0,0,0,0,0,0,0,0,0,0,0,0,0,,,0,0,0,0,"Jordan Hicks",19618,663855
"Matt Foster","CHW",6,0,0,0,0,0,0,0,0,0,0,0,0,0,,,0,0,0,0,"Matt Foster",19647,641582
"Gregory Soto","- - -",66,0,0,0,0,0,0,0,0,0,0,0,0,0,,,0,0,0,0,"Gregory Soto",19677,642397
"Sixto Sánchez","MIA",14,0,0,0,0,0,0,0,0,0,0,0,0,0,,,0,0,0,0,"Sixto Sanchez",19680,664350
"Caleb Boushley","MIN",2,0,0,0,0,0,0,0,0,0,0,0,0,0,,,0,0,0,0,"Caleb Boushley",19736,676961
"Anthony Bender","MIA",59,0,0,0,0,0,0,0,0,0,0,0,0,0,,,0,0,0,0,"Anthony Bender",19742,669622
"Jonathan Loáisiga","NYY",3,0,0,0,0,0,0,0,0,0,0,0,0,0,,,0,0,0,0,"Jonathan Loaisiga",19753,642528
"Will Vest","DET",69,0,0,0,0,0,0,0,0,0,0,0,0,0,,,0,0,0,0,"Will Vest",19769,676684
"Keegan Thompson","CHC",24,0,0,0,0,0,0,0,0,0,0,0,0,0,,,0,0,0,0,"Keegan Thompson",19795,624522
"Bryan Baker","BAL",19,0,0,0,0,0,0,0,0,0,0,0,0,0,,,0,0,0,0,"Bryan Baker",19804,641329
"Gerson Garabito","TEX",18,0,0,0,0,0,0,0,0,0,0,0,0,0,,,0,0,0,0,"Gerson Garabito",19835,642520
"Michael King","SDP",31,0,0,0,0,0,0,0,0,0,0,0,0,0,,,0,0,0,0,"Michael King",19853,650633
"Brandon Bielak","- - -",16,0,0,0,0,0,0,0,0,0,0,0,0,0,,,0,0,0,0,"Brandon Bielak",19866,656232
"Griffin Canning","LAA",32,0,0,0,0,0,0,0,0,0,0,0,0,0,,,0,0,0,0,"Griffin Canning",19867,656288
"Tucker Davidson","BAL",1,0,0,0,0,0,0,0,0,0,0,0,0,0,,,0,0,0,0,"Tucker Davidson",19871,656353
"Alex Faedo","DET",37,0,0,0,0,0,0,0,0,0,0,0,0,0,,,0,0,0,0,"Alex Faedo",19874,656412
"Kevin Ginkel","ARI",72,0,0,0,0,0,0,0,0,0,0,0,0,0,,,0,0,0,0,"Kevin Ginkel",19876,656464
"Tanner Houck","BOS",30,0,0,0,0,0,0,0,0,0,0,0,0,0,,,0,0,0,0,"Tanner Houck",19879,656557
"Alex Lange","DET",21,0,0,0,0,0,0,0,0,0,0,0,0,0,,,0,0,0,0,"Alex Lange",19883,656638
"Ryder Ryan","PIT",15,0,0,0,0,0,0,0,0,0,0,0,0,0,,,0,0,0,0,"Ryder Ryan",19891,656924
"Clarke Schmidt","NYY",16,0,0,0,0,0,0,0,0,0,0,0,0,0,,,0,0,0,0,"Clarke Schmidt",19899,657376
"José Suarez","LAA",22,0,0,0,0,0,0,0,0,0,0,0,0,0,,,0,0,0,0,"Jose Suarez",19911,660761
"Bryan Hudson","MIL",43,0,0,0,0,0,0,0,0,0,0,0,0,0,,,0,0,0,0,"Bryan Hudson",19924,663542
"Tony Santillan","CIN",29,0,0,0,0,0,0,0,0,0,0,0,0,0,,,0,0,0,0,"Tony Santillan",19926,663574
"Jesús Luzardo","MIA",12,0,0,0,0,0,0,0,0,0,0,0,0,0,,,0,0,0,0,"Jesus Luzardo",19959,666200
"Joey Wentz","- - -",46,0,0,0,0,0,0,0,0,0,0,0,0,0,,,0,0,0,0,"Joey Wentz",19962,666214
"Tyson Miller","- - -",58,0,0,0,0,0,0,0,0,0,0,0,0,0,,,0,0,0,0,"Tyson Miller",19976,668338
"Zach Plesac","LAA",3,0,0,0,0,0,0,0,0,0,0,0,0,0,,,0,0,0,0,"Zach Plesac",19979,668676
"Bryse Wilson","MIL",34,0,0,0,0,0,0,0,0,0,0,0,0,0,,,0,0,0,0,"Bryse Wilson",19990,669060
"Joel Kuhnel","- - -",6,0,0,0,0,0,0,0,0,0,0,0,0,0,,,0,0,0,0,"Joel Kuhnel",19995,669270
"Dylan Lee","ATL",52,0,0,0,0,0,0,0,0,0,0,0,0,0,,,0,0,0,0,"Dylan Lee",19996,669276
"Tyler Wells","BAL",3,0,0,0,0,0,0,0,0,0,0,0,0,0,,,0,0,0,0,"Tyler Wells",20000,669330
"Kenny Rosenberg","LAA",7,0,0,0,0,0,0,0,0,0,0,0,0,0,,,0,0,0,0,"Kenny Rosenberg",20009,670046
"Parker Dunshee","ATL",1,0,0,0,0,0,0,0,0,0,0,0,0,0,,,0,0,0,0,"Parker Dunshee",20018,670161
"John Schreiber","KCR",59,0,0,0,0,0,0,0,0,0,0,0,0,0,,,0,0,0,0,"John Schreiber",20020,670167
"Darren McCaughan","- - -",12,0,0,0,0,0,0,0,0,0,0,0,0,0,,,0,0,0,0,"Darren McCaughan",20038,670766
"Adrian Morejon","SDP",60,0,0,0,0,0,0,0,0,0,0,0,0,0,,,0,0,0,0,"Adrian Morejon",20039,670970
"Sean Guenther","DET",17,0,0,0,0,0,0,0,0,0,0,0,0,0,,,0,0,0,0,"Sean Guenther",20045,674944
"Kaleb Ort","HOU",22,0,0,0,0,0,0,0,0,0,0,0,0,0,,,0,0,0,0,"Kaleb Ort",20061,672391
"Bailey Falter","PIT",28,0,0,0,0,0,0,0,0,0,0,0,0,0,,,0,0,0,0,"Bailey Falter",20070,663559
"Chris Paddack","MIN",17,0,0,0,0,0,0,0,0,0,0,0,0,0,,,0,0,0,0,"Chris Paddack",20099,663978
"Calvin Faucher","MIA",53,0,0,0,0,0,0,0,0,0,0,0,0,0,,,0,0,0,0,"Calvin Faucher",20116,676534
"Adam Oller","MIA",8,0,0,0,0,0,0,0,0,0,0,0,0,0,,,0,0,0,0,"Adam Oller",20132,670124
"Nick Nelson","PHI",4,0,0,0,0,0,0,0,0,0,0,0,0,0,,,0,0,0,0,"Nick Nelson",20153,656793
"Nate Pearson","- - -",60,0,0,0,0,0,0,0,0,0,0,0,0,0,,,0,0,0,0,"Nate Pearson",20160,663878
"Kyle Muller","OAK",21,0,0,0,0,0,0,0,0,0,0,0,0,0,,,0,0,0,0,"Kyle Muller",20167,666205
"Zach Pop","TOR",58,0,0,0,0,0,0,0,0,0,0,0,0,0,,,0,0,0,0,"Zach Pop",20185,647315
"Garrett Whitlock","BOS",4,0,0,0,0,0,0,0,0,0,0,0,0,0,,,0,0,0,0,"Garrett Whitlock",20191,676477
"Eli Morgan","CLE",32,0,0,0,0,0,0,0,0,0,0,0,0,0,,,0,0,0,0,"Eli Morgan",20203,669212
"Mike Baumann","- - -",57,0,0,0,0,0,0,0,0,0,0,0,0,0,,,0,0,0,0,"Mike Baumann",20206,657508
"Zach Logue","LAD",2,0,0,0,0,0,0,0,0,0,0,0,0,0,,,0,0,0,0,"Zach Logue",20231,656657
"Griffin Jax","MIN",72,0,0,0,0,0,0,0,0,0,0,0,0,0,,,0,0,0,0,"Griffin Jax",20253,643377
"Daysbel Hernández","ATL",16,0,0,0,0,0,0,0,0,0,0,0,0,0,,,0,0,0,0,"Daysbel Hernandez",20271,678226
"Deivi García","CHW",14,0,0,0,0,0,0,0,0,0,0,0,0,0,,,0,0,0,0,"Deivi Garcia",20276,665620
"Jhonathan Díaz","SEA",5,0,0,0,0,0,0,0,0,0,0,0,0,0,,,0,0,0,0,"Jhonathan Diaz",20298,646242
"David Peterson","NYM",21,0,0,0,0,0,0,0,0,0,0,0,0,0,,,0,0,0,0,"David Peterson",20302,656849
"Riley O'Brien","STL",8,0,0,0,0,0,0,0,0,0,0,0,0,0,,,0,0,0,0,"Riley O'Brien",20348,676617
"Zack Kelly","BOS",49,0,0,0,0,0,0,0,0,0,0,0,0,0,,,0,0,0,0,"Zack Kelly",20349,677161
"Steven Wilson","CHW",40,0,0,0,0,0,0,0,0,0,0,0,0,0,,,0,0,0,0,"Steven Wilson",20353,621051
"Brusdar Graterol","LAD",7,0,0,0,0,0,0,0,0,0,0,0,0,0,,,0,0,0,0,"Brusdar Graterol",20367,660813
"Matt Manning","DET",5,0,0,0,0,0,0,0,0,0,0,0,0,0,,,0,0,0,0,"Matt Manning",20369,666159
"Andrés Muñoz","SEA",60,0,0,0,0,0,0,0,0,0,0,0,0,0,,,0,0,0,0,"Andres Munoz",20373,662253
"Greg Weissert","BOS",62,0,0,0,0,0,0,0,0,0,0,0,0,0,,,0,0,0,0,"Greg Weissert",20375,669711
"Tyler Zuber","TBR",2,0,0,0,0,0,0,0,0,0,0,0,0,0,,,0,0,0,0,"Tyler Zuber",20379,676604
"Isaac Mattson","PIT",3,0,0,0,0,0,0,0,0,0,0,0,0,0,,,0,0,0,0,"Isaac Mattson",20385,676755
"Eli Villalobos","MIA",3,0,0,0,0,0,0,0,0,0,0,0,0,0,,,0,0,0,0,"Eli Villalobos",20408,681871
"Josh Fleming","PIT",25,0,0,0,0,0,0,0,0,0,0,0,0,0,,,0,0,0,0,"Josh Fleming",20418,676596
"Ryan Walker","SFG",76,0,0,0,0,0,0,0,0,0,0,0,0,0,,,0,0,0,0,"Ryan Walker",20423,676254
"Enoli Paredes","- - -",18,0,0,0,0,0,0,0,0,0,0,0,0,0,,,0,0,0,0,"Enoli Paredes",20447,660600
"Bryan Sammons","DET",6,0,0,0,0,0,0,0,0,0,0,0,0,0,,,0,0,0,0,"Bryan Sammons",20462,676614
"J.B. Bukauskas","MIL",6,0,0,0,0,0,0,0,0,0,0,0,0,0,,,0,0,0,0,"J.B. Bukauskas",20491,656266
"Casey Mize","DET",22,0,0,0,0,0,0,0,0,0,0,0,0,0,,,0,0,0,0,"Casey Mize",20492,663554
"Kyle Nelson","ARI",11,0,0,0,0,0,0,0,0,0,0,0,0,0,,,0,0,0,0,"Kyle Nelson",20515,669459
"Nick Sandlin","CLE",68,0,0,0,0,0,0,0,0,0,0,0,0,0,,,0,0,0,0,"Nick Sandlin",20517,680704
"Kutter Crawford","BOS",33,0,0,0,0,0,0,0,0,0,0,0,0,0,,,0,0,0,0,"Kutter Crawford",20531,676710
"Edwin Uceta","TBR",30,0,0,0,0,0,0,0,0,0,0,0,0,0,,,0,0,0,0,"Edwin Uceta",20539,670955
"Grant Anderson","TEX",23,0,0,0,0,0,0,0,0,0,0,0,0,0,,,0,0,0,0,"Grant Anderson",20546,681982
"Bowden Francis","TOR",27,0,0,0,0,0,0,0,0,0,0,0,0,0,,,0,0,0,0,"Bowden Francis",20548,670102
"Tyler Phillips","PHI",8,0,0,0,0,0,0,0,0,0,0,0,0,0,,,0,0,0,0,"Tyler Phillips",20629,663969
"Yusei Kikuchi","- - -",32,0,0,0,0,0,0,0,0,0,0,0,0,0,,,0,0,0,0,"Yusei Kikuchi",20633,579328
"Cristopher Sánchez","PHI",31,0,0,0,0,0,0,0,0,0,0,0,0,0,,,0,0,0,0,"Cristopher Sanchez",20778,650911
"Manuel Rodríguez","TBR",40,0,0,0,0,0,0,0,0,0,0,0,0,0,,,0,0,0,0,"Manuel Rodriguez",20794,655889
"Michael Petersen","- - -",16,0,0,0,0,0,0,0,0,0,0,0,0,0,,,0,0,0,0,"Michael Petersen",20827,656848
"Eduard Bazardo","SEA",23,0,0,0,0,0,0,0,0,0,0,0,0,0,,,0,0,0,0,"Eduard Bazardo",20997,660825
"Jhoan Duran","MIN",58,0,0,0,0,0,0,0,0,0,0,0,0,0,,,0,0,0,0,"Jhoan Duran",21029,661395
"Emmanuel Clase","CLE",74,0,0,0,0,0,0,0,0,0,0,0,0,0,,,0,0,0,0,"Emmanuel Clase",21032,661403
"Seth Martinez","HOU",44,0,0,0,0,0,0,0,0,0,0,0,0,0,,,0,0,0,0,"Seth Martinez",21045,661527
"Luis Gil","NYY",29,0,0,0,0,0,0,0,0,0,0,0,0,0,,,0,0,0,0,"Luis Gil",21052,661563
"Nick Vespi","BAL",11,0,0,0,0,0,0,0,0,0,0,0,0,0,,,0,0,0,0,"Nick Vespi",21093,663989
"Alexis Díaz","CIN",60,0,0,0,0,0,0,0,0,0,0,0,0,0,,,0,0,0,0,"Alexis Diaz",21132,664747
"Dany Jiménez","OAK",25,0,0,0,0,0,0,0,0,0,0,0,0,0,,,0,0,0,0,"Dany Jimenez",21170,666204
"Humberto Castellanos","ARI",7,0,0,0,0,0,0,0,0,0,0,0,0,0,,,0,0,0,0,"Humberto Castellanos",21183,528748
"Connor Brogdon","- - -",4,0,0,0,0,0,0,0,0,0,0,0,0,0,,,0,0,0,0,"Connor Brogdon",21205,641401
"J.P. France","HOU",5,0,0,0,0,0,0,0,0,0,0,0,0,0,,,0,0,0,0,"J.P. France",21212,641585
"Bailey Ober","MIN",31,0,0,0,0,0,0,0,0,0,0,0,0,0,,,0,0,0,0,"Bailey Ober",21224,641927
"Daniel Robert","TEX",4,0,0,0,0,0,0,0,0,0,0,0,0,0,,,0,0,0,0,"Daniel Robert",21229,642016
"Allan Winans","ATL",2,0,0,0,0,0,0,0,0,0,0,0,0,0,,,0,0,0,0,"Allan Winans",21238,642216
"Jonathan Bermúdez","MIA",3,0,0,0,0,0,0,0,0,0,0,0,0,0,,,0,0,0,0,"Jonathan Bermudez",21241,642834
"Jake Bird","COL",35,0,0,0,0,0,0,0,0,0,0,0,0,0,,,0,0,0,0,"Jake Bird",21267,656234
"Lucas Gilbreath","COL",3,0,0,0,0,0,0,0,0,0,0,0,0,0,,,0,0,0,0,"Lucas Gilbreath",21290,656458
"Jacob Latz","TEX",46,0,0,0,0,0,0,0,0,0,0,0,0,0,,,0,0,0,0,"Jacob Latz",21306,656641
"Josh Maciejewski","NYY",4,0,0,0,0,0,0,0,0,0,0,0,0,0,,,0,0,0,0,"Josh Maciejewski",21310,656671
"Tylor Megill","NYM",16,0,0,0,0,0,0,0,0,0,0,0,0,0,,,0,0,0,0,"Tylor Megill",21318,656731
"Parker Mushinski","HOU",10,0,0,0,0,0,0,0,0,0,0,0,0,0,,,0,0,0,0,"Parker Mushinski",21324,656786
"Peter Strzelecki","CLE",10,0,0,0,0,0,0,0,0,0,0,0,0,0,,,0,0,0,0,"Peter Strzelecki",21367,657265
"Joe Ryan","MIN",23,0,0,0,0,0,0,0,0,0,0,0,0,0,,,0,0,0,0,"Joe Ryan",21390,657746
"Ryan Feltner","COL",30,0,0,0,0,0,0,0,0,0,0,0,0,0,,,0,0,0,0,"Ryan Feltner",21446,663372
"Davis Martin","CHW",11,0,0,0,0,0,0,0,0,0,0,0,0,0,,,0,0,0,0,"Davis Martin",21448,663436
"Kris Bubic","KCR",27,0,0,0,0,0,0,0,0,0,0,0,0,0,,,0,0,0,0,"Kris Bubic",21455,663460
"Cole Sands","MIN",62,0,0,0,0,0,0,0,0,0,0,0,0,0,,,0,0,0,0,"Cole Sands",21461,663485
"Sean Hjelle","SFG",58,0,0,0,0,0,0,0,0,0,0,0,0,0,,,0,0,0,0,"Sean Hjelle",21481,663546
"Stephen Kolek","SDP",42,0,0,0,0,0,0,0,0,0,0,0,0,0,,,0,0,0,0,"Stephen Kolek",21487,663568
"Jake Irvin","WSN",33,0,0,0,0,0,0,0,0,0,0,0,0,0,,,0,0,0,0,"Jake Irvin",21504,663623
"Hogan Harris","OAK",21,0,0,0,0,0,0,0,0,0,0,0,0,0,,,0,0,0,0,"Hogan Harris",21520,663687
"James McArthur","KCR",57,0,0,0,0,0,0,0,0,0,0,0,0,0,,,0,0,0,0,"James McArthur",21527,663704
"Daniel Lynch IV","KCR",16,0,0,0,0,0,0,0,0,0,0,0,0,0,,,0,0,0,0,"Daniel Lynch IV",21537,663738
"Chase Shugart","BOS",6,0,0,0,0,0,0,0,0,0,0,0,0,0,,,0,0,0,0,"Chase Shugart",21544,663767
"Brendon Little","TOR",49,0,0,0,0,0,0,0,0,0,0,0,0,0,,,0,0,0,0,"Brendon Little",21574,663893
"Tristan Beck","SFG",7,0,0,0,0,0,0,0,0,0,0,0,0,0,,,0,0,0,0,"Tristan Beck",21584,663941
"Jake Cousins","NYY",37,0,0,0,0,0,0,0,0,0,0,0,0,0,,,0,0,0,0,"Jake Cousins",21620,664776
"Luis Medina","OAK",8,0,0,0,0,0,0,0,0,0,0,0,0,0,,,0,0,0,0,"Luis Medina",21649,665622
"Elvis Peguero","MIL",52,0,0,0,0,0,0,0,0,0,0,0,0,0,,,0,0,0,0,"Elvis Peguero",21652,665625
"Edward Cabrera","MIA",20,0,0,0,0,0,0,0,0,0,0,0,0,0,,,0,0,0,0,"Edward Cabrera",21690,665795
"Javier Assad","CHC",29,0,0,0,0,0,0,0,0,0,0,0,0,0,,,0,0,0,0,"Javier Assad",21741,665871
"José Marte","LAA",14,0,0,0,0,0,0,0,0,0,0,0,0,0,,,0,0,0,0,"Jose Marte",21761,665896
"Braxton Garrett","MIA",7,0,0,0,0,0,0,0,0,0,0,0,0,0,,,0,0,0,0,"Braxton Garrett",21844,666129
"Cole Ragans","KCR",32,0,0,0,0,0,0,0,0,0,0,0,0,0,,,0,0,0,0,"Cole Ragans",21846,666142
"Riley Pint","COL",4,0,0,0,0,0,0,0,0,0,0,0,0,0,,,0,0,0,0,"Riley Pint",21858,666207
"Alex Speas","HOU",1,0,0,0,0,0,0,0,0,0,0,0,0,0,,,0,0,0,0,"Alex Speas",21859,666208
"George Soriano","MIA",22,0,0,0,0,0,0,0,0,0,0,0,0,0,,,0,0,0,0,"George Soriano",21863,666277
"Gregory Santos","SEA",8,0,0,0,0,0,0,0,0,0,0,0,0,0,,,0,0,0,0,"Gregory Santos",21894,666619
"Yerry Rodríguez","- - -",16,0,0,0,0,0,0,0,0,0,0,0,0,0,,,0,0,0,0,"Yerry Rodriguez",21955,666720
"Camilo Doval","SFG",62,0,0,0,0,0,0,0,0,0,0,0,0,0,,,0,0,0,0,"Camilo Doval",21992,666808
"Luis Frías","- - -",11,0,0,0,0,0,0,0,0,0,0,0,0,0,,,0,0,0,0,"Luis Frias",21997,666818
"John King","STL",56,0,0,0,0,0,0,0,0,0,0,0,0,0,,,0,0,0,0,"John King",22051,667463
"Kyle Tyler","MIA",8,0,0,0,0,0,0,0,0,0,0,0,0,0,,,0,0,0,0,"Kyle Tyler",22092,667725
"José Soriano","LAA",22,0,0,0,0,0,0,0,0,0,0,0,0,0,,,0,0,0,0,"Jose Soriano",22100,667755
"Cole Winn","TEX",13,0,0,0,0,0,0,0,0,0,0,0,0,0,,,0,0,0,0,"Cole Winn",22113,668390
"Nick Pratto","KCR",1,0,0,0,0,0,0,0,0,0,0,0,0,0,,,0,0,0,0,"Nick Pratto",22117,668472
"Hunter Greene","CIN",26,0,0,0,0,0,0,0,0,0,0,0,0,0,,,0,0,0,0,"Hunter Greene",22182,668881
"Ryan Miller","LAA",13,0,0,0,0,0,0,0,0,0,0,0,0,0,,,0,0,0,0,"Ryan Miller",22187,668943
"Tobias Myers","MIL",27,0,0,0,0,0,0,0,0,0,0,0,0,0,,,0,0,0,0,"Tobias Myers",22191,668964
"Hans Crouse","LAA",25,0,0,0,0,0,0,0,0,0,0,0,0,0,,,0,0,0,0,"Hans Crouse",22192,668968
"MacKenzie Gore","WSN",32,0,0,0,0,0,0,0,0,0,0,0,0,0,,,0,0,0,0,"MacKenzie Gore",22201,669022
"DL Hall","MIL",13,0,0,0,0,0,0,0,0,0,0,0,0,0,,,0,0,0,0,"DL Hall",22207,669084
"Jeremiah Estrada","SDP",62,0,0,0,0,0,0,0,0,0,0,0,0,0,,,0,0,0,0,"Jeremiah Estrada",22210,669093
"Jonathan Heasley","BAL",4,0,0,0,0,0,0,0,0,0,0,0,0,0,,,0,0,0,0,"Jonathan Heasley",22224,669169
"Logan Gilbert","SEA",33,0,0,0,0,0,0,0,0,0,0,0,0,0,,,0,0,0,0,"Logan Gilbert",22250,669302
"Sean Reynolds","SDP",9,0,0,0,0,0,0,0,0,0,0,0,0,0,,,0,0,0,0,"Sean Reynolds",22253,669308
"Shane Baz","TBR",14,0,0,0,0,0,0,0,0,0,0,0,0,0,,,0,0,0,0,"Shane Baz",22264,669358
"Tarik Skubal","DET",31,0,0,0,0,0,0,0,0,0,0,0,0,0,,,0,0,0,0,"Tarik Skubal",22267,669373
"Owen White","TEX",3,0,0,0,0,0,0,0,0,0,0,0,0,0,,,0,0,0,0,"Owen White",22273,669391
"Dylan Coleman","HOU",1,0,0,0,0,0,0,0,0,0,0,0,0,0,,,0,0,0,0,"Dylan Coleman",22276,669395
"Matt Sauer","KCR",14,0,0,0,0,0,0,0,0,0,0,0,0,0,,,0,0,0,0,"Matt Sauer",22284,669422
"Trevor Rogers","- - -",25,0,0,0,0,0,0,0,0,0,0,0,0,0,,,0,0,0,0,"Trevor Rogers",22286,669432
"Mason Englert","DET",12,0,0,0,0,0,0,0,0,0,0,0,0,0,,,0,0,0,0,"Mason Englert",22288,669438
"Matthew Liberatore","STL",60,0,0,0,0,0,0,0,0,0,0,0,0,0,,,0,0,0,0,"Matthew Liberatore",22294,669461
"Brenan Hanifee","DET",21,0,0,0,0,0,0,0,0,0,0,0,0,0,,,0,0,0,0,"Brenan Hanifee",22304,669724
"Jose E. Hernandez","PIT",7,0,0,0,0,0,0,0,0,0,0,0,0,0,,,0,0,0,0,"Jose E. Hernandez",22318,669796
"Colin Holderman","PIT",55,0,0,0,0,0,0,0,0,0,0,0,0,0,,,0,0,0,0,"Colin Holderman",22361,670059
"Raymond Burgos","SFG",1,0,0,0,0,0,0,0,0,0,0,0,0,0,,,0,0,0,0,"Raymond Burgos",22370,670103
"Josh Winckowski","BOS",40,0,0,0,0,0,0,0,0,0,0,0,0,0,,,0,0,0,0,"Josh Winckowski",22387,670174
"Logan Gillaspie","SDP",9,0,0,0,0,0,0,0,0,0,0,0,0,0,,,0,0,0,0,"Logan Gillaspie",22461,670810
"Michel Otañez","OAK",36,0,0,0,0,0,0,0,0,0,0,0,0,0,,,0,0,0,0,"Michel Otanez",22533,671305
"Taj Bradley","TBR",25,0,0,0,0,0,0,0,0,0,0,0,0,0,,,0,0,0,0,"Taj Bradley",22543,671737
"Keider Montero","DET",19,0,0,0,0,0,0,0,0,0,0,0,0,0,,,0,0,0,0,"Keider Montero",22630,672456
"Jack O'Loughlin","OAK",4,0,0,0,0,0,0,0,0,0,0,0,0,0,,,0,0,0,0,"Jack O'Loughlin",22690,672552
"Carlos Hernández","KCR",27,0,0,0,0,0,0,0,0,0,0,0,0,0,,,0,0,0,0,"Carlos Hernandez",22713,672578
"Angel Zerpa","KCR",60,0,0,0,0,0,0,0,0,0,0,0,0,0,,,0,0,0,0,"Angel Zerpa",22717,672582
"Roansy Contreras","- - -",49,0,0,0,0,0,0,0,0,0,0,0,0,0,,,0,0,0,0,"Roansy Contreras",22810,672710
"Yoendrys Gómez","NYY",5,0,0,0,0,0,0,0,0,0,0,0,0,0,,,0,0,0,0,"Yoendrys Gomez",22872,672782
"Joan Adon","WSN",8,0,0,0,0,0,0,0,0,0,0,0,0,0,,,0,0,0,0,"Joan Adon",22925,672851
"Prelander Berroa","CHW",17,0,0,0,0,0,0,0,0,0,0,0,0,0,,,0,0,0,0,"Prelander Berroa",22932,672860
"Dedniel Núñez","NYM",25,0,0,0,0,0,0,0,0,0,0,0,0,0,,,0,0,0,0,"Dedniel Nunez",23055,673380
"Eduardo Salazar","- - -",26,0,0,0,0,0,0,0,0,0,0,0,0,0,,,0,0,0,0,"Eduardo Salazar",23135,674285
"Osvaldo Bido","OAK",16,0,0,0,0,0,0,0,0,0,0,0,0,0,,,0,0,0,0,"Osvaldo Bido",23150,674370
"Steven Cruz","KCR",5,0,0,0,0,0,0,0,0,0,0,0,0,0,,,0,0,0,0,"Steven Cruz",23165,674444
"Michael Grove","LAD",39,0,0,0,0,0,0,0,0,0,0,0,0,0,,,0,0,0,0,"Michael Grove",23221,675627
"Michael Mercado","PHI",5,0,0,0,0,0,0,0,0,0,0,0,0,0,,,0,0,0,0,"Michael Mercado",23223,675650
"Spencer Howard","- - -",9,0,0,0,0,0,0,0,0,0,0,0,0,0,,,0,0,0,0,"Spencer Howard",23252,675921
"Cody Bolton","SEA",17,0,0,0,0,0,0,0,0,0,0,0,0,0,,,0,0,0,0,"Cody Bolton",23265,675989
"Janson Junk","- - -",6,0,0,0,0,0,0,0,0,0,0,0,0,0,,,0,0,0,0,"Janson Junk",23301,676083
"Collin Snider","SEA",42,0,0,0,0,0,0,0,0,0,0,0,0,0,,,0,0,0,0,"Collin Snider",23307,676092
"José Buttó","NYM",30,0,0,0,0,0,0,0,0,0,0,0,0,0,,,0,0,0,0,"Jose Butto",23313,676130
"Joey Cantillo","CLE",9,0,0,0,0,0,0,0,0,0,0,0,0,0,,,0,0,0,0,"Joey Cantillo",23335,676282
"Robert Garcia","WSN",72,0,0,0,0,0,0,0,0,0,0,0,0,0,,,0,0,0,0,"Robert Garcia",23363,676395
"Ricky Vanasco","- - -",4,0,0,0,0,0,0,0,0,0,0,0,0,0,,,0,0,0,0,"Ricky Vanasco",23391,676568
"Max Lazar","PHI",11,0,0,0,0,0,0,0,0,0,0,0,0,0,,,0,0,0,0,"Max Lazar",23426,676661
"JP Sears","OAK",32,0,0,0,0,0,0,0,0,0,0,0,0,0,,,0,0,0,0,"JP Sears",23429,676664
"Tom Cosgrove","SDP",18,0,0,0,0,0,0,0,0,0,0,0,0,0,,,0,0,0,0,"Tom Cosgrove",23443,676680
"Hunter Stratton","PIT",36,0,0,0,0,0,0,0,0,0,0,0,0,0,,,0,0,0,0,"Hunter Stratton",23455,676702
"Brandon Hughes","ARI",15,0,0,0,0,0,0,0,0,0,0,0,0,0,,,0,0,0,0,"Brandon Hughes",23460,676714
"Ron Marinaccio","NYY",16,0,0,0,0,0,0,0,0,0,0,0,0,0,,,0,0,0,0,"Ron Marinaccio",23488,676760
"Keaton Winn","SFG",12,0,0,0,0,0,0,0,0,0,0,0,0,0,,,0,0,0,0,"Keaton Winn",23499,676775
"Aaron Ashby","MIL",14,0,0,0,0,0,0,0,0,0,0,0,0,0,,,0,0,0,0,"Aaron Ashby",23550,676879
"Ben Brown","CHC",15,0,0,0,0,0,0,0,0,0,0,0,0,0,,,0,0,0,0,"Ben Brown",23590,676962
"Brett de Geus","- - -",13,0,0,0,0,0,0,0,0,0,0,0,0,0,,,0,0,0,0,"Brett de Geus",23592,676969
"Josh Walker","NYM",10,0,0,0,0,0,0,0,0,0,0,0,0,0,,,0,0,0,0,"Josh Walker",23617,677020
"Clayton Andrews","NYY",1,0,0,0,0,0,0,0,0,0,0,0,0,0,,,0,0,0,0,"Clayton Andrews",23631,677076
"Justin Bruihl","PIT",7,0,0,0,0,0,0,0,0,0,0,0,0,0,,,0,0,0,0,"Justin Bruihl",23779,677865
"Ryan Weathers","MIA",16,0,0,0,0,0,0,0,0,0,0,0,0,0,,,0,0,0,0,"Ryan Weathers",23796,677960
"Randy Dobnak","MIN",5,0,0,0,0,0,0,0,0,0,0,0,0,0,,,0,0,0,0,"Randy Dobnak",23798,677976
"Ray Kerr","ATL",10,0,0,0,0,0,0,0,0,0,0,0,0,0,,,0,0,0,0,"Ray Kerr",23809,678061
"Valente Bellozo","MIA",13,0,0,0,0,0,0,0,0,0,0,0,0,0,,,0,0,0,0,"Valente Bellozo",23899,678368
"Brayan Bello","BOS",30,0,0,0,0,0,0,0,0,0,0,0,0,0,,,0,0,0,0,"Brayan Bello",23920,678394
"Randy Rodríguez","SFG",35,0,0,0,0,0,0,0,0,0,0,0,0,0,,,0,0,0,0,"Randy Rodriguez",23974,678495
"Jose A. Ferrer","WSN",31,0,0,0,0,0,0,0,0,0,0,0,0,0,,,0,0,0,0,"Jose A. Ferrer",24017,678606
"Ronny Henriquez","MIN",16,0,0,0,0,0,0,0,0,0,0,0,0,0,,,0,0,0,0,"Ronny Henriquez",24094,678692
"Luis Peralta","COL",15,0,0,0,0,0,0,0,0,0,0,0,0,0,,,0,0,0,0,"Luis Peralta",24203,678821
"Kai-Wei Teng","SFG",4,0,0,0,0,0,0,0,0,0,0,0,0,0,,,0,0,0,0,"Kai-Wei Teng",24282,678906
"Justin Martinez","ARI",64,0,0,0,0,0,0,0,0,0,0,0,0,0,,,0,0,0,0,"Justin Martinez",24453,679885
"Grayson Rodriguez","BAL",20,0,0,0,0,0,0,0,0,0,0,0,0,0,,,0,0,0,0,"Grayson Rodriguez",24492,680570
"Adam Kloffenstein","STL",1,0,0,0,0,0,0,0,0,0,0,0,0,0,,,0,0,0,0,"Adam Kloffenstein",24493,680572
"Simeon Woods Richardson","MIN",28,0,0,0,0,0,0,0,0,0,0,0,0,0,,,0,0,0,0,"Simeon Woods Richardson",24494,680573
"Josiah Gray","WSN",2,0,0,0,0,0,0,0,0,0,0,0,0,0,,,0,0,0,0,"Josiah Gray",24580,680686
"Lyon Richardson","CIN",1,0,0,0,0,0,0,0,0,0,0,0,0,0,,,0,0,0,0,"Lyon Richardson",24581,680689
"Kyle Bradish","BAL",8,0,0,0,0,0,0,0,0,0,0,0,0,0,,,0,0,0,0,"Kyle Bradish",24586,680694
"Josh Winder","MIN",4,0,0,0,0,0,0,0,0,0,0,0,0,0,,,0,0,0,0,"Josh Winder",24606,680739
"Jonathan Bowlan","KCR",1,0,0,0,0,0,0,0,0,0,0,0,0,0,,,0,0,0,0,"Jonathan Bowlan",24607,680742
"Victor Vodnik","COL",64,0,0,0,0,0,0,0,0,0,0,0,0,0,,,0,0,0,0,"Victor Vodnik",24614,680767
"Randy Vásquez","SDP",20,0,0,0,0,0,0,0,0,0,0,0,0,0,,,0,0,0,0,"Randy Vasquez",24719,681190
"Mike Burrows","PIT",1,0,0,0,0,0,0,0,0,0,0,0,0,0,,,0,0,0,0,"Mike Burrows",24728,681347
"Gus Varland","- - -",26,0,0,0,0,0,0,0,0,0,0,0,0,0,,,0,0,0,0,"Gus Varland",24737,681402
"Kyle Leahy","STL",33,0,0,0,0,0,0,0,0,0,0,0,0,0,,,0,0,0,0,"Kyle Leahy",24763,681517
"Ryan Fernandez","STL",62,0,0,0,0,0,0,0,0,0,0,0,0,0,,,0,0,0,0,"Ryan Fernandez",24862,681676
"Ethan Roberts","CHC",21,0,0,0,0,0,0,0,0,0,0,0,0,0,,,0,0,0,0,"Ethan Roberts",24930,681799
"Andrew Wantz","LAA",1,0,0,0,0,0,0,0,0,0,0,0,0,0,,,0,0,0,0,"Andrew Wantz",24933,681806
"Austin Warren","SFG",6,0,0,0,0,0,0,0,0,0,0,0,0,0,,,0,0,0,0,"Austin Warren",24937,681810
"Reese Olson","DET",22,0,0,0,0,0,0,0,0,0,0,0,0,0,,,0,0,0,0,"Reese Olson",24968,681857
"Cooper Criswell","BOS",26,0,0,0,0,0,0,0,0,0,0,0,0,0,,,0,0,0,0,"Cooper Criswell",24975,681867
"Shawn Dubin","HOU",31,0,0,0,0,0,0,0,0,0,0,0,0,0,,,0,0,0,0,"Shawn Dubin",24977,681869
"Erik Sabrowski","CLE",8,0,0,0,0,0,0,0,0,0,0,0,0,0,,,0,0,0,0,"Erik Sabrowski",24978,681870
"Colin Selby","- - -",5,0,0,0,0,0,0,0,0,0,0,0,0,0,,,0,0,0,0,"Colin Selby",24986,681882
"Kody Funderburk","MIN",27,0,0,0,0,0,0,0,0,0,0,0,0,0,,,0,0,0,0,"Kody Funderburk",24993,681892
"Alex Vesia","LAD",67,0,0,0,0,0,0,0,0,0,0,0,0,0,,,0,0,0,0,"Alex Vesia",25007,681911
"Jacob Lopez","TBR",4,0,0,0,0,0,0,0,0,0,0,0,0,0,,,0,0,0,0,"Jacob Lopez",25098,682052
"Tim Herrin","CLE",75,0,0,0,0,0,0,0,0,0,0,0,0,0,,,0,0,0,0,"Tim Herrin",25139,682120
"Joe Jacques","- - -",2,0,0,0,0,0,0,0,0,0,0,0,0,0,,,0,0,0,0,"Joe Jacques",25178,682175
"Roddery Muñoz","MIA",18,0,0,0,0,0,0,0,0,0,0,0,0,0,,,0,0,0,0,"Roddery Munoz",25311,682610
"Abner Uribe","MIL",14,0,0,0,0,0,0,0,0,0,0,0,0,0,,,0,0,0,0,"Abner Uribe",25327,682842
"Zach Penrod","BOS",7,0,0,0,0,0,0,0,0,0,0,0,0,0,,,0,0,0,0,"Zach Penrod",25368,683068
"Nick Mears","- - -",54,0,0,0,0,0,0,0,0,0,0,0,0,0,,,0,0,0,0,"Nick Mears",25376,683232
"Brady Singer","KCR",32,0,0,0,0,0,0,0,0,0,0,0,0,0,,,0,0,0,0,"Brady Singer",25377,663903
"Sam Long","KCR",43,0,0,0,0,0,0,0,0,0,0,0,0,0,,,0,0,0,0,"Sam Long",25379,669674
"Drew Rasmussen","TBR",16,0,0,0,0,0,0,0,0,0,0,0,0,0,,,0,0,0,0,"Drew Rasmussen",25385,656876
"Jhony Brito","SDP",26,0,0,0,0,0,0,0,0,0,0,0,0,0,,,0,0,0,0,"Jhony Brito",25386,666745
"Ryan Zeferjahn","LAA",12,0,0,0,0,0,0,0,0,0,0,0,0,0,,,0,0,0,0,"Ryan Zeferjahn",25420,666171
"Gavin Hollowell","CHC",1,0,0,0,0,0,0,0,0,0,0,0,0,0,,,0,0,0,0,"Gavin Hollowell",25427,668970
"George Kirby","SEA",33,0,0,0,0,0,0,0,0,0,0,0,0,0,,,0,0,0,0,"George Kirby",25436,669923
"Brandon Williamson","CIN",4,0,0,0,0,0,0,0,0,0,0,0,0,0,,,0,0,0,0,"Brandon Williamson",25463,682227
"Joe La Sorsa","WSN",16,0,0,0,0,0,0,0,0,0,0,0,0,0,,,0,0,0,0,"Joe La Sorsa",25481,686747
"Matt Waldron","SDP",27,0,0,0,0,0,0,0,0,0,0,0,0,0,,,0,0,0,0,"Matt Waldron",25550,663362
"Isaiah Campbell","BOS",8,0,0,0,0,0,0,0,0,0,0,0,0,0,,,0,0,0,0,"Isaiah Campbell",25551,663462
"Brady Basso","OAK",7,0,0,0,0,0,0,0,0,0,0,0,0,0,,,0,0,0,0,"Brady Basso",25582,669620
"Sammy Peralta","CHW",9,0,0,0,0,0,0,0,0,0,0,0,0,0,,,0,0,0,0,"Sammy Peralta",25589,671111
"Xzavion Curry","- - -",16,0,0,0,0,0,0,0,0,0,0,0,0,0,,,0,0,0,0,"Xzavion Curry",25595,675540
"Hunter Gaddis","CLE",78,0,0,0,0,0,0,0,0,0,0,0,0,0,,,0,0,0,0,"Hunter Gaddis",25636,683769
"Declan Cronin","MIA",56,0,0,0,0,0,0,0,0,0,0,0,0,0,,,0,0,0,0,"Declan Cronin",25645,686539
"Justin Slaten","BOS",44,0,0,0,0,0,0,0,0,0,0,0,0,0,,,0,0,0,0,"Justin Slaten",25648,686580
"Ty Adcock","NYM",3,0,0,0,0,0,0,0,0,0,0,0,0,0,,,0,0,0,0,"Ty Adcock",25651,686654
"Nick Avila","SFG",8,0,0,0,0,0,0,0,0,0,0,0,0,0,,,0,0,0,0,"Nick Avila",25667,687014
"Kevin Kelly","TBR",68,0,0,0,0,0,0,0,0,0,0,0,0,0,,,0,0,0,0,"Kevin Kelly",25679,687330
"Luis Contreras","HOU",5,0,0,0,0,0,0,0,0,0,0,0,0,0,,,0,0,0,0,"Luis Contreras",25839,664351
"Noah Davis","COL",9,0,0,0,0,0,0,0,0,0,0,0,0,0,,,0,0,0,0,"Noah Davis",25862,663562
"Hunter Brown","HOU",31,0,0,0,0,0,0,0,0,0,0,0,0,0,,,0,0,0,0,"Hunter Brown",25880,686613
"Bryan King","HOU",28,0,0,0,0,0,0,0,0,0,0,0,0,0,,,0,0,0,0,"Bryan King",25890,687911
"Yennier Cano","BAL",70,0,0,0,0,0,0,0,0,0,0,0,0,0,,,0,0,0,0,"Yennier Cano",25911,666974
"Zack Thompson","STL",5,0,0,0,0,0,0,0,0,0,0,0,0,0,,,0,0,0,0,"Zack Thompson",25918,668868
"Casey Legumina","CIN",6,0,0,0,0,0,0,0,0,0,0,0,0,0,,,0,0,0,0,"Casey Legumina",25921,668984
"Darius Vines","ATL",4,0,0,0,0,0,0,0,0,0,0,0,0,0,,,0,0,0,0,"Darius Vines",25928,670241
"Andrew Nardi","MIA",59,0,0,0,0,0,0,0,0,0,0,0,0,0,,,0,0,0,0,"Andrew Nardi",25942,677053
"Quinn Priester","- - -",11,0,0,0,0,0,0,0,0,0,0,0,0,0,,,0,0,0,0,"Quinn Priester",25977,682990
"Seth Johnson","PHI",1,0,0,0,0,0,0,0,0,0,0,0,0,0,,,0,0,0,0,"Seth Johnson",26020,686751
"Anthony Maldonado","MIA",16,0,0,0,0,0,0,0,0,0,0,0,0,0,,,0,0,0,0,"Anthony Maldonado",26034,687424
"Easton Lucas","- - -",8,0,0,0,0,0,0,0,0,0,0,0,0,0,,,0,0,0,0,"Easton Lucas",26058,687922
"Beau Brieske","DET",46,0,0,0,0,0,0,0,0,0,0,0,0,0,,,0,0,0,0,"Beau Brieske",26079,689225
"Andre Pallante","STL",29,0,0,0,0,0,0,0,0,0,0,0,0,0,,,0,0,0,0,"Andre Pallante",26108,669467
"Amos Willingham","WSN",1,0,0,0,0,0,0,0,0,0,0,0,0,0,,,0,0,0,0,"Amos Willingham",26128,686294
"Connor Gillispie","CLE",3,0,0,0,0,0,0,0,0,0,0,0,0,0,,,0,0,0,0,"Connor Gillispie",26171,687362
"Blair Henley","HOU",1,0,0,0,0,0,0,0,0,0,0,0,0,0,,,0,0,0,0,"Blair Henley",26190,668874
"Andrew Saalfrank","ARI",2,0,0,0,0,0,0,0,0,0,0,0,0,0,,,0,0,0,0,"Andrew Saalfrank",26203,685314
"Caleb Kilian","CHC",2,0,0,0,0,0,0,0,0,0,0,0,0,0,,,0,0,0,0,"Caleb Kilian",26213,668873
"Jackson Rutledge","WSN",3,0,0,0,0,0,0,0,0,0,0,0,0,0,,,0,0,0,0,"Jackson Rutledge",26215,671131
"Ryan Pepiot","TBR",26,0,0,0,0,0,0,0,0,0,0,0,0,0,,,0,0,0,0,"Ryan Pepiot",26221,686752
"Nick Robertson","- - -",9,0,0,0,0,0,0,0,0,0,0,0,0,0,,,0,0,0,0,"Nick Robertson",26226,687798
"Tyler Holton","DET",66,0,0,0,0,0,0,0,0,0,0,0,0,0,,,0,0,0,0,"Tyler Holton",26231,663947
"Orlando Ribalta","WSN",4,0,0,0,0,0,0,0,0,0,0,0,0,0,,,0,0,0,0,"Orlando Ribalta",26247,687377
"Erik Miller","SFG",73,0,0,0,0,0,0,0,0,0,0,0,0,0,,,0,0,0,0,"Erik Miller",26252,669062
"Ryne Nelson","ARI",28,0,0,0,0,0,0,0,0,0,0,0,0,0,,,0,0,0,0,"Ryne Nelson",26253,669194
"Joey Estes","OAK",25,0,0,0,0,0,0,0,0,0,0,0,0,0,,,0,0,0,0,"Joey Estes",26257,683155
"Hunter Bigge","- - -",19,0,0,0,0,0,0,0,0,0,0,0,0,0,,,0,0,0,0,"Hunter Bigge",26259,685801
"Blake Walston","ARI",7,0,0,0,0,0,0,0,0,0,0,0,0,0,,,0,0,0,0,"Blake Walston",26270,686796
"Tommy Henry","ARI",9,0,0,0,0,0,0,0,0,0,0,0,0,0,,,0,0,0,0,"Tommy Henry",26285,674072
"Bryan Hoeing","- - -",34,0,0,0,0,0,0,0,0,0,0,0,0,0,,,0,0,0,0,"Bryan Hoeing",26304,663773
"Marc Church","TEX",1,0,0,0,0,0,0,0,0,0,0,0,0,0,,,0,0,0,0,"Marc Church",26353,687847
"Nick Lodolo","CIN",21,0,0,0,0,0,0,0,0,0,0,0,0,0,,,0,0,0,0,"Nick Lodolo",26378,666157
"DJ Herz","WSN",19,0,0,0,0,0,0,0,0,0,0,0,0,0,,,0,0,0,0,"DJ Herz",26389,687792
"Alek Manoah","TOR",5,0,0,0,0,0,0,0,0,0,0,0,0,0,,,0,0,0,0,"Alek Manoah",26410,666201
"Porter Hodge","CHC",39,0,0,0,0,0,0,0,0,0,0,0,0,0,,,0,0,0,0,"Porter Hodge",26413,687863
"Bradley Blalock","- - -",7,0,0,0,0,0,0,0,0,0,0,0,0,0,,,0,0,0,0,"Bradley Blalock",26419,687134
"Sam Aldegheri","LAA",3,0,0,0,0,0,0,0,0,0,0,0,0,0,,,0,0,0,0,"Sam Aldegheri",26443,691951
"Trevor McDonald","SFG",1,0,0,0,0,0,0,0,0,0,0,0,0,0,,,0,0,0,0,"Trevor McDonald",26448,686790
"Angel Chivilli","COL",30,0,0,0,0,0,0,0,0,0,0,0,0,0,,,0,0,0,0,"Angel Chivilli",26790,683409
"Jairo Iriarte","CHW",6,0,0,0,0,0,0,0,0,0,0,0,0,0,,,0,0,0,0,"Jairo Iriarte",26907,683568
"Edgardo Henriquez","LAD",3,0,0,0,0,0,0,0,0,0,0,0,0,0,,,0,0,0,0,"Edgardo Henriquez",26944,683618
"Anthony Molina","COL",35,0,0,0,0,0,0,0,0,0,0,0,0,0,,,0,0,0,0,"Anthony Molina",26952,683627
"Alec Marsh","KCR",26,0,0,0,0,0,0,0,0,0,0,0,0,0,,,0,0,0,0,"Alec Marsh",27451,679525
"Anthony Veneziano","- - -",12,0,0,0,0,0,0,0,0,0,0,0,0,0,,,0,0,0,0,"Anthony Veneziano",27453,685107
"Garrett Crochet","CHW",32,0,0,0,0,0,0,0,0,0,0,0,0,0,,,0,0,0,0,"Garrett Crochet",27463,676979
"Reid Detmers","LAA",17,0,0,0,0,0,0,0,0,0,0,0,0,0,,,0,0,0,0,"Reid Detmers",27468,672282
"Emerson Hancock","SEA",12,0,0,0,0,0,0,0,0,0,0,0,0,0,,,0,0,0,0,"Emerson Hancock",27470,676106
"Jared Shuster","CHW",39,0,0,0,0,0,0,0,0,0,0,0,0,0,,,0,0,0,0,"Jared Shuster",27472,694363
"Max Meyer","MIA",11,0,0,0,0,0,0,0,0,0,0,0,0,0,,,0,0,0,0,"Max Meyer",27474,676974
"Bryce Jarvis","ARI",44,0,0,0,0,0,0,0,0,0,0,0,0,0,,,0,0,0,0,"Bryce Jarvis",27477,686826
"Bobby Miller","LAD",13,0,0,0,0,0,0,0,0,0,0,0,0,0,,,0,0,0,0,"Bobby Miller",27483,676272
"Landon Knack","LAD",15,0,0,0,0,0,0,0,0,0,0,0,0,0,,,0,0,0,0,"Landon Knack",27487,689017
"Clayton Beeter","NYY",3,0,0,0,0,0,0,0,0,0,0,0,0,0,,,0,0,0,0,"Clayton Beeter",27494,690925
"Spencer Strider","ATL",2,0,0,0,0,0,0,0,0,0,0,0,0,0,,,0,0,0,0,"Spencer Strider",27498,675911
"Slade Cecconi","ARI",20,0,0,0,0,0,0,0,0,0,0,0,0,0,,,0,0,0,0,"Slade Cecconi",27500,677944
"Kyle Hurt","LAD",3,0,0,0,0,0,0,0,0,0,0,0,0,0,,,0,0,0,0,"Kyle Hurt",27514,669165
"Jared Koenig","MIL",55,0,0,0,0,0,0,0,0,0,0,0,0,0,,,0,0,0,0,"Jared Koenig",27517,657649
"Evan Kravetz","CIN",1,0,0,0,0,0,0,0,0,0,0,0,0,0,,,0,0,0,0,"Evan Kravetz",27536,667478
"Graham Ashcraft","CIN",15,0,0,0,0,0,0,0,0,0,0,0,0,0,,,0,0,0,0,"Graham Ashcraft",27552,668933
"Carmen Mlodzinski","PIT",40,0,0,0,0,0,0,0,0,0,0,0,0,0,,,0,0,0,0,"Carmen Mlodzinski",27572,669387
"Hayden Wesneski","CHC",28,0,0,0,0,0,0,0,0,0,0,0,0,0,,,0,0,0,0,"Hayden Wesneski",27581,669713
"Davis Daniel","LAA",6,0,0,0,0,0,0,0,0,0,0,0,0,0,,,0,0,0,0,"Davis Daniel",27582,669721
"Zac Kristofak","LAA",1,0,0,0,0,0,0,0,0,0,0,0,0,0,,,0,0,0,0,"Zac Kristofak",27585,670219
"Logan Allen","CLE",20,0,0,0,0,0,0,0,0,0,0,0,0,0,,,0,0,0,0,"Logan Allen",27589,671106
"Jake Eder","CHW",1,0,0,0,0,0,0,0,0,0,0,0,0,0,,,0,0,0,0,"Jake Eder",27590,671109
"Cody Bradford","TEX",14,0,0,0,0,0,0,0,0,0,0,0,0,0,,,0,0,0,0,"Cody Bradford",27597,674003
"Jeff Criswell","COL",13,0,0,0,0,0,0,0,0,0,0,0,0,0,,,0,0,0,0,"Jeff Criswell",27608,676105
"Walter Pennington","- - -",16,0,0,0,0,0,0,0,0,0,0,0,0,0,,,0,0,0,0,"Walter Pennington",27624,679156
"Eric Orze","NYM",2,0,0,0,0,0,0,0,0,0,0,0,0,0,,,0,0,0,0,"Eric Orze",27626,679358
"Mitchell Parker","WSN",29,0,0,0,0,0,0,0,0,0,0,0,0,0,,,0,0,0,0,"Mitchell Parker",27636,680730
"Luis Ortiz","PIT",37,0,0,0,0,0,0,0,0,0,0,0,0,0,,,0,0,0,0,"Luis Ortiz",27646,682847
"Brandon Eisert","TOR",3,0,0,0,0,0,0,0,0,0,0,0,0,0,,,0,0,0,0,"Brandon Eisert",27668,685126
"Tanner Gordon","COL",8,0,0,0,0,0,0,0,0,0,0,0,0,0,,,0,0,0,0,"Tanner Gordon",27669,685299
"Carson Spiers","CIN",22,0,0,0,0,0,0,0,0,0,0,0,0,0,,,0,0,0,0,"Carson Spiers",27685,686730
"Jack Kochanowicz","LAA",11,0,0,0,0,0,0,0,0,0,0,0,0,0,,,0,0,0,0,"Jack Kochanowicz",27688,686799
"Louis Varland","MIN",16,0,0,0,0,0,0,0,0,0,0,0,0,0,,,0,0,0,0,"Louis Varland",27691,686973
"Justin Sterner","TBR",2,0,0,0,0,0,0,0,0,0,0,0,0,0,,,0,0,0,0,"Justin Sterner",27694,686993
"Brent Headrick","MIN",1,0,0,0,0,0,0,0,0,0,0,0,0,0,,,0,0,0,0,"Brent Headrick",27702,687396
"Mitch Spence","OAK",35,0,0,0,0,0,0,0,0,0,0,0,0,0,,,0,0,0,0,"Mitch Spence",27707,687765
"Bailey Horn","BOS",18,0,0,0,0,0,0,0,0,0,0,0,0,0,,,0,0,0,0,"Bailey Horn",27753,690544
"Kyle Harrison","SFG",24,0,0,0,0,0,0,0,0,0,0,0,0,0,,,0,0,0,0,"Kyle Harrison",27758,690986
"Yosver Zulueta","CIN",12,0,0,0,0,0,0,0,0,0,0,0,0,0,,,0,0,0,0,"Yosver Zulueta",27765,691172
"Kyle Nicolas","PIT",51,0,0,0,0,0,0,0,0,0,0,0,0,0,,,0,0,0,0,"Kyle Nicolas",27775,693312
"Bryce Elder","ATL",10,0,0,0,0,0,0,0,0,0,0,0,0,0,,,0,0,0,0,"Bryce Elder",27779,693821
"Brandon Pfaadt","ARI",32,0,0,0,0,0,0,0,0,0,0,0,0,0,,,0,0,0,0,"Brandon Pfaadt",27782,694297
"Zach Brzykcy","WSN",6,0,0,0,0,0,0,0,0,0,0,0,0,0,,,0,0,0,0,"Zach Brzykcy",27783,694350
"Will Klein","- - -",8,0,0,0,0,0,0,0,0,0,0,0,0,0,,,0,0,0,0,"Will Klein",27787,694361
"Gavin Stone","LAD",25,0,0,0,0,0,0,0,0,0,0,0,0,0,,,0,0,0,0,"Gavin Stone",27792,694813
"Jared Jones","PIT",22,0,0,0,0,0,0,0,0,0,0,0,0,0,,,0,0,0,0,"Jared Jones",27863,683003
"Cade Smith","CLE",74,0,0,0,0,0,0,0,0,0,0,0,0,0,,,0,0,0,0,"Cade Smith",27867,671922
"J.T. Ginn","OAK",8,0,0,0,0,0,0,0,0,0,0,0,0,0,,,0,0,0,0,"J.T. Ginn",27889,669372
"Austin Kitchen","MIA",4,0,0,0,0,0,0,0,0,0,0,0,0,0,,,0,0,0,0,"Austin Kitchen",27910,685116
"Daniel Palencia","CHC",10,0,0,0,0,0,0,0,0,0,0,0,0,0,,,0,0,0,0,"Daniel Palencia",27914,694037
"John McMillon","MIA",10,0,0,0,0,0,0,0,0,0,0,0,0,0,,,0,0,0,0,"John McMillon",27942,669111
"Cristian Mena","ARI",1,0,0,0,0,0,0,0,0,0,0,0,0,0,,,0,0,0,0,"Cristian Mena",27974,691441
"Luke Little","CHC",30,0,0,0,0,0,0,0,0,0,0,0,0,0,,,0,0,0,0,"Luke Little",28036,681432
"Yilber Díaz","ARI",7,0,0,0,0,0,0,0,0,0,0,0,0,0,,,0,0,0,0,"Yilber Diaz",29271,700270
"River Ryan","LAD",4,0,0,0,0,0,0,0,0,0,0,0,0,0,,,0,0,0,0,"River Ryan",29514,689981
"Gordon Graceffo","STL",2,0,0,0,0,0,0,0,0,0,0,0,0,0,,,0,0,0,0,"Gordon Graceffo",29519,700669
"Ryan Loutos","STL",3,0,0,0,0,0,0,0,0,0,0,0,0,0,,,0,0,0,0,"Ryan Loutos",29521,702795
"Fraser Ellard","CHW",25,0,0,0,0,0,0,0,0,0,0,0,0,0,,,0,0,0,0,"Fraser Ellard",29530,686642
"Joe Boyle","OAK",13,0,0,0,0,0,0,0,0,0,0,0,0,0,,,0,0,0,0,"Joe Boyle",29608,671212
"Alek Jacob","SDP",7,0,0,0,0,0,0,0,0,0,0,0,0,0,,,0,0,0,0,"Alek Jacob",29628,689690
"Mason Montgomery","TBR",9,0,0,0,0,0,0,0,0,0,0,0,0,0,,,0,0,0,0,"Mason Montgomery",29770,682254
"Robert Gasser","MIL",5,0,0,0,0,0,0,0,0,0,0,0,0,0,,,0,0,0,0,"Robert Gasser",29812,688107
"Ky Bush","CHW",4,0,0,0,0,0,0,0,0,0,0,0,0,0,,,0,0,0,0,"Ky Bush",29823,681066
"Nick Nastrini","CHW",9,0,0,0,0,0,0,0,0,0,0,0,0,0,,,0,0,0,0,"Nick Nastrini",29833,680897
"Bryce Miller","SEA",31,0,0,0,0,0,0,0,0,0,0,0,0,0,,,0,0,0,0,"Bryce Miller",29837,682243
"Chayce McDermott","BAL",1,0,0,0,0,0,0,0,0,0,0,0,0,0,,,0,0,0,0,"Chayce McDermott",29866,694646
"Michael McGreevy","STL",4,0,0,0,0,0,0,0,0,0,0,0,0,0,,,0,0,0,0,"Michael McGreevy",29869,700241
"Sean Burke","CHW",4,0,0,0,0,0,0,0,0,0,0,0,0,0,,,0,0,0,0,"Sean Burke",29878,680732
"James Meeker","MIL",1,0,0,0,0,0,0,0,0,0,0,0,0,0,,,0,0,0,0,"James Meeker",29891,703231
"Andrew Abbott","CIN",25,0,0,0,0,0,0,0,0,0,0,0,0,0,,,0,0,0,0,"Andrew Abbott",29911,671096
"Spencer Arrighetti","HOU",29,0,0,0,0,0,0,0,0,0,0,0,0,0,,,0,0,0,0,"Spencer Arrighetti",29921,681293
"Dylan Dodd","ATL",1,0,0,0,0,0,0,0,0,0,0,0,0,0,,,0,0,0,0,"Dylan Dodd",29928,689266
"Grant Hartwig","NYM",4,0,0,0,0,0,0,0,0,0,0,0,0,0,,,0,0,0,0,"Grant Hartwig",29946,701643
"Jordan Leasure","CHW",33,0,0,0,0,0,0,0,0,0,0,0,0,0,,,0,0,0,0,"Jordan Leasure",29950,673929
"AJ Smith-Shawver","ATL",1,0,0,0,0,0,0,0,0,0,0,0,0,0,,,0,0,0,0,"AJ Smith-Shawver",29960,700363
"Grant Holman","OAK",18,0,0,0,0,0,0,0,0,0,0,0,0,0,,,0,0,0,0,"Grant Holman",30002,680880
"Evan Justice","COL",1,0,0,0,0,0,0,0,0,0,0,0,0,0,,,0,0,0,0,"Evan Justice",30008,687145
"Julian Aguiar","CIN",7,0,0,0,0,0,0,0,0,0,0,0,0,0,,,0,0,0,0,"Julian Aguiar",30031,687924
"Cade Povich","BAL",16,0,0,0,0,0,0,0,0,0,0,0,0,0,,,0,0,0,0,"Cade Povich",30055,700249
"David Festa","MIN",14,0,0,0,0,0,0,0,0,0,0,0,0,0,,,0,0,0,0,"David Festa",30056,701581
"Chase Silseth","LAA",2,0,0,0,0,0,0,0,0,0,0,0,0,0,,,0,0,0,0,"Chase Silseth",30074,681217
"Landen Roupp","SFG",23,0,0,0,0,0,0,0,0,0,0,0,0,0,,,0,0,0,0,"Landen Roupp",30076,694738
"Ben Casparius","LAD",3,0,0,0,0,0,0,0,0,0,0,0,0,0,,,0,0,0,0,"Ben Casparius",30085,676508
"Jordan Wicks","CHC",11,0,0,0,0,0,0,0,0,0,0,0,0,0,,,0,0,0,0,"Jordan Wicks",30094,696136
"Jack Neely","CHC",6,0,0,0,0,0,0,0,0,0,0,0,0,0,,,0,0,0,0,"Jack Neely",30106,680891
"Christian Scott","NYM",9,0,0,0,0,0,0,0,0,0,0,0,0,0,,,0,0,0,0,"Christian Scott",30107,681035
"Robert Suarez","SDP",65,0,0,0,0,0,0,0,0,0,0,0,0,0,,,0,0,0,0,"Robert Suarez",30115,663158
"Gavin Williams","CLE",16,0,0,0,0,0,0,0,0,0,0,0,0,0,,,0,0,0,0,"Gavin Williams",30122,668909
"Brant Hurter","DET",10,0,0,0,0,0,0,0,0,0,0,0,0,0,,,0,0,0,0,"Brant Hurter",30133,676428
"Tanner Bibee","CLE",31,0,0,0,0,0,0,0,0,0,0,0,0,0,,,0,0,0,0,"Tanner Bibee",30134,676440
"Ty Madden","DET",6,0,0,0,0,0,0,0,0,0,0,0,0,0,,,0,0,0,0,"Ty Madden",30140,680744
"Jack Leiter","TEX",9,0,0,0,0,0,0,0,0,0,0,0,0,0,,,0,0,0,0,"Jack Leiter",30146,683004
"Richard Fitts","BOS",4,0,0,0,0,0,0,0,0,0,0,0,0,0,,,0,0,0,0,"Richard Fitts",30160,690916
"Carlos Rodriguez","MIL",3,0,0,0,0,0,0,0,0,0,0,0,0,0,,,0,0,0,0,"Carlos Rodriguez",30161,692230
"Mason Black","SFG",9,0,0,0,0,0,0,0,0,0,0,0,0,0,,,0,0,0,0,"Mason Black",30171,696131
"Will Warren","NYY",6,0,0,0,0,0,0,0,0,0,0,0,0,0,,,0,0,0,0,"Will Warren",30182,701542
"Jackson Jobe","DET",2,0,0,0,0,0,0,0,0,0,0,0,0,0,,,0,0,0,0,"Jackson Jobe",30203,695549
"Spencer Bivens","SFG",27,0,0,0,0,0,0,0,0,0,0,0,0,0,,,0,0,0,0,"Spencer Bivens",30226,702352
"Jaden Hill","COL",9,0,0,0,0,0,0,0,0,0,0,0,0,0,,,0,0,0,0,"Jaden Hill",30250,677955
"Bryan Woo","SEA",22,0,0,0,0,0,0,0,0,0,0,0,0,0,,,0,0,0,0,"Bryan Woo",30279,693433
"Luis Guerrero","BOS",9,0,0,0,0,0,0,0,0,0,0,0,0,0,,,0,0,0,0,"Luis Guerrero",31184,692285
"Justin Wrobleski","LAD",8,0,0,0,0,0,0,0,0,0,0,0,0,0,,,0,0,0,0,"Justin Wrobleski",31204,680736
"Chris Roycroft","STL",27,0,0,0,0,0,0,0,0,0,0,0,0,0,,,0,0,0,0,"Chris Roycroft",31261,688297
"Ben Joyce","LAA",31,0,0,0,0,0,0,0,0,0,0,0,0,0,,,0,0,0,0,"Ben Joyce",31461,690829
"Caden Dana","LAA",3,0,0,0,0,0,0,0,0,0,0,0,0,0,,,0,0,0,0,"Caden Dana",31508,702674
"Victor Mederos","LAA",4,0,0,0,0,0,0,0,0,0,0,0,0,0,,,0,0,0,0,"Victor Mederos",31533,682989
"Hayden Birdsong","SFG",16,0,0,0,0,0,0,0,0,0,0,0,0,0,,,0,0,0,0,"Hayden Birdsong",31635,806185
"Jonathan Cannon","CHW",23,0,0,0,0,0,0,0,0,0,0,0,0,0,,,0,0,0,0,"Jonathan Cannon",31730,686563
"Mason Miller","OAK",55,0,0,0,0,0,0,0,0,0,0,0,0,0,,,0,0,0,0,"Mason Miller",31757,695243
"Orion Kerkering","PHI",64,0,0,0,0,0,0,0,0,0,0,0,0,0,,,0,0,0,0,"Orion Kerkering",31776,689147
"Zebby Matthews","MIN",9,0,0,0,0,0,0,0,0,0,0,0,0,0,,,0,0,0,0,"Zebby Matthews",31827,805673
"Kodai Senga","NYM",1,0,0,0,0,0,0,0,0,0,0,0,0,0,,,0,0,0,0,"Kodai Senga",31838,673540
"Kumar Rocker","TEX",3,0,0,0,0,0,0,0,0,0,0,0,0,0,,,0,0,0,0,"Kumar Rocker",31843,677958
"Spencer Schwellenbach","ATL",21,0,0,0,0,0,0,0,0,0,0,0,0,0,,,0,0,0,0,"Spencer Schwellenbach",31846,680885
"Troy Taylor","SEA",21,0,0,0,0,0,0,0,0,0,0,0,0,0,,,0,0,0,0,"Troy Taylor",31883,700187
"Adam Mazur","SDP",8,0,0,0,0,0,0,0,0,0,0,0,0,0,,,0,0,0,0,"Adam Mazur",31900,800049
"Drew Thorpe","CHW",9,0,0,0,0,0,0,0,0,0,0,0,0,0,,,0,0,0,0,"Drew Thorpe",31967,689672
"Jake Bloss","HOU",3,0,0,0,0,0,0,0,0,0,0,0,0,0,,,0,0,0,0,"Jake Bloss",33168,814005
"Seth Halvorsen","COL",12,0,0,0,0,0,0,0,0,0,0,0,0,0,,,0,0,0,0,"Seth Halvorsen",33294,678020
"Hurston Waldrep","ATL",2,0,0,0,0,0,0,0,0,0,0,0,0,0,,,0,0,0,0,"Hurston Waldrep",33527,694462
"Paul Skenes","PIT",23,0,0,0,0,0,0,0,0,0,0,0,0,0,,,0,0,0,0,"Paul Skenes",33677,694973
"Yoshinobu Yamamoto","LAD",18,0,0,0,0,0,0,0,0,0,0,0,0,0,,,0,0,0,0,"Yoshinobu Yamamoto",33825,808967
"Yuki Matsui","SDP",64,0,0,0,0,0,0,0,0,0,0,0,0,0,,,0,0,0,0,"Yuki Matsui",33826,673513
"Naoyuki Uwasawa","BOS",2,0,0,0,0,0,0,0,0,0,0,0,0,0,,,0,0,0,0,"Naoyuki Uwasawa",33828,683822
"Shota Imanaga","CHC",29,0,0,0,0,0,0,0,0,0,0,0,0,0,,,0,0,0,0,"Shota Imanaga",33829,684007
"Andrew Walters","CLE",9,0,0,0,0,0,0,0,0,0,0,0,0,0,,,0,0,0,0,"Andrew Walters",33834,689958
"Yariel Rodríguez","TOR",21,0,0,0,0,0,0,0,0,0,0,0,0,0,,,0,0,0,0,"Yariel Rodriguez",33838,684320
"Rhett Lowder","CIN",6,0,0,0,0,0,0,0,0,0,0,0,0,0,,,0,0,0,0,"Rhett Lowder",33876,695076
"Scott McGough","ARI",26,1,0,0,0,0,0,1,0,0,0,0,0,0,0,-100,0,-0.2530045047844534,0.2194138765335083,-0.000013722355275937875,"Scott McGough",12056,543518
"Sam Huff","TEX",3,4,0,0,0,0,0.25,0.5,0,0,0,0.25,0,0.17228268086910248,0.3797827363014221,6.6123831166521745,-0.007892422378063202,-0.43531247326439887,0.30223799869418144,-0.00006560107567166011,"Sam Huff",22209,669087
"José Azocar","SDP",61,79,0,13,2,5,0.063291139,0.240506329,0.02739726,0.296296296,0.219178082,0.269230769,0.246575342,0.23459610037314585,0.26949647756723255,50.95726410460042,1.000971831381321,-3.6320363315034276,0.9866923093795776,-0.00022524877676596833,"Jose Azocar",18821,640492
"Carlos Narváez","NYY",6,15,0,0,0,0,0.133333333,0.4,0,0.428571428,0.23076923,0.333333333,0.23076923,0.2682262380917867,0.3057507832845052,73.81837412420977,-0.1975444033741951,-0.6469034393035351,0.10655666887760162,-0.004513180674553391,"Carlos Narvaez",19722,665966
"Oscar Colás","CHW",13,38,0,1,4,0,0.105263157,0.263157894,0,0.391304347,0.272727272,0.368421052,0.272727272,0.30031871795654297,0.29926258808857686,94.9800423703911,-0.45387784391641617,-0.6721454350860344,-0.6318235993385315,-0.004729690349857239,"Oscar Colas",30162,693049
"Eric Wagaman","LAA",18,74,2,6,10,0,0.027027027,0.229729729,0.152777777,0.301886792,0.25,0.27027027,0.402777777,0.2898450292445518,0.30993600087623074,86.67346819105845,0.0958670899271965,-1.0325105391333762,-1.5050698816776276,-0.009032016813216349,"Eric Wagaman",23395,676572
"Drew Waters","KCR",7,19,0,2,1,0,0.105263157,0.315789473,0.0625,0.3,0.1875,0.315789473,0.25,0.26928005406731054,0.20081336874710887,70.33269538905502,0.37359584122896194,-0.27137086882181227,-0.4527024179697037,-0.009810009625805596,"Drew Waters",20505,671221
"J.P. Martínez","ATL",7,10,0,2,0,1,0,0.4,0.1,0.333333333,0.2,0.2,0.3,0.21361568570137024,0.09350000619888306,32.705403123404636,0.25245286524295807,-0.5522609924837963,0.11906072497367859,-0.010185525426117961,"J.P. Martinez",24451,679881
"Kevin Smith","NYY",2,0,0,0,0,0,0,0,0,0,0,0,0,0,,,0,0,-0.10802468657493591,-0.011156544368826746,"Kevin Smith",20242,675656
"José Devers","MIA",3,4,0,1,0,0,0,0.25,0,0.333333333,0.25,0.25,0.25,0.22042767703533173,0.3397499918937683,36.436556919083465,-0.09841979295015335,-0.4024583688009828,0.145451158285141,-0.012721355326056652,"Jose Devers",20540,672701
"Jhonny Pereda","MIA",20,40,0,2,4,0,0,0.25,0,0.310344827,0.23076923,0.25,0.23076923,0.21638970971107482,0.2554713010787964,33.71872812274807,-0.1689426526427269,-3.339328416907832,1.8750524818897247,-0.013009435422269539,"Jhonny Pereda",19802,640902
"René Pinto","TBR",19,49,2,5,6,0,0.081632653,0.367346938,0.214285714,0.304347826,0.214285714,0.291666666,0.428571428,0.3097107994059722,0.33549296855926514,105.69773165615617,-0.9683108255267143,-0.6488602469901761,-1.1196072101593018,-0.0150874544048578,"Rene Pinto",19859,650907
"David Bañuelos","BAL",1,1,0,0,0,0,0,0,0,0,0,0,0,0,0.01899999938905239,-100,0,-0.24547305558573057,0,-0.021932392724736315,"David Banuelos",23250,675915
"Chris Roller","MIL",1,1,0,0,0,0,0,1,0,0,0,0,0,0,0,-100,0,-0.2509641856397276,0.004960683058016002,-0.02195124175124575,"Chris Roller",23557,676896
"Eric Yang","CIN",1,1,0,0,0,0,0,1,0,0,0,0,0,0,0,-100,0,-0.2575758159602766,0,-0.023146404003055364,"Eric Yang",27698,687066
"DaShawn Keirsey Jr.","MIN",6,14,1,1,1,0,0,0.071428571,0.230769231,0.09090909,0.153846153,0.214285714,0.384615384,0.2608224153518677,0.33453069414411274,66.686887611043,-0.015784844756126404,-0.5494254315578657,-0.16910536959767342,-0.026335129947987465,"DaShawn Keirsey Jr.",24496,680577
"Willie Calhoun","LAA",68,254,5,26,20,0,0.090551181,0.122047244,0.135371179,0.262886597,0.244541484,0.314960629,0.379912663,0.3045855199866615,0.3114801037452909,97.04223040442868,-1.800837680697441,-2.6604520455430176,-6.0104658007621765,-0.026957897332707592,"Willie Calhoun",17838,641432
"David Fletcher","ATL",5,9,0,0,2,0,0,0.111111111,0,0.25,0.25,0.222222222,0.25,0.19593571292029488,0.14011111524369982,20.8055695476896,-0.015784844756126404,-0.8680965122285668,0.29330943152308464,-0.028263731498309085,"David Fletcher",17992,664058
"Edouard Julien","MIN",94,301,8,36,21,6,0.109634551,0.338870431,0.12406015,0.288461538,0.19924812,0.292358803,0.32330827,0.2777747092056908,0.2862140401204427,78.61147730189563,-0.23951486498117447,-7.605874060385556,-2.655525803565979,-0.03050243390807822,"Edouard Julien",27534,666397
"Cristian Pache","- - -",88,183,1,13,16,1,0.092896174,0.349726775,0.078787878,0.316831683,0.2,0.273224043,0.278787878,0.2495609665177559,0.25799913467331365,56.00674871993663,0.2946646607015282,-9.353432880413802,2.901083191856742,-0.034074172414000306,"Cristian Pache",19948,665506
"Angel Martínez","CLE",43,169,3,16,11,3,0.088757396,0.195266272,0.105960265,0.273504273,0.231788079,0.297619047,0.337748344,0.28160526709897177,0.2813809939793178,83.2868947496598,0.647694930434227,-2.584142154637181,-3.3681002855300903,-0.03683738003615965,"Angel Martinez",26540,682657
"Seby Zavala","SEA",18,43,1,4,2,0,0.069767441,0.372093023,0.128205129,0.227272727,0.153846153,0.214285714,0.282051282,0.2207387543859936,0.2613683428083147,45.92484868678498,-0.06324500031769276,-2.723797335801865,0.9332268238067627,-0.03788725051217702,"Seby Zavala",18887,664874
"Daniel Johnson","BAL",1,1,0,1,0,0,0,0,0,0,0,0,0,0,0.26100000739097595,-100,0,-0.24547305558573057,-0.16589547926560044,-0.039065701172065606,"Daniel Johnson",19643,669288
"Billy McKinney","PIT",10,28,0,4,2,0,0.071428571,0.464285714,0.04,0.416666666,0.2,0.285714285,0.24,0.2457050872700555,0.231595584324428,52.91767663753459,-0.032630614936351776,-1.6090697274706673,0.29211223125457764,-0.039260019127134754,"Billy McKinney",15654,641856
"Yuli Gurriel","KCR",18,65,0,7,6,1,0.138461538,0.23076923,0.055555556,0.31707317,0.24074074,0.338461538,0.296296296,0.288963415989509,0.32435132540189304,84.1783741321612,0.08615019544959068,-1.0905615125622936,-1.4946229606866837,-0.04472401944704285,"Yuli Gurriel",19198,493329
"Jakson Reetz","SFG",6,15,1,1,1,0,0.066666666,0.333333333,0.285714286,0.125,0.142857142,0.2,0.428571428,0.266212530930837,0.2675423304239909,70.91723367954314,-0.007262009370606393,-0.5289228744029985,-0.415010005235672,-0.045655622703443456,"Jakson Reetz",17837,656883
"Jackson Holliday","BAL",60,208,5,28,23,4,0.072115384,0.331730769,0.121052631,0.264957264,0.189473684,0.254807692,0.310526315,0.25127773388073993,0.26281246772179234,62.21885661712603,0.7976668626070023,-8.194079322179011,0.8632902354001999,-0.04584976971973412,"Jackson Holliday",31781,702616
"Jacob Hurtubise","CIN",29,68,0,7,4,2,0.088235294,0.264705882,0.055555555,0.27027027,0.185185185,0.296875,0.24074074,0.2530218781903386,0.2683040499687195,54.90200958792006,0.7211610451340675,-2.9459780829314344,0.22313809394836426,-0.046238712410927474,"Jacob Hurtubise",27599,674441
"Bryce Johnson","SDP",47,73,0,9,4,1,0.09589041,0.164383561,0.031746032,0.25490196,0.206349206,0.285714285,0.238095238,0.24330893073763166,0.2925988061087472,56.82159617086911,-0.2502117082476616,-4.01942512445477,1.1145238280296326,-0.047764383559774665,"Bryce Johnson",20002,669369
"Thomas Saggese","STL",18,52,1,5,4,0,0.038461538,0.269230769,0.102040816,0.264705882,0.204081632,0.25,0.306122448,0.24671022708599383,0.2508290914388803,57.55007788383044,-0.09834869764745235,-2.737969399655928,0.5185787677764893,-0.04953066930135779,"Thomas Saggese",27883,695336
"Nick Yorke","PIT",11,42,2,4,5,2,0.095238095,0.285714285,0.162162162,0.25,0.216216216,0.285714285,0.378378378,0.2891906982376462,0.3790902410234724,82.18647358989861,0.14004124701023102,-0.7546238128103105,-1.2015471714548767,-0.0569003563719073,"Nick Yorke",27504,694377
"Anthony Rendon","LAA",57,238,0,21,14,6,0.096638655,0.147058823,0.04854369,0.257142857,0.218446601,0.306722689,0.266990291,0.2640979117205163,0.29907313479652886,68.56241992563189,1.1794259175658226,-7.381715539431532,-1.1201379224658012,-0.064209425652801,"Anthony Rendon",12861,543685
"Jonah Heim","TEX",131,491,13,45,59,1,0.052953156,0.183299389,0.11546841,0.245810055,0.220043572,0.266802443,0.335511982,0.2652030060344704,0.2812835381955517,71.97443742576449,-2.868619479238987,-18.613575022197413,1.7308753728866577,-0.06462888776856479,"Jonah Heim",16930,641680
"Conner Capel","CIN",5,8,0,1,0,1,0,0.25,0,0.333333333,0.25,0.25,0.25,0.22042767703533173,0.1821250021457672,32.963878003626455,0.18393257790012285,-0.45736581861354775,-0.4388850964605808,-0.06491922792218294,"Conner Capel",19983,668843
"Tommy Pham","- - -",116,478,9,49,39,7,0.073221757,0.221757322,0.120454546,0.306748466,0.247727272,0.30543933,0.368181818,0.29656240730604866,0.32114698701934496,91.57660423101687,-3.1687653958797455,-7.838399700776726,-8.659395098686218,-0.06656343768457657,"Tommy Pham",2967,502054
"Orelvis Martinez","TOR",1,3,0,0,0,0,0,0.333333333,0,0.5,0.333333333,0.333333333,0.333333333,0.2939035693804423,0.29533334573109943,91.34539631080749,-0.038069527596235275,-0.06777757085203769,-0.6771437497809529,-0.06667526132310236,"Orelvis Martinez",25967,682619
"Tyler Black","MIL",18,57,0,4,2,3,0.122807017,0.298245614,0.040816327,0.3125,0.204081632,0.315789473,0.244897959,0.2650295621470401,0.256406215199253,68.51301273440671,0.5905075147747993,-1.5556779466193036,-1.0000682771205902,-0.06699150383321548,"Tyler Black",29949,672012
"Josh Bell","- - -",145,603,19,62,71,0,0.084577114,0.199004975,0.156133829,0.286069651,0.249070631,0.319397993,0.40520446,0.31676103881056383,0.31214686435481115,101.48972844108862,-4.081170246005058,-3.006968866711265,-17.85874891281128,-0.0713327545450857,"Josh Bell",13145,605137
"Dillon Dingler","DET",27,87,1,2,11,0,0.034482758,0.344827586,0.142857143,0.245283018,0.166666666,0.195402298,0.309523809,0.2167737271593905,0.2866039714593997,36.21934684863592,0.24362198263406754,-6.105502212045767,2.5319763720035553,-0.07156851498482963,"Dillon Dingler",27464,693307
"Blaze Alexander","ARI",61,185,3,19,21,3,0.081081081,0.264864864,0.096385542,0.333333333,0.246987951,0.320652173,0.343373493,0.29761154982058896,0.2618721049764882,88.73669676858748,0.06328999251127243,-2.4284274316716683,-4.473439693450928,-0.07355249540566108,"Blaze Alexander",23789,677942
"David Villar","SFG",11,37,1,3,4,0,0.027027027,0.351351351,0.2,0.363636363,0.257142857,0.27027027,0.457142857,0.3049559254904051,0.31939743660591746,96.99419392863474,-0.25871335715055466,-0.39170488206746706,-1.5610610246658325,-0.0738258950247899,"David Villar",24782,681584
"Vinny Capra","MIL",3,9,0,1,0,0,0,0.333333333,0.111111111,0.166666666,0.111111111,0.111111111,0.222222222,0.13938290543026394,0.056777775287628174,-16.05579983045583,0.19857892394065857,-1.0504446716379348,0.027784138917922974,-0.07451908476474517,"Vinny Capra",25040,681962
"Miguel Sanó","LAA",28,95,2,9,6,0,0.094736842,0.378947368,0.108433735,0.326086956,0.204819277,0.294736842,0.313253012,0.27458578599126715,0.3163030299734562,75.93980486753753,-0.5736238434910774,-3.1889650585536344,-0.7227962017059326,-0.07914464420294968,"Miguel Sano",12164,593934
"Ryan McKenna","- - -",13,15,2,4,2,1,0.066666666,0.333333333,0.428571428,0.142857142,0.214285714,0.266666666,0.642857142,0.37800424098968505,0.24384072919686636,157.17488284564723,-0.031130917370319366,0.8289735100442575,-2.1120958253741264,-0.08100974653570575,"Ryan McKenna",19928,663630
"Edwin Rios","CIN",5,10,0,1,0,0,0.1,0.4,0,0.2,0.111111111,0.2,0.111111111,0.1570841431617737,0.22951312065124513,-9.670662248599024,0.13894234597682953,-1.1725076930115468,0.020091474056243896,-0.08446451597426446,"Edwin Rios",18316,621458
"Gustavo Campero","LAA",13,48,1,6,6,3,0,0.166666666,0.108695652,0.27027027,0.239130434,0.270833333,0.347826086,0.27115207289656,0.259288211663564,73.52446095458052,0.48984269239008427,-0.9642485403057801,-1.5208152532577515,-0.09251540419118358,"Gustavo Campero",22707,672569
"Jerar Encarnacion","SFG",35,119,5,13,19,1,0.042016806,0.285714285,0.176991151,0.306666666,0.24778761,0.277310924,0.424778761,0.301149013162661,0.35248109849832826,94.43188098288272,-1.1417657658457756,-1.9341152060077966,-2.9644224047660828,-0.09471230829739047,"Jerar Encarnacion",21871,666464
"Luis Vázquez","CHC",11,14,0,2,1,0,0,0.428571428,0,0.142857142,0.083333333,0.142857142,0.083333333,0.11442162309374128,0.16851372378213064,-31.838270316222772,-0.015784844756126404,-2.2229295968888763,0.7503184974193573,-0.10371175039565754,"Luis Vazquez",23442,676679
"Brian Anderson","ATL",3,5,0,0,0,0,0,0.4,0,0,0,0,0,0,0.47999396324157717,-100,0,-1.2620109992449904,0.07286258041858673,-0.10553534150913875,"Brian Anderson",18289,605119
"Aramis Garcia","PHI",3,7,0,0,0,0,0,0.428571428,0,0,0,0,0,0,0.1142380918775286,-100,0,-1.7761753845329677,0.5171622075140476,-0.1058399321816419,"Aramis Garcia",16925,605244
"Jon Singleton","HOU",119,405,13,46,42,0,0.116049382,0.274074074,0.152112676,0.299145299,0.233802816,0.320987654,0.385915492,0.31187060688748774,0.31448121934611506,103.95487914254254,-3.947581894695759,-2.114871483477998,-12.357159614562988,-0.1097381262710766,"Jon Singleton",10441,572138
"Sandro Fabian","TEX",3,5,0,0,0,0,0,0,0,0,0,0,0,0,0.20163846015930176,-100,0,-1.227592632395568,-0.021394453942775726,-0.1118950149058036,"Sandro Fabian",19910,660758
"Nick Maton","BAL",5,5,0,0,0,0,0,0.4,0,0,0,0,0,0,0.10360000133514405,-100,0,-1.2273652779286528,-0.026769809424877167,-0.11242668876256455,"Nick Maton",21635,665155
"Brett Sullivan","SDP",7,17,1,1,2,0,0.058823529,0.235294117,0.1875,0.181818181,0.1875,0.235294117,0.375,0.26483313125722546,0.18060128829058478,71.30885852161498,-0.08086849376559258,-0.664122905896039,-1.0130427777767181,-0.11447135903115224,"Brett Sullivan",18217,664954
"Tyler Gentry","KCR",3,5,0,0,0,0,0,0.4,0,0,0,0,0,0,0.07680000066757202,-100,0,-1.2533923911278868,-0.035275764763355255,-0.11599318567681814,"Tyler Gentry",27784,694355
"Alex Jackson","TBR",58,155,3,17,12,1,0.077419354,0.341935483,0.115107913,0.166666666,0.122302158,0.201298701,0.237410071,0.20007716874023537,0.2242071226045683,28.57919694455111,0.6061330959200859,-12.060524609183702,5.801960110664368,-0.1163467265790527,"Alex Jackson",17276,656577
"Jair Camargo","MIN",5,7,0,1,0,0,0.142857142,0.428571428,0,0,0,0.142857142,0,0.0984472462109157,0.17416157041277205,-47.531122334081566,0.015582490712404251,-1.1660632494793217,-0.21729482343653217,-0.118933531059945,"Jair Camargo",21730,665856
"Luken Baker","STL",21,49,2,3,10,1,0.142857142,0.224489795,0.225,0.172413793,0.175,0.285714285,0.4,0.2941351739727721,0.29906362416792887,89.47031793611521,-0.23905986547470093,-0.85604204816073,-1.9455754160881042,-0.12002805905087463,"Luken Baker",21497,663609
"Kevin Alcántara","CHC",3,10,0,1,0,0,0,0.1,0,0.111111111,0.1,0.1,0.1,0.0881710708141327,0.2072000026702881,-49.506691374671306,0.08438169211149216,-1.7034305834074377,0.20258882641792297,-0.12044911447263158,"Kevin Alcantara",25971,682634
"Taylor Trammell","- - -",10,8,0,2,0,0,0.125,0.375,0,0.25,0.142857142,0.25,0.142857142,0.1963551789522171,0.16101637482643127,34.405882930748305,-0.2207370549440384,-0.955625973691511,-0.5025681406259537,-0.12302731436679801,"Taylor Trammell",19960,666211
"Grant Koch","PIT",3,8,0,1,0,0,0.125,0.75,0,0,0,0.125,0,0.08614134043455124,0.08726637810468674,-54.47966246315017,-0.03761054947972298,-1.515434100146191,0.0563279427587986,-0.12304963943454221,"Grant Koch",22045,667428
"Duke Ellis","- - -",11,5,0,1,0,5,0,0.4,0,0.333333333,0.2,0.2,0.2,0.1763421416282654,0.26099998950958253,21.071175746330503,0.9920336584618781,0.46601161403427116,-1.8953181826509535,-0.13051800163584723,"Duke Ellis",27543,668752
"Rafael Ortega","CHW",14,17,0,4,1,2,0.117647058,0.235294117,0,0.09090909,0.071428571,0.176470588,0.071428571,0.1329395385349498,0.2810382843017578,-22.757890596360273,0.37632273882627487,-2.011510239302688,0.1729702427983284,-0.13174861536742355,"Rafael Ortega",10323,542364
"Tony Kemp","BAL",5,10,0,1,0,0,0.1,0.1,0,0,0,0.1,0,0.06891307234764099,0.13855555322435167,-66.06017049536055,-0.0078078320366330445,-1.90788433286382,0.29085919819772243,-0.13280761328385787,"Tony Kemp",14894,643393
"Bubba Thompson","CIN",17,18,0,5,0,5,0,0.611111111,0.055555555,0.285714285,0.111111111,0.111111111,0.166666666,0.11867538094520569,0.19204122490353054,-35.52239199309306,1.2572806403040886,-1.6597759062176642,-0.24450519680976868,-0.1344718824304559,"Bubba Thompson",22261,669352
"Rob Brantly","TBR",3,9,0,0,0,0,0,0.222222222,0,0.142857142,0.111111111,0.111111111,0.111111111,0.09796785646014744,0.3292166656917996,-43.24657855547581,-0.07114772498607635,-1.5462847866470093,-0.07607261836528778,-0.1367778251897455,"Rob Brantly",10655,542963
"Andrew Knapp","SFG",3,6,0,0,0,0,0,0.333333333,0,0.25,0.166666666,0.166666666,0.166666666,0.14695178469022116,0.13566666841506958,-9.353423405291531,-0.007892422378063202,-0.7924863061824658,-0.7366556227207184,-0.1371936578383578,"Andrew Knapp",14942,595284
"Jared Walsh","TEX",17,60,1,9,7,0,0.116666666,0.35,0.094339622,0.354838709,0.226415094,0.316666666,0.320754716,0.28863024711608887,0.32845385869344074,88.45363722585434,-0.9788421392440796,-1.771529723933495,-1.5447439849376678,-0.1373267914826685,"Jared Walsh",18607,665120
"Andrew Vaughn","CHW",149,619,19,55,70,2,0.061389337,0.213247172,0.15614035,0.285377358,0.245614035,0.297253634,0.401754385,0.3037608829183994,0.32030227809276396,97.40133149930215,-2.464121624827385,-4.304669585203937,-17.535244941711426,-0.13890187263704878,"Andrew Vaughn",26197,683734
"Luis De Los Santos","TOR",13,31,0,2,1,0,0.064516129,0.322580645,0.068965517,0.263157894,0.172413793,0.225806451,0.24137931,0.21071889900392102,0.21981490042901808,32.83160039845473,-0.024332676082849503,-2.406829343592649,0.033945340663194656,-0.1390613513357097,"Luis De Los Santos",21682,665782
"Jasson Domínguez","NYY",18,67,2,8,4,5,0.164179104,0.283582089,0.125,0.228571428,0.178571428,0.313432835,0.303571428,0.2851653917511897,0.31402532982103754,85.73372073396261,-0.12803104519844055,-1.2217132133871917,-2.357680022716522,-0.140564628948391,"Jasson Dominguez",28080,691176
"Jonathan Ornelas","TEX",18,40,0,1,3,0,0.05,0.325,0.054054054,0.333333333,0.216216216,0.256410256,0.27027027,0.2353184100909111,0.2462455064822466,50.95300234584489,-0.15322576463222504,-2.398027691567256,-0.293901264667511,-0.14123602557044884,"Jonathan Ornelas",24597,680716
"Adolis García","TEX",154,637,25,68,85,11,0.070643642,0.277864992,0.175862069,0.2734375,0.224137931,0.284144427,0.4,0.2958071366069824,0.3087941359270258,93.50200785778486,-0.7065470740199089,-5.4426836925070585,-17.025653839111328,-0.1422528454253681,"Adolis Garcia",19287,666969
"Liover Peguero","PIT",3,10,0,0,2,0,0,0.3,0.1,0.285714285,0.2,0.2,0.3,0.21361568570137024,0.2687000036239624,31.319309776903175,-0.007892422378063202,-0.8291812887355702,-0.894498348236084,-0.14346330478320873,"Liover Peguero",24273,678894
"Andrew Benintendi","CHW",135,522,20,50,64,3,0.078544061,0.183908045,0.167714885,0.244505494,0.22851153,0.28927203,0.396226415,0.29789751367697104,0.31031083327073317,93.27691783511646,-1.89056596159935,-5.906111258814889,-12.787138938903809,-0.14561371665037376,"Andrew Benintendi",17901,643217
"Jamie Westbrook","BOS",21,48,2,4,7,0,0.083333333,0.291666666,0.2,0.153846153,0.15,0.234042553,0.35,0.2520904426879071,0.3079791373394905,57.03846201310828,-0.817678339779377,-3.177214650737982,0.17666998505592346,-0.1457530983092076,"Jamie Westbrook",15504,642197
"Danny Mendick","CHW",47,141,3,13,8,6,0.042553191,0.24822695,0.121212122,0.244680851,0.196969696,0.242857142,0.318181818,0.24723211441721235,0.2610251017979213,57.63784132396944,0.8955755978822708,-5.938862316892161,-0.14737862348556519,-0.14642264057362026,"Danny Mendick",18889,664901
"Matt Thaiss","LAA",57,186,2,14,16,3,0.150537634,0.311827956,0.095541401,0.306122448,0.203821656,0.322580645,0.299363057,0.28602592823325945,0.2945743068572014,83.9870345473123,-1.3568192198872566,-4.764746494108062,-2.83765709400177,-0.14913065562187233,"Matt Thaiss",19318,642136
"Brewer Hicklen","MIL",3,5,0,0,0,1,0,0.8,0,0,0,0,0,0,0.052799999713897705,-100,0.20000000298023224,-1.0548209252184058,-0.6273086331784725,-0.156449314333281,"Brewer Hicklen",20450,676551
"Cooper Hummel","HOU",6,8,0,0,0,1,0,0.25,0,0,0,0,0,0,0.18161538243293762,-100,0.20000000298023224,-1.7718968126734773,-0.03790736198425293,-0.1595564091081651,"Cooper Hummel",19458,669450
"Trenton Brooks","SFG",12,29,0,3,1,1,0.137931034,0.206896551,0,0.157894736,0.12,0.24137931,0.12,0.18626396614929724,0.266955671639278,17.106369415320597,0.14159199828282,-2.7330280068891493,0.19716095924377441,-0.16169078870499778,"Trenton Brooks",19384,670092
"Taylor Walls","TBR",84,252,1,27,14,16,0.123015873,0.265873015,0.064220184,0.25490196,0.183486238,0.281746031,0.247706422,0.24518908820455038,0.2546540214901879,60.31184235627667,1.206762246787548,-10.236954172208755,0.31685614585876465,-0.16280940443502057,"Taylor Walls",22458,670764
"Brian Serven","TOR",28,71,0,6,3,0,0.070422535,0.309859154,0.063492064,0.243902439,0.158730158,0.242857142,0.222222222,0.21705837845802306,0.2435291290283203,37.290919709198555,0.08374015241861343,-5.010675633164353,1.055121660232544,-0.16573562728389163,"Brian Serven",19422,661531
"Jason Vosler","SEA",10,30,0,2,3,0,0.066666666,0.3,0.107142857,0.263157894,0.178571428,0.233333333,0.285714285,0.22892492413520812,0.3072060585021973,51.68316766360227,-0.012298939749598503,-1.6708365188019103,-0.9553983211517334,-0.16864635770356814,"Jason Vosler",16686,613564
"Luke Williams","ATL",37,52,0,8,4,3,0.076923076,0.25,0.065217392,0.272727272,0.195652173,0.274509803,0.260869565,0.2456925020498388,0.23692568610696232,54.295299268161834,-0.2422920987010002,-3.0843014173684637,-0.2903803177177906,-0.16884651145283303,"Luke Williams",19931,663897
"Austin Slater","- - -",84,212,2,24,18,3,0.122641509,0.283018867,0.056497175,0.294117647,0.209039548,0.320754716,0.265536723,0.2734358378176419,0.30697938406242514,76.20326407470345,-0.7586583569645882,-6.796280451782637,-1.9192755818367004,-0.17040806093091154,"Austin Slater",16153,596103
"Javier Sanoja","MIA",15,36,0,3,2,0,0.027777777,0.111111111,0.057142857,0.258064516,0.228571428,0.25,0.285714285,0.23578575750192007,0.23117030991448295,46.77359781037182,0.22775118798017502,-2.063595986042074,-0.7972508762031794,-0.17106587585731578,"Javier Sanoja",28253,691594
"Tyler Locklear","SEA",16,49,2,3,3,1,0.061224489,0.408163265,0.155555556,0.217391304,0.155555555,0.224489795,0.311111111,0.2381243949033776,0.2224053752665617,58.15426327044688,0.14558224566280842,-2.2005522538621523,-1.1525070369243622,-0.1787405013052868,"Tyler Locklear",31396,682988
"Forrest Wall","- - -",16,35,0,4,1,4,0.085714285,0.228571428,0,0.333333333,0.25,0.314285714,0.25,0.2606022238731384,0.24383028064455306,64.25738263287118,-0.40654351050034165,-1.9024886969800803,-0.9999404828995466,-0.1788158446794559,"Forrest Wall",16496,657088
"Isaac Collins","MIL",11,19,0,0,0,1,0.105263157,0.526315789,0,0.285714285,0.117647058,0.210526315,0.117647058,0.1653517296439723,0.1815927405106394,1.4229989282678375,0.1677113072364591,-2.0719919786895855,-0.32581258937716484,-0.18198642393182873,"Isaac Collins",25477,686555
"Levi Jordan","CIN",7,11,0,1,1,0,0,0.272727272,0.1,0.125,0.1,0.09090909,0.2,0.11404055898839777,0.1295454502105713,-38.64194486922196,0.04184426739811897,-1.7818356329859686,-0.3653489202260971,-0.18374648953564093,"Levi Jordan",25138,682119
"Alek Thomas","ARI",39,103,3,13,17,4,0.067961165,0.165048543,0.168421052,0.2,0.189473684,0.245098039,0.357894736,0.26245375941781435,0.3438255833644493,65.07309389637524,0.829724133014679,-3.472159176081961,-1.7899747490882874,-0.18755077358873784,"Alek Thomas",23792,677950
"Trey Cabbage","HOU",45,91,1,12,8,1,0.043956043,0.373626373,0.127906977,0.333333333,0.209302325,0.252747252,0.337209302,0.25821199521913635,0.26059395926339285,66.21031589680902,-0.11436957120895386,-3.6326554994016624,-1.2019890397787094,-0.18813596244781614,"Trey Cabbage",21078,663550
"Anthony Rizzo","NYY",92,375,8,38,35,0,0.072,0.173333333,0.106824926,0.259398496,0.228486646,0.301333333,0.335311572,0.2847893614768982,0.3024384765625,85.46921335986151,-2.795970283448696,-9.030820161455445,-5.219963073730469,-0.18947336324899855,"Anthony Rizzo",3473,519203
"Joey Gallo","WSN",76,260,10,24,27,3,0.123076923,0.392307692,0.174887892,0.232142857,0.161434977,0.276923076,0.336322869,0.27580061348584983,0.2863605749653113,75.04192074487909,-0.9347404018044472,-8.694455779361196,-1.8593478202819824,-0.19155809314911448,"Joey Gallo",14128,608336
"Tristan Gray","- - -",15,31,0,0,0,0,0.096774193,0.516129032,0.035714285,0.25,0.107142857,0.193548387,0.142857142,0.16404063663175028,0.21104492679719003,5.914092412010306,-0.05605677701532841,-3.5653994994145006,0.6730399634689093,-0.1924600646173967,"Tristan Gray",19877,656484
"Nick Loftin","KCR",57,171,1,15,14,1,0.111111111,0.140350877,0.047297297,0.216,0.189189189,0.282352941,0.236486486,0.24212010432692135,0.28612464455997244,51.22783209025848,0.11297819763422012,-9.429776893256788,1.8379963412880898,-0.1993261395326988,"Nick Loftin",27630,679845
"Niko Kavadas","LAA",30,106,4,11,8,1,0.103773584,0.386792452,0.150537635,0.270833333,0.182795698,0.283018867,0.333333333,0.2776129853050664,0.29117395293037845,78.0691986853155,-0.6107442229986191,-3.2706482869244446,-2.194685995578766,-0.2019795602473186,"Niko Kavadas",29782,694359
"Matt Carpenter","STL",59,157,4,15,15,0,0.095541401,0.324840764,0.138686131,0.333333333,0.233576642,0.314102564,0.372262773,0.3030310074488322,0.2898409211790407,95.45782364063197,-2.2001320868730545,-3.052888372745522,-4.1705242693424225,-0.20351334740166827,"Matt Carpenter",8090,572761
"DJ Stewart","NYM",74,194,5,16,19,1,0.159793814,0.24742268,0.120253165,0.216981132,0.177215189,0.324742268,0.297468354,0.29001115462214677,0.33014501067640867,87.82600709949088,0.019009679555892944,-2.8051942857656007,-5.711389780044556,-0.20921782177283926,"DJ Stewart",17766,621466
"Manuel Margot","MIN",129,343,4,37,31,5,0.061224489,0.157434402,0.098412698,0.273076923,0.238095238,0.289473684,0.336507936,0.2762483206757328,0.31005569906795727,77.53778443852727,0.9043356105685234,-7.911273359012229,-5.497644662857056,-0.21195166359080986,"Manuel Margot",14712,622534
"Ali Sánchez","MIA",31,96,0,5,4,2,0.041666666,0.25,0.023809524,0.229508196,0.166666666,0.211111111,0.19047619,0.1840681744946374,0.21809412638346354,11.964119405311806,-0.17638573050498962,-10.282686759809163,4.998338580131531,-0.2140331016199544,"Ali Sanchez",18551,645305
"Donovan Walton","SFG",9,25,1,3,2,0,0.08,0.28,0.136363636,0.142857142,0.136363636,0.24,0.272727272,0.23645943880081177,0.2740037155151367,50.891363216145166,-0.04011974821332842,-1.5082316913796774,-1.432824246585369,-0.21735954321472012,"Donovan Walton",19314,622268
"Patrick Wisdom","CHC",75,174,8,16,23,5,0.057471264,0.339080459,0.221518988,0.206521739,0.170886075,0.236994219,0.392405063,0.27137000092192193,0.2940554729727812,73.79874616905913,0.696168527007103,-4.755539732729701,-3.2025609612464905,-0.2206477564354085,"Patrick Wisdom",13602,621550
"Austin Martin","MIN",93,257,1,41,16,7,0.077821011,0.182879377,0.098712446,0.313513513,0.253218884,0.317647058,0.35193133,0.2973696701666888,0.302562848259421,92.39497300359855,0.961802564561367,-1.274545977966822,-9.417973756790161,-0.22548582910821474,"Austin Martin",27462,668885
"Sam Haggerty","SEA",8,16,0,1,1,1,0.0625,0.25,0,0.09090909,0.066666666,0.125,0.066666666,0.09817758947610855,0.19744569063186646,-40.28717761393315,0.18421515822410583,-2.3840719271759547,-0.34962250431999564,-0.22761764017424232,"Sam Haggerty",18054,664059
"Chas McCormick","HOU",94,267,5,32,27,8,0.063670411,0.269662921,0.095041322,0.273809523,0.210743801,0.270676691,0.305785123,0.25694491854287627,0.2857537520559211,65.31902828691172,-0.5242831408977509,-11.11945793893192,0.05689048767089844,-0.22950844579780433,"Chas McCormick",19599,676801
"Owen Miller","MIL",14,27,0,2,3,0,0,0.296296296,0.037037037,0.263157894,0.185185185,0.185185185,0.222222222,0.17708477709028456,0.1851717101203071,9.320144114856284,-0.033236061222851276,-2.960998735979457,-0.1969546228647232,-0.23284933346465558,"Owen Miller",24655,680911
"Zach Dezenzo","HOU",19,65,2,5,8,0,0.046153846,0.338461538,0.129032258,0.342105263,0.241935483,0.276923076,0.370967741,0.2826819144762479,0.3045452411358173,83.42295681876556,-0.004232056438922882,-1.237126890289628,-3.170923352241516,-0.23298545744070412,"Zach Dezenzo",31562,701305
"Joey Wendle","NYM",18,37,0,3,1,1,0.027027027,0.243243243,0.027777778,0.296296296,0.222222222,0.243243243,0.25,0.21933923863075874,0.2470920923593882,40.25896334959211,0.3596234768629074,-2.283611441032574,-1.2328678369522095,-0.23532266173276756,"Joey Wendle",13853,621563
"Esteury Ruiz","OAK",29,65,2,10,8,5,0.061538461,0.307692307,0.181818181,0.257142857,0.2,0.269841269,0.381818181,0.2807173596488105,0.28664940122574095,85.22321171336465,-1.0727141052484512,-2.171717452245926,-2.283778488636017,-0.23788554144505308,"Esteury Ruiz",21780,665923
"Kameron Misner","TBR",8,15,0,0,0,0,0,0.666666666,0,0.2,0.066666666,0.066666666,0.066666666,0.05878071387608846,0.08993333180745443,-70.81161491581807,-0.00909433327615261,-2.940758813100555,0.1325945183634758,-0.23872822570344135,"Kameron Misner",26374,670224
"Gabriel Arias","CLE",53,161,3,15,15,5,0.03726708,0.329192546,0.130718954,0.31632653,0.222222222,0.254658385,0.352941176,0.26335191208383313,0.27904190632127085,70.4471120681021,-0.9959823042154312,-6.440148947835808,-1.2261968553066254,-0.24122214068989062,"Gabriel Arias",22563,672356
"Johnathan Rodríguez","CLE",13,40,0,6,5,0,0.225,0.35,0.032258064,0.235294117,0.129032258,0.325,0.161290322,0.2525438696146011,0.25975449085235597,62.84451427701701,-0.05496593192219734,-1.7555125491745844,-1.9096580147743225,-0.24175020915494794,"Johnathan Rodriguez",22530,671286
"Andruw Monasterio","MIL",59,142,1,14,16,6,0.112676056,0.28169014,0.064,0.297619047,0.208,0.302816901,0.272,0.26550943372954783,0.29496894084231956,68.83599920278347,0.942139096558094,-4.349653758163451,-2.766661450266838,-0.24428418959722437,"Andruw Monasterio",19455,655316
"MJ Melendez","KCR",135,451,17,44,44,4,0.077605321,0.250554323,0.194174757,0.241134751,0.206310679,0.273333333,0.400485436,0.29195600084313306,0.3205319813319615,86.28341943176704,-1.1972518041729927,-8.275536200471876,-9.025489807128906,-0.24461296951871547,"MJ Melendez",22197,669004
"Travis Jankowski","TEX",104,207,1,19,12,11,0.057971014,0.212560386,0.042105263,0.255172413,0.2,0.265700483,0.242105263,0.2338507886670062,0.2452644679857337,49.9206474649965,1.7844592556357384,-10.076905413220373,0.8381612300872803,-0.24631854735649178,"Travis Jankowski",13768,608671
"Jeimer Candelario","CIN",112,463,20,47,56,4,0.058315334,0.246220302,0.203747073,0.256756756,0.224824355,0.27861771,0.428571428,0.30352834692765107,0.2850767454201125,88.89632507207074,-0.8084700778126717,-6.956118380834781,-10.968643188476562,-0.2513592795635782,"Jeimer Candelario",13621,600869
"Armando Alvarez","OAK",16,39,0,7,2,1,0.051282051,0.205128205,0.027027027,0.310344827,0.243243243,0.282051282,0.27027027,0.24836905797322592,0.2885568325336163,62.468755708564295,0.04153747111558914,-1.6332633973751485,-2.1235944777727127,-0.2546389736185166,"Armando Alvarez",19292,669137
"Jack López","LAA",27,71,1,4,6,0,0.028169014,0.352112676,0.089552239,0.390243902,0.253731343,0.285714285,0.343283582,0.2767663172313145,0.2032557224881822,77.47363507186628,-0.05288118124008179,-1.8828979595043354,-2.938412606716156,-0.2551490026138833,"Jack Lopez",13663,605346
"Davis Wendzel","TEX",27,49,1,2,2,0,0.020408163,0.244897959,0.106382979,0.147058823,0.127659574,0.163265306,0.234042553,0.17577465821285637,0.26884353160858154,9.068711292241678,0.12541811913251877,-4.972760338145525,0.854703925549984,-0.257747667186455,"Davis Wendzel",26469,673995
"Ben Rice","NYY",50,178,7,20,23,0,0.11235955,0.269662921,0.177631579,0.186274509,0.171052631,0.264044943,0.34868421,0.2687584282307143,0.3397093783603625,74.1927275361404,-0.4726739823818207,-5.728823571214238,-2.6990703642368317,-0.261741481539309,"Ben Rice",29576,700250
"Brett Harris","OAK",36,123,3,15,12,0,0.138211382,0.203252032,0.116504855,0.157894736,0.145631067,0.276422764,0.262135922,0.2520583286518004,0.2758536920314882,65.06386404492507,-1.4344847846077755,-6.351319256998575,-0.2596093416213989,-0.26216231901706344,"Brett Harris",29788,695391
"David Hensley","MIA",23,58,1,9,4,1,0.103448275,0.293103448,0.076923077,0.294117647,0.211538461,0.293103448,0.288461538,0.2650730681830439,0.21174715276350053,66.48596543113445,0.22541595250368118,-2.099011474456953,-2.4071388244628906,-0.2649693670295069,"David Hensley",25111,682073
"Bryce Teodosio","LAA",5,12,0,1,0,0,0,0.416666666,0,0.142857142,0.083333333,0.083333333,0.083333333,0.07347589234511058,0.11791667342185974,-65.52500132213248,-0.007892422378063202,-2.280636074561847,-0.6838382370769978,-0.26513009075375155,"Bryce Teodosio",29524,669326
"Riley Adams","WSN",41,130,2,10,8,1,0.076923076,0.269230769,0.112068965,0.296296296,0.224137931,0.292307692,0.336206896,0.2749977846478307,0.2869041502013687,74.50156190606693,-0.4212240055203438,-4.385083166288375,-2.5758635997772217,-0.2697033872109675,"Riley Adams",19864,656180
"Grant McCray","SFG",37,130,5,13,10,5,0.046153846,0.43076923,0.177419355,0.317460317,0.201612903,0.238461538,0.379032258,0.26578196057906517,0.25711622971754805,70.62743031886114,1.7575836703181267,-2.8085285353381844,-4.179106831550598,-0.27245972530984497,"Grant McCray",25690,687529
"Akil Baddoo","DET",31,82,2,7,5,1,0.097560975,0.329268292,0.164383562,0.177777777,0.136986301,0.219512195,0.301369863,0.22960755010930503,0.2989915987340415,45.24691999964433,0.7542296499013901,-4.382988569490032,-1.07891383767128,-0.28369329509746977,"Akil Baddoo",22168,668731
"Curtis Mead","TBR",38,132,1,10,7,2,0.045454545,0.227272727,0.049180327,0.304347826,0.237704918,0.282442748,0.286885245,0.25519760009896664,0.2824634522882127,67.35203401329048,0.20510883629322052,-4.725898718237048,-2.4144400656223297,-0.2860630367900375,"Curtis Mead",23986,678554
"Mickey Gasper","BOS",13,23,0,1,0,0,0.173913043,0.347826086,0,0,0,0.217391304,0,0.15116151778594308,0.3209007097327191,-13.957004899670155,-0.03946211189031601,-3.038448328017867,-0.5555284023284912,-0.29252909288664825,"Mickey Gasper",24759,681508
"Vidal Bruján","MIA",102,278,2,32,16,5,0.089928057,0.194244604,0.096774194,0.276041666,0.221774193,0.303249097,0.318548387,0.2755701622388659,0.2679793529021434,73.55122926607751,-1.0340668484568596,-9.826550557707028,-2.325024962425232,-0.29437440310938545,"Vidal Brujan",20536,660644
"CJ Alexander","KCR",4,8,0,0,0,0,0,0.375,0,0.2,0.125,0.125,0.125,0.11021383851766586,0.2160416692495346,-41.55772902560084,-0.007892422378063202,-1.303666182598411,-1.854160062968731,-0.2987770680251057,"CJ Alexander",20557,680769
"Brooks Lee","MIN",50,185,3,9,27,3,0.059459459,0.145945945,0.098837209,0.243055555,0.220930232,0.264864864,0.319767441,0.25221581700069656,0.2815911638867724,60.632830569757196,0.03787948936223984,-8.29531513722443,-0.729254961013794,-0.29942829101385127,"Brooks Lee",31595,686797
"Keibert Ruiz","WSN",127,485,13,46,57,3,0.03298969,0.111340206,0.130718955,0.231738035,0.228758169,0.259793814,0.359477124,0.26848829947796066,0.2829957441850142,70.12023218660302,-1.1386850327253342,-18.467953956882567,-0.710491418838501,-0.304817184460241,"Keibert Ruiz",19610,660688
"Graham Pauley","SDP",13,32,2,4,5,0,0,0.46875,0.1875,0.133333333,0.125,0.125,0.3125,0.18320761248469353,0.21364104747772217,16.36928927271633,0.18529148399829865,-3.0149079960138057,-1.043380618095398,-0.3085567071662825,"Graham Pauley",31363,688363
"Alika Williams","PIT",37,96,0,13,5,1,0.03125,0.229166666,0.091954023,0.276923076,0.206896551,0.241758241,0.298850574,0.23698586029010815,0.2537434546502082,47.04903921059694,-0.5374742597341537,-6.61611339997668,0.3985337018966675,-0.3104151340197544,"Alika Williams",27604,675961
"Tyler Wade","SDP",90,156,0,28,8,8,0.07051282,0.185897435,0.02173913,0.275229357,0.217391304,0.284768211,0.239130434,0.2423201957285799,0.28499330432209746,56.15610973579986,1.6747696995735168,-6.504131553620121,-1.7905506193637848,-0.3176070737944219,"Tyler Wade",15730,642180
"Jacob Amaya","- - -",24,72,0,4,3,1,0.055555555,0.388888888,0.014705882,0.3,0.176470588,0.222222222,0.19117647,0.1904137060046196,0.20582886663679448,17.896588587366587,0.22834979742765427,-6.5532285182683205,1.0917660675477237,-0.31784292870502573,"Jacob Amaya",23296,676070
"Ryan Vilade","DET",17,49,1,5,5,0,0.040816326,0.244897959,0.066666667,0.212121212,0.177777777,0.208333333,0.244444444,0.1999968228240808,0.25125692288080853,24.418129726851728,-0.07195407780818641,-4.309547850681568,-0.48487457633018494,-0.32760121352529525,"Ryan Vilade",22165,668723
"Jake Cave","COL",123,346,7,42,37,5,0.052023121,0.283236994,0.145510836,0.334841628,0.250773993,0.289855072,0.396284829,0.2951570868838665,0.28111492402372307,74.6536545547378,0.5028504207730293,-9.98418494870474,-4.76836234331131,-0.3280268427494606,"Jake Cave",14477,595909
"Daniel Vogelbach","TOR",31,79,1,5,8,0,0.11392405,0.215189873,0.114285715,0.23076923,0.185714285,0.278481012,0.3,0.2619745987880079,0.3686864778592989,68.88590635333401,-0.6239927113056183,-3.4364753689415974,-2.3765430450439453,-0.3302142804969562,"Daniel Vogelbach",14130,596129
"Joey Wiemer","- - -",21,28,0,2,0,1,0.071428571,0.321428571,0,0.235294117,0.153846153,0.214285714,0.153846153,0.17518229569707597,0.24480806929724558,7.842179130770332,-0.00010693073272705078,-3.0857913865683266,-1.0578023977577686,-0.3311885973318869,"Joey Wiemer",27690,686894
"Addison Barger","TOR",69,225,7,20,28,2,0.062222222,0.266666666,0.153846154,0.239436619,0.197115384,0.25,0.350961538,0.2624712219195707,0.29422739389780406,69.23524120594674,0.5361507683992386,-7.384149379047512,-3.2731016278266907,-0.331267583158638,"Addison Barger",24598,680718
"Cole Tucker","LAA",25,57,0,3,3,3,0.105263157,0.298245614,0.12,0.264705882,0.18,0.263157894,0.3,0.25033894338105855,0.2593997654161955,58.88408061460919,0.8080207705497742,-1.873557445382093,-3.259663462638855,-0.335235494383616,"Cole Tucker",17326,657061
"Alex Kirilloff","MIN",57,178,5,20,20,0,0.084269662,0.264044943,0.182389937,0.245454545,0.201257861,0.269662921,0.383647798,0.28212288122498586,0.32101024476821816,81.67007029718198,0.12094148993492126,-3.612302796369062,-5.554580450057983,-0.33806261976610674,"Alex Kirilloff",20325,666135
"James Outman","LAD",53,156,4,12,11,2,0.102564102,0.352564102,0.117647059,0.207792207,0.147058823,0.256410256,0.264705882,0.24168985317914915,0.28980321150559646,52.56294548451763,-0.2575196545876679,-9.106711236049442,0.4993557706475258,-0.34989926153790435,"James Outman",24770,681546
"Seth Brown","OAK",124,400,14,32,44,4,0.0625,0.28,0.147849463,0.291497975,0.231182795,0.2825,0.379032258,0.28913666382431985,0.29764019576529216,91.145522206631,-0.6481909267604351,-4.700742512631932,-11.99189567565918,-0.356174920512252,"Seth Brown",18171,664913
"Michael Stefanic","LAA",40,124,0,8,8,0,0.080645161,0.161290322,0.036363636,0.266666666,0.218181818,0.300813008,0.254545454,0.2577551385251487,0.2577882317023549,64.10078373001824,-0.40262358635663986,-5.496076081090635,-2.105709433555603,-0.36107626451902985,"Michael Stefanic",25353,683021
"Garrett Cooper","- - -",36,116,1,6,11,0,0.060344827,0.301724137,0.093457944,0.295774647,0.205607476,0.267241379,0.29906542,0.2534630134187896,0.32653091693746633,58.429017199515776,-0.31525512784719467,-5.794691603194097,-1.5684350728988647,-0.36231087084425395,"Garrett Cooper",15279,643265
"Grae Kessinger","HOU",23,25,0,4,0,0,0.12,0.28,0,0,0,0.16,0,0.11150336742401123,0.23826560974121094,-36.987528928795086,-0.19218263030052185,-4.110743954300547,-0.36386826634407043,-0.37664011265657676,"Grae Kessinger",25813,666197
"Korey Lee","CHW",125,394,12,36,37,6,0.043147208,0.30964467,0.137931035,0.275720164,0.209549071,0.243654822,0.347480106,0.25713620890820693,0.25736693946682676,64.60458364703916,0.9250977709889412,-15.031814393777793,-1.674673080444336,-0.37812228610553367,"Korey Lee",25543,686676
"Daz Cameron","OAK",66,186,5,22,15,5,0.069892473,0.274193548,0.129411764,0.25,0.2,0.258064516,0.329411764,0.2584324296443693,0.2841714633408413,69.54753685285596,0.5165668204426765,-5.96441760639484,-3.8920129537582397,-0.3819214437227786,"Daz Cameron",18353,663662
"Shay Whitcomb","HOU",20,46,0,1,5,0,0.108695652,0.173913043,0.073170731,0.272727272,0.219512195,0.304347826,0.292682926,0.27172296332276386,0.3409533915312394,75.7142067773709,-0.1845175176858902,-1.462767313501634,-3.8114017993211746,-0.3874068834057992,"Shay Whitcomb",27789,694376
"Miles Mastrobuoni","CHC",50,106,0,9,4,2,0.066037735,0.160377358,0.030612244,0.231707317,0.193877551,0.245283018,0.224489795,0.21410023435106817,0.2998248872302827,35.25226764491309,0.8345415219664574,-7.372596033631439,0.07240411639213562,-0.38767045137898226,"Miles Mastrobuoni",20017,670156
"Mitch Garver","SEA",114,430,15,37,51,0,0.123255813,0.309302325,0.16893733,0.216216216,0.171662125,0.286046511,0.340599455,0.28132105885550035,0.2841285403236087,88.5396788421891,-2.0225289836525917,-7.661123325294502,-10.338100254535675,-0.38853087933258035,"Mitch Garver",15161,641598
"Drew Romo","COL",16,53,0,4,6,0,0.037735849,0.339622641,0.058823529,0.272727272,0.176470588,0.207547169,0.235294117,0.19682762532863976,0.17541363554180794,8.471186822132074,-0.45460206270217896,-6.255496802395454,0.7156587094068527,-0.38900350283235907,"Drew Romo",27763,691011
"Adael Amador","COL",10,36,0,1,0,1,0.027777777,0.166666666,0.028571429,0.206896551,0.171428571,0.194444444,0.2,0.17644806702931723,0.2708912168230329,-5.2456528535548985,-0.8015583753585815,-5.3322859715046835,0.22274908423423767,-0.4033054761872699,"Adael Amador",27962,691182
"Matt Mervis","CHC",9,28,0,1,3,0,0.035714285,0.285714285,0.038461538,0.166666666,0.115384615,0.148148148,0.153846153,0.13729623291227552,0.17550853582528922,-16.44208994193273,-0.18431267887353897,-4.083097866607938,-0.8670552968978882,-0.4144882187908196,"Matt Mervis",27845,670223
"Curt Casali","SFG",41,125,1,12,8,0,0.104,0.176,0.055555556,0.235294117,0.194444444,0.292682926,0.25,0.2536676017249503,0.2741443665047002,62.47363641739289,-0.2402586918324232,-5.849547216956057,-2.3635048866271973,-0.4162951910032327,"Curt Casali",12510,592200
"J.D. Davis","- - -",46,157,4,13,6,0,0.076433121,0.248407643,0.11971831,0.272727272,0.218309859,0.29299363,0.338028169,0.2821557669882562,0.29010517780597395,85.86811740218597,-0.8558264598250389,-3.39449078804029,-5.861737072467804,-0.4190995784099683,"J.D. Davis",16219,605204
"Zack Short","- - -",42,88,0,11,5,2,0.159090909,0.272727272,0.042857143,0.195652173,0.128571428,0.282352941,0.171428571,0.22848970399183385,0.27627647273680744,44.34894830568857,0.1603843718767166,-5.786086809960385,-1.2237903736531734,-0.4201368915547189,"Zack Short",19562,670097
"Bryan Ramos","CHW",32,108,3,13,11,0,0.064814814,0.203703703,0.131313131,0.226666666,0.202020202,0.252336448,0.333333333,0.2565679639299339,0.29088517661406615,64.20486852481308,-0.6096441447734833,-5.033014721457086,-2.7304540872573853,-0.4324866621383667,"Bryan Ramos",25621,682868
"Rowdy Tellez","PIT",132,421,13,38,56,1,0.073634204,0.211401425,0.148825065,0.279720279,0.242819843,0.29928741,0.391644908,0.3009369958041683,0.3046903156098865,90.09253701563298,-2.342174045741558,-7.329937383496986,-10.944711446762085,-0.43262338305307074,"Rowdy Tellez",15679,642133
"Jace Peterson","ARI",14,26,0,2,1,0,0.115384615,0.23076923,0,0.058823529,0.045454545,0.153846153,0.045454545,0.11342703379117526,0.25059203001169056,-35.23210765851581,-0.03893762081861496,-4.243438514539776,-0.8331072926521301,-0.43445264699901803,"Jace Peterson",12325,607054
"Victor Scott II","STL",53,155,2,14,10,5,0.038709677,0.270967741,0.103448276,0.233009708,0.179310344,0.219354838,0.28275862,0.22058107429935087,0.25055111300560734,39.963367005615495,0.8770800903439522,-10.250719884023795,0.7699268460273743,-0.44356135243749667,"Victor Scott II",31349,687363
"Tucker Barnhart","ARI",31,96,0,13,6,1,0.135416666,0.322916666,0.037037037,0.28,0.172839506,0.287234042,0.209876543,0.23851974086558564,0.24451448629190634,48.96385882591975,0.08926186710596085,-5.769560724264146,-1.7603322863578796,-0.44594787344613274,"Tucker Barnhart",10200,571466
"Tyler Nevin","OAK",87,278,7,22,20,1,0.089928057,0.230215827,0.126530612,0.242937853,0.204081632,0.287769784,0.330612244,0.2763216570555735,0.3036309259588068,82.13118474171405,-0.6667281314730644,-6.350624644088967,-7.198509454727173,-0.44870082518365983,"Tyler Nevin",17893,663527
"DJ LeMahieu","NYY",67,228,2,19,26,0,0.083333333,0.153508771,0.054726368,0.229411764,0.203980099,0.268722466,0.258706467,0.23860481394545097,0.3045205271716685,52.98205946086362,-2.192980721592903,-14.459011688909872,2.446439027786255,-0.4609836050769054,"DJ LeMahieu",9874,518934
"Pedro León","HOU",7,21,0,2,0,2,0.047619047,0.476190476,0,0.2,0.1,0.142857142,0.1,0.11678819713138398,0.18521676744733537,-33.27007178760491,-0.49172521382570267,-3.6939921687180286,-1.4923575818538666,-0.4638247773334058,"Pedro Leon",27781,694175
"Luis Campusano","SDP",91,299,8,37,40,0,0.066889632,0.137123745,0.133574007,0.240174672,0.227436823,0.280936454,0.36101083,0.28173693944777933,0.29831823997626,82.68628012481527,-0.5254964977502823,-6.715955608509262,-7.787681579589844,-0.46472572124238454,"Luis Campusano",22217,669134
"Nacho Alvarez Jr.","ATL",8,32,0,1,0,0,0,0.3125,0,0.15,0.1,0.15625,0.1,0.1276723798364401,0.21073074638843536,-25.14033280635607,-0.04066768032498658,-4.82926775908519,-0.7729769498109818,-0.4680129872181785,"Nacho Alvarez Jr.",31765,805373
"Darell Hernaiz","OAK",48,135,1,8,12,1,0.081481481,0.2,0.05,0.234042553,0.191666666,0.261194029,0.241666666,0.23034390273378857,0.2756688132214902,49.789493409454366,-0.7308982238173485,-8.486829978354852,-0.5391054153442383,-0.4705446521786167,"Darell Hernaiz",26224,687231
"Nelson Velázquez","KCR",64,230,8,31,27,2,0.082608695,0.265217391,0.165853658,0.237410071,0.2,0.273913043,0.365853658,0.2801629683245783,0.30710548732591714,77.98795952485108,0.4936785250902176,-5.299190990209268,-6.902118921279907,-0.4736369455212145,"Nelson Velazquez",23359,676369
"Kyren Paris","LAA",21,59,1,4,5,1,0.118644067,0.288135593,0.098039216,0.151515151,0.117647058,0.224137931,0.215686274,0.2073715616916788,0.2627039457622327,28.659946868806045,0.2165314480662346,-4.599519221375761,-2.0020811408758163,-0.4800473763270526,"Kyren Paris",26420,677347
"Travis Blankenhorn","WSN",13,32,0,2,5,0,0.03125,0.28125,0.032258064,0.181818181,0.129032258,0.15625,0.161290322,0.14339715614914894,0.2041667401790619,-14.0746817898559,-0.021773209795355797,-4.386936846116641,-1.4259427785873413,-0.48976688309459726,"Travis Blankenhorn",18395,663905
"Tom Murphy","SFG",13,38,1,3,2,0,0.105263157,0.368421052,0.117647059,0.157894736,0.117647058,0.210526315,0.235294117,0.20589477764932732,0.26027895953204183,30.319251171373963,-0.04122625943273306,-3.2075673008628103,-2.8366664052009583,-0.492927958552832,"Tom Murphy",13499,608596
"Nick Martini","CIN",52,163,5,23,24,1,0.055214723,0.233128834,0.157534246,0.245283018,0.212328767,0.271604938,0.369863013,0.2787828073825365,0.28002953235013983,72.24088074676405,-0.9216561391949654,-6.3323700500311375,-3.9827984422445297,-0.502090223251623,"Nick Martini",12005,605361
"Aaron Hicks","LAA",18,63,1,6,5,0,0.095238095,0.365079365,0.052631579,0.212121212,0.140350877,0.222222222,0.192982456,0.196132863324786,0.2536559566374748,20.754416924595677,0.16127342730760574,-5.551160923473855,-1.495221495628357,-0.5123054287957567,"Aaron Hicks",5297,543305
"Mitch Haniger","SEA",121,423,12,42,44,0,0.094562647,0.29787234,0.12631579,0.275720164,0.207894736,0.286052009,0.334210526,0.27694654563358206,0.2979809729408879,85.46255690704633,-1.578176073729992,-8.61430846383236,-10.392874717712402,-0.516567208430176,"Mitch Haniger",14274,571745
"Keston Hiura","LAA",10,27,0,1,1,0,0,0.37037037,0,0.235294117,0.148148148,0.148148148,0.148148148,0.1306238086135299,0.1928888956705729,-25.325989963300067,-1.2269390523433685,-5.098717654984409,-0.8010076284408569,-0.5169835399236288,"Keston Hiura",20003,669374
"Adam Frazier","KCR",104,294,4,35,22,3,0.074829931,0.200680272,0.091603053,0.246231155,0.202290076,0.281786941,0.293893129,0.26130598209977557,0.29042150228703556,64.72357032326106,0.17677681148052216,-11.690130809655379,-3.0777105689048767,-0.5198540319712156,"Adam Frazier",15223,624428
"Justyn-Henry Malloy","DET",71,230,8,18,21,1,0.1,0.369565217,0.163366336,0.297297297,0.202970297,0.291304347,0.366336633,0.29052726159925046,0.270955864519011,88.09908914363834,-0.7646484896540642,-3.8965900187434013,-8.803777933120728,-0.52517852686337,"Justyn-Henry Malloy",29606,669234
"Sean Bouchard","COL",31,108,1,14,8,4,0.111111111,0.305555555,0.10989011,0.27118644,0.186813186,0.289719626,0.296703296,0.2661316188696389,0.26224464345201154,55.1175249971028,0.5007113069295883,-5.295735270163274,-3.4467906951904297,-0.5297205542427547,"Sean Bouchard",21270,656248
"Aledmys Díaz","- - -",14,34,0,2,1,0,0.029411764,0.264705882,0,0.125,0.09090909,0.117647058,0.09090909,0.09806655435001149,0.20591562635758343,-41.8171992639642,-0.07205012813210487,-5.659763498333027,-0.624805137515068,-0.5327927376916709,"Aledmys Diaz",15937,649557
"Ryan Kreidler","DET",35,65,1,9,2,5,0.092307692,0.292307692,0.050847458,0.153846153,0.118644067,0.2,0.169491525,0.17653322586646447,0.2311224130483774,7.913356461137461,-0.02463655173778534,-6.873454271790352,-0.46289509534835815,-0.5354135425823175,"Ryan Kreidler",25867,668952
"Nick Senzel","- - -",74,267,7,25,18,1,0.104868913,0.228464419,0.13559322,0.232142857,0.194915254,0.283018867,0.330508474,0.2733363888480447,0.30111944675445557,72.85317859632364,-0.7277032509446144,-9.176951860481303,-4.979454040527344,-0.5405884878953474,"Nick Senzel",19293,669222
"Chuckie Robinson","CHW",26,76,0,2,0,0,0.065789473,0.263157894,0,0.18,0.128571428,0.197368421,0.128571428,0.15922686849769793,0.21340771725303248,-4.266845869505589,-0.2707067057490349,-9.337744703264528,1.5694165229797363,-0.5424127551929548,"Chuckie Robinson",19824,642020
"Robbie Grossman","- - -",87,245,3,21,16,3,0.13877551,0.236734693,0.081730769,0.275167785,0.211538461,0.322448979,0.29326923,0.283393846725931,0.3010483644446548,83.48255879137459,-0.17471542581915855,-4.805072266455571,-8.586067788302898,-0.5452272943476579,"Robbie Grossman",5254,543257
"Coby Mayo","BAL",17,46,0,4,0,0,0.086956521,0.478260869,0,0.210526315,0.097560975,0.195652173,0.097560975,0.15225125525308691,0.22190686930780826,-7.43839073518074,-0.027040768414735794,-5.6819147830733225,-1.3428968898952007,-0.5682092723363472,"Coby Mayo",28312,691723
"Ryan Noda","OAK",36,111,1,8,4,0,0.126126126,0.333333333,0.07368421,0.210526315,0.136842105,0.254545454,0.210526315,0.2226282136006789,0.2538639383578519,44.36212010600295,-0.9724738672375679,-8.038889184532142,-1.2142959237098694,-0.5760826578896343,"Ryan Noda",23312,676116
"Chris Taylor","LAD",87,246,4,28,23,5,0.113821138,0.308943089,0.098591549,0.288888888,0.201877934,0.297959183,0.300469483,0.2719940883772714,0.29661096066844705,72.95977301147984,-1.1378700211644173,-9.092257164245034,-4.725335717201233,-0.5770110205471739,"Chris Taylor",13757,621035
"Will Benson","CIN",128,388,14,41,43,16,0.103092783,0.396907216,0.189504373,0.282485875,0.186588921,0.273901808,0.376093294,0.2849717613030466,0.2717144396878028,76.40647096422587,-1.612428791821003,-12.559196841270836,-6.059364318847656,-0.5821714360323236,"Will Benson",21853,666181
"Nick Allen","OAK",41,105,1,6,4,0,0.047619047,0.19047619,0.072164949,0.210526315,0.175257731,0.215686274,0.24742268,0.20679978237432592,0.22385045593860103,33.22807833845942,-0.5782328173518181,-8.600345936349083,-0.5801185369491577,-0.5890892786044253,"Nick Allen",22277,669397
"Enmanuel Valdez","BOS",76,223,6,23,28,1,0.076233183,0.237668161,0.149253731,0.253424657,0.213930348,0.27027027,0.363184079,0.27526581233686154,0.30791804801285,73.3404903038281,-0.20085763931274414,-7.003264879649145,-6.088684678077698,-0.5895567359818844,"Enmanuel Valdez",21716,665839
"Corey Julks","CHW",66,189,3,17,14,5,0.079365079,0.264550264,0.092485549,0.280991735,0.213872832,0.275132275,0.306358381,0.2596460650206874,0.26966321026837387,66.37006769199971,-0.30087167024612427,-7.573533681498387,-4.43576717376709,-0.5940064785047205,"Corey Julks",20311,667452
"Andrew Knizner","TEX",37,93,1,5,9,0,0.010752688,0.236559139,0.044444445,0.205882352,0.166666666,0.182795698,0.211111111,0.17393138908570813,0.25270363592332407,7.772118145580185,-0.28449857980012894,-10.098605621495414,1.1399133205413818,-0.6072192377309418,"Andrew Knizner",19514,668800
"Harold Ramírez","- - -",73,246,2,28,29,6,0.020325203,0.203252032,0.06302521,0.320855614,0.260504201,0.280487804,0.323529411,0.26506198252119667,0.2564879994333526,72.1492500952416,0.5868663564324379,-7.348138507855239,-6.731552207842469,-0.6101527923967908,"Harold Ramirez",14387,623912
"Mike Ford","CIN",17,62,1,2,4,0,0.032258064,0.241935483,0.083333333,0.181818181,0.15,0.177419354,0.233333333,0.18047992740907975,0.23675829364407447,6.076304240754577,-0.1971384659409523,-7.160647557864973,-0.9895387887954712,-0.627495370710463,"Mike Ford",15585,645801
"Jordan Walker","STL",51,178,5,16,20,1,0.056179775,0.280898876,0.164634146,0.252252252,0.201219512,0.252808988,0.365853658,0.2679954958095979,0.2778648847944281,71.87652275802073,0.4446708485484123,-5.541516481162672,-6.673783302307129,-0.6464998469353883,"Jordan Walker",27475,691023
"Christian Encarnacion-Strand","CIN",29,123,2,13,16,0,0.032520325,0.284552845,0.103448276,0.24691358,0.189655172,0.219512195,0.293103448,0.223142795931033,0.3006164050493084,34.791339131378216,0.14378275722265244,-9.447389200229471,-1.018965482711792,-0.6559220484040554,"Christian Encarnacion-Strand",30011,687952
"Wilmer Flores","SFG",71,242,4,19,26,0,0.082644628,0.136363636,0.112149533,0.219780219,0.205607476,0.276859504,0.317757009,0.26221476254126835,0.29163637161254885,68.2264615217351,-1.0276573151350021,-10.222456175711459,-4.229614354670048,-0.6563601974665765,"Wilmer Flores",5827,527038
"Vaughn Grissom","BOS",31,114,0,10,6,2,0.061403508,0.210526315,0.028571429,0.243902439,0.19047619,0.245614035,0.219047619,0.2131274347765404,0.29405081899542557,29.63108655874107,0.48628944903612137,-8.692624615569393,-1.4763611853122711,-0.660405952786869,"Vaughn Grissom",26031,687093
"Alan Trejo","COL",28,67,0,4,1,0,0.029850746,0.223880597,0,0.1875,0.142857142,0.181818181,0.142857142,0.15202802780902747,0.21260832273043118,-21.68201314846068,-0.13586309179663658,-9.8849170322589,1.109111562371254,-0.6748306860142496,"Alan Trejo",20056,676701
"Nick Gordon","MIA",95,275,8,29,32,5,0.04,0.243636363,0.142307693,0.271276595,0.226923076,0.258181818,0.369230769,0.27081109805540604,0.2672821156707875,70.34805285508567,-2.83856513351202,-12.589521106186817,-3.18424791097641,-0.6788326480058794,"Nick Gordon",16337,624503
"Bobby Dalbec","BOS",37,93,1,6,8,3,0.086021505,0.462365591,0.060240964,0.256410256,0.13253012,0.217391304,0.192771084,0.19397203105947244,0.18409892787104068,16.156784398909522,-0.14955849200487137,-9.071440639617101,-0.5889013409614563,-0.6796840236081388,"Bobby Dalbec",19966,666915
"Ji Hwan Bae","PIT",29,81,0,11,6,6,0.074074074,0.296296296,0.027027027,0.274509803,0.189189189,0.24691358,0.216216216,0.21264450785554487,0.27820716669530043,30.665640516161226,0.24204147420823574,-6.473713015919827,-2.8487443923950195,-0.6829114765670016,"Ji Hwan Bae",23818,678225
"Marco Luciano","SFG",27,81,0,10,3,0,0.061728395,0.345679012,0.092105263,0.333333333,0.210526315,0.259259259,0.302631578,0.24845554872795386,0.28844305909710166,58.96556748425215,-0.24338839203119278,-4.218000351657433,-5.154154032468796,-0.6880440673961502,"Marco Luciano",25616,682617
"Luke Maile","CIN",55,154,2,8,8,2,0.084415584,0.337662337,0.074074074,0.268292682,0.177777777,0.267973856,0.251851851,0.2407010914453494,0.24137813166568153,46.6092755660564,0.09683092311024666,-9.735303756806621,-2.095837414264679,-0.6897554128268399,"Luke Maile",13355,571912
"Nick Madrigal","CHC",51,94,0,5,10,1,0.042553191,0.106382978,0.034883721,0.25,0.220930232,0.279569892,0.255813953,0.24503020125050698,0.27149022143820056,56.07025549835987,-1.5704992339015007,-6.508462051004088,-3.3340679705142975,-0.6917026562225826,"Nick Madrigal",20521,663611
"Henry Davis","PIT",37,122,1,9,5,0,0.106557377,0.368852459,0.067307692,0.233333333,0.144230769,0.241666666,0.211538461,0.213028284907341,0.22467567125956217,30.923948778459042,-0.19516954571008682,-10.272572345741818,-0.6242398023605347,-0.703834159555637,"Henry Davis",29617,680779
"Braden Shewmake","CHW",29,67,1,4,4,5,0.014925373,0.149253731,0.078125,0.127272727,0.125,0.134328358,0.203125,0.14412220378420246,0.2058748985404399,-14.891775491387587,0.9121955633163452,-7.895643101780674,-1.1754165887832642,-0.7077314720151542,"Braden Shewmake",25817,669699
"Pablo Reyes","- - -",22,64,0,5,5,1,0.046875,0.296875,0.033333333,0.268292682,0.183333333,0.234375,0.216666666,0.20674801338464022,0.2489088922739029,25.14367127326916,-0.7465044818818569,-6.228189853253391,-2.8441962003707886,-0.7181269771735854,"Pablo Reyes",16357,622569
"Kyle Stowers","- - -",69,209,3,15,24,0,0.062200956,0.354066985,0.125,0.318965517,0.208333333,0.267942583,0.333333333,0.26510951849832487,0.29111280808081996,67.84331223954246,-0.14666922390460968,-8.222337831264817,-5.758318483829498,-0.7230327463822905,"Kyle Stowers",26151,669065
"José Fermín","STL",45,79,0,7,4,2,0.088607594,0.139240506,0.042253521,0.183333333,0.154929577,0.240506329,0.197183098,0.20663110892983932,0.24422116822834256,30.574084095527297,0.15945348888635635,-6.3991291274506,-3.2864677906036377,-0.7273265835880672,"Jose Fermin",21746,665877
"Javier Báez","DET",80,289,6,25,37,8,0.041522491,0.238754325,0.110294118,0.22,0.183823529,0.221453287,0.294117647,0.22425897564325067,0.26868996253380406,41.4846234934234,0.6214232221245766,-18.72824192942899,2.0940109491348267,-0.7297080482183607,"Javier Baez",12979,595879
"Ty France","- - -",140,535,13,46,51,1,0.071028037,0.213084112,0.131524008,0.277310924,0.233820459,0.304672897,0.365344467,0.29612975432493976,0.3056601479788807,93.48423386119002,-3.638622224330902,-7.794983455382316,-17.466524124145508,-0.7725076383792058,"Ty France",17982,664034
"Kris Bryant","COL",37,155,2,9,15,0,0.083870967,0.309677419,0.082706767,0.321428571,0.218045112,0.322580645,0.300751879,0.2870278969887764,0.29156248031123994,69.1821525306791,-0.5989625528454781,-6.3110557395379185,-6.45966100692749,-0.7833372035632287,"Kris Bryant",15429,592178
"Dominic Fletcher","CHW",72,241,1,14,17,0,0.045643153,0.2406639,0.049327355,0.272727272,0.206278026,0.25210084,0.255605381,0.2268369610299541,0.25038127657733383,43.29147392837305,-0.4699420779943466,-16.107574828088,0.31063103675842285,-0.8073712706170385,"Dominic Fletcher",26149,666150
"Justin Foscue","TEX",15,44,0,3,1,0,0.045454545,0.409090909,0.023809524,0.083333333,0.047619047,0.09090909,0.071428571,0.07987314327196642,0.13448497382077304,-58.39037278583302,-0.018529589753597975,-7.992728504011131,-1.2948632165789604,-0.8087430724718612,"Justin Foscue",27501,679822
"Niko Goodrum","- - -",13,33,0,2,0,1,0.09090909,0.303030303,0,0.157894736,0.103448275,0.1875,0.103448275,0.14726638421416283,0.2320017276271697,-9.82293506248513,-0.26110679376870394,-4.4079020541093685,-4.546305418014526,-0.8119264826509993,"Niko Goodrum",12092,592348
"Luis Matos","SFG",45,156,5,14,25,0,0.032051282,0.153846153,0.133333333,0.221311475,0.213333333,0.237179487,0.346666666,0.24951254629319713,0.2705468946887601,59.67699929877363,-0.04154957830905914,-7.563643055426399,-5.588977158069611,-0.819323885093735,"Luis Matos",26467,682641
"Gavin Sheets","CHW",139,501,10,35,45,2,0.085828343,0.211576846,0.124168514,0.281065088,0.232815964,0.303393213,0.356984478,0.29067656069337006,0.31197232835489497,88.19755204256559,-2.858206994831562,-9.623948911499372,-14.938681602478027,-0.8235996395480193,"Gavin Sheets",19901,657757
"Nolan Jones","COL",79,297,3,28,28,5,0.121212121,0.306397306,0.09375,0.333333333,0.2265625,0.320945945,0.3203125,0.28689563558215186,0.2905626880879305,69.09313153801068,-0.4244188219308853,-11.401142648042988,-6.732940435409546,-0.846580813635383,"Nolan Jones",20529,666134
"Trey Lipscomb","WSN",61,211,1,20,10,11,0.075829383,0.189573459,0.031578947,0.246666666,0.2,0.267942583,0.231578947,0.23089755608134294,0.27086765949542707,44.819085179975566,0.03666134178638458,-13.886332654208756,-1.5315823554992676,-0.8632291078682913,"Trey Lipscomb",31567,702358
"Edward Olivares","PIT",55,196,5,22,23,1,0.081632653,0.18877551,0.109195402,0.25,0.224137931,0.290816326,0.333333333,0.2764471270600144,0.3333369663783482,73.60917666462169,0.2767248600721359,-5.9087108199623675,-9.57125210762024,-0.9214688979403234,"Edward Olivares",19698,658668
"Eloy Jiménez","- - -",98,349,6,25,23,3,0.063037249,0.200573065,0.098765433,0.285140562,0.23765432,0.28939828,0.336419753,0.27594698914166155,0.30165538183206786,78.3474000602023,-2.5397296100854874,-11.186244349555384,-9.360352562740445,-0.9285978911305257,"Eloy Jimenez",17484,650391
"Jordan Beck","COL",55,184,3,14,13,7,0.065217391,0.353260869,0.088235294,0.281553398,0.188235294,0.244565217,0.276470588,0.23090429742479585,0.26907115512424046,31.407122967493336,1.7012077048420906,-13.391186023996637,-2.287069246172905,-0.9834133784678929,"Jordan Beck",31431,687597
"Joey Meneses","WSN",76,313,3,19,42,2,0.067092651,0.201277955,0.071174378,0.280542986,0.231316725,0.290734824,0.302491103,0.26377744093919414,0.28298982086672275,66.94950147880108,-0.1370040327310562,-12.507401003596005,-7.606836557388306,-0.9957996088525436,"Joey Meneses",14366,608841
"Miguel Vargas","- - -",72,237,5,22,16,3,0.105485232,0.240506329,0.106796117,0.176870748,0.150485436,0.248945147,0.257281553,0.23278702990415226,0.26482409867556284,46.290696362579396,0.5866149142384529,-13.959976931427693,-3.565686844289303,-0.9967128274283683,"Miguel Vargas",20178,678246
"Christopher Morel","- - -",152,611,21,56,60,8,0.099836333,0.260229132,0.14953271,0.233333333,0.196261682,0.288052373,0.345794392,0.28043045436865405,0.31609604661115115,81.1570570360714,-2.2499123886227608,-15.612362085858619,-14.417539358139038,-0.9969728288362896,"Christopher Morel",21897,666624
"Omar Narváez","NYM",28,69,0,4,5,0,0.04347826,0.173913043,0.030769231,0.188679245,0.153846153,0.19117647,0.184615384,0.171028972548597,0.20603920096781717,7.742842793592655,-0.13526945561170578,-7.747473891590957,-4.248072266578674,-1.0004473112277195,"Omar Narvaez",13338,553882
"Adam Duvall","ATL",104,330,11,29,30,0,0.063636363,0.3,0.141914192,0.226804123,0.181518151,0.245454545,0.323432343,0.2519425843701218,0.2841420029148911,58.50203308878724,-0.24165990948677063,-16.617441762699173,-4.303745001554489,-1.02039698553828,"Adam Duvall",10950,594807
"Bryan De La Cruz","- - -",149,622,21,61,68,5,0.046623794,0.273311897,0.150684931,0.288944723,0.232876712,0.2705314,0.383561643,0.28260191400204937,0.3064621230512135,78.18840393888668,-2.6059046164155006,-18.829201481005317,-12.446219623088837,-1.0807698917311346,"Bryan De La Cruz",19600,650559
"Dylan Carlson","- - -",96,265,3,19,25,2,0.083018867,0.283018867,0.068085106,0.2875,0.208510638,0.286792452,0.276595744,0.2569000374596074,0.2582623463756633,66.70434675671547,0.29520919919013977,-10.148356723815255,-9.280538022518158,-1.0954438098617048,"Dylan Carlson",20126,666185
"Jack Suwinski","PIT",88,277,9,29,26,9,0.097472924,0.285198555,0.141700405,0.225,0.182186234,0.264492753,0.323886639,0.259556310020224,0.29752618139916726,62.2404989963786,1.3039294183254242,-11.203478086393767,-9.089589953422546,-1.138664707459301,"Jack Suwinski",22244,669261
"Yan Gomes","CHC",34,96,2,7,7,0,0.020833333,0.375,0.087912088,0.222222222,0.153846153,0.178947368,0.241758241,0.18445973710009927,0.2568309382388466,15.302181253065411,-0.07601652666926384,-9.799116324158092,-5.014043211936951,-1.198147104175338,"Yan Gomes",9627,543228
"Hunter Goodman","COL",70,224,13,24,36,1,0.035714285,0.285714285,0.227488152,0.198529411,0.189573459,0.227678571,0.417061611,0.2744614915656192,0.28562219542076145,60.724100302193825,-0.2755652740597725,-10.796042606825651,-8.740196108818054,-1.243639490865859,"Hunter Goodman",29715,696100
"Tim Anderson","MIA",65,241,0,16,9,4,0.029045643,0.282157676,0.012820513,0.301204819,0.213675213,0.236514522,0.226495726,0.20758363814769445,0.23507728576660156,27.79163833829822,-1.3974656760692596,-22.20716562932563,0.565640926361084,-1.4023261428479619,"Tim Anderson",15172,641313
"Noelvi Marte","CIN",66,242,4,24,18,9,0.037190082,0.309917355,0.091703057,0.291390728,0.209606986,0.247933884,0.301310043,0.24260779771923033,0.2717792416407057,47.89261958575091,1.0417820289731026,-14.037334273679429,-7.8942113518714905,-1.4288234037995748,"Noelvi Marte",26517,682622
"Martín Maldonado","CHW",48,147,4,9,11,0,0.054421768,0.346938775,0.111111111,0.15,0.118518518,0.173611111,0.229629629,0.18146122909254497,0.2211377355787489,11.373257435583021,-1.4244429916143417,-16.331356423781067,-3.120655059814453,-1.5062920336745214,"Martin Maldonado",6887,455117
"José Abreu","HOU",35,120,2,10,7,0,0.033333333,0.233333333,0.07079646,0.142857142,0.123893805,0.166666666,0.194690265,0.16351773738861083,0.20133689244588215,-0.39955887563454545,-0.7301062941551208,-14.515483626524308,-4.1937925815582275,-1.521910713271876,"Jose Abreu",15676,547989
"Elehuris Montero","COL",67,247,4,23,28,0,0.080971659,0.226720647,0.098214286,0.251497005,0.205357142,0.267206477,0.303571428,0.2540091618835202,0.2786790484841536,46.958280497700216,-2.344533532857895,-18.01117238569018,-8.463666200637817,-1.8807671783086313,"Elehuris Montero",20543,660707
"Eddie Rosario","- - -",91,319,10,33,35,9,0.050156739,0.24137931,0.141414141,0.196261682,0.175084175,0.214511041,0.316498316,0.23036869880904912,0.26394187614368714,44.29367038518899,2.0453339067753404,-19.20454756608893,-10.700249016284943,-1.9862136671756654,"Eddie Rosario",12155,592696
"Brandon Drury","LAA",97,360,4,28,15,1,0.075,0.225,0.058461538,0.209876543,0.169230769,0.241666666,0.227692307,0.21661757826805114,0.26430655986817764,35.16378374768347,-1.9470859318971634,-28.65412675510682,-3.1351999044418335,-2.052106915348257,"Brandon Drury",11615,592273