Name,Team,G,PA,HR,R,RBI,SB,BB%,K%,ISO,BABIP,AVG,OBP,SLG,wOBA,xwOBA,wRC+,BsR,Off,Def,WAR,NameASCII,PlayerId,MLBAMID
"Trea Turner","- - -",148,646,28,107,77,32,0.063467492,0.170278637,0.208403361,0.362255965,0.327731092,0.374613003,0.536134453,0.3861617553308143,0.363471616465726,142.50758213473318,7.594616990769282,42.552583709565184,6.8192912340164185,7.124414728577913,"Trea Turner",16252,607208
"Fernando Tatis Jr.","SDP",130,546,42,99,97,25,0.113553113,0.28021978,0.328451883,0.324041811,0.282426778,0.364468864,0.610878661,0.40267823228129634,0.4067112957989728,157.6987803343458,5.662660347297788,45.768399010836376,3.979867249727249,6.825681523832886,"Fernando Tatis Jr.",19709,665487
"Juan Soto","WSN",151,654,29,111,95,9,0.221712538,0.142201834,0.221115538,0.332467532,0.312749003,0.464831804,0.533864541,0.42023942209839255,0.4285381498790923,163.69397404985946,-3.1414334713481367,49.88877554232543,-4.147318601608276,6.7872915177606075,"Juan Soto",20123,665742
"Bryce Harper","PHI",141,599,35,101,84,13,0.166944908,0.223706176,0.305327869,0.359133126,0.309426229,0.42881072,0.614754098,0.4308981269751364,0.43139724338852115,170.48425745080436,-0.27390598598867655,53.474575024363546,-7.263370037078857,6.649333870128633,"Bryce Harper",11579,547180
"José Ramírez","CLE",152,636,36,111,103,27,0.113207547,0.136792452,0.271739131,0.255760368,0.266304347,0.355345911,0.538043478,0.37188066832554606,0.37458958021136385,139.77967140015403,5.645994995022193,36.62164036874696,5.732951171696186,6.431417802779524,"Jose Ramirez",13510,608070
"Bryan Reynolds","PIT",159,646,24,93,90,5,0.116099071,0.184210526,0.220035778,0.345238095,0.302325581,0.390092879,0.522361359,0.3850083169607764,0.3849686029389149,139.8216033903613,0.45845047011971474,33.207485256359924,8.313981771469116,6.337212647720259,"Bryan Reynolds",19326,668804
"Vladimir Guerrero Jr.","TOR",161,698,48,123,111,4,0.123209169,0.157593123,0.289735099,0.3125,0.311258278,0.401146131,0.600993377,0.4190476244334374,0.42227203901423965,165.70161871862166,-1.344972663326189,54.80293135808712,-15.726079225540161,6.3156761849960015,"Vladimir Guerrero Jr.",19611,665489
"Carlos Correa","HOU",148,640,26,104,92,0,0.1171875,0.18125,0.205405405,0.307875894,0.279279279,0.365625,0.484684684,0.36358570921757377,0.36978247472111336,132.95456314337574,-1.1542870874982327,24.668171493775272,16.12182092666626,6.288264865825572,"Carlos Correa",14162,621043
"Brandon Crawford","SFG",138,549,24,79,90,11,0.102003642,0.19125683,0.223602485,0.334261838,0.298136645,0.373406193,0.52173913,0.37713274529845237,0.35332389255474506,139.67776093736074,-1.615334156434983,26.11574335867547,17.330080032348633,6.203796395380322,"Brandon Crawford",5343,543063
"Cedric Mullins","BAL",159,675,30,91,59,30,0.087407407,0.185185185,0.227574751,0.32150776,0.290697674,0.359583952,0.518272425,0.3716875475734027,0.34218601966971784,135.59351174497044,2.4815821482334286,31.897111498092663,4.979646682739258,6.016069173486843,"Cedric Mullins",17929,656775
"Marcus Semien","TOR",162,724,45,115,102,15,0.09116022,0.201657458,0.273006135,0.275862068,0.265337423,0.334254143,0.538343558,0.367611065589262,0.3363314522637261,130.94209004165356,2.1251729810610414,29.552928422446524,4.925866365432739,5.943899766128049,"Marcus Semien",12533,543760
"Aaron Judge","NYY",148,633,39,89,98,6,0.118483412,0.249605055,0.256363636,0.332402234,0.287272727,0.372827804,0.543636363,0.38704453784199033,0.41814156919241713,149.9826024255484,0.14164294046349823,38.87852232129506,-5.823559761047363,5.4885913389823795,"Aaron Judge",15640,592450
"Nicky Lopez","KCR",151,565,2,78,43,22,0.086725663,0.130973451,0.078470825,0.346698113,0.299798792,0.365280289,0.378269617,0.3286870972372955,0.28598685886548914,104.47418016492274,5.311717387987301,8.406741042817426,26.743249893188477,5.465129657064789,"Nicky Lopez",19339,670032
"Tyler O'Neill","STL",138,537,34,89,80,15,0.0707635,0.312849162,0.273858922,0.366197183,0.286307053,0.351955307,0.560165975,0.3838341801082178,0.3865295069177723,142.66600104101735,2.7713942902628332,31.939180577356552,3.2760009765625,5.338089125251482,"Tyler O'Neill",15711,641933
"Buster Posey","SFG",113,454,18,68,56,0,0.123348017,0.191629955,0.194936709,0.349315068,0.303797468,0.389867841,0.498734177,0.37888653002231315,0.35756263647950304,140.81757252662743,-3.2600120089482516,20.33120088785448,17.514575481414795,5.3225977865080605,"Buster Posey",9166,457763
"Jose Altuve","HOU",146,678,31,117,83,5,0.097345132,0.134218289,0.211314476,0.280412371,0.277870216,0.350073855,0.489184692,0.35684171336694714,0.3332803652619042,128.39714090450926,1.2064282796345651,24.778967495122664,4.626828670501709,5.277219440267119,"Jose Altuve",5417,514888
"Starling Marte","- - -",120,526,12,89,55,47,0.081749049,0.188212927,0.147751606,0.371508379,0.310492505,0.382857142,0.458244111,0.36442603025564047,0.347944562339418,131.97125607507425,10.172667340142652,31.205119883196815,2.68128502368927,5.185320771369325,"Starling Marte",9241,516782
"Austin Riley","ATL",160,662,33,91,107,0,0.078549848,0.253776435,0.227118644,0.367758186,0.30338983,0.367069486,0.530508474,0.3794858197371165,0.3654944943873668,136.21561590172186,-0.5583635228686035,29.962801623058986,-1.4207104444503784,5.089537875282245,"Austin Riley",18360,663586
"Shohei Ohtani","LAA",158,639,46,103,100,26,0.150234741,0.295774647,0.33519553,0.302631578,0.25698324,0.372456964,0.59217877,0.39348932132967457,0.41024147591939786,150.46676504435462,2.28011812036857,41.7629579324399,-13.611179556697607,5.017529614262269,"Shohei Ohtani",19755,660271
"Matt Olson","OAK",156,673,39,101,111,4,0.1307578,0.167904903,0.269026548,0.268867924,0.27079646,0.371471025,0.539823008,0.3785553321174702,0.3781830849698019,146.75145649450036,-0.32182725612074137,38.200477820043616,-11.777785390615463,4.960915636422888,"Matt Olson",14344,621566
"Kyle Tucker","HOU",140,567,30,83,92,14,0.093474426,0.158730158,0.262845849,0.304347826,0.294466403,0.359292035,0.557312252,0.3825180579509054,0.39391967228480745,145.74856673743847,2.9443253874778748,34.70301743410319,-4.971826791763306,4.9286266440555835,"Kyle Tucker",18345,663656
"Bo Bichette","TOR",159,690,29,121,102,25,0.057971014,0.198550724,0.1859375,0.338912133,0.2984375,0.34347826,0.484375,0.3538593011489813,0.34948907639014876,121.6489946021056,4.856250773882493,23.145205277161658,1.696495532989502,4.860766538009555,"Bo Bichette",19612,666182
"Paul Goldschmidt","STL",158,679,31,102,99,12,0.098674521,0.20029455,0.220563847,0.331065759,0.293532338,0.365243004,0.514096185,0.3734484329885711,0.39572486651719674,135.91614470511175,1.4503728409763426,32.496449881706674,-7.031684875488281,4.838158955202952,"Paul Goldschmidt",9218,502671
"Freddie Freeman","ATL",159,695,31,120,83,8,0.122302158,0.153956834,0.203333333,0.321120689,0.3,0.392805755,0.503333333,0.3791464183260413,0.40974212781319036,135.99503371937433,1.3958349358290434,33.24328264770545,-9.913162589073181,4.677942926784798,"Freddie Freeman",5361,518692
"J.T. Realmuto","PHI",134,537,17,64,73,13,0.089385474,0.240223463,0.176470588,0.325301204,0.262605042,0.34264432,0.43907563,0.3356284449871321,0.32886978378869536,108.567030006476,2.999232283560559,8.85591662816987,19.366480827331543,4.63688553782809,"J.T. Realmuto",11739,592663
"Will Smith","LAD",130,501,25,71,76,3,0.115768463,0.201596806,0.236714976,0.274247491,0.258454106,0.365269461,0.495169082,0.363903539161567,0.3629383110184545,129.75325955024104,-1.6781018164474517,17.298547000795338,11.737677574157715,4.5973609580888475,"Will Smith",19197,669257
"Max Muncy","LAD",144,592,36,95,94,2,0.140202702,0.202702702,0.277665996,0.257309941,0.249496981,0.368243243,0.527162977,0.37869148877857084,0.4061954335269765,139.36417480433613,-1.2567954037804157,28.409963510636132,-3.344127655029297,4.505422125719774,"Max Muncy",13301,571970
"Manny Machado","SDP",153,640,28,92,106,12,0.0984375,0.159375,0.210992908,0.28988764,0.278368794,0.346875,0.489361702,0.34968837026565797,0.3768401274809966,123.25985632199338,-0.3119739422108978,18.63911830589697,4.523363471031189,4.476071168025064,"Manny Machado",11493,592518
"Brandon Lowe","TBR",149,615,39,97,99,7,0.110569105,0.271544715,0.276635514,0.280120481,0.246728971,0.339837398,0.523364485,0.36336161920559973,0.3553165117379296,136.42345818863697,1.823306298116222,29.249045980965622,-5.887858629226685,4.454725277044507,"Brandon Lowe",18882,664040
"Joey Gallo","- - -",153,616,38,90,77,6,0.180194805,0.34577922,0.259036145,0.245967741,0.19879518,0.35064935,0.457831325,0.3484881172984009,0.3500737482958501,122.55962644377595,1.9230705054942518,18.937393492707375,4.089705228805542,4.424658867241205,"Joey Gallo",14128,608336
"Ronald Acuña Jr.","ATL",82,360,24,72,52,17,0.136111111,0.236111111,0.313131313,0.310880829,0.282828282,0.394444444,0.595959595,0.41197204473298354,0.4299365986629027,157.32891175727008,2.7974471375346184,29.071280586355556,2.4806301593780518,4.375191062439017,"Ronald Acuna Jr.",18401,660670
"Tim Anderson","CHW",123,551,17,94,61,18,0.039927404,0.215970961,0.15939279,0.372448979,0.309297912,0.337568058,0.468690702,0.34471611738204955,0.3218537219980145,118.40024070724031,3.9071582907345146,16.320169851816594,7.572967529296875,4.288263154217681,"Tim Anderson",15172,641313
"Nolan Arenado","STL",157,653,34,81,105,2,0.076569678,0.147013782,0.239460371,0.24893617,0.254637436,0.312404287,0.494097807,0.335943981750991,0.31322965400163516,111.5414266521601,1.30478770355694,10.899234105936545,9.617668390274048,4.254526762574193,"Nolan Arenado",9777,571448
"Rafael Devers","BOS",156,664,38,101,113,5,0.093373493,0.215361445,0.258883248,0.306763285,0.279187817,0.352409638,0.538071065,0.37304485261531,0.39102331021936926,132.50393810827188,-0.32194632082246244,26.102513520227284,-6.591598987579346,4.23692509297012,"Rafael Devers",17350,646240
"Javier Báez","- - -",138,547,31,80,87,18,0.051188299,0.336380255,0.229083665,0.351724137,0.264940239,0.318681318,0.494023904,0.3440072793951806,0.31811420869212564,116.63502616195355,4.486016312381253,16.07000323243573,7.157664895057678,4.169685106287239,"Javier Baez",12979,595879
"Xander Bogaerts","BOS",144,603,23,90,79,5,0.102819237,0.187396351,0.198487712,0.3325,0.29489603,0.369817578,0.493383742,0.36804320342132135,0.3580559539794922,129.12394977901238,0.2524848722387105,21.754028628612115,-1.1976408958435059,4.132259957503225,"Xander Bogaerts",12161,593428
"Mike Zunino","TBR",109,375,33,64,62,0,0.090666666,0.352,0.342342342,0.23076923,0.216216216,0.301333333,0.558558558,0.3584973629315694,0.35485319010416666,133.1363165281403,-0.18692516232840717,15.026869643304172,12.719357967376709,4.070173132911212,"Mike Zunino",13265,572287
"Byron Buxton","MIN",61,254,19,50,32,9,0.051181102,0.244094488,0.340425532,0.344155844,0.306382978,0.358267716,0.64680851,0.41880824105946096,0.40840848787563055,170.70003080421128,2.647824208950624,24.634287563774222,7.194182336330414,4.063955103795436,"Byron Buxton",14161,621439
"Justin Turner","LAD",151,612,27,87,87,3,0.099673202,0.160130718,0.193245779,0.292270531,0.277673545,0.361111111,0.470919324,0.3584584999902576,0.36125555210144744,126.21444508400096,-2.7929427279159427,17.630988288095946,2.1728777289390564,4.045071665401965,"Justin Turner",5235,457759
"Teoscar Hernández","TOR",143,595,32,92,116,12,0.060504201,0.248739495,0.227272727,0.352150537,0.296363636,0.346218487,0.523636363,0.36892860937198807,0.36581976939055877,131.83245288722355,1.3866230510175228,24.576002518714006,-4.706140995025635,4.035942882574211,"Teoscar Hernandez",13066,606192
"Jorge Polanco","MIN",152,644,33,97,98,11,0.069875776,0.183229813,0.234693878,0.282167042,0.268707482,0.322981366,0.50340136,0.349227445373624,0.3461432805513705,123.67908466481015,1.402981964405626,20.0733480823359,-2.1530747413635254,4.0087344380457735,"Jorge Polanco",13152,593871
"Francisco Lindor","NYM",125,524,20,73,63,10,0.110687022,0.183206106,0.181415929,0.24778761,0.230088495,0.322393822,0.411504424,0.31673463819555736,0.3443411070468598,101.20426909111724,-0.5523485532030463,0.2509964019687967,21.48434829711914,3.9426524422256715,"Francisco Lindor",12916,596019
"Mookie Betts","LAD",122,550,23,93,58,10,0.123636363,0.156363636,0.223175966,0.276243093,0.263948497,0.367272727,0.487124463,0.3653867228405319,0.3567295563526643,130.7172033703091,0.5644142364617437,22.07199718315755,-1.4439585208892822,3.919100736748739,"Mookie Betts",13611,605141
"Randy Arozarena","TBR",141,604,20,94,69,20,0.092715231,0.281456953,0.185255198,0.363372093,0.274102079,0.355960264,0.459357277,0.34959715108076733,0.2980804443359375,127.12177791959417,1.7387503320351243,21.79534283141098,-3.7323453426361084,3.885668910789472,"Randy Arozarena",19290,668227
"Jeimer Candelario","DET",149,626,16,75,67,0,0.103833865,0.215654952,0.172351885,0.332512315,0.271095152,0.351437699,0.443447037,0.3443679286956787,0.355494287109375,118.85531833679906,1.05919135408476,15.510602564179864,1.61392380297184,3.867120908338917,"Jeimer Candelario",13621,600869
"Corey Seager","LAD",95,409,16,54,57,1,0.117359413,0.161369193,0.21529745,0.335766423,0.305949008,0.393643031,0.521246458,0.38931151602133485,0.39187284652372545,146.26629338533422,-0.12109842663630843,23.96881611797384,0.3734009265899658,3.817110018145639,"Corey Seager",13624,608369
"Jake Cronenworth","SDP",152,643,21,94,71,4,0.085536547,0.139968895,0.194003528,0.2832244,0.266313932,0.34015748,0.46031746,0.34072414983437055,0.343990185546875,117.43387198234791,-0.07891955715604126,14.192003659377427,1.5792535077780485,3.7450081139526703,"Jake Cronenworth",18036,630105
"Yoán Moncada","CHW",144,616,14,74,61,3,0.136363636,0.254870129,0.148076923,0.35042735,0.263461538,0.375,0.411538461,0.34715657961077806,0.35230143630054395,120.04944350639202,-1.0428289449773729,14.078330458162995,2.145839035511017,3.7424930356624033,"Yoan Moncada",17232,660162
"Matt Chapman","OAK",151,622,27,75,72,3,0.128617363,0.324758842,0.192816635,0.27184466,0.209829867,0.313504823,0.402646502,0.31149090179676414,0.31834915333132047,101.43100657872834,-0.8933556876145303,0.19641236398846562,15.385048627853394,3.6986518272308793,"Matt Chapman",16505,656305
"Nick Castellanos","CIN",138,585,34,95,100,3,0.07008547,0.206837606,0.267419962,0.340314136,0.308851224,0.362393162,0.576271186,0.3912440283545132,0.3752344591864224,140.28213426297262,0.15116378525272012,30.15077197575752,-12.923243045806885,3.6958801581556036,"Nick Castellanos",11737,592206
"Ozzie Albies","ATL",156,686,30,103,106,20,0.068513119,0.186588921,0.228934817,0.278242677,0.259141494,0.310495626,0.488076311,0.3358612113703064,0.32695801586699275,107.8633138676116,5.051072014961392,11.918228922470666,1.5231693387031555,3.656065454816727,"Ozzie Albies",16556,645277
"Enrique Hernández","BOS",134,585,20,84,60,1,0.104273504,0.188034188,0.198818897,0.277922077,0.25,0.336752136,0.448818897,0.3378441967515864,0.34750885270599624,108.71622301928437,2.564323102356866,8.807221351996043,7.5356690883636475,3.6479304579362637,"Enrique Hernandez",10472,571771
"Yasmani Grandal","CHW",93,375,23,60,62,0,0.232,0.218666666,0.279569892,0.245810055,0.240143369,0.419786096,0.519713261,0.4022374873492807,0.4105678282218708,157.27173121599688,-4.226113281445578,22.06891459660988,0.7928738594055176,3.580384486558218,"Yasmani Grandal",11368,518735
"Brandon Belt","SFG",97,381,29,65,59,3,0.125984251,0.270341207,0.323076923,0.30927835,0.273846153,0.377952755,0.596923076,0.40626257705310037,0.3708105339575066,158.60968534952224,-0.46005266159772873,27.96763986273973,-5.15042245388031,3.5699769392734892,"Brandon Belt",10264,474832
"Pete Alonso","NYM",152,637,37,81,94,3,0.094191522,0.199372056,0.256684492,0.274314214,0.262032085,0.343799058,0.518716577,0.36261472139041134,0.3764104691762773,131.02243880746173,-2.285403583664447,22.871814397248617,-9.089180827140808,3.5254097103117923,"Pete Alonso",19251,624413
"Joey Votto","CIN",129,533,36,73,99,1,0.14446529,0.238273921,0.296875,0.287197231,0.265625,0.375234521,0.5625,0.39131762305066076,0.40361046112465904,140.32996458469697,-1.8627503826282918,25.502680680380898,-8.31009978055954,3.5174082342090176,"Joey Votto",4314,458015
"Yordan Alvarez","HOU",144,598,33,92,104,1,0.08361204,0.242474916,0.253258845,0.320441988,0.277467411,0.346153846,0.530726256,0.36949795674877006,0.3860264274006339,136.9499108537178,-0.42907702340744436,26.623997917682615,-12.414905458688736,3.4786108071233732,"Yordan Alvarez",19556,670541
"Jean Segura","PHI",131,567,14,76,58,9,0.068783068,0.137566137,0.145914397,0.316901408,0.289883268,0.348056537,0.435797665,0.3375126980972968,0.3213109851095978,109.79163500095301,1.1888602026738226,8.256680826342746,7.369314670562744,3.4747202251356093,"Jean Segura",5933,516416
"Luis Robert Jr.","CHW",68,296,13,42,43,6,0.047297297,0.206081081,0.229090909,0.394088669,0.338181818,0.378378378,0.567272727,0.39890533827118957,0.386485776274262,155.0199489420947,0.20151454699225724,20.141000173470886,3.802006185054779,3.4174839062881985,"Luis Robert Jr.",20043,673357
"Jonathan India","CIN",150,631,21,98,69,12,0.112519809,0.223454833,0.189849624,0.326203208,0.268796992,0.376190476,0.458646616,0.3626584939433585,0.35245362298477245,121.70395704205981,-0.3041195764672011,17.13062239462146,-4.4091691970825195,3.3988109627425525,"Jonathan India",21523,663697
"Josh Donaldson","MIN",135,543,26,73,72,0,0.136279926,0.209944751,0.227571116,0.267692307,0.24726477,0.351749539,0.474835886,0.35261735601037353,0.38649283515082467,125.96990074267843,-1.2327182835433632,16.032504074942167,-0.9670878648757935,3.3755852374694286,"Josh Donaldson",5038,518626
"Dansby Swanson","ATL",160,653,27,78,88,9,0.079632465,0.255742725,0.200680272,0.296758104,0.248299319,0.311349693,0.448979591,0.3224367261116887,0.32936729619532457,99.13853501104396,1.7259990775492042,1.0098588712153092,9.934432029724121,3.294630175300206,"Dansby Swanson",18314,621020
"Yuli Gurriel","HOU",143,605,15,83,81,1,0.097520661,0.112396694,0.143396226,0.335511982,0.318867924,0.383471074,0.46226415,0.3632308445364286,0.3260015737555711,132.71475454540797,-1.335277734324336,22.89738274423093,-10.91646558046341,3.2792208566890757,"Yuli Gurriel",19198,493329
"Sean Murphy","OAK",119,448,17,47,59,0,0.089285714,0.254464285,0.188295165,0.256603773,0.216284987,0.305803571,0.404580152,0.3092813115300877,0.33792517062534955,99.9378212264274,-3.4816389533225447,-3.5157442806715764,20.807669162750244,3.272578149078784,"Sean Murphy",19352,669221
"Jesse Winker","CIN",110,485,24,77,71,1,0.10927835,0.154639175,0.250591016,0.324074074,0.304964539,0.393814432,0.555555555,0.40333832627978206,0.38801284663933366,148.14240397094358,-3.7389165845233947,25.98573380558284,-9.92379379272461,3.242524408705725,"Jesse Winker",13590,608385
"Adam Frazier","- - -",155,639,5,83,43,10,0.07511737,0.10798122,0.105719237,0.339285714,0.305025996,0.367924528,0.410745233,0.34051614886954756,0.3245148356956772,112.84813382529514,-0.9242581711150706,9.527471144587611,1.3615127205848694,3.2419776107300655,"Adam Frazier",15223,624428
"Brandon Nimmo","NYM",92,386,8,51,28,5,0.139896373,0.204663212,0.144615384,0.365546218,0.292307692,0.401041666,0.436923076,0.3690706718092163,0.3460110241346785,135.2182599974683,-0.10712620569393039,17.199102706010134,2.0078547596931458,3.2247808053129643,"Brandon Nimmo",12927,607043
"Ty France","SEA",152,650,18,85,73,0,0.07076923,0.163076923,0.154115587,0.326710816,0.290718038,0.367692307,0.444833625,0.35304897647058286,0.3462953449767313,129.1675693760138,-0.7047409180086106,22.507424285107096,-12.787111282348633,3.2070874652503787,"Ty France",17982,664034
"AJ Pollock","LAD",117,422,21,53,69,9,0.071090047,0.189573459,0.239583333,0.326315789,0.296875,0.355450236,0.536458333,0.3748424556551938,0.3561561657832219,136.86262914607624,0.905195697909221,20.708880342185964,-3.382704734802246,3.1573161687425144,"AJ Pollock",9256,572041
"Willy Adames","- - -",140,555,25,77,73,5,0.102702702,0.281081081,0.219315895,0.331230283,0.261569416,0.336936936,0.480885311,0.3492630730897511,0.32381540429290884,119.57147494841749,-1.2285950630903244,12.786182451705844,-0.2231132984161377,3.1371005453396217,"Willy Adames",15986,642715
"Kris Bryant","- - -",144,586,25,86,73,10,0.105802047,0.230375426,0.216374269,0.312676056,0.265107212,0.35324232,0.481481481,0.3562471184533896,0.34679082496879027,124.3297865166277,2.5374246947467327,20.687697546456786,-9.539004385471344,3.0896877816371138,"Kris Bryant",15429,592178
"Myles Straw","- - -",158,638,4,86,48,30,0.105015673,0.189655172,0.076241135,0.336343115,0.271276595,0.348508634,0.34751773,0.31082929256759595,0.3046420955058164,97.80223509216792,4.332735211588442,2.6159974106302784,6.18473706766963,3.0736632738138567,"Myles Straw",17620,664702
"Joey Wendle","TBR",136,501,11,73,54,8,0.055888223,0.225548902,0.156521739,0.327433628,0.265217391,0.319361277,0.42173913,0.3168277411873432,0.286698805683791,104.97703751484642,1.3033204269595444,4.356207196731049,9.131812334060669,3.0731652007041603,"Joey Wendle",13853,621563
"Jacob Stallings","PIT",112,427,8,38,53,0,0.114754098,0.199063231,0.122994653,0.296819787,0.245989304,0.334894613,0.368983957,0.31187709391256685,0.3132720161098507,92.29249994139577,-1.0062508103437722,-5.19600607784626,21.483036994934082,3.069939411672601,"Jacob Stallings",13723,607732
"J.P. Crawford","SEA",160,687,9,89,54,3,0.084425036,0.165938864,0.103392569,0.32,0.273021001,0.338192419,0.37641357,0.3141035026007325,0.2997507567287015,102.84920076356005,-3.0173254816327244,-0.6208011330148491,7.627083212137222,3.062011117942968,"J.P. Crawford",15491,641487
"Giancarlo Stanton","NYY",139,579,35,64,97,0,0.10880829,0.271157167,0.243137255,0.323987538,0.272549019,0.354058721,0.515686274,0.36953522672290207,0.3617867674503027,138.1502517466922,-3.080014993902296,23.964427212182652,-13.406076431274414,3.047277369886892,"Giancarlo Stanton",4949,519317
"Tommy Edman","STL",159,691,11,91,56,30,0.054992764,0.13748191,0.124804992,0.291280148,0.262090483,0.307692307,0.386895475,0.30078707314854447,0.3184035943478954,88.69241256128448,6.618575238622725,-3.328496406411059,9.94960418343544,2.9889825159150214,"Tommy Edman",19470,669242
"Tony Kemp","OAK",131,397,8,54,37,8,0.130982367,0.128463476,0.13939394,0.304347826,0.278787878,0.381679389,0.418181818,0.3513024940745521,0.3244034359827066,128.33467615833194,2.055615508230403,15.828053217417457,0.2501811385154724,2.9757189813221108,"Tony Kemp",14894,643393
"Harrison Bader","STL",103,401,16,45,50,9,0.06733167,0.211970074,0.193460491,0.305970149,0.267029972,0.324189526,0.460490463,0.33069843657409087,0.2912448738194719,108.13226639246153,0.7719240584410727,4.923406573460724,10.882128119468689,2.934173479220983,"Harrison Bader",18030,664056
"Max Stassi","LAA",87,319,13,45,35,0,0.087774294,0.31661442,0.184397163,0.325443786,0.241134751,0.326018808,0.425531914,0.3268142137034186,0.3193172129922861,105.40940958253566,-1.1318005283828825,0.9809226928566264,17.329517662525177,2.9316685192054375,"Max Stassi",10059,545358
"Darin Ruf","SFG",117,312,16,41,43,2,0.147435897,0.278846153,0.248091603,0.34375,0.270992366,0.384615384,0.519083969,0.38433934853922935,0.3794316659081715,144.36144290888666,-0.3742918351199478,17.24577297864665,1.446643590927124,2.9241928471594942,"Darin Ruf",9929,573131
"Mark Canha","OAK",141,625,17,93,61,12,0.1232,0.2048,0.156069364,0.27393617,0.231213872,0.3584,0.387283236,0.33302490367889404,0.3321886474609375,115.98314172873634,0.4572317253332585,12.687732079018033,-5.036343544721603,2.9137646524628438,"Mark Canha",11445,592192
"José Abreu","CHW",152,659,30,86,117,1,0.092564491,0.216995447,0.219081273,0.29280397,0.261484098,0.350531107,0.480565371,0.3539355836990403,0.34683954148065477,124.63052342896387,-1.9846522598527372,17.888241575907966,-12.186769843101501,2.835006792346573,"Jose Abreu",15676,547989
"Kevin Kiermaier","TBR",122,390,4,54,37,9,0.084615384,0.253846153,0.129310345,0.345381526,0.258620689,0.328205128,0.387931034,0.3102819656895608,0.28386217063095526,100.55356758915703,4.295305542647839,4.559629981169682,10.152209281921387,2.814662274761853,"Kevin Kiermaier",11038,595281
"Amed Rosario","CLE",141,588,11,77,57,13,0.052721088,0.204081632,0.127272728,0.340425531,0.281818181,0.321428571,0.409090909,0.3154132664203644,0.3020613683413153,101.620425915183,4.873199614929035,6.039763595732644,1.7514522075653076,2.800711932436884,"Amed Rosario",15518,642708
"Omar Narváez","MIL",123,445,11,54,49,0,0.092134831,0.188764044,0.135549872,0.307947019,0.265984654,0.341573033,0.401534526,0.32220459254079276,0.3044928641340851,100.13299421418111,-1.4681443399749696,-1.392801844169004,14.00615930557251,2.7621263429929277,"Omar Narvaez",13338,553882
"Chris Taylor","LAD",148,582,20,92,73,13,0.108247422,0.28694158,0.183431953,0.3374613,0.254437869,0.344234079,0.437869822,0.3380622528171704,0.32908748962718587,112.95861123556014,3.9578274365048856,13.559097587055986,-5.605324923992157,2.755857102519545,"Chris Taylor",13757,621035
"Adolis García","TEX",149,622,31,77,90,16,0.051446945,0.311897106,0.211703959,0.305555555,0.242685025,0.286173633,0.454388984,0.31422503498589494,0.2964988291455235,98.50564175324193,0.1378796047065407,-1.0001332452508351,7.152820110321045,2.7531785865808183,"Adolis Garcia",19287,666969
"J.D. Martinez","BOS",148,634,28,92,99,0,0.086750788,0.236593059,0.231578947,0.340050377,0.285964912,0.349131121,0.517543859,0.36397208599002356,0.37203675289853716,126.37279133683903,-1.7705635908059776,18.70083022977941,-13.045120656490326,2.7445572055882557,"J.D. Martinez",6184,502110
"Salvador Perez","KCR",161,665,48,88,121,1,0.042105263,0.255639097,0.270967742,0.298029556,0.272580645,0.315789473,0.543548387,0.3591030183249631,0.36887575458289995,125.0284922153468,-3.647767753805965,16.73008356759592,-12.5328848361969,2.7047719373507952,"Salvador Perez",7304,521692
"Willson Contreras","CHC",128,483,21,61,57,5,0.107660455,0.285714285,0.200968523,0.298449612,0.237288135,0.339544513,0.438256658,0.33705513123654723,0.34606978006025857,110.9365853137724,-1.793868123088032,4.930881508501146,5.6174468994140625,2.6829157811718276,"Willson Contreras",11609,575929
"Kyle Schwarber","- - -",113,471,32,76,71,1,0.135881104,0.269639065,0.288220551,0.305785123,0.26566416,0.373673036,0.553884711,0.3916120416306435,0.39918588016078926,145.2543943368363,-2.6005983194336295,24.048472520278157,-13.299790620803833,2.6743339489909106,"Kyle Schwarber",16478,656941
"George Springer","TOR",78,342,22,59,50,4,0.108187134,0.230994152,0.2909699,0.28643216,0.264214046,0.351906158,0.555183946,0.38122718947775225,0.364539067885455,140.1435230186328,0.5260796740185469,17.335148152506697,-2.8299808502197266,2.62908549763183,"George Springer",12856,543807
"Whit Merrifield","KCR",162,720,10,97,74,40,0.055555555,0.143055555,0.11746988,0.309058614,0.277108433,0.316666666,0.394578313,0.30623238880876374,0.3039606807958102,89.2998547610978,6.58938514161855,-2.8430586461635627,4.196630120277405,2.608520033505916,"Whit Merrifield",11281,593160
"Kolten Wong","MIL",116,492,14,70,50,12,0.06300813,0.168699186,0.175280899,0.304843304,0.271910112,0.335365853,0.447191011,0.3365938156054122,0.3097342124053271,109.48477096674125,1.8248041300103068,7.76552565353232,1.6934911012649536,2.6039675548118084,"Kolten Wong",12532,543939
"Hunter Renfroe","BOS",144,572,31,89,96,1,0.076923076,0.227272727,0.24184261,0.284153005,0.259117082,0.314685314,0.500959692,0.3439629382186836,0.35175773219058387,112.85111412148343,-3.3199947299435735,5.679929760302256,0.34351491928100586,2.56849724234448,"Hunter Renfroe",15464,592669
"Robbie Grossman","DET",156,671,23,88,67,20,0.14605067,0.230998509,0.175942549,0.285714285,0.238779174,0.357249626,0.414721723,0.33744881783161795,0.3351573084925746,114.17955779016063,2.695612081559375,14.344575026327853,-11.77196455001831,2.562472433094261,"Robbie Grossman",5254,543257
"Trent Grisham","SDP",132,527,15,61,62,13,0.102466793,0.225806451,0.170995671,0.292168674,0.242424242,0.326996197,0.413419913,0.3203937481832868,0.3049181872651777,104.2208321485086,2.7652575531974435,5.597014280163075,2.171997755765915,2.552268395278041,"Trent Grisham",18564,663757
"Eduardo Escobar","- - -",146,599,28,77,90,1,0.080133555,0.207011686,0.218579235,0.278894472,0.253187613,0.313856427,0.471766848,0.334217824764475,0.3292814219616965,107.93560330532036,-1.0532017201185226,4.998172572352388,0.1870253086090088,2.535438323557829,"Eduardo Escobar",6153,500871
"Ryan McMahon","COL",151,596,23,80,86,6,0.098993288,0.246644295,0.195075758,0.305785123,0.253787878,0.330536912,0.448863636,0.333893070116589,0.3260769972930083,93.49536230069532,-1.3035178880672902,-6.238852644294717,10.67299222946167,2.450031441930109,"Ryan McMahon",15112,641857
"Dylan Carlson","STL",149,619,18,79,65,2,0.092084006,0.24555735,0.171586716,0.331578947,0.265682656,0.343042071,0.437269372,0.33581167691713804,0.3198237706942037,111.45543971152256,-0.05076223541982472,8.97636693677571,-5.8788721561431885,2.3933884418033387,"Dylan Carlson",20126,666185
"Ketel Marte","ARI",90,374,14,52,50,2,0.0828877,0.160427807,0.214705883,0.352059925,0.317647058,0.377005347,0.532352941,0.3847397768272544,0.37143080061015415,140.77644158927754,-1.342792100738734,18.071795504854443,-6.771255850791931,2.3915851995776882,"Ketel Marte",13613,606466
"Luis Urías","MIL",150,570,23,77,75,5,0.110526315,0.203508771,0.195918368,0.279661016,0.248979591,0.344522968,0.444897959,0.34041283450372267,0.32952187031666297,111.9668099198119,0.5208751598838717,9.204488804198801,-4.657489776611328,2.373864707701252,"Luis Urias",16622,649966
"Jared Walsh","LAA",144,585,29,70,98,2,0.082051282,0.259829059,0.232075472,0.335227272,0.27735849,0.34017094,0.509433962,0.357296056389191,0.3249932988264325,126.00826978569862,-1.521071575814858,17.107063748631273,-13.497388362884521,2.37110338161504,"Jared Walsh",18607,665120
"Wander Franco","TBR",70,308,7,53,39,2,0.077922077,0.12012987,0.174377224,0.310924369,0.288256227,0.347402597,0.462633451,0.3477663759674345,0.331496845592152,125.88458629008107,3.0128999545704573,12.77389295300137,0.1766643524169922,2.356425849550397,"Wander Franco",23667,677551
"Patrick Wisdom","CHC",106,375,28,54,61,4,0.085333333,0.408,0.286982249,0.318471337,0.23076923,0.304812834,0.517751479,0.34632685149323206,0.319833239026108,116.96241850596911,-0.36975635774433613,7.728029461513236,3.136492222547531,2.3512281224366083,"Patrick Wisdom",13602,621550
"C.J. Cron","COL",142,547,28,70,92,1,0.109689213,0.213893967,0.248936171,0.316109422,0.280851063,0.37477148,0.529787234,0.3829898721374133,0.36645631456462935,125.40412691581508,-2.636101874988526,15.054346642685857,-10.078351497650146,2.3394929551132937,"C.J. Cron",12546,543068
"Josh Harrison","- - -",138,558,8,58,60,9,0.055555555,0.134408602,0.12079208,0.312941176,0.27920792,0.341113105,0.4,0.3245024422126784,0.33351565349037815,104.21046316325989,-2.3271098404657096,0.857656576433456,3.476015329360962,2.325960733747542,"Josh Harrison",8202,543281
"Avisaíl García","MIL",135,515,29,68,86,8,0.073786407,0.234951456,0.227765726,0.29113924,0.262472885,0.330097087,0.490238611,0.345797400264179,0.36514066385145505,115.4663217888774,-1.0882528848014772,9.051830228966894,-3.498717784881592,2.2896912633667754,"Avisail Garcia",5760,541645
"Adam Duvall","- - -",146,555,38,67,113,5,0.063063063,0.313513513,0.263157895,0.259868421,0.228070175,0.281081081,0.49122807,0.3242618534108792,0.3291511260215126,100.90511550670323,-1.616114788223058,-0.9766093640207063,4.98883056640625,2.269768301878603,"Adam Duvall",10950,594807
"Kyle Seager","SEA",159,670,35,73,101,3,0.088059701,0.240298507,0.225538972,0.226277372,0.212271973,0.285074626,0.437810945,0.307634636938215,0.31958919228194005,98.47770456403947,-4.525851323269308,-5.774602195729786,5.281313896179199,2.2516040545803557,"Kyle Seager",9785,572122
"Yan Gomes","- - -",103,375,14,49,52,0,0.050666666,0.208,0.169054441,0.286821705,0.252148997,0.301333333,0.421203438,0.30824786328500314,0.33786661906908916,93.78717714998169,0.36833982542157173,-2.428495770972664,12.012531757354736,2.2325810021822035,"Yan Gomes",9627,543228
"Brett Phillips","TBR",119,292,13,50,44,14,0.113013698,0.386986301,0.221343874,0.302325581,0.205533596,0.3,0.42687747,0.3126118072148027,0.28470619464742725,102.12801570795078,3.1026169292163104,3.8633980687098477,8.39869773387909,2.232439265381725,"Brett Phillips",14735,621433
"Max Kepler","MIN",121,490,19,61,54,10,0.110204081,0.195918367,0.201877934,0.225396825,0.211267605,0.306122448,0.413145539,0.3090678198871182,0.34480940487840095,96.54022302394108,3.096174685517326,1.0205623603527458,4.204226970672607,2.2067884979766594,"Max Kepler",12144,596146
"Wil Myers","SDP",146,500,17,56,63,8,0.108,0.282,0.178733032,0.333333333,0.255656108,0.334,0.43438914,0.3304205283103698,0.2966349345134444,110.73739033058632,0.24145053466781974,7.07609596955535,-1.8834538459777832,2.2030735964678763,"Wil Myers",10047,571976
"Anthony Rizzo","- - -",141,576,22,73,61,6,0.090277777,0.151041666,0.191532259,0.257653061,0.24798387,0.34375,0.439516129,0.3388930982828971,0.34810756929673864,113.9422550051265,-1.7730822609737515,8.308741039615708,-5.831345200538635,2.200457421408451,"Anthony Rizzo",3473,519203
"Jonathan Schoop","DET",156,674,22,85,84,2,0.054896142,0.197329376,0.157303371,0.31722689,0.277688603,0.320474777,0.434991974,0.3239948507232553,0.31121903259368033,105.0877062738325,-0.48392371903173625,3.714477926998809,-5.180392742156982,2.1678113535518033,"Jonathan Schoop",11265,570731
"Trevor Story","COL",142,595,24,88,75,20,0.08907563,0.233613445,0.220532319,0.29347826,0.25095057,0.329411764,0.471482889,0.34078573255876665,0.3351311257476549,97.97500933240296,1.9406096555758268,0.4067443096133889,1.2278099060058594,2.165937393848464,"Trevor Story",12564,596115
"Josh Bell","WSN",144,568,27,75,88,0,0.114436619,0.177816901,0.214859438,0.27613941,0.261044176,0.346830985,0.475903614,0.35182300389023635,0.3619852791845271,119.2290945758828,-3.9238199105020612,9.980649310977391,-7.508086204528809,2.1591204851485486,"Josh Bell",13145,605137
"Michael Brantley","HOU",121,508,8,68,47,1,0.064960629,0.104330708,0.125799574,0.337408312,0.311300639,0.362204724,0.437100213,0.34652522623656534,0.3605796618339343,121.42551919590257,-0.8211955388542265,12.5047220682629,-8.417373657226562,2.154551013949292,"Michael Brantley",4106,488726
"Alex Bregman","HOU",91,400,12,54,55,1,0.11,0.1325,0.152298851,0.285714285,0.270114942,0.355,0.422413793,0.33555859101541113,0.3335838993893394,114.01454381136391,-1.2114959985483438,5.651930917663326,2.0763956904411316,2.148732693020736,"Alex Bregman",17678,608324
"Mike Trout","LAA",36,146,8,23,18,2,0.184931506,0.280821917,0.29059829,0.455882352,0.333333333,0.465753424,0.623931623,0.45073862194169495,0.4221874509538923,189.15439794741047,0.5065504056401551,16.443224229962347,-0.03209543228149414,2.1470579228620075,"Mike Trout",10155,545361
"Mitch Haniger","SEA",157,691,39,110,100,1,0.078147612,0.244573082,0.232258064,0.28095238,0.253225806,0.31837916,0.48548387,0.3398648047135773,0.3479054621238321,120.25803875095716,-2.207027739379555,14.931657450873132,-17.296217918395996,2.136084707931065,"Mitch Haniger",14274,571745
"Mike Yastrzemski","SFG",139,532,25,75,71,4,0.095864661,0.246240601,0.232905983,0.253968253,0.224358974,0.310734463,0.457264957,0.32583450524585295,0.31624729701450893,106.33824798264672,1.6026428469922394,5.895318775651591,-2.5257320404052734,2.1279384611057974,"Mike Yastrzemski",14854,573262
"Kyle Farmer","CIN",147,529,16,60,63,2,0.041587901,0.183364839,0.15320911,0.296,0.262939958,0.316287878,0.416149068,0.31604387717183674,0.3020043318715839,91.40840268893484,-0.3265604521147907,-6.112539136454743,9.494912147521973,2.1191263300541427,"Kyle Farmer",14813,571657
"Mitch Garver","MIN",68,243,13,29,34,1,0.127572016,0.292181069,0.260869565,0.32,0.256038647,0.358024691,0.516908212,0.3715836761419665,0.3873053970650881,138.78686135055779,-0.9255131545942277,10.614145645683907,2.009008973836899,2.1003574366315565,"Mitch Garver",15161,641598
"Chas McCormick","HOU",108,320,14,47,50,4,0.078125,0.325,0.190140845,0.341040462,0.257042253,0.31875,0.447183098,0.32652269545942547,0.31534576416015625,107.90831357827479,-1.2487442968413234,1.8496445201224385,7.9793336391448975,2.084621706164424,"Chas McCormick",19599,676801
"DJ LeMahieu","NYY",150,679,10,84,57,4,0.107511045,0.13843888,0.093802345,0.301204819,0.2680067,0.349042709,0.361809045,0.31508744669805777,0.3418547492446558,101.35581577160484,-2.3428565729409456,-1.2157304574638448,-1.2717219181358814,2.0825485132633066,"DJ LeMahieu",9874,518934
"Manuel Margot","TBR",125,464,10,55,57,13,0.079741379,0.150862068,0.128266033,0.28115942,0.254156769,0.313174946,0.382422802,0.3012125276174566,0.3164496048637058,94.42467016998235,-0.22984988614916801,-3.397160105525992,8.219723224639893,2.0771599372741854,"Manuel Margot",14712,622534
"Nathaniel Lowe","TEX",157,642,18,75,72,8,0.124610591,0.252336448,0.150807899,0.339473684,0.263913824,0.356697819,0.414721723,0.33700341526418925,0.3228759288787842,113.89869642660904,1.551645698491484,12.476386806300846,-14.188392162322998,2.0332327602405105,"Nathaniel Lowe",19566,663993
"Evan Longoria","SFG",81,291,13,45,46,1,0.120274914,0.233676975,0.221343873,0.304597701,0.260869565,0.350515463,0.482213438,0.3519298604556492,0.35088675362723215,123.29801954952298,-1.0167187759652734,7.614243894399982,2.2305374145507812,1.9663335342937645,"Evan Longoria",9368,446334
"Edmundo Sosa","STL",113,326,6,39,27,4,0.052147239,0.193251533,0.118055555,0.325791855,0.270833333,0.345679012,0.388888888,0.32185129626937536,0.32005918508749515,102.38237422269519,0.40912187937647104,1.397845308237815,7.235983610153198,1.9626714950894355,"Edmundo Sosa",17022,624641
"Jonathan Villar","NYM",142,505,18,63,42,14,0.091089108,0.261386138,0.167400881,0.3125,0.248898678,0.322067594,0.416299559,0.3196275531650779,0.30665106201171877,103.08441889751062,-0.11385635891929269,1.8690946167821298,0.7390519380569458,1.960736302286994,"Jonathan Villar",10071,542340
"Frank Schwindel","- - -",64,259,14,44,43,2,0.061776061,0.158301158,0.26446281,0.347593582,0.32644628,0.37065637,0.59090909,0.4030216647029387,0.33329762290505804,154.23156339854407,-0.951222539646551,16.997903530127232,-6.166637599468231,1.9589747029574271,"Frank Schwindel",15351,643524
"Michael A. Taylor","KCR",142,528,12,58,54,14,0.0625,0.272727272,0.111801242,0.319277108,0.244306418,0.296577946,0.35610766,0.28552239226751003,0.3000201961386793,75.30456163006957,-0.6299248931463808,-16.594329234832742,18.018096208572388,1.9561481794781705,"Michael A. Taylor",11489,572191
"Miguel Rojas","MIA",132,539,9,66,48,13,0.06864564,0.13729128,0.127272727,0.295399515,0.264646464,0.321561338,0.391919191,0.3112473924363856,0.2862306165073615,92.79642762502209,2.9138644107151777,-2.0290595895463914,3.163315534591675,1.9273432922522904,"Miguel Rojas",7802,500743
"Rhys Hoskins","PHI",107,443,27,64,71,3,0.106094808,0.243792325,0.28277635,0.26953125,0.246786632,0.334085778,0.529562982,0.3644837578317113,0.3767013722025783,127.32054036877595,-2.175151533447206,13.232635077112569,-8.883343935012817,1.9267150186201925,"Rhys Hoskins",16472,656555
"LaMonte Wade Jr.","SFG",109,381,18,52,56,6,0.086614173,0.2335958,0.229166667,0.288793103,0.25297619,0.326259946,0.482142857,0.3430570570078302,0.34372528563154503,117.5314485094663,-0.3556278543546796,8.147721460033418,-2.0296530723571777,1.8954646083091802,"LaMonte Wade Jr.",18126,664774
"Santiago Espinal","TOR",92,246,2,32,17,6,0.089430894,0.121951219,0.094594595,0.352631578,0.31081081,0.375510204,0.405405405,0.3438859151334179,0.3072647717534279,114.90923197014826,1.7442658366635442,6.234742416529489,4.119970053434372,1.8831919913996678,"Santiago Espinal",19997,669289
"Nelson Cruz","- - -",140,584,32,79,86,3,0.087328767,0.215753424,0.231968811,0.285714285,0.265107212,0.334482758,0.497076023,0.3462238475941775,0.36684034916392544,123.01302908286998,-3.39224872039631,13.062402834524157,-14.338032700121403,1.87779345626726,"Nelson Cruz",2434,443558
"Wilmer Flores","SFG",139,436,18,57,53,1,0.094036697,0.128440366,0.185089975,0.264150943,0.262210796,0.334862385,0.447300771,0.33709756961656273,0.3145860693920618,113.65828625514938,-2.6718858962412924,4.909174276600966,-0.882632527500391,1.8707979062232931,"Wilmer Flores",5827,527038
"Ke'Bryan Hayes","PIT",96,396,6,49,38,9,0.078282828,0.219696969,0.116022099,0.32103321,0.256906077,0.315656565,0.372928176,0.3012922743354181,0.29243294962771654,85.41326336224962,1.9097754654940218,-5.4438341698190476,10.809485077857971,1.8704871069777287,"Ke'Bryan Hayes",18577,663647
"Steven Duggar","SFG",107,297,8,45,35,7,0.09090909,0.296296296,0.179104478,0.354651162,0.257462686,0.329966329,0.436567164,0.3273485659742031,0.3033873782629853,107.32225927066156,2.34070688392967,5.109234090983998,3.512763202190399,1.8639070466898855,"Steven Duggar",17719,621453
"Alex Verdugo","BOS",146,604,13,88,63,6,0.084437086,0.158940397,0.137867647,0.327272727,0.288602941,0.350993377,0.426470588,0.3338870364288024,0.33946238250988015,106.04207391580589,-0.29034301615320146,4.177779049431496,-6.284091234207153,1.8631851475416907,"Alex Verdugo",17027,657077
"Austin Hays","BAL",131,529,22,73,71,4,0.052930056,0.202268431,0.204918033,0.286111111,0.25614754,0.30798479,0.461065573,0.32839282723887336,0.31613336135226056,106.33603210702611,-0.8608066658489406,3.242888550379499,-2.8306543827056885,1.85815084549755,"Austin Hays",19363,669720
"Jazz Chisholm Jr.","MIA",124,507,18,70,53,23,0.067061143,0.285996055,0.176724138,0.319078947,0.247844827,0.302970297,0.424568965,0.31247388218889144,0.30722946318069305,93.59354212545261,4.9567697460297495,0.8217919858820215,0.31177711486816406,1.8196021113925482,"Jazz Chisholm Jr.",20454,665862
"Ramón Laureano","OAK",88,378,14,43,39,12,0.071428571,0.259259259,0.196480939,0.304347826,0.24633431,0.317460317,0.442815249,0.32748977185557127,0.333003247037847,112.242639298812,-1.3478484421502799,4.318051629435245,0.7577264904975891,1.807190093865895,"Ramon Laureano",17128,657656
"Manny Piña","MIL",75,208,13,27,33,0,0.10576923,0.182692307,0.25,0.161538461,0.188888888,0.29326923,0.438888888,0.31513402553705067,0.3287160385058122,95.53772427944796,-0.5067744799889624,-1.6883649522152107,12.578418016433716,1.7918734355672625,"Manny Pina",2829,444489
"Tyler Stephenson","CIN",132,402,10,56,45,0,0.101990049,0.186567164,0.145714286,0.333333333,0.285714285,0.365671641,0.431428571,0.34612178847082237,0.3253369140625,110.95649853735094,-2.0124584182631224,3.5947291241200077,0.7199585437774658,1.7852900007723598,"Tyler Stephenson",17988,663886
"Jose Iglesias","- - -",137,511,9,65,48,5,0.04109589,0.146771037,0.120082815,0.305,0.271221532,0.309197651,0.391304347,0.30397038742054233,0.2977558877941199,89.45274237381709,0.4082022476941347,-6.190560453844467,6.456149250268936,1.7816261796708583,"Jose Iglesias",10231,578428
"Daulton Varsho","ARI",95,315,11,41,38,6,0.095238095,0.212698412,0.190140845,0.286407766,0.246478873,0.318471337,0.436619718,0.32203926802448135,0.3240802679031225,100.0264193009147,2.8608834811020643,2.871477948264289,4.289863467216492,1.7780049998404506,"Daulton Varsho",19918,662139
"Carson Kelly","ARI",98,359,13,41,46,0,0.122562674,0.206128133,0.171052632,0.27027027,0.240131578,0.342618384,0.41118421,0.3284382517111368,0.3446175559272979,104.18521693801691,-1.46424250327982,0.44851390999942886,4.946954995393753,1.7489810105243353,"Carson Kelly",13620,608348
"Josh Rojas","ARI",139,550,11,69,44,9,0.105454545,0.249090909,0.146694215,0.345132743,0.264462809,0.341284403,0.411157024,0.3272402735755724,0.29456499356152166,103.4066325747101,1.0317803968209773,3.4170376673547107,-4.504526495933533,1.741569503828377,"Josh Rojas",19734,668942
"Lourdes Gurriel Jr.","TOR",141,541,21,62,84,1,0.059149722,0.188539741,0.19,0.305483028,0.276,0.318518518,0.466,0.3328457169497389,0.33901495532454734,107.44854459159406,-2.948838008567691,1.9848393357399665,-3.3601908683776855,1.7201133073230284,"Lourdes Gurriel Jr.",19238,666971
"Akil Baddoo","DET",124,461,13,60,55,18,0.097613882,0.264642082,0.176755448,0.334519572,0.259079903,0.329718004,0.435835351,0.3287516450104506,0.30967974455460257,108.30222783498718,2.484874334419146,7.1708241094639735,-5.812963247299194,1.719432554631109,"Akil Baddoo",22168,668731
"Yandy Díaz","TBR",134,541,13,62,64,1,0.127541589,0.157116451,0.131182796,0.285714285,0.255913978,0.353049907,0.387096774,0.3246419487496772,0.33338681013224514,110.25768182609563,-2.437729401746765,4.356630463888913,-5.768900632858276,1.716411279650762,"Yandy Diaz",16578,650490
"Franmil Reyes","CLE",115,466,30,57,85,4,0.092274678,0.319742489,0.267942584,0.314049586,0.253588516,0.324034334,0.5215311,0.3542565390564196,0.35241470833403943,127.86972951246558,-2.0895750601775944,13.811289085714854,-12.671593189239502,1.7147281496595708,"Franmil Reyes",14566,614177
"Elias Díaz","COL",106,371,18,52,44,0,0.080862533,0.161725067,0.218934911,0.249042145,0.24556213,0.309973045,0.464497041,0.3296625420853898,0.3147193702491554,90.74587725097776,-1.8263999924529344,-6.197154451688823,10.531554520130157,1.6829591200999063,"Elias Diaz",11680,553869
"Elvis Andrus","OAK",146,541,3,60,37,12,0.057301293,0.149722735,0.076458753,0.282973621,0.243460764,0.293680297,0.319919517,0.26974269603170564,0.31064357114641855,73.21862246690046,4.996444657910615,-12.742681953953596,10.57147741317749,1.640308900878589,"Elvis Andrus",8709,462101
"Isiah Kiner-Falefa","TEX",158,677,8,74,53,20,0.041358936,0.132939438,0.086614173,0.304267161,0.270866141,0.312130177,0.357480314,0.2926923720171614,0.2924097749843286,83.95441140712525,3.271054473472759,-10.02878435490589,2.830232620239258,1.6032727067401573,"Isiah Kiner-Falefa",16512,643396
"Luis Arraez","MIN",121,479,2,58,42,2,0.089770354,0.100208768,0.081775701,0.322916666,0.294392523,0.356993736,0.376168224,0.32100153081821947,0.3400509617909664,104.6047237730855,-0.17969274893403053,2.5207884190434005,-3.088319230824709,1.5881830651404674,"Luis Arraez",18568,650333
"Rafael Ortega","CHC",103,330,11,44,33,12,0.09090909,0.212121212,0.172297297,0.348837209,0.29054054,0.359756097,0.462837837,0.3546135226885478,0.3129765797246453,122.34805320580294,0.37892537703737617,9.767526329275837,-5.179306477308273,1.5704558335924328,"Rafael Ortega",10323,542364
"Nico Hoerner","CHC",44,170,0,13,16,5,0.1,0.147058823,0.067114094,0.36,0.302013422,0.382352941,0.369127516,0.32954030336734064,0.3219664567958809,106.05258342908857,-0.19112068135291338,1.11877572233093,8.667466223239899,1.5533275694191495,"Nico Hoerner",21479,663538
"Tucker Barnhart","CIN",116,388,7,41,48,0,0.074742268,0.257731958,0.120689655,0.323770491,0.247126436,0.317010309,0.367816091,0.3003848557016338,0.2648259493971118,81.23136447809819,-1.0203821430914104,-10.291063840242657,12.69180679321289,1.5462619682906051,"Tucker Barnhart",10200,571466
"Nick Ahmed","ARI",129,473,5,46,38,7,0.071881606,0.21987315,0.117511521,0.279141104,0.221198156,0.280254777,0.338709677,0.26892780136858296,0.25298260419796675,65.50846256784622,0.9155329030472785,-19.853723017510013,19.280457496643066,1.534046915464747,"Nick Ahmed",12147,605113
"Austin Meadows","TBR",142,591,27,79,106,4,0.099830795,0.20642978,0.223938224,0.24933687,0.233590733,0.314720812,0.457528957,0.3273075488554377,0.3251828398720803,112.05902712211756,-1.849489270709455,6.876241512317918,-11.92707109451294,1.5232751536873965,"Austin Meadows",15672,640457
"Lorenzo Cain","MIL",78,286,8,40,36,13,0.09090909,0.167832167,0.143968872,0.287128712,0.256809338,0.328671328,0.40077821,0.31880957492581613,0.3184716743335389,97.92652019791981,3.005260741105303,2.2503196120956623,3.2072266340255737,1.5095783839486874,"Lorenzo Cain",9077,456715
"Yadier Molina","STL",121,473,11,45,66,3,0.050739957,0.167019027,0.118181818,0.283286118,0.252272727,0.296610169,0.370454545,0.28956605674354896,0.308023298547623,81.3997019065756,-1.5394398898351938,-12.73970465219556,11.896352767944336,1.506963921873961,"Yadier Molina",7007,425877
"Leury García","CHW",126,474,5,60,54,6,0.08649789,0.20464135,0.108433735,0.333333333,0.267469879,0.33548387,0.375903614,0.31224358030544813,0.2918070102560109,96.45611946173727,2.584255941910669,0.5276102885931886,-1.7924536541104317,1.5010876788140315,"Leury Garcia",5913,544725
"Austin Slater","SFG",129,306,12,39,32,15,0.091503267,0.274509803,0.182481752,0.303370786,0.240875912,0.320261437,0.423357664,0.3205907515397197,0.33270587419208725,102.93025202727475,3.104455223539844,4.245949256177492,0.3792436718940735,1.4934090897279289,"Austin Slater",16153,596103
"David Peralta","ARI",150,538,8,57,63,2,0.085501858,0.171003717,0.143737166,0.303341902,0.258726899,0.32527881,0.402464065,0.3141671168469937,0.29404041512151147,94.91018751802692,1.314800784457475,-2.1712306746668903,-1.1877937316894531,1.4734134562266545,"David Peralta",2136,444482
"Ian Happ","CHC",148,535,25,63,66,9,0.11588785,0.291588785,0.208602151,0.280701754,0.225806451,0.322701688,0.434408602,0.32818804247965283,0.31895368896945886,105.17372833899203,0.7020827834494412,4.225829198796067,-7.501434326171875,1.4716840714043906,"Ian Happ",17919,664023
"Danny Jansen","TOR",70,205,11,32,28,0,0.082926829,0.214634146,0.25,0.232558139,0.222826086,0.299019607,0.472826086,0.3288334742480633,0.3326259650806389,104.7371722062378,-0.9087454688269645,0.2802360119928018,7.328542590141296,1.4670309576587224,"Danny Jansen",16535,643376
"César Hernández","- - -",149,637,21,84,62,1,0.092621664,0.211930926,0.154385965,0.26618705,0.231578947,0.307692307,0.385964912,0.30195558868993927,0.31231921124723644,91.43070733877687,-0.454771941062063,-7.1380028155531345,-0.07772946357727051,1.4641726870292249,"Cesar Hernandez",10556,514917
"Andrew McCutchen","PHI",144,574,27,78,80,6,0.141114982,0.229965156,0.221991701,0.242424242,0.221991701,0.334494773,0.443983402,0.3346588768950709,0.34041222674207805,107.93689283349292,2.0469588763080537,7.8467139390658165,-12.511990070343018,1.4635600064098722,"Andrew McCutchen",9847,457705
"Michael Conforto","NYM",125,479,14,52,55,1,0.123173277,0.217118997,0.15270936,0.275862068,0.231527093,0.34446764,0.384236453,0.32156896390834777,0.3493732331928454,104.34617151435083,0.04689423739910126,2.6971611727588893,-4.21887481212616,1.459129544776476,"Michael Conforto",16376,624424
"Aledmys Díaz","HOU",84,319,8,28,45,0,0.050156739,0.194357366,0.146258503,0.303571428,0.258503401,0.31661442,0.404761904,0.3107811740682095,0.3184620579586753,97.27059059461452,-0.6711023345123976,-1.7371126898096958,5.354951858520508,1.4583633927099429,"Aledmys Diaz",15937,649557
"Reese McGuire","TOR",78,217,1,22,10,0,0.069124423,0.202764976,0.090909091,0.318181818,0.252525252,0.310185185,0.343434343,0.2886051419708464,0.2830959408782249,77.55188024973934,0.12310681794770062,-5.840949845397838,12.861082553863525,1.4492174792707888,"Reese McGuire",15674,624512
"Tyler Naquin","CIN",127,454,19,52,70,5,0.077092511,0.233480176,0.206812652,0.3183391,0.270072992,0.332599118,0.476885644,0.34482340715315696,0.34010166075171494,110.11266060614551,0.7317143955733627,6.576499240557899,-7.4366064965724945,1.4413533393095697,"Tyler Naquin",13359,571980
"Bradley Zimmer","CLE",99,348,8,44,35,15,0.086206896,0.350574712,0.117056856,0.346820809,0.227424749,0.324712643,0.344481605,0.2997936659503257,0.3182635033267668,91.06509401388156,0.38523428165353835,-3.4216641308814317,5.764122724533081,1.4300727068320618,"Bradley Zimmer",16221,605548
"Andrew Benintendi","KCR",134,538,17,63,73,8,0.066914498,0.180297397,0.166328601,0.309090909,0.275862068,0.324022346,0.442190669,0.3281785274129118,0.3313341194024965,104.13050150927123,-2.497352682054043,0.22338779340480297,-4.461774826049805,1.422718244749219,"Andrew Benintendi",17901,643217
"Odúbel Herrera","PHI",124,492,13,59,51,6,0.058943089,0.156504065,0.155555555,0.284931506,0.26,0.310204081,0.415555555,0.31237893676271244,0.3045671771152863,93.45681804123154,-0.4061862933449447,-4.504463629833124,2.1301912665367126,1.417380830004577,"Odubel Herrera",11476,546318
"Christian Yelich","MIL",117,475,9,70,51,9,0.147368421,0.237894736,0.125313283,0.321428571,0.2481203,0.362105263,0.373433583,0.3246129763887284,0.33076214080161237,101.69823981355923,1.1063785159494728,2.133306223720564,-4.015488982200623,1.4095243539944726,"Christian Yelich",11477,592885
"Donovan Solano","SFG",101,344,7,35,31,2,0.072674418,0.168604651,0.123778501,0.321138211,0.280130293,0.344023323,0.403908794,0.3243931351868638,0.33661944705370234,105.4014794754829,-0.5087143396958709,1.8567609555727884,0.5079742074012756,1.394601853429647,"Donovan Solano",8623,456781
"Alcides Escobar","WSN",75,349,4,53,28,3,0.048710601,0.160458452,0.115987461,0.33716475,0.288401253,0.340057636,0.404388714,0.32458725648929476,0.30965388303547237,101.52816463415469,-0.11082665505819023,0.5681311975551662,1.5545545816421509,1.3871540746583846,"Alcides Escobar",6310,444876
"Gleyber Torres","NYY",127,516,9,50,51,14,0.096899224,0.201550387,0.106753812,0.314285714,0.259259259,0.330739299,0.366013071,0.30672086319263453,0.3301876485347748,95.7018897349501,0.4746124274097383,-2.240759420720545,-1.7551369667053223,1.3714765897525236,"Gleyber Torres",16997,650402
"J.D. Davis","NYM",73,211,5,18,23,1,0.113744075,0.322274881,0.150837988,0.425925925,0.284916201,0.383886255,0.435754189,0.35743479898997715,0.336833009265718,127.65592779662369,-0.5311045420821756,6.897682895445463,-0.6877532005310059,1.3326668965722883,"J.D. Davis",16219,605204
"Adam Engel","CHW",39,140,7,21,18,7,0.078571428,0.221428571,0.243902439,0.279069767,0.25203252,0.335714285,0.495934959,0.3544630229473114,0.34485191846415947,124.9869535651862,1.7905979754868895,6.073551897257031,2.396476671099663,1.3301550569262064,"Adam Engel",15082,641553
"Tyrone Taylor","MIL",93,271,12,33,43,6,0.073800738,0.217712177,0.209876543,0.277456647,0.24691358,0.32103321,0.456790123,0.33258929936974135,0.3130975511338976,106.88217444920743,2.014266133774072,4.3886023213748055,-0.3208472728729248,1.3197452478629463,"Tyrone Taylor",13675,621438
"Jesús Aguilar","MIA",131,510,22,49,93,0,0.090196078,0.182352941,0.198218263,0.278592375,0.260579064,0.328712871,0.458797327,0.3337548006318524,0.3333989674459674,107.42433740010178,-1.7691199977416545,3.0511916794456937,-7.019044399261475,1.318149739944714,"Jesus Aguilar",11342,542583
"Rougned Odor","NYY",102,361,15,42,39,0,0.074792243,0.27700831,0.177018633,0.241545893,0.201863354,0.286111111,0.378881987,0.2894855043408591,0.2916815436257857,84.05466908628568,0.5100586391054094,-6.537566485612833,7.30449903011322,1.3167339466225603,"Rougned Odor",12282,596059
"Paul DeJong","STL",113,402,19,44,45,4,0.087064676,0.256218905,0.193820225,0.216101694,0.196629213,0.283582089,0.390449438,0.2934775662362872,0.3106039815874242,83.94185191546318,-0.6117676394060254,-8.829817191131564,7.971817493438721,1.2665971759513641,"Paul DeJong",18015,657557
"Nick Madrigal","CHW",54,215,2,30,21,1,0.05116279,0.079069767,0.12,0.324175824,0.305,0.348837209,0.425,0.3350399322287981,0.28896133067996005,111.86131891939243,1.258750730426982,4.381042610778829,0.8720429316163063,1.2651574166110717,"Nick Madrigal",20521,663611
"Gio Urshela","NYY",116,442,14,42,49,1,0.045248868,0.246606334,0.152380953,0.32885906,0.266666666,0.300904977,0.419047619,0.3092747364378623,0.3011001655958357,97.42773283759163,-1.4795521653722972,-2.871555897134813,0.1665503978729248,1.2467731873562826,"Gio Urshela",10681,570482
"Ryan Jeffers","MIN",85,293,14,28,35,0,0.075085324,0.368600682,0.202247191,0.268965517,0.198501872,0.269624573,0.400749063,0.2894018676907536,0.2963058679990801,83.25046871902562,-1.3080252683721483,-7.3166120113498065,9.546319484710693,1.2298728548439113,"Ryan Jeffers",24618,680777
"Francisco Mejía","TBR",84,277,6,31,35,0,0.061371841,0.176895306,0.156,0.299492385,0.26,0.322463768,0.416,0.319643919882567,0.28536603070687555,106.88014002239652,-0.17034862213768065,2.1629971617451575,0.5704630017280579,1.2254359174685687,"Francisco Mejia",16403,642336
"Brendan Rodgers","COL",102,415,15,49,51,0,0.045783132,0.202409638,0.186046511,0.327586206,0.284237726,0.327710843,0.470284237,0.34092858124928305,0.30999766943241147,98.06784888719378,0.11166651523672044,-0.9091235391567167,-0.8067182302474976,1.2243186718471526,"Brendan Rodgers",17907,663898
"Matt Duffy","CHC",97,322,5,45,30,8,0.077639751,0.195652173,0.093425606,0.351351351,0.287197231,0.357142857,0.380622837,0.32700758894778187,0.32563634836895866,104.40653348439477,1.107251367997378,2.913594242279633,-1.659514844417572,1.2092057919090184,"Matt Duffy",13836,622110
"Austin Nola","SDP",56,194,2,15,29,0,0.072164948,0.097938144,0.104046243,0.292207792,0.2716763,0.340206185,0.375722543,0.3155428619728875,0.30845596629720895,101.06816680389596,-0.23119498509913683,0.03261306921645657,5.515525996685028,1.2091047233705388,"Austin Nola",15941,543592
"Jason Castro","HOU",66,179,8,22,21,0,0.139664804,0.301675977,0.208053692,0.310344827,0.234899328,0.355932203,0.44295302,0.34711236134171486,0.3741485159737723,121.822290286024,-0.029542255913838744,4.7529625620069975,1.0069177448749542,1.1923369065325824,"Jason Castro",8722,488771
"Thairo Estrada","SFG",52,132,7,19,22,1,0.068181818,0.174242424,0.20661157,0.285714285,0.272727272,0.333333333,0.479338842,0.34602313551283975,0.315948806646216,119.45914841965953,0.65945053845644,3.9294298552253135,3.2874319553375244,1.1678213170464755,"Thairo Estrada",16426,642731
"Nick Solak","TEX",127,511,11,57,49,7,0.066536203,0.209393346,0.120087336,0.29239766,0.242358078,0.314341846,0.362445414,0.29907480286240345,0.30044859635994514,88.26749713795809,-0.21475727134384215,-7.555054154729596,1.548143744468689,1.1526493824559363,"Nick Solak",19294,669256
"Gary Sánchez","NYY",117,440,23,54,54,0,0.118181818,0.275,0.219321149,0.230125523,0.203655352,0.306818181,0.422976501,0.31442643657701785,0.33369285181949015,100.90912180967673,-2.692952155834064,-2.2031994888261024,-1.4592187404632568,1.1438994680849435,"Gary Sanchez",11442,596142
"Andy Ibáñez","TEX",76,272,7,31,25,0,0.055147058,0.12867647,0.158102767,0.297169811,0.276679841,0.32103321,0.434782608,0.3249536647128003,0.318426259358724,105.75577902985658,-1.1790620607789606,0.7377303150079069,1.2035151720046997,1.1288241914450876,"Andy Ibanez",18819,628451
"Seth Brown","OAK",111,307,20,43,48,4,0.074918566,0.28990228,0.266903915,0.229885057,0.213523131,0.273615635,0.480427046,0.31456778303521576,0.31462569940285606,103.51028528723583,-1.3756045810878277,-0.05618524029036376,0.7542505264282227,1.1243689933393872,"Seth Brown",18171,664913
"Jake Fraley","SEA",78,265,9,27,36,10,0.173584905,0.267924528,0.158878505,0.264705882,0.210280373,0.352272727,0.369158878,0.32248633918653424,0.3369572860659755,108.51411022185499,1.7269250573590398,4.489329086249996,-2.6139153987169266,1.0981818712210547,"Jake Fraley",19260,641584
"Jake Meyers","HOU",49,163,6,22,28,3,0.061349693,0.306748466,0.178082192,0.351648351,0.260273972,0.322981366,0.438356164,0.32841308664831315,0.3219814892881405,109.18579224748144,0.730513742659241,2.563698679124362,2.789180099964142,1.096573808379442,"Jake Meyers",20308,676694
"Ji Man Choi","TBR",83,305,11,36,45,0,0.147540983,0.285245901,0.182170543,0.3,0.22868217,0.347540983,0.410852713,0.3341434318511212,0.33976195288486166,116.67854437521945,0.3424241130705923,6.570588125812775,-6.130690813064575,1.0916122582249566,"Ji Man Choi",5452,596847
"Dylan Moore","SEA",126,377,12,42,43,21,0.106100795,0.294429708,0.153614458,0.228571428,0.180722891,0.275862068,0.334337349,0.2710759157527347,0.28838694443437085,73.77224319579936,2.3360525558236986,-9.770055748188879,7.5793285965919495,1.0751046002999072,"Dylan Moore",18042,664238
"Jeff McNeil","NYM",120,426,7,48,35,3,0.068075117,0.136150234,0.10880829,0.279503105,0.251295336,0.319248826,0.360103626,0.30051143180596435,0.3159394534129017,90.66055844844715,-2.618807527469471,-7.683787722724366,3.9441228210926056,1.0583915372055857,"Jeff McNeil",15362,643446
"Ramón Urías","BAL",85,296,7,33,38,1,0.094594594,0.256756756,0.133587786,0.368715083,0.278625954,0.361486486,0.41221374,0.34067302902002594,0.34059187032408633,114.63468263036422,-0.7970743230544031,4.506602789829418,-4.105804681777954,1.0567816954425113,"Ramon Urias",18795,602104
"Tommy Pham","SDP",155,561,15,74,49,14,0.139037433,0.228163992,0.15368421,0.279761904,0.229473684,0.340463458,0.383157894,0.31823563768017676,0.34906592103694456,102.81824303429406,0.1834122717846185,2.196156303041965,-10.532018184661865,1.0517490106064937,"Tommy Pham",2967,502054
"Eric Haase","DET",98,381,22,48,61,2,0.068241469,0.312335958,0.227920228,0.278301886,0.23076923,0.286089238,0.458689458,0.3162104623524223,0.32072440720605727,99.82721301983504,-0.19315177435055375,-0.27375233203859384,-2.3850045800209045,1.0419104948993763,"Eric Haase",14111,606992
"Brian Anderson","MIA",67,264,7,24,28,5,0.098484848,0.246212121,0.128755365,0.316770186,0.248927038,0.337121212,0.377682403,0.3143192063306124,0.2960780777094018,94.79284658629706,1.3064489571843296,-0.4436054228776918,1.895431935787201,1.0338788879617937,"Brian Anderson",18289,605119
"Niko Goodrum","DET",90,325,9,39,33,14,0.089230769,0.329230769,0.144827586,0.301136363,0.213793103,0.292307692,0.358620689,0.28603833528665396,0.3041228778545673,79.43765081827148,1.3754370117094368,-6.806537975944879,5.865633726119995,1.021840572287974,"Niko Goodrum",12092,592348
"Christian Vázquez","BOS",138,498,6,51,49,8,0.06626506,0.168674698,0.093886463,0.301075268,0.257641921,0.307847082,0.351528384,0.2893206029830564,0.27261549824416037,75.92520264374922,-2.3746259573381394,-17.05354379652214,10.144608497619629,1.0175509563954277,"Christian Vazquez",9774,543877
"Freddy Galvis","- - -",104,394,14,53,40,1,0.068527918,0.195431472,0.165730337,0.268656716,0.241573033,0.301790281,0.40730337,0.30539827576050393,0.2815745524871044,90.33049636369955,0.5123880079481751,-4.253457235895339,0.9846537709236145,1.0170249362714054,"Freddy Galvis",6609,520471
"Charlie Culberson","TEX",91,271,5,23,22,7,0.062730627,0.236162361,0.137651822,0.307262569,0.242914979,0.295880149,0.380566801,0.2921378944153176,0.2713376095420436,83.57970943376009,2.574723096564412,-2.8734661597731916,3.726495772600174,1.016268577335544,"Charlie Culberson",3298,518586
"Brett Gardner","NYY",140,461,10,47,39,4,0.130151843,0.216919739,0.139534883,0.268551236,0.222222222,0.326754385,0.361757105,0.30504239690408375,0.29853008584615115,94.56762456633821,2.0938422626350075,-0.9723032283440345,-5.0690173506736755,0.9774773480163663,"Brett Gardner",9927,458731
"Gavin Lux","LAD",102,381,7,49,46,4,0.107611548,0.217847769,0.12238806,0.299595141,0.241791044,0.328083989,0.364179104,0.3033162369614556,0.31857774118897775,90.37664264251478,2.0905170135665685,-2.5771388931144052,-0.5385618209838867,0.9695455568302831,"Gavin Lux",19955,666158
"Jose Trevino","TEX",89,302,5,23,30,1,0.039735099,0.188741721,0.101754386,0.278761061,0.238596491,0.266666666,0.340350877,0.2611981177808449,0.28764690284346256,62.67138902214444,-1.0112019469961524,-14.813481819100119,14.055311620235443,0.9611723754444788,"Jose Trevino",16725,624431
"Sergio Alcántara","CHC",89,255,5,30,17,3,0.117647058,0.290196078,0.122727273,0.279720279,0.204545454,0.303149606,0.327272727,0.27876607553353383,0.27593210008409286,73.05363405197392,1.0474567792844027,-7.700117275960796,8.655880212783813,0.9538531230638985,"Sergio Alcantara",16417,642727
"Jesús Sánchez","MIA",64,251,14,27,36,0,0.079681274,0.310756972,0.237885463,0.31617647,0.251101321,0.318725099,0.488986784,0.3390894921556596,0.33103887496456025,110.89143523786393,-1.4088357735890895,2.0713792609457657,-0.9940247535705566,0.9525867169764445,"Jesus Sanchez",19913,660821
"Adalberto Mondesi","KCR",35,136,6,19,17,15,0.044117647,0.31617647,0.222222222,0.298701298,0.23015873,0.270676691,0.452380952,0.30615991443619694,0.322374575065844,89.25087840870977,2.936733054695651,1.1468941635816785,3.6694944947957993,0.950047461829226,"Adalberto Mondesi",13769,609275
"Eddie Rosario","- - -",111,412,14,42,62,11,0.063106796,0.148058252,0.176781003,0.272727272,0.258575197,0.304878048,0.4353562,0.3160840797715071,0.3218289076113233,99.7931916559203,0.544399352511391,0.6136608422378558,-5.185452230274677,0.9491625732252491,"Eddie Rosario",12155,592696
"Trey Mancini","BAL",147,616,21,77,71,0,0.082792207,0.232142857,0.176258993,0.30788804,0.255395683,0.326298701,0.431654676,0.3258875085442674,0.3401267493414996,104.6430009446205,-2.5281044128350914,0.9736165885560171,-12.639818519353867,0.9457774182252883,"Trey Mancini",15149,641820
"Jake Rogers","DET",38,127,6,17,17,1,0.086614173,0.362204724,0.256637168,0.344262295,0.238938053,0.306451612,0.495575221,0.3386119435871801,0.2971190483339371,114.96556882907679,0.8691020701080561,3.196116124428578,1.8693748712539673,0.9441163977740968,"Jake Rogers",19452,668670
"Andrelton Simmons","MIN",131,451,3,37,31,1,0.070953436,0.137472283,0.050970874,0.255747126,0.22330097,0.283482142,0.274271844,0.2520252253328051,0.26300343445369173,57.99227685930693,-1.340322446078062,-24.536036243398616,18.475558280944824,0.9412120266436551,"Andrelton Simmons",10847,592743
"Connor Joe","COL",63,211,8,23,35,0,0.123222748,0.194312796,0.184357542,0.32330827,0.284916201,0.379146919,0.469273743,0.3661861433802058,0.3693840786179095,114.48312588314835,-0.3078262803610414,3.582553547358904,-1.3196638822555542,0.9368762372791515,"Connor Joe",16572,656582
"Travis d'Arnaud","ATL",60,229,7,21,26,0,0.074235807,0.231441048,0.167464115,0.26,0.220095693,0.283842794,0.387559808,0.29086511338121507,0.3137118743496691,78.61965969388764,-0.035047794692218304,-6.268050849707572,7.885448198765516,0.9327149685975854,"Travis d'Arnaud",7739,518595
"Lane Thomas","- - -",77,264,7,35,28,6,0.140151515,0.238636363,0.17699115,0.29299363,0.234513274,0.34090909,0.411504424,0.3277592597805502,0.322243204518753,103.83550385514107,0.6458335442002863,1.9348949157685755,-1.7257809340953827,0.9092655046834379,"Lane Thomas",16939,657041
"Taylor Ward","LAA",65,237,8,33,33,1,0.084388185,0.23206751,0.1875,0.301369863,0.25,0.331914893,0.4375,0.3333420294396421,0.3417918103806516,109.82074275450422,0.3307172900531441,3.1803883893365326,-2.4119428787380457,0.8910162303261092,"Taylor Ward",17548,621493
"Miguel Sanó","MIN",135,532,30,68,75,2,0.110902255,0.343984962,0.242553191,0.290697674,0.223404255,0.312030075,0.465957446,0.3315068009889351,0.323049246025446,111.7039202971865,-2.363731216173619,5.259604481127779,-14.629495620727539,0.8875484986250362,"Miguel Sano",12164,593934
"Jed Lowrie","OAK",139,512,14,55,69,0,0.095703125,0.2109375,0.153172866,0.289085545,0.245076586,0.318359375,0.398249452,0.31122797482634246,0.3440761976745964,101.25332716599766,-1.7937016170471907,-1.0080383098577563,-7.878013372421265,0.8673770321446421,"Jed Lowrie",4418,476704
"Christian Arroyo","BOS",57,181,6,22,25,1,0.044198895,0.243093922,0.18292683,0.324561403,0.262195121,0.324022346,0.445121951,0.33241627203019636,0.30409666945814423,105.04816844391601,0.6602094229310751,1.7789115639326698,0.6632104218006134,0.8665165268953493,"Christian Arroyo",16434,624414
"Eric Hosmer","SDP",151,565,12,53,65,5,0.084955752,0.175221238,0.125736738,0.3125,0.269155206,0.336879432,0.394891944,0.31946853365338146,0.32677068010852245,103.6195210358069,-3.7340996162965894,-1.1306642709008905,-9.23293650150299,0.8618759048353635,"Eric Hosmer",3516,543333
"Ryan Mountcastle","BAL",144,586,33,77,89,4,0.06996587,0.274744027,0.232209738,0.296829971,0.254681647,0.30887372,0.486891385,0.3350188498423524,0.32492770887401007,110.81373100203977,-0.3909002379514277,7.367554569054107,-19.037717819213867,0.8423472692242073,"Ryan Mountcastle",18373,663624
"David Fletcher","LAA",157,665,2,74,47,15,0.046616541,0.090225563,0.06230032,0.286725663,0.26198083,0.297420333,0.32428115,0.2731765355563816,0.28170080882747,69.16242001688276,3.009517490165308,-22.09801254404433,7.6403398513793945,0.8341489377881794,"David Fletcher",17992,664058
"Garrett Cooper","MIA",71,250,9,30,33,1,0.12,0.272,0.181395349,0.374100719,0.28372093,0.38,0.465116279,0.36689442324638366,0.3608421936035156,128.96228638896795,-2.3229224185924977,6.894725089685068,-7.034697771072388,0.8271540971587772,"Garrett Cooper",15279,643265
"Bryan De La Cruz","MIA",58,219,5,17,19,1,0.08219178,0.242009132,0.130653266,0.38028169,0.296482412,0.356164383,0.427135678,0.33898476613770934,0.3032016579164277,110.82337219264897,-0.6092653644736856,2.408281001285702,-1.8162713050842285,0.7962463086465552,"Bryan De La Cruz",19600,650559
"Jace Peterson","MIL",94,302,6,36,31,10,0.125827814,0.225165562,0.119691119,0.310160427,0.247104247,0.347682119,0.366795366,0.3183866658352858,0.31974409743400906,97.65166509396408,2.03840264887549,1.135555521744331,-3.3700029850006104,0.792097490279958,"Jace Peterson",12325,607054
"Tres Barrera","WSN",30,107,2,8,10,0,0.112149532,0.205607476,0.120879121,0.328358208,0.263736263,0.373831775,0.384615384,0.3327032997494652,0.3116792951311384,106.80290562207213,-0.25951819866895676,0.6671525783432068,3.523432195186615,0.780241461419849,"Tres Barrera",19977,668663
"Starlin Castro","WSN",87,346,3,25,38,0,0.075144508,0.179190751,0.092063492,0.338582677,0.282539682,0.333333333,0.374603174,0.3086135214151338,0.3270688515710414,91.14658922544491,-1.949606804875657,-5.84933157933056,1.827072024345398,0.7608735026317167,"Starlin Castro",4579,516770
"Yu Chang","CLE",89,251,9,32,39,1,0.043824701,0.274900398,0.198312236,0.28125,0.227848101,0.26693227,0.426160337,0.29407151524289193,0.28067706298828127,87.19820894072701,1.902243954828009,-2.031866171616527,0.9393208026885986,0.7524868268763396,"Yu Chang",14773,644374
"Corey Dickerson","- - -",109,365,6,43,29,6,0.06849315,0.186301369,0.136904762,0.323193916,0.270833333,0.326027397,0.407738095,0.3172996324169767,0.2978442055838449,96.98137566153403,-0.20167679921723902,-1.6503673278209585,-3.1928141117095947,0.7522397183028744,"Corey Dickerson",10762,572816
"Cam Gallagher","KCR",48,124,1,9,7,0,0.064516129,0.161290322,0.080357142,0.29347826,0.25,0.297520661,0.330357142,0.27644869364982794,0.27519992166314244,69.1727850416907,-0.5909931056667119,-5.271124355090141,8.456706523895264,0.7453046663010254,"Cam Gallagher",12981,595956
"Max Fried","ATL",32,67,0,7,5,0,0.059701492,0.268656716,0.054545455,0.405405405,0.272727272,0.322033898,0.327272727,0.2888215194314213,0.2691589290812864,77.2914966439767,-1.0025122202932835,-2.9394272041266336,8.102869987487793,0.7432047149639468,"Max Fried",13743,608331
"Alejandro Kirk","TOR",60,189,8,19,24,0,0.1005291,0.116402116,0.193939394,0.233576642,0.242424242,0.328042328,0.436363636,0.33011143201242676,0.3682690575009301,105.60078381938861,-0.7408483880572021,0.5551744983758122,0.329349160194397,0.7378033201380246,"Alejandro Kirk",22581,672386
"Jonah Heim","TEX",82,285,10,22,32,3,0.052631578,0.203508771,0.162264151,0.21,0.196226415,0.239436619,0.358490566,0.25632702800589546,0.286637376980731,59.3796294541419,0.1739309101831168,-14.000015860133395,11.574113011360168,0.7355546433592375,"Jonah Heim",16930,641680
"Derek Hill","DET",49,150,3,19,14,6,0.066666666,0.28,0.129496403,0.351063829,0.258992805,0.313333333,0.388489208,0.30548015038172405,0.28713298003945575,92.57593892530969,1.3494003475643694,-0.014035950117107232,2.1623872816562653,0.730591226361224,"Derek Hill",16947,656537
"Brad Miller","PHI",140,377,20,53,49,3,0.119363395,0.297082228,0.226586103,0.276381909,0.226586102,0.320954907,0.453172205,0.3313979981740316,0.34306412760416666,105.81759774164634,-0.24757207720540464,2.544536371269629,-8.007424592971802,0.720721565409889,"Brad Miller",12775,543543
"Tomás Nido","NYM",58,161,3,16,13,1,0.0310559,0.273291925,0.104575163,0.29245283,0.222222222,0.260869565,0.326797385,0.25440508499741554,0.28859882354736327,60.695336539430436,-0.999283604323864,-9.055241765029104,10.5971040725708,0.6963370158680615,"Tomas Nido",13755,621512
"Andrés Giménez","CLE",68,210,5,23,16,11,0.052380952,0.257142857,0.132978723,0.272727272,0.218085106,0.28229665,0.351063829,0.2773536172780124,0.2721925945373243,75.90067530343045,1.9435333730652928,-4.252677998916072,3.855849266052246,0.6814383614662249,"Andres Gimenez",19950,665926
"Austin Barnes","LAD",77,225,6,28,23,1,0.088888888,0.248888888,0.13,0.268115942,0.215,0.299107142,0.345,0.2847319844057742,0.27420512656994467,78.29845188590183,0.031100058928132057,-6.185035517933338,5.377727031707764,0.6761178029028242,"Austin Barnes",12158,605131
"Travis Jankowski","PHI",76,157,1,24,10,5,0.140127388,0.184713375,0.099236642,0.316831683,0.251908396,0.363636363,0.351145038,0.312416752576828,0.2813969421386719,93.48139511879415,2.127413270296529,0.8245418610859425,0.5693675428628922,0.6680419543008206,"Travis Jankowski",13768,608671
"Kyle Higashioka","NYY",67,211,10,20,29,0,0.08056872,0.279620853,0.207253886,0.2,0.18134715,0.246445497,0.388601036,0.27216427727333176,0.347498833845203,72.34942086394719,-1.4070113971829414,-8.55014451967871,7.98136842250824,0.6676307172320984,"Kyle Higashioka",5517,543309
"Robinson Chirinos","CHC",45,112,5,13,15,0,0.080357142,0.321428571,0.226804124,0.303571428,0.226804123,0.324324324,0.453608247,0.3361578739441193,0.29235293414141683,110.35344403847837,-0.6952535195741802,0.7809631564861741,2.0803555101156235,0.6637726896004967,"Robinson Chirinos",3142,455139
"Guillermo Heredia","ATL",120,347,5,46,26,0,0.09221902,0.233429394,0.134426229,0.281818181,0.219672131,0.311239193,0.35409836,0.29220513531634973,0.2909459624179574,79.49056050101503,0.6302456832490861,-8.429802564350823,3.3457558155059814,0.6577672230996138,"Guillermo Heredia",18721,628338
"Pavin Smith","ARI",145,545,11,68,49,1,0.07706422,0.194495412,0.136546184,0.319371727,0.267068273,0.328440366,0.403614457,0.3182173118214397,0.31459396025713754,97.54247134845076,-2.071440117433667,-3.776510599542518,-7.962179183959961,0.6566932370272539,"Pavin Smith",19892,656976
"José Peraza","NYM",64,154,6,21,20,1,0.058441558,0.168831168,0.176056338,0.209090909,0.204225352,0.266233766,0.38028169,0.2804335638300165,0.2705940890621829,77.61164412310605,0.6446298146620393,-3.744618655392503,5.0113577246665955,0.6451956308614184,"Jose Peraza",13593,606299
"Óscar Mercado","CLE",72,238,6,27,19,7,0.088235294,0.176470588,0.144859813,0.253012048,0.224299065,0.299578059,0.369158878,0.29369946874143704,0.28020147549904,86.94678930210648,1.8825284640770406,-1.921084876279016,0.17060089111328125,0.6418642272451176,"Oscar Mercado",16375,640458
"Germán Márquez","COL",32,60,1,5,9,0,0,0.216666666,0.150943396,0.333333333,0.264150943,0.264150943,0.415094339,0.2876829021381882,0.2853414247620781,63.46266542112008,-0.1404608953744173,-2.9313035783062666,7.256300926208496,0.6355760224719822,"German Marquez",15038,608566
"Tommy La Stella","SFG",76,242,7,26,27,0,0.074380165,0.107438016,0.154545454,0.255319148,0.25,0.308333333,0.404545454,0.3071080583408787,0.3417001827990161,94.16764293763957,-0.6296468353830278,-2.426475693262504,0.604353554546833,0.6315579634221858,"Tommy La Stella",12371,600303
"Jose Siri","HOU",21,49,4,10,9,3,0.020408163,0.346938775,0.304347826,0.4,0.304347826,0.346938775,0.608695652,0.40083943459452415,0.3722778242461535,158.12969080864013,0.8179804207757115,4.305335343804863,0.21484516561031342,0.6215496113292418,"Jose Siri",17452,642350
"Tom Murphy","SEA",97,325,11,35,34,0,0.123076923,0.304615384,0.148014441,0.264705882,0.202166064,0.304347826,0.350180505,0.29081506444060284,0.29100951200686626,87.11146184286065,-0.31071689329110086,-5.439201771023236,0.4713519811630249,0.6180373632527686,"Tom Murphy",13499,608596
"Randal Grichuk","TOR",149,545,22,59,81,0,0.049541284,0.209174311,0.181996087,0.266490765,0.2407045,0.280733944,0.422700587,0.300043751121661,0.2971000741898683,85.28180370762229,-1.1730173400137573,-10.993959416907815,-1.544771134853363,0.6144397483360233,"Randal Grichuk",10243,545341
"Tyler Wade","NYY",103,145,0,31,5,17,0.110344827,0.255172413,0.05511811,0.377777777,0.267716535,0.354166666,0.322834645,0.3041079782105826,0.2571693255746965,93.93616798948116,2.080626999028027,1.0041191016782218,0.037853240966796875,0.6024765767784924,"Tyler Wade",15730,642180
"Kevin Pillar","NYM",124,347,15,40,47,4,0.031700288,0.233429394,0.184615385,0.260869565,0.23076923,0.27665706,0.415384615,0.29693272254652525,0.2811826289385215,88.3347004152303,-0.4723151484504342,-5.625463144813339,-0.0404658317565918,0.5994188028143264,"Kevin Pillar",12434,607680
"Greg Allen","NYY",15,48,0,9,2,5,0.104166666,0.270833333,0.162162162,0.4,0.27027027,0.416666666,0.432432432,0.37496013194322586,0.31837735573450726,141.81626581942467,1.6708023289684206,4.128274123043779,0.1384173035621643,0.5926964842969109,"Greg Allen",16623,656185
"Lars Nootbaar","STL",58,124,5,15,15,2,0.104838709,0.225806451,0.183486238,0.272727272,0.23853211,0.31707317,0.422018348,0.3161479522947405,0.28666849605372696,98.6756835032366,0.6977679438423365,0.48871286730801033,1.1818373203277588,0.5847451274739407,"Lars Nootbaar",21454,663457
"Jordan Luplow","- - -",62,193,11,23,28,1,0.14507772,0.295336787,0.251533743,0.231578947,0.202453987,0.32642487,0.45398773,0.3374278743032347,0.3112340541701243,117.39295727915606,-0.8330043507739902,3.276910231636114,-4.081181585788727,0.5821966016438886,"Jordan Luplow",16424,656669
"Jack Mayfield","- - -",87,290,10,30,39,5,0.058620689,0.234482758,0.169172933,0.253968253,0.218045112,0.271777003,0.387218045,0.2844030952619759,0.2518902356616296,77.57730300287136,0.140153894899413,-7.821217843439824,3.660003215074539,0.5787178725683081,"Jack Mayfield",15402,608686
"Brandon Marsh","LAA",70,260,2,27,19,6,0.076923076,0.35,0.101694915,0.402777777,0.254237288,0.316602316,0.355932203,0.29611701095426407,0.3244744672738447,84.66501448226413,1.816438011592254,-3.065123597278691,-0.12720799446105957,0.5728399921375319,"Brandon Marsh",20202,669016
"Ehire Adrianza","ATL",109,209,5,32,28,0,0.100478468,0.200956937,0.153846154,0.289855072,0.247252747,0.326923076,0.401098901,0.31637445006232995,0.31664062352572087,95.19856883139703,0.22324832063168287,-1.0542614706447666,-0.2955484688282013,0.5678821482857664,"Ehire Adrianza",8418,501303
"Kyle Lewis","SEA",36,147,5,15,11,2,0.108843537,0.25170068,0.146153846,0.306818181,0.246153846,0.333333333,0.392307692,0.31977448171498823,0.349806986698488,106.68150536514949,0.18999588303267956,1.3925197725079241,-0.8651752471923828,0.5577409750537842,"Kyle Lewis",19508,641786
"Matt Vierling","PHI",34,77,2,11,6,2,0.051948051,0.259740259,0.154929578,0.42,0.323943661,0.363636363,0.478873239,0.35588128786338,0.32194293172735916,121.72966320305561,0.781535955844447,2.9115916752831086,0.019477784633636475,0.5530003858165394,"Matt Vierling",21558,663837
"Luke Voit","NYY",68,241,11,26,35,0,0.087136929,0.307053941,0.197183099,0.3125,0.239436619,0.327800829,0.436619718,0.3321184812739677,0.3596913935774464,112.8649592299218,-0.5012594601139426,3.2947519875270164,-6.035947680473328,0.5528235970974533,"Luke Voit",14811,572228
"Keibert Ruiz","- - -",29,96,3,10,15,0,0.0625,0.09375,0.136363637,0.276315789,0.272727272,0.333333333,0.409090909,0.32460057735443115,0.30924125512441,101.73171663936911,-0.6395577103830874,-0.42791890234860175,2.3709776792675257,0.5178577415968771,"Keibert Ruiz",19610,660688
"Jake Marisnick","- - -",99,198,5,21,24,4,0.055555555,0.328282828,0.15909091,0.305555555,0.21590909,0.285714285,0.375,0.28728946921776755,0.2582978277790303,79.58212957580967,1.2408070245292038,-3.9058221500637478,2.351597838103771,0.5103720782393247,"Jake Marisnick",11339,545350
"Dustin Garneau","DET",20,68,6,9,11,0,0.044117647,0.264705882,0.370967742,0.175,0.209677419,0.25,0.580645161,0.33533142682384043,0.308714277604047,112.74867837075459,-0.02265322022140026,1.0387395719472665,1.6975568532943726,0.5079242700354316,"Dustin Garneau",9433,572863
"Raimel Tapia","COL",133,533,6,69,50,20,0.075046904,0.131332082,0.098562628,0.306024096,0.273100616,0.327067669,0.371663244,0.3047009746983366,0.2763273643724846,74.52297177863967,5.49928550189361,-11.787857362261583,-1.0593533515930176,0.5051588427646045,"Raimel Tapia",14350,606132
"Luis Guillorme","NYM",69,156,1,13,5,0,0.147435897,0.147435897,0.045454545,0.314814814,0.265151515,0.374193548,0.31060606,0.3105112466157651,0.30251559089211855,97.15959145726478,-0.8732474567368627,-1.4373429790958183,1.1992239356040955,0.5010250375562925,"Luis Guillorme",16451,641645
"Kyle Isbel","KCR",28,83,1,16,7,2,0.084337349,0.277108433,0.157894737,0.384615384,0.276315789,0.337349397,0.434210526,0.3327764251145972,0.2530878825360034,107.23764476703987,1.6255717827007174,2.361062867093957,-0.21183234453201294,0.5005725183801111,"Kyle Isbel",21614,664728
"Gavin Sheets","CHW",54,179,11,23,34,0,0.089385474,0.223463687,0.25625,0.263636363,0.25,0.324022346,0.50625,0.35182328697023446,0.33387992901509034,123.20308659475371,-1.1336131559219211,3.951502658026974,-5.315235257148743,0.4780144199802379,"Gavin Sheets",19901,657757
"Chris Owings","COL",21,50,1,9,5,2,0.14,0.3,0.302325581,0.481481481,0.325581395,0.42,0.627906976,0.43064635627123776,0.3130471949674645,156.37680684648362,0.6124725909903646,4.201012018948511,-1.131556287407875,0.476028602673923,"Chris Owings",10030,572008
"Trayce Thompson","CHC",15,35,4,6,9,2,0.2,0.314285714,0.464285714,0.23076923,0.25,0.4,0.714285714,0.4533670697893415,0.4897455487932478,186.52949801784655,0.4041575917508453,4.259646628489104,-0.7474976778030396,0.4699484080272996,"Trayce Thompson",9952,572204
"Bobby Dalbec","BOS",133,453,25,50,78,2,0.061810154,0.34437086,0.254196643,0.316455696,0.239808153,0.298013245,0.494004796,0.33380756546965745,0.3442483412480987,105.98836944673837,-0.09243511850945652,3.2288705334931773,-14.14217472076416,0.46146223837010425,"Bobby Dalbec",19966,666915
"Jacob deGrom","NYM",15,33,0,4,6,0,0,0.272727272,0.03030303,0.5,0.363636363,0.363636363,0.393939393,0.3306440927765586,0.27254546772349963,110.2442369481197,-0.9412418704014271,-0.5108730508878817,3.9909656047821045,0.46000442371966066,"Jacob deGrom",10954,594798
"Abraham Toro","- - -",95,375,11,45,46,6,0.082666666,0.144,0.134328358,0.25367647,0.23880597,0.314666666,0.373134328,0.302864951133728,0.323771428167021,94.1699841650867,-2.0989031193312258,-4.775623826976446,-3.7364232540130615,0.43436342825649243,"Abraham Toro",19844,647351
"Matt Beaty","LAD",120,234,7,35,40,2,0.085470085,0.188034188,0.132352941,0.31372549,0.269607843,0.363247863,0.401960784,0.33945824524276275,0.30602965395674747,113.8658881228373,-0.8154354637954384,3.315142208012329,-6.973444223403931,0.42051638176403006,"Matt Beaty",17710,607461
"Ryan Zimmerman","WSN",110,273,14,27,46,0,0.058608058,0.282051282,0.227450981,0.289156626,0.243137254,0.285714285,0.470588235,0.3192484981411106,0.29787285773308725,98.05842370485837,-0.17063906555995345,-0.8454224061873423,-4.276593089103699,0.40496768459714266,"Ryan Zimmerman",4220,475582
"Taylor Walls","TBR",54,176,1,15,15,4,0.130681818,0.27840909,0.085526316,0.303921568,0.210526315,0.314285714,0.296052631,0.2788150075503758,0.28545879495554954,79.28899121791298,0.6851540403440595,-3.7777338496997075,1.7867298796772957,0.4048112966823547,"Taylor Walls",22458,670764
"Rob Refsnyder","MIN",51,157,2,21,12,1,0.108280254,0.25477707,0.09352518,0.326530612,0.244604316,0.324840764,0.338129496,0.29579698925565,0.3416801015282892,87.57213051800278,-0.15894954884424806,-2.5478518714486116,1.1927170157432556,0.40331908194275623,"Rob Refsnyder",13770,608701
"Estevan Florial","NYY",11,25,1,3,2,1,0.2,0.24,0.25,0.384615384,0.3,0.44,0.55,0.42342241525650026,0.3289369201660156,174.56585413621517,0.2534541916102171,2.5358032337791374,0.5425005927681923,0.394538639988704,"Estevan Florial",19151,664314
"Dom Nuñez","COL",81,263,10,31,33,0,0.129277566,0.346007604,0.210526316,0.2578125,0.188596491,0.292775665,0.399122807,0.29437595444756587,0.2612447259969233,67.81258276616491,-0.17025888385251164,-10.947041487174005,6.039531111717224,0.39282965576452694,"Dom Nunez",15055,624513
"Sam Hilliard","COL",81,238,14,32,34,5,0.096638655,0.365546218,0.247663551,0.28318584,0.214953271,0.294117647,0.462616822,0.3178437405444206,0.3106076179666722,83.06465686836209,1.7421275721862912,-3.389063670769418,-0.7314709424972534,0.387624903520915,"Sam Hilliard",17954,656541
"Jorge Mateo","- - -",89,209,4,19,14,10,0.0430622,0.263157894,0.128865979,0.323529411,0.24742268,0.29326923,0.376288659,0.2908418935078841,0.28664642113905686,83.09517775853678,1.4648227214347571,-3.046570033157159,-0.3385417312383652,0.371873496825864,"Jorge Mateo",17273,622761
"Hanser Alberto","KCR",103,255,2,25,24,3,0.015686274,0.101960784,0.132780083,0.293023255,0.269709543,0.290836653,0.402489626,0.29628172196240066,0.2959970421050174,82.57544517046128,0.8161537982523441,-4.623909192486549,-0.4028174579143524,0.3717233060786531,"Hanser Alberto",11902,593643
"Ha-Seong Kim","SDP",117,298,8,27,34,6,0.073825503,0.238255033,0.149812734,0.240837696,0.202247191,0.27027027,0.352059925,0.2699369895256172,0.2646722567283501,71.42821085788768,0.46315495087765157,-10.376137759901749,4.06229567527771,0.3695758949815314,"Ha-Seong Kim",27506,673490
"Josh Naylor","CLE",69,250,7,28,21,1,0.056,0.18,0.145922746,0.287292817,0.253218884,0.301204819,0.39914163,0.3020418255079177,0.3090769552415417,92.58434351984592,-0.45692465966567397,-2.726745968708153,-2.1568562984466553,0.3689029934454375,"Josh Naylor",18839,647304
"Ronald Torreyes","PHI",112,344,7,30,41,2,0.055232558,0.119186046,0.103773585,0.258302583,0.242138364,0.286135693,0.345911949,0.27411113294720296,0.25813232331318386,68.58598544059178,0.017459113849326968,-13.739711621090274,5.865789175033569,0.36791729620489744,"Ronald Torreyes",11400,591720
"Alex Avila","WSN",34,111,1,5,9,0,0.171171171,0.333333333,0.157303371,0.31372549,0.191011235,0.345454545,0.348314606,0.3111780794388657,0.2963951180834289,92.81333481686589,-0.624611905310303,-1.6401533102478019,1.5568580627441406,0.3651358593749409,"Alex Avila",7476,488671
"Kevin Plawecki","BOS",64,173,3,15,15,0,0.069364161,0.150289017,0.101910828,0.328125,0.286624203,0.348837209,0.388535031,0.3252582196579423,0.32854013664777887,100.2109372547464,-0.7331953612156212,-0.6885165664430823,-1.6251671314239502,0.3621511945623167,"Kevin Plawecki",13807,608700
"Ernie Clement","CLE",40,133,3,16,9,0,0.052631578,0.142857142,0.107438017,0.252525252,0.231404958,0.284615384,0.338842975,0.2748629574592297,0.2939795860877404,74.21755023944972,-0.1526853065006435,-4.351027926595443,3.3933628499507904,0.3607491457416667,"Ernie Clement",20352,676391
"Joe Ross","WSN",22,39,0,1,3,0,0.025641025,0.358974358,0,0.444444444,0.25,0.294117647,0.25,0.24841445859740763,0.210342617595897,52.02229504663271,-0.07861172268167138,-2.4606641748257445,4.716595649719238,0.35743985067521267,"Joe Ross",12972,605452
"Kyle Garlick","MIN",36,107,5,17,10,1,0.056074766,0.29906542,0.232323232,0.285714285,0.232323232,0.280373831,0.464646464,0.31428551618183886,0.3447026760778695,100.06621053281566,0.362104777013883,0.3707786471791002,-0.5172625184059143,0.352795388960278,"Kyle Garlick",18063,664247
"Christian Walker","ARI",115,445,10,55,46,0,0.085393258,0.238202247,0.137157107,0.306620209,0.244389027,0.314606741,0.381546134,0.3039004899360038,0.31401254464914136,88.2377492326355,0.2280251511838287,-6.43540253674624,-5.044968843460083,0.34612023435784856,"Christian Walker",13419,572233
"Webster Rivas","SDP",24,77,2,8,4,0,0.103896103,0.207792207,0.117647059,0.26,0.220588235,0.302631578,0.338235294,0.2855219895902433,0.2553526476809853,81.55714142199757,-0.3283104121219367,-2.1361762786922167,2.981890559196472,0.3438907504730321,"Webster Rivas",14636,593590
"Huascar Ynoa","ATL",18,32,2,3,6,0,0,0.46875,0.21875,0.333333333,0.21875,0.21875,0.4375,0.2740907818078995,0.2172369509935379,67.71776434188745,-0.24254290852695704,-1.5576491100935914,3.8700273036956787,0.33954674561562825,"Huascar Ynoa",20468,660623
"Wade Miley","CIN",30,59,0,9,3,0,0.050847457,0.220338983,0.055555555,0.243902439,0.185185185,0.228070175,0.24074074,0.2097101138349165,0.238483562804105,22.300459089705893,0.10418154066428542,-5.7318510477566,7.13536262512207,0.33925837399329095,"Wade Miley",8779,489119
"Curt Casali","SFG",77,231,5,20,26,0,0.112554112,0.285714285,0.14,0.286821705,0.21,0.313043478,0.35,0.2891175237904608,0.279897537906613,82.4753186183086,-1.334725935710594,-6.488309881249557,2.1057853251695633,0.33780046377636264,"Curt Casali",12510,592200
"Julio Urías","LAD",32,70,0,5,9,0,0,0.314285714,0.033898305,0.324324324,0.20338983,0.216666666,0.237288135,0.19992964565753937,0.15408287048339844,23.184111347360155,-0.6336912612896413,-7.479052053431917,8.46568489074707,0.33446808509526027,"Julio Urias",14765,628711
"Brandon Drury","NYM",51,88,4,7,14,0,0.034090909,0.25,0.202380953,0.327586206,0.273809523,0.306818181,0.476190476,0.3333882235667922,0.2635190897974475,112.02768963453967,0.041336733382195234,1.3887850898143728,-1.031009554862976,0.33197489755365783,"Brandon Drury",11615,592273
"James McCann","NYM",121,412,10,29,46,1,0.077669902,0.279126213,0.117333333,0.304347826,0.232,0.29368932,0.349333333,0.2814587383664727,0.280238007336128,78.27792077711952,-2.022327274316922,-13.415530738234075,2.8998032808303833,0.3318131350152834,"James McCann",12859,543510
"Bobby Bradley","CLE",74,279,16,36,41,0,0.089605734,0.354838709,0.236734694,0.263157894,0.208163265,0.29390681,0.444897959,0.31449617992202156,0.33152482835508934,101.00068199850736,-0.960286428919062,-0.6184625901085236,-5.666444420814514,0.3279852226183604,"Bobby Bradley",17278,656252
"Eloy Jiménez","CHW",55,231,10,23,37,0,0.069264069,0.246753246,0.187793427,0.292517006,0.248826291,0.303030303,0.436619718,0.31722889266488874,0.32348706753768586,99.82506777040203,-0.8627702561207116,-0.9122450357010228,-3.8677345514297485,0.3140396029528188,"Eloy Jimenez",17484,650391
"Jake Burger","CHW",15,42,1,5,3,0,0.095238095,0.357142857,0.210526316,0.409090909,0.263157894,0.333333333,0.47368421,0.34432332146735417,0.34980512800670804,118.13479913867793,0.2293686622288078,1.1619014204406506,0.5130074620246887,0.3121981030879999,"Jake Burger",22275,669394
"Martín Maldonado","HOU",125,426,12,40,36,0,0.110328638,0.298122065,0.128686327,0.221276595,0.171581769,0.272300469,0.300268096,0.2577236680423512,0.26867467543658086,61.41566671019781,-4.602093867026269,-24.726480668226586,13.24336850643158,0.3115949337279301,"Martin Maldonado",6887,455117
"Joc Pederson","- - -",137,481,18,55,61,2,0.081081081,0.243243243,0.184149184,0.280936454,0.237762237,0.309771309,0.421911421,0.3153147392610007,0.3297894795735677,95.88059946952878,-1.1575826883781701,-3.680054611165883,-9.360058724880219,0.31084797326425995,"Joc Pederson",11899,592626
"Anthony Alford","PIT",49,148,5,14,11,5,0.081081081,0.391891891,0.172932331,0.371428571,0.233082706,0.31081081,0.406015037,0.3097087161070636,0.2919322941578975,90.88323794988955,-1.4183466436807066,-3.1360555958250314,1.2698261737823486,0.31084768915133115,"Anthony Alford",14329,546990
"Eric Lauer","MIL",26,37,1,3,4,0,0.081081081,0.405405405,0.115384616,0.272727272,0.153846153,0.258064516,0.269230769,0.24002473200521163,0.20534122784932454,46.7230424861439,-0.1297273652162403,-2.6392342044194943,4.474719047546387,0.30854991547712074,"Eric Lauer",19316,641778
"Alex Kirilloff","MIN",59,231,8,23,34,1,0.06060606,0.225108225,0.172093023,0.294871794,0.25116279,0.298701298,0.423255813,0.3065006600196705,0.36350979867460426,94.80540115723657,-1.3391182159539312,-2.80826791663799,-2.027844548225403,0.3084108612836143,"Alex Kirilloff",20325,666135
"Jack Flaherty","STL",17,26,1,2,3,0,0.192307692,0.269230769,0.176470589,0.1,0.117647058,0.304347826,0.294117647,0.27583289923875226,0.361431246218474,72.4743122232097,-0.07492368435487151,-0.9860084215869533,3.144397258758545,0.30391685766532633,"Jack Flaherty",17479,656427
"Ben Rortvedt","MIN",39,98,3,8,7,0,0.061224489,0.295918367,0.112359551,0.210526315,0.168539325,0.229166666,0.280898876,0.22711502760648727,0.26425739129384357,41.15859374220746,-0.13141430588439107,-7.191519561444119,6.718092203140259,0.28910115176951523,"Ben Rortvedt",20287,666163
"Billy Hamilton","CHW",71,135,2,23,11,9,0.029629629,0.348148148,0.157480315,0.329113924,0.22047244,0.242424242,0.377952755,0.2621427345456499,0.21736337210385853,62.59923198596743,4.047677400754765,-2.1341424607232815,0.3913204297423363,0.28888615116428074,"Billy Hamilton",10199,571740
"Yonathan Daza","COL",107,331,2,26,30,2,0.063444108,0.181268882,0.073089701,0.345833333,0.282392026,0.332307692,0.355481727,0.3036107145822965,0.28746246997221014,73.81439500825813,-0.15512836631387472,-11.1892521068545,2.9234099686145782,0.284875553046538,"Yonathan Daza",15794,602074
"Austin Hedges","CLE",88,312,10,32,31,1,0.048076923,0.278846153,0.129370629,0.213541666,0.178321678,0.219672131,0.307692307,0.2271399896003698,0.23113391273900083,41.96757265316901,-0.6940705964807421,-22.86211522188254,15.015596628189087,0.2847303574786899,"Austin Hedges",12976,595978
"John Hicks","TEX",10,31,4,6,7,0,0,0.258064516,0.419354838,0.210526315,0.258064516,0.258064516,0.677419354,0.38402860972189135,0.35657670420985066,145.67713635382808,0.006443278165534139,1.7400980497921223,0.035978514701128006,0.28456398397293536,"John Hicks",12547,543308
"Pablo Reyes","MIL",53,87,1,12,3,4,0.103448275,0.172413793,0.102564102,0.306451612,0.256410256,0.333333333,0.358974358,0.302968118079873,0.2853774802629338,87.63091443843719,0.7960921549238265,-0.5738558689612945,0.4920984208583832,0.28453583218351675,"Pablo Reyes",16357,622569
"Victor Reyes","DET",76,220,5,26,22,5,0.036363636,0.25,0.157894737,0.326666666,0.258373205,0.284403669,0.416267942,0.2982644080568891,0.29582634322140194,87.69972232175445,1.554164168657735,-1.7589748044361486,-3.0465455055236816,0.27369975936636526,"Victor Reyes",15487,622682
"José Rondon","STL",63,90,3,13,9,2,0.088888888,0.188888888,0.15,0.29032258,0.2625,0.322222222,0.4125,0.31626730693711175,0.29790668487548827,98.75325391581724,0.5440566113684326,0.40121071579536005,-0.7490787208080292,0.26794579262888285,"Jose Rondon",14140,602922
"Aaron Nola","PHI",33,63,0,5,4,0,0.095238095,0.46031746,0.040816327,0.333333333,0.142857142,0.232142857,0.183673469,0.1969440888081278,0.17702043056488037,18.433939968588888,-0.5506625871639699,-7.09246282135837,7.619116306304932,0.26479019609529475,"Aaron Nola",16149,605400
"Jon Lester","- - -",30,51,1,3,3,0,0.039215686,0.470588235,0.104166667,0.304347826,0.166666666,0.2,0.270833333,0.2053704273700714,0.21892682075500491,25.079242887402607,-0.3803575278725475,-5.244648856666682,6.167855978012085,0.2641776193365339,"Jon Lester",4930,452657
"Nick Gordon","MIN",73,216,4,19,23,10,0.055555555,0.254629629,0.115,0.309859154,0.24,0.291666666,0.355,0.28297753990800295,0.3195017355459708,78.90907009492129,2.2266241868492216,-3.351029377284598,-1.474793791770935,0.2579261603632091,"Nick Gordon",16337,624503
"Luke Maile","MIL",15,34,0,6,3,0,0.088235294,0.205882352,0.133333333,0.391304347,0.3,0.382352941,0.433333333,0.35761602485881133,0.2876568401561064,123.14742717135493,-0.02507068426348269,0.9768397218143852,0.42243070900440216,0.2547141016060743,"Luke Maile",13355,571912
"Adrián Sanchez","WSN",16,38,0,5,1,0,0.078947368,0.105263157,0.057142857,0.29032258,0.257142857,0.315789473,0.314285714,0.27081387590717626,0.24495880227339895,66.58001988887581,-0.3103705591056496,-1.9270988112760392,3.163431152701378,0.25183447273364434,"Adrian Sanchez",11338,506703
"Logan Webb","SFG",28,53,1,7,7,0,0.037735849,0.396226415,0.152173913,0.208333333,0.130434782,0.166666666,0.282608695,0.1916527897119522,0.18222486972808838,19.131493155556896,-0.23298283014446497,-5.689336817104213,6.409732818603516,0.2505701907994639,"Logan Webb",17995,657277
"Ranger Suarez","PHI",39,23,0,2,1,0,0.04347826,0.217391304,0.125,0.272727272,0.1875,0.277777777,0.3125,0.2653331889046563,0.2518138355678982,62.881064982849686,0.028188410447910428,-1.0586640359839237,2.7815821170806885,0.2501556141529876,"Ranger Suarez",17277,624133
"Justin Upton","LAA",89,362,17,47,41,4,0.107734806,0.29558011,0.198113208,0.253807106,0.210691823,0.296398891,0.408805031,0.3050236974396534,0.31906326123456047,90.68392848550353,0.3445521113462746,-3.784434179335654,-6.1649298667907715,0.245588423729509,"Justin Upton",5222,457708
"Anthony Rendon","LAA",58,249,6,24,34,0,0.116465863,0.164658634,0.142857143,0.26744186,0.239631336,0.329317269,0.382488479,0.3100713419045514,0.3032467799630725,94.09499925834214,-0.4887411065865308,-2.288943605583077,-3.817741811275482,0.24282352158648457,"Anthony Rendon",12861,543685
"Luis Torrens","SEA",108,378,15,39,47,0,0.074074074,0.261904761,0.187861272,0.293617021,0.242774566,0.298941798,0.430635838,0.3112206398966458,0.31753408147933637,100.901034885317,0.3810072580818087,0.7980066890553239,-11.348905682563782,0.2402202150258546,"Luis Torrens",15905,620443
"Jake McCarthy","ARI",24,70,2,11,4,3,0.114285714,0.328571428,0.152542372,0.323529411,0.220338983,0.333333333,0.372881355,0.31518864804419916,0.25247517754049864,95.57409630998457,0.12766301212832332,-0.26674637531535494,0.311360627412796,0.24000688021927385,"Jake McCarthy",21622,664983
"Humberto Castellanos","ARI",14,7,1,1,5,0,0,0.142857142,0.5,0.4,0.5,0.428571428,1,0.5378041778291974,0.3070057119641985,240.25534329969273,-0.006845042575150728,1.2430245413773573,0.8465684652328491,0.233087902005649,"Humberto Castellanos",21183,528748
"Jon Berti","MIA",85,271,4,35,19,8,0.11808118,0.22509225,0.103004292,0.264705882,0.210300429,0.311111111,0.313304721,0.28221898586661726,0.30150988543475116,73.93042099603917,1.44966088864021,-7.544290845865582,0.7559975273907185,0.23115164150686024,"Jon Berti",12037,542932
"Madison Bumgarner","ARI",28,52,0,3,3,0,0.173076923,0.557692307,0.025641026,0.363636363,0.102564102,0.28,0.128205128,0.21652387857437133,0.21740415573120117,31.450349441859508,-1.205895955907181,-5.743805480462364,6.28879451751709,0.22961644360508493,"Madison Bumgarner",5524,518516
"Clayton Kershaw","LAD",24,39,0,2,3,0,0.025641025,0.282051282,0,0.32,0.222222222,0.243243243,0.222222222,0.2087610573381991,0.2153166693610114,28.923781243127817,-0.22845375002361834,-3.75732786652204,4.716595649719238,0.22741649810168688,"Clayton Kershaw",2036,477132
"Zac Gallen","ARI",23,42,0,2,3,0,0.023809523,0.428571428,0.0625,0.428571428,0.1875,0.212121212,0.25,0.20276457251924457,0.16314294121482156,22.507965414602264,-0.08240275946445763,-4.225771621494684,5.079410552978516,0.22691881115164675,"Zac Gallen",19291,668678
"Tylor Megill","NYM",18,31,0,1,0,0,0.032258064,0.548387096,0.107142857,0.545454545,0.214285714,0.24137931,0.321428571,0.24323524483318987,0.132724877061515,53.43588610847132,-0.7021652171388268,-2.539804561120688,3.749089002609253,0.22556891897541814,"Tylor Megill",21318,656731
"Kevin Gausman","SFG",34,62,0,6,4,0,0.032258064,0.5,0,0.416666666,0.185185185,0.210526315,0.185185185,0.17849098799521462,0.12151638666788737,10.577436361549703,-0.2810867903754115,-7.339158229876535,7.498178005218506,0.22456085259937608,"Kevin Gausman",14107,592332
"Wilmer Difo","PIT",116,240,4,25,24,1,0.083333333,0.225,0.114155251,0.339506172,0.269406392,0.329166666,0.383561643,0.3117223170896371,0.276314899013631,92.19190811041162,1.2963878286536783,-1.0892438950477477,-4.748589426279068,0.22215176384252794,"Wilmer Difo",14320,594694
"Delino DeShields","CIN",25,58,1,4,6,2,0.155172413,0.189655172,0.170212766,0.314285714,0.255319148,0.375,0.425531914,0.35204521673066275,0.3278696537017822,114.80622540912616,0.053944561863318086,1.147194834325509,-0.879355002194643,0.22201377902074712,"Delino DeShields",11379,592261
"Luis González","CHW",6,11,0,2,0,0,0.272727272,0.181818181,0.25,0.333333333,0.25,0.454545454,0.5,0.414403882893649,0.33546827056191186,165.49347435594828,-0.02844662847928703,0.853602492882367,0.9808511286973953,0.22172914376911784,"Luis Gonzalez",20332,670768
"Yadiel Hernandez","WSN",112,289,9,33,32,3,0.076124567,0.204152249,0.140151515,0.318181818,0.272727272,0.328719723,0.412878787,0.32040550539063084,0.3123609489864773,98.81038046096785,-0.10844880621880293,-0.546125252337669,-6.944737911224365,0.22126690595400836,"Yadiel Hernandez",19334,628450
"Breyvic Valera","TOR",39,97,1,10,15,1,0.082474226,0.12371134,0.103448276,0.28,0.252873563,0.3125,0.356321839,0.2934995833784342,0.2844301660855611,80.8594202618965,-0.11906161694787443,-2.392215719867652,1.2221621125936508,0.21581230839596688,"Breyvic Valera",12758,591971
"Roman Quinn","PHI",28,62,0,8,2,4,0.096774193,0.306451612,0.115384615,0.272727272,0.173076923,0.306451612,0.288461538,0.2750412235336919,0.2883327238021358,69.19046557724971,0.23574652173556387,-2.196032283586429,2.2115123625844717,0.21016736517041312,"Roman Quinn",13546,596451
"Geraldo Perdomo","ARI",11,37,0,5,1,0,0.162162162,0.162162162,0.161290322,0.32,0.258064516,0.378378378,0.419354838,0.33074301651545934,0.2791064126150949,105.6831189317791,0.34578835777938366,0.6134805551725249,0.2313879430294037,0.20921555522155158,"Geraldo Perdomo",22799,672695
"DJ Peters","- - -",70,240,13,29,38,2,0.05,0.341666666,0.224215246,0.236641221,0.197309417,0.241666666,0.421524663,0.2723105855412402,0.2750891477633745,70.40141570008505,1.1415353717748076,-7.574738851523396,1.4228390492498875,0.20501093370341503,"DJ Peters",19348,656847
"Yonny Hernández","TEX",43,166,0,15,6,11,0.102409638,0.192771084,0.034965035,0.276785714,0.216783216,0.315151515,0.251748251,0.2649126197352554,0.29831653941761366,65.1815557227616,2.2186047995928675,-4.857911432586163,1.195894718170166,0.20290566828657003,"Yonny Hernandez",19432,660634
"Alex Dickerson","SFG",111,312,13,37,38,1,0.073717948,0.243589743,0.187279152,0.273195876,0.233215547,0.304487179,0.420494699,0.3126295538577236,0.3350135064894153,97.75614755542948,-0.5207273897249252,-1.4119703907036243,-7.124311447143555,0.1938266960761803,"Alex Dickerson",12649,543105
"Trevor Larnach","MIN",79,301,7,29,28,1,0.102990033,0.34551495,0.126923077,0.337748344,0.223076923,0.322259136,0.35,0.30048909951682107,0.30467026415853404,90.74294024640552,-2.1703459206037223,-5.581816414011932,-2.833310157060623,0.18993427704247728,"Trevor Larnach",21501,663616
"Matt Peacock","ARI",35,17,0,3,2,1,0.058823529,0.235294117,0,0.333333333,0.25,0.294117647,0.25,0.24752575509688435,0.21663041675792022,51.5989444596021,0.31511150929145515,-0.7323811742817856,2.0559520721435547,0.18992239426274282,"Matt Peacock",20339,676840
"Deven Marrero","MIA",10,19,1,4,1,1,0.157894736,0.315789473,0.1875,0.222222222,0.1875,0.315789473,0.375,0.30735678421823603,0.1836263757002981,90.26786167504576,0.18288739654235542,-0.05251404492568443,1.2711511254310608,0.1861296424934909,"Deven Marrero",13325,571918
"Garrett Hampson","COL",147,494,11,69,33,17,0.066801619,0.238866396,0.145695365,0.291411042,0.233995584,0.289205702,0.379690949,0.28821866071053565,0.29255582272884045,63.81086313404476,3.5885937572456896,-19.170366522742203,4.443918704986572,0.18549213660301744,"Garrett Hampson",19262,641658
"Alfonso Rivas III","CHC",18,49,1,7,3,0,0.081632653,0.326530612,0.090909091,0.481481481,0.318181818,0.387755102,0.409090909,0.3527679114925618,0.28803249281279897,121.1485621839892,-0.16886347928084433,1.1503776132407233,-0.9655270576477051,0.1834091672200076,"Alfonso Rivas III",21560,663845
"Nick Fortes","MIA",14,34,4,6,7,1,0.088235294,0.235294117,0.387096774,0.263157894,0.29032258,0.352941176,0.677419354,0.4263676667914671,0.3657636361963609,167.614859490834,0.31949703209102154,3.246130339018239,-2.588409774005413,0.1803549595478863,"Nick Fortes",21538,663743
"Michael Hermosillo","CHC",16,38,3,5,7,0,0.026315789,0.315789473,0.305555556,0.19047619,0.194444444,0.236842105,0.5,0.3072265402266854,0.3253077707792583,91.55052654500254,0.024670875631272793,-0.38408168511938645,0.7934483140707016,0.16891023024285406,"Michael Hermosillo",16285,641684
"Jake Arrieta","- - -",25,30,0,3,0,0,0.066666666,0.533333333,0,0.428571428,0.130434782,0.23076923,0.130434782,0.18240505915421706,0.15301408217503473,21.187647138593473,0.044696839060634375,-2.9652774905260832,3.6281506717205048,0.16741260131156435,"Jake Arrieta",4153,453562
"Sean Manaea","OAK",32,5,0,0,0,0,0,0.2,0.25,0.666666666,0.5,0.5,0.75,0.5301754623651505,0.19099999964237213,249.21251500574004,-0.02443010569550097,0.8890041857721414,0.604691743850708,0.16695297556083247,"Sean Manaea",15873,640455
"David Price","LAD",39,18,0,1,2,0,0,0.166666666,0.066666667,0.307692307,0.266666666,0.25,0.333333333,0.24242578074336052,0.20933334032694498,50.80300128912568,-0.010295961821611854,-1.1376448950999867,2.1768903732299805,0.1647763344986725,"David Price",3184,456034
"Chad Pinder","OAK",75,233,6,30,27,1,0.068669527,0.26609442,0.168224299,0.31292517,0.242990654,0.300429184,0.411214953,0.30676982254429436,0.3518546763407826,98.24062033691922,0.016883362317457795,-0.4850170416886219,-5.887093782424927,0.16125701269133633,"Chad Pinder",15191,640461
"Dylan Cease","CHW",32,8,0,1,0,0,0,0.375,0.125,0.6,0.375,0.375,0.5,0.37496964633464813,0.20663194358348846,138.8448122500821,-0.04293270083144307,0.3375413745875779,0.9675068259239197,0.15833955884782927,"Dylan Cease",18525,656302
"Max Schrock","CIN",53,134,3,19,14,1,0.059701492,0.179104477,0.16,0.333333333,0.288,0.328358208,0.448,0.3292209178881538,0.2907559387665942,99.97236354248435,-0.48333857930265367,-0.48805306601478304,-2.458860397338867,0.15537512833511505,"Max Schrock",17750,621011
"Mauricio Dubón","SFG",74,187,5,20,22,2,0.048128342,0.219251336,0.137142857,0.282442748,0.24,0.278074866,0.377142857,0.2777562653696215,0.27348702920449747,75.09146252665634,-1.5632693255320191,-7.49302881477831,2.7613924741744995,0.15474374906198363,"Mauricio Dubon",16530,643289
"Nick Maton","PHI",52,131,2,16,14,2,0.076335877,0.297709923,0.128205128,0.363636363,0.256410256,0.323076923,0.384615384,0.3093436791346623,0.28356346717247594,91.48415755799643,0.44177138060331345,-0.9784176608830997,-1.88572758436203,0.1535804581826219,"Nick Maton",21635,665155
"Luke Williams","PHI",58,108,1,8,6,2,0.092592592,0.212962962,0.071428571,0.31081081,0.244897959,0.314814814,0.31632653,0.2832622345950868,0.2680791572288231,74.5334267490401,-0.0925239019561559,-3.59392215075372,1.4731077551841736,0.15072871805142757,"Luke Williams",19931,663897
"Jo Adell","LAA",35,140,4,17,26,2,0.057142857,0.228571428,0.161538461,0.29787234,0.246153846,0.294964028,0.407692307,0.30277763081969117,0.30977844677383093,89.16609333398272,-0.4582919995300472,-2.3153060177559484,-0.988998293876648,0.14948018712235495,"Jo Adell",20220,666176
"Ryan Weathers","SDP",32,28,1,3,1,0,0.035714285,0.25,0.111111111,0.157894736,0.148148148,0.178571428,0.259259259,0.19055003992148808,0.2159937620162964,19.833414778173527,-0.02722497470676899,-2.884806701315171,3.3862738609313965,0.14449804338753364,"Ryan Weathers",23796,677960
"Connor Wong","BOS",6,14,0,3,1,0,0.071428571,0.5,0.230769231,0.666666666,0.307692307,0.357142857,0.538461538,0.37567515884126934,0.31261954988752094,134.28143269082005,-0.037177988095209,0.5504318467892493,0.40270714461803436,0.14365833940082975,"Connor Wong",19896,657136
"Lewin Díaz","MIA",40,128,8,16,13,0,0.046875,0.2578125,0.24590164,0.209876543,0.204918032,0.2421875,0.450819672,0.2881414176910881,0.29416485283318466,77.77950026918572,-0.13307882496155798,-3.75393300710492,0.887322187423706,0.14323894313104157,"Lewin Diaz",18365,650331
"TJ Friedl","CIN",14,36,1,9,2,0,0.111111111,0.055555555,0.129032258,0.275862068,0.29032258,0.361111111,0.419354838,0.33801162739594776,0.2993374930487739,105.68558047187047,0.06074125808663666,0.32131134357905855,-0.1206054799258709,0.14125718828258846,"TJ Friedl",19522,670770
"Seth Beer","ARI",5,10,1,4,3,0,0.1,0.3,0.444444444,0.6,0.444444444,0.5,0.888888888,0.5697992324829102,0.4685675144195557,261.04942001695406,0.0004059181082993746,2.050653975449911,-0.9856460988521576,0.14044159013604635,"Seth Beer",20493,666179
"Trevor Williams","- - -",23,28,0,1,1,0,0.035714285,0.321428571,0,0.3125,0.2,0.23076923,0.2,0.1956535829947545,0.1266044951402224,19.00293239418063,-0.06618058448657393,-2.953365309379131,3.3862738013267517,0.1376233017908251,"Trevor Williams",16977,592866
"Daniel Camarena","SDP",6,3,1,1,4,0,0,0.666666666,1,0,0.333333333,0.333333333,1.333333333,0.6688395341237386,0.49174853165944415,330.6810924316203,0,0.8810093105090002,0.3628150522708893,0.13481915134285372,"Daniel Camarena",14467,547176
"Jorge Alfaro","MIA",92,311,4,22,30,8,0.035369774,0.318327974,0.098305085,0.354166666,0.244067796,0.282958199,0.342372881,0.27378833428073157,0.2928554165747858,68.45121123219322,0.2665127655491233,-12.224289209642563,3.125664710998535,0.13407285230141686,"Jorge Alfaro",12180,595751
"Michael Chavis","- - -",43,124,3,16,11,1,0.008064516,0.338709677,0.14876033,0.35064935,0.247933884,0.258064516,0.396694214,0.27737709783738657,0.2559341076881655,67.7547416317677,0.38554975646547973,-4.452745811995829,1.5307964459061623,0.12994385968767322,"Michael Chavis",17321,656308
"Jerad Eickhoff","NYM",6,8,0,0,0,0,0,0,0,0.4,0.4,0.4,0.4,0.3516221284866333,0.19860000610351564,123.87818408945151,-0.21982401655986905,0.023361959705501367,0.9675068259239197,0.12627775065918043,"Jerad Eickhoff",12664,595191
"Spencer Howard","- - -",19,7,0,0,0,0,0,0.428571428,0.166666667,0.666666666,0.333333333,0.333333333,0.5,0.35345030824343365,0.17033334573109946,120.14973226490365,-0.06136211776174605,0.11819993591970335,0.8465684652328491,0.12029576693208274,"Spencer Howard",23252,675921
"Luis Castillo","CIN",33,59,0,1,2,0,0.016949152,0.389830508,0.040816326,0.307692307,0.163265306,0.18,0.204081632,0.16898683071136475,0.1339083399091448,-4.166227172123141,-0.09319351031444967,-7.917145740498389,7.13536262512207,0.12012727305245297,"Luis Castillo",15689,622491
"Corbin Burnes","MIL",28,59,0,1,4,0,0.050847457,0.440677966,0,0.307692307,0.153846153,0.2,0.153846153,0.16559258591045034,0.1516936562278054,-1.6515508026119303,-0.30941904592327774,-7.944493284424579,7.13536262512207,0.1173849896302318,"Corbin Burnes",19361,669203
"Josh Lowe","TBR",2,2,0,0,0,1,0.5,0,0,1,1,1,1,0.785385936498642,0.4638585150241852,421.61684376805573,0.1931549604050815,0.9806917264733493,0.12122228369116783,0.11736362981244941,"Josh Lowe",19953,666139
"Austin Allen","OAK",4,8,1,2,1,0,0,0.375,0.375,0.25,0.25,0.25,0.625,0.3606967404484749,0.2299664169549942,134.68307083267456,-0.003422521287575364,0.3362884605238085,0.5445268750190735,0.11579947715329927,"Austin Allen",18083,664119
"Willi Castro","DET",125,450,9,56,38,9,0.051111111,0.242222222,0.130750605,0.275167785,0.220338983,0.272930648,0.351089588,0.27064312747241137,0.28549081180872543,69.03395781213163,2.0195454817730933,-15.041289076179439,0.7816493064165115,0.11560411060356934,"Willi Castro",17338,650489
"Grayson Greiner","DET",31,82,1,7,7,0,0.109756097,0.37804878,0.097222222,0.4,0.236111111,0.320987654,0.333333333,0.29317552513546413,0.2369251251220703,84.26078364047768,-0.2105916563887149,-1.7907441996672435,0.12804585695266724,0.11489574200033366,"Grayson Greiner",17062,606988
"Matthew Boyd","DET",15,5,0,0,0,0,0.2,0.2,0,0.5,0.333333333,0.5,0.333333333,0.392692968249321,0.6124292612075806,151.51216078361173,-0.006845042575150728,0.30849696533575127,0.604691743850708,0.10874243455652938,"Matthew Boyd",15440,571510
"Jose Quintana","- - -",29,2,0,0,0,0,0.5,0,0,1,1,1,1,0.785385936498642,0.41585850715637207,405.0077711456224,-0.006845042575150728,0.7697384312424839,0.24187670648097992,0.1081695399041032,"Jose Quintana",11423,500779
"José Barrero","CIN",21,56,0,4,3,1,0.053571428,0.303571428,0.12,0.303030303,0.2,0.285714285,0.32,0.27090693371636526,0.241516079221453,62.073210886509024,0.4672732700128108,-2.2365689659948815,1.4156010448932648,0.10610372573088575,"Jose Barrero",23378,676480
"Tony Gonsolin","LAD",17,19,0,2,0,0,0.052631578,0.421052631,0.058823529,0.333333333,0.176470588,0.222222222,0.235294117,0.20508187346988255,0.13976899782816568,26.532623220654898,-0.10309851984493434,-1.8801310503412345,2.2978286743164062,0.10581519086398793,"Tony Gonsolin",19388,664062
"Adam Wainwright","STL",34,74,0,1,4,0,0.04054054,0.337837837,0.035087719,0.21875,0.122807017,0.166666666,0.157894736,0.14922865529855092,0.17293972969055177,-9.807727601901869,-0.0361422523856163,-10.380698558652657,8.949438095092773,0.10547212522846128,"Adam Wainwright",2233,425794
"Albert Pujols","- - -",109,296,17,29,50,2,0.047297297,0.152027027,0.196363636,0.223255813,0.236363636,0.283783783,0.432727272,0.3024293163937513,0.3230217162252693,89.22240083277438,0.03482625330798328,-3.863979076307537,-5.087489366531372,0.10476733483686951,"Albert Pujols",1177,405395
"Stephen Strasburg","WSN",5,7,0,0,0,0,0.142857142,0.285714285,0.2,0.333333333,0.2,0.333333333,0.4,0.3222271800041199,0.40161951382954914,99.9943147307092,-0.041445397073403,-0.04149606070586055,0.8465684652328491,0.10428220149734574,"Stephen Strasburg",10131,544931
"Jake Faria","ARI",24,3,0,1,0,0,0,0.333333333,0.333333333,0.5,0.333333333,0.333333333,0.666666666,0.41388217608133954,0.23333332935969034,159.71653381206693,0.2952999174594879,0.5233672537339232,0.3628150522708893,0.09895648352776813,"Jake Faria",13699,607188
"Roberto Pérez","CLE",44,161,7,13,17,1,0.105590062,0.347826086,0.170212766,0.179487179,0.14893617,0.245283018,0.319148936,0.2510773093445496,0.2940745563627039,58.143809376512564,-0.38422749866731465,-8.634867402030483,4.106929838657379,0.09890303302831263,"Roberto Perez",2900,547379
"Austin Voth","WSN",49,3,0,1,0,0,0,0.333333333,0,1,0.5,0.666666666,0.5,0.5336625973383585,0.28164400657018024,237.40943517289713,-0.006845042575150728,0.5179443559100771,0.3628150522708893,0.09841270077188816,"Austin Voth",15047,608723
"Garrett Cleavinger","LAD",22,3,0,0,0,0,0,0.333333333,0.5,1,0.5,0.5,1,0.6208232641220093,0.4165000021457672,296.7293290968256,-0.26153579354286194,0.4898061077699605,0.3628150522708893,0.09559112924015387,"Garrett Cleavinger",17897,664076
"Sean Reid-Foley","NYM",12,2,0,0,0,0,1,0,0,0,0,1,0,0.6917165517807007,0.6917170286178589,344.91076570652785,-0.006845042575150728,0.6167248176068917,0.24187670648097992,0.09282605248967367,"Sean Reid-Foley",17034,656887
"Andy Burns","LAD",9,15,0,2,0,0,0.2,0.066666666,0.090909091,0.3,0.272727272,0.466666666,0.363636363,0.3864559531211853,0.40460554758707684,144.41041926168165,-0.11086122831329703,0.7371925163764135,-0.31632630806416273,0.09267388322105521,"Andy Burns",12779,542992
"Yermín Mercedes","CHW",68,262,7,26,37,0,0.076335877,0.175572519,0.133333333,0.308510638,0.270833333,0.328244274,0.404166666,0.3174238691384765,0.3128333256162446,99.95682795182354,-1.4373435834422708,-1.4511921875754659,-6.598639098927379,0.09262157022026196,"Yermin Mercedes",17423,606213
"René Rivera","- - -",25,78,2,8,9,0,0.051282051,0.371794871,0.130434783,0.368421052,0.231884057,0.293333333,0.36231884,0.28824421962102253,0.2655222511291504,82.96866060871272,-0.3549929326400161,-2.0281425814360383,0.2814728021621704,0.09169268753257843,"Rene Rivera",3648,425784
"Marcus Stroman","NYM",33,58,0,2,1,1,0.068965517,0.413793103,0.039215686,0.185185185,0.098039215,0.163636363,0.137254901,0.14340591322291982,0.15645214427601206,-11.44472755524032,0.17358148004859686,-8.055185501247266,7.0144243240356445,0.09079340822959658,"Marcus Stroman",13431,573186
"Hoy Park","- - -",45,150,3,16,14,1,0.12,0.253333333,0.140625,0.25,0.1953125,0.297297297,0.3359375,0.2791203341516508,0.2921762277885359,71.09757071322174,0.5082926002796739,-5.015291128389295,0.8808755232021213,0.0902038088696725,"Hoy Park",18027,660829
"Jose Alvarez","SFG",67,5,0,1,0,0,0.4,0.4,0,0,0,0.5,0,0.34585827589035034,0.34585851430892944,119.35200362260488,-0.006845042575150728,0.11633580411382421,0.604691743850708,0.08912505831296992,"Jose Alvarez",5358,501625
"Zack Wheeler","PHI",33,73,0,1,3,0,0,0.534246575,0.029411765,0.379310344,0.161764705,0.161764705,0.19117647,0.15286457275643067,0.1180882313672234,-10.214013546701612,-0.14966564835049212,-10.392188037675217,8.828499794006348,0.08882812903118054,"Zack Wheeler",10310,554430
"Josh Tomlin","ATL",36,5,0,0,0,0,0.2,0.2,0,0.5,0.333333333,0.5,0.333333333,0.392692968249321,0.19117926061153412,144.79914427357215,-0.1734163318760693,0.11174259172573159,0.604691743850708,0.08866447252067342,"Josh Tomlin",9388,458708
"Andrew Heaney","- - -",30,4,0,1,0,0,0.25,0.5,0,1,0.333333333,0.5,0.333333333,0.392692968249321,0.33017927408218384,153.78945728190394,-0.006864751823741244,0.242393127700247,0.48375340551137924,0.0865522916503655,"Andrew Heaney",15423,571760
"Johan Oviedo","STL",14,22,0,3,2,0,0.09090909,0.409090909,0,0.272727272,0.15,0.227272727,0.15,0.18275450305505234,0.1577469977465543,11.98123503014093,-0.12664238479919732,-2.591802856126202,2.6606438159942627,0.08092775982757869,"Johan Oviedo",22487,670912
"Jonathan Lucroy","- - -",7,23,0,2,3,0,0.130434782,0.173913043,0.052631579,0.4,0.315789473,0.409090909,0.368421052,0.3505487631667744,0.2881497253071178,118.54195339014954,0.04046950343763456,0.5833829085339265,-0.5717858970165253,0.07855236481288225,"Jonathan Lucroy",7870,518960
"Kyle Wright","ATL",2,3,0,1,0,0,0,0.333333333,0.333333333,0.5,0.333333333,0.333333333,0.666666666,0.41388217608133954,0.2790000041325887,158.57033541563385,0.04329833388328552,0.2669881485832236,0.3628150522708893,0.07324798949421865,"Kyle Wright",19665,657140
"DJ Stewart","BAL",100,318,12,39,33,0,0.138364779,0.279874213,0.170370371,0.254437869,0.203703703,0.323899371,0.374074074,0.3095743082675272,0.3133889568340891,93.61895179408742,0.3564823679625988,-2.1279158105782283,-8.039270401000977,0.07263127991135043,"DJ Stewart",17766,621466
"Jordy Mercer","WSN",46,127,2,13,9,0,0.070866141,0.267716535,0.110169491,0.341463414,0.254237288,0.307086614,0.364406779,0.29441081585846546,0.2864065395565484,81.91603306186089,-0.44685547752305865,-3.370635331040013,-0.16932445764541626,0.07235390748103554,"Jordy Mercer",6547,474568
"Oneil Cruz","PIT",2,9,1,2,3,0,0,0.444444444,0.333333333,0.5,0.333333333,0.333333333,0.666666666,0.41829213831159806,0.3651908238728841,161.45326934947204,-0.006845042575150728,0.6972556085107326,-0.2882215306162834,0.07129885505983431,"Oneil Cruz",21711,665833
"Kyle Gibson","- - -",31,30,1,3,2,0,0,0.333333333,0.103448276,0.166666666,0.137931034,0.137931034,0.24137931,0.16012705400072294,0.13478410911971125,-4.599518785844782,0.0724164538551122,-3.936815415423993,3.6281505674123764,0.07013066761981634,"Kyle Gibson",10123,502043
"Jonathan Araúz","BOS",28,75,3,9,8,0,0.106666666,0.2,0.184615385,0.191489361,0.184615384,0.273972602,0.369230769,0.28154191415603846,0.2658245661487318,70.66856099765747,0.37092528911307454,-2.3224488760969066,0.44768126308918,0.06958941417832035,"Jonathan Arauz",20275,660620
"Taylor Davis","PIT",2,6,0,0,0,0,0.166666666,0,0,0.4,0.4,0.5,0.4,0.40830453236897785,0.3381195068359375,154.9621710706785,-0.05880482564680278,0.36101444890782713,0.12815990298986435,0.06924066699970455,"Taylor Davis",12782,543089
"Dakota Hudson","STL",2,4,0,1,0,0,0.25,0.5,0,1,0.333333333,0.5,0.333333333,0.392692968249321,0.23667925596237183,148.42346331829114,-0.19694960163906217,0.049633370439018554,0.48375341296195984,0.06694456302934443,"Dakota Hudson",19206,641712
"Patrick Kivlehan","SDP",5,8,0,3,2,0,0.25,0.375,0,0.5,0.25,0.5,0.25,0.37305261194705963,0.36292076110839844,138.44463532056042,-0.005930361803621054,0.38560678932868603,0.008896518498659134,0.06647701799464599,"Patrick Kivlehan",13910,623182
"Payton Henry","MIA",5,16,0,0,0,0,0.0625,0.3125,0.066666667,0.4,0.266666666,0.3125,0.333333333,0.2856580652296543,0.34894612431526184,76.16553141812574,0.015728705562651157,-0.46975281088230664,0.5916423965245485,0.06605866955265051,"Payton Henry",22164,668721
"Ryan LaMarre","NYY",9,24,2,3,4,1,0.083333333,0.25,0.285714286,0.153846153,0.19047619,0.291666666,0.476190476,0.3281880592306455,0.2511093815167745,110.20887918107309,0.1728855154942721,0.47286486736834926,-0.6412084996700287,0.06554563140613415,"Ryan LaMarre",10700,534606
"Luis Barrera","OAK",6,8,0,1,0,0,0,0.25,0,0.333333333,0.25,0.25,0.25,0.2197638303041458,0.23262500762939453,39.44416601925307,0.04690138576552272,-0.5462260773490333,0.9231516048312187,0.06527177086272498,"Luis Barrera",19615,642456
"Kelvin Gutiérrez","- - -",85,295,3,23,20,0,0.064406779,0.257627118,0.084558823,0.310880829,0.231617647,0.291525423,0.31617647,0.2703753174361536,0.2663088039476044,66.13732678195845,0.3157882858067751,-11.914742699472843,2.429665446281433,0.06203805630157529,"Kelvin Gutierrez",17468,642721
"Tommy Hunter","NYM",4,1,0,1,0,0,0,0,0,1,1,1,1,0.8790553212165833,0.6660000085830688,466.66510511707264,-0.0034606020053615794,0.4633243261130365,0.12093835324048996,0.06195188041253237,"Tommy Hunter",1157,488984
"Connor Overton","- - -",9,1,0,1,2,0,0,0,0,1,1,1,1,0.8790553212165833,0.13300000131130219,460.91032849545354,-0.003422521287575364,0.4560362583804481,0.12093835324048996,0.06122106716739985,"Connor Overton",18376,656818
"Ryan McKenna","BAL",90,197,2,20,14,1,0.121827411,0.375634517,0.082840237,0.311827956,0.183431952,0.292307692,0.266272189,0.25853935449551313,0.2808355086889022,59.13081769203439,1.775622669607401,-8.081819353713188,1.9372509717941284,0.06043438965872286,"Ryan McKenna",19928,663630
"Daniel Bard","COL",67,1,0,1,0,0,0,0,0,1,1,1,1,0.8790553212165833,0.8209999799728394,447.80467026784703,-0.003453792931395583,0.439320760044905,0.12093835324048996,0.059544915403883396,"Daniel Bard",7115,453268
"Ryan Lavarnway","CLE",9,30,0,2,0,0,0.033333333,0.333333333,0.107142857,0.388888888,0.25,0.275862068,0.357142857,0.2735474972889341,0.27119144900091763,73.32859544658892,-0.19141059485264122,-1.1710566595177148,0.7349866777658463,0.05930587423770252,"Ryan Lavarnway",8879,543432
"Derek Fisher","MIL",4,8,0,1,1,0,0,0.125,0.25,0.285714285,0.25,0.25,0.5,0.30587922781705856,0.15812499821186066,89.52288930338335,0.21744205779395998,0.11073853362092043,0.20225337147712708,0.0583034368851377,"Derek Fisher",16192,605233
"Jason Heyward","CHC",104,353,8,35,30,5,0.076487252,0.19263456,0.133126935,0.246963562,0.213622291,0.280453257,0.346749226,0.27455018647015095,0.2930116407509178,70.31366309195326,0.4801996552851051,-12.86049859921537,1.596177577972412,0.0582268673089138,"Jason Heyward",4940,518792
"Jakson Reetz","WSN",2,2,0,1,0,0,0,0,0.5,0.5,0.5,0.5,1,0.6208232641220093,0.3785000145435333,294.0564892705706,-0.009093770757317543,0.4849954847018284,0.017146775498986244,0.057081989597117626,"Jakson Reetz",17837,656883
"James Kaprielian","OAK",24,4,0,1,0,0,0,0.5,0,1,0.333333333,0.333333333,0.333333333,0.29301844040552777,0.31066666046778363,88.94778324708871,-0.004595278762280941,-0.058721965272210644,0.48375341296195984,0.05635788335410191,"James Kaprielian",18331,621076
"Patrick Corbin","WSN",31,63,0,1,0,0,0.047619047,0.38095238,0,0.24137931,0.132075471,0.178571428,0.132075471,0.1469381589974676,0.161574125289917,-13.928708372581264,-0.034465549819287844,-9.171830414889426,7.619116306304932,0.056280967777226354,"Patrick Corbin",9323,571578
"Justin Dunn","SEA",11,3,0,0,1,0,0,0.666666666,0.333333333,1,0.333333333,0.333333333,0.666666666,0.41388217608133954,0.1308333377043406,170.27711079747044,-0.1709173619747162,0.08721188236599187,0.3628150522708893,0.055429882652985964,"Justin Dunn",19268,643290
"JT Riddle","MIN",4,6,0,1,0,0,0,0,0,0.333333333,0.333333333,0.333333333,0.333333333,0.29301844040552777,0.3669999837875366,85.694457310338,0.053050394635647535,-0.05203869859722646,0.3832482770085335,0.0538187281705156,"JT Riddle",17642,595375
"Dane Dunning","TEX",27,4,0,0,0,0,0,0.25,0,0.5,0.333333333,0.333333333,0.333333333,0.29301844040552777,0.08066666622956593,84.17476019698907,-0.007274419069290161,-0.08477631872542958,0.48375341296195984,0.053745275006372675,"Dane Dunning",19409,641540
"Justus Sheffield","SEA",21,2,0,0,0,0,0,0.5,0,1,0.5,0.5,0.5,0.4395276606082916,0.45249998569488525,187.6076821825015,-0.003422521287575364,0.21110066692734672,0.24187670648097992,0.05229130793039968,"Justus Sheffield",17285,656954
"Cal Quantrill","CLE",40,2,0,0,0,0,0,0,0,0.5,0.5,0.5,0.5,0.4395276606082916,0.07449999451637268,185.49380199131818,-0.003422521287575364,0.20592445056343986,0.24187670648097992,0.05177226123418144,"Cal Quantrill",19312,615698
"Triston McKenzie","CLE",25,2,0,0,0,0,0,0,0,0.5,0.5,0.5,0.5,0.4395276606082916,0.44200000166893005,185.49380199131818,-0.0035531715548131615,0.20579380029620206,0.24187670648097992,0.051759160238241106,"Triston McKenzie",18000,663474
"Bailey Ober","MIN",20,2,0,0,0,0,0,0,0,0.5,0.5,0.5,0.5,0.4395276606082916,0.47850000858306885,184.70169176600922,-0.003914692730177194,0.20349265457287966,0.24187670648097992,0.051528412139391216,"Bailey Ober",21224,641927
"Jordan Yamamoto","NYM",2,2,0,0,0,0,0,0.5,0,1,0.5,0.5,0.5,0.4395276606082916,0.42649999260902405,181.009337594055,-0.003955903404857963,0.20230281768989353,0.24187670648097992,0.05126975832141344,"Jordan Yamamoto",17585,657141
"Garrett Whitlock","BOS",46,2,0,0,0,0,0,0.5,0,1,0.5,0.5,0.5,0.4395276606082916,0.41449999809265137,177.43134232981404,-0.003422521287575364,0.18618206601048423,0.24187670648097992,0.04979258751939347,"Garrett Whitlock",20191,676477
"John Means","BAL",26,5,0,0,0,0,0,0.4,0.2,0.333333333,0.2,0.2,0.4,0.2483293056488037,0.301369833946228,52.231124290001354,0.0037513263523578644,-0.28867541236114713,0.604691743850708,0.048860789755572884,"John Means",16269,607644
"Steven Brault","PIT",7,8,0,0,0,0,0,0.25,0.166666667,0.25,0.166666666,0.166666666,0.333333333,0.20694108804066977,0.11100000143051147,24.092980355639895,0.023694630712270737,-0.7493759934380428,0.9675068259239197,0.04879121350081545,"Steven Brault",15291,643230
"Alex De Goti","HOU",2,7,0,2,1,0,0.142857142,0.285714285,0,0.5,0.333333333,0.428571428,0.333333333,0.34997531345912386,0.2776738575526646,123.757001092152,0.00414780736900866,0.20775434293902775,0.015364371240139008,0.04641431422383298,"Alex De Goti",19477,621008
"Garrett Richards","BOS",40,5,0,0,1,0,0,0.4,0.2,0.333333333,0.2,0.2,0.4,0.2483293056488037,0.17179999351501465,48.224318151989934,0,-0.31695520487857076,0.604691743850708,0.046025024817642965,"Garrett Richards",9784,572070
"Jake Brentz","KCR",72,1,0,0,0,0,1,0,0,0,0,1,0,0.6917165517807007,0.6917170286178589,349.80032599076276,-0.003422521287575364,0.30241802267883494,0.12093835324048996,0.045886622366707056,"Jake Brentz",17783,641394
"Trevor Richards","- - -",53,1,0,1,0,0,1,0,0,0,0,1,0,0.6917165517807007,0.6917170286178589,340.2844836097012,-0.003422521287575364,0.3024728962049313,0.12093835324048996,0.045822453548163965,"Trevor Richards",19309,670950
"Tyler Nevin","BAL",6,18,1,3,3,0,0.222222222,0.277777777,0.357142857,0.375,0.285714285,0.444444444,0.642857142,0.451985177066591,0.3338260120815701,189.8566237761731,-0.19272933271713555,1.7875418080127194,-1.9642652571201324,0.04409875738968724,"Tyler Nevin",17893,663527
"Ivan Castillo","SDP",3,4,0,0,1,0,0.25,0,0,0.333333333,0.333333333,0.5,0.333333333,0.392692968249321,0.3024292588233948,151.2092040991975,-0.006845042575150728,0.2539235369362491,0.04819132201373577,0.04375369930282888,"Ivan Castillo",15971,622668
"Mario Feliciano","MIL",1,1,0,1,0,0,1,0,0,0,0,1,0,0.6917165517807007,0.6917170286178589,340.2844836097012,0.09559334046207368,0.40148875795458033,0,0.043624168936157295,"Mario Feliciano",20263,666128
"Caleb Smith","ARI",45,25,0,2,0,1,0.04,0.56,0.045454546,0.25,0.09090909,0.166666666,0.136363636,0.1472646196683248,0.1527527372042338,-13.562305128051499,0.16521870088763535,-3.449058448504027,3.02345871925354,0.04144184567302822,"Caleb Smith",14875,592761
"Billy McKinney","- - -",116,300,9,32,27,2,0.106666666,0.263333333,0.166037736,0.234636871,0.19245283,0.28,0.358490566,0.2768714521955324,0.28945746197796507,72.94514900860183,0.7260481913108379,-9.606647638504908,-0.05503442883491516,0.04059972487365282,"Billy McKinney",15654,641856
"Zach Davies","CHC",33,44,0,2,2,0,0,0.181818181,0,0.23076923,0.176470588,0.176470588,0.176470588,0.15512740962645588,0.15849999820484834,-7.301031127298842,-0.382831500377506,-6.3932375895387255,5.321287631988525,0.040559309179161895,"Zach Davies",13183,605200
"Phil Bickford","- - -",57,3,0,0,0,0,0,0.666666666,0,1,0.333333333,0.333333333,0.333333333,0.29301844040552777,0.050000001986821495,83.68394672683944,-0.007468872936442494,-0.06978258357866303,0.3628150522708893,0.03947820020749476,"Phil Bickford",18519,641360
"Cory Abbott","CHC",8,3,0,0,0,0,0,0.333333333,0,0.5,0.333333333,0.333333333,0.333333333,0.29301844040552777,0.1206666628519694,82.31646456619688,-0.003422521287575364,-0.07095887286140219,0.3628150522708893,0.03936024743599549,"Cory Abbott",20277,676265
"Kohl Stewart","CHC",4,3,0,0,0,0,0,0.333333333,0,0.5,0.333333333,0.333333333,0.333333333,0.29301844040552777,0.1899999976158142,82.31646456619688,-0.003440759855948272,-0.0709771114297751,0.3628150522708893,0.03935841855791309,"Kohl Stewart",15502,640464
"Taylor Clarke","ARI",43,3,0,0,0,0,0,0.666666666,0,1,0.333333333,0.333333333,0.333333333,0.29301844040552777,0.050666665037473045,81.16533834830221,-0.003422521287575364,-0.07535521460248724,0.3628150522708893,0.038919402908694035,"Taylor Clarke",17611,664199
"Victor Caratini","SDP",116,356,7,33,39,2,0.098314606,0.230337078,0.095846646,0.280701754,0.22683706,0.308988764,0.322683706,0.27336944947982655,0.29124615584051916,73.65901922465741,-2.2950435928069055,-14.232977860466088,2.6560967564582825,0.036979087188390936,"Victor Caratini",14968,605170
"Lucas Giolito","CHW",31,4,0,0,0,0,0,0.75,0,1,0.25,0.25,0.25,0.2197638303041458,0.10824999958276749,33.960637756838615,0.07033067173324525,-0.2530878729229402,0.48375341296195984,0.036867781872442315,"Lucas Giolito",15474,608337
"Austin Dean","STL",22,38,1,5,7,0,0.157894736,0.289473684,0.166666667,0.3,0.233333333,0.342105263,0.4,0.319903480379205,0.2937535737690173,101.11645880265063,0.508468163665384,0.5624780847553369,-1.474305659532547,0.0364270729912138,"Austin Dean",18288,621573
"Aaron Civale","CLE",21,2,0,0,0,0,0.5,0.5,0,0,0,0.5,0,0.34585827589035034,0.34585851430892944,122.19439516045219,-0.003422521287575364,0.050924452536063015,0.24187670648097992,0.0362295885107365,"Aaron Civale",19479,650644
"Jameson Taillon","NYY",29,2,0,0,0,0,0.5,0,0,0,0,0.5,0,0.34585827589035034,0.36385852098464966,122.14996576448871,-0.003422521287575364,0.050815659158186734,0.24187670648097992,0.03621867922113438,"Jameson Taillon",11674,592791
"Wily Peralta","DET",19,2,0,0,0,0,0.5,0,0,0,0,0.5,0,0.34585827589035034,0.41885852813720703,119.86245736817875,-0.003422521287575364,0.04521428286309701,0.24187670648097992,0.035656999481370355,"Wily Peralta",7738,503449
"Walker Buehler","LAD",34,82,0,5,3,0,0.060975609,0.548780487,0.028985507,0.291666666,0.101449275,0.162162162,0.130434782,0.13969124893884402,0.12706623338673212,-15.965746536943238,-0.20867537194862962,-12.314400940846468,9.91694450378418,0.03550460210124473,"Walker Buehler",19374,621111
"Clarke Schmidt","NYY",2,2,0,0,0,0,0.5,0.5,0,0,0,0.5,0,0.34585827589035034,0.34585851430892944,122.14996576448871,-0.010611012345179915,0.04362716810058218,0.24187670648097992,0.035497851057871926,"Clarke Schmidt",19899,657376
"Reid Detmers","LAA",5,2,0,0,0,0,0.5,0.5,0,0,0,0.5,0,0.34585827589035034,0.34585851430892944,118.27890630991205,-0.003422521287575364,0.04133667289491159,0.24187670648097992,0.03526817094297238,"Reid Detmers",27468,672282
"Patrick Sandoval","LAA",17,4,0,1,0,0,0,0.5,0,0.5,0.25,0.25,0.25,0.2197638303041458,0.03725000098347664,33.06746145727117,0.0564729159232229,-0.27131983479909416,0.48375341296195984,0.03503956625854705,"Patrick Sandoval",19447,663776
"Hoby Milner","MIL",19,2,0,0,0,0,0.5,0.5,0,0,0,0.5,0,0.34585827589035034,0.34585851430892944,115.50588579195598,-0.003422521287575364,0.03605717658277017,0.24187670648097992,0.03459942526133868,"Hoby Milner",13346,571948
"Jorge Soler","- - -",149,602,27,74,70,0,0.111295681,0.235880398,0.209302325,0.25,0.222868217,0.316498316,0.432170542,0.32323137527764445,0.3589667823624249,99.68538774843468,-3.3159230216406286,-3.1621961757733406,-16.955554366111755,0.03335328657486725,"Jorge Soler",14221,624585
"Humberto Mejía","ARI",5,8,0,1,0,0,0,0.25,0.142857143,0.2,0.142857142,0.142857142,0.285714285,0.17737807546343123,0.23914286068507604,6.008891633527959,0.049366578459739685,-0.9078803948753157,0.9675068259239197,0.03289713564198905,"Humberto Mejia",20739,650668
"Riley Adams","- - -",47,120,2,13,10,0,0.125,0.333333333,0.161616161,0.350877192,0.222222222,0.358333333,0.383838383,0.33242616305748623,0.31862790981928507,105.6319533280614,0.1645350509788841,1.1865136983428517,-4.906853348016739,0.032803082272936324,"Riley Adams",19864,656180
"José De León","CIN",9,5,0,0,1,0,0,0.4,0,0.5,0.25,0.25,0.25,0.2197638303041458,0.20674999058246613,28.83452361365845,-0.003422521287575364,-0.456410429271122,0.604691743850708,0.03169275268470975,"Jose De Leon",15463,592254
"Aaron Ashby","MIL",14,4,0,0,0,0,0.25,0.5,0,0,0,0.333333333,0,0.23057218392690024,0.23057234287261963,40.57968651937423,-0.003422521287575364,-0.3060038836233295,0.48375341296195984,0.03128292742610132,"Aaron Ashby",23550,676879
"Drew Rasmussen","- - -",35,4,0,0,0,0,0,0.25,0,0.333333333,0.25,0.25,0.25,0.2197638303041458,0.27125000953674316,41.66548458217768,-0.003422521287575364,-0.3106553650503587,0.48375340551137924,0.031025511775814016,"Drew Rasmussen",25385,656876
"José Urquidy","HOU",20,4,0,0,0,0,0,0.75,0,1,0.25,0.25,0.25,0.2197638303041458,0.10975000262260437,35.76336612703741,-0.0034313079922867473,-0.31802124246666374,0.48375341296195984,0.030356568166037337,"Jose Urquidy",18413,664353
"Cole Irvin","OAK",32,7,0,0,1,0,0,0.285714285,0,0.333333333,0.2,0.2,0.2,0.17581106424331666,0.27519998550415037,9.741995682551712,-0.010770333698019385,-0.7843157612229714,0.8465684652328491,0.030283425319266588,"Cole Irvin",19244,608344
"Monte Harrison","MIA",9,11,0,0,0,0,0,0.272727272,0.1,0.285714285,0.2,0.2,0.3,0.21207018494606017,0.20889999866485595,28.33963942827934,-0.178130246931687,-1.1816338083764486,1.1115286443382502,0.02998253864834795,"Monte Harrison",17216,656509
"Dylan Bundy","LAA",24,4,0,0,0,0,0,0.75,0,1,0.25,0.25,0.25,0.2197638303041458,0.026249999180436134,33.06746145727117,-0.003422521287575364,-0.3312152720098924,0.48375341296195984,0.029033532774400454,"Dylan Bundy",12917,605164
"Zack Littell","SFG",63,4,0,0,0,0,0,0.75,0,1,0.25,0.25,0.25,0.2197638303041458,0.13899999856948853,37.401289566368455,-0.016472326824441552,-0.33523878856055256,0.48375341296195984,0.028351388294984518,"Zack Littell",15823,641793
"Austin Davis","- - -",29,1,0,0,0,0,1,0,0,0,0,1,0,0.6917165517807007,0.6917170286178589,347.8542320350957,-0.1799889283720404,0.12346893482063487,0.12093835324048996,0.027942447256151616,"Austin Davis",17117,656354
"Craig Stammen","SDP",67,7,0,0,0,0,0,0.428571428,0,0.5,0.2,0.2,0.2,0.17581106424331666,0.1697999954223633,10.254328438023125,-0.004636613768525422,-0.8043949868739599,0.8465684652328491,0.02778227581086913,"Craig Stammen",7274,489334
"Corbin Martin","ARI",5,4,0,0,0,0,0,0.75,0,1,0.25,0.25,0.25,0.2197638303041458,0.13625000417232513,33.55604376113258,-0.003733375750016421,-0.34208067855058055,0.48375341296195984,0.027665315660931732,"Corbin Martin",19884,656686
"Brian Miller","MIA",5,11,0,1,0,0,0,0.272727272,0,0.375,0.272727272,0.272727272,0.272727272,0.23974236033179544,0.2293636365370317,46.32421061067979,-0.01078754966147244,-0.76244223554088,0.662912480533123,0.027031978691693607,"Brian Miller",20047,675649
"Adrian Houser","MIL",28,46,2,2,2,0,0.04347826,0.652173913,0.142857143,0.1,0.071428571,0.113636363,0.214285714,0.14262558248910037,0.1531363075429743,-16.578158563656512,-0.01135356118902564,-6.838233522959845,5.563164234161377,0.026920974648450002,"Adrian Houser",12718,605288
"Aaron Hicks","NYY",32,126,4,13,14,0,0.111111111,0.238095238,0.138888889,0.22368421,0.194444444,0.293650793,0.333333333,0.27925146950615776,0.3295836675734747,77.13876655875539,-0.3407941679470241,-3.867524557524893,-0.1814090609550476,0.026730220805578173,"Aaron Hicks",5297,543305
"Jon Duplantier","ARI",4,3,0,0,0,0,0,0.666666666,0,0,0,0.333333333,0,0.2406441569328308,0.24064399798711142,47.12648827193659,-0.003422521287575364,-0.20535522249297988,0.3628150522708893,0.02588361192545604,"Jon Duplantier",19546,641541
"Casey Mize","DET",30,3,0,0,1,0,0.333333333,0.333333333,0,0,0,0.333333333,0,0.23057218392690024,0.24857234954833984,41.955025189462845,-0.003422521287575364,-0.2166228836189007,0.3628150522708893,0.024962757557451636,"Casey Mize",20492,663554
"Justin Bruihl","LAD",21,1,0,0,0,0,1,0,0,0,0,1,0,0.6917165517807007,0.6917170286178589,342.80396401365147,-0.2150424348656088,0.09406042032097056,0.12093835324048996,0.024923828094148642,"Justin Bruihl",23779,677865
"Edward Cabrera","MIA",7,7,0,0,1,0,0,0.428571428,0.142857143,0.25,0.142857142,0.142857142,0.285714285,0.17737807546343123,0.1560000010899135,5.792705413847083,0,-0.8395176206448618,0.8465684652328491,0.024260342850649846,"Edward Cabrera",21690,665795
"Nathan Eovaldi","BOS",32,3,0,1,0,0,0.333333333,0.333333333,0,0,0,0.333333333,0,0.23057218392690024,0.25390567382176715,36.224503320232174,-0.003422521287575364,-0.23767120593888513,0.3628150522708893,0.022852130529318917,"Nathan Eovaldi",9132,543135
"Tony Santillan","CIN",27,8,0,1,0,0,0,0.25,0.142857143,0.2,0.142857142,0.142857142,0.285714285,0.17737807546343123,0.2114285741533552,1.28737148605383,-0.011388654820621014,-1.0167216753282227,0.9675068259239197,0.021983042594185126,"Tony Santillan",19926,663574
"Braxton Garrett","MIA",8,11,0,1,0,0,0,0.363636363,0,0.285714285,0.181818181,0.181818181,0.181818181,0.15982824022119696,0.16218181089921432,-5.613201666232516,-0.013214692007750273,-1.4921805130292025,1.3303219079971313,0.020781933985335052,"Braxton Garrett",21844,666129
"Paolo Espino","WSN",35,33,0,2,0,0,0,0.454545454,0,0.333333333,0.166666666,0.166666666,0.166666666,0.14650922020276388,0.18734621179514918,-14.207482273754882,-0.1129475545603782,-4.910897814271189,3.9909656047821045,0.018790580218572772,"Paolo Espino",8246,502179
"Ross Detwiler","- - -",53,3,0,0,0,0,0,0.666666666,0,1,0.333333333,0.333333333,0.333333333,0.29301844040552777,0.13433333237965903,80.94915212862132,-0.20411174767650664,-0.2768700919814278,0.3628150522708893,0.01871243627729571,"Ross Detwiler",2859,446321
"Lance Lynn","CHW",28,5,0,0,2,0,0,0.6,0,0.5,0.2,0.2,0.2,0.17581106424331666,0.20260000228881836,4.2584674201372525,-0.003422521287575364,-0.5895234858933183,0.604691743850708,0.018693156169128984,"Lance Lynn",2520,458681
"Edwin Uceta","LAD",14,5,0,1,0,0,0,0.4,0,0.333333333,0.2,0.2,0.2,0.17581106424331666,0.09199999570846558,7.509075387368045,-0.003422521287575364,-0.5921527957859727,0.604691743850708,0.018081144915052944,"Edwin Uceta",20539,670955
"Ali Sánchez","STL",2,4,0,0,0,0,0,0,0.5,0.5,0.5,0.5,1,0.6208232641220093,0.5026071071624756,296.68884136657437,-0.8951588869094849,0.10642414237466702,-0.07090017199516296,0.017021215529690333,"Ali Sanchez",18551,645305
"Erick Castillo","CHC",4,9,0,0,0,0,0.111111111,0.111111111,0,0.285714285,0.25,0.333333333,0.25,0.2722030215793186,0.1929685672124227,68.78820463169191,-0.09128744225017726,-0.4488964949990347,0.3166402131319046,0.01702079688434947,"Erick Castillo",12990,602080
"Javy Guerra","SDP",5,0,0,1,0,0,0,0,0,0,0,0,0,0,,,0.14421190321445465,0.14421190321445465,0,0.014460893180730825,"Javy Guerra",17292,642770
"Kwang Hyun Kim","STL",27,29,0,0,2,0,0,0.310344827,0.038461538,0.176470588,0.115384615,0.148148148,0.153846153,0.13784035709169176,0.14344192434240272,-17.209157265188875,-0.010267563862726092,-4.337465738093215,3.5072121620178223,0.014324094493053663,"Kwang Hyun Kim",27458,547942
"Alex Vesia","LAD",41,4,0,0,0,0,0.25,0.75,0,0,0,0.25,0,0.17292913794517517,0.17292925715446472,5.636067287033606,-0.003422521287575364,-0.4839445118852612,0.48375341296195984,0.0134398759133465,"Alex Vesia",25007,681911
"Jesús Luzardo","- - -",25,20,0,1,0,0,0.2,0.3,0,0,0,0.210526315,0,0.14562453721698962,0.196414105986294,-14.107105830450706,-0.05451463256031275,-2.9611652512484414,2.418767027556896,0.012975713789570242,"Jesus Luzardo",19959,666200
"Tejay Antone","CIN",23,5,0,1,0,0,0.2,0.6,0,0,0,0.25,0,0.17292913794517517,0.17292925715446472,-1.6040612389777416,-0.003422521287575364,-0.6501604268053431,0.604691743850708,0.012264411780403585,"Tejay Antone",16233,622088
"Seth Frankoff","ARI",4,4,0,0,0,0,0.25,0.5,0,0,0,0.25,0,0.17292913794517517,0.226679265499115,3.117458908496387,-0.003422521287575364,-0.49676982211551635,0.48375341296195984,0.012153813964814748,"Seth Frankoff",11346,571676
"Chadwick Tromp","SFG",9,18,1,1,2,0,0,0.222222222,0.166666666,0.23076923,0.222222222,0.222222222,0.388888888,0.25798247589005363,0.20745298597547743,62.240173479666204,-0.17690593819133937,-1.0421721386489216,0.547134643420577,0.010925634991884807,"Chadwick Tromp",16953,644433
"Brian O'Grady","SDP",32,61,2,8,9,0,0.13114754,0.278688524,0.176470588,0.181818181,0.156862745,0.266666666,0.333333333,0.26514791945616406,0.29438279469807943,68.31572077133012,0.001701780827715993,-2.458784290920119,0.5121731460094452,0.010053301470243962,"Brian O'Grady",16729,657434
"Zach Thompson","MIA",27,18,0,0,0,0,0,0.5,0.066666667,0.333333333,0.133333333,0.133333333,0.2,0.14138012329737346,0.06260000069936117,-17.602915787832803,-0.002600219624582678,-2.697470336458254,2.1768903732299805,0.008364356116243477,"Zach Thompson",16094,605507
"Keegan Thompson","CHC",32,8,0,0,0,0,0,0.375,0,0.333333333,0.166666666,0.166666666,0.166666666,0.14650922020276388,0.17566667000452676,-12.902124608142332,-0.0034797953558154404,-1.1533249130754133,0.9675068259239197,0.008285110695550407,"Keegan Thompson",19795,624522
"John Andreoli","SDP",7,7,0,2,0,0,0.142857142,0.428571428,0.166666667,0.333333333,0.166666666,0.285714285,0.333333333,0.27619472571781706,0.33953101294381277,75.49520958207606,0.05853944248519838,-0.15983221797303895,-0.0003600865602493286,0.007489984366057062,"John Andreoli",13012,607430
"Jon Jay","LAA",5,14,0,2,1,0,0,0.142857142,0,0.416666666,0.357142857,0.357142857,0.357142857,0.31394832900592257,0.18671427454267228,96.71496932163124,0.16820699605159461,0.11189907123655166,-0.5247517228126526,0.006683105077912938,"Jon Jay",5227,445055
"Jack Kruger","LAA",1,0,0,0,0,0,0,0,0,0,0,0,0,0,,,0,0,0.02606832142919302,0.002614008990838504,"Jack Kruger",19634,667674
"Chi Chi González","COL",24,34,0,3,1,0,0.029411764,0.470588235,0.032258065,0.333333333,0.161290322,0.1875,0.193548387,0.17029951140284538,0.1608823835849762,-12.826600488908232,-0.343385272892192,-5.226958046462362,4.111904144287109,0.0025894517630596914,"Chi Chi Gonzalez",14663,592346
"Vince Velasquez","- - -",26,30,0,0,3,0,0.066666666,0.3,0,0.142857142,0.086956521,0.16,0.086956521,0.1256617498397827,0.23635958433151244,-18.856690321974977,-0.07494661677628756,-4.6142805381718945,3.6281506717205048,0.0020583108876687795,"Vince Velasquez",11189,592826
"Brian Goodwin","CHW",72,271,8,33,29,1,0.121771217,0.21402214,0.15319149,0.258823529,0.221276595,0.318518518,0.374468085,0.3059036921571802,0.32565807766384547,92.17178301212965,0.8054408349562436,-1.791931453770625,-7.476372599601746,0.0013487147511824782,"Brian Goodwin",12858,571718
"Taylor Trammell","SEA",51,178,8,23,18,2,0.095505617,0.421348314,0.198717948,0.232876712,0.16025641,0.255681818,0.358974358,0.26965458250858565,0.23578955910422586,72.81174205089974,-0.3163806716911495,-6.241586489760303,0.1554414213169366,0.0010386187112098497,"Taylor Trammell",19960,666211
"Neftalí Feliz","- - -",5,0,0,0,0,0,0,0,0,0,0,0,0,0,,,0,0,0,0,"Neftali Feliz",18,491703
"Matt Bush","TEX",4,0,0,0,0,0,0,0,0,0,0,0,0,0,,,0,0,0,0,"Matt Bush",1246,456713
"Adam Ottavino","BOS",69,0,0,0,0,0,0,0,0,0,0,0,0,0,,,0,0,0,0,"Adam Ottavino",1247,493603
"Oliver Pérez","CLE",5,0,0,0,0,0,0,0,0,0,0,0,0,0,,,0,0,0,0,"Oliver Perez",1514,424144
"Sean Doolittle","- - -",56,0,0,0,0,0,0,0,0,0,0,0,0,0,,,0,0,0,0,"Sean Doolittle",1581,448281
"Luis Avilán","WSN",4,0,0,0,0,0,0,0,0,0,0,0,0,0,,,0,0,0,0,"Luis Avilan",2882,501593
"Will Harris","WSN",8,0,0,0,0,0,0,0,0,0,0,0,0,0,,,0,0,0,0,"Will Harris",3192,501789
"Ervin Santana","KCR",38,0,0,0,0,0,0,0,0,0,0,0,0,0,,,0,0,0,0,"Ervin Santana",3200,429722
"T.J. McFarland","STL",38,0,0,0,0,0,0,0,0,0,0,0,0,0,,,0,0,0,0,"T.J. McFarland",3237,519008
"Zack Britton","NYY",22,0,0,0,0,0,0,0,0,0,0,0,0,0,,,0,0,0,0,"Zack Britton",3240,502154
"Joe Smith","- - -",50,0,0,0,0,0,0,0,0,0,0,0,0,0,,,0,0,0,0,"Joe Smith",3281,501925
"Darren O'Day","NYY",12,0,0,0,0,0,0,0,0,0,0,0,0,0,,,0,0,0,0,"Darren O'Day",3321,503285
"Danny Duffy","KCR",13,0,0,0,0,0,0,0,0,0,0,0,0,0,,,0,0,0,0,"Danny Duffy",3542,518633
"Liam Hendriks","CHW",69,0,0,0,0,0,0,0,0,0,0,0,0,0,,,0,0,0,0,"Liam Hendriks",3548,521230
"Yusmeiro Petit","OAK",78,0,0,0,0,0,0,0,0,0,0,0,0,0,,,0,0,0,0,"Yusmeiro Petit",4020,433589
"Héctor Santiago","SEA",13,0,0,0,0,0,0,0,0,0,0,0,0,0,,,0,0,0,0,"Hector Santiago",4026,502327
"Pedro Strop","CHC",2,0,0,0,0,0,0,0,0,0,0,0,0,0,,,0,0,0,0,"Pedro Strop",4070,467008
"Derek Holland","DET",39,0,0,0,0,0,0,0,0,0,0,0,0,0,,,0,0,0,0,"Derek Holland",4141,502706
"Rafael Dolis","TOR",39,0,0,0,0,0,0,0,0,0,0,0,0,0,,,0,0,0,0,"Rafael Dolis",4185,503569
"Justin Wilson","- - -",42,0,0,0,0,0,0,0,0,0,0,0,0,0,,,0,0,0,0,"Justin Wilson",4301,458677
"Matt Shoemaker","MIN",16,0,0,0,0,0,0,0,0,0,0,0,0,0,,,0,0,0,0,"Matt Shoemaker",4776,533167
"Fernando Abad","BAL",16,0,0,0,0,0,0,0,0,0,0,0,0,0,,,0,0,0,0,"Fernando Abad",4994,472551
"Anthony Gose","CLE",6,0,0,0,0,0,0,0,0,0,0,0,0,0,,,0,0,0,0,"Anthony Gose",5097,543238
"Jeurys Familia","NYM",65,0,0,0,0,0,0,0,0,0,0,0,0,0,,,0,0,0,0,"Jeurys Familia",5114,544727
"Blake Parker","CLE",47,0,0,0,0,0,0,0,0,0,0,0,0,0,,,0,0,0,0,"Blake Parker",5224,453284
"Brad Peacock","BOS",2,0,0,0,0,0,0,0,0,0,0,0,0,0,,,0,0,0,0,"Brad Peacock",5401,502748
"Pedro Báez","HOU",4,0,0,0,0,0,0,0,0,0,0,0,0,0,,,0,0,0,0,"Pedro Baez",5420,520980
"Ryan Brasier","BOS",13,0,0,0,0,0,0,0,0,0,0,0,0,0,,,0,0,0,0,"Ryan Brasier",5615,518489
"Tyler Clippard","ARI",26,0,0,0,0,0,0,0,0,0,0,0,0,0,,,0,0,0,0,"Tyler Clippard",5640,461325
"Dellin Betances","NYM",1,0,0,0,0,0,0,0,0,0,0,0,0,0,,,0,0,0,0,"Dellin Betances",6216,476454
"David Phelps","TOR",12,0,0,0,0,0,0,0,0,0,0,0,0,0,,,0,0,0,0,"David Phelps",6316,475479
"Chris Archer","TBR",6,0,0,0,0,0,0,0,0,0,0,0,0,0,,,0,0,0,0,"Chris Archer",6345,502042
"Trevor May","NYM",68,0,0,0,0,0,0,0,0,0,0,0,0,0,,,0,0,0,0,"Trevor May",6398,543507
"Steve Cishek","LAA",74,0,0,0,0,0,0,0,0,0,0,0,0,0,,,0,0,0,0,"Steve Cishek",6483,518553
"Blaine Hardy","MIL",1,0,0,0,0,0,0,0,0,0,0,0,0,0,,,0,0,0,0,"Blaine Hardy",6499,543278
"Brad Brach","CIN",35,0,0,0,0,0,0,0,0,0,0,0,0,0,,,0,0,0,0,"Brad Brach",6627,542960
"Alex Colomé","MIN",67,0,0,0,0,0,0,0,0,0,0,0,0,0,,,0,0,0,0,"Alex Colome",6661,517008
"Andrew Miller","STL",40,0,0,0,0,0,0,0,0,0,0,0,0,0,,,0,0,0,0,"Andrew Miller",6785,453192
"Julio Teheran","DET",1,0,0,0,0,0,0,0,0,0,0,0,0,0,,,0,0,0,0,"Julio Teheran",6797,527054
"Joakim Soria","- - -",41,0,0,0,0,0,0,0,0,0,0,0,0,0,,,0,0,0,0,"Joakim Soria",6941,465657
"Brandon Dickson","STL",2,0,0,0,0,0,0,0,0,0,0,0,0,0,,,0,0,0,0,"Brandon Dickson",6979,505447
"Luis García","STL",34,0,0,0,0,0,0,0,0,0,0,0,0,0,,,0,0,0,0,"Luis Garcia",6984,472610
"Ian Kennedy","- - -",55,0,0,0,0,0,0,0,0,0,0,0,0,0,,,0,0,0,0,"Ian Kennedy",6986,453178
"Ryan Pressly","HOU",64,0,0,0,0,0,0,0,0,0,0,0,0,0,,,0,0,0,0,"Ryan Pressly",7005,519151
"Daniel Hudson","- - -",54,0,0,0,0,0,0,0,0,0,0,0,0,0,,,0,0,0,0,"Daniel Hudson",7146,543339
"Greg Holland","KCR",57,0,0,0,0,0,0,0,0,0,0,0,0,0,,,0,0,0,0,"Greg Holland",7196,518813
"Preston Guilmet","MIA",2,0,0,0,0,0,0,0,0,0,0,0,0,0,,,0,0,0,0,"Preston Guilmet",7303,543258
"Wade Davis","KCR",40,0,0,0,0,0,0,0,0,0,0,0,0,0,,,0,0,0,0,"Wade Davis",7441,451584
"Anthony Swarzak","- - -",13,0,0,0,0,0,0,0,0,0,0,0,0,0,,,0,0,0,0,"Anthony Swarzak",7466,461872
"Collin McHugh","TBR",37,0,0,0,0,0,0,0,0,0,0,0,0,0,,,0,0,0,0,"Collin McHugh",7531,543521
"Jake McGee","SFG",62,0,0,0,0,0,0,0,0,0,0,0,0,0,,,0,0,0,0,"Jake McGee",7550,459429
"Nick Vincent","MIN",7,0,0,0,0,0,0,0,0,0,0,0,0,0,,,0,0,0,0,"Nick Vincent",7555,543883
"Tommy Milone","TOR",6,0,0,0,0,0,0,0,0,0,0,0,0,0,,,0,0,0,0,"Tommy Milone",7608,543548
"Mike Fiers","OAK",2,0,0,0,0,0,0,0,0,0,0,0,0,0,,,0,0,0,0,"Mike Fiers",7754,571666
"Andrew Albers","MIN",5,0,0,0,0,0,0,0,0,0,0,0,0,0,,,0,0,0,0,"Andrew Albers",7853,452027
"Anthony Bass","MIA",70,0,0,0,0,0,0,0,0,0,0,0,0,0,,,0,0,0,0,"Anthony Bass",7982,542914
"Will Smith","ATL",71,0,0,0,0,0,0,0,0,0,0,0,0,0,,,0,0,0,0,"Will Smith",8048,519293
"Bryan Shaw","CLE",81,0,0,0,0,0,0,0,0,0,0,0,0,0,,,0,0,0,0,"Bryan Shaw",8110,543766
"David Robertson","TBR",12,0,0,0,0,0,0,0,0,0,0,0,0,0,,,0,0,0,0,"David Robertson",8241,502085
"Lucas Luetge","NYY",57,0,0,0,0,0,0,0,0,0,0,0,0,0,,,0,0,0,0,"Lucas Luetge",8337,476595
"AJ Ramos","LAA",4,0,0,0,0,0,0,0,0,0,0,0,0,0,,,0,0,0,0,"AJ Ramos",8350,573109
"Deolis Guerra","OAK",53,0,0,0,0,0,0,0,0,0,0,0,0,0,,,0,0,0,0,"Deolis Guerra",8410,500610
"Justin Miller","- - -",23,0,0,0,0,0,0,0,0,0,0,0,0,0,,,0,0,0,0,"Justin Miller",8580,502522
"Tanner Roark","TOR",3,0,0,0,0,0,0,0,0,0,0,0,0,0,,,0,0,0,0,"Tanner Roark",8753,543699
"César Valdez","BAL",39,0,0,0,0,0,0,0,0,0,0,0,0,0,,,0,0,0,0,"Cesar Valdez",9013,491624
"John Axford","MIL",1,0,0,0,0,0,0,0,0,0,0,0,0,0,,,0,0,0,0,"John Axford",9059,446099
"Brad Hand","- - -",68,0,0,0,0,0,0,0,0,0,0,0,0,0,,,0,0,0,0,"Brad Hand",9111,543272
"Kyle Lobstein","WSN",3,0,0,0,0,0,0,0,0,0,0,0,0,0,,,0,0,0,0,"Kyle Lobstein",9178,543456
"Zac Rosscup","COL",4,0,0,0,0,0,0,0,0,0,0,0,0,0,,,0,0,0,0,"Zac Rosscup",9419,573127
"Ryan Buchter","ARI",18,0,0,0,0,0,0,0,0,0,0,0,0,0,,,0,0,0,0,"Ryan Buchter",9456,488748
"David Hale","PHI",17,0,0,0,0,0,0,0,0,0,0,0,0,0,,,0,0,0,0,"David Hale",9756,571735
"Sergio Romo","OAK",66,0,0,0,0,0,0,0,0,0,0,0,0,0,,,0,0,0,0,"Sergio Romo",9817,489265
"Chaz Roe","TBR",1,0,0,0,0,0,0,0,0,0,0,0,0,0,,,0,0,0,0,"Chaz Roe",9866,475054
"Brandon Kintzler","PHI",29,0,0,0,0,0,0,0,0,0,0,0,0,0,,,0,0,0,0,"Brandon Kintzler",9939,445213
"Tyler Matzek","ATL",69,0,0,0,0,0,0,0,0,0,0,0,0,0,,,0,0,0,0,"Tyler Matzek",10058,554431
"Brooks Raley","HOU",58,0,0,0,0,0,0,0,0,0,0,0,0,0,,,0,0,0,0,"Brooks Raley",10061,548384
"Ian Krol","DET",18,0,0,0,0,0,0,0,0,0,0,0,0,0,,,0,0,0,0,"Ian Krol",10066,571871
"Caleb Thielbar","MIN",59,0,0,0,0,0,0,0,0,0,0,0,0,0,,,0,0,0,0,"Caleb Thielbar",10078,573204
"Brad Boxberger","MIL",71,0,0,0,0,0,0,0,0,0,0,0,0,0,,,0,0,0,0,"Brad Boxberger",10133,502202
"Manny Barreda","BAL",3,0,0,0,0,0,0,0,0,0,0,0,0,0,,,0,0,0,0,"Manny Barreda",10148,518435
"Ryan Weber","- - -",4,0,0,0,0,0,0,0,0,0,0,0,0,0,,,0,0,0,0,"Ryan Weber",10160,543901
"Aaron Northcraft","SDP",5,0,0,0,0,0,0,0,0,0,0,0,0,0,,,0,0,0,0,"Aaron Northcraft",10218,573062
"Aroldis Chapman","NYY",61,0,0,0,0,0,0,0,0,0,0,0,0,0,,,0,0,0,0,"Aroldis Chapman",10233,547973
"Ryan Tepera","- - -",65,0,0,0,0,0,0,0,0,0,0,0,0,0,,,0,0,0,0,"Ryan Tepera",10291,572193
"Erasmo Ramírez","DET",17,0,0,0,0,0,0,0,0,0,0,0,0,0,,,0,0,0,0,"Erasmo Ramirez",10314,541640
"Juan Minaya","MIN",29,0,0,0,0,0,0,0,0,0,0,0,0,0,,,0,0,0,0,"Juan Minaya",10341,573668
"Aaron Loup","NYM",65,0,0,0,0,0,0,0,0,0,0,0,0,0,,,0,0,0,0,"Aaron Loup",10343,571901
"Mychal Givens","- - -",54,0,0,0,0,0,0,0,0,0,0,0,0,0,,,0,0,0,0,"Mychal Givens",10430,571710
"Jake Petricka","LAA",7,0,0,0,0,0,0,0,0,0,0,0,0,0,,,0,0,0,0,"Jake Petricka",10534,502593
"Scott Alexander","LAD",18,0,0,0,0,0,0,0,0,0,0,0,0,0,,,0,0,0,0,"Scott Alexander",10591,518397
"Andrew Bellatti","MIA",3,0,0,0,0,0,0,0,0,0,0,0,0,0,,,0,0,0,0,"Andrew Bellatti",10657,571479
"Shane Greene","- - -",28,0,0,0,0,0,0,0,0,0,0,0,0,0,,,0,0,0,0,"Shane Greene",10756,572888
"Asher Wojciechowski","NYY",1,0,0,0,0,0,0,0,0,0,0,0,0,0,,,0,0,0,0,"Asher Wojciechowski",10836,592879
"Adam Kolarek","OAK",12,0,0,0,0,0,0,0,0,0,0,0,0,0,,,0,0,0,0,"Adam Kolarek",10843,592473
"Chasen Shreve","PIT",57,0,0,0,0,0,0,0,0,0,0,0,0,0,,,0,0,0,0,"Chasen Shreve",10855,592741
"Ben Rowen","LAA",8,0,0,0,0,0,0,0,0,0,0,0,0,0,,,0,0,0,0,"Ben Rowen",10983,594985
"Mickey Jannis","BAL",1,0,0,0,0,0,0,0,0,0,0,0,0,0,,,0,0,0,0,"Mickey Jannis",11071,595263
"Grant Dayton","ATL",13,0,0,0,0,0,0,0,0,0,0,0,0,0,,,0,0,0,0,"Grant Dayton",11203,594795
"Casey Sadler","SEA",42,0,0,0,0,0,0,0,0,0,0,0,0,0,,,0,0,0,0,"Casey Sadler",11209,594987
"Drew Pomeranz","SDP",27,0,0,0,0,0,0,0,0,0,0,0,0,0,,,0,0,0,0,"Drew Pomeranz",11426,519141
"Brandon Workman","- - -",29,0,0,0,0,0,0,0,0,0,0,0,0,0,,,0,0,0,0,"Brandon Workman",11428,519443
"Jesse Biddle","ATL",8,0,0,0,0,0,0,0,0,0,0,0,0,0,,,0,0,0,0,"Jesse Biddle",11437,592145
"A.J. Cole","TOR",6,0,0,0,0,0,0,0,0,0,0,0,0,0,,,0,0,0,0,"A.J. Cole",11467,595918
"Bryan Mitchell","MIA",2,0,0,0,0,0,0,0,0,0,0,0,0,0,,,0,0,0,0,"Bryan Mitchell",11479,571951
"Joely Rodríguez","- - -",52,0,0,0,0,0,0,0,0,0,0,0,0,0,,,0,0,0,0,"Joely Rodriguez",11487,570257
"Josh Osich","CIN",17,0,0,0,0,0,0,0,0,0,0,0,0,0,,,0,0,0,0,"Josh Osich",11528,592612
"Mike Kickham","LAD",1,0,0,0,0,0,0,0,0,0,0,0,0,0,,,0,0,0,0,"Mike Kickham",11618,592464
"Luke Jackson","ATL",71,0,0,0,0,0,0,0,0,0,0,0,0,0,,,0,0,0,0,"Luke Jackson",11752,592426
"Noah Syndergaard","NYM",2,0,0,0,0,0,0,0,0,0,0,0,0,0,,,0,0,0,0,"Noah Syndergaard",11762,592789
"Hansel Robles","- - -",72,0,0,0,0,0,0,0,0,0,0,0,0,0,,,0,0,0,0,"Hansel Robles",11801,570663
"Alberto Baldonado","WSN",14,0,0,0,0,0,0,0,0,0,0,0,0,0,,,0,0,0,0,"Alberto Baldonado",11812,593604
"James Paxton","SEA",1,0,0,0,0,0,0,0,0,0,0,0,0,0,,,0,0,0,0,"James Paxton",11828,572020
"Chris Martin","ATL",46,0,0,0,0,0,0,0,0,0,0,0,0,0,,,0,0,0,0,"Chris Martin",11847,455119
"Jason Adam","CHC",12,0,0,0,0,0,0,0,0,0,0,0,0,0,,,0,0,0,0,"Jason Adam",11861,592094
"Michael Feliz","- - -",21,0,0,0,0,0,0,0,0,0,0,0,0,0,,,0,0,0,0,"Michael Feliz",11903,593140
"Matt Andriese","- - -",34,0,0,0,0,0,0,0,0,0,0,0,0,0,,,0,0,0,0,"Matt Andriese",12022,542882
"Yimi García","- - -",62,0,0,0,0,0,0,0,0,0,0,0,0,0,,,0,0,0,0,"Yimi Garcia",12095,554340
"Domingo Tapia","- - -",34,0,0,0,0,0,0,0,0,0,0,0,0,0,,,0,0,0,0,"Domingo Tapia",12178,593619
"Ryan Sherriff","TBR",16,0,0,0,0,0,0,0,0,0,0,0,0,0,,,0,0,0,0,"Ryan Sherriff",12249,595411
"Evan Marshall","CHW",27,0,0,0,0,0,0,0,0,0,0,0,0,0,,,0,0,0,0,"Evan Marshall",12297,605359
"Jacob Barnes","- - -",29,0,0,0,0,0,0,0,0,0,0,0,0,0,,,0,0,0,0,"Jacob Barnes",12323,606930
"Kevin Quackenbush","LAD",1,0,0,0,0,0,0,0,0,0,0,0,0,0,,,0,0,0,0,"Kevin Quackenbush",12360,534812
"Spencer Patton","TEX",42,0,0,0,0,0,0,0,0,0,0,0,0,0,,,0,0,0,0,"Spencer Patton",12361,607359
"Blake Treinen","LAD",72,0,0,0,0,0,0,0,0,0,0,0,0,0,,,0,0,0,0,"Blake Treinen",12572,595014
"DJ Johnson","- - -",4,0,0,0,0,0,0,0,0,0,0,0,0,0,,,0,0,0,0,"DJ Johnson",12578,597113
"Adam Morgan","CHC",34,0,0,0,0,0,0,0,0,0,0,0,0,0,,,0,0,0,0,"Adam Morgan",12580,605388
"Rafael Montero","- - -",44,0,0,0,0,0,0,0,0,0,0,0,0,0,,,0,0,0,0,"Rafael Montero",12760,606160
"Chris Devenski","ARI",8,0,0,0,0,0,0,0,0,0,0,0,0,0,,,0,0,0,0,"Chris Devenski",12763,606965
"Burch Smith","OAK",31,0,0,0,0,0,0,0,0,0,0,0,0,0,,,0,0,0,0,"Burch Smith",12784,572143
"Noé Ramirez","- - -",38,0,0,0,0,0,0,0,0,0,0,0,0,0,,,0,0,0,0,"Noe Ramirez",12800,598287
"Andrew Kittredge","TBR",57,0,0,0,0,0,0,0,0,0,0,0,0,0,,,0,0,0,0,"Andrew Kittredge",12828,552640
"Shawn Armstrong","- - -",31,0,0,0,0,0,0,0,0,0,0,0,0,0,,,0,0,0,0,"Shawn Armstrong",12857,542888
"Matt Barnes","BOS",60,0,0,0,0,0,0,0,0,0,0,0,0,0,,,0,0,0,0,"Matt Barnes",12863,598264
"Alex Claudio","LAA",41,0,0,0,0,0,0,0,0,0,0,0,0,0,,,0,0,0,0,"Alex Claudio",12890,592222
"Andrew Chafin","- - -",71,0,0,0,0,0,0,0,0,0,0,0,0,0,,,0,0,0,0,"Andrew Chafin",12988,605177
"Colten Brewer","BOS",1,0,0,0,0,0,0,0,0,0,0,0,0,0,,,0,0,0,0,"Colten Brewer",12997,605155
"Reymin Guduan","OAK",11,0,0,0,0,0,0,0,0,0,0,0,0,0,,,0,0,0,0,"Reymin Guduan",13058,594056
"Gerrit Cole","NYY",30,0,0,0,0,0,0,0,0,0,0,0,0,0,,,0,0,0,0,"Gerrit Cole",13125,543037
"Derek Law","MIN",9,0,0,0,0,0,0,0,0,0,0,0,0,0,,,0,0,0,0,"Derek Law",13133,571882
"Kyle Crick","PIT",27,0,0,0,0,0,0,0,0,0,0,0,0,0,,,0,0,0,0,"Kyle Crick",13182,605195
"Jordan Weems","- - -",7,0,0,0,0,0,0,0,0,0,0,0,0,0,,,0,0,0,0,"Jordan Weems",13190,607179
"Joe Biagini","CHC",1,0,0,0,0,0,0,0,0,0,0,0,0,0,,,0,0,0,0,"Joe Biagini",13194,607352
"Michael Fulmer","DET",52,0,0,0,0,0,0,0,0,0,0,0,0,0,,,0,0,0,0,"Michael Fulmer",13218,605242
"Louis Head","TBR",27,0,0,0,0,0,0,0,0,0,0,0,0,0,,,0,0,0,0,"Louis Head",13259,545343
"Jesse Hahn","KCR",5,0,0,0,0,0,0,0,0,0,0,0,0,0,,,0,0,0,0,"Jesse Hahn",13287,534910
"Luis Cessa","- - -",53,0,0,0,0,0,0,0,0,0,0,0,0,0,,,0,0,0,0,"Luis Cessa",13345,570666
"Cam Bedrosian","- - -",26,0,0,0,0,0,0,0,0,0,0,0,0,0,,,0,0,0,0,"Cam Bedrosian",13360,592135
"Dylan Floro","MIA",68,0,0,0,0,0,0,0,0,0,0,0,0,0,,,0,0,0,0,"Dylan Floro",13394,571670
"Félix Peña","LAA",2,0,0,0,0,0,0,0,0,0,0,0,0,0,,,0,0,0,0,"Felix Pena",13403,570240
"Pierce Johnson","SDP",63,0,0,0,0,0,0,0,0,0,0,0,0,0,,,0,0,0,0,"Pierce Johnson",13435,572955
"Taylor Rogers","MIN",40,0,0,0,0,0,0,0,0,0,0,0,0,0,,,0,0,0,0,"Taylor Rogers",13449,573124
"Brandon Brennan","BOS",1,0,0,0,0,0,0,0,0,0,0,0,0,0,,,0,0,0,0,"Brandon Brennan",13527,592165
"Richard Rodríguez","- - -",64,0,0,0,0,0,0,0,0,0,0,0,0,0,,,0,0,0,0,"Richard Rodriguez",13549,593144
"Robert Stephenson","COL",49,0,0,0,0,0,0,0,0,0,0,0,0,0,,,0,0,0,0,"Robert Stephenson",13594,596112
"Carl Edwards Jr.","- - -",7,0,0,0,0,0,0,0,0,0,0,0,0,0,,,0,0,0,0,"Carl Edwards Jr.",13607,605218
"Jharel Cotton","TEX",23,0,0,0,0,0,0,0,0,0,0,0,0,0,,,0,0,0,0,"Jharel Cotton",13654,605194
"Joey Krehbiel","- - -",6,0,0,0,0,0,0,0,0,0,0,0,0,0,,,0,0,0,0,"Joey Krehbiel",13707,607216
"Kyle Barraclough","MIN",10,0,0,0,0,0,0,0,0,0,0,0,0,0,,,0,0,0,0,"Kyle Barraclough",13713,607457
"Tyler Duffey","MIN",64,0,0,0,0,0,0,0,0,0,0,0,0,0,,,0,0,0,0,"Tyler Duffey",13758,608648
"Dominic Leone","SFG",57,0,0,0,0,0,0,0,0,0,0,0,0,0,,,0,0,0,0,"Dominic Leone",13763,608678
"JT Chargois","- - -",56,0,0,0,0,0,0,0,0,0,0,0,0,0,,,0,0,0,0,"JT Chargois",13767,608638
"Matt Strahm","SDP",6,0,0,0,0,0,0,0,0,0,0,0,0,0,,,0,0,0,0,"Matt Strahm",13799,621381
"Austin Adams","SDP",65,0,0,0,0,0,0,0,0,0,0,0,0,0,,,0,0,0,0,"Austin Adams",13801,613534
"Paul Sewald","SEA",62,0,0,0,0,0,0,0,0,0,0,0,0,0,,,0,0,0,0,"Paul Sewald",13892,623149
"Dietrich Enns","TBR",9,0,0,0,0,0,0,0,0,0,0,0,0,0,,,0,0,0,0,"Dietrich Enns",13932,608650
"Chris Mazza","TBR",14,0,0,0,0,0,0,0,0,0,0,0,0,0,,,0,0,0,0,"Chris Mazza",14151,607391
"Kyle Zimmer","KCR",52,0,0,0,0,0,0,0,0,0,0,0,0,0,,,0,0,0,0,"Kyle Zimmer",14169,622092
"Josh Hader","MIL",60,0,0,0,0,0,0,0,0,0,0,0,0,0,,,0,0,0,0,"Josh Hader",14212,623352
"Wandy Peralta","- - -",56,0,0,0,0,0,0,0,0,0,0,0,0,0,,,0,0,0,0,"Wandy Peralta",14295,593974
"Joel Payamps","- - -",37,0,0,0,0,0,0,0,0,0,0,0,0,0,,,0,0,0,0,"Joel Payamps",14332,606303
"Amir Garrett","CIN",63,0,0,0,0,0,0,0,0,0,0,0,0,0,,,0,0,0,0,"Amir Garrett",14375,607237
"Adam Conley","TBR",17,0,0,0,0,0,0,0,0,0,0,0,0,0,,,0,0,0,0,"Adam Conley",14457,543045
"J.B. Wendelken","- - -",46,0,0,0,0,0,0,0,0,0,0,0,0,0,,,0,0,0,0,"J.B. Wendelken",14506,605525
"Carlos Estévez","COL",64,0,0,0,0,0,0,0,0,0,0,0,0,0,,,0,0,0,0,"Carlos Estevez",14542,608032
"James Hoyt","LAA",9,0,0,0,0,0,0,0,0,0,0,0,0,0,,,0,0,0,0,"James Hoyt",14605,624586
"Rowan Wick","CHC",22,0,0,0,0,0,0,0,0,0,0,0,0,0,,,0,0,0,0,"Rowan Wick",14646,592858
"Konner Wade","BAL",7,0,0,0,0,0,0,0,0,0,0,0,0,0,,,0,0,0,0,"Konner Wade",14655,592831
"Dillon Maples","CHC",28,0,0,0,0,0,0,0,0,0,0,0,0,0,,,0,0,0,0,"Dillon Maples",14672,596027
"Andrés Machado","WSN",40,0,0,0,0,0,0,0,0,0,0,0,0,0,,,0,0,0,0,"Andres Machado",14681,600921
"Keone Kela","SDP",12,0,0,0,0,0,0,0,0,0,0,0,0,0,,,0,0,0,0,"Keone Kela",14696,605309
"Brady Lail","SEA",2,0,0,0,0,0,0,0,0,0,0,0,0,0,,,0,0,0,0,"Brady Lail",14707,621078
"Edwin Díaz","NYM",63,0,0,0,0,0,0,0,0,0,0,0,0,0,,,0,0,0,0,"Edwin Diaz",14710,621242
"Paul Blackburn","OAK",9,0,0,0,0,0,0,0,0,0,0,0,0,0,,,0,0,0,0,"Paul Blackburn",14739,621112
"Buck Farmer","DET",36,0,0,0,0,0,0,0,0,0,0,0,0,0,,,0,0,0,0,"Buck Farmer",14814,571656
"Joe Mantiply","ARI",57,0,0,0,0,0,0,0,0,0,0,0,0,0,,,0,0,0,0,"Joe Mantiply",14857,573009
"Sam Moll","OAK",8,0,0,0,0,0,0,0,0,0,0,0,0,0,,,0,0,0,0,"Sam Moll",14874,594580
"Taylor Williams","- - -",11,0,0,0,0,0,0,0,0,0,0,0,0,0,,,0,0,0,0,"Taylor Williams",14899,592865
"Reyes Moronta","SFG",4,0,0,0,0,0,0,0,0,0,0,0,0,0,,,0,0,0,0,"Reyes Moronta",14966,606625
"Giovanny Gallegos","STL",73,0,0,0,0,0,0,0,0,0,0,0,0,0,,,0,0,0,0,"Giovanny Gallegos",14986,606149
"Scott Barlow","KCR",71,0,0,0,0,0,0,0,0,0,0,0,0,0,,,0,0,0,0,"Scott Barlow",14993,605130
"Yacksel Ríos","- - -",23,0,0,0,0,0,0,0,0,0,0,0,0,0,,,0,0,0,0,"Yacksel Rios",15007,605441
"Kyle Finnegan","WSN",68,0,0,0,0,0,0,0,0,0,0,0,0,0,,,0,0,0,0,"Kyle Finnegan",15009,640448
"Tim Mayza","TOR",61,0,0,0,0,0,0,0,0,0,0,0,0,0,,,0,0,0,0,"Tim Mayza",15042,641835
"Lou Trivino","OAK",71,0,0,0,0,0,0,0,0,0,0,0,0,0,,,0,0,0,0,"Lou Trivino",15043,642152
"Hunter Wood","TEX",5,0,0,0,0,0,0,0,0,0,0,0,0,0,,,0,0,0,0,"Hunter Wood",15091,621056
"Luke Farrell","MIN",20,0,0,0,0,0,0,0,0,0,0,0,0,0,,,0,0,0,0,"Luke Farrell",15101,608652
"Drew Anderson","TEX",9,0,0,0,0,0,0,0,0,0,0,0,0,0,,,0,0,0,0,"Drew Anderson",15130,623454
"Jake Newberry","KCR",4,0,0,0,0,0,0,0,0,0,0,0,0,0,,,0,0,0,0,"Jake Newberry",15136,623470
"Aaron Slegers","LAA",29,0,0,0,0,0,0,0,0,0,0,0,0,0,,,0,0,0,0,"Aaron Slegers",15231,642083
"Cody Reed","TBR",12,0,0,0,0,0,0,0,0,0,0,0,0,0,,,0,0,0,0,"Cody Reed",15232,642003
"Cole Sulser","BAL",60,0,0,0,0,0,0,0,0,0,0,0,0,0,,,0,0,0,0,"Cole Sulser",15256,642121
"Keynan Middleton","SEA",32,0,0,0,0,0,0,0,0,0,0,0,0,0,,,0,0,0,0,"Keynan Middleton",15264,641871
"Austin Pruitt","- - -",6,0,0,0,0,0,0,0,0,0,0,0,0,0,,,0,0,0,0,"Austin Pruitt",15290,643493
"Mike Mayers","LAA",72,0,0,0,0,0,0,0,0,0,0,0,0,0,,,0,0,0,0,"Mike Mayers",15451,594577
"Stephen Gonsalves","BOS",3,0,0,0,0,0,0,0,0,0,0,0,0,0,,,0,0,0,0,"Stephen Gonsalves",15492,624427
"Hunter Harvey","BAL",9,0,0,0,0,0,0,0,0,0,0,0,0,0,,,0,0,0,0,"Hunter Harvey",15507,640451
"Kendall Graveman","- - -",53,0,0,0,0,0,0,0,0,0,0,0,0,0,,,0,0,0,0,"Kendall Graveman",15514,608665
"Eric Yardley","MIL",17,0,0,0,0,0,0,0,0,0,0,0,0,0,,,0,0,0,0,"Eric Yardley",15538,642233
"Tyler Rogers","SFG",80,0,0,0,0,0,0,0,0,0,0,0,0,0,,,0,0,0,0,"Tyler Rogers",15541,643511
"Chad Green","NYY",67,0,0,0,0,0,0,0,0,0,0,0,0,0,,,0,0,0,0,"Chad Green",15552,643338
"Nick Wittgren","CLE",60,0,0,0,0,0,0,0,0,0,0,0,0,0,,,0,0,0,0,"Nick Wittgren",15594,621295
"Phillips Valdez","BOS",28,0,0,0,0,0,0,0,0,0,0,0,0,0,,,0,0,0,0,"Phillips Valdez",15605,570488
"Miguel Castro","NYM",69,0,0,0,0,0,0,0,0,0,0,0,0,0,,,0,0,0,0,"Miguel Castro",15684,612434
"Joe Jiménez","DET",52,0,0,0,0,0,0,0,0,0,0,0,0,0,,,0,0,0,0,"Joe Jimenez",15761,641729
"Devin Williams","MIL",58,0,0,0,0,0,0,0,0,0,0,0,0,0,,,0,0,0,0,"Devin Williams",15816,642207
"Paul Fry","BAL",52,0,0,0,0,0,0,0,0,0,0,0,0,0,,,0,0,0,0,"Paul Fry",15832,643316
"Adam Plutko","BAL",38,0,0,0,0,0,0,0,0,0,0,0,0,0,,,0,0,0,0,"Adam Plutko",15846,592644
"Kent Emanuel","HOU",10,0,0,0,0,0,0,0,0,0,0,0,0,0,,,0,0,0,0,"Kent Emanuel",15849,592288
"Stephen Tarpley","NYM",1,0,0,0,0,0,0,0,0,0,0,0,0,0,,,0,0,0,0,"Stephen Tarpley",15859,605501
"Luis Severino","NYY",4,0,0,0,0,0,0,0,0,0,0,0,0,0,,,0,0,0,0,"Luis Severino",15890,622663
"Lewis Thorpe","MIN",5,0,0,0,0,0,0,0,0,0,0,0,0,0,,,0,0,0,0,"Lewis Thorpe",15906,626929
"Ryne Stanek","HOU",72,0,0,0,0,0,0,0,0,0,0,0,0,0,,,0,0,0,0,"Ryne Stanek",15947,592773
"Keury Mella","ARI",2,0,0,0,0,0,0,0,0,0,0,0,0,0,,,0,0,0,0,"Keury Mella",15964,622492
"Akeem Bostick","NYM",1,0,0,0,0,0,0,0,0,0,0,0,0,0,,,0,0,0,0,"Akeem Bostick",15979,641384
"Stefan Crichton","ARI",31,0,0,0,0,0,0,0,0,0,0,0,0,0,,,0,0,0,0,"Stefan Crichton",16058,592233
"Jordan Romano","TOR",62,0,0,0,0,0,0,0,0,0,0,0,0,0,,,0,0,0,0,"Jordan Romano",16122,605447
"Chris Ellis","- - -",8,0,0,0,0,0,0,0,0,0,0,0,0,0,,,0,0,0,0,"Chris Ellis",16125,595939
"Jace Fry","CHW",6,0,0,0,0,0,0,0,0,0,0,0,0,0,,,0,0,0,0,"Jace Fry",16159,605240
"Spencer Turnbull","DET",9,0,0,0,0,0,0,0,0,0,0,0,0,0,,,0,0,0,0,"Spencer Turnbull",16207,605513
"Aaron Bummer","CHW",62,0,0,0,0,0,0,0,0,0,0,0,0,0,,,0,0,0,0,"Aaron Bummer",16258,607481
"Sam Howard","PIT",54,0,0,0,0,0,0,0,0,0,0,0,0,0,,,0,0,0,0,"Sam Howard",16265,607572
"Jesus Tinoco","COL",1,0,0,0,0,0,0,0,0,0,0,0,0,0,,,0,0,0,0,"Jesus Tinoco",16300,622786
"Alex McRae","CHW",2,0,0,0,0,0,0,0,0,0,0,0,0,0,,,0,0,0,0,"Alex McRae",16317,656725
"Ryan Borucki","TOR",24,0,0,0,0,0,0,0,0,0,0,0,0,0,,,0,0,0,0,"Ryan Borucki",16350,621366
"Brad Wieck","CHC",15,0,0,0,0,0,0,0,0,0,0,0,0,0,,,0,0,0,0,"Brad Wieck",16390,623364
"Reynaldo López","CHW",20,0,0,0,0,0,0,0,0,0,0,0,0,0,,,0,0,0,0,"Reynaldo Lopez",16400,625643
"Victor González","LAD",44,0,0,0,0,0,0,0,0,0,0,0,0,0,,,0,0,0,0,"Victor Gonzalez",16408,624647
"Blake Taylor","HOU",51,0,0,0,0,0,0,0,0,0,0,0,0,0,,,0,0,0,0,"Blake Taylor",16418,642130
"Scott Blewett","KCR",3,0,0,0,0,0,0,0,0,0,0,0,0,0,,,0,0,0,0,"Scott Blewett",16427,656240
"James Norwood","SDP",5,0,0,0,0,0,0,0,0,0,0,0,0,0,,,0,0,0,0,"James Norwood",16440,656803
"Conner Greene","- - -",24,0,0,0,0,0,0,0,0,0,0,0,0,0,,,0,0,0,0,"Conner Greene",16455,641632
"Brent Honeywell","TBR",3,0,0,0,0,0,0,0,0,0,0,0,0,0,,,0,0,0,0,"Brent Honeywell",16466,641703
"Roel Ramírez","STL",1,0,0,0,0,0,0,0,0,0,0,0,0,0,,,0,0,0,0,"Roel Ramirez",16470,641995
"Dan Altavilla","SDP",2,0,0,0,0,0,0,0,0,0,0,0,0,0,,,0,0,0,0,"Dan Altavilla",16507,656186
"Dusten Knight","BAL",7,0,0,0,0,0,0,0,0,0,0,0,0,0,,,0,0,0,0,"Dusten Knight",16537,643400
"Erik Swanson","SEA",33,0,0,0,0,0,0,0,0,0,0,0,0,0,,,0,0,0,0,"Erik Swanson",16587,657024
"Bryan Abreu","HOU",31,0,0,0,0,0,0,0,0,0,0,0,0,0,,,0,0,0,0,"Bryan Abreu",16609,650556
"J.P. Feyereisen","- - -",55,0,0,0,0,0,0,0,0,0,0,0,0,0,,,0,0,0,0,"J.P. Feyereisen",16610,656420
"Ryan Thompson","TBR",36,0,0,0,0,0,0,0,0,0,0,0,0,0,,,0,0,0,0,"Ryan Thompson",16647,657044
"Julian Merryweather","TOR",13,0,0,0,0,0,0,0,0,0,0,0,0,0,,,0,0,0,0,"Julian Merryweather",16703,657240
"Vinny Nittoli","SEA",1,0,0,0,0,0,0,0,0,0,0,0,0,0,,,0,0,0,0,"Vinny Nittoli",16754,657697
"Josh James","HOU",5,0,0,0,0,0,0,0,0,0,0,0,0,0,,,0,0,0,0,"Josh James",16794,657624
"Tim Hill","SDP",78,0,0,0,0,0,0,0,0,0,0,0,0,0,,,0,0,0,0,"Tim Hill",16814,657612
"Tyler Beede","SFG",1,0,0,0,0,0,0,0,0,0,0,0,0,0,,,0,0,0,0,"Tyler Beede",16981,595881
"Trevor Hildenberger","NYM",2,0,0,0,0,0,0,0,0,0,0,0,0,0,,,0,0,0,0,"Trevor Hildenberger",17002,657610
"Domingo Acevedo","OAK",10,0,0,0,0,0,0,0,0,0,0,0,0,0,,,0,0,0,0,"Domingo Acevedo",17092,642758
"Raisel Iglesias","LAA",65,0,0,0,0,0,0,0,0,0,0,0,0,0,,,0,0,0,0,"Raisel Iglesias",17130,628452
"Gabe Speier","KCR",7,0,0,0,0,0,0,0,0,0,0,0,0,0,,,0,0,0,0,"Gabe Speier",17170,642100
"Yoan López","ARI",13,0,0,0,0,0,0,0,0,0,0,0,0,0,,,0,0,0,0,"Yoan Lopez",17181,661255
"Austin Brice","BOS",13,0,0,0,0,0,0,0,0,0,0,0,0,0,,,0,0,0,0,"Austin Brice",17237,592169
"Josh Taylor","BOS",61,0,0,0,0,0,0,0,0,0,0,0,0,0,,,0,0,0,0,"Josh Taylor",17359,657031
"Brett Martin","TEX",66,0,0,0,0,0,0,0,0,0,0,0,0,0,,,0,0,0,0,"Brett Martin",17369,656685
"David Paulino","PHI",1,0,0,0,0,0,0,0,0,0,0,0,0,0,,,0,0,0,0,"David Paulino",17418,600944
"Albert Abreu","NYY",28,0,0,0,0,0,0,0,0,0,0,0,0,0,,,0,0,0,0,"Albert Abreu",17485,656061
"Spenser Watkins","BAL",16,0,0,0,0,0,0,0,0,0,0,0,0,0,,,0,0,0,0,"Spenser Watkins",17489,657093
"Génesis Cabrera","STL",71,0,0,0,0,0,0,0,0,0,0,0,0,0,,,0,0,0,0,"Genesis Cabrera",17490,650893
"Diego Castillo","- - -",61,0,0,0,0,0,0,0,0,0,0,0,0,0,,,0,0,0,0,"Diego Castillo",17496,650895
"Jorge Guzmán","MIA",2,0,0,0,0,0,0,0,0,0,0,0,0,0,,,0,0,0,0,"Jorge Guzman",17505,660422
"Ryan Burr","CHW",34,0,0,0,0,0,0,0,0,0,0,0,0,0,,,0,0,0,0,"Ryan Burr",17536,621114
"Jimmy Herget","- - -",18,0,0,0,0,0,0,0,0,0,0,0,0,0,,,0,0,0,0,"Jimmy Herget",17556,623474
"Marcos Diplán","BAL",23,0,0,0,0,0,0,0,0,0,0,0,0,0,,,0,0,0,0,"Marcos Diplan",17583,650959
"Tanner Scott","BAL",62,0,0,0,0,0,0,0,0,0,0,0,0,0,,,0,0,0,0,"Tanner Scott",17586,656945
"Cristian Javier","HOU",36,0,0,0,0,0,0,0,0,0,0,0,0,0,,,0,0,0,0,"Cristian Javier",17606,664299
"Tanner Rainey","WSN",38,0,0,0,0,0,0,0,0,0,0,0,0,0,,,0,0,0,0,"Tanner Rainey",17610,663432
"Justin Lawrence","COL",19,0,0,0,0,0,0,0,0,0,0,0,0,0,,,0,0,0,0,"Justin Lawrence",17639,664875
"Jeffrey Springs","TBR",43,0,0,0,0,0,0,0,0,0,0,0,0,0,,,0,0,0,0,"Jeffrey Springs",17677,605488
"Ralph Garza Jr.","- - -",27,0,0,0,0,0,0,0,0,0,0,0,0,0,,,0,0,0,0,"Ralph Garza Jr.",17682,621248
"Trevor Megill","CHC",28,0,0,0,0,0,0,0,0,0,0,0,0,0,,,0,0,0,0,"Trevor Megill",17722,656730
"Brody Koerner","NYY",2,0,0,0,0,0,0,0,0,0,0,0,0,0,,,0,0,0,0,"Brody Koerner",17748,621259
"Angel Perdomo","MIL",19,0,0,0,0,0,0,0,0,0,0,0,0,0,,,0,0,0,0,"Angel Perdomo",17759,622780
"José Alvarado","PHI",64,0,0,0,0,0,0,0,0,0,0,0,0,0,,,0,0,0,0,"Jose Alvarado",17780,621237
"Patrick Weigel","MIL",3,0,0,0,0,0,0,0,0,0,0,0,0,0,,,0,0,0,0,"Patrick Weigel",17792,622256
"Dillon Tate","BAL",62,0,0,0,0,0,0,0,0,0,0,0,0,0,,,0,0,0,0,"Dillon Tate",17796,622253
"Daniel Zamora","SEA",4,0,0,0,0,0,0,0,0,0,0,0,0,0,,,0,0,0,0,"Daniel Zamora",17811,623354
"Ian Gibaut","MIN",3,0,0,0,0,0,0,0,0,0,0,0,0,0,,,0,0,0,0,"Ian Gibaut",17871,664139
"Tayler Saucedo","TOR",29,0,0,0,0,0,0,0,0,0,0,0,0,0,,,0,0,0,0,"Tayler Saucedo",17888,642048
"Trent Thornton","TOR",37,0,0,0,0,0,0,0,0,0,0,0,0,0,,,0,0,0,0,"Trent Thornton",17948,663423
"Pete Fairbanks","TBR",47,0,0,0,0,0,0,0,0,0,0,0,0,0,,,0,0,0,0,"Pete Fairbanks",17998,664126
"Cody Stashak","MIN",15,0,0,0,0,0,0,0,0,0,0,0,0,0,,,0,0,0,0,"Cody Stashak",18088,664054
"Ryan Meisinger","CHC",7,0,0,0,0,0,0,0,0,0,0,0,0,0,,,0,0,0,0,"Ryan Meisinger",18105,664682
"Ryan Helsley","STL",51,0,0,0,0,0,0,0,0,0,0,0,0,0,,,0,0,0,0,"Ryan Helsley",18138,664854
"Jay Flaa","- - -",2,0,0,0,0,0,0,0,0,0,0,0,0,0,,,0,0,0,0,"Jay Flaa",18140,664852
"Anthony Misiewicz","SEA",66,0,0,0,0,0,0,0,0,0,0,0,0,0,,,0,0,0,0,"Anthony Misiewicz",18152,664948
"Art Warren","CIN",26,0,0,0,0,0,0,0,0,0,0,0,0,0,,,0,0,0,0,"Art Warren",18251,605521
"Tyler Kinley","COL",70,0,0,0,0,0,0,0,0,0,0,0,0,0,,,0,0,0,0,"Tyler Kinley",18297,641755
"Taylor Hearn","TEX",42,0,0,0,0,0,0,0,0,0,0,0,0,0,,,0,0,0,0,"Taylor Hearn",18325,621368
"Eric Hanhold","BAL",10,0,0,0,0,0,0,0,0,0,0,0,0,0,,,0,0,0,0,"Eric Hanhold",18332,621098
"Josh Staumont","KCR",64,0,0,0,0,0,0,0,0,0,0,0,0,0,,,0,0,0,0,"Josh Staumont",18335,622251
"Nick Anderson","TBR",6,0,0,0,0,0,0,0,0,0,0,0,0,0,,,0,0,0,0,"Nick Anderson",18337,623433
"Julian Fernández","COL",6,0,0,0,0,0,0,0,0,0,0,0,0,0,,,0,0,0,0,"Julian Fernandez",18341,642759
"Enyel De Los Santos","- - -",33,0,0,0,0,0,0,0,0,0,0,0,0,0,,,0,0,0,0,"Enyel De Los Santos",18403,660853
"Shea Spitzbarth","PIT",5,0,0,0,0,0,0,0,0,0,0,0,0,0,,,0,0,0,0,"Shea Spitzbarth",18475,665661
"Travis Bergen","TOR",10,0,0,0,0,0,0,0,0,0,0,0,0,0,,,0,0,0,0,"Travis Bergen",18581,664157
"Travis Lakins","BAL",24,0,0,0,0,0,0,0,0,0,0,0,0,0,,,0,0,0,0,"Travis Lakins",18600,664042
"Miguel Del Pozo","DET",5,0,0,0,0,0,0,0,0,0,0,0,0,0,,,0,0,0,0,"Miguel Del Pozo",18792,600887
"Drew Steckenrider","SEA",62,0,0,0,0,0,0,0,0,0,0,0,0,0,,,0,0,0,0,"Drew Steckenrider",18806,608716
"Beau Burrows","- - -",6,0,0,0,0,0,0,0,0,0,0,0,0,0,,,0,0,0,0,"Beau Burrows",18873,663366
"Kyle Keller","PIT",32,0,0,0,0,0,0,0,0,0,0,0,0,0,,,0,0,0,0,"Kyle Keller",18890,664918
"Zack Burdi","- - -",7,0,0,0,0,0,0,0,0,0,0,0,0,0,,,0,0,0,0,"Zack Burdi",19159,641420
"Kirby Snead","TOR",7,0,0,0,0,0,0,0,0,0,0,0,0,0,,,0,0,0,0,"Kirby Snead",19179,669912
"Robert Dugger","SEA",12,0,0,0,0,0,0,0,0,0,0,0,0,0,,,0,0,0,0,"Robert Dugger",19191,667498
"Brandyn Sittinger","ARI",5,0,0,0,0,0,0,0,0,0,0,0,0,0,,,0,0,0,0,"Brandyn Sittinger",19192,670087
"Conner Menez","SFG",8,0,0,0,0,0,0,0,0,0,0,0,0,0,,,0,0,0,0,"Conner Menez",19199,669214
"José Quijada","LAA",26,0,0,0,0,0,0,0,0,0,0,0,0,0,,,0,0,0,0,"Jose Quijada",19200,650671
"Wes Benjamin","TEX",13,0,0,0,0,0,0,0,0,0,0,0,0,0,,,0,0,0,0,"Wes Benjamin",19243,605138
"Miguel Aguilar","ARI",9,0,0,0,0,0,0,0,0,0,0,0,0,0,,,0,0,0,0,"Miguel Aguilar",19246,620396
"Seranthony Domínguez","PHI",1,0,0,0,0,0,0,0,0,0,0,0,0,0,,,0,0,0,0,"Seranthony Dominguez",19249,622554
"Thomas Hatch","TOR",3,0,0,0,0,0,0,0,0,0,0,0,0,0,,,0,0,0,0,"Thomas Hatch",19264,641672
"T.J. Zeuch","TOR",5,0,0,0,0,0,0,0,0,0,0,0,0,0,,,0,0,0,0,"T.J. Zeuch",19269,643615
"Edgar García","- - -",11,0,0,0,0,0,0,0,0,0,0,0,0,0,,,0,0,0,0,"Edgar Garcia",19276,658305
"Richard Lovelady","KCR",20,0,0,0,0,0,0,0,0,0,0,0,0,0,,,0,0,0,0,"Richard Lovelady",19337,663992
"A.J. Puk","OAK",12,0,0,0,0,0,0,0,0,0,0,0,0,0,,,0,0,0,0,"A.J. Puk",19343,640462
"Daulton Jefferies","OAK",5,0,0,0,0,0,0,0,0,0,0,0,0,0,,,0,0,0,0,"Daulton Jefferies",19345,641726
"Dean Kremer","BAL",13,0,0,0,0,0,0,0,0,0,0,0,0,0,,,0,0,0,0,"Dean Kremer",19350,665152
"Yohan Ramírez","SEA",25,0,0,0,0,0,0,0,0,0,0,0,0,0,,,0,0,0,0,"Yohan Ramirez",19444,670990
"Shaun Anderson","- - -",16,0,0,0,0,0,0,0,0,0,0,0,0,0,,,0,0,0,0,"Shaun Anderson",19453,641312
"Kyle Funkhouser","DET",57,0,0,0,0,0,0,0,0,0,0,0,0,0,,,0,0,0,0,"Kyle Funkhouser",19456,608335
"Bryan Garcia","DET",39,0,0,0,0,0,0,0,0,0,0,0,0,0,,,0,0,0,0,"Bryan Garcia",19457,650530
"Jorge Alcala","MIN",59,0,0,0,0,0,0,0,0,0,0,0,0,0,,,0,0,0,0,"Jorge Alcala",19459,660896
"Ryan Hartman","HOU",1,0,0,0,0,0,0,0,0,0,0,0,0,0,,,0,0,0,0,"Ryan Hartman",19480,670057
"Andrew Vasquez","LAD",2,0,0,0,0,0,0,0,0,0,0,0,0,0,,,0,0,0,0,"Andrew Vasquez",19482,607755
"Devin Smeltzer","MIN",1,0,0,0,0,0,0,0,0,0,0,0,0,0,,,0,0,0,0,"Devin Smeltzer",19487,656970
"Raynel Espinal","BOS",1,0,0,0,0,0,0,0,0,0,0,0,0,0,,,0,0,0,0,"Raynel Espinal",19516,642659
"Jason Foley","DET",11,0,0,0,0,0,0,0,0,0,0,0,0,0,,,0,0,0,0,"Jason Foley",19531,671345
"Jimmy Lambert","CHW",4,0,0,0,0,0,0,0,0,0,0,0,0,0,,,0,0,0,0,"Jimmy Lambert",19541,669424
"Geoff Hartlieb","- - -",7,0,0,0,0,0,0,0,0,0,0,0,0,0,,,0,0,0,0,"Geoff Hartlieb",19558,664129
"Bernardo Flores Jr.","STL",1,0,0,0,0,0,0,0,0,0,0,0,0,0,,,0,0,0,0,"Bernardo Flores Jr.",19561,641576
"JoJo Romero","PHI",11,0,0,0,0,0,0,0,0,0,0,0,0,0,,,0,0,0,0,"JoJo Romero",19574,668941
"Jordan Hicks","STL",10,0,0,0,0,0,0,0,0,0,0,0,0,0,,,0,0,0,0,"Jordan Hicks",19618,663855
"Matt Foster","CHW",37,0,0,0,0,0,0,0,0,0,0,0,0,0,,,0,0,0,0,"Matt Foster",19647,641582
"Gregory Soto","DET",62,0,0,0,0,0,0,0,0,0,0,0,0,0,,,0,0,0,0,"Gregory Soto",19677,642397
"Jordan Sheffield","COL",30,0,0,0,0,0,0,0,0,0,0,0,0,0,,,0,0,0,0,"Jordan Sheffield",19682,642068
"Kyle Cody","TEX",7,0,0,0,0,0,0,0,0,0,0,0,0,0,,,0,0,0,0,"Kyle Cody",19686,621129
"Connor Seabold","BOS",1,0,0,0,0,0,0,0,0,0,0,0,0,0,,,0,0,0,0,"Connor Seabold",19695,657756
"Kodi Whitley","STL",25,0,0,0,0,0,0,0,0,0,0,0,0,0,,,0,0,0,0,"Kodi Whitley",19731,676831
"Jonathan Loáisiga","NYY",57,0,0,0,0,0,0,0,0,0,0,0,0,0,,,0,0,0,0,"Jonathan Loaisiga",19753,642528
"Will Vest","SEA",32,0,0,0,0,0,0,0,0,0,0,0,0,0,,,0,0,0,0,"Will Vest",19769,676684
"Justin Garza","CLE",21,0,0,0,0,0,0,0,0,0,0,0,0,0,,,0,0,0,0,"Justin Garza",19784,621057
"Anthony Castro","TOR",25,0,0,0,0,0,0,0,0,0,0,0,0,0,,,0,0,0,0,"Anthony Castro",19789,621593
"Bryan Baker","TOR",1,0,0,0,0,0,0,0,0,0,0,0,0,0,,,0,0,0,0,"Bryan Baker",19804,641329
"Alex Wells","BAL",11,0,0,0,0,0,0,0,0,0,0,0,0,0,,,0,0,0,0,"Alex Wells",19845,649144
"Darwinzon Hernández","BOS",48,0,0,0,0,0,0,0,0,0,0,0,0,0,,,0,0,0,0,"Darwinzon Hernandez",19848,650382
"Michael King","NYY",22,0,0,0,0,0,0,0,0,0,0,0,0,0,,,0,0,0,0,"Michael King",19853,650633
"Brandon Bielak","HOU",28,0,0,0,0,0,0,0,0,0,0,0,0,0,,,0,0,0,0,"Brandon Bielak",19866,656232
"Drew Carlton","DET",4,0,0,0,0,0,0,0,0,0,0,0,0,0,,,0,0,0,0,"Drew Carlton",19868,656290
"Kevin Ginkel","ARI",32,0,0,0,0,0,0,0,0,0,0,0,0,0,,,0,0,0,0,"Kevin Ginkel",19876,656464
"Gabe Klobosits","WSN",11,0,0,0,0,0,0,0,0,0,0,0,0,0,,,0,0,0,0,"Gabe Klobosits",19881,656620
"Alex Lange","DET",36,0,0,0,0,0,0,0,0,0,0,0,0,0,,,0,0,0,0,"Alex Lange",19883,656638
"Trevor Stephan","CLE",43,0,0,0,0,0,0,0,0,0,0,0,0,0,,,0,0,0,0,"Trevor Stephan",19932,663986
"Jhon Romero","WSN",5,0,0,0,0,0,0,0,0,0,0,0,0,0,,,0,0,0,0,"Jhon Romero",19940,664584
"Ljay Newsome","SEA",7,0,0,0,0,0,0,0,0,0,0,0,0,0,,,0,0,0,0,"Ljay Newsome",19942,664714
"Zach Plesac","CLE",25,0,0,0,0,0,0,0,0,0,0,0,0,0,,,0,0,0,0,"Zach Plesac",19979,668676
"Dylan Lee","ATL",2,0,0,0,0,0,0,0,0,0,0,0,0,0,,,0,0,0,0,"Dylan Lee",19996,669276
"Tyler Wells","BAL",44,0,0,0,0,0,0,0,0,0,0,0,0,0,,,0,0,0,0,"Tyler Wells",20000,669330
"Wyatt Mills","SEA",11,0,0,0,0,0,0,0,0,0,0,0,0,0,,,0,0,0,0,"Wyatt Mills",20010,670090
"John Schreiber","BOS",1,0,0,0,0,0,0,0,0,0,0,0,0,0,,,0,0,0,0,"John Schreiber",20020,670167
"Ronald Bolaños","KCR",3,0,0,0,0,0,0,0,0,0,0,0,0,0,,,0,0,0,0,"Ronald Bolanos",20041,671790
"Sean Guenther","MIA",14,0,0,0,0,0,0,0,0,0,0,0,0,0,,,0,0,0,0,"Sean Guenther",20045,674944
"Kaleb Ort","BOS",1,0,0,0,0,0,0,0,0,0,0,0,0,0,,,0,0,0,0,"Kaleb Ort",20061,672391
"Mauricio Llovera","PHI",6,0,0,0,0,0,0,0,0,0,0,0,0,0,,,0,0,0,0,"Mauricio Llovera",20080,661440
"James Karinchak","CLE",60,0,0,0,0,0,0,0,0,0,0,0,0,0,,,0,0,0,0,"James Karinchak",20151,675916
"Nick Nelson","NYY",11,0,0,0,0,0,0,0,0,0,0,0,0,0,,,0,0,0,0,"Nick Nelson",20153,656793
"Nate Pearson","TOR",12,0,0,0,0,0,0,0,0,0,0,0,0,0,,,0,0,0,0,"Nate Pearson",20160,663878
"Ty Tice","- - -",5,0,0,0,0,0,0,0,0,0,0,0,0,0,,,0,0,0,0,"Ty Tice",20177,676709
"Ben Bowden","COL",39,0,0,0,0,0,0,0,0,0,0,0,0,0,,,0,0,0,0,"Ben Bowden",20198,641386
"Jeremy Beasley","TOR",8,0,0,0,0,0,0,0,0,0,0,0,0,0,,,0,0,0,0,"Jeremy Beasley",20205,676886
"Mike Baumann","BAL",4,0,0,0,0,0,0,0,0,0,0,0,0,0,,,0,0,0,0,"Mike Baumann",20206,657508
"Tyler Ivey","HOU",1,0,0,0,0,0,0,0,0,0,0,0,0,0,,,0,0,0,0,"Tyler Ivey",20237,663959
"Zac Lowther","BAL",10,0,0,0,0,0,0,0,0,0,0,0,0,0,,,0,0,0,0,"Zac Lowther",20243,675912
"Deivi García","NYY",2,0,0,0,0,0,0,0,0,0,0,0,0,0,,,0,0,0,0,"Deivi Garcia",20276,665620
"Jhonathan Díaz","LAA",3,0,0,0,0,0,0,0,0,0,0,0,0,0,,,0,0,0,0,"Jhonathan Diaz",20298,646242
"Andre Scrubb","HOU",18,0,0,0,0,0,0,0,0,0,0,0,0,0,,,0,0,0,0,"Andre Scrubb",20329,668687
"Kyle Dohy","PHI",1,0,0,0,0,0,0,0,0,0,0,0,0,0,,,0,0,0,0,"Kyle Dohy",20334,675971
"Riley O'Brien","CIN",1,0,0,0,0,0,0,0,0,0,0,0,0,0,,,0,0,0,0,"Riley O'Brien",20348,676617
"Andrés Muñoz","SEA",1,0,0,0,0,0,0,0,0,0,0,0,0,0,,,0,0,0,0,"Andres Munoz",20373,662253
"Antonio Santos","COL",7,0,0,0,0,0,0,0,0,0,0,0,0,0,,,0,0,0,0,"Antonio Santos",20383,665733
"Isaac Mattson","BAL",4,0,0,0,0,0,0,0,0,0,0,0,0,0,,,0,0,0,0,"Isaac Mattson",20385,676755
"Anthony Kay","TOR",11,0,0,0,0,0,0,0,0,0,0,0,0,0,,,0,0,0,0,"Anthony Kay",20387,641743
"Nick Margevicius","SEA",5,0,0,0,0,0,0,0,0,0,0,0,0,0,,,0,0,0,0,"Nick Margevicius",20395,676606
"Jovani Morán","MIN",5,0,0,0,0,0,0,0,0,0,0,0,0,0,,,0,0,0,0,"Jovani Moran",20422,663558
"Enoli Paredes","HOU",12,0,0,0,0,0,0,0,0,0,0,0,0,0,,,0,0,0,0,"Enoli Paredes",20447,660600
"Peter Solomon","HOU",6,0,0,0,0,0,0,0,0,0,0,0,0,0,,,0,0,0,0,"Peter Solomon",20476,656981
"J.B. Bukauskas","ARI",21,0,0,0,0,0,0,0,0,0,0,0,0,0,,,0,0,0,0,"J.B. Bukauskas",20491,656266
"Kyle Nelson","CLE",10,0,0,0,0,0,0,0,0,0,0,0,0,0,,,0,0,0,0,"Kyle Nelson",20515,669459
"Nick Sandlin","CLE",34,0,0,0,0,0,0,0,0,0,0,0,0,0,,,0,0,0,0,"Nick Sandlin",20517,680704
"Kutter Crawford","BOS",1,0,0,0,0,0,0,0,0,0,0,0,0,0,,,0,0,0,0,"Kutter Crawford",20531,676710
"Cristopher Sánchez","PHI",7,0,0,0,0,0,0,0,0,0,0,0,0,0,,,0,0,0,0,"Cristopher Sanchez",20778,650911
"Eduard Bazardo","BOS",2,0,0,0,0,0,0,0,0,0,0,0,0,0,,,0,0,0,0,"Eduard Bazardo",20997,660825
"Francisco Pérez","CLE",4,0,0,0,0,0,0,0,0,0,0,0,0,0,,,0,0,0,0,"Francisco Perez",21018,660906
"Oliver Ortega","LAA",8,0,0,0,0,0,0,0,0,0,0,0,0,0,,,0,0,0,0,"Oliver Ortega",21025,661383
"Emmanuel Clase","CLE",71,0,0,0,0,0,0,0,0,0,0,0,0,0,,,0,0,0,0,"Emmanuel Clase",21032,661403
"Seth Martinez","HOU",3,0,0,0,0,0,0,0,0,0,0,0,0,0,,,0,0,0,0,"Seth Martinez",21045,661527
"Luis Gil","NYY",6,0,0,0,0,0,0,0,0,0,0,0,0,0,,,0,0,0,0,"Luis Gil",21052,661563
"Demarcus Evans","TEX",25,0,0,0,0,0,0,0,0,0,0,0,0,0,,,0,0,0,0,"Demarcus Evans",21087,663770
"Dauri Moreta","CIN",4,0,0,0,0,0,0,0,0,0,0,0,0,0,,,0,0,0,0,"Dauri Moreta",21101,664294
"Brooks Kriske","- - -",12,0,0,0,0,0,0,0,0,0,0,0,0,0,,,0,0,0,0,"Brooks Kriske",21189,621139
"Darien Núñez","LAD",6,0,0,0,0,0,0,0,0,0,0,0,0,0,,,0,0,0,0,"Darien Nunez",21197,628345
"Connor Brogdon","PHI",56,0,0,0,0,0,0,0,0,0,0,0,0,0,,,0,0,0,0,"Connor Brogdon",21205,641401
"Lucas Gilbreath","COL",47,0,0,0,0,0,0,0,0,0,0,0,0,0,,,0,0,0,0,"Lucas Gilbreath",21290,656458
"Jacob Latz","TEX",1,0,0,0,0,0,0,0,0,0,0,0,0,0,,,0,0,0,0,"Jacob Latz",21306,656641
"Glenn Otto Jr.","TEX",6,0,0,0,0,0,0,0,0,0,0,0,0,0,,,0,0,0,0,"Glenn Otto Jr.",21366,657248
"Shane McClanahan","TBR",25,0,0,0,0,0,0,0,0,0,0,0,0,0,,,0,0,0,0,"Shane McClanahan",21483,663556
"Daniel Lynch IV","KCR",15,0,0,0,0,0,0,0,0,0,0,0,0,0,,,0,0,0,0,"Daniel Lynch IV",21537,663738
"Jackson Kowar","KCR",9,0,0,0,0,0,0,0,0,0,0,0,0,0,,,0,0,0,0,"Jackson Kowar",21549,663804
"Jake Cousins","MIL",30,0,0,0,0,0,0,0,0,0,0,0,0,0,,,0,0,0,0,"Jake Cousins",21620,664776
"Elvis Peguero","LAA",3,0,0,0,0,0,0,0,0,0,0,0,0,0,,,0,0,0,0,"Elvis Peguero",21652,665625
"Kervin Castro","SFG",10,0,0,0,0,0,0,0,0,0,0,0,0,0,,,0,0,0,0,"Kervin Castro",21656,665645
"Luis Oviedo","PIT",22,0,0,0,0,0,0,0,0,0,0,0,0,0,,,0,0,0,0,"Luis Oviedo",21728,665854
"José Marte","LAA",4,0,0,0,0,0,0,0,0,0,0,0,0,0,,,0,0,0,0,"Jose Marte",21761,665896
"Mason Thompson","- - -",31,0,0,0,0,0,0,0,0,0,0,0,0,0,,,0,0,0,0,"Mason Thompson",21850,666168
"Gregory Santos","SFG",3,0,0,0,0,0,0,0,0,0,0,0,0,0,,,0,0,0,0,"Gregory Santos",21894,666619
"Camilo Doval","SFG",29,0,0,0,0,0,0,0,0,0,0,0,0,0,,,0,0,0,0,"Camilo Doval",21992,666808
"Luis Frías","ARI",3,0,0,0,0,0,0,0,0,0,0,0,0,0,,,0,0,0,0,"Luis Frias",21997,666818
"Angel Rondón","STL",2,0,0,0,0,0,0,0,0,0,0,0,0,0,,,0,0,0,0,"Angel Rondon",22036,667373
"Aaron Fletcher","SEA",4,0,0,0,0,0,0,0,0,0,0,0,0,0,,,0,0,0,0,"Aaron Fletcher",22052,667465
"Kyle Tyler","LAA",5,0,0,0,0,0,0,0,0,0,0,0,0,0,,,0,0,0,0,"Kyle Tyler",22092,667725
"Mac Sceroler","BAL",5,0,0,0,0,0,0,0,0,0,0,0,0,0,,,0,0,0,0,"Mac Sceroler",22218,669135
"Jonathan Heasley","KCR",3,0,0,0,0,0,0,0,0,0,0,0,0,0,,,0,0,0,0,"Jonathan Heasley",22224,669169
"Logan Gilbert","SEA",24,0,0,0,0,0,0,0,0,0,0,0,0,0,,,0,0,0,0,"Logan Gilbert",22250,669302
"Shane Baz","TBR",3,0,0,0,0,0,0,0,0,0,0,0,0,0,,,0,0,0,0,"Shane Baz",22264,669358
"Dylan Coleman","KCR",5,0,0,0,0,0,0,0,0,0,0,0,0,0,,,0,0,0,0,"Dylan Coleman",22276,669395
"Joe Barlow","TEX",31,0,0,0,0,0,0,0,0,0,0,0,0,0,,,0,0,0,0,"Joe Barlow",22296,669618
"Chris Rodriguez","LAA",15,0,0,0,0,0,0,0,0,0,0,0,0,0,,,0,0,0,0,"Chris Rodriguez",22310,669735
"A.J. Alexy","TEX",5,0,0,0,0,0,0,0,0,0,0,0,0,0,,,0,0,0,0,"A.J. Alexy",22343,669935
"Stephen Ridings","NYY",5,0,0,0,0,0,0,0,0,0,0,0,0,0,,,0,0,0,0,"Stephen Ridings",22358,670050
"Nivaldo Rodriguez","HOU",4,0,0,0,0,0,0,0,0,0,0,0,0,0,,,0,0,0,0,"Nivaldo Rodriguez",22449,670550
"Angel Zerpa","KCR",1,0,0,0,0,0,0,0,0,0,0,0,0,0,,,0,0,0,0,"Angel Zerpa",22717,672582
"Roansy Contreras","PIT",1,0,0,0,0,0,0,0,0,0,0,0,0,0,,,0,0,0,0,"Roansy Contreras",22810,672710
"Luis Patiño","TBR",19,0,0,0,0,0,0,0,0,0,0,0,0,0,,,0,0,0,0,"Luis Patino",22815,672715
"Codi Heuer","- - -",65,0,0,0,0,0,0,0,0,0,0,0,0,0,,,0,0,0,0,"Codi Heuer",23293,676051
"Janson Junk","LAA",4,0,0,0,0,0,0,0,0,0,0,0,0,0,,,0,0,0,0,"Janson Junk",23301,676083
"Damon Jones","PHI",1,0,0,0,0,0,0,0,0,0,0,0,0,0,,,0,0,0,0,"Damon Jones",23310,676103
"Nick Snyder","TEX",4,0,0,0,0,0,0,0,0,0,0,0,0,0,,,0,0,0,0,"Nick Snyder",23493,676766
"Brett de Geus","- - -",47,0,0,0,0,0,0,0,0,0,0,0,0,0,,,0,0,0,0,"Brett de Geus",23592,676969
"Randy Dobnak","MIN",14,0,0,0,0,0,0,0,0,0,0,0,0,0,,,0,0,0,0,"Randy Dobnak",23798,677976
"Nick Allgeyer","TOR",1,0,0,0,0,0,0,0,0,0,0,0,0,0,,,0,0,0,0,"Nick Allgeyer",24486,680430
"Jonathan Stiever","CHW",1,0,0,0,0,0,0,0,0,0,0,0,0,0,,,0,0,0,0,"Jonathan Stiever",24584,680692
"Andrew Wantz","LAA",21,0,0,0,0,0,0,0,0,0,0,0,0,0,,,0,0,0,0,"Andrew Wantz",24933,681806
"Austin Warren","LAA",16,0,0,0,0,0,0,0,0,0,0,0,0,0,,,0,0,0,0,"Austin Warren",24937,681810
"Cooper Criswell","LAA",1,0,0,0,0,0,0,0,0,0,0,0,0,0,,,0,0,0,0,"Cooper Criswell",24975,681867
"Brady Singer","KCR",27,0,0,0,0,0,0,0,0,0,0,0,0,0,,,0,0,0,0,"Brady Singer",25377,663903
"Garrett Crochet","CHW",54,0,0,0,0,0,0,0,0,0,0,0,0,0,,,0,0,0,0,"Garrett Crochet",27463,676979
"Hyeon-Jong Yang","TEX",12,0,0,0,0,0,0,0,0,0,0,0,0,0,,,0,0,0,0,"Hyeon-Jong Yang",27513,660365
"Hirokazu Sawamura","BOS",55,0,0,0,0,0,0,0,0,0,0,0,0,0,,,0,0,0,0,"Hirokazu Sawamura",27515,617228
"Tzu-Wei Lin","MIN",1,0,0,0,0,0,0,0,0,0,0,0,0,0,,,0,0,-0.0009026927873492241,-0.00009051779833639214,"Tzu-Wei Lin",14678,624407
"Ryan McBroom","KCR",7,9,0,1,0,0,0.111111111,0.666666666,0,1,0.25,0.333333333,0.25,0.2722030215793186,0.1471907827589247,66.30366697850629,0.15709943254478276,-0.21420249839077743,-0.10802468657493591,-0.0014015526520043762,"Ryan McBroom",16524,643436
"Kenta Maeda","MIN",23,4,0,2,0,0,0,0.25,0,0.5,0.333333333,0.333333333,0.333333333,0.29301844040552777,0.15800000230471292,85.694457310338,0.0018885873723775148,-0.06817080811620514,-0.10802468657493591,-0.00393033417408903,"Kenta Maeda",18498,628317
"Mitch Keller","PIT",24,32,0,2,0,0,0.0625,0.4375,0,0.214285714,0.107142857,0.166666666,0.107142857,0.13401996890703838,0.18198113441467284,-23.299573336945425,0.03549928846769035,-4.9874500284018195,3.8700273036956787,-0.004377601857073754,"Mitch Keller",17594,656605
"Ashton Goudeau","- - -",16,6,0,0,0,0,0,0.666666666,0,0.5,0.166666666,0.166666666,0.166666666,0.14650922020276388,0.13783333698908487,-28.288275603849044,-0.0036323677777545527,-0.9835407256301743,0.7256301045417786,-0.005673509642256033,"Ashton Goudeau",15139,623485
"Robert Gsellman","NYM",18,6,0,0,0,0,0.166666666,0.666666666,0,0,0,0.166666666,0,0.11528609196345012,0.13511950771013895,-29.720230656380846,-0.003422521287575364,-0.9942686263147869,0.7256301045417786,-0.006749253200143732,"Robert Gsellman",13696,607229
"Michael Lorenzen","CIN",27,1,0,1,0,0,0,1,0,0,0,0,0,0,0,-100,0.14938411116600037,-0.12304125421622014,0.01766994036734104,-0.00720138146953708,"Michael Lorenzen",14843,547179
"Kyle Muller","ATL",9,13,0,0,0,0,0.076923076,0.538461538,0,0.25,0.09090909,0.166666666,0.09090909,0.130897656083107,0.112059752146403,-25.34564417334881,-0.018990071024745703,-2.0934251262162737,1.5721986293792725,-0.008524273262463133,"Kyle Muller",20167,666205
"Jake Diekman","OAK",67,1,0,0,0,0,0,1,0,0,0,0,0,0,0,-100,0,-0.2559687166748307,0.12093835324048996,-0.01010578055805092,"Jake Diekman",5003,518617
"Josh Fleming","TBR",26,1,0,0,0,0,0,1,0,0,0,0,0,0,0,-100,0,-0.2560427530942223,0.12093835324048996,-0.010113204582895208,"Josh Fleming",20418,676596
"Phil Maton","- - -",65,1,0,0,0,0,0,0,0,0,0,0,0,0,0.08399999886751175,-100,0,-0.25898208164551473,0.12093835324048996,-0.010407946662126372,"Phil Maton",18064,664208
"Sam Hentges","CLE",30,1,0,0,0,0,0,1,0,0,0,0,0,0,0,-100,0,-0.25898208164551473,0.12093835324048996,-0.010407946662126372,"Sam Hentges",18548,656529
"Logan Allen","CLE",14,1,0,0,0,0,0,1,0,0,0,0,0,0,0,-100,0,-0.25898208164551473,0.12093835324048996,-0.010407946662126372,"Logan Allen",18555,663531
"J.C. Mejía","CLE",17,1,0,0,0,0,0,1,0,0,0,0,0,0,0,-100,0,-0.25898208164551473,0.12093835324048996,-0.010407946662126372,"J.C. Mejia",20617,650496
"Nestor Cortes","NYY",23,1,0,0,0,0,0,0,0,0,0,0,0,0,0.15600000321865082,-100,0,-0.25903647833445287,0.12093835324048996,-0.010413401306927434,"Nestor Cortes",17874,641482
"Danny Coulombe","MIN",29,1,0,0,0,0,0,1,0,0,0,0,0,0,0,-100,0,-0.2599518939194939,0.12093835324048996,-0.010505194887735873,"Danny Coulombe",13293,543056
"Charlie Barnes","MIN",9,1,0,0,0,0,0,1,0,0,0,0,0,0,0,-100,0,-0.2599518939194939,0.12093835324048996,-0.010505194887735873,"Charlie Barnes",19865,656212
"Mark Melancon","SDP",64,1,0,0,0,0,0,0,0,0,0,0,0,0,,-100,0,-0.2597134231863282,0.12093835324048996,-0.01055095343957745,"Mark Melancon",4264,453343
"Pedro Avila","SDP",1,1,0,0,0,0,0,1,0,0,0,0,0,0,0,-100,0,-0.2597134231863282,0.12093835324048996,-0.01055095343957745,"Pedro Avila",18864,658648
"Adrian Morejon","SDP",2,1,0,0,0,0,0,0,0,0,0,0,0,0,0.2150000035762787,-100,0,-0.2597134231863282,0.12093835324048996,-0.01055095343957745,"Adrian Morejon",20039,670970
"Jake Odorizzi","HOU",24,1,0,0,0,0,0,0,0,0,0,0,0,0,0.2290000021457672,-100,0,-0.2604752674041054,0.12093835324048996,-0.010557676325716338,"Jake Odorizzi",6397,543606
"Nick Tropeano","- - -",5,1,0,0,0,0,0,1,0,0,0,0,0,0,0,-100,0,-0.2605262070236466,0.12093835324048996,-0.010632455590152412,"Nick Tropeano",12385,607374
"Seth Lugo","NYM",46,1,0,0,0,0,0,0,0,0,0,0,0,0,0.16899999976158142,-100,0,-0.2605262070236466,0.12093835324048996,-0.010632455590152412,"Seth Lugo",12447,607625
"Anthony Banda","- - -",30,1,0,1,0,0,0,0,0,0,0,0,0,0,0.2759999930858612,-100,0,-0.2605262070236466,0.12093835324048996,-0.010632455590152412,"Anthony Banda",14706,607455
"Jake Reed","- - -",10,1,0,0,0,0,0,0,0,0,0,0,0,0,0.07800000160932541,-100,0,-0.2605262070236466,0.12093835324048996,-0.010632455590152412,"Jake Reed",16209,596082
"Drew Smith","NYM",31,1,0,0,0,0,0,0,0,0,0,0,0,0,0.04399999976158142,-100,0,-0.2605262070236466,0.12093835324048996,-0.010632455590152412,"Drew Smith",17755,622098
"Stephen Nogosek","NYM",1,1,0,0,0,0,0,1,0,0,0,0,0,0,0,-100,0,-0.2605262070236466,0.12093835324048996,-0.010632455590152412,"Stephen Nogosek",19545,668665
"Yennsy Díaz","NYM",20,1,0,0,0,0,0,1,0,0,0,0,0,0,0,-100,0,-0.2605262070236466,0.12093835324048996,-0.010632455590152412,"Yennsy Diaz",20218,660546
"Thomas Szapucki","NYM",1,1,0,0,0,0,0,1,0,0,0,0,0,0,0,-100,0,-0.2605262070236466,0.12093835324048996,-0.010632455590152412,"Thomas Szapucki",21065,663378
"Josh Sborz","TEX",63,1,0,0,0,0,0,1,0,0,0,0,0,0,0,-100,0,-0.2618125199613831,0.12093835324048996,-0.010691769739334868,"Josh Sborz",18323,622250
"John King","TEX",27,1,0,0,0,0,0,0,0,0,0,0,0,0,0.24500000476837158,-100,0,-0.2618125199613831,0.12093835324048996,-0.010691769739334868,"John King",22051,667463
"Drew Hutchison","DET",9,1,0,0,0,0,0,0,0,0,0,0,0,0,0.06199999898672104,-100,0,-0.26183716648199773,0.12093835324048996,-0.01069424117680945,"Drew Hutchison",10732,571800
"José Ureña","DET",26,1,0,0,0,0,0,1,0,0,0,0,0,0,0,-100,0,-0.26183716648199773,0.12093835324048996,-0.01069424117680945,"Jose Urena",11589,570632
"Matt Manning","DET",18,1,0,0,0,0,0,1,0,0,0,0,0,0,0,-100,0,-0.26183716648199773,0.12093835324048996,-0.01069424117680945,"Matt Manning",20369,666159
"Rony García","DET",2,1,0,0,0,0,0,1,0,0,0,0,0,0,0,-100,0,-0.26183716648199773,0.12093835324048996,-0.01069424117680945,"Rony Garcia",20430,665621
"Tyler Chatwood","- - -",32,1,0,0,0,0,0,1,0,0,0,0,0,0,0,-100,0,-0.26151939921953893,0.12093835324048996,-0.010732048244660106,"Tyler Chatwood",4338,543022
"Jay Jackson","SFG",23,1,0,0,0,0,0,0,0,0,0,0,0,0,0.17499999701976776,-100,0,-0.26151939921953893,0.12093835324048996,-0.010732048244660106,"Jay Jackson",7432,543351
"John Brebbia","SFG",18,1,0,0,0,0,0,1,0,0,0,0,0,0,0,-100,0,-0.26151939921953893,0.12093835324048996,-0.010732048244660106,"John Brebbia",12777,605154
"Matt Wisler","- - -",48,1,0,0,0,0,0,1,0,0,0,0,0,0,0,-100,0,-0.26151939921953893,0.12093835324048996,-0.010732048244660106,"Matt Wisler",12804,605538
"Sam Selman","- - -",25,1,0,0,0,0,0,1,0,0,0,0,0,0,0,-100,0,-0.26151939921953893,0.12093835324048996,-0.010732048244660106,"Sam Selman",13397,572125
"José Ruiz","CHW",59,1,0,0,0,0,0,0,0,0,0,0,0,0,0.10400000214576721,-100,0,-0.26268241994955754,0.12093835324048996,-0.010778999229595482,"Jose Ruiz",14552,614179
"Michael Kopech","CHW",44,1,0,0,0,0,0,0,0,0,0,0,0,0,0.09799999743700027,-100,0,-0.26268241994955754,0.12093835324048996,-0.010778999229595482,"Michael Kopech",17282,656629
"José Cisnero","DET",67,0,0,0,0,0,0,0,0,0,0,0,0,0,,,0,0,-0.10802468657493591,-0.010832208844224585,"Jose Cisnero",6399,542585
"Mike Wright Jr.","CHW",13,0,0,0,0,0,0,0,0,0,0,0,0,0,,,0,0,-0.10802468657493591,-0.010832208844224585,"Mike Wright Jr.",12586,605541
"Tony Watson","- - -",62,1,0,0,0,0,0,1,0,0,0,0,0,0,0,-100,0,-0.26377597146609044,0.12093835324048996,-0.010888655446008436,"Tony Watson",3132,453265
"Alex Cobb","LAA",18,1,0,0,0,0,0,0,0,0,0,0,0,0,0.05700000002980232,-100,0,-0.26377597146609044,0.12093835324048996,-0.010888655446008436,"Alex Cobb",6562,502171
"José Suarez","LAA",23,1,0,0,0,0,0,1,0,0,0,0,0,0,0,-100,0,-0.26377597146609044,0.12093835324048996,-0.010888655446008436,"Jose Suarez",19911,660761
"Packy Naughton","LAA",7,1,0,0,0,0,0,1,0,0,0,0,0,0,0,-100,0,-0.26377597146609044,0.12093835324048996,-0.010888655446008436,"Packy Naughton",23292,676050
"Kenley Jansen","LAD",69,1,0,0,0,0,0,1,0,0,0,0,0,0,0,-100,0,-0.26320828192808843,0.12093835324048996,-0.010901401480410688,"Kenley Jansen",3096,445276
"Nate Jones","- - -",20,1,0,0,0,0,0,0,0,0,0,0,0,0,0.7670000195503235,-100,0,-0.26320828192808843,0.12093835324048996,-0.010901401480410688,"Nate Jones",4696,518858
"James Sherfy","- - -",14,1,0,0,0,0,0,0,0,0,0,0,0,0,0.09099999815225601,-100,0,-0.26320828192808843,0.12093835324048996,-0.010901401480410688,"James Sherfy",15118,642073
"Yefry Ramírez","LAD",1,1,0,0,0,0,0,0,0,0,0,0,0,0,0.061000000685453415,-100,0,-0.26320828192808843,0.12093835324048996,-0.010901401480410688,"Yefry Ramirez",15655,606162
"Thomas Eshelman","BAL",9,1,0,0,0,0,0,0,0,0,0,0,0,0,0.12300000339746475,-100,0,-0.2639475806889794,0.12093835324048996,-0.010905863613889937,"Thomas Eshelman",18361,664045
"Tyler Webb","STL",22,1,0,0,0,0,0,1,0,0,0,0,0,0,0,-100,0,-0.26325982504465795,0.12093835324048996,-0.01090656998236025,"Tyler Webb",14974,643778
"Alex Reyes","STL",70,1,0,0,0,0,0,0,0,0,0,0,0,0,0.4059999883174896,-100,0,-0.26325982504465795,0.12093835324048996,-0.01090656998236025,"Alex Reyes",15015,621052
"Brandon Waddell","- - -",9,1,0,0,0,0,0,1,0,0,0,0,0,0,0,-100,0,-0.26325982504465795,0.12093835324048996,-0.01090656998236025,"Brandon Waddell",18347,663399
"Junior Fernández","STL",18,1,0,0,0,0,0,1,0,0,0,0,0,0,0,-100,0,-0.26325982504465795,0.12093835324048996,-0.01090656998236025,"Junior Fernandez",18496,658551
"Luke Weaver","ARI",13,22,0,1,1,0,0.045454545,0.545454545,0,0.285714285,0.105263157,0.15,0.105263157,0.12249135971069336,0.1225858449935913,-29.66282671399817,0.12284938176162541,-3.5086452787840896,2.6606438159942627,-0.01100889756402329,"Luke Weaver",16918,596133
"Johnny Cueto","SFG",22,37,0,1,0,1,0.081081081,0.243243243,0,0.1,0.068965517,0.15625,0.068965517,0.11978938430547714,0.1646609753370285,-27.573636163935923,0.18288739654235542,-5.826219117698102,4.474719047546387,-0.011025982019967906,"Johnny Cueto",6893,456501
"Craig Kimbrel","- - -",63,1,0,0,0,0,0,1,0,0,0,0,0,0,0,-100,0,-0.26494916223862386,0.12093835324048996,-0.011075968791776476,"Craig Kimbrel",6655,518886
"Dan Winkler","CHC",47,1,0,0,0,0,0,0,0,0,0,0,0,0,0.2669999897480011,-100,0,-0.26494916223862386,0.12093835324048996,-0.011075968791776476,"Dan Winkler",12237,595465
"Jake Jewell","CHC",10,1,0,0,0,0,0,1,0,0,0,0,0,0,0,-100,0,-0.26494916223862386,0.12093835324048996,-0.011075968791776476,"Jake Jewell",16958,657228
"Scott Effross","CHC",14,1,0,0,1,0,0,0,0,0,0,0,0,0,0.017999999225139618,-100,0,-0.26494916223862386,0.12093835324048996,-0.011075968791776476,"Scott Effross",18384,664123
"Michael Rucker","CHC",20,1,0,0,0,0,0,1,0,0,0,0,0,0,0,-100,0,-0.26494916223862386,0.12093835324048996,-0.011075968791776476,"Michael Rucker",19454,621074
"Manuel Rodríguez","CHC",20,1,0,0,0,0,0,1,0,0,0,0,0,0,0,-100,0,-0.26494916223862386,0.12093835324048996,-0.011075968791776476,"Manuel Rodriguez",20794,655889
"Alek Manoah","TOR",20,1,0,0,0,0,0,1,0,0,0,0,0,0,0,-100,0,-0.26626971059420323,0.12093835324048996,-0.01113871590806767,"Alek Manoah",26410,666201
"Tyler Zuber","KCR",31,1,0,0,0,0,0,1,0,0,0,0,0,0,0,-100,0,-0.2664705931482575,0.12093835324048996,-0.011158859468282191,"Tyler Zuber",20379,676604
"Jordan Zimmermann","MIL",2,1,0,0,0,0,0,1,0,0,0,0,0,0,0,-100,0,-0.26641571962216115,0.12093835324048996,-0.011223028286825282,"Jordan Zimmermann",4505,519455
"Josh Lindblom","MIL",8,1,0,0,0,0,0,1,0,0,0,0,0,0,0,-100,0,-0.26641571962216115,0.12093835324048996,-0.011223028286825282,"Josh Lindblom",7882,458676
"Zack Godley","MIL",2,1,0,0,0,0,0,0,0,0,0,0,0,0,,-100,0,-0.26641571962216115,0.12093835324048996,-0.011223028286825282,"Zack Godley",14862,643327
"Justin Topa","MIL",4,1,0,0,0,0,0,1,0,0,0,0,0,0,0,-100,0,-0.26641571962216115,0.12093835324048996,-0.011223028286825282,"Justin Topa",15145,623437
"Miguel Sánchez","MIL",28,1,0,1,0,0,0,0,0,0,0,0,0,0,0.1289999932050705,-100,0,-0.26641571962216115,0.12093835324048996,-0.011223028286825282,"Miguel Sanchez",20074,667376
"Alec Bettinger","MIL",4,1,0,0,0,0,0,1,0,0,0,0,0,0,0,-100,0,-0.26641571962216115,0.12093835324048996,-0.011223028286825282,"Alec Bettinger",20312,676424
"Javy Guerra","WSN",6,1,0,0,0,0,0,1,0,0,0,0,0,0,0,-100,0,-0.26661095463612294,0.12093835324048996,-0.011242605538210982,"Javy Guerra",7407,457915
"Kyle McGowin","WSN",27,1,0,0,0,0,0,1,0,0,0,0,0,0,0,-100,0,-0.26661095463612294,0.12093835324048996,-0.011242605538210982,"Kyle McGowin",15071,641851
"Wander Suero","WSN",45,1,0,0,0,0,0,0,0,0,0,0,0,0,0.041999999433755875,-100,0,-0.26661095463612294,0.12093835324048996,-0.011242605538210982,"Wander Suero",15855,593833
"Patrick Murphy","- - -",25,1,0,0,0,0,0,1,0,0,0,0,0,0,0,-100,0,-0.26661095463612294,0.12093835324048996,-0.011242605538210982,"Patrick Murphy",19712,641907
"Richard Bleier","MIA",68,1,0,0,0,0,0,0,0,0,0,0,0,0,,-100,0,-0.266689826482322,0.12093835324048996,-0.01125051443697335,"Richard Bleier",7803,542947
"Luís Madero","MIA",6,1,0,0,0,0,0,0,0,0,0,0,0,0,0.2849999964237213,-100,0,-0.266689826482322,0.12093835324048996,-0.01125051443697335,"Luis Madero",20399,650347
"Héctor Neris","PHI",74,1,0,0,0,0,0,1,0,0,0,0,0,0,0,-100,0,-0.26678532802441335,0.12093835324048996,-0.011260090883632713,"Hector Neris",11804,593576
"Archie Bradley","PHI",53,1,0,0,0,0,0,1,0,0,0,0,0,0,0,-100,0,-0.26678532802441335,0.12093835324048996,-0.011260090883632713,"Archie Bradley",12918,605151
"Sam Coonrod","PHI",42,1,0,0,0,0,0,1,0,0,0,0,0,0,0,-100,0,-0.26678532802441335,0.12093835324048996,-0.011260090883632713,"Sam Coonrod",17264,656322
"JD Hammer","PHI",20,1,0,0,0,0,0,1,0,0,0,0,0,0,0,-100,0,-0.26678532802441335,0.12093835324048996,-0.011260090883632713,"JD Hammer",19548,670456
"Adonis Medina","PHI",4,1,0,0,0,0,0,1,0,0,0,0,0,0,0,-100,0,-0.26678532802441335,0.12093835324048996,-0.011260090883632713,"Adonis Medina",19903,658431
"Ramón Rosso","PHI",7,1,0,0,0,0,0,0,0,0,0,0,0,0,,-100,0,-0.26678532802441335,0.12093835324048996,-0.011260090883632713,"Ramon Rosso",20368,665759
"Hans Crouse","PHI",2,1,0,0,0,0,0,1,0,0,0,0,0,0,0,-100,0,-0.26678532802441335,0.12093835324048996,-0.011260090883632713,"Hans Crouse",22192,668968
"Joey Bart","SFG",2,6,0,1,1,0,0,0.333333333,0,0.5,0.333333333,0.333333333,0.333333333,0.29301844040552777,0.3210000197092692,85.01058415353808,-0.006845042575150728,-0.1213391676082948,-0.19247912801802158,-0.011279668991485832,"Joey Bart",21524,663698
"Nick Ciuffo","BAL",2,6,0,0,0,0,0.166666666,0.166666666,0.2,0.25,0.2,0.333333333,0.4,0.3222271800041199,0.27486952145894367,102.16944327051901,0.06246086931787431,0.07839768703005774,-0.3967464864253998,-0.011315938987592124,"Nick Ciuffo",16291,624419
"Shelby Miller","- - -",13,1,0,0,0,0,0,0,0,0,0,0,0,0,0.07900000363588333,-100,0,-0.2678523554740212,0.12093835324048996,-0.011367087391034328,"Shelby Miller",10197,571946
"Clay Holmes","- - -",69,1,0,0,0,0,0,1,0,0,0,0,0,0,0,-100,0,-0.2678523554740212,0.12093835324048996,-0.011367087391034328,"Clay Holmes",13649,605280
"David Bednar","PIT",61,1,0,0,0,0,0,1,0,0,0,0,0,0,0,-100,0,-0.2678523554740212,0.12093835324048996,-0.011367087391034328,"David Bednar",19569,670280
"Sean Poppen","- - -",24,1,0,0,0,0,0,1,0,0,0,0,0,0,0,-100,0,-0.2678523554740212,0.12093835324048996,-0.011367087391034328,"Sean Poppen",19583,664092
"Nick Mears","PIT",30,1,0,0,0,0,0,1,0,0,0,0,0,0,0,-100,0,-0.2678523554740212,0.12093835324048996,-0.011367087391034328,"Nick Mears",25376,683232
"Edgar Santana","ATL",41,1,0,0,0,0,0,1,0,0,0,0,0,0,0,-100,0,-0.26787378334381795,0.12093835324048996,-0.01136923607730304,"Edgar Santana",17355,650828
"A.J. Minter","ATL",61,1,0,0,0,0,0,1,0,0,0,0,0,0,0,-100,0,-0.26787378334381795,0.12093835324048996,-0.01136923607730304,"A.J. Minter",18655,621345
"Chris Sale","BOS",9,1,0,0,0,0,0,1,0,0,0,0,0,0,0,-100,0,-0.26885327392199254,0.12093835324048996,-0.011397783519520355,"Chris Sale",10603,519242
"Tanner Houck","BOS",18,1,0,0,0,0,0,1,0,0,0,0,0,0,0,-100,0,-0.26885327392199254,0.12093835324048996,-0.011397783519520355,"Tanner Houck",19879,656557
"Dillon Peters","PIT",6,8,0,1,0,0,0.125,0.5,0,0,0,0.166666666,0,0.11528609196345012,0.14145283897717795,-35.47500727799989,0.027030098950490355,-1.3527072286887885,0.9675068259239197,-0.011708012645483087,"Dillon Peters",18790,596071
"Mike Brosseau","TBR",57,169,5,21,18,2,0.088757396,0.313609467,0.16,0.244680851,0.186666666,0.266272189,0.346666666,0.26824733420941954,0.2778991383208326,72.14762420585059,-0.18445788300596178,-5.947489569795337,0.04198276996612549,-0.011757700998892569,"Mike Brosseau",19683,670712
"R.J. Alaniz","CIN",3,1,0,0,0,0,0,1,0,0,0,0,0,0,0,-100,0,-0.2724253653822205,0.12093835324048996,-0.011825647373413548,"R.J. Alaniz",10819,595798
"Heath Hembree","- - -",60,1,0,0,0,0,0,1,0,0,0,0,0,0,0,-100,0,-0.2724253653822205,0.12093835324048996,-0.011825647373413548,"Heath Hembree",11632,592390
"Ryan Hendrix","CIN",36,1,0,0,0,0,0,0,0,0,0,0,0,0,0.2290000021457672,-100,0,-0.2724253653822205,0.12093835324048996,-0.011825647373413548,"Ryan Hendrix",19535,641682
"Taylor Motter","- - -",16,29,0,5,1,0,0.103448275,0.275862068,0.115384615,0.277777777,0.192307692,0.275862068,0.307692307,0.25937726374330194,0.2368962518100081,49.133922163888585,-0.023153865477070212,-1.9414425114136524,0.8397310264408588,-0.012408732299736996,"Taylor Motter",12399,600301
"Ryan Castellani","COL",1,1,0,0,0,0,0,0,0,0,0,0,0,0,0.12800000607967377,-100,0,-0.28453658216574407,0.12093835324048996,-0.013040103380798477,"Ryan Castellani",16377,624418
"Ryan Feltner","COL",2,1,0,0,0,0,0,1,0,0,0,0,0,0,0,-100,0,-0.28453658216574407,0.12093835324048996,-0.013040103380798477,"Ryan Feltner",21446,663372
"David Peterson","NYM",16,20,0,2,0,0,0,0.5,0.0625,0.166666666,0.0625,0.117647058,0.125,0.11550464700250064,0.11399600085090189,-29.57818838459395,0.07912129885517061,-3.2200824981084155,2.418766975402832,-0.013056969696694981,"David Peterson",20302,656849
"Daniel Johnson","CLE",30,81,4,9,5,1,0.049382716,0.333333333,0.155844156,0.282608695,0.22077922,0.259259259,0.376623376,0.2743291332397932,0.27204996273841386,73.85680530081231,0.2089166974183172,-2.383744290291185,-0.5229237675666809,-0.01327813666555494,"Daniel Johnson",19643,669288
"Corey Ray","MIL",1,3,0,1,0,0,0.333333333,0.333333333,0,0,0,0.333333333,0,0.23057218392690024,0.35757235685984295,40.57968651937422,-0.003422521287575364,-0.23035854303939096,-0.007662232965230942,-0.013773328089871872,"Corey Ray",19170,641999
"Jeff Hoffman","CIN",32,16,0,1,1,0,0,0.1875,0,0.166666666,0.133333333,0.133333333,0.133333333,0.1172073761622111,0.23420000076293945,-37.81848880837899,0.18098148657009006,-2.626227271242409,1.9350136518478394,-0.015475505719010824,"Jeff Hoffman",17432,656546
"Alec Bohm","PHI",115,417,7,46,47,4,0.074340527,0.26618705,0.094736842,0.327067669,0.247368421,0.304556354,0.342105263,0.28501052593441606,0.31222519472420934,75.66966810344947,-0.3286614886019379,-13.244759508050501,-0.9021236896514893,-0.015478331464010536,"Alec Bohm",21618,664761
"Eric Campbell","SEA",4,12,0,1,0,0,0.083333333,0.083333333,0,0.3,0.272727272,0.333333333,0.272727272,0.27740687628587085,0.3092055916786194,78.0505465883526,-0.11246103886514902,-0.43494417788708284,-0.13567783311009407,-0.016006127980643332,"Eric Campbell",6938,493472
"Dinelson Lamet","SDP",22,7,0,0,0,0,0.142857142,0.857142857,0,0,0,0.142857142,0,0.09881665025438581,0.09881671837397984,-39.78552205182816,-0.003422521287575364,-1.2491053464772048,0.8465684652328491,-0.01681119298916217,"Dinelson Lamet",17186,659275
"Eugenio Suárez","CIN",145,574,31,71,79,0,0.097560975,0.297909407,0.229702971,0.224025974,0.198019801,0.285714285,0.427722772,0.3061116346083452,0.3226526506271096,84.95328591932727,-5.1186145353131,-16.113755580810256,-3.3225488662719727,-0.017609424706803045,"Eugenio Suarez",12552,553993
"Brandon Woodruff","MIL",30,58,0,0,2,0,0.051724137,0.48275862,0,0.25,0.115384615,0.163636363,0.115384615,0.13362693786621094,0.14194819710471412,-22.426515713376862,-0.10575697780586779,-9.145388481575146,7.0144243240356445,-0.018527032680136002,"Brandon Woodruff",16162,605540
"Tyler Anderson","- - -",31,40,1,1,1,0,0.025,0.725,0.076923077,0.333333333,0.102564102,0.125,0.179487179,0.13338502794504165,0.11183771789073944,-23.191007367656102,-0.10275950375944376,-6.368084454080125,4.837534099817276,-0.01867701196833843,"Tyler Anderson",12880,542881
"Chris Bassitt","OAK",27,2,0,0,0,0,0,1,0,0,0,0,0,0,0,-100,0,-0.5119374333496614,0.24187670648097992,-0.02021156111610184,"Chris Bassitt",12304,605135
"Tyler Glasnow","TBR",14,2,0,0,0,0,0,1,0,0,0,0,0,0,0,-100,0,-0.5120855061884446,0.24187670648097992,-0.020226409165790417,"Tyler Glasnow",14374,607192
"Darren McCaughan","SEA",2,2,0,0,0,0,0,0,0,0,0,0,0,0,0.1834999918937683,-100,0,-0.5127879469271226,0.24187670648097992,-0.0202968466280345,"Darren McCaughan",20038,670766
"Yusei Kikuchi","SEA",29,2,0,0,0,0,0,1,0,0,0,0,0,0,0,-100,0,-0.5127879469271226,0.24187670648097992,-0.0202968466280345,"Yusei Kikuchi",20633,579328
"Eli Morgan","CLE",18,2,0,0,0,0,0,1,0,0,0,0,0,0,0,-100,0,-0.5179641632910295,0.24187670648097992,-0.020815893324252745,"Eli Morgan",20203,669212
"Corey Kluber","NYY",16,2,0,0,0,0,0,0.5,0,0,0,0,0,0,0.039000000804662704,-100,0,-0.5180729566689057,0.24187670648097992,-0.020826802613854868,"Corey Kluber",2429,446372
"Joe Ryan","MIN",5,2,0,0,0,0,0,1,0,0,0,0,0,0,0,-100,0,-0.5199037878389878,0.24187670648097992,-0.021010389775471747,"Joe Ryan",21390,657746
"Emilio Pagán","SDP",67,2,0,0,0,0,0,0.5,0,0,0,0,0,0,0.008500000461935997,-100,0,-0.5194268463726563,0.24187670648097992,-0.0211019068791549,"Emilio Pagan",14771,641941
"Zack Greinke","HOU",30,2,0,0,0,0,0,0.5,0,0,0,0,0,0,0.02449999935925007,-100,0,-0.5209505348082109,0.24187670648097992,-0.021115352651432676,"Zack Greinke",1943,425844
"Corey Oswalt","NYM",3,2,0,0,0,0,0,0,0,0,0,0,0,0,,-100,0,-0.5210524140472932,0.24187670648097992,-0.021264911180304824,"Corey Oswalt",13677,621261
"Mike Foltynewicz","TEX",28,2,0,0,0,0,0,1,0,0,0,0,0,0,0,-100,0,-0.5236250399227662,0.24187670648097992,-0.021383539478669736,"Mike Foltynewicz",10811,592314
"Kolby Allard","TEX",32,2,0,0,0,0,0,0.5,0,0,0,0,0,0,0.0024999999441206455,-100,0,-0.5236250399227662,0.24187670648097992,-0.021383539478669736,"Kolby Allard",18694,663465
"Kohei Arihara","TEX",10,2,0,0,0,0,0,0.5,0,0,0,0,0,0,0.04800000041723251,-100,0,-0.5236250399227662,0.24187670648097992,-0.021383539478669736,"Kohei Arihara",27505,685503
"Tyler Alexander","DET",41,2,0,0,0,0,0,0.5,0,0,0,0,0,0,0,-100,0,-0.5236743329639955,0.24187670648097992,-0.0213884823536189,"Tyler Alexander",17735,641302
"Jarlín García","SFG",58,2,0,0,0,0,0,1,0,0,0,0,0,0,0,-100,0,-0.5230387984390779,0.24187670648097992,-0.02146409648932021,"Jarlin Garcia",18282,606424
"Caleb Baragar","SFG",25,2,0,0,0,0,0,1,0,0,0,0,0,0,0,-100,0,-0.5230387984390779,0.24187670648097992,-0.02146409648932021,"Caleb Baragar",19231,670056
"Dallas Keuchel","CHW",32,2,0,0,0,0,0,0.5,0,0,0,0,0,0,0.02199999988079071,-100,0,-0.5253648398991151,0.24187670648097992,-0.021557998459190965,"Dallas Keuchel",9434,572971
"Romy Gonzalez","CHW",10,33,0,4,2,0,0.03030303,0.333333333,0.09375,0.38095238,0.25,0.272727272,0.34375,0.2670282649271416,0.26336342096328735,65.90075015152195,0.2178146825172007,-1.159904868799131,-0.18586957827210426,-0.021611729627206828,"Romy Gonzalez",21562,663853
"Junior Guerra","LAA",41,2,0,0,0,0,0,0.5,0,0,0,0,0,0,0.07699999958276749,-100,0,-0.5275519429321809,0.24187670648097992,-0.02177731089201687,"Junior Guerra",5702,448855
"Corey Knebel","LAD",27,2,0,0,0,0,0,0,0,0,0,0,0,0,0.11100000143051147,-100,0,-0.5264165638561769,0.24187670648097992,-0.021802802960821377,"Corey Knebel",15010,608349
"Dennis Santana","- - -",55,2,0,0,0,0,0,1,0,0,0,0,0,0,0,-100,0,-0.5264165638561769,0.24187670648097992,-0.021802802960821377,"Dennis Santana",17878,642701
"Brusdar Graterol","LAD",34,2,0,0,0,0,0,0,0,0,0,0,0,0,0.08300000429153442,-100,0,-0.5264165638561769,0.24187670648097992,-0.021802802960821377,"Brusdar Graterol",20367,660813
"Jorge López","BAL",33,2,0,0,0,0,0,0.5,0,0,0,0,0,0,0.02850000001490116,-100,0,-0.5278951613779588,0.24187670648097992,-0.021811727227779874,"Jorge Lopez",14527,605347
"Keegan Akin","BAL",24,2,0,0,0,0,0,1,0,0,0,0,0,0,0,-100,0,-0.5278951613779588,0.24187670648097992,-0.021811727227779874,"Keegan Akin",19362,669211
"Seth Elledge","STL",11,2,0,0,0,0,0,0,0,0,0,0,0,0,0.11400000005960464,-100,0,-0.5265196500893159,0.24187670648097992,-0.0218131399647205,"Seth Elledge",19766,676220
"Rex Brothers","CHC",57,2,0,0,0,0,0,1,0,0,0,0,0,0,0,-100,0,-0.5298983244772477,0.24187670648097992,-0.022151937583552953,"Rex Brothers",9794,571521
"Kyle Ryan","CHC",13,2,0,0,0,0,0,0,0,0,0,0,0,0,0.20149999856948853,-100,0,-0.5298983244772477,0.24187670648097992,-0.022151937583552953,"Kyle Ryan",11753,594986
"Tommy Nance","CHC",27,2,0,0,0,0,0,0.5,0,0,0,0,0,0,0.07699999958276749,-100,0,-0.5298983244772477,0.24187670648097992,-0.022151937583552953,"Tommy Nance",19178,667297
"Steven Matz","TOR",29,2,0,0,0,0,0,0.5,0,0,0,0,0,0,0.04800000041723251,-100,0,-0.5325394211884065,0.24187670648097992,-0.02227743181613534,"Steven Matz",13361,571927
"Jakob Junis","KCR",16,2,0,0,0,0,0,0.5,0,0,0,0,0,0,0,-100,0,-0.532941186296515,0.24187670648097992,-0.022317718936564382,"Jakob Junis",13619,596001
"Hunter Strickland","- - -",57,2,0,0,0,0,0,0.5,0,0,0,0,0,0,0.3243750035762787,-100,0,-0.5328314392443223,0.24187670648097992,-0.022446056573650564,"Hunter Strickland",7836,519326
"Colin Rea","MIL",1,2,0,0,0,0,0,1,0,0,0,0,0,0,0,-100,0,-0.5328314392443223,0.24187670648097992,-0.022446056573650564,"Colin Rea",12317,607067
"Daniel Norris","- - -",56,2,0,0,0,0,0,0,0,0,0,0,0,0,0.1080000028014183,-100,0,-0.5328314392443223,0.24187670648097992,-0.022446056573650564,"Daniel Norris",13475,596057
"Jandel Gustave","MIL",14,2,0,0,0,0,0,1,0,0,0,0,0,0,0,-100,0,-0.5328314392443223,0.24187670648097992,-0.022446056573650564,"Jandel Gustave",14665,594311
"Ryne Harper","WSN",34,2,0,0,0,0,0,0.5,0,0,0,0,0,0,0,-100,0,-0.5332219092722459,0.24187670648097992,-0.022485211076421964,"Ryne Harper",12680,607560
"Sam Clay","WSN",58,2,0,0,0,0,0,0.5,0,0,0,0,0,0,0.06800000369548798,-100,0,-0.5332219092722459,0.24187670648097992,-0.022485211076421964,"Sam Clay",16279,621348
"Jefry Rodriguez","WSN",14,2,0,0,0,0,0,0.5,0,0,0,0,0,0,0.2290000021457672,-100,0,-0.5332219092722459,0.24187670648097992,-0.022485211076421964,"Jefry Rodriguez",17018,622446
"Joan Adon","WSN",1,2,0,0,0,0,0,1,0,0,0,0,0,0,0,-100,0,-0.5332219092722459,0.24187670648097992,-0.022485211076421964,"Joan Adon",22925,672851
"Steven Okert","MIA",34,2,0,0,0,0,0,0.5,0,0,0,0,0,0,0.12600000202655792,-100,0,-0.533379652964644,0.24187670648097992,-0.0225010288739467,"Steven Okert",13580,595345
"Adam Cimber","- - -",72,2,0,0,0,0,0,0.5,0,0,0,0,0,0,0.2709999978542328,-100,0,-0.533379652964644,0.24187670648097992,-0.0225010288739467,"Adam Cimber",15288,643256
"Anthony Bender","MIA",61,2,0,0,0,0,0,0.5,0,0,0,0,0,0,0.2214999943971634,-100,0,-0.533379652964644,0.24187670648097992,-0.0225010288739467,"Anthony Bender",19742,669622
"Zach Pop","MIA",50,2,0,0,0,0,0,0.5,0,0,0,0,0,0,0,-100,0,-0.533379652964644,0.24187670648097992,-0.0225010288739467,"Zach Pop",20185,647315
"Chris Stratton","PIT",68,2,0,0,0,0,0,1,0,0,0,0,0,0,0,-100,0,-0.5357047109480424,0.24187670648097992,-0.022734174782068656,"Chris Stratton",13761,608717
"Tanner Anderson","PIT",1,2,0,0,0,0,0,0.5,0,0,0,0,0,0,0.10350000113248825,-100,0,-0.5357047109480424,0.24187670648097992,-0.022734174782068656,"Tanner Anderson",18029,664196
"Jacob Webb","ATL",34,2,0,0,0,0,0,1,0,0,0,0,0,0,0,-100,0,-0.5357475666876359,0.24187670648097992,-0.02273847215460608,"Jacob Webb",19274,657097
"Spencer Strider","ATL",2,2,0,0,0,0,0,0.5,0,0,0,0,0,0,0,-100,0,-0.5357475666876359,0.24187670648097992,-0.02273847215460608,"Spencer Strider",27498,675911
"Nick Pivetta","BOS",31,2,0,0,0,0,0,1,0,0,0,0,0,0,0,-100,0,-0.5377065478439851,0.24187670648097992,-0.02279556703904071,"Nick Pivetta",15454,601713
"Tyler Ladendorf","CHC",1,1,0,0,0,0,0,0,0,0,0,0,0,0,0.07699999958276749,-100,0,-0.26494916223862386,0,-0.02320309955339951,"Tyler Ladendorf",3211,502285
"Otto Lopez","TOR",1,1,0,0,0,0,0,1,0,0,0,0,0,0,0,-100,0,-0.26626971059420323,0,-0.023265846669690705,"Otto Lopez",19608,672640
"Cody Wilson","WSN",1,1,0,0,0,0,0,0,0,0,0,0,0,0,0.00800000037997961,-100,0,-0.26661095463612294,0,-0.023369736299834017,"Cody Wilson",24671,680963
"Sonny Gray","CIN",26,43,0,4,0,0,0.023255813,0.232558139,0,0.193548387,0.146341463,0.166666666,0.146341463,0.14204877331143334,0.15252968160117544,-21.673683816619363,-0.21637816145084798,-6.876962878539229,5.2003493309021,-0.023438278864498896,"Sonny Gray",12768,543243
"Anthony Bemboom","LAA",8,28,0,2,2,0,0.035714285,0.357142857,0,0.352941176,0.222222222,0.25,0.222222222,0.21307315996715,0.19784704276493617,28.546075255066462,0.15151221142150462,-2.2980370416620914,1.103889323771,-0.023579466893220734,"Anthony Bemboom",13854,621532
"Lucas Sims","CIN",47,2,0,0,0,0,0,0.5,0,0,0,0,0,0,0.08749999850988388,-100,0,-0.544850730764441,0.24187670648097992,-0.023651294746827096,"Lucas Sims",13470,608371
"Sal Romano","- - -",19,2,0,0,0,0,0,0.5,0,0,0,0,0,0,0.04500000178813934,-100,0,-0.544850730764441,0.24187670648097992,-0.023651294746827096,"Sal Romano",13690,607219
"Carson Fulmer","CIN",20,2,0,0,0,0,0,0,0,0,0,0,0,0,0.12950000166893005,-100,0,-0.544850730764441,0.24187670648097992,-0.023651294746827096,"Carson Fulmer",18311,608334
"Cionel Pérez","CIN",25,2,0,0,0,0,0,0,0,0,0,0,0,0,0.07249999791383743,-100,0,-0.544850730764441,0.24187670648097992,-0.023651294746827096,"Cionel Perez",19614,672335
"Griffin Canning","LAA",16,1,0,0,0,0,0,0,0,0,0,0,0,0,,-100,0,-0.26377597146609044,-0.010288064368069172,-0.024047425042893852,"Griffin Canning",19867,656288
"Tucupita Marcano","SDP",25,50,0,7,3,0,0.12,0.18,0.022727273,0.228571428,0.181818181,0.28,0.204545454,0.2309066617488861,0.28784175872802736,46.061802240266445,-0.1118594363797456,-3.545174662282442,1.6244931146502495,-0.024358955792666177,"Tucupita Marcano",22871,672779
"Peter Lambert","COL",2,2,0,0,0,0,0,0.5,0,0,0,0,0,0,0.08349999785423279,-100,0,-0.5690731643314881,0.24187670648097992,-0.026080206761596954,"Peter Lambert",17969,663567
"Luis Marté","MIA",4,7,0,2,0,0,0.142857142,0.285714285,0,0.25,0.166666666,0.285714285,0.166666666,0.22439598185675486,0.22853100299835205,36.35036387730373,0.0206255572848022,-0.546580955834739,0.04173959232866764,-0.0270698065773667,"Luis Marte",14515,606336
"Sean Newcomb","ATL",32,2,0,0,0,0,0,0.5,0,0,0,0,0,0,0,-100,-0.043696410953998566,-0.5794439776416345,0.24187670648097992,-0.027120143272609566,"Sean Newcomb",16943,656794
"Trevor Cahill","PIT",9,9,0,0,0,0,0,0.444444444,0,0.2,0.111111111,0.111111111,0.111111111,0.09767281346850926,0.10099999772177802,-46.922147101022176,-0.003422521287575364,-1.6867825854117213,1.0884451866149902,-0.02971563121376547,"Trevor Cahill",6249,502239
"Michael Wacha","TBR",30,3,0,0,0,0,0,1,0,0,0,0,0,0,0,-100,0,-0.7681282592826669,0.3628150522708893,-0.030339614495794878,"Michael Wacha",14078,608379
"Chris Flexen","SEA",31,3,0,0,0,0,0,0,0,0,0,0,0,0,0.09966666499773662,-100,0,-0.7691819203906839,0.3628150522708893,-0.030445270689161016,"Chris Flexen",13896,623167
"Jacob Wilson","- - -",12,21,0,3,1,0,0.047619047,0.142857142,0.15,0.176470588,0.15,0.19047619,0.3,0.2085903286933899,0.23217531045277914,29.43952895323333,0.21762637188658118,-1.5965638538443998,0.5702691567130387,-0.030788969519575903,"Jacob Wilson",13254,607111
"Domingo Germán","NYY",22,3,0,0,0,0,0,0.666666666,0,0,0,0,0,0,0,-100,0,-0.7771094350033586,0.3628150522708893,-0.03124020466789157,"Domingo German",17149,593334
"Michael Pineda","MIN",22,3,0,0,0,0,0,0.333333333,0,0,0,0,0,0,0.07300000389417012,-100,0,-0.7798556817584817,0.3628150522708893,-0.031515585410316876,"Michael Pineda",5372,501381
"Griffin Jax","MIN",18,3,0,0,0,0,0,0.666666666,0,0,0,0,0,0,0.005666666974623998,-100,0,-0.7798556817584817,0.3628150522708893,-0.031515585410316876,"Griffin Jax",20253,643377
"Nick Ramirez","SDP",13,3,0,0,0,0,0,0.333333333,0,0,0,0,0,0,0.3633333444595337,-100,0,-0.7791402695589845,0.3628150522708893,-0.03165286106584163,"Nick Ramirez",12575,598286
"Miguel Díaz","SDP",25,3,0,0,0,0,0,0.333333333,0,0,0,0,0,0,0.12300000588099162,-100,0,-0.7791402695589845,0.3628150522708893,-0.03165286106584163,"Miguel Diaz",18815,622766
"Tarik Skubal","DET",31,3,0,0,0,0,0,0.666666666,0,0,0,0,0,0,0,-100,0,-0.7855114994459932,0.3628150522708893,-0.03208272427753761,"Tarik Skubal",22267,669373
"Carlos Rodón","CHW",24,3,0,0,0,0,0,0.333333333,0,0,0,0,0,0,0.13800000150998434,-100,0,-0.7880472598486726,0.3628150522708893,-0.0323369984358957,"Carlos Rodon",16137,607074
"Jaime Barria","LAA",13,3,0,0,0,0,0,1,0,0,0,0,0,0,0,-100,0,-0.7913279143982713,0.3628150522708893,-0.03266596708513457,"Jaime Barria",18356,642545
"Joe Kelly","LAD",48,3,0,0,0,0,0,0,0,0,0,0,0,0,0.20933334032694498,-100,0,-0.7896248457842653,0.3628150522708893,-0.03270420518834134,"Joe Kelly",9761,523260
"Jimmy Nelson","LAD",28,3,0,0,0,0,0,1,0,0,0,0,0,0,0,-100,0,-0.7896248457842653,0.3628150522708893,-0.03270420518834134,"Jimmy Nelson",10547,519076
"Evan Phillips","- - -",8,3,0,0,0,0,0,1,0,0,0,0,0,0,0,-100,0,-0.7896248457842653,0.3628150522708893,-0.03270420518834134,"Evan Phillips",17734,623465
"Wilfredo Tovar","NYM",6,12,0,0,1,0,0.083333333,0.333333333,0,0.285714285,0.181818181,0.25,0.181818181,0.20415226618448892,0.23839308818181357,28.035258881667463,-0.010267563862726092,-1.109648640747728,0.3799816928803921,-0.03279046353717078,"Wilfredo Tovar",10416,541600
"Braden Bishop","SEA",8,5,0,1,0,0,0,0.4,0,0.5,0.25,0.25,0.25,0.2197638303041458,0.15299999713897705,39.09683049899464,-0.02319624670781195,-0.39602719509806256,-0.10631202184595168,-0.03320006587406254,"Braden Bishop",17806,623323
"Shawn Morimando","MIA",4,3,0,0,0,0,0,0.333333333,0,0,0,0,0,0,0.04500000178813934,-100,0,-0.8000694794469659,0.3628150522708893,-0.033751544058029326,"Shawn Morimando",13606,596049
"Daz Cameron","DET",35,115,4,16,13,6,0.086956521,0.330434782,0.165048543,0.262295081,0.194174757,0.278260869,0.3592233,0.28056474820427274,0.2787345554517663,75.73873877144709,2.1827676764223725,-1.2331962128661926,-3.0431572794914246,-0.03385311706712253,"Daz Cameron",18353,663662
"Miguel Yajure","PIT",4,3,0,0,0,0,0,1,0,0,0,0,0,0,0,-100,0,-0.8035570664220636,0.3628150522708893,-0.03410126292021226,"Miguel Yajure",21111,664337
"Jesse Chavez","ATL",30,3,0,0,0,0,0,1,0,0,0,0,0,0,0,-100,0,-0.8036213500314539,0.3628150522708893,-0.034107708979018395,"Jesse Chavez",5448,445926
"Martín Pérez","BOS",36,3,0,0,0,0,0,1,0,0,0,0,0,0,0,-100,0,-0.8065598217659776,0.3628150522708893,-0.03419335130567032,"Martin Perez",6902,527048
"Jake Lamb","- - -",55,170,7,25,19,0,0.129411764,0.3,0.173611111,0.238636363,0.194444444,0.305882352,0.368055555,0.29775168159428766,0.31389220742618335,85.99068830226601,0.20577041595242918,-2.710097022771521,-3.4536990895867348,-0.034223310785304856,"Jake Lamb",13329,571875
"Miguel Andujar","NYY",45,162,6,19,12,0,0.043209876,0.172839506,0.12987013,0.272727272,0.253246753,0.283950617,0.383116883,0.2877477499437921,0.30091926197946806,82.88033850982997,-0.7537396936677396,-4.149306224772351,-1.7518235221505165,-0.0353598068435059,"Miguel Andujar",15878,609280
"JT Brubaker","PIT",25,43,0,0,3,0,0.093023255,0.348837209,0,0.130434782,0.078947368,0.166666666,0.078947368,0.12866743263744174,0.1682528867954161,-26.778268748675288,-0.05949967144988477,-6.999516384998352,5.2003493309021,-0.03572736961447631,"JT Brubaker",17578,664141
"Emmanuel Rivera","KCR",29,98,1,13,5,2,0.081632653,0.214285714,0.077777778,0.323529411,0.255555555,0.31632653,0.333333333,0.28907992766827956,0.3239720986813915,77.70865429414133,0.6667446582578123,-2.00788970180372,-1.7205843329429626,-0.03729966007147653,"Emmanuel Rivera",19890,656896
"Sam Long","SFG",12,11,0,0,0,0,0,0.363636363,0,0.166666666,0.1,0.1,0.1,0.08790553212165833,0.2069000005722046,-48.295440690536815,-0.0035629024350782856,-2.080234045193757,1.3303219079971313,-0.03818531576059811,"Sam Long",25379,669674
"Stephen Vogt","- - -",78,238,7,24,25,0,0.109243697,0.235294117,0.138095238,0.229729729,0.195238095,0.282700421,0.333333333,0.2697837395870939,0.29523112520258477,65.66868417501112,-0.34731836686842144,-10.749265687984927,2.3806875348091125,-0.038348975808363994,"Stephen Vogt",5000,519390
"Yency Almonte","COL",48,3,0,0,0,0,0,0.666666666,0,0,0,0,0,0,0.023333333432674408,-100,0,-0.8536097464972322,0.3628150522708893,-0.03912031088950471,"Yency Almonte",15068,622075
"Isaac Paredes","DET",23,85,1,7,5,0,0.117647058,0.129411764,0.111111111,0.225806451,0.208333333,0.305882352,0.319444444,0.2742544206834975,0.28896738234020414,71.47437864805818,-1.4862397657707334,-4.454869926342779,1.1493802070617676,-0.03953237853788457,"Isaac Paredes",20036,670623
"Mason Williams","NYM",17,37,1,3,1,0,0.108108108,0.243243243,0.121212121,0.260869565,0.212121212,0.297297297,0.333333333,0.2699608720011181,0.25298118591308594,70.80528108721487,-0.5218424145132303,-1.8970025249830618,0.25907212495803833,-0.03974787190349488,"Mason Williams",11859,592863
"Jordan Holloway","MIA",13,10,0,0,0,0,0,0.6,0,0.25,0.1,0.1,0.1,0.08790553212165833,0.1125,-52.35687271545358,-0.003495314325846266,-1.9430824440070211,1.209383487701416,-0.039924293638372896,"Jordan Holloway",20631,656548
"Frankie Montas","OAK",32,4,0,0,0,0,0,0.75,0,0,0,0,0,0,0.027000000700354576,-100,0,-1.0238748666993227,0.48375341296195984,-0.04042312223220368,"Frankie Montas",14309,593423
"Ryan Yarbrough","TBR",30,4,0,0,0,0,0,0.5,0,0,0,0,0,0,0.16200000047683716,-100,0,-1.0241710123768892,0.48375341296195984,-0.040452818331580834,"Ryan Yarbrough",16502,642232
"Marco Gonzales","SEA",25,4,0,0,0,0,0,0.5,0,0,0,0,0,0,0.1862500011920929,-100,0,-1.0255758938542452,0.48375341296195984,-0.040593693256069,"Marco Gonzales",15467,594835
"Tyler Payne","CHC",1,2,0,0,0,0,0,1,0,0,0,0,0,0,0,-100,0,-0.5298983244772477,0.05632714554667473,-0.040757977172478844,"Tyler Payne",21139,665066
"Justin Steele","CHC",20,13,0,3,0,0,0,0.307692307,0,0.222222222,0.153846153,0.153846153,0.153846153,0.13523928018716666,0.20299998919169107,-20.226631467706884,-0.431290075648576,-2.4210069144665964,1.5721986293792725,-0.04137263835751506,"Justin Steele",17312,657006
"Jordan Montgomery","NYY",30,4,0,0,0,0,0,1,0,0,0,0,0,0,0,-100,0,-1.0361459133378115,0.48375341296195984,-0.041653605227709736,"Jordan Montgomery",16511,656756
"Joseph Odom","TBR",2,2,0,0,0,0,0,0.5,0,0,0,0,0,0,0.09799999743700027,-100,0,-0.5120855061884446,0.026831675320863724,-0.04179011615070507,"Joseph Odom",15535,641929
"Chase De Jong","PIT",10,15,0,1,0,0,0,0.333333333,0.083333333,0.142857142,0.083333333,0.083333333,0.166666666,0.10347054402033488,0.12633333603541055,-43.15411309747089,-0.0008774836896918714,-2.7345238598857695,1.814075231552124,-0.04182687671705759,"Chase De Jong",15036,608328
"Framber Valdez","HOU",22,4,0,0,0,0,0,0.5,0,0,0,0,0,0,0.05849999934434891,-100,0,-1.0419010696164217,0.48375341296195984,-0.04223070530286535,"Framber Valdez",17295,664285
"Rodolfo Castro","PIT",31,93,5,9,8,0,0.064516129,0.29032258,0.197674419,0.222222222,0.197674418,0.258064516,0.395348837,0.281491086688093,0.28790457352348,72.54416782583722,-0.09922133036889136,-3.3498308582901486,-0.19331294298171997,-0.04236719690964982,"Rodolfo Castro",21987,666801
"Lance McCullers Jr.","HOU",30,4,0,0,0,0,0,0.75,0,0,0,0,0,0,0.017999999225139618,-100,-0.004911469761282206,-1.046812539377704,0.48375341296195984,-0.04272320445165387,"Lance McCullers Jr.",14120,621121
"Scott Kazmir","SFG",5,4,0,0,0,0,0,0.5,0,0,0,0,0,0,0.01833333323399226,-100,0,-1.0460775968781557,0.48375341296195984,-0.04292819297864042,"Scott Kazmir",4897,431148
"José Berríos","- - -",32,4,0,0,0,0,0,0.5,0,0,0,0,0,0,0.06233333547910055,-100,0,-1.0524432090273943,0.48375341296195984,-0.04328782159160709,"Jose Berrios",14168,621244
"Robert Stock","- - -",3,4,0,0,0,0,0,0.5,0,0,0,0,0,0,0.27176785096526146,-100,0,-1.050950738524541,0.48375341296195984,-0.04341684876385778,"Robert Stock",6576,476594
"Dustin May","LAD",5,4,0,0,0,0,0,0.75,0,0,0,0,0,0,0,-100,0,-1.0528331277123537,0.48375341296195984,-0.043605605921642754,"Dustin May",19716,669160
"Andre Jackson","LAD",3,4,0,0,0,0,0,0.75,0,0,0,0,0,0,0.016750000417232513,-100,0,-1.0528331277123537,0.48375341296195984,-0.043605605921642754,"Andre Jackson",21298,656578
"Bruce Zimmermann","BAL",14,4,0,0,0,0,0,0.75,0,0,0,0,0,0,0.0767500028014183,-100,0,-1.0557903227559176,0.48375341296195984,-0.04362345445555975,"Bruce Zimmermann",20370,669145
"Cody Poteet","MIA",8,11,0,1,1,0,0,0.272727272,0,0.142857142,0.1,0.1,0.1,0.08790553212165833,0.13769999742507935,-52.35687271545358,-0.009266638429835439,-2.142812481079128,1.3303219079971313,-0.044460387766338455,"Cody Poteet",18769,547001
"Taijuan Walker","NYM",31,51,0,0,1,0,0.019607843,0.56862745,0,0.277777777,0.106382978,0.142857142,0.106382978,0.11854950262575734,0.13977977062793487,-27.59929001707272,-0.038699660217389464,-8.323187750180537,6.167855739593506,-0.04452384390795483,"Taijuan Walker",11836,592836
"Hyun Jin Ryu","TOR",31,4,0,0,0,0,0,0.5,0,0,0,0,0,0,0.11550000309944153,-100,0,-1.065078842376813,0.48375341296195984,-0.04455486363227068,"Hyun Jin Ryu",14444,547943
"Carlos Hernández","KCR",24,4,0,0,0,0,0,1,0,0,0,0,0,0,0,-100,0,-1.06588237259303,0.48375341296195984,-0.044635437873128764,"Carlos Hernandez",22713,672578
"Alex Young","- - -",40,4,0,0,0,0,0,1,0,0,0,0,0,0,0,-100,0,-1.0656584379426088,0.48375341296195984,-0.0448916678701745,"Alex Young",18333,622065
"Brent Suter","MIL",61,4,0,0,0,0,0,0.75,0,0,0,0,0,0,0.054999999701976776,-100,0,-1.0656628784886446,0.48375341296195984,-0.04489211314730113,"Brent Suter",13942,608718
"David Hess","- - -",15,4,0,0,0,0,0,0.75,0,0,0,0,0,0,0.01600000075995922,-100,0,-1.066759305929288,0.48375341296195984,-0.0450020577478934,"David Hess",16130,605276
"Duane Underwood Jr.","PIT",43,4,0,0,0,0,0,1,0,0,0,0,0,0,0,-100,0,-1.0714094218960848,0.48375341296195984,-0.04546834956413731,"Duane Underwood Jr.",14677,621249
"Kevin Padlo","- - -",10,15,0,1,0,0,0.133333333,0.6,0.076923077,0.25,0.076923076,0.2,0.153846153,0.175005308787028,0.1703228791554769,9.745493079937386,-0.009421730181202292,-1.6784808080031484,0.706563288345933,-0.04594286653206836,"Kevin Padlo",16593,656821
"Pete Kozma","OAK",3,12,0,0,0,0,0.083333333,0.333333333,0,0.142857142,0.09090909,0.166666666,0.09090909,0.130897656083107,0.19680974880854288,-20.609352347060202,-0.006845042575150728,-1.7788473704164063,0.8964157551527023,-0.04727293245044416,"Pete Kozma",2539,518902
"Matt Thaiss","LAA",3,8,0,1,0,0,0.125,0.125,0,0.166666666,0.142857142,0.25,0.142857142,0.1963464841246605,0.2979646325111389,17.242609749554678,-0.036132965702563524,-0.8467184651745745,0.09808728098869324,-0.04759377638743519,"Matt Thaiss",19318,642136
"Ronnie Dawson","HOU",3,6,0,2,0,0,0.166666666,0,0,0.2,0.2,0.333333333,0.2,0.261795312166214,0.29661951462427777,64.16718107791769,-0.2033337508328259,-0.4665630830007459,-0.21604937314987183,-0.04784258978788792,"Ronnie Dawson",19710,669008
"Daniel Vogelbach","MIL",93,258,9,30,24,0,0.166666666,0.220930232,0.162790697,0.255033557,0.218604651,0.348837209,0.381395348,0.3245742975042024,0.3372884942579639,101.67310181330025,-4.005278067663312,-3.455750708011938,-5.711156010627747,-0.05110642744417038,"Daniel Vogelbach",14130,596129
"Taylor Jones","HOU",35,108,2,11,16,0,0.037037037,0.268518518,0.156862745,0.315068493,0.245098039,0.268518518,0.401960784,0.28322063552008736,0.24578226392514238,78.64587402058542,-0.6451965463347733,-3.468825409881551,-0.7709335088729858,-0.05422460106320057,"Taylor Jones",19533,622100
"Daniel Ponce de Leon","STL",24,5,0,0,0,0,0,1,0,0,0,0,0,0,0,-100,0,-1.3162991252232898,0.604691743850708,-0.05453285215312908,"Daniel Ponce de Leon",16110,594965
"Charlie Blackmon","COL",150,582,13,76,78,3,0.092783505,0.156357388,0.140077821,0.305084745,0.270428015,0.350515463,0.410505836,0.3326478823121772,0.35828096320830194,92.68609564956513,-2.247084334725514,-7.666088751735533,-12.41331434249878,-0.0551782635424487,"Charlie Blackmon",7859,453568
"Hunter Owen","PIT",3,5,0,0,0,0,0,0.6,0,0,0,0.2,0,0.14438649415969848,0.18558640480041505,-16.56220958719397,-0.003422521287575364,-0.7453731714061291,0.022497303783893585,-0.05566280309568374,"Hunter Owen",20034,670462
"Robbie Ray","TOR",32,5,0,0,0,0,0,0.2,0,0,0,0,0,0,0.101500004529953,-100,0,-1.3313485529710163,0.604691743850708,-0.05569358178166615,"Robbie Ray",11486,592662
"Kris Bubic","KCR",29,5,0,0,0,0,0,0.2,0,0,0,0,0,0,0.07159999608993531,-100,0,-1.3323529657412876,0.604691743850708,-0.05579429958273877,"Kris Bubic",21455,663460
"Daniel Castano","MIA",5,5,0,0,0,0,0,0.4,0,0,0,0,0,0,0.07400000095367432,-100,0,-1.33344913241161,0.604691743850708,-0.05625257442619457,"Daniel Castano",19805,641447
"Paul Campbell","MIA",16,5,0,0,0,0,0,0.4,0,0,0,0,0,0,0.0393999993801117,-100,0,-1.33344913241161,0.604691743850708,-0.05625257442619457,"Paul Campbell",22248,669294
"Bailey Falter","PHI",22,5,0,0,0,0,0,1,0,0,0,0,0,0,0,-100,0,-1.3339266401220669,0.604691743850708,-0.05630045665949137,"Bailey Falter",20070,663559
"Seby Zavala","CHW",37,104,5,15,15,0,0.057692307,0.394230769,0.193548388,0.255319148,0.182795698,0.24,0.376344086,0.26541262269020083,0.21784686038368625,64.80893989188164,0.2096516154706478,-4.271274116101192,0.14168810844421387,-0.05691470187111761,"Seby Zavala",18887,664874
"Sean Kazmar Jr.","ATL",3,2,0,0,0,0,0,0,0,0,0,0,0,0,0.12700000405311584,-100,0,-0.5357475666876359,-0.10802468657493591,-0.05782494252207673,"Sean Kazmar Jr.",7349,453527
"Rich Hill","- - -",32,26,0,0,0,0,0,0.384615384,0,0.214285714,0.125,0.125,0.125,0.1098819151520729,0.08837500214576721,-34.14620381316518,-0.16914389352314174,-4.597495827965712,3.1443972289562225,-0.05794747644562959,"Rich Hill",4806,448179
"John Curtiss","- - -",44,5,0,1,0,0,0,0.6,0,0,0,0,0,0,0.05019999742507934,-100,-0.018468016758561134,-1.3519171491701711,0.604691743850708,-0.05810446051640416,"John Curtiss",16128,595928
"Jake Woodford","STL",26,20,0,0,0,0,0,0.45,0,0.222222222,0.111111111,0.111111111,0.111111111,0.09767281346850926,0.16416666242811415,-43.31465990253081,-0.03433648915961385,-3.6832860230704507,2.418766975402832,-0.05950484637059891,"Jake Woodford",18674,663765
"Joey Lucchesi","NYM",11,11,0,1,0,0,0.09090909,0.636363636,0,0,0,0.09090909,0,0.0628833228891546,0.09997427463531494,-63.77759396209986,-0.003422521287575364,-2.29689966143302,1.3303219079971313,-0.05991152741535946,"Joey Lucchesi",19320,664192
"Shane Bieber","CLE",16,6,0,0,0,0,0,0.5,0,0,0,0,0,0,0.018799999356269838,-100,0,-1.5538924898730884,0.7256301045417786,-0.06244768146697677,"Shane Bieber",19427,669456
"Luis Garcia","HOU",30,6,0,0,0,0,0,0.166666666,0,0,0,0,0,0,0.1556666692097982,-100,0,-1.5628516044246326,0.7256301045417786,-0.06334605944851654,"Luis Garcia",23735,677651
"Jordan Lyles","TEX",32,6,0,0,0,0,0,0.833333333,0,0,0,0,0,0,0.03499999890724818,-100,0,-1.5708751197682986,0.7256301045417786,-0.06415061993022775,"Jordan Lyles",7593,543475
"Matt Harvey","BAL",28,6,0,0,0,0,0,0.5,0,0,0,0,0,0,0.028200000524520874,-100,0,-1.5836854841338763,0.7256301045417786,-0.06543518317755814,"Matt Harvey",11713,518774
"Ross Stripling","TOR",24,6,0,0,0,0,0,0.333333333,0,0,0,0,0,0,0.10559999942779541,-100,0,-1.5976182635652194,0.7256301045417786,-0.06683229694262455,"Ross Stripling",13273,548389
"Sean Nolin","WSN",10,6,0,0,0,0,0,0.5,0,0,0,0,0,0,0.04139999747276306,-100,0,-1.5996657278167377,0.7256301045417786,-0.06745563472348445,"Sean Nolin",11341,543594
"Tucker Davidson","ATL",4,6,0,0,0,0,0,1,0,0,0,0,0,0,0,-100,0,-1.6072427000629077,0.7256301045417786,-0.06821541795803679,"Tucker Davidson",19871,656353
"Miles Mikolas","STL",9,15,0,0,0,0,0.066666666,0.333333333,0,0,0,0.111111111,0,0.07685739464230007,0.21496854888068306,-56.8429198370358,-0.003422521287575364,-2.9984680017663314,1.814075231552124,-0.06829395714757155,"Miles Mikolas",9803,571945
"Eduardo Rodriguez","BOS",32,6,0,0,0,0,0,0.5,0,0,0,0,0,0,0.027166664600372314,-100,0,-1.6131196435319552,0.7256301045417786,-0.06838670261134064,"Eduardo Rodriguez",13164,593958
"Kyle Hendricks","CHC",32,61,0,3,1,0,0.032786885,0.426229508,0.019230769,0.23076923,0.115384615,0.148148148,0.134615384,0.13000659699793216,0.13027234347361438,-23.627432524361424,-0.526503482600674,-10.126960971843248,7.377239227294922,-0.07047886220560906,"Kyle Hendricks",12049,543294
"Reiver Sanmartin","CIN",2,6,0,0,0,0,0,0.833333333,0,0,0,0,0,0,0.016166667143503826,-100,0,-1.634552192293323,0.7256301045417786,-0.07095388573469985,"Reiver Sanmartin",19754,665665
"Yohel Pozo","TEX",21,77,1,8,9,0,0.038961038,0.129870129,0.094594595,0.317460317,0.283783783,0.311688311,0.378378378,0.3001706429890224,0.29861740013221644,89.00803824651041,-0.44021604652516544,-1.4764742709413925,-1.8823282457888126,-0.07235378284541163,"Yohel Pozo",18848,650968
"Jared Hoying","TOR",2,3,0,0,0,0,0,0.333333333,0,0,0,0,0,0,0.04399999976158142,-100,0,-0.7988091317826097,-0.03086419217288494,-0.07289245642147059,"Jared Hoying",10882,592419
"Eli White","TEX",64,220,6,26,15,4,0.081818181,0.3,0.131313132,0.23015873,0.176767676,0.259090909,0.308080808,0.25334006439555773,0.24966718500310725,57.361114810012424,0.27924384642392397,-11.205745028426685,2.925484299659729,-0.07473091041278014,"Eli White",19346,642201
"Ender Inciarte","ATL",52,89,2,11,10,1,0.078651685,0.247191011,0.101265823,0.267857142,0.215189873,0.275862068,0.316455696,0.26167891148863165,0.2306379559396327,59.65109946455132,0.22452672105282545,-4.34708098095993,0.6106907725334167,-0.07520407854991173,"Ender Inciarte",4922,542255
"Rafael Marchán","PHI",20,56,1,7,4,0,0.071428571,0.178571428,0.115384616,0.268292682,0.23076923,0.285714285,0.346153846,0.27668763803584234,0.27962710176195416,70.26049561272441,-0.15252539818175137,-2.272687160350244,-0.3675785958766937,-0.07632692715744759,"Rafael Marchan",21646,665561
"Mike Minor","KCR",28,7,0,0,0,0,0,0.571428571,0,0,0,0,0,0,0.1642857108797346,-100,0,-1.8652941520378024,0.8465684652328491,-0.07811201702508459,"Mike Minor",10021,501985
"Brad Keller","KCR",26,7,0,0,0,0,0,0.428571428,0,0,0,0,0,0,0.0772000014781952,-100,0,-1.8652941520378024,0.8465684652328491,-0.07811201702508459,"Brad Keller",15734,641745
"Cody Ponce","PIT",15,7,0,0,0,0,0,0.571428571,0,0,0,0,0,0,0.041833331187566124,-100,0,-1.8749664883181483,0.8465684652328491,-0.07956961248434953,"Cody Ponce",17920,664074
"Cal Raleigh","SEA",47,148,2,6,13,0,0.047297297,0.351351351,0.129496402,0.26744186,0.179856115,0.222972972,0.309352517,0.23071859736700315,0.22790416511329445,46.49978568160042,-0.006218214286491275,-9.700581576364172,3.837865710258484,-0.07958987542426382,"Cal Raleigh",21534,663728
"Nick Neidert","MIA",8,12,0,0,0,0,0.083333333,0.416666666,0,0,0,0.083333333,0,0.05764304598172506,0.12314308683077495,-72.02492658376627,-0.0379005188588053,-2.6658672995320014,1.4512602090835571,-0.08141798626312344,"Nick Neidert",18699,663734
"Trey Amburgey","NYY",2,4,0,0,0,0,0,0.5,0,0,0,0,0,0,0.03074999898672104,-100,0,-1.0361459133378115,0.08563482016324997,-0.08157507020666971,"Trey Amburgey",18425,664011
"Blake Snell","SDP",27,37,0,1,0,0,0,0.459459459,0,0.235294117,0.117647058,0.117647058,0.117647058,0.10341827308430392,0.12835293657639446,-36.79485680106214,-0.08991776499897242,-6.533371834627744,4.474719047546387,-0.08193593934003851,"Blake Snell",13543,605483
"Jaylin Davis","SFG",5,9,0,1,0,0,0,0.111111111,0.111111111,0.125,0.111111111,0.111111111,0.222222222,0.1379607253604465,0.13011111153496635,-15.763802924325985,0,-1.3263634282444583,0.2001780867576599,-0.082645746861421,"Jaylin Davis",19552,664041
"Taylor Widener","ARI",23,18,0,1,0,0,0.055555555,0.611111111,0,0.2,0.0625,0.117647058,0.0625,0.09239834547042847,0.07704217994914335,-49.2207381955806,-0.1883767698891461,-3.607769099417896,2.1768903732299805,-0.08291613377601775,"Taylor Widener",19266,642203
"Pablo Sandoval","ATL",69,86,4,11,11,0,0.127906976,0.290697674,0.164383562,0.204545454,0.178082191,0.302325581,0.342465753,0.2905851082746373,0.31498460991438043,78.4376800807749,-0.6926384172402322,-3.053340485493783,-0.6659900089725852,-0.08358768927093922,"Pablo Sandoval",5409,467055
"Touki Toussaint","ATL",11,18,0,1,0,0,0.111111111,0.5,0,0,0,0.117647058,0,0.08137841785655302,0.12008435585919548,-57.5289565573398,-0.006845042575150728,-3.6166201465210475,2.1768903732299805,-0.08380367526075883,"Touki Toussaint",16929,657053
"Reiss Knehr","SDP",12,8,0,0,0,0,0,0.625,0,0,0,0,0,0,0.036249998956918716,-100,0,-2.0777073854906254,0.9675068259239197,-0.0844076275166196,"Reiss Knehr",21541,663753
"Asdrúbal Cabrera","- - -",110,352,7,34,42,1,0.102272727,0.227272727,0.13592233,0.28318584,0.229773462,0.3125,0.365695792,0.2971380707884786,0.28835886767786795,83.4537985233991,-3.487049456918612,-10.901657802254384,-1.7692399621009827,-0.0861828100813504,"Asdrubal Cabrera",4962,452678
"Humberto Arteaga","WSN",1,4,0,0,1,0,0,0,0,0,0,0,0,0,0.12224999815225601,-100,0,-1.0664438185444918,0.05068218195810914,-0.08839677373410906,"Humberto Arteaga",13595,600858
"Ryan Dorow","TEX",3,7,0,0,0,0,0.142857142,0.428571428,0,0,0,0.142857142,0,0.09881665025438581,0.1718167236873082,-47.061909704025496,-0.003422521287575364,-1.2637990239025894,0.13479286432266235,-0.08917042552793791,"Ryan Dorow",23559,676900
"Jhoulys Chacín","COL",46,7,0,0,0,0,0,0.285714285,0,0,0,0,0,0,0.16300000747044882,-100,0,-1.9917560751602084,0.8465684652328491,-0.09128072441269859,"Jhoulys Chacin",2608,468504
"Jack López","BOS",7,16,0,2,0,0,0.0625,0.375,0.153846154,0.285714285,0.153846153,0.214285714,0.307692307,0.22678640059062413,0.15273303644997732,33.66616646024259,-0.048910204553976655,-1.348352911217341,-0.139993354678154,-0.094293487842477,"Jack Lopez",13663,605346
"Stuart Fairchild","ARI",12,17,0,3,2,0,0.058823529,0.176470588,0.066666667,0.166666666,0.133333333,0.235294117,0.2,0.20790299247292912,0.27797937393188477,25.847503348788102,0.007855735020712018,-1.5969480619957186,0.07991582527756691,-0.0949199632847033,"Stuart Fairchild",20321,656413
"Taylor Gushue","CHC",2,4,0,0,0,0,0,0.75,0,0,0,0,0,0,0.006000000052154064,-100,0,-1.0597966489544954,-0.027071108110249043,-0.09552696194891035,"Taylor Gushue",16098,656494
"Josh Rogers","WSN",6,14,0,0,0,0,0.071428571,0.285714285,0,0,0,0.076923076,0,0.053208965521592363,0.16774746087881234,-74.84474870690251,-0.003422521287575364,-3.119640815454423,1.6931369304656982,-0.09593648363916454,"Josh Rogers",18510,642028
"Carlos Martinez","STL",16,25,0,1,0,0,0,0.6,0.041666667,0.222222222,0.083333333,0.083333333,0.125,0.08836257706085841,0.10754167040189107,-49.3655253319501,-0.0821573140565306,-4.835921377804816,3.02345871925354,-0.09762626333812835,"Carlos Martinez",11682,593372
"Scott Hurst","STL",7,5,0,0,0,0,0,0.2,0,0,0,0,0,0,0.14399999380111694,-100,0.17492477595806122,-1.1413743492652286,-0.01197129301726818,-0.09882829283780488,"Scott Hurst",20501,656568
"Zach McKinstry","LAD",60,172,7,19,29,1,0.058139534,0.290697674,0.189873418,0.262135922,0.215189873,0.263157894,0.405063291,0.28229897758539985,0.2736481386072495,76.71720343910121,-0.1213435148820281,-5.2194726774156415,-1.5553799867630005,-0.10061179354796862,"Zach McKinstry",19392,656716
"Vladimir Gutierrez","CIN",22,42,0,3,1,0,0.047619047,0.333333333,0,0.157894736,0.09090909,0.142857142,0.09090909,0.11487425906317575,0.13575525283813478,-39.33481739330502,-0.05519854021258652,-7.505197070679284,5.079410552978516,-0.10192658966319634,"Vladimir Gutierrez",19278,661269
"Phil Gosselin","LAA",104,373,7,40,47,4,0.064343163,0.217158176,0.101449275,0.321705426,0.260869565,0.313672922,0.36231884,0.29718630946673275,0.2887805610574702,85.38761943764214,0.2788430228829384,-6.394321969945644,-7.4052112102508545,-0.10270973683532253,"Phil Gosselin",10953,594838
"Dexter Fowler","LAA",7,21,0,3,1,1,0.047619047,0.285714285,0,0.357142857,0.25,0.285714285,0.25,0.242237769422077,0.26910159701392766,48.25478247578492,0.17859257833333686,-1.151836009629671,-0.6189196705818176,-0.1054400247624591,"Dexter Fowler",4062,451594
"J.A. Happ","- - -",30,15,0,0,0,0,0.066666666,0.333333333,0,0,0,0.066666666,0,0.04611443678538005,0.1212478001912435,-76.82323964305758,-0.003422521287575364,-3.380008759842776,1.814075231552124,-0.10655307462439786,"J.A. Happ",7410,457918
"Tony Wolters","CHC",14,30,0,3,0,0,0.166666666,0.4,0,0.25,0.125,0.275862068,0.125,0.21019823181218114,0.21888224831942854,28.490340814606668,-0.389596750959754,-3.12066911018798,1.0490519255399704,-0.10678926554391349,"Tony Wolters",11470,547172
"Aaron Sanchez","SFG",9,10,0,0,0,0,0,0.7,0,0,0,0,0,0,0.05460000038146973,-100,0,-2.6151939921953895,1.209383487701416,-0.1073204869292567,"Aaron Sanchez",11490,592717
"Edward Olivares","KCR",39,111,5,14,12,2,0.045045045,0.171171171,0.168316832,0.243589743,0.237623762,0.29090909,0.405940594,0.30076551545750013,0.302314584905451,85.60547968436933,-0.31939370767213404,-2.275634147178293,-2.616738438606262,-0.10936234564504865,"Edward Olivares",19698,658668
"Mike Tauchman","- - -",75,191,4,22,15,3,0.120418848,0.303664921,0.102409639,0.25,0.180722891,0.284210526,0.28313253,0.25960990504214637,0.27103848936696534,63.27016913758103,-0.6642418161500245,-9.559948765311159,2.048249028623104,-0.10945418862041223,"Mike Tauchman",15274,643565
"Mitch Moreland","OAK",81,252,10,28,30,0,0.071428571,0.23015873,0.187772926,0.25609756,0.227074235,0.285714285,0.414847161,0.2998321382772355,0.29524778941320995,93.55230835315808,-1.1824100580997765,-3.171740172941279,-6.581472307443619,-0.11252981445531163,"Mitch Moreland",3086,519048
"Yu Darvish","SDP",30,55,0,2,1,0,0,0.454545454,0.037735849,0.178571428,0.094339622,0.111111111,0.132075471,0.10819243501733851,0.15171038662945782,-33.69205574100427,-0.2592678377404809,-9.620123197845459,6.651609420776367,-0.11260685853586483,"Yu Darvish",13074,506433
"William Contreras","ATL",52,185,8,19,23,0,0.102702702,0.291891891,0.18404908,0.264705882,0.214723926,0.302702702,0.398773006,0.3033733335526093,0.3200165587044804,86.74894381780727,-0.7025596448220313,-3.8233850135783785,-3.511737585067749,-0.113051159589863,"William Contreras",20503,661388
"Ben Gamel","- - -",122,400,8,43,26,3,0.1275,0.2625,0.141176471,0.329004329,0.247058823,0.346733668,0.388235294,0.3220042246158677,0.31528865448152177,99.07781245086991,-0.39442377048544586,-0.7980340672619048,-13.77544854953885,-0.11427222164595849,"Ben Gamel",12160,592325
"Nabil Crismatt","SDP",45,11,0,0,0,0,0,0.545454545,0,0,0,0,0,0,0.04849999845027923,-100,0,-2.85684765504961,1.3303219079971313,-0.1160604855940241,"Nabil Crismatt",17732,622503
"Mitch White","LAD",21,16,0,1,0,0,0.0625,0.6875,0,0,0,0.0625,0,0.04323228448629379,0.06148231402039528,-78.65590689462087,-0.007308932486921549,-3.6463303062216683,1.9350136518478394,-0.11776665293615546,"Mitch White",19225,669952
"Ryan Vilade","COL",3,7,0,0,0,0,0.142857142,0.142857142,0,0,0,0.142857142,0,0.09881665025438581,0.3486738545554025,-59.28440825883248,-0.003422521287575364,-1.422867459333116,0.004455648362636566,-0.11867836564484803,"Ryan Vilade",22165,668723
"Johneshwy Fargas","- - -",22,54,0,4,5,1,0.018518518,0.277777777,0.134615384,0.351351351,0.25,0.264150943,0.384615384,0.2751897303563244,0.20888131398421067,72.87379245351195,-0.3745821921620518,-2.2393728466371785,-0.7622018605470657,-0.11928681312882883,"Johneshwy Fargas",16446,641561
"Adrian Sampson","CHC",11,11,0,0,0,0,0,0.636363636,0,0,0,0,0,0,0,-100,0,-2.9144407846248623,1.3303219079971313,-0.12183565446821337,"Adrian Sampson",13339,592716
"Tyler Gilbert","ARI",9,11,0,0,0,0,0,0.545454545,0,0,0,0,0,0,0.07500000132454766,-100,0,-2.930560704342174,1.3303219079971313,-0.12345208440165206,"Tyler Gilbert",17964,656457
"Elieser Hernández","MIA",11,18,0,1,0,0,0,0.388888888,0,0.142857142,0.071428571,0.071428571,0.071428571,0.06278966580118452,0.15071427822113037,-68.6800594310546,-0.15467009716667235,-4.019972657237267,2.1768903732299805,-0.12424997297706414,"Elieser Hernandez",16933,622694
"Merrill Kelly","ARI",27,58,0,1,1,0,0.068965517,0.465517241,0.021276595,0.15,0.063829787,0.137254901,0.085106382,0.11307104662352917,0.11284054961859011,-35.78523266564365,-0.1744120134972036,-10.20041381383168,7.0144243240356445,-0.12432002405366338,"Merrill Kelly",11156,518876
"José Devers","MIA",21,46,0,7,5,0,0.065217391,0.239130434,0.073170731,0.322580645,0.243902439,0.304347826,0.31707317,0.27555236868236377,0.28524094042570697,69.59768424423953,0.3507981498260051,-1.4295778895767612,-1.3675775527954102,-0.1257066849835506,"Jose Devers",20540,672701
"Dillon Thomas","SEA",4,9,0,2,2,0,0,0.777777777,0,0.5,0.111111111,0.111111111,0.111111111,0.09767281346850926,0.10022222333484226,-43.409198214064695,0.24153312272392213,-1.3387015033060847,-0.2517106644809246,-0.12856919388834548,"Dillon Thomas",12719,605504
"Abraham Almonte","ATL",64,175,5,20,19,1,0.148571428,0.217142857,0.182432432,0.254716981,0.216216216,0.331428571,0.398648648,0.3205874943733215,0.3169109300635327,97.93669094320954,-2.0155587366316468,-2.4752323525711306,-4.6953500509262085,-0.13019943669293826,"Abraham Almonte",5486,501659
"Chad Kuhl","PIT",28,24,0,1,0,0,0.041666666,0.458333333,0,0.1,0.047619047,0.09090909,0.047619047,0.07139872149987654,0.12575986168601297,-63.998082428694126,-0.007854651543311775,-5.018541431367043,2.9025204181671143,-0.1314304308057041,"Chad Kuhl",14975,641771
"Josiah Gray","- - -",14,24,0,0,0,0,0.041666666,0.5,0,0.1,0.045454545,0.086956521,0.045454545,0.06829442926075148,0.16437900584676993,-63.58480554976557,-0.007041837787255645,-5.030893345060554,2.902520328760147,-0.13266903173546524,"Josiah Gray",24580,680686
"Troy Stokes Jr.","PIT",8,20,0,2,2,1,0.05,0.25,0.055555555,0.153846153,0.111111111,0.2,0.166666666,0.17671754360198974,0.24143245220184326,4.450235296208013,0.18900811427738518,-2.243794430963382,0.24019841849803925,-0.13361601751564073,"Troy Stokes Jr.",17478,657011
"Charlie Morton","ATL",34,62,0,5,1,0,0,0.5,0.018181818,0.291666666,0.127272727,0.127272727,0.145454545,0.11847233555533669,0.13491931395097212,-33.42105054747217,-0.38288103183731437,-10.913727699405172,7.498178005218506,-0.13388020610495244,"Charlie Morton",4676,450203
"Jorge Bonifacio","PHI",7,12,0,0,2,0,0.083333333,0.5,0,0.2,0.09090909,0.166666666,0.09090909,0.130897656083107,0.13944308956464133,-24.490649592196657,-0.006845042575150728,-1.9086467066113983,0.17025978863239288,-0.13394017040542294,"Jorge Bonifacio",12174,593528
"Jacob Nottingham","- - -",15,45,3,5,6,0,0.044444444,0.444444444,0.25,0.166666666,0.15,0.222222222,0.4,0.2632580227322049,0.24280637105305988,65.51344588372277,-0.1946392699610442,-2.0710458180898255,-0.796696811914444,-0.13398978702252912,"Jacob Nottingham",16448,641924
"Travis Blankenhorn","- - -",24,24,1,4,4,0,0.041666666,0.333333333,0.217391304,0.214285714,0.173913043,0.208333333,0.391304347,0.2525243138273557,0.3307471474011739,59.47299451122891,-0.002262677066028118,-1.2404974638460657,-0.9669688182184473,-0.14060013341317518,"Travis Blankenhorn",18395,663905
"Wade LeBlanc","- - -",18,13,0,0,0,0,0,0.23076923,0,0,0,0,0,0,0.09772727706215599,-100,0,-3.4223777255805534,1.5721986293792725,-0.14178540603513687,"Wade LeBlanc",5221,453281
"Nick Martini","CHC",25,45,0,4,4,0,0.133333333,0.222222222,0.027027027,0.344827586,0.27027027,0.355555555,0.297297297,0.286630163138563,0.31757972457192163,78.16462519545253,-0.4675605538068339,-1.718454263721248,-1.210734337568283,-0.1423111104188362,"Nick Martini",12005,605361
"Steven Souza Jr.","LAD",17,36,1,2,3,0,0.055555555,0.388888888,0.181818182,0.222222222,0.151515151,0.222222222,0.333333333,0.24110055135356057,0.19353809621598986,49.94171438407981,0.09484952571801841,-2.199321109466606,-0.44067177921533585,-0.14359475736482327,"Steven Souza Jr.",5667,519306
"Nick Senzel","CIN",36,124,1,18,8,2,0.096774193,0.129032258,0.063063063,0.284210526,0.252252252,0.322580645,0.315315315,0.28622561068304125,0.3576307604389806,72.02905398474986,-0.9615559435915202,-5.377017258350266,-0.21916887164115906,-0.14392910342832074,"Nick Senzel",19293,669222
"Adbert Alzolay","CHC",30,33,0,1,0,0,0.03030303,0.393939393,0.032258064,0.111111111,0.064516129,0.09375,0.096774193,0.0878880750387907,0.08233490586280823,-51.000905903767325,-0.2522398387081921,-6.595912085688797,3.9909656047821045,-0.15017474680260667,"Adbert Alzolay",17859,640470
"Freddy Peralta","MIL",29,45,0,1,0,0,0.022222222,0.488888888,0,0.19047619,0.093023255,0.113636363,0.093023255,0.09563495083288713,0.13848179440165675,-47.11809075716127,-0.04001571168191731,-8.468041151594438,5.442225933074951,-0.15200037433555913,"Freddy Peralta",18679,642547
"Eddy Alvarez","MIA",24,74,1,8,6,1,0.054054054,0.243243243,0.140625,0.244444444,0.1875,0.297297297,0.328125,0.27701588526164017,0.32776639232896776,70.54884611459208,1.0048494676593691,-1.7696284885428772,-2.246174067258835,-0.15369363213230483,"Eddy Alvarez",16959,657193
"Garrett Stubbs","HOU",18,38,0,2,3,0,0.052631578,0.184210526,0.058823529,0.222222222,0.176470588,0.222222222,0.235294117,0.20508187346988255,0.21300609906514487,25.8416701372138,0.17940607527270913,-3.270804433808537,0.43439299426972866,-0.15391366049328198,"Garrett Stubbs",18067,596117
"Wil Crowe","PIT",29,41,0,2,0,0,0.024390243,0.341463414,0.028571428,0.095238095,0.057142857,0.108108108,0.085714285,0.09552299654161608,0.16097549490026525,-48.3193460928575,-0.1646787307690829,-7.906246193478926,4.95847225189209,-0.15763379958012852,"Wil Crowe",19800,640444
"Chase Anderson","PHI",14,14,0,0,0,0,0,0.428571428,0,0,0,0,0,0,0.12945454770868475,-100,0,-3.7349945923417867,1.6931369304656982,-0.15764127386507645,"Chase Anderson",6895,502624
"Max Kranick","PIT",9,14,0,0,0,0,0,0.357142857,0,0,0,0,0,0,0.03845454346049915,-100,0,-3.7499329766362965,1.6931369304656982,-0.15913922496869906,"Max Kranick",22175,668820
"Nick Williams","CHW",4,13,0,2,0,0,0.076923076,0.307692307,0,0,0,0.23076923,0,0.1642754994905912,0.26612162590026855,-3.5369761872413927,-0.010267563862726092,-1.658205631589202,-0.3822116404771805,-0.1599558713174354,"Nick Williams",14330,608384
"Alex Blandino","CIN",43,82,0,9,5,1,0.097560975,0.341463414,0.057142857,0.333333333,0.2,0.31707317,0.257142857,0.27047075149489613,0.2578688133053663,61.789729371190475,-0.04916994785889983,-4.037960292931414,-0.333251953125,-0.16241437187045552,"Alex Blandino",16271,607468
"Harold Ramírez","CLE",99,361,7,33,41,3,0.038781163,0.155124653,0.12979351,0.301075268,0.268436578,0.304709141,0.398230088,0.30219887014892366,0.30587179395887587,92.69047032586239,0.9333949945867062,-2.2973203326830904,-11.689003705978394,-0.16265341850884735,"Harold Ramirez",14387,623912
"Scott Heineman","CIN",19,34,2,5,3,0,0.088235294,0.44117647,0.2,0.076923076,0.1,0.205882352,0.3,0.2261521956499885,0.19861222715938792,32.9864202282164,0.017745523480698466,-2.882862065641229,0.11046455684117973,-0.16360119079109897,"Scott Heineman",14453,595981
"Anthony Santander","BAL",110,438,18,54,50,1,0.052511415,0.230593607,0.192118226,0.274914089,0.24137931,0.286041189,0.433497536,0.3065015104869956,0.328556760735468,91.54243258341306,-0.8915464996825904,-5.4270095739170365,-11.222212791442871,-0.16522519354657106,"Anthony Santander",14551,623993
"Brett Anderson","MIL",24,34,0,2,1,0,0.117647058,0.411764705,0,0,0,0.125,0,0.08646456897258759,0.15133962035179138,-53.07806257135298,-0.27536869142204523,-6.901180825838186,4.111904144287109,-0.1652937550572312,"Brett Anderson",8223,474463
"Anderson Tejeda","TEX",5,17,0,1,0,1,0.058823529,0.588235294,0,0.166666666,0.0625,0.117647058,0.0625,0.09239834547042847,0.11780688341926127,-51.39923813751089,0.19235864182701334,-2.958831925259787,0.7131341248750687,-0.16680271623069254,"Anderson Tejeda",19909,660731
"Jacob Robson","DET",4,7,0,1,0,0,0,0.571428571,0,0,0,0,0,0,0.12857142516544887,-100,-0.12779009342193604,-1.96065025879592,0.03863148391246796,-0.16869001070269926,"Jacob Robson",19528,615699
"Bryse Wilson","- - -",16,25,0,1,1,0,0,0.36,0,0.083333333,0.047619047,0.09090909,0.047619047,0.07277217236432162,0.15649690953168002,-63.79711917182189,-0.1739995440293569,-5.5459647307936475,3.0234588384628296,-0.168826068128982,"Bryse Wilson",19990,669060
"Joshua Palacios","TOR",13,42,0,7,4,0,0.071428571,0.261904761,0,0.28,0.2,0.292682926,0.2,0.23591224013305293,0.3011589050292969,41.94334667633034,0.29336258489638567,-2.69204302353967,-0.4344878625124693,-0.16926775415813602,"Joshua Palacios",19818,641943
"Ronald Guzmán","TEX",7,17,1,1,1,0,0.058823529,0.352941176,0.1875,0,0.0625,0.117647058,0.25,0.15871971495011272,0.21628400858710795,-6.580929990018443,-0.003422521287575364,-2.221774643448436,-0.16020579636096954,-0.18046850003341902,"Ronald Guzman",14388,608597
"Danny Santana","BOS",38,127,5,15,14,4,0.078740157,0.236220472,0.163793104,0.197530864,0.181034482,0.251968503,0.344827586,0.261028990032166,0.2733799791711522,56.80644443398388,0.3512894753366709,-6.364927730046658,0.21234166622161865,-0.18077974765369714,"Danny Santana",10322,542454
"Jeff Mathis","ATL",3,9,0,0,0,0,0,0.555555555,0,0,0,0,0,0,0.06333333253860474,-100,0,-2.4108640500943617,0.2899800278246403,-0.18238946460728012,"Jeff Mathis",3448,425772
"Chris Gittens","NYY",16,44,1,1,5,0,0.159090909,0.295454545,0.083333333,0.130434782,0.111111111,0.25,0.194444444,0.21558410064740616,0.3055740269747647,34.113965068103504,-0.024681200738996267,-3.574025302158128,0.23912650346755981,-0.1832930492537716,"Chris Gittens",18482,656467
"Pablo López","MIA",21,35,0,2,0,0,0,0.485714285,0.060606061,0.125,0.06060606,0.06060606,0.121212121,0.07525130474206174,0.13618181691025244,-60.58104916324928,-0.09990367293357849,-7.2549027049300765,4.232842445373535,-0.18527144070703772,"Pablo Lopez",17085,641154
"Mike Ford","NYY",22,72,3,6,5,0,0.152777777,0.319444444,0.15,0.147058823,0.133333333,0.277777777,0.283333333,0.2542807098845361,0.314957256048498,60.26415724083982,-0.17511312291026115,-3.677926354110679,-0.6375701427459717,-0.1854587218959447,"Mike Ford",15585,645801
"Austin Romine","CHC",28,62,1,5,5,0,0.032258064,0.354838709,0.083333334,0.324324324,0.216666666,0.241935483,0.3,0.23651287055784656,0.1877144672831551,45.59262811452498,-0.3637484638020396,-4.658090987416168,0.7213769406080246,-0.18614012269211877,"Austin Romine",5491,519222
"Jarrod Dyson","- - -",102,149,0,17,10,10,0.067114093,0.22147651,0.081481481,0.27184466,0.207407407,0.260273972,0.288888888,0.24278561178952046,0.25252021502142086,46.49362250985864,0.4241987771820277,-9.3367913669279,2.3481331318616867,-0.1890596636960803,"Jarrod Dyson",4866,502481
"Josh VanMeter","ARI",112,310,6,26,36,3,0.106451612,0.267741935,0.142335766,0.278074866,0.211678832,0.296774193,0.354014598,0.28658214153782013,0.274116688389932,76.98228900274329,-0.9228152714204043,-10.006688624083544,-2.28407222032547,-0.1893843662851492,"Josh VanMeter",15170,642165
"Aristides Aquino","CIN",84,204,10,25,23,2,0.132352941,0.367647058,0.218390805,0.252747252,0.189655172,0.299019607,0.408045977,0.3027860153429579,0.3017631946223797,82.79191495480416,-0.39553883159533143,-4.864534719861589,-3.874311685562134,-0.18987956582230156,"Aristides Aquino",15482,606157
"Riley Smith","ARI",24,17,0,0,0,0,0,0.647058823,0,0,0,0,0,0,0.05981249734759331,-100,0,-4.529048361256088,2.0559520721435547,-0.19078958172425814,"Riley Smith",19826,642092
"Jose Rojas","LAA",61,184,6,26,15,2,0.081521739,0.27173913,0.19047619,0.258928571,0.208333333,0.277173913,0.398809523,0.29187866073587665,0.2966381363246752,81.80084434200688,-1.2188949135597795,-5.318774665570788,-2.8956459164619446,-0.19176828111606653,"Jose Rojas",19331,670351
"Ian Anderson","ATL",24,41,0,0,0,0,0.024390243,0.707317073,0.027027027,0.25,0.054054054,0.078947368,0.081081081,0.07401101055898164,0.05849255386151766,-62.31714755157626,0.22454589558765292,-8.247640513179613,4.95847225189209,-0.19186722053677724,"Ian Anderson",19951,666120
"John Gant","- - -",39,18,0,0,0,0,0,0.444444444,0,0,0,0,0,0,0.12476922915532039,-100,0,-4.738676850803843,2.1768903732299805,-0.19631825818826593,"John Gant",13684,607231
"Carlos Carrasco","NYM",12,19,0,0,0,0,0,0.526315789,0,0,0,0,0,0,0.0637333353360494,-100,0,-4.949997933449286,2.2978286743164062,-0.20201665994844223,"Carlos Carrasco",6632,471911
"Zach Reks","LAD",6,10,0,2,0,0,0,0.7,0,0,0,0,0,0,0.07480000257492066,-100,0,-2.6320828192808845,0.27496206015348434,-0.20271341682860328,"Zach Reks",19667,676646
"Trent Giambrone","CHC",5,13,0,0,0,0,0,0.307692307,0,0.222222222,0.153846153,0.153846153,0.153846153,0.13523928018716666,0.11415384365962102,-20.226631467706884,-0.006897173287143232,-1.9966140121051636,-0.4702640175819397,-0.20362508225484044,"Trent Giambrone",19250,623508
"Yoshi Tsutsugo","- - -",81,262,8,27,32,0,0.110687022,0.27480916,0.165217391,0.278145695,0.217391304,0.306513409,0.382608695,0.30189349596527804,0.27969482027251147,88.279276517907,-0.728363900212571,-4.364546493805806,-6.528806895017624,-0.2047059614289174,"Yoshi Tsutsugo",27459,660294
"Austin Gomber","COL",24,42,0,0,1,0,0.023809523,0.309523809,0,0.157894736,0.09375,0.121212121,0.09375,0.10087522774031668,0.10682958172213647,-57.94650717898836,-0.12283011619001627,-8.567964422099337,5.079410552978516,-0.20849591440194082,"Austin Gomber",16561,596295
"Andrew Romine","CHC",26,64,1,7,5,0,0.0625,0.375,0.083333333,0.285714285,0.183333333,0.234375,0.266666666,0.22326750680804253,0.217119038105011,36.98426307366401,-0.2421667305752635,-5.376407574721393,1.0944970548152924,-0.21402528654770664,"Andrew Romine",1159,461865
"Andrew Young","ARI",58,104,6,13,15,0,0.057692307,0.432692307,0.274725275,0.31707317,0.208791208,0.298076923,0.483516483,0.3316044555260585,0.3132801055908203,106.24298135637922,0.21445171115919948,1.041008355228609,-6.704451858997345,-0.21796854946257194,"Andrew Young",19521,670370
"Tim Lopes","MIL",7,11,0,1,0,0,0.09090909,0.363636363,0,0.166666666,0.1,0.181818181,0.1,0.14279744299975308,0.26929246295582165,-16.46646378201421,-0.42628252071881434,-2.0572331643058743,-0.49987734854221344,-0.2194026916094082,"Tim Lopes",14137,621005
"Henry Ramos","ARI",18,55,1,5,8,0,0.072727272,0.218181818,0.1,0.236842105,0.2,0.254545454,0.3,0.24381936571814797,0.26236624284224075,49.19010515866521,0.33275385689921677,-3.2248552608279017,-0.8330479562282562,-0.22184572143640055,"Henry Ramos",11481,592656
"Nomar Mazara","DET",50,181,3,12,19,0,0.082872928,0.248618784,0.109090909,0.27118644,0.212121212,0.276243093,0.321212121,0.2636236284977823,0.27234729745770025,64.29035751325206,0.26435198448598385,-7.649102954299149,-0.7630211114883423,-0.22189635172116842,"Nomar Mazara",14553,608577
"Bryan Holaday","ARI",13,34,0,2,1,0,0.029411764,0.44117647,0.064516129,0.375,0.193548387,0.264705882,0.258064516,0.2392675245509428,0.19399187144111185,46.231793773981614,-0.05519258393906057,-2.3824890448025013,-0.9756747558712959,-0.22233908680972678,"Bryan Holaday",11287,592407
"Renato Núñez","DET",14,55,4,7,7,0,0.018181818,0.29090909,0.283018868,0.181818181,0.188679245,0.218181818,0.471698113,0.287305981462652,0.21422502344304864,80.29429412017546,-0.034364084945991635,-1.3613207571973993,-2.7682223320007324,-0.22519751145572137,"Renato Nunez",14503,600524
"Matt Moore","PHI",24,20,0,0,0,0,0,0.65,0,0,0,0,0,0,0.0413157908540023,-100,0,-5.335706560488267,2.418766975402832,-0.22520182663796548,"Matt Moore",1890,519043
"Andrew Stevenson","WSN",109,213,5,22,23,1,0.061032863,0.286384976,0.109375,0.307086614,0.229166666,0.293838862,0.338541666,0.2761236469141034,0.2950443068951792,70.03092150051975,0.9887423922773451,-7.137695801699497,-2.257241040468216,-0.22538640077169791,"Andrew Stevenson",17932,664057
"Chris Paddack","SDP",24,42,0,0,0,0,0.023809523,0.619047619,0,0.111111111,0.028571428,0.081081081,0.028571428,0.06196498226475071,0.09877429781733332,-63.735986260414634,-0.010267563862726092,-8.764955586895343,5.079410552978516,-0.2282492643554922,"Chris Paddack",20099,663978
"Trevor Bauer","LAD",17,34,0,0,1,0,0.029411764,0.323529411,0,0.052631578,0.033333333,0.064516129,0.033333333,0.05067006041926722,0.14986184335524036,-73.82198224501559,-0.05786655144765973,-7.581555967430787,4.111904144287109,-0.23351858273157433,"Trevor Bauer",12703,545333
"Trevor Rogers","MIA",26,46,0,0,0,0,0.02173913,0.586956521,0,0.1875,0.069767441,0.09090909,0.069767441,0.0756564208052375,0.08060720292004672,-60.317758020657195,-0.05211619008332491,-9.44041073197748,5.563164234161377,-0.23401314949924779,"Trevor Rogers",22286,669432
"Leody Taveras","TEX",49,185,3,14,9,10,0.048648648,0.324324324,0.109195402,0.225225225,0.16091954,0.206521739,0.270114942,0.2092212710691535,0.2448153081147567,27.54674743625035,2.5712691706139594,-13.8396033386344,5.141079545021057,-0.23687744944461234,"Leody Taveras",18900,665750
"Marcell Ozuna","ATL",48,208,7,21,26,0,0.091346153,0.221153846,0.143617021,0.244444444,0.212765957,0.288461538,0.356382978,0.28410841352664506,0.3458942284330654,74.22837683308047,-0.5213551407214254,-7.345564646105868,-2.0368504226207733,-0.24095457408974896,"Marcell Ozuna",10324,542303
"Anthony DeSclafani","SFG",34,62,0,2,1,0,0.064516129,0.532258064,0.019607843,0.111111111,0.039215686,0.109090909,0.058823529,0.0888648737560619,0.12147105823863637,-47.67194984922534,-0.34086718526668847,-11.996529126031,7.498178005218506,-0.2424584539288781,"Anthony DeSclafani",13050,543101
"Alejo Lopez","CIN",14,23,0,3,0,0,0,0.217391304,0,0.333333333,0.260869565,0.260869565,0.260869565,0.22931877944780432,0.24678261383720065,35.044431603289276,-0.2298641516827047,-2.131780744621508,-1.0753201339393854,-0.24420356123747577,"Alejo Lopez",21127,664670
"Brock Holt","TEX",77,260,2,21,23,5,0.088461538,0.188461538,0.089361702,0.254054054,0.208510638,0.28076923,0.29787234,0.2590871512889862,0.2731144538292518,61.24485112850013,-0.11087309406138957,-12.447738144138345,1.075273483991623,-0.2474253803434579,"Brock Holt",9345,571788
"Colin Moran","PIT",99,359,10,29,50,1,0.100278551,0.242339832,0.132075471,0.321428571,0.257861635,0.334261838,0.389937106,0.31769895387559216,0.31372317521931736,96.07621601935074,-4.24519168632105,-6.038466224884282,-8.482426404953003,-0.2481382999495888,"Colin Moran",16909,592567
"Magneuris Sierra","MIA",123,225,0,27,5,11,0.066666666,0.222222222,0.038277512,0.301886792,0.229665071,0.28125,0.267942583,0.23940003595568918,0.2419173009863727,46.10172874853001,3.9635140923783183,-11.474967977937123,1.4105225056409836,-0.2521444703984912,"Magneuris Sierra",17023,642423
"Rob Brantly","NYY",6,21,0,0,0,0,0,0.19047619,0.05,0.1875,0.15,0.19047619,0.2,0.17722331626074656,0.2019967578706287,8.190714856156694,-0.03012823942117393,-2.3906497221776504,-0.8527421206235886,-0.2531090712601218,"Rob Brantly",10655,542963
"Andrew Vaughn","CHW",127,469,15,56,48,1,0.087420042,0.215351812,0.160671463,0.27124183,0.23501199,0.309168443,0.395683453,0.3064570377376288,0.33257154239121306,92.54571999399782,-2.6146870655938983,-6.8950500679505815,-11.698253631591797,-0.2537011930221691,"Andrew Vaughn",26197,683734
"Alex Wood","SFG",26,47,0,0,0,0,0.106382978,0.553191489,0,0,0,0.116279069,0,0.08043215718380241,0.10826942532561547,-53.152501679385644,-0.6323760834056884,-9.796040934585717,5.684102535247803,-0.25418219287965105,"Alex Wood",13781,622072
"Drew Smyly","ATL",32,43,0,0,0,0,0,0.441860465,0,0.136363636,0.073170731,0.073170731,0.073170731,0.06432112106462805,0.08658536469064108,-68.61475534466035,-0.010267563862726092,-9.240471066346316,5.2003493309021,-0.2604397931211613,"Drew Smyly",11760,592767
"Patrick Mazeika","NYM",37,87,1,6,6,0,0.045977011,0.206896551,0.075949367,0.229508196,0.189873417,0.252873563,0.265822784,0.2283955091653868,0.23309905030006586,43.79131430573593,0.21292263618670404,-6.012515574971385,0.48325860500335693,-0.26171386657143203,"Patrick Mazeika",18142,664850
"Jurickson Profar","SDP",137,412,4,47,33,10,0.118932038,0.15776699,0.093484419,0.265734265,0.226628895,0.329268292,0.320113314,0.29317888755961563,0.3035908817953469,86.53347684366236,0.10730889090336859,-6.955865711189868,-9.524763584136963,-0.26631924094732506,"Jurickson Profar",10815,595777
"Yairo Muñoz","BOS",5,11,0,0,0,0,0,0.181818181,0,0.111111111,0.09090909,0.09090909,0.09090909,0.07991412011059848,0.1478181860663674,-65.58641497046987,-0.00914085446856916,-2.2392157324684425,-0.8125107707455754,-0.2682340789017458,"Yairo Munoz",16313,622168
"Brent Rooker","MIN",58,213,9,25,16,0,0.070422535,0.328638497,0.195767195,0.263636363,0.201058201,0.291079812,0.396825396,0.30070574798494437,0.33946009532946375,90.88934581493055,0.3776535813231021,-1.9982631859204858,-8.022955656051636,-0.27334703964337614,"Brent Rooker",19627,667670
"Sam Haggerty","SEA",35,94,2,15,5,5,0.063829787,0.29787234,0.104651163,0.25,0.186046511,0.247311827,0.290697674,0.23956792585311398,0.28704224863360006,52.47993859612051,0.8177523273043334,-4.651234828397025,-1.31652170419693,-0.27558212839095464,"Sam Haggerty",18054,664059
"Cavan Biggio","TOR",79,294,7,27,27,3,0.12585034,0.265306122,0.132,0.289940828,0.224,0.321917808,0.356,0.29781444134383367,0.290606663144868,83.7752924072263,-0.5716736786998808,-6.411854121217338,-6.419571697711945,-0.2769525115988023,"Cavan Biggio",19252,624415
"Zach Eflin","PHI",18,37,0,1,1,0,0.027027027,0.405405405,0,0,0,0.064516129,0,0.04560158137352236,0.10353706729027533,-79.92587670428844,-0.006845042575150728,-8.481901412331665,4.474719047546387,-0.2773253451699358,"Zach Eflin",13774,621107
"Andrew Velazquez","NYY",28,68,1,11,6,4,0.014705882,0.338235294,0.134328358,0.325581395,0.223880597,0.235294117,0.358208955,0.2521220244028989,0.25337769003475413,58.80537205789555,0.4832060462795198,-2.9464577904144487,-2.1531341075897217,-0.27782185419459615,"Andrew Velazquez",14196,623205
"José Godoy","SEA",16,40,0,2,3,0,0.075,0.35,0.027027027,0.260869565,0.162162162,0.225,0.189189189,0.19280181974172592,0.18562618494033814,20.876584036312067,0.02717878855764866,-3.8477798981991844,-0.29627591371536255,-0.2781692424516725,"Jose Godoy",15808,608422
"Alec Mills","CHC",33,36,0,1,0,0,0,0.722222222,0.03125,0.166666666,0.03125,0.03125,0.0625,0.03880145400762558,0.03662500157952309,-82.90305373756502,-0.05540706217288971,-8.437851842440532,4.353780746459961,-0.28840014606642406,"Alec Mills",13834,621219
"Matt Carpenter","STL",130,249,3,18,21,2,0.140562248,0.309236947,0.106280193,0.25,0.169082125,0.305220883,0.275362318,0.2688577021321943,0.33811633817611203,67.94102464731381,0.3831675508990884,-9.779231128116159,-1.4661822319030762,-0.2898121599572321,"Matt Carpenter",8090,572761
"Mike Freeman","CIN",37,65,0,6,3,1,0.076923076,0.307692307,0,0.282051282,0.186440677,0.261538461,0.186440677,0.20560011267662048,0.23215313255786896,19.629306303169766,0.12348086759448051,-6.527080686191626,1.4267861768603325,-0.29272423450232915,"Mike Freeman",11241,502273
"P.J. Higgins","CHC",9,25,0,1,0,0,0.08,0.32,0,0.066666666,0.04347826,0.12,0.04347826,0.09049953699111939,0.16465736389160157,-49.303676729800884,-0.12111353944055736,-4.872909186034772,1.104810655117035,-0.2937282550623605,"P.J. Higgins",18433,664731
"Kole Calhoun","ARI",51,182,5,17,17,1,0.082417582,0.225274725,0.138554216,0.280991735,0.234939759,0.296703296,0.373493975,0.292290944319505,0.29764852419004334,80.69252748462362,-1.2571755817625672,-5.730640719547028,-3.3106154203414917,-0.29422850673487577,"Kole Calhoun",11200,594777
"Jay Bruce","NYY",10,39,1,3,3,0,0.128205128,0.333333333,0.117647059,0.15,0.117647058,0.23076923,0.235294117,0.21704765466543344,0.23001499665089142,35.10299794672251,-0.07384592457674444,-3.172629878963601,-1.1042211651802063,-0.29491975630225636,"Jay Bruce",9892,457803
"Lewis Brinson","MIA",89,290,9,24,33,1,0.044827586,0.248275862,0.149635036,0.273195876,0.226277372,0.262975778,0.375912408,0.27487586155069743,0.28450775146484375,69.15801188399831,-0.42547359806485474,-11.811904298461876,-0.8946270942687988,-0.29837107864642926,"Lewis Brinson",14352,621446
"Gerardo Parra","WSN",53,107,2,13,10,1,0.056074766,0.280373831,0.113402061,0.318181818,0.237113402,0.29245283,0.350515463,0.2818898041293306,0.25916900274888527,73.77843550838567,-0.9966196920722723,-4.568440159944287,-2.0159839391708374,-0.3002258845871877,"Gerardo Parra",8553,467827
"Kevin Smith","TOR",18,36,1,2,1,0,0.083333333,0.305555555,0.09375,0.1,0.09375,0.194444444,0.1875,0.18226976030402714,0.25383798281351727,5.693112255140103,-0.05162916658446193,-4.208322359028148,-0.04024135461077094,-0.30238652813803757,"Kevin Smith",20242,675656
"Danny Mendick","CHW",71,186,2,14,20,0,0.096774193,0.225806451,0.06707317,0.280991735,0.219512195,0.302702702,0.286585365,0.2681547947832056,0.26294435177995856,66.6620306049042,-0.3658029029611498,-7.957766979313128,-1.430930733680725,-0.3026504217085419,"Danny Mendick",18889,664901
"Nick Heath","ARI",20,39,0,3,1,0,0.102564102,0.384615384,0.028571429,0.25,0.142857142,0.23076923,0.171428571,0.1798162491698014,0.2115829116419742,7.59349811878013,-0.8626656864507822,-5.450570310362287,1.1117181181907654,-0.3038541204447574,"Nick Heath",19577,670084
"Rowdy Tellez","- - -",106,325,11,34,36,0,0.07076923,0.2,0.171717172,0.274774774,0.242424242,0.304615384,0.414141414,0.30585217085954186,0.3385236136218224,89.01449086598235,-0.19370528776198626,-4.459437907403242,-9.585783183574677,-0.30432165284260304,"Rowdy Tellez",15679,642133
"Jake Bauers","- - -",115,315,4,27,19,6,0.095238095,0.247619047,0.067375886,0.275,0.209219858,0.289808917,0.276595744,0.25691980980455686,0.2964656047331981,63.41417603263464,0.3480359057430178,-13.761913317367355,-0.10525023937225342,-0.30868838494196094,"Jake Bauers",15194,641343
"Mickey Moniak","PHI",21,37,1,3,3,0,0.081081081,0.432432432,0.090909091,0.125,0.09090909,0.166666666,0.181818181,0.14708749566759383,0.1936823844909668,-13.96862454790101,0.2921218564733863,-5.076147205872417,0.7371373847126961,-0.31059944594876443,"Mickey Moniak",19956,666160
"Sandy Alcantara","MIA",33,64,0,0,0,0,0.046875,0.703125,0.017241379,0.153846153,0.034482758,0.096774193,0.051724137,0.07931909638066445,0.08793579164098521,-57.937328990915596,-0.1437492307741195,-13.011777518190863,7.740054607391357,-0.31327903006420343,"Sandy Alcantara",18684,645261
"Sebastián Rivero","KCR",17,44,0,1,3,0,0.068181818,0.34090909,0.05,0.28,0.175,0.25,0.225,0.21990117701617154,0.24226123636419122,30.959400044582036,-0.056152610341086984,-3.7754361650958534,-0.8663547039031982,-0.3143420556549358,"Sebastian Rivero",21735,665861
"Jon Gray","COL",31,50,0,2,3,0,0,0.64,0,0.333333333,0.106382978,0.106382978,0.106382978,0.09351652353367906,0.09625532272014212,-62.72904190095048,-0.506184094818309,-10.864336952349955,6.04691743850708,-0.3148302509370565,"Jon Gray",14916,592351
"Victor Robles","WSN",107,369,2,37,19,8,0.089430894,0.230352303,0.092063492,0.270742358,0.203174603,0.309589041,0.295238095,0.27381276722112413,0.2902001885496018,68.52904534683746,-1.9036520472727716,-16.687365196178384,1.139641910791397,-0.3174564653570025,"Victor Robles",18363,645302
"Max Moroff","STL",6,16,0,0,1,0,0,0.625,0,0.166666666,0.0625,0.0625,0.0625,0.05494095757603645,0.13532212376594543,-71.0867484117131,-0.003422521287575364,-3.4882685868600576,-0.2538192756474018,-0.32140286368398385,"Max Moroff",14556,621559
"Hernán Pérez","WSN",10,21,0,1,0,0,0.095238095,0.476190476,0,0.111111111,0.052631578,0.142857142,0.052631578,0.10773754403704688,0.17901273000807988,-39.40578924252189,-0.010729224537499249,-3.7376258625247005,-0.18202275037765503,-0.3223840248049719,"Hernan Perez",5751,541650
"Jake Hager","- - -",14,30,0,2,2,0,0.133333333,0.466666666,0,0.25,0.115384615,0.233333333,0.115384615,0.18013440569241843,0.23119560480117798,9.033715608002984,-0.09726252290420234,-3.5714156338929186,-0.6583890169858932,-0.32320218096563835,"Jake Hager",12198,606993
"Jarren Duran","BOS",33,112,2,17,10,2,0.035714285,0.357142857,0.121495327,0.318181818,0.214953271,0.241071428,0.336448598,0.2473721887384142,0.24592178208487375,47.57752269285587,0.5252382112666965,-6.663250907610527,-0.42327913641929626,-0.32594773225426527,"Jarren Duran",24617,680776
"Greg Deichmann","CHC",14,31,0,0,1,0,0.032258064,0.451612903,0,0.25,0.133333333,0.161290322,0.133333333,0.13573993021442043,0.17289870785128686,-19.90125133668698,-0.02163867629133165,-4.753507028005824,0.4592105448246002,-0.3263043597844205,"Greg Deichmann",19872,656364
"Mark Payton","CIN",24,24,0,2,0,0,0.083333333,0.291666666,0,0.266666666,0.181818181,0.25,0.181818181,0.20415226618448892,0.2711430788040161,18.68832866277972,-0.6021882458589971,-3.0865302002347748,-0.9768736623227596,-0.3267048480961412,"Mark Payton",16042,592622
"David Bote","CHC",97,327,8,32,35,0,0.082568807,0.22324159,0.130584193,0.234741784,0.199312714,0.276073619,0.329896907,0.267775099884513,0.30837672306941105,65.91043041263369,-0.9647156014107168,-15.15583043897041,0.896101325750351,-0.3296223549127399,"David Bote",14593,623520
"Adam Haseley","PHI",9,21,0,2,0,0,0,0.19047619,0.047619048,0.235294117,0.19047619,0.19047619,0.238095238,0.1847053567568461,0.19129762195405506,10.479800306982625,-0.006188466912135482,-2.39943578526729,-1.5975554808974266,-0.33013958327283355,"Adam Haseley",19878,656514
"Cole Tucker","PIT",43,131,2,15,12,2,0.099236641,0.251908396,0.119658119,0.289156626,0.222222222,0.297709923,0.341880341,0.2819152005756174,0.2769754133151688,72.81980594583699,0.11290709697641432,-4.41994024068693,-3.2936780750751495,-0.3327019532719362,"Cole Tucker",17326,657061
"Luke Raley","LAD",33,72,2,5,4,0,0.027777777,0.347222222,0.106060606,0.256410256,0.181818181,0.25,0.287878787,0.23585391632268127,0.3040677997427927,46.53184581156544,0.12628796370700002,-4.774601779013985,-1.0125589817762375,-0.3380466429956862,"Luke Raley",19354,670042
"Jose Lobatón","CHC",6,13,0,1,0,0,0.153846153,0.384615384,0,0,0,0.153846153,0,0.10641793104318473,0.2087256908416748,-38.95806830009838,-0.006845042575150728,-2.306561877447925,-1.5453454554080963,-0.3425093238387227,"Jose Lobaton",4243,446653
"Shed Long Jr.","SEA",34,121,4,13,17,1,0.074380165,0.322314049,0.162162162,0.264705882,0.198198198,0.258333333,0.36036036,0.2684483930468559,0.2622738520304362,71.99662964589095,0.05351813370361924,-4.09504526208451,-3.5099884271621704,-0.3470309676406202,"Shed Long Jr.",16542,643418
"Johan Camargo","ATL",15,18,0,1,0,0,0.111111111,0.333333333,0,0,0,0.111111111,0,0.07685739464230007,0.20619078477223715,-60.46723888175479,-0.006845042575150728,-3.683950868534538,-0.39032883127219975,-0.34798398366422445,"Johan Camargo",14950,622666
"Colton Welker","COL",19,40,0,7,2,0,0.075,0.275,0.027027027,0.269230769,0.189189189,0.25,0.216216216,0.2147782027721405,0.2991286039352417,16.08078318731205,-0.3204122430179268,-4.593764142720026,-0.23538337647914886,-0.3496538763425058,"Colton Welker",19961,666213
"Orlando Arcia","- - -",36,89,2,9,14,1,0.078651685,0.213483146,0.111111111,0.229508196,0.197530864,0.258426966,0.308641975,0.2449759617447853,0.24933431365273215,49.1093464235268,-0.11109258350916207,-5.877101093363615,-0.6024421751499176,-0.3502745997490054,"Orlando Arcia",13185,606115
"Donovan Walton","SEA",24,69,2,6,7,1,0.057971014,0.217391304,0.158730159,0.239130434,0.206349206,0.253731343,0.365079365,0.26662115730456454,0.2690230981627507,70.7618298340262,0.2454915540292859,-2.2245333767017694,-3.71611600369215,-0.3587247223878511,"Donovan Walton",19314,622268
"Chad Wallach","MIA",23,66,0,2,6,0,0.045454545,0.484848484,0.066666666,0.4,0.2,0.242424242,0.266666666,0.22363411477117828,0.16743563138521633,35.85521477387823,-0.9562751606572419,-6.345825526491545,0.5494488179683685,-0.3591593326293405,"Chad Wallach",17161,595453
"Luis Campusano","SDP",11,38,0,0,1,0,0.105263157,0.289473684,0,0.130434782,0.088235294,0.184210526,0.088235294,0.14221137291506716,0.24997021022595858,-11.582626263813738,-0.9029465110506862,-6.300878638246352,1.4101428985595703,-0.3625591734015724,"Luis Campusano",22217,669134
"Daniel Robertson","MIL",50,90,2,10,4,0,0.133333333,0.311111111,0.109589041,0.227272727,0.164383561,0.303370786,0.273972602,0.26481195810166275,0.27837400002913043,62.83264087990366,-0.01791196083649993,-4.276361028335545,-2.3729962706565857,-0.3639379945523007,"Daniel Robertson",14145,621002
"Kyle Freeland","COL",25,40,0,3,4,0,0.05,0.425,0.030303031,0.352941176,0.181818181,0.222222222,0.212121212,0.19500989549689823,0.15323428312937418,3.2330571089919333,-0.05646727769635618,-4.984053770247284,-0.005144032184034586,-0.36570296797625207,"Kyle Freeland",16256,607536
"Dustin Fowler","PIT",18,46,0,3,2,1,0.065217391,0.434782608,0.024390244,0.318181818,0.170731707,0.239130434,0.195121951,0.2024578387322633,0.1866974623306938,21.179247871960737,0.003835660871118307,-4.611950176754641,-0.5803176164627075,-0.3658773164598962,"Dustin Fowler",17098,641583
"Tyler Mahle","CIN",33,66,0,1,1,0,0.06060606,0.287878787,0,0.083333333,0.054545454,0.118644067,0.054545454,0.09159376560631445,0.20091701766191902,-54.4651671363238,-0.8775457532610744,-13.855963174311405,7.981931209564209,-0.36694623745582966,"Tyler Mahle",16358,641816
"Todd Frazier","PIT",13,40,0,3,4,0,0.075,0.15,0.028571429,0.103448275,0.085714285,0.2,0.114285714,0.1629692941904068,0.2679605007171631,-4.484962848837974,0.3734901456627995,-4.94711497243546,-0.06963890790939331,-0.3684661622085267,"Todd Frazier",785,453943
"Jared Oliva","PIT",20,43,0,4,2,2,0.069767441,0.232558139,0.05,0.233333333,0.175,0.232558139,0.225,0.19671435157457987,0.22108175641014463,17.44646748217585,0.3696192486677319,-4.149474607803257,-1.0318353772163391,-0.37487279766776976,"Jared Oliva",19968,666931
"Jason Martin","TEX",58,154,6,14,17,3,0.051948051,0.266233766,0.145833333,0.244897959,0.208333333,0.248366013,0.354166666,0.2598558520179948,0.2818936548734966,61.764319686164114,-0.04638746310956776,-7.255662582500051,-1.8175458386540413,-0.3809164236721918,"Jason Martin",16429,641829
"Khris Davis","- - -",42,114,3,11,10,0,0.087719298,0.271929824,0.156862746,0.257142857,0.205882352,0.271929824,0.362745098,0.274224529140874,0.3136479896411561,73.69334618342272,-0.9027334502898157,-4.574478497325876,-3.1526093631982803,-0.3833110035789262,"Khris Davis",9112,501981
"Kevin Newman","PIT",148,554,5,50,39,6,0.048736462,0.07400722,0.083172147,0.236286919,0.226305609,0.26459854,0.309477756,0.24927283448910495,0.2783614132382454,51.605031600792884,3.258185926824808,-30.873459020463002,8.428925037384033,-0.38655576356608023,"Kevin Newman",17696,621028
"Alan Trejo","COL",28,50,1,7,3,0,0.06,0.3,0.108695652,0.29032258,0.217391304,0.26,0.326086956,0.2454414696109538,0.27843741981350645,36.0093105784709,-0.9438857084605843,-5.017069786386138,-0.5241769850254059,-0.38741225297496273,"Alan Trejo",20056,676701
"Mike Moustakas","CIN",62,206,6,21,22,0,0.08737864,0.22330097,0.163934426,0.23880597,0.207650273,0.281553398,0.371584699,0.28356669539386786,0.2738866713440534,70.30098415939156,-0.06175687350332737,-7.850305259648122,-3.0287120044231415,-0.3977563411399507,"Mike Moustakas",4892,519058
"Cameron Maybin","NYM",9,33,0,2,0,1,0.09090909,0.363636363,0,0.0625,0.035714285,0.181818181,0.035714285,0.13327484600471728,0.1891216653766054,-18.029063517254016,0.17946487525478005,-4.779033155536404,-0.31419510394334793,-0.3996879714494977,"Cameron Maybin",5223,457727
"Juan Lagares","LAA",112,327,6,39,38,1,0.036697247,0.232415902,0.13592233,0.293859649,0.236245954,0.266253869,0.372168284,0.27426631494941356,0.28209563071683325,69.89886543459468,-1.4336559609510005,-13.484922018684024,-1.713309645652771,-0.40094848036580055,"Juan Lagares",5384,501571
"Matt Joyce","PHI",43,69,2,6,7,0,0.173913043,0.231884057,0.127272728,0.078947368,0.09090909,0.260869565,0.218181818,0.21868496065709128,0.2802792449495686,32.563666015955825,0.23826942290179431,-5.685392815933055,-0.6330393403768539,-0.4014143252469803,"Matt Joyce",3353,459964
"Wyatt Mathisen","ARI",23,51,1,3,8,0,0.098039215,0.411764705,0.071428571,0.19047619,0.119047619,0.25490196,0.19047619,0.21857098153993196,0.2686738406910616,32.780793054933994,0.12057041842490435,-4.243691477379199,-1.4796024560928345,-0.4023023288297419,"Wyatt Mathisen",14555,621500
"Sheldon Neuse","LAD",33,66,3,6,4,1,0.015151515,0.393939393,0.153846154,0.222222222,0.169230769,0.181818181,0.323076923,0.21373191114627954,0.2502702366222035,32.15441536937772,-0.6860120166093111,-6.38650963581882,0.09836257994174957,-0.40847175625057425,"Sheldon Neuse",19635,641914
"Scott Kingery","PHI",15,19,0,1,0,0,0,0.631578947,0,0.142857142,0.052631578,0.052631578,0.052631578,0.04626606953771491,0.05542105122616416,-79.49401565533951,-0.003422521287575364,-4.345032618609385,-0.3962757997214794,-0.4115057350348306,"Scott Kingery",17975,664068
"Erick Fedde","WSN",29,43,0,0,1,0,0.023255813,0.325581395,0,0,0,0.026315789,0,0.018203067152123702,0.09617676232990466,-97.59561893137067,-0.003422521287575364,-10.82007833653742,5.2003493309021,-0.4188354005057383,"Erick Fedde",17425,607200
"Vimael Machín","OAK",15,37,0,1,1,0,0.081081081,0.27027027,0,0.181818181,0.125,0.2,0.125,0.1597534554345267,0.18903402600969588,-1.1093312027396016,-0.13305314793251455,-4.713364687165513,-0.8584677577018738,-0.43164327839353667,"Vimael Machin",17684,605353
"Josh Reddick","ARI",54,158,2,15,21,0,0.037974683,0.196202531,0.112582782,0.310924369,0.258278145,0.284810126,0.370860927,0.28276510555532913,0.29235822943192497,74.50153877707507,0.058478690683841705,-5.0703512994867594,-4.539409756660461,-0.4319897434787912,"Josh Reddick",3892,502210
"Khalil Lee","NYM",11,18,0,2,1,0,0,0.722222222,0.055555556,0.2,0.055555555,0.055555555,0.111111111,0.06898036268022326,0.06819999880260891,-59.81503429355543,0,-3.6621605616942463,-1.2632723152637482,-0.4333336316535472,"Khalil Lee",19952,666137
"Aramis Garcia","OAK",32,94,3,8,7,0,0.010638297,0.29787234,0.113636364,0.263157894,0.204545454,0.239130434,0.318181818,0.24375533474528271,0.23256646031918732,55.65701939367236,-0.9958824408240616,-6.099225833425865,-1.4478234350681305,-0.4339461957522507,"Aramis Garcia",16925,605244
"Kurt Suzuki","LAA",72,247,6,17,16,0,0.048582995,0.178137651,0.118721461,0.25,0.223744292,0.293877551,0.342465753,0.28155541176698645,0.26487641256363664,74.8246531535434,-1.2917622313834727,-8.905089038106578,-3.899813652038574,-0.4357111481410124,"Kurt Suzuki",8259,435559
"Stephen Piscotty","OAK",72,188,5,14,16,1,0.069148936,0.255319148,0.132947977,0.275,0.219653179,0.281914893,0.352601156,0.2786081296966431,0.28883138616034326,79.20965885492366,-0.3042233232408762,-5.089659424373079,-5.713335752487183,-0.4376006753900269,"Stephen Piscotty",13367,572039
"Jason Vosler","SFG",41,82,3,12,9,2,0.085365853,0.25609756,0.178082192,0.2,0.178082191,0.25609756,0.356164383,0.26089760035644344,0.28965504964192706,64.13475757869482,-0.440272118197754,-4.184263729341296,-2.9638924431055784,-0.440873282635227,"Jason Vosler",16686,613564
"Rio Ruiz","- - -",62,141,3,11,10,2,0.085106382,0.269503546,0.104,0.209302325,0.168,0.242857142,0.272,0.2308246250663485,0.24703152520315988,36.812652602293625,0.3930513628292829,-10.706460571522085,1.4524474069476128,-0.44648112782497845,"Rio Ruiz",14103,547004
"Travis Shaw","- - -",84,250,9,20,39,0,0.096,0.272,0.172727272,0.243055555,0.2,0.286290322,0.372727272,0.2886334741788526,0.2999392440242152,78.23346426116558,-1.5499549999367446,-8.526099400439444,-4.417531281709671,-0.45339244600611717,"Travis Shaw",11982,543768
"Vidal Bruján","TBR",10,26,0,3,2,1,0,0.307692307,0,0.111111111,0.076923076,0.076923076,0.076923076,0.06761964009358333,0.1754400062561035,-63.4315094632573,0.24858661694452167,-4.953902693221169,-0.4709347188472748,-0.45468204574162346,"Vidal Brujan",20536,660644
"Scott Schebler","LAA",14,34,0,3,0,0,0,0.5,0.088235294,0.294117647,0.147058823,0.147058823,0.235294117,0.1612661831519183,0.16122813785777373,-6.463772540768076,-0.5710834716446698,-5.0029107370134795,-0.7387514412403107,-0.4589763000627424,"Scott Schebler",12225,594988
"Miguel Cabrera","DET",130,526,15,48,75,0,0.076045627,0.2243346,0.129237288,0.304597701,0.256355932,0.315589353,0.38559322,0.30486202817905994,0.31346601899892035,92.15822753651977,-4.613587328931317,-9.663711278111574,-12.936554968357086,-0.45973804093827675,"Miguel Cabrera",1744,408234
"Jonathan Davis","- - -",64,103,1,20,4,4,0.116504854,0.252427184,0.045977012,0.163934426,0.126436781,0.252427184,0.172413793,0.2099617384012463,0.28543934312838953,25.43909429084915,0.0022120047360658646,-9.400442017582911,1.2874889336526394,-0.459782497862038,"Jonathan Davis",15104,641505
"Edwin Rios","LAD",25,60,1,4,1,0,0.116666666,0.3,0.058823529,0.09375,0.078431372,0.216666666,0.137254901,0.18215942283471426,0.25555920600891113,11.634970998641466,-0.22302112262696028,-6.972634838512368,0.2999284863471985,-0.46722211620525744,"Edwin Rios",18316,621458
"Alex Jackson","- - -",52,151,3,13,12,0,0.086092715,0.483443708,0.099236641,0.272727272,0.13740458,0.251655629,0.236641221,0.22673250913619994,0.2237359873453776,37.316229672362184,0.2113969050697051,-11.838388202794228,2.097916454076767,-0.468650115817697,"Alex Jackson",17276,656577
"Will Craig","PIT",18,65,1,5,3,0,0.076923076,0.338461538,0.083333334,0.324324324,0.216666666,0.276923076,0.3,0.25073798559606075,0.2240583598613739,52.55725577575249,-0.16056983498856425,-4.086390009368025,-2.884986400604248,-0.4803475505702914,"Will Craig",19267,643269
"Jarred Kelenic","SEA",93,377,14,41,43,6,0.095490716,0.281167108,0.169139465,0.21559633,0.181008902,0.265251989,0.350148367,0.2702309354863053,0.31275666013677067,73.20122685134669,0.0838742982596159,-12.28580155981074,-5.5657016932964325,-0.49528456511110885,"Jarred Kelenic",22558,672284
"Willians Astudillo","MIN",73,216,7,17,21,0,0.013888888,0.055555555,0.139423077,0.221052631,0.235576923,0.259259259,0.375,0.2723590875113452,0.2818594111952671,71.73338787821635,-1.1735034903977066,-8.648819683501634,-3.696522355079651,-0.4960959190832995,"Willians Astudillo",15608,553902
"Albert Almora Jr.","NYM",47,54,0,3,0,0,0.037037037,0.314814814,0.057692308,0.171428571,0.115384615,0.148148148,0.173076923,0.14343590096191125,0.16438106254295068,-11.425238063757513,0.46614537271670997,-7.193780632710559,0.4276655912399292,-0.4967772590299106,"Albert Almora Jr.",14109,546991
"Willie Calhoun","TEX",75,284,6,26,25,0,0.073943661,0.119718309,0.13076923,0.266968325,0.25,0.309859154,0.38076923,0.3012886257238791,0.322226645241321,89.76354277103222,-3.2660085048992187,-6.825353402778394,-7.9121270179748535,-0.5024270349161586,"Willie Calhoun",17838,641432
"Harold Castro","DET",106,339,3,35,37,1,0.041297935,0.21238938,0.076190476,0.351020408,0.282539682,0.310447761,0.358730158,0.29082652686247185,0.31898150088182137,82.6733898748959,-1.5259814092423767,-8.717413075178747,-7.937742829322815,-0.505828838393714,"Harold Castro",14691,605612
"Matt Adams","COL",22,40,0,3,2,0,0.1,0.225,0.027777778,0.222222222,0.166666666,0.25,0.194444444,0.19774545614535993,0.2009411102686173,5.010939928836812,-0.560462536290288,-5.397515308268133,-1.018650472164154,-0.5087926231450715,"Matt Adams",9393,571431
"Antonio Senzatela","COL",28,51,0,1,1,0,0,0.372549019,0,0.1,0.051282051,0.051282051,0.051282051,0.04507976006238888,0.08469230700761844,-94.20883733993003,-0.37228156672790647,-12.981448903732428,6.167855739593506,-0.511632421271976,"Antonio Senzatela",15488,622608
"Jake Cave","MIN",76,178,3,14,13,1,0.056179775,0.348314606,0.103658536,0.282828282,0.18902439,0.24858757,0.292682926,0.24056801216750495,0.2698768357099113,50.24978127783041,0.00975780887529254,-10.832433183084433,-0.41224420070648193,-0.5162348040703841,"Jake Cave",14477,595909
"Kean Wong","LAA",32,66,0,3,6,0,0.03030303,0.257575757,0.066666667,0.232558139,0.166666666,0.193548387,0.233333333,0.18690470822395816,0.2540880633938697,10.86209582022651,-0.7440479642245919,-7.946964972518657,0.431926179677248,-0.52690040012172,"Kean Wong",15994,642221
"Wilson Ramos","- - -",44,163,8,15,20,0,0.055214723,0.220858895,0.19205298,0.212962962,0.205298013,0.248447204,0.397350993,0.2752101006715194,0.30745176350848274,72.5649166955167,-0.3368210911285132,-5.8119701136022,-5.187109589576721,-0.5431238839544132,"Wilson Ramos",1433,467092
"José Marmolejos","SEA",41,122,4,11,12,0,0.122950819,0.319672131,0.150943396,0.203125,0.160377358,0.262295081,0.311320754,0.25639267778787456,0.2844383990178343,63.849681450242436,-0.7038064058870077,-6.10356091624556,-3.5622363090515137,-0.5502402374604323,"Jose Marmolejos",15767,592530
"Adam Eaton","- - -",84,288,6,38,30,3,0.076388888,0.246527777,0.125984252,0.252808988,0.200787401,0.28169014,0.326771653,0.27067482723316677,0.27756996557746133,68.29467511099561,0.6904540588147938,-10.489158483326204,-4.941359043121338,-0.558183821425177,"Adam Eaton",11205,594809
"Eric Sogard","CHC",78,180,1,16,12,3,0.05,0.166666666,0.065088757,0.292857142,0.24852071,0.283333333,0.313609467,0.25947480228360137,0.2327244147825777,60.515939702819324,-1.069697628263384,-10.117467700401308,-1.6172780990600586,-0.5710485343014905,"Eric Sogard",7927,519299
"Tim Locastro","- - -",64,156,2,15,7,5,0.044871794,0.211538461,0.071942446,0.219047619,0.179856115,0.262820512,0.251798561,0.23731463154157004,0.2621705516790732,45.62803995524691,0.1158647679258138,-10.644683803531313,-0.31621019169688225,-0.572602096480754,"Tim Locastro",15124,641796
"Marwin Gonzalez","- - -",91,307,5,30,28,3,0.065146579,0.254071661,0.105072464,0.257731958,0.199275362,0.274509803,0.304347826,0.2594554223655875,0.282026988170186,56.539537738229264,-1.0360150116030127,-17.37160308380024,1.05451500415802,-0.5818307709782354,"Marwin Gonzalez",5497,503556
"Skye Bolt","- - -",34,60,1,5,4,2,0.016666666,0.25,0.070175438,0.097560975,0.087719298,0.103448275,0.157894736,0.11339737320768423,0.2078511303868787,-32.23967703966189,0.8938710084185004,-8.837160359649898,0.7623088909313083,-0.6037120458460365,"Skye Bolt",17723,621450
"Erik González","PIT",71,229,2,17,21,2,0.034934497,0.174672489,0.068181819,0.273743016,0.231818181,0.257641921,0.3,0.24387572920478587,0.2795228495996954,48.09737010285434,-1.2022103110793978,-16.333365665971158,2.627476394176483,-0.6038323347990825,"Erik Gonzalez",13369,570481
"Cristian Pache","ATL",22,68,1,6,4,0,0.029411764,0.367647058,0.095238095,0.162162162,0.111111111,0.151515151,0.206349206,0.15869681401686234,0.19500392856019916,-7.2785450854998075,0.018251704517751932,-9.268611139839074,0.9616240859031677,-0.6041820420109068,"Cristian Pache",19948,665506
"Joe Musgrove","SDP",40,57,0,2,1,0,0.017543859,0.403508771,0.039215687,0.24137931,0.137254901,0.150943396,0.176470588,0.1428355889500312,0.11337202000168134,-11.176938689291001,-0.014578481204807758,-8.08203829885575,0.012060102308169007,-0.6174282612070632,"Joe Musgrove",12970,605397
"Maikel Franco","BAL",104,403,11,31,47,0,0.049627791,0.166253101,0.145888594,0.225165562,0.209549071,0.253101736,0.355437665,0.2625920632045263,0.2687777384339136,61.869535984156194,-0.3569450315553695,-19.170860703793533,-0.8363784551620483,-0.6221564466105082,"Maikel Franco",12179,596748
"Gilberto Celestino","MIN",23,62,2,7,3,0,0.048387096,0.225806451,0.152542373,0.139534883,0.13559322,0.177419354,0.288135593,0.20081116787848935,0.23545002168224705,23.38310900769893,-0.9177591963671148,-6.733677148275454,-1.8116486966609955,-0.6439504763340486,"Gilberto Celestino",20233,665482
"Drew Ellis","ARI",28,83,1,10,5,0,0.120481927,0.325301204,0.072463768,0.195121951,0.130434782,0.277108433,0.20289855,0.23021124921193936,0.2305013377492021,40.345981537995115,0.175099614309147,-6.128157760024813,-3.0825115144252777,-0.6443276620002086,"Drew Ellis",19873,656403
"Ryan O'Hearn","KCR",84,254,9,23,29,0,0.051181102,0.279527559,0.144067796,0.276729559,0.224576271,0.267716535,0.368644067,0.2743116570269968,0.2966573662437469,67.7286296113077,-0.8934779216069728,-10.929305266941862,-4.204103112220764,-0.6451617598317982,"Ryan O'Hearn",16442,656811
"Pedro Severino","BAL",113,419,11,32,46,0,0.081145584,0.260143198,0.134564643,0.314393939,0.248021108,0.307875894,0.382585751,0.29930267151462975,0.30976296843384665,86.67763883896994,-3.069885344011709,-9.904236390172544,-10.99679183959961,-0.6568305278975805,"Pedro Severino",14523,600474
"Justin Williams","STL",51,137,4,10,11,0,0.124087591,0.335766423,0.100840336,0.217391304,0.159663865,0.270072992,0.260504201,0.22904875242348874,0.31577081391305634,42.06857769462943,-0.6051503038033843,-10.708886589132627,-0.4671933650970459,-0.6597128069308688,"Justin Williams",15490,642211
"Austin Wynns","BAL",45,139,4,14,14,1,0.057553956,0.223021582,0.123076923,0.210526315,0.184615384,0.231884057,0.307692307,0.2361686817113904,0.24715791232344034,44.01328145640737,-0.7572464849799871,-10.28524916353166,-1.1465730667114258,-0.6689436158283786,"Austin Wynns",15271,642851
"John Nogowski","- - -",52,143,1,14,14,0,0.083916083,0.153846153,0.07751938,0.271028037,0.232558139,0.3006993,0.310077519,0.2731454018112663,0.28176393708982667,67.62472289344034,-2.062691793544218,-7.956510538801707,-3.5491645904257894,-0.67257450737906,"John Nogowski",16852,596056
"Shogo Akiyama","CIN",88,183,0,16,12,2,0.076502732,0.218579234,0.049382716,0.268292682,0.203703703,0.281767955,0.253086419,0.24327555729283226,0.28212614432393507,44.11515557536434,-0.17399092996492982,-13.193433190547154,0.337274394929409,-0.6734042903848843,"Shogo Akiyama",27461,673451
"Kevan Smith","- - -",33,106,0,8,3,0,0.094339622,0.29245283,0.031578948,0.25,0.168421052,0.247619047,0.2,0.19602622179424062,0.22130309834199793,17.439085132142424,-0.2074320511892438,-11.333755417031472,0.9789356514811516,-0.6813198789423334,"Kevan Smith",12284,607345
"Luis García Jr.","WSN",70,247,6,29,22,0,0.044534412,0.174089068,0.169491526,0.272727272,0.241525423,0.275303643,0.411016949,0.29143327886496134,0.27892129080636163,79.98088610425995,-0.33532747835852206,-6.6302305549543945,-8.465533256530762,-0.682636761096832,"Luis Garcia Jr.",20391,671277
"Michael Pérez","PIT",70,231,7,19,21,0,0.082251082,0.294372294,0.147619048,0.17037037,0.142857142,0.22077922,0.29047619,0.22499268832414046,0.24524861211362092,35.82499223142733,-0.07016711728647351,-18.942481114759754,4.311015605926514,-0.6899152589194533,"Michael Perez",12977,605421
"Owen Miller","CLE",60,202,4,17,18,2,0.044554455,0.267326732,0.104712042,0.261194029,0.204188481,0.242574257,0.308900523,0.24079763240153246,0.26732289909136175,51.19706306377331,0.0813430983107537,-11.988437745841379,-1.816749095916748,-0.6905643404172318,"Owen Miller",24655,680911
"Phillip Evans","PIT",76,247,5,23,16,1,0.113360323,0.214574898,0.093457944,0.25,0.205607476,0.31174089,0.29906542,0.278108600920778,0.3131806288308244,70.34583844956812,0.2796573187224567,-9.044934856029442,-6.189958572387695,-0.6965880264493006,"Phillip Evans",12950,595943
"Stevie Wilkerson","BAL",31,76,0,5,2,2,0.039473684,0.394736842,0.041666667,0.285714285,0.166666666,0.210526315,0.208333333,0.18991473160291972,0.18707508789865593,12.756029001221025,0.18953028763644397,-7.928507595657855,-1.645636260509491,-0.6990334881331346,"Stevie Wilkerson",16041,592859
"Max Scherzer","- - -",30,63,0,0,1,0,0,0.444444444,0,0,0,0,0,0,0.07850847607952054,-100,0,-16.70802065166685,7.619116306304932,-0.6994128381747193,"Max Scherzer",3137,453286
"Chance Sisco","- - -",28,83,0,5,4,0,0.084337349,0.253012048,0.040540541,0.207547169,0.148648648,0.240963855,0.189189189,0.20534051757260977,0.22547104591276587,23.895754360007164,-0.20080020395107567,-7.973012874846724,-1.894568607211113,-0.7051137333965538,"Chance Sisco",15694,642082
"JaCoby Jones","DET",36,105,2,9,9,2,0.047619047,0.4,0.08,0.267857142,0.17,0.209523809,0.25,0.2036441161519005,0.2454761505126953,23.757716406112237,-0.47329233260825276,-10.274672881199342,-0.4618261456489563,-0.7159905166429987,"JaCoby Jones",14818,592444
"Evan White","SEA",30,104,2,8,9,0,0.057692307,0.298076923,0.092783506,0.1875,0.144329896,0.201923076,0.237113402,0.19732410059525415,0.24105103199298566,23.932627335976136,0.19454219564795494,-9.491220224014313,-1.3427119851112366,-0.7291950900017827,"Evan White",20078,657108
"Drew Butera","LAA",12,36,0,1,5,0,0,0.444444444,0.03125,0.176470588,0.09375,0.09090909,0.125,0.09090173244476318,0.15020454291141394,-54.01429297126589,0.006243917625397444,-6.782127307864242,-1.868708923459053,-0.743825765896602,"Drew Butera",3411,460077
"Curtis Terry","TEX",13,48,0,3,1,0,0.041666666,0.3125,0.044444445,0.133333333,0.088888888,0.145833333,0.133333333,0.13222435986002287,0.1895756721496582,-24.48582245863116,0.1413307401817292,-7.1744922167368985,-1.8982515931129456,-0.7449195081833075,"Curtis Terry",18881,663799
"Richie Martin Jr.","BAL",37,105,1,9,8,0,0.038095238,0.266666666,0.051020408,0.314285714,0.234693877,0.269230769,0.285714285,0.24576650731838667,0.23396442486689642,50.4992498399767,-1.8672030849847943,-8.230806939552647,-2.8420544862747192,-0.7497193601935713,"Richie Martin Jr.",17736,621006
"Carlos Santana","KCR",158,659,19,66,69,2,0.130500758,0.154779969,0.127433628,0.227171492,0.214159292,0.318664643,0.34159292,0.2939095053730941,0.3329246928673664,80.97236105253302,-3.147335472749546,-18.499597467455516,-11.711723238229752,-0.76615957255813,"Carlos Santana",2396,467793
"Sandy León","MIA",84,220,4,15,14,0,0.054545454,0.295454545,0.084158416,0.244444444,0.183168316,0.237442922,0.267326732,0.22517923323531128,0.2201166370687964,36.85941096070081,-2.1738221819978207,-19.857742683414134,4.807579502463341,-0.768912653086178,"Sandy Leon",5273,506702
"Keston Hiura","MIL",61,197,4,16,19,3,0.071065989,0.390862944,0.132947977,0.268817204,0.167630057,0.256410256,0.300578034,0.2497039000193278,0.2790009327423878,53.01368222478982,0.6692143892869353,-11.114572553772808,-3.4320488572120667,-0.7958093173206945,"Keston Hiura",20003,669374
"Clint Frazier","NYY",66,218,5,20,15,2,0.14678899,0.298165137,0.131147541,0.256637168,0.185792349,0.316513761,0.31693989,0.2894002076135863,0.31172635139675314,83.99702771010665,-0.22533973096869886,-4.496631152692047,-11.091681003570557,-0.8144168884956232,"Clint Frazier",15983,640449
"Zack Short","DET",61,184,6,21,20,2,0.119565217,0.320652173,0.141025641,0.164948453,0.141025641,0.239130434,0.282051282,0.22994759108850865,0.24551731380608563,41.532941108308194,0.4168847498949617,-12.754490637753982,-1.7476187944412231,-0.8222682245268272,"Zack Short",19562,670097
"Jahmai Jones","BAL",26,72,0,5,3,1,0.055555555,0.361111111,0.044776119,0.243902439,0.149253731,0.208333333,0.19402985,0.18565452098846436,0.19800831211937797,9.87708615685822,0.5011890651658177,-7.443369628541986,-3.2851372361183167,-0.8285253192337475,"Jahmai Jones",18872,663330
"Franchy Cordero","BOS",48,136,1,12,9,1,0.058823529,0.375,0.070866142,0.306666666,0.188976377,0.237037037,0.259842519,0.22173385664268777,0.24051202844690395,30.25178474038493,-0.16503982082940638,-11.778832370966851,-1.2810580134391785,-0.842501945983587,"Franchy Cordero",14567,614173
"Pat Valaika","BAL",91,281,5,17,25,1,0.056939501,0.270462633,0.088803089,0.259668508,0.2007722,0.25,0.289575289,0.23842947334051132,0.26786270141601565,45.54106739759259,-1.2796439735684544,-20.015670881756396,1.9292723536491394,-0.848544126161674,"Pat Valaika",14885,642162
"Ildemaro Vargas","- - -",34,83,0,7,7,1,0.072289156,0.204819277,0.064935065,0.2,0.155844155,0.216867469,0.22077922,0.19248711481326963,0.24516607493889042,16.124612292008248,0.6873507096897811,-8.175223341918386,-3.1098376773297787,-0.8523379355481971,"Ildemaro Vargas",13324,545121
"Hunter Dozier","KCR",144,543,16,55,54,5,0.079189686,0.283609576,0.178644764,0.275541795,0.215605749,0.285451197,0.394250513,0.2929301324470267,0.2983844398793595,80.3105255395428,0.5187647393904626,-12.57112567065871,-14.912571430206299,-0.8910402546662175,"Hunter Dozier",15117,641531
"David Dahl","TEX",63,220,4,19,18,2,0.045454545,0.268181818,0.112195122,0.268965517,0.209756097,0.246575342,0.321951219,0.2462869096020041,0.2945810257027683,52.594770757869746,-0.43734289868734777,-13.20616947634505,-3.3464350923895836,-0.9042427465207646,"David Dahl",13744,621311
"Luis Rengifo","LAA",54,190,6,22,18,1,0.047368421,0.2,0.109195402,0.219696969,0.201149425,0.245989304,0.310344827,0.24365572750887132,0.2961769919981931,49.21300277450243,1.4831005616579205,-10.331204849231792,-5.3080344796180725,-0.9156876911841225,"Luis Rengifo",19858,650859
"Robel García","HOU",47,117,1,8,8,0,0.068376068,0.358974358,0.056603773,0.234375,0.150943396,0.215517241,0.207547169,0.19427402523057213,0.22386522950797244,18.537998988669017,-0.41916951281018555,-12.08842080205721,-1.2950220704078674,-0.9402004585252092,"Robel Garcia",13167,596825
"Joshua Fuentes","COL",95,284,7,30,33,0,0.042253521,0.228873239,0.125461255,0.27,0.22509225,0.257042253,0.350553505,0.26078065755931734,0.23299076363391674,45.978484078280765,0.18420919287018478,-19.34714477876431,0.10919776558876038,-0.9734993569255502,"Joshua Fuentes",16885,658069
"Domingo Leyba","- - -",34,96,1,6,4,0,0.083333333,0.239583333,0.045977012,0.142857142,0.114942528,0.197916666,0.16091954,0.17225283943116665,0.23700733482837677,2.0258425081652525,-0.2074310148600489,-11.923857402017589,-1.1165234595537186,-0.979594968532821,"Domingo Leyba",16404,642736
"Andrew Knizner","STL",63,185,1,18,9,0,0.108108108,0.21081081,0.062111801,0.223140495,0.173913043,0.281081081,0.236024844,0.23834851661015077,0.27506964845084103,48.112637067019016,-0.7146902629174292,-12.934953790040966,-3.1117261052131653,-0.9866052608537985,"Andrew Knizner",19514,668800
"Dominic Smith","NYM",145,493,11,43,58,2,0.064908722,0.227180527,0.118834081,0.29787234,0.244394618,0.304259634,0.363228699,0.29067176993169996,0.32497649960022595,84.26561128864844,-2.6338916916865855,-12.509049356679464,-13.889343738555908,-0.98828054430832,"Dominic Smith",15653,642086
"Didi Gregorius","PHI",103,408,13,35,54,3,0.061274509,0.164215686,0.160326087,0.216949152,0.20923913,0.269607843,0.369565217,0.27493917707729104,0.2771951746057581,69.12414402018126,0.8371808645315468,-15.199940413996021,-8.374656200408936,-0.9911280455221607,"Didi Gregorius",6012,544369
"Cody Bellinger","LAD",95,350,10,39,36,3,0.088571428,0.268571428,0.136507936,0.196261682,0.165079365,0.24,0.301587301,0.23680571612270399,0.2818723123423991,47.15043509904614,1.4753003499936312,-22.07284481895088,0.17089605331420898,-1.0185588224014173,"Cody Bellinger",15998,641355
"Gregory Polanco","PIT",107,382,11,38,36,14,0.094240837,0.272251308,0.145833333,0.257641921,0.208333333,0.282722513,0.354166666,0.27533457138036427,0.3159351247959036,68.54295410685867,2.0339873319026083,-13.26379731089576,-9.987232685089111,-1.0461660525334595,"Gregory Polanco",12907,570256
"Ka'ai Tom","- - -",48,133,2,10,12,1,0.127819548,0.270676691,0.092592593,0.178082191,0.138888888,0.278195488,0.231481481,0.23887870573636258,0.29014924646333884,45.305164216933065,-0.801997042959556,-9.92871013632596,-4.9908117800951,-1.047431905010715,"Ka'ai Tom",18136,664789
"Carter Kieboom","WSN",62,249,6,26,20,0,0.100401606,0.248995983,0.110599079,0.258278145,0.207373271,0.301204819,0.31797235,0.2753723053797054,0.2996250106255535,69.54261311423218,-0.8464856215287,-10.501195569338956,-8.382636368274689,-1.0557569443904715,"Carter Kieboom",19958,666198
"Isan Díaz","MIA",89,277,4,25,17,1,0.122743682,0.263537906,0.088235295,0.25609756,0.19327731,0.29347826,0.281512605,0.25296190623883846,0.2728837636124164,54.91579623957048,-0.19229578925296664,-16.09062247880371,-4.2852601408958435,-1.1111595189142487,"Isan Diaz",17922,656371
"Zack Collins","CHW",78,231,4,25,26,1,0.147186147,0.298701298,0.128205128,0.303278688,0.21025641,0.330434782,0.338461538,0.3004951339101167,0.31947126763356304,88.51681581147784,-1.4640278057195246,-4.711731261583015,-14.46497631072998,-1.1295967467884627,"Zack Collins",19181,641470
"Joe Panik","- - -",95,257,3,17,18,2,0.066147859,0.132295719,0.076271187,0.23,0.207627118,0.265625,0.283898305,0.24404216163298664,0.27703104954139857,48.59815622087788,-1.4405879922169333,-18.093178628265797,-3.021790638566017,-1.2439972858076653,"Joe Panik",11936,605412
"Andrew Knapp","PHI",62,159,2,13,11,0,0.062893081,0.383647798,0.062068966,0.240963855,0.151724137,0.215189873,0.213793103,0.1964743525921544,0.23378642601302907,18.128651197635236,-0.16805861075408757,-16.74011160963736,-1.6738207936286926,-1.3114659876868857,"Andrew Knapp",14942,595284
"Jackie Bradley Jr.","MIL",134,428,6,39,29,7,0.06542056,0.308411214,0.098191215,0.226190476,0.162790697,0.235981308,0.260981912,0.2240086437385773,0.2523772621601471,36.313941088088406,1.8942634579725564,-32.8062089432704,1.273597627878189,-1.7218252379531336,"Jackie Bradley Jr.",12984,598265