Name,Team,WPA,-WPA,+WPA,RE24,REW,pLI,inLI,gmLI,exLI,Pulls,WPA/LI,Clutch,SD,MD,NameASCII,PlayerId,MLBAMID
"Justin Bruihl","STL",-0.03169191628694534,-1.6663410663604736,1.6346491575241089,-4.711999893188477,-0.46191394329071045,0.96306973695755,0.8158707022666931,1.0777839422225952,0.9336400032043457,25,-0.5039520859718323,0.47104489859922954,7,8,"Justin Bruihl",23779,677865
"Ryne Stanek","STL",-0.9021580815315247,-2.9699015617370605,2.0677435398101807,-5.210999965667725,-0.5274761915206909,1.2276400327682495,1.2468974590301514,1.2209416627883911,1.5636094808578491,21,-0.22079551219940186,-0.5140763211157892,6,7,"Ryne Stanek",15947,592773
"Jeff Hoffman","TOR",-1.7359520196914673,-4.270347595214844,2.534395456314087,-5.163000106811523,-0.5162813663482666,1.6869513988494873,1.4038879871368408,1.476088047027588,2.68612003326416,10,-0.46648773550987244,-0.5625591124760261,7,7,"Jeff Hoffman",17432,656546
"Drew Pomeranz","LAA",-0.9857358932495117,-2.4870400428771973,1.501304030418396,-7.76800012588501,-0.7813182473182678,1.4713866710662842,1.389778971672058,1.5495294332504272,1.5983999967575073,12,-0.5183747410774231,-0.1515619333761853,6,6,"Drew Pomeranz",11426,519141
"Adrian Morejon","SDP",0.7165961861610413,-2.7001020908355713,3.4166982173919678,-0.43900007009506226,-0.011733178049325943,1.666692852973938,1.652626872062683,1.9855130910873413,1.7784762382507324,21,0.14912393689155581,0.2808270195083554,14,6,"Adrian Morejon",20039,670970
"Calvin Faucher","MIA",-0.6413638591766357,-2.952455759048462,2.311091899871826,-3.3889997005462646,-0.3438916802406311,1.5489524602890015,1.2940722703933716,1.4555809497833252,1.0901000499725342,16,0.11022888869047165,-0.5242918606792768,7,6,"Calvin Faucher",20116,676534
"Andrés Muñoz","SEA",-0.5605999231338501,-3.2958486080169678,2.7352488040924072,-0.4629999101161957,-0.0781363844871521,1.8827626705169678,1.8497095108032227,2.027933359146118,3.599479913711548,5,-0.3409323990345001,0.04317850157703623,10,6,"Andres Munoz",20373,662253
"Greg Weissert","BOS",-0.7803019881248474,-2.4697420597076416,1.6894398927688599,-2.798999786376953,-0.260996013879776,1.141419768333435,0.9946321249008179,1.2789000272750854,0.8840399980545044,20,-0.09897349029779434,-0.5846505451122032,5,6,"Greg Weissert",20375,669711
"Braydon Fisher","TOR",0.2912861704826355,-1.8056560568511486,2.096942216157913,6.253000020980835,0.6558310389518738,0.9421579752649579,0.8910090262825424,1.2210370037290785,0.8073454715988853,22,0.005804494023323059,0.30336464547339315,10,6,"Braydon Fisher",24609,680755
"Tim Herrin","CLE",-0.2107398808002472,-1.8460299968719482,1.6352901458740234,0.33099985122680664,0.04218297451734543,1.4044069051742554,0.9939461350440979,1.3257091045379639,1.3708525896072388,19,-0.16001302003860474,0.009956878884770759,4,6,"Tim Herrin",25139,682120
"Connor Phillips","CIN",0.5440040230751038,-1.8581640720367432,2.402168035507202,-4.958000183105469,-0.5401468873023987,0.9775957465171814,0.8077372312545776,1.083008050918579,0.8400105237960815,19,-0.5772964358329773,1.1337677840494487,6,6,"Connor Phillips",27649,683175
"Matt Svanson","STL",-0.7179359793663025,-1.7589819431304932,1.0410460233688354,-10.059999465942383,-1.0645583868026733,0.5779815316200256,0.4941161572933197,0.5402416586875916,0.9571375250816345,16,-0.9643406867980957,-0.27780277296609124,1,6,"Matt Svanson",29629,694335
"Drew Anderson","DET",0.3513781279325485,-1.8863739743828773,2.237752228975296,3.7727999687194824,0.3779165744781494,0.8284925902449845,0.7981386359145002,1.0326235785203821,1.6999272866682573,11,0.23631630325689912,0.18780110234192027,6,5,"Drew Anderson",15130,623454
"Mark Leiter Jr.","ATH",-0.31247201561927795,-2.8509879112243652,2.53851580619812,-3.5850000381469727,-0.3742840886116028,1.386497139930725,1.0789449214935303,1.2208999395370483,1.2717764377593994,17,-0.10113315284252167,-0.12423479536319212,5,5,"Mark Leiter Jr.",15551,643410
"Ryan Borucki","SFG",-0.12636876106262207,-1.4740740060806274,1.3477052450180054,-1.8800002336502075,-0.20729386806488037,0.8905068039894104,0.5608833432197571,0.851610541343689,0.6172857284545898,14,-0.1387140452861786,-0.0031925190393252145,2,5,"Ryan Borucki",16350,621366
"Gabe Speier","SEA",-0.4364139437675476,-1.7013318538665771,1.2649179697036743,-0.2840000092983246,-0.027937818318605423,1.4632983207702637,1.3846533298492432,1.453346610069275,1.4252833127975464,12,-0.33062469959259033,0.03238480033689772,3,5,"Gabe Speier",17170,642100
"Jalen Beeks","TEX",0.09511421620845795,-1.3503119945526123,1.4454262256622314,1.6150001287460327,0.16121889650821686,0.9727200269699097,0.8294827938079834,0.9903565049171448,0.9778600335121155,20,0.05179711431264877,0.04598458398829536,5,5,"Jalen Beeks",17192,656222
"Justin Lawrence","PIT",-0.904015839099884,-2.177081823348999,1.2730660438537598,-8.362000465393066,-0.8748668432235718,0.9463257789611816,0.7527391314506531,0.7505545616149902,0.9551411867141724,17,-0.6494036912918091,-0.3058866106296467,2,5,"Justin Lawrence",17639,664875
"Phil Maton","CHC",-0.8712137937545776,-1.9843940734863281,1.1131802797317505,-7.664000034332275,-0.7866643667221069,0.9601051211357117,0.7682754397392273,0.9915111064910889,0.8615599870681763,15,-0.4586847722530365,-0.4487302332247135,4,5,"Phil Maton",18064,664208
"JoJo Romero","STL",1.0962140560150146,-2.4231579303741455,3.51937198638916,6.5,0.6923035979270935,1.8532764911651611,1.6787930727005005,1.8661082983016968,1.6663652658462524,23,0.4018807113170624,0.18961983446810604,13,5,"JoJo Romero",19574,668941
"Kevin Ginkel","ARI",0.35663172602653503,-1.824912667274475,2.181544542312622,3.9720001220703125,0.37280139327049255,1.3044719696044922,1.1414586305618286,1.3443636894226074,1.39246666431427,18,0.2410251647233963,0.032366471384095985,8,5,"Kevin Ginkel",19876,656464
"Tony Santillan","CIN",-0.07581393420696259,-3.0544111728668213,2.9785971641540527,-2.312999963760376,-0.19407428801059723,1.729973316192627,1.6277753114700317,1.6686636209487915,1.4668333530426025,18,-0.33423537015914917,0.29041161085758027,12,5,"Tony Santillan",19926,663574
"John Schreiber","KCR",-0.16137917339801788,-1.6505483388900757,1.4891691207885742,2.131999969482422,0.2028096318244934,1.0556108951568604,0.8884847164154053,1.2471181154251099,0.9929368495941162,19,-0.13696663081645966,-0.01591088696819476,5,5,"John Schreiber",20020,670167
"Griffin Jax","TBR",-0.2478419542312622,-2.9621280431747437,2.7142860889434814,-0.19990015029907227,-0.02746438980102539,1.4579040184020997,1.1905636281678171,1.6594749763607979,1.2500533660252888,15,0.06309416890144348,-0.2330929830228994,4,5,"Griffin Jax",20253,643377
"Eduard Bazardo","SEA",0.0764918178319931,-2.593022108078003,2.6695139408111572,3.0410001277923584,0.3067752420902252,1.5588815212249756,1.3102755546569824,1.5769360065460205,1.5218956470489502,23,-0.043957870453596115,0.09302626775673786,8,5,"Eduard Bazardo",20997,660825
"Grant Wolfram","BAL",-0.1253398358821869,-1.6057460308074951,1.4804061651229858,-1.4010000228881836,-0.15407349169254303,1.4432032108306885,1.2181802988052368,1.343537449836731,1.519837498664856,16,-0.21969623863697052,0.13284787595210443,5,5,"Grant Wolfram",21623,664991
"Juan Morillo","ARI",-0.2258819043636322,-2.68652606010437,2.460644245147705,3.1629998683929443,0.30230778455734253,1.7542318105697632,1.5822762250900269,1.7459391355514526,1.9749699831008911,20,0.3219544291496277,-0.4507184288688365,12,5,"Juan Morillo",21924,666661
"Camilo Doval","NYY",-0.8420799374580383,-2.3674819469451904,1.5254020690917969,-1.1600000858306885,-0.11778095364570618,1.1789441108703613,0.8874180316925049,1.0542173385620117,0.9081789255142212,19,-0.37615081667900085,-0.33811538957599174,3,5,"Camilo Doval",21992,666808
"DL Hall","MIL",0.028646200895309448,-1.2000659108161926,1.2287122011184692,4.338000059127808,0.46149785071611404,0.637883038453336,0.6072104957795912,0.8468190772192818,0.9385999627411366,16,0.2515714690089226,-0.206663234789735,3,5,"DL Hall",22207,669084
"Juan Mejia","COL",-0.20910805463790894,-2.8939280807971954,2.684819996356964,3.3580002784729004,0.24294620752334595,1.5698265639026607,1.4192620351396759,1.6779428947539556,1.5444999535878499,12,0.4023161828517914,-0.535520741524857,10,5,"Juan Mejia",23237,675848
"PJ Poulin","WSN",0.23483815789222717,-2.1854880452156067,2.4203261137008667,-1.2254002094268799,-0.12060892581939697,1.5971779650449753,1.181287092547263,1.5458782133848772,1.3701368131135638,19,-0.16930029541254044,0.316333477081569,6,5,"PJ Poulin",23394,676571
"Jose A. Ferrer","SEA",-0.19371794164180756,-2.6934001445770264,2.4996821880340576,2.884999990463257,0.3278202414512634,1.5308815240859985,1.207364559173584,1.4725923538208008,1.1258363723754883,22,0.23870164155960083,-0.3652417680122115,12,5,"Jose A. Ferrer",24017,678606
"Jonathan Bowlan","PHI",-0.5036138892173767,-1.1668219566345215,0.6632081270217896,-0.453999787569046,-0.04065008461475372,0.6568602919578552,0.5563633441925049,0.7357000112533569,0.545324981212616,16,-0.13980114459991455,-0.6268974903811889,1,5,"Jonathan Bowlan",24607,680742
"Gus Varland","WSN",0.4760279357433319,-2.679594039916992,3.1556220054626465,-1.7380001544952393,-0.17076259851455688,2.0004189014434814,1.755127191543579,1.9470189809799194,1.819741129875183,17,-0.2531956434249878,0.49115976953869084,12,5,"Gus Varland",24737,681402
"Cooper Criswell","SEA",-0.20096412301063538,-1.5843795537948608,1.3834154605865479,1.1540000438690186,0.12753111124038696,0.8675867915153503,0.7521499991416931,0.97127366065979,1.3158400058746338,10,0.06599149852991104,-0.2976272552933653,4,5,"Cooper Criswell",24975,681867
"Nick Mears","KCR",-0.4107000231742859,-2.4618899822235107,2.051190137863159,-0.3169999122619629,-0.029760200530290604,1.5190658569335938,1.2818714380264282,1.5224100351333618,1.3654667139053345,18,-0.01038864254951477,-0.25997489784585054,8,5,"Nick Mears",25376,683232
"Ryan Zeferjahn","LAA",-0.05580984801054001,-2.9281322956085205,2.8723223209381104,-0.038999781012535095,-0.007549883797764778,1.6635487079620361,1.3271052837371826,1.323894739151001,1.3462307453155518,13,0.1914570927619934,-0.22500576359046046,5,5,"Ryan Zeferjahn",25420,666171
"Anthony Nunez","BAL",0.18260207772254944,-2.4600701332092285,2.642672061920166,-3.750999927520752,-0.39900633692741394,1.429592490196228,1.2486034631729126,1.4263652563095093,1.2726777791976929,18,0.1834186613559723,-0.05568850120558902,8,5,"Anthony Nunez",25796,689296
"Tyler Holton","DET",-0.8405199572443962,-2.7428822070360184,1.9023623168468475,-1.345400333404541,-0.13313840329647064,1.0477555283793696,0.9999774502169702,1.215643437012382,0.8468110958735148,18,-0.06102246232330799,-0.7411875327358277,6,5,"Tyler Holton",26231,663947
"Mitchell Parker","WSN",-0.8109217882156372,-2.942798137664795,2.131876230239868,-1.7000004053115845,-0.1740749478340149,1.3697196245193481,1.2151345014572144,1.1690363883972168,1.7534363269805908,11,-0.08025123178958893,-0.5117836443261709,4,5,"Mitchell Parker",27636,680730
"Jordan Leasure","CHW",-0.7231731340289116,-2.251483079046011,1.5283100605010986,-6.477899849414825,-0.6673965342342854,1.1807569159737117,1.0643333413384177,1.2040470978792976,1.3216533342997232,15,-0.08522839471697807,-0.5272373247258308,4,5,"Jordan Leasure",29950,673929
"Kenley Jansen","DET",-1.7544978857040405,-3.925542116165161,2.171044111251831,-2.2749998569488525,-0.22178585827350616,2.343191146850586,2.110344409942627,2.210494041442871,2.712266683578491,3,-0.01628042384982109,-0.7324838790804837,7,4,"Kenley Jansen",3096,445276
"Brooks Raley","NYM",0.440807968378067,-1.8766822814941406,2.317490339279175,3.2889997959136963,0.32630711793899536,1.644813895225525,1.3024373054504395,1.5283454656600952,1.881568431854248,19,0.43824636936187744,-0.17024767987024553,11,4,"Brooks Raley",10061,548384
"Taylor Rogers","MIN",0.40355756878852844,-1.4252452850341797,1.8288028240203857,2.2689998149871826,0.23460949957370758,1.111634373664856,0.9721488952636719,1.3906636238098145,1.1156713962554932,14,-0.197627991437912,0.5606588389440688,7,4,"Taylor Rogers",13449,573124
"Lucas Sims","CHW",-0.5648838877677917,-1.1463299989700317,0.58144611120224,-1.5999999046325684,-0.16665855050086975,1.0919489860534668,1.0508861541748047,1.5786443948745728,1.5026665925979614,6,-0.16920141875743866,-0.3481156857800186,1,4,"Lucas Sims",13470,608371
"Steven Okert","HOU",-0.16476399078965187,-1.6707180589437485,1.505954034626484,-0.44190001487731934,-0.06569472700357437,0.984731125831604,0.8636122047901154,1.0385440111160278,1.0031083300709724,24,0.2544681057333946,-0.4217868656136705,6,4,"Steven Okert",13580,595345
"Paul Sewald","ARI",0.20810195803642273,-1.961751937866211,2.169853925704956,3.36899995803833,0.3298434317111969,1.6653342247009277,1.87260901927948,1.8796181678771973,1.527733325958252,3,0.5347274541854858,-0.40976637733390364,10,4,"Paul Sewald",13892,623149
"Wandy Peralta","SDP",-0.752997875213623,-1.5308480262756348,0.7778501510620117,2.678999900817871,0.2785644829273224,0.503190279006958,0.4595194458961487,0.800599992275238,0.38911762833595276,17,0.18676652014255524,-1.6832140999719158,0,4,"Wandy Peralta",14295,593974
"Joel Payamps","ATL",-0.5769000053405762,-0.9558439254760742,0.37894394993782043,-3.8329997062683105,-0.3894047439098358,0.7818615436553955,0.7784512639045715,0.8567500114440918,1.0573999881744385,9,-0.21601320803165436,-0.5218412241526252,1,4,"Joel Payamps",14332,606303
"Anthony Banda","MIN",0.10731412470340729,-1.412693977355957,1.5200080871582031,-6.178999900817871,-0.6548821926116943,0.9237200021743774,0.8638815879821777,1.116879940032959,0.8604094982147217,21,-0.0011996282264590263,0.11737566041239929,6,4,"Anthony Banda",14706,607455
"Emilio Pagán","CIN",-0.34336403012275696,-2.900984048843384,2.557620048522949,-2.2619998455047607,-0.21710212528705597,2.0100860595703125,2.142106771469116,2.1114001274108887,1.77239990234375,3,-0.5762495398521423,0.4054289779722413,7,4,"Emilio Pagan",14771,641941
"Sam Moll","CIN",-0.0541858896613121,-1.1554679870605469,1.1012821197509766,5.813000202178955,0.5865136981010437,0.7137428522109985,0.6859772801399231,0.9357749819755554,0.6493909358978271,22,0.40764158964157104,-0.4835595333287935,4,4,"Sam Moll",14874,594580
"Kyle Finnegan","DET",0.16812211275100708,-2.2395739555358887,2.407696008682251,6.4770002365112305,0.6606134176254272,1.2198424339294434,1.1194343566894531,1.1919916868209839,1.3631272315979004,22,-0.03291158378124237,0.1707343943957577,7,4,"Kyle Finnegan",15009,640448
"Justin Topa","MIN",-0.4150993227958679,-1.8794684410095215,1.4643691778182983,-6.497999668121338,-0.6711053848266602,0.9303711652755737,0.7100080251693726,0.9988608360290527,0.9189599752426147,15,-0.6251721978187561,0.17900690563354904,3,4,"Justin Topa",15145,623437
"Brad Keller","PHI",0.38906997442245483,-2.231926441192627,2.6209964752197266,3.5989997386932373,0.35738420486450195,1.4688787460327148,1.5248444080352783,1.5158272981643677,1.4488874673843384,16,0.342552125453949,-0.07767663762127974,8,4,"Brad Keller",15734,641745
"Aaron Bummer","ATL",-0.5001799464225769,-1.3446240425109863,0.8444440364837646,-9.230999946594238,-0.9035221934318542,0.9377949237823486,0.744519054889679,1.0560842752456665,0.9768375158309937,16,-0.2791042625904083,-0.25425322713158005,2,4,"Aaron Bummer",16258,607481
"Tim Hill","NYY",-0.09439801424741745,-1.9043781757354736,1.809980034828186,3.1510002613067627,0.3239574134349823,1.4538893699645996,1.1801389455795288,1.4390079975128174,1.232319951057434,20,0.4231831729412079,-0.4881110940042224,10,4,"Tim Hill",16814,657612
"Tanner Banks","PHI",-0.5970138907432556,-1.8547558784484863,1.257741928100586,-5.559999942779541,-0.5807160139083862,0.9145762324333191,0.7866638898849487,0.8264600038528442,0.8760133385658264,15,-0.28440842032432556,-0.36836810017942956,3,4,"Tanner Banks",16990,621383
"Matt Gage","SFG",-0.5376419425010681,-2.016169786453247,1.4785279035568237,2.9549999237060547,0.3160378634929657,0.9755802154541016,0.957344114780426,1.4458308219909668,0.7476999759674072,22,0.3600490391254425,-0.9111487170241102,5,4,"Matt Gage",17381,657424
"Dennis Santana","PIT",-0.6728155612945557,-2.9788734912872314,2.306057929992676,-4.266000270843506,-0.42273467779159546,1.428378701210022,1.3021652698516846,1.4048086404800415,1.616676926612854,13,-0.5657135844230652,0.09467914465958116,9,4,"Dennis Santana",17878,642701
"Garrett Cleavinger","TBR",0.00409604050219059,-1.1982120275497437,1.2023080587387085,-2.1760001182556152,-0.22476902604103088,1.9333045482635498,1.4717090129852295,1.6927272081375122,2.034980058670044,10,-0.30084213614463806,0.3029608093282653,4,4,"Garrett Cleavinger",17897,664076
"Seranthony Domínguez","CHW",-0.3466480076313019,-3.417912483215332,3.0712645053863525,-0.9319994449615479,-0.09702757745981216,2.076162576675415,1.7363545894622803,1.8833714723587036,2.388200044631958,6,-0.6584227681159973,0.49145703454305445,8,4,"Seranthony Dominguez",19249,622554
"Matt Festa","CLE",0.15866011381149292,-1.5421059131622314,1.7007660865783691,0.43900004029273987,0.05061741918325424,0.8944213390350342,0.7103346586227417,1.238417387008667,0.8854299783706665,20,-0.40750592947006226,0.5848944899695991,5,4,"Matt Festa",19330,670036
"Lucas Erceg","KCR",0.2540319263935089,-3.1981704235076904,3.452202320098877,1.3199999332427979,0.14778171479701996,1.8954291343688965,1.8595046997070312,1.8840285539627075,2.3555333614349365,3,-0.09076698124408722,0.2247904178301728,11,4,"Lucas Erceg",19360,668674
"David Bednar","NYY",-0.6750940680503845,-3.7225780487060547,3.0474839210510254,-5.052000045776367,-0.5532412528991699,1.7229000329971313,1.2999610900878906,1.442272663116455,3.4921998977661133,2,-0.692988395690918,0.30115250555166195,7,4,"David Bednar",19569,670280
"Will Vest","DET",-0.6348399519920349,-2.0932021141052246,1.458362102508545,-1.9320000410079956,-0.1821451485157013,1.8773354291915894,1.226058840751648,1.216225028038025,1.5336833000183105,12,0.17984864115715027,-0.5180087494258186,3,4,"Will Vest",19769,676684
"Bryan Baker","TBR",0.09465207904577255,-3.1480720043182373,3.2427241802215576,6.001999855041504,0.6135121583938599,2.0400822162628174,1.4942131042480469,1.5478260517120361,2.7693750858306885,8,0.490059494972229,-0.4436632868727517,10,4,"Bryan Baker",19804,641329
"Riley O'Brien","STL",0.908251941204071,-3.7169742584228516,4.6252264976501465,1.5109999179840088,0.13495099544525146,2.532238006591797,2.0510666370391846,2.1352334022521973,1.9835000038146973,8,0.3128432035446167,0.045832378624103,15,4,"Riley O'Brien",20348,676617
"Zack Kelly","BOS",-0.23681801557540894,-1.6992695331573486,1.4624515771865845,0.7199999690055847,0.05770590156316757,1.2748438119888306,0.9052841067314148,1.1810941696166992,1.1075166463851929,12,0.18628524243831635,-0.37204761846299894,3,4,"Zack Kelly",20349,677161
"Ryan Walker","SFG",-0.9787899255752563,-2.919693946838379,1.9409040212631226,-5.185000419616699,-0.552705705165863,1.5620486736297607,1.083145022392273,1.1258000135421753,0.8539111018180847,9,-0.4473881423473358,-0.1792184046182107,2,4,"Ryan Walker",20423,676254
"Connor Brogdon","CLE",-0.48397204279899597,-1.4943140745162964,1.0103421211242676,-3.7179999351501465,-0.38783514499664307,1.037670373916626,0.9890254139900208,1.3064533472061157,1.2211090326309204,11,-0.12035131454467773,-0.34605117218361914,4,4,"Connor Brogdon",21205,641401
"Jacob Latz","TEX",-0.4170420169830322,-2.317798189818859,1.900755986571312,3.352000117301941,0.3330504298210144,1.2282000311305015,1.3848370578553941,1.575778945496208,1.4639750272035599,8,0.7350548505783081,-1.0746103027949672,7,4,"Jacob Latz",21306,656641
"Hogan Harris","ATH",0.8560461401939392,-2.113506317138672,2.969552516937256,-1.0280003547668457,-0.07254283130168915,1.5691202878952026,1.300119400024414,1.6412593126296997,1.6122817993164062,22,0.026558704674243927,0.5189993043565541,9,4,"Hogan Harris",21520,663687
"Ryan Rolison","CHC",-0.6333019733428955,-1.5236647129058838,0.8903627991676331,-0.5149999856948853,-0.05436530336737633,1.000333309173584,0.8773924708366394,1.059999942779541,1.517366647720337,6,0.16396450996398926,-0.7970554682827641,2,4,"Ryan Rolison",22200,669020
"Angel Zerpa","MIL",-0.3820740580558777,-2.3871726989746094,2.005098819732666,-1.9259999990463257,-0.19400189816951752,2.0163447856903076,2.0424489974975586,2.1526167392730713,1.7765555381774902,9,-0.26424604654312134,0.07475759160852921,5,4,"Angel Zerpa",22717,672582
"Ben Brown","CHC",0.692236065864563,-2.3887439370155334,3.0809799432754517,7.229400157928467,0.7496346235275269,1.0429532749210289,0.959365337360196,1.3283066749572754,0.8853230934876662,13,0.7439698278903961,-0.08024300281572705,5,4,"Ben Brown",23590,676962
"Victor Vodnik","COL",-0.546750009059906,-3.3325719833374023,2.7858219146728516,-5.496999740600586,-0.4676308333873749,1.8945170640945435,1.6419514417648315,1.4330110549926758,1.8082000017166138,8,-0.316545695066452,0.027949714897111566,6,4,"Victor Vodnik",24614,680767
"Ryan Weiss","HOU",-1.4041419923305511,-2.6877079606056213,1.2835661172866821,-10.944899320602417,-1.043103188276291,0.7137848563266523,0.6489312607666542,0.9414666493733724,0.6050999959309896,6,-1.3493835180997849,-0.6177946587484611,0,4,"Ryan Weiss",24621,680802
"Abner Uribe","MIL",-0.1326819658279419,-2.633527994155884,2.5008459091186523,1.334999918937683,0.13449619710445404,1.7749868631362915,1.5190348625183105,1.6674299240112305,2.0233800411224365,10,0.09104003757238388,-0.16579099409129644,9,4,"Abner Uribe",25327,682842
"Kevin Kelly","TBR",1.2205281257629395,-2.1433298587799072,3.3638579845428467,8.714999198913574,0.8782055377960205,1.7947616577148438,1.700028419494629,2.221583366394043,1.471809983253479,20,0.6862831115722656,-0.006232855029031592,16,4,"Kevin Kelly",25679,687330
"Bryan King","HOU",0.31640610098838806,-3.060255765914917,3.376661777496338,1.74399995803833,0.17561106383800507,2.0936214923858643,1.8046047687530518,1.8916499614715576,2.0058600902557373,10,0.5617431998252869,-0.41061459222400754,9,4,"Bryan King",25890,687911
"Andrew Nardi","MIA",-0.10390990972518921,-1.9133440256118774,1.8094340562820435,-3.5930001735687256,-0.3710496425628662,1.2150795459747314,1.131701111793518,1.1251304149627686,1.2121684551239014,19,-0.149162158370018,0.06364519771553416,10,4,"Andrew Nardi",25942,677053
"Graham Ashcraft","CIN",0.3094061315059662,-2.8266701698303223,3.1360762119293213,5.650999546051025,0.518627405166626,1.5217779874801636,1.3524032831192017,1.2710239887237549,1.5743237733840942,21,0.14785410463809967,0.05546473296599552,12,4,"Graham Ashcraft",27552,668933
"Brent Headrick","NYY",0.6747261881828308,-2.079756021499634,2.7544822692871094,6.349999904632568,0.6694691181182861,1.2699482440948486,1.1678297519683838,1.4885153770446777,1.1328434944152832,23,0.28114303946495056,0.25015907565686657,10,4,"Brent Headrick",27702,687396
"Will Klein","LAD",0.11604807712137699,-1.4525219835340977,1.5685701221227646,5.143999695777893,0.545110322535038,0.9803999793398511,0.9907597353061041,1.2733624428510666,0.9710000111506536,13,0.5589564815163612,-0.4405883873028979,3,4,"Will Klein",27787,694361
"Bradgley Rodriguez","SDP",0.03657802939414978,-1.5694119930267334,1.605989933013916,4.860999941825867,0.5138315558433533,0.9470933011599949,0.8559144576390584,0.9859363490884955,1.3838316076680233,19,0.5975457727909088,-0.5589244148430179,5,4,"Bradgley Rodriguez",29107,699134
"Chase Silseth","LAA",0.049604080617427826,-1.7786296606063843,1.8282338380813599,0.4359997808933258,0.06357966363430023,1.1113011837005615,0.9049199819564819,1.47087824344635,1.2254444360733032,18,0.16465525329113007,-0.12001921641384589,5,4,"Chase Silseth",30074,681217
"Jaden Hill","COL",0.49600210785865784,-2.170315980911255,2.666317939758301,4.630000114440918,0.43021130561828613,1.8740999698638916,1.2755488157272339,1.6714667081832886,1.3937499523162842,20,0.32306399941444397,-0.05840250011636733,9,4,"Jaden Hill",30250,677955
"Mason Fluharty","TOR",0.43326812610030174,-1.0991260707378387,1.5323942303657532,0.892000138759613,0.10251255333423615,1.032341826100682,0.8859697859734297,1.2075999401233815,1.2022154056108916,26,0.12990493327379227,0.289789508185413,5,4,"Mason Fluharty",31553,689254
"Andrew Morris","MIN",-0.7242659293115139,-2.4116780757904053,1.6874120272696018,-0.7790002524852753,-0.06592307984828949,1.1693247450460302,0.9388456619702853,1.111114306109292,1.4560153621893663,13,0.052471643313765526,-0.6718598264339332,3,4,"Andrew Morris",31891,702193
"Huascar Brazobán","NYM",0.5482921451330185,-2.1152100414037704,2.6635022163391113,4.412899911403656,0.46110424399375916,1.5261813157072692,1.2748914344890698,1.6278727759014477,1.2578727115284314,22,0.7006307393312454,-0.3413731992932017,10,3,"Huascar Brazoban",6107,623211
"Fernando Cruz","NYY",0.9137501120567322,-1.8605021238327026,2.77425217628479,6.38100004196167,0.6849315166473389,1.6091163158416748,1.2580465078353882,1.6018240451812744,1.524808406829834,24,0.49218276143074036,0.0756755736447946,10,3,"Fernando Cruz",7048,518585
"Caleb Thielbar","CHC",-0.062192048877477646,-1.3415762186050415,1.2793841361999512,2.69599986076355,0.27760154008865356,1.5635372400283813,1.3615167140960693,1.5720922946929932,0.8986750245094299,8,0.16779416799545288,-0.20757067429494386,4,3,"Caleb Thielbar",10078,573204
"Blake Treinen","LAD",0.10467200726270676,-1.3114361763000488,1.4161081314086914,1.8430001735687256,0.2519877851009369,1.1408129930496216,1.006410002708435,1.307289958000183,1.0333157777786255,19,0.10641728341579437,-0.014665166372581598,6,3,"Blake Treinen",12572,595014
"Burch Smith","DET",-0.43299390375614166,-1.109322041273117,0.6763280965387821,-0.17599976062774658,-0.031118229031562805,0.6532815506583766,0.6104190519877842,0.5849692179606512,0.8884444369210137,9,0.08330591022968292,-0.7461042141459205,1,3,"Burch Smith",12784,572143
"Andrew Kittredge","BAL",-0.6796860098838806,-1.2433820962905884,0.563696026802063,-6.625999927520752,-0.6835121512413025,1.0037319660186768,0.6742818355560303,0.722000002861023,0.4801499843597412,8,-0.506510853767395,-0.17064802220212205,0,3,"Andrew Kittredge",12828,552640
"Shawn Armstrong","CLE",0.21993009746074677,-1.0664479732513428,1.286378026008606,1.7519999742507935,0.18096528947353363,1.3107508420944214,1.2631250619888306,1.1790285110473633,1.4526000022888184,12,-0.02254893071949482,0.19033833080816848,3,3,"Shawn Armstrong",12857,542888
"Pierce Johnson","CIN",0.6603798866271973,-1.1310900449752808,1.791469931602478,7.15500020980835,0.6978177428245544,0.9234110116958618,0.7939871549606323,0.9539564847946167,0.8757176399230957,17,0.1466646045446396,0.5684881045555011,6,3,"Pierce Johnson",13435,572955
"Matt Strahm","KCR",0.25645002722740173,-1.8316540718078613,2.088104009628296,1.283000111579895,0.138965904712677,1.6173863410949707,1.5167293548583984,1.5601999759674072,1.9796874523162842,16,-0.08134959638118744,0.2399078954785973,9,3,"Matt Strahm",13799,621381
"Brent Suter","LAA",-0.40505993366241455,-1.7558703422546387,1.350810468196869,3.0410001277923584,0.3037066478282213,0.6630188124811548,0.7258333750069141,0.7364842232904936,1.4578363678672097,11,0.03764250874519348,-0.6485752998474485,1,3,"Brent Suter",13942,608718
"Tim Mayza","PHI",-0.3262900039553642,-1.1907940059900284,0.864504024386406,2.1659998893737793,0.18848659843206406,0.5745903563040954,0.43036000728607177,0.5916454575278542,0.6733333302868737,18,0.13404294848442078,-0.7019083857920372,0,3,"Tim Mayza",15042,641835
"Cole Sulser","TBR",0.42863819003105164,-1.4660782217979431,1.8947163820266724,1.1460002064704895,0.10637618042528629,1.110545092937993,1.2017858602382518,1.3692888220151265,1.5620153958980854,13,0.06089789606630802,0.3250730948973021,5,3,"Cole Sulser",15256,642121
"Devin Williams","NYM",0.564574122428894,-2.5769307613372803,3.1415047645568848,-3.4100000858306885,-0.3840741217136383,2.2515387535095215,1.82048499584198,1.8675999641418457,2.114025115966797,8,0.04452433064579964,0.2062260157778985,10,3,"Devin Williams",15816,642207
"Sean Manaea","NYM",-0.39451390504837036,-1.4009321928024292,1.006418228149414,-11.270999908447266,-1.1606231927871704,0.5264622569084167,0.5522933602333069,0.9473090767860413,1.4636000394821167,5,-0.5570936799049377,-0.19227419950412672,2,3,"Sean Manaea",15873,640455
"Bryan Abreu","HOU",-0.016296112909913063,-2.126707077026367,2.1104109287261963,-4.034000396728516,-0.43193843960762024,1.5475319623947144,1.3794536590576172,1.2600420713424683,1.1347143650054932,7,-0.4432176649570465,0.4326872763732167,6,3,"Bryan Abreu",16609,650556
"Ryan Thompson","ARI",0.5793660283088684,-1.0217419862747192,1.6011079549789429,3.1619999408721924,0.32612118124961853,1.0635820627212524,0.997138500213623,1.325452208518982,1.3032699823379517,20,0.2637932002544403,0.28093771296396997,6,3,"Ryan Thompson",16647,657044
"Brennan Bernardino","COL",0.07627007365226746,-2.054905951023102,2.1311760544776917,4.532299757003784,0.4547826051712036,1.3474329788606245,0.9663689629784946,1.1677249372005463,1.7281052940770198,19,0.454725906252861,-0.3981219230872117,4,3,"Brennan Bernardino",16835,657514
"Luke Weaver","NYM",1.1868321895599365,-1.996824026107788,3.1836562156677246,4.344000339508057,0.42920634150505066,1.8760956525802612,1.8005774021148682,2.0077810287475586,1.5555052757263184,19,0.4467616379261017,0.18584586688189886,14,3,"Luke Weaver",16918,596133
"JT Brubaker","SFG",-0.12019406259059906,-0.42504405975341797,0.3048499822616577,1.313999891281128,0.12963277101516724,0.20346786081790924,0.15422838926315308,0.21191765367984772,0.16411110758781433,9,-0.12268560379743576,-0.4680419052422601,0,3,"JT Brubaker",17578,664141
"Trevor Megill","MIL",-0.5446999073028564,-2.0991439819335938,1.5544440746307373,-1.8589998483657837,-0.19960008561611176,1.3035584688186646,1.4911222457885742,1.4911222457885742,1.1611167192459106,12,-0.08444148302078247,-0.3334146548757284,7,3,"Trevor Megill",17722,656730
"José Alvarado","PHI",0.18525607883930206,-2.1715400218963623,2.3567960262298584,-5.854000091552734,-0.6043116450309753,1.44817054271698,1.1184152364730835,1.3015825748443604,1.7786909341812134,22,-0.40678760409355164,0.5347118183865275,7,3,"Jose Alvarado",17780,621237
"Brock Burke","CIN",0.2910820543766022,-1.9085960388183594,2.1996779441833496,-2.0219998359680176,-0.21584485471248627,1.20467209815979,0.8996276259422302,1.0328799486160278,1.0707999467849731,19,-0.03472638130187988,0.276354003308937,6,3,"Brock Burke",17968,656271
"Pete Fairbanks","MIA",-0.7534820735454559,-2.5943700969219208,1.8408880904316902,-4.39300000667572,-0.4607476592063904,2.0758031645759205,1.724457106419972,1.7591856845787592,3.040600076317787,4,-0.13724129647016525,-0.22574209540619783,6,3,"Pete Fairbanks",17998,664126
"Tyler Kinley","ATL",0.4304487407207489,-1.7829853296279907,2.2134339809417725,1.6830003261566162,0.15545980632305145,1.234752893447876,1.0290913581848145,1.0875680446624756,1.0233999490737915,19,-0.1656423807144165,0.5142536235022593,5,3,"Tyler Kinley",18297,641755
"Enyel De Los Santos","HOU",0.5039880275726318,-0.9099760055541992,1.413964033126831,3.2340002059936523,0.3176426291465759,0.8619932532310486,0.8845543265342712,1.0012600421905518,1.4788857698440552,14,0.3342841863632202,0.2503932756511408,6,3,"Enyel De Los Santos",18403,660853
"Enmanuel De Jesus","DET",-0.23603184521198273,-1.0671098232269287,0.8310779929161072,-5.950999736785889,-0.6135330200195312,0.4806380867958069,0.5558571815490723,0.5492749810218811,0.6243454217910767,11,-0.44980669021606445,-0.04127350441748717,2,3,"Enmanuel De Jesus",18554,646241
"Jacob Webb","CHC",0.05392414703965187,-1.517521858215332,1.5714460611343384,0.5710000991821289,0.05408469960093498,0.9805408120155334,0.9075382947921753,0.9484727382659912,1.0533250570297241,16,-0.48592716455459595,0.5409214558465709,5,3,"Jacob Webb",19274,657097
"Joey Lucchesi","LAA",-0.9463040232658386,-1.287734031677246,0.34143000841140747,-6.958000183105469,-0.7085831761360168,1.4314318895339966,1.0735666751861572,1.3854399919509888,1.0512499809265137,4,-0.33535078167915344,-0.32573832090742394,0,3,"Joey Lucchesi",19320,664192
"Richard Lovelady","- - -",0.4637001305818558,-2.4621995091438293,2.925899714231491,3.124199628829956,0.3162332847714424,1.6328170220806915,1.1317000102113794,1.5536636385050686,2.584666684580346,12,0.08394894003868103,0.20003887017594102,7,3,"Richard Lovelady",19337,663992
"Yohan Ramírez","PIT",0.7607980370521545,-2.9940013885498047,3.7547993659973145,5.5329999923706055,0.5761969685554504,1.6646289825439453,1.1365264654159546,1.1086087226867676,0.9507499933242798,16,0.0813739225268364,0.37566367866251443,6,3,"Yohan Ramirez",19444,670990
"Cionel Pérez","WSN",0.1638800948858261,-1.7940952777862549,1.9579753875732422,-0.4169999063014984,-0.042476944625377655,1.423257827758789,1.3411567211151123,1.3129750490188599,1.8947076797485352,13,0.08492766320705414,0.030216684984509218,6,3,"Cionel Perez",19614,672335
"Jordan Hicks","CHW",0.12784218788146973,-1.5434021949768066,1.6712443828582764,-1.4780001640319824,-0.16939128935337067,1.0876152515411377,0.9156444668769836,0.9214000105857849,0.8720250129699707,16,-0.3460531532764435,0.4635967310263131,4,3,"Jordan Hicks",19618,663855
"Anthony Bender","MIA",0.03916206955909729,-1.738223910331726,1.777385950088501,0.8469998836517334,0.07133527100086212,1.2295113801956177,0.8108851909637451,1.0465726852416992,1.285788893699646,18,0.44066300988197327,-0.4088112757785715,4,3,"Anthony Bender",19742,669622
"Jonathan Loáisiga","ARI",0.06107841059565544,-1.9127806425094604,1.9738589525222778,4.230999946594238,0.3996047377586365,1.3259702920913696,0.9803624749183655,1.060333251953125,1.0707571506500244,14,0.44906699657440186,-0.4030038147972896,6,3,"Jonathan Loaisiga",19753,642528
"Alex Lange","KCR",-0.7386119365692139,-1.5435419082641602,0.8049299716949463,-1.6749999523162842,-0.1646830439567566,0.47996896505355835,0.529512345790863,0.5517333149909973,0.5510153770446777,13,-0.23060427606105804,-1.3082700894654595,1,3,"Alex Lange",19883,656638
"Bryan Hudson","CHW",0.4306241273880005,-1.7107957899570465,2.141420006752014,4.723999977111816,0.48872314393520355,1.1976196808474404,0.9994252426870938,1.2956320142745972,1.0501895295946222,19,0.3797033876180649,-0.020136711924084005,4,3,"Bryan Hudson",19924,663542
"Dylan Lee","ATL",0.6535201668739319,-1.3585193157196045,2.0120394229888916,9.251999855041504,0.9216322898864746,1.1274000406265259,1.1013407707214355,1.2312960624694824,1.1039520502090454,25,1.166311502456665,-0.5866413380749488,11,3,"Dylan Lee",19996,669276
"Rico Garcia","BAL",0.9553261399269104,-1.0517300367355347,2.00705623626709,8.529000282287598,0.8873677253723145,1.2911368608474731,1.2685785293579102,1.6717666387557983,1.116974949836731,16,0.8863840699195862,-0.1464732448968571,12,3,"Rico Garcia",20023,670329
"Garrett Whitlock","BOS",0.880698025226593,-1.653738021850586,2.534435987472534,1.9280000925064087,0.17100225389003754,1.453954815864563,1.4955904483795166,1.5376499891281128,1.447670578956604,17,0.29065901041030884,0.3150668454533102,12,3,"Garrett Whitlock",20191,676477
"Eli Morgan","KCR",-0.28726595640182495,-0.708981990814209,0.42171603441238403,-1.2139999866485596,-0.11661843210458755,0.4480847418308258,0.4655102491378784,0.5685999989509583,0.7106999754905701,4,-0.12236816436052322,-0.5187292209869164,0,3,"Eli Morgan",20203,669212
"Isaac Mattson","PIT",0.5980721712112427,-1.2452338933944702,1.843306064605713,2.806999921798706,0.2548440098762512,1.1448876857757568,1.015358328819275,1.2544190883636475,1.3865052461624146,19,0.44108647108078003,0.08129854418471205,7,3,"Isaac Mattson",20385,676755
"Nick Sandlin","LAA",-0.7406920194625854,-1.188815951347351,0.4481239318847656,-5.607000350952148,-0.5694538950920105,0.8512622117996216,0.6288820505142212,0.9589999914169312,0.8638333082199097,6,-0.3895794153213501,-0.48053088582395287,1,3,"Nick Sandlin",20517,680704
"Michael Petersen","MIA",0.16639818251132965,-1.4982539415359497,1.6646521091461182,1.504000186920166,0.13829824328422546,1.236775279045105,0.9798471927642822,0.938533365726471,1.513128638267517,14,0.4666004776954651,-0.33205850767824163,6,3,"Michael Petersen",20827,656848
"Cole Sands","MIN",-0.09502992779016495,-1.090783953666687,0.9957540035247803,-2.419999837875366,-0.2407517433166504,1.130142331123352,1.0701285600662231,1.0249667167663574,1.3963333368301392,6,-0.020019030198454857,-0.06406765974590463,2,3,"Cole Sands",21461,663485
"Brendon Little","TOR",-1.0578099489212036,-1.3557583093643188,0.29794830083847046,-10.253000259399414,-1.0592567920684814,1.3266692161560059,1.3393800258636475,1.7547600269317627,0.574400007724762,4,-0.5718770027160645,-0.22546564761404875,0,3,"Brendon Little",21574,663893
"Luis Medina","ATH",-0.07404189929366112,-1.0675640553236008,0.9935221672058105,3.9009999334812164,0.40277212858200073,0.6904750168323517,0.6673249701658884,0.7108933329582214,0.7968222167756822,9,0.46505874767899513,-0.5722920254785866,3,3,"Luis Medina",21649,665622
"Elvis Alvarado","ATH",0.07414986193180084,-0.6553379893302917,0.7294878363609314,-4.361000061035156,-0.4305552542209625,0.7875022292137146,0.7680255770683289,1.5450999736785889,1.6821249723434448,8,-0.11805570125579834,0.212213989551485,3,3,"Elvis Alvarado",21662,665660
"Tobias Myers","NYM",0.5389001369476318,-1.7109520137310028,2.2498521208763123,3.874999761581421,0.4718216061592102,0.9421024647185473,0.9452972684587752,1.1680235091377706,0.7182428325925555,14,0.32405445724725723,0.24796414702274439,5,3,"Tobias Myers",22191,668964
"Jeremiah Estrada","SDP",0.2808898091316223,-1.3021565675735474,1.583046317100525,4.228000164031982,0.43793120980262756,1.4322364330291748,1.4061684608459473,1.4547874927520752,1.6721538305282593,13,0.5403063297271729,-0.34418660909030746,9,3,"Jeremiah Estrada",22210,669093
"Steven Cruz","KCR",-0.538349986076355,-1.1208100318908691,0.5824599862098694,-3.933000087738037,-0.4151434898376465,0.8723222017288208,0.6607083082199097,0.729236364364624,0.32892000675201416,5,-0.48721614480018616,-0.12992965867635098,0,3,"Steven Cruz",23165,674444
"Aaron Ashby","MIL",0.4816161319613457,-2.3424957543611526,2.8241119533777237,3.5154001712799072,0.3594759628176689,1.1821007488442838,1.0505018730958302,1.1366957218750664,1.2740818235007199,22,0.23145059496164322,0.17597333437112483,7,3,"Aaron Ashby",23550,676879
"Erik Sabrowski","CLE",1.4074339866638184,-1.3582160472869873,2.7656500339508057,8.244999885559082,0.8419708609580994,1.637524127960205,1.401315450668335,1.6384079456329346,1.8511000871658325,24,0.7396568059921265,0.11983220099856728,12,3,"Erik Sabrowski",24978,681870
"Evan Sisk","PIT",-0.597295880317688,-1.2833420038223267,0.6860461235046387,4.11299991607666,0.42302489280700684,0.44795462489128113,0.5392036437988281,0.5889222025871277,0.6732285618782043,14,0.18653661012649536,-1.5199213931559195,0,3,"Evan Sisk",24995,681895
"Paxton Schultz","WSN",-0.5382100343704224,-1.7248541116714478,1.1866440773010254,-0.3919997811317444,-0.04643905162811279,0.8126510977745056,0.6933674216270447,0.8768666982650757,0.6924222111701965,9,-0.44447261095046997,-0.2178165754474113,1,3,"Paxton Schultz",25501,687606
"Chris Murphy","CHW",-0.5046460628509521,-0.7192580103874207,0.2146119326353073,-2.7799999713897705,-0.28656867146492004,0.7118666768074036,0.6604833602905273,0.8387333750724792,1.6227600574493408,5,-0.26876896619796753,-0.44013633769152016,0,3,"Chris Murphy",26214,669684
"Cole Henry","WSN",-1.220323920249939,-1.5003688335418701,0.280044823884964,-3.7609996795654297,-0.38082367181777954,0.9379943013191223,1.15038001537323,1.528171420097351,0.5296000242233276,2,-0.37040555477142334,-0.9305873388248067,0,3,"Cole Henry",27570,669371
"Justin Sterner","ATH",-0.46503809094429016,-3.1890158653259277,2.72397780418396,2.9509999752044678,0.31933969259262085,1.5533188581466675,1.1107499599456787,1.4637999534606934,1.357019066810608,21,-0.06141725555062294,-0.23796627958468558,8,3,"Justin Sterner",27694,686993
"Brandon Pfaadt","ARI",-0.8745379447937012,-2.193529963493347,1.3189919888973236,-6.547500371932983,-0.6265996694564819,0.5891006344063267,0.5579002015292645,0.5481636415828358,1.408377726872762,9,-0.27324652671813965,-1.2112841183303544,0,3,"Brandon Pfaadt",27782,694297
"Tyler Samaniego","BOS",-0.17947587370872498,-1.0213319063186646,0.841856062412262,4.753999710083008,0.47437435388565063,0.7461216449737549,0.5861014127731323,0.861477792263031,0.8110923171043396,13,0.23628488183021545,-0.4768299389502754,3,3,"Tyler Samaniego",30081,701719
"Brant Hurter","DET",0.5717560648918152,-1.8161919116973877,2.3879480361938477,7.738999843597412,0.7906562685966492,1.1673243045806885,1.0438082218170166,1.4444094896316528,1.1645176410675049,17,0.3218384385108948,0.16796209305363408,8,3,"Brant Hurter",30133,676428
"Jack Perkins","ATH",0.4216780960559845,-2.6105549335479736,3.0322329998016357,-2.544999837875366,-0.2545727491378784,1.7959381341934204,1.6626708507537842,1.6224285364151,1.7168444395065308,9,0.13306516408920288,0.10173028238388274,6,3,"Jack Perkins",31468,678022
"Zach Agnos","COL",-0.08059006929397583,-1.305831991136074,1.2252419888973236,0.3600001335144043,0.03890398144721985,0.5133405333837947,0.5134185082034061,0.6777714235442025,1.236449971795082,8,0.2125697284936905,-0.36956116800217625,1,3,"Zach Agnos",31552,688642
"David Morgan","SDP",-0.07296790182590485,-0.967210590839386,0.8942427039146423,-6.632999897003174,-0.6274837255477905,0.6381633877754211,0.6437481641769409,0.6421999931335449,0.5162285566329956,7,-0.4594491422176361,0.3451086720125618,1,3,"David Morgan",31616,688158
"Orion Kerkering","PHI",0.3255141079425812,-1.168383240699768,1.4938973188400269,2.864999771118164,0.2837652266025543,0.9821468591690063,0.7676066756248474,0.9734952449798584,0.9889875054359436,16,0.0884246975183487,0.2430064982378526,4,3,"Orion Kerkering",31776,689147
"Hunter Barco","PIT",-0.6301360726356506,-1.6115660667419434,0.9814299941062927,-5.442999839782715,-0.5545059442520142,1.302547574043274,1.0695832967758179,1.4500799179077148,1.5581333637237549,3,-0.2928416132926941,-0.1909304079315502,1,3,"Hunter Barco",33174,682995
"José Fermin","LAA",-0.08024991303682327,-1.115299940109253,1.0350499153137207,0.08800008893013,0.007272724062204361,1.389561414718628,0.8790222406387329,1.152833342552185,0.8716222047805786,9,0.06467704474925995,-0.1224290175565022,4,3,"Jose Fermin",33908,820862
"Craig Kimbrel","NYM",-0.2833479046821594,-1.1018998622894287,0.8185520172119141,-0.5730001926422119,-0.010957086458802223,0.8151671886444092,0.7265999913215637,0.8120142817497253,1.5019999742507935,5,-0.028164269402623177,-0.31943056590147656,2,2,"Craig Kimbrel",6655,518886
"Luis García","- - -",-0.08204989321529865,-1.6446890532970428,1.5626391172409058,-8.562000274658203,-0.8857347369194031,1.266966618024386,0.8750588613397935,0.9249599933624267,1.7193600416183472,5,-0.2511478364467621,0.18638694058098054,3,2,"Luis Garcia",6984,472610
"Kirby Yates","LAA",-0.2493080347776413,-0.7314180135726929,0.48210999369621277,-1.8599998950958252,-0.19903221726417542,1.2465484142303467,1.0441714525222778,1.1629427671432495,1.2403000593185425,6,0.04349895939230919,-0.24349763728687854,1,2,"Kirby Yates",9073,489446
"Miles Mikolas","WSN",-0.9272718727588654,-4.026012182235718,3.0987401008605957,-10.751399517059326,-1.1076233386993408,0.9169952824430646,0.9110816029401926,0.9751636223359541,1.1267454624176025,11,-0.7757394313812256,-0.23546737688982877,2,2,"Miles Mikolas",9803,571945
"Chris Martin","TEX",-0.7449979782104492,-1.1827919483184814,0.437794029712677,-5.185999870300293,-0.5306103229522705,0.8446378111839294,0.7789833545684814,1.0479999780654907,1.2828400135040283,5,-0.40726494789123535,-0.4747675260826506,1,2,"Chris Martin",11847,455119
"Hoby Milner","CHC",0.37290769815444946,-1.4129483699798584,1.785856008529663,5.795000076293945,0.6026602983474731,1.0978989601135254,1.047678828239441,1.3388086557388306,1.2260799407958984,20,0.5058993101119995,-0.16624355698523646,6,2,"Hoby Milner",13346,571948
"Edwin Díaz","LAD",0.0725739374756813,-0.9260859489440918,0.9986599087715149,-4.355000019073486,-0.39021676778793335,1.766321063041687,1.4101999998092651,1.4101999998092651,0.07000000029802322,1,-0.23226402699947357,0.2733516520039026,3,2,"Edwin Diaz",14710,621242
"Scott Barlow","ATH",0.7950520515441895,-1.5642520189285278,2.3593039512634277,6.419000148773193,0.6798800826072693,1.2919461727142334,1.2345458269119263,1.3516000509262085,1.3805636167526245,22,0.7368696331977844,-0.12147862981420332,11,2,"Scott Barlow",14993,605130
"Tyler Rogers","TOR",0.14916403591632843,-2.036792039871216,2.1859560012817383,5.1479997634887695,0.5350832939147949,1.4542146921157837,1.32833731174469,1.3337500095367432,1.722809076309204,22,0.6563264727592468,-0.5537528729152617,9,2,"Tyler Rogers",15541,643511
"Jordan Romano","LAA",-1.2880419492721558,-1.9032540321350098,0.6152120232582092,-5.076999664306641,-0.5265703201293945,1.3631291389465332,1.1723817586898804,1.244036316871643,1.315100073814392,2,-0.273225873708725,-0.671689697729791,2,2,"Jordan Romano",16122,605447
"Ryan Yarbrough","NYY",-0.13370995223522186,-0.381352037191391,0.24764208495616913,0.47599977254867554,0.04719717428088188,0.2416839599609375,0.28751417994499207,0.45649999380111694,1.26419997215271,2,0.22666926681995392,-0.7799122385787455,0,2,"Ryan Yarbrough",16502,642232
"Erick Fedde","CHW",-0.9350641369819641,-4.315927982330322,3.3808637857437134,-4.985399961471558,-0.527195081114769,0.9021589130695377,0.9122925629982581,0.8651600062847138,0.9351399779319763,10,-1.1310248970985413,0.09455103042635105,0,2,"Erick Fedde",17425,607200
"Jimmy Herget","COL",0.5676280148327351,-1.0526439547538757,1.620271921157837,0.1982000172138214,0.028170747682452202,1.1573702966844714,1.064890702565511,1.306826615333557,1.2454399943351746,10,0.07538628578186035,0.4150600445402707,6,2,"Jimmy Herget",17556,623474
"Tanner Scott","LAD",0.5737720131874084,-0.8261278867721558,1.399899959564209,7.73199987411499,0.803554117679596,0.8748531341552734,0.9931819438934326,1.0726956129074097,0.721946656703949,15,0.8506072759628296,-0.19475775015479557,8,2,"Tanner Scott",17586,656945
"Taylor Clarke","ARI",0.7783161401748657,-0.9678159356117249,1.7461321353912354,2.879999876022339,0.3106410503387451,1.131645917892456,1.0626790523529053,1.2373416423797607,1.3813809156417847,21,0.5904842019081116,0.0972893568251526,8,2,"Taylor Clarke",17611,664199
"Tyler Alexander","TEX",0.7719099968671799,-1.1696759182959795,1.941585972905159,4.24399995803833,0.42902540415525436,1.0448851629539773,0.8692054481341921,1.0001738874808601,1.022724948823452,16,0.3442952483892441,0.39445578783460855,6,2,"Tyler Alexander",17735,641302
"Ryan Helsley","BAL",0.21449996531009674,-1.5701839923858643,1.7846840620040894,0.8220001459121704,0.10060052573680878,2.348416328430176,1.8458166122436523,1.8458166122436523,2.5998001098632812,2,0.09938623756170273,-0.008048103554824326,9,2,"Ryan Helsley",18138,664854
"Jake Woodford","MIL",-0.13775600492954254,-0.36168384552001953,0.223927840590477,-4.397000312805176,-0.4522566497325897,0.18512174487113953,0.19658412039279938,0.3069538474082947,2.2045998573303223,2,-0.3286038339138031,-0.4155335175649896,0,2,"Jake Woodford",18674,663765
"Tommy Nance","TOR",-0.13485172390937805,-0.9120159149169922,0.7771641612052917,0.7899999618530273,0.0744330883026123,0.6537452340126038,0.5753833055496216,0.5478799939155579,0.92731112241745,18,0.4292403757572174,-0.6355160270253354,2,2,"Tommy Nance",19178,667297
"Eric Lauer","TOR",-1.2474119663238525,-3.2670798301696777,2.0196679830551147,-9.794600009918213,-1.0115832686424255,0.8581301365272108,0.7455449998378754,0.9264500141143799,0.9635428445679801,7,-0.59510837495327,-0.8585312459229255,0,2,"Eric Lauer",19316,641778
"Keegan Akin","BAL",-0.13870583474636078,-0.7037379220128059,0.565032072365284,-8.386799901723862,-0.8741667158901691,0.6948296240082493,0.5881190470286778,0.6150499780972799,0.6471166809399923,12,-0.23273152858018875,0.033105850638866535,1,2,"Keegan Akin",19362,669211
"Kyle Hart","SDP",0.04039398580789566,-1.180959939956665,1.2213540077209473,1.340000033378601,0.11612379550933838,1.0808371305465698,0.9098033905029297,1.0627833604812622,1.3134181499481201,11,0.2705458104610443,-0.23317294024194962,3,2,"Kyle Hart",19646,606996
"Gregory Soto","PIT",1.4136600494384766,-1.6418440341949463,3.055504083633423,6.433000087738037,0.6559408903121948,1.584963321685791,1.6390666961669922,1.6655083894729614,1.6541999578475952,14,0.6743488311767578,0.21757089346070968,15,2,"Gregory Soto",19677,642397
"Corbin Martin","CHC",-0.5597860217094421,-0.7571679949760437,0.19738200306892395,-3.370000123977661,-0.35969990491867065,0.9749785661697388,0.92054283618927,0.92054283618927,3.4601500034332275,4,-0.02919604256749153,-0.5449560887030397,1,2,"Corbin Martin",19884,656686
"José Suarez","- - -",-0.6798186376690865,-1.5607424369081855,0.8809238132089376,-6.967300057411194,-0.6954427286982536,0.5446991487445995,0.466162012219429,0.6953230769588397,0.5787999828656515,6,-0.6130461785942316,-0.6350164248372312,1,2,"Jose Suarez",19911,660761
"Joel Kuhnel","ATH",0.7282800078392029,-1.3278299570083618,2.05610990524292,5.5920000076293945,0.5598273873329163,1.2875325679779053,1.1318706274032593,1.213070034980774,1.4991999864578247,9,0.5997215509414673,-0.03408148407855238,7,2,"Joel Kuhnel",19995,669270
"Tyler Wells","BAL",0.16689401865005493,-1.3826940059661865,1.5495879650115967,3.7360000610351562,0.37601539492607117,0.9433366060256958,0.7988409996032715,0.8639000058174133,1.4993833303451538,12,0.12316762655973434,0.05375121405770361,5,2,"Tyler Wells",20000,669330
"David Peterson","NYM",-0.5826598256826401,-4.118270039558411,3.5356101989746094,-6.079000353813171,-0.6599078066647053,1.0177077178297371,0.7957346187188075,0.8130182136188854,1.2617999748750166,11,-0.4148186929523945,-0.15770307874563572,2,2,"David Peterson",20302,656849
"Grant Anderson","MIL",0.10304614156484604,-1.4888285398483276,1.5918747186660767,5.505999565124512,0.5538890957832336,0.8687247037887573,0.9171271324157715,1.1467809677124023,0.9480666518211365,18,-0.2559523582458496,0.37457007582131663,6,2,"Grant Anderson",20546,681982
"Jhoan Duran","PHI",0.951662003993988,-1.2508653402328491,2.2025272846221924,4.610000133514404,0.45157214999198914,1.6810952425003052,1.9174532890319824,1.9535866975784302,2.340399980545044,1,0.29074975848197937,0.27534666481083436,8,2,"Jhoan Duran",21029,661395
"Jake Bird","NYY",-0.38243192434310913,-1.756376028060913,1.3739440441131592,-0.1249997615814209,-0.013250166550278664,1.1642028093338013,0.9256347417831421,1.243299961090088,0.8905052542686462,19,-0.0025754920206964016,-0.3259170363231842,5,2,"Jake Bird",21267,656234
"Bennett Sousa","HOU",-0.2656259834766388,-0.37323999404907227,0.10761400312185287,-2.950000286102295,-0.29511016607284546,0.819611132144928,0.29260000586509705,0.45003998279571533,1.1102666854858398,3,-0.010763593018054962,-0.3133242250445106,0,2,"Bennett Sousa",21345,656986
"Daniel Lynch IV","KCR",1.3462673425674438,-1.0008161067962646,2.347083330154419,6.757999897003174,0.6732067465782166,1.1704204082489014,1.2071095705032349,1.3890666961669922,1.3292299509048462,20,0.5770919322967529,0.573150607118321,10,2,"Daniel Lynch IV",21537,663738
"George Soriano","STL",0.9722800254821777,-1.5959919691085815,2.568272113800049,1.902999997138977,0.2028077393770218,1.4740757942199707,1.1285123825073242,1.2705825567245483,1.5188555717468262,18,0.3542555868625641,0.3053305954047285,7,2,"George Soriano",21863,666277
"Cole Winn","TEX",-0.17136186361312866,-1.8575621843338013,1.6862002611160278,-1.4299999475479126,-0.14609584212303162,1.1271129846572876,1.016493797302246,1.2334272861480713,1.0976210832595825,19,-0.15739168226718903,0.0053555812322663154,4,2,"Cole Winn",22113,668390
"Robert Garcia","TEX",-0.3070239722728729,-0.8854820132255554,0.5784580707550049,0.18799994885921478,0.012291277758777142,1.111005425453186,0.9947800040245056,1.089977741241455,1.228124976158142,8,-0.006356623489409685,-0.2699912369610791,2,2,"Robert Garcia",23363,676395
"Keaton Winn","SFG",0.6798880100250244,-1.5892380475997925,2.2691259384155273,9.243999481201172,0.9466661810874939,1.337581753730774,1.0763487815856934,1.1520521640777588,1.1230181455612183,22,0.8591640591621399,-0.35086764428605066,5,2,"Keaton Winn",23499,676775
"Valente Bellozo","COL",-0.40418797731399536,-0.6228979825973511,0.2187100350856781,-4.515999794006348,-0.5497035980224609,0.6598979830741882,0.44466665387153625,1.0928000211715698,0.12759999930858612,1,-0.5175700187683105,-0.09493068237196711,0,2,"Valente Bellozo",23899,678368
"Kai-Wei Teng","HOU",0.6427160501480103,-1.71998792886734,2.362704038619995,9.6280996799469,1.004046767950058,0.8317053365707398,0.8165901164675868,0.9296235126607558,0.8152875155210495,16,0.8051429688930511,-0.03237403031916142,3,2,"Kai-Wei Teng",24282,678906
"Luinder Avila","KCR",-0.20169992744922638,-1.177743911743164,0.9760439097881317,-1.7333998680114746,-0.1564929187297821,0.7013975970716362,0.6609047452608744,0.6366444296307034,0.8162888917658064,9,0.013801544904708862,-0.30137014834922005,3,2,"Luinder Avila",24452,679883
"Alex Vesia","LAD",0.8841580152511597,-0.8591379523277283,1.7432960271835327,6.5879998207092285,0.6613029837608337,1.2817083597183228,0.996399998664856,1.2925817966461182,1.222568392753601,19,0.7104292511940002,-0.020601484567379758,7,2,"Alex Vesia",25007,681911
"Yaramil Hiraldo","BAL",-0.5037680268287659,-0.6329280734062195,0.12916001677513123,-3.797999858856201,-0.39936912059783936,1.4181231260299683,0.5799333453178406,0.840666651725769,1.736533284187317,3,-0.29597747325897217,-0.05925827290579355,0,2,"Yaramil Hiraldo",25215,682274
"Roddery Muñoz","HOU",-0.2660060226917267,-0.463407963514328,0.1974019557237625,-6.706999778747559,-0.6719794273376465,0.5354074239730835,0.5115833282470703,0.5270000100135803,0.7109333276748657,3,-0.8429122567176819,0.3460830930169193,0,2,"Roddery Munoz",25311,682610
"Brady Basso","ATH",-0.24818596243858337,-0.37812402844429016,0.1299380511045456,-3.2139999866485596,-0.3261776566505432,0.8779285550117493,0.6040266752243042,1.1582666635513306,0.9540666937828064,3,-0.3294992744922638,0.04680433192343264,0,2,"Brady Basso",25582,669620
"Luis Mey","CIN",-0.35583803057670593,-0.5599920749664307,0.20415407419204712,-1.4210000038146973,-0.14078651368618011,0.4525809586048126,0.36558517813682556,0.5210999846458435,0.614799976348877,6,-0.16034455597400665,-0.6258971623555944,0,2,"Luis Mey",25620,682825
"Hunter Gaddis","CLE",0.1907120645046234,-1.3311699628829956,1.5218820571899414,-2.1740000247955322,-0.2090352475643158,1.4496128559112549,1.3889333009719849,1.5817625522613525,1.5023866891860962,15,-0.10670610517263412,0.23826679306729143,8,2,"Hunter Gaddis",25636,683769
"Justin Slaten","BOS",-0.035676099359989166,-1.0411040782928467,1.0054280757904053,0.46100014448165894,0.04727925360202789,1.4700108766555786,1.301740050315857,1.5059200525283813,1.3392221927642822,9,0.10931552201509476,-0.13358479779158142,5,2,"Justin Slaten",25648,686580
"Erik Miller","SFG",-0.1970839500427246,-1.082055926322937,0.8849720358848572,0.21900001168251038,0.018699249252676964,0.9234927296638489,0.8886631727218628,1.0554125308990479,1.2757538557052612,13,0.05274244770407677,-0.26615392752640643,3,2,"Erik Miller",26252,669062
"Gavin Collyer","TEX",-0.3109278976917267,-0.7606279850006104,0.4497000575065613,1.4819998741149902,0.16408973932266235,0.594454824924469,0.40871667861938477,0.4129866659641266,0.9612500071525574,8,-0.019607538357377052,-0.5034396044280027,0,2,"Gavin Collyer",26349,686560
"Edgardo Henriquez","LAD",0.2728040814399719,-0.401278018951416,0.6740821003913879,0.4050000011920929,0.03861472010612488,0.42382076382637024,0.5344076156616211,0.5224666595458984,0.5709199905395508,15,0.38004034757614136,0.2636376048135003,2,2,"Edgardo Henriquez",26944,683618
"Clayton Beeter","WSN",0.30202609300613403,-1.5529118776321411,1.85493803024292,3.697999954223633,0.3779798448085785,2.496835947036743,1.5835905075073242,1.9419833421707153,2.039299964904785,8,0.19789955019950867,-0.0769360189893064,4,2,"Clayton Beeter",27494,690925
"Eric Orze","MIN",0.5214939713478088,-1.9638620615005493,2.485356092453003,3.897000312805176,0.4063413143157959,1.4004336595535278,1.1679410934448242,1.3565714359283447,1.4186666011810303,18,0.2823010981082916,0.09007924835814957,8,2,"Eric Orze",27626,679358
"Cade Smith","CLE",1.3225560188293457,-2.721992015838623,4.044548034667969,3.5980002880096436,0.3616977632045746,1.9704318046569824,1.6733753681182861,1.6882959604263306,2.114799976348877,2,0.5465706586837769,0.12463045353110613,15,2,"Cade Smith",27867,671922
"Ian Seymour","TBR",1.433768244460225,-1.530344009399414,2.964112251996994,0.6805999204516411,0.04969887249171734,1.354111671447754,1.2887575843117454,1.4045913374942283,1.9755666653315227,18,0.07088899612426758,0.9879367083520154,10,2,"Ian Seymour",27932,693855
"Andrew Hoffmann","ARI",-0.13879399001598358,-0.3195280134677887,0.18073400855064392,-7.053000450134277,-0.7328073978424072,0.18955999612808228,0.2583976089954376,0.33695000410079956,0.36344000697135925,5,-0.4171529710292816,-0.3150373267706982,0,2,"Andrew Hoffmann",29633,694851
"Sam Bachman","LAA",1.665248155593872,-1.4151639938354492,3.0804121494293213,8.345000267028809,0.8807588219642639,1.445133924484253,1.488842248916626,1.8035368919372559,1.4210889339447021,18,0.7264434099197388,0.42587066103266435,10,2,"Sam Bachman",29754,696147
"Mason Montgomery","PIT",0.8022480309009552,-1.175749957561493,1.9779979884624481,3.761399745941162,0.393013134598732,1.1901977509260178,1.1189186239242555,1.3050000497273035,1.1881473880065114,19,0.2818823456764221,0.3921636523745544,8,2,"Mason Montgomery",29770,682254
"Robert Suarez","ATL",1.1634080410003662,-1.1415340900421143,2.3049421310424805,10.180999755859375,1.0163469314575195,1.2999078035354614,1.2786110639572144,1.3431181907653809,1.3254499435424805,16,0.6506533622741699,0.24433937323842103,11,2,"Robert Suarez",30115,663158
"Jack Dreyer","LAD",-0.2972499132156372,-1.253045916557312,0.9557960033416748,5.831999778747559,0.5516800284385681,0.7735581398010254,0.6300453543663025,0.7761099934577942,0.8412625193595886,16,0.6167376041412354,-1.0010007873741025,3,2,"Jack Dreyer",30249,676263
"Spencer Miles","TOR",0.8935921937227249,-1.0610856115818024,1.9546777606010437,9.502100229263306,0.9866254180669785,0.8732716908057531,0.7882572900165211,0.7651571333408356,1.0136222177081637,9,0.8562832623720169,0.16698613148434682,4,2,"Spencer Miles",31621,693686
"AJ Blubaugh","HOU",0.21837803721427917,-1.9261600971221924,2.144537925720215,2.563999652862549,0.3305358290672302,0.8519061207771301,0.8897867798805237,0.9771999716758728,0.8452777862548828,18,0.03968415781855583,0.21665633779270854,5,2,"AJ Blubaugh",31764,805123
"Peyton Pallette","CLE",0.2059960514307022,-0.8224489092826843,1.0284448862075806,-1.6010000705718994,-0.14959491789340973,0.5744910836219788,0.6525174975395203,0.5432375073432922,0.43435001373291016,8,-0.023939523845911026,0.38251088779461556,2,2,"Peyton Pallette",31865,688883
"Brad Lord","WSN",0.9281080961227417,-1.3093559741973877,2.23746395111084,4.789000034332275,0.4869299829006195,0.7903194427490234,0.8343818187713623,1.1341999769210815,0.708728551864624,14,0.6311019062995911,0.5432436126394828,6,2,"Brad Lord",31972,695418
"Chase Dollander","COL",0.7680699676275253,-2.3810819387435913,3.149151921272278,3.46699982881546,0.34450727701187134,0.8797402013208449,0.8487848751246929,0.8555999815464019,1.1710222363471985,9,0.7182833850383759,0.1547811475069626,3,2,"Chase Dollander",33482,801403
"Grant Taylor","CHW",0.822964146733284,-1.5892120897769928,2.4121762812137604,1.8629002571105957,0.1796475648880005,1.1642481769834245,1.1878722111384075,1.3426599740982055,1.6617666747834947,18,0.343743035569787,0.36312012556961026,6,2,"Grant Taylor",33927,691799
"Albert Suárez","BAL",-0.11875397711992264,-0.47667407989501953,0.3579200804233551,-1.0999997854232788,-0.11405395716428757,0.2855880856513977,0.26750001311302185,0.30720001459121704,0.8314000368118286,3,0.4048303961753845,-0.8206529850241342,1,1,"Albert Suarez",6175,544150
"Aroldis Chapman","BOS",1.617583990097046,-1.4874659776687622,3.1050500869750977,7.194999694824219,0.7130566239356995,2.225975751876831,1.9893110990524292,2.0188443660736084,2.5635499954223633,4,0.6489731669425964,0.07771219282971031,13,1,"Aroldis Chapman",10233,547973
"Taijuan Walker","PHI",-1.1253240704536438,-2.300466001033783,1.1751419305801392,-12.88789963722229,-1.2899872660636902,0.7272949360184751,0.640121719111567,0.8945200085639954,0.3954799920320511,5,-1.6859082579612732,0.13863491021303886,0,1,"Taijuan Walker",11836,592836
"Jason Adam","SDP",1.1370660066604614,-1.0059078931808472,2.1429738998413086,7.302999973297119,0.7724319696426392,1.5174620151519775,1.3749300241470337,1.5744421482086182,1.4894940853118896,17,0.4334823489189148,0.31583855355295465,10,1,"Jason Adam",11861,592094
"Aaron Brooks","TBR",-0.805184006690979,-0.8839699625968933,0.07878600060939789,-3.1489999294281006,-0.3275091052055359,4.439800262451172,3.165800094604492,3.165800094604492,,0,-0.12565302848815918,-0.05570287923153733,0,1,"Aaron Brooks",12272,605156
"Chris Bassitt","BAL",-0.5476299226284027,-4.569703936576843,4.022073984146118,-7.440099716186523,-0.7313901335000992,1.1251698177436302,0.9056560397148132,0.8712600111961365,1.1641999721527099,10,-0.7234988436102867,0.2367901584034639,1,1,"Chris Bassitt",12304,605135
"Chris Devenski","PIT",-0.15648598968982697,-0.17523398995399475,0.01874799095094204,-4.752000331878662,-0.47304093837738037,0.3366153836250305,0.2530499994754791,0.5730000138282776,0.27330002188682556,2,-0.14739453792572021,-0.3174861457929509,0,1,"Chris Devenski",12763,606965
"Michael Kelly","ATH",-0.11723200231790543,-0.517687976360321,0.40045595169067383,-0.1839999556541443,-0.01836555078625679,0.8344916701316833,1.998853325843811,2.0069499015808105,2.1877999305725098,2,-0.2299002707004547,0.08941714005469747,0,1,"Michael Kelly",12791,547184
"Joe Ross","ARI",0.031785998493433,-0.08872204273939133,0.12050804495811462,-5.200000286102295,-0.5234502553939819,0.2663739025592804,0.49664998054504395,0.6588666439056396,1.0657333135604858,3,-0.38108590245246887,0.5004144034356279,1,1,"Joe Ross",12972,605452
"Danny Coulombe","BOS",0.07578204572200775,-0.761031985282898,0.8368140459060669,1.4189999103546143,0.1461511105298996,1.2548749446868896,0.846919059753418,1.2386153936386108,1.308415412902832,13,0.1514771580696106,-0.0910870402790952,3,1,"Danny Coulombe",13293,543056
"Carlos Estévez","KCR",-0.9072920083999634,-1.0567740201950073,0.14948201179504395,-5.760000228881836,-0.5844749212265015,5.346942901611328,1.8510000705718994,1.8510000705718994,,0,-0.19994333386421204,0.03025908155500065,0,1,"Carlos Estevez",14542,608032
"Paul Blackburn","NYY",-0.22992799803614616,-1.0539001002907753,0.8239721059799194,0.03369995951652527,-0.003794204443693161,0.5980020020947312,0.5019426128038993,0.6070533434549967,0.8511428662708828,7,0.08378539886325598,-0.4682790915778878,0,1,"Paul Blackburn",14739,621112
"Joe Mantiply","TOR",0.07822416722774506,-0.4851599931716919,0.5633841753005981,2.8499999046325684,0.2925623059272766,0.47252875566482544,0.4065098762512207,0.5099176168441772,0.44830769300460815,13,0.3189532458782196,-0.15340952755426834,2,1,"Joe Mantiply",14857,573009
"Austin Voth","TOR",-0.07090002298355103,-0.22699999809265137,0.15609997510910034,-0.3460000157356262,-0.035487182438373566,0.7871428728103638,0.6850000023841858,1.2999999523162842,0.3499999940395355,1,-0.08338693529367447,-0.006685687393505807,0,1,"Austin Voth",15047,608723
"Antonio Senzatela","COL",1.9091861248016357,-1.353653907775879,3.2628400325775146,13.789000511169434,1.3238532543182373,1.269781470298767,1.3757518529891968,1.6421200037002563,1.6719777584075928,9,1.396525502204895,0.1070293766928283,11,1,"Antonio Senzatela",15488,622608
"Hunter Harvey","CHC",-0.29612794518470764,-0.5195779800415039,0.22345000505447388,-2.7129998207092285,-0.28573668003082275,0.6972100138664246,0.8358266949653625,0.7995499968528748,0.35019999742507935,3,-0.3139098882675171,-0.11082288850731781,0,1,"Hunter Harvey",15507,640451
"Zack Littell","WSN",-0.882565937936306,-3.9267377853393555,3.0441718697547913,-13.602600395679474,-1.4160014539957047,0.9335530515008129,0.8984936412344587,0.8760399997234345,0.9119400084018707,10,-1.8018474876880646,0.8564636806109395,1,1,"Zack Littell",15823,641793
"Sean Newcomb","CHW",0.769132137298584,-1.7631760835647583,2.532308340072632,6.826000213623047,0.7047913074493408,1.1208598613739014,1.0034968852996826,1.4195618629455566,1.4321556091308594,18,0.29615074396133423,0.39004756128961404,5,1,"Sean Newcomb",16943,656794
"José Urquidy","PIT",-0.2110399752855301,-0.592367947101593,0.38132795691490173,-7.378999710083008,-0.7437052130699158,1.123194694519043,0.9161999821662903,1.2057199478149414,0.009999999776482582,1,-0.286283016204834,0.098390412798353,1,1,"Jose Urquidy",18413,664353
"Kolby Allard","CLE",-0.1937820017337799,-0.4059361219406128,0.2121541053056717,-7.665999889373779,-0.7801790833473206,0.28001779317855835,0.34302398562431335,0.48089998960494995,0.1939999908208847,2,-0.48128876090049744,-0.21074583995149687,0,1,"Kolby Allard",18694,663465
"Jesse Scholtens","TBR",0.22057606279850006,-1.7704039216041565,1.9909800291061401,5.318699836730957,0.5429499447345734,0.6777114174034022,0.7017291524471381,0.8445750325918198,0.6909428749765668,7,-0.11257591843605042,0.4380478776419611,4,1,"Jesse Scholtens",19205,669947
"Ian Hamilton","ATL",-0.0941239520907402,-0.10715600103139877,0.013032050803303719,-2.496999979019165,-0.2549259662628174,0.4911428689956665,0.40299999713897705,0.40299999713897705,0.050599999725818634,1,-0.10661369562149048,-0.08502901779754662,0,1,"Ian Hamilton",19261,641656
"Trevor Richards","- - -",-0.044233972672373056,-0.5432399362325668,0.499005988240242,-3.7920001745224,-0.4166690893471241,0.5362339840745026,0.5080846089583176,0.45224999263882637,1.1441999872525532,3,-0.12437064200639725,0.0418805835877437,1,1,"Trevor Richards",19309,670950
"Cal Quantrill","TEX",0.13066798448562622,-0.48049402236938477,0.611162006855011,1.4480000734329224,0.12848897278308868,0.39289766550064087,0.3274870812892914,0.4642999768257141,0.31433331966400146,3,-0.017720021307468414,0.3502951317223535,1,1,"Cal Quantrill",19312,615698
"Shaun Anderson","LAA",-0.1478319764137268,-0.9489034414291382,0.8010715246200562,-2.307000160217285,-0.23637251555919647,0.7557605504989624,0.6552066206932068,0.6454889178276062,0.2738400101661682,5,-0.09918615967035294,-0.09642073766786657,1,1,"Shaun Anderson",19453,641312
"Nick Raquet","BAL",-0.12007798999547958,-0.20599398016929626,0.08591598272323608,-1.78000009059906,-0.18774989247322083,0.4342999756336212,0.2783333361148834,0.3579333424568176,0.05660000070929527,1,-0.23496399819850922,-0.041522294070542864,0,1,"Nick Raquet",20333,675919
"Josh Fleming","TOR",-0.2282779961824417,-0.31874001026153564,0.09046201407909393,-2.5299999713897705,-0.2631305456161499,0.6393555402755737,0.5527999997138977,0.8664000034332275,0.1446000039577484,1,-0.30994611978530884,-0.04709778114663554,0,1,"Josh Fleming",20418,676596
"Jovani Morán","BOS",-0.01881009340286255,-1.252665936946869,1.2338559031486511,2.749500274658203,0.27477172017097473,0.6732121975525566,0.5914724059402943,0.7527777751286825,1.0708154210677514,13,0.3555951714515686,-0.3835359804138038,5,1,"Jovani Moran",20422,663558
"Tyler Phillips","MIA",0.34565211832523346,-1.517564207315445,1.8632162809371948,10.239399671554565,1.0216046571731567,0.6999666568560478,0.6394898923667701,1.2156749442219734,0.7489499822258949,8,0.6160061731934547,-0.12219391093834159,4,1,"Tyler Phillips",20629,663969
"Javier Assad","CHC",0.3086620569229126,-1.395914077758789,1.7045761346817017,-4.015599489212036,-0.3827466368675232,0.7973127007484436,0.8122221395887178,1.2998249679803848,0.49869999289512634,6,-0.01100076548755169,0.3981287475617982,2,1,"Javier Assad",21741,665871
"Joel Peguero","SFG",-0.14217881858348846,-0.4573288857936859,0.31515011191368103,2.873999834060669,0.29595473408699036,0.820445716381073,0.5856363773345947,0.4659249782562256,0.32839998602867126,3,0.28094303607940674,-0.4542376438087627,0,1,"Joel Peguero",21951,666711
"Colin Holderman","CLE",0.6670780777931213,-0.29481595754623413,0.9618940353393555,6.079999923706055,0.5995619893074036,0.6470749974250793,0.6970606446266174,1.0484286546707153,1.560349941253662,8,0.6768832206726074,0.3540298581013226,5,1,"Colin Holderman",22361,670059
"Osvaldo Bido","- - -",-0.08900270983576775,-0.34191378951072693,0.2529110759496689,-3.628000020980835,-0.3758217841386795,0.18321123869901293,0.19039523601531982,0.24281818758357654,0.48099998831748964,5,-0.513317883014679,0.02752503281739871,0,1,"Osvaldo Bido",23150,674370
"Cody Bolton","HOU",-0.1729140728712082,-0.9490700364112854,0.7761559709906578,-3.343999981880188,-0.393865242600441,0.5608122184568521,0.5021570830241494,0.5448999963700771,1.3397000525146723,4,-0.16329104453325272,-0.1450368898099108,0,1,"Cody Bolton",23265,675989
"José Buttó","SFG",-0.14117799699306488,-0.16024598479270935,0.019067993387579918,-5.720999717712402,-0.6133921146392822,0.1428823620080948,0.2598166763782501,0.25060001015663147,0.27480000257492065,2,-0.46022918820381165,-0.5278423624685286,0,1,"Jose Butto",23313,676130
"Ricky Vanasco","DET",-0.5060840249061584,-0.7102519869804382,0.20416799187660217,-6.580999851226807,-0.6915029287338257,0.6930932998657227,0.4315238296985626,0.48250001668930054,0.5089333653450012,3,-0.5758042335510254,-0.15437743896579925,0,1,"Ricky Vanasco",23391,676568
"Cam Sanders","PIT",-0.10614390671253204,-0.19589994847774506,0.08975604176521301,-1.3610000610351562,-0.13832829892635345,0.2528499960899353,0.20210000872612,0.3022800087928772,1.0465999841690063,2,-0.07515016943216324,-0.3446398576745728,0,1,"Cam Sanders",23479,676742
"Ron Marinaccio","SDP",0.1709480583667755,-0.5611319541931152,0.7320800423622131,3.312999963760376,0.3551292419433594,0.31443721055984497,0.29285264015197754,0.39712631702423096,0.5243600010871887,10,0.3637336194515228,0.1799299566958682,3,1,"Ron Marinaccio",23488,676760
"Luis Curvelo","TEX",-0.027119990438222885,-0.1433340311050415,0.11621402949094772,-0.6980000138282776,-0.06911234557628632,0.34816521406173706,0.4547833204269409,0.5552499890327454,1.4786666631698608,3,-0.012897515669465065,-0.06499651091015164,1,1,"Luis Curvelo",24710,681168
"Austin Warren","NYM",0.37374600768089294,-0.7959479093551636,1.1696938276290894,5.895999908447266,0.5786471962928772,0.9722437262535095,0.8333578705787659,0.9864181876182556,0.9482666850090027,6,0.4961710572242737,-0.11175509485946244,4,1,"Austin Warren",24937,681810
"Kody Funderburk","MIN",0.18025216460227966,-1.3421740531921387,1.5224262475967407,3.7720000743865967,0.38302820920944214,1.2449342012405396,0.9730172753334045,1.2496737241744995,1.4234333038330078,18,0.0786234587430954,0.06616504849099278,4,1,"Kody Funderburk",24993,681892
"Jacob Lopez","ATH",-1.018231838941574,-4.667193621397018,3.6489620208740234,-7.663499712944031,-0.7711611092090607,1.005452748372465,0.9334920081225309,0.9400181878696788,1.3568727536634966,11,-1.0540603324770927,0.04135054517998227,1,1,"Jacob Lopez",25098,682052
"Peyton Gray","TEX",0.24025200307369232,-0.3686200678348541,0.6088720560073853,3.0759999752044678,0.34661436080932617,0.6412877440452576,0.6269208192825317,0.9852250218391418,0.656166672706604,6,0.24686351418495178,0.12777642756440594,2,1,"Peyton Gray",25310,682608
"Matt Waldron","SDP",-1.0092900097370148,-2.402224123477936,1.3929341435432434,-8.504600048065186,-0.8242612779140472,0.841335112984116,0.8029333303372065,0.744866669178009,0.9036399722099304,5,-0.9158526808023453,-0.28377633046901685,1,1,"Matt Waldron",25550,663362
"Yennier Cano","BAL",0.5022740364074707,-0.5511559844017029,1.0534300804138184,7.539999961853027,0.7836224436759949,0.7172885537147522,0.6580142974853516,0.8396782875061035,0.9594900012016296,20,0.7765894532203674,-0.07634959325570867,2,1,"Yennier Cano",25911,666974
"Casey Legumina","- - -",-0.060135841369628906,-0.8920219242572784,0.8318860530853271,2.993000328540802,0.30348657071590424,0.647732595379433,0.47821439667181537,0.6638266682624817,0.9863200187683105,10,-0.06882663071155548,-0.02401390533465375,2,1,"Casey Legumina",25921,668984
"Blas Castaño","COL",-0.09528996795415878,-0.40355807542800903,0.30826810002326965,0.8090000152587891,0.0731235146522522,0.5154048800468445,0.35151296854019165,0.6407333612442017,0.6297999620437622,3,-0.10058537125587463,-0.08429834180772305,0,1,"Blas Castano",26117,680604
"Orlando Ribalta","WSN",1.226963996887207,-1.0050599575042725,2.2320239543914795,5.909999847412109,0.5949029922485352,2.178925037384033,1.8407025337219238,2.3031165599823,1.6570285558700562,7,0.3548080325126648,0.20829715735668086,6,1,"Orlando Ribalta",26247,687377
"Hunter Bigge","TBR",0.5743240714073181,-0.9172840714454651,1.4916081428527832,-2.0260002613067627,-0.2088378518819809,1.097284197807312,1.1260701417922974,1.2425999641418457,1.309399962425232,13,-0.12931162118911743,0.6527166538643187,8,1,"Hunter Bigge",26259,685801
"Taylor Rashi","ARI",0.053398046642541885,-0.31491997838020325,0.36831802129745483,-2.257000207901001,-0.23974984884262085,1.1995999813079834,0.7583000659942627,1.0501333475112915,1.909999966621399,1,0.03340262174606323,0.011110588886300517,1,1,"Taylor Rashi",26344,688497
"Jayden Murray","HOU",-0.13307204842567444,-0.435403972864151,0.30233192443847656,-2.6120002269744873,-0.2735150158405304,0.41507405042648315,0.2851833403110504,0.3871428668498993,0.09827999770641327,5,-0.20532475411891937,-0.11527357836884916,0,1,"Jayden Murray",26482,681151
"Angel Chivilli","NYY",-0.07204802334308624,-0.09834996610879898,0.026301942765712738,-0.19599997997283936,-0.020635031163692474,0.15936249494552612,0.2139333337545395,0.305899977684021,0.6565999984741211,1,-0.16091974079608917,-0.29118176130272,0,1,"Angel Chivilli",26790,683409
"Rolddy Muñoz","ATL",-0.15688398480415344,-0.2083279937505722,0.051444001495838165,-1.9819999933242798,-0.2008105367422104,0.5113999843597412,0.3864000141620636,0.6680000424385071,0.06319999694824219,1,-0.21382848918437958,-0.09294505325240382,0,1,"Rolddy Munoz",27407,691548
"Jared Koenig","MIL",-0.055727992206811905,-0.18453997373580933,0.1288120001554489,-2.555999755859375,-0.24856609106063843,0.6086000204086304,0.7000666856765747,0.8673333525657654,0.3834666907787323,3,-0.1040375828742981,0.012470066709256503,1,1,"Jared Koenig",27517,657649
"Garrett Acton","MIN",-0.3484639823436737,-0.7685480117797852,0.42008402943611145,-0.6629998087882996,-0.06716973334550858,0.9376071095466614,1.116723895072937,0.6826000213623047,1.50600004196167,1,-0.1850203573703766,-0.1866320957687193,0,1,"Garrett Acton",27583,670183
"Christian Roa","HOU",-0.12405601888895035,-0.3864419758319855,0.2623859643936157,-2.063999891281128,-0.22157961130142212,0.4514565169811249,0.4301757514476776,0.5701714158058167,0.8725600242614746,5,-0.1977168172597885,-0.07707380868688946,0,1,"Christian Roa",27662,685005
"Brandon Eisert","CHW",-0.10063400864601135,-0.43592798709869385,0.3352939784526825,0.934999942779541,0.11272810399532318,0.629389226436615,0.5901851654052734,0.6617714166641235,0.4232400059700012,5,-0.13633622229099274,-0.023555311308599447,0,1,"Brandon Eisert",27668,685126
"Tanner Gordon","COL",-0.04382183402776718,-0.5934879183769226,0.5496660470962524,-3.505000114440918,-0.26965901255607605,0.2553246021270752,0.29575830698013306,0.6166285276412964,0.011799999512732029,2,0.001763761043548584,-0.17339561188241537,1,1,"Tanner Gordon",27669,685299
"Ken Waldichuk","WSN",-0.29282599687576294,-0.7685279846191406,0.4757019579410553,-3.0320003032684326,-0.3186858594417572,0.6088095307350159,0.7587636113166809,0.6801599860191345,0.38269999623298645,4,-0.6156262755393982,0.13464497992427527,2,1,"Ken Waldichuk",27681,686610
"Louis Varland","TOR",2.3268840312957764,-1.9763832092285156,4.303267002105713,13.100000381469727,1.349883794784546,1.86952805519104,1.441077470779419,1.7910319566726685,1.385533332824707,12,0.7582457065582275,0.48639142249411016,12,1,"Louis Varland",27691,686973
"Mick Abel","MIN",-0.1839178204536438,-1.7974479794502258,1.613530158996582,0.9953000545501709,0.08986237645149231,1.0525354407727718,0.9161714031582787,0.9925000071525574,0.6623500213027,4,0.15398269891738892,-0.3287205873808988,0,1,"Mick Abel",27756,690953
"Kyle Nicolas","CIN",0.03520001098513603,-0.18838001787662506,0.2235800325870514,-6.744999885559082,-0.6601880192756653,0.30524444580078125,0.36719998717308044,0.4365428388118744,1.5608800649642944,5,-0.1586569845676422,0.2739744341375827,1,1,"Kyle Nicolas",27775,693312
"Shane Drohan","MIL",-0.24756786599755287,-0.924691915512085,0.6771240830421448,0.9119999408721924,0.10989691317081451,0.4734355033001053,0.4263577418667929,0.8274600088596344,0.5410571353776115,7,0.4728595055639744,-0.9957773354940682,0,1,"Shane Drohan",27814,675660
"Ryan Watson","BOS",0.21012990176677704,-0.5643259286880493,0.7744558453559875,-0.0429997518658638,-0.021131444722414017,0.3020287752151489,0.29979705810546875,0.33959999680519104,0.6677428483963013,7,-0.14857450127601624,0.8443025875058527,2,1,"Ryan Watson",27853,670245
"J.T. Ginn","ATH",-0.168091943487525,-4.032487839460373,3.8643959313631058,6.95829975605011,0.7168541476130486,0.9583218293719822,0.8861656300092148,0.9323499649763107,1.1270666850937738,9,0.7938612252473831,-0.9692636196577044,0,1,"J.T. Ginn",27889,669372
"Daniel Palencia","CHC",0.925212025642395,-0.4098866879940033,1.3350987434387207,3.802999973297119,0.39536237716674805,1.5650355815887451,1.4238818883895874,1.461581826210022,3.223599910736084,3,0.15366512537002563,0.4375112264820942,6,1,"Daniel Palencia",27914,694037
"Walbert Ureña","LAA",0.12963414192199707,-2.9634259939193726,3.09306001663208,3.5802001953125,0.3584901690483093,1.137566525123023,0.9213539830275944,0.9752666552861532,1.43013330300649,9,0.4075924754142761,-0.2936350592464808,0,1,"Walbert Urena",29357,700712
"Gordon Graceffo","STL",1.302423119544983,-0.7830194234848022,2.085442543029785,10.4350004196167,1.077165961265564,0.953360378742218,0.8306180834770203,1.2657825946807861,0.7844588160514832,17,0.8189416527748108,0.5471976882195029,8,1,"Gordon Graceffo",29519,700669
"Andre Granillo","WSN",-0.29544797539711,-0.4267760217189789,0.1313280314207077,-5.701000213623047,-0.5760257840156555,0.26302799582481384,0.17548181116580963,0.2766000032424927,0.2975600063800812,5,-0.45880818367004395,-0.6644485801988829,0,1,"Andre Granillo",29542,701552
"Chase Lee","TOR",-0.180586040019989,-0.27692800760269165,0.09634198993444443,-1.3109999895095825,-0.13631655275821686,0.48475000262260437,0.2926066517829895,0.45980000495910645,0.21899999678134918,3,-0.3042967617511749,-0.06823761482020979,0,1,"Chase Lee",29574,695445
"Alek Jacob","SDP",-0.10171400755643845,-0.11962400376796722,0.017910001799464226,-1.402999997138977,-0.1639127880334854,0.31848570704460144,0.14420001208782196,0.18940000236034393,2.1358001232147217,1,-0.14123083651065826,-0.17813673731328794,0,1,"Alek Jacob",29628,689690
"Dylan Dodd","ATL",0.03711003437638283,-0.18249598145484924,0.21960602700710297,3.062000036239624,0.3101591467857361,0.42773547768592834,0.34827500581741333,0.41315001249313354,0.39899998903274536,2,0.3319447636604309,-0.2451854548999089,1,1,"Dylan Dodd",29928,689266
"Tyler Uberstine","BOS",-0.16617198288440704,-0.3781139850616455,0.21194201707839966,-0.018000014126300812,-0.0017569568008184433,0.9532727599143982,1.065266728401184,0.6930000185966492,2.079200029373169,1,-0.045412685722112656,-0.1289046659027559,0,1,"Tyler Uberstine",29961,700413
"Ben Casparius","LAD",-0.27200597524642944,-0.5227559804916382,0.25074997544288635,-1.937000036239624,-0.1987682580947876,0.9498167037963867,0.7854999899864197,0.7629200220108032,1.406933307647705,3,-0.17157940566539764,-0.11479792814988515,0,1,"Ben Casparius",30085,676508
"Chad Patrick","MIL",0.8854402005672455,-2.4186338782310486,3.3040740489959717,6.897899866104126,0.6957967877388,1.0676702090672083,1.006813057090925,1.167766680320104,1.1518400311470032,10,0.7512598037719727,0.07806014263809735,3,1,"Chad Patrick",30113,694477
"Eric Cerantola","KCR",-0.05986800044775009,-0.14286799728870392,0.08299999684095383,-1.4189999103546143,-0.14035607874393463,0.344494104385376,0.27746668457984924,0.3440000116825104,0.1444000005722046,1,-0.01576504111289978,-0.15802022744652214,0,1,"Eric Cerantola",30128,672021
"Ty Madden","DET",0.21906797587871552,-0.5174480080604553,0.736515998840332,2.7049999237060547,0.277632474899292,0.7942087054252625,0.6839179992675781,0.9448000192642212,1.2239999771118164,2,0.41777941584587097,-0.14194766736180642,1,1,"Ty Madden",30140,680744
"Dylan Smith","SFG",-0.1589542180299759,-0.1846453994512558,0.025691185146570206,-0.07600009441375732,-0.008042339235544205,1.4780000448226929,1.9119999408721924,0.4000000059604645,2.4739999771118164,1,-0.013133139349520206,-0.09441368961491647,0,1,"Dylan Smith",30145,681916
"Travis Adams","MIN",0.18476998805999756,-0.33700600266456604,0.5217759609222412,0.5950000286102295,0.04945456609129906,0.8379706144332886,0.8020749688148499,1.836319923400879,1.1073333024978638,3,0.12557817995548248,0.09491879795460295,2,1,"Travis Adams",30180,701519
"Justin Wrobleski","LAD",0.8390442430973053,-2.6559738516807556,3.4950182139873505,10.564399480819702,1.0320799872279167,0.8339205532615361,0.7150464228221348,0.8910000258021884,0.34197500348091125,8,1.1395641565322876,-0.13342005825370462,0,1,"Justin Wrobleski",31204,680736
"Chris Roycroft","STL",-0.29276105761528015,-0.3257230520248413,0.03296196088194847,-6.214000225067139,-0.6515207886695862,0.7772000432014465,0.8213800191879272,1.0229599475860596,3.6717000007629395,2,-0.4081651270389557,0.03147824934741922,0,1,"Chris Roycroft",31261,688297
"Colton Gordon","HOU",-0.3798619657754898,-0.7398619949817657,0.36000004410743713,-8.703799724578857,-0.9030523598194122,0.5227999870593731,0.6105939258228649,0.7390999794006348,1.499150037765503,4,-1.1757910549640656,0.4491996716854929,0,1,"Colton Gordon",31312,676467
"Brian Fitzpatrick","MIL",-0.019700022414326668,-0.18885990977287292,0.1691599041223526,0.7380000352859497,0.0770304873585701,0.46172142028808594,0.3543047606945038,0.4878000020980835,0.20586666464805603,3,-0.21980559825897217,0.17713912980265697,0,1,"Brian Fitzpatrick",31624,702153
"Jonathan Cannon","CHW",-0.28307998180389404,-0.28307998180389404,0,-2.6659998893737793,-0.26369932293891907,2.599299907684326,1.1657999753952026,2.3315999507904053,2.6835999488830566,1,-0.10091444104909897,-0.00799179980714966,0,1,"Jonathan Cannon",31730,686563
"Mason Miller","SDP",1.6720420122146606,-1.638731837272644,3.3107738494873047,9.043000221252441,0.935987651348114,1.8549773693084717,1.6212128400802612,1.7557826042175293,1.5009000301361084,2,0.7863970398902893,0.11498431380136864,13,1,"Mason Miller",31757,695243
"Cade Gibson","MIA",-0.2520660161972046,-0.5498279929161072,0.2977619767189026,-4.046999931335449,-0.40647250413894653,0.8470480442047119,0.615850031375885,0.5995000004768372,0.04270000010728836,2,-0.2931584119796753,-0.004423310712179551,0,1,"Cade Gibson",31815,806188
"Matt Pushard","STL",-0.06474000215530396,-0.1542080044746399,0.08946799486875534,0.19599983096122742,0.021513011306524277,0.3091199994087219,0.1578933298587799,0.2581000030040741,0.27719998359680176,1,0.04427473619580269,-0.25370797338245266,0,1,"Matt Pushard",31870,690155
"Trevor Martin","TBR",-0.06899198144674301,-0.12350199371576309,0.05451001599431038,-2.13100004196167,-0.21618297696113586,0.20195652544498444,0.18496666848659515,0.24433334171772003,0.7868999242782593,2,-0.09674759954214096,-0.2448703862829188,0,1,"Trevor Martin",31878,694680
"Alex Hoppe","SEA",-0.157818004488945,-0.3405520021915436,0.18273398280143738,-2.735999584197998,-0.26462990045547485,0.2532421052455902,0.3559845983982086,0.43737998604774475,0.0926399976015091,5,-0.10341574996709824,-0.5197744748017868,0,1,"Alex Hoppe",31880,695380
"Tyler Schweitzer","CHW",-0.29641005396842957,-0.42761000990867615,0.13119998574256897,-2.682999849319458,-0.2756035029888153,0.6021699905395508,0.4701000154018402,0.5887500047683716,2.031599998474121,1,-0.13770940899848938,-0.35452710000263665,0,1,"Tyler Schweitzer",31920,805326
"Cameron Foster","BAL",-0.08771587908267975,-0.3765919506549835,0.2888760566711426,-5.812000274658203,-0.585753858089447,0.3508192300796509,0.1410866677761078,0.17909999191761017,0.025733333081007004,3,-0.46404802799224854,0.21401646882496883,0,1,"Cameron Foster",31942,671382
"Riley Cornelio","WSN",-0.6193000078201294,-0.7107000350952148,0.09140002727508545,-2,-0.20512820780277252,2.111666679382324,1.8599998950958252,1.909999966621399,,0,-0.1736614853143692,-0.1196139704508743,0,1,"Riley Cornelio",31953,683000
"John Klein","MIN",-0.1731259822845459,-0.2713800072669983,0.0982540175318718,-0.17200011014938354,-0.017930366098880768,0.5971555113792419,0.7836666703224182,0.4203999936580658,1.0507999658584595,1,-0.12392760068178177,-0.16599014936071416,0,1,"John Klein",32155,804619
"Brandyn Garcia","ARI",0.31184399127960205,-0.17197802662849426,0.4838220179080963,1.1490001678466797,0.16321028769016266,0.7777066826820374,0.8417199850082397,1.111555576324463,1.1747000217437744,8,0.17629587650299072,0.22468305067320582,3,1,"Brandyn Garcia",33568,805299
"Josh Ekness","MIA",-0.06680996716022491,-0.44132399559020996,0.37451404333114624,1.7950000762939453,0.1814984828233719,0.9319825768470764,0.5751500129699707,0.6083999872207642,0.8481500148773193,4,0.1847941279411316,-0.256479982183434,0,1,"Josh Ekness",33785,694795
"Trey Gibson","BAL",-0.18172600120306015,-0.6119260191917419,0.43019999563694,-0.8369999080896378,-0.08774146065115929,0.8270322603564109,0.8597714390073504,0.8729999959468842,1.1100000143051147,1,-0.2124454602599144,-0.007287203039997303,0,1,"Trey Gibson",33794,694346
"Yariel Rodríguez","TOR",-0.6913140416145325,-0.8232640027999878,0.13194997608661652,-3.311999797821045,-0.3478354513645172,0.5595555305480957,0.3871666491031647,0.4050399959087372,0.5960666537284851,3,-0.39011263847351074,-0.8453573084276962,0,1,"Yariel Rodriguez",33838,684320
"Brandon Sproat","MIL",-0.2737078219652176,-3.6595479249954224,3.385839879512787,-3.9737002849578857,-0.4066454544663429,0.9574213456181646,0.8639836627609876,0.843559980392456,0.891540014743805,10,-0.7016971260309219,0.4158169091150388,1,1,"Brandon Sproat",33850,687075
"Tyler Davis","CHW",0.15841194987297058,-0.7246058583259583,0.8830178380012512,3.927000045776367,0.4164692759513855,0.9655482769012451,0.818146288394928,0.9296500086784363,1.07223641872406,11,0.640303909778595,-0.47623966393750095,2,1,"Tyler Davis",34847,699823
"Max Scherzer","TOR",-0.6891999840736389,-1.9931498765945435,1.3039499521255493,-9.488699913024902,-0.9876196980476379,0.9286697506904602,0.9486500024795532,0.8799999952316284,0.9830000400543213,5,-0.640963613986969,-0.1011731720569643,0,0,"Max Scherzer",3137,453286
"Carlos Carrasco","ATL",0.10273800045251846,-0.01875999942421913,0.1214980036020279,2.1640000343322754,0.23358404636383057,0.4335692226886749,0.6400333642959595,0.8875333666801453,,0,0.1802162230014801,0.056742479499157616,1,0,"Carlos Carrasco",6632,471911
"Martín Pérez","ATL",0.5780160427093506,-2.4725638926029205,3.0505798161029816,9.928199529647827,1.0110660195350647,0.8813429833740316,0.7941619157791138,0.8321636427532543,1.1048889093928866,9,0.7297405302524567,-0.07390500014300849,2,0,"Martin Perez",6902,527048
"Miguel Rojas","LAD",0.00010000000474974513,-0.0007999999797903001,0.0008999999845400453,-0.5099999904632568,-0.05304212495684624,0.00833333283662796,0,0,,0,-0.02134999819099903,0.03334999947622426,0,0,"Miguel Rojas",7802,500743
"Justin Verlander","DET",-0.2916019856929779,-0.42730799317359924,0.13570600748062134,-3.186000108718872,-0.32133132219314575,0.6660400032997131,0.4669000208377838,0.8700000047683716,0.16660000383853912,1,-0.21850819885730743,-0.21930632316586773,0,0,"Justin Verlander",8700,434378
"Nathan Eovaldi","TEX",0.3373901844024658,-3.3406500816345215,3.6780402660369873,3.6071996688842773,0.34463751316070557,0.7741778492927551,0.7705281376838684,0.8722200393676758,0.45503997802734375,10,0.2952852249145508,0.14051926718075564,0,0,"Nathan Eovaldi",9132,543135
"Patrick Corbin","TOR",-0.08280185610055923,-3.6019458770751953,3.519144058227539,1.8051997423171997,0.1792382299900055,1.0384622812271118,0.9183446764945984,0.8700000047683716,1.1254667043685913,9,0.039884328842163086,-0.11961939250062875,0,0,"Patrick Corbin",9323,571578
"Zack Wheeler","PHI",1.2936761379241943,-1.838979959487915,3.1326560974121094,12.50570011138916,1.2440578937530518,1.074689507484436,1.0710409879684448,0.8866666555404663,1.2000666856765747,6,1.3208847045898438,-0.11711735698416348,0,0,"Zack Wheeler",10310,554430
"Chris Sale","ATL",1.3603140115737915,-2.787440061569214,4.147754192352295,17.508399963378906,1.7141120433807373,0.8483190536499023,0.8322063684463501,0.8790000081062317,0.4718799889087677,10,1.7204538583755493,-0.1169132969310962,0,0,"Chris Sale",10603,519242
"Jacob deGrom","TEX",0.6116861701011658,-3.085571765899658,3.6972579956054688,4.1570000648498535,0.4630955755710602,0.8965919017791748,0.9252763986587524,0.871720016002655,1.1279799938201904,10,0.14170128107070923,0.5405334891601515,0,0,"Jacob deGrom",10954,594798
"Merrill Kelly","ARI",-0.5687800049781799,-3.054081916809082,2.4853017330169678,-4.852300643920898,-0.5810301899909973,0.8196290135383606,0.7888046503067017,0.8236571550369263,0.9769999980926514,6,-0.8579511046409607,0.16400299447982658,0,0,"Merrill Kelly",11156,518876
"Vince Velasquez","CHC",-0.002491997554898262,-0.0031880545429885387,0.0006960571045055985,0.36000001430511475,0.03697996959090233,0.009955555200576782,0.013700000010430813,0.039799999445676804,,0,-0.025069495663046837,-0.22524276766043777,0,0,"Vince Velasquez",11189,592826
"Jose Quintana","COL",-0.267941951751709,-3.205725908279419,2.93778395652771,-3.2674999237060547,-0.35390329360961914,0.9251159429550171,0.8396933078765869,0.8662222027778625,0.9148666858673096,9,-0.402010440826416,0.11237976934988153,0,0,"Jose Quintana",11423,500779
"Robbie Ray","SFG",-0.05034580081701279,-4.003668308258057,3.953322172164917,-1.6805996894836426,-0.1477733701467514,0.8862453103065491,0.8669682741165161,0.8700000047683716,0.8518909215927124,11,-0.16529734432697296,0.10848937002062842,0,0,"Robbie Ray",11486,592662
"Jameson Taillon","CHC",-0.4845838248729706,-4.233933925628662,3.7493503093719482,-6.120699882507324,-0.6221479177474976,0.8938363790512085,0.8320034742355347,0.8700000047683716,0.9978000521659851,10,-1.0121128559112549,0.4699735603644035,0,0,"Jameson Taillon",11674,592791
"Tyron Guerrero","BOS",0.04467397928237915,-0.10885603725910187,0.15353001654148102,1.4670000076293945,0.14319181442260742,1.124000072479248,0.9716500043869019,1.22160005569458,2.6772000789642334,1,0.04774706810712814,-0.008001537500675317,0,0,"Tyron Guerrero",11691,594027
"Colin Rea","CHC",-0.44219382107257843,-4.128398060798645,3.6862043142318726,-1.1575995087623596,-0.10882218927145004,0.9585760390955554,0.8493140267914739,0.873472744768316,1.21217999458313,10,-0.11815793812274933,-0.3431448725439989,1,0,"Colin Rea",12317,607067
"Seth Lugo","KCR",0.5513440370559692,-4.116555690765381,4.667900085449219,5.597800254821777,0.5681146383285522,0.9381755590438843,0.9204705953598022,0.8700000047683716,1.1453273296356201,11,0.6163053512573242,-0.028628522820377644,0,0,"Seth Lugo",12447,607625
"Adrian Houser","SFG",-0.5638157725334167,-4.625577926635742,4.06176233291626,-8.097599983215332,-0.8669120669364929,0.973734974861145,0.9026035070419312,0.8700000047683716,1.48580002784729,10,-0.7618471384048462,0.18282328993538244,0,0,"Adrian Houser",12718,605288
"Nick Martinez","TBR",1.9865760803222656,-3.0273518562316895,5.013927936553955,19.776399612426758,2.017061233520508,1.058492660522461,1.0233097076416016,0.880079984664917,1.7541999816894531,10,1.3937571048736572,0.48304011291877647,0,0,"Nick Martinez",12730,607259
"Sonny Gray","BOS",0.5701859593391418,-2.749375820159912,3.319561719894409,5.232999801635742,0.5159406065940857,0.970136821269989,0.9449869394302368,0.8700000047683716,1.199888825416565,9,0.5158346891403198,0.0719029854205957,0,0,"Sonny Gray",12768,543243
"James McCann","ARI",-0.000017969796317629516,-0.000556000042706728,0.0005380301736295223,-4.599999904632568,-0.4640323519706726,0,0,0,,0,0,,0,0,"James McCann",12859,543510
"Austin Hedges","CLE",0.00008401394006796181,0,0.00008401394006796181,0.4429999887943268,0.04488348588347435,0,0,0,,0,0,,0,0,"Austin Hedges",12976,595978
"Gerrit Cole","NYY",0.3553920090198517,-0.18820396065711975,0.5435959696769714,2.904400110244751,0.30444443225860596,1.1397391557693481,1.085466742515564,0.8700000047683716,1.7300000190734863,1,0.28103747963905334,0.030781244163547383,0,0,"Gerrit Cole",13125,543037
"Eduardo Rodriguez","ARI",1.511242151260376,-3.5396621227264404,5.050904273986816,15.47719955444336,1.5638517141342163,1.0510889291763306,0.9644253849983215,0.8750399947166443,1.1682000160217285,10,0.9752166867256165,0.4625704588821651,0,0,"Eduardo Rodriguez",13164,593958
"Steven Matz","TBR",0.44763797521591187,-2.5465219020843506,2.9941599369049072,4.018899917602539,0.4094473123550415,0.93006432056427,0.9153238534927368,0.8700000047683716,1.3761999607086182,8,0.16860637068748474,0.31269149798500656,0,0,"Steven Matz",13361,571927
"Blake Snell","LAD",-0.31469202041625977,-0.5179800391197205,0.2032880038022995,-3.506200075149536,-0.360720157623291,1.0946285724639893,0.6493333578109741,0.8700000047683716,0.23799999058246613,1,-0.19719284772872925,-0.09029464193901593,0,0,"Blake Snell",13543,605483
"Carl Edwards Jr.","NYM",0.1013759970664978,-0.03088000975549221,0.13225600123405457,1.4789999723434448,0.15826645493507385,0.2752799987792969,0.31920474767684937,0.5210999846458435,0.3230000138282776,1,0.2011403739452362,0.16712465626415085,1,0,"Carl Edwards Jr.",13607,605218
"Jakob Junis","TEX",1.5145741030573845,-0.9074040055274963,2.421977996826172,11.001300424337387,1.1181424111127853,1.3100921344221308,1.2601416110992432,1.394652623879282,1.8191833446423213,12,0.9631479829549789,0.19293414536452946,9,0,"Jakob Junis",13619,596001
"Clay Holmes","NYM",1.014992356300354,-2.7565460205078125,3.771538257598877,12.0718994140625,1.2651339769363403,0.9525361061096191,0.9022800326347351,0.8759555816650391,0.8621333241462708,9,1.04213547706604,0.023432903796519522,0,0,"Clay Holmes",13649,605280
"Max Fried","NYY",0.2400941252708435,-3.709547996520996,3.9496419429779053,8.64840030670166,0.9012300968170166,0.9346097707748413,0.8659375309944153,0.8712199926376343,1.0177600383758545,10,1.2332935333251953,-0.9764011566578803,0,0,"Max Fried",13743,608331
"Zach Eflin","BAL",0.03338799625635147,-0.21959201991558075,0.2529800236225128,0.5011999607086182,0.05270242691040039,0.8961411714553833,0.9200999736785889,0.8700000047683716,1.6868000030517578,1,-0.01745886728167534,0.054716385761857986,0,0,"Zach Eflin",13774,621107
"Tyler Heineman","TOR",-0.001322000054642558,-0.001752000069245696,0.0004299999854993075,-3.5239999294281006,-0.3645659387111664,0.0022823528852313757,0.003333333181217313,0.004999999888241291,,0,-0.12929092347621918,-0.4499359187868427,0,0,"Tyler Heineman",13897,623168
"Dietrich Enns","BAL",0.2741199731826782,-0.30240392684936523,0.5765239000320435,1.8990001678466797,0.20785574615001678,0.4509420394897461,0.48949411511421204,0.46726667881011963,0.6105599999427795,10,0.13233880698680878,0.4755441340067895,4,0,"Dietrich Enns",13932,608650
"Michael Wacha","KCR",1.2492539882659912,-3.813865900039673,5.063119888305664,13.255500793457031,1.3378313779830933,0.987154483795166,1.019715666770935,0.875,1.047760009765625,10,1.0665152072906494,0.1989949117164287,0,0,"Michael Wacha",14078,608379
"Kevin Gausman","TOR",0.5617542266845703,-3.6578540802001953,4.219608306884766,5.344200134277344,0.5493209958076477,0.8837308287620544,0.8785970211029053,0.8217818140983582,1.1381090879440308,11,0.9647955894470215,-0.32913345296652163,0,0,"Kevin Gausman",14107,592332
"Lance McCullers Jr.","HOU",-0.898629903793335,-3.340679883956909,2.442049980163574,-10.430299758911133,-1.108428955078125,0.8300287127494812,0.7118883728981018,0.8317499756813049,0.7645999789237976,8,-0.5790778994560242,-0.503571278807474,0,0,"Lance McCullers Jr.",14120,621121
"Ty Blach","CHC",0.005252000875771046,0,0.005252000875771046,1.4520000219345093,0.15220126509666443,0.023999998345971107,0.030533332377672195,0.0543999969959259,,0,0.21643586456775665,0.0023975203375677934,0,0,"Ty Blach",14361,621389
"Tyler Glasnow","LAD",0.5396860241889954,-1.7706198692321777,2.3103058338165283,8.301300048828125,0.8029500246047974,0.749673068523407,0.8114749789237976,0.8820857405662537,0.974057137966156,7,0.7040902972221375,0.015804876886207575,0,0,"Tyler Glasnow",14374,607192
"Michael Lorenzen","COL",-1.6480721281841397,-5.652598190354183,4.004525704309344,-18.22119975090027,-1.6533550173044205,0.9114668904838705,0.835785956367066,0.8087499818454186,0.6356666715194782,12,-1.649612920358777,-0.1585406674355394,0,0,"Michael Lorenzen",14843,547179
"Yacksel Ríos","CHC",0.0012760328827425838,0,0.0012760328827425838,0.7580000162124634,0.07810407131910324,0.01363999955356121,0.009599999524652958,0.009999999776482582,,0,0.10064270347356796,-0.007091902556611213,0,0,"Yacksel Rios",15007,605441
"Germán Márquez","SDP",-0.39737993478775024,-2.0777981281280518,1.6804181337356567,-4.551799774169922,-0.5247068405151367,0.7655792832374573,0.7538866996765137,0.8700000047683716,1.111899971961975,6,-0.6229931116104126,0.10393526418888543,0,0,"German Marquez",15038,608566
"Lou Trivino","BAL",0.014184018597006798,-0.016687937080860138,0.030871955677866936,-4.552000045776367,-0.47675633430480957,0.08701053261756897,0.10276249796152115,0.09520000219345093,0.0284000001847744,2,-0.013806559145450592,0.17682152032663054,0,0,"Lou Trivino",15043,642152
"Adam Frazier","LAA",0.000022018852178007364,-0.00026201168657280505,0.0002840305387508124,-4.0320000648498535,-0.4140769839286804,0,0,0,,0,0,,0,0,"Adam Frazier",15223,624428
"Matthew Boyd","CHC",-0.38507384061813354,-1.8398300409317017,1.4547561407089233,-2.305799722671509,-0.2507175803184509,0.9256910681724548,0.910153865814209,0.8700000047683716,0.8219999670982361,5,0.02509959042072296,-0.441084851441298,0,0,"Matthew Boyd",15440,571510
"Nick Pivetta","SDP",0.0680040717124939,-0.9817439317703247,1.0497479438781738,-0.27040010690689087,-0.034926027059555054,0.9479402899742126,0.9196624755859375,0.8700000047683716,0.7208499908447266,4,0.41404908895492554,-0.34231031760853214,0,0,"Nick Pivetta",15454,601713
"Lucas Giolito","SDP",0.4978160858154297,-0.5320179462432861,1.0298340320587158,2.6623001098632812,0.28944307565689087,1.1202951669692993,0.9604182243347168,0.9011000394821167,1.0968999862670898,2,0.18470926582813263,0.25965227432039495,0,0,"Lucas Giolito",15474,608337
"Reese McGuire","CHW",0.00020000003860332072,0,0.00020000003860332072,0.5,0.05128204822540283,0,0,0,,0,0,,0,0,"Reese McGuire",15674,624512
"Luis Castillo","SEA",-1.2476837635040283,-4.344306200742722,3.096622407436371,-14.75809931755066,-1.5678079277276993,0.9900946010340441,0.867420422787569,0.9514599859714508,1.346940004825592,10,-1.123331194743514,-0.13683501785976726,1,0,"Luis Castillo",15689,622491
"Luis Severino","ATH",-0.22170794010162354,-4.5107221603393555,4.289013862609863,1.6862998008728027,0.1836872547864914,0.9286763072013855,0.8025624752044678,0.8658909201622009,1.0343453884124756,11,0.18533876538276672,-0.42407419815131875,0,0,"Luis Severino",15890,622663
"Carlos Rodón","NYY",-0.27673983573913574,-1.2690399885177612,0.9923000931739807,-1.4365999698638916,-0.1516493707895279,1.1343677043914795,0.9315428733825684,0.8869333267211914,1.187066674232483,3,-0.022123806178569794,-0.22183574473934894,0,0,"Carlos Rodon",16137,607074
"Aaron Nola","PHI",-0.8763840794563293,-4.025232315063477,3.148848056793213,-8.652299880981445,-0.9244853258132935,0.8288912773132324,0.7264226675033569,0.8266800045967102,0.6778600215911865,10,-0.6702073812484741,-0.3870893999374012,0,0,"Aaron Nola",16149,605400
"Brandon Woodruff","MIL",0.0745881050825119,-2.0380818843841553,2.1126701831817627,2.1382999420166016,0.22343887388706207,1.0405161380767822,0.953122615814209,0.8700000047683716,0.9957666993141174,6,0.24451844394207,-0.17283468782044428,0,0,"Brandon Woodruff",16162,605540
"Tejay Antone","CIN",0.16102205216884613,-0.3095559775829315,0.47057801485061646,-0.8920000791549683,-0.09733287990093231,0.9263333082199097,0.745437502861023,0.7738571166992188,1.0369999408721924,5,-0.07088243216276169,0.2447097691914544,1,0,"Tejay Antone",16233,622088
"Kyle Freeland","COL",-1.0188640356063843,-3.7741758823394775,2.755311965942383,-9.499699592590332,-0.8600552678108215,0.9211344122886658,0.8517560958862305,0.8700000047683716,1.287850022315979,8,-0.7145611643791199,-0.39153586338786783,0,0,"Kyle Freeland",16256,607536
"Tyler Mahle","SFG",-0.8417761325836182,-4.5128278732299805,3.6710519790649414,-9.642500877380371,-0.923827588558197,0.9777370095252991,0.9500851631164551,0.8799999952316284,0.8446800112724304,10,-0.654206395149231,-0.2067369100370059,0,0,"Tyler Mahle",16358,641816
"Reynaldo López","ATL",-0.044029928743839264,-2.2996000051498413,2.255570113658905,0.06870007514953613,-0.007177427411079407,0.8949960280727867,0.841800011907305,0.7934909191998568,0.6774444315168593,9,-0.07221115380525589,0.023015484368990556,2,0,"Reynaldo Lopez",16400,625643
"Foster Griffin","WSN",0.9742799997329712,-3.694002151489258,4.6682820320129395,2.189000368118286,0.2662830650806427,0.9437370896339417,0.9313156604766846,0.8532727360725403,1.249927282333374,11,0.4228608310222626,0.6095029601591104,0,0,"Foster Griffin",16432,656492
"Jose Trevino","CIN",-0.0006199897034093738,-0.0015940195880830288,0.000974029884673655,-5.333000183105469,-0.5106235146522522,0.0006896551931276917,0,0,,0,-0.04000000283122063,-0.858985040111218,0,0,"Jose Trevino",16725,624431
"Brock Stewart","LAD",0.14084799587726593,-0.0683719664812088,0.20921996235847473,1.375999927520752,0.1419573873281479,1.5433714389801025,0.6523000001907349,1.3046000003814697,1.4955999851226807,1,0.03645382449030876,0.054806122609879715,1,0,"Brock Stewart",16727,592779
"Grant Holmes","ATL",-0.016146045178174973,-3.431675910949707,3.41552996635437,3.918600082397461,0.43994414806365967,0.8969510793685913,0.8215169906616211,0.875,0.7818999886512756,10,0.458632230758667,-0.4766332628657257,0,0,"Grant Holmes",16944,656550
"Raisel Iglesias","ATL",1.2697679996490479,-0.5294339656829834,1.7992019653320312,8.972999572753906,0.9142995476722717,1.451189637184143,1.4036916494369507,1.5368000268936157,2.6089999675750732,3,0.6263989210128784,0.24858527616818615,8,0,"Raisel Iglesias",17130,628452
"Jorge Mateo","ATL",0.00010001659393310547,-0.000028004646082990803,0.00012802124547306448,0.5160000324249268,0.0518072284758091,0,0,0,,0,0,,0,0,"Jorge Mateo",17273,622761
"Ranger Suarez","BOS",1.3661320209503174,-2.070564031600952,3.4366960525512695,11.64639949798584,1.1689480543136597,0.9169989228248596,0.9512538313865662,0.8755555748939514,1.3276889324188232,9,1.6389946937561035,-0.14920884238140242,0,0,"Ranger Suarez",17277,624133
"Framber Valdez","DET",0.23016810417175293,-4.228297710418701,4.458466053009033,-2.700199604034424,-0.2704330384731293,0.9793524742126465,0.8847030997276306,0.8781818151473999,1.0302363634109497,11,-0.033879607915878296,0.2689003080543012,0,0,"Framber Valdez",17295,664285
"Jonathan Hernández","LAD",0.003303990000858903,0,0.003303990000858903,0.9860000014305115,0.1020703911781311,0.022733332589268684,0.033799998462200165,0.033799998462200165,,0,0.11366245895624161,0.031674349357492304,0,0,"Jonathan Hernandez",17464,642546
"Jack Flaherty","DET",-1.677785873413086,-5.214184284210205,3.536398410797119,-15.791000366210938,-1.6062222719192505,1.0212626457214355,0.8380627632141113,0.8794000148773193,1.0482544898986816,11,-1.199838399887085,-0.44301604156550756,0,0,"Jack Flaherty",17479,656427
"Daniel Duarte","NYM",0.023600008338689804,-0.0029200029093772173,0.026520011946558952,1.2339999675750732,0.1261758655309677,0.1371999979019165,0.1610499918460846,0.16120000183582306,,0,0.14653198421001434,0.025479741005618062,0,0,"Daniel Duarte",17480,650960
"Mitch Keller","PIT",0.6392360925674438,-4.271568298339844,4.910804271697998,7.169399738311768,0.7408128976821899,1.0188177824020386,0.9663522839546204,0.8792727589607239,1.315109133720398,11,0.9394968152046204,-0.312067550022053,0,0,"Mitch Keller",17594,656605
"Cristian Javier","HOU",-0.577318012714386,-1.2915000915527344,0.7141820192337036,-6.4079999923706055,-0.6448487043380737,0.9537060856819153,0.8223199844360352,0.8700000047683716,0.5028666853904724,3,-0.7049499750137329,0.09960832795735053,0,0,"Cristian Javier",17606,664299
"Jeffrey Springs","ATH",0.14811615645885468,-4.6299519538879395,4.7780680656433105,2.841200113296509,0.29305699467658997,1.0512776374816895,0.9856281280517578,0.8736363649368286,1.076345443725586,11,-0.18374238908290863,0.3246339587101894,0,0,"Jeffrey Springs",17677,605488
"Tayler Saucedo","LAA",0.136492058634758,-0.1318919062614441,0.2683839499950409,0.2069999873638153,0.021013999357819557,1.7446222305297852,1.284333348274231,2.4960999488830566,1.9372000694274902,4,0.011959767900407314,0.06627611391184599,1,0,"Tayler Saucedo",17888,642048
"Cody Ponce","TOR",-0.018939990550279617,-0.1977919638156891,0.17885197699069977,-0.039699986577034,-0.004109721630811691,1.0749666690826416,0.9300000071525574,0.8700000047683716,1.138800024986267,1,-0.004433113150298595,-0.013186029000818226,0,0,"Cody Ponce",17920,664074
"Trent Thornton","CHC",0.6293802857398987,-0.08623197674751282,0.7156122326850891,4.285999774932861,0.4436207413673401,0.7185485363006592,0.7657111287117004,1.0333714485168457,0.12324000149965286,5,0.2756924629211426,0.6002125789013207,2,0,"Trent Thornton",17948,663423
"Tyler Gilbert","CHW",-0.06034395843744278,-0.0926479920744896,0.032304033637046814,-4.480000019073486,-0.46044236421585083,0.18195000290870667,0.21364444494247437,0.23879998922348022,0.014999999664723873,2,-0.2496764212846756,-0.08197489760934129,0,0,"Tyler Gilbert",17964,656457
"Peter Lambert","HOU",0.3806820809841156,-2.7161619663238525,3.09684419631958,4.528600215911865,0.47183358669281006,1.0118467807769775,0.9100666642189026,0.8757143020629883,1.0469428300857544,7,0.5421762466430664,-0.16595122105984794,0,0,"Peter Lambert",17969,663567
"Logan Webb","SFG",-0.36170172691345215,-3.6981019973754883,3.336400270462036,-5.638400077819824,-0.6086286306381226,0.9344149231910706,0.8373916745185852,0.868399977684021,0.845050036907196,8,-0.37580686807632446,-0.011282119841616589,0,0,"Logan Webb",17995,657277
"Dylan Moore","PHI",-0.00003599999763537198,-0.00013599998783320189,0.00009999999747378752,-0.5440000295639038,-0.05429141968488693,0,0,0,,0,0,,0,0,"Dylan Moore",18042,664238
"Garrett Stubbs","PHI",0,0,0,0.5180000066757202,0.05185185372829437,0,0,0,,0,0,,0,0,"Garrett Stubbs",18067,596117
"Brett Sullivan","COL",0.00003999471664428711,0,0.00003999471664428711,1.1519999504089355,0.10661402344703674,0,0,0,,0,0,,0,0,"Brett Sullivan",18217,664954
"Julian Fernández","WSN",-0.006998001132160425,-0.044514000415802,0.037515997886657715,-0.9879999756813049,-0.10086777806282043,0.13640999794006348,0.15429998934268951,0.1855333298444748,,0,-0.07361063361167908,0.02230940028686631,0,0,"Julian Fernandez",18341,642759
"Michael Soroka","ARI",1.2634742259979248,-3.249147891998291,4.512622356414795,6.990500450134277,0.6794134974479675,1.0035475492477417,0.9465413689613342,0.8752999901771545,1.1090999841690063,10,0.6473441123962402,0.6116637213083251,0,0,"Michael Soroka",18383,647336
"P.J. Higgins","CIN",0.00010799995652632788,0,0.00010799995652632788,0.5509999990463257,0.05277777835726738,0,0,0,,0,0,,0,0,"P.J. Higgins",18433,664731
"Dylan Cease","TOR",0.21125411987304688,-4.617409706115723,4.8286638259887695,4.791299343109131,0.49475398659706116,1.0639636516571045,0.9943230748176575,0.8745999932289124,1.2164545059204102,11,0.748648464679718,-0.5500945765426352,0,0,"Dylan Cease",18525,656302
"Sam Hentges","SFG",0.17727002501487732,-0.16050396859645844,0.33777397871017456,2.4570000171661377,0.24944081902503967,0.7839652299880981,0.5736749768257141,0.762333333492279,0.7517333626747131,6,0.1834680140018463,0.04265174008159506,1,0,"Sam Hentges",18548,656529
"Freddy Peralta","NYM",0.8120641708374023,-4.015284061431885,4.827348232269287,9.307599067687988,0.9245864748954773,1.039538860321045,0.9601937532424927,0.8740727305412292,1.686327338218689,11,0.5436781048774719,0.23749920540278957,0,0,"Freddy Peralta",18679,642547
"Sandy Alcantara","MIA",0.14786620438098907,-4.696248531341553,4.844114303588867,2.727900266647339,0.2670624554157257,0.9072697162628174,0.8294422626495361,0.8657090663909912,1.24590003490448,10,0.39429783821105957,-0.2313185149398359,0,0,"Sandy Alcantara",18684,645261
"Lake Bachar","MIA",0.3175220191478729,-0.23507997393608093,0.5526019930839539,5.195000171661377,0.5173230767250061,0.2614598274230957,0.2895994186401367,0.37757501006126404,0.49889999628067017,8,0.5856080055236816,0.6288119008815081,1,0,"Lake Bachar",19222,669199
"Zac Gallen","ARI",-0.7057378888130188,-4.659101963043213,3.953364133834839,-5.21660041809082,-0.5556564927101135,1.0079416036605835,0.9178896546363831,0.8700000047683716,1.0071818828582764,11,-0.46029308438301086,-0.23988427336267715,0,0,"Zac Gallen",19291,668678
"Dean Kremer","BAL",-0.3544299602508545,-1.0518120527267456,0.6973820924758911,-1.6686999797821045,-0.1751638948917389,0.8601363897323608,0.8833272457122803,0.8700000047683716,0.3995000123977661,2,-0.06822307407855988,-0.34383943656715127,0,0,"Dean Kremer",19350,665152
"Weston Wilson","BAL",0.0002720285556279123,-0.0000999999901978299,0.00037202853127382696,-3.4110000133514404,-0.3590012192726135,0,0,0,,0,0,,0,0,"Weston Wilson",19358,642215
"Walker Buehler","SDP",-0.43594592809677124,-3.5238780975341797,3.0879321098327637,-4.909000396728516,-0.44138580560684204,0.9522786736488342,0.879595935344696,0.8744400143623352,1.3400599956512451,10,0.07856889814138412,-0.5363612861892679,0,0,"Walker Buehler",19374,621111
"Jake Rogers","DET",0.00010001659393310547,0,0.00010001659393310547,1.2389999628067017,0.13040536642074585,0.0016666665906086564,0.0024999999441206455,0.004999999888241291,,0,0.010001659393310547,0.050008299705095585,0,0,"Jake Rogers",19452,668670
"Aaron Civale","ATH",0.7971560955047607,-3.623785972595215,4.420942306518555,8.059700012207031,0.8376976251602173,1.0649000406265259,0.9791094064712524,0.8831200003623962,1.2096400260925293,10,-0.1576014906167984,0.9061751267261181,0,0,"Aaron Civale",19479,650644
"Tyler Ferguson","ATH",-0.02512398362159729,-0.025624006986618042,0.000500023365020752,-4.1479997634887695,-0.41397204995155334,0.028850000351667404,0.06360000371932983,0.17080000042915344,,0,-0.3124561011791229,-0.558392540600711,0,0,"Tyler Ferguson",19481,621053
"Alan Rangel","PHI",0.009772016666829586,-0.009731979109346867,0.019503995776176453,0.4580000340938568,0.04793301597237587,0.08138461410999298,0.10146667063236237,0.15219999849796295,,0,0.05668053403496742,0.06339150628487122,0,0,"Alan Rangel",19524,660604
"Jason Alexander","HOU",0.29053401947021484,-0.24583999067544937,0.5363740157335997,-3.93999981880188,-0.41904446482658386,0.43758965591932164,0.5599390812791311,0.3804000069697698,0.7719999551773071,2,-0.19885466992855072,0.8627963685956247,0,0,"Jason Alexander",19666,669920
"Connor Seabold","DET",-0.04288003221154213,-0.4146420657634735,0.3717620372772217,-3.5480003356933594,-0.3405914902687073,0.3850575387477875,0.41719430685043335,0.6312545537948608,0.4756666421890259,6,0.0946507379412651,-0.20601080207866285,1,0,"Connor Seabold",19695,657756
"Dustin May","STL",-0.7629098296165466,-4.470109939575195,3.707200050354004,-6.143400192260742,-0.6481794118881226,0.9851785898208618,0.883182168006897,0.875,0.8111599683761597,10,-0.5376953482627869,-0.23669199378782446,0,0,"Dustin May",19716,669160
"Shohei Ohtani","LAD",1.839036226272583,-2.040625810623169,3.879662036895752,18.026199340820312,1.8778302669525146,0.9925381541252136,0.9479795694351196,0.87704998254776,1.0403499603271484,8,1.6135166883468628,0.2393453085739925,0,0,"Shohei Ohtani",19755,660271
"Keegan Thompson","COL",0.07086001336574554,-0.08483998477458954,0.15569999814033508,1.2990000247955322,0.13121213018894196,0.5645714402198792,0.48666664958000183,0.5099999904632568,0.5299999713897705,1,0.07548403739929199,0.05002711728849785,1,0,"Keegan Thompson",19795,624522
"Michael King","SDP",1.4847221374511719,-3.776440143585205,5.261162281036377,11.17020034790039,1.1583685874938965,1.097267985343933,1.000499963760376,0.8700000047683716,1.386199951171875,11,0.8885055780410767,0.46460246601234867,0,0,"Michael King",19853,650633
"Charlie Barnes","- - -",-0.0023120080586522818,-0.007628020131960511,0.005316011724062264,-1.4259998798370361,-0.1404642015695572,0.014527999684214593,0.024960000067949295,0.038266666854421295,,0,-0.13870782405138016,-0.020433703268750186,0,0,"Charlie Barnes",19865,656212
"Griffin Canning","SDP",-0.515377938747406,-1.693619966506958,1.1782419681549072,-7.803900241851807,-0.8174871206283569,1.0601298809051514,0.9479411840438843,0.8700000047683716,0.89205002784729,4,-0.30054789781570435,-0.1855981377128577,0,0,"Griffin Canning",19867,656288
"Jesús Luzardo","PHI",0.21175014972686768,-3.8418681621551514,4.053618431091309,-2.5042002201080322,-0.2935289740562439,0.9439611434936523,0.8558576107025146,0.8337200284004211,1.0440599918365479,10,0.3096149265766144,-0.08529409389575987,0,0,"Jesus Luzardo",19959,666200
"Wyatt Mills","LAD",0.0028740030247718096,-0.08188000321388245,0.08475399762392044,-2.259000062942505,-0.2340776026248932,0.2633545398712158,0.24169999361038208,0.249099999666214,0.15300001204013824,2,-0.1951543539762497,0.206067410672281,0,0,"Wyatt Mills",20010,670090
"Bailey Falter","KCR",-0.14157000184059143,-0.5569179654121399,0.41534796357154846,-4.8714001178741455,-0.48280009627342224,0.6702371905016344,0.3675749935209751,0.3781000040471554,0.6381999850273132,3,-0.4145169258117676,0.20329319211439645,0,0,"Bailey Falter",20070,663559
"Chris Paddack","- - -",-1.0554118305444717,-3.6415018439292908,2.586090087890625,-12.501600250601768,-1.2412063777446747,0.9063289483186557,0.7685380833489555,0.8398666712972853,0.765311082204183,9,-0.390552319586277,-0.7739386000763706,0,0,"Chris Paddack",20099,663978
"Nate Pearson","HOU",0.04524598643183708,-0.04502400383353233,0.09026999771595001,0.9850000143051147,0.10203622281551361,0.6512857675552368,0.49300000071525574,0.49300000071525574,,0,0.10261927545070648,-0.03314748797148803,0,0,"Nate Pearson",20160,663878
"Zach Pop","PHI",-0.0034159705974161625,-0.22811196371912956,0.22469598799943924,1.3959999233484268,0.1366557739675045,0.4352903260338691,0.34884998947381973,0.29434286270822796,0.2972000002861023,5,0.02549421414732933,-0.03334178252437241,0,0,"Zach Pop",20185,647315
"Anthony Kay","CHW",-0.22973166406154633,-3.7909679412841797,3.5612361431121826,-0.5910002589225769,-0.04850776493549347,1.028167899698019,0.8842954754829406,0.9037200212478638,0.945419991016388,10,-0.31794937886297703,0.09451149082054708,0,0,"Anthony Kay",20387,641743
"Casey Mize","DET",0.9380561113357544,-2.322819948196411,3.260875940322876,9.586799621582031,0.9636191725730896,0.9606772661209106,0.90828937292099,0.8700000047683716,1.1637500524520874,8,0.7515683770179749,0.22488453221292892,0,0,"Casey Mize",20492,663554
"Yusei Kikuchi","LAA",-0.45800790190696716,-2.5169999599456787,2.0589919090270996,-4.725200176239014,-0.4885440766811371,0.9275060296058655,0.8310606479644775,0.8773714303970337,0.8973428606987,7,-0.3374326229095459,-0.15637322555657468,0,0,"Yusei Kikuchi",20633,579328
"Cristopher Sánchez","PHI",1.7536542415618896,-3.48500394821167,5.2386579513549805,19.692699432373047,1.9422941207885742,0.944133996963501,0.8393120169639587,0.8670181632041931,0.5749599933624268,10,1.6588927507400513,0.198528173834158,0,0,"Cristopher Sanchez",20778,650911
"Luis Gil","NYY",-0.2876438796520233,-1.63018000125885,1.342536211013794,-3.241300106048584,-0.35398852825164795,0.82940673828125,0.8828476071357727,0.8799999952316284,1.2008999586105347,4,-0.513358473777771,0.16655169445488116,0,0,"Luis Gil",21052,661563
"Jose Espada","BAL",0.0009399951668456197,-0.004530012607574463,0.005470007658004761,0.4830000400543213,0.05070865526795387,0.061250001192092896,0.029999999329447746,0.029999999329447746,,0,-0.03235848248004913,0.047705342048224436,0,0,"Jose Espada",21131,664744
"Brooks Kriske","ATH",0.04034800082445145,-0.007483997847884893,0.04783199727535248,1.3550000190734863,0.13488757610321045,0.17989091575145721,0.3020250201225281,0.318200021982193,0.3720000088214874,1,0.09644272178411484,0.1278487642862406,0,0,"Brooks Kriske",21189,621139
"J.P. France","HOU",-0.05639597773551941,-0.1617259830236435,0.10533002018928528,-2.822000026702881,-0.3100653290748596,0.22300000488758087,0.23623572289943695,0.29653334617614746,0.08560000360012054,1,-0.18407399952411652,-0.06882275607887034,0,0,"J.P. France",21212,641585
"Bailey Ober","MIN",0.1547241359949112,-3.8135640621185303,3.9682881832122803,2.0989999771118164,0.21628089249134064,0.814479410648346,0.8549485206604004,0.8745454549789429,1.294659972190857,10,0.5806677341461182,-0.390700825256737,0,0,"Bailey Ober",21224,641927
"Joe Ryan","MIN",0.34691405296325684,-3.569175958633423,3.9160900115966797,4.441900253295898,0.45486414432525635,0.9496555924415588,0.8802745938301086,0.87983638048172,0.9984363317489624,11,1.0823415517807007,-0.7170364288241319,0,0,"Joe Ryan",21390,657746
"Yerry De los Santos","NYY",0.01827000081539154,-0.01933399960398674,0.03760400041937828,1.6610000133514404,0.17383569478988647,0.07256190478801727,0.07066667079925537,0.07980000227689743,0.028700001537799835,2,0.08513208478689194,0.16665293751600402,0,0,"Yerry De los Santos",21420,660787
"Ryan Feltner","COL",-0.44870397448539734,-1.9149620532989502,1.4662580490112305,-3.8243002891540527,-0.3926215171813965,0.9256651997566223,0.8722380995750427,0.878000020980835,1.2064800262451172,5,-0.36103540658950806,-0.12370138010547782,0,0,"Ryan Feltner",21446,663372
"Davis Martin","CHW",1.946816086769104,-2.2729742527008057,4.219790458679199,16.974700927734375,1.7147094011306763,0.8263936042785645,0.8222634792327881,0.8790000081062317,0.6169599890708923,10,1.3189159631729126,1.0368816575851283,0,0,"Davis Martin",21448,663436
"Kris Bubic","KCR",0.37490010261535645,-3.464099884033203,3.8389999866485596,4.002500057220459,0.4074234962463379,0.9866330623626709,0.9666576981544495,0.8755555748939514,1.1475555896759033,9,0.345416784286499,0.034562477423614846,0,0,"Kris Bubic",21455,663460
"Shane McClanahan","TBR",0.7795560956001282,-2.8674440383911133,3.6470000743865967,6.103899955749512,0.6276933550834656,1.0527245998382568,0.960813045501709,0.8769333362579346,0.9088000059127808,9,1.0008405447006226,-0.2603276928874313,0,0,"Shane McClanahan",21483,663556
"Stephen Kolek","KCR",0.2740362286567688,-1.5381419658660889,1.812178134918213,5.133200168609619,0.5179443955421448,0.9184653162956238,0.9432889223098755,0.8934000134468079,1.1959999799728394,3,0.7148282527923584,-0.4164650769655147,0,0,"Stephen Kolek",21487,663568
"Jake Irvin","WSN",-0.647247850894928,-4.3437581062316895,3.696510076522827,-6.433699607849121,-0.6300892233848572,0.9669924378395081,0.9170690774917603,0.869527280330658,1.2527090311050415,11,0.0045159682631492615,-0.6738571394733752,0,0,"Jake Irvin",21504,663623
"Chase Shugart","PHI",0.48325806856155396,-0.32951411604881287,0.8127721548080444,6.388000011444092,0.6413382887840271,0.4505211114883423,0.3420238196849823,0.5264714360237122,0.5140799880027771,10,0.5691276788711548,0.5035369671097223,1,0,"Chase Shugart",21544,663767
"Tristan Beck","SFG",0.01604001596570015,-0.001776000251993537,0.01781601458787918,1.5179998874664307,0.15440556406974792,0.06963636726140976,0.09233333170413971,0.11380000412464142,,0,0.17286308109760284,0.0574765617715767,0,0,"Tristan Beck",21584,663941
"César Salazar","HOU",-0.00008600000001024455,-0.00009999999747378752,0.000013999999282532372,-0.5080000162124634,-0.052669771015644073,0,0,0,,0,0,,0,0,"Cesar Salazar",21587,663967
"Kervin Castro","NYY",-0.00515997176989913,-0.010555987246334553,0.005396015476435423,-0.008000001311302185,-0.0008255904540419579,0.04170000180602074,0.029200000688433647,0.04920000210404396,,0,-0.013597661629319191,-0.11014266322491431,0,0,"Kervin Castro",21656,665645
"Edward Cabrera","CHC",-0.4344339370727539,-4.045703887939453,3.6112701892852783,-4.0482001304626465,-0.42621132731437683,0.9265112280845642,0.8593454360961914,0.8750200271606445,1.5471800565719604,10,-0.23168201744556427,-0.2372102354533962,0,0,"Edward Cabrera",21690,665795
"Carlos Cortes","ATH",0.000046000008296687156,-0.000046000008296687156,0.00009200001659337431,0.5260000228881836,0.05210500210523605,0,0,0,,0,0,,0,0,"Carlos Cortes",21842,666126
"Braxton Garrett","MIA",-0.35067397356033325,-0.9346519708633423,0.5839780569076538,-4.855299949645996,-0.49486392736434937,1.5130774974822998,0.9314000010490417,0.8700000047683716,0.8021000027656555,2,-0.28622889518737793,0.054466824742314374,0,0,"Braxton Garrett",21844,666129
"Cole Ragans","KCR",0.24721017479896545,-2.275495767593384,2.5227060317993164,-1.5998998880386353,-0.21419858932495117,0.8929756283760071,0.8826054334640503,0.8448749780654907,0.8321999907493591,8,-0.3306844234466553,0.6075230816847861,0,0,"Cole Ragans",21846,666142
"Gregory Santos","SFG",-0.05459798872470856,-0.09799996018409729,0.04340197145938873,-3.5739998817443848,-0.37782078981399536,0.1286296397447586,0.11957777291536331,0.13279999792575836,0.009999999776482582,2,-0.2935533821582794,-0.1309054659971537,0,0,"Gregory Santos",21894,666619
"John King","MIA",0.956011950969696,-0.39356857538223267,1.3495805263519287,8.809000015258789,0.8908085823059082,0.6817285418510437,0.7016976475715637,1.0700583457946777,0.926800012588501,18,0.655349850654602,0.7469853785172795,5,0,"John King",22051,667463
"José Soriano","LAA",1.3161081075668335,-2.9521942138671875,4.2683024406433105,16.427000045776367,1.6634092330932617,0.8585014939308167,0.8414765000343323,0.8681091070175171,0.9271999597549438,11,1.6010771989822388,-0.06804770879372946,0,0,"Jose Soriano",22100,667755
"Easton McGee","MIL",0.0048859999515116215,-0.01957399956882,0.024459999054670334,0.9890000224113464,0.101505346596241,0.15173333883285522,0.1579499989748001,0.21469999849796295,,0,0.07559525966644287,-0.04339403092465733,0,0,"Easton McGee",22176,668834
"MacKenzie Gore","TEX",-0.13613802194595337,-3.914914131164551,3.778775930404663,-0.10980008542537689,-0.013306275010108948,0.9559416174888611,0.8894842267036438,0.8790909051895142,1.0990909337997437,11,0.5481529831886292,-0.6905654689046197,0,0,"MacKenzie Gore",22201,669022
"Logan Gilbert","SEA",0.10213012993335724,-4.145656108856201,4.247786045074463,0.14749938249588013,-0.07662378251552582,0.9320534467697144,0.891076922416687,0.8794363737106323,1.0390000343322754,11,-0.044222988188266754,0.15379838892018516,0,0,"Logan Gilbert",22250,669302
"Shane Baz","BAL",-0.5058478116989136,-4.259468078613281,3.753620147705078,-3.4504001140594482,-0.3739059567451477,0.9209039211273193,0.8588933348655701,0.8700000047683716,0.8325799703598022,10,-0.5892051458358765,0.0399102627391873,0,0,"Shane Baz",22264,669358
"Tarik Skubal","DET",0.8247942924499512,-2.501365900039673,3.326160430908203,8.002099990844727,0.8131750226020813,0.9596970081329346,0.9015555381774902,0.8515428900718689,0.954714298248291,7,0.9961646795272827,-0.13673270728995446,0,0,"Tarik Skubal",22267,669373
"Trevor Rogers","BAL",-1.1590700149536133,-4.294134140014648,3.135063886642456,-14.513700485229492,-1.5088510513305664,0.9660257697105408,0.855863630771637,0.8700000047683716,0.7418222427368164,9,-0.8956196308135986,-0.3042138014776705,0,0,"Trevor Rogers",22286,669432
"Mason Englert","TBR",-0.10508400201797485,-0.930653989315033,0.8255700021982193,-3.6074001789093018,-0.3880215883255005,0.6778856786814603,0.5342861413955688,0.48758000433444976,0.38296667734781903,6,-0.4186681658029556,0.2636508740637773,1,0,"Mason Englert",22288,669438
"Matthew Liberatore","STL",-0.5321181416511536,-4.866613864898682,4.334496021270752,-2.541400194168091,-0.2537037432193756,1.0827800035476685,0.9739283323287964,0.8740000128746033,1.22816002368927,10,-0.5956494808197021,0.10421249462888033,0,0,"Matthew Liberatore",22294,669461
"Brenan Hanifee","DET",0.1800960637629032,-0.24523598700761795,0.42533205449581146,3.6379997730255127,0.36829414777457714,0.619362174659162,0.5753269378955548,0.638742881161826,0.8675333658854166,6,0.2163655273616314,0.0744111314842385,2,0,"Brenan Hanifee",22304,669724
"Johan Oviedo","BOS",-0.024959946051239967,-0.055252011865377426,0.03029206395149231,-2.013000011444092,-0.209034264087677,0.13198000192642212,0.12850666046142578,0.28200000524520874,,0,-0.3484219014644623,0.15930274941932931,0,0,"Johan Oviedo",22487,670912
"Taj Bradley","MIN",1.2101801633834839,-2.74755597114563,3.957736015319824,10.92650032043457,1.1057326793670654,0.9717603325843811,0.9175629615783691,0.8744444251060486,1.0196888446807861,9,0.5319026708602905,0.7134457168075092,0,0,"Taj Bradley",22543,671737
"Yovanny Cruz","NYY",0.0043600015342235565,-0.06307201087474823,0.06743201613426208,0.5590000152587891,0.058595385402441025,0.5269333124160767,0.5684000253677368,0.713200032711029,2.055999994277954,1,0.09738437831401825,-0.08911008357597593,0,0,"Yovanny Cruz",22622,672442
"Keider Montero","DET",0.48545005917549133,-2.949927806854248,3.435378074645996,5.5578999519348145,0.5587901473045349,0.9390923976898193,0.9273038506507874,0.868755578994751,1.31404447555542,9,0.5420995950698853,-0.025164243053720114,0,0,"Keider Montero",22630,672456
"Yoendrys Gómez","- - -",0.79534812271595,-0.9475419521331787,1.7428900599479675,-1.9539997577667236,-0.19158542156219482,0.8631116646031539,0.7241103381946169,1.041399985551834,2.2171428203582764,7,-0.02488154172897339,0.9463707943179063,5,0,"Yoendrys Gomez",22872,672782
"Codi Heuer","CLE",0.0508820116519928,-0.0013959490461274981,0.05227796360850334,0.23600000143051147,0.02423008903861046,0.18890909850597382,0.23840001225471497,0.6391000151634216,1.8236000537872314,1,0.13635766506195068,0.13298887279357652,0,0,"Codi Heuer",23293,676051
"Janson Junk","MIA",-0.33136171102523804,-3.778329849243164,3.4469680786132812,-5.859699726104736,-0.5943105816841125,0.8467121124267578,0.819976270198822,0.8700000047683716,0.6969599723815918,10,-0.22789815068244934,-0.163452942755347,0,0,"Janson Junk",23301,676083
"Joey Cantillo","CLE",0.36461809277534485,-4.1439619064331055,4.508580207824707,4.8050994873046875,0.49340513348579407,1.0826890468597412,0.9401389956474304,0.8748363852500916,1.270618200302124,11,-0.01383998617529869,0.35061081971507857,0,0,"Joey Cantillo",23335,676282
"Nolan Hoffman","PHI",0.013923995196819305,-0.17577196657657623,0.18969595432281494,0.7829999923706055,0.07927063852548599,0.9626666903495789,0.5250999927520752,0.4976000189781189,1.2663999795913696,1,0.0260714553296566,-0.011607471755276353,0,0,"Nolan Hoffman",23381,676510
"Hunter Stratton","ATL",0.0010079999919980764,-0.00039999998989515007,0.001408000010997057,0.6410000324249268,0.05499785766005516,0.021800000220537186,0.029999999329447746,0.029999999329447746,,0,0.010881364345550537,0.035357166929713725,0,0,"Hunter Stratton",23455,676702
"Josh Walker","BAL",0.01693600043654442,-0.004982007667422295,0.021918006241321564,-0.03299999237060547,-0.0008111931383609772,0.058305881917476654,0.07450000196695328,0.07146666944026947,0.1939999908208847,1,0.16539528965950012,0.1250728394482084,0,0,"Josh Walker",23617,677020
"Braxton Ashcraft","PIT",1.2431679964065552,-3.479572057723999,4.722740173339844,10.593199729919434,1.0934462547302246,0.9262480139732361,0.9139468669891357,0.8806400299072266,0.9638199806213379,10,0.8790500164031982,0.46310454441886306,0,0,"Braxton Ashcraft",23793,677952
"Ryan Weathers","NYY",0.4484541118144989,-3.51776385307312,3.9662179946899414,6.857600212097168,0.718454122543335,0.9227932095527649,0.8875492215156555,0.8700000047683716,1.4123599529266357,10,0.3736174404621124,0.11235721471750665,0,0,"Ryan Weathers",23796,677960
"Jorbit Vivas","WSN",-0.011757906526327133,-0.013249784708023071,0.0014918780652806163,-3.814000129699707,-0.39057859778404236,0.026733333244919777,0.03009999915957451,0.06019999831914902,,0,-0.3531266748905182,-0.08669526645162728,0,0,"Jorbit Vivas",23917,678391
"Brayan Bello","BOS",-1.0516400039196014,-3.614711821079254,2.5630717873573303,-12.227399349212646,-1.2750771045684814,0.7562753361139337,0.6322499926273639,0.8698000192642212,0.5919199854135513,10,-1.157816767692566,-0.23273499791621055,2,0,"Brayan Bello",23920,678394
"Grayson Rodriguez","LAA",-0.26472005248069763,-0.85017991065979,0.5854598879814148,-5.597399711608887,-0.5674801468849182,0.8927391767501831,0.7573999762535095,0.8700000047683716,0.6751999855041504,2,-0.23692405223846436,-0.059601584111843076,0,0,"Grayson Rodriguez",24492,680570
"Simeon Woods Richardson","MIN",-2.051018100231886,-5.148452118039131,3.097434014081955,-19.447499930858612,-1.9942335672676563,0.943212344183176,0.8576217760210452,0.8689199984073639,0.9737199723720551,10,-1.6413183766417205,-0.53318465322275,0,0,"Simeon Woods Richardson",24494,680573
"Kyle Bradish","BAL",-0.7311520576477051,-4.804463863372803,4.073311805725098,-2.573499917984009,-0.26724153757095337,1.0180854797363281,0.9323111176490784,0.875,0.823199987411499,10,-0.3748241364955902,-0.3433395857068565,0,0,"Kyle Bradish",24586,680694
"Joey Gerber","NYM",0.009060020558536053,-0.007670024875551462,0.016730044037103653,0.9980000257492065,0.10251668840646744,0.09408888965845108,0.07970000058412552,0.1096000000834465,,0,0.044034723192453384,0.05225741705305838,0,0,"Joey Gerber",24591,680702
"Randy Vásquez","SDP",1.0701762437820435,-3.3956398963928223,4.465816020965576,9.000900268554688,0.8622992038726807,1.0370122194290161,0.9924428462982178,0.8754199743270874,1.2904000282287598,10,0.7062916159629822,0.32568874427933747,0,0,"Randy Vasquez",24719,681190
"Mike Burrows","HOU",-1.0042580366134644,-4.768617630004883,3.764359712600708,-6.893500328063965,-0.7820091247558594,0.8633753061294556,0.7891620993614197,0.8700000047683716,0.5750399827957153,10,-0.6242254972457886,-0.5389511994744263,0,0,"Mike Burrows",24728,681347
"Kyle Leahy","STL",0.13344807922840118,-4.324731826782227,4.458179950714111,0.5292998552322388,0.09193482249975204,1.1075050830841064,0.9413735866546631,0.8751599788665771,1.108720064163208,10,-0.5274616479873657,0.6479559746199658,0,0,"Kyle Leahy",24763,681517
"Ryan Fernandez","STL",0.032322030514478683,-0.078047975897789,0.11037001013755798,0.15999993681907654,-0.00021553784608840942,0.1913212090730667,0.22439166903495789,0.26499998569488525,2.0974998474121094,2,0.12819555401802063,0.040745624385962326,0,0,"Ryan Fernandez",24862,681676
"Lazaro Estrada","TOR",0.183476060628891,-0.04401196911931038,0.22748802602291107,2.003999948501587,0.2052227407693863,0.705079972743988,0.8104499578475952,0.7703999876976013,1.5698000192642212,1,0.22896388173103333,0.031256331183042,1,0,"Lazaro Estrada",24914,681751
"Ethan Roberts","CHC",0.08264598995447159,-0.1608240157365799,0.24347001314163208,4.743000030517578,0.4955456852912903,0.26815417408943176,0.23017381131649017,0.31540000438690186,0.5948333144187927,6,0.42183807492256165,-0.11363481746773485,0,0,"Ethan Roberts",24930,681799
"Domingo Gonzalez","SEA",0.030410001054406166,-0.02858400158584118,0.058994002640247345,2.628000020980835,0.28368955850601196,0.10658399760723114,0.10559999942779541,0.10164999961853027,,0,0.18937548995018005,0.09593939537124474,0,0,"Domingo Gonzalez",25241,682445
"Brady Singer","CIN",-1.1050140857696533,-4.2286458015441895,3.1236319541931152,-10.4798002243042,-1.0748932361602783,0.8487712740898132,0.8374245166778564,0.8792800307273865,0.8625800013542175,10,-1.9406073093414307,0.6387087655262855,0,0,"Brady Singer",25377,663903
"Drew Rasmussen","TBR",0.8768720030784607,-3.337984085083008,4.214856147766113,7.853800296783447,0.8182793855667114,0.9768162369728088,0.9368357062339783,0.8656799793243408,0.9302200078964233,10,0.7452901601791382,0.1523935288184166,0,0,"Drew Rasmussen",25385,656876
"Gavin Hollowell","CHC",-0.008399980142712593,-0.016568031162023544,0.008168051019310951,-1.7899999618530273,-0.1876310259103775,0.05381818115711212,0.062199998646974564,0.05719999969005585,0.4244000017642975,1,-0.2222347855567932,0.06615407152837927,0,0,"Gavin Hollowell",25427,668970
"George Kirby","SEA",0.2978804409503937,-4.631832122802734,4.929712772369385,2.5181994438171387,0.27921992540359497,0.9619957804679871,0.890101432800293,0.8748363852500916,1.0506199598312378,10,0.31041961908340454,-0.0007712328862403139,0,0,"George Kirby",25436,669923
"Brandon Williamson","CIN",-0.22481191158294678,-2.480302095413208,2.255490303039551,-4.974099636077881,-0.4700740575790405,1.0667937994003296,0.8643266558647156,0.8700000047683716,1.0082333087921143,6,-0.3483061194419861,0.1375700693174738,0,0,"Brandon Williamson",25463,682227
"Chase Solesky","TBR",0.005035982001572847,-0.008211973123252392,0.013247954659163952,-0.4880000054836273,-0.04974516108632088,0.045364703983068466,0.040800001472234726,0.09160000085830688,0,1,-0.03577028214931488,0.14678130083583457,0,0,"Chase Solesky",25480,686678
"Sammy Peralta","COL",-0.17741599678993225,-0.2656079828739166,0.08819197118282318,-2.22189998626709,-0.1906392127275467,1.437514305114746,0.8700000047683716,0.8700000047683716,2.1245999336242676,1,-0.11057131737470627,-0.01284727829330029,0,0,"Sammy Peralta",25589,671111
"Adam Macko","TOR",0.2100200057029724,-0.05813797190785408,0.2681579887866974,1.8680000305175781,0.1954297423362732,0.9188768863677979,0.9409444332122803,0.8049499988555908,0.5756499767303467,4,0.14125102758407593,0.08731060980039945,2,0,"Adam Macko",25590,671936
"Zak Kent","- - -",-0.013313975185155869,-0.03559000603854656,0.022276030853390694,-5.6570000648498535,-0.5503673404455185,0.03461738934983378,0.03557166680693626,0.06249999751647314,0.0033333332588275275,3,-0.17736301105469465,-0.207240664589604,0,0,"Zak Kent",25703,687849
"Matt Brash","SEA",1.0325119495391846,-0.5974880456924438,1.6299999952316284,6.673999786376953,0.7238747477531433,1.815037488937378,1.4854333400726318,1.6815732717514038,1.433728575706482,14,0.562073290348053,0.006792066886895043,9,0,"Matt Brash",25756,666374
"Tyler Tolbert","KCR",0,-0.00007201194966910407,0.00007201194966910407,0.2549999952316284,0.026729557663202286,0,0,0,,0,0,,0,0,"Tyler Tolbert",25779,686475
"Hunter Brown","HOU",0.4056439995765686,-0.3763839900493622,0.7820279598236084,3.904099941253662,0.405727356672287,0.9549681544303894,0.9179636836051941,0.8700000047683716,1.2680000066757202,2,0.33892038464546204,0.08585189461292159,0,0,"Hunter Brown",25880,686613
"Josh Simpson","SEA",0.004264011047780514,-0.0721999853849411,0.07646399736404419,-0.5060000419616699,-0.05150197073817253,0.45236000418663025,0.3704666495323181,0.5547999739646912,1.2055000066757202,2,-0.17454108595848083,0.1839672310825341,0,0,"Josh Simpson",25957,681006
"Seth Johnson","PHI",0.015275979414582253,-0.025684012100100517,0.04095999151468277,-3.4049999713897705,-0.3373900055885315,0.1006285697221756,0.09719999879598618,0.12626667320728302,0.17720000445842743,1,-0.11729932576417923,0.2691049159336266,0,0,"Seth Johnson",26020,686751
"Andre Pallante","STL",0.14435626566410065,-3.517915725708008,3.6622719764709473,1.5125999450683594,0.1244855523109436,0.8902724981307983,0.8686351180076599,0.8593199849128723,0.9301999807357788,10,0.2649581730365753,-0.10280976795028016,0,0,"Andre Pallante",26108,669467
"Caleb Kilian","SFG",1.5334240198135376,-1.216101884841919,2.749526023864746,6.895999908447266,0.7226744294166565,1.4446580410003662,1.2180259227752686,1.222161889076233,1.2498769760131836,13,0.5071629285812378,0.5542813553212036,7,0,"Caleb Kilian",26213,668873
"Jackson Rutledge","WSN",-0.03436000272631645,-0.05504005029797554,0.02068004570901394,-4.892000198364258,-0.48676615953445435,0.17630769312381744,0.2019999921321869,0.23199999332427979,0.009999999776482582,1,-0.24694471061229706,0.052058134096398256,0,0,"Jackson Rutledge",26215,671131
"Alec Gamboa","BOS",0.0013000000035390258,0,0.0013000000035390258,0.5,0.05128204822540283,0.01666666567325592,0.029999999329447746,0.029999999329447746,,0,0.044999998062849045,0.033000006798655085,0,0,"Alec Gamboa",26227,687941
"Ryne Nelson","ARI",-0.3955180048942566,-3.907952070236206,3.5124340057373047,-5.647700309753418,-0.5496354103088379,0.7797237634658813,0.7941238284111023,0.8798545598983765,0.6240727305412292,11,0.2574644088745117,-0.7647184178278549,0,0,"Ryne Nelson",26253,669194
"Nick Lodolo","CIN",-0.35185205936431885,-1.5679140090942383,1.2160619497299194,-4.532600402832031,-0.4349624514579773,1.1094492673873901,0.9130375385284424,0.8700000047683716,1.0848666429519653,3,-0.4782792925834656,0.1611381039711327,0,0,"Nick Lodolo",26378,666157
"Alek Manoah","LAA",-0.012417973950505257,-0.04951605573296547,0.037098079919815063,-5.761000633239746,-0.5765683650970459,0.06187179684638977,0.061774998903274536,0.13753333687782288,0,1,-0.15084192156791687,-0.04986299704525329,0,0,"Alek Manoah",26410,666201
"Cody Laweryson","MIN",0.2558579742908478,-0.1644899845123291,0.42034798860549927,1.0120000839233398,0.1098974347114563,0.821976900100708,0.78288334608078,1.0596799850463867,0.5324000120162964,2,0.11398737132549286,0.1972841184931386,2,0,"Cody Laweryson",26429,689520
"Ryan Gusto","MIA",0.066460020840168,0,0.066460020840168,0.5160000324249268,0.0518072284758091,0.864133358001709,1.2355999946594238,1.2355999946594238,1.351199984550476,1,0.0772600844502449,-0.00035063497145673694,1,0,"Ryan Gusto",26440,687473
"Sam Aldegheri","LAA",-0.0074299536645412445,-0.4456920027732849,0.43826205283403397,-0.22420000284910202,-0.023565473966300488,1.1074923093502338,0.9162535667419434,0.7348000109195709,1.2798000574111938,2,0.028210939839482307,-0.03491974820032808,0,0,"Sam Aldegheri",26443,691951
"Trevor McDonald","SFG",0.1067362129688263,-1.6106840372085571,1.717420220375061,0.6254000067710876,0.052025798708200455,1.0786659717559814,1.002508282661438,0.8824999928474426,0.9848999977111816,4,0.2473442256450653,-0.14839217212374367,0,0,"Trevor McDonald",26448,686790
"Anthony Molina","ATL",0.01968996413052082,-0.0048700012266635895,0.02455996535718441,1.2820000648498535,0.10999570786952972,0.13233333826065063,0.15080000460147858,0.14079999923706055,1.8453999757766724,1,0.13767564296722412,0.011115012428610016,0,0,"Anthony Molina",26952,683627
"Jose Franco","CIN",0.14906202256679535,-0.4724999964237213,0.6215620040893555,-2.450000047683716,-0.22348986566066742,0.44182223081588745,0.38445883989334106,0.5207111239433289,1.4723200798034668,5,-0.37563392519950867,0.7130140119632081,2,0,"Jose Franco",27014,683742
"Garrett Crochet","BOS",-0.2672080397605896,-2.6641998291015625,2.396991729736328,-7.577300548553467,-0.7856063842773438,1.030842900276184,0.9290903210639954,0.8786333203315735,1.1838667392730713,6,-0.2549377381801605,-0.004275416112311248,0,0,"Garrett Crochet",27463,676979
"Reid Detmers","LAA",-0.06892599165439606,-4.134463787078857,4.065537929534912,-1.9000999927520752,-0.18961471319198608,0.9087291955947876,0.8736608624458313,0.869527280330658,1.493727207183838,11,0.33214208483695984,-0.40799085473290464,0,0,"Reid Detmers",27468,672282
"Emerson Hancock","SEA",0.7550721168518066,-3.9653000831604004,4.720372200012207,6.690200328826904,0.7399646639823914,1.0407687425613403,0.9542166590690613,0.8700000047683716,1.0523200035095215,10,0.8409059047698975,-0.11541129105430104,0,0,"Emerson Hancock",27470,676106
"Jared Shuster","STL",-0.00947799626737833,-0.07253200560808182,0.06305400282144547,1.2630000114440918,0.1332753598690033,0.1436411738395691,0.11136249452829361,0.11424999684095383,0.05640000104904175,1,0.1348899006843567,-0.2008737409303587,0,0,"Jared Shuster",27472,694363
"Cade Cavalli","WSN",-0.2557920217514038,-4.312813758850098,4.0570220947265625,-3.733800172805786,-0.37668201327323914,1.0317349433898926,0.8986280560493469,0.8781818151473999,1.0995091199874878,11,0.016905559226870537,-0.2648297217166739,0,0,"Cade Cavalli",27473,676917
"Max Meyer","MIA",1.5345640182495117,-3.1716179847717285,4.70618200302124,13.685300827026367,1.3800984621047974,0.9855488538742065,0.8940580487251282,0.8818181753158569,0.9211272597312927,11,1.0705541372299194,0.4865112606112112,0,0,"Max Meyer",27474,676974
"Cole Wilcox","SEA",0.044300053268671036,-0.3798179030418396,0.42411795258522034,-3.055999994277954,-0.34470677375793457,0.3553459346294403,0.32450243830680847,0.37196362018585205,0.888866662979126,9,-0.24957767128944397,0.37424506987631045,1,0,"Cole Wilcox",27481,677961
"Spencer Strider","ATL",0.4125779867172241,-1.1524980068206787,1.5650758743286133,4.925699710845947,0.5118296146392822,0.891852855682373,0.870869517326355,0.8925999999046326,1.2348999977111816,4,0.2718495726585388,0.19075811434780382,0,0,"Spencer Strider",27498,675911
"Slade Cecconi","CLE",-0.6890719532966614,-4.905220031738281,4.2161478996276855,-5.792499542236328,-0.6336606740951538,1.0159984827041626,0.8937451839447021,0.8720909357070923,0.8792181611061096,11,-0.4071251451969147,-0.27109629413303427,0,0,"Slade Cecconi",27500,677944
"Kyle Hurt","LAD",0.363862007856369,-0.4279560148715973,0.7918180227279663,6.841000080108643,0.6945106387138367,0.7366655468940735,0.4582666754722595,0.46059998869895935,0.41677144169807434,7,0.4192490875720978,0.07468199063630038,2,0,"Kyle Hurt",27514,669165
"Carmen Mlodzinski","PIT",0.3232700228691101,-3.6948500871658325,4.018120288848877,2.6931997537612915,0.27436959743499756,1.0593266271123098,0.8946188722016677,0.8835400104522705,0.982599925994873,10,0.25693310610949993,0.04823247228281685,2,0,"Carmen Mlodzinski",27572,669387
"Jake Eder","LAD",0.023723991587758064,-0.011460008099675179,0.03518400341272354,1.1200000047683716,0.12247265875339508,0.08813333511352539,0.10049999505281448,0.10049999505281448,,0,0.1318199783563614,0.1373629767332079,0,0,"Jake Eder",27590,671109
"Christian Koss","SFG",-0.000019999999494757503,-0.00019999999494757503,0.00018000000272877514,-2.0439999103546143,-0.21680107712745667,0,0,0,,0,0,,0,0,"Christian Koss",27653,683766
"Jack Kochanowicz","LAA",0.35522615909576416,-3.989758014678955,4.34498405456543,-0.7010002136230469,-0.10455691069364548,1.0413198471069336,0.9732483625411987,0.875,1.2477400302886963,10,0.3735085725784302,-0.032377881482243076,0,0,"Jack Kochanowicz",27688,686799
"Joey Wiemer","WSN",0.00020003318786621094,-0.00017202855087816715,0.0003720617387443781,-3.927000045776367,-0.37792617082595825,0,0,0,,0,0,,0,0,"Joey Wiemer",27690,686894
"Mitch Spence","KCR",-0.004184022080153227,-0.007444009650498629,0.0032599878031760454,-4.052000045776367,-0.4234064817428589,0.011219047009944916,0.016899999231100082,0.03759999945759773,,0,-0.4727816879749298,0.09984251796838839,0,0,"Mitch Spence",27707,687765
"Nick Davila","SEA",0.23236201703548431,-0.0515960156917572,0.2839580476284027,3.564000129699707,0.3740246295928955,0.4115533232688904,0.5148666501045227,0.5594285726547241,0.7624800205230713,5,0.28921079635620117,0.27538679986748293,2,0,"Nick Davila",27741,689546
"Dax Fulton","MIA",0.004631992895156145,-0.19194801151752472,0.19658000767230988,1.067000150680542,0.10712851583957672,0.6320000290870667,0.5842133164405823,1.2383999824523926,,0,0.02119717001914978,-0.01386806767425412,0,0,"Dax Fulton",27757,690978
"Kyle Harrison","MIL",1.0072661638259888,-2.397199869155884,3.404466152191162,12.660900115966797,1.3068472146987915,0.953687846660614,0.8652250170707703,0.8622222542762756,1.0010888576507568,9,1.120618224143982,-0.06443808369972448,0,0,"Kyle Harrison",27758,690986
"Eury Pérez","MIA",-0.8918578028678894,-5.533689975738525,4.641831874847412,-6.317399978637695,-0.6515368819236755,1.0497212409973145,0.9553258419036865,0.8748000264167786,1.0418000221252441,11,-0.5816850662231445,-0.26792887701816503,0,0,"Eury Perez",27768,691587
"Bryce Elder","ATL",1.1467301845550537,-4.152657985687256,5.2993879318237305,15.146299362182617,1.54617178440094,1.0318100452423096,0.9969771504402161,0.8700000047683716,1.412781834602356,11,1.719642996788025,-0.6082657720336793,0,0,"Bryce Elder",27779,693821
"Brandon Young","BAL",0.016384052112698555,-2.1378519535064697,2.154236078262329,-5.559300422668457,-0.5886270403862,0.7938742637634277,0.8016947507858276,0.8722285628318787,1.049057126045227,7,-0.19254036247730255,0.21317845702268884,0,0,"Brandon Young",27819,687064
"Coleman Crow","MIL",0.26091206073760986,-0.5010359883308411,0.7619480490684509,2.5840001106262207,0.260807603597641,0.999590277671814,1.0989999771118164,0.8949999809265137,2.0360000133514404,2,0.32498544454574585,-0.06396643849327538,0,0,"Coleman Crow",27926,689441
"Luke Little","CHC",0.00009999999747378752,-0.00003599999763537198,0.00013599998783320189,-0.48000001907348633,-0.04790419340133667,0,0,0,,0,0,,0,0,"Luke Little",28036,681432
"Brandan Bidois","PIT",0.009893546812236309,-0.21337775886058807,0.22327131032943726,2.309999942779541,0.23168012499809265,0.35569167137145996,0.45072221755981445,0.512719988822937,0.9236666560173035,3,-0.029442498460412025,0.0572574505904105,0,0,"Brandan Bidois",28052,684049
"Javier Sanoja","MIA",0.00017400001524947584,-0.00010000002657761797,0.0002740000491030514,0.5139999985694885,0.05168426036834717,0,0,0,,0,0,,0,0,"Javier Sanoja",28253,691594
"Wilber Dotel","PIT",0.23618000745773315,-0.13468800485134125,0.3708680272102356,1.0830000638961792,0.10461293160915375,0.6166322827339172,0.696399986743927,0.5271000266075134,0.6250666975975037,3,0.24283552169799805,0.14018044109039052,1,0,"Wilber Dotel",28901,696062
"Jedixson Paez","CHW",-0.0028240177780389786,-0.012752034701406956,0.009928016923367977,-4.121999740600586,-0.41871777176856995,0.038075000047683716,0.05511999875307083,0.1154666617512703,0.009999999776482582,2,-0.1625952571630478,0.0884253878392846,0,0,"Jedixson Paez",29114,699151
"Kendry Rojas","MIN",0.5724940001964569,-0.8816980570554733,1.4541920125484467,5.254400014877319,0.5353775322437286,1.176123755318778,0.8930399934450786,0.7678399801254272,0.9684000015258789,4,0.19613517820835114,0.2906282236934219,2,0,"Kendry Rojas",29423,696070
"Joe Boyle","TBR",-0.5324119925498962,-1.43858802318573,0.906175971031189,-4.660599708557129,-0.47221824526786804,1.0105633735656738,0.8776705861091614,0.8833333253860474,0.9653333425521851,3,0.06461487710475922,-0.5914615910038913,0,0,"Joe Boyle",29608,671212
"Kyle Backhus","PHI",0.08339804410934448,-0.2890559732913971,0.3724540024995804,0.5069999098777771,0.03625568002462387,0.5200536658124226,0.39756924372452956,0.4718000054359436,0.4271714346749442,7,-0.0449569271877408,0.20532123108907163,1,0,"Kyle Backhus",29615,679775
"Robert Gasser","MIL",-0.4011179208755493,-0.9988179206848145,0.5976999998092651,-3.0416998863220215,-0.3134661316871643,0.9268195033073425,0.8814666867256165,0.8700000047683716,1.2075999975204468,2,-0.23418407142162323,-0.1986056135646827,0,0,"Robert Gasser",29812,688107
"Bryce Miller","SEA",0.39358407258987427,-0.6838539838790894,1.0774381160736084,3.3431999683380127,0.3684613108634949,1.3311045169830322,1.1417499780654907,0.8956999778747559,2.7146999835968018,2,0.3289920389652252,-0.033309718329774085,0,0,"Bryce Miller",29837,682243
"Emmet Sheehan","LAD",-0.23086987435817719,-3.218222141265869,2.987352132797241,-0.5368000268936157,-0.09124159067869186,0.8589190244674683,0.8441874980926514,0.8788889050483704,1.1521999835968018,9,-0.2736525535583496,0.004861354642576365,0,0,"Emmet Sheehan",29839,686218
"Chayce McDermott","LAD",0.00021600000036414713,0,0.00021600000036414713,0.5090000033378601,0.05157041549682617,0.0024999999441206455,0.009999999776482582,0.009999999776482582,,0,0.019999999552965164,0.06640000252388423,0,0,"Chayce McDermott",29866,694646
"Bubba Chandler","PIT",-0.5506578683853149,-3.847869873046875,3.2972121238708496,-6.40749979019165,-0.662580668926239,0.9403111338615417,0.8616408109664917,0.885860025882721,0.8823800086975098,10,-0.3744426369667053,-0.2111697721132002,0,0,"Bubba Chandler",29868,696149
"Michael McGreevy","STL",1.1953519582748413,-2.9010839462280273,4.096436023712158,12.611499786376953,1.321469783782959,0.9718712568283081,0.9605551958084106,0.8700000047683716,1.0638999938964844,10,0.9840505719184875,0.24589830235510735,0,0,"Michael McGreevy",29869,700241
"Sean Burke","CHW",-0.12639403343200684,-4.034518003463745,3.9081239700317383,-1.62030029296875,-0.16240936517715454,1.0207708194851874,0.9540964514017105,0.8707200050354004,1.4885800361633301,10,0.07995110750198364,-0.20377325349137626,2,0,"Sean Burke",29878,680732
"Andrew Abbott","CIN",0.5565361380577087,-3.7275278568267822,4.284063816070557,3.291799306869507,0.34320521354675293,0.963969886302948,0.8923770189285278,0.8748000264167786,1.3530727624893188,11,0.27141207456588745,0.3059256057553892,0,0,"Andrew Abbott",29911,671096
"Andrew Alvarez","WSN",0.42306017875671387,-0.6021299362182617,1.0251901149749756,3.126000165939331,0.3187425136566162,0.9851592183113098,0.9603521823883057,1.2903000116348267,2.6205999851226807,2,0.21588821709156036,0.21354508758978208,3,0,"Andrew Alvarez",29914,674841
"Spencer Arrighetti","HOU",1.1544922590255737,-2.4777560234069824,3.6322481632232666,11.876500129699707,1.2255696058273315,1.1300139427185059,0.9447714686393738,0.8828571438789368,1.2558000087738037,7,0.7617312073707581,0.25993075216947537,0,0,"Spencer Arrighetti",29921,681293
"Riley Martin","CHC",0.37312809005379677,-0.20837198197841644,0.5815000869333744,2.284999966621399,0.23537645488977432,0.941122539581791,0.6111333237753974,0.8440750017762184,0.8716333309809366,6,0.204840287566185,0.19163102659403541,1,0,"Riley Martin",29934,702303
"Cade Povich","BAL",-0.2970758341252804,-1.1027760151773691,0.8057001829147339,-1.5687999725341797,-0.16193683445453644,0.5528975579796768,0.5802299968898297,0.6869000047445297,0.38709998363628983,4,-0.1366082727909088,-0.40069891881763176,0,0,"Cade Povich",30055,700249
"Landen Roupp","SFG",0.8022181391716003,-3.422746181488037,4.224964141845703,6.379500389099121,0.6541092395782471,1.0037683248519897,0.9536813497543335,0.8700000047683716,1.2826000452041626,10,0.9559382200241089,-0.15673175045366183,0,0,"Landen Roupp",30076,694738
"Jack Anderson","BOS",0.043200042098760605,-0.09376198798418045,0.13696202635765076,1.4559998512268066,0.1439666599035263,0.227462500333786,0.24142777919769287,0.4368666708469391,0.11080000549554825,2,0.030980270355939865,0.15894133006332675,0,0,"Jack Anderson",30086,681252
"Andrew Painter","PHI",-0.21159006655216217,-4.175379738211632,3.963789641857147,-1.7117000818252563,-0.19097226858139038,1.0524918394045786,0.9514150799445387,0.870360004901886,1.1393999576568603,10,-0.07239674031734467,-0.12864051111812874,1,0,"Andrew Painter",30091,691725
"Christian Scott","NYM",0.13915398716926575,-1.9121620655059814,2.051316022872925,2.5078999996185303,0.21637122333049774,1.0118136405944824,0.8911481499671936,0.8700000047683716,1.3599333763122559,6,0.0889836773276329,0.04854558852364285,0,0,"Christian Scott",30107,681035
"Gavin Williams","CLE",1.058382272720337,-4.671165943145752,5.72954797744751,7.776400566101074,0.7970097064971924,1.0093222856521606,0.9780535101890564,0.8536363840103149,1.1944000720977783,11,0.26325538754463196,0.7853514724896502,0,0,"Gavin Williams",30122,668909
"Tanner Bibee","CLE",0.315574049949646,-4.141203880310059,4.456778049468994,5.355299949645996,0.570550799369812,0.9740542769432068,0.9087213277816772,0.8756727576255798,1.2102909088134766,11,0.4363313317298889,-0.11235138788118915,0,0,"Tanner Bibee",30134,676440
"Doug Nikhazy","CHW",0.0027220002375543118,-0.007336000446230173,0.010058000683784485,0.05199998617172241,0.0051510632038116455,0.060890909284353256,0.03959999978542328,0.044599998742341995,,0,0.0062608662992715836,0.038442033847003065,0,0,"Doug Nikhazy",30142,680951
"Jack Leiter","TEX",-0.477967768907547,-4.472027778625488,3.9940600395202637,-0.7078002691268921,-0.05101791024208069,0.9785893559455872,0.8899178504943848,0.8803399801254272,0.7109000086784363,10,-0.4346635937690735,-0.05376167470903942,0,0,"Jack Leiter",30146,683004
"Carlos Rodriguez","MIL",0.018414050340652466,-0.06615803390741348,0.08457207679748535,2.0199999809265137,0.20572954416275024,0.15276800096035004,0.16406667232513428,0.15119999647140503,,0,-0.04720792919397354,0.16774397224550053,0,0,"Carlos Rodriguez",30161,692230
"Chase Petty","CIN",-0.13248798251152039,-0.9206459522247314,0.7881579399108887,-1.556999683380127,-0.15203385055065155,0.9911466836929321,0.9640499949455261,0.8700000047683716,1.3542001247406006,2,0.0945010706782341,-0.2281724885332391,0,0,"Chase Petty",30170,695534
"Mason Black","KCR",0.026002023369073868,-0.012630008161067963,0.03863203153014183,2.5830001831054688,0.26099899411201477,0.09291817992925644,0.08591999858617783,0.10490000247955322,0.01759999990463257,1,0.11953584849834442,0.16030199796905942,0,0,"Mason Black",30171,696131
"Will Warren","NYY",0.11629807949066162,-3.0531060695648193,3.1694040298461914,-0.811299741268158,-0.08449356257915497,0.8183867335319519,0.7885017991065979,0.8709999918937683,1.1749199628829956,10,0.18091662228107452,-0.03881011599797743,0,0,"Will Warren",30182,701542
"Noah Cameron","KCR",-0.39299577474594116,-3.7226500511169434,3.3296542167663574,-3.7335007190704346,-0.3888157308101654,0.9198641777038574,0.869054913520813,0.8755555748939514,1.4303332567214966,9,-0.47081121802330017,0.04357882407691599,0,0,"Noah Cameron",30184,702070
"Franco Aleman","CLE",0.0036999844014644623,-0.18215203285217285,0.1858520209789276,0.22899997234344482,0.024004191160202026,0.9041091203689575,0.8261333107948303,1.003999948501587,1.3395999670028687,2,0.01767628639936447,-0.013583877288443727,0,0,"Franco Aleman",30195,680916
"Carter Baumler","TEX",0.023704027757048607,-0.07482794672250748,0.09853197634220123,0.4959999620914459,0.051583174616098404,0.19023703038692474,0.17286667227745056,0.20899999141693115,0.25466665625572205,3,-0.2253756821155548,0.3499782776714084,0,0,"Carter Baumler",30231,691945
"Hunter Dobbins","STL",0.07773399353027344,-0.22799399495124817,0.3057279884815216,0.6790000200271606,0.06746149063110352,0.9881684184074402,0.8099600076675415,0.8384000062942505,1.8567999601364136,1,0.08062855154275894,-0.0019638299403910847,0,0,"Hunter Dobbins",30240,690928
"Bryan Woo","SEA",-0.058675896376371384,-4.630335807800293,4.571660041809082,0.2909000515937805,0.0546366423368454,1.0017019510269165,0.9270374774932861,0.8781818151473999,0.7801636457443237,11,0.696337103843689,-0.7549133063919804,0,0,"Bryan Woo",30279,693433
"Didier Fuentes","ATL",0.6810759454965591,-0.9915627539157867,1.672638714313507,4.799000024795532,0.46486636996269226,1.0235609950088873,0.8841666579246521,1.1359833429257076,1.1482666333516438,9,0.40018999576568604,0.2652084991140896,5,0,"Didier Fuentes",30661,800311
"Eduardo Rivera","BOS",0.031251996755599976,-0.008464000187814236,0.039715997874736786,1.7330000400543213,0.16841593384742737,0.13556000590324402,0.15042667090892792,0.15160000324249268,,0,0.23208190500736237,-0.0015419566843584975,0,0,"Eduardo Rivera",31280,700842
"Logan Henderson","MIL",0.24642008543014526,-1.4334359169006348,1.6798560619354248,4.530900001525879,0.46955105662345886,0.9532462954521179,0.8757739067077637,0.8700000047683716,1.032960057258606,5,0.24233222007751465,0.016173988240105908,0,0,"Logan Henderson",31475,701656
"Victor Mederos","ATL",0.002455999841913581,-0.0009780001128092408,0.0034340000711381435,1.027999997138977,0.10336852818727493,0.02253333292901516,0.031300000846385956,0.04259999841451645,,0,0.05461549013853073,0.05437858764172966,0,0,"Victor Mederos",31533,682989
"Paul Gervase","LAD",0.011456074193120003,-0.011243966408073902,0.02270003966987133,1.4799998998641968,0.15289343893527985,0.053436364978551865,0.058720000088214874,0.07339999824762344,0.04879999905824661,1,0.11708094924688339,0.0973062793327217,0,0,"Paul Gervase",31571,801434
"Zach Maxwell","CIN",-0.03999199718236923,-0.06908795982599258,0.02909596636891365,-3.056999921798706,-0.3046337962150574,0.29032501578330994,0.2826666533946991,0.38519999384880066,0.019999999552965164,1,-0.2571012079715729,0.1193521508520235,0,0,"Zach Maxwell",31610,687209
"William Kempner","MIA",0.053770020604133606,0,0.053770020604133606,0.5170000195503235,0.05182957276701927,0.7023333311080933,0.9210000038146973,0.9210000038146973,2.3380000591278076,1,0.0766899362206459,-0.000130817889612167,0,0,"William Kempner",31615,687531
"Jacob Misiorowski","MIL",1.4684559106826782,-2.508064031600952,3.97652006149292,16.183500289916992,1.6635128259658813,0.9445289373397827,0.9329152703285217,0.8802800178527832,1.3086999654769897,10,1.6483192443847656,-0.0936226621725691,0,0,"Jacob Misiorowski",31623,694819
"Shane Smith","CHW",-0.5465120077133179,-1.2062081098556519,0.6596960425376892,-8.219200134277344,-0.8287332653999329,1.051151990890503,0.7874667048454285,0.8869333267211914,0.8672000169754028,3,-0.6328769326210022,0.11295972516717812,0,0,"Shane Smith",31687,681343
"Blade Tidwell","SFG",0.12904809415340424,-0.07858200371265411,0.20763008296489716,1.936000108718872,0.20307406783103943,0.1867399960756302,0.23110000789165497,0.2783749997615814,0.10449999570846558,2,0.18548622727394104,0.5055713761606195,0,0,"Blade Tidwell",31701,694918
"Mason Barnett","ATH",-0.015529998578131199,-0.027555998414754868,0.012026000767946243,0.04300001263618469,0.004259537905454636,0.14346666634082794,0.14740000665187836,0.09920000284910202,0.47839999198913574,1,0.02933787927031517,-0.13758601086931121,0,0,"Mason Barnett",31741,686930
"JR Ritchie","ATL",-0.0139339379966259,-2.09904408454895,2.0851099491119385,-2.1266000270843506,-0.22031056880950928,1.099106788635254,0.9723286032676697,0.8824400305747986,1.2728400230407715,5,-0.15168488025665283,0.1390073696264733,0,0,"JR Ritchie",31760,702275
"Troy Melton","DET",0.1791580319404602,-0.250247985124588,0.4294060170650482,1.6630001068115234,0.17514482140541077,1.0846260786056519,1.0125999450683594,0.9100000262260437,0.8396000266075134,1,0.19796821475028992,-0.032788679171744745,0,0,"Troy Melton",31807,675512
"Elmer Rodríguez","NYY",-0.1492600440979004,-1.2604520320892334,1.1111921072006226,-1.5243000984191895,-0.15733326971530914,1.2429790496826172,1.004266619682312,0.8700000047683716,2.1480000019073486,3,-0.016491800546646118,-0.10359070940073595,0,0,"Elmer Rodriguez",31811,695684
"Zebby Matthews","MIN",0.22272399067878723,-0.3338179290294647,0.556541919708252,4.5457000732421875,0.4639238119125366,0.5708667039871216,0.5936307907104492,0.8700000047683716,0.37300002574920654,2,0.49949073791503906,-0.10934013161201012,0,0,"Zebby Matthews",31827,805673
"Kodai Senga","NYM",-1.1210858821868896,-2.581984043121338,1.4608980417251587,-10.92710018157959,-1.1629630327224731,1.062672734260559,0.8773090839385986,0.8700000047683716,0.5653200149536133,5,-0.666642963886261,-0.3883251801557297,0,0,"Kodai Senga",31838,673540
"Kumar Rocker","TEX",0.1005820594727993,-3.081813760101795,3.182395860552788,4.591700166463852,0.398613054305315,0.8843541843135182,0.7756565420523934,0.8479555580351088,0.8956889046563042,9,0.01208561658859253,0.10164942448081377,1,0,"Kumar Rocker",31843,677958
"Connor Prielipp","MIN",-0.36470797657966614,-2.1550002098083496,1.7902920246124268,-3.4683997631073,-0.3422171473503113,0.8487855792045593,0.8269034624099731,0.8700000047683716,0.6874333620071411,6,-0.27508798241615295,-0.1545941251915809,0,0,"Connor Prielipp",31857,687570
"Cade Horton","CHC",0.14156000316143036,-0.20593401789665222,0.3474940359592438,0.9986000061035156,0.10452817380428314,0.6328923106193542,0.6908444762229919,0.8700000047683716,0.7921000123023987,2,0.1995217204093933,0.02414982810870836,0,0,"Cade Horton",31872,690990
"Logan VanWey","HOU",0.0016760266153141856,-0.00009999999747378752,0.0017760266782715917,1.1039999723434448,0.1055954098701477,0.008485713973641396,0.014699999243021011,0.014699999243021011,,0,0.08750300854444504,0.11000855271254698,0,0,"Logan VanWey",31884,701121
"Duncan Davitt","CHW",0.015450000762939453,-0.009399980306625366,0.02484998106956482,0.527999997138977,0.05214815214276314,0.2549999952316284,0.25,0.25,,0,0.04546527564525604,0.015122963773750595,0,0,"Duncan Davitt",31886,701474
"Robby Snelling","MIA",-0.032713983207941055,-0.5051279664039612,0.47241395711898804,-0.4296000599861145,-0.04319759085774422,0.9593272805213928,0.8836399912834167,0.8700000047683716,0.980400025844574,1,-0.19232748448848724,0.15822652241623067,0,0,"Robby Snelling",31893,702281
"Jake Bennett","BOS",0.15862394869327545,-0.6595159769058228,0.818139910697937,1.3697999715805054,0.13302570581436157,1.0222045183181763,1.03403639793396,0.8700000047683716,1.5038000345230103,2,0.056846220046281815,0.09833206947474082,0,0,"Jake Bennett",31959,687562
"Parker Messick","CLE",1.5935782194137573,-3.2753422260284424,4.86892032623291,15.054200172424316,1.55548095703125,0.9995207786560059,0.9869791269302368,0.8745454549789429,1.2772363424301147,11,1.5899507999420166,0.004391462313445338,0,0,"Parker Messick",31986,800048
"Noah Schultz","CHW",-0.8176478743553162,-3.161345958709717,2.343698024749756,-5.208899974822998,-0.5429061651229858,0.8348536491394043,0.7303237915039062,0.8830249905586243,0.8566750288009644,8,-0.4047061800956726,-0.5746844893925371,0,0,"Noah Schultz",32056,702273
"Cam Schlittler","NYY",1.765097975730896,-3.0644538402557373,4.829551696777344,16.773099899291992,1.7682262659072876,0.984541654586792,0.9946057200431824,0.8851273059844971,1.5758181810379028,11,2.004410743713379,-0.21159886266432348,0,0,"Cam Schlittler",32095,693645
"Jonah Tong","NYM",0.12474800646305084,-0.028511976823210716,0.1532599776983261,1.5420000553131104,0.1550527811050415,0.6087555289268494,0.7154666781425476,0.840399980545044,,0,0.1956058293581009,0.00931716605676472,1,0,"Jonah Tong",32157,804636
"Luis Morales","ATH",-0.5013679713010788,-1.0504598058760166,0.5490918923169374,-9.21939992904663,-0.9265471994876862,0.6316982495941614,0.5621272718364542,0.6275333364804586,0.8802000284194946,2,-1.070475846529007,0.27679314814700917,0,0,"Luis Morales",32227,806960
"Brendan Beck","NYY",0.0015039965510368347,-0.24963600933551788,0.2511399984359741,0.07899995893239975,0.008254961110651493,1.0170769691467285,1.0680999755859375,0.9700000286102295,1.9467999935150146,1,-0.091954305768013,0.0934330498519525,0,0,"Brendan Beck",33043,694341
"Ben Williamson","TBR",-0.00009999999747378752,-0.00011200000153621659,0.000012000002243439667,-0.49300000071525574,-0.0501016266644001,0,0,0,,0,0,,0,0,"Ben Williamson",33197,810938
"Seth Halvorsen","COL",0.26527997851371765,-0.2583920359611511,0.5236719846725464,1.3299999237060547,0.1131763905286789,0.5457583069801331,0.5031999945640564,0.529699981212616,0.6305750012397766,8,-0.08121489733457565,0.5672908308033713,2,0,"Seth Halvorsen",33294,678020
"George Klassen","LAA",-0.44604790210723877,-0.8743200302124023,0.4282721281051636,-5.37529993057251,-0.5206246972084045,1.1576443910598755,0.711066722869873,0.8700000047683716,1.222599983215332,2,-0.47481024265289307,0.08950374823031665,0,0,"George Klassen",33464,691946
"Mitch Farris","LAA",0.23269598186016083,-0.39588794112205505,0.6285839080810547,0.9409998655319214,0.09303515404462814,0.4020649492740631,0.44336578249931335,0.345425009727478,0.6045600175857544,5,0.3390883505344391,0.23966386917607885,2,0,"Mitch Farris",33628,815083
"Connelly Early","BOS",0.7721080780029297,-3.454655885696411,4.22676420211792,8.2322998046875,0.8269970417022705,0.9838934540748596,0.955463171005249,0.8700000047683716,1.0293200016021729,10,0.4232616126537323,0.36148603944741053,0,0,"Connelly Early",33666,813349
"Paul Skenes","PIT",1.1876401901245117,-3.0147039890289307,4.202343940734863,8.988300323486328,0.8600027561187744,0.9257957339286804,0.9925809502601624,0.8762545585632324,0.9351636171340942,11,1.4561057090759277,-0.17327392815523202,0,0,"Paul Skenes",33677,694973
"Nolan McLean","NYM",0.0029481174424290657,-4.096375942230225,4.0993242263793945,0.40590018033981323,0.05451076477766037,0.9672266840934753,0.9394262433052063,0.8751199841499329,1.6528600454330444,10,0.7706266045570374,-0.7675785936916297,0,0,"Nolan McLean",33703,690997
"Philip Abner","ARI",0.009759992361068726,-0.0015600264305248857,0.011320019140839577,1.5670000314712524,0.1619638204574585,0.04650000110268593,0.04662500321865082,0.09800000488758087,0.049000002443790436,1,0.11299902200698853,0.09689328185588106,0,0,"Philip Abner",33821,691769
"Yoshinobu Yamamoto","LAD",0.3321002423763275,-3.8336620330810547,4.165762424468994,7.866299629211426,0.823329508304596,0.9150688052177429,0.8968454599380493,0.8751599788665771,1.377060055732727,10,0.8889951109886169,-0.5260713171900693,0,0,"Yoshinobu Yamamoto",33825,808967
"Yuki Matsui","SDP",0.04512403532862663,-0.14515602588653564,0.19028006494045258,2.1679999828338623,0.2230573445558548,0.30395713448524475,0.26045000553131104,0.4646399915218353,0.19569998979568481,4,0.27921947836875916,-0.13076421869852717,0,0,"Yuki Matsui",33826,673513
"Shota Imanaga","CHC",0.7488101720809937,-3.6423518657684326,4.391161918640137,3.5868008136749268,0.361125111579895,0.8783044815063477,0.9271420240402222,0.8700000047683716,0.9555818438529968,11,0.8583716750144958,-0.0058083694092040394,0,0,"Shota Imanaga",33829,684007
"Rhett Lowder","CIN",0.004417918622493744,-2.599666118621826,2.604084014892578,-0.7009000182151794,-0.06722241640090942,0.9102227687835693,0.8375707268714905,0.8849999904632568,0.9943999648094177,8,0.21902135014533997,-0.21416768269819636,0,0,"Rhett Lowder",33876,695076
"Zach Thornton","NYM",-0.225832000374794,-0.40154004096984863,0.17570802569389343,-2.1700000762939453,-0.22188138961791992,0.6556400060653687,0.654960036277771,0.8700000047683716,0.8012000322341919,1,-0.026415999978780746,-0.31802911972960707,0,0,"Zach Thornton",33891,804267
"Jonathan Pintaro","NYM",0.00300799123942852,0,0.00300799123942852,0.5139999985694885,0.051684264093637466,0.039266664534807205,0.05260000005364418,0.05260000005364418,,0,0.07899118959903717,-0.0023869942831314245,0,0,"Jonathan Pintaro",33980,702752
"Tomoyuki Sugano","COL",0.4780880808830261,-3.094680070877075,3.572767972946167,7.22189998626709,0.6627616286277771,0.8462224006652832,0.8677250146865845,0.8679599761962891,0.9475399851799011,10,-0.017616132274270058,0.5825835456955678,0,0,"Tomoyuki Sugano",35321,608372
"Roki Sasaki","LAD",-0.8347837924957275,-4.008212089538574,3.1734282970428467,-4.894599914550781,-0.5003072619438171,0.9230428338050842,0.8310816287994385,0.8700000047683716,1.10224449634552,9,-0.6064770817756653,-0.2979054256476099,0,0,"Roki Sasaki",35323,808963
"Ryan Johnson","LAA",-0.36729395389556885,-0.5002539940178394,0.1329600252211094,-10.900000095367432,-1.122987985610962,0.3445624941959977,0.24457777871025932,0.2867499999701977,0.06073333447178205,3,-0.9507343471050262,-0.11523760307084174,0,0,"Ryan Johnson",35325,696270
"Chase Burns","CIN",1.9906139373779297,-2.665152072906494,4.655766010284424,18.576000213623047,1.8181697130203247,0.9480109810829163,0.9829064607620239,0.8740000128746033,1.2143399715423584,10,1.3154003620147705,0.7843790467680734,0,0,"Chase Burns",35333,695505
"Trey Yesavage","TOR",1.0147680044174194,-1.3528759479522705,2.3676440715789795,9.572199821472168,0.9936288595199585,1.13701331615448,1.013753890991211,0.8700000047683716,1.148959994316101,5,0.7647570967674255,0.12772849684856713,0,0,"Trey Yesavage",35456,702056
"Payton Tolle","BOS",0.5191318988800049,-2.1446099281311035,2.6637420654296875,5.722599983215332,0.57394939661026,1.0155408382415771,0.9722756743431091,0.8700000047683716,1.457900047302246,6,1.0442776679992676,-0.533090053152691,0,0,"Payton Tolle",35466,801139
"Tatsuya Imai","HOU",-0.9382839798927307,-1.942613959312439,1.0043299198150635,-8.852700233459473,-0.9683344960212708,0.8995393514633179,0.7413263320922852,0.878000020980835,0.5780400037765503,5,-0.42569664120674133,-0.6173749913642912,0,0,"Tatsuya Imai",37124,837227